city,pearson_r,pearson_p,spearman_rho,spearman_p,n
Cần Thơ,-0.3769,3.356481554453974e-157,-0.4448,3.338988081018979e-225,4659
Huế,-0.1787,1.1188503252336336e-34,-0.153,9.319959271153636e-26,4653
Hà Nội,-0.0427,0.006256154377728136,-0.0973,4.548633590958753e-10,4092
Hải Phòng,-0.2279,6.829604959290348e-56,-0.2262,4.329027533329695e-55,4654
Hồ Chí Minh,-0.2845,8.264888573385414e-77,-0.3482,1.3923922254679095e-116,4079
Nha Trang,-0.098,2.0307629772772407e-11,-0.1807,1.7866137799039216e-35,4655
Vinh,-0.1619,1.0562557723135859e-28,-0.2135,3.6918094182703354e-49,4656
__ALL__,-0.1059,3.83485797791471e-89,-0.1501,4.85589826716891e-178,35537
Đà Nẵng,-0.2443,1.1960714808667994e-56,-0.2419,1.595564296079041e-55,4089
