city,pearson_r,pearson_p,spearman_rho,spearman_p,n
Cần Thơ,-0.368,2.3376929360800895e-152,-0.4315,7.866189468075603e-215,4752
Huế,-0.1718,9.051841900024125e-33,-0.1433,3.37305490439916e-23,4747
Hà Nội,-0.0304,0.048962093423280256,-0.0732,2.1593964947607353e-06,4184
Hải Phòng,-0.2128,9.361754777434685e-50,-0.2044,6.198601024807184e-46,4747
Hồ Chí Minh,-0.2703,9.869609494828741e-71,-0.3281,2.9837098022192723e-105,4171
Nha Trang,-0.1,5.093325024910815e-12,-0.178,4.113429663720329e-35,4748
Vinh,-0.1559,3.249061169080813e-27,-0.2008,2.0849940925667424e-44,4750
__ALL__,-0.099,1.0414483813204044e-79,-0.139,6.449945883923198e-156,36279
Đà Nẵng,-0.2373,1.3260826184283495e-54,-0.2336,6.579112430160293e-53,4180
