city,pearson_r,pearson_p,spearman_rho,spearman_p,n
Cần Thơ,0.0555,0.00015683921341730348,0.0656,8.003525747713468e-06,4627
Huế,0.1108,4.1944902987953453e-14,0.0977,2.804813392946707e-11,4621
Hà Nội,-0.1107,1.4851690942956752e-12,-0.1169,7.887953853083568e-14,4060
Hải Phòng,-0.0184,0.2105128883599946,-0.0117,0.4255546194027119,4622
Hồ Chí Minh,-0.1353,5.546922446439427e-18,-0.0959,9.941166289278093e-10,4047
Nha Trang,-0.0283,0.054706158375978094,0.1244,2.0376289068935374e-17,4623
Vinh,-0.0085,0.5613002357497706,0.0076,0.6061455538167844,4624
__ALL__,-0.0408,1.7296734982472076e-14,0.0083,0.11921219030632134,35281
Đà Nẵng,0.1293,1.3699954163215261e-16,0.0987,2.96202619060949e-10,4057
