city,pearson_r,pearson_p,spearman_rho,spearman_p,n
Cần Thơ,-0.3658,7.097574242621306e-152,-0.4307,4.224534038736073e-216,4800
Huế,-0.1693,3.661317411778141e-32,-0.1401,1.881826271965732e-22,4795
Hà Nội,-0.0304,0.047626477514681034,-0.0737,1.6054722204481566e-06,4232
Hải Phòng,-0.2104,4.093507369510679e-49,-0.2016,3.8915876402536255e-45,4795
Hồ Chí Minh,-0.2658,3.510623014311679e-69,-0.3209,1.1909190169721044e-101,4219
Nha Trang,-0.0997,4.477107686464507e-12,-0.1732,1.3162752021805274e-33,4796
Vinh,-0.1627,8.200946711070678e-30,-0.2048,1.396586662794697e-46,4798
__ALL__,-0.0995,2.634117667888338e-81,-0.1393,2.806705249623506e-158,36663
Đà Nẵng,-0.237,4.4556691356888124e-55,-0.2344,6.977784144456484e-54,4228
