city,pearson_r,pearson_p,spearman_rho,spearman_p,n
Cần Thơ,-0.3663,1.3334190786538146e-151,-0.4308,3.9141471046480034e-215,4776
Huế,-0.1707,1.637802744904081e-32,-0.1419,7.084453571898557e-23,4771
Hà Nội,-0.0302,0.050373566474205614,-0.0722,2.7171244723613528e-06,4208
Hải Phòng,-0.2106,5.552110983347415e-49,-0.2013,8.485333428827755e-45,4771
Hồ Chí Minh,-0.2685,3.3867848846020574e-70,-0.325,8.152032397356961e-104,4195
Nha Trang,-0.0995,5.5066147866834144e-12,-0.1748,4.703473393093827e-34,4772
Vinh,-0.1547,5.841612863541782e-27,-0.1989,8.968731988636917e-44,4774
__ALL__,-0.0987,1.121468651138333e-79,-0.1384,1.6571390760648464e-155,36471
Đà Nẵng,-0.2367,1.2379780780746896e-54,-0.2333,4.474578361205694e-53,4204
