city,pearson_r,pearson_p,spearman_rho,spearman_p,n
Cần Thơ,-0.3681,2.9088358547553184e-152,-0.431,5.029372636497193e-214,4747
Huế,-0.1718,9.44054123627694e-33,-0.1433,3.5278134879133574e-23,4742
Hà Nội,-0.0314,0.04255055771878324,-0.0754,1.0504447993074695e-06,4179
Hải Phòng,-0.214,3.081963484518435e-50,-0.2059,1.4445086414117824e-46,4742
Hồ Chí Minh,-0.2706,7.89932636805173e-71,-0.3285,1.984888643392643e-105,4166
Nha Trang,-0.1,5.168772178629117e-12,-0.1782,3.9958740454311275e-35,4743
Vinh,-0.1561,2.832096617455179e-27,-0.2013,1.4812672687595735e-44,4745
__ALL__,-0.0991,8.05468381191867e-80,-0.1391,6.208770394692032e-156,36239
Đà Nẵng,-0.2371,1.8420776175162845e-54,-0.2333,1.0008203642634484e-52,4175
