city,pearson_r,pearson_p,spearman_rho,spearman_p,n
Cần Thơ,-0.3646,5.9309563065196764e-151,-0.4297,3.477752991589304e-215,4804
Huế,-0.169,4.6042518248974987e-32,-0.1397,2.3630112361506076e-22,4799
Hà Nội,-0.0311,0.042923760154913775,-0.0753,9.248518815545596e-07,4236
Hải Phòng,-0.2114,1.2238561706736751e-49,-0.2028,1.039644580827447e-45,4799
Hồ Chí Minh,-0.2647,1.2002872218621006e-68,-0.3189,1.8955539166824198e-100,4223
Nha Trang,-0.1,3.790293009415627e-12,-0.1738,7.392757988611453e-34,4800
Vinh,-0.1643,2.1566829273833735e-30,-0.206,3.57253931983868e-47,4802
__ALL__,-0.0996,1.343866487592402e-81,-0.1394,1.235951880860254e-158,36695
Đà Nẵng,-0.2371,3.7063372884728636e-55,-0.2345,5.557856027933525e-54,4232
