city,pearson_r,pearson_p,spearman_rho,spearman_p,n
Cần Thơ,-0.3659,6.7002965134137195e-152,-0.4308,5.232465598172391e-216,4797
Huế,-0.1696,3.028640621766589e-32,-0.1405,1.474632017696944e-22,4792
Hà Nội,-0.0301,0.05060924504684856,-0.0726,2.313852013245948e-06,4229
Hải Phòng,-0.2096,1.001104564946722e-48,-0.2006,1.0442249269002585e-44,4792
Hồ Chí Minh,-0.2661,3.0010531395549464e-69,-0.3213,7.30171235271649e-102,4216
Nha Trang,-0.0994,5.199819181334991e-12,-0.1726,2.2467849045448297e-33,4793
Vinh,-0.1622,1.2265137198116288e-29,-0.204,3.076822158833635e-46,4795
__ALL__,-0.0995,3.3665110352343014e-81,-0.1393,4.962616128634962e-158,36639
Đà Nẵng,-0.2375,3.1132601971713004e-55,-0.2349,4.4599096755847035e-54,4225
