city,pearson_r,pearson_p,spearman_rho,spearman_p,n
Cần Thơ,-0.3681,1.9566474252417073e-152,-0.4316,5.143511347288838e-215,4753
Huế,-0.1718,9.289321826647539e-33,-0.1432,3.4899804508771523e-23,4748
Hà Nội,-0.0303,0.04977098241338932,-0.0729,2.3322585508570867e-06,4185
Hải Phòng,-0.2126,1.2325467304937678e-49,-0.204,8.9323966000669e-46,4748
Hồ Chí Minh,-0.2702,1.0382695861826131e-70,-0.3279,3.773476514524503e-105,4172
Nha Trang,-0.0999,5.108967965084424e-12,-0.1779,4.722399646040652e-35,4749
Vinh,-0.1558,3.462076490533234e-27,-0.2006,2.4365131245423834e-44,4751
__ALL__,-0.099,1.1420770871767788e-79,-0.1389,7.809567349636738e-156,36287
Đà Nẵng,-0.2374,1.1812716693490134e-54,-0.2337,5.522361098436826e-53,4181
