city,pearson_r,pearson_p,spearman_rho,spearman_p,n
Cần Thơ,0.0569,0.00011037475959860252,0.0685,3.267940318337135e-06,4609
Huế,0.1123,2.1903035317904125e-14,0.0992,1.5260412356988136e-11,4603
Hà Nội,-0.108,5.912520082944815e-12,-0.1133,4.980039654328798e-13,4042
Hải Phòng,-0.0172,0.24396368820397657,-0.0101,0.49519089405350913,4604
Hồ Chí Minh,-0.1327,2.7408313025661843e-17,-0.0923,4.344597495427025e-09,4029
Nha Trang,-0.0295,0.04502738491508804,0.1236,3.759101981416207e-17,4605
Vinh,-0.0026,0.8623997551489639,0.0156,0.2894955137456662,4606
__ALL__,-0.039,2.4522748427794867e-13,0.011,0.03951479463190049,35137
Đà Nẵng,0.1326,2.6747446780037794e-17,0.1031,5.0812543265149506e-11,4039
