city,pearson_r,pearson_p,spearman_rho,spearman_p,n
Cần Thơ,-0.3692,7.465709069357844e-153,-0.4331,8.324622980180509e-216,4735
Huế,-0.173,4.187562218693612e-33,-0.1449,1.2807390366443115e-23,4730
Hà Nội,-0.0328,0.0345039129573908,-0.0784,4.054846741176382e-07,4167
Hải Phòng,-0.2182,4.6131133794263964e-52,-0.2118,4.2727844929931776e-49,4730
Hồ Chí Minh,-0.2727,9.166677011292507e-72,-0.3329,4.37782160406263e-108,4154
Nha Trang,-0.1,5.492617544052242e-12,-0.1794,1.5800407170628393e-35,4731
Vinh,-0.1567,2.1500659185250133e-27,-0.2029,3.732272909008645e-45,4733
__ALL__,-0.1004,1.547800676383659e-81,-0.1413,1.6091382588496092e-160,36143
Đà Nẵng,-0.2387,5.068440561431617e-55,-0.2352,1.9569985331470138e-53,4163
