city,pearson_r,pearson_p,spearman_rho,spearman_p,n
Cần Thơ,-0.3641,1.3607445009922197e-150,-0.4294,6.956962774240024e-215,4806
Huế,-0.1688,5.078705407056884e-32,-0.1395,2.649849126148303e-22,4801
Hà Nội,-0.0318,0.03840939642633508,-0.0763,6.660348144466576e-07,4238
Hải Phòng,-0.2119,7.280137426914125e-50,-0.2033,5.9819401198133005e-46,4801
Hồ Chí Minh,-0.2643,1.89588394326872e-68,-0.3182,4.959543298324804e-100,4225
Nha Trang,-0.1002,3.4508863830177066e-12,-0.1741,5.288408424133796e-34,4802
Vinh,-0.1651,1.0540952956628018e-30,-0.2066,1.7588993143616383e-47,4804
__ALL__,-0.0998,7.288466206311978e-82,-0.1395,5.349327441852484e-159,36711
Đà Nẵng,-0.2372,3.169839911859016e-55,-0.2347,4.565195643982551e-54,4234
