city,pearson_r,pearson_p,spearman_rho,spearman_p,n
Cần Thơ,-0.3767,6.195993914012159e-156,-0.4448,1.1578387455654453e-223,4626
Huế,-0.189,2.014001368398105e-38,-0.164,3.3030149643032405e-29,4620
Hà Nội,-0.0458,0.0035055431906726425,-0.1025,5.981097980735745e-11,4059
Hải Phòng,-0.2312,3.861337848670759e-57,-0.2315,2.9210911175605776e-57,4621
Hồ Chí Minh,-0.2859,5.521892497549902e-77,-0.3489,3.570828358849408e-116,4046
Nha Trang,-0.0983,2.157560422160426e-11,-0.1852,5.926082657936077e-37,4622
Vinh,-0.1637,3.9167591866303097e-29,-0.2167,3.030200241969874e-50,4623
__ALL__,-0.1089,1.81989840708498e-93,-0.1545,1.9236715745373138e-187,35273
Đà Nẵng,-0.2503,5.27815711089127e-59,-0.249,2.2724925542429733e-58,4056
