city,pearson_r,pearson_p,spearman_rho,spearman_p,n
Cần Thơ,-0.369,1.0830609165010931e-152,-0.4328,1.7007187317753176e-215,4736
Huế,-0.1729,4.5608666289617224e-33,-0.1447,1.4314721083467954e-23,4731
Hà Nội,-0.0326,0.03516498930476102,-0.0781,4.4474578123934764e-07,4168
Hải Phòng,-0.2179,5.9221748732562114e-52,-0.2114,6.161533447154698e-49,4731
Hồ Chí Minh,-0.2727,9.615327212315936e-72,-0.3329,4.691510850742165e-108,4155
Nha Trang,-0.1,5.497320145156293e-12,-0.1793,1.78666438747961e-35,4732
Vinh,-0.1566,2.1857447326398787e-27,-0.2028,3.8345877384405674e-45,4734
__ALL__,-0.1002,2.2915497133772077e-81,-0.1411,4.0288134438732035e-160,36151
Đà Nẵng,-0.2384,6.54677216676001e-55,-0.2349,2.7697348935980252e-53,4164
