city,pearson_r,pearson_p,spearman_rho,spearman_p,n
Cần Thơ,0.0551,0.00014819451272396264,0.0643,9.668152817381502e-06,4730
Huế,0.1066,2.027097126376934e-13,0.0958,4.083004648659615e-11,4725
Hà Nội,-0.1272,1.7912791759744833e-16,-0.1362,1.0692078355992931e-18,4162
Hải Phòng,-0.0296,0.04199883933372779,-0.0261,0.07259312693143141,4725
Hồ Chí Minh,-0.1404,1.054024434392198e-19,-0.1024,3.776975159618775e-11,4149
Nha Trang,-0.0258,0.07648865955602357,0.1293,4.410200295274862e-19,4726
Vinh,-0.014,0.3370424007240606,0.0014,0.9225998714509651,4728
__ALL__,-0.0435,1.3095586075792315e-16,0.005,0.3377390519985737,36103
Đà Nẵng,0.1215,3.778759780152526e-15,0.0891,8.529644320886655e-09,4158
