city,pearson_r,pearson_p,spearman_rho,spearman_p,n
Cần Thơ,0.0568,0.00010714521853960424,0.0672,4.669145763788403e-06,4639
Huế,0.109,1.0045300140747997e-13,0.0965,4.5515580996861376e-11,4633
Hà Nội,-0.1118,8.276992350841778e-13,-0.1174,5.748329288607549e-14,4072
Hải Phòng,-0.0188,0.20010807734436392,-0.0119,0.4161864411070876,4634
Hồ Chí Minh,-0.1332,1.5443621105643295e-17,-0.0932,2.7411806925172746e-09,4059
Nha Trang,-0.0292,0.04653844495831051,0.1235,3.147035574118222e-17,4635
Vinh,-0.0108,0.46176438546208187,0.0045,0.7617940075969372,4636
__ALL__,-0.0409,1.5074522750602296e-14,0.0083,0.11848444592141169,35377
Đà Nẵng,0.1282,2.236979612403557e-16,0.0976,4.37798715556293e-10,4069
