city,pearson_r,pearson_p,spearman_rho,spearman_p,n
Cần Thơ,0.0556,0.00011796121959553566,0.0638,9.925611822987205e-06,4784
Huế,0.1053,2.884811604890509e-13,0.0946,5.6356708535779836e-11,4779
Hà Nội,-0.1283,6.056538554094446e-17,-0.137,4.010069085298804e-19,4216
Hải Phòng,-0.0278,0.054341248316149504,-0.0222,0.1247639115072006,4779
Hồ Chí Minh,-0.1417,2.6296414595803717e-20,-0.1049,9.141279954969251e-12,4203
Nha Trang,-0.0252,0.08143834655610449,0.1298,2.1016852054036612e-19,4780
Vinh,-0.0146,0.31236812043951834,0.0021,0.8861158658727992,4782
__ALL__,-0.0437,6.234025685452876e-17,0.0045,0.38747040692512336,36535
Đà Nẵng,0.1185,1.2190275213891466e-14,0.0862,2.0964771942088337e-08,4212
