city,pearson_r,pearson_p,spearman_rho,spearman_p,n
Cần Thơ,0.056,0.00014143702455661375,0.0665,6.119471998697881e-06,4621
Huế,0.111,3.941433383110041e-14,0.0976,2.97877585767294e-11,4615
Hà Nội,-0.1095,2.752957006637121e-12,-0.1151,2.004377775683825e-13,4054
Hải Phòng,-0.0192,0.19125950788626755,-0.0128,0.3842343114758834,4616
Hồ Chí Minh,-0.1348,7.683983478282244e-18,-0.0953,1.279636419764728e-09,4041
Nha Trang,-0.0286,0.051635148259367075,0.1241,2.6263346697855113e-17,4617
Vinh,-0.0064,0.6633806527468283,0.0103,0.4832568203186971,4618
__ALL__,-0.0404,3.252940974773887e-14,0.009,0.09283339709013655,35233
Đà Nẵng,0.1307,6.725623058252048e-17,0.1006,1.3646248950556485e-10,4051
