city,pearson_r,pearson_p,spearman_rho,spearman_p,n
Cần Thơ,-0.378,1.3106859126416069e-156,-0.4477,2.789271149880524e-226,4613
Huế,-0.1908,5.2573188473494704e-39,-0.1664,5.686516335630992e-30,4607
Hà Nội,-0.0473,0.0026303679173675073,-0.1055,1.7340680555045526e-11,4046
Hải Phòng,-0.2337,3.47566242950586e-58,-0.2351,7.035046438613304e-59,4608
Hồ Chí Minh,-0.2889,2.3502105948610885e-78,-0.3546,7.936982200228375e-120,4033
Nha Trang,-0.0978,2.8661418099621086e-11,-0.185,8.848974922571978e-37,4609
Vinh,-0.1655,1.1156416151406136e-29,-0.2195,2.1468890739061076e-51,4610
__ALL__,-0.1105,5.9650852549565925e-96,-0.1575,3.9072240828671617e-194,35169
Đà Nẵng,-0.254,1.5006598236034497e-60,-0.2537,1.978232722929112e-60,4043
