city,pearson_r,pearson_p,spearman_rho,spearman_p,n
Cần Thơ,-0.3662,1.8543381012610652e-151,-0.4306,6.803608952574529e-215,4775
Huế,-0.1706,1.7138433148935864e-32,-0.1418,7.507915468411755e-23,4770
Hà Nội,-0.0303,0.04958258492817212,-0.0725,2.5241919936870123e-06,4207
Hải Phòng,-0.2106,5.8772190471668285e-49,-0.2013,8.868439546630733e-45,4770
Hồ Chí Minh,-0.2687,2.932888226994889e-70,-0.3254,5.349167381225754e-104,4194
Nha Trang,-0.0996,5.414323618597907e-12,-0.1751,3.8225675245082893e-34,4771
Vinh,-0.1547,5.886363555194275e-27,-0.1988,9.359434610408935e-44,4773
__ALL__,-0.0987,1.2001840797279152e-79,-0.1384,2.141103256305849e-155,36463
Đà Nẵng,-0.2367,1.2837604907278794e-54,-0.2332,4.993464344726325e-53,4203
