city,pearson_r,pearson_p,spearman_rho,spearman_p,n
Cần Thơ,-0.3643,9.89381944022182e-151,-0.4294,6.736070585751015e-215,4805
Huế,-0.1689,4.953564146503128e-32,-0.1396,2.5650409030882546e-22,4800
Hà Nội,-0.0312,0.042196828541529875,-0.0756,8.231111272236903e-07,4237
Hải Phòng,-0.2116,1.0054168175473343e-49,-0.203,8.056893772082468e-46,4800
Hồ Chí Minh,-0.2644,1.6990154289278313e-68,-0.3184,4.085204888256409e-100,4224
Nha Trang,-0.1001,3.5627807799510067e-12,-0.174,5.928423993101707e-34,4801
Vinh,-0.1649,1.2976214839947673e-30,-0.2064,2.336950631877673e-47,4803
__ALL__,-0.0997,1.1400505033715324e-81,-0.1394,1.1550858042144943e-158,36703
Đà Nẵng,-0.2371,3.643696568659967e-55,-0.2345,5.561263290110965e-54,4233
