city,pearson_r,pearson_p,spearman_rho,spearman_p,n
Cần Thơ,0.0561,0.00010022591739290509,0.064,9.207287804981761e-06,4797
Huế,0.1046,3.998027576897663e-13,0.0935,8.76644615424968e-11,4792
Hà Nội,-0.1301,1.9584055608370266e-17,-0.1391,1.0098049128752081e-19,4229
Hải Phòng,-0.0299,0.03860292831018017,-0.0245,0.09005296575210563,4792
Hồ Chí Minh,-0.1434,8.028982186275239e-21,-0.1073,2.904458817165681e-12,4216
Nha Trang,-0.0257,0.07523726658125783,0.1288,3.5756231793349874e-19,4793
Vinh,-0.019,0.18943066367744454,-0.0031,0.829997049545451,4795
__ALL__,-0.0449,8.574121063620528e-18,0.0028,0.5955531821825557,36639
Đà Nẵng,0.117,2.4151835150486013e-14,0.0844,3.8776750050998157e-08,4225
