city,pearson_r,pearson_p,spearman_rho,spearman_p,n
Cần Thơ,0.0576,8.187548348243956e-05,0.0678,3.500405448245894e-06,4669
Huế,0.1052,5.896400164567006e-13,0.0945,1.0278268935193741e-10,4663
Hà Nội,-0.1198,1.4189290200815675e-14,-0.1283,1.6130440000914642e-16,4100
Hải Phòng,-0.0231,0.11477611142579056,-0.0177,0.22631810946781594,4663
Hồ Chí Minh,-0.1325,1.75820133378694e-17,-0.093,2.601758112726027e-09,4087
Nha Trang,-0.0287,0.04962617378149729,0.1248,1.1756388158466617e-17,4664
Vinh,-0.0135,0.3582041604682443,0.0004,0.9774824550652792,4666
__ALL__,-0.0423,1.3452898952841586e-15,0.0062,0.2386029879513788,35610
Đà Nẵng,0.123,2.805725186012898e-15,0.0906,6.2682142921017345e-09,4098
