city,pearson_r,pearson_p,spearman_rho,spearman_p,n
Cần Thơ,0.0554,0.00013104194657815132,0.0641,9.614357072868215e-06,4764
Huế,0.1065,1.7179477172592457e-13,0.0958,3.502424429318695e-11,4759
Hà Nội,-0.1283,7.069309681276873e-17,-0.137,4.930312669744703e-19,4196
Hải Phòng,-0.03,0.03838708685377959,-0.0259,0.07437831443902461,4759
Hồ Chí Minh,-0.1408,5.568698221441296e-20,-0.1034,2.046108321884805e-11,4183
Nha Trang,-0.0255,0.07801834852805478,0.1298,2.4822442888361305e-19,4760
Vinh,-0.0141,0.3320035183808467,0.0024,0.8666275702073447,4762
__ALL__,-0.0435,9.952157286234985e-17,0.0051,0.33114615119282353,36375
Đà Nẵng,0.1204,5.347600293908971e-15,0.0885,9.615276350829854e-09,4192
