city,pearson_r,pearson_p,spearman_rho,spearman_p,n
Cần Thơ,-0.373,1.699721811369064e-155,-0.4379,4.412377554436027e-220,4714
Huế,-0.1747,1.3823474731368316e-33,-0.1473,2.923735693726056e-24,4709
Hà Nội,-0.0344,0.026824160442475896,-0.0814,1.5594597410466606e-07,4146
Hải Phòng,-0.2202,8.187580933719314e-53,-0.2148,2.8275581980668866e-50,4709
Hồ Chí Minh,-0.2803,1.678275097577073e-75,-0.3435,8.588751141355062e-115,4133
Nha Trang,-0.0995,7.740142355492575e-12,-0.1796,1.866914429053295e-35,4710
Vinh,-0.158,1.0084122041370446e-27,-0.2054,4.721429317798555e-46,4712
__ALL__,-0.1022,4.27742567082423e-84,-0.1443,1.2117410199113795e-166,35975
Đà Nẵng,-0.2401,2.1086308197474073e-55,-0.2367,7.851329729390374e-54,4142
