city,pearson_r,pearson_p,spearman_rho,spearman_p,n
Cần Thơ,0.0569,0.00010566580420606491,0.067,4.794558621598957e-06,4646
Huế,0.1066,3.400288762345115e-13,0.095,8.73388757733914e-11,4640
Hà Nội,-0.1142,2.5196818901427084e-13,-0.1207,1.0443542285965513e-14,4079
Hải Phòng,-0.0197,0.17998847627310133,-0.013,0.3746271907354337,4641
Hồ Chí Minh,-0.1333,1.392523636515967e-17,-0.0938,2.0608811185593074e-09,4066
Nha Trang,-0.0293,0.046083146869971045,0.1238,2.6358711859063385e-17,4642
Vinh,-0.0122,0.40700204260739925,0.0023,0.8750280848253537,4643
__ALL__,-0.0417,4.085608187754115e-15,0.0072,0.17766162071723826,35433
Đà Nẵng,0.1253,9.70249112052986e-16,0.0936,2.1419771866718042e-09,4076
