city,pearson_r,pearson_p,spearman_rho,spearman_p,n
Cần Thơ,0.0569,0.000106124817241059,0.0672,4.615472804004912e-06,4641
Huế,0.108,1.7120760411451735e-13,0.0958,6.334697199506857e-11,4635
Hà Nội,-0.1127,5.551008558273892e-13,-0.1184,3.4146309661444515e-14,4074
Hải Phòng,-0.0189,0.19763118844613897,-0.0119,0.41604712586449544,4636
Hồ Chí Minh,-0.1332,1.541841358500377e-17,-0.0932,2.6354023632954015e-09,4061
Nha Trang,-0.0293,0.046339461112679746,0.1236,2.975067984903318e-17,4637
Vinh,-0.0113,0.44355665238200387,0.0038,0.7969717162608921,4638
__ALL__,-0.0412,9.46291121108268e-15,0.0079,0.1357246762495651,35393
Đà Nẵng,0.1271,3.9265108868843856e-16,0.0962,7.674952700872792e-10,4071
