city,pearson_r,pearson_p,spearman_rho,spearman_p,n
Cần Thơ,0.0583,6.439172416634747e-05,0.0681,2.9921589939940886e-06,4696
Huế,0.1048,6.093194714301156e-13,0.0941,1.048910571216688e-10,4691
Hà Nội,-0.1229,2.286878240744868e-15,-0.1315,2.151433182432795e-17,4128
Hải Phòng,-0.0274,0.0604265856371673,-0.0234,0.1085679942804877,4691
Hồ Chí Minh,-0.1331,9.817819847963562e-18,-0.0945,1.2469298533756954e-09,4115
Nha Trang,-0.028,0.05481734301752943,0.1259,5.022210940859798e-18,4692
Vinh,-0.0133,0.36337132681377315,0.0017,0.9047440772093278,4694
__ALL__,-0.0431,3.5514395695802235e-16,0.0054,0.30929560606051093,35831
Đà Nẵng,0.1214,5.294250016484183e-15,0.0887,1.1806906323701963e-08,4124
