city,pearson_r,pearson_p,spearman_rho,spearman_p,n
Cần Thơ,-0.374,2.5882528892523384e-156,-0.4388,4.609404782135575e-221,4712
Huế,-0.1748,1.2543134325001304e-33,-0.1475,2.555815265126666e-24,4707
Hà Nội,-0.0345,0.026156715532886128,-0.0816,1.4217695779267047e-07,4144
Hải Phòng,-0.2204,6.941512198836853e-53,-0.2153,1.8258106172195693e-50,4707
Hồ Chí Minh,-0.2811,6.616828333468562e-76,-0.3448,1.1997544888023867e-115,4131
Nha Trang,-0.0993,8.600792855255208e-12,-0.1793,2.6382098129896197e-35,4708
Vinh,-0.1583,8.573662629635746e-28,-0.2058,3.0676056119159486e-46,4710
__ALL__,-0.1024,2.0410323859763826e-84,-0.1447,1.9272883678955895e-167,35959
Đà Nẵng,-0.2401,2.193870331281852e-55,-0.2367,8.367210765218957e-54,4140
