city,pearson_r,pearson_p,spearman_rho,spearman_p,n
Cần Thơ,0.0543,0.00017511894457003692,0.063,1.3244288753342045e-05,4767
Huế,0.1064,1.8423541011479386e-13,0.0957,3.656084245563516e-11,4762
Hà Nội,-0.1274,1.1362625384211247e-16,-0.136,8.87086554295323e-19,4199
Hải Phòng,-0.0293,0.04333517469772598,-0.0247,0.08780913244543047,4762
Hồ Chí Minh,-0.1412,4.26441394159394e-20,-0.104,1.5021476104064687e-11,4186
Nha Trang,-0.0257,0.07653696141629533,0.1293,3.282876855962016e-19,4763
Vinh,-0.0141,0.33119144116964067,0.0025,0.8620536870567952,4765
__ALL__,-0.0434,1.1373132260507695e-16,0.0051,0.3343094984653143,36399
Đà Nẵng,0.12,6.1761631667691704e-15,0.0881,1.0998145748955102e-08,4195
