city,pearson_r,pearson_p,spearman_rho,spearman_p,n
Cần Thơ,0.0548,0.0001517783576578007,0.0634,1.1724034713579169e-05,4768
Huế,0.1064,1.826672913175708e-13,0.0957,3.617094554114728e-11,4763
Hà Nội,-0.1274,1.1458948817245893e-16,-0.1359,8.849216113822638e-19,4200
Hải Phòng,-0.0291,0.04491277771963885,-0.0244,0.0922917732716087,4763
Hồ Chí Minh,-0.1412,4.2619953958880135e-20,-0.104,1.5301202270718266e-11,4187
Nha Trang,-0.0256,0.07718350232354207,0.1294,2.9983184785397186e-19,4764
Vinh,-0.0141,0.3315220299504491,0.0025,0.8614439918260259,4766
__ALL__,-0.0433,1.3391900035285866e-16,0.0052,0.32397256186731027,36407
Đà Nẵng,0.1201,6.0624165858089195e-15,0.0881,1.092402132319903e-08,4196
