city,pearson_r,pearson_p,spearman_rho,spearman_p,n
Cần Thơ,-0.365,9.647142303084204e-151,-0.4298,2.2678090362799127e-214,4785
Huế,-0.1704,1.730106061884318e-32,-0.1417,7.463120735983698e-23,4780
Hà Nội,-0.029,0.06002352808002653,-0.0695,6.296774214668025e-06,4217
Hải Phòng,-0.2086,3.627061536360637e-48,-0.1988,8.07064860439621e-44,4780
Hồ Chí Minh,-0.2669,1.6158882156378116e-69,-0.3226,2.0695191532403877e-102,4204
Nha Trang,-0.0993,5.796684712407095e-12,-0.1734,1.3478605690056285e-33,4781
Vinh,-0.1548,5.057222702506689e-27,-0.1993,4.950669196967435e-44,4783
__ALL__,-0.0983,3.881882649034922e-79,-0.138,8.617849307670963e-155,36543
Đà Nẵng,-0.237,7.391984380948085e-55,-0.2338,2.0083687677234082e-53,4213
