city,pearson_r,pearson_p,spearman_rho,spearman_p,n
Cần Thơ,-0.3764,1.3443206904390387e-157,-0.4435,4.704818199554147e-225,4686
Huế,-0.1768,3.589242846355756e-34,-0.1503,4.605992976177696e-25,4680
Hà Nội,-0.0368,0.018066005333327816,-0.0855,3.8658748508860345e-08,4117
Hải Phòng,-0.2215,4.246109506770649e-53,-0.2174,3.579530904513475e-51,4680
Hồ Chí Minh,-0.2848,2.0656314686169535e-77,-0.3507,4.6579253926510635e-119,4104
Nha Trang,-0.0983,1.5787696909861812e-11,-0.1792,4.3062981558232857e-35,4681
Vinh,-0.1598,3.5497360379648645e-28,-0.2089,2.3602193802583965e-47,4683
__ALL__,-0.1039,2.5378758787363485e-86,-0.1469,1.2579952978439165e-171,35745
Đà Nẵng,-0.2418,8.063528421333944e-56,-0.2387,2.0939910200387487e-54,4114
