city,pearson_r,pearson_p,spearman_rho,spearman_p,n
Cần Thơ,0.0575,8.275310495357522e-05,0.0676,3.744914955471956e-06,4676
Huế,0.1048,6.835043474385543e-13,0.0942,1.1375225396899947e-10,4670
Hà Nội,-0.1216,5.356344238412635e-15,-0.1309,3.596736844505331e-17,4107
Hải Phòng,-0.0246,0.09320655504937413,-0.0198,0.1751118149750318,4670
Hồ Chí Minh,-0.1325,1.740914010720498e-17,-0.0929,2.6143501446470498e-09,4094
Nha Trang,-0.0285,0.051388232868473604,0.1251,9.542423660180682e-18,4671
Vinh,-0.014,0.338360948804995,-0.0001,0.9956691554968663,4673
__ALL__,-0.0428,6.094676953719047e-16,0.0056,0.29224038030997435,35665
Đà Nẵng,0.1226,3.3164884175895427e-15,0.0902,7.148723842844958e-09,4104
