city,pearson_r,pearson_p,spearman_rho,spearman_p,n
Cần Thơ,-0.377,1.2878120365415576e-156,-0.4452,7.808110698275946e-225,4640
Huế,-0.1848,7.2881867105567235e-37,-0.1596,8.330431409665838e-28,4634
Hà Nội,-0.0453,0.0038546463989630668,-0.1026,5.285232896870107e-11,4073
Hải Phòng,-0.2299,1.162202785924791e-56,-0.2295,1.7886179301391244e-56,4635
Hồ Chí Minh,-0.2847,1.3771829616214001e-76,-0.3471,2.564301606692042e-115,4060
Nha Trang,-0.0986,1.6957593025571363e-11,-0.1849,6.267255365088939e-37,4636
Vinh,-0.1625,8.415431930438505e-29,-0.2146,1.822745867748268e-49,4637
__ALL__,-0.1077,9.246194821485476e-92,-0.1529,5.749408438935085e-184,35385
Đà Nẵng,-0.2479,4.910525413738887e-58,-0.2459,4.061332580250777e-57,4070
