city,pearson_r,pearson_p,spearman_rho,spearman_p,n
Cần Thơ,-0.3655,8.7292765449416e-151,-0.43,4.5599206537330115e-214,4772
Huế,-0.1704,2.1751710846268374e-32,-0.1414,9.973479196887032e-23,4767
Hà Nội,-0.0305,0.04833309796538288,-0.0727,2.3611640061510353e-06,4204
Hải Phòng,-0.2107,5.6984840238865675e-49,-0.2015,7.759729332710304e-45,4767
Hồ Chí Minh,-0.2687,3.210609131709652e-70,-0.3254,5.785441533015544e-104,4191
Nha Trang,-0.0996,5.388062826216291e-12,-0.1752,3.590819966571125e-34,4768
Vinh,-0.1547,5.961581857719029e-27,-0.1988,1.0044718799839764e-43,4770
__ALL__,-0.0986,2.0134556364445248e-79,-0.1382,8.326535953117044e-155,36439
Đà Nẵng,-0.2367,1.4074189187331794e-54,-0.233,6.714345481945101e-53,4200
