city,pearson_r,pearson_p,spearman_rho,spearman_p,n
Cần Thơ,0.0584,6.354167181497182e-05,0.0683,2.8480245082391835e-06,4690
Huế,0.1055,4.5464880861863315e-13,0.0948,7.812994439671436e-11,4684
Hà Nội,-0.1219,4.073171027539481e-15,-0.1305,4.180034109982336e-17,4121
Hải Phòng,-0.0266,0.06836460957171919,-0.0222,0.1293527611527537,4684
Hồ Chí Minh,-0.1331,1.0884967532693183e-17,-0.0945,1.2778130577515096e-09,4108
Nha Trang,-0.0286,0.050290193000958404,0.1252,7.753748154454089e-18,4685
Vinh,-0.013,0.37394581190303544,0.0019,0.8953312861076874,4687
__ALL__,-0.0427,6.855816536535459e-16,0.0058,0.2688885403145566,35777
Đà Nẵng,0.1226,2.982638276295857e-15,0.0902,6.69683499737768e-09,4118
