city,pearson_r,pearson_p,spearman_rho,spearman_p,n
Cần Thơ,-0.3763,1.0696868825065378e-157,-0.4434,3.798722261951703e-225,4690
Huế,-0.1766,3.971598693506935e-34,-0.1501,5.2939110974602e-25,4684
Hà Nội,-0.0363,0.01983105649827446,-0.0842,6.104436270342926e-08,4121
Hải Phòng,-0.2211,5.922884180969491e-53,-0.2168,6.269648220115918e-51,4684
Hồ Chí Minh,-0.2848,1.5800480625419774e-77,-0.351,2.0549517544645413e-119,4108
Nha Trang,-0.0983,1.52882704652222e-11,-0.1791,4.3782549784264307e-35,4685
Vinh,-0.1597,3.683781135252142e-28,-0.2089,2.3442180168719213e-47,4687
__ALL__,-0.1037,3.5241607735598144e-86,-0.1467,2.7883494959163786e-171,35777
Đà Nẵng,-0.2418,7.1955516676928525e-56,-0.2386,2.033366566084841e-54,4118
