city,pearson_r,pearson_p,spearman_rho,spearman_p,n
Cần Thơ,0.0573,7.389396923034725e-05,0.0655,5.964395484555168e-06,4775
Huế,0.1061,1.9871773821235325e-13,0.0955,3.777134115665032e-11,4770
Hà Nội,-0.1271,1.2846825057732696e-16,-0.1355,1.0674757340669458e-18,4207
Hải Phòng,-0.028,0.05328849998086253,-0.0231,0.11092520783575816,4770
Hồ Chí Minh,-0.1398,9.521113714042108e-20,-0.1022,3.3387854288072604e-11,4194
Nha Trang,-0.0251,0.08345633478696196,0.1308,1.1669036011728945e-19,4771
Vinh,-0.0137,0.34243251061872637,0.0033,0.8201498861572563,4773
__ALL__,-0.0429,2.441665376152808e-16,0.0056,0.282585960607003,36463
Đà Nẵng,0.1198,6.62617777487169e-15,0.0879,1.1484575814989665e-08,4203
