city,pearson_r,pearson_p,spearman_rho,spearman_p,n
Cần Thơ,0.0562,0.00010523153076808326,0.0645,8.620931057946634e-06,4752
Huế,0.1071,1.386280704256308e-13,0.0965,2.7396077402788553e-11,4747
Hà Nội,-0.1289,5.896510323462711e-17,-0.1383,2.609211804498485e-19,4184
Hải Phòng,-0.0303,0.03681245147643588,-0.0266,0.06731464949283533,4747
Hồ Chí Minh,-0.1403,8.656558974752422e-20,-0.1025,3.2183304362858725e-11,4171
Nha Trang,-0.0255,0.07864297358104999,0.1301,2.232719614444688e-19,4748
Vinh,-0.0144,0.32222055929978616,0.0013,0.9298938094259764,4750
__ALL__,-0.0434,1.285574899339103e-16,0.0052,0.32211836450622516,36279
Đà Nẵng,0.121,4.074046150073382e-15,0.0891,8.02573898551418e-09,4180
