city,pearson_r,pearson_p,spearman_rho,spearman_p,n
Cần Thơ,0.0583,6.458824064653426e-05,0.0682,2.9320530513439194e-06,4693
Huế,0.1053,4.898668685333454e-13,0.0947,8.232145731111827e-11,4687
Hà Nội,-0.1223,3.2989095769285155e-15,-0.1308,3.3273430836505356e-17,4124
Hải Phòng,-0.027,0.06441795856790641,-0.0228,0.11808530565336363,4687
Hồ Chí Minh,-0.1331,1.0497922516787619e-17,-0.0946,1.225767456216934e-09,4111
Nha Trang,-0.0284,0.051761326475828845,0.1255,6.4578627414196526e-18,4688
Vinh,-0.0131,0.36799840448666654,0.0018,0.8994853793239681,4690
__ALL__,-0.0428,5.213629885869315e-16,0.0056,0.2888045137749886,35801
Đà Nẵng,0.1221,3.649333035361599e-15,0.0897,8.042688913015941e-09,4121
