city,pearson_r,pearson_p,spearman_rho,spearman_p,n
Cần Thơ,-0.3656,3.646913118004333e-151,-0.4304,6.846413595140293e-215,4782
Huế,-0.1706,1.569669188326767e-32,-0.1419,6.535875882032643e-23,4777
Hà Nội,-0.0293,0.05686067559917414,-0.0703,4.8950374727233815e-06,4214
Hải Phòng,-0.2096,1.4523851894419248e-48,-0.2001,2.347257142949033e-44,4777
Hồ Chí Minh,-0.2678,6.336468810503938e-70,-0.3243,1.8080019306511456e-103,4201
Nha Trang,-0.0994,5.736745346580954e-12,-0.1738,1.0086510900494494e-33,4778
Vinh,-0.1546,5.709606920994742e-27,-0.1989,7.625376036740573e-44,4780
__ALL__,-0.0985,1.774089368898838e-79,-0.1384,1.5763460000972066e-155,36519
Đà Nẵng,-0.2369,8.277355798993738e-55,-0.2338,2.3491126523749938e-53,4210
