city,pearson_r,pearson_p,spearman_rho,spearman_p,n
Cần Thơ,0.0583,6.439261257355135e-05,0.0682,2.9236046122808804e-06,4689
Huế,0.1055,4.568566888760119e-13,0.0948,7.861337968509534e-11,4683
Hà Nội,-0.1218,4.287049480466938e-15,-0.1304,4.373477727193331e-17,4120
Hải Phòng,-0.0265,0.06987043719602741,-0.022,0.13252755631824836,4683
Hồ Chí Minh,-0.1327,1.3622276839634626e-17,-0.0941,1.5011721013921697e-09,4107
Nha Trang,-0.0286,0.050260459734372806,0.1252,7.826011751656825e-18,4684
Vinh,-0.0129,0.37588642208885475,0.002,0.893633541641628,4686
__ALL__,-0.0426,7.636526552908915e-16,0.0059,0.263690005752863,35769
Đà Nẵng,0.1226,2.994915198573724e-15,0.0902,6.704504849545641e-09,4117
