city,pearson_r,pearson_p,spearman_rho,spearman_p,n
Cần Thơ,0.0554,0.0001270484505516435,0.0635,1.0934717326794478e-05,4785
Huế,0.1053,2.97882321104787e-13,0.0945,5.904966329735818e-11,4780
Hà Nội,-0.1285,5.336218387285938e-17,-0.1373,3.283413180881668e-19,4217
Hải Phòng,-0.028,0.05286632867975296,-0.0223,0.122434053008751,4780
Hồ Chí Minh,-0.1419,2.3048965547375668e-20,-0.1053,7.841773265247745e-12,4204
Nha Trang,-0.0252,0.08117488380758998,0.1296,2.3043364623915923e-19,4781
Vinh,-0.0148,0.30480883901079936,0.0017,0.9068497740341166,4783
__ALL__,-0.0439,4.9989211890706744e-17,0.0043,0.40738604062545347,36543
Đà Nẵng,0.1183,1.2960513589660064e-14,0.086,2.2377450756933047e-08,4213
