city,pearson_r,pearson_p,spearman_rho,spearman_p,n
Cần Thơ,-0.3645,2.1343615605135777e-150,-0.4293,5.3115931037014235e-214,4788
Huế,-0.1702,1.9977659983876204e-32,-0.1414,8.645903384569e-23,4783
Hà Nội,-0.0288,0.061296785542088006,-0.0693,6.574260729323709e-06,4220
Hải Phòng,-0.2085,4.068801589062542e-48,-0.1987,8.455774427641395e-44,4783
Hồ Chí Minh,-0.2658,5.615594176307672e-69,-0.3207,2.978838311593906e-101,4207
Nha Trang,-0.0993,5.910885495486289e-12,-0.173,1.9293183200248598e-33,4784
Vinh,-0.1552,3.3714039547353124e-27,-0.2001,2.0498268846238184e-44,4786
__ALL__,-0.0982,5.3394430959028384e-79,-0.1379,1.2699320984269176e-154,36567
Đà Nẵng,-0.2371,5.86654003857837e-55,-0.2341,1.390525166128074e-53,4216
