city,pearson_r,pearson_p,spearman_rho,spearman_p,n
Cần Thơ,0.0557,0.00011212254009122357,0.0638,9.706574994821318e-06,4802
Huế,0.1045,4.0748935029183546e-13,0.0935,8.691415061518307e-11,4797
Hà Nội,-0.1316,7.901227763850939e-18,-0.1413,2.5196592820316315e-20,4234
Hải Phòng,-0.0309,0.032620262043641136,-0.0259,0.0725689566192523,4797
Hồ Chí Minh,-0.1439,5.864093022477736e-21,-0.1078,2.142623995219994e-12,4221
Nha Trang,-0.0258,0.07415683008626048,0.1286,3.7300828582476276e-19,4798
Vinh,-0.0197,0.17179172236259568,-0.0044,0.7583502455037032,4800
__ALL__,-0.0453,4.0847721235975016e-18,0.0021,0.6834369920085056,36679
Đà Nẵng,0.1169,2.4437367182162948e-14,0.0844,3.875283468157056e-08,4230
