city,pearson_r,pearson_p,spearman_rho,spearman_p,n
Cần Thơ,0.0578,7.217972411769101e-05,0.0671,4.152395062907931e-06,4704
Huế,0.1049,5.710683923435405e-13,0.0942,9.803693997422015e-11,4699
Hà Nội,-0.1241,1.1480618111553217e-15,-0.1328,9.612144507793979e-18,4136
Hải Phòng,-0.0279,0.05561005300944488,-0.0241,0.09875282843920341,4699
Hồ Chí Minh,-0.136,1.7515463580629293e-18,-0.0975,3.475645415906946e-10,4123
Nha Trang,-0.0276,0.058473849323175515,0.1261,3.946673886046856e-18,4700
Vinh,-0.0133,0.36178498157817635,0.0019,0.8965388283844798,4702
__ALL__,-0.0435,1.7355157698342488e-16,0.0049,0.35147839647797297,35895
Đà Nẵng,0.12,9.759865121458427e-15,0.0869,2.190373156340165e-08,4132
