city,pearson_r,pearson_p,spearman_rho,spearman_p,n
Cần Thơ,-0.3654,2.535962113892689e-151,-0.4302,2.8624162187502914e-215,4794
Huế,-0.1698,2.645505354612937e-32,-0.1408,1.2240088378045251e-22,4789
Hà Nội,-0.0295,0.05491348567947161,-0.0713,3.5327895588666234e-06,4226
Hải Phòng,-0.2089,2.2119474834851762e-48,-0.1997,2.7572898252896904e-44,4789
Hồ Chí Minh,-0.2659,3.877146644149563e-69,-0.321,1.4156574340265419e-101,4213
Nha Trang,-0.0992,5.938194127977e-12,-0.1723,3.135055575837815e-33,4790
Vinh,-0.1596,1.0301120033341988e-28,-0.2027,1.2634375010210929e-45,4792
__ALL__,-0.0989,2.6131780519775117e-80,-0.1387,1.1323909589261752e-156,36615
Đà Nẵng,-0.2374,3.620853932494893e-55,-0.2347,6.131095446516772e-54,4222
