city,pearson_r,pearson_p,spearman_rho,spearman_p,n
Cần Thơ,0.058,7.047052627821892e-05,0.0678,3.3924256792205525e-06,4685
Huế,0.1051,5.628576448934185e-13,0.0945,9.412303377051004e-11,4679
Hà Nội,-0.1222,3.616430563480258e-15,-0.1312,2.831015178642814e-17,4116
Hải Phòng,-0.0261,0.07449790027300526,-0.0217,0.13762994576141246,4679
Hồ Chí Minh,-0.1325,1.5895557403628008e-17,-0.0931,2.339605303730728e-09,4103
Nha Trang,-0.0285,0.05099536761110113,0.1252,8.215850160091274e-18,4680
Vinh,-0.0134,0.3576584482344453,0.001,0.9442887957024242,4682
__ALL__,-0.0428,6.005256587769736e-16,0.0057,0.2804582352762295,35737
Đà Nẵng,0.1226,3.0976641943455606e-15,0.0902,6.7843597083855925e-09,4113
