city,pearson_r,pearson_p,spearman_rho,spearman_p,n
Cần Thơ,0.0569,0.00010663381481235831,0.0672,4.642218235489331e-06,4640
Huế,0.1085,1.3125121460503952e-13,0.0962,5.3715183714161776e-11,4634
Hà Nội,-0.1123,6.740072954541959e-13,-0.1179,4.426560505108415e-14,4073
Hải Phòng,-0.0189,0.19886639979759707,-0.0119,0.4161167318228569,4635
Hồ Chí Minh,-0.1332,1.543102493211834e-17,-0.0932,2.687762982369946e-09,4060
Nha Trang,-0.0292,0.046438849293501644,0.1236,3.0598281792245226e-17,4636
Vinh,-0.011,0.4526049123579407,0.0041,0.7793317107127906,4637
__ALL__,-0.041,1.1911204861495051e-14,0.0081,0.12694029206428722,35385
Đà Nẵng,0.1277,2.965959395407281e-16,0.0969,5.802853133822244e-10,4070
