city,pearson_r,pearson_p,spearman_rho,spearman_p,n
Cần Thơ,-0.3763,8.722693334753706e-158,-0.4432,3.6680612577155305e-225,4694
Huế,-0.1762,5.483624989991892e-34,-0.1494,8.37060835855462e-25,4688
Hà Nội,-0.036,0.020842632582829673,-0.0837,7.207863983956408e-08,4125
Hải Phòng,-0.2206,8.684471844580275e-53,-0.2159,1.4070631937635538e-50,4688
Hồ Chí Minh,-0.285,1.043785797290548e-77,-0.3515,7.25708614835545e-120,4112
Nha Trang,-0.0986,1.2972607420688449e-11,-0.1796,2.8057230328521306e-35,4689
Vinh,-0.1593,4.703468077870648e-28,-0.208,5.078077718493012e-47,4691
__ALL__,-0.1035,8.056011978413513e-86,-0.1462,2.2417870818322467e-170,35809
Đà Nẵng,-0.2412,1.2319182178615484e-55,-0.238,3.716748310702071e-54,4122
