city,pearson_r,pearson_p,spearman_rho,spearman_p,n
Cần Thơ,-0.3698,2.636369997341757e-153,-0.4339,1.4663585258933742e-216,4732
Huế,-0.1733,3.496020071559555e-33,-0.1453,1.0046547675050472e-23,4727
Hà Nội,-0.0331,0.03243682396448392,-0.0793,3.002362713947056e-07,4164
Hải Phòng,-0.2189,2.2840576166741844e-52,-0.2128,1.469569790752525e-49,4727
Hồ Chí Minh,-0.2729,8.68300974665683e-72,-0.333,4.574709254767222e-108,4151
Nha Trang,-0.1001,5.238081655336518e-12,-0.1802,8.795499044485164e-36,4728
Vinh,-0.1569,1.9095935965237557e-27,-0.2032,2.969477150199271e-45,4730
__ALL__,-0.1007,4.770149772600083e-82,-0.1419,9.13320902006174e-162,36119
Đà Nẵng,-0.2394,2.5764383973918825e-55,-0.2361,8.270992864567848e-54,4160
