city,pearson_r,pearson_p,spearman_rho,spearman_p,n
Cần Thơ,-0.3769,5.935081213345078e-156,-0.4451,7.312131932566502e-224,4623
Huế,-0.1892,1.81851544423242e-38,-0.1641,3.101892826878348e-29,4617
Hà Nội,-0.046,0.003383195882654901,-0.1028,5.3563967813576086e-11,4056
Hải Phòng,-0.2308,7.243136604776583e-57,-0.2308,7.015865333177284e-57,4618
Hồ Chí Minh,-0.2863,4.039615054905503e-77,-0.3493,2.3252642762200657e-116,4043
Nha Trang,-0.0982,2.2700343134068985e-11,-0.1852,6.245419522995995e-37,4619
Vinh,-0.1641,3.1179051581428405e-29,-0.217,2.3922722032144873e-50,4620
__ALL__,-0.1091,1.0393003286091267e-93,-0.1549,3.37876648668532e-188,35249
Đà Nẵng,-0.2509,3.1480009143826387e-59,-0.2497,1.135673421682962e-58,4053
