city,pearson_r,pearson_p,spearman_rho,spearman_p,n
Cần Thơ,0.0561,9.979586289122899e-05,0.064,9.024750793175977e-06,4798
Huế,0.1046,3.9115277879670614e-13,0.0935,8.635311182395835e-11,4793
Hà Nội,-0.1304,1.6476096834313367e-17,-0.1395,7.759128505194828e-20,4230
Hải Phòng,-0.0301,0.0369333752786506,-0.0248,0.08575921833797279,4793
Hồ Chí Minh,-0.1434,8.018314336454812e-21,-0.1072,2.9562250056526786e-12,4217
Nha Trang,-0.0258,0.07444885805892036,0.1286,3.8142980745683114e-19,4794
Vinh,-0.0191,0.1863151641180901,-0.0033,0.8172364728349832,4796
__ALL__,-0.0449,7.772514842385677e-18,0.0027,0.6050920095469425,36647
Đà Nẵng,0.1169,2.4350287823406766e-14,0.0844,3.843552064315878e-08,4226
