city,pearson_r,pearson_p,spearman_rho,spearman_p,n
Cần Thơ,0.0551,0.00013878737979178745,0.0637,1.0666476140065796e-05,4769
Huế,0.1064,1.8245521061496898e-13,0.0957,3.559263518620267e-11,4764
Hà Nội,-0.1275,1.1062678051681066e-16,-0.136,8.415871055774207e-19,4201
Hải Phòng,-0.0291,0.04488067007946152,-0.0244,0.09177199552619861,4764
Hồ Chí Minh,-0.1411,4.618168056694705e-20,-0.1037,1.7081404569177044e-11,4188
Nha Trang,-0.0255,0.07835003606547253,0.1297,2.5492821038848504e-19,4765
Vinh,-0.014,0.33478841826433575,0.0027,0.8497662839597262,4767
__ALL__,-0.0433,1.3877490261643865e-16,0.0052,0.3190000814119367,36415
Đà Nẵng,0.1201,5.742483854217467e-15,0.0882,1.0299379168919747e-08,4197
