city,pearson_r,pearson_p,spearman_rho,spearman_p,n
Cần Thơ,-0.3685,2.3521739471681887e-152,-0.4318,1.4639509252580234e-214,4739
Huế,-0.1725,5.9265986304735314e-33,-0.1442,2.022521241523283e-23,4734
Hà Nội,-0.0323,0.03707256049610382,-0.0773,5.713028233877804e-07,4171
Hải Phòng,-0.2169,1.6342717749119294e-51,-0.2102,2.100646753915192e-48,4734
Hồ Chí Minh,-0.2724,1.192132604379901e-71,-0.3325,6.834433865897493e-108,4158
Nha Trang,-0.1,5.348741485810309e-12,-0.1791,2.0898651191113786e-35,4735
Vinh,-0.1565,2.398652516010596e-27,-0.2025,5.1117564716388255e-45,4737
__ALL__,-0.0999,7.657475054055406e-81,-0.1405,6.65485689492284e-159,36175
Đà Nẵng,-0.2377,1.315950364270111e-54,-0.2339,6.780627120112162e-53,4167
