city,pearson_r,pearson_p,spearman_rho,spearman_p,n
Cần Thơ,-0.377,1.5504807120339158e-156,-0.4453,9.096959700118243e-225,4637
Huế,-0.1864,1.7842113387873905e-37,-0.1614,2.130308860494176e-28,4631
Hà Nội,-0.0459,0.0034323613041441887,-0.1036,3.539389902319899e-11,4070
Hải Phòng,-0.2301,1.0398065058951853e-56,-0.2296,1.754893358327462e-56,4632
Hồ Chí Minh,-0.2849,1.299499413190879e-76,-0.3472,2.962223842458528e-115,4057
Nha Trang,-0.0986,1.7262922001836635e-11,-0.1853,4.72973570375238e-37,4633
Vinh,-0.1626,8.224480670049746e-29,-0.2147,1.84839003326269e-49,4634
__ALL__,-0.1081,2.271318207188055e-92,-0.1534,4.0117166413635366e-185,35361
Đà Nẵng,-0.2489,1.7936931985309057e-58,-0.2476,7.187532709797939e-58,4067
