city,pearson_r,pearson_p,spearman_rho,spearman_p,n
Cần Thơ,0.0576,8.26052761899641e-05,0.0678,3.564128328356502e-06,4672
Huế,0.1051,6.047611545654237e-13,0.0944,1.0288869025309377e-10,4666
Hà Nội,-0.1206,8.955533363221203e-15,-0.1297,7.470268740513637e-17,4103
Hải Phòng,-0.0236,0.1063555612285516,-0.0185,0.20655917126198958,4666
Hồ Chí Minh,-0.1326,1.704928263371736e-17,-0.0931,2.4763276142108996e-09,4090
Nha Trang,-0.0286,0.05108075065834618,0.1251,9.801238683282432e-18,4667
Vinh,-0.0137,0.3486515886623429,0.0002,0.9883611549381038,4669
__ALL__,-0.0425,9.612319552349544e-16,0.0059,0.261564599971459,35634
Đà Nẵng,0.1226,3.2453271162281053e-15,0.0903,6.952878658055677e-09,4101
