city,pearson_r,pearson_p,spearman_rho,spearman_p,n
Cần Thơ,0.0551,0.00013517914189669437,0.0631,1.2510348134200674e-05,4793
Huế,0.1045,4.156267894596557e-13,0.0935,8.982065554448774e-11,4788
Hà Nội,-0.1293,3.278195198512709e-17,-0.138,2.0309587193970037e-19,4225
Hải Phòng,-0.0289,0.04538614239899497,-0.0232,0.1089799244875896,4788
Hồ Chí Minh,-0.1436,7.807680231559923e-21,-0.1075,2.632497981549201e-12,4212
Nha Trang,-0.0254,0.07935116168082867,0.1292,2.827169406841182e-19,4789
Vinh,-0.0173,0.2313588139006128,-0.0011,0.9379231696304564,4791
__ALL__,-0.0447,1.1305781733331617e-17,0.003,0.5622953386125042,36607
Đà Nẵng,0.1167,2.7783850200351476e-14,0.084,4.6915853786920995e-08,4221
