city,pearson_r,pearson_p,spearman_rho,spearman_p,n
Cần Thơ,-0.3748,6.159784700996313e-157,-0.44,3.232561052579283e-222,4709
Huế,-0.175,1.1856055069658237e-33,-0.1477,2.382919075819518e-24,4704
Hà Nội,-0.0346,0.02606777416052297,-0.0816,1.4325930803188087e-07,4141
Hải Phòng,-0.2205,6.628593791010122e-53,-0.2155,1.516285004211245e-50,4704
Hồ Chí Minh,-0.282,2.5719904338048216e-76,-0.3465,8.661371996511851e-117,4128
Nha Trang,-0.0991,9.707896777370093e-12,-0.1789,3.798820267236609e-35,4705
Vinh,-0.1583,8.419474580553472e-28,-0.2058,3.2970999630114147e-46,4707
__ALL__,-0.1026,1.1413691636071978e-84,-0.145,4.578911193175128e-168,35935
Đà Nẵng,-0.24,2.6919087165499293e-55,-0.2364,1.2093311614401098e-53,4137
