city,pearson_r,pearson_p,spearman_rho,spearman_p,n
Cần Thơ,-0.3658,8.869200515515837e-152,-0.4306,8.049881501816447e-216,4796
Huế,-0.1697,2.8768960257685023e-32,-0.1406,1.365239544754461e-22,4791
Hà Nội,-0.0299,0.05179034238055191,-0.0722,2.637283351450931e-06,4228
Hải Phòng,-0.2093,1.409542554756148e-48,-0.2003,1.5014107059432455e-44,4791
Hồ Chí Minh,-0.2661,3.1757226521816215e-69,-0.3212,8.778819057860773e-102,4215
Nha Trang,-0.0993,5.481260621238337e-12,-0.1725,2.5510184390676673e-33,4792
Vinh,-0.1611,3.081555522567301e-29,-0.2036,4.948011350310584e-46,4794
__ALL__,-0.0993,7.10969194579075e-81,-0.1391,1.2463439955517132e-157,36631
Đà Nẵng,-0.2375,3.102143699592763e-55,-0.2349,4.647656137786935e-54,4224
