city,pearson_r,pearson_p,spearman_rho,spearman_p,n
Cần Thơ,-0.3768,5.322583701626169e-157,-0.4446,6.87663628636347e-225,4656
Huế,-0.1789,9.518673571817239e-35,-0.1532,8.02033732827145e-26,4650
Hà Nội,-0.043,0.005927763800017512,-0.0978,3.61541993143947e-10,4089
Hải Phòng,-0.2279,7.522231515460813e-56,-0.2263,4.6314568087842855e-55,4651
Hồ Chí Minh,-0.2846,8.567692587089901e-77,-0.3479,2.720917611597794e-116,4076
Nha Trang,-0.0983,1.8614096846998826e-11,-0.1818,7.195719157302242e-36,4652
Vinh,-0.1619,1.069868558499174e-28,-0.2136,3.60177950083135e-49,4653
__ALL__,-0.106,2.5653552054915363e-89,-0.1503,1.8959580157688873e-178,35513
Đà Nẵng,-0.2446,9.731011808454298e-57,-0.2421,1.3369242806464411e-55,4086
