city,pearson_r,pearson_p,spearman_rho,spearman_p,n
Cần Thơ,0.0576,8.23374845532622e-05,0.0678,3.548622447235379e-06,4668
Huế,0.1052,5.925177338555216e-13,0.0945,1.0342822277372355e-10,4662
Hà Nội,-0.1198,1.4189290200815675e-14,-0.1283,1.6130440000914642e-16,4100
Hải Phòng,-0.0231,0.11477611142579056,-0.0177,0.22631810946781594,4663
Hồ Chí Minh,-0.1325,1.75820133378694e-17,-0.093,2.601758112726027e-09,4087
Nha Trang,-0.0287,0.04962617378149729,0.1248,1.1756388158466617e-17,4664
Vinh,-0.0134,0.3604518199206917,0.0004,0.975742280045077,4665
__ALL__,-0.0423,1.3619179226780369e-15,0.0063,0.23808980455614073,35607
Đà Nẵng,0.123,2.805725186012898e-15,0.0906,6.2682142921017345e-09,4098
