city,pearson_r,pearson_p,spearman_rho,spearman_p,n
Cần Thơ,-0.37,2.73001726510228e-153,-0.4341,1.3714441848645505e-216,4728
Huế,-0.1734,3.499451458570933e-33,-0.1454,9.699000154371219e-24,4723
Hà Nội,-0.0335,0.030607853496430335,-0.08,2.389586163209945e-07,4160
Hải Phòng,-0.2194,1.4597409817937571e-52,-0.2135,8.119869738804183e-50,4723
Hồ Chí Minh,-0.2733,6.280406022232063e-72,-0.3338,1.8643759960900515e-108,4147
Nha Trang,-0.1003,4.8956369538175845e-12,-0.181,4.302229711773593e-36,4724
Vinh,-0.157,1.8133288912437007e-27,-0.2032,3.026156814278493e-45,4726
__ALL__,-0.1009,2.89136238301747e-82,-0.1421,3.7468475982716175e-162,36087
Đà Nẵng,-0.2395,2.775784834715579e-55,-0.236,1.0772960838358394e-53,4156
