city,pearson_r,pearson_p,spearman_rho,spearman_p,n
Cần Thơ,-0.3707,1.1142717730572589e-153,-0.4354,1.2802695880862607e-217,4719
Huế,-0.174,2.261045522386257e-33,-0.1464,5.373496196823169e-24,4714
Hà Nội,-0.0341,0.028193683466315407,-0.0809,1.8155730036259402e-07,4151
Hải Phòng,-0.2199,1.0109073200519812e-52,-0.2143,4.1730554332369443e-50,4714
Hồ Chí Minh,-0.2767,1.37202040354285e-73,-0.339,8.88097819137531e-112,4138
Nha Trang,-0.0999,6.184330240723869e-12,-0.1804,8.587607966176756e-36,4715
Vinh,-0.1575,1.4450023793261436e-27,-0.2041,1.5018243003493647e-45,4717
__ALL__,-0.1014,5.425749914366084e-83,-0.143,6.482201610725905e-164,36015
Đà Nẵng,-0.2396,3.305558976095118e-55,-0.236,1.3816765265329409e-53,4147
