city,pearson_r,pearson_p,spearman_rho,spearman_p,n
Cần Thơ,0.0569,0.00010917137116401264,0.0683,3.3746033881075976e-06,4614
Huế,0.1117,2.828361777736298e-14,0.0985,2.06136386895512e-11,4608
Hà Nội,-0.1081,5.267981448337877e-12,-0.1133,4.972477816241395e-13,4047
Hải Phòng,-0.0172,0.24283827571785782,-0.0099,0.5022020746772181,4609
Hồ Chí Minh,-0.1327,2.666896190112436e-17,-0.0921,4.6009579416694045e-09,4034
Nha Trang,-0.0291,0.04812818453911233,0.1241,2.832999784160736e-17,4610
Vinh,-0.0043,0.7679300635256688,0.0133,0.36702319049211785,4611
__ALL__,-0.0393,1.6794087561636466e-13,0.0107,0.045384035388012584,35177
Đà Nẵng,0.1326,2.4655842051262143e-17,0.1035,4.269589036110426e-11,4044
