city,pearson_r,pearson_p,spearman_rho,spearman_p,n
Cần Thơ,-0.3682,2.597173954085372e-152,-0.431,5.006005214179619e-214,4746
Huế,-0.1719,8.998574093638767e-33,-0.1434,3.307183036081336e-23,4741
Hà Nội,-0.0315,0.04205467652167593,-0.0756,1.0059149539609454e-06,4178
Hải Phòng,-0.2143,2.3279924207790156e-50,-0.2064,9.164610317447032e-47,4741
Hồ Chí Minh,-0.2707,7.595376161942635e-71,-0.3286,1.8180420172910108e-105,4165
Nha Trang,-0.1,5.20386319031255e-12,-0.1783,3.6752253218046233e-35,4742
Vinh,-0.156,3.2118213565324018e-27,-0.2009,2.0964908198278007e-44,4744
__ALL__,-0.0992,7.65063801083883e-80,-0.1391,5.446071098640587e-156,36231
Đà Nẵng,-0.2371,1.895465777367907e-54,-0.2333,1.0166534689323147e-52,4174
