city,pearson_r,pearson_p,spearman_rho,spearman_p,n
Cần Thơ,0.0561,0.00010117314626475072,0.064,9.093026506727236e-06,4799
Huế,0.1046,3.9532442192113824e-13,0.0935,8.679778434180169e-11,4794
Hà Nội,-0.1307,1.3788249665748183e-17,-0.1399,5.932745613988467e-20,4231
Hải Phòng,-0.0303,0.03604667214160636,-0.0251,0.08272206293025604,4794
Hồ Chí Minh,-0.1434,7.918527183247968e-21,-0.1072,2.9610319972978573e-12,4218
Nha Trang,-0.0258,0.07427686364677431,0.1286,3.8561662746618634e-19,4795
Vinh,-0.0192,0.18323947392457773,-0.0036,0.8045315236145824,4797
__ALL__,-0.045,6.893711146230094e-18,0.0026,0.6181133242147175,36655
Đà Nẵng,0.1169,2.4713167139290105e-14,0.0844,3.876346932149885e-08,4227
