city,pearson_r,pearson_p,spearman_rho,spearman_p,n
Cần Thơ,-0.3683,2.818569332280187e-152,-0.4313,4.155687728760849e-214,4742
Huế,-0.1722,7.542664755622845e-33,-0.1437,2.832086372717616e-23,4737
Hà Nội,-0.0319,0.03927990414051715,-0.0765,7.588580601859794e-07,4174
Hải Phòng,-0.2157,5.368555192177046e-51,-0.2085,1.0730097353184203e-47,4737
Hồ Chí Minh,-0.2718,2.2639354648356834e-71,-0.3311,4.949908884264682e-107,4161
Nha Trang,-0.1,5.2559878815939515e-12,-0.1788,2.5779447212729177e-35,4738
Vinh,-0.156,3.362400697321079e-27,-0.2012,1.7275032988804772e-44,4740
__ALL__,-0.0995,2.7534667445849477e-80,-0.1398,2.5275902791269454e-157,36199
Đà Nẵng,-0.2373,1.871582992528939e-54,-0.2334,1.0297465169153832e-52,4170
