city,pearson_r,pearson_p,spearman_rho,spearman_p,n
Cần Thơ,0.0565,9.809140398382117e-05,0.0648,7.713402852872039e-06,4754
Huế,0.1072,1.3099538073410335e-13,0.0965,2.6084840469447497e-11,4749
Hà Nội,-0.1286,6.797956362433243e-17,-0.1377,3.54127106960293e-19,4186
Hải Phòng,-0.0298,0.04025201956306024,-0.0258,0.07499031631358495,4749
Hồ Chí Minh,-0.1401,9.411483296810681e-20,-0.1022,3.6283280322668716e-11,4173
Nha Trang,-0.0256,0.07818617640806357,0.1301,2.1646323414465452e-19,4750
Vinh,-0.0142,0.32856958994506635,0.0017,0.9054997416344384,4752
__ALL__,-0.0433,1.6098815178081402e-16,0.0054,0.29969432497410986,36295
Đà Nẵng,0.1211,3.980821494367308e-15,0.0892,7.643872958953114e-09,4182
