city,pearson_r,pearson_p,spearman_rho,spearman_p,n
Cần Thơ,0.0571,7.791400137066113e-05,0.0654,6.180461802216068e-06,4776
Huế,0.106,2.099575594900932e-13,0.0954,4.024334020344736e-11,4771
Hà Nội,-0.127,1.310014310800111e-16,-0.1354,1.1558070119159854e-18,4208
Hải Phòng,-0.0279,0.053584794506904516,-0.023,0.11237949586511838,4771
Hồ Chí Minh,-0.14,8.154116480898458e-20,-0.1025,2.789160832779792e-11,4195
Nha Trang,-0.0251,0.08322689344045017,0.1307,1.247477635152424e-19,4772
Vinh,-0.0138,0.3413570279640235,0.0033,0.8194408236668413,4774
__ALL__,-0.043,2.1181722663420996e-16,0.0055,0.29265455146215985,36471
Đà Nẵng,0.1196,7.119489033196978e-15,0.0877,1.2308273864339388e-08,4204
