city,pearson_r,pearson_p,spearman_rho,spearman_p,n
Cần Thơ,0.0581,6.664630119306444e-05,0.0678,3.304870907497366e-06,4698
Huế,0.1047,6.385694389671273e-13,0.094,1.0820508704965208e-10,4693
Hà Nội,-0.1233,1.8157679088040844e-15,-0.1321,1.547212139643401e-17,4130
Hải Phòng,-0.0276,0.0587325789896122,-0.0237,0.10441002074626114,4693
Hồ Chí Minh,-0.1333,8.918272125998285e-18,-0.0946,1.1764623039347884e-09,4117
Nha Trang,-0.0278,0.05646237224499985,0.126,4.469154011274097e-18,4694
Vinh,-0.0133,0.36163225755514505,0.0017,0.9062770545386071,4696
__ALL__,-0.0432,2.7392612285643877e-16,0.0052,0.3262841213943559,35847
Đà Nẵng,0.1208,6.920290538363725e-15,0.0879,1.556383890323667e-08,4126
