city,pearson_r,pearson_p,spearman_rho,spearman_p,n
Cần Thơ,-0.3769,1.2094698639398907e-157,-0.4448,7.090518469793878e-226,4673
Huế,-0.1778,1.910480833566332e-34,-0.1517,1.9745703699248868e-25,4667
Hà Nội,-0.0393,0.01175658494543217,-0.0905,6.4231430107151785e-09,4104
Hải Phòng,-0.2246,2.0036950707258338e-54,-0.2215,5.824466932780468e-53,4667
Hồ Chí Minh,-0.2848,3.3748825004148985e-77,-0.3492,1.132232999856776e-117,4091
Nha Trang,-0.0982,1.8083556234594533e-11,-0.18,2.843452242515911e-35,4668
Vinh,-0.1612,1.5312186855709906e-28,-0.212,1.3499315978772208e-48,4670
__ALL__,-0.1047,1.6921687759198728e-87,-0.1482,3.943594447807045e-174,35641
Đà Nẵng,-0.2421,8.464649759636339e-56,-0.2392,1.9168758697115174e-54,4101
