city,pearson_r,pearson_p,spearman_rho,spearman_p,n
Cần Thơ,-0.3646,1.6479430129899296e-150,-0.4294,3.2334848107171503e-214,4790
Huế,-0.1701,2.181846409799577e-32,-0.1412,9.664891873400434e-23,4785
Hà Nội,-0.029,0.059140979703220325,-0.0699,5.468127329758705e-06,4222
Hải Phòng,-0.2085,3.9035905939446244e-48,-0.1989,7.122578807939941e-44,4785
Hồ Chí Minh,-0.2656,7.076791316307168e-69,-0.3202,5.715139223310997e-101,4209
Nha Trang,-0.0992,6.10563233439468e-12,-0.1724,2.893999120088525e-33,4786
Vinh,-0.1564,1.383842298284225e-27,-0.2009,8.423848214234962e-45,4788
__ALL__,-0.0983,3.2654928945033856e-79,-0.138,6.22257966676252e-155,36583
Đà Nẵng,-0.2372,5.01581592967344e-55,-0.2342,1.1767943515769165e-53,4218
