city,pearson_r,pearson_p,spearman_rho,spearman_p,n
Cần Thơ,0.0556,0.00015569236812337087,0.0657,7.80820502390898e-06,4629
Huế,0.1108,4.115648814211671e-14,0.0977,2.7903782911966397e-11,4623
Hà Nội,-0.1107,1.4835361314784417e-12,-0.1167,8.560614745428498e-14,4062
Hải Phòng,-0.0184,0.2103209516770635,-0.0117,0.42746335892136633,4624
Hồ Chí Minh,-0.1352,5.520000647587048e-18,-0.0959,9.829586353882903e-10,4049
Nha Trang,-0.0285,0.05257229094238609,0.1242,2.3504392925769263e-17,4625
Vinh,-0.0087,0.5526340527810502,0.0074,0.6158240774835677,4626
__ALL__,-0.0407,1.8971666128607564e-14,0.0084,0.115070468992607,35297
Đà Nẵng,0.1295,1.1793695733058532e-16,0.099,2.5544695446386207e-10,4059
