city,pearson_r,pearson_p,spearman_rho,spearman_p,n
Cần Thơ,-0.3647,6.419651060641095e-150,-0.4291,6.098019193615415e-213,4768
Huế,-0.1704,2.347192429196579e-32,-0.1415,9.849527803225555e-23,4763
Hà Nội,-0.0306,0.04765847511023718,-0.0729,2.2824353395127865e-06,4200
Hải Phòng,-0.211,4.317846520740157e-49,-0.2019,5.514723231090025e-45,4763
Hồ Chí Minh,-0.2689,2.8631016216679735e-70,-0.3255,6.77516550111307e-104,4187
Nha Trang,-0.0998,5.087161992710456e-12,-0.1757,2.4810407524899026e-34,4764
Vinh,-0.1549,5.5935197623435814e-27,-0.199,9.047646093448896e-44,4766
__ALL__,-0.0984,4.4235471388233174e-79,-0.1379,6.305213533928219e-154,36407
Đà Nẵng,-0.2366,1.6907819541618424e-54,-0.2331,7.313567264880763e-53,4196
