city,pearson_r,pearson_p,spearman_rho,spearman_p,n
Cần Thơ,-0.3697,3.10782213971885e-153,-0.4335,3.157701624186496e-216,4734
Huế,-0.1731,3.88132195949099e-33,-0.1451,1.1463006319675828e-23,4729
Hà Nội,-0.0329,0.03380988498476226,-0.0787,3.6664158244387864e-07,4166
Hải Phòng,-0.2184,3.637759772162629e-52,-0.2121,3.000851997590122e-49,4729
Hồ Chí Minh,-0.2728,8.838795664460085e-72,-0.333,4.1412702193643935e-108,4153
Nha Trang,-0.1,5.47080611698863e-12,-0.1796,1.3682311805166697e-35,4730
Vinh,-0.1567,2.064876394942391e-27,-0.203,3.369052361200994e-45,4732
__ALL__,-0.1005,9.866163819472435e-82,-0.1415,5.539603918782173e-161,36135
Đà Nẵng,-0.2389,4.048418714818636e-55,-0.2356,1.394262263575939e-53,4162
