city,pearson_r,pearson_p,spearman_rho,spearman_p,n
Cần Thơ,-0.366,1.9654348147290582e-151,-0.4308,2.9694949944244973e-215,4780
Huế,-0.1707,1.4963553565445144e-32,-0.142,6.154216219183534e-23,4775
Hà Nội,-0.0296,0.05434819056287012,-0.0711,3.902499636062586e-06,4212
Hải Phòng,-0.2101,8.48643234313226e-49,-0.2009,1.1569540975959888e-44,4775
Hồ Chí Minh,-0.2682,4.345120359115728e-70,-0.3248,8.875003214714148e-104,4199
Nha Trang,-0.0994,5.708347721518414e-12,-0.174,8.559068438986792e-34,4776
Vinh,-0.1546,5.828613327846015e-27,-0.1988,8.543459383289437e-44,4778
__ALL__,-0.0987,1.1910334712684208e-79,-0.1385,7.731065702886673e-156,36503
Đà Nẵng,-0.2369,9.071191229001861e-55,-0.2337,2.7030731297428213e-53,4208
