city,pearson_r,pearson_p,spearman_rho,spearman_p,n
Cần Thơ,0.0584,6.341363138033632e-05,0.0683,2.826701324159099e-06,4691
Huế,0.1055,4.577697043059037e-13,0.0948,7.787791150114737e-11,4685
Hà Nội,-0.122,3.806796112498485e-15,-0.1306,3.86807566666621e-17,4122
Hải Phòng,-0.0267,0.06719643518246136,-0.0223,0.12659532400194673,4685
Hồ Chí Minh,-0.1332,1.0191557212561731e-17,-0.0947,1.1785945360379876e-09,4109
Nha Trang,-0.0285,0.050709976127049174,0.1253,7.335975290591977e-18,4686
Vinh,-0.0131,0.371059829463511,0.0018,0.8992576158714427,4688
__ALL__,-0.0427,6.309396686665873e-16,0.0058,0.2746378712737431,35785
Đà Nẵng,0.1225,3.0348867429326804e-15,0.0901,6.800735106304923e-09,4119
