city,pearson_r,pearson_p,spearman_rho,spearman_p,n
Cần Thơ,-0.3755,2.2623475167057113e-157,-0.4414,1.717286602651281e-223,4702
Huế,-0.175,1.2677179417387718e-33,-0.1477,2.5580465034929725e-24,4697
Hà Nội,-0.035,0.024320903780814484,-0.0822,1.2105937731423595e-07,4134
Hải Phòng,-0.2205,7.998277637354846e-53,-0.2156,1.5743678208232568e-50,4697
Hồ Chí Minh,-0.2832,7.494114647786526e-77,-0.3489,2.8499095523595055e-118,4121
Nha Trang,-0.0991,9.862044974122162e-12,-0.18,1.7155757659893442e-35,4698
Vinh,-0.1587,6.6882277689421745e-28,-0.2067,1.589596599592827e-46,4700
__ALL__,-0.1028,6.536590443885194e-85,-0.1453,1.8062194103529868e-168,35879
Đà Nẵng,-0.2399,3.7407864306633756e-55,-0.2364,1.4110017142825811e-53,4130
