city,pearson_r,pearson_p,spearman_rho,spearman_p,n
Cần Thơ,0.0543,0.00018041523426138632,0.0629,1.4602553365923733e-05,4744
Huế,0.1065,2.0193873553538341e-13,0.0958,3.830205398348925e-11,4739
Hà Nội,-0.1299,3.505488312523954e-17,-0.1402,8.87642261878996e-20,4176
Hải Phòng,-0.0318,0.028747392600662922,-0.0285,0.04986427829202554,4739
Hồ Chí Minh,-0.1411,5.84889002015582e-20,-0.1035,2.178000458679295e-11,4163
Nha Trang,-0.0257,0.077117743370365,0.1294,3.8437649890989767e-19,4740
Vinh,-0.0149,0.30521672321710663,0.0004,0.9783718472276369,4742
__ALL__,-0.0443,3.450441565654164e-17,0.0041,0.4356723118895114,36215
Đà Nẵng,0.1207,5.266491230149456e-15,0.0885,1.017814328904757e-08,4172
