city,pearson_r,pearson_p,spearman_rho,spearman_p,n
Cần Thơ,-0.3723,6.007080764519699e-155,-0.4373,1.507799175938988e-219,4715
Huế,-0.1746,1.5096561192787774e-33,-0.1472,3.2100919306714005e-24,4710
Hà Nội,-0.0343,0.02721655569117126,-0.0812,1.6516746813055654e-07,4147
Hải Phòng,-0.2201,8.727339294071021e-53,-0.2147,3.1547008154582887e-50,4710
Hồ Chí Minh,-0.2797,3.5879397899426083e-75,-0.3426,3.357817405141931e-114,4134
Nha Trang,-0.0996,7.336360314381294e-12,-0.1798,1.565979761844167e-35,4711
Vinh,-0.1579,1.1025385991443605e-27,-0.2051,6.380385280492663e-46,4713
__ALL__,-0.102,6.993897500117393e-84,-0.1441,3.8114354970409355e-166,35983
Đà Nẵng,-0.2401,2.1073542522944865e-55,-0.2366,8.017129859462696e-54,4143
