city,pearson_r,pearson_p,spearman_rho,spearman_p,n
Cần Thơ,0.0569,0.00010091960717906855,0.0668,5.063333566523706e-06,4662
Huế,0.1047,7.998243575204046e-13,0.094,1.315362329573845e-10,4656
Hà Nội,-0.1185,2.7326887413927602e-14,-0.127,3.35182186246502e-16,4095
Hải Phòng,-0.0228,0.11914700078454388,-0.0176,0.22909361655800928,4657
Hồ Chí Minh,-0.1331,1.3207444008857359e-17,-0.093,2.627809842034527e-09,4082
Nha Trang,-0.0291,0.04711383544412711,0.1238,2.2244133622353385e-17,4658
Vinh,-0.0137,0.3506317169369717,-0.0003,0.9815983957393761,4659
__ALL__,-0.0428,6.789530656795316e-16,0.0057,0.28472211180071155,35561
Đà Nẵng,0.1217,5.690449190901248e-15,0.0887,1.3311485988435177e-08,4092
