city,pearson_r,pearson_p,spearman_rho,spearman_p,n
Cần Thơ,0.0568,9.542861600435992e-05,0.0658,6.0588021102351725e-06,4713
Huế,0.1057,3.604170462280176e-13,0.095,6.619408946952774e-11,4708
Hà Nội,-0.1248,7.556975653227269e-16,-0.1333,6.732705930155796e-18,4145
Hải Phòng,-0.0285,0.05072939697747629,-0.0248,0.08929499924825207,4708
Hồ Chí Minh,-0.1369,9.480448477432862e-19,-0.0988,1.9188184295523963e-10,4132
Nha Trang,-0.0274,0.059845782632229214,0.1265,3.006585468160704e-18,4709
Vinh,-0.0132,0.36624022829030445,0.0025,0.8618806373833765,4711
__ALL__,-0.0433,1.9914382814688534e-16,0.0051,0.32950862123145785,35967
Đà Nẵng,0.1207,6.630205585572018e-15,0.0878,1.4951855779930548e-08,4141
