city,pearson_r,pearson_p,spearman_rho,spearman_p,n
Cần Thơ,-0.3765,1.4911373986397053e-157,-0.4438,4.2500663742914234e-225,4680
Huế,-0.177,3.3433592692758365e-34,-0.1506,4.04140260458093e-25,4674
Hà Nội,-0.0381,0.01457378498259108,-0.0883,1.422128022426111e-08,4111
Hải Phòng,-0.2221,2.4660313440535438e-53,-0.2181,1.897266403027254e-51,4674
Hồ Chí Minh,-0.2847,2.8544592305022228e-77,-0.3498,2.959080166030392e-118,4098
Nha Trang,-0.0983,1.669779747261583e-11,-0.1794,4.0114362667745057e-35,4675
Vinh,-0.1605,2.3555780999002545e-28,-0.2103,6.688466267880312e-48,4677
__ALL__,-0.1042,1.1504319618382575e-86,-0.1473,3.2770378304529767e-172,35697
Đà Nẵng,-0.242,7.963186712671407e-56,-0.2391,1.740273400371425e-54,4108
