city,pearson_r,pearson_p,spearman_rho,spearman_p,n
Cần Thơ,0.0576,8.189413540105987e-05,0.0678,3.505968967568e-06,4674
Huế,0.105,6.498603167469143e-13,0.0943,1.099342824344423e-10,4668
Hà Nội,-0.1211,6.803662748545261e-15,-0.1304,4.946116297850365e-17,4105
Hải Phòng,-0.0242,0.09857047726983892,-0.0192,0.18870398821554413,4668
Hồ Chí Minh,-0.1325,1.7193984541195492e-17,-0.093,2.476093882555332e-09,4092
Nha Trang,-0.0285,0.05132843022634607,0.1251,9.568967829120449e-18,4669
Vinh,-0.0139,0.3432259377419435,0.0001,0.9965572295096511,4671
__ALL__,-0.0427,7.51476830645853e-16,0.0057,0.27801919469863023,35649
Đà Nẵng,0.1226,3.237425211997902e-15,0.0903,6.9017839971845785e-09,4102
