city,pearson_r,pearson_p,spearman_rho,spearman_p,n
Cần Thơ,-0.3663,1.1344401157755323e-151,-0.431,2.128704952864862e-215,4778
Huế,-0.1707,1.505984971490414e-32,-0.142,6.392857069944593e-23,4773
Hà Nội,-0.03,0.051927483623338315,-0.0718,3.1096647376389863e-06,4210
Hải Phòng,-0.2104,6.7378637134229135e-49,-0.2011,9.271029980745479e-45,4773
Hồ Chí Minh,-0.2684,3.798957343102409e-70,-0.325,7.595159877703441e-104,4197
Nha Trang,-0.0995,5.661776598143779e-12,-0.1743,6.947831001346333e-34,4774
Vinh,-0.1547,5.771159947206955e-27,-0.1989,8.625146136261858e-44,4776
__ALL__,-0.0987,1.0381706536900668e-79,-0.1385,8.731998951510177e-156,36487
Đà Nẵng,-0.2368,1.0558545412398076e-54,-0.2335,3.3544820769383685e-53,4206
