city,pearson_r,pearson_p,spearman_rho,spearman_p,n
Cần Thơ,-0.3702,2.7351189130569247e-153,-0.4347,6.890314079888225e-217,4721
Huế,-0.1738,2.7671949853955426e-33,-0.146,6.783632879191637e-24,4716
Hà Nội,-0.034,0.028560778342343343,-0.0808,1.8552503806679487e-07,4153
Hải Phòng,-0.2198,1.0781482863600176e-52,-0.2141,4.98992587498753e-50,4716
Hồ Chí Minh,-0.2753,6.81439869790442e-73,-0.3372,1.212534059669975e-110,4140
Nha Trang,-0.1001,5.6239899614157235e-12,-0.1808,6.202112937671399e-36,4717
Vinh,-0.1572,1.7414119083200943e-27,-0.2034,2.955254638307591e-45,4719
__ALL__,-0.1012,1.3843516564802117e-82,-0.1425,7.770311132412306e-163,36031
Đà Nẵng,-0.2393,3.9954944855413934e-55,-0.2357,1.8120982669250826e-53,4149
