city,pearson_r,pearson_p,spearman_rho,spearman_p,n
Cần Thơ,-0.3715,2.8647957873278263e-154,-0.4363,1.7202950678150787e-218,4717
Huế,-0.1743,1.8278845555408342e-33,-0.1468,4.1887680670139784e-24,4712
Hà Nội,-0.0341,0.02789401428236272,-0.0809,1.8044559401754024e-07,4149
Hải Phòng,-0.22,9.841055162955017e-53,-0.2144,3.8946578881978456e-50,4712
Hồ Chí Minh,-0.2782,2.1771155739628152e-74,-0.3408,5.690914811740311e-113,4136
Nha Trang,-0.0998,6.7233481091187705e-12,-0.1801,1.1566267937914474e-35,4713
Vinh,-0.1577,1.2647444883564774e-27,-0.2046,9.668131379917072e-46,4715
__ALL__,-0.1017,2.0071660184732732e-83,-0.1435,5.459583538893378e-165,35999
Đà Nẵng,-0.2398,2.7375668983447307e-55,-0.2363,1.1162626333447805e-53,4145
