city,pearson_r,pearson_p,spearman_rho,spearman_p,n
Cần Thơ,0.0547,0.0001673709297866368,0.0637,1.1565148499705522e-05,4727
Huế,0.1062,2.5655579157619895e-13,0.0955,4.921163307936222e-11,4722
Hà Nội,-0.1273,1.739616941386083e-16,-0.1366,8.644711632322085e-19,4159
Hải Phòng,-0.0297,0.04115497743261857,-0.0266,0.06739945676689926,4722
Hồ Chí Minh,-0.1412,6.563286501677704e-20,-0.1035,2.391360302003772e-11,4146
Nha Trang,-0.026,0.07433688923005825,0.1289,6.042284378336357e-19,4723
Vinh,-0.0143,0.32521211347710427,0.0007,0.963237896241613,4725
__ALL__,-0.044,6.621095422798891e-17,0.0044,0.39930661474673357,36079
Đà Nẵng,0.1207,5.899263470684273e-15,0.088,1.339713750434584e-08,4155
