city,pearson_r,pearson_p,spearman_rho,spearman_p,n
Cần Thơ,-0.3765,1.3585862363722555e-157,-0.4437,4.2191667953658964e-225,4682
Huế,-0.1768,3.841539214588583e-34,-0.1503,4.878735664424699e-25,4676
Hà Nội,-0.0377,0.015714508924766512,-0.0874,1.9560947968763197e-08,4113
Hải Phòng,-0.222,2.515441294364338e-53,-0.2181,1.832099768765849e-51,4676
Hồ Chí Minh,-0.2847,2.6535939182301967e-77,-0.3501,1.5890887712678576e-118,4100
Nha Trang,-0.0983,1.6215048749728326e-11,-0.1794,4.131931531786315e-35,4677
Vinh,-0.1603,2.6608038314492165e-28,-0.2098,1.0297618620644225e-47,4679
__ALL__,-0.104,1.6154012907912363e-86,-0.1471,5.734404084736293e-172,35713
Đà Nẵng,-0.2419,8.722008862489081e-56,-0.2389,2.0087912328779987e-54,4110
