city,pearson_r,pearson_p,spearman_rho,spearman_p,n
Cần Thơ,-0.3649,7.452729279424387e-151,-0.4297,1.1379878716109942e-214,4792
Huế,-0.1699,2.4092377255551252e-32,-0.141,1.0937210734616264e-22,4787
Hà Nội,-0.0293,0.05647654906766154,-0.0706,4.313313026342673e-06,4224
Hải Phòng,-0.2086,3.387783031154281e-48,-0.1991,5.327091795901593e-44,4787
Hồ Chí Minh,-0.2657,5.594615332679276e-69,-0.3205,3.1032636698898616e-101,4211
Nha Trang,-0.0992,6.025118386352085e-12,-0.1723,3.194785654785639e-33,4788
Vinh,-0.158,3.658975637469746e-28,-0.2018,3.236245475203127e-45,4790
__ALL__,-0.0986,1.1131642963939258e-79,-0.1383,1.2394923090237371e-155,36599
Đà Nẵng,-0.2372,4.5939494904352495e-55,-0.2344,9.248917373030763e-54,4220
