city,pearson_r,pearson_p,spearman_rho,spearman_p,n
Cần Thơ,-0.3765,1.4420094145896519e-157,-0.4437,4.4620627572144905e-225,4681
Huế,-0.1769,3.6390040814380224e-34,-0.1504,4.550085447642965e-25,4675
Hà Nội,-0.0379,0.01500021739226408,-0.088,1.5891740975868423e-08,4112
Hải Phòng,-0.2221,2.409588184446206e-53,-0.2182,1.754507723604803e-51,4675
Hồ Chí Minh,-0.2847,2.6849242818381817e-77,-0.35,2.066317693570335e-118,4099
Nha Trang,-0.0983,1.6417372442745907e-11,-0.1794,4.135332035817765e-35,4676
Vinh,-0.1604,2.434488398734716e-28,-0.2102,7.289925908120403e-48,4678
__ALL__,-0.1041,1.335846463351352e-86,-0.1472,3.755378824452078e-172,35705
Đà Nẵng,-0.2419,8.630440602681896e-56,-0.2389,1.9499975924151786e-54,4109
