city,pearson_r,pearson_p,spearman_rho,spearman_p,n
Cần Thơ,0.0551,0.0001537171051584148,0.0643,9.926237240902134e-06,4718
Huế,0.1059,3.0542753658509965e-13,0.0952,5.7572275455831476e-11,4713
Hà Nội,-0.1256,4.512456247294839e-16,-0.1345,3.3084108817006053e-18,4150
Hải Phòng,-0.029,0.046587275414614014,-0.0256,0.07867735130476901,4713
Hồ Chí Minh,-0.1397,1.8127159811979103e-19,-0.1017,5.4335210351150995e-11,4137
Nha Trang,-0.0269,0.06497040258435853,0.1273,1.7414615050180797e-18,4714
Vinh,-0.0138,0.342774020876509,0.0016,0.912226096438888,4716
__ALL__,-0.0438,8.900056439877305e-17,0.0046,0.3847992428038651,36007
Đà Nẵng,0.1205,7.10764616578513e-15,0.0876,1.5804591842965436e-08,4146
