city,pearson_r,pearson_p,spearman_rho,spearman_p,n
Cần Thơ,0.0549,0.00015554153564968935,0.064,1.0384030479344191e-05,4735
Huế,0.1069,1.7042872935288387e-13,0.0961,3.5013482452221163e-11,4730
Hà Nội,-0.1279,1.1567659871255335e-16,-0.1371,6.207111510253106e-19,4167
Hải Phòng,-0.0299,0.03943846753407481,-0.0262,0.07115477310290573,4730
Hồ Chí Minh,-0.1403,1.0378361988330831e-19,-0.1023,3.919425328559807e-11,4154
Nha Trang,-0.0257,0.07708348186898852,0.1295,3.7582703838299394e-19,4731
Vinh,-0.0142,0.3302740243272925,0.0014,0.9219415696576964,4733
__ALL__,-0.0435,1.2447431983975998e-16,0.0051,0.33447572485119204,36143
Đà Nẵng,0.1218,3.198061033872923e-15,0.0898,6.530401496316752e-09,4163
