city,pearson_r,pearson_p,spearman_rho,spearman_p,n
Cần Thơ,-0.377,8.08478443805921e-157,-0.4451,6.312453904017566e-225,4646
Huế,-0.1815,1.1881831082056008e-35,-0.1559,1.2329703547125131e-26,4640
Hà Nội,-0.0442,0.004793316658623029,-0.1003,1.3812420475395539e-10,4079
Hải Phòng,-0.2291,2.5500561617508787e-56,-0.2282,6.546163847127944e-56,4641
Hồ Chí Minh,-0.2847,1.0564809973202372e-76,-0.3476,8.374851376322368e-116,4066
Nha Trang,-0.0986,1.6569407880418966e-11,-0.1841,1.1716879807458096e-36,4642
Vinh,-0.1625,7.683738402247863e-29,-0.2149,1.2591516934086298e-49,4643
__ALL__,-0.107,1.1526680216049425e-90,-0.1518,1.3126361424074698e-181,35433
Đà Nẵng,-0.2465,1.6914643787688212e-57,-0.2444,1.639387810910512e-56,4076
