city,pearson_r,pearson_p,spearman_rho,spearman_p,n
Cần Thơ,-0.3769,1.1931103465080901e-157,-0.4447,8.112204168087716e-226,4674
Huế,-0.1777,2.101741108984637e-34,-0.1515,2.2292509180775186e-25,4668
Hà Nội,-0.0391,0.012131640419190006,-0.0901,7.328013371715175e-09,4105
Hải Phòng,-0.2241,3.178098470682215e-54,-0.2209,1.1148050332337993e-52,4668
Hồ Chí Minh,-0.2849,2.818627039528978e-77,-0.3495,7.339048205748661e-118,4092
Nha Trang,-0.0982,1.7792623321579093e-11,-0.1799,2.929263185090413e-35,4669
Vinh,-0.161,1.6404892372712438e-28,-0.2118,1.6857077280339218e-48,4671
__ALL__,-0.1047,2.2859740276654924e-87,-0.148,8.824148793595994e-174,35649
Đà Nẵng,-0.2421,8.301449441067364e-56,-0.2392,1.87776732327379e-54,4102
