city,pearson_r,pearson_p,spearman_rho,spearman_p,n
Cần Thơ,0.0581,6.778755011330963e-05,0.0676,3.4625933301075578e-06,4699
Huế,0.1047,6.454457540458279e-13,0.094,1.0875516325834235e-10,4694
Hà Nội,-0.1235,1.6544133174438359e-15,-0.1323,1.3813237213682803e-17,4131
Hải Phòng,-0.0277,0.057954947250915455,-0.0238,0.10243867000072214,4694
Hồ Chí Minh,-0.1337,6.8491151874666215e-18,-0.0952,9.39533191943754e-10,4118
Nha Trang,-0.0278,0.05723800388879416,0.1261,4.222389081399767e-18,4695
Vinh,-0.0133,0.36082525022737366,0.0017,0.9066876605538292,4697
__ALL__,-0.0433,2.3794955533956437e-16,0.0051,0.33571738437369836,35855
Đà Nẵng,0.1205,7.906934658220217e-15,0.0875,1.7848872243526256e-08,4127
