city,pearson_r,pearson_p,spearman_rho,spearman_p,n
Cần Thơ,0.0546,0.00017126272927671672,0.0635,1.2006329278983818e-05,4738
Huế,0.1068,1.7474377701964202e-13,0.0961,3.53814495445776e-11,4733
Hà Nội,-0.1285,8.007795516133698e-17,-0.138,3.417004393266874e-19,4170
Hải Phòng,-0.0303,0.037313431321438335,-0.0264,0.06902555948533799,4733
Hồ Chí Minh,-0.1404,9.643457402863397e-20,-0.1022,3.943135124105202e-11,4157
Nha Trang,-0.0257,0.07719283608539874,0.1295,3.730250293463569e-19,4734
Vinh,-0.0143,0.32608356591218624,0.0013,0.928386846184426,4736
__ALL__,-0.0437,8.719670984682728e-17,0.0049,0.3551841782795043,36167
Đà Nẵng,0.1213,3.987547506731374e-15,0.0894,7.562284302554008e-09,4166
