city,pearson_r,pearson_p,spearman_rho,spearman_p,n
Cần Thơ,0.0584,6.378602349251524e-05,0.0683,2.8884707020769955e-06,4687
Huế,0.1053,4.979290900629109e-13,0.0947,8.485177619149933e-11,4681
Hà Nội,-0.1219,4.231792175465991e-15,-0.1306,3.8780502545302205e-17,4118
Hải Phòng,-0.0262,0.07267145935537464,-0.0218,0.13669190785547347,4681
Hồ Chí Minh,-0.1324,1.584749037598407e-17,-0.0935,1.936487274532535e-09,4105
Nha Trang,-0.0286,0.05041955346383305,0.1252,8.071008000424605e-18,4682
Vinh,-0.013,0.37384199659350204,0.0017,0.9059237965184773,4684
__ALL__,-0.0426,7.586798571449579e-16,0.0059,0.26349291848920137,35753
Đà Nẵng,0.1225,3.0592097257022893e-15,0.0902,6.797595270490933e-09,4115
