city,pearson_r,pearson_p,spearman_rho,spearman_p,n
Cần Thơ,-0.3664,1.0963943266613795e-151,-0.4309,2.623901218275642e-215,4777
Huế,-0.1707,1.6114516915959338e-32,-0.1419,6.938597055488267e-23,4772
Hà Nội,-0.0301,0.05121405326064946,-0.072,2.9361166955439093e-06,4209
Hải Phòng,-0.2105,6.176868732346066e-49,-0.2012,8.857868070984202e-45,4772
Hồ Chí Minh,-0.2684,3.6790599502033086e-70,-0.325,7.96873828364023e-104,4196
Nha Trang,-0.0995,5.602616193858007e-12,-0.1745,5.790048663312381e-34,4773
Vinh,-0.1547,5.766943493530538e-27,-0.1989,8.729951348610193e-44,4775
__ALL__,-0.0987,1.0935223011796405e-79,-0.1385,1.2686333093305393e-155,36479
Đà Nẵng,-0.2368,1.1541257669783117e-54,-0.2334,3.8829584199968295e-53,4205
