city,pearson_r,pearson_p,spearman_rho,spearman_p,n
Cần Thơ,0.0545,0.00017569962661509572,0.0632,1.3197222593237986e-05,4740
Huế,0.1066,1.9122635880882264e-13,0.0958,3.8848247418702705e-11,4735
Hà Nội,-0.129,6.039751727181405e-17,-0.1388,2.1232371032762682e-19,4172
Hải Phòng,-0.0308,0.03430648085759456,-0.0271,0.0618681079127506,4735
Hồ Chí Minh,-0.1405,8.553243834747597e-20,-0.1025,3.5171158193012265e-11,4159
Nha Trang,-0.0257,0.0773184771840898,0.1295,3.5940287652774637e-19,4736
Vinh,-0.0144,0.32065329643816715,0.0011,0.9387930791012603,4738
__ALL__,-0.0439,6.206960674939975e-17,0.0046,0.38389296384502347,36183
Đà Nẵng,0.1209,4.793570130453674e-15,0.0889,9.016559140454448e-09,4168
