city,pearson_r,pearson_p,spearman_rho,spearman_p,n
Cần Thơ,0.0578,7.15711812617428e-05,0.0671,4.074894878614522e-06,4707
Huế,0.1053,4.577589093456894e-13,0.0946,8.131963758641976e-11,4702
Hà Nội,-0.1243,1.0143578414140318e-15,-0.133,8.708900289051512e-18,4139
Hải Phòng,-0.0281,0.053829782199964926,-0.0243,0.09508111892098002,4702
Hồ Chí Minh,-0.1366,1.2128701822202302e-18,-0.0983,2.454253545360338e-10,4126
Nha Trang,-0.0276,0.058278792221252464,0.1261,3.8981607530951505e-18,4703
Vinh,-0.013,0.3718038921217749,0.0024,0.8677639592596076,4705
__ALL__,-0.0434,2.0066672159115613e-16,0.0051,0.3364343743602286,35919
Đà Nẵng,0.1201,9.414940372458087e-15,0.0869,2.143185263018783e-08,4135
