city,pearson_r,pearson_p,spearman_rho,spearman_p,n
Cần Thơ,-0.3699,2.4884236749020003e-153,-0.434,1.2280655123233913e-216,4731
Huế,-0.1733,3.427345710768611e-33,-0.1454,9.704200667659723e-24,4726
Hà Nội,-0.0333,0.03181405258885306,-0.0796,2.748066589012728e-07,4163
Hải Phòng,-0.219,1.9987392978691107e-52,-0.2131,1.1059023728306448e-49,4726
Hồ Chí Minh,-0.2729,8.473731266434039e-72,-0.3331,4.365890683256311e-108,4150
Nha Trang,-0.1002,5.1191027635216e-12,-0.1805,6.79977549336567e-36,4727
Vinh,-0.1569,1.9024411943358608e-27,-0.2032,3.056709022857106e-45,4729
__ALL__,-0.1008,3.8332669308552683e-82,-0.142,5.246865516773169e-162,36111
Đà Nẵng,-0.2395,2.336749023444782e-55,-0.2363,7.195108221036282e-54,4159
