city,pearson_r,pearson_p,spearman_rho,spearman_p,n
Cần Thơ,0.056,0.00013853659196308093,0.0661,6.70206240629396e-06,4631
Huế,0.1108,4.0591729772602095e-14,0.0977,2.8097047034515717e-11,4625
Hà Nội,-0.1106,1.5676315011393754e-12,-0.1163,1.0088358331986376e-13,4064
Hải Phòng,-0.0184,0.21151432628270103,-0.0115,0.4337116637457531,4626
Hồ Chí Minh,-0.1351,5.672679709610871e-18,-0.0957,1.029944505041759e-09,4051
Nha Trang,-0.0289,0.049468286013088156,0.1237,3.1158342562410016e-17,4627
Vinh,-0.0089,0.545688584949252,0.0072,0.622520307892761,4628
__ALL__,-0.0406,2.3188034016752617e-14,0.0086,0.10705936144968264,35313
Đà Nẵng,0.1298,9.850885145451762e-17,0.0995,2.057639491210238e-10,4061
