city,pearson_r,pearson_p,spearman_rho,spearman_p,n
Cần Thơ,0.0558,0.0001187299465893437,0.0641,9.678584516615732e-06,4751
Huế,0.107,1.4538432959781377e-13,0.0964,2.857583451841437e-11,4746
Hà Nội,-0.129,5.616494032368557e-17,-0.1385,2.2779903872092853e-19,4183
Hải Phòng,-0.0307,0.03457284456935283,-0.027,0.06336881958846187,4746
Hồ Chí Minh,-0.1404,8.378258219168775e-20,-0.1026,3.100635284339105e-11,4170
Nha Trang,-0.0255,0.07854310305364941,0.13,2.3890923673443995e-19,4747
Vinh,-0.0145,0.3186576899664198,0.001,0.943172819984931,4749
__ALL__,-0.0436,1.0289472132026194e-16,0.005,0.34080622893652657,36271
Đà Nẵng,0.121,4.209080852389726e-15,0.089,8.32644689755318e-09,4179
