city,pearson_r,pearson_p,spearman_rho,spearman_p,n
Cần Thơ,-0.3647,1.1156132732937048e-150,-0.4296,1.893505840995432e-214,4791
Huế,-0.17,2.2947544854101786e-32,-0.1411,1.027921018013718e-22,4786
Hà Nội,-0.0292,0.057424488214345426,-0.0703,4.809598309392492e-06,4223
Hải Phòng,-0.2085,3.836767909498658e-48,-0.1989,6.500791335725393e-44,4786
Hồ Chí Minh,-0.2656,6.376468182658817e-69,-0.3203,4.4801057553332187e-101,4210
Nha Trang,-0.0992,6.069722782534798e-12,-0.1723,3.1384021602863327e-33,4787
Vinh,-0.1572,7.087912742646565e-28,-0.2014,5.1736335059336514e-45,4789
__ALL__,-0.0984,1.9824014273474822e-79,-0.1381,3.105742279908802e-155,36591
Đà Nẵng,-0.2372,4.903627569913507e-55,-0.2343,1.0776650798196847e-53,4219
