city,pearson_r,pearson_p,spearman_rho,spearman_p,n
Cần Thơ,0.0571,7.846959663207996e-05,0.0654,6.030207351408425e-06,4778
Huế,0.1058,2.3310008154603244e-13,0.0951,4.5614506097521713e-11,4773
Hà Nội,-0.1274,1.0713753240507526e-16,-0.1358,8.720029450356104e-19,4210
Hải Phòng,-0.0277,0.05551497827739372,-0.0226,0.11922447520962275,4773
Hồ Chí Minh,-0.1403,6.782502780612534e-20,-0.1029,2.378319392903026e-11,4197
Nha Trang,-0.0251,0.08270980647303734,0.1304,1.4833517668558005e-19,4774
Vinh,-0.0138,0.33865973266670785,0.0032,0.8233767061732369,4776
__ALL__,-0.0431,1.6994833213234845e-16,0.0054,0.30617415219808036,36487
Đà Nẵng,0.1191,9.371247692113115e-15,0.0869,1.6762249418661438e-08,4206
