city,pearson_r,pearson_p,spearman_rho,spearman_p,n
Cần Thơ,0.0575,8.279354972257789e-05,0.0675,3.786651368309752e-06,4677
Huế,0.1048,6.881370348913557e-13,0.0942,1.1337459235475703e-10,4671
Hà Nội,-0.1218,4.814896238305095e-15,-0.1311,3.185362950046295e-17,4108
Hải Phòng,-0.0248,0.09004516723964201,-0.0202,0.1681237865521689,4671
Hồ Chí Minh,-0.1325,1.7119753778920753e-17,-0.0929,2.6281335396550257e-09,4095
Nha Trang,-0.0285,0.05135292035154925,0.125,9.86676252593823e-18,4672
Vinh,-0.0141,0.3365725056856281,-0.0001,0.9924986309629136,4674
__ALL__,-0.0429,5.584294251432957e-16,0.0055,0.2961675273566639,35673
Đà Nẵng,0.1225,3.311912249156653e-15,0.0902,7.1255796731328036e-09,4105
