city,pearson_r,pearson_p,spearman_rho,spearman_p,n
Cần Thơ,0.0551,0.00014849225891591536,0.0642,9.864525928909056e-06,4733
Huế,0.1069,1.72718676822362e-13,0.0961,3.560942422143174e-11,4728
Hà Nội,-0.1275,1.4580341651548532e-16,-0.1365,8.861128178029428e-19,4165
Hải Phòng,-0.0298,0.04035947854362826,-0.0262,0.07148258739925295,4728
Hồ Chí Minh,-0.1403,1.0852958461687792e-19,-0.1023,3.889797417618521e-11,4152
Nha Trang,-0.0257,0.07716630978231503,0.1295,3.8024723096816945e-19,4729
Vinh,-0.014,0.3357836839673443,0.0016,0.9139457219660956,4731
__ALL__,-0.0434,1.4935457935077506e-16,0.0052,0.32373936553389104,36127
Đà Nẵng,0.1219,2.953420927201404e-15,0.0899,6.285697531430767e-09,4161
