city,pearson_r,pearson_p,spearman_rho,spearman_p,n
Cần Thơ,-0.3767,1.2278363406817598e-157,-0.4442,1.6252731936756643e-225,4678
Huế,-0.1772,2.851834248706831e-34,-0.1509,3.2716336873619897e-25,4672
Hà Nội,-0.0385,0.013580353629397758,-0.089,1.1158891326430407e-08,4109
Hải Phòng,-0.2228,1.2861240414357918e-53,-0.2189,8.31824662177383e-52,4672
Hồ Chí Minh,-0.2848,2.7656200106052948e-77,-0.3496,4.261463422418034e-118,4096
Nha Trang,-0.0982,1.7550660318876006e-11,-0.1794,4.2015245069132775e-35,4673
Vinh,-0.1606,2.1531904602866956e-28,-0.2107,4.8123878933575946e-48,4675
__ALL__,-0.1043,6.718342068067372e-87,-0.1475,1.2129938572923732e-172,35681
Đà Nẵng,-0.242,8.210936657341937e-56,-0.2391,1.8642748396659427e-54,4106
