city,pearson_r,pearson_p,spearman_rho,spearman_p,n
Cần Thơ,0.0558,0.00011079196981430166,0.0638,9.73441169399316e-06,4801
Huế,0.1045,3.983375898419276e-13,0.0935,8.591807953920357e-11,4796
Hà Nội,-0.1313,9.629641060348278e-18,-0.1408,3.383203757549146e-20,4233
Hải Phòng,-0.0306,0.03391925176497606,-0.0256,0.07601486696738198,4796
Hồ Chí Minh,-0.1436,6.915857771072843e-21,-0.1075,2.52712834563404e-12,4220
Nha Trang,-0.0257,0.07462286807799172,0.1287,3.63831346049446e-19,4797
Vinh,-0.0196,0.17536116478255961,-0.0042,0.7725566901077603,4799
__ALL__,-0.0452,4.934616905299821e-18,0.0023,0.6604168406185744,36671
Đà Nẵng,0.1168,2.5077605793321343e-14,0.0843,4.003905019684868e-08,4229
