city,pearson_r,pearson_p,spearman_rho,spearman_p,n
Cần Thơ,0.0575,8.619205356891682e-05,0.0676,3.865469377136336e-06,4666
Huế,0.1051,6.221287382466389e-13,0.0944,1.0850803871510216e-10,4660
Hà Nội,-0.1196,1.5328309007506776e-14,-0.1282,1.7230143254590554e-16,4099
Hải Phòng,-0.0231,0.11509392142642443,-0.0178,0.22496427041753508,4661
Hồ Chí Minh,-0.1325,1.828331200425237e-17,-0.0927,2.8552719687919826e-09,4086
Nha Trang,-0.0288,0.04958178459637369,0.1247,1.2946438940414524e-17,4662
Vinh,-0.0133,0.3630379975636478,0.0004,0.9766537911958296,4663
__ALL__,-0.0424,1.229471186680839e-15,0.0061,0.24667289597073813,35593
Đà Nẵng,0.1228,3.1823984405868483e-15,0.0902,7.359038838146861e-09,4096
