city,pearson_r,pearson_p,spearman_rho,spearman_p,n
Cần Thơ,-0.3653,1.6231565324702052e-150,-0.4298,9.05959011249973e-214,4771
Huế,-0.1704,2.2712543156745873e-32,-0.1414,1.0072855411785896e-22,4766
Hà Nội,-0.0306,0.047543218751832664,-0.0729,2.2137547693930644e-06,4203
Hải Phòng,-0.2108,4.978538212899457e-49,-0.2016,6.567124848038886e-45,4766
Hồ Chí Minh,-0.2687,3.302905926523854e-70,-0.3254,6.099924638323256e-104,4190
Nha Trang,-0.0996,5.461283944084344e-12,-0.175,4.138119582751126e-34,4767
Vinh,-0.1548,5.820433970862915e-27,-0.1989,9.53500256448902e-44,4769
__ALL__,-0.0986,2.498856200335721e-79,-0.1381,1.5917619934239283e-154,36431
Đà Nẵng,-0.2367,1.5269868045971864e-54,-0.233,7.368583642146834e-53,4199
