city,pearson_r,pearson_p,spearman_rho,spearman_p,n
Cần Thơ,0.0568,8.767154778998236e-05,0.0652,6.725702410031763e-06,4756
Huế,0.1072,1.2734702737365283e-13,0.0966,2.5364022916798845e-11,4751
Hà Nội,-0.1286,6.626247727048941e-17,-0.1376,3.827297391642723e-19,4188
Hải Phòng,-0.0296,0.041081494669382955,-0.0256,0.0781133166315478,4751
Hồ Chí Minh,-0.1401,9.215304706215948e-20,-0.1023,3.494290406266728e-11,4175
Nha Trang,-0.0255,0.07835135950081942,0.1302,2.0730575367688396e-19,4752
Vinh,-0.0142,0.32859301430798693,0.0019,0.8976911293821233,4754
__ALL__,-0.0432,1.6985439885680263e-16,0.0055,0.2907573624127545,36311
Đà Nẵng,0.121,4.1464848063235826e-15,0.0891,7.640876663923246e-09,4184
