city,pearson_r,pearson_p,spearman_rho,spearman_p,n
Cần Thơ,0.0578,7.647186706283763e-05,0.0675,3.750408973781685e-06,4684
Huế,0.105,6.049699761006351e-13,0.0944,9.962378985349025e-11,4678
Hà Nội,-0.1224,3.2939724813387894e-15,-0.1316,2.3757967838594458e-17,4115
Hải Phòng,-0.0261,0.07476730507508889,-0.0218,0.136407962638995,4678
Hồ Chí Minh,-0.1325,1.6125183044508532e-17,-0.0929,2.5317391378317004e-09,4102
Nha Trang,-0.0285,0.05122626734031787,0.1252,8.309170045344518e-18,4679
Vinh,-0.0137,0.3493850174042674,0.0007,0.9641991436294255,4681
__ALL__,-0.0429,5.130752064211052e-16,0.0056,0.2920846686982946,35729
Đà Nẵng,0.1226,3.096483031899621e-15,0.0903,6.7075733837743064e-09,4112
