city,pearson_r,pearson_p,spearman_rho,spearman_p,n
Cần Thơ,-0.3769,2.2530080583712204e-157,-0.4447,2.0482030859739222e-225,4665
Huế,-0.1785,1.1869108142638356e-34,-0.1527,1.0470713357040841e-25,4659
Hà Nội,-0.0408,0.008987403783928127,-0.0936,1.930363643210334e-09,4098
Hải Phòng,-0.2266,2.3979697222478067e-55,-0.2244,2.891428227893391e-54,4660
Hồ Chí Minh,-0.2843,8.223922319246213e-77,-0.3481,1.0171506474316129e-116,4085
Nha Trang,-0.0979,2.089656949677678e-11,-0.1803,2.4281738301789147e-35,4661
Vinh,-0.162,8.631459322455717e-29,-0.2135,3.1964709851512222e-49,4662
__ALL__,-0.1055,1.32714859667177e-88,-0.1494,9.136021223448578e-177,35585
Đà Nẵng,-0.2437,1.89899552735841e-56,-0.2412,2.638608857987852e-55,4095
