city,pearson_r,pearson_p,spearman_rho,spearman_p,n
Cần Thơ,0.0545,0.00017407670358278652,0.0631,1.371354325090932e-05,4748
Huế,0.1066,1.8241321592237352e-13,0.096,3.4207327041079417e-11,4743
Hà Nội,-0.1298,3.5635396248468724e-17,-0.1398,1.0824978294082475e-19,4180
Hải Phòng,-0.0318,0.02873370741882349,-0.0282,0.052390491648124524,4743
Hồ Chí Minh,-0.1412,5.352985883834023e-20,-0.1036,2.011952540845e-11,4167
Nha Trang,-0.0257,0.07725179399943008,0.1296,3.208370543487923e-19,4744
Vinh,-0.0148,0.30857359929928174,0.0004,0.9762907825025018,4746
__ALL__,-0.0441,4.1596112025515916e-17,0.0043,0.41287094819502634,36247
Đà Nẵng,0.1208,4.68887511362834e-15,0.0887,9.299652037749853e-09,4176
