city,pearson_r,pearson_p,spearman_rho,spearman_p,n
Cần Thơ,-0.377,7.350257872525776e-157,-0.4451,5.89803263352731e-225,4647
Huế,-0.181,1.870664237702344e-35,-0.1553,1.919504752255611e-26,4641
Hà Nội,-0.044,0.004965660790101624,-0.0998,1.6395943342761306e-10,4080
Hải Phòng,-0.2289,3.0330616573044995e-56,-0.2279,8.955907460487289e-56,4642
Hồ Chí Minh,-0.2848,9.857561466083176e-77,-0.3477,6.668341105032418e-116,4067
Nha Trang,-0.0986,1.6672695028044176e-11,-0.1839,1.3707752951745499e-36,4643
Vinh,-0.1625,7.534870221177205e-29,-0.2149,1.1755824281632487e-49,4644
__ALL__,-0.1068,1.748453529157354e-90,-0.1516,3.497267454371322e-181,35441
Đà Nẵng,-0.2463,2.0497345372134893e-57,-0.2442,1.9650039675586e-56,4077
