city,pearson_r,pearson_p,spearman_rho,spearman_p,n
Cần Thơ,0.0573,9.914452598750645e-05,0.0689,2.8077141232905585e-06,4612
Huế,0.1121,2.3172807537274883e-14,0.0992,1.5353039970594e-11,4606
Hà Nội,-0.1078,6.125169008200846e-12,-0.1129,6.048166115043894e-13,4045
Hải Phòng,-0.0172,0.24384130396397918,-0.0099,0.5008933512461243,4607
Hồ Chí Minh,-0.1326,2.84499297914651e-17,-0.0921,4.697916141608493e-09,4032
Nha Trang,-0.0294,0.04631072663911147,0.1238,3.3977550620462296e-17,4608
Vinh,-0.0039,0.791849791773651,0.014,0.34128594209077767,4609
__ALL__,-0.0391,2.2036054084675233e-13,0.0109,0.04050080019328171,35161
Đà Nẵng,0.1328,2.2633974105072198e-17,0.1036,4.046717026273589e-11,4042
