city,pearson_r,pearson_p,spearman_rho,spearman_p,n
Cần Thơ,0.0574,8.556636718896364e-05,0.0671,4.374968468631195e-06,4681
Huế,0.1046,7.389232850430591e-13,0.094,1.1748848802345008e-10,4675
Hà Nội,-0.1225,3.2803172762668784e-15,-0.1319,2.047398837459112e-17,4112
Hải Phòng,-0.0257,0.07836772179541934,-0.0215,0.14215636139012067,4675
Hồ Chí Minh,-0.1324,1.7483105648645848e-17,-0.0924,3.1307803937714863e-09,4099
Nha Trang,-0.0285,0.05149404696648764,0.1251,9.239387452537072e-18,4676
Vinh,-0.0142,0.3324871135604585,-0.0002,0.9877717581385603,4678
__ALL__,-0.0431,3.902059499221696e-16,0.0053,0.31477181567602797,35705
Đà Nẵng,0.1225,3.2663343493414916e-15,0.0902,7.020313219378797e-09,4109
