city,pearson_r,pearson_p,spearman_rho,spearman_p,n
Cần Thơ,0.0568,0.00010542252679747138,0.067,4.8257680330466326e-06,4648
Huế,0.106,4.4243259119061215e-13,0.0947,9.956609667533272e-11,4642
Hà Nội,-0.1148,1.8992671703658622e-13,-0.1215,6.635831373669499e-15,4081
Hải Phòng,-0.0201,0.17193911383759639,-0.0136,0.35323037527527223,4643
Hồ Chí Minh,-0.1334,1.3253594631859236e-17,-0.094,1.8728556805660255e-09,4068
Nha Trang,-0.0293,0.04605366757994017,0.1238,2.5037296457788014e-17,4644
Vinh,-0.0125,0.395544685418201,0.0018,0.9019890474095948,4645
__ALL__,-0.0419,2.9252220402483593e-15,0.0069,0.1966780674760611,35449
Đà Nẵng,0.1246,1.3944586852358846e-15,0.0925,3.2832786132444738e-09,4078
