city,pearson_r,pearson_p,spearman_rho,spearman_p,n
Cần Thơ,0.0563,0.00012448964217147822,0.0665,5.970117256540423e-06,4632
Huế,0.1108,4.0341748459510905e-14,0.0976,2.8266481008903902e-11,4626
Hà Nội,-0.1106,1.5588611017152865e-12,-0.1162,1.0523752422113024e-13,4065
Hải Phòng,-0.0184,0.2118722433715025,-0.0114,0.4369354077470857,4627
Hồ Chí Minh,-0.1348,6.727519029950946e-18,-0.0953,1.232182488976737e-09,4052
Nha Trang,-0.0289,0.04893225379781669,0.1236,3.1799389134362005e-17,4628
Vinh,-0.009,0.5413103285634329,0.0072,0.6261041037506125,4629
__ALL__,-0.0405,2.61966032159825e-14,0.0087,0.10202709118260721,35321
Đà Nẵng,0.1298,9.783001559771025e-17,0.0996,1.9923351981919596e-10,4062
