city,pearson_r,pearson_p,spearman_rho,spearman_p,n
Cần Thơ,-0.3749,5.201631685610647e-157,-0.4403,1.7151857364159442e-222,4707
Huế,-0.1749,1.2658373157827474e-33,-0.1476,2.5345932789149572e-24,4702
Hà Nội,-0.0346,0.026189238920235523,-0.0815,1.5251451753379512e-07,4139
Hải Phòng,-0.2205,6.866908470384529e-53,-0.2156,1.4839370459923336e-50,4702
Hồ Chí Minh,-0.2825,1.469953027493053e-76,-0.3476,1.7573366374692416e-117,4126
Nha Trang,-0.0991,9.85036876164308e-12,-0.1791,3.254640167788523e-35,4703
Vinh,-0.1584,8.188378475193866e-28,-0.2059,3.1823114371464038e-46,4705
__ALL__,-0.1026,1.0029494802556355e-84,-0.1451,3.233663837131837e-168,35919
Đà Nẵng,-0.2399,3.165049927460498e-55,-0.2363,1.392878267876463e-53,4135
