city,pearson_r,pearson_p,spearman_rho,spearman_p,n
Cần Thơ,0.0546,0.00015114105330769274,0.0629,1.2778010195254255e-05,4806
Huế,0.1044,4.2145453493146796e-13,0.0934,8.840248444475346e-11,4801
Hà Nội,-0.1329,3.7603655189845874e-18,-0.143,8.493032618360213e-21,4238
Hải Phòng,-0.0314,0.029796722749381072,-0.0266,0.06496407529800231,4801
Hồ Chí Minh,-0.145,2.6557372218200507e-21,-0.1094,9.805686191709046e-13,4225
Nha Trang,-0.026,0.0717107280395069,0.1283,4.51086663286447e-19,4802
Vinh,-0.0204,0.1566652752454213,-0.0054,0.7061954711896314,4804
__ALL__,-0.0457,1.888559092244481e-18,0.0015,0.7772034172289476,36711
Đà Nẵng,0.117,2.2598271617338786e-14,0.0846,3.5905371856157125e-08,4234
