city,pearson_r,pearson_p,spearman_rho,spearman_p,n
Cần Thơ,0.0568,0.00010559202909209955,0.067,4.836477548352997e-06,4647
Huế,0.1063,3.888121876735942e-13,0.0949,9.309616021161179e-11,4641
Hà Nội,-0.1145,2.1774586744902813e-13,-0.1211,8.286960409181951e-15,4080
Hải Phòng,-0.0199,0.17599894513851178,-0.0133,0.3645802504874772,4642
Hồ Chí Minh,-0.1333,1.3577819433329993e-17,-0.0939,1.9473438440695137e-09,4067
Nha Trang,-0.0293,0.04607365083386422,0.1238,2.558199965132856e-17,4643
Vinh,-0.0123,0.40085887029231354,0.002,0.8892657441697104,4644
__ALL__,-0.0418,3.4636841014885126e-15,0.007,0.18698639789755125,35441
Đà Nẵng,0.125,1.1716743390223144e-15,0.093,2.655958543590183e-09,4077
