city,pearson_r,pearson_p,spearman_rho,spearman_p,n
Cần Thơ,0.0549,0.00016326582507606132,0.064,1.0896746122745473e-05,4719
Huế,0.1059,3.051326410301409e-13,0.0952,5.7264523001392725e-11,4714
Hà Nội,-0.1259,4.001915176469188e-16,-0.1348,2.7520598888015964e-18,4151
Hải Phòng,-0.0291,0.045658990128305,-0.0258,0.07596336062261683,4714
Hồ Chí Minh,-0.1402,1.2684913874147938e-19,-0.1023,4.206582453443919e-11,4138
Nha Trang,-0.0267,0.06639937311168573,0.1275,1.5163750770032114e-18,4715
Vinh,-0.014,0.3376193644515041,0.0014,0.9253336304562341,4717
__ALL__,-0.0439,7.37495956216006e-17,0.0044,0.40171977712640894,36015
Đà Nẵng,0.1204,7.189031983090922e-15,0.0876,1.5997946003970836e-08,4147
