city,pearson_r,pearson_p,spearman_rho,spearman_p,n
Cần Thơ,-0.3743,1.4964647929036358e-156,-0.4394,1.3140295465590868e-221,4711
Huế,-0.1749,1.2311629756073105e-33,-0.1476,2.4667124050941294e-24,4706
Hà Nội,-0.0346,0.02598152298313847,-0.0817,1.3973472731458686e-07,4143
Hải Phòng,-0.2205,6.593573087901312e-53,-0.2154,1.5856064475076923e-50,4706
Hồ Chí Minh,-0.2813,5.3921616810170567e-76,-0.3452,6.189429048949863e-116,4130
Nha Trang,-0.0992,8.966418991003319e-12,-0.1791,3.060733941300911e-35,4707
Vinh,-0.1583,8.396940467536205e-28,-0.2059,2.9474734519204785e-46,4709
__ALL__,-0.1025,1.6975524564268955e-84,-0.1448,1.1899324060976185e-167,35951
Đà Nẵng,-0.2401,2.365305109759079e-55,-0.2366,9.438607427378083e-54,4139
