city,pearson_r,pearson_p,spearman_rho,spearman_p,n
Cần Thơ,-0.3769,2.6068669246519992e-157,-0.4447,2.5443622845174844e-225,4663
Huế,-0.1785,1.1958246420810178e-34,-0.1527,1.0505346850938643e-25,4657
Hà Nội,-0.0418,0.007530374715529318,-0.0951,1.0666336900451783e-09,4096
Hải Phòng,-0.2271,1.5251281296411267e-55,-0.2251,1.3312820102284826e-54,4658
Hồ Chí Minh,-0.2844,7.814384884168856e-77,-0.3483,9.595211114496719e-117,4083
Nha Trang,-0.098,2.0623421040081757e-11,-0.1805,2.0418716432090215e-35,4659
Vinh,-0.1622,7.778355312724199e-29,-0.2139,2.2983206906806157e-49,4660
__ALL__,-0.1057,7.025401387050314e-89,-0.1497,2.3192303821426167e-177,35569
Đà Nẵng,-0.2437,2.0000647884474436e-56,-0.2411,3.1917320920998637e-55,4093
