city,pearson_r,pearson_p,spearman_rho,spearman_p,n
Cần Thơ,0.0551,0.00015166804495693638,0.0642,1.006515079563227e-05,4729
Huế,0.1065,2.1792891086107267e-13,0.0957,4.319298381824181e-11,4724
Hà Nội,-0.1272,1.742401388898219e-16,-0.1364,9.652749493584732e-19,4161
Hải Phòng,-0.0296,0.0418272069332252,-0.0263,0.07118774308439033,4724
Hồ Chí Minh,-0.1406,9.42576312181049e-20,-0.1027,3.312314471796367e-11,4148
Nha Trang,-0.0258,0.07574404184181183,0.1292,4.972885185045636e-19,4725
Vinh,-0.0141,0.33337002736411436,0.0012,0.9358834275642798,4727
__ALL__,-0.0436,1.0775078913794324e-16,0.0049,0.355936348301334,36095
Đà Nẵng,0.1213,4.326810281638114e-15,0.0888,9.92124719034902e-09,4157
