city,pearson_r,pearson_p,spearman_rho,spearman_p,n
Cần Thơ,0.055,0.00015124457554453017,0.0641,1.03133559073847e-05,4734
Huế,0.1069,1.7189712050486052e-13,0.0961,3.540084305756568e-11,4729
Hà Nội,-0.1277,1.2899671885625523e-16,-0.1368,7.33403959431907e-19,4166
Hải Phòng,-0.0299,0.03970989155952938,-0.0263,0.07046079574229266,4729
Hồ Chí Minh,-0.1403,1.063862658915752e-19,-0.1023,3.933800214301753e-11,4153
Nha Trang,-0.0257,0.07712488398604163,0.1295,3.780298802171165e-19,4730
Vinh,-0.0141,0.3320486367364552,0.0015,0.9202433750872377,4732
__ALL__,-0.0435,1.3323633787675878e-16,0.0051,0.3326063834331565,36135
Đà Nẵng,0.1218,3.1898900507960343e-15,0.0897,6.704974956986342e-09,4162
