city,pearson_r,pearson_p,spearman_rho,spearman_p,n
Cần Thơ,-0.3752,3.7381877502886404e-157,-0.4407,7.331813922923697e-223,4705
Huế,-0.1749,1.3523754447257316e-33,-0.1475,2.8297026534055286e-24,4700
Hà Nội,-0.0346,0.02584355470369188,-0.0816,1.4853888819059945e-07,4137
Hải Phòng,-0.2205,7.120292539927736e-53,-0.2156,1.4687224526591405e-50,4700
Hồ Chí Minh,-0.2829,9.199059941843615e-77,-0.3483,5.909675860463026e-118,4124
Nha Trang,-0.0991,9.980447134670479e-12,-0.1794,2.7432496391725635e-35,4701
Vinh,-0.1585,7.86147947375674e-28,-0.2061,2.901878499978359e-46,4703
__ALL__,-0.1027,8.769994365913606e-85,-0.1452,2.8275630822883675e-168,35903
Đà Nẵng,-0.2399,3.437163939692197e-55,-0.2364,1.4279312277339817e-53,4133
