city,pearson_r,pearson_p,spearman_rho,spearman_p,n
Cần Thơ,0.0569,0.00010284382308912937,0.0667,5.238043310307743e-06,4659
Huế,0.1045,9.024469618772579e-13,0.0938,1.4655675848398476e-10,4653
Hà Nội,-0.1176,4.516314779071148e-14,-0.1256,7.51711525939878e-16,4092
Hải Phòng,-0.0221,0.13197947040842073,-0.0165,0.25949665358237056,4654
Hồ Chí Minh,-0.1332,1.2954091254324244e-17,-0.0929,2.7885246288505345e-09,4079
Nha Trang,-0.0294,0.044590046279485394,0.123,3.637313247398875e-17,4655
Vinh,-0.0136,0.35478877745871323,-0.0,0.997644056480913,4656
__ALL__,-0.043,5.454292915281147e-16,0.0056,0.2900856369532866,35537
Đà Nẵng,0.1207,9.478680859291073e-15,0.0874,2.1894008205044548e-08,4089
