city,pearson_r,pearson_p,spearman_rho,spearman_p,n
Cần Thơ,-0.3764,1.4882365804286358e-157,-0.4435,5.082410950712355e-225,4684
Huế,-0.1768,3.854983363858656e-34,-0.1503,4.907397154792879e-25,4678
Hà Nội,-0.0372,0.017107515873242895,-0.0863,2.9396194966335436e-08,4115
Hải Phòng,-0.2217,3.3934873593743697e-53,-0.2177,2.758770533250591e-51,4678
Hồ Chí Minh,-0.2848,2.2478785147622216e-77,-0.3504,8.01099424977644e-119,4102
Nha Trang,-0.0983,1.6111899581519688e-11,-0.1792,4.4193505225814776e-35,4679
Vinh,-0.16,3.277615310664224e-28,-0.2091,2.1330791439413647e-47,4681
__ALL__,-0.1039,2.3164842295969976e-86,-0.1469,1.3257656766059722e-171,35729
Đà Nẵng,-0.2418,8.478187858273421e-56,-0.2389,1.949181941969675e-54,4112
