city,pearson_r,pearson_p,spearman_rho,spearman_p,n
Cần Thơ,0.0541,0.0001777953603445897,0.0623,1.6127665148912843e-05,4791
Huế,0.1046,4.0188433681677293e-13,0.0936,8.637036443741146e-11,4786
Hà Nội,-0.1292,3.564685866233488e-17,-0.138,2.042782204073666e-19,4223
Hải Phòng,-0.0285,0.04854915166526518,-0.0227,0.1163229636641224,4786
Hồ Chí Minh,-0.1436,7.718342003966834e-21,-0.1076,2.545197610529102e-12,4210
Nha Trang,-0.0253,0.07983056294676998,0.1291,3.00812872804896e-19,4787
Vinh,-0.0164,0.25664972352482734,-0.0001,0.9963667974923494,4789
__ALL__,-0.0447,1.2738868959597366e-17,0.0031,0.5475380725969095,36591
Đà Nẵng,0.1171,2.3048374345781725e-14,0.0844,3.964507820046424e-08,4219
