city,pearson_r,pearson_p,spearman_rho,spearman_p,n
Cần Thơ,-0.3768,1.2640072658770741e-157,-0.4444,1.2744186885707132e-225,4676
Huế,-0.1774,2.458176979411637e-34,-0.1512,2.7644327116821635e-25,4670
Hà Nội,-0.0388,0.012899413453122942,-0.0894,9.417966413243866e-09,4107
Hải Phòng,-0.2233,7.068331447742936e-54,-0.2197,3.581321716698114e-52,4670
Hồ Chí Minh,-0.285,2.4224667526886957e-77,-0.3498,3.903633956582057e-118,4094
Nha Trang,-0.0982,1.7530655757139504e-11,-0.1797,3.292631389166491e-35,4671
Vinh,-0.1608,1.8721188812979758e-28,-0.2113,2.710836666323149e-48,4673
__ALL__,-0.1045,4.083298583631485e-87,-0.1477,3.9086220312500484e-173,35665
Đà Nẵng,-0.2421,8.381523182065265e-56,-0.2391,1.908732162621428e-54,4104
