city,pearson_r,pearson_p,spearman_rho,spearman_p,n
Cần Thơ,0.0554,0.00013965421527484462,0.0646,8.912926141074842e-06,4717
Huế,0.1059,3.1258352468690435e-13,0.0952,5.876990650794758e-11,4712
Hà Nội,-0.1255,5.041370512138227e-16,-0.1342,3.848480607900803e-18,4149
Hải Phòng,-0.0288,0.04771441472038977,-0.0254,0.08136868572784213,4712
Hồ Chí Minh,-0.1391,2.6161993637029934e-19,-0.1011,7.068904799040147e-11,4136
Nha Trang,-0.027,0.0634670531393623,0.1271,2.01328873532126e-18,4713
Vinh,-0.0137,0.3475005359635998,0.0018,0.9002209971461237,4715
__ALL__,-0.0437,1.0834622698830181e-16,0.0047,0.3697568804590612,35999
Đà Nẵng,0.1206,6.799743726631562e-15,0.0878,1.5070828121189386e-08,4145
