city,pearson_r,pearson_p,spearman_rho,spearman_p,n
Cần Thơ,-0.3659,5.812200971232681e-152,-0.4308,4.1820030784717737e-216,4798
Huế,-0.1695,3.213744662770698e-32,-0.1404,1.5964919391999374e-22,4793
Hà Nội,-0.0302,0.04933929681204959,-0.073,2.016230518439531e-06,4230
Hải Phòng,-0.2099,7.154778492311462e-49,-0.201,7.269566315712136e-45,4793
Hồ Chí Minh,-0.2661,2.8993652198028963e-69,-0.3213,6.9123408383692004e-102,4217
Nha Trang,-0.0996,4.8802087148435246e-12,-0.1729,1.7948030902129273e-33,4794
Vinh,-0.1622,1.1946382097867165e-29,-0.2043,2.440203081222949e-46,4796
__ALL__,-0.0995,3.097381405396293e-81,-0.1393,3.6726369970714954e-158,36647
Đà Nẵng,-0.2373,3.7316237244781125e-55,-0.2347,5.641970171196434e-54,4226
