city,pearson_r,pearson_p,spearman_rho,spearman_p,n
Cần Thơ,-0.377,1.4574564224870425e-156,-0.4453,8.644556761458514e-225,4638
Huế,-0.1859,2.858231303650534e-37,-0.1608,3.3630629100874036e-28,4632
Hà Nội,-0.0457,0.0035683590003503856,-0.1032,4.0474838179857536e-11,4071
Hải Phòng,-0.2301,1.0592012940003266e-56,-0.2296,1.6962484753899164e-56,4633
Hồ Chí Minh,-0.2848,1.3605761879546146e-76,-0.3471,3.1548841278236803e-115,4058
Nha Trang,-0.0986,1.7160559953168842e-11,-0.1851,5.195540958522955e-37,4634
Vinh,-0.1625,8.274199230199949e-29,-0.2147,1.8373556762088997e-49,4635
__ALL__,-0.108,3.616417999054399e-92,-0.1532,9.78016343859848e-185,35369
Đà Nẵng,-0.2485,2.511184549756541e-58,-0.247,1.282556405867087e-57,4068
