city,pearson_r,pearson_p,spearman_rho,spearman_p,n
Cần Thơ,0.0579,7.043418402633755e-05,0.0672,3.950669447772401e-06,4702
Huế,0.1046,6.572861726408989e-13,0.094,1.0949503471088878e-10,4697
Hà Nội,-0.1239,1.3016443793933746e-15,-0.1326,1.0888142214636277e-17,4134
Hải Phòng,-0.0279,0.056101484590589897,-0.0241,0.09903415826489222,4697
Hồ Chí Minh,-0.1357,2.173273194006649e-18,-0.097,4.445738784301557e-10,4121
Nha Trang,-0.0276,0.05877963797931218,0.1262,3.80970938084477e-18,4698
Vinh,-0.0134,0.35862194381386253,0.0017,0.9075965998422676,4700
__ALL__,-0.0435,1.610180174362911e-16,0.0048,0.36083078422662973,35879
Đà Nẵng,0.12,9.899145121871692e-15,0.087,2.1836143670839067e-08,4130
