city,pearson_r,pearson_p,spearman_rho,spearman_p,n
Cần Thơ,-0.377,9.781375419587075e-157,-0.4451,7.232218441115662e-225,4644
Huế,-0.1826,4.764075032993813e-36,-0.1571,5.0562048745543824e-27,4638
Hà Nội,-0.0445,0.0044644043685106724,-0.1011,9.778806173067943e-11,4077
Hải Phòng,-0.2294,1.8012436115668978e-56,-0.2288,3.4908105211611727e-56,4639
Hồ Chí Minh,-0.2847,1.213516416315377e-76,-0.3474,1.3212486262874637e-115,4064
Nha Trang,-0.0986,1.656338671743589e-11,-0.1844,9.118298987358315e-37,4640
Vinh,-0.1625,7.9903561388539e-29,-0.2148,1.4446747620631304e-49,4641
__ALL__,-0.1072,5.020778854761654e-91,-0.1522,1.8776477269408947e-182,35417
Đà Nẵng,-0.247,1.1507565066535666e-57,-0.2448,1.1402174545015983e-56,4074
