city,pearson_r,pearson_p,spearman_rho,spearman_p,n
Cần Thơ,0.0583,6.464657073790421e-05,0.0681,3.039258466759358e-06,4697
Huế,0.1047,6.342794632352032e-13,0.094,1.0854690084707455e-10,4692
Hà Nội,-0.1231,2.0155867143860843e-15,-0.1318,1.796694509235431e-17,4129
Hải Phòng,-0.0275,0.05956267147473203,-0.0236,0.10656052496731867,4692
Hồ Chí Minh,-0.1332,9.547835596727352e-18,-0.0945,1.2404698075619804e-09,4116
Nha Trang,-0.0279,0.05569508868819985,0.1259,4.730334961182148e-18,4693
Vinh,-0.0133,0.3626669106610632,0.0017,0.9052503289781534,4695
__ALL__,-0.0431,3.120263268326568e-16,0.0053,0.3172518230773586,35839
Đà Nẵng,0.1211,6.117348673012786e-15,0.0883,1.3571610608213398e-08,4125
