city,pearson_r,pearson_p,spearman_rho,spearman_p,n
Cần Thơ,-0.3654,1.7569563159290746e-150,-0.4297,2.203653502353905e-213,4765
Huế,-0.1706,2.084565297525382e-32,-0.1417,8.796146512293633e-23,4760
Hà Nội,-0.0301,0.05090124937938297,-0.0722,2.872568066447242e-06,4197
Hải Phòng,-0.2104,9.056520107588197e-49,-0.2009,1.4990898068155391e-44,4760
Hồ Chí Minh,-0.2692,2.1473947714039822e-70,-0.3262,2.576254003362992e-104,4184
Nha Trang,-0.1,4.669215199474752e-12,-0.1767,1.0746558571187792e-34,4761
Vinh,-0.1549,5.632888467527472e-27,-0.199,1.009248634913721e-43,4763
__ALL__,-0.0984,6.613524624154547e-79,-0.1378,9.050928565348801e-154,36383
Đà Nẵng,-0.2366,1.8449494861860331e-54,-0.233,8.140117443998264e-53,4193
