city,pearson_r,pearson_p,spearman_rho,spearman_p,n
Cần Thơ,-0.3671,9.208885595505169e-152,-0.4309,1.685257611567865e-214,4760
Huế,-0.1711,1.4790442677155934e-32,-0.1423,6.015437728171327e-23,4755
Hà Nội,-0.0294,0.05679585983336234,-0.071,4.137888275803886e-06,4192
Hải Phòng,-0.2105,8.721650370240774e-49,-0.201,1.6250080445610745e-44,4755
Hồ Chí Minh,-0.27,1.0269108814884974e-70,-0.3278,2.7418631149374044e-105,4179
Nha Trang,-0.1002,4.329553769440008e-12,-0.1779,4.156404094141926e-35,4756
Vinh,-0.1548,6.480607001593416e-27,-0.1984,1.8984703223333635e-43,4758
__ALL__,-0.0984,7.075326487911344e-79,-0.138,5.383999094637106e-154,36343
Đà Nẵng,-0.237,1.4499097191983668e-54,-0.2335,6.004691085219985e-53,4188
