city,pearson_r,pearson_p,spearman_rho,spearman_p,n
Cần Thơ,0.0545,0.00016240648754584533,0.0625,1.5133240763633848e-05,4789
Huế,0.1048,3.693715807273243e-13,0.0938,7.873292520890644e-11,4784
Hà Nội,-0.1292,3.519254247266369e-17,-0.1383,1.8142092539897826e-19,4221
Hải Phòng,-0.0279,0.05344283702850525,-0.0219,0.129504223487503,4784
Hồ Chí Minh,-0.1432,1.0083552562400834e-20,-0.107,3.427484346882638e-12,4208
Nha Trang,-0.0253,0.07981223733487063,0.129,3.338789640735176e-19,4785
Vinh,-0.0154,0.28620076184348625,0.001,0.9432637500197653,4787
__ALL__,-0.0443,2.1918077129858884e-17,0.0036,0.4921246607395773,36575
Đà Nẵng,0.1175,1.9084752836475703e-14,0.085,3.246952018823781e-08,4217
