city,pearson_r,pearson_p,spearman_rho,spearman_p,n
Cần Thơ,-0.3736,5.597500094748256e-156,-0.4384,1.3363703524146826e-220,4713
Huế,-0.1748,1.3085991187925005e-33,-0.1474,2.734373572562889e-24,4708
Hà Nội,-0.0345,0.026436473827016548,-0.0815,1.4721716858771512e-07,4145
Hải Phòng,-0.2203,7.539109353236423e-53,-0.215,2.272542808251285e-50,4708
Hồ Chí Minh,-0.2809,8.145817843150218e-76,-0.3443,2.5039037058425526e-115,4132
Nha Trang,-0.0994,8.206503593950493e-12,-0.1795,2.2490082749125822e-35,4709
Vinh,-0.1582,9.1338894553686e-28,-0.2057,3.566176942481157e-46,4711
__ALL__,-0.1023,2.7241171690308224e-84,-0.1445,4.216830470945567e-167,35967
Đà Nẵng,-0.2401,2.1397656161077198e-55,-0.2367,8.084379387045605e-54,4141
