city,pearson_r,pearson_p,spearman_rho,spearman_p,n
Cần Thơ,-0.3769,1.4854414149983588e-157,-0.4447,1.1593252721334847e-225,4671
Huế,-0.178,1.6166020137507243e-34,-0.1521,1.5518736873119739e-25,4665
Hà Nội,-0.0397,0.010984489099275406,-0.0914,4.516600290919692e-09,4102
Hải Phòng,-0.2255,7.024367500313117e-55,-0.2228,1.4193612020334589e-53,4665
Hồ Chí Minh,-0.2846,4.535598403387099e-77,-0.3488,2.5721671563451e-117,4089
Nha Trang,-0.098,1.9235696261326786e-11,-0.1799,3.1007150188540575e-35,4666
Vinh,-0.1614,1.2648873753781298e-28,-0.2125,7.981765782050307e-49,4668
__ALL__,-0.105,8.186720951466111e-88,-0.1485,6.902914569757776e-175,35626
Đà Nẵng,-0.2423,7.073506144251596e-56,-0.2394,1.6111183997082416e-54,4100
