city,pearson_r,pearson_p,spearman_rho,spearman_p,n
Cần Thơ,-0.3658,2.906559251022332e-151,-0.4306,4.143676278207263e-215,4781
Huế,-0.1707,1.5340226285954964e-32,-0.142,6.344962703835804e-23,4776
Hà Nội,-0.0295,0.05567672756688409,-0.0707,4.413486258365433e-06,4213
Hải Phòng,-0.2099,1.0840684751569963e-48,-0.2005,1.625886075383469e-44,4776
Hồ Chí Minh,-0.268,4.9603311646192634e-70,-0.3247,1.097847946790956e-103,4200
Nha Trang,-0.0994,5.7169475407871e-12,-0.1739,9.133656873087225e-34,4777
Vinh,-0.1546,5.840203195819159e-27,-0.1988,8.33370389349151e-44,4779
__ALL__,-0.0986,1.4434475873566345e-79,-0.1385,1.0255695555477464e-155,36511
Đà Nẵng,-0.2369,8.74773216916255e-55,-0.2338,2.42248591265359e-53,4209
