city,pearson_r,pearson_p,spearman_rho,spearman_p,n
Cần Thơ,0.0543,0.00018075998135715129,0.0629,1.4567802828684916e-05,4747
Huế,0.1065,1.9396560088621537e-13,0.0959,3.5993073455191675e-11,4742
Hà Nội,-0.1299,3.3823815890479506e-17,-0.14,9.528918091973094e-20,4179
Hải Phòng,-0.0319,0.027826637041137362,-0.0285,0.04998142449430264,4742
Hồ Chí Minh,-0.1414,4.864847450295447e-20,-0.1039,1.7504219997528382e-11,4166
Nha Trang,-0.0257,0.07675231841700467,0.1294,3.58075440571606e-19,4743
Vinh,-0.0149,0.3058310071932845,0.0002,0.9864207614076016,4745
__ALL__,-0.0443,3.396677422202552e-17,0.0041,0.43253927546723037,36239
Đà Nẵng,0.1207,5.197063825230887e-15,0.0885,1.0191000243021685e-08,4175
