city,pearson_r,pearson_p,spearman_rho,spearman_p,n
Cần Thơ,-0.3649,3.241437058834103e-151,-0.43,1.7308813508992562e-215,4803
Huế,-0.169,4.357400876696269e-32,-0.1398,2.2248352301520183e-22,4798
Hà Nội,-0.031,0.043884784387339656,-0.0749,1.0526811057771932e-06,4235
Hải Phòng,-0.2113,1.4930334792625138e-49,-0.2025,1.3532276563149825e-45,4798
Hồ Chí Minh,-0.265,8.868928092204849e-69,-0.3193,1.1067792421524359e-100,4222
Nha Trang,-0.0999,4.0213230820775866e-12,-0.1736,9.173046103756374e-34,4799
Vinh,-0.1636,3.859162551001926e-30,-0.2056,5.465450858114213e-47,4801
__ALL__,-0.0996,1.7023404220222872e-81,-0.1394,1.4481491129320279e-158,36687
Đà Nẵng,-0.2371,3.7896615009814816e-55,-0.2346,5.623407648307448e-54,4231
