city,pearson_r,pearson_p,spearman_rho,spearman_p,n
Cần Thơ,0.056,0.00010527433672232401,0.0638,9.925815193012954e-06,4795
Huế,0.1045,4.1038986467960294e-13,0.0935,8.886850512583079e-11,4790
Hà Nội,-0.1296,2.641962954834085e-17,-0.1384,1.5509529731052744e-19,4227
Hải Phòng,-0.0296,0.04067384783271624,-0.0241,0.09578506860125198,4790
Hồ Chí Minh,-0.1436,7.472126857933104e-21,-0.1076,2.5590472952380765e-12,4214
Nha Trang,-0.0255,0.07740797348118308,0.129,3.139859093021062e-19,4791
Vinh,-0.0182,0.20860990955409053,-0.0021,0.8821052562932354,4793
__ALL__,-0.0448,9.806158063806771e-18,0.0029,0.5795109212389618,36623
Đà Nẵng,0.1167,2.7260297665394914e-14,0.0841,4.445892099486473e-08,4223
