city,pearson_r,pearson_p,spearman_rho,spearman_p,n
Cần Thơ,0.0546,0.0001733635905838832,0.0637,1.1956724868265875e-05,4720
Huế,0.1059,3.025215955230107e-13,0.0952,5.663371437528262e-11,4715
Hà Nội,-0.1261,3.5379455761459185e-16,-0.1351,2.2703336672489762e-18,4152
Hải Phòng,-0.0293,0.044563804357019746,-0.0261,0.07310108835350124,4715
Hồ Chí Minh,-0.1406,1.0005054259792588e-19,-0.1028,3.3654716848462034e-11,4139
Nha Trang,-0.0266,0.06754336791383274,0.1277,1.3528940543062234e-18,4716
Vinh,-0.0141,0.33205120665418886,0.0011,0.9394026725554507,4718
__ALL__,-0.044,6.22330216394693e-17,0.0043,0.41721243077243,36023
Đà Nẵng,0.1204,7.374903374092535e-15,0.0875,1.6424180043493395e-08,4148
