city,pearson_r,pearson_p,spearman_rho,spearman_p,n
Cần Thơ,-0.3768,6.476511876557826e-156,-0.4449,1.057815543885539e-223,4624
Huế,-0.1891,1.8889244693561354e-38,-0.164,3.218802878164781e-29,4618
Hà Nội,-0.0459,0.0034232262783621737,-0.1027,5.552944051692764e-11,4057
Hải Phòng,-0.2308,6.727278803053127e-57,-0.2309,5.790442835354342e-57,4619
Hồ Chí Minh,-0.2861,4.872162434557862e-77,-0.349,3.5264725933555063e-116,4044
Nha Trang,-0.0982,2.2300723614349865e-11,-0.1853,6.0380866169158846e-37,4620
Vinh,-0.164,3.2933053502227134e-29,-0.2169,2.5296451922946926e-50,4621
__ALL__,-0.109,1.3397094026228526e-93,-0.1548,6.88369228892076e-188,35257
Đà Nẵng,-0.2507,3.815040796975462e-59,-0.2495,1.437081279736625e-58,4054
