city,pearson_r,pearson_p,spearman_rho,spearman_p,n
Cần Thơ,0.0569,0.00010588730647531694,0.0671,4.670676442397742e-06,4643
Huế,0.1074,2.2672558426501727e-13,0.0955,7.205981386179738e-11,4637
Hà Nội,-0.1134,3.8982184806405295e-13,-0.1194,2.0815062059019975e-14,4076
Hải Phòng,-0.0191,0.19237816560695298,-0.0122,0.4058227356278018,4638
Hồ Chí Minh,-0.1332,1.5021555125679026e-17,-0.0934,2.44214136920749e-09,4063
Nha Trang,-0.0293,0.046215889997048086,0.1237,2.842489804432845e-17,4639
Vinh,-0.0117,0.4257961040303768,0.0031,0.8325233690706825,4640
__ALL__,-0.0414,6.698650759893549e-15,0.0076,0.1516478422269584,35409
Đà Nẵng,0.1265,5.485610542771297e-16,0.0953,1.114279776970558e-09,4073
