city,pearson_r,pearson_p,spearman_rho,spearman_p,n
Cần Thơ,0.0547,0.00015387180669355335,0.0628,1.3877530947503377e-05,4788
Huế,0.1049,3.6063710897213483e-13,0.0939,7.654739045772706e-11,4783
Hà Nội,-0.1291,3.874668928338844e-17,-0.1381,2.0621037850355943e-19,4220
Hải Phòng,-0.0278,0.05459239098530306,-0.0218,0.1316203398635883,4783
Hồ Chí Minh,-0.1429,1.1969897442644757e-20,-0.1066,4.126956131123205e-12,4207
Nha Trang,-0.0253,0.08020227518970945,0.1291,3.039753045418115e-19,4784
Vinh,-0.0153,0.29077088320019695,0.0012,0.9358077292871557,4786
__ALL__,-0.0442,2.742369171249534e-17,0.0038,0.4680387659019264,36567
Đà Nẵng,0.1178,1.7056562902391617e-14,0.0853,2.92340843451004e-08,4216
