city,pearson_r,pearson_p,spearman_rho,spearman_p,n
Cần Thơ,0.055,0.00013540821044926677,0.0632,1.1485612203298279e-05,4805
Huế,0.1043,4.2659327592916276e-13,0.0934,8.97266854897982e-11,4800
Hà Nội,-0.1325,4.662409303276929e-18,-0.1425,1.1483334953744743e-20,4237
Hải Phòng,-0.0313,0.030213580430426046,-0.0265,0.06587441574068538,4800
Hồ Chí Minh,-0.1447,3.378328670427202e-21,-0.109,1.2398865553071313e-12,4224
Nha Trang,-0.0259,0.07235523847820573,0.1284,4.2817706144819134e-19,4801
Vinh,-0.0203,0.15868181779740356,-0.0053,0.7123055495237609,4803
__ALL__,-0.0456,2.2690957355651754e-18,0.0016,0.7566493473217955,36703
Đà Nẵng,0.1169,2.3723255945163697e-14,0.0844,3.813330318668894e-08,4233
