city,pearson_r,pearson_p,spearman_rho,spearman_p,n
Cần Thơ,0.0575,8.314630107380199e-05,0.0675,3.878342435873117e-06,4678
Huế,0.1047,7.101669575699368e-13,0.0941,1.1590176201643135e-10,4672
Hà Nội,-0.1219,4.4499982533536335e-15,-0.1312,2.996611067155729e-17,4109
Hải Phòng,-0.025,0.08725527660269851,-0.0205,0.1611616311890668,4672
Hồ Chí Minh,-0.1325,1.6775467269252652e-17,-0.0928,2.6678683627161182e-09,4096
Nha Trang,-0.0285,0.05131894735382637,0.125,9.887106012794337e-18,4673
Vinh,-0.0141,0.3346135542214075,-0.0002,0.9900193093826689,4675
__ALL__,-0.0429,5.079838430846589e-16,0.0055,0.30161886202418076,35681
Đà Nẵng,0.1225,3.331913702692194e-15,0.0901,7.190596320648837e-09,4106
