city,pearson_r,pearson_p,spearman_rho,spearman_p,n
Cần Thơ,0.0583,6.432281920568266e-05,0.0682,2.9280939886429926e-06,4694
Huế,0.1051,5.464269166383939e-13,0.0944,9.294625880973576e-11,4689
Hà Nội,-0.1226,2.7997100809062453e-15,-0.1311,2.7589673342654642e-17,4126
Hải Phòng,-0.0273,0.062038917059466216,-0.0232,0.11218153313033051,4689
Hồ Chí Minh,-0.1331,1.0207533105424832e-17,-0.0946,1.2169727812315182e-09,4113
Nha Trang,-0.0282,0.05321057263039866,0.1257,5.6436934078301786e-18,4690
Vinh,-0.0132,0.36556605176465023,0.0018,0.9023572565003946,4692
__ALL__,-0.0429,4.492354048731193e-16,0.0055,0.2964737582362395,35815
Đà Nẵng,0.1219,4.001929105528661e-15,0.0894,8.927582444191408e-09,4122
