city,pearson_r,pearson_p,spearman_rho,spearman_p,n
Cần Thơ,0.0583,6.432281920568266e-05,0.0682,2.9280939886429926e-06,4694
Huế,0.1052,5.173955989398977e-13,0.0946,8.747804438694418e-11,4688
Hà Nội,-0.1224,3.088871367099817e-15,-0.1309,3.135428098809522e-17,4125
Hải Phòng,-0.0272,0.06300348322788821,-0.0231,0.11426288014495052,4688
Hồ Chí Minh,-0.1331,1.0381622526534303e-17,-0.0946,1.2196714903074308e-09,4112
Nha Trang,-0.0283,0.05253542637749369,0.1256,5.959419287325065e-18,4689
Vinh,-0.0132,0.36683650069684537,0.0018,0.900846982619844,4691
__ALL__,-0.0429,4.740835964853041e-16,0.0055,0.2948517588944856,35809
Đà Nẵng,0.1219,4.001929105528661e-15,0.0894,8.927582444191408e-09,4122
