city,pearson_r,pearson_p,spearman_rho,spearman_p,n
Cần Thơ,0.0573,9.914452598750477e-05,0.0689,2.807714123290559e-06,4612
Huế,0.1121,2.3172807537271785e-14,0.0992,1.5353039970594e-11,4606
Hà Nội,-0.1078,6.125169008201567e-12,-0.1129,6.048166115043894e-13,4045
Hải Phòng,-0.0172,0.2438413039639783,-0.0099,0.5008933512461244,4607
Hồ Chí Minh,-0.1326,2.844992979146602e-17,-0.0921,4.697916141608493e-09,4032
Nha Trang,-0.0294,0.04631072663911121,0.1238,3.3977550620462296e-17,4608
Vinh,-0.0039,0.7918497917736528,0.014,0.34128594209077767,4609
__ALL__,-0.0391,2.2036054084677598e-13,0.0109,0.04050080019328171,35161
Đà Nẵng,0.1328,2.263397410507079e-17,0.1036,4.0467170262735883e-11,4042
