city,pearson_r,pearson_p,spearman_rho,spearman_p,n
Cần Thơ,-0.3749,5.7019486228791325e-157,-0.4401,2.6273952925818037e-222,4708
Huế,-0.175,1.2160199461540531e-33,-0.1477,2.457168878243757e-24,4703
Hà Nội,-0.0346,0.02613541622332021,-0.0816,1.4772300860018635e-07,4140
Hải Phòng,-0.2205,6.77113967923281e-53,-0.2155,1.5168337030089788e-50,4703
Hồ Chí Minh,-0.2823,1.902953477925571e-76,-0.3471,3.787165006145745e-117,4127
Nha Trang,-0.0991,9.780297443441475e-12,-0.179,3.531518808103841e-35,4704
Vinh,-0.1583,8.395210506340965e-28,-0.2058,3.3425614862033744e-46,4706
__ALL__,-0.1026,1.0674947582572799e-84,-0.145,3.906332000887989e-168,35927
Đà Nẵng,-0.24,2.955122589724542e-55,-0.2363,1.3240571836052768e-53,4136
