city,pearson_r,pearson_p,spearman_rho,spearman_p,n
Cần Thơ,0.0576,8.200921060434674e-05,0.0677,3.5716228997124123e-06,4675
Huế,0.1049,6.622739482589399e-13,0.0942,1.1126855517980833e-10,4669
Hà Nội,-0.1214,6.0211773380603664e-15,-0.1307,4.171972472195384e-17,4106
Hải Phòng,-0.0244,0.09600047062678074,-0.0195,0.1820944621592865,4669
Hồ Chí Minh,-0.1325,1.739171590999863e-17,-0.093,2.5390516882931985e-09,4093
Nha Trang,-0.0285,0.05142362968908209,0.1251,9.387776285897407e-18,4670
Vinh,-0.014,0.3404089525418105,-0.0,0.9991116976423738,4672
__ALL__,-0.0427,6.765567071660659e-16,0.0057,0.28549317215678477,35657
Đà Nẵng,0.1226,3.293870744513634e-15,0.0902,7.044786936732874e-09,4103
