city,pearson_r,pearson_p,spearman_rho,spearman_p,n
Cần Thơ,0.0545,0.0001733574860017744,0.0634,1.2517463721914862e-05,4739
Huế,0.1067,1.8471769930720373e-13,0.0959,3.7690774529388796e-11,4734
Hà Nội,-0.1288,6.919837705055073e-17,-0.1384,2.6703019995624716e-19,4171
Hải Phòng,-0.0305,0.03577674565212953,-0.0268,0.06547450419814484,4734
Hồ Chí Minh,-0.1404,9.145703666569637e-20,-0.1023,3.758671933257795e-11,4158
Nha Trang,-0.0257,0.07722097907346427,0.1295,3.6648727861862154e-19,4735
Vinh,-0.0143,0.3244092018327902,0.0012,0.9314891365879446,4737
__ALL__,-0.0438,7.405827798159463e-17,0.0047,0.3685320732174595,36175
Đà Nẵng,0.1211,4.3211865968549734e-15,0.0891,8.237382448223414e-09,4167
