city,pearson_r,pearson_p,spearman_rho,spearman_p,n
Cần Thơ,-0.3767,7.066856617859477e-156,-0.4447,1.5296905353701257e-223,4625
Huế,-0.1891,1.9644370256308363e-38,-0.164,3.3414147594282185e-29,4619
Hà Nội,-0.0459,0.0034735258014653683,-0.1025,5.856880868769105e-11,4058
Hải Phòng,-0.231,5.0643516004830173e-57,-0.2312,4.034742275749963e-57,4620
Hồ Chí Minh,-0.286,5.555659703425599e-77,-0.3488,4.537124032032625e-116,4045
Nha Trang,-0.0982,2.1872896216667527e-11,-0.1853,5.8635792427644035e-37,4621
Vinh,-0.1639,3.466619533779094e-29,-0.2169,2.535963559663146e-50,4622
__ALL__,-0.1089,1.6118103775267331e-93,-0.1546,1.2659896187137067e-187,35265
Đà Nẵng,-0.2505,4.781333139705687e-59,-0.2492,1.9426716314569816e-58,4055
