city,pearson_r,pearson_p,spearman_rho,spearman_p,n
Cần Thơ,-0.3768,4.645081317360193e-156,-0.4449,7.170485927759304e-224,4629
Huế,-0.1889,2.1524011760072535e-38,-0.164,3.107053004141929e-29,4623
Hà Nội,-0.0457,0.003564098225236606,-0.1025,5.897696415305287e-11,4062
Hải Phòng,-0.2312,3.803266216450191e-57,-0.2315,2.738102637019476e-57,4624
Hồ Chí Minh,-0.2858,5.743084650305535e-77,-0.3489,3.028045689554769e-116,4049
Nha Trang,-0.0985,1.9413269151093377e-11,-0.1853,5.174026429800257e-37,4625
Vinh,-0.1634,4.868318485132007e-29,-0.216,5.787456442374805e-50,4626
__ALL__,-0.1087,3.4815324864684806e-93,-0.1542,1.0977116501768875e-186,35297
Đà Nẵng,-0.2498,8.430008071648812e-59,-0.2484,4.032468478855532e-58,4059
