city,pearson_r,pearson_p,spearman_rho,spearman_p,n
Cần Thơ,0.056,0.00010640077830323063,0.0643,8.639642440907613e-06,4782
Huế,0.1055,2.6607428435356504e-13,0.0947,5.375545732640014e-11,4777
Hà Nội,-0.1279,7.652091371843531e-17,-0.1365,5.663274798282883e-19,4214
Hải Phòng,-0.0277,0.055153700882333956,-0.0223,0.12395252163553419,4777
Hồ Chí Minh,-0.1411,3.886667915366516e-20,-0.104,1.384123064036415e-11,4201
Nha Trang,-0.0252,0.0818887422832841,0.13,1.8414244816796072e-19,4778
Vinh,-0.0143,0.3240982911431827,0.0026,0.8565620773308932,4780
__ALL__,-0.0435,9.132578604196189e-17,0.0049,0.3509011746529699,36519
Đà Nẵng,0.1187,1.1205733780669704e-14,0.0864,1.9528322382178484e-08,4210
