city,pearson_r,pearson_p,spearman_rho,spearman_p,n
Cần Thơ,-0.377,1.0758842295466457e-156,-0.4451,7.742013106595666e-225,4643
Huế,-0.1831,3.0073119796229456e-36,-0.1577,3.227966855980359e-27,4637
Hà Nội,-0.0447,0.0043075619798048975,-0.1015,8.218013842714376e-11,4076
Hải Phòng,-0.2296,1.513304392553561e-56,-0.2292,2.546756350519731e-56,4638
Hồ Chí Minh,-0.2847,1.3005810599449904e-76,-0.3473,1.6597116840906146e-115,4063
Nha Trang,-0.0986,1.6660700389536182e-11,-0.1845,8.302960636780903e-37,4639
Vinh,-0.1625,8.148223046920991e-29,-0.2147,1.5475231623321706e-49,4640
__ALL__,-0.1073,3.3173506947278974e-91,-0.1524,7.156365169145889e-183,35409
Đà Nẵng,-0.2472,9.487203105186402e-58,-0.245,9.505502147256008e-57,4073
