city,pearson_r,pearson_p,spearman_rho,spearman_p,n
Cần Thơ,0.0544,0.00017985067414179985,0.063,1.4123981292525443e-05,4741
Huế,0.1066,1.9256491147897564e-13,0.0958,3.873373827055661e-11,4736
Hà Nội,-0.1292,5.2490042013605187e-17,-0.1392,1.6752742312090497e-19,4173
Hải Phòng,-0.0311,0.03261137668489141,-0.0275,0.05837216847352061,4736
Hồ Chí Minh,-0.1406,7.983914617082265e-20,-0.1026,3.2493955555650076e-11,4160
Nha Trang,-0.0257,0.07726812869823854,0.1295,3.654510047260333e-19,4737
Vinh,-0.0146,0.3163438815129081,0.0009,0.9484331585172798,4739
__ALL__,-0.044,5.25862568910986e-17,0.0044,0.3992628364887313,36191
Đà Nẵng,0.1208,4.916453300926405e-15,0.0888,9.254199147543438e-09,4169
