city,pearson_r,pearson_p,spearman_rho,spearman_p,n
Cần Thơ,-0.3755,2.325190953766248e-157,-0.4415,1.7159467155611635e-223,4701
Huế,-0.1752,1.1388146606300994e-33,-0.1479,2.2709511795774805e-24,4696
Hà Nội,-0.0352,0.023692417384959977,-0.0825,1.0946774387493271e-07,4133
Hải Phòng,-0.2205,8.408511776620268e-53,-0.2156,1.6669670542658188e-50,4696
Hồ Chí Minh,-0.2835,5.052976360418678e-77,-0.3495,1.1638535414289176e-118,4120
Nha Trang,-0.099,1.0263584414560867e-11,-0.1799,1.8470275410517202e-35,4697
Vinh,-0.1588,6.361888070502627e-28,-0.2069,1.3074142450543e-46,4699
__ALL__,-0.1029,5.123263618596848e-85,-0.1454,1.1103757364241276e-168,35871
Đà Nẵng,-0.24,3.52117635870431e-55,-0.2365,1.3163443912986152e-53,4129
