city,pearson_r,pearson_p,spearman_rho,spearman_p,n
Cần Thơ,-0.375,4.791289656738171e-157,-0.4405,1.2537326069890289e-222,4706
Huế,-0.1749,1.3171151943835064e-33,-0.1476,2.680048053301989e-24,4701
Hà Nội,-0.0346,0.026157755499291988,-0.0815,1.546842261924057e-07,4138
Hải Phòng,-0.2205,6.973980306997456e-53,-0.2156,1.452003744629941e-50,4701
Hồ Chí Minh,-0.2827,1.1408669429326821e-76,-0.348,9.947589699747101e-118,4125
Nha Trang,-0.0991,9.913687308760022e-12,-0.1793,2.986282861831069e-35,4702
Vinh,-0.1584,8.041661546943171e-28,-0.206,3.0705205313050253e-46,4704
__ALL__,-0.1027,9.485411222107523e-85,-0.1451,2.9852985703138166e-168,35911
Đà Nẵng,-0.2399,3.306880474173028e-55,-0.2363,1.408189718969224e-53,4134
