city,pearson_r,pearson_p,spearman_rho,spearman_p,n
Cần Thơ,0.0555,0.00015812903550332398,0.0655,8.281253247921254e-06,4625
Huế,0.1108,4.239682084347141e-14,0.0977,2.8740897255984107e-11,4619
Hà Nội,-0.1105,1.6691864382432257e-12,-0.1167,8.994240850603886e-14,4058
Hải Phòng,-0.0189,0.20000146980472366,-0.0122,0.40707363084478343,4620
Hồ Chí Minh,-0.1353,5.521616036081239e-18,-0.096,9.373622953047515e-10,4045
Nha Trang,-0.0282,0.05485571432053031,0.1244,2.083640954444476e-17,4621
Vinh,-0.0079,0.5899267575607535,0.0084,0.5693983161621946,4622
__ALL__,-0.0408,1.6949537606823253e-14,0.0083,0.1194876341041923,35265
Đà Nẵng,0.1293,1.398621164093017e-16,0.0987,3.01937136683927e-10,4055
