city,pearson_r,pearson_p,spearman_rho,spearman_p,n
Cần Thơ,-0.377,1.210542863857153e-156,-0.4452,7.42168648443275e-225,4641
Huế,-0.1842,1.160109101096983e-36,-0.159,1.3071088185966164e-27,4635
Hà Nội,-0.0451,0.003994463779381745,-0.1023,6.024211028906834e-11,4074
Hải Phòng,-0.2299,1.2173202406179937e-56,-0.2295,1.8366648430655071e-56,4636
Hồ Chí Minh,-0.2847,1.38552466684346e-76,-0.3472,2.3121728216840563e-115,4061
Nha Trang,-0.0986,1.685698175456415e-11,-0.1848,6.882246509426907e-37,4637
Vinh,-0.1625,8.486869414764387e-29,-0.2146,1.8155146475421365e-49,4638
__ALL__,-0.1076,1.4655387351060083e-91,-0.1527,1.3793006971839888e-183,35393
Đà Nẵng,-0.2475,6.858806999868316e-58,-0.2453,7.207226702737454e-57,4071
