city,pearson_r,pearson_p,spearman_rho,spearman_p,n
Cần Thơ,0.0567,0.00010898139755766946,0.0664,5.8288529815328886e-06,4657
Huế,0.1046,8.570141636515192e-13,0.0938,1.4520065165744837e-10,4651
Hà Nội,-0.1169,6.388323803179542e-14,-0.1246,1.293362407485014e-15,4090
Hải Phòng,-0.0219,0.13494981672514456,-0.0164,0.26452206422248153,4652
Hồ Chí Minh,-0.1333,1.2678733129361062e-17,-0.0932,2.5022596152129933e-09,4077
Nha Trang,-0.0294,0.04459657676665372,0.1231,3.601026648821336e-17,4653
Vinh,-0.0137,0.3513014109407164,-0.0002,0.9898790455085893,4654
__ALL__,-0.0429,5.957701347468916e-16,0.0056,0.2900588736702199,35521
Đà Nẵng,0.1211,8.07929471757833e-15,0.0878,1.8848800335151662e-08,4087
