city,pearson_r,pearson_p,spearman_rho,spearman_p,n
Cần Thơ,0.0565,9.385408582072441e-05,0.0648,7.423185813600687e-06,4780
Huế,0.1056,2.508895847808987e-13,0.0949,4.980054389146545e-11,4775
Hà Nội,-0.1276,9.25135193663299e-17,-0.1361,7.338214352465678e-19,4212
Hải Phòng,-0.0278,0.055153322902532186,-0.0224,0.12115969092201727,4775
Hồ Chí Minh,-0.1406,5.386589546292368e-20,-0.1033,1.907925817694127e-11,4199
Nha Trang,-0.0252,0.08221568033912156,0.1301,1.7390463232204192e-19,4776
Vinh,-0.014,0.33336786637495314,0.003,0.8344409412102836,4778
__ALL__,-0.0433,1.2573097412005916e-16,0.0051,0.32567412421403374,36503
Đà Nẵng,0.1189,1.0050121206906061e-14,0.0867,1.7607251146559726e-08,4208
