city,pearson_r,pearson_p,spearman_rho,spearman_p,n
Cần Thơ,-0.372,9.795952925770996e-155,-0.4369,3.675898366822167e-219,4716
Huế,-0.1744,1.6631199884181753e-33,-0.1469,3.729282404969849e-24,4711
Hà Nội,-0.0342,0.027562882242764916,-0.081,1.7288043197460185e-07,4148
Hải Phòng,-0.2201,9.169517971414083e-53,-0.2146,3.4509430267679376e-50,4711
Hồ Chí Minh,-0.279,8.640714737214864e-75,-0.3417,1.3490464332757077e-113,4135
Nha Trang,-0.0997,7.004642528453909e-12,-0.18,1.3361296929432345e-35,4712
Vinh,-0.1578,1.1956294290191314e-27,-0.2048,8.092541768204232e-46,4714
__ALL__,-0.1019,1.13784267288405e-83,-0.1438,1.362887802597248e-165,35991
Đà Nẵng,-0.2399,2.3924395113334753e-55,-0.2364,9.645203929403618e-54,4144
