city,pearson_r,pearson_p,spearman_rho,spearman_p,n
Cần Thơ,-0.3665,2.6029829191217236e-151,-0.4305,3.534879198339683e-214,4762
Huế,-0.1709,1.7169646155935782e-32,-0.1421,7.124140330504423e-23,4757
Hà Nội,-0.0295,0.055913770846664504,-0.0713,3.7961800869538935e-06,4194
Hải Phòng,-0.2102,1.2347418178471959e-48,-0.2004,2.699305792555725e-44,4757
Hồ Chí Minh,-0.2696,1.4625962105025034e-70,-0.3272,6.871090832823124e-105,4181
Nha Trang,-0.1002,4.36948644282087e-12,-0.1776,5.261875450858647e-35,4758
Vinh,-0.1549,6.11527617989137e-27,-0.1986,1.4785390481384794e-43,4760
__ALL__,-0.0983,8.772335429553112e-79,-0.1379,8.648780313923699e-154,36359
Đà Nẵng,-0.2368,1.7644305824813054e-54,-0.2332,7.559495924542736e-53,4190
