city,pearson_r,pearson_p,spearman_rho,spearman_p,n
Cần Thơ,-0.3769,2.4661427896447393e-157,-0.4447,2.4360380794520163e-225,4664
Huế,-0.1785,1.2034922437745377e-34,-0.1527,1.0496264850180941e-25,4658
Hà Nội,-0.0413,0.008246110724041971,-0.0944,1.4407514115927467e-09,4097
Hải Phòng,-0.2268,2.0201465931576606e-55,-0.2247,2.2042105173861278e-54,4659
Hồ Chí Minh,-0.2844,7.874673691387424e-77,-0.3482,9.060168529410034e-117,4084
Nha Trang,-0.098,2.0593769456234528e-11,-0.1805,1.977642356600097e-35,4660
Vinh,-0.1621,8.344816148055503e-29,-0.2136,2.950226896544378e-49,4661
__ALL__,-0.1056,9.761046354404454e-89,-0.1496,4.835236065093454e-177,35577
Đà Nẵng,-0.2438,1.856633348398167e-56,-0.2412,2.7301067511271808e-55,4094
