city,pearson_r,pearson_p,spearman_rho,spearman_p,n
Cần Thơ,0.0571,0.0001038524777082432,0.0686,3.0754188577005512e-06,4613
Huế,0.1119,2.5603967188824155e-14,0.0988,1.7794829338807346e-11,4607
Hà Nội,-0.108,5.749018585707907e-12,-0.113,5.631285929638422e-13,4046
Hải Phòng,-0.0172,0.24356926452434915,-0.0099,0.5004061113166356,4608
Hồ Chí Minh,-0.1326,2.8131214042571966e-17,-0.0921,4.729057169869042e-09,4033
Nha Trang,-0.0292,0.04721238259256415,0.1239,3.1026292235284464e-17,4609
Vinh,-0.0041,0.7798597201837014,0.0137,0.35401086220086964,4610
__ALL__,-0.0392,1.9346449627728036e-13,0.0108,0.04292423519156011,35169
Đà Nẵng,0.1327,2.3688488515976728e-17,0.1035,4.171066918717172e-11,4043
