city,pearson_r,pearson_p,spearman_rho,spearman_p,n
Cần Thơ,0.0578,7.259754540698311e-05,0.067,4.22063342202245e-06,4708
Huế,0.1054,4.282255260985625e-13,0.0947,7.701776452235741e-11,4703
Hà Nội,-0.1243,1.0126662102324722e-15,-0.1329,8.974788580677767e-18,4140
Hải Phòng,-0.0281,0.053720093033349896,-0.0243,0.09556264032776456,4703
Hồ Chí Minh,-0.1366,1.1992832611679544e-18,-0.0983,2.4566225568601523e-10,4127
Nha Trang,-0.0276,0.05823784657557102,0.1261,3.8194393803768456e-18,4704
Vinh,-0.0129,0.3761253321310583,0.0027,0.8545402501576599,4706
__ALL__,-0.0433,2.1571228529066472e-16,0.0051,0.32993794045327673,35927
Đà Nẵng,0.1201,9.011965886744695e-15,0.087,2.0625144487617433e-08,4136
