city,pearson_r,pearson_p,spearman_rho,spearman_p,n
Cần Thơ,0.0566,0.00011503757142994595,0.0668,5.2567498836657245e-06,4634
Huế,0.1109,3.9404092700458643e-14,0.0978,2.609975011581813e-11,4628
Hà Nội,-0.1106,1.5301252925127908e-12,-0.116,1.143163414369433e-13,4067
Hải Phòng,-0.0185,0.20859548470690192,-0.0116,0.42904634819125154,4629
Hồ Chí Minh,-0.134,1.0639216780368785e-17,-0.0942,1.8743220010350288e-09,4054
Nha Trang,-0.0291,0.048028939358131524,0.1235,3.2764074783179344e-17,4630
Vinh,-0.0097,0.5113075077026876,0.0062,0.6716240226344621,4631
__ALL__,-0.0404,2.8342860736983555e-14,0.0088,0.09875502117980603,35337
Đà Nẵng,0.1298,9.929984691900966e-17,0.0996,1.977705959411105e-10,4064
