city,pearson_r,pearson_p,spearman_rho,spearman_p,n
Cần Thơ,0.0576,6.781015469176285e-05,0.0657,5.620431812307553e-06,4774
Huế,0.1062,1.9004421879237612e-13,0.0957,3.560688653797763e-11,4769
Hà Nội,-0.127,1.386941939741208e-16,-0.1354,1.1560757290769371e-18,4206
Hải Phòng,-0.0281,0.05250211250559011,-0.0232,0.10870728834304412,4769
Hồ Chí Minh,-0.1398,9.749559879397535e-20,-0.1021,3.3643287159158575e-11,4193
Nha Trang,-0.0251,0.083054916324723,0.1307,1.2643745776949768e-19,4770
Vinh,-0.0138,0.3408018156122937,0.0031,0.8286454763290922,4772
__ALL__,-0.0428,2.773021380327268e-16,0.0057,0.27493744107500795,36455
Đà Nẵng,0.12,5.9560668146923675e-15,0.0881,1.0578832142252503e-08,4202
