city,pearson_r,pearson_p,spearman_rho,spearman_p,n
Cần Thơ,0.0569,0.00010581344292951952,0.0671,4.711659991221047e-06,4644
Huế,0.1071,2.5965517658405665e-13,0.0953,7.684017981464346e-11,4638
Hà Nội,-0.1137,3.3713523483172233e-13,-0.1198,1.6551587458505706e-14,4077
Hải Phòng,-0.0193,0.18817745467934172,-0.0125,0.3952489926841455,4639
Hồ Chí Minh,-0.1332,1.4646876173139405e-17,-0.0935,2.307900470560796e-09,4064
Nha Trang,-0.0293,0.046154226276970356,0.1237,2.7784713102455274e-17,4640
Vinh,-0.0119,0.41947076168701797,0.0028,0.846652339487184,4641
__ALL__,-0.0415,5.681750235615836e-15,0.0075,0.15999627564904612,35417
Đà Nẵng,0.1261,6.63885489272533e-16,0.0947,1.3874037682676872e-09,4074
