city,pearson_r,pearson_p,spearman_rho,spearman_p,n
Cần Thơ,-0.377,6.388194476037114e-157,-0.445,4.807995143240691e-225,4649
Huế,-0.1801,3.943654545565153e-35,-0.1543,4.018092112378345e-26,4643
Hà Nội,-0.0436,0.005291765922725437,-0.0991,2.2536967876510335e-10,4082
Hải Phòng,-0.2284,5.0811014318294215e-56,-0.2271,2.094912164666846e-55,4644
Hồ Chí Minh,-0.2849,8.08848471248327e-77,-0.348,3.8591923688216677e-116,4069
Nha Trang,-0.0986,1.6801871042361e-11,-0.1835,1.8305889000274445e-36,4645
Vinh,-0.1624,8.061183549180502e-29,-0.2147,1.390933429633337e-49,4646
__ALL__,-0.1066,4.32009190193358e-90,-0.1512,3.2100985195405214e-180,35457
Đà Nẵng,-0.2458,3.396352177011551e-57,-0.2435,3.7948713340303086e-56,4079
