city,pearson_r,pearson_p,spearman_rho,spearman_p,n
Cần Thơ,0.0568,0.00010710185983182647,0.0667,5.323749456170371e-06,4652
Huế,0.105,7.238533487700074e-13,0.0939,1.4087017991922806e-10,4646
Hà Nội,-0.1158,1.1388073840954154e-13,-0.1231,2.890325777319225e-15,4085
Hải Phòng,-0.0211,0.1509592660489011,-0.0151,0.3030917170303617,4647
Hồ Chí Minh,-0.1335,1.1932967827902689e-17,-0.0941,1.7920106974651084e-09,4072
Nha Trang,-0.0293,0.04593936023117738,0.1238,2.457216918759948e-17,4648
Vinh,-0.0132,0.3680368134137847,0.0006,0.9697265245529967,4649
__ALL__,-0.0425,1.2451472985355093e-15,0.0061,0.250760475939728,35481
Đà Nẵng,0.123,3.1627281813762447e-15,0.0904,7.324835608765594e-09,4082
