city,pearson_r,pearson_p,spearman_rho,spearman_p,n
Cần Thơ,-0.3763,1.2116363790552579e-157,-0.4434,4.666012117501707e-225,4688
Huế,-0.1768,3.6281582516850766e-34,-0.1503,4.762477406073275e-25,4682
Hà Nội,-0.0366,0.018984507701348095,-0.0848,4.955138773196172e-08,4119
Hải Phòng,-0.2213,5.152563234250171e-53,-0.2171,4.540742621255132e-51,4682
Hồ Chí Minh,-0.2847,1.927526060662713e-77,-0.3509,2.924528449092183e-119,4106
Nha Trang,-0.0983,1.549515989958691e-11,-0.1792,4.226552703659813e-35,4683
Vinh,-0.1598,3.5221005402936384e-28,-0.209,2.150862168211019e-47,4685
__ALL__,-0.1038,2.8631207833114162e-86,-0.1469,1.425544513457528e-171,35761
Đà Nẵng,-0.2418,7.560338173726539e-56,-0.2387,2.064699724145937e-54,4116
