city,pearson_r,pearson_p,spearman_rho,spearman_p,n
Cần Thơ,-0.3769,2.488948603483478e-156,-0.4451,2.2515444599246304e-224,4633
Huế,-0.1884,3.0131750393920847e-38,-0.1636,3.924914216583746e-29,4627
Hà Nội,-0.046,0.003323420248447916,-0.1036,3.6207396837395537e-11,4066
Hải Phòng,-0.2308,5.382763785699576e-57,-0.2308,5.489999005821964e-57,4628
Hồ Chí Minh,-0.2855,7.12438822388113e-77,-0.3484,5.183696783128019e-116,4053
Nha Trang,-0.0985,1.8379773883801843e-11,-0.1853,4.738824812177046e-37,4629
Vinh,-0.163,6.417271432906056e-29,-0.2153,1.1214354391367522e-49,4630
__ALL__,-0.1085,5.937190340924663e-93,-0.1539,2.9286717419431964e-186,35329
Đà Nẵng,-0.2493,1.358825774076483e-58,-0.2478,6.565004963119146e-58,4063
