city,pearson_r,pearson_p,spearman_rho,spearman_p,n
Cần Thơ,-0.377,5.6713450084499974e-157,-0.445,4.321349381911194e-225,4651
Huế,-0.1793,7.305762286001957e-35,-0.1537,6.0165354114169e-26,4645
Hà Nội,-0.0434,0.005572189307130114,-0.0985,2.874083575889436e-10,4084
Hải Phòng,-0.2279,7.937552975702716e-56,-0.2264,4.331597271168758e-55,4646
Hồ Chí Minh,-0.2848,8.396051010513073e-77,-0.3478,4.543081750189848e-116,4071
Nha Trang,-0.0985,1.671203825918337e-11,-0.1834,1.9840950354959276e-36,4647
Vinh,-0.1623,8.58972973011108e-29,-0.2145,1.601574214161506e-49,4648
__ALL__,-0.1064,8.752745853602949e-90,-0.1508,1.5408548682149502e-179,35473
Đà Nẵng,-0.2455,4.633437842237075e-57,-0.2432,5.3080050337921445e-56,4081
