city,pearson_r,pearson_p,spearman_rho,spearman_p,n
Cần Thơ,0.0549,0.00015886789072980972,0.064,1.0576483697621968e-05,4736
Huế,0.1069,1.683399669820687e-13,0.0961,3.445615427906429e-11,4731
Hà Nội,-0.1281,1.0256973647890627e-16,-0.1374,5.11331115435396e-19,4168
Hải Phòng,-0.03,0.038876836433416696,-0.0263,0.07075831653916859,4731
Hồ Chí Minh,-0.1403,1.0124452402684266e-19,-0.1023,3.905108774967143e-11,4155
Nha Trang,-0.0257,0.07703682470870692,0.1295,3.7642993622167873e-19,4732
Vinh,-0.0142,0.3292913608781556,0.0014,0.9230019789572907,4734
__ALL__,-0.0436,1.1420574503194967e-16,0.005,0.33788545363089195,36151
Đà Nẵng,0.1216,3.4101874995826227e-15,0.0897,6.7200518113644516e-09,4164
