city,pearson_r,pearson_p,spearman_rho,spearman_p,n
Cần Thơ,-0.3767,1.2279386080217094e-157,-0.4444,1.3214847152058902e-225,4677
Huế,-0.1773,2.6452377690091184e-34,-0.1511,2.97423106028692e-25,4671
Hà Nội,-0.0386,0.013259148741011943,-0.0891,1.042939846436134e-08,4108
Hải Phòng,-0.223,9.695115721375979e-54,-0.2193,5.760037284453868e-52,4671
Hồ Chí Minh,-0.2849,2.5829507632640913e-77,-0.3497,4.079032303446261e-118,4095
Nha Trang,-0.0982,1.753759174711063e-11,-0.1796,3.7115769420879313e-35,4672
Vinh,-0.1607,1.991634285776989e-28,-0.211,3.517035868296301e-48,4674
__ALL__,-0.1044,5.257183341997614e-87,-0.1476,6.80206578543917e-173,35673
Đà Nẵng,-0.2421,8.237072187083014e-56,-0.2391,1.8643309949754432e-54,4105
