city,pearson_r,pearson_p,spearman_rho,spearman_p,n
Cần Thơ,0.0544,0.00017996130680717468,0.063,1.4277510597750366e-05,4742
Huế,0.1065,1.9713153988125754e-13,0.0958,3.920728004248144e-11,4737
Hà Nội,-0.1295,4.588691342462844e-17,-0.1395,1.3522571607675153e-19,4174
Hải Phòng,-0.0313,0.0309898120330958,-0.0279,0.05504389385098923,4737
Hồ Chí Minh,-0.1407,7.394675756536696e-20,-0.1028,2.9497714520180645e-11,4161
Nha Trang,-0.0257,0.07721935809009157,0.1295,3.6853552423951537e-19,4738
Vinh,-0.0147,0.3112286313162202,0.0007,0.9618541663181365,4740
__ALL__,-0.0441,4.461957589896661e-17,0.0043,0.41348893543977006,36199
Đà Nẵng,0.1207,5.135749182757496e-15,0.0887,9.750895803460749e-09,4170
