city,pearson_r,pearson_p,spearman_rho,spearman_p,n
Cần Thơ,-0.3767,5.725277802911645e-156,-0.4448,1.0379154312036973e-223,4627
Huế,-0.189,2.062753693110227e-38,-0.164,3.265694485285634e-29,4621
Hà Nội,-0.0458,0.003514839715851625,-0.1025,5.838715265464582e-11,4060
Hải Phòng,-0.2312,3.7761451342256954e-57,-0.2315,2.62875651423028e-57,4622
Hồ Chí Minh,-0.2859,5.460765866741326e-77,-0.349,2.8865106525974043e-116,4047
Nha Trang,-0.0983,2.1209222347343715e-11,-0.1852,6.132200548216951e-37,4623
Vinh,-0.1636,4.2115741014762195e-29,-0.2164,3.7609714651787397e-50,4624
__ALL__,-0.1088,2.280478352856159e-93,-0.1544,3.516818324108186e-187,35281
Đà Nẵng,-0.2501,6.510172709876389e-59,-0.2487,2.958732985425309e-58,4057
