city,pearson_r,pearson_p,spearman_rho,spearman_p,n
Cần Thơ,0.0567,0.00011211275416778615,0.067,5.019355916479661e-06,4635
Huế,0.1107,4.3349828920520357e-14,0.0977,2.6921777986960656e-11,4629
Hà Nội,-0.1106,1.5224238488150283e-12,-0.1159,1.1980982218715102e-13,4068
Hải Phòng,-0.0186,0.20588472045484368,-0.0118,0.42300364193203044,4630
Hồ Chí Minh,-0.1336,1.3269953021979106e-17,-0.0936,2.3042730089127235e-09,4055
Nha Trang,-0.0291,0.04744763641943824,0.1235,3.358901822684638e-17,4631
Vinh,-0.01,0.4970714421143009,0.0058,0.6946737246260715,4632
__ALL__,-0.0404,2.8638592867879353e-14,0.0088,0.09813088473767703,35345
Đà Nẵng,0.1298,9.718964683108338e-17,0.0997,1.9185443738638486e-10,4065
