city,pearson_r,pearson_p,spearman_rho,spearman_p,n
Cần Thơ,0.0559,0.0001143410650754681,0.0644,8.623538141772125e-06,4762
Huế,0.1067,1.6154526779731543e-13,0.096,3.3255148309810146e-11,4757
Hà Nội,-0.1287,5.74810167821302e-17,-0.1375,3.823217628439492e-19,4194
Hải Phòng,-0.0301,0.037899640530599736,-0.0262,0.07125475382701417,4757
Hồ Chí Minh,-0.1405,6.835681361462705e-20,-0.1028,2.6454174514722528e-11,4181
Nha Trang,-0.0255,0.0789479604480388,0.1301,2.0550684897514061e-19,4758
Vinh,-0.0142,0.32822930710365655,0.0022,0.8803025464546481,4760
__ALL__,-0.0435,1.0024672877586934e-16,0.0051,0.32810073244668825,36359
Đà Nẵng,0.1205,5.158840048020016e-15,0.0886,9.31748878578192e-09,4190
