city,pearson_r,pearson_p,spearman_rho,spearman_p,n
Cần Thơ,-0.3683,2.8696904598463697e-152,-0.4312,5.013227028529783e-214,4743
Huế,-0.1721,8.132280900544936e-33,-0.1435,3.1590521313296904e-23,4738
Hà Nội,-0.0317,0.04028465531069972,-0.0761,8.656886719933914e-07,4175
Hải Phòng,-0.2154,7.491794287669009e-51,-0.208,1.81623264362172e-47,4738
Hồ Chí Minh,-0.2715,3.179218546970432e-71,-0.3304,1.323931704553268e-106,4162
Nha Trang,-0.1,5.254849620142456e-12,-0.1786,2.8617025135430704e-35,4739
Vinh,-0.1559,3.6541638726830255e-27,-0.2009,2.384260735327344e-44,4741
__ALL__,-0.0994,3.991681096574267e-80,-0.1395,7.845767719723228e-157,36207
Đà Nẵng,-0.2372,1.8998098521378634e-54,-0.2334,1.0536852848086232e-52,4171
