city,pearson_r,pearson_p,spearman_rho,spearman_p,n
Cần Thơ,-0.3778,1.5801306423265218e-156,-0.4473,6.138686683220914e-226,4616
Huế,-0.1899,1.0437873672468932e-38,-0.1651,1.5635384229295613e-29,4610
Hà Nội,-0.0468,0.0028977898605793153,-0.1044,2.7949425727353114e-11,4049
Hải Phòng,-0.2327,9.346317222304763e-58,-0.2338,2.6801317335711717e-58,4611
Hồ Chí Minh,-0.2883,4.17869026256485e-78,-0.3534,4.548671133166093e-119,4036
Nha Trang,-0.0979,2.647698375613925e-11,-0.1851,7.710930559765476e-37,4612
Vinh,-0.1651,1.4996346689180334e-29,-0.2187,4.7600298765439984e-51,4613
__ALL__,-0.1101,2.5212080404548546e-95,-0.1568,1.5305425013102187e-192,35193
Đà Nẵng,-0.2534,2.636116582614291e-60,-0.2531,3.6997729269054824e-60,4046
