city,pearson_r,pearson_p,spearman_rho,spearman_p,n
Cần Thơ,0.058,6.868072179236298e-05,0.0675,3.621713487806686e-06,4700
Huế,0.1047,6.550252144857239e-13,0.094,1.1007132421374424e-10,4695
Hà Nội,-0.1236,1.5190020776131452e-15,-0.1324,1.2641965724014979e-17,4132
Hải Phòng,-0.0277,0.05731265372456657,-0.0239,0.10093789217243454,4695
Hồ Chí Minh,-0.1343,4.9879142120308025e-18,-0.0957,7.405659399601627e-10,4119
Nha Trang,-0.0277,0.05781584751530887,0.1261,4.1018794590466055e-18,4696
Vinh,-0.0134,0.3599590803560973,0.0017,0.9074871579201381,4698
__ALL__,-0.0434,2.0774836838534394e-16,0.005,0.34443215669052785,35863
Đà Nẵng,0.1203,8.883546172681543e-15,0.0872,1.991728950967741e-08,4128
