city,pearson_r,pearson_p,spearman_rho,spearman_p,n
Cần Thơ,-0.3702,2.6593177975065627e-153,-0.4346,7.397733829315408e-217,4723
Huế,-0.1735,3.292796772110195e-33,-0.1457,8.506852885575502e-24,4718
Hà Nội,-0.0338,0.029348036347406944,-0.0805,2.0704777362302366e-07,4155
Hải Phòng,-0.2196,1.2854742148426551e-52,-0.2137,7.109274381926473e-50,4718
Hồ Chí Minh,-0.2741,2.6488498389864785e-72,-0.3356,1.5122112045183785e-109,4142
Nha Trang,-0.1003,5.065001057692164e-12,-0.1811,4.3885496139136125e-36,4719
Vinh,-0.157,1.9349850442207496e-27,-0.203,4.340573469976291e-45,4721
__ALL__,-0.101,2.6000009610518483e-82,-0.1422,3.4356031651767627e-162,36047
Đà Nẵng,-0.2393,3.943884953367364e-55,-0.2357,1.717516793059033e-53,4151
