city,pearson_r,pearson_p,spearman_rho,spearman_p,n
Cần Thơ,0.0567,0.00011681535783700032,0.0678,3.99757526042211e-06,4616
Huế,0.1114,3.2776382455703534e-14,0.0981,2.5300468692880555e-11,4610
Hà Nội,-0.1085,4.3639794452933284e-12,-0.1138,3.7853311304303396e-13,4049
Hải Phòng,-0.0178,0.22637124518065607,-0.0107,0.4659500606537378,4611
Hồ Chí Minh,-0.1333,1.8349947377131018e-17,-0.093,3.1886725407363587e-09,4036
Nha Trang,-0.029,0.04924235277444427,0.1241,2.717488463420803e-17,4612
Vinh,-0.0048,0.7441803511149324,0.0126,0.3928233427388611,4613
__ALL__,-0.0396,1.0869083675297392e-13,0.0102,0.055759997830735944,35193
Đà Nẵng,0.1323,2.8490763955824065e-17,0.103,5.032099326563238e-11,4046
