city,pearson_r,pearson_p,spearman_rho,spearman_p,n
Cần Thơ,0.0552,0.00013431603335794262,0.0634,1.151809974975535e-05,4786
Huế,0.1052,3.066422149913369e-13,0.0944,6.07859022583547e-11,4781
Hà Nội,-0.1287,4.8519338434767256e-17,-0.1376,2.874998192412174e-19,4218
Hải Phòng,-0.0278,0.054292850871917625,-0.0221,0.12726092182099744,4781
Hồ Chí Minh,-0.1422,1.963811199001919e-20,-0.1056,6.5972489250762115e-12,4205
Nha Trang,-0.0252,0.08097139983640173,0.1295,2.429135447393421e-19,4782
Vinh,-0.015,0.29984303941597906,0.0015,0.9180458765132921,4784
__ALL__,-0.0439,4.2931920434273014e-17,0.0042,0.4215912127835505,36551
Đà Nẵng,0.1181,1.4603632244123043e-14,0.0857,2.5543655460331182e-08,4214
