city,pearson_r,pearson_p,spearman_rho,spearman_p,n
Cần Thơ,0.0552,0.0001405316488863987,0.0637,1.113370429390345e-05,4750
Huế,0.1069,1.554661774721386e-13,0.0963,3.03458517725038e-11,4745
Hà Nội,-0.1291,5.111216235864592e-17,-0.1388,1.8828212990040883e-19,4182
Hải Phòng,-0.0312,0.031812471919391336,-0.0274,0.05886166975971151,4745
Hồ Chí Minh,-0.1405,8.087843901947918e-20,-0.1026,3.069477380898267e-11,4169
Nha Trang,-0.0255,0.07845478188458868,0.1299,2.551747557519676e-19,4746
Vinh,-0.0146,0.31482833573777086,0.0008,0.95713944556795,4748
__ALL__,-0.0438,7.471454774097267e-17,0.0048,0.36514399861909275,36263
Đà Nẵng,0.1209,4.456702252317334e-15,0.0888,8.801255826409577e-09,4178
