city,pearson_r,pearson_p,spearman_rho,spearman_p,n
Cần Thơ,-0.3769,1.6911188072010843e-157,-0.4446,1.5449236179138855e-225,4670
Huế,-0.1781,1.4839142588773019e-34,-0.1523,1.3757122930931906e-25,4664
Hà Nội,-0.0399,0.010646236362076343,-0.0918,3.8344909364502885e-09,4101
Hải Phòng,-0.226,4.472289035825563e-55,-0.2234,7.559912501315415e-54,4664
Hồ Chí Minh,-0.2845,5.651230303916811e-77,-0.3486,4.239942838982377e-117,4088
Nha Trang,-0.098,2.022321474997134e-11,-0.1798,3.5215051301163257e-35,4665
Vinh,-0.1617,1.0452524004970482e-28,-0.2131,4.601583766249912e-49,4667
__ALL__,-0.1051,5.127555160611491e-88,-0.1488,2.2414281507306926e-175,35618
Đà Nẵng,-0.2427,5.264395244174502e-56,-0.2397,1.1199855535181058e-54,4099
