city,pearson_r,pearson_p,spearman_rho,spearman_p,n
Cần Thơ,0.0576,8.173725305478392e-05,0.0678,3.489407610124145e-06,4670
Huế,0.1052,5.890315463547952e-13,0.0945,1.0220655863757598e-10,4664
Hà Nội,-0.1201,1.2178485483525458e-14,-0.1288,1.249067506751366e-16,4101
Hải Phòng,-0.0232,0.11362916893725375,-0.0178,0.22391533509140585,4664
Hồ Chí Minh,-0.1326,1.702341559885135e-17,-0.0931,2.479380112543987e-09,4088
Nha Trang,-0.0287,0.05004139500235299,0.1249,1.1129304039462017e-17,4665
Vinh,-0.0135,0.3559662219195152,0.0004,0.9792212027809837,4667
__ALL__,-0.0424,1.229730947153038e-15,0.0062,0.24425704323630276,35618
Đà Nẵng,0.1228,2.9566105852744128e-15,0.0905,6.433742626149975e-09,4099
