city,pearson_r,pearson_p,spearman_rho,spearman_p,n
Cần Thơ,-0.368,2.5241464516527866e-152,-0.4314,1.1028267209848328e-214,4751
Huế,-0.1719,8.775883389870758e-33,-0.1434,3.2642315501899073e-23,4746
Hà Nội,-0.0306,0.047631955595683916,-0.0736,1.8734641406665252e-06,4183
Hải Phòng,-0.213,7.694052860056612e-50,-0.2047,4.513408962073614e-46,4746
Hồ Chí Minh,-0.2703,9.554473274138397e-71,-0.3282,2.780607315356359e-105,4170
Nha Trang,-0.1,5.100182809511991e-12,-0.1782,3.776171013546384e-35,4747
Vinh,-0.1559,3.2108530820720255e-27,-0.2008,2.10068854165042e-44,4749
__ALL__,-0.099,9.597528384377763e-80,-0.139,5.590181116680674e-156,36271
Đà Nẵng,-0.2373,1.4597264001608684e-54,-0.2335,7.516031192658945e-53,4179
