city,pearson_r,pearson_p,spearman_rho,spearman_p,n
Cần Thơ,-0.368,2.9882780855459658e-152,-0.4312,2.5866140394223484e-214,4749
Huế,-0.1719,8.921943360888781e-33,-0.1433,3.355109930911367e-23,4744
Hà Nội,-0.0311,0.04464290911503848,-0.0747,1.3427750287355784e-06,4181
Hải Phòng,-0.2134,5.528963369724263e-50,-0.2051,3.0023895888385665e-46,4744
Hồ Chí Minh,-0.2704,8.92863040449119e-71,-0.3283,2.3918282895823104e-105,4168
Nha Trang,-0.1,5.159572589491804e-12,-0.1781,4.1349335570552387e-35,4745
Vinh,-0.156,3.104763635143027e-27,-0.2009,2.0558998483688572e-44,4747
__ALL__,-0.0991,8.928701684345037e-80,-0.1391,5.508041949889784e-156,36255
Đà Nẵng,-0.2372,1.5931738398204257e-54,-0.2334,8.319450566955204e-53,4177
