city,pearson_r,pearson_p,spearman_rho,spearman_p,n
Cần Thơ,-0.3769,3.104238313801159e-157,-0.4448,2.893300057254491e-225,4660
Huế,-0.1786,1.1632712957552381e-34,-0.1529,9.656434755124126e-26,4654
Hà Nội,-0.0426,0.006434119634888405,-0.0969,5.223267091968596e-10,4093
Hải Phòng,-0.2278,7.143726234384908e-56,-0.2262,4.5356818616263e-55,4655
Hồ Chí Minh,-0.2845,8.134235228684902e-77,-0.3482,1.1920605019088932e-116,4080
Nha Trang,-0.098,2.086728254859447e-11,-0.1804,2.401086681564409e-35,4656
Vinh,-0.1621,8.452587136676432e-29,-0.2139,2.4510924777330535e-49,4657
__ALL__,-0.1058,4.386387928840431e-89,-0.15,7.99905617077156e-178,35545
Đà Nẵng,-0.2439,1.9180301905625161e-56,-0.2412,3.335009786291337e-55,4090
