city,pearson_r,pearson_p,spearman_rho,spearman_p,n
Cần Thơ,-0.3757,1.8135893048510586e-157,-0.442,5.200989848272125e-224,4699
Huế,-0.1754,9.543944551456278e-34,-0.1482,1.8001859592497706e-24,4694
Hà Nội,-0.0355,0.022518813825802245,-0.0829,9.41582123682851e-08,4131
Hải Phòng,-0.2205,8.570166354727453e-53,-0.2156,1.6642723883423435e-50,4694
Hồ Chí Minh,-0.2844,1.6939167945426173e-77,-0.3507,1.648123845935071e-119,4118
Nha Trang,-0.0989,1.0839154999098168e-11,-0.1799,1.941064860342442e-35,4695
Vinh,-0.159,5.787533694533432e-28,-0.2072,9.806445806310603e-47,4697
__ALL__,-0.1031,2.846103882633142e-85,-0.1457,3.2193076597550633e-169,35855
Đà Nẵng,-0.2404,2.5759308772039117e-55,-0.237,8.879248973553614e-54,4127
