city,pearson_r,pearson_p,spearman_rho,spearman_p,n
Cần Thơ,0.0575,8.421495056181527e-05,0.0677,3.7023996463080258e-06,4667
Huế,0.1052,5.976644671827935e-13,0.0944,1.0461751359344396e-10,4661
Hà Nội,-0.1198,1.4189290200815675e-14,-0.1283,1.6130440000914642e-16,4100
Hải Phòng,-0.0231,0.11496463290689168,-0.0177,0.22566362903332818,4662
Hồ Chí Minh,-0.1325,1.75820133378694e-17,-0.093,2.601758112726027e-09,4087
Nha Trang,-0.0288,0.04962258794331424,0.1248,1.2227571754556326e-17,4663
Vinh,-0.0133,0.3622714407647695,0.0005,0.9747883440015732,4664
__ALL__,-0.0423,1.3131213242702454e-15,0.0062,0.24198214231895895,35601
Đà Nẵng,0.1229,2.9707812795018303e-15,0.0904,6.7788332364306865e-09,4097
