city,pearson_r,pearson_p,spearman_rho,spearman_p,n
Cần Thơ,0.0568,8.584081286632673e-05,0.0651,6.69233982449874e-06,4779
Huế,0.1057,2.4367853270710474e-13,0.095,4.8364696934025366e-11,4774
Hà Nội,-0.1275,9.83969587140951e-17,-0.136,7.809660197012957e-19,4211
Hải Phòng,-0.0277,0.05549804244022509,-0.0225,0.1201920948606913,4774
Hồ Chí Minh,-0.1404,6.10331261140503e-20,-0.1031,2.1548902047151678e-11,4198
Nha Trang,-0.0251,0.08248224671304012,0.1303,1.5852735527216929e-19,4775
Vinh,-0.0139,0.33654752604246135,0.0031,0.8278870762279696,4777
__ALL__,-0.0432,1.4787895457699056e-16,0.0053,0.31485332334531335,36495
Đà Nẵng,0.119,9.538739789475637e-15,0.0868,1.6921723108004687e-08,4207
