city,pearson_r,pearson_p,spearman_rho,spearman_p,n
Cần Thơ,0.0568,0.00010645552350630097,0.0668,5.1670394421427415e-06,4651
Huế,0.1051,6.954525218362887e-13,0.094,1.383622795320665e-10,4645
Hà Nội,-0.1156,1.2898462772330235e-13,-0.1227,3.55546885549568e-15,4084
Hải Phòng,-0.0209,0.1546777755663363,-0.0148,0.3120030697102887,4646
Hồ Chí Minh,-0.1334,1.2509933889603605e-17,-0.094,1.8537495016557984e-09,4071
Nha Trang,-0.0293,0.04597116186577605,0.1238,2.4515950337868563e-17,4647
Vinh,-0.0131,0.37284364968370476,0.0008,0.9569545450913967,4648
__ALL__,-0.0423,1.4835565951025521e-15,0.0062,0.2398726082974316,35473
Đà Nẵng,0.1234,2.557295201989409e-15,0.0909,5.905369166907184e-09,4081
