city,pearson_r,pearson_p,spearman_rho,spearman_p,n
Cần Thơ,-0.377,1.1833986513110916e-156,-0.4451,8.288325711463133e-225,4642
Huế,-0.1837,1.8699049093598077e-36,-0.1583,2.056207737180513e-27,4636
Hà Nội,-0.0449,0.004138716595700195,-0.102,6.863269376569178e-11,4075
Hải Phòng,-0.2298,1.2813102720055547e-56,-0.2294,1.8832575247761244e-56,4637
Hồ Chí Minh,-0.2847,1.3938917639005867e-76,-0.3472,2.08502044550191e-115,4062
Nha Trang,-0.0986,1.675856442083429e-11,-0.1846,7.559709900589324e-37,4638
Vinh,-0.1625,8.315822333391738e-29,-0.2147,1.6761426840525164e-49,4639
__ALL__,-0.1074,2.2109312671396615e-91,-0.1525,2.805804496745035e-183,35401
Đà Nẵng,-0.2473,8.32391887469759e-58,-0.2451,8.648885161898315e-57,4072
