city,pearson_r,pearson_p,spearman_rho,spearman_p,n
Cần Thơ,-0.3768,5.4483693634571575e-157,-0.4447,6.272356467657615e-225,4655
Huế,-0.179,9.140762594596086e-35,-0.1533,7.742626956573289e-26,4649
Hà Nội,-0.043,0.005947878531074233,-0.0978,3.7716494467471254e-10,4088
Hải Phòng,-0.2278,7.998412939647827e-56,-0.2262,5.0044264299565895e-55,4650
Hồ Chí Minh,-0.2846,8.613294687536578e-77,-0.3478,3.2973437081083927e-116,4075
Nha Trang,-0.0983,1.8018586717543953e-11,-0.1822,5.2128059852532424e-36,4651
Vinh,-0.162,9.838375339446694e-29,-0.214,2.5566163935064033e-49,4652
__ALL__,-0.1061,2.0547299901628388e-89,-0.1504,1.074209351683067e-178,35505
Đà Nẵng,-0.2448,8.464061866508474e-57,-0.2423,1.1395951310099295e-55,4085
