city,pearson_r,pearson_p,spearman_rho,spearman_p,n
Cần Thơ,-0.37,3.120536544851906e-153,-0.4341,1.684322997574775e-216,4726
Huế,-0.1732,4.003852540819843e-33,-0.1453,1.0891317631211742e-23,4721
Hà Nội,-0.0335,0.030878031981719792,-0.0798,2.5842427903748626e-07,4158
Hải Phòng,-0.2192,1.866740302269766e-52,-0.2132,1.169227386530723e-49,4721
Hồ Chí Minh,-0.2734,6.13953242296488e-72,-0.3339,1.6618056433770278e-108,4145
Nha Trang,-0.1002,5.236043465319064e-12,-0.1806,6.607641072515182e-36,4722
Vinh,-0.157,1.854018917908104e-27,-0.2032,3.341580596527969e-45,4724
__ALL__,-0.1008,4.6738555219426376e-82,-0.1419,1.3794474025401308e-161,36071
Đà Nẵng,-0.2392,3.999138059197553e-55,-0.2356,1.6623766096177103e-53,4154
