city,pearson_r,pearson_p,spearman_rho,spearman_p,n
Cần Thơ,0.0566,9.186266647997208e-05,0.0647,7.703080229561988e-06,4771
Huế,0.1064,1.8103031410175452e-13,0.0958,3.4456438296735156e-11,4766
Hà Nội,-0.1274,1.1095145675627253e-16,-0.136,8.112689898634947e-19,4203
Hải Phòng,-0.0288,0.046562887215386574,-0.0241,0.09585154717090191,4766
Hồ Chí Minh,-0.1402,7.708003705425639e-20,-0.1027,2.698521747974993e-11,4190
Nha Trang,-0.0253,0.08086748366658478,0.1302,1.8220415900365614e-19,4767
Vinh,-0.0139,0.33667186170731983,0.0029,0.8425127315785428,4769
__ALL__,-0.0431,1.976134323915624e-16,0.0054,0.29881547959457305,36431
Đà Nẵng,0.1202,5.5290511273025406e-15,0.0883,1.0141331484153583e-08,4199
