city,pearson_r,pearson_p,spearman_rho,spearman_p,n
Cần Thơ,-0.376,1.363443102357917e-157,-0.4425,2.0374327356258983e-224,4697
Huế,-0.1756,8.322766239058887e-34,-0.1485,1.4973356066609678e-24,4692
Hà Nội,-0.0357,0.021695859707047908,-0.0834,8.092347849670011e-08,4129
Hải Phòng,-0.2205,9.578554791157664e-53,-0.2156,1.889105020023626e-50,4692
Hồ Chí Minh,-0.2848,1.255120405664681e-77,-0.3512,8.809477407616142e-120,4116
Nha Trang,-0.0988,1.1495968993900755e-11,-0.1798,2.1915754423925813e-35,4693
Vinh,-0.1591,5.425834865240227e-28,-0.2075,8.160837976050513e-47,4695
__ALL__,-0.1032,1.8881045802519967e-85,-0.1458,1.4456216620637352e-169,35839
Đà Nẵng,-0.2407,1.9148945583242645e-55,-0.2374,6.184706048420355e-54,4125
