city,pearson_r,pearson_p,spearman_rho,spearman_p,n
Cần Thơ,-0.3753,3.370708965200095e-157,-0.4409,5.928234126102968e-223,4704
Huế,-0.1749,1.350848933269006e-33,-0.1475,2.8346736819992697e-24,4699
Hà Nội,-0.0348,0.025267466587813984,-0.0818,1.381777572583259e-07,4136
Hải Phòng,-0.2205,7.41271160077416e-53,-0.2156,1.523439603500596e-50,4699
Hồ Chí Minh,-0.283,8.905224438557281e-77,-0.3484,5.409532931262935e-118,4123
Nha Trang,-0.0991,9.710051300751164e-12,-0.1797,2.0882865559210328e-35,4700
Vinh,-0.1586,7.553093502976775e-28,-0.2062,2.5181498754627398e-46,4702
__ALL__,-0.1027,8.370609212044596e-85,-0.1452,3.018348179039032e-168,35895
Đà Nẵng,-0.2399,3.5356560959073514e-55,-0.2364,1.3958897028261042e-53,4132
