city,pearson_r,pearson_p,spearman_rho,spearman_p,n
Cần Thơ,0.058,6.96599223200214e-05,0.0674,3.77563340747347e-06,4701
Huế,0.1046,6.702269337845362e-13,0.0939,1.1139090210064408e-10,4696
Hà Nội,-0.1238,1.3986745164172944e-15,-0.1325,1.1825084037534253e-17,4133
Hải Phòng,-0.0278,0.05662545366058636,-0.024,0.09990043951873823,4696
Hồ Chí Minh,-0.1351,3.033054715114384e-18,-0.0964,5.669876966896067e-10,4120
Nha Trang,-0.0276,0.05835142859084994,0.1262,3.984978037224121e-18,4697
Vinh,-0.0134,0.359094436887928,0.0017,0.9082862658359203,4699
__ALL__,-0.0435,1.7618421061529414e-16,0.0049,0.35577739177591217,35871
Đà Nẵng,0.1201,9.733815615579893e-15,0.087,2.1513713482846987e-08,4129
