city,pearson_r,pearson_p,spearman_rho,spearman_p,n
Cần Thơ,-0.3769,2.773668991258232e-157,-0.4447,2.6860875070223553e-225,4662
Huế,-0.1785,1.1946365721483592e-34,-0.1528,1.0285611908071956e-25,4656
Hà Nội,-0.0421,0.007007427671392739,-0.0958,7.966376072737967e-10,4095
Hải Phòng,-0.2274,1.1263796785054885e-55,-0.2256,8.498153453156933e-55,4657
Hồ Chí Minh,-0.2844,7.872381491036052e-77,-0.3483,1.0023973505505446e-116,4082
Nha Trang,-0.098,2.0902370153526093e-11,-0.1804,2.3556426639018262e-35,4658
Vinh,-0.1623,7.179038161257408e-29,-0.2142,1.7645844208331205e-49,4659
__ALL__,-0.1058,5.7613862257837446e-89,-0.1498,1.5510994488166085e-177,35561
Đà Nẵng,-0.2436,2.376754125142972e-56,-0.2409,4.106009899111287e-55,4092
