city,pearson_r,pearson_p,spearman_rho,spearman_p,n
Cần Thơ,0.0582,6.78726305142692e-05,0.068,3.1775003462080557e-06,4686
Huế,0.1052,5.279074750155105e-13,0.0946,8.915760843856266e-11,4680
Hà Nội,-0.122,3.941244046263972e-15,-0.1309,3.351572798967195e-17,4117
Hải Phòng,-0.0261,0.07398908343371666,-0.0216,0.13876747159760988,4680
Hồ Chí Minh,-0.1325,1.548869265862211e-17,-0.0933,2.1092941315387556e-09,4104
Nha Trang,-0.0286,0.0506480790999951,0.1252,8.162558892228106e-18,4681
Vinh,-0.0132,0.3674703562434636,0.0014,0.9233619291795774,4683
__ALL__,-0.0427,6.789474657470296e-16,0.0058,0.27115554902713024,35745
Đà Nẵng,0.1225,3.09883737454358e-15,0.0902,6.861951604986743e-09,4114
