city,pearson_r,pearson_p,spearman_rho,spearman_p,n
Cần Thơ,-0.3769,5.536332275683347e-157,-0.4448,5.334867176016317e-225,4653
Huế,-0.1791,8.280787554100554e-35,-0.1534,6.994927639388432e-26,4647
Hà Nội,-0.0431,0.0058151252887907205,-0.098,3.5101512158126195e-10,4086
Hải Phòng,-0.2278,8.965430913751791e-56,-0.2261,5.6340328939587166e-55,4648
Hồ Chí Minh,-0.2846,8.870938738455456e-77,-0.3477,4.7528721835926985e-116,4073
Nha Trang,-0.0985,1.714546958584669e-11,-0.1829,2.976285413299605e-36,4649
Vinh,-0.1621,9.329431762750454e-29,-0.2142,2.1942721965344607e-49,4650
__ALL__,-0.1062,1.5045850100594399e-89,-0.1506,5.849990802118277e-179,35489
Đà Nẵng,-0.245,7.004147050442495e-57,-0.2426,9.040215041922981e-56,4083
