city,pearson_r,pearson_p,spearman_rho,spearman_p,n
Cần Thơ,-0.3763,1.1363927519856652e-157,-0.4434,4.255184748198062e-225,4689
Huế,-0.1767,3.748748429883366e-34,-0.1502,4.93931215984266e-25,4683
Hà Nội,-0.0364,0.01953704794882371,-0.0844,5.75337907964209e-08,4120
Hải Phòng,-0.2212,5.495711847872479e-53,-0.2169,5.3181603494461634e-51,4683
Hồ Chí Minh,-0.2848,1.824304319975956e-77,-0.3509,2.7371379820600433e-119,4107
Nha Trang,-0.0983,1.5404951022475054e-11,-0.1792,4.135447985202362e-35,4684
Vinh,-0.1598,3.5964600115429194e-28,-0.2089,2.2463592167225133e-47,4686
__ALL__,-0.1038,3.1727680654371506e-86,-0.1468,1.9628317772950008e-171,35769
Đà Nẵng,-0.2418,7.3512832155578565e-56,-0.2387,2.0339744595301882e-54,4117
