city,pearson_r,pearson_p,spearman_rho,spearman_p,n
Cần Thơ,-0.3648,4.7559776101033785e-150,-0.4293,3.458186538501469e-213,4769
Huế,-0.1704,2.3602365244623006e-32,-0.1415,9.969595926472518e-23,4764
Hà Nội,-0.0306,0.047248027782081065,-0.0729,2.2314325246241504e-06,4201
Hải Phòng,-0.211,4.295734746909883e-49,-0.202,4.936364618383783e-45,4764
Hồ Chí Minh,-0.2688,2.935123711293293e-70,-0.3254,6.535452392177697e-104,4188
Nha Trang,-0.0997,5.3643217756729624e-12,-0.1753,3.5052458873184854e-34,4765
Vinh,-0.1548,5.719170055872573e-27,-0.199,9.37019548964311e-44,4767
__ALL__,-0.0985,3.956145485094365e-79,-0.1379,4.667824742444829e-154,36415
Đà Nẵng,-0.2367,1.5612200023035547e-54,-0.2331,6.5809480801673825e-53,4197
