city,pearson_r,pearson_p,spearman_rho,spearman_p,n
Cần Thơ,-0.3678,2.6267506212020497e-152,-0.4315,5.001242424335401e-215,4756
Huế,-0.1714,1.1551176692893259e-32,-0.1428,4.4427755664033066e-23,4751
Hà Nội,-0.0298,0.05361701045010544,-0.0717,3.423100864184426e-06,4188
Hải Phòng,-0.2117,2.7929708145866808e-49,-0.2028,2.8228084123923387e-45,4751
Hồ Chí Minh,-0.2701,1.0472736367477901e-70,-0.3279,3.133910885765857e-105,4175
Nha Trang,-0.1001,4.594680844528243e-12,-0.178,4.001267846044343e-35,4752
Vinh,-0.1555,4.060932761282279e-27,-0.2001,3.818540674239483e-44,4754
__ALL__,-0.0988,2.2609478720505656e-79,-0.1386,3.0756429066445917e-155,36311
Đà Nẵng,-0.2374,1.1052384155428649e-54,-0.2339,4.461103542417772e-53,4184
