city,pearson_r,pearson_p,spearman_rho,spearman_p,n
Cần Thơ,-0.377,8.892712031376634e-157,-0.4451,6.756466964682276e-225,4645
Huế,-0.182,7.531455589406222e-36,-0.1565,7.903724996588106e-27,4639
Hà Nội,-0.0443,0.004626277353031543,-0.1007,1.1626612704857774e-10,4078
Hải Phòng,-0.2293,2.1434509212943883e-56,-0.2285,4.781813116527623e-56,4640
Hồ Chí Minh,-0.2847,1.132279759466409e-76,-0.3475,1.0518795901453071e-115,4065
Nha Trang,-0.0986,1.6466620475613326e-11,-0.1843,1.0012620044285154e-36,4641
Vinh,-0.1625,7.8355476740126e-29,-0.2148,1.348705263923713e-49,4642
__ALL__,-0.1071,7.594450132310339e-91,-0.152,4.919266432853089e-182,35425
Đà Nẵng,-0.2467,1.3953770012890167e-57,-0.2446,1.3673819468350305e-56,4075
