city,pearson_r,pearson_p,spearman_rho,spearman_p,n
Cần Thơ,-0.3668,1.641540431618653e-151,-0.4307,2.5040509824989124e-214,4761
Huế,-0.171,1.5969581499978008e-32,-0.1422,6.55280927609489e-23,4756
Hà Nội,-0.0294,0.05670902043606643,-0.0711,4.022263000209252e-06,4193
Hải Phòng,-0.2103,1.0848718591181765e-48,-0.2006,2.3239620113510863e-44,4756
Hồ Chí Minh,-0.2698,1.1766430553146698e-70,-0.3275,4.168748414612714e-105,4180
Nha Trang,-0.1002,4.348821411254167e-12,-0.1777,4.6683470066936115e-35,4757
Vinh,-0.1548,6.500199479194221e-27,-0.1984,1.8382703693205247e-43,4759
__ALL__,-0.0983,8.610699890320717e-79,-0.1379,8.251212213901108e-154,36351
Đà Nẵng,-0.2368,1.700938198252574e-54,-0.2333,7.05199767105754e-53,4189
