city,pearson_r,pearson_p,spearman_rho,spearman_p,n
Cần Thơ,0.056,0.00010443840839533771,0.064,9.245381795482955e-06,4800
Huế,0.1046,3.919847403305276e-13,0.0935,8.592369205356153e-11,4795
Hà Nội,-0.131,1.1865737948907464e-17,-0.1403,4.622742030073304e-20,4232
Hải Phòng,-0.0304,0.03505673965034255,-0.0253,0.07954976477252682,4795
Hồ Chí Minh,-0.1434,7.73471774205501e-21,-0.1072,2.9236073764600457e-12,4219
Nha Trang,-0.0257,0.0750914275782027,0.1287,3.5487155132319173e-19,4796
Vinh,-0.0194,0.17926697157126506,-0.0039,0.7884947945714152,4798
__ALL__,-0.0451,6.066571178156552e-18,0.0025,0.6327939189937883,36663
Đà Nẵng,0.1169,2.458692787389251e-14,0.0844,3.872270983739867e-08,4228
