city,pearson_r,pearson_p,spearman_rho,spearman_p,n
Cần Thơ,-0.3662,4.5679654834884345e-151,-0.4303,5.196155304095008e-214,4763
Huế,-0.1708,1.8269933630347613e-32,-0.1419,7.727204897512136e-23,4758
Hà Nội,-0.0296,0.05485429501566786,-0.0715,3.547497054226766e-06,4195
Hải Phòng,-0.2102,1.2296825778759401e-48,-0.2005,2.479222795364553e-44,4758
Hồ Chí Minh,-0.2695,1.6820912210891697e-70,-0.3268,1.190798405839292e-104,4182
Nha Trang,-0.1001,4.443744900804776e-12,-0.1773,6.369566228048913e-35,4759
Vinh,-0.1549,5.746218671893562e-27,-0.1989,1.17448313911938e-43,4761
__ALL__,-0.0983,8.219832854528479e-79,-0.1379,7.910038434504734e-154,36367
Đà Nẵng,-0.2367,1.7676929057309053e-54,-0.2331,7.703701331503048e-53,4191
