city,pearson_r,pearson_p,spearman_rho,spearman_p,n
Cần Thơ,0.0562,0.00010594465579377211,0.0646,8.153014683764453e-06,4761
Huế,0.1068,1.4953983373194522e-13,0.0962,2.959732058091911e-11,4756
Hà Nội,-0.1289,5.379510809470555e-17,-0.1377,3.4113688678443644e-19,4193
Hải Phòng,-0.0301,0.03813052088185111,-0.0262,0.07134023754634,4756
Hồ Chí Minh,-0.1404,7.684770277572317e-20,-0.1026,3.01105808756226e-11,4180
Nha Trang,-0.0255,0.07910790031764492,0.1302,1.9960231137148017e-19,4757
Vinh,-0.0143,0.3254436509566821,0.002,0.8889570306221987,4759
__ALL__,-0.0435,1.0559747950414805e-16,0.0052,0.3232535117207962,36351
Đà Nẵng,0.1205,5.009073983794257e-15,0.0886,9.084593230050846e-09,4189
