city,pearson_r,pearson_p,spearman_rho,spearman_p,n
Cần Thơ,0.0545,0.00017929881511810308,0.0635,1.2550543143979111e-05,4721
Huế,0.1059,3.0107031481477627e-13,0.0952,5.629708938310244e-11,4716
Hà Nội,-0.1263,3.1461113524254647e-16,-0.1354,1.8900329496295183e-18,4153
Hải Phòng,-0.0294,0.043670540941704014,-0.0263,0.07054905664069025,4716
Hồ Chí Minh,-0.1409,8.136523312272881e-20,-0.1033,2.713500884197107e-11,4140
Nha Trang,-0.0265,0.0687029507358366,0.1278,1.2069269888417434e-18,4717
Vinh,-0.0143,0.3271229713995851,0.0009,0.9528578252524047,4719
__ALL__,-0.0441,5.3778444130390804e-17,0.0042,0.4306676948714234,36031
Đà Nẵng,0.1203,7.669487785472457e-15,0.0874,1.7053942282627455e-08,4149
