city,pearson_r,pearson_p,spearman_rho,spearman_p,n
Cần Thơ,0.0567,9.032029391651233e-05,0.0651,7.037310420795407e-06,4755
Huế,0.1072,1.2844393480511335e-13,0.0966,2.5643630755473437e-11,4750
Hà Nội,-0.1286,6.766547781420666e-17,-0.1376,3.725845078028206e-19,4187
Hải Phòng,-0.0296,0.04122874976790976,-0.0256,0.07791063585739294,4750
Hồ Chí Minh,-0.1401,9.361858744826728e-20,-0.1022,3.615972452718935e-11,4174
Nha Trang,-0.0256,0.07806934786876185,0.1301,2.1401025315670742e-19,4751
Vinh,-0.0142,0.3285773492092559,0.0018,0.9016963434918729,4753
__ALL__,-0.0432,1.7380975421809103e-16,0.0055,0.29151755292475506,36303
Đà Nẵng,0.1211,3.939449780606625e-15,0.0892,7.4481041231474145e-09,4183
