city,pearson_r,pearson_p,spearman_rho,spearman_p,n
Cần Thơ,-0.3682,2.6705348265758908e-152,-0.4311,5.0112933277108006e-214,4745
Huế,-0.172,8.157105726974205e-33,-0.1436,2.9530342828311266e-23,4740
Hà Nội,-0.0315,0.04157867121783401,-0.0757,9.763146146013493e-07,4177
Hải Phòng,-0.2146,1.632820609156731e-50,-0.2068,5.771600463331777e-47,4740
Hồ Chí Minh,-0.2709,6.080274170729777e-71,-0.3292,8.5627932415956105e-106,4164
Nha Trang,-0.1,5.24167667697276e-12,-0.1784,3.3938600655255587e-35,4741
Vinh,-0.1557,3.950575904724287e-27,-0.2006,3.103246012956155e-44,4743
__ALL__,-0.0992,6.94499586668603e-80,-0.1392,3.386030089336562e-156,36223
Đà Nẵng,-0.2372,1.8975285000116425e-54,-0.2333,1.0443191667254385e-52,4173
