city,pearson_r,pearson_p,spearman_rho,spearman_p,n
Cần Thơ,-0.3659,6.164356298006152e-152,-0.4308,4.140344219471556e-216,4799
Huế,-0.1694,3.396663946782263e-32,-0.1403,1.6963652344859114e-22,4794
Hà Nội,-0.0304,0.04816419993906725,-0.0734,1.7640213599566247e-06,4231
Hải Phòng,-0.2101,5.494126078087096e-49,-0.2013,5.397303031030299e-45,4794
Hồ Chí Minh,-0.266,3.0546114070998566e-69,-0.3212,8.025767508437772e-102,4218
Nha Trang,-0.0997,4.634067673998807e-12,-0.1731,1.4769200783172033e-33,4795
Vinh,-0.1624,1.073121704355313e-29,-0.2045,1.9347221002385385e-46,4797
__ALL__,-0.0995,3.00698784342979e-81,-0.1393,3.247033440888684e-158,36655
Đà Nẵng,-0.2371,4.502533323499717e-55,-0.2345,6.984005369672689e-54,4227
