city,pearson_r,pearson_p,spearman_rho,spearman_p,n
Cần Thơ,-0.3653,5.747179156401226e-151,-0.4301,1.1677439987319186e-214,4784
Huế,-0.1705,1.6365552800775381e-32,-0.1418,6.96806273026756e-23,4779
Hà Nội,-0.0291,0.059120285136856514,-0.0697,5.885250633239507e-06,4216
Hải Phòng,-0.2089,2.7992091475868183e-48,-0.1992,5.618112966171792e-44,4779
Hồ Chí Minh,-0.2672,1.236473067186418e-69,-0.3231,9.931055106289194e-103,4203
Nha Trang,-0.0994,5.783260871397458e-12,-0.1735,1.2493660651864688e-33,4780
Vinh,-0.1547,5.216543676070493e-27,-0.1992,5.624012888730301e-44,4782
__ALL__,-0.0984,2.941248434129415e-79,-0.1381,4.8175405256588465e-155,36535
Đà Nẵng,-0.237,7.634597529688531e-55,-0.2338,2.169483243036892e-53,4212
