city,pearson_r,pearson_p,spearman_rho,spearman_p,n
Cần Thơ,0.0572,8.657967132471252e-05,0.0662,5.417058679277398e-06,4712
Huế,0.1057,3.565206353610494e-13,0.095,6.585240223473246e-11,4707
Hà Nội,-0.1246,8.299431090815974e-16,-0.1331,7.64702153034664e-18,4144
Hải Phòng,-0.0284,0.051329492427208835,-0.0247,0.09022172242825534,4707
Hồ Chí Minh,-0.1368,1.0263255356909198e-18,-0.0986,2.108425698799342e-10,4131
Nha Trang,-0.0275,0.05917190611651621,0.1263,3.259149765079861e-18,4708
Vinh,-0.013,0.3708732656847394,0.0027,0.8532846296895837,4710
__ALL__,-0.0433,2.2752897560598516e-16,0.0052,0.32058543744911905,35959
Đà Nẵng,0.1207,6.705484292106785e-15,0.0878,1.522409600344935e-08,4140
