city,pearson_r,pearson_p,spearman_rho,spearman_p,n
Cần Thơ,0.0548,0.00016241951469930696,0.0639,1.0992488033464333e-05,4728
Huế,0.1063,2.348846973472116e-13,0.0956,4.573303805721454e-11,4723
Hà Nội,-0.1273,1.6610036850822413e-16,-0.1367,8.451712808382876e-19,4160
Hải Phòng,-0.0297,0.04149007155541252,-0.0264,0.06927295402444802,4723
Hồ Chí Minh,-0.1408,8.070676059062828e-20,-0.1031,2.8362298564284026e-11,4147
Nha Trang,-0.0259,0.07532507300852166,0.1291,5.351268223597532e-19,4724
Vinh,-0.0142,0.32844201649606736,0.0009,0.951638363349838,4726
__ALL__,-0.0438,8.181551648989236e-17,0.0046,0.37969045266225443,36087
Đà Nẵng,0.1209,5.2784966366620565e-15,0.0883,1.2009908213171599e-08,4156
