city,pearson_r,pearson_p,spearman_rho,spearman_p,n
Cần Thơ,-0.377,2.1761913110319236e-156,-0.4452,1.7507384303746206e-224,4634
Huế,-0.1879,4.638283978476183e-38,-0.1632,5.367533268673654e-29,4628
Hà Nội,-0.046,0.0033156311677497276,-0.1037,3.4017229575973795e-11,4067
Hải Phòng,-0.2306,6.66150404142251e-57,-0.2304,7.693843829605398e-57,4629
Hồ Chí Minh,-0.2853,8.756723405582701e-77,-0.348,8.867054612675976e-116,4054
Nha Trang,-0.0986,1.807999432583515e-11,-0.1854,4.580181086429591e-37,4630
Vinh,-0.1629,6.826458020670252e-29,-0.2152,1.2107448016467561e-49,4631
__ALL__,-0.1084,8.025991248178955e-93,-0.1538,5.005504672239635e-186,35337
Đà Nẵng,-0.2492,1.3999192642964903e-58,-0.2478,6.33018452392572e-58,4064
