city,pearson_r,pearson_p,spearman_rho,spearman_p,n
Cần Thơ,0.0545,0.00016067824889165293,0.0626,1.4462723459058843e-05,4792
Huế,0.1046,4.077993060026564e-13,0.0936,8.740482362226196e-11,4787
Hà Nội,-0.1292,3.491394079189813e-17,-0.138,2.1120064176710095e-19,4224
Hải Phòng,-0.0286,0.04746830316992339,-0.0228,0.11445378740764954,4787
Hồ Chí Minh,-0.1436,7.521769092895358e-21,-0.1076,2.504905025521554e-12,4211
Nha Trang,-0.0253,0.07957514256499662,0.1291,2.9197941899690813e-19,4788
Vinh,-0.0168,0.24376690953620592,-0.0006,0.9671138743713614,4790
__ALL__,-0.0447,1.1482104178581294e-17,0.0031,0.558408448687097,36599
Đà Nẵng,0.1168,2.7747814727062344e-14,0.0839,4.818575839695466e-08,4220
