city,pearson_r,pearson_p,spearman_rho,spearman_p,n
Cần Thơ,0.0551,0.00014869285722713768,0.0642,9.863498131808919e-06,4732
Huế,0.1068,1.798106572727686e-13,0.096,3.6914464066008053e-11,4727
Hà Nội,-0.1273,1.6188784487689054e-16,-0.1363,1.0188160219661686e-18,4164
Hải Phòng,-0.0297,0.04112502160880312,-0.0261,0.07263099992525249,4727
Hồ Chí Minh,-0.1403,1.1024578866057298e-19,-0.1024,3.813025117849456e-11,4151
Nha Trang,-0.0257,0.07722722684471105,0.1295,3.82057331597285e-19,4728
Vinh,-0.0139,0.33793186176254414,0.0016,0.9116967549023827,4730
__ALL__,-0.0434,1.5476787563459835e-16,0.0052,0.32291471298984875,36119
Đà Nẵng,0.122,2.9457598787499966e-15,0.0898,6.453973879729476e-09,4160
