city,pearson_r,pearson_p,spearman_rho,spearman_p,n
Cần Thơ,-0.3656,1.010920042594005e-151,-0.4306,5.799537617694168e-216,4801
Huế,-0.1692,3.867637795189063e-32,-0.14,1.9676796756530353e-22,4796
Hà Nội,-0.0306,0.046624094647868465,-0.074,1.41881399615093e-06,4233
Hải Phòng,-0.2107,2.903718356740108e-49,-0.2019,2.7151659155783463e-45,4796
Hồ Chí Minh,-0.2656,4.3505674097525944e-69,-0.3204,2.24187462161054e-101,4220
Nha Trang,-0.0998,4.332372230855818e-12,-0.1733,1.1800495205278962e-33,4797
Vinh,-0.163,6.2549310177650984e-30,-0.2051,1.0067266495542761e-46,4799
__ALL__,-0.0995,2.1533909091460017e-81,-0.1394,1.97914252743717e-158,36671
Đà Nẵng,-0.2371,4.128263206011582e-55,-0.2345,6.286602674515219e-54,4229
