city,pearson_r,pearson_p,spearman_rho,spearman_p,n
Cần Thơ,-0.3682,2.8119612737717424e-152,-0.4311,5.415944172825579e-214,4744
Huế,-0.1721,8.1447060027156e-33,-0.1436,3.054288732851883e-23,4739
Hà Nội,-0.0316,0.04120366347827837,-0.0757,9.588632217459926e-07,4176
Hải Phòng,-0.2151,1.0395023121473151e-50,-0.2075,3.0668264779834335e-47,4739
Hồ Chí Minh,-0.2712,4.33560753817176e-71,-0.3298,3.220502998039573e-106,4163
Nha Trang,-0.1,5.250251779065225e-12,-0.1785,3.1395279125466126e-35,4740
Vinh,-0.1558,3.843227792013084e-27,-0.2007,2.8997784084129934e-44,4742
__ALL__,-0.0993,5.343840274673728e-80,-0.1394,1.7469802164470944e-156,36215
Đà Nẵng,-0.2372,1.9255461040939511e-54,-0.2333,1.0803459777240985e-52,4172
