city,pearson_r,pearson_p,spearman_rho,spearman_p,n
Cần Thơ,-0.3684,2.5205082199279078e-152,-0.4316,2.185087716346977e-214,4740
Huế,-0.1724,6.474867668390236e-33,-0.144,2.27377989158385e-23,4735
Hà Nội,-0.0322,0.03768724400934926,-0.0771,6.183593151780344e-07,4172
Hải Phòng,-0.2165,2.3789832691934097e-51,-0.2096,3.585580680821724e-48,4735
Hồ Chí Minh,-0.2722,1.425943236026935e-71,-0.3321,1.157827770122091e-107,4159
Nha Trang,-0.1,5.2659694041937674e-12,-0.179,2.142729347414688e-35,4736
Vinh,-0.1563,2.6777646276505665e-27,-0.2021,7.598997874521987e-45,4738
__ALL__,-0.0997,1.2166752026398563e-80,-0.1403,2.2484229413898044e-158,36183
Đà Nẵng,-0.2374,1.6932224959019048e-54,-0.2336,8.972694548109684e-53,4168
