city,pearson_r,pearson_p,spearman_rho,spearman_p,n
Cần Thơ,0.0557,0.00012959000933470343,0.0648,8.408391787236976e-06,4716
Huế,0.1058,3.264056774658816e-13,0.0951,6.101654229878276e-11,4711
Hà Nội,-0.1253,5.602243905989768e-16,-0.134,4.44747545661938e-18,4148
Hải Phòng,-0.0287,0.048513712159755765,-0.0252,0.08368511744046578,4711
Hồ Chí Minh,-0.1386,3.505188627757506e-19,-0.1006,9.042617242663214e-11,4135
Nha Trang,-0.0271,0.06257023195535227,0.1269,2.222582706367152e-18,4712
Vinh,-0.0136,0.3519065617415696,0.002,0.8895369915027762,4714
__ALL__,-0.0436,1.2314395682537404e-16,0.0048,0.36208181212129653,35991
Đà Nẵng,0.1206,6.693429853924422e-15,0.0878,1.4955033773929327e-08,4144
