city,pearson_r,pearson_p,spearman_rho,spearman_p,n
Cần Thơ,0.0568,0.00010468770609275639,0.0667,5.284033364090322e-06,4658
Huế,0.1045,9.12041696350917e-13,0.0937,1.494604093398382e-10,4652
Hà Nội,-0.1172,5.3621535979475326e-14,-0.1251,9.794001884865105e-16,4091
Hải Phòng,-0.022,0.13353221854857036,-0.0164,0.26295475671957336,4653
Hồ Chí Minh,-0.1332,1.2941593218690234e-17,-0.093,2.7085909843723116e-09,4078
Nha Trang,-0.0295,0.04432496769937232,0.1229,3.89791720879089e-17,4654
Vinh,-0.0137,0.3486600901445296,-0.0003,0.9834121448663087,4655
__ALL__,-0.043,5.240346401601994e-16,0.0055,0.29586291815781796,35529
Đà Nẵng,0.1207,9.535245968494089e-15,0.0874,2.203828107606291e-08,4088
