city,pearson_r,pearson_p,spearman_rho,spearman_p,n
Cần Thơ,-0.3651,4.472052327983749e-151,-0.43,5.739914162011248e-215,4793
Huế,-0.1698,2.55702331417536e-32,-0.1409,1.1846447836461286e-22,4788
Hà Nội,-0.0295,0.05544148559670981,-0.071,3.8402477739907605e-06,4225
Hải Phòng,-0.2088,2.653236998935287e-48,-0.1994,3.7846579186912677e-44,4788
Hồ Chí Minh,-0.2658,4.732402933744687e-69,-0.3208,2.1230000197441297e-101,4212
Nha Trang,-0.0992,5.99407702589573e-12,-0.1723,3.139125373130066e-33,4789
Vinh,-0.1589,1.8595743604903322e-28,-0.2023,2.0226215831214994e-45,4791
__ALL__,-0.0988,5.2396657898038785e-80,-0.1385,3.7260212885372357e-156,36607
Đà Nẵng,-0.2373,3.987096102366343e-55,-0.2346,7.235073384332091e-54,4221
