city,pearson_r,pearson_p,spearman_rho,spearman_p,n
Cần Thơ,0.0545,0.0001790154344674111,0.0635,1.2503554847310048e-05,4723
Huế,0.1058,3.2367257609352676e-13,0.0951,5.957420764105502e-11,4718
Hà Nội,-0.1267,2.4670073313763145e-16,-0.136,1.3180457452179206e-18,4155
Hải Phòng,-0.0296,0.04195515306513613,-0.0268,0.0659701758727363,4718
Hồ Chí Minh,-0.1417,5.1185935262029075e-20,-0.1043,1.7264383765499374e-11,4142
Nha Trang,-0.0263,0.07128393241908,0.1282,9.44013245118057e-19,4719
Vinh,-0.0144,0.3215911261425629,0.0006,0.9681115288153871,4721
__ALL__,-0.0443,4.225853043563988e-17,0.004,0.44783307584153254,36047
Đà Nẵng,0.1202,7.657742016983327e-15,0.0874,1.6900387167810528e-08,4151
