city,pearson_r,pearson_p,spearman_rho,spearman_p,n
Cần Thơ,0.0576,8.236820294042622e-05,0.0678,3.545346669141292e-06,4671
Huế,0.1052,5.884232916391295e-13,0.0945,1.0163406972206819e-10,4665
Hà Nội,-0.1203,1.0481666533386054e-14,-0.1292,9.713162201886584e-17,4102
Hải Phòng,-0.0234,0.11054815030643096,-0.0181,0.2161511619432819,4665
Hồ Chí Minh,-0.1326,1.692712268402342e-17,-0.0931,2.4433341277863713e-09,4089
Nha Trang,-0.0286,0.05052561313312268,0.125,1.0473455630782744e-17,4666
Vinh,-0.0136,0.3526338442527671,0.0003,0.9829970306621263,4668
__ALL__,-0.0424,1.1235198977219206e-15,0.0061,0.2506214078102611,35626
Đà Nẵng,0.1228,2.96457950099139e-15,0.0906,6.26514055990469e-09,4100
