city,pearson_r,pearson_p,spearman_rho,spearman_p,n
Cần Thơ,0.0583,6.42200987290674e-05,0.0682,2.941650720710721e-06,4695
Huế,0.105,5.770403429124178e-13,0.0943,9.874421985636207e-11,4690
Hà Nội,-0.1227,2.55594056148222e-15,-0.1313,2.4908281930377258e-17,4127
Hải Phòng,-0.0273,0.06130123187920769,-0.0233,0.11060658678764222,4690
Hồ Chí Minh,-0.1331,9.926832536843002e-18,-0.0946,1.2106484252297867e-09,4114
Nha Trang,-0.0281,0.053950605770846684,0.1258,5.332094153987708e-18,4691
Vinh,-0.0132,0.36452541786585474,0.0018,0.9033870597457136,4693
__ALL__,-0.043,4.0381867732332263e-16,0.0055,0.301781062233708,35823
Đà Nẵng,0.1216,4.579818634802066e-15,0.089,1.0264912021393976e-08,4123
