city,pearson_r,pearson_p,spearman_rho,spearman_p,n
Cần Thơ,0.0564,0.00010080061277496052,0.0647,8.075970693061936e-06,4753
Huế,0.1071,1.359289788346609e-13,0.0965,2.6932342013393252e-11,4748
Hà Nội,-0.1287,6.465890529911701e-17,-0.138,3.1102943597097383e-19,4185
Hải Phòng,-0.0301,0.038250838531745754,-0.0262,0.07068780556651422,4748
Hồ Chí Minh,-0.1402,9.372107772164691e-20,-0.1022,3.605661582273626e-11,4172
Nha Trang,-0.0255,0.07865529515260677,0.1302,2.140679173428281e-19,4749
Vinh,-0.0142,0.32659112743265933,0.0015,0.9150449285302213,4751
__ALL__,-0.0433,1.4425881987480572e-16,0.0053,0.3099067897946391,36287
Đà Nẵng,0.121,4.065240562555531e-15,0.0891,7.856744268374017e-09,4181
