city,pearson_r,pearson_p,spearman_rho,spearman_p,n
Cần Thơ,0.0544,0.00018043310915917578,0.0629,1.451646760709882e-05,4743
Huế,0.1065,2.0180274375013579e-13,0.0958,3.9686133809586686e-11,4738
Hà Nội,-0.1297,3.971869288785161e-17,-0.1399,1.0625173868320028e-19,4175
Hải Phòng,-0.0315,0.029934589895584045,-0.0282,0.05244233720607907,4738
Hồ Chí Minh,-0.1409,6.638921590887563e-20,-0.1031,2.5701105571008002e-11,4162
Nha Trang,-0.0257,0.07716798712236982,0.1294,3.7803070949109156e-19,4739
Vinh,-0.0148,0.3075976956823837,0.0005,0.9716048711426775,4741
__ALL__,-0.0442,3.881910063234589e-17,0.0042,0.4267186124966569,36207
Đà Nẵng,0.1207,5.233711567157736e-15,0.0886,1.0038328358811753e-08,4171
