city,pearson_r,pearson_p,spearman_rho,spearman_p,n
Cần Thơ,0.0576,7.976607412805569e-05,0.0673,3.974082714691425e-06,4683
Huế,0.1049,6.502013493007132e-13,0.0943,1.0544239976733262e-10,4677
Hà Nội,-0.1225,3.1250308468334548e-15,-0.1318,2.0984106277700772e-17,4114
Hải Phòng,-0.0259,0.07601283441290367,-0.0217,0.13836401971211587,4677
Hồ Chí Minh,-0.1324,1.6551437813987464e-17,-0.0927,2.7712232502928257e-09,4101
Nha Trang,-0.0285,0.05119751451140579,0.1251,8.754348631477409e-18,4678
Vinh,-0.0139,0.34122801676391495,0.0003,0.9841448089853271,4680
__ALL__,-0.0429,4.623261137139601e-16,0.0055,0.3003059898980822,35721
Đà Nẵng,0.1226,3.127023173348735e-15,0.0903,6.7318136100883176e-09,4111
