city,pearson_r,pearson_p,spearman_rho,spearman_p,n
Cần Thơ,-0.3655,4.2866663424906654e-151,-0.4302,8.660602382515217e-215,4783
Huế,-0.1706,1.5849503137796993e-32,-0.1418,6.747017407445853e-23,4778
Hà Nội,-0.0292,0.057919296887545504,-0.07,5.33252602094888e-06,4215
Hải Phòng,-0.2092,2.079866302889306e-48,-0.1996,3.8948279236188727e-44,4778
Hồ Chí Minh,-0.2675,8.373231194830237e-70,-0.3238,3.806848261233225e-103,4202
Nha Trang,-0.0994,5.758268974733103e-12,-0.1737,1.1172421434426158e-33,4779
Vinh,-0.1547,5.319634225803741e-27,-0.1991,6.226098662174437e-44,4781
__ALL__,-0.0985,2.1821316031183042e-79,-0.1383,2.47276005717095e-155,36527
Đà Nẵng,-0.237,7.831630194904647e-55,-0.2338,2.249079282619602e-53,4211
