city,pearson_r,pearson_p,spearman_rho,spearman_p,n
Cần Thơ,-0.365,2.9325367323322073e-150,-0.4295,1.7879428169577167e-213,4770
Huế,-0.1704,2.3351606096573264e-32,-0.1414,1.0110938578347329e-22,4765
Hà Nội,-0.0306,0.047066679322878786,-0.073,2.163404851068449e-06,4202
Hải Phòng,-0.2109,4.583780172158959e-49,-0.2018,5.526938184628251e-45,4765
Hồ Chí Minh,-0.2688,3.155589877947505e-70,-0.3254,6.361070732620934e-104,4189
Nha Trang,-0.0996,5.4716041778725166e-12,-0.175,4.356145072251361e-34,4766
Vinh,-0.1548,5.7282801160215045e-27,-0.1989,9.294759907373955e-44,4768
__ALL__,-0.0985,3.1764665677725066e-79,-0.138,2.9861544820311764e-154,36423
Đà Nẵng,-0.2367,1.560152952026281e-54,-0.233,7.052013826432073e-53,4198
