city,pearson_r,pearson_p,spearman_rho,spearman_p,n
Cần Thơ,0.0574,8.129846030378414e-05,0.0665,4.917887597057971e-06,4711
Huế,0.1057,3.6486425584984447e-13,0.095,6.722382923238765e-11,4706
Hà Nội,-0.1245,8.966631954238726e-16,-0.133,8.350094084601483e-18,4143
Hải Phòng,-0.0283,0.051990670158747795,-0.0246,0.09186264646741903,4706
Hồ Chí Minh,-0.1367,1.1334671800332932e-18,-0.0983,2.39289303156598e-10,4130
Nha Trang,-0.0276,0.058593754852229694,0.1262,3.498868345846227e-18,4707
Vinh,-0.013,0.3732967847242,0.0028,0.849878076365433,4709
__ALL__,-0.0432,2.3976773287501004e-16,0.0053,0.3185942234399084,35951
Đà Nẵng,0.1206,7.020351628122046e-15,0.0877,1.6081170331774757e-08,4139
