city,pearson_r,pearson_p,spearman_rho,spearman_p,n
Cần Thơ,-0.3763,9.975078555144279e-158,-0.4434,3.454285045226985e-225,4691
Huế,-0.1765,4.247035929416901e-34,-0.15,5.682648068630657e-25,4685
Hà Nội,-0.0362,0.020105538189850777,-0.0841,6.418230110690826e-08,4122
Hải Phòng,-0.221,6.222516696358926e-53,-0.2166,7.246888652277488e-51,4685
Hồ Chí Minh,-0.285,1.2351027804145355e-77,-0.3513,1.2655365284393319e-119,4109
Nha Trang,-0.0984,1.4746474684289237e-11,-0.1792,3.949612367213679e-35,4686
Vinh,-0.1596,3.8830344523533685e-28,-0.2087,2.66352793045967e-47,4688
__ALL__,-0.1037,3.951809894193731e-86,-0.1466,3.867547433821689e-171,35785
Đà Nẵng,-0.2418,7.363150135353648e-56,-0.2386,2.0617049606476376e-54,4119
