city,pearson_r,pearson_p,spearman_rho,spearman_p,n
Cần Thơ,0.0573,9.125250509923648e-05,0.0673,4.2216181174708156e-06,4665
Huế,0.105,6.670249315755531e-13,0.0943,1.1473374228672458e-10,4659
Hà Nội,-0.1196,1.6065422437587327e-14,-0.1282,1.7318551612007348e-16,4098
Hải Phòng,-0.0231,0.11523897489346997,-0.0178,0.22419872441970895,4660
Hồ Chí Minh,-0.1327,1.689260282110925e-17,-0.0928,2.75717382171533e-09,4085
Nha Trang,-0.0288,0.04912865399168054,0.1245,1.4543512107190697e-17,4661
Vinh,-0.0134,0.36200435772965217,0.0003,0.9835607987558432,4662
__ALL__,-0.0425,1.0350321006684908e-15,0.006,0.259071270184675,35585
Đà Nẵng,0.1226,3.548262942447709e-15,0.0899,8.255746488623168e-09,4095
