city,pearson_r,pearson_p,spearman_rho,spearman_p,n
Cần Thơ,0.0544,0.000183043717861904,0.0633,1.3445895823754421e-05,4724
Huế,0.1058,3.151687369633512e-13,0.0951,5.8032956503704686e-11,4719
Hà Nội,-0.1269,2.1618335067455968e-16,-0.1363,1.1098464156795733e-18,4156
Hải Phòng,-0.0298,0.040881213121656136,-0.027,0.06333503161011594,4719
Hồ Chí Minh,-0.1418,4.778452777608533e-20,-0.1045,1.587919932371069e-11,4143
Nha Trang,-0.0263,0.0713283608330286,0.1282,9.140644145714488e-19,4720
Vinh,-0.0144,0.3233050144380329,0.0007,0.9622569774058254,4722
__ALL__,-0.0443,4.111034983825236e-17,0.004,0.44817351777442394,36055
Đà Nẵng,0.1202,7.602673346846428e-15,0.0874,1.6887823247617977e-08,4152
