city,pearson_r,pearson_p,spearman_rho,spearman_p,n
Cần Thơ,0.0544,0.00017975662279257136,0.0629,1.4391417518854008e-05,4745
Huế,0.1065,2.0130331202997502e-13,0.0959,3.748592355634029e-11,4740
Hà Nội,-0.13,3.327927993451674e-17,-0.1402,8.793511778059003e-20,4177
Hải Phòng,-0.032,0.02775034764376651,-0.0287,0.0481710476486224,4740
Hồ Chí Minh,-0.1413,5.152337907157489e-20,-0.1039,1.8448497409392995e-11,4164
Nha Trang,-0.0257,0.07707973322072138,0.1294,3.8036200061226996e-19,4741
Vinh,-0.0149,0.30386526659209623,0.0004,0.9805311574710596,4743
__ALL__,-0.0443,3.2248212713807247e-17,0.0041,0.4381417843868056,36223
Đà Nẵng,0.1207,5.260005525254969e-15,0.0885,1.0155379106971504e-08,4173
