city,pearson_r,pearson_p,spearman_rho,spearman_p,n
Cần Thơ,-0.3756,2.096807711982863e-157,-0.4417,1.0180140135199575e-223,4700
Huế,-0.1753,1.0456739729805887e-33,-0.1481,2.022988979019363e-24,4695
Hà Nội,-0.0353,0.02315482007388327,-0.0827,1.024841970772879e-07,4132
Hải Phòng,-0.2205,8.58459107415406e-53,-0.2156,1.663627024399566e-50,4695
Hồ Chí Minh,-0.284,2.914781035790773e-77,-0.3501,4.379235973183428e-119,4119
Nha Trang,-0.099,1.0546199918277094e-11,-0.1799,1.893361421339029e-35,4696
Vinh,-0.1589,6.059175066785847e-28,-0.2071,1.1306634980762854e-46,4698
__ALL__,-0.103,3.962635561575706e-85,-0.1455,6.455055607436166e-169,35863
Đà Nẵng,-0.2401,3.2176885977412566e-55,-0.2367,1.1791626684741875e-53,4128
