city,pearson_r,pearson_p,spearman_rho,spearman_p,n
Cần Thơ,0.0558,0.00014597695768449784,0.0662,6.623480566523367e-06,4622
Huế,0.111,4.033445958855278e-14,0.0977,2.948283323968656e-11,4616
Hà Nội,-0.1097,2.4454266427398597e-12,-0.1154,1.6592155395536272e-13,4055
Hải Phòng,-0.0194,0.18764405273087625,-0.013,0.3762374180452952,4617
Hồ Chí Minh,-0.135,6.778913404683826e-18,-0.0956,1.1113631259234875e-09,4042
Nha Trang,-0.0285,0.052689981566689394,0.1242,2.3895441312448105e-17,4618
Vinh,-0.0068,0.6461830372116518,0.0098,0.5034644193733749,4619
__ALL__,-0.0406,2.6236396505387913e-14,0.0087,0.10095591831482603,35241
Đà Nẵng,0.1303,8.055069465935344e-17,0.1001,1.7242232300445154e-10,4052
