city,pearson_r,pearson_p,spearman_rho,spearman_p,n
Cần Thơ,-0.3675,4.6397759244949435e-152,-0.4312,8.987859250976084e-215,4758
Huế,-0.1713,1.269077748555074e-32,-0.1427,4.891110166119515e-23,4753
Hà Nội,-0.0296,0.055745712261497916,-0.0712,4.013389170674379e-06,4190
Hải Phòng,-0.2112,4.4845392321907576e-49,-0.202,6.22760588202553e-45,4753
Hồ Chí Minh,-0.2701,9.146164764373982e-71,-0.3281,2.153708702960904e-105,4177
Nha Trang,-0.1002,4.393262107899569e-12,-0.178,3.8045297223356903e-35,4754
Vinh,-0.1552,5.0308560965631344e-27,-0.1993,8.059813484128925e-44,4756
__ALL__,-0.0986,3.89788417345308e-79,-0.1383,1.1522671331793955e-154,36327
Đà Nẵng,-0.2372,1.2856898784122915e-54,-0.2336,5.399363069363954e-53,4186
