city,pearson_r,pearson_p,spearman_rho,spearman_p,n
Cần Thơ,-0.3699,2.6058852398192165e-153,-0.4341,1.2799249764292796e-216,4730
Huế,-0.1734,3.381684195313973e-33,-0.1454,9.381300912996363e-24,4725
Hà Nội,-0.0334,0.03126039301466581,-0.0798,2.5461174340096337e-07,4162
Hải Phòng,-0.2192,1.6748734687560032e-52,-0.2134,8.89558266566954e-50,4725
Hồ Chí Minh,-0.273,8.154627358997956e-72,-0.3332,4.130089817224008e-108,4149
Nha Trang,-0.1002,4.96549016193941e-12,-0.1808,4.9899566548049984e-36,4726
Vinh,-0.1569,1.8939892244323064e-27,-0.2032,3.1291832027667515e-45,4728
__ALL__,-0.1008,3.2672646792993844e-82,-0.1421,3.8535543967945765e-162,36103
Đà Nẵng,-0.2396,2.387767905182892e-55,-0.2362,7.859590355457926e-54,4158
