city,pearson_r,pearson_p,spearman_rho,spearman_p,n
Cần Thơ,-0.3764,1.2817435797586438e-157,-0.4435,4.5363660592400606e-225,4687
Huế,-0.1768,3.582924303565645e-34,-0.1503,4.596724867562273e-25,4681
Hà Nội,-0.0367,0.01847430728393867,-0.0852,4.304394587948535e-08,4118
Hải Phòng,-0.2214,4.585569177453891e-53,-0.2173,3.7618425420897495e-51,4681
Hồ Chí Minh,-0.2847,2.046181716633704e-77,-0.3508,3.6788908140414876e-119,4105
Nha Trang,-0.0983,1.5595976906688157e-11,-0.1792,4.2946571826107526e-35,4682
Vinh,-0.1598,3.5729381645333916e-28,-0.2089,2.2952006087549243e-47,4684
__ALL__,-0.1039,2.6738047665104147e-86,-0.1469,1.2017421598896849e-171,35753
Đà Nẵng,-0.2418,7.787701610722716e-56,-0.2387,2.0862536199935936e-54,4115
