city,pearson_r,pearson_p,spearman_rho,spearman_p,n
Cần Thơ,-0.3698,2.779407322161819e-153,-0.4337,2.106759876904517e-216,4733
Huế,-0.1732,3.6510359824490265e-33,-0.1452,1.0732127112161155e-23,4728
Hà Nội,-0.033,0.03302844400910707,-0.079,3.2635295824265206e-07,4165
Hải Phòng,-0.2186,2.9024885555350676e-52,-0.2125,2.1406890723238523e-49,4728
Hồ Chí Minh,-0.2729,8.62418507993316e-72,-0.333,4.21715559495339e-108,4152
Nha Trang,-0.1,5.419499661442753e-12,-0.1798,1.170781600522939e-35,4729
Vinh,-0.1568,1.943419313777173e-27,-0.2031,2.99783160499894e-45,4731
__ALL__,-0.1006,6.559901418944808e-82,-0.1417,1.9926964786345164e-161,36127
Đà Nẵng,-0.2392,3.0713776322685715e-55,-0.2359,9.789139302668899e-54,4161
