city,pearson_r,pearson_p,spearman_rho,spearman_p,n
Cần Thơ,-0.3764,1.4811086140365307e-157,-0.4436,5.179404360206073e-225,4683
Huế,-0.1768,3.948881652284238e-34,-0.1503,5.063955524591357e-25,4677
Hà Nội,-0.0374,0.016518888040836587,-0.0868,2.453470680605278e-08,4114
Hải Phòng,-0.2219,2.8286366711353056e-53,-0.2179,2.213989887929382e-51,4677
Hồ Chí Minh,-0.2847,2.372000374492242e-77,-0.3503,1.073027779250537e-118,4101
Nha Trang,-0.0983,1.6163393089457056e-11,-0.1793,4.2732818118044313e-35,4678
Vinh,-0.1601,2.94208880773794e-28,-0.2095,1.4786505505128694e-47,4680
__ALL__,-0.104,1.9997530641123273e-86,-0.147,1.0032198271215399e-171,35721
Đà Nẵng,-0.2418,8.714467272002622e-56,-0.2389,1.984434048086604e-54,4111
