city,pearson_r,pearson_p,spearman_rho,spearman_p,n
Cần Thơ,-0.378,1.3462638662469084e-156,-0.4477,2.85778137384762e-226,4612
Huế,-0.191,4.21421957537277e-39,-0.1669,3.835791490154431e-30,4606
Hà Nội,-0.0475,0.0025182472910877354,-0.106,1.386849219628296e-11,4045
Hải Phòng,-0.2338,3.154036258006797e-58,-0.2351,6.883047786007234e-59,4607
Hồ Chí Minh,-0.2889,2.3788919553486043e-78,-0.3546,8.897601594911195e-120,4032
Nha Trang,-0.0977,2.953825008179847e-11,-0.185,9.722061662821254e-37,4608
Vinh,-0.1657,1.0124537509530076e-29,-0.2197,1.6448484406718093e-51,4609
__ALL__,-0.1106,4.193695782434957e-96,-0.1577,1.8080301457668388e-194,35161
Đà Nẵng,-0.2543,1.1433999046661508e-60,-0.2541,1.3460055964761185e-60,4042
