city,pearson_r,pearson_p,spearman_rho,spearman_p,n
Cần Thơ,0.0556,0.00015462997454533333,0.0657,7.70280880220859e-06,4624
Huế,0.1109,4.183242602565198e-14,0.0977,2.8960123736173093e-11,4618
Hà Nội,-0.1102,1.905747947003515e-12,-0.1162,1.1187855035399871e-13,4057
Hải Phòng,-0.0193,0.1893467392633193,-0.0127,0.38683693471302905,4619
Hồ Chí Minh,-0.1352,5.78929799876456e-18,-0.096,9.62952235340842e-10,4044
Nha Trang,-0.0283,0.05421093354805655,0.1244,2.1362771743795025e-17,4620
Vinh,-0.0075,0.6114844075871984,0.0089,0.5452272446234665,4621
__ALL__,-0.0408,1.8314827050746092e-14,0.0084,0.11414062977269036,35257
Đà Nẵng,0.1296,1.215564123977472e-16,0.099,2.635085221322741e-10,4054
