city,pearson_r,pearson_p,spearman_rho,spearman_p,n
Cần Thơ,-0.3687,1.8286094386181757e-152,-0.4324,4.387046419635901e-215,4737
Huế,-0.1728,4.9959129168468854e-33,-0.1446,1.6016109743386372e-23,4732
Hà Nội,-0.0325,0.03578093415099217,-0.0779,4.828673478650773e-07,4169
Hải Phòng,-0.2176,7.987323545054388e-52,-0.211,9.11895571293013e-49,4732
Hồ Chí Minh,-0.2726,9.968265118447494e-72,-0.3328,4.615179099176418e-108,4156
Nha Trang,-0.1,5.505167911909295e-12,-0.1791,2.0325734264391368e-35,4733
Vinh,-0.1566,2.229732059175727e-27,-0.2028,4.008999606967514e-45,4735
__ALL__,-0.1001,3.567793343844089e-81,-0.1409,1.1045808052915719e-159,36159
Đà Nẵng,-0.2381,8.671439572488436e-55,-0.2345,3.9383086217982585e-53,4165
