city,pearson_r,pearson_p,spearman_rho,spearman_p,n
Cần Thơ,0.0544,0.00018144327128447526,0.0633,1.3257378688979299e-05,4725
Huế,0.1059,2.9560629687946874e-13,0.0952,5.500898654608699e-11,4720
Hà Nội,-0.1271,1.9652078569059888e-16,-0.1365,9.68732526463251e-19,4157
Hải Phòng,-0.0298,0.04039972404095816,-0.027,0.06376222548709429,4720
Hồ Chí Minh,-0.1416,5.259621598458804e-20,-0.1041,1.8259638724683724e-11,4144
Nha Trang,-0.0262,0.07160016317427322,0.1284,8.418483477546105e-19,4721
Vinh,-0.0144,0.3231287775331989,0.0006,0.9653679819111549,4723
__ALL__,-0.0442,4.545276501417734e-17,0.0041,0.4360486446891344,36063
Đà Nẵng,0.1203,7.242802988884347e-15,0.0875,1.6226470885475333e-08,4153
