city,pearson_r,pearson_p,spearman_rho,spearman_p,n
Cần Thơ,0.057,8.202267715807811e-05,0.0651,6.863919520036131e-06,4772
Huế,0.1063,1.8538151088136113e-13,0.0958,3.447503541377089e-11,4767
Hà Nội,-0.1272,1.2436575848435408e-16,-0.1358,9.222118518889922e-19,4204
Hải Phòng,-0.0286,0.048501697197975126,-0.0238,0.10024154749278415,4767
Hồ Chí Minh,-0.1399,8.937540423797378e-20,-0.1023,3.233697484266966e-11,4191
Nha Trang,-0.0252,0.08186104468908292,0.1304,1.5746832883551353e-19,4768
Vinh,-0.0139,0.3368465492745881,0.0029,0.8408907693902462,4770
__ALL__,-0.043,2.2976312796824e-16,0.0056,0.2890661982946539,36439
Đà Nẵng,0.1203,5.2796905694167205e-15,0.0884,9.693731352923122e-09,4200
