city,pearson_r,pearson_p,spearman_rho,spearman_p,n
Cần Thơ,0.057,9.765973272270676e-05,0.0669,4.771902884343628e-06,4663
Huế,0.1047,7.805083854534301e-13,0.094,1.2902483684147893e-10,4657
Hà Nội,-0.1189,2.2441306147553427e-14,-0.1276,2.511909025187272e-16,4096
Hải Phòng,-0.023,0.11656420452281839,-0.0178,0.2257015674598261,4658
Hồ Chí Minh,-0.133,1.429380481038053e-17,-0.093,2.6294900969314004e-09,4083
Nha Trang,-0.029,0.04802762203992356,0.1241,1.8817240506381002e-17,4659
Vinh,-0.0136,0.35313814777347546,-0.0002,0.9889797947624939,4660
__ALL__,-0.0427,7.626590244586569e-16,0.0057,0.27890992129328196,35569
Đà Nẵng,0.122,4.80816226301922e-15,0.0891,1.1196831069578507e-08,4093
