city,pearson_r,pearson_p,spearman_rho,spearman_p,n
Cần Thơ,0.0573,7.490636393486089e-05,0.0655,5.818284778500172e-06,4777
Huế,0.1059,2.2065509751897494e-13,0.0953,4.282339168395163e-11,4772
Hà Nội,-0.1272,1.1708934583822946e-16,-0.1356,9.740842645388585e-19,4209
Hải Phòng,-0.0278,0.054775101970023526,-0.0227,0.1161823847445969,4772
Hồ Chí Minh,-0.1401,7.616513778112039e-20,-0.1027,2.636877991426904e-11,4196
Nha Trang,-0.0251,0.0829778410856212,0.1306,1.3518134529942091e-19,4773
Vinh,-0.0138,0.3403654658320406,0.0033,0.8204119884634905,4775
__ALL__,-0.043,1.9733416544796096e-16,0.0055,0.2960954948374366,36479
Đà Nẵng,0.1194,8.16982476957894e-15,0.0873,1.436938666258555e-08,4205
