city,pearson_r,pearson_p,spearman_rho,spearman_p,n
Cần Thơ,0.0577,7.422215947079373e-05,0.0668,4.42886292144235e-06,4709
Huế,0.1055,4.0514479403280774e-13,0.0948,7.337496369800246e-11,4704
Hà Nội,-0.1243,9.992147844353746e-16,-0.1329,9.097392971853008e-18,4141
Hải Phòng,-0.0282,0.05331738476064137,-0.0243,0.0950322292228298,4704
Hồ Chí Minh,-0.1366,1.185847789080804e-18,-0.0983,2.459001102809434e-10,4128
Nha Trang,-0.0276,0.058165094107411636,0.1262,3.731531798858418e-18,4705
Vinh,-0.0128,0.3782393910201364,0.0028,0.8456697166135833,4707
__ALL__,-0.0433,2.2709124952096987e-16,0.0052,0.3243882729506262,35935
Đà Nẵng,0.1202,8.536766971531424e-15,0.0872,1.9634636213341854e-08,4137
