city,pearson_r,pearson_p,spearman_rho,spearman_p,n
Cần Thơ,0.0542,0.00016894706879063315,0.0625,1.4289281897904772e-05,4807
Huế,0.1044,4.065389932285642e-13,0.0935,8.580270858704182e-11,4802
Hà Nội,-0.1333,2.835578313168784e-18,-0.1436,5.878239373712826e-21,4239
Hải Phòng,-0.0315,0.028996148324155,-0.0269,0.06239793434957511,4802
Hồ Chí Minh,-0.1453,2.290686256435088e-21,-0.1098,8.297211674524269e-13,4226
Nha Trang,-0.026,0.07107113107536453,0.1282,4.751907990505186e-19,4803
Vinh,-0.0207,0.15212296710576265,-0.0057,0.6920238321455814,4805
__ALL__,-0.0459,1.4036532835796318e-18,0.0012,0.8141928273392921,36719
Đà Nẵng,0.1167,2.541656782844703e-14,0.0842,4.086097302991067e-08,4235
