city,pearson_r,pearson_p,spearman_rho,spearman_p,n
Cần Thơ,0.0574,8.586465334111041e-05,0.0671,4.3934147710185564e-06,4680
Huế,0.1046,7.535232466105272e-13,0.094,1.1956449980161987e-10,4674
Hà Nội,-0.1223,3.575868246079978e-15,-0.1317,2.2798932513142028e-17,4111
Hải Phòng,-0.0256,0.07977307217651754,-0.0214,0.14430341907020727,4674
Hồ Chí Minh,-0.1324,1.7198231878054595e-17,-0.0925,2.990571632025487e-09,4098
Nha Trang,-0.0285,0.051640316039093186,0.125,9.373620015279054e-18,4675
Vinh,-0.0142,0.3325236044681719,-0.0002,0.987547567459159,4677
__ALL__,-0.0431,3.952006333196666e-16,0.0053,0.31699973590036423,35697
Đà Nẵng,0.1225,3.291316739483721e-15,0.0902,7.083865461354885e-09,4108
