city,pearson_r,pearson_p,spearman_rho,spearman_p,n
Cần Thơ,-0.376,1.260939550028879e-157,-0.4426,1.6502585630149873e-224,4696
Huế,-0.1757,7.6842099161876495e-34,-0.1487,1.3330477128786541e-24,4691
Hà Nội,-0.0357,0.021806117187336656,-0.0832,8.533136751533932e-08,4128
Hải Phòng,-0.2204,1.0444306186257363e-52,-0.2155,2.1419624229076915e-50,4691
Hồ Chí Minh,-0.2848,1.2693013138810472e-77,-0.3512,9.207448541937663e-120,4115
Nha Trang,-0.0988,1.17123513912365e-11,-0.1797,2.3000513318777095e-35,4692
Vinh,-0.1591,5.327513901837976e-28,-0.2075,7.908244338020684e-47,4694
__ALL__,-0.1033,1.6568264338515903e-85,-0.1459,1.0311246284050911e-169,35831
Đà Nẵng,-0.2408,1.797240332400016e-55,-0.2375,5.738998951539241e-54,4124
