city,pearson_r,pearson_p,spearman_rho,spearman_p,n
Cần Thơ,-0.3771,4.4556787003364134e-156,-0.4457,1.8847694972134602e-224,4621
Huế,-0.1893,1.6575211060535963e-38,-0.1642,2.8752865115862857e-29,4615
Hà Nội,-0.0462,0.003258033728564084,-0.1032,4.565530777298104e-11,4054
Hải Phòng,-0.2309,6.142661147396587e-57,-0.231,5.515162190745865e-57,4616
Hồ Chí Minh,-0.2868,2.4010865816654084e-77,-0.3502,5.893493595284407e-117,4041
Nha Trang,-0.0981,2.4231757943984677e-11,-0.1851,7.607857880094976e-37,4617
Vinh,-0.1643,2.628992810185932e-29,-0.2173,1.7650105063157653e-50,4618
__ALL__,-0.1093,4.644127760018569e-94,-0.1553,4.048443378492177e-189,35233
Đà Nẵng,-0.2515,1.681334833564759e-59,-0.2506,4.78058678054547e-59,4051
