city,pearson_r,pearson_p,spearman_rho,spearman_p,n
Cần Thơ,0.0582,6.59700797852609e-05,0.0681,3.054632819324829e-06,4688
Huế,0.1054,4.724220011009736e-13,0.0948,8.097276329081542e-11,4682
Hà Nội,-0.1218,4.379843938832561e-15,-0.1304,4.282895336738703e-17,4119
Hải Phòng,-0.0264,0.07116576192776618,-0.0219,0.1345205695851487,4682
Hồ Chí Minh,-0.1325,1.5479262542681283e-17,-0.0938,1.7404849051544561e-09,4106
Nha Trang,-0.0286,0.050276567276508456,0.1252,7.95543215118798e-18,4683
Vinh,-0.0129,0.37621087763503336,0.0019,0.8957462202146476,4685
__ALL__,-0.0426,7.766486548719597e-16,0.0059,0.2634520817357016,35761
Đà Nẵng,0.1226,3.0237256224908977e-15,0.0902,6.737822072035781e-09,4116
