city,pearson_r,pearson_p,spearman_rho,spearman_p,n
Cần Thơ,0.0565,9.710915258252879e-05,0.0648,7.708541724910022e-06,4759
Huế,0.1071,1.302243801114482e-13,0.0966,2.527812947743476e-11,4754
Hà Nội,-0.1289,5.5106379917245806e-17,-0.1378,3.1942876309539685e-19,4191
Hải Phòng,-0.0299,0.0395645158797704,-0.0258,0.07513479538995645,4754
Hồ Chí Minh,-0.1401,9.020931353415632e-20,-0.1022,3.569511890057417e-11,4178
Nha Trang,-0.0254,0.07942822581474696,0.1303,1.8795586444263808e-19,4755
Vinh,-0.0142,0.32729055801537027,0.002,0.8889451136063116,4757
__ALL__,-0.0434,1.3336405646927276e-16,0.0054,0.3054393188663978,36335
Đà Nẵng,0.1208,4.3631028474340095e-15,0.089,7.968723001640208e-09,4187
