city,pearson_r,pearson_p,spearman_rho,spearman_p,n
Cần Thơ,-0.3679,2.2694935723933053e-152,-0.4317,3.9758660036946635e-215,4755
Huế,-0.1716,1.0267918685562689e-32,-0.1431,3.854608943226067e-23,4750
Hà Nội,-0.03,0.05226648444496067,-0.0721,2.997764763932882e-06,4187
Hải Phòng,-0.2118,2.5637302840061065e-49,-0.203,2.3971943365690535e-45,4750
Hồ Chí Minh,-0.2701,1.1091692748744692e-70,-0.3278,4.065905392805355e-105,4174
Nha Trang,-0.1001,4.719574101510877e-12,-0.178,4.0998292126970625e-35,4751
Vinh,-0.1556,3.83086387115643e-27,-0.2003,3.2290129004016254e-44,4753
__ALL__,-0.0988,1.784637962329091e-79,-0.1387,1.8640399857660627e-155,36303
Đà Nẵng,-0.2374,1.087691019508246e-54,-0.2338,4.604580865285466e-53,4183
