city,pearson_r,pearson_p,spearman_rho,spearman_p,n
Cần Thơ,-0.3768,3.5674766789981636e-156,-0.445,4.442243402771649e-224,4631
Huế,-0.1889,2.1548048461177948e-38,-0.164,2.9368767170920836e-29,4625
Hà Nội,-0.0458,0.0034993062265441235,-0.1028,4.993109877556406e-11,4064
Hải Phòng,-0.2311,3.731276365751709e-57,-0.2314,2.8449741882031855e-57,4626
Hồ Chí Minh,-0.2857,5.925302250781904e-77,-0.3488,3.2601288237576764e-116,4051
Nha Trang,-0.0985,1.8650579319838848e-11,-0.1854,4.835261850769022e-37,4627
Vinh,-0.1631,5.71428402255736e-29,-0.2154,9.83507749120028e-50,4628
__ALL__,-0.1086,3.9797726344102845e-93,-0.1541,1.4016180593151795e-186,35313
Đà Nẵng,-0.2497,8.567773635776156e-59,-0.2485,3.4088044635246335e-58,4061
