city,pearson_r,pearson_p,spearman_rho,spearman_p,n
Cần Thơ,-0.377,1.3700117192886697e-156,-0.4453,8.21534833061193e-225,4639
Huế,-0.1853,4.568991835661706e-37,-0.1602,5.298373892009224e-28,4633
Hà Nội,-0.0455,0.003709075132684091,-0.1029,4.6262618584031656e-11,4072
Hải Phòng,-0.23,1.1095319372017379e-56,-0.2296,1.7418232993912166e-56,4634
Hồ Chí Minh,-0.2848,1.3688667639410566e-76,-0.3471,2.8441781618493577e-115,4059
Nha Trang,-0.0986,1.7058784695795984e-11,-0.185,5.7066021131880134e-37,4635
Vinh,-0.1625,8.344543129080015e-29,-0.2147,1.8300260768013032e-49,4636
__ALL__,-0.1078,5.784865474802255e-92,-0.153,2.373062557662347e-184,35377
Đà Nẵng,-0.2482,3.5129470569794975e-58,-0.2465,2.284399284205599e-57,4069
