city,pearson_r,pearson_p,spearman_rho,spearman_p,n
Cần Thơ,-0.3768,4.925306252948931e-157,-0.4446,5.687779135151395e-225,4657
Huế,-0.1788,9.969926206195284e-35,-0.1531,8.306333820199095e-26,4651
Hà Nội,-0.043,0.005986235634036151,-0.0978,3.7171543124542753e-10,4090
Hải Phòng,-0.2279,7.217445235623793e-56,-0.2263,4.4589677297879206e-55,4652
Hồ Chí Minh,-0.2845,8.526387126038075e-77,-0.348,2.223600245543121e-116,4077
Nha Trang,-0.0982,1.9068494423462973e-11,-0.1815,9.486880326545057e-36,4653
Vinh,-0.1618,1.1154782298274969e-28,-0.2135,4.197558203794483e-49,4654
__ALL__,-0.106,3.062811387719788e-89,-0.1502,2.763532889721631e-178,35521
Đà Nẵng,-0.2445,1.0629016903597773e-56,-0.242,1.4932097332074543e-55,4087
