city,pearson_r,pearson_p,spearman_rho,spearman_p,n
Cần Thơ,0.0565,0.00011868100523174808,0.0667,5.555960384621041e-06,4633
Huế,0.1111,3.5806539410586146e-14,0.0979,2.530183854894152e-11,4627
Hà Nội,-0.1106,1.5378621991989442e-12,-0.1162,1.0906716228959869e-13,4066
Hải Phòng,-0.0184,0.21073338972440314,-0.0115,0.4348743077835461,4628
Hồ Chí Minh,-0.1344,8.522466758824879e-18,-0.0947,1.522660561437445e-09,4053
Nha Trang,-0.029,0.04846304383500323,0.1236,3.230421633283949e-17,4629
Vinh,-0.0093,0.525766732938805,0.0067,0.6488649043199071,4630
__ALL__,-0.0405,2.7787931224033907e-14,0.0088,0.0998047184484636,35329
Đà Nẵng,0.1297,1.0257636306274933e-16,0.0995,2.059329623819772e-10,4063
