city,pearson_r,pearson_p,spearman_rho,spearman_p,n
Cần Thơ,0.0578,7.239773142499904e-05,0.067,4.187403251551426e-06,4705
Huế,0.105,5.343033709853015e-13,0.0943,9.286010300606366e-11,4700
Hà Nội,-0.1242,1.0754502154147416e-15,-0.1329,9.018486594819509e-18,4137
Hải Phòng,-0.028,0.05493109225483884,-0.0242,0.09695104918266284,4700
Hồ Chí Minh,-0.1362,1.5818259305384638e-18,-0.0978,3.1444263164256763e-10,4124
Nha Trang,-0.0276,0.058326151427363575,0.1261,4.04031725704901e-18,4701
Vinh,-0.0132,0.3645444096000299,0.002,0.8890408477327699,4703
__ALL__,-0.0434,1.805754048131166e-16,0.005,0.34736640988491807,35903
Đà Nẵng,0.12,9.8212319118322e-15,0.0869,2.2281795745933085e-08,4133
