city,pearson_r,pearson_p,spearman_rho,spearman_p,n
Cần Thơ,0.0564,9.812338377670158e-05,0.0648,7.706816062703661e-06,4760
Huế,0.107,1.3917478168121147e-13,0.0964,2.7013417707656763e-11,4755
Hà Nội,-0.1289,5.352828482758794e-17,-0.1378,3.2378255034738022e-19,4192
Hải Phòng,-0.03,0.038775646540628275,-0.026,0.07335832083404885,4755
Hồ Chí Minh,-0.1403,8.326246128145915e-20,-0.1024,3.278568305516478e-11,4179
Nha Trang,-0.0255,0.07924673920043256,0.1302,1.9588807892077752e-19,4756
Vinh,-0.0142,0.3257543446723867,0.002,0.8896455897026432,4758
__ALL__,-0.0434,1.1925453717094572e-16,0.0053,0.31413772399471956,36343
Đà Nẵng,0.1207,4.653870562960526e-15,0.0888,8.578660445738743e-09,4188
