city,pearson_r,pearson_p,spearman_rho,spearman_p,n
Cần Thơ,-0.3677,3.4301088563752105e-152,-0.4314,6.638803160076758e-215,4757
Huế,-0.1714,1.2266345655031085e-32,-0.1427,4.73559203674509e-23,4752
Hà Nội,-0.0297,0.054759100955885064,-0.0714,3.758663130087423e-06,4189
Hải Phòng,-0.2114,3.6362096922442745e-49,-0.2024,4.1821024733391054e-45,4752
Hồ Chí Minh,-0.2701,9.489262606517406e-71,-0.328,2.4828486065061865e-105,4176
Nha Trang,-0.1002,4.484900676072183e-12,-0.178,3.905460678052147e-35,4753
Vinh,-0.1554,4.4693654691145535e-27,-0.1998,5.339028255210299e-44,4755
__ALL__,-0.0987,3.050407218688831e-79,-0.1385,6.354465732029025e-155,36319
Đà Nẵng,-0.2373,1.2160184591848484e-54,-0.2337,5.113933715552621e-53,4185
