city,pearson_r,pearson_p,spearman_rho,spearman_p,n
Cần Thơ,0.0564,0.00010660935859292908,0.0655,6.786903257773338e-06,4714
Huế,0.1057,3.485647487132407e-13,0.095,6.429129942794677e-11,4709
Hà Nội,-0.1249,6.840852214748075e-16,-0.1335,5.857753569693819e-18,4146
Hải Phòng,-0.0286,0.04997715771750063,-0.0249,0.08769467328689096,4709
Hồ Chí Minh,-0.1375,6.711409042851435e-19,-0.0994,1.4891421174154918e-10,4133
Nha Trang,-0.0273,0.060618301767983884,0.1266,2.747589568207324e-18,4710
Vinh,-0.0133,0.3611387124424678,0.0024,0.8712074088460717,4712
__ALL__,-0.0434,1.6843425838367607e-16,0.005,0.3405392883071613,35975
Đà Nẵng,0.1207,6.6277225417599565e-15,0.0878,1.4872655714026245e-08,4142
