city,pearson_r,pearson_p,spearman_rho,spearman_p,n
Cần Thơ,-0.3776,1.9478402721252497e-156,-0.4468,1.7943576406655766e-225,4618
Huế,-0.1896,1.333381710785296e-38,-0.1646,2.2251653968076566e-29,4612
Hà Nội,-0.0465,0.0030456520628302625,-0.1038,3.460671230467835e-11,4051
Hải Phòng,-0.2319,2.3073062549699726e-57,-0.2326,1.0667215795760932e-57,4613
Hồ Chí Minh,-0.2878,7.418349680810879e-78,-0.3523,2.606129186166717e-118,4038
Nha Trang,-0.0979,2.6078608626416924e-11,-0.185,8.770180524773998e-37,4614
Vinh,-0.1648,1.919275294737565e-29,-0.2181,7.717775354220742e-51,4615
__ALL__,-0.1098,8.104868841929769e-95,-0.1562,3.501453531667117e-191,35209
Đà Nẵng,-0.2528,4.938336325492615e-60,-0.2522,8.93074348005571e-60,4048
