city,pearson_r,pearson_p,spearman_rho,spearman_p,n
Cần Thơ,0.0568,0.00010817528922170653,0.0672,4.7235526844745035e-06,4637
Huế,0.1101,5.854730380261263e-14,0.0973,3.2610620382181315e-11,4631
Hà Nội,-0.111,1.246230501034026e-12,-0.1163,9.665318168340239e-14,4070
Hải Phòng,-0.0188,0.2017653652188381,-0.012,0.4140271934945393,4632
Hồ Chí Minh,-0.1333,1.529138474458837e-17,-0.0931,2.7791571572878687e-09,4057
Nha Trang,-0.0292,0.04673826039825905,0.1235,3.329080335759031e-17,4633
Vinh,-0.0104,0.4795516353247477,0.0051,0.728421656161338,4634
__ALL__,-0.0406,2.3729915480009182e-14,0.0087,0.10373023692450443,35361
Đà Nẵng,0.1293,1.2666618790142808e-16,0.099,2.4758885399126765e-10,4067
