city,pearson_r,pearson_p,spearman_rho,spearman_p,n
Cần Thơ,0.0583,6.439096716250334e-05,0.0682,2.913198708201683e-06,4692
Huế,0.1054,4.725267408773078e-13,0.0948,7.963087060119776e-11,4686
Hà Nội,-0.1222,3.511109198029031e-15,-0.1307,3.519972168356677e-17,4123
Hải Phòng,-0.0269,0.06580360818487181,-0.0226,0.12219824731748635,4686
Hồ Chí Minh,-0.1331,1.0600701494933543e-17,-0.0946,1.2243298873325203e-09,4110
Nha Trang,-0.0285,0.051132546554914345,0.1254,6.940657743045825e-18,4687
Vinh,-0.0131,0.36968358466312146,0.0019,0.8987487108136895,4689
__ALL__,-0.0428,5.697220200714207e-16,0.0057,0.2824218914996246,35793
Đà Nẵng,0.1223,3.36951213536372e-15,0.0899,7.498781371285156e-09,4120
