city,pearson_r,pearson_p,spearman_rho,spearman_p,n
Cần Thơ,-0.368,3.12737183634665e-152,-0.431,3.91246939799935e-214,4748
Huế,-0.1718,9.419209578216957e-33,-0.1433,3.518827213326034e-23,4743
Hà Nội,-0.0313,0.043321773786480694,-0.0752,1.1474795252149801e-06,4180
Hải Phòng,-0.2137,4.190516190734868e-50,-0.2055,2.1096022165215186e-46,4743
Hồ Chí Minh,-0.2705,8.136826128728228e-71,-0.3285,1.9548487337926825e-105,4167
Nha Trang,-0.1,5.1755245268138414e-12,-0.1781,4.26406724088099e-35,4744
Vinh,-0.156,3.018734569912405e-27,-0.201,1.9179461571541163e-44,4746
__ALL__,-0.0991,8.742108446830068e-80,-0.1391,6.292789831293167e-156,36247
Đà Nẵng,-0.2372,1.7028569197393275e-54,-0.2334,9.118633690151827e-53,4176
