city,pearson_r,pearson_p,spearman_rho,spearman_p,n
Cần Thơ,-0.377,1.9163683837822308e-156,-0.4452,1.3608073547534757e-224,4635
Huế,-0.1874,7.575336643253804e-38,-0.1626,8.52694091757328e-29,4629
Hà Nội,-0.046,0.003307860517973136,-0.1038,3.1958425053605906e-11,4068
Hải Phòng,-0.2304,7.97421761106876e-57,-0.2301,1.0762766760372434e-56,4630
Hồ Chí Minh,-0.2851,1.0759773651059091e-76,-0.3477,1.5151886852049405e-115,4055
Nha Trang,-0.0986,1.7727195285265037e-11,-0.1854,4.450763752375256e-37,4631
Vinh,-0.1627,7.454618234933905e-29,-0.215,1.4242646378287313e-49,4632
__ALL__,-0.1083,1.1240252569143746e-92,-0.1537,9.501610548762525e-186,35345
Đà Nẵng,-0.2492,1.4347703661592183e-58,-0.2478,6.0955535154252535e-58,4065
