city,pearson_r,pearson_p,spearman_rho,spearman_p,n
Cần Thơ,-0.3651,3.543321127843696e-150,-0.4293,4.5703067553457094e-213,4766
Huế,-0.1705,2.1669220099972253e-32,-0.1416,9.217024760983912e-23,4761
Hà Nội,-0.0303,0.049394524807456236,-0.0725,2.594382767426135e-06,4198
Hải Phòng,-0.2105,7.767366044279477e-49,-0.2012,1.1616533954832812e-44,4761
Hồ Chí Minh,-0.2691,2.4967187704351057e-70,-0.3258,4.256754184862295e-104,4185
Nha Trang,-0.0999,4.82760136414723e-12,-0.1763,1.477949119538896e-34,4762
Vinh,-0.1549,5.671183943534291e-27,-0.199,9.891517238672613e-44,4764
__ALL__,-0.0984,6.330464568962659e-79,-0.1378,9.950213267235555e-154,36391
Đà Nẵng,-0.2366,1.8129197792911602e-54,-0.233,7.940574361595515e-53,4194
