city,pearson_r,pearson_p,spearman_rho,spearman_p,n
Cần Thơ,0.0569,0.0001059611994345104,0.0672,4.630000855524561e-06,4642
Huế,0.1077,1.970753690217906e-13,0.0957,6.756754891207731e-11,4636
Hà Nội,-0.113,4.569568523097275e-13,-0.1189,2.631522146956795e-14,4075
Hải Phòng,-0.019,0.1964552106817487,-0.0119,0.4159547227991579,4637
Hồ Chí Minh,-0.1332,1.5405787142847765e-17,-0.0933,2.584077621564177e-09,4062
Nha Trang,-0.0293,0.04627763490755258,0.1236,2.908010081485437e-17,4638
Vinh,-0.0115,0.4346202037950889,0.0034,0.8147052399969803,4639
__ALL__,-0.0413,7.951951488418986e-15,0.0078,0.14265331302875905,35401
Đà Nẵng,0.1267,4.758073707379989e-16,0.0957,9.57885837676544e-10,4072
