city,pearson_r,pearson_p,spearman_rho,spearman_p,n
Cần Thơ,0.0545,0.00018096286926925877,0.0634,1.3101870143151247e-05,4722
Huế,0.1059,3.1354474910706475e-13,0.0952,5.82692710581727e-11,4717
Hà Nội,-0.1265,2.7722127479028036e-16,-0.1357,1.5438995833663363e-18,4154
Hải Phòng,-0.0295,0.042806920807900196,-0.0266,0.06808229006130787,4717
Hồ Chí Minh,-0.1413,6.298490848683142e-20,-0.1038,2.145055391020344e-11,4141
Nha Trang,-0.0264,0.0700899144749108,0.128,1.058395836090831e-18,4718
Vinh,-0.0144,0.3242244850366085,0.0007,0.9613224904409707,4720
__ALL__,-0.0442,4.65592332652864e-17,0.004,0.4435196366582177,36039
Đà Nẵng,0.1202,7.754381254346739e-15,0.0874,1.7253253649621156e-08,4150
