city,pearson_r,pearson_p,spearman_rho,spearman_p,n
Cần Thơ,0.0567,0.00010860946310283484,0.0665,5.696276792126399e-06,4654
Huế,0.1048,7.824225944424779e-13,0.0939,1.4384095341873544e-10,4648
Hà Nội,-0.1162,9.185715805486494e-14,-0.1237,2.1018652797041634e-15,4087
Hải Phòng,-0.0214,0.14381354111739655,-0.0157,0.2838038267671086,4649
Hồ Chí Minh,-0.1334,1.2110517301833235e-17,-0.0938,2.0186021555311883e-09,4074
Nha Trang,-0.0293,0.045383107090354764,0.1235,2.882381865105515e-17,4650
Vinh,-0.0134,0.3616830612907563,0.0003,0.9831265957889526,4651
__ALL__,-0.0426,9.129616029934517e-16,0.0059,0.2689410019659997,35497
Đà Nẵng,0.1222,4.630124433808327e-15,0.0892,1.1100136906655395e-08,4084
