city,pearson_r,pearson_p,spearman_rho,spearman_p,n
Cần Thơ,-0.377,1.697034480809112e-156,-0.4453,1.0723549171618281e-224,4636
Huế,-0.1869,1.1717609602610809e-37,-0.162,1.3512737786679463e-28,4630
Hà Nội,-0.046,0.003345707733308458,-0.1037,3.276236146066027e-11,4069
Hải Phòng,-0.2302,9.458697398279521e-57,-0.2298,1.4787224143125332e-56,4631
Hồ Chí Minh,-0.285,1.1826065112725919e-76,-0.3474,2.1489568375011325e-115,4056
Nha Trang,-0.0986,1.7381230752221794e-11,-0.1854,4.3250795753982425e-37,4632
Vinh,-0.1626,7.850110363429862e-29,-0.2149,1.6183065529776381e-49,4633
__ALL__,-0.1082,1.5291073316261858e-92,-0.1536,1.7738736534549167e-185,35353
Đà Nẵng,-0.2491,1.4938202859315231e-58,-0.2478,5.982195060769067e-58,4066
