city,pearson_r,pearson_p,spearman_rho,spearman_p,n
Cần Thơ,0.0574,7.150420632038219e-05,0.0655,6.01144348863942e-06,4773
Huế,0.1063,1.899655485990476e-13,0.0957,3.549169587986251e-11,4768
Hà Nội,-0.1269,1.4431141409815463e-16,-0.1354,1.156835973677606e-18,4205
Hải Phòng,-0.0282,0.05112897356604493,-0.0235,0.10521357615333983,4768
Hồ Chí Minh,-0.1398,9.69825877353347e-20,-0.1021,3.470349629119016e-11,4192
Nha Trang,-0.0252,0.08240593564972924,0.1305,1.4209159180863186e-19,4769
Vinh,-0.0139,0.3368191756077599,0.0029,0.8419219040941559,4771
__ALL__,-0.0429,2.654935860644598e-16,0.0057,0.27956838804045964,36447
Đà Nẵng,0.1201,5.60795361264534e-15,0.0882,1.0127038404875855e-08,4201
