city,pearson_r,pearson_p,spearman_rho,spearman_p,n
Cần Thơ,0.0567,0.00010984963421458893,0.0663,6.0266968753374825e-06,4656
Huế,0.1047,8.258826789001629e-13,0.0938,1.4473962092757723e-10,4650
Hà Nội,-0.1166,7.430602751982396e-14,-0.1241,1.6534372257605124e-15,4089
Hải Phòng,-0.0219,0.1362165669770296,-0.0163,0.26556981742517827,4651
Hồ Chí Minh,-0.1333,1.2462750091070273e-17,-0.0934,2.3184915225191567e-09,4076
Nha Trang,-0.0294,0.04490584345195422,0.1233,3.2688600184280675e-17,4652
Vinh,-0.0136,0.3542008160015405,-0.0,0.9978224740057524,4653
__ALL__,-0.0428,6.81553740576393e-16,0.0057,0.28466121526640104,35513
Đà Nẵng,0.1215,6.677230651478758e-15,0.0883,1.5798377380318367e-08,4086
