city,pearson_r,pearson_p,spearman_rho,spearman_p,n
Cần Thơ,-0.3648,1.3332590957236525e-150,-0.4296,3.0990452125454604e-214,4786
Huế,-0.1704,1.85181202967862e-32,-0.1415,8.101559554994274e-23,4781
Hà Nội,-0.0289,0.0606727272429041,-0.0693,6.565180326296019e-06,4218
Hải Phòng,-0.2085,4.137993189020124e-48,-0.1986,9.700050345772565e-44,4781
Hồ Chí Minh,-0.2666,2.3442176230564946e-69,-0.322,4.706617997495871e-102,4205
Nha Trang,-0.0993,5.8167074235219525e-12,-0.1733,1.4877218001318051e-33,4782
Vinh,-0.1548,4.674848674620085e-27,-0.1995,3.9680322432731167e-44,4784
__ALL__,-0.0982,4.6722960850457785e-79,-0.1379,1.1676603790177613e-154,36551
Đà Nẵng,-0.237,6.935729162395129e-55,-0.2339,1.7849927208395325e-53,4214
