city,pearson_r,pearson_p,spearman_rho,spearman_p,n
Cần Thơ,-0.3769,5.544108643536663e-157,-0.4449,4.6110741855138616e-225,4652
Huế,-0.1792,7.72278162048455e-35,-0.1536,6.358647981414067e-26,4646
Hà Nội,-0.0432,0.005715590833063772,-0.0981,3.2598795546509586e-10,4085
Hải Phòng,-0.2278,9.182658291439123e-56,-0.2261,5.882958123380912e-55,4647
Hồ Chí Minh,-0.2847,8.835941114169573e-77,-0.3477,5.129872797114174e-116,4072
Nha Trang,-0.0985,1.6714082003711802e-11,-0.1832,2.2305150215627657e-36,4648
Vinh,-0.1622,8.700836317925859e-29,-0.2145,1.6360769469995146e-49,4649
__ALL__,-0.1063,1.1705767099049774e-89,-0.1507,3.240433787880096e-179,35481
Đà Nẵng,-0.2452,5.902185768794624e-57,-0.2428,7.584707307818729e-56,4082
