city,pearson_r,pearson_p,spearman_rho,spearman_p,n
Cần Thơ,-0.3769,3.9174192094781704e-157,-0.4448,3.6729329367463154e-225,4658
Huế,-0.1788,1.048892674520767e-34,-0.1531,8.733084903828067e-26,4652
Hà Nội,-0.0429,0.006077273703337688,-0.0976,3.931969058072361e-10,4091
Hải Phòng,-0.2279,6.9546644596144155e-56,-0.2263,4.3410691386534315e-55,4653
Hồ Chí Minh,-0.2845,8.595674276380653e-77,-0.3481,1.8033486702089547e-116,4078
Nha Trang,-0.0981,1.9607839498239156e-11,-0.1811,1.2846783287341744e-35,4654
Vinh,-0.1618,1.170675065547054e-28,-0.2133,4.9993888820339225e-49,4655
__ALL__,-0.1059,3.6700814263685356e-89,-0.1501,3.8209438738616945e-178,35529
Đà Nẵng,-0.2443,1.2137909393382343e-56,-0.2419,1.6378178736347616e-55,4088
