city,pearson_r,pearson_p,spearman_rho,spearman_p,n
Cần Thơ,0.0578,7.273025190031059e-05,0.067,4.211197983167892e-06,4706
Huế,0.1051,4.928170085873896e-13,0.0944,8.666759791311502e-11,4701
Hà Nội,-0.1243,9.947142080256555e-16,-0.1331,8.298224395914807e-18,4138
Hải Phòng,-0.0281,0.054190447120099926,-0.0243,0.09548051174024326,4701
Hồ Chí Minh,-0.1366,1.265865120558633e-18,-0.0983,2.537893438257001e-10,4125
Nha Trang,-0.0276,0.0583083615477224,0.1261,3.9723751721501406e-18,4702
Vinh,-0.0131,0.3680658138559044,0.0022,0.8790333553530066,4704
__ALL__,-0.0434,1.851544048901556e-16,0.005,0.34429747145490797,35911
Đà Nẵng,0.12,9.622374020051671e-15,0.0869,2.1848303989138595e-08,4134
