city,pearson_r,pearson_p,spearman_rho,spearman_p,n
Cần Thơ,-0.3699,2.677242645206183e-153,-0.4341,1.326770034525933e-216,4729
Huế,-0.1734,3.39388680381893e-33,-0.1454,9.403549379969252e-24,4724
Hà Nội,-0.0335,0.030870419677209153,-0.0799,2.431256102398252e-07,4161
Hải Phòng,-0.2193,1.5544966899721308e-52,-0.2134,8.491066403151447e-50,4724
Hồ Chí Minh,-0.2731,7.01276193046776e-72,-0.3335,2.5605052873597554e-108,4148
Nha Trang,-0.1003,4.8697834233177895e-12,-0.1811,3.988207240833353e-36,4725
Vinh,-0.157,1.8645502272403112e-27,-0.2032,3.117128299641664e-45,4727
__ALL__,-0.1009,2.965813604747723e-82,-0.1421,3.3219832354034255e-162,36095
Đà Nẵng,-0.2395,2.574475199988133e-55,-0.2361,9.201633317862401e-54,4157
