city,pearson_r,pearson_p,spearman_rho,spearman_p,n
Cần Thơ,-0.378,1.3462638662468898e-156,-0.4477,2.8577813738476194e-226,4612
Huế,-0.191,4.214219575372822e-39,-0.1669,3.835791490154431e-30,4606
Hà Nội,-0.0475,0.002518247291088023,-0.106,1.386849219628296e-11,4045
Hải Phòng,-0.2338,3.1540362580058918e-58,-0.2351,6.883047786007234e-59,4607
Hồ Chí Minh,-0.2889,2.378891955348342e-78,-0.3546,8.897601594911195e-120,4032
Nha Trang,-0.0977,2.953825008179954e-11,-0.185,9.722061662821254e-37,4608
Vinh,-0.1657,1.0124537509532092e-29,-0.2197,1.6448484406718093e-51,4609
__ALL__,-0.1106,4.193695782434403e-96,-0.1577,1.808030145766839e-194,35161
Đà Nẵng,-0.2543,1.1433999046659534e-60,-0.2541,1.3460055964761188e-60,4042
