city,pearson_r,pearson_p,spearman_rho,spearman_p,n
Cần Thơ,-0.3769,2.8715362408113063e-157,-0.4448,2.4985753172941207e-225,4661
Huế,-0.1786,1.1759392532863584e-34,-0.1528,9.938798517939078e-26,4655
Hà Nội,-0.0424,0.0066811522436703245,-0.0964,6.366705977421068e-10,4094
Hải Phòng,-0.2277,7.9468468114954455e-56,-0.226,5.4864242307353535e-55,4656
Hồ Chí Minh,-0.2845,7.847739413272623e-77,-0.3483,9.99851008128677e-117,4081
Nha Trang,-0.098,2.0981409020061066e-11,-0.1803,2.5093407878293567e-35,4657
Vinh,-0.1624,6.92825712077339e-29,-0.2143,1.606825577133295e-49,4658
__ALL__,-0.1058,4.7325317273059474e-89,-0.1499,1.0993488146073636e-177,35553
Đà Nẵng,-0.2435,2.6016567067072685e-56,-0.2408,4.8233275941526455e-55,4091
