city,pearson_r,pearson_p,spearman_rho,spearman_p,n
Cần Thơ,0.0576,8.196973469942328e-05,0.0678,3.46099249072535e-06,4673
Huế,0.105,6.26917558432642e-13,0.0943,1.0635559696466321e-10,4667
Hà Nội,-0.1209,7.726307352863653e-15,-0.1301,5.88791349727283e-17,4104
Hải Phòng,-0.0239,0.10207655659057453,-0.0189,0.1970039544384777,4667
Hồ Chí Minh,-0.1325,1.7082273291086993e-17,-0.0931,2.476421230403197e-09,4091
Nha Trang,-0.0286,0.05109985549661689,0.1251,9.642066870312937e-18,4668
Vinh,-0.0138,0.34605882259793125,0.0001,0.9922230408646853,4670
__ALL__,-0.0426,8.521971114437136e-16,0.0059,0.2691033194790338,35641
Đà Nẵng,0.1226,3.2453271162281053e-15,0.0903,6.952878658055677e-09,4101
