city,pearson_r,pearson_p,spearman_rho,spearman_p,n
Cần Thơ,-0.3769,1.3176544154461667e-157,-0.4447,8.777569690190813e-226,4672
Huế,-0.1779,1.7574894435468316e-34,-0.1519,1.750696699919478e-25,4666
Hà Nội,-0.0395,0.01137867536072261,-0.0909,5.430911347463031e-09,4103
Hải Phòng,-0.2251,1.1492483474930146e-54,-0.2222,2.8435674576525316e-53,4666
Hồ Chí Minh,-0.2847,3.944171664903177e-77,-0.349,1.706091300033612e-117,4090
Nha Trang,-0.0981,1.8385166232612964e-11,-0.18,2.756769073135226e-35,4667
Vinh,-0.1612,1.4513444107675613e-28,-0.2122,1.1445744710481346e-48,4669
__ALL__,-0.1048,1.263768181128533e-87,-0.1483,1.949774787879511e-174,35634
Đà Nẵng,-0.2421,8.464649759636339e-56,-0.2392,1.9168758697115174e-54,4101
