city,pearson_r,pearson_p,spearman_rho,spearman_p,n
Cần Thơ,-0.3647,6.96225517368265e-150,-0.429,9.438696232313382e-213,4767
Huế,-0.1704,2.273235475662543e-32,-0.1416,9.535086771619516e-23,4762
Hà Nội,-0.0305,0.047971548445340004,-0.0728,2.331168853518599e-06,4199
Hải Phòng,-0.2107,6.0105046677415436e-49,-0.2015,8.264295344334422e-45,4762
Hồ Chí Minh,-0.2689,2.892588307839003e-70,-0.3255,7.062170051417728e-104,4186
Nha Trang,-0.0999,4.955742523051433e-12,-0.176,1.9154986832513457e-34,4763
Vinh,-0.1549,5.606995696968161e-27,-0.199,9.140333942476049e-44,4765
__ALL__,-0.0984,5.862714169157923e-79,-0.1378,1.0285959960504579e-153,36399
Đà Nẵng,-0.2366,1.8275792224443043e-54,-0.233,7.9137762445083065e-53,4195
