city,pearson_r,pearson_p,spearman_rho,spearman_p,n
Cần Thơ,-0.368,2.7117191272295706e-152,-0.4313,1.6825965116969564e-214,4750
Huế,-0.1719,8.605545984928821e-33,-0.1434,3.1694367831284774e-23,4745
Hà Nội,-0.0309,0.04603040308562739,-0.0742,1.5740626252920696e-06,4182
Hải Phòng,-0.2132,6.351940916907171e-50,-0.2049,3.649277066241378e-46,4745
Hồ Chí Minh,-0.2704,9.368294293957262e-71,-0.3282,2.7904684138375064e-105,4169
Nha Trang,-0.1,5.120900453884886e-12,-0.1782,3.7865825024758114e-35,4746
Vinh,-0.1559,3.1939070719543886e-27,-0.2008,2.1723715546438088e-44,4748
__ALL__,-0.0991,8.910558447226098e-80,-0.1391,5.013758766684405e-156,36263
Đà Nẵng,-0.2372,1.546781130932829e-54,-0.2334,8.083604885496297e-53,4178
