city,pearson_r,pearson_p,spearman_rho,spearman_p,n
Cần Thơ,0.0554,0.0001257900480430133,0.0633,1.1531425865021524e-05,4794
Huế,0.1045,4.1765671038100135e-13,0.0935,9.014184806121911e-11,4789
Hà Nội,-0.1294,3.0051638688678616e-17,-0.1381,1.8674825358744894e-19,4226
Hải Phòng,-0.0293,0.042690052051301865,-0.0237,0.1009534355498238,4789
Hồ Chí Minh,-0.1434,8.592429950490115e-21,-0.1073,2.917826224150067e-12,4213
Nha Trang,-0.0255,0.07781376287162128,0.129,3.1022406519100527e-19,4790
Vinh,-0.0177,0.220811025390419,-0.0016,0.9115091697786055,4792
__ALL__,-0.0448,1.0104787439579912e-17,0.0029,0.5744658510055469,36615
Đà Nẵng,0.1167,2.8814003990806524e-14,0.0839,4.790258042339153e-08,4222
