city,pearson_r,pearson_p,spearman_rho,spearman_p,n
Cần Thơ,-0.3769,2.0422147064025055e-157,-0.4447,1.702263357263581e-225,4666
Huế,-0.1785,1.198400292473833e-34,-0.1527,1.065748510394687e-25,4660
Hà Nội,-0.0403,0.00977771842851654,-0.0928,2.595641083049471e-09,4099
Hải Phòng,-0.2265,2.8262630227541528e-55,-0.2242,3.591151865712162e-54,4661
Hồ Chí Minh,-0.2843,8.440271373154308e-77,-0.3481,1.0753259370865674e-116,4086
Nha Trang,-0.0979,2.1263638820452312e-11,-0.18,3.0641661926949246e-35,4662
Vinh,-0.162,8.811094066015414e-29,-0.2135,3.314411749996891e-49,4663
__ALL__,-0.1054,1.7866842749062697e-88,-0.1493,1.665833471059259e-176,35593
Đà Nẵng,-0.2437,1.9691161192734022e-56,-0.2412,2.5697442015158917e-55,4096
