city,pearson_r,pearson_p,spearman_rho,spearman_p,n
Cần Thơ,-0.3702,2.878854688065722e-153,-0.4345,9.430674174033126e-217,4722
Huế,-0.1736,3.0275398269376237e-33,-0.1459,7.600472079852167e-24,4717
Hà Nội,-0.0339,0.028954314815279113,-0.0806,1.9672186066821326e-07,4154
Hải Phòng,-0.2197,1.1702509308723835e-52,-0.214,5.726064532341429e-50,4717
Hồ Chí Minh,-0.2747,1.430831374191727e-72,-0.3364,4.405136985684108e-110,4141
Nha Trang,-0.1002,5.341155110920878e-12,-0.1809,5.2222329354024425e-36,4718
Vinh,-0.1571,1.839188117246757e-27,-0.2032,3.648434362943549e-45,4720
__ALL__,-0.1011,1.965978368333016e-82,-0.1424,1.843658095569175e-162,36039
Đà Nẵng,-0.2393,4.0533254995133434e-55,-0.2356,1.847312575411106e-53,4150
