city,pearson_r,pearson_p,spearman_rho,spearman_p,n
Cần Thơ,0.0551,0.00014827762199387163,0.0642,9.783849839175536e-06,4731
Huế,0.1067,1.895538719971954e-13,0.0959,3.86654949546908e-11,4726
Hà Nội,-0.1272,1.7531007807088086e-16,-0.1362,1.107705670291379e-18,4163
Hải Phòng,-0.0297,0.04134257341080704,-0.0262,0.0721712550977087,4726
Hồ Chí Minh,-0.1403,1.1113685592914354e-19,-0.1024,3.81984917440437e-11,4150
Nha Trang,-0.0257,0.07684874433874252,0.1294,4.1373474864154107e-19,4727
Vinh,-0.0139,0.33881628458851215,0.0016,0.9133983093374239,4729
__ALL__,-0.0434,1.4606524970041384e-16,0.0051,0.3285998134158935,36111
Đà Nẵng,0.1218,3.2637864677909098e-15,0.0895,7.272459318585896e-09,4159
