city,pearson_r,pearson_p,spearman_rho,spearman_p,n
Cần Thơ,-0.377,6.75354316659146e-157,-0.4451,5.0816017198110394e-225,4648
Huế,-0.1805,2.7971226786008386e-35,-0.1547,2.9900049561862996e-26,4642
Hà Nội,-0.0438,0.005129953631154386,-0.0994,1.9282134388333286e-10,4081
Hải Phòng,-0.2287,3.7182302956841284e-56,-0.2276,1.276730102430186e-55,4643
Hồ Chí Minh,-0.2848,8.834289836978013e-77,-0.3478,5.090158843837948e-116,4068
Nha Trang,-0.0986,1.678493325982633e-11,-0.1837,1.6061406045756134e-36,4644
Vinh,-0.1625,7.599989654520582e-29,-0.2149,1.1860027401801262e-49,4645
__ALL__,-0.1067,2.705086705219324e-90,-0.1514,1.0317566098210315e-180,35449
Đà Nẵng,-0.2461,2.632325769319877e-57,-0.2438,2.8169623641704603e-56,4078
