city,pearson_r,pearson_p,spearman_rho,spearman_p,n
Cần Thơ,-0.3683,2.871012957224837e-152,-0.4313,3.850524103167399e-214,4741
Huế,-0.1723,6.995251817587404e-33,-0.1439,2.5384744187443938e-23,4736
Hà Nội,-0.032,0.03846467798653906,-0.0768,6.84683626147876e-07,4173
Hải Phòng,-0.2161,3.522334140628705e-51,-0.2091,6.05735264210702e-48,4736
Hồ Chí Minh,-0.272,1.7648357123244634e-71,-0.3317,2.256742105522192e-107,4160
Nha Trang,-0.1,5.2597364263483096e-12,-0.1789,2.3439160889620866e-35,4737
Vinh,-0.1562,2.9861365624781335e-27,-0.2017,1.1259634294286913e-44,4739
__ALL__,-0.0996,1.832917152657736e-80,-0.14,7.857632701714898e-158,36191
Đà Nẵng,-0.2373,1.7737890956834024e-54,-0.2335,9.626431101549222e-53,4169
