city,pearson_r,pearson_p,spearman_rho,spearman_p,n
Cần Thơ,-0.366,2.859033075209083e-151,-0.4305,1.2105130865314876e-214,4774
Huế,-0.1706,1.8338375221029343e-32,-0.1417,8.14883710078838e-23,4769
Hà Nội,-0.0303,0.049194376287028545,-0.0725,2.4871009229972365e-06,4206
Hải Phòng,-0.2106,6.172580132144835e-49,-0.2012,9.201131343793892e-45,4769
Hồ Chí Minh,-0.2687,3.049443643770907e-70,-0.3254,5.691952773615898e-104,4193
Nha Trang,-0.0996,5.35290991485137e-12,-0.1753,3.253842038491289e-34,4770
Vinh,-0.1547,5.9258843364235486e-27,-0.1988,9.795837429954867e-44,4772
__ALL__,-0.0987,1.406989343747577e-79,-0.1383,3.3130962913466447e-155,36455
Đà Nẵng,-0.2367,1.3456377812833308e-54,-0.2331,5.664791949322267e-53,4202
