city,pearson_r,pearson_p,spearman_rho,spearman_p,n
Cần Thơ,0.0567,0.00010795505723688864,0.0666,5.529283252771515e-06,4653
Huế,0.1049,7.564881547937838e-13,0.0939,1.434558292053855e-10,4647
Hà Nội,-0.116,1.0160012099230023e-13,-0.1234,2.4128687361987265e-15,4086
Hải Phòng,-0.0212,0.14764083115966942,-0.0154,0.29486649147765864,4648
Hồ Chí Minh,-0.1335,1.1820420808206642e-17,-0.094,1.8578661057598448e-09,4073
Nha Trang,-0.0293,0.04566048027715595,0.1236,2.661498596494826e-17,4649
Vinh,-0.0134,0.36258340992011573,0.0003,0.9840324834310419,4650
__ALL__,-0.0426,1.0471231517147753e-15,0.006,0.2615727087731058,35489
Đà Nẵng,0.1226,3.8544361488199425e-15,0.0898,9.03608550025337e-09,4083
