city,pearson_r,pearson_p,spearman_rho,spearman_p,n
Cần Thơ,0.0555,0.00012058785752917319,0.0636,1.0265833766093877e-05,4803
Huế,0.1044,4.2582007372265884e-13,0.0934,8.982070410112393e-11,4798
Hà Nội,-0.132,6.555486704546666e-18,-0.1417,1.91820181386782e-20,4235
Hải Phòng,-0.0311,0.03127175633378607,-0.0262,0.06912787466193547,4798
Hồ Chí Minh,-0.1442,4.6138599809642296e-21,-0.1083,1.6979214101420967e-12,4222
Nha Trang,-0.0258,0.07390049581304454,0.1286,3.7634510371066263e-19,4799
Vinh,-0.0199,0.16870669419869405,-0.0047,0.7461280333388131,4801
__ALL__,-0.0454,3.184711821523143e-18,0.0019,0.7145664477754219,36687
Đà Nẵng,0.1169,2.4223707148438402e-14,0.0844,3.85976213810608e-08,4231
