city,pearson_r,pearson_p,spearman_rho,spearman_p,n
Cần Thơ,-0.3644,2.2917339418235075e-150,-0.4293,5.294805913262488e-214,4789
Huế,-0.1701,2.120675998205858e-32,-0.1413,9.368276165048928e-23,4784
Hà Nội,-0.0289,0.06073651701355677,-0.0696,6.071299723595886e-06,4221
Hải Phòng,-0.2086,3.528155587308336e-48,-0.1989,6.812502054429639e-44,4784
Hồ Chí Minh,-0.2656,7.27182552171539e-69,-0.3202,6.033331170037004e-101,4208
Nha Trang,-0.0992,6.0064500649264206e-12,-0.1727,2.363823235890163e-33,4785
Vinh,-0.1555,2.6124758947558663e-27,-0.2005,1.3693487172180346e-44,4787
__ALL__,-0.0982,4.657918100414547e-79,-0.1379,9.247952982828614e-155,36575
Đà Nẵng,-0.2372,5.0941907886066365e-55,-0.2342,1.2196375958721416e-53,4217
