city,pearson_r,pearson_p,spearman_rho,spearman_p,n
Cần Thơ,0.0574,8.514296573521034e-05,0.0671,4.3365400108256115e-06,4682
Huế,0.1047,6.931583248981622e-13,0.0942,1.1130428243213141e-10,4676
Hà Nội,-0.1225,3.1395673198272086e-15,-0.1319,1.9966175596935702e-17,4113
Hải Phòng,-0.0258,0.0771592061852065,-0.0216,0.14022781102315013,4676
Hồ Chí Minh,-0.1324,1.7243471222194232e-17,-0.0925,3.0117993957618658e-09,4100
Nha Trang,-0.0285,0.051181597866513155,0.1251,9.163838689166518e-18,4677
Vinh,-0.0141,0.33542287911656166,-0.0,0.9991846877956954,4679
__ALL__,-0.043,4.1535442286530357e-16,0.0054,0.3091861813046541,35713
Đà Nẵng,0.1225,3.196533962134178e-15,0.0902,6.872390231280867e-09,4110
