city,pearson_r,pearson_p,spearman_rho,spearman_p,n
Cần Thơ,0.0557,0.00015065127965380518,0.066,7.166676127388574e-06,4623
Huế,0.1109,4.0879583047548185e-14,0.0977,2.925940568475862e-11,4617
Hà Nội,-0.11,2.1896369433850885e-12,-0.1158,1.4040474329176708e-13,4056
Hải Phòng,-0.0194,0.18716813586887204,-0.013,0.37791123934425763,4618
Hồ Chí Minh,-0.1351,6.1837146626202886e-18,-0.0959,1.0130935495656675e-09,4043
Nha Trang,-0.0284,0.053616839885803666,0.1244,2.190944846034388e-17,4619
Vinh,-0.0071,0.6282566677048744,0.0094,0.5241820168030287,4620
__ALL__,-0.0407,2.1603325550148953e-14,0.0086,0.10736753696278978,35249
Đà Nẵng,0.1299,1.025252217761413e-16,0.0994,2.2420302526712076e-10,4053
