city,pearson_r,pearson_p,spearman_rho,spearman_p,n
Cần Thơ,-0.37,3.1416395160290444e-153,-0.4342,1.4753913087824925e-216,4725
Huế,-0.1733,3.944258023038082e-33,-0.1454,1.0525388674775052e-23,4720
Hà Nội,-0.0336,0.03048503475358371,-0.0799,2.450577940128831e-07,4157
Hải Phòng,-0.2193,1.7233140660740455e-52,-0.2133,1.1131548207032006e-49,4720
Hồ Chí Minh,-0.2735,5.292318443750825e-72,-0.3343,1.0021605965742263e-108,4144
Nha Trang,-0.1002,5.183251267859563e-12,-0.1807,6.265712737349228e-36,4721
Vinh,-0.1571,1.806635037968372e-27,-0.2033,3.128275056938542e-45,4723
__ALL__,-0.1008,4.164771398900357e-82,-0.142,1.1714933574118847e-161,36063
Đà Nẵng,-0.2392,4.0322219998734884e-55,-0.2356,1.7194173267390374e-53,4153
