city,pearson_r,pearson_p,spearman_rho,spearman_p,n
Cần Thơ,-0.3766,1.3684092667360694e-157,-0.444,2.76097751759666e-225,4679
Huế,-0.1771,3.059256769990394e-34,-0.1508,3.588476933520793e-25,4673
Hà Nội,-0.0383,0.014065607169491416,-0.0887,1.2398126369188105e-08,4110
Hải Phòng,-0.2224,1.8122237904546946e-53,-0.2185,1.2669776571933078e-51,4673
Hồ Chí Minh,-0.2847,2.9611269944842047e-77,-0.3496,4.069683876141319e-118,4097
Nha Trang,-0.0982,1.7112152410044384e-11,-0.1794,4.108007199135553e-35,4674
Vinh,-0.1605,2.260959382616273e-28,-0.2104,5.858825323112179e-48,4676
__ALL__,-0.1042,8.951649864209502e-87,-0.1474,2.2218051650902243e-172,35689
Đà Nẵng,-0.242,8.30607438970458e-56,-0.239,1.9155280455934375e-54,4107
