city,pearson_r,pearson_p,spearman_rho,spearman_p,n
Cần Thơ,0.0574,8.474313957337159e-05,0.0672,4.146681239485017e-06,4679
Huế,0.1047,7.301915408961117e-13,0.0941,1.1696227809918517e-10,4673
Hà Nội,-0.1221,4.029580221511526e-15,-0.1314,2.681892740457501e-17,4110
Hải Phòng,-0.0253,0.08391532895521016,-0.0209,0.15337111275816376,4673
Hồ Chí Minh,-0.1325,1.658632509570222e-17,-0.0927,2.7358437815167657e-09,4097
Nha Trang,-0.0285,0.0515188745883936,0.125,9.601806314618532e-18,4674
Vinh,-0.0141,0.33351353681297596,-0.0002,0.9886216263566449,4676
__ALL__,-0.043,4.493906884292001e-16,0.0054,0.3096057149809795,35689
Đà Nẵng,0.1225,3.3581854803482453e-15,0.0901,7.3042339390931874e-09,4107
