city,pearson_r,pearson_p,spearman_rho,spearman_p,n
Cần Thơ,-0.3701,3.014938795581758e-153,-0.4343,1.2482734902119173e-216,4724
Huế,-0.1733,3.743483485770373e-33,-0.1455,9.854119893336494e-24,4719
Hà Nội,-0.0337,0.030017296862699522,-0.0802,2.2858526361067172e-07,4156
Hải Phòng,-0.2194,1.4788552721710041e-52,-0.2135,9.011970093147648e-50,4719
Hồ Chí Minh,-0.2738,3.6905777535836784e-72,-0.3349,3.777493490144384e-109,4143
Nha Trang,-0.1002,5.155158057637918e-12,-0.1808,5.467841708199591e-36,4720
Vinh,-0.1571,1.8263416893832294e-27,-0.2032,3.419009016496758e-45,4722
__ALL__,-0.1009,3.3326003009341983e-82,-0.1421,6.790624079712254e-162,36055
Đà Nẵng,-0.2393,3.835332964410737e-55,-0.2357,1.5997954135380322e-53,4152
