city,pearson_r,pearson_p,spearman_rho,spearman_p,n
Cần Thơ,-0.3769,1.9164779468389466e-157,-0.4446,1.8176703447848592e-225,4668
Huế,-0.1783,1.2973112768216236e-34,-0.1525,1.1897806724559881e-25,4662
Hà Nội,-0.04,0.010359092916255324,-0.0922,3.3492408329536615e-09,4100
Hải Phòng,-0.2262,3.5304858769423436e-55,-0.2239,4.678457915174945e-54,4663
Hồ Chí Minh,-0.2843,7.738206734933254e-77,-0.3482,7.645222646842959e-117,4087
Nha Trang,-0.0978,2.133814960921815e-11,-0.1796,4.0126160669928666e-35,4664
Vinh,-0.1619,9.234395286309506e-29,-0.2134,3.5690020563282235e-49,4665
__ALL__,-0.1052,3.21953374777829e-88,-0.149,6.678890064964996e-176,35607
Đà Nẵng,-0.2431,3.391619744427016e-56,-0.2403,6.3533799198691825e-55,4098
