city,pearson_r,pearson_p,spearman_rho,spearman_p,n
Cần Thơ,0.0567,0.00010979520687744004,0.0663,5.9606058747326726e-06,4655
Huế,0.1048,8.038691545640788e-13,0.0938,1.442896708735254e-10,4649
Hà Nội,-0.1164,8.365825092816808e-14,-0.1239,1.91252088373699e-15,4088
Hải Phòng,-0.0217,0.13964204783078132,-0.0161,0.2733760692335243,4650
Hồ Chí Minh,-0.1334,1.2305963905785085e-17,-0.0936,2.1589977290738358e-09,4075
Nha Trang,-0.0294,0.045143911837652685,0.1234,3.069680566969836e-17,4651
Vinh,-0.0135,0.3585900338435607,0.0002,0.9909003528032689,4652
__ALL__,-0.0427,7.943282873151826e-16,0.0058,0.2764005966033297,35505
Đà Nẵng,0.1219,5.416867803741857e-15,0.0889,1.2803794494464477e-08,4085
