city,pearson_r,pearson_p,spearman_rho,spearman_p,n
Cần Thơ,0.0568,0.00010954924862506672,0.0671,4.827130586039808e-06,4636
Huế,0.1105,4.711855507137977e-14,0.0976,2.7764344459314653e-11,4630
Hà Nội,-0.1106,1.5267094166448317e-12,-0.1158,1.2665724466926823e-13,4069
Hải Phòng,-0.0187,0.20333907203314897,-0.0119,0.4174380896992699,4631
Hồ Chí Minh,-0.1334,1.4632080044793573e-17,-0.0933,2.6211295302752946e-09,4056
Nha Trang,-0.0292,0.046872629298199096,0.1234,3.443404447211054e-17,4632
Vinh,-0.0102,0.48771153962475794,0.0054,0.7126297858606521,4633
__ALL__,-0.0404,2.8919468018442356e-14,0.0088,0.09730304704469557,35353
Đà Nẵng,0.1298,9.509493536886022e-17,0.0997,1.8558788760960808e-10,4066
