city,pearson_r,pearson_p,spearman_rho,spearman_p,n
Cần Thơ,-0.3673,5.687358800317115e-152,-0.4311,1.1638291023129748e-214,4759
Huế,-0.1712,1.3523966532342034e-32,-0.1426,5.217437328438274e-23,4754
Hà Nội,-0.0295,0.056428066887133865,-0.0711,4.139351090378936e-06,4191
Hải Phòng,-0.2109,6.466843297339778e-49,-0.2014,1.0365334139792065e-44,4754
Hồ Chí Minh,-0.2701,9.212559528541839e-71,-0.328,2.1780023019102936e-105,4178
Nha Trang,-0.1002,4.310359346815824e-12,-0.178,3.700003706521711e-35,4755
Vinh,-0.155,5.851294388643887e-27,-0.1988,1.3055226597167288e-43,4757
__ALL__,-0.0985,5.207515223565147e-79,-0.1382,2.5152771279089644e-154,36335
Đà Nẵng,-0.2372,1.2898663494066496e-54,-0.2336,5.424141745208797e-53,4187
