city,pearson_r,pearson_p,spearman_rho,spearman_p,n
Cần Thơ,0.0558,0.00011246012781654365,0.064,9.44257625889502e-06,4783
Huế,0.1054,2.7342360010931403e-13,0.0947,5.440864753587595e-11,4778
Hà Nội,-0.1281,6.7443726968893e-17,-0.1368,4.665073280106295e-19,4215
Hải Phòng,-0.0278,0.054336530981117875,-0.0223,0.1233010521947064,4778
Hồ Chí Minh,-0.1414,3.2117099041177064e-20,-0.1045,1.1281195546167592e-11,4202
Nha Trang,-0.0252,0.08166325974434438,0.1299,1.967344574902484e-19,4779
Vinh,-0.0144,0.3185082927683501,0.0024,0.8707968797618314,4781
__ALL__,-0.0436,7.578981929472751e-17,0.0047,0.3688238063670236,36527
Đà Nẵng,0.1186,1.1436226406486055e-14,0.0864,1.9855410348473265e-08,4211
