city,pearson_r,pearson_p,spearman_rho,spearman_p,n
Cần Thơ,0.0569,8.637149048750419e-05,0.0653,6.539209065027506e-06,4757
Huế,0.1072,1.2625948974531734e-13,0.0966,2.5087615319645017e-11,4752
Hà Nội,-0.1287,6.171966998915647e-17,-0.1377,3.5317927406346047e-19,4189
Hải Phòng,-0.0297,0.040575240601615416,-0.0256,0.07707866162800033,4752
Hồ Chí Minh,-0.1401,9.30715843181107e-20,-0.1022,3.552802266937866e-11,4176
Nha Trang,-0.0255,0.07863411639923996,0.1302,2.0081208929345147e-19,4753
Vinh,-0.0142,0.32861693838220957,0.0019,0.8935357989969871,4755
__ALL__,-0.0433,1.627511266362407e-16,0.0055,0.2918536006622437,36319
Đà Nẵng,0.1209,4.25807761136211e-15,0.0891,7.783700127716277e-09,4185
