city,pearson_r,pearson_p,spearman_rho,spearman_p,n
Cần Thơ,-0.3638,2.253731186660326e-150,-0.4292,1.0073572069831651e-214,4807
Huế,-0.1687,5.442316579067336e-32,-0.1394,2.8760185207079443e-22,4802
Hà Nội,-0.032,0.037200050034384716,-0.0767,5.749311849382655e-07,4239
Hải Phòng,-0.212,6.299869864591104e-50,-0.2035,4.837614426294144e-46,4802
Hồ Chí Minh,-0.264,2.6099554089560557e-68,-0.3177,1.0565720620648563e-99,4226
Nha Trang,-0.1003,3.2464269494250988e-12,-0.1744,4.245276535949304e-34,4803
Vinh,-0.1656,6.879894019161565e-31,-0.207,1.1381640366238925e-47,4805
__ALL__,-0.0998,6.346498343681683e-82,-0.1396,4.5180123322244477e-159,36719
Đà Nẵng,-0.2371,3.32330862442855e-55,-0.2346,4.875512650239849e-54,4235
