city,pearson_r,pearson_p,spearman_rho,spearman_p,n
Cần Thơ,0.0568,0.00010561753093023909,0.0669,4.92119490791282e-06,4649
Huế,0.1057,5.289881292805047e-13,0.0944,1.1568582006777408e-10,4643
Hà Nội,-0.115,1.6806472622633726e-13,-0.1219,5.4682938776612724e-15,4082
Hải Phòng,-0.0204,0.16465330134237188,-0.0141,0.33708173916828554,4644
Hồ Chí Minh,-0.1333,1.3266081750485511e-17,-0.094,1.8857803412660458e-09,4069
Nha Trang,-0.0293,0.04603369339629114,0.1238,2.4504362418843356e-17,4645
Vinh,-0.0127,0.38741821396837706,0.0015,0.9210221898026776,4646
__ALL__,-0.0421,2.294152392697454e-15,0.0066,0.21211445246234678,35457
Đà Nẵng,0.1242,1.697939929036562e-15,0.092,3.952919541541743e-09,4079
