city,pearson_r,pearson_p,spearman_rho,spearman_p,n
Cần Thơ,0.0559,0.00011345255169910793,0.0642,9.078535303834605e-06,4770
Huế,0.1064,1.8248187453857617e-13,0.0958,3.503350093715232e-11,4765
Hà Nội,-0.1275,1.0842526149606589e-16,-0.1361,7.956473731416474e-19,4202
Hải Phòng,-0.029,0.04539896048644207,-0.0243,0.09317335912898743,4765
Hồ Chí Minh,-0.1407,5.893208387475487e-20,-0.1032,2.134249579715969e-11,4189
Nha Trang,-0.0254,0.07952996687672553,0.1299,2.167005628836778e-19,4766
Vinh,-0.0139,0.33649718534897877,0.0028,0.8441364231117086,4768
__ALL__,-0.0432,1.581561259282369e-16,0.0053,0.31204036996165574,36423
Đà Nẵng,0.1202,5.566223614296182e-15,0.0883,1.0129754554960457e-08,4198
