city,pearson_r,pearson_p,spearman_rho,spearman_p,n
Cần Thơ,-0.3769,5.4001335302500943e-157,-0.4448,5.356147603106938e-225,4654
Huế,-0.179,8.72642241767528e-35,-0.1533,7.475513275417184e-26,4648
Hà Nội,-0.0431,0.005900141919723342,-0.0978,3.689797973943724e-10,4087
Hải Phòng,-0.2278,8.528254574196886e-56,-0.2262,5.3082639039536015e-55,4649
Hồ Chí Minh,-0.2846,8.644328928910491e-77,-0.3478,3.8543893144581397e-116,4074
Nha Trang,-0.0984,1.753259525251953e-11,-0.1826,3.8633547459805394e-36,4650
Vinh,-0.1621,9.413856616368248e-29,-0.2142,2.1778178326714e-49,4651
__ALL__,-0.1062,1.741324659576588e-89,-0.1505,7.56838022386981e-179,35497
Đà Nẵng,-0.2449,7.81211253190145e-57,-0.2424,1.0499173500822158e-55,4084
