city,pearson_r,pearson_p,spearman_rho,spearman_p,n
Cần Thơ,0.0567,9.17400562792599e-05,0.0651,7.038209647875253e-06,4758
Huế,0.1072,1.2664484901078521e-13,0.0966,2.4966402726813273e-11,4753
Hà Nội,-0.1288,5.798544137501422e-17,-0.1378,3.314257876419306e-19,4190
Hải Phòng,-0.0298,0.040126563635602845,-0.0257,0.07617852380602869,4753
Hồ Chí Minh,-0.1401,9.239634361215074e-20,-0.1022,3.5968668844630265e-11,4177
Nha Trang,-0.0255,0.07897366638495462,0.1302,1.943599555466786e-19,4754
Vinh,-0.0142,0.3282139183502898,0.002,0.8905480315657793,4756
__ALL__,-0.0433,1.4844024456966867e-16,0.0055,0.29752021955123953,36327
Đà Nẵng,0.1208,4.3364843245701645e-15,0.0891,7.862363251147363e-09,4186
