city,pearson_r,pearson_p,spearman_rho,spearman_p,n
Cần Thơ,-0.3658,4.4773757342988995e-151,-0.4303,2.1795632761315445e-214,4773
Huế,-0.1705,1.981489817149117e-32,-0.1416,9.012553509679276e-23,4768
Hà Nội,-0.0304,0.04880847430627046,-0.0726,2.4505104952470297e-06,4205
Hải Phòng,-0.2106,6.140864415950375e-49,-0.2013,8.998812347286656e-45,4768
Hồ Chí Minh,-0.2687,3.168616076131626e-70,-0.3254,5.883837574411244e-104,4192
Nha Trang,-0.0996,5.358906177027793e-12,-0.1753,3.350684137242486e-34,4769
Vinh,-0.1547,5.884376154342325e-27,-0.1988,9.96249966857707e-44,4771
__ALL__,-0.0987,1.588578710158525e-79,-0.1383,4.7580340510867525e-155,36447
Đà Nẵng,-0.2367,1.3305147199315536e-54,-0.2331,5.903030477271216e-53,4201
