city,pearson_r,pearson_p,spearman_rho,spearman_p,n
Cần Thơ,0.0556,0.00015552211350947906,0.0657,7.833946890184448e-06,4626
Huế,0.1108,4.244090236827998e-14,0.0977,2.8169598283490288e-11,4620
Hà Nội,-0.1107,1.5321430650943437e-12,-0.1169,7.980201927697714e-14,4059
Hải Phòng,-0.0184,0.2103974667495867,-0.0117,0.4246836525463725,4621
Hồ Chí Minh,-0.1353,5.599629580031677e-18,-0.0958,1.0070290480085082e-09,4046
Nha Trang,-0.0282,0.055038950454556555,0.1244,2.0571077436332732e-17,4622
Vinh,-0.0084,0.5687498417509925,0.0078,0.5940533998152406,4623
__ALL__,-0.0408,1.697205651218658e-14,0.0083,0.1200620944739407,35273
Đà Nẵng,0.1292,1.4396477381355954e-16,0.0986,3.1141071151911954e-10,4056
