city,pearson_r,pearson_p,spearman_rho,spearman_p,n
Cần Thơ,-0.3662,1.4211148983575392e-151,-0.4309,2.1991705362691251e-215,4779
Huế,-0.1707,1.5130604900176436e-32,-0.142,6.281705051667705e-23,4774
Hà Nội,-0.0298,0.053053432801386496,-0.0714,3.4676488795905586e-06,4211
Hải Phòng,-0.2103,7.182723432018088e-49,-0.2011,9.639356943165841e-45,4774
Hồ Chí Minh,-0.2683,3.8288069462568885e-70,-0.325,7.185445927903937e-104,4198
Nha Trang,-0.0994,5.695077585646126e-12,-0.1741,7.929742688195393e-34,4775
Vinh,-0.1547,5.78021862228926e-27,-0.1988,8.555152344418352e-44,4777
__ALL__,-0.0987,1.0817881087102633e-79,-0.1386,7.590861315240411e-156,36495
Đà Nẵng,-0.2368,1.0000456529144065e-54,-0.2336,3.0630514843902133e-53,4207
