city,pearson_r,pearson_p,spearman_rho,spearman_p,n
Cần Thơ,0.056,0.0001035838838878949,0.0639,9.62665725817328e-06,4796
Huế,0.1046,4.0151171887148044e-13,0.0935,8.753786751820742e-11,4791
Hà Nội,-0.1299,2.308449949788606e-17,-0.1387,1.2846913515316087e-19,4228
Hải Phòng,-0.0297,0.03971734431410688,-0.0243,0.09251847007097093,4791
Hồ Chí Minh,-0.1436,7.40775841682236e-21,-0.1075,2.5648881500365233e-12,4215
Nha Trang,-0.0256,0.07623218803955373,0.1289,3.370912683128118e-19,4792
Vinh,-0.0186,0.1988464585318246,-0.0026,0.855964602127146,4794
__ALL__,-0.0448,9.214083236425978e-18,0.0028,0.5871084233875787,36631
Đà Nẵng,0.1169,2.544289316431511e-14,0.0843,4.1367321776545144e-08,4224
