city,pearson_r,pearson_p,spearman_rho,spearman_p,n
Cần Thơ,0.0544,0.00016554394586960094,0.0624,1.526601695630165e-05,4790
Huế,0.1047,3.8789249476283404e-13,0.0937,8.366492293496591e-11,4785
Hà Nội,-0.1292,3.5227592189964146e-17,-0.1382,1.9018514314075816e-19,4222
Hải Phòng,-0.0282,0.05117685548803321,-0.0223,0.12286686278852392,4785
Hồ Chí Minh,-0.1434,9.103084909131533e-21,-0.1073,3.0019249841353417e-12,4209
Nha Trang,-0.0253,0.08004835509470717,0.1291,3.1070289887486187e-19,4786
Vinh,-0.0159,0.27068883411415146,0.0005,0.9739960060892581,4788
__ALL__,-0.0445,1.6846442930445655e-17,0.0034,0.519650568721126,36583
Đà Nẵng,0.1173,2.116945686618469e-14,0.0847,3.604136134674284e-08,4218
