city,pearson_r,pearson_p,spearman_rho,spearman_p,n
Cần Thơ,0.0569,0.00010573960882913856,0.0671,4.752953411540766e-06,4645
Huế,0.1068,2.972134481965733e-13,0.0952,8.192689504017012e-11,4639
Hà Nội,-0.1139,2.914946283675148e-13,-0.1202,1.3152132010512669e-14,4078
Hải Phòng,-0.0195,0.1840477671260735,-0.0128,0.3848502683307029,4640
Hồ Chí Minh,-0.1333,1.4281513549447072e-17,-0.0937,2.1809436110722323e-09,4065
Nha Trang,-0.0293,0.04609264364325621,0.1237,2.7159196043041695e-17,4641
Vinh,-0.012,0.41320603777284826,0.0026,0.8608220928544641,4642
__ALL__,-0.0416,4.817531334979148e-15,0.0073,0.16868360579824423,35425
Đà Nẵng,0.1257,8.028707535708118e-16,0.0942,1.7250799063720313e-09,4075
