city,pearson_r,pearson_p,spearman_rho,spearman_p,n
Cần Thơ,0.0575,7.808722918544913e-05,0.0667,4.671921132266332e-06,4710
Huế,0.1056,3.867999725832778e-13,0.0949,7.059907706823608e-11,4705
Hà Nội,-0.1244,9.483219448950062e-16,-0.1329,8.68825989734572e-18,4142
Hải Phòng,-0.0282,0.052780324797991905,-0.0244,0.09408155050165254,4705
Hồ Chí Minh,-0.1366,1.1946759972289784e-18,-0.0982,2.5076559608671786e-10,4129
Nha Trang,-0.0276,0.058197054506488995,0.1262,3.6758557974117386e-18,4706
Vinh,-0.0129,0.3761888901648889,0.0028,0.8459387570806544,4708
__ALL__,-0.0432,2.414716790230082e-16,0.0053,0.31957502494952034,35943
Đà Nẵng,0.1206,7.151271207696628e-15,0.0876,1.6387167449001958e-08,4138
