city,pearson_r,pearson_p,spearman_rho,spearman_p,n
Cần Thơ,-0.3653,1.7274811978596805e-151,-0.4304,8.498572569678661e-216,4802
Huế,-0.1691,4.080033514296933e-32,-0.1399,2.089995154814108e-22,4797
Hà Nội,-0.0308,0.045145763408804634,-0.0745,1.2166538384437237e-06,4234
Hải Phòng,-0.211,2.0756109661756382e-49,-0.2022,1.9283848075137047e-45,4797
Hồ Chí Minh,-0.2653,6.422820887233845e-69,-0.3198,5.182077869145404e-101,4221
Nha Trang,-0.0998,4.188888412746764e-12,-0.1734,1.0536616866496839e-33,4798
Vinh,-0.1633,4.762360708142527e-30,-0.2053,7.254543241972076e-47,4800
__ALL__,-0.0996,1.8436379379998782e-81,-0.1394,1.5634571818605264e-158,36679
Đà Nẵng,-0.2371,3.925044086225056e-55,-0.2345,5.851926902345709e-54,4230
