city,pearson_r,pearson_p,spearman_rho,spearman_p,n
Cần Thơ,0.0556,0.0001243406855368219,0.0642,9.142554174549594e-06,4763
Huế,0.1066,1.6638914336016882e-13,0.0959,3.4257799327138916e-11,4758
Hà Nội,-0.1286,6.206006642585743e-17,-0.1373,4.260276588105147e-19,4195
Hải Phòng,-0.0301,0.03797300867925069,-0.0261,0.07226844053576283,4758
Hồ Chí Minh,-0.1407,6.090743619652408e-20,-0.1032,2.2734014613451355e-11,4182
Nha Trang,-0.0255,0.07845267675664144,0.1299,2.2802890263588793e-19,4759
Vinh,-0.0141,0.33147874846094577,0.0024,0.8700147652481274,4761
__ALL__,-0.0435,9.860909287133756e-17,0.0051,0.329422183754951,36367
Đà Nẵng,0.1204,5.18813929309124e-15,0.0885,9.398422176975174e-09,4191
