city,pearson_r,pearson_p,spearman_rho,spearman_p,n
Cần Thơ,0.0553,0.0001243292993702492,0.0636,1.036704083552081e-05,4804
Huế,0.1043,4.3034368597450625e-13,0.0934,9.028008323359989e-11,4799
Hà Nội,-0.1322,5.506459847185093e-18,-0.1421,1.4679174313988847e-20,4236
Hải Phòng,-0.0312,0.030635600706285602,-0.0265,0.06679580549260784,4799
Hồ Chí Minh,-0.1444,3.986565574887967e-21,-0.1086,1.464408657940234e-12,4223
Nha Trang,-0.0259,0.07312439811656084,0.1285,4.0144367196972905e-19,4800
Vinh,-0.0201,0.16343256769641368,-0.005,0.728215304994938,4802
__ALL__,-0.0455,2.700325329697879e-18,0.0018,0.7351284952090615,36695
Đà Nẵng,0.1169,2.4042316698250253e-14,0.0844,3.855245357314784e-08,4232
