city,pearson_r,pearson_p,spearman_rho,spearman_p,n
Cần Thơ,0.0547,0.00016192297639704294,0.0633,1.2640013437951585e-05,4749
Huế,0.1068,1.668585753968896e-13,0.0961,3.2263259980753415e-11,4744
Hà Nội,-0.1295,4.210292121727619e-17,-0.1393,1.4145964405562773e-19,4181
Hải Phòng,-0.0315,0.0298716521078306,-0.0278,0.055104070152258273,4744
Hồ Chí Minh,-0.1408,6.678445499410824e-20,-0.1031,2.5207666044417556e-11,4168
Nha Trang,-0.0256,0.07785172139246217,0.1298,2.861413047569574e-19,4745
Vinh,-0.0147,0.31063422378359207,0.0005,0.971055494965924,4747
__ALL__,-0.044,5.346410827193467e-17,0.0045,0.3921124382421679,36255
Đà Nẵng,0.1208,4.7041281750486874e-15,0.0887,9.248973160809563e-09,4177
