city,pearson_r,pearson_p,spearman_rho,spearman_p,n
Cần Thơ,-0.377,5.155031300894241e-156,-0.4454,3.7173607168134355e-224,4622
Huế,-0.1893,1.7418667285067423e-38,-0.1642,2.985696313067823e-29,4616
Hà Nội,-0.0461,0.0033275873199618204,-0.1029,5.032546160995002e-11,4055
Hải Phòng,-0.2308,7.09535813757029e-57,-0.2308,7.128214759772316e-57,4617
Hồ Chí Minh,-0.2865,3.1983086345845716e-77,-0.3497,1.296366838821736e-116,4042
Nha Trang,-0.0981,2.343943370168835e-11,-0.1851,6.883402808620013e-37,4618
Vinh,-0.1642,2.8824100494043696e-29,-0.2171,2.1003803902974874e-50,4619
__ALL__,-0.1092,7.143202220010659e-94,-0.1551,1.31452739465399e-188,35241
Đà Nẵng,-0.2512,2.252121362375662e-59,-0.2502,7.32906385652327e-59,4052
