city,pearson_r,pearson_p,spearman_rho,spearman_p,n
Cần Thơ,0.0572,9.399736660445278e-05,0.0671,4.464031874943177e-06,4664
Huế,0.1049,7.188822374642902e-13,0.0941,1.2156909476854866e-10,4658
Hà Nội,-0.1194,1.7855572869424835e-14,-0.1281,1.8932623357764784e-16,4097
Hải Phòng,-0.0231,0.11551543247178907,-0.0178,0.2233439293288245,4659
Hồ Chí Minh,-0.1329,1.5218187848530134e-17,-0.093,2.5922722247698793e-09,4084
Nha Trang,-0.0289,0.04850659463159539,0.1243,1.667248703297993e-17,4660
Vinh,-0.0135,0.35852949352902524,0.0001,0.9957852285430191,4661
__ALL__,-0.0426,8.714224263360754e-16,0.0058,0.27128934371603275,35577
Đà Nẵng,0.1223,4.1053478708979074e-15,0.0895,9.500541633132191e-09,4094
