city,pearson_r,pearson_p,spearman_rho,spearman_p,n
Cần Thơ,0.0561,0.0001033022668208461,0.0644,8.256653241830776e-06,4781
Huế,0.1055,2.62251191786932e-13,0.0948,5.279384353607174e-11,4776
Hà Nội,-0.1277,8.555203632621303e-17,-0.1362,6.672444529953699e-19,4213
Hải Phòng,-0.0278,0.05514914594971016,-0.0224,0.12249593866230955,4776
Hồ Chí Minh,-0.1409,4.5759844770662637e-20,-0.1037,1.625402545593698e-11,4200
Nha Trang,-0.0252,0.08205206047883797,0.1301,1.7895253694806463e-19,4777
Vinh,-0.0141,0.32911522157987794,0.0028,0.8442614686919283,4779
__ALL__,-0.0434,1.0438521615624281e-16,0.005,0.3395435933150146,36511
Đà Nẵng,0.1188,1.0790729131415722e-14,0.0865,1.8850656230281912e-08,4209
