city,pearson_r,pearson_p,spearman_rho,spearman_p,n
Cần Thơ,0.0559,0.00012189070123033937,0.0651,7.64961332118446e-06,4715
Huế,0.1058,3.35177052265252e-13,0.0951,6.225978611391211e-11,4710
Hà Nội,-0.1251,6.192037100751005e-16,-0.1338,5.095720690544197e-18,4147
Hải Phòng,-0.0287,0.049190450903673306,-0.0251,0.08549354220133513,4710
Hồ Chí Minh,-0.138,5.049242895878153e-19,-0.1,1.1733558241400537e-10,4134
Nha Trang,-0.0273,0.06139875138568611,0.1267,2.5107820653674125e-18,4711
Vinh,-0.0134,0.35692214901401087,0.0022,0.8791454449340854,4713
__ALL__,-0.0435,1.4240804801422299e-16,0.0049,0.35085213781306646,35983
Đà Nẵng,0.1206,6.60761656057831e-15,0.0878,1.4809000807764034e-08,4143
