city,pearson_r,pearson_p,spearman_rho,spearman_p,n
Cần Thơ,-0.3758,1.7495269164970464e-157,-0.4421,4.331538431692764e-224,4698
Huế,-0.1755,9.031121560568398e-34,-0.1483,1.682016971477147e-24,4693
Hà Nội,-0.0356,0.02207385346522589,-0.0832,8.69536587739339e-08,4130
Hải Phòng,-0.2205,9.26189865563666e-53,-0.2156,1.8171287551061978e-50,4693
Hồ Chí Minh,-0.2846,1.4432799377323135e-77,-0.3509,1.2661407707548926e-119,4117
Nha Trang,-0.0989,1.110334143812527e-11,-0.1798,2.0538914608559988e-35,4694
Vinh,-0.159,5.648409286083328e-28,-0.2073,9.273166911890196e-47,4696
__ALL__,-0.1031,2.482785034749738e-85,-0.1457,2.7604140188369164e-169,35847
Đà Nẵng,-0.2405,2.254057618418854e-55,-0.2371,7.657374963282196e-54,4126
