city,pearson_r,pearson_p,spearman_rho,spearman_p,n
Cần Thơ,-0.3763,9.164104321591073e-158,-0.4434,3.3119746758132177e-225,4692
Huế,-0.1764,4.584920045895168e-34,-0.1498,6.387564729255865e-25,4686
Hà Nội,-0.0361,0.020390050189583488,-0.0839,6.750930132239513e-08,4123
Hải Phòng,-0.2209,6.802794232133898e-53,-0.2164,8.462574496683036e-51,4686
Hồ Chí Minh,-0.2852,9.693036852553463e-78,-0.3515,7.70096686659128e-120,4110
Nha Trang,-0.0985,1.4156888626474773e-11,-0.1794,3.5331629431921265e-35,4687
Vinh,-0.1595,4.163623372557284e-28,-0.2085,3.2687470937023907e-47,4689
__ALL__,-0.1036,4.7917730877525454e-86,-0.1465,6.549764361031848e-171,35793
Đà Nẵng,-0.2416,8.810502409196173e-56,-0.2384,2.561183502048167e-54,4120
