city,pearson_r,pearson_p,spearman_rho,spearman_p,n
Cần Thơ,-0.3745,1.0276731963464381e-156,-0.4396,7.281852865957712e-222,4710
Huế,-0.1749,1.1943934943433655e-33,-0.1477,2.3802436491448563e-24,4705
Hà Nội,-0.0346,0.02603372956997792,-0.0817,1.4132759062598885e-07,4142
Hải Phòng,-0.2205,6.5485175431511095e-53,-0.2154,1.5539869857941955e-50,4705
Hồ Chí Minh,-0.2816,3.841988306766922e-76,-0.3459,2.298550489349581e-116,4129
Nha Trang,-0.0991,9.351771638121554e-12,-0.179,3.4221773082228423e-35,4706
Vinh,-0.1583,8.391126096260491e-28,-0.2059,3.0462841782072928e-46,4708
__ALL__,-0.1025,1.3867633069754372e-84,-0.1449,6.9947347649593795e-168,35943
Đà Nẵng,-0.2401,2.4975788879487588e-55,-0.2365,1.0338392252766339e-53,4138
