city,pearson_r,pearson_p,spearman_rho,spearman_p,n
Cần Thơ,-0.3681,1.9407580966825354e-152,-0.4317,4.0087673766382687e-215,4754
Huế,-0.1717,9.580179333903546e-33,-0.1432,3.6079281688213e-23,4749
Hà Nội,-0.0302,0.050903681747914924,-0.0726,2.609216820428584e-06,4186
Hải Phòng,-0.2122,1.809894393390003e-49,-0.2034,1.5248173684425276e-45,4749
Hồ Chí Minh,-0.2701,1.0669512985470885e-70,-0.3278,3.857196973003621e-105,4173
Nha Trang,-0.1,4.893534094396183e-12,-0.1779,4.380539650389106e-35,4750
Vinh,-0.1557,3.670356239133733e-27,-0.2005,2.88257449903289e-44,4752
__ALL__,-0.0989,1.3853857183644146e-79,-0.1389,1.120180679098063e-155,36295
Đà Nẵng,-0.2374,1.1017976968818733e-54,-0.2338,4.823256318734715e-53,4182
