city,pearson_r,pearson_p,spearman_rho,spearman_p,n
Cần Thơ,-0.3658,8.696898223032708e-151,-0.43,1.0612880197796698e-213,4764
Huế,-0.1707,1.9498263633703937e-32,-0.1418,8.242261126847164e-23,4759
Hà Nội,-0.0299,0.05287148446796991,-0.0718,3.1992997971313308e-06,4196
Hải Phòng,-0.2102,1.1444801889599588e-48,-0.2006,2.080922233536283e-44,4759
Hồ Chí Minh,-0.2693,1.9284608921444845e-70,-0.3264,1.88476077799719e-104,4183
Nha Trang,-0.1001,4.541858479808663e-12,-0.177,8.091769542843142e-35,4760
Vinh,-0.1549,5.663957924703096e-27,-0.1989,1.0723121975240857e-43,4762
__ALL__,-0.0983,7.454519755913604e-79,-0.1379,8.31148083619155e-154,36375
Đà Nẵng,-0.2367,1.7663598167337994e-54,-0.2331,7.599887836312401e-53,4192
