city,pearson_r,pearson_p,spearman_rho,spearman_p,n
Cần Thơ,-0.3779,1.4306385485521116e-156,-0.4476,3.441765308201768e-226,4614
Huế,-0.1904,7.034037776497173e-39,-0.1659,8.651357025160526e-30,4608
Hà Nội,-0.0471,0.002732371212928341,-0.105,2.1135730302914944e-11,4047
Hải Phòng,-0.2336,3.748548448325287e-58,-0.235,7.1308530114606435e-59,4609
Hồ Chí Minh,-0.2888,2.5250252387365873e-78,-0.3545,9.249342167543653e-120,4034
Nha Trang,-0.0979,2.7725534931370222e-11,-0.1851,8.00275805755809e-37,4610
Vinh,-0.1654,1.2379180231130756e-29,-0.2192,2.8993890401567687e-51,4611
__ALL__,-0.1104,8.801609651511346e-96,-0.1573,8.84348475854783e-194,35177
Đà Nẵng,-0.2538,1.809449863014586e-60,-0.2536,2.2892136523479165e-60,4044
