city,pearson_r,pearson_p,spearman_rho,spearman_p,n
Cần Thơ,-0.3699,3.118235623008048e-153,-0.434,1.796263684546488e-216,4727
Huế,-0.1732,3.9542457096352685e-33,-0.1453,1.0858977945642167e-23,4722
Hà Nội,-0.0334,0.031230934827916966,-0.0796,2.701703782510082e-07,4159
Hải Phòng,-0.2191,2.0403707386262427e-52,-0.2131,1.2316588118415792e-49,4722
Hồ Chí Minh,-0.2733,6.605744574330544e-72,-0.3337,2.1532526474223206e-108,4146
Nha Trang,-0.1002,5.193503548024272e-12,-0.1807,5.898993313139707e-36,4723
Vinh,-0.157,1.8560420545425817e-27,-0.2032,3.2741534629766386e-45,4725
__ALL__,-0.1008,4.790793308468413e-82,-0.1419,1.21201465080803e-161,36079
Đà Nẵng,-0.2392,3.737451409557337e-55,-0.2357,1.473219448925536e-53,4155
