city,pearson_r,pearson_p,spearman_rho,spearman_p,n
Cần Thơ,0.055,0.00014512340593039074,0.0637,1.0734434570344478e-05,4765
Huế,0.1065,1.766077956084931e-13,0.0958,3.545715536891463e-11,4760
Hà Nội,-0.1281,8.102259486648778e-17,-0.1367,5.73166134411217e-19,4197
Hải Phòng,-0.0298,0.03978182966002525,-0.0255,0.07826382009984363,4760
Hồ Chí Minh,-0.1409,5.187676883197009e-20,-0.1035,1.9072615178240564e-11,4184
Nha Trang,-0.0256,0.07764458670033393,0.1297,2.653110153668338e-19,4761
Vinh,-0.0141,0.3318768265615092,0.0025,0.8647245137787025,4763
__ALL__,-0.0435,1.0086340801067585e-16,0.0051,0.3338427568897896,36383
Đà Nẵng,0.1202,5.665876314065348e-15,0.0883,1.0129548863554107e-08,4193
