city,pearson_r,pearson_p,spearman_rho,spearman_p,n
Cần Thơ,-0.3763,8.722693334753706e-158,-0.4432,3.6680612577155305e-225,4694
Huế,-0.176,6.118520167238742e-34,-0.1492,9.768229478274988e-25,4689
Hà Nội,-0.0359,0.021152614096873374,-0.0836,7.613410720518503e-08,4126
Hải Phòng,-0.2205,9.383416624537286e-53,-0.2158,1.6358078918969442e-50,4689
Hồ Chí Minh,-0.2849,1.1242539284983502e-77,-0.3514,8.417711709169826e-120,4113
Nha Trang,-0.0987,1.2475509673035984e-11,-0.1796,2.6099162623611297e-35,4690
Vinh,-0.1593,4.897891541112821e-28,-0.2079,5.833684723850577e-47,4692
__ALL__,-0.1034,9.27955550598303e-86,-0.1462,2.8705057695717894e-170,35815
Đà Nẵng,-0.2412,1.2319182178615484e-55,-0.238,3.716748310702071e-54,4122
