city,pearson_r,pearson_p,spearman_rho,spearman_p,n
Cần Thơ,0.0543,0.000180455301154712,0.0628,1.4789814485469367e-05,4746
Huế,0.1064,2.0190351480858943e-13,0.0959,3.7304414615005695e-11,4741
Hà Nội,-0.13,3.240163799954808e-17,-0.1402,8.669511606159015e-20,4178
Hải Phòng,-0.032,0.02764172943139993,-0.0286,0.04877853903107122,4741
Hồ Chí Minh,-0.1414,4.811761534563295e-20,-0.104,1.6973875186633916e-11,4165
Nha Trang,-0.0257,0.07696649905135053,0.1294,3.706311618971581e-19,4742
Vinh,-0.0148,0.30853495983569795,0.0005,0.9749428568230423,4744
__ALL__,-0.0443,3.285195052719292e-17,0.0041,0.43660302317472977,36231
Đà Nẵng,0.1207,5.2213815245628655e-15,0.0885,1.0131116485964896e-08,4174
