city,pearson_r,pearson_p,spearman_rho,spearman_p,n
Cần Thơ,0.0546,0.00017413988595926097,0.0635,1.2349846649679211e-05,4726
Huế,0.1061,2.7648613340638413e-13,0.0954,5.210182938465837e-11,4721
Hà Nội,-0.1272,1.8354686503155162e-16,-0.1366,8.991758812122606e-19,4158
Hải Phòng,-0.0298,0.04068815410558997,-0.0268,0.0654357994724261,4721
Hồ Chí Minh,-0.1414,5.797879063259e-20,-0.1038,2.085981783002013e-11,4145
Nha Trang,-0.0261,0.07275753798737368,0.1286,7.282738820868325e-19,4722
Vinh,-0.0143,0.3243712381214132,0.0007,0.962892824446588,4724
__ALL__,-0.0441,5.384094452821375e-17,0.0043,0.41827493216860623,36071
Đà Nẵng,0.1205,6.693900067397994e-15,0.0877,1.5070232471180433e-08,4154
