city,pearson_r,pearson_p,spearman_rho,spearman_p,n
Cần Thơ,-0.377,5.884695505335819e-157,-0.4451,4.121781388103734e-225,4650
Huế,-0.1798,4.98476946785307e-35,-0.1541,4.509306979874758e-26,4644
Hà Nội,-0.0436,0.005366207124024442,-0.0989,2.359288962253588e-10,4083
Hải Phòng,-0.2281,6.523317946752425e-56,-0.2268,2.988944537136996e-55,4645
Hồ Chí Minh,-0.2849,7.754669959713204e-77,-0.3479,3.732560920266414e-116,4070
Nha Trang,-0.0986,1.6728734742571115e-11,-0.1835,1.798988906023038e-36,4646
Vinh,-0.1623,8.277665028699066e-29,-0.2147,1.4345000707752478e-49,4647
__ALL__,-0.1065,5.603818493173818e-90,-0.151,5.47816671879601e-180,35465
Đà Nẵng,-0.2457,3.612028365965945e-57,-0.2435,3.708217813485945e-56,4080
