city,pearson_r,pearson_p,spearman_rho,spearman_p,n
Cần Thơ,-0.3764,1.4315227425306427e-157,-0.4435,4.905237243429087e-225,4685
Huế,-0.1768,3.69224760070523e-34,-0.1503,4.751537175770299e-25,4679
Hà Nội,-0.037,0.017647739568956412,-0.0859,3.45617136494528e-08,4116
Hải Phòng,-0.2216,3.869870285740013e-53,-0.2175,3.384964118593712e-51,4679
Hồ Chí Minh,-0.2847,2.179708167022358e-77,-0.3505,6.237873719992255e-119,4103
Nha Trang,-0.0983,1.5972696147090794e-11,-0.1792,4.3307136282757795e-35,4680
Vinh,-0.1599,3.447692369398756e-28,-0.209,2.37156673747949e-47,4682
__ALL__,-0.1039,2.448317490409002e-86,-0.1469,1.381252753304126e-171,35737
Đà Nẵng,-0.2418,8.25645750550091e-56,-0.2388,2.010082995996863e-54,4113
