city,pearson_r,pearson_p,spearman_rho,spearman_p,n
Cần Thơ,-0.371,7.21871683668433e-154,-0.4358,5.291856897159956e-218,4718
Huế,-0.1742,2.024862209383797e-33,-0.1466,4.709721730961215e-24,4713
Hà Nội,-0.0341,0.02813374196016885,-0.0808,1.8511850578667402e-07,4150
Hải Phòng,-0.2199,1.032971051399598e-52,-0.2143,4.411782996402164e-50,4713
Hồ Chí Minh,-0.2774,5.7860825484116865e-74,-0.3398,2.3223624926738034e-112,4137
Nha Trang,-0.0998,6.448275161619844e-12,-0.1803,9.966483310468977e-36,4714
Vinh,-0.1576,1.359008684817358e-27,-0.2043,1.2510615425443199e-45,4716
__ALL__,-0.1016,3.541468182250528e-83,-0.1433,2.0740012784441915e-164,36007
Đà Nẵng,-0.2396,3.1826503908697486e-55,-0.2361,1.2910001278175896e-53,4146
