city,pearson_r,pearson_p,spearman_rho,spearman_p,n
Cần Thơ,-0.3647,1.6944027739410796e-150,-0.4294,4.064795128459985e-214,4787
Huế,-0.1703,1.9779003845860996e-32,-0.1414,8.788955830956783e-23,4782
Hà Nội,-0.0289,0.060919918204738376,-0.0693,6.529222402000278e-06,4219
Hải Phòng,-0.2084,4.487062034868144e-48,-0.1986,1.008482488292693e-43,4782
Hồ Chí Minh,-0.2662,3.8212505332798914e-69,-0.3213,1.314937865592531e-101,4206
Nha Trang,-0.0993,5.8334541314044446e-12,-0.1732,1.621392386054203e-33,4783
Vinh,-0.155,4.1681778280565835e-27,-0.1997,2.981561438868676e-44,4785
__ALL__,-0.0982,5.387636938368467e-79,-0.1379,1.467855027863115e-154,36559
Đà Nẵng,-0.2371,6.2572792842091305e-55,-0.234,1.5364405150276779e-53,4215
