city,pearson_r,pearson_p,spearman_rho,spearman_p,n
Cần Thơ,0.0549,0.0001430298129595291,0.0631,1.2609666364136094e-05,4787
Huế,0.105,3.32573914470658e-13,0.0942,6.822553984918142e-11,4782
Hà Nội,-0.1289,4.3889068144000434e-17,-0.1378,2.496327982817483e-19,4219
Hải Phòng,-0.0278,0.054914476928586184,-0.0219,0.13067923968032713,4782
Hồ Chí Minh,-0.1426,1.5473681436507056e-20,-0.1061,5.247558923001667e-12,4206
Nha Trang,-0.0253,0.08074823565204346,0.1294,2.5942720101641927e-19,4783
Vinh,-0.0151,0.2954254016852598,0.0013,0.927379813606862,4785
__ALL__,-0.0441,3.560591426663262e-17,0.004,0.4399605874880125,36559
Đà Nẵng,0.118,1.5426972947411455e-14,0.0856,2.6063241661733668e-08,4215
