city,pearson_r,pearson_p,spearman_rho,spearman_p,n
Cần Thơ,0.0568,0.00010765903960004004,0.0672,4.696256779407756e-06,4638
Huế,0.1095,7.675356157222053e-14,0.0969,3.8540229931569856e-11,4632
Hà Nội,-0.1114,1.01589958648979e-12,-0.1169,7.457475214919319e-14,4071
Hải Phòng,-0.0188,0.20135624380696995,-0.0119,0.4162562538848922,4633
Hồ Chí Minh,-0.1332,1.5456202026950276e-17,-0.0931,2.795677147623024e-09,4058
Nha Trang,-0.0292,0.04663824852150783,0.1235,3.2367617325166853e-17,4634
Vinh,-0.0106,0.47103441203771723,0.0048,0.7443672491219687,4635
__ALL__,-0.0407,1.906348328546023e-14,0.0085,0.11047206329784173,35369
Đà Nẵng,0.1287,1.6845919360439884e-16,0.0983,3.2958834547788066e-10,4068
