city,pearson_r,pearson_p,spearman_rho,spearman_p,n
Cần Thơ,0.0565,0.00012372121770952681,0.0673,4.698144266190574e-06,4618
Huế,0.1112,3.6283915766854494e-14,0.0978,2.8513924506697443e-11,4612
Hà Nội,-0.1089,3.673342791797551e-12,-0.1143,3.001485864742431e-13,4051
Hải Phòng,-0.0184,0.21224922597927784,-0.0115,0.4354350655543474,4613
Hồ Chí Minh,-0.1339,1.2705104598458941e-17,-0.0939,2.219534429810888e-09,4038
Nha Trang,-0.0289,0.04961183127432018,0.1239,2.998769816520609e-17,4614
Vinh,-0.0055,0.7078454489613687,0.0116,0.42931972359874304,4615
__ALL__,-0.0399,6.67456457573476e-14,0.0097,0.06939175071651218,35209
Đà Nẵng,0.1318,3.8097729256758004e-17,0.1021,7.307179759058947e-11,4048
