city,pearson_r,pearson_p,spearman_rho,spearman_p,n
Cần Thơ,-0.3762,1.0053183092442918e-157,-0.443,6.216736248587822e-225,4695
Huế,-0.1759,6.85735350306545e-34,-0.1489,1.1413068599865967e-24,4690
Hà Nội,-0.0358,0.0214264893414027,-0.0834,7.954621039162763e-08,4127
Hải Phòng,-0.2205,9.854884173280763e-53,-0.2156,1.8404093200494814e-50,4690
Hồ Chí Minh,-0.2848,1.2136584764698633e-77,-0.3512,9.767501924380966e-120,4114
Nha Trang,-0.0988,1.208013292294904e-11,-0.1797,2.4471924431344696e-35,4691
Vinh,-0.1592,5.066387396388335e-28,-0.2077,6.496262599307277e-47,4693
__ALL__,-0.1033,1.2137249940684777e-85,-0.1461,5.133555939565271e-170,35823
Đà Nẵng,-0.241,1.458263068731926e-55,-0.2377,4.607454572869875e-54,4123
