city,pearson_r,pearson_p,spearman_rho,spearman_p,n
Cần Thơ,-0.3763,8.357717427671452e-158,-0.4434,2.6324342481404284e-225,4693
Huế,-0.1763,4.958887823448734e-34,-0.1496,7.179553493538927e-25,4687
Hà Nội,-0.0361,0.020602545975198606,-0.0838,6.960234860128517e-08,4124
Hải Phòng,-0.2208,7.644235184141914e-53,-0.2162,1.0960531668041312e-50,4687
Hồ Chí Minh,-0.2851,9.80114967727552e-78,-0.3516,6.682062516137377e-120,4111
Nha Trang,-0.0986,1.3567256326319237e-11,-0.1795,3.154492390728691e-35,4688
Vinh,-0.1594,4.5023267160113885e-28,-0.2082,4.297037059139634e-47,4690
__ALL__,-0.1036,6.1673317256772876e-86,-0.1464,1.204360747859772e-170,35801
Đà Nẵng,-0.2414,1.0441040160172107e-55,-0.2381,3.1399963543975936e-54,4121
