city,pearson_r,pearson_p,spearman_rho,spearman_p,n
Cần Thơ,0.0568,0.00010587310033501843,0.0669,5.01669193598355e-06,4650
Huế,0.1053,6.387399361912799e-13,0.0941,1.3438848972815922e-10,4644
Hà Nội,-0.1153,1.4583017972457421e-13,-0.1223,4.34440637107168e-15,4083
Hải Phòng,-0.0207,0.1579458630057091,-0.0145,0.32147906972588863,4645
Hồ Chí Minh,-0.1333,1.3231312094133167e-17,-0.0939,1.946497809032765e-09,4070
Nha Trang,-0.0293,0.046001846346148394,0.1238,2.4560577300624524e-17,4646
Vinh,-0.0129,0.37840012066719236,0.0011,0.9426539722165229,4647
__ALL__,-0.0422,1.7682769012225352e-15,0.0064,0.229664256165375,35465
Đà Nẵng,0.1238,2.0658355856420614e-15,0.0915,4.754093616749687e-09,4080
