city,pearson_r,pearson_p,spearman_rho,spearman_p,n
Cần Thơ,0.0547,0.0001594669110785048,0.0634,1.1926917277067805e-05,4766
Huế,0.1064,1.8155130415007218e-13,0.0957,3.5894959523823656e-11,4761
Hà Nội,-0.1278,9.433028481204543e-17,-0.1364,6.898357175167712e-19,4198
Hải Phòng,-0.0296,0.04078739463729353,-0.0252,0.08175095084541274,4761
Hồ Chí Minh,-0.1411,4.6561100876989763e-20,-0.1038,1.6740536187579522e-11,4185
Nha Trang,-0.0256,0.07701231299206111,0.1294,3.0153061302044584e-19,4762
Vinh,-0.0141,0.33081342158729343,0.0025,0.865458479194168,4764
__ALL__,-0.0435,1.0159568039645602e-16,0.005,0.33720705000416795,36391
Đà Nẵng,0.1201,5.866705634515393e-15,0.0882,1.0582821208606017e-08,4194
