city,pearson_r,pearson_p,spearman_rho,spearman_p,n
Cần Thơ,0.0569,0.00010300854462873947,0.0667,5.246587136242692e-06,4660
Huế,0.1045,8.766824857679148e-13,0.0938,1.4238543945276625e-10,4654
Hà Nội,-0.1179,3.831390271538944e-14,-0.1261,5.726011127624412e-16,4093
Hải Phòng,-0.0223,0.12829473079355377,-0.0168,0.2508536981837756,4655
Hồ Chí Minh,-0.1332,1.2858802160593763e-17,-0.0929,2.734616864468435e-09,4080
Nha Trang,-0.0293,0.04541909371985809,0.1233,3.088230649002907e-17,4656
Vinh,-0.0136,0.3536605586321555,-0.0001,0.9920134270545268,4657
__ALL__,-0.0429,5.70368625193005e-16,0.0056,0.28926559207104746,35545
Đà Nẵng,0.1209,8.65483921475194e-15,0.0877,1.9675265481008895e-08,4090
