city,pearson_r,pearson_p,spearman_rho,spearman_p,n
Cần Thơ,-0.3768,1.2461479285681574e-157,-0.4445,1.0835316240311792e-225,4675
Huế,-0.1775,2.2797542591166694e-34,-0.1513,2.5124581022331904e-25,4669
Hà Nội,-0.039,0.012531922637413383,-0.0897,8.38647561816882e-09,4106
Hải Phòng,-0.2237,4.735035556725489e-54,-0.2203,2.016450649879911e-52,4669
Hồ Chí Minh,-0.285,2.5057961975025367e-77,-0.3497,5.055222653268636e-118,4093
Nha Trang,-0.0982,1.7541036856404424e-11,-0.1799,2.972259522122537e-35,4670
Vinh,-0.1609,1.7697851187042425e-28,-0.2115,2.1887567231341518e-48,4672
__ALL__,-0.1046,3.0684091093507846e-87,-0.1479,1.951172561234586e-173,35657
Đà Nẵng,-0.2421,8.31761319998285e-56,-0.2392,1.8506162392271415e-54,4103
