city,pearson_r,pearson_p,spearman_rho,spearman_p,n
Cần Thơ,0.0546,0.00016846005831309111,0.0637,1.137282672019637e-05,4737
Huế,0.1068,1.7384054211148087e-13,0.0961,3.523716294391814e-11,4732
Hà Nội,-0.1283,9.033406903676714e-17,-0.1377,4.1507959267701407e-19,4169
Hải Phòng,-0.0302,0.03795968964963178,-0.0264,0.0694237758436337,4732
Hồ Chí Minh,-0.1403,9.921032961827772e-20,-0.1022,3.9611309562222893e-11,4156
Nha Trang,-0.0257,0.07698823474970373,0.1295,3.7959363056061953e-19,4733
Vinh,-0.0142,0.32780574079926644,0.0014,0.9253160460960211,4735
__ALL__,-0.0437,9.763203762268086e-17,0.0049,0.3484144125751739,36159
Đà Nẵng,0.1215,3.635981338943333e-15,0.0896,6.914933340686238e-09,4165
