city,pearson_r,pearson_p,spearman_rho,spearman_p,n
Cần Thơ,0.0568,0.00010329832052608783,0.0666,5.266325978102869e-06,4661
Huế,0.1046,8.449823913921145e-13,0.0939,1.3759763285698382e-10,4655
Hà Nội,-0.1182,3.219041190139494e-14,-0.1266,4.288830075482433e-16,4094
Hải Phòng,-0.0226,0.123591314153029,-0.0172,0.23959777018637993,4656
Hồ Chí Minh,-0.1332,1.2759221550298622e-17,-0.093,2.604575504017983e-09,4081
Nha Trang,-0.0292,0.046260317963789446,0.1236,2.6213273171696172e-17,4657
Vinh,-0.0137,0.3494596197468505,-0.0004,0.9802027482137702,4658
__ALL__,-0.0429,6.079072305963985e-16,0.0056,0.28942697117868266,35553
Đà Nẵng,0.1213,7.091771112865067e-15,0.0882,1.627767723649837e-08,4091
