city,pearson_r,pearson_p,spearman_rho,spearman_p,n
Cần Thơ,-0.3768,1.8436200316407193e-157,-0.4446,1.9028833083528365e-225,4669
Huế,-0.1782,1.3835436991789586e-34,-0.1524,1.2784056778426137e-25,4663
Hà Nội,-0.04,0.010359092916255324,-0.0922,3.3492408329536615e-09,4100
Hải Phòng,-0.2262,3.5304858769423436e-55,-0.2239,4.678457915174945e-54,4663
Hồ Chí Minh,-0.2843,7.738206734933254e-77,-0.3482,7.645222646842959e-117,4087
Nha Trang,-0.0978,2.133814960921815e-11,-0.1796,4.0126160669928666e-35,4664
Vinh,-0.1618,9.716753925870969e-29,-0.2133,3.90034105401658e-49,4666
__ALL__,-0.1052,3.5853321534137696e-88,-0.149,9.384322338517498e-176,35610
Đà Nẵng,-0.2431,3.391619744427016e-56,-0.2403,6.3533799198691825e-55,4098
