city,pearson_r,pearson_p,spearman_rho,spearman_p,n
Cần Thơ,-0.3704,1.872712016842832e-153,-0.435,3.0995479332862447e-217,4720
Huế,-0.1739,2.5090530565750198e-33,-0.1462,6.0391321569564346e-24,4715
Hà Nội,-0.034,0.0283084286920457,-0.0809,1.803714888993621e-07,4152
Hải Phòng,-0.2199,1.0301131439044116e-52,-0.2143,4.328400141627691e-50,4715
Hồ Chí Minh,-0.2759,3.294119671731136e-73,-0.3381,3.379940833277836e-111,4139
Nha Trang,-0.1,5.908588332020916e-12,-0.1806,7.334165420091761e-36,4716
Vinh,-0.1573,1.584474697561129e-27,-0.2038,2.0611768521711303e-45,4718
__ALL__,-0.1013,8.892911046616313e-83,-0.1428,2.3322098150698735e-163,36023
Đà Nẵng,-0.2394,3.664905557231596e-55,-0.2358,1.5803902379649403e-53,4148
