city,pearson_r,pearson_p,spearman_rho,spearman_p,n
Cần Thơ,-0.3656,1.4343307428045321e-151,-0.4304,1.4549364525498355e-215,4795
Huế,-0.1697,2.801917740947381e-32,-0.1407,1.3244390363048493e-22,4790
Hà Nội,-0.0297,0.05352468121870733,-0.0717,3.0760470458973524e-06,4227
Hải Phòng,-0.2092,1.674890996740679e-48,-0.2001,1.9243745022452344e-44,4790
Hồ Chí Minh,-0.266,3.4551294279037685e-69,-0.3211,1.0881402893961574e-101,4214
Nha Trang,-0.0993,5.752745783193611e-12,-0.1724,2.8766123960044535e-33,4791
Vinh,-0.1602,6.580718909999458e-29,-0.2032,7.93902492144853e-46,4793
__ALL__,-0.0991,1.4303206226360334e-80,-0.1389,3.624521033345433e-157,36623
Đà Nẵng,-0.2374,3.356930498004073e-55,-0.2348,5.238573148617353e-54,4223
