city,pearson_r,pearson_p,spearman_rho,spearman_p,n
Cần Thơ,-0.378,1.7566729593434023e-156,-0.4476,5.58511670622384e-226,4609
Huế,-0.1917,2.4197754512495233e-39,-0.1681,1.6298196706535863e-30,4603
Hà Nội,-0.0486,0.002011582905233908,-0.1082,5.354295961697523e-12,4042
Hải Phòng,-0.2346,1.3027589353400728e-58,-0.2364,1.600765287812586e-59,4604
Hồ Chí Minh,-0.2889,2.5269015229478234e-78,-0.3547,9.767452294344171e-120,4029
Nha Trang,-0.0976,3.208268665122487e-11,-0.1849,1.0975359017274013e-36,4605
Vinh,-0.166,8.477748299060316e-30,-0.2198,1.6425680132628184e-51,4606
__ALL__,-0.1111,7.378974725012391e-97,-0.1584,4.357501142532016e-196,35137
Đà Nẵng,-0.2561,1.6828689430075706e-61,-0.2564,1.1784655696192409e-61,4039
