city,pearson_r,pearson_p,spearman_rho,spearman_p,n
Cần Thơ,-0.3769,1.898291027063061e-157,-0.4447,1.5551959192430566e-225,4667
Huế,-0.1784,1.234707405383567e-34,-0.1526,1.1072076525399974e-25,4661
Hà Nội,-0.04,0.010359092916255324,-0.0922,3.3492408329536615e-09,4100
Hải Phòng,-0.2263,3.231282240645511e-55,-0.224,4.2623219047250316e-54,4662
Hồ Chí Minh,-0.2843,7.738206734933254e-77,-0.3482,7.645222646842959e-117,4087
Nha Trang,-0.0979,2.1307020683040136e-11,-0.1798,3.514678609374819e-35,4663
Vinh,-0.1619,8.964775200078587e-29,-0.2134,3.398448535875747e-49,4664
__ALL__,-0.1053,2.395913610058318e-88,-0.1492,3.279662068746623e-176,35601
Đà Nẵng,-0.2434,2.4209816188056264e-56,-0.2409,3.627838948339423e-55,4097
