city,pearson_r,pearson_p,spearman_rho,spearman_p,n
Cần Thơ,-0.3686,2.040336875012657e-152,-0.4321,7.723662315105493e-215,4738
Huế,-0.1726,5.470987622512038e-33,-0.1444,1.85159976805308e-23,4733
Hà Nội,-0.0324,0.03640571981441121,-0.0776,5.241002647791116e-07,4170
Hải Phòng,-0.2173,1.1356747709694428e-51,-0.2106,1.3855039914717008e-48,4733
Hồ Chí Minh,-0.2725,1.0581447599192482e-71,-0.3328,4.938534083633373e-108,4157
Nha Trang,-0.1,5.425983287764256e-12,-0.1791,2.061451157835348e-35,4734
Vinh,-0.1565,2.302073228921729e-27,-0.2027,4.4137173665945724e-45,4736
__ALL__,-0.1,5.213767702736367e-81,-0.1407,2.6923214754945537e-159,36167
Đà Nẵng,-0.2379,1.0840830434306286e-54,-0.2342,5.184730614228526e-53,4166
