timestamp,aqi,wind_speed,humidity,weather_icon,city,zscore_aqi,zscore_flag_aqi,zscore_wind,zscore_flag_wind
2025-01-20 23:00:00+07:00,72.0,10.0,83.0,/dl/web/weather/ic-w-04-scattered-clouds-full.svg,Cần Thơ,0.40843974293936813,0,-0.01875989100984418,0
2025-01-21 19:00:00+07:00,88.0,0.0,88.0,/dl/web/weather/ic-w-11-night-few-clouds-full.svg,Cần Thơ,1.0744450203910374,0,-1.4856241564656842,0
2025-01-21 20:00:00+07:00,88.0,7.4,78.0,/dl/web/weather/ic-w-11-night-few-clouds-full.svg,Cần Thơ,1.0744450203910374,0,-0.40014460002836255,0
2025-01-21 21:00:00+07:00,88.0,7.4,78.0,/dl/web/weather/ic-w-11-night-few-clouds-full.svg,Cần Thơ,1.0744450203910374,0,-0.40014460002836255,0
2025-01-21 22:00:00+07:00,88.0,3.7,83.0,/dl/web/weather/ic-w-04-scattered-clouds-full.svg,Cần Thơ,1.0744450203910374,0,-0.9428843782470234,0
2025-01-21 23:00:00+07:00,79.0,3.7,94.0,/dl/web/weather/ic-w-04-scattered-clouds-full.svg,Cần Thơ,0.6998170518244735,0,-0.9428843782470234,0
2025-01-22 00:00:00+07:00,79.0,5.5,88.0,/dl/web/weather/ic-w-04-scattered-clouds-full.svg,Cần Thơ,0.6998170518244735,0,-0.6788488104649723,0
2025-01-22 01:00:00+07:00,79.0,10.5,86.0,/dl/web/weather/ic-w-04-scattered-clouds-full.svg,Cần Thơ,0.6998170518244735,0,0.05458332226294783,0
2025-01-22 02:00:00+07:00,71.0,1.8,94.0,/dl/web/weather/ic-w-04-scattered-clouds-full.svg,Cần Thơ,0.3668144130986388,0,-1.2215885886836328,0
2025-01-22 03:00:00+07:00,71.0,1.8,94.0,/dl/web/weather/ic-w-04-scattered-clouds-full.svg,Cần Thơ,0.3668144130986388,0,-1.2215885886836328,0
2025-01-22 04:00:00+07:00,71.0,0.0,94.0,/dl/web/weather/ic-w-04-scattered-clouds-full.svg,Cần Thơ,0.3668144130986388,0,-1.4856241564656842,0
2025-01-22 05:00:00+07:00,71.0,0.0,100.0,/dl/web/weather/ic-w-04-scattered-clouds-full.svg,Cần Thơ,0.3668144130986388,0,-1.4856241564656842,0
2025-01-22 06:00:00+07:00,71.0,0.0,100.0,/dl/web/weather/ic-w-04-scattered-clouds-full.svg,Cần Thơ,0.3668144130986388,0,-1.4856241564656842,0
2025-01-22 07:00:00+07:00,71.0,0.0,94.0,/dl/web/weather/ic-w-04-scattered-clouds-full.svg,Cần Thơ,0.3668144130986388,0,-1.4856241564656842,0
2025-01-22 08:00:00+07:00,73.0,0.0,94.0,/dl/web/weather/ic-w-04-scattered-clouds-full.svg,Cần Thơ,0.4500650727800975,0,-1.4856241564656842,0
2025-01-22 09:00:00+07:00,73.0,7.4,83.0,/dl/web/weather/ic-w-04-scattered-clouds-full.svg,Cần Thơ,0.4500650727800975,0,-0.40014460002836255,0
2025-01-22 11:00:00+07:00,73.0,9.2,78.0,/dl/web/weather/ic-w-04-scattered-clouds-full.svg,Cần Thơ,0.4500650727800975,0,-0.1361090322463115,0
2025-01-22 12:00:00+07:00,73.0,9.2,69.0,/dl/web/weather/ic-w-04-scattered-clouds-full.svg,Cần Thơ,0.4500650727800975,0,-0.1361090322463115,0
2025-01-22 13:00:00+07:00,73.0,5.5,65.0,/dl/web/weather/ic-w-04-scattered-clouds-full.svg,Cần Thơ,0.4500650727800975,0,-0.6788488104649723,0
2025-01-22 14:00:00+07:00,78.0,5.5,62.0,/dl/web/weather/ic-w-04-scattered-clouds-full.svg,Cần Thơ,0.6581917219837441,0,-0.6788488104649723,0
2025-01-22 15:00:00+07:00,78.0,7.4,66.0,/dl/web/weather/ic-w-04-scattered-clouds-full.svg,Cần Thơ,0.6581917219837441,0,-0.40014460002836255,0
2025-01-22 16:00:00+07:00,78.0,9.2,62.0,/dl/web/weather/ic-w-04-scattered-clouds-full.svg,Cần Thơ,0.6581917219837441,0,-0.1361090322463115,0
2025-01-22 17:00:00+07:00,81.0,5.5,66.0,/dl/web/weather/ic-w-04-scattered-clouds-full.svg,Cần Thơ,0.7830677115059321,0,-0.6788488104649723,0
2025-01-22 18:00:00+07:00,81.0,3.9,53.0,/dl/web/weather/ic-w-04-scattered-clouds-full.svg,Cần Thơ,0.7830677115059321,0,-0.9135470929379066,0
2025-01-22 19:00:00+07:00,81.0,9.2,74.0,/dl/web/weather/ic-w-11-night-few-clouds-full.svg,Cần Thơ,0.7830677115059321,0,-0.1361090322463115,0
2025-01-22 20:00:00+07:00,72.0,1.8,78.0,/dl/web/weather/ic-w-04-scattered-clouds-full.svg,Cần Thơ,0.40843974293936813,0,-1.2215885886836328,0
2025-01-22 21:00:00+07:00,72.0,1.8,78.0,/dl/web/weather/ic-w-04-scattered-clouds-full.svg,Cần Thơ,0.40843974293936813,0,-1.2215885886836328,0
2025-01-22 22:00:00+07:00,72.0,1.8,83.0,/dl/web/weather/ic-w-11-night-few-clouds-full.svg,Cần Thơ,0.40843974293936813,0,-1.2215885886836328,0
2025-01-22 23:00:00+07:00,71.0,3.7,88.0,/dl/web/weather/ic-w-11-night-few-clouds-full.svg,Cần Thơ,0.3668144130986388,0,-0.9428843782470234,0
2025-01-23 00:00:00+07:00,71.0,7.4,88.0,/dl/web/weather/ic-w-04-scattered-clouds-full.svg,Cần Thơ,0.3668144130986388,0,-0.40014460002836255,0
2025-01-23 01:00:00+07:00,71.0,3.7,88.0,/dl/web/weather/ic-w-04-scattered-clouds-full.svg,Cần Thơ,0.3668144130986388,0,-0.9428843782470234,0
2025-01-23 02:00:00+07:00,70.0,1.8,94.0,/dl/web/weather/ic-w-04-scattered-clouds-full.svg,Cần Thơ,0.3251890832579095,0,-1.2215885886836328,0
2025-01-23 03:00:00+07:00,70.0,3.7,94.0,/dl/web/weather/ic-w-04-scattered-clouds-full.svg,Cần Thơ,0.3251890832579095,0,-0.9428843782470234,0
2025-01-23 04:00:00+07:00,70.0,1.8,94.0,/dl/web/weather/ic-w-04-scattered-clouds-full.svg,Cần Thơ,0.3251890832579095,0,-1.2215885886836328,0
2025-01-23 05:00:00+07:00,69.0,0.0,94.0,/dl/web/weather/ic-w-04-scattered-clouds-full.svg,Cần Thơ,0.28356375341718015,0,-1.4856241564656842,0
2025-01-23 06:00:00+07:00,69.0,1.8,94.0,/dl/web/weather/ic-w-04-scattered-clouds-full.svg,Cần Thơ,0.28356375341718015,0,-1.2215885886836328,0
2025-01-23 07:00:00+07:00,69.0,0.0,100.0,/dl/web/weather/ic-w-04-scattered-clouds-full.svg,Cần Thơ,0.28356375341718015,0,-1.4856241564656842,0
2025-01-23 08:00:00+07:00,72.0,5.5,94.0,/dl/web/weather/ic-w-04-scattered-clouds-full.svg,Cần Thơ,0.40843974293936813,0,-0.6788488104649723,0
2025-01-23 10:00:00+07:00,72.0,11.1,94.0,/dl/web/weather/ic-w-04-scattered-clouds-full.svg,Cần Thơ,0.40843974293936813,0,0.14259517819029818,0
2025-01-23 11:00:00+07:00,66.0,5.5,83.0,/dl/web/weather/ic-w-04-scattered-clouds-full.svg,Cần Thơ,0.15868776389499217,0,-0.6788488104649723,0
2025-01-23 12:00:00+07:00,66.0,3.7,83.0,/dl/web/weather/ic-w-04-scattered-clouds-full.svg,Cần Thơ,0.15868776389499217,0,-0.9428843782470234,0
2025-01-23 13:00:00+07:00,66.0,3.7,78.0,/dl/web/weather/ic-w-04-scattered-clouds-full.svg,Cần Thơ,0.15868776389499217,0,-0.9428843782470234,0
2025-01-23 14:00:00+07:00,65.0,5.5,74.0,/dl/web/weather/ic-w-04-scattered-clouds-full.svg,Cần Thơ,0.11706243405426284,0,-0.6788488104649723,0
2025-01-23 15:00:00+07:00,65.0,9.2,66.0,/dl/web/weather/ic-w-04-scattered-clouds-full.svg,Cần Thơ,0.11706243405426284,0,-0.1361090322463115,0
2025-01-23 16:00:00+07:00,65.0,9.2,70.0,/dl/web/weather/ic-w-04-scattered-clouds-full.svg,Cần Thơ,0.11706243405426284,0,-0.1361090322463115,0
2025-01-23 17:00:00+07:00,69.0,13.0,66.0,/dl/web/weather/ic-w-04-scattered-clouds-full.svg,Cần Thơ,0.28356375341718015,0,0.42129938862690786,0
2025-01-23 18:00:00+07:00,69.0,11.1,70.0,/dl/web/weather/ic-w-04-scattered-clouds-full.svg,Cần Thơ,0.28356375341718015,0,0.14259517819029818,0
2025-01-23 19:00:00+07:00,69.0,7.4,78.0,/dl/web/weather/ic-w-04-scattered-clouds-full.svg,Cần Thơ,0.28356375341718015,0,-0.40014460002836255,0
2025-01-23 20:00:00+07:00,87.0,1.8,83.0,/dl/web/weather/ic-w-04-scattered-clouds-full.svg,Cần Thơ,1.0328196905503082,0,-1.2215885886836328,0
2025-01-23 21:00:00+07:00,87.0,1.8,83.0,/dl/web/weather/ic-w-04-scattered-clouds-full.svg,Cần Thơ,1.0328196905503082,0,-1.2215885886836328,0
2025-01-23 22:00:00+07:00,87.0,5.5,83.0,/dl/web/weather/ic-w-04-scattered-clouds-full.svg,Cần Thơ,1.0328196905503082,0,-0.6788488104649723,0
2025-01-23 23:00:00+07:00,75.0,5.5,89.0,/dl/web/weather/ic-w-04-scattered-clouds-full.svg,Cần Thơ,0.5333157324615562,0,-0.6788488104649723,0
2025-01-24 00:00:00+07:00,75.0,3.7,94.0,/dl/web/weather/ic-w-04-scattered-clouds-full.svg,Cần Thơ,0.5333157324615562,0,-0.9428843782470234,0
2025-01-24 01:00:00+07:00,75.0,3.7,88.0,/dl/web/weather/ic-w-04-scattered-clouds-full.svg,Cần Thơ,0.5333157324615562,0,-0.9428843782470234,0
2025-01-24 02:00:00+07:00,66.0,1.8,94.0,/dl/web/weather/ic-w-04-scattered-clouds-full.svg,Cần Thơ,0.15868776389499217,0,-1.2215885886836328,0
2025-01-24 03:00:00+07:00,66.0,0.0,94.0,/dl/web/weather/ic-w-04-scattered-clouds-full.svg,Cần Thơ,0.15868776389499217,0,-1.4856241564656842,0
2025-01-24 04:00:00+07:00,66.0,3.7,94.0,/dl/web/weather/ic-w-04-scattered-clouds-full.svg,Cần Thơ,0.15868776389499217,0,-0.9428843782470234,0
2025-01-24 05:00:00+07:00,69.0,1.8,94.0,/dl/web/weather/ic-w-04-scattered-clouds-full.svg,Cần Thơ,0.28356375341718015,0,-1.2215885886836328,0
2025-01-24 06:00:00+07:00,69.0,1.8,94.0,/dl/web/weather/ic-w-04-scattered-clouds-full.svg,Cần Thơ,0.28356375341718015,0,-1.2215885886836328,0
2025-01-24 07:00:00+07:00,69.0,1.8,94.0,/dl/web/weather/ic-w-06-rain-full.svg,Cần Thơ,0.28356375341718015,0,-1.2215885886836328,0
2025-01-24 08:00:00+07:00,81.0,1.8,100.0,/dl/web/weather/ic-w-04-scattered-clouds-full.svg,Cần Thơ,0.7830677115059321,0,-1.2215885886836328,0
2025-01-24 09:00:00+07:00,81.0,7.4,94.0,/dl/web/weather/ic-w-01-clear-sky-full.svg,Cần Thơ,0.7830677115059321,0,-0.40014460002836255,0
2025-01-24 10:00:00+07:00,81.0,7.4,94.0,/dl/web/weather/ic-w-01-clear-sky-full.svg,Cần Thơ,0.7830677115059321,0,-0.40014460002836255,0
2025-01-24 11:00:00+07:00,73.0,7.4,94.0,/dl/web/weather/ic-w-01-clear-sky-full.svg,Cần Thơ,0.4500650727800975,0,-0.40014460002836255,0
2025-01-24 12:00:00+07:00,73.0,3.7,89.0,/dl/web/weather/ic-w-04-scattered-clouds-full.svg,Cần Thơ,0.4500650727800975,0,-0.9428843782470234,0
2025-01-24 13:00:00+07:00,73.0,5.5,79.0,/dl/web/weather/ic-w-04-scattered-clouds-full.svg,Cần Thơ,0.4500650727800975,0,-0.6788488104649723,0
2025-01-24 14:00:00+07:00,80.0,1.8,66.0,/dl/web/weather/ic-w-06-rain-full.svg,Cần Thơ,0.7414423816652028,0,-1.2215885886836328,0
2025-01-24 15:00:00+07:00,80.0,1.8,74.0,/dl/web/weather/ic-w-06-rain-full.svg,Cần Thơ,0.7414423816652028,0,-1.2215885886836328,0
2025-01-24 16:00:00+07:00,80.0,5.5,74.0,/dl/web/weather/ic-w-02-new-clouds-full.svg,Cần Thơ,0.7414423816652028,0,-0.6788488104649723,0
2025-01-24 17:00:00+07:00,85.0,3.7,74.0,/dl/web/weather/ic-w-02-new-clouds-full.svg,Cần Thơ,0.9495690308688495,0,-0.9428843782470234,0
2025-01-24 18:00:00+07:00,85.0,5.5,74.0,/dl/web/weather/ic-w-04-scattered-clouds-full.svg,Cần Thơ,0.9495690308688495,0,-0.6788488104649723,0
2025-01-24 19:00:00+07:00,85.0,5.5,78.0,/dl/web/weather/ic-w-04-scattered-clouds-full.svg,Cần Thơ,0.9495690308688495,0,-0.6788488104649723,0
2025-01-24 20:00:00+07:00,73.0,11.1,78.0,/dl/web/weather/ic-w-04-scattered-clouds-full.svg,Cần Thơ,0.4500650727800975,0,0.14259517819029818,0
2025-01-24 21:00:00+07:00,73.0,11.1,78.0,/dl/web/weather/ic-w-04-scattered-clouds-full.svg,Cần Thơ,0.4500650727800975,0,0.14259517819029818,0
2025-01-24 22:00:00+07:00,73.0,7.4,83.0,/dl/web/weather/ic-w-04-scattered-clouds-full.svg,Cần Thơ,0.4500650727800975,0,-0.40014460002836255,0
2025-01-24 23:00:00+07:00,67.0,7.4,88.0,/dl/web/weather/ic-w-04-scattered-clouds-full.svg,Cần Thơ,0.2003130937357215,0,-0.40014460002836255,0
2025-01-25 00:00:00+07:00,67.0,5.5,88.0,/dl/web/weather/ic-w-04-scattered-clouds-full.svg,Cần Thơ,0.2003130937357215,0,-0.6788488104649723,0
2025-01-25 01:00:00+07:00,67.0,7.4,94.0,/dl/web/weather/ic-w-04-scattered-clouds-full.svg,Cần Thơ,0.2003130937357215,0,-0.40014460002836255,0
2025-01-25 02:00:00+07:00,63.0,7.4,94.0,/dl/web/weather/ic-w-04-scattered-clouds-full.svg,Cần Thơ,0.03381177437280418,0,-0.40014460002836255,0
2025-01-25 03:00:00+07:00,63.0,3.7,94.0,/dl/web/weather/ic-w-04-scattered-clouds-full.svg,Cần Thơ,0.03381177437280418,0,-0.9428843782470234,0
2025-01-25 04:00:00+07:00,63.0,3.7,100.0,/dl/web/weather/ic-w-04-scattered-clouds-full.svg,Cần Thơ,0.03381177437280418,0,-0.9428843782470234,0
2025-01-25 05:00:00+07:00,63.0,7.4,100.0,/dl/web/weather/ic-w-04-scattered-clouds-full.svg,Cần Thơ,0.03381177437280418,0,-0.40014460002836255,0
2025-01-25 06:00:00+07:00,63.0,7.4,100.0,/dl/web/weather/ic-w-04-scattered-clouds-full.svg,Cần Thơ,0.03381177437280418,0,-0.40014460002836255,0
2025-01-25 07:00:00+07:00,63.0,1.8,100.0,/dl/web/weather/ic-w-02-new-clouds-full.svg,Cần Thơ,0.03381177437280418,0,-1.2215885886836328,0
2025-01-25 08:00:00+07:00,66.0,5.5,94.0,/dl/web/weather/ic-w-02-new-clouds-full.svg,Cần Thơ,0.15868776389499217,0,-0.6788488104649723,0
2025-01-25 09:00:00+07:00,66.0,13.0,83.0,/dl/web/weather/ic-w-04-scattered-clouds-full.svg,Cần Thơ,0.15868776389499217,0,0.42129938862690786,0
2025-01-25 10:00:00+07:00,66.0,13.0,83.0,/dl/web/weather/ic-w-04-scattered-clouds-full.svg,Cần Thơ,0.15868776389499217,0,0.42129938862690786,0
2025-01-25 11:00:00+07:00,67.0,11.1,83.0,/dl/web/weather/ic-w-04-scattered-clouds-full.svg,Cần Thơ,0.2003130937357215,0,0.14259517819029818,0
2025-01-25 12:00:00+07:00,67.0,13.4,63.0,/dl/web/weather/ic-w-04-scattered-clouds-full.svg,Cần Thơ,0.2003130937357215,0,0.4799739592451415,0
2025-01-25 13:00:00+07:00,67.0,11.1,74.0,/dl/web/weather/ic-w-04-scattered-clouds-full.svg,Cần Thơ,0.2003130937357215,0,0.14259517819029818,0
2025-01-25 14:00:00+07:00,66.0,11.1,70.0,/dl/web/weather/ic-w-04-scattered-clouds-full.svg,Cần Thơ,0.15868776389499217,0,0.14259517819029818,0
2025-01-25 15:00:00+07:00,66.0,14.8,70.0,/dl/web/weather/ic-w-04-scattered-clouds-full.svg,Cần Thơ,0.15868776389499217,0,0.6853349564089591,0
2025-01-25 16:00:00+07:00,66.0,13.0,70.0,/dl/web/weather/ic-w-04-scattered-clouds-full.svg,Cần Thơ,0.15868776389499217,0,0.42129938862690786,0
2025-01-25 17:00:00+07:00,67.0,16.7,74.0,/dl/web/weather/ic-w-04-scattered-clouds-full.svg,Cần Thơ,0.2003130937357215,0,0.9640391668455686,0
2025-01-25 18:00:00+07:00,67.0,16.7,74.0,/dl/web/weather/ic-w-04-scattered-clouds-full.svg,Cần Thơ,0.2003130937357215,0,0.9640391668455686,0
2025-01-25 19:00:00+07:00,67.0,11.1,78.0,/dl/web/weather/ic-w-11-night-few-clouds-full.svg,Cần Thơ,0.2003130937357215,0,0.14259517819029818,0
2025-01-25 20:00:00+07:00,68.0,11.1,83.0,/dl/web/weather/ic-w-11-night-few-clouds-full.svg,Cần Thơ,0.24193842357645082,0,0.14259517819029818,0
2025-01-25 21:00:00+07:00,68.0,7.4,89.0,/dl/web/weather/ic-w-11-night-few-clouds-full.svg,Cần Thơ,0.24193842357645082,0,-0.40014460002836255,0
2025-01-25 22:00:00+07:00,68.0,5.5,89.0,/dl/web/weather/ic-w-11-night-few-clouds-full.svg,Cần Thơ,0.24193842357645082,0,-0.6788488104649723,0
2025-01-25 23:00:00+07:00,64.0,5.5,83.0,/dl/web/weather/ic-w-11-night-few-clouds-full.svg,Cần Thơ,0.07543710421353352,0,-0.6788488104649723,0
2025-01-26 00:00:00+07:00,64.0,5.5,88.0,/dl/web/weather/ic-w-11-night-few-clouds-full.svg,Cần Thơ,0.07543710421353352,0,-0.6788488104649723,0
2025-01-26 01:00:00+07:00,64.0,1.8,94.0,/dl/web/weather/ic-w-11-night-few-clouds-full.svg,Cần Thơ,0.07543710421353352,0,-1.2215885886836328,0
2025-01-26 02:00:00+07:00,64.0,1.8,94.0,/dl/web/weather/ic-w-11-night-few-clouds-full.svg,Cần Thơ,0.07543710421353352,0,-1.2215885886836328,0
2025-01-26 04:00:00+07:00,64.0,3.7,100.0,/dl/web/weather/ic-w-11-night-few-clouds-full.svg,Cần Thơ,0.07543710421353352,0,-0.9428843782470234,0
2025-01-26 05:00:00+07:00,65.0,3.7,100.0,/dl/web/weather/ic-w-11-night-few-clouds-full.svg,Cần Thơ,0.11706243405426284,0,-0.9428843782470234,0
2025-01-26 06:00:00+07:00,65.0,1.8,100.0,/dl/web/weather/ic-w-11-night-few-clouds-full.svg,Cần Thơ,0.11706243405426284,0,-1.2215885886836328,0
2025-01-26 07:00:00+07:00,65.0,3.7,100.0,/dl/web/weather/ic-w-09-mist-full.svg,Cần Thơ,0.11706243405426284,0,-0.9428843782470234,0
2025-01-26 08:00:00+07:00,66.0,1.8,100.0,/dl/web/weather/ic-w-09-mist-full.svg,Cần Thơ,0.15868776389499217,0,-1.2215885886836328,0
2025-01-26 09:00:00+07:00,66.0,7.4,94.0,/dl/web/weather/ic-w-04-scattered-clouds-full.svg,Cần Thơ,0.15868776389499217,0,-0.40014460002836255,0
2025-01-26 10:00:00+07:00,66.0,7.4,94.0,/dl/web/weather/ic-w-04-scattered-clouds-full.svg,Cần Thơ,0.15868776389499217,0,-0.40014460002836255,0
2025-01-26 11:00:00+07:00,65.0,11.1,83.0,/dl/web/weather/ic-w-04-scattered-clouds-full.svg,Cần Thơ,0.11706243405426284,0,0.14259517819029818,0
2025-01-26 12:00:00+07:00,65.0,14.8,89.0,/dl/web/weather/ic-w-04-scattered-clouds-full.svg,Cần Thơ,0.11706243405426284,0,0.6853349564089591,0
2025-01-26 13:00:00+07:00,65.0,18.5,74.0,/dl/web/weather/ic-w-04-scattered-clouds-full.svg,Cần Thơ,0.11706243405426284,0,1.22807473462762,0
2025-01-26 14:00:00+07:00,67.0,13.0,79.0,/dl/web/weather/ic-w-04-scattered-clouds-full.svg,Cần Thơ,0.2003130937357215,0,0.42129938862690786,0
2025-01-26 15:00:00+07:00,67.0,9.2,66.0,/dl/web/weather/ic-w-04-scattered-clouds-full.svg,Cần Thơ,0.2003130937357215,0,-0.1361090322463115,0
2025-01-26 16:00:00+07:00,67.0,1.8,70.0,/dl/web/weather/ic-w-02-new-clouds-full.svg,Cần Thơ,0.2003130937357215,0,-1.2215885886836328,0
2025-01-26 17:00:00+07:00,71.0,9.2,70.0,/dl/web/weather/ic-w-02-new-clouds-full.svg,Cần Thơ,0.3668144130986388,0,-0.1361090322463115,0
2025-01-26 18:00:00+07:00,71.0,7.4,70.0,/dl/web/weather/ic-w-04-scattered-clouds-full.svg,Cần Thơ,0.3668144130986388,0,-0.40014460002836255,0
2025-01-26 19:00:00+07:00,71.0,7.4,65.0,/dl/web/weather/ic-w-11-night-few-clouds-full.svg,Cần Thơ,0.3668144130986388,0,-0.40014460002836255,0
2025-01-26 20:00:00+07:00,69.0,5.5,74.0,/dl/web/weather/ic-w-11-night-few-clouds-full.svg,Cần Thơ,0.28356375341718015,0,-0.6788488104649723,0
2025-01-26 21:00:00+07:00,69.0,7.4,78.0,/dl/web/weather/ic-w-11-night-few-clouds-full.svg,Cần Thơ,0.28356375341718015,0,-0.40014460002836255,0
2025-01-26 22:00:00+07:00,69.0,9.2,88.0,/dl/web/weather/ic-w-04-scattered-clouds-full.svg,Cần Thơ,0.28356375341718015,0,-0.1361090322463115,0
2025-01-26 23:00:00+07:00,65.0,11.1,88.0,/dl/web/weather/ic-w-04-scattered-clouds-full.svg,Cần Thơ,0.11706243405426284,0,0.14259517819029818,0
2025-01-27 00:00:00+07:00,65.0,7.4,94.0,/dl/web/weather/ic-w-04-scattered-clouds-full.svg,Cần Thơ,0.11706243405426284,0,-0.40014460002836255,0
2025-01-27 01:00:00+07:00,65.0,13.0,94.0,/dl/web/weather/ic-w-04-scattered-clouds-full.svg,Cần Thơ,0.11706243405426284,0,0.42129938862690786,0
2025-01-27 02:00:00+07:00,60.0,11.1,94.0,/dl/web/weather/ic-w-10-night-clear-sky-full.svg,Cần Thơ,-0.09106421514938381,0,0.14259517819029818,0
2025-01-27 03:00:00+07:00,60.0,7.4,88.0,/dl/web/weather/ic-w-10-night-clear-sky-full.svg,Cần Thơ,-0.09106421514938381,0,-0.40014460002836255,0
2025-01-27 04:00:00+07:00,60.0,9.2,88.0,/dl/web/weather/ic-w-10-night-clear-sky-full.svg,Cần Thơ,-0.09106421514938381,0,-0.1361090322463115,0
2025-01-27 05:00:00+07:00,62.0,7.2,94.0,/dl/web/weather/ic-w-10-night-clear-sky-full.svg,Cần Thơ,-0.007813555467925153,0,-0.4294818853374794,0
2025-01-27 06:00:00+07:00,62.0,5.5,100.0,/dl/web/weather/ic-w-11-night-few-clouds-full.svg,Cần Thơ,-0.007813555467925153,0,-0.6788488104649723,0
2025-01-27 07:00:00+07:00,62.0,3.7,94.0,/dl/web/weather/ic-w-04-scattered-clouds-full.svg,Cần Thơ,-0.007813555467925153,0,-0.9428843782470234,0
2025-01-27 08:00:00+07:00,72.0,3.7,94.0,/dl/web/weather/ic-w-04-scattered-clouds-full.svg,Cần Thơ,0.40843974293936813,0,-0.9428843782470234,0
2025-01-27 09:00:00+07:00,72.0,7.4,88.0,/dl/web/weather/ic-w-02-new-clouds-full.svg,Cần Thơ,0.40843974293936813,0,-0.40014460002836255,0
2025-01-27 10:00:00+07:00,72.0,7.4,88.0,/dl/web/weather/ic-w-02-new-clouds-full.svg,Cần Thơ,0.40843974293936813,0,-0.40014460002836255,0
2025-01-27 11:00:00+07:00,68.0,3.7,78.0,/dl/web/weather/ic-w-02-new-clouds-full.svg,Cần Thơ,0.24193842357645082,0,-0.9428843782470234,0
2025-01-27 12:00:00+07:00,68.0,3.7,74.0,/dl/web/weather/ic-w-02-new-clouds-full.svg,Cần Thơ,0.24193842357645082,0,-0.9428843782470234,0
2025-01-27 13:00:00+07:00,68.0,3.7,65.0,/dl/web/weather/ic-w-02-new-clouds-full.svg,Cần Thơ,0.24193842357645082,0,-0.9428843782470234,0
2025-01-27 14:00:00+07:00,66.0,5.5,62.0,/dl/web/weather/ic-w-02-new-clouds-full.svg,Cần Thơ,0.15868776389499217,0,-0.6788488104649723,0
2025-01-27 15:00:00+07:00,66.0,5.5,65.0,/dl/web/weather/ic-w-02-new-clouds-full.svg,Cần Thơ,0.15868776389499217,0,-0.6788488104649723,0
2025-01-27 16:00:00+07:00,66.0,5.5,62.0,/dl/web/weather/ic-w-04-scattered-clouds-full.svg,Cần Thơ,0.15868776389499217,0,-0.6788488104649723,0
2025-01-27 17:00:00+07:00,62.0,5.5,70.0,/dl/web/weather/ic-w-04-scattered-clouds-full.svg,Cần Thơ,-0.007813555467925153,0,-0.6788488104649723,0
2025-01-27 18:00:00+07:00,62.0,3.7,66.0,/dl/web/weather/ic-w-04-scattered-clouds-full.svg,Cần Thơ,-0.007813555467925153,0,-0.9428843782470234,0
2025-01-27 19:00:00+07:00,62.0,1.8,74.0,/dl/web/weather/ic-w-04-scattered-clouds-full.svg,Cần Thơ,-0.007813555467925153,0,-1.2215885886836328,0
2025-01-27 20:00:00+07:00,65.0,9.2,78.0,/dl/web/weather/ic-w-04-scattered-clouds-full.svg,Cần Thơ,0.11706243405426284,0,-0.1361090322463115,0
2025-01-27 21:00:00+07:00,65.0,9.2,78.0,/dl/web/weather/ic-w-04-scattered-clouds-full.svg,Cần Thơ,0.11706243405426284,0,-0.1361090322463115,0
2025-01-27 22:00:00+07:00,65.0,11.1,83.0,/dl/web/weather/ic-w-04-scattered-clouds-full.svg,Cần Thơ,0.11706243405426284,0,0.14259517819029818,0
2025-01-27 23:00:00+07:00,65.0,13.0,83.0,/dl/web/weather/ic-w-11-night-few-clouds-full.svg,Cần Thơ,0.11706243405426284,0,0.42129938862690786,0
2025-01-28 00:00:00+07:00,65.0,9.2,88.0,/dl/web/weather/ic-w-11-night-few-clouds-full.svg,Cần Thơ,0.11706243405426284,0,-0.1361090322463115,0
2025-01-28 01:00:00+07:00,65.0,13.0,88.0,/dl/web/weather/ic-w-11-night-few-clouds-full.svg,Cần Thơ,0.11706243405426284,0,0.42129938862690786,0
2025-01-28 02:00:00+07:00,60.0,5.5,94.0,/dl/web/weather/ic-w-11-night-few-clouds-full.svg,Cần Thơ,-0.09106421514938381,0,-0.6788488104649723,0
2025-01-28 03:00:00+07:00,60.0,3.7,100.0,/dl/web/weather/ic-w-11-night-few-clouds-full.svg,Cần Thơ,-0.09106421514938381,0,-0.9428843782470234,0
2025-01-28 04:00:00+07:00,60.0,1.8,100.0,/dl/web/weather/ic-w-11-night-few-clouds-full.svg,Cần Thơ,-0.09106421514938381,0,-1.2215885886836328,0
2025-01-28 05:00:00+07:00,60.0,0.0,100.0,/dl/web/weather/ic-w-11-night-few-clouds-full.svg,Cần Thơ,-0.09106421514938381,0,-1.4856241564656842,0
2025-01-28 06:00:00+07:00,60.0,1.8,94.0,/dl/web/weather/ic-w-11-night-few-clouds-full.svg,Cần Thơ,-0.09106421514938381,0,-1.2215885886836328,0
2025-01-28 07:00:00+07:00,60.0,3.7,94.0,/dl/web/weather/ic-w-04-scattered-clouds-full.svg,Cần Thơ,-0.09106421514938381,0,-0.9428843782470234,0
2025-01-28 08:00:00+07:00,71.0,3.7,100.0,/dl/web/weather/ic-w-04-scattered-clouds-full.svg,Cần Thơ,0.3668144130986388,0,-0.9428843782470234,0
2025-01-28 09:00:00+07:00,71.0,7.4,83.0,/dl/web/weather/ic-w-04-scattered-clouds-full.svg,Cần Thơ,0.3668144130986388,0,-0.40014460002836255,0
2025-01-28 10:00:00+07:00,71.0,7.4,83.0,/dl/web/weather/ic-w-04-scattered-clouds-full.svg,Cần Thơ,0.3668144130986388,0,-0.40014460002836255,0
2025-01-28 11:00:00+07:00,70.0,7.4,83.0,/dl/web/weather/ic-w-04-scattered-clouds-full.svg,Cần Thơ,0.3251890832579095,0,-0.40014460002836255,0
2025-01-28 12:00:00+07:00,70.0,3.7,78.0,/dl/web/weather/ic-w-04-scattered-clouds-full.svg,Cần Thơ,0.3251890832579095,0,-0.9428843782470234,0
2025-01-28 13:00:00+07:00,70.0,5.5,74.0,/dl/web/weather/ic-w-04-scattered-clouds-full.svg,Cần Thơ,0.3251890832579095,0,-0.6788488104649723,0
2025-01-28 14:00:00+07:00,71.0,3.7,69.0,/dl/web/weather/ic-w-04-scattered-clouds-full.svg,Cần Thơ,0.3668144130986388,0,-0.9428843782470234,0
2025-01-28 15:00:00+07:00,71.0,1.8,65.0,/dl/web/weather/ic-w-04-scattered-clouds-full.svg,Cần Thơ,0.3668144130986388,0,-1.2215885886836328,0
2025-01-28 16:00:00+07:00,71.0,7.4,61.0,/dl/web/weather/ic-w-04-scattered-clouds-full.svg,Cần Thơ,0.3668144130986388,0,-0.40014460002836255,0
2025-01-28 17:00:00+07:00,70.0,5.5,65.0,/dl/web/weather/ic-w-04-scattered-clouds-full.svg,Cần Thơ,0.3251890832579095,0,-0.6788488104649723,0
2025-01-28 18:00:00+07:00,70.0,5.5,61.0,/dl/web/weather/ic-w-02-new-clouds-full.svg,Cần Thơ,0.3251890832579095,0,-0.6788488104649723,0
2025-01-28 19:00:00+07:00,70.0,5.5,74.0,/dl/web/weather/ic-w-11-night-few-clouds-full.svg,Cần Thơ,0.3251890832579095,0,-0.6788488104649723,0
2025-01-28 20:00:00+07:00,78.0,7.4,73.0,/dl/web/weather/ic-w-11-night-few-clouds-full.svg,Cần Thơ,0.6581917219837441,0,-0.40014460002836255,0
2025-01-28 21:00:00+07:00,78.0,7.4,73.0,/dl/web/weather/ic-w-11-night-few-clouds-full.svg,Cần Thơ,0.6581917219837441,0,-0.40014460002836255,0
2025-01-28 22:00:00+07:00,78.0,3.7,83.0,/dl/web/weather/ic-w-11-night-few-clouds-full.svg,Cần Thơ,0.6581917219837441,0,-0.9428843782470234,0
2025-01-28 23:00:00+07:00,67.0,0.0,83.0,/dl/web/weather/ic-w-11-night-few-clouds-full.svg,Cần Thơ,0.2003130937357215,0,-1.4856241564656842,0
2025-01-29 00:00:00+07:00,67.0,3.7,83.0,/dl/web/weather/ic-w-11-night-few-clouds-full.svg,Cần Thơ,0.2003130937357215,0,-0.9428843782470234,0
2025-01-29 01:00:00+07:00,67.0,5.5,88.0,/dl/web/weather/ic-w-11-night-few-clouds-full.svg,Cần Thơ,0.2003130937357215,0,-0.6788488104649723,0
2025-01-29 02:00:00+07:00,67.0,1.8,88.0,/dl/web/weather/ic-w-11-night-few-clouds-full.svg,Cần Thơ,0.2003130937357215,0,-1.2215885886836328,0
2025-01-29 03:00:00+07:00,67.0,1.8,88.0,/dl/web/weather/ic-w-11-night-few-clouds-full.svg,Cần Thơ,0.2003130937357215,0,-1.2215885886836328,0
2025-01-29 04:00:00+07:00,67.0,1.8,94.0,/dl/web/weather/ic-w-11-night-few-clouds-full.svg,Cần Thơ,0.2003130937357215,0,-1.2215885886836328,0
2025-01-29 05:00:00+07:00,76.0,0.0,100.0,/dl/web/weather/ic-w-11-night-few-clouds-full.svg,Cần Thơ,0.5749410623022855,0,-1.4856241564656842,0
2025-01-29 06:00:00+07:00,76.0,0.0,100.0,/dl/web/weather/ic-w-11-night-few-clouds-full.svg,Cần Thơ,0.5749410623022855,0,-1.4856241564656842,0
2025-01-29 07:00:00+07:00,76.0,3.7,100.0,/dl/web/weather/ic-w-04-scattered-clouds-full.svg,Cần Thơ,0.5749410623022855,0,-0.9428843782470234,0
2025-01-29 08:00:00+07:00,83.0,7.4,94.0,/dl/web/weather/ic-w-02-new-clouds-full.svg,Cần Thơ,0.8663183711873907,0,-0.40014460002836255,0
2025-01-29 09:00:00+07:00,83.0,9.2,73.0,/dl/web/weather/ic-w-04-scattered-clouds-full.svg,Cần Thơ,0.8663183711873907,0,-0.1361090322463115,0
2025-01-29 10:00:00+07:00,83.0,9.2,73.0,/dl/web/weather/ic-w-04-scattered-clouds-full.svg,Cần Thơ,0.8663183711873907,0,-0.1361090322463115,0
2025-01-29 11:00:00+07:00,83.0,11.1,69.0,/dl/web/weather/ic-w-01-clear-sky-full.svg,Cần Thơ,0.8663183711873907,0,0.14259517819029818,0
2025-01-29 12:00:00+07:00,83.0,7.4,65.0,/dl/web/weather/ic-w-01-clear-sky-full.svg,Cần Thơ,0.8663183711873907,0,-0.40014460002836255,0
2025-01-29 13:00:00+07:00,83.0,5.5,61.0,/dl/web/weather/ic-w-01-clear-sky-full.svg,Cần Thơ,0.8663183711873907,0,-0.6788488104649723,0
2025-01-29 14:00:00+07:00,75.0,5.5,57.0,/dl/web/weather/ic-w-01-clear-sky-full.svg,Cần Thơ,0.5333157324615562,0,-0.6788488104649723,0
2025-01-29 15:00:00+07:00,75.0,1.8,61.0,/dl/web/weather/ic-w-02-new-clouds-full.svg,Cần Thơ,0.5333157324615562,0,-1.2215885886836328,0
2025-01-29 16:00:00+07:00,75.0,5.5,61.0,/dl/web/weather/ic-w-02-new-clouds-full.svg,Cần Thơ,0.5333157324615562,0,-0.6788488104649723,0
2025-01-29 17:00:00+07:00,73.0,3.7,65.0,/dl/web/weather/ic-w-02-new-clouds-full.svg,Cần Thơ,0.4500650727800975,0,-0.9428843782470234,0
2025-01-29 18:00:00+07:00,73.0,5.5,61.0,/dl/web/weather/ic-w-02-new-clouds-full.svg,Cần Thơ,0.4500650727800975,0,-0.6788488104649723,0
2025-01-29 19:00:00+07:00,73.0,3.7,73.0,/dl/web/weather/ic-w-10-night-clear-sky-full.svg,Cần Thơ,0.4500650727800975,0,-0.9428843782470234,0
2025-01-29 20:00:00+07:00,89.0,1.8,94.0,/dl/web/weather/ic-w-04-scattered-clouds-full.svg,Cần Thơ,1.1160703502317668,0,-1.2215885886836328,0
2025-01-29 21:00:00+07:00,89.0,1.8,94.0,/dl/web/weather/ic-w-04-scattered-clouds-full.svg,Cần Thơ,1.1160703502317668,0,-1.2215885886836328,0
2025-01-29 22:00:00+07:00,89.0,1.8,94.0,/dl/web/weather/ic-w-04-scattered-clouds-full.svg,Cần Thơ,1.1160703502317668,0,-1.2215885886836328,0
2025-01-29 23:00:00+07:00,78.0,0.0,94.0,/dl/web/weather/ic-w-04-scattered-clouds-full.svg,Cần Thơ,0.6581917219837441,0,-1.4856241564656842,0
2025-01-30 00:00:00+07:00,78.0,1.8,94.0,/dl/web/weather/ic-w-04-scattered-clouds-full.svg,Cần Thơ,0.6581917219837441,0,-1.2215885886836328,0
2025-01-30 01:00:00+07:00,78.0,1.8,94.0,/dl/web/weather/ic-w-04-scattered-clouds-full.svg,Cần Thơ,0.6581917219837441,0,-1.2215885886836328,0
2025-01-30 02:00:00+07:00,72.0,0.0,100.0,/dl/web/weather/ic-w-04-scattered-clouds-full.svg,Cần Thơ,0.40843974293936813,0,-1.4856241564656842,0
2025-01-30 03:00:00+07:00,72.0,0.0,100.0,/dl/web/weather/ic-w-04-scattered-clouds-full.svg,Cần Thơ,0.40843974293936813,0,-1.4856241564656842,0
2025-01-30 04:00:00+07:00,72.0,1.8,100.0,/dl/web/weather/ic-w-04-scattered-clouds-full.svg,Cần Thơ,0.40843974293936813,0,-1.2215885886836328,0
2025-01-30 05:00:00+07:00,77.0,0.0,100.0,/dl/web/weather/ic-w-04-scattered-clouds-full.svg,Cần Thơ,0.6165663921430148,0,-1.4856241564656842,0
2025-01-30 06:00:00+07:00,77.0,0.0,100.0,/dl/web/weather/ic-w-09-mist-full.svg,Cần Thơ,0.6165663921430148,0,-1.4856241564656842,0
2025-01-30 07:00:00+07:00,77.0,1.8,100.0,/dl/web/weather/ic-w-09-mist-full.svg,Cần Thơ,0.6165663921430148,0,-1.2215885886836328,0
2025-01-30 08:00:00+07:00,91.0,1.8,100.0,/dl/web/weather/ic-w-04-scattered-clouds-full.svg,Cần Thơ,1.1993210099132254,0,-1.2215885886836328,0
2025-01-30 09:00:00+07:00,91.0,5.5,94.0,/dl/web/weather/ic-w-04-scattered-clouds-full.svg,Cần Thơ,1.1993210099132254,0,-0.6788488104649723,0
2025-01-30 10:00:00+07:00,91.0,5.5,94.0,/dl/web/weather/ic-w-04-scattered-clouds-full.svg,Cần Thơ,1.1993210099132254,0,-0.6788488104649723,0
2025-01-30 11:00:00+07:00,79.0,3.7,78.0,/dl/web/weather/ic-w-01-clear-sky-full.svg,Cần Thơ,0.6998170518244735,0,-0.9428843782470234,0
2025-01-30 12:00:00+07:00,79.0,5.5,73.0,/dl/web/weather/ic-w-02-new-clouds-full.svg,Cần Thơ,0.6998170518244735,0,-0.6788488104649723,0
2025-01-30 13:00:00+07:00,79.0,5.5,65.0,/dl/web/weather/ic-w-02-new-clouds-full.svg,Cần Thơ,0.6998170518244735,0,-0.6788488104649723,0
2025-01-30 14:00:00+07:00,74.0,7.4,65.0,/dl/web/weather/ic-w-06-rain-full.svg,Cần Thơ,0.4916904026208268,0,-0.40014460002836255,0
2025-01-30 15:00:00+07:00,74.0,5.5,69.0,/dl/web/weather/ic-w-06-rain-full.svg,Cần Thơ,0.4916904026208268,0,-0.6788488104649723,0
2025-01-30 16:00:00+07:00,74.0,1.8,74.0,/dl/web/weather/ic-w-06-rain-full.svg,Cần Thơ,0.4916904026208268,0,-1.2215885886836328,0
2025-01-30 17:00:00+07:00,72.0,5.5,51.0,/dl/web/weather/ic-w-06-rain-full.svg,Cần Thơ,0.40843974293936813,0,-0.6788488104649723,0
2025-01-30 18:00:00+07:00,72.0,1.8,57.0,/dl/web/weather/ic-w-02-new-clouds-full.svg,Cần Thơ,0.40843974293936813,0,-1.2215885886836328,0
2025-01-30 19:00:00+07:00,72.0,1.8,73.0,/dl/web/weather/ic-w-11-night-few-clouds-full.svg,Cần Thơ,0.40843974293936813,0,-1.2215885886836328,0
2025-01-30 20:00:00+07:00,93.0,0.0,94.0,/dl/web/weather/ic-w-04-scattered-clouds-full.svg,Cần Thơ,1.282571669594684,0,-1.4856241564656842,0
2025-01-30 21:00:00+07:00,93.0,0.0,94.0,/dl/web/weather/ic-w-04-scattered-clouds-full.svg,Cần Thơ,1.282571669594684,0,-1.4856241564656842,0
2025-01-30 22:00:00+07:00,93.0,1.8,88.0,/dl/web/weather/ic-w-04-scattered-clouds-full.svg,Cần Thơ,1.282571669594684,0,-1.2215885886836328,0
2025-01-30 23:00:00+07:00,108.0,1.8,94.0,/dl/web/weather/ic-w-04-scattered-clouds-full.svg,Cần Thơ,1.906951617205624,0,-1.2215885886836328,0
2025-01-31 00:00:00+07:00,108.0,1.8,94.0,/dl/web/weather/ic-w-04-scattered-clouds-full.svg,Cần Thơ,1.906951617205624,0,-1.2215885886836328,0
2025-01-31 01:00:00+07:00,108.0,1.8,100.0,/dl/web/weather/ic-w-04-scattered-clouds-full.svg,Cần Thơ,1.906951617205624,0,-1.2215885886836328,0
2025-01-31 02:00:00+07:00,108.0,1.8,100.0,/dl/web/weather/ic-w-04-scattered-clouds-full.svg,Cần Thơ,1.906951617205624,0,-1.2215885886836328,0
2025-01-31 03:00:00+07:00,108.0,1.8,100.0,/dl/web/weather/ic-w-04-scattered-clouds-full.svg,Cần Thơ,1.906951617205624,0,-1.2215885886836328,0
2025-01-31 04:00:00+07:00,108.0,1.8,100.0,/dl/web/weather/ic-w-04-scattered-clouds-full.svg,Cần Thơ,1.906951617205624,0,-1.2215885886836328,0
2025-01-31 05:00:00+07:00,93.0,0.0,100.0,/dl/web/weather/ic-w-04-scattered-clouds-full.svg,Cần Thơ,1.282571669594684,0,-1.4856241564656842,0
2025-01-31 06:00:00+07:00,93.0,0.0,100.0,/dl/web/weather/ic-w-04-scattered-clouds-full.svg,Cần Thơ,1.282571669594684,0,-1.4856241564656842,0
2025-01-31 07:00:00+07:00,93.0,0.0,100.0,/dl/web/weather/ic-w-04-scattered-clouds-full.svg,Cần Thơ,1.282571669594684,0,-1.4856241564656842,0
2025-01-31 08:00:00+07:00,111.0,0.0,100.0,/dl/web/weather/ic-w-04-scattered-clouds-full.svg,Cần Thơ,2.0318276067278123,0,-1.4856241564656842,0
2025-01-31 09:00:00+07:00,111.0,3.7,88.0,/dl/web/weather/ic-w-04-scattered-clouds-full.svg,Cần Thơ,2.0318276067278123,0,-0.9428843782470234,0
2025-01-31 10:00:00+07:00,111.0,3.7,88.0,/dl/web/weather/ic-w-04-scattered-clouds-full.svg,Cần Thơ,2.0318276067278123,0,-0.9428843782470234,0
2025-01-31 11:00:00+07:00,93.0,3.7,78.0,/dl/web/weather/ic-w-04-scattered-clouds-full.svg,Cần Thơ,1.282571669594684,0,-0.9428843782470234,0
2025-01-31 12:00:00+07:00,93.0,7.4,74.0,/dl/web/weather/ic-w-04-scattered-clouds-full.svg,Cần Thơ,1.282571669594684,0,-0.40014460002836255,0
2025-01-31 13:00:00+07:00,93.0,7.4,65.0,/dl/web/weather/ic-w-01-clear-sky-full.svg,Cần Thơ,1.282571669594684,0,-0.40014460002836255,0
2025-01-31 14:00:00+07:00,89.0,5.5,58.0,/dl/web/weather/ic-w-01-clear-sky-full.svg,Cần Thơ,1.1160703502317668,0,-0.6788488104649723,0
2025-01-31 15:00:00+07:00,89.0,9.2,54.0,/dl/web/weather/ic-w-01-clear-sky-full.svg,Cần Thơ,1.1160703502317668,0,-0.1361090322463115,0
2025-01-31 16:00:00+07:00,89.0,7.4,51.0,/dl/web/weather/ic-w-01-clear-sky-full.svg,Cần Thơ,1.1160703502317668,0,-0.40014460002836255,0
2025-01-31 17:00:00+07:00,89.0,7.4,51.0,/dl/web/weather/ic-w-01-clear-sky-full.svg,Cần Thơ,1.1160703502317668,0,-0.40014460002836255,0
2025-01-31 18:00:00+07:00,89.0,3.7,51.0,/dl/web/weather/ic-w-01-clear-sky-full.svg,Cần Thơ,1.1160703502317668,0,-0.9428843782470234,0
2025-01-31 19:00:00+07:00,89.0,5.5,51.0,/dl/web/weather/ic-w-10-night-clear-sky-full.svg,Cần Thơ,1.1160703502317668,0,-0.6788488104649723,0
2025-01-31 20:00:00+07:00,119.0,1.8,78.0,/dl/web/weather/ic-w-04-scattered-clouds-full.svg,Cần Thơ,2.3648302454536467,0,-1.2215885886836328,0
2025-01-31 21:00:00+07:00,119.0,1.8,78.0,/dl/web/weather/ic-w-04-scattered-clouds-full.svg,Cần Thơ,2.3648302454536467,0,-1.2215885886836328,0
2025-01-31 22:00:00+07:00,119.0,1.8,88.0,/dl/web/weather/ic-w-04-scattered-clouds-full.svg,Cần Thơ,2.3648302454536467,0,-1.2215885886836328,0
2025-01-31 23:00:00+07:00,138.0,1.8,94.0,/dl/web/weather/ic-w-04-scattered-clouds-full.svg,Cần Thơ,3.155711512427504,-1,-1.2215885886836328,0
2025-02-01 00:00:00+07:00,138.0,1.8,94.0,/dl/web/weather/ic-w-04-scattered-clouds-full.svg,Cần Thơ,3.155711512427504,-1,-1.2215885886836328,0
2025-02-01 01:00:00+07:00,138.0,1.8,94.0,/dl/web/weather/ic-w-04-scattered-clouds-full.svg,Cần Thơ,3.155711512427504,-1,-1.2215885886836328,0
2025-02-01 02:00:00+07:00,113.0,0.0,100.0,/dl/web/weather/ic-w-04-scattered-clouds-full.svg,Cần Thơ,2.1150782664092707,0,-1.4856241564656842,0
2025-02-01 03:00:00+07:00,113.0,0.0,100.0,/dl/web/weather/ic-w-04-scattered-clouds-full.svg,Cần Thơ,2.1150782664092707,0,-1.4856241564656842,0
2025-02-01 04:00:00+07:00,113.0,5.5,100.0,/dl/web/weather/ic-w-04-scattered-clouds-full.svg,Cần Thơ,2.1150782664092707,0,-0.6788488104649723,0
2025-02-01 05:00:00+07:00,93.0,1.8,100.0,/dl/web/weather/ic-w-04-scattered-clouds-full.svg,Cần Thơ,1.282571669594684,0,-1.2215885886836328,0
2025-02-01 06:00:00+07:00,93.0,0.0,100.0,/dl/web/weather/ic-w-04-scattered-clouds-full.svg,Cần Thơ,1.282571669594684,0,-1.4856241564656842,0
2025-02-01 07:00:00+07:00,93.0,1.8,100.0,/dl/web/weather/ic-w-09-mist-full.svg,Cần Thơ,1.282571669594684,0,-1.2215885886836328,0
2025-02-01 08:00:00+07:00,101.0,3.7,100.0,/dl/web/weather/ic-w-09-mist-full.svg,Cần Thơ,1.6155743083205187,0,-0.9428843782470234,0
2025-02-01 09:00:00+07:00,101.0,7.4,94.0,/dl/web/weather/ic-w-04-scattered-clouds-full.svg,Cần Thơ,1.6155743083205187,0,-0.40014460002836255,0
2025-02-01 10:00:00+07:00,101.0,5.5,83.0,/dl/web/weather/ic-w-01-clear-sky-full.svg,Cần Thơ,1.6155743083205187,0,-0.6788488104649723,0
2025-02-01 11:00:00+07:00,88.0,5.5,83.0,/dl/web/weather/ic-w-01-clear-sky-full.svg,Cần Thơ,1.0744450203910374,0,-0.6788488104649723,0
2025-02-01 12:00:00+07:00,88.0,3.7,65.0,/dl/web/weather/ic-w-01-clear-sky-full.svg,Cần Thơ,1.0744450203910374,0,-0.9428843782470234,0
2025-02-01 13:00:00+07:00,88.0,3.7,66.0,/dl/web/weather/ic-w-01-clear-sky-full.svg,Cần Thơ,1.0744450203910374,0,-0.9428843782470234,0
2025-02-01 14:00:00+07:00,90.0,7.4,51.0,/dl/web/weather/ic-w-01-clear-sky-full.svg,Cần Thơ,1.157695680072496,0,-0.40014460002836255,0
2025-02-01 15:00:00+07:00,90.0,5.5,55.0,/dl/web/weather/ic-w-01-clear-sky-full.svg,Cần Thơ,1.157695680072496,0,-0.6788488104649723,0
2025-02-01 16:00:00+07:00,90.0,5.5,48.0,/dl/web/weather/ic-w-01-clear-sky-full.svg,Cần Thơ,1.157695680072496,0,-0.6788488104649723,0
2025-02-01 17:00:00+07:00,92.0,5.5,51.0,/dl/web/weather/ic-w-01-clear-sky-full.svg,Cần Thơ,1.2409463397539549,0,-0.6788488104649723,0
2025-02-01 18:00:00+07:00,92.0,5.5,58.0,/dl/web/weather/ic-w-01-clear-sky-full.svg,Cần Thơ,1.2409463397539549,0,-0.6788488104649723,0
2025-02-01 19:00:00+07:00,92.0,3.7,70.0,/dl/web/weather/ic-w-10-night-clear-sky-full.svg,Cần Thơ,1.2409463397539549,0,-0.9428843782470234,0
2025-02-01 20:00:00+07:00,97.0,5.5,78.0,/dl/web/weather/ic-w-10-night-clear-sky-full.svg,Cần Thơ,1.4490729889576015,0,-0.6788488104649723,0
2025-02-01 21:00:00+07:00,97.0,9.2,83.0,/dl/web/weather/ic-w-10-night-clear-sky-full.svg,Cần Thơ,1.4490729889576015,0,-0.1361090322463115,0
2025-02-01 22:00:00+07:00,97.0,9.2,89.0,/dl/web/weather/ic-w-10-night-clear-sky-full.svg,Cần Thơ,1.4490729889576015,0,-0.1361090322463115,0
2025-02-01 23:00:00+07:00,85.0,9.2,94.0,/dl/web/weather/ic-w-10-night-clear-sky-full.svg,Cần Thơ,0.9495690308688495,0,-0.1361090322463115,0
2025-02-02 00:00:00+07:00,85.0,9.2,100.0,/dl/web/weather/ic-w-10-night-clear-sky-full.svg,Cần Thơ,0.9495690308688495,0,-0.1361090322463115,0
2025-02-02 01:00:00+07:00,85.0,7.4,100.0,/dl/web/weather/ic-w-10-night-clear-sky-full.svg,Cần Thơ,0.9495690308688495,0,-0.40014460002836255,0
2025-02-02 02:00:00+07:00,84.0,5.5,100.0,/dl/web/weather/ic-w-10-night-clear-sky-full.svg,Cần Thơ,0.9079437010281202,0,-0.6788488104649723,0
2025-02-02 03:00:00+07:00,84.0,3.7,100.0,/dl/web/weather/ic-w-10-night-clear-sky-full.svg,Cần Thơ,0.9079437010281202,0,-0.9428843782470234,0
2025-02-02 04:00:00+07:00,84.0,3.7,100.0,/dl/web/weather/ic-w-10-night-clear-sky-full.svg,Cần Thơ,0.9079437010281202,0,-0.9428843782470234,0
2025-02-02 05:00:00+07:00,83.0,1.8,100.0,/dl/web/weather/ic-w-04-scattered-clouds-full.svg,Cần Thơ,0.8663183711873907,0,-1.2215885886836328,0
2025-02-02 06:00:00+07:00,83.0,3.7,94.0,/dl/web/weather/ic-w-04-scattered-clouds-full.svg,Cần Thơ,0.8663183711873907,0,-0.9428843782470234,0
2025-02-02 07:00:00+07:00,83.0,9.2,100.0,/dl/web/weather/ic-w-02-new-clouds-full.svg,Cần Thơ,0.8663183711873907,0,-0.1361090322463115,0
2025-02-02 08:00:00+07:00,88.0,7.4,100.0,/dl/web/weather/ic-w-04-scattered-clouds-full.svg,Cần Thơ,1.0744450203910374,0,-0.40014460002836255,0
2025-02-02 09:00:00+07:00,88.0,9.2,83.0,/dl/web/weather/ic-w-01-clear-sky-full.svg,Cần Thơ,1.0744450203910374,0,-0.1361090322463115,0
2025-02-02 10:00:00+07:00,88.0,9.2,83.0,/dl/web/weather/ic-w-01-clear-sky-full.svg,Cần Thơ,1.0744450203910374,0,-0.1361090322463115,0
2025-02-02 11:00:00+07:00,79.0,5.5,78.0,/dl/web/weather/ic-w-01-clear-sky-full.svg,Cần Thơ,0.6998170518244735,0,-0.6788488104649723,0
2025-02-02 12:00:00+07:00,79.0,5.5,74.0,/dl/web/weather/ic-w-02-new-clouds-full.svg,Cần Thơ,0.6998170518244735,0,-0.6788488104649723,0
2025-02-02 13:00:00+07:00,79.0,5.5,70.0,/dl/web/weather/ic-w-02-new-clouds-full.svg,Cần Thơ,0.6998170518244735,0,-0.6788488104649723,0
2025-02-02 14:00:00+07:00,72.0,3.7,66.0,/dl/web/weather/ic-w-02-new-clouds-full.svg,Cần Thơ,0.40843974293936813,0,-0.9428843782470234,0
2025-02-02 15:00:00+07:00,72.0,3.7,62.0,/dl/web/weather/ic-w-02-new-clouds-full.svg,Cần Thơ,0.40843974293936813,0,-0.9428843782470234,0
2025-02-02 16:00:00+07:00,72.0,5.5,62.0,/dl/web/weather/ic-w-02-new-clouds-full.svg,Cần Thơ,0.40843974293936813,0,-0.6788488104649723,0
2025-02-02 17:00:00+07:00,75.0,1.8,62.0,/dl/web/weather/ic-w-02-new-clouds-full.svg,Cần Thơ,0.5333157324615562,0,-1.2215885886836328,0
2025-02-02 18:00:00+07:00,75.0,1.8,62.0,/dl/web/weather/ic-w-02-new-clouds-full.svg,Cần Thơ,0.5333157324615562,0,-1.2215885886836328,0
2025-02-02 19:00:00+07:00,75.0,7.4,74.0,/dl/web/weather/ic-w-11-night-few-clouds-full.svg,Cần Thơ,0.5333157324615562,0,-0.40014460002836255,0
2025-02-02 20:00:00+07:00,86.0,7.4,83.0,/dl/web/weather/ic-w-04-scattered-clouds-full.svg,Cần Thơ,0.9911943607095788,0,-0.40014460002836255,0
2025-02-02 21:00:00+07:00,86.0,3.7,89.0,/dl/web/weather/ic-w-04-scattered-clouds-full.svg,Cần Thơ,0.9911943607095788,0,-0.9428843782470234,0
2025-02-02 22:00:00+07:00,86.0,9.2,83.0,/dl/web/weather/ic-w-04-scattered-clouds-full.svg,Cần Thơ,0.9911943607095788,0,-0.1361090322463115,0
2025-02-02 23:00:00+07:00,76.0,3.7,94.0,/dl/web/weather/ic-w-04-scattered-clouds-full.svg,Cần Thơ,0.5749410623022855,0,-0.9428843782470234,0
2025-02-03 00:00:00+07:00,76.0,5.5,88.0,/dl/web/weather/ic-w-04-scattered-clouds-full.svg,Cần Thơ,0.5749410623022855,0,-0.6788488104649723,0
2025-02-03 01:00:00+07:00,76.0,3.7,94.0,/dl/web/weather/ic-w-04-scattered-clouds-full.svg,Cần Thơ,0.5749410623022855,0,-0.9428843782470234,0
2025-02-03 02:00:00+07:00,68.0,3.7,100.0,/dl/web/weather/ic-w-04-scattered-clouds-full.svg,Cần Thơ,0.24193842357645082,0,-0.9428843782470234,0
2025-02-03 03:00:00+07:00,68.0,3.7,100.0,/dl/web/weather/ic-w-10-night-clear-sky-full.svg,Cần Thơ,0.24193842357645082,0,-0.9428843782470234,0
2025-02-03 04:00:00+07:00,68.0,1.8,100.0,/dl/web/weather/ic-w-10-night-clear-sky-full.svg,Cần Thơ,0.24193842357645082,0,-1.2215885886836328,0
2025-02-03 05:00:00+07:00,69.0,3.7,100.0,/dl/web/weather/ic-w-10-night-clear-sky-full.svg,Cần Thơ,0.28356375341718015,0,-0.9428843782470234,0
2025-02-03 06:00:00+07:00,69.0,3.7,100.0,/dl/web/weather/ic-w-10-night-clear-sky-full.svg,Cần Thơ,0.28356375341718015,0,-0.9428843782470234,0
2025-02-03 07:00:00+07:00,69.0,5.5,100.0,/dl/web/weather/ic-w-04-scattered-clouds-full.svg,Cần Thơ,0.28356375341718015,0,-0.6788488104649723,0
2025-02-03 08:00:00+07:00,76.0,5.5,94.0,/dl/web/weather/ic-w-02-new-clouds-full.svg,Cần Thơ,0.5749410623022855,0,-0.6788488104649723,0
2025-02-03 09:00:00+07:00,76.0,16.7,94.0,/dl/web/weather/ic-w-04-scattered-clouds-full.svg,Cần Thơ,0.5749410623022855,0,0.9640391668455686,0
2025-02-03 10:00:00+07:00,76.0,16.7,94.0,/dl/web/weather/ic-w-04-scattered-clouds-full.svg,Cần Thơ,0.5749410623022855,0,0.9640391668455686,0
2025-02-03 11:00:00+07:00,76.0,14.8,83.0,/dl/web/weather/ic-w-04-scattered-clouds-full.svg,Cần Thơ,0.5749410623022855,0,0.6853349564089591,0
2025-02-03 12:00:00+07:00,76.0,11.1,78.0,/dl/web/weather/ic-w-04-scattered-clouds-full.svg,Cần Thơ,0.5749410623022855,0,0.14259517819029818,0
2025-02-03 13:00:00+07:00,76.0,14.8,70.0,/dl/web/weather/ic-w-04-scattered-clouds-full.svg,Cần Thơ,0.5749410623022855,0,0.6853349564089591,0
2025-02-03 14:00:00+07:00,71.0,16.7,66.0,/dl/web/weather/ic-w-04-scattered-clouds-full.svg,Cần Thơ,0.3668144130986388,0,0.9640391668455686,0
2025-02-03 15:00:00+07:00,71.0,13.0,66.0,/dl/web/weather/ic-w-04-scattered-clouds-full.svg,Cần Thơ,0.3668144130986388,0,0.42129938862690786,0
2025-02-03 16:00:00+07:00,71.0,13.0,66.0,/dl/web/weather/ic-w-04-scattered-clouds-full.svg,Cần Thơ,0.3668144130986388,0,0.42129938862690786,0
2025-02-03 17:00:00+07:00,69.0,14.8,66.0,/dl/web/weather/ic-w-04-scattered-clouds-full.svg,Cần Thơ,0.28356375341718015,0,0.6853349564089591,0
2025-02-03 18:00:00+07:00,69.0,18.5,66.0,/dl/web/weather/ic-w-02-new-clouds-full.svg,Cần Thơ,0.28356375341718015,0,1.22807473462762,0
2025-02-03 19:00:00+07:00,69.0,14.8,70.0,/dl/web/weather/ic-w-11-night-few-clouds-full.svg,Cần Thơ,0.28356375341718015,0,0.6853349564089591,0
2025-02-03 21:00:00+07:00,66.0,7.4,74.0,/dl/web/weather/ic-w-10-night-clear-sky-full.svg,Cần Thơ,0.15868776389499217,0,-0.40014460002836255,0
2025-02-03 22:00:00+07:00,66.0,9.2,78.0,/dl/web/weather/ic-w-11-night-few-clouds-full.svg,Cần Thơ,0.15868776389499217,0,-0.1361090322463115,0
2025-02-03 23:00:00+07:00,63.0,7.4,78.0,/dl/web/weather/ic-w-11-night-few-clouds-full.svg,Cần Thơ,0.03381177437280418,0,-0.40014460002836255,0
2025-02-04 00:00:00+07:00,63.0,5.5,83.0,/dl/web/weather/ic-w-11-night-few-clouds-full.svg,Cần Thơ,0.03381177437280418,0,-0.6788488104649723,0
2025-02-04 01:00:00+07:00,63.0,1.8,94.0,/dl/web/weather/ic-w-11-night-few-clouds-full.svg,Cần Thơ,0.03381177437280418,0,-1.2215885886836328,0
2025-02-04 02:00:00+07:00,60.0,1.8,88.0,/dl/web/weather/ic-w-10-night-clear-sky-full.svg,Cần Thơ,-0.09106421514938381,0,-1.2215885886836328,0
2025-02-04 03:00:00+07:00,60.0,5.5,94.0,/dl/web/weather/ic-w-11-night-few-clouds-full.svg,Cần Thơ,-0.09106421514938381,0,-0.6788488104649723,0
2025-02-04 04:00:00+07:00,60.0,3.7,94.0,/dl/web/weather/ic-w-04-scattered-clouds-full.svg,Cần Thơ,-0.09106421514938381,0,-0.9428843782470234,0
2025-02-04 05:00:00+07:00,66.0,1.8,100.0,/dl/web/weather/ic-w-04-scattered-clouds-full.svg,Cần Thơ,0.15868776389499217,0,-1.2215885886836328,0
2025-02-04 06:00:00+07:00,66.0,1.8,100.0,/dl/web/weather/ic-w-04-scattered-clouds-full.svg,Cần Thơ,0.15868776389499217,0,-1.2215885886836328,0
2025-02-04 07:00:00+07:00,66.0,0.0,100.0,/dl/web/weather/ic-w-04-scattered-clouds-full.svg,Cần Thơ,0.15868776389499217,0,-1.4856241564656842,0
2025-02-04 08:00:00+07:00,72.0,1.8,94.0,/dl/web/weather/ic-w-02-new-clouds-full.svg,Cần Thơ,0.40843974293936813,0,-1.2215885886836328,0
2025-02-04 09:00:00+07:00,72.0,3.7,83.0,/dl/web/weather/ic-w-04-scattered-clouds-full.svg,Cần Thơ,0.40843974293936813,0,-0.9428843782470234,0
2025-02-04 10:00:00+07:00,72.0,3.7,83.0,/dl/web/weather/ic-w-04-scattered-clouds-full.svg,Cần Thơ,0.40843974293936813,0,-0.9428843782470234,0
2025-02-04 11:00:00+07:00,69.0,13.0,65.0,/dl/web/weather/ic-w-02-new-clouds-full.svg,Cần Thơ,0.28356375341718015,0,0.42129938862690786,0
2025-02-04 12:00:00+07:00,69.0,9.2,61.0,/dl/web/weather/ic-w-02-new-clouds-full.svg,Cần Thơ,0.28356375341718015,0,-0.1361090322463115,0
2025-02-04 13:00:00+07:00,69.0,5.5,58.0,/dl/web/weather/ic-w-02-new-clouds-full.svg,Cần Thơ,0.28356375341718015,0,-0.6788488104649723,0
2025-02-04 14:00:00+07:00,64.0,7.4,54.0,/dl/web/weather/ic-w-02-new-clouds-full.svg,Cần Thơ,0.07543710421353352,0,-0.40014460002836255,0
2025-02-04 15:00:00+07:00,64.0,5.5,51.0,/dl/web/weather/ic-w-02-new-clouds-full.svg,Cần Thơ,0.07543710421353352,0,-0.6788488104649723,0
2025-02-04 16:00:00+07:00,64.0,5.5,55.0,/dl/web/weather/ic-w-02-new-clouds-full.svg,Cần Thơ,0.07543710421353352,0,-0.6788488104649723,0
2025-02-04 17:00:00+07:00,61.0,5.5,51.0,/dl/web/weather/ic-w-02-new-clouds-full.svg,Cần Thơ,-0.049438885308654486,0,-0.6788488104649723,0
2025-02-04 18:00:00+07:00,61.0,3.7,55.0,/dl/web/weather/ic-w-02-new-clouds-full.svg,Cần Thơ,-0.049438885308654486,0,-0.9428843782470234,0
2025-02-04 19:00:00+07:00,61.0,1.8,65.0,/dl/web/weather/ic-w-11-night-few-clouds-full.svg,Cần Thơ,-0.049438885308654486,0,-1.2215885886836328,0
2025-02-04 20:00:00+07:00,71.0,11.1,83.0,/dl/web/weather/ic-w-04-scattered-clouds-full.svg,Cần Thơ,0.3668144130986388,0,0.14259517819029818,0
2025-02-04 21:00:00+07:00,71.0,11.1,83.0,/dl/web/weather/ic-w-04-scattered-clouds-full.svg,Cần Thơ,0.3668144130986388,0,0.14259517819029818,0
2025-02-04 22:00:00+07:00,71.0,11.1,83.0,/dl/web/weather/ic-w-11-night-few-clouds-full.svg,Cần Thơ,0.3668144130986388,0,0.14259517819029818,0
2025-02-04 23:00:00+07:00,61.0,11.1,83.0,/dl/web/weather/ic-w-11-night-few-clouds-full.svg,Cần Thơ,-0.049438885308654486,0,0.14259517819029818,0
2025-02-05 00:00:00+07:00,61.0,9.2,88.0,/dl/web/weather/ic-w-10-night-clear-sky-full.svg,Cần Thơ,-0.049438885308654486,0,-0.1361090322463115,0
2025-02-05 01:00:00+07:00,61.0,11.1,88.0,/dl/web/weather/ic-w-04-scattered-clouds-full.svg,Cần Thơ,-0.049438885308654486,0,0.14259517819029818,0
2025-02-05 02:00:00+07:00,66.0,11.1,88.0,/dl/web/weather/ic-w-04-scattered-clouds-full.svg,Cần Thơ,0.15868776389499217,0,0.14259517819029818,0
2025-02-05 03:00:00+07:00,66.0,5.5,94.0,/dl/web/weather/ic-w-04-scattered-clouds-full.svg,Cần Thơ,0.15868776389499217,0,-0.6788488104649723,0
2025-02-05 04:00:00+07:00,66.0,3.7,94.0,/dl/web/weather/ic-w-04-scattered-clouds-full.svg,Cần Thơ,0.15868776389499217,0,-0.9428843782470234,0
2025-02-05 05:00:00+07:00,69.0,1.8,94.0,/dl/web/weather/ic-w-04-scattered-clouds-full.svg,Cần Thơ,0.28356375341718015,0,-1.2215885886836328,0
2025-02-05 06:00:00+07:00,69.0,0.0,100.0,/dl/web/weather/ic-w-04-scattered-clouds-full.svg,Cần Thơ,0.28356375341718015,0,-1.4856241564656842,0
2025-02-05 07:00:00+07:00,69.0,1.8,100.0,/dl/web/weather/ic-w-09-mist-full.svg,Cần Thơ,0.28356375341718015,0,-1.2215885886836328,0
2025-02-05 08:00:00+07:00,69.0,1.8,94.0,/dl/web/weather/ic-w-01-clear-sky-full.svg,Cần Thơ,0.28356375341718015,0,-1.2215885886836328,0
2025-02-05 09:00:00+07:00,69.0,9.5,88.0,/dl/web/weather/ic-w-01-clear-sky-full.svg,Cần Thơ,0.28356375341718015,0,-0.09210310428263618,0
2025-02-05 10:00:00+07:00,69.0,9.2,83.0,/dl/web/weather/ic-w-04-scattered-clouds-full.svg,Cần Thơ,0.28356375341718015,0,-0.1361090322463115,0
2025-02-05 11:00:00+07:00,71.0,9.2,83.0,/dl/web/weather/ic-w-04-scattered-clouds-full.svg,Cần Thơ,0.3668144130986388,0,-0.1361090322463115,0
2025-02-05 12:00:00+07:00,71.0,9.2,78.0,/dl/web/weather/ic-w-04-scattered-clouds-full.svg,Cần Thơ,0.3668144130986388,0,-0.1361090322463115,0
2025-02-05 13:00:00+07:00,71.0,5.5,69.0,/dl/web/weather/ic-w-04-scattered-clouds-full.svg,Cần Thơ,0.3668144130986388,0,-0.6788488104649723,0
2025-02-05 14:00:00+07:00,73.0,7.4,65.0,/dl/web/weather/ic-w-04-scattered-clouds-full.svg,Cần Thơ,0.4500650727800975,0,-0.40014460002836255,0
2025-02-05 15:00:00+07:00,73.0,5.5,58.0,/dl/web/weather/ic-w-04-scattered-clouds-full.svg,Cần Thơ,0.4500650727800975,0,-0.6788488104649723,0
2025-02-05 16:00:00+07:00,73.0,3.7,62.0,/dl/web/weather/ic-w-04-scattered-clouds-full.svg,Cần Thơ,0.4500650727800975,0,-0.9428843782470234,0
2025-02-05 17:00:00+07:00,68.0,5.5,51.0,/dl/web/weather/ic-w-02-new-clouds-full.svg,Cần Thơ,0.24193842357645082,0,-0.6788488104649723,0
2025-02-05 18:00:00+07:00,68.0,1.8,51.0,/dl/web/weather/ic-w-02-new-clouds-full.svg,Cần Thơ,0.24193842357645082,0,-1.2215885886836328,0
2025-02-05 19:00:00+07:00,68.0,1.8,58.0,/dl/web/weather/ic-w-10-night-clear-sky-full.svg,Cần Thơ,0.24193842357645082,0,-1.2215885886836328,0
2025-02-05 20:00:00+07:00,74.0,7.4,78.0,/dl/web/weather/ic-w-10-night-clear-sky-full.svg,Cần Thơ,0.4916904026208268,0,-0.40014460002836255,0
2025-02-05 21:00:00+07:00,74.0,7.4,78.0,/dl/web/weather/ic-w-10-night-clear-sky-full.svg,Cần Thơ,0.4916904026208268,0,-0.40014460002836255,0
2025-02-05 22:00:00+07:00,74.0,11.1,83.0,/dl/web/weather/ic-w-10-night-clear-sky-full.svg,Cần Thơ,0.4916904026208268,0,0.14259517819029818,0
2025-02-05 23:00:00+07:00,62.0,3.7,88.0,/dl/web/weather/ic-w-10-night-clear-sky-full.svg,Cần Thơ,-0.007813555467925153,0,-0.9428843782470234,0
2025-02-06 00:00:00+07:00,62.0,5.5,88.0,/dl/web/weather/ic-w-10-night-clear-sky-full.svg,Cần Thơ,-0.007813555467925153,0,-0.6788488104649723,0
2025-02-06 01:00:00+07:00,62.0,9.2,88.0,/dl/web/weather/ic-w-10-night-clear-sky-full.svg,Cần Thơ,-0.007813555467925153,0,-0.1361090322463115,0
2025-02-06 02:00:00+07:00,65.0,7.4,94.0,/dl/web/weather/ic-w-10-night-clear-sky-full.svg,Cần Thơ,0.11706243405426284,0,-0.40014460002836255,0
2025-02-06 03:00:00+07:00,65.0,5.5,94.0,/dl/web/weather/ic-w-10-night-clear-sky-full.svg,Cần Thơ,0.11706243405426284,0,-0.6788488104649723,0
2025-02-06 04:00:00+07:00,65.0,3.7,94.0,/dl/web/weather/ic-w-10-night-clear-sky-full.svg,Cần Thơ,0.11706243405426284,0,-0.9428843782470234,0
2025-02-06 05:00:00+07:00,68.0,1.8,100.0,/dl/web/weather/ic-w-04-scattered-clouds-full.svg,Cần Thơ,0.24193842357645082,0,-1.2215885886836328,0
2025-02-06 06:00:00+07:00,68.0,3.7,100.0,/dl/web/weather/ic-w-04-scattered-clouds-full.svg,Cần Thơ,0.24193842357645082,0,-0.9428843782470234,0
2025-02-06 07:00:00+07:00,68.0,3.7,100.0,/dl/web/weather/ic-w-09-mist-full.svg,Cần Thơ,0.24193842357645082,0,-0.9428843782470234,0
2025-02-06 08:00:00+07:00,75.0,1.8,100.0,/dl/web/weather/ic-w-09-mist-full.svg,Cần Thơ,0.5333157324615562,0,-1.2215885886836328,0
2025-02-06 09:00:00+07:00,75.0,0.0,88.0,/dl/web/weather/ic-w-09-mist-full.svg,Cần Thơ,0.5333157324615562,0,-1.4856241564656842,0
2025-02-06 10:00:00+07:00,75.0,0.0,88.0,/dl/web/weather/ic-w-09-mist-full.svg,Cần Thơ,0.5333157324615562,0,-1.4856241564656842,0
2025-02-06 11:00:00+07:00,84.0,3.7,83.0,/dl/web/weather/ic-w-02-new-clouds-full.svg,Cần Thơ,0.9079437010281202,0,-0.9428843782470234,0
2025-02-06 12:00:00+07:00,84.0,3.7,74.0,/dl/web/weather/ic-w-02-new-clouds-full.svg,Cần Thơ,0.9079437010281202,0,-0.9428843782470234,0
2025-02-06 13:00:00+07:00,84.0,5.5,62.0,/dl/web/weather/ic-w-04-scattered-clouds-full.svg,Cần Thơ,0.9079437010281202,0,-0.6788488104649723,0
2025-02-06 14:00:00+07:00,87.0,5.5,58.0,/dl/web/weather/ic-w-04-scattered-clouds-full.svg,Cần Thơ,1.0328196905503082,0,-0.6788488104649723,0
2025-02-06 15:00:00+07:00,87.0,3.7,58.0,/dl/web/weather/ic-w-04-scattered-clouds-full.svg,Cần Thơ,1.0328196905503082,0,-0.9428843782470234,0
2025-02-06 16:00:00+07:00,87.0,3.7,58.0,/dl/web/weather/ic-w-04-scattered-clouds-full.svg,Cần Thơ,1.0328196905503082,0,-0.9428843782470234,0
2025-02-06 17:00:00+07:00,81.0,3.7,55.0,/dl/web/weather/ic-w-04-scattered-clouds-full.svg,Cần Thơ,0.7830677115059321,0,-0.9428843782470234,0
2025-02-06 18:00:00+07:00,81.0,5.5,45.0,/dl/web/weather/ic-w-04-scattered-clouds-full.svg,Cần Thơ,0.7830677115059321,0,-0.6788488104649723,0
2025-02-06 19:00:00+07:00,81.0,3.7,54.0,/dl/web/weather/ic-w-11-night-few-clouds-full.svg,Cần Thơ,0.7830677115059321,0,-0.9428843782470234,0
2025-02-06 20:00:00+07:00,90.0,13.0,83.0,/dl/web/weather/ic-w-11-night-few-clouds-full.svg,Cần Thơ,1.157695680072496,0,0.42129938862690786,0
2025-02-06 21:00:00+07:00,90.0,13.0,83.0,/dl/web/weather/ic-w-11-night-few-clouds-full.svg,Cần Thơ,1.157695680072496,0,0.42129938862690786,0
2025-02-06 22:00:00+07:00,90.0,9.2,78.0,/dl/web/weather/ic-w-11-night-few-clouds-full.svg,Cần Thơ,1.157695680072496,0,-0.1361090322463115,0
2025-02-06 23:00:00+07:00,79.0,13.0,78.0,/dl/web/weather/ic-w-11-night-few-clouds-full.svg,Cần Thơ,0.6998170518244735,0,0.42129938862690786,0
2025-02-07 00:00:00+07:00,79.0,9.2,88.0,/dl/web/weather/ic-w-11-night-few-clouds-full.svg,Cần Thơ,0.6998170518244735,0,-0.1361090322463115,0
2025-02-07 01:00:00+07:00,79.0,9.2,88.0,/dl/web/weather/ic-w-11-night-few-clouds-full.svg,Cần Thơ,0.6998170518244735,0,-0.1361090322463115,0
2025-02-07 02:00:00+07:00,73.0,13.0,88.0,/dl/web/weather/ic-w-11-night-few-clouds-full.svg,Cần Thơ,0.4500650727800975,0,0.42129938862690786,0
2025-02-07 03:00:00+07:00,73.0,7.4,94.0,/dl/web/weather/ic-w-04-scattered-clouds-full.svg,Cần Thơ,0.4500650727800975,0,-0.40014460002836255,0
2025-02-07 04:00:00+07:00,73.0,3.7,94.0,/dl/web/weather/ic-w-04-scattered-clouds-full.svg,Cần Thơ,0.4500650727800975,0,-0.9428843782470234,0
2025-02-07 05:00:00+07:00,71.0,3.7,100.0,/dl/web/weather/ic-w-04-scattered-clouds-full.svg,Cần Thơ,0.3668144130986388,0,-0.9428843782470234,0
2025-02-07 06:00:00+07:00,71.0,1.8,100.0,/dl/web/weather/ic-w-04-scattered-clouds-full.svg,Cần Thơ,0.3668144130986388,0,-1.2215885886836328,0
2025-02-07 07:00:00+07:00,71.0,3.7,100.0,/dl/web/weather/ic-w-09-mist-full.svg,Cần Thơ,0.3668144130986388,0,-0.9428843782470234,0
2025-02-07 08:00:00+07:00,81.0,3.7,100.0,/dl/web/weather/ic-w-04-scattered-clouds-full.svg,Cần Thơ,0.7830677115059321,0,-0.9428843782470234,0
2025-02-07 09:00:00+07:00,81.0,1.8,100.0,/dl/web/weather/ic-w-04-scattered-clouds-full.svg,Cần Thơ,0.7830677115059321,0,-1.2215885886836328,0
2025-02-07 10:00:00+07:00,81.0,3.7,89.0,/dl/web/weather/ic-w-02-new-clouds-full.svg,Cần Thơ,0.7830677115059321,0,-0.9428843782470234,0
2025-02-07 11:00:00+07:00,82.0,3.7,89.0,/dl/web/weather/ic-w-02-new-clouds-full.svg,Cần Thơ,0.8246930413466614,0,-0.9428843782470234,0
2025-02-07 12:00:00+07:00,82.0,9.2,78.0,/dl/web/weather/ic-w-02-new-clouds-full.svg,Cần Thơ,0.8246930413466614,0,-0.1361090322463115,0
2025-02-07 13:00:00+07:00,82.0,3.7,70.0,/dl/web/weather/ic-w-02-new-clouds-full.svg,Cần Thơ,0.8246930413466614,0,-0.9428843782470234,0
2025-02-07 14:00:00+07:00,77.0,5.5,70.0,/dl/web/weather/ic-w-02-new-clouds-full.svg,Cần Thơ,0.6165663921430148,0,-0.6788488104649723,0
2025-02-07 15:00:00+07:00,77.0,7.4,66.0,/dl/web/weather/ic-w-04-scattered-clouds-full.svg,Cần Thơ,0.6165663921430148,0,-0.40014460002836255,0
2025-02-07 16:00:00+07:00,77.0,1.8,58.0,/dl/web/weather/ic-w-04-scattered-clouds-full.svg,Cần Thơ,0.6165663921430148,0,-1.2215885886836328,0
2025-02-07 17:00:00+07:00,80.0,7.4,62.0,/dl/web/weather/ic-w-04-scattered-clouds-full.svg,Cần Thơ,0.7414423816652028,0,-0.40014460002836255,0
2025-02-07 18:00:00+07:00,80.0,7.4,62.0,/dl/web/weather/ic-w-02-new-clouds-full.svg,Cần Thơ,0.7414423816652028,0,-0.40014460002836255,0
2025-02-07 19:00:00+07:00,80.0,3.7,65.0,/dl/web/weather/ic-w-11-night-few-clouds-full.svg,Cần Thơ,0.7414423816652028,0,-0.9428843782470234,0
2025-02-07 20:00:00+07:00,91.0,1.8,78.0,/dl/web/weather/ic-w-04-scattered-clouds-full.svg,Cần Thơ,1.1993210099132254,0,-1.2215885886836328,0
2025-02-07 21:00:00+07:00,91.0,1.8,78.0,/dl/web/weather/ic-w-04-scattered-clouds-full.svg,Cần Thơ,1.1993210099132254,0,-1.2215885886836328,0
2025-02-07 22:00:00+07:00,91.0,5.5,88.0,/dl/web/weather/ic-w-04-scattered-clouds-full.svg,Cần Thơ,1.1993210099132254,0,-0.6788488104649723,0
2025-02-07 23:00:00+07:00,88.0,3.7,88.0,/dl/web/weather/ic-w-04-scattered-clouds-full.svg,Cần Thơ,1.0744450203910374,0,-0.9428843782470234,0
2025-02-08 00:00:00+07:00,88.0,7.7,84.0,/dl/web/weather/ic-w-04-scattered-clouds-full.svg,Cần Thơ,1.0744450203910374,0,-0.35613867206468736,0
2025-02-08 01:00:00+07:00,88.0,7.7,84.0,/dl/web/weather/ic-w-04-scattered-clouds-full.svg,Cần Thơ,1.0744450203910374,0,-0.35613867206468736,0
2025-02-08 02:00:00+07:00,79.0,0.0,100.0,/dl/web/weather/ic-w-11-night-few-clouds-full.svg,Cần Thơ,0.6998170518244735,0,-1.4856241564656842,0
2025-02-08 03:00:00+07:00,79.0,3.7,100.0,/dl/web/weather/ic-w-04-scattered-clouds-full.svg,Cần Thơ,0.6998170518244735,0,-0.9428843782470234,0
2025-02-08 04:00:00+07:00,79.0,3.7,100.0,/dl/web/weather/ic-w-04-scattered-clouds-full.svg,Cần Thơ,0.6998170518244735,0,-0.9428843782470234,0
2025-02-08 05:00:00+07:00,82.0,3.7,100.0,/dl/web/weather/ic-w-04-scattered-clouds-full.svg,Cần Thơ,0.8246930413466614,0,-0.9428843782470234,0
2025-02-08 06:00:00+07:00,82.0,1.8,100.0,/dl/web/weather/ic-w-04-scattered-clouds-full.svg,Cần Thơ,0.8246930413466614,0,-1.2215885886836328,0
2025-02-08 07:00:00+07:00,82.0,0.0,100.0,/dl/web/weather/ic-w-09-mist-full.svg,Cần Thơ,0.8246930413466614,0,-1.4856241564656842,0
2025-02-08 08:00:00+07:00,89.0,1.8,100.0,/dl/web/weather/ic-w-09-mist-full.svg,Cần Thơ,1.1160703502317668,0,-1.2215885886836328,0
2025-02-08 09:00:00+07:00,89.0,5.5,88.0,/dl/web/weather/ic-w-04-scattered-clouds-full.svg,Cần Thơ,1.1160703502317668,0,-0.6788488104649723,0
2025-02-08 10:00:00+07:00,89.0,5.5,88.0,/dl/web/weather/ic-w-04-scattered-clouds-full.svg,Cần Thơ,1.1160703502317668,0,-0.6788488104649723,0
2025-02-08 11:00:00+07:00,79.0,3.7,83.0,/dl/web/weather/ic-w-04-scattered-clouds-full.svg,Cần Thơ,0.6998170518244735,0,-0.9428843782470234,0
2025-02-08 12:00:00+07:00,79.0,5.5,74.0,/dl/web/weather/ic-w-04-scattered-clouds-full.svg,Cần Thơ,0.6998170518244735,0,-0.6788488104649723,0
2025-02-08 13:00:00+07:00,79.0,5.5,65.0,/dl/web/weather/ic-w-02-new-clouds-full.svg,Cần Thơ,0.6998170518244735,0,-0.6788488104649723,0
2025-02-08 14:00:00+07:00,73.0,9.2,58.0,/dl/web/weather/ic-w-02-new-clouds-full.svg,Cần Thơ,0.4500650727800975,0,-0.1361090322463115,0
2025-02-08 15:00:00+07:00,73.0,5.5,55.0,/dl/web/weather/ic-w-02-new-clouds-full.svg,Cần Thơ,0.4500650727800975,0,-0.6788488104649723,0
2025-02-08 16:00:00+07:00,73.0,3.7,54.0,/dl/web/weather/ic-w-02-new-clouds-full.svg,Cần Thơ,0.4500650727800975,0,-0.9428843782470234,0
2025-02-08 17:00:00+07:00,70.0,3.7,55.0,/dl/web/weather/ic-w-02-new-clouds-full.svg,Cần Thơ,0.3251890832579095,0,-0.9428843782470234,0
2025-02-08 18:00:00+07:00,70.0,1.8,48.0,/dl/web/weather/ic-w-02-new-clouds-full.svg,Cần Thơ,0.3251890832579095,0,-1.2215885886836328,0
2025-02-08 19:00:00+07:00,70.0,11.1,69.0,/dl/web/weather/ic-w-04-scattered-clouds-full.svg,Cần Thơ,0.3251890832579095,0,0.14259517819029818,0
2025-02-08 20:00:00+07:00,79.0,7.4,83.0,/dl/web/weather/ic-w-04-scattered-clouds-full.svg,Cần Thơ,0.6998170518244735,0,-0.40014460002836255,0
2025-02-08 21:00:00+07:00,79.0,7.4,83.0,/dl/web/weather/ic-w-04-scattered-clouds-full.svg,Cần Thơ,0.6998170518244735,0,-0.40014460002836255,0
2025-02-08 22:00:00+07:00,79.0,5.5,88.0,/dl/web/weather/ic-w-04-scattered-clouds-full.svg,Cần Thơ,0.6998170518244735,0,-0.6788488104649723,0
2025-02-08 23:00:00+07:00,80.0,11.1,94.0,/dl/web/weather/ic-w-04-scattered-clouds-full.svg,Cần Thơ,0.7414423816652028,0,0.14259517819029818,0
2025-02-09 00:00:00+07:00,80.0,0.0,94.0,/dl/web/weather/ic-w-04-scattered-clouds-full.svg,Cần Thơ,0.7414423816652028,0,-1.4856241564656842,0
2025-02-09 01:00:00+07:00,80.0,7.4,100.0,/dl/web/weather/ic-w-04-scattered-clouds-full.svg,Cần Thơ,0.7414423816652028,0,-0.40014460002836255,0
2025-02-09 02:00:00+07:00,77.0,7.4,100.0,/dl/web/weather/ic-w-04-scattered-clouds-full.svg,Cần Thơ,0.6165663921430148,0,-0.40014460002836255,0
2025-02-09 03:00:00+07:00,77.0,1.8,100.0,/dl/web/weather/ic-w-04-scattered-clouds-full.svg,Cần Thơ,0.6165663921430148,0,-1.2215885886836328,0
2025-02-09 04:00:00+07:00,77.0,0.0,100.0,/dl/web/weather/ic-w-04-scattered-clouds-full.svg,Cần Thơ,0.6165663921430148,0,-1.4856241564656842,0
2025-02-09 05:00:00+07:00,74.0,1.8,100.0,/dl/web/weather/ic-w-09-mist-full.svg,Cần Thơ,0.4916904026208268,0,-1.2215885886836328,0
2025-02-09 06:00:00+07:00,74.0,7.4,94.0,/dl/web/weather/ic-w-09-mist-full.svg,Cần Thơ,0.4916904026208268,0,-0.40014460002836255,0
2025-02-09 07:00:00+07:00,74.0,9.2,83.0,/dl/web/weather/ic-w-04-scattered-clouds-full.svg,Cần Thơ,0.4916904026208268,0,-0.1361090322463115,0
2025-02-09 08:00:00+07:00,71.0,11.1,78.0,/dl/web/weather/ic-w-01-clear-sky-full.svg,Cần Thơ,0.3668144130986388,0,0.14259517819029818,0
2025-02-09 09:00:00+07:00,71.0,13.0,73.0,/dl/web/weather/ic-w-01-clear-sky-full.svg,Cần Thơ,0.3668144130986388,0,0.42129938862690786,0
2025-02-09 10:00:00+07:00,71.0,13.0,69.0,/dl/web/weather/ic-w-01-clear-sky-full.svg,Cần Thơ,0.3668144130986388,0,0.42129938862690786,0
2025-02-09 11:00:00+07:00,66.0,13.0,69.0,/dl/web/weather/ic-w-01-clear-sky-full.svg,Cần Thơ,0.15868776389499217,0,0.42129938862690786,0
2025-02-09 12:00:00+07:00,66.0,11.1,61.0,/dl/web/weather/ic-w-01-clear-sky-full.svg,Cần Thơ,0.15868776389499217,0,0.14259517819029818,0
2025-02-09 13:00:00+07:00,66.0,9.2,61.0,/dl/web/weather/ic-w-01-clear-sky-full.svg,Cần Thơ,0.15868776389499217,0,-0.1361090322463115,0
2025-02-09 14:00:00+07:00,66.0,9.2,54.0,/dl/web/weather/ic-w-01-clear-sky-full.svg,Cần Thơ,0.15868776389499217,0,-0.1361090322463115,0
2025-02-09 15:00:00+07:00,66.0,7.4,58.0,/dl/web/weather/ic-w-01-clear-sky-full.svg,Cần Thơ,0.15868776389499217,0,-0.40014460002836255,0
2025-02-09 16:00:00+07:00,66.0,5.5,58.0,/dl/web/weather/ic-w-02-new-clouds-full.svg,Cần Thơ,0.15868776389499217,0,-0.6788488104649723,0
2025-02-09 17:00:00+07:00,64.0,9.2,61.0,/dl/web/weather/ic-w-02-new-clouds-full.svg,Cần Thơ,0.07543710421353352,0,-0.1361090322463115,0
2025-02-09 18:00:00+07:00,64.0,3.7,61.0,/dl/web/weather/ic-w-04-scattered-clouds-full.svg,Cần Thơ,0.07543710421353352,0,-0.9428843782470234,0
2025-02-09 19:00:00+07:00,64.0,3.7,65.0,/dl/web/weather/ic-w-11-night-few-clouds-full.svg,Cần Thơ,0.07543710421353352,0,-0.9428843782470234,0
2025-02-09 20:00:00+07:00,79.0,0.0,78.0,/dl/web/weather/ic-w-11-night-few-clouds-full.svg,Cần Thơ,0.6998170518244735,0,-1.4856241564656842,0
2025-02-09 21:00:00+07:00,79.0,3.7,78.0,/dl/web/weather/ic-w-11-night-few-clouds-full.svg,Cần Thơ,0.6998170518244735,0,-0.9428843782470234,0
2025-02-09 22:00:00+07:00,79.0,9.2,88.0,/dl/web/weather/ic-w-11-night-few-clouds-full.svg,Cần Thơ,0.6998170518244735,0,-0.1361090322463115,0
2025-02-09 23:00:00+07:00,87.0,7.4,88.0,/dl/web/weather/ic-w-11-night-few-clouds-full.svg,Cần Thơ,1.0328196905503082,0,-0.40014460002836255,0
2025-02-10 00:00:00+07:00,87.0,5.5,94.0,/dl/web/weather/ic-w-11-night-few-clouds-full.svg,Cần Thơ,1.0328196905503082,0,-0.6788488104649723,0
2025-02-10 01:00:00+07:00,87.0,3.7,100.0,/dl/web/weather/ic-w-11-night-few-clouds-full.svg,Cần Thơ,1.0328196905503082,0,-0.9428843782470234,0
2025-02-10 02:00:00+07:00,81.0,5.5,100.0,/dl/web/weather/ic-w-11-night-few-clouds-full.svg,Cần Thơ,0.7830677115059321,0,-0.6788488104649723,0
2025-02-10 03:00:00+07:00,81.0,13.0,94.0,/dl/web/weather/ic-w-11-night-few-clouds-full.svg,Cần Thơ,0.7830677115059321,0,0.42129938862690786,0
2025-02-10 04:00:00+07:00,81.0,3.7,100.0,/dl/web/weather/ic-w-11-night-few-clouds-full.svg,Cần Thơ,0.7830677115059321,0,-0.9428843782470234,0
2025-02-10 05:00:00+07:00,81.0,5.5,100.0,/dl/web/weather/ic-w-11-night-few-clouds-full.svg,Cần Thơ,0.7830677115059321,0,-0.6788488104649723,0
2025-02-10 06:00:00+07:00,81.0,1.8,94.0,/dl/web/weather/ic-w-11-night-few-clouds-full.svg,Cần Thơ,0.7830677115059321,0,-1.2215885886836328,0
2025-02-10 07:00:00+07:00,81.0,3.7,94.0,/dl/web/weather/ic-w-02-new-clouds-full.svg,Cần Thơ,0.7830677115059321,0,-0.9428843782470234,0
2025-02-10 08:00:00+07:00,77.0,7.4,83.0,/dl/web/weather/ic-w-04-scattered-clouds-full.svg,Cần Thơ,0.6165663921430148,0,-0.40014460002836255,0
2025-02-10 09:00:00+07:00,77.0,7.4,73.0,/dl/web/weather/ic-w-04-scattered-clouds-full.svg,Cần Thơ,0.6165663921430148,0,-0.40014460002836255,0
2025-02-10 11:00:00+07:00,70.0,5.5,73.0,/dl/web/weather/ic-w-04-scattered-clouds-full.svg,Cần Thơ,0.3251890832579095,0,-0.6788488104649723,0
2025-02-10 12:00:00+07:00,70.0,3.7,65.0,/dl/web/weather/ic-w-02-new-clouds-full.svg,Cần Thơ,0.3251890832579095,0,-0.9428843782470234,0
2025-02-10 13:00:00+07:00,70.0,7.4,69.0,/dl/web/weather/ic-w-02-new-clouds-full.svg,Cần Thơ,0.3251890832579095,0,-0.40014460002836255,0
2025-02-10 14:00:00+07:00,67.0,7.4,70.0,/dl/web/weather/ic-w-01-clear-sky-full.svg,Cần Thơ,0.2003130937357215,0,-0.40014460002836255,0
2025-02-10 15:00:00+07:00,67.0,3.7,61.0,/dl/web/weather/ic-w-02-new-clouds-full.svg,Cần Thơ,0.2003130937357215,0,-0.9428843782470234,0
2025-02-10 16:00:00+07:00,67.0,5.5,62.0,/dl/web/weather/ic-w-02-new-clouds-full.svg,Cần Thơ,0.2003130937357215,0,-0.6788488104649723,0
2025-02-10 17:00:00+07:00,65.0,9.2,58.0,/dl/web/weather/ic-w-02-new-clouds-full.svg,Cần Thơ,0.11706243405426284,0,-0.1361090322463115,0
2025-02-10 18:00:00+07:00,65.0,3.7,58.0,/dl/web/weather/ic-w-02-new-clouds-full.svg,Cần Thơ,0.11706243405426284,0,-0.9428843782470234,0
2025-02-10 19:00:00+07:00,65.0,3.7,65.0,/dl/web/weather/ic-w-04-scattered-clouds-full.svg,Cần Thơ,0.11706243405426284,0,-0.9428843782470234,0
2025-02-10 20:00:00+07:00,78.0,1.8,78.0,/dl/web/weather/ic-w-04-scattered-clouds-full.svg,Cần Thơ,0.6581917219837441,0,-1.2215885886836328,0
2025-02-10 21:00:00+07:00,78.0,1.8,78.0,/dl/web/weather/ic-w-04-scattered-clouds-full.svg,Cần Thơ,0.6581917219837441,0,-1.2215885886836328,0
2025-02-10 22:00:00+07:00,78.0,1.8,88.0,/dl/web/weather/ic-w-04-scattered-clouds-full.svg,Cần Thơ,0.6581917219837441,0,-1.2215885886836328,0
2025-02-10 23:00:00+07:00,87.0,1.8,88.0,/dl/web/weather/ic-w-04-scattered-clouds-full.svg,Cần Thơ,1.0328196905503082,0,-1.2215885886836328,0
2025-02-11 00:00:00+07:00,87.0,1.8,88.0,/dl/web/weather/ic-w-04-scattered-clouds-full.svg,Cần Thơ,1.0328196905503082,0,-1.2215885886836328,0
2025-02-11 01:00:00+07:00,87.0,3.7,88.0,/dl/web/weather/ic-w-04-scattered-clouds-full.svg,Cần Thơ,1.0328196905503082,0,-0.9428843782470234,0
2025-02-11 02:00:00+07:00,78.0,3.7,94.0,/dl/web/weather/ic-w-04-scattered-clouds-full.svg,Cần Thơ,0.6581917219837441,0,-0.9428843782470234,0
2025-02-11 03:00:00+07:00,78.0,3.7,100.0,/dl/web/weather/ic-w-04-scattered-clouds-full.svg,Cần Thơ,0.6581917219837441,0,-0.9428843782470234,0
2025-02-11 04:00:00+07:00,78.0,3.7,100.0,/dl/web/weather/ic-w-11-night-few-clouds-full.svg,Cần Thơ,0.6581917219837441,0,-0.9428843782470234,0
2025-02-11 05:00:00+07:00,83.0,3.7,100.0,/dl/web/weather/ic-w-11-night-few-clouds-full.svg,Cần Thơ,0.8663183711873907,0,-0.9428843782470234,0
2025-02-11 06:00:00+07:00,83.0,7.4,100.0,/dl/web/weather/ic-w-11-night-few-clouds-full.svg,Cần Thơ,0.8663183711873907,0,-0.40014460002836255,0
2025-02-11 07:00:00+07:00,83.0,5.5,100.0,/dl/web/weather/ic-w-09-mist-full.svg,Cần Thơ,0.8663183711873907,0,-0.6788488104649723,0
2025-02-11 08:00:00+07:00,85.0,3.7,100.0,/dl/web/weather/ic-w-04-scattered-clouds-full.svg,Cần Thơ,0.9495690308688495,0,-0.9428843782470234,0
2025-02-11 09:00:00+07:00,85.0,7.4,88.0,/dl/web/weather/ic-w-04-scattered-clouds-full.svg,Cần Thơ,0.9495690308688495,0,-0.40014460002836255,0
2025-02-11 10:00:00+07:00,85.0,1.8,83.0,/dl/web/weather/ic-w-04-scattered-clouds-full.svg,Cần Thơ,0.9495690308688495,0,-1.2215885886836328,0
2025-02-11 11:00:00+07:00,75.0,1.8,83.0,/dl/web/weather/ic-w-04-scattered-clouds-full.svg,Cần Thơ,0.5333157324615562,0,-1.2215885886836328,0
2025-02-11 12:00:00+07:00,75.0,5.5,74.0,/dl/web/weather/ic-w-02-new-clouds-full.svg,Cần Thơ,0.5333157324615562,0,-0.6788488104649723,0
2025-02-11 13:00:00+07:00,75.0,3.7,70.0,/dl/web/weather/ic-w-02-new-clouds-full.svg,Cần Thơ,0.5333157324615562,0,-0.9428843782470234,0
2025-02-11 14:00:00+07:00,72.0,3.7,70.0,/dl/web/weather/ic-w-04-scattered-clouds-full.svg,Cần Thơ,0.40843974293936813,0,-0.9428843782470234,0
2025-02-11 15:00:00+07:00,72.0,5.5,62.0,/dl/web/weather/ic-w-04-scattered-clouds-full.svg,Cần Thơ,0.40843974293936813,0,-0.6788488104649723,0
2025-02-11 16:00:00+07:00,72.0,7.4,62.0,/dl/web/weather/ic-w-04-scattered-clouds-full.svg,Cần Thơ,0.40843974293936813,0,-0.40014460002836255,0
2025-02-11 17:00:00+07:00,68.0,5.5,74.0,/dl/web/weather/ic-w-04-scattered-clouds-full.svg,Cần Thơ,0.24193842357645082,0,-0.6788488104649723,0
2025-02-11 18:00:00+07:00,68.0,9.2,66.0,/dl/web/weather/ic-w-04-scattered-clouds-full.svg,Cần Thơ,0.24193842357645082,0,-0.1361090322463115,0
2025-02-11 19:00:00+07:00,68.0,9.2,78.0,/dl/web/weather/ic-w-02-new-clouds-full.svg,Cần Thơ,0.24193842357645082,0,-0.1361090322463115,0
2025-02-11 20:00:00+07:00,88.0,5.5,100.0,/dl/web/weather/ic-w-11-night-few-clouds-full.svg,Cần Thơ,1.0744450203910374,0,-0.6788488104649723,0
2025-02-11 21:00:00+07:00,88.0,5.5,100.0,/dl/web/weather/ic-w-11-night-few-clouds-full.svg,Cần Thơ,1.0744450203910374,0,-0.6788488104649723,0
2025-02-11 22:00:00+07:00,88.0,5.5,94.0,/dl/web/weather/ic-w-11-night-few-clouds-full.svg,Cần Thơ,1.0744450203910374,0,-0.6788488104649723,0
2025-02-11 23:00:00+07:00,81.0,7.4,94.0,/dl/web/weather/ic-w-04-scattered-clouds-full.svg,Cần Thơ,0.7830677115059321,0,-0.40014460002836255,0
2025-02-12 00:00:00+07:00,81.0,7.4,94.0,/dl/web/weather/ic-w-04-scattered-clouds-full.svg,Cần Thơ,0.7830677115059321,0,-0.40014460002836255,0
2025-02-12 02:00:00+07:00,82.0,3.7,100.0,/dl/web/weather/ic-w-04-scattered-clouds-full.svg,Cần Thơ,0.8246930413466614,0,-0.9428843782470234,0
2025-02-12 03:00:00+07:00,82.0,5.5,100.0,/dl/web/weather/ic-w-04-scattered-clouds-full.svg,Cần Thơ,0.8246930413466614,0,-0.6788488104649723,0
2025-02-12 04:00:00+07:00,82.0,5.5,100.0,/dl/web/weather/ic-w-04-scattered-clouds-full.svg,Cần Thơ,0.8246930413466614,0,-0.6788488104649723,0
2025-02-12 05:00:00+07:00,82.0,1.8,100.0,/dl/web/weather/ic-w-04-scattered-clouds-full.svg,Cần Thơ,0.8246930413466614,0,-1.2215885886836328,0
2025-02-12 06:00:00+07:00,82.0,1.8,100.0,/dl/web/weather/ic-w-04-scattered-clouds-full.svg,Cần Thơ,0.8246930413466614,0,-1.2215885886836328,0
2025-02-12 07:00:00+07:00,82.0,5.5,100.0,/dl/web/weather/ic-w-04-scattered-clouds-full.svg,Cần Thơ,0.8246930413466614,0,-0.6788488104649723,0
2025-02-12 08:00:00+07:00,90.0,3.7,100.0,/dl/web/weather/ic-w-04-scattered-clouds-full.svg,Cần Thơ,1.157695680072496,0,-0.9428843782470234,0
2025-02-12 09:00:00+07:00,90.0,5.5,94.0,/dl/web/weather/ic-w-04-scattered-clouds-full.svg,Cần Thơ,1.157695680072496,0,-0.6788488104649723,0
2025-02-12 10:00:00+07:00,90.0,5.5,94.0,/dl/web/weather/ic-w-04-scattered-clouds-full.svg,Cần Thơ,1.157695680072496,0,-0.6788488104649723,0
2025-02-12 11:00:00+07:00,77.0,9.2,94.0,/dl/web/weather/ic-w-04-scattered-clouds-full.svg,Cần Thơ,0.6165663921430148,0,-0.1361090322463115,0
2025-02-12 12:00:00+07:00,77.0,5.5,84.0,/dl/web/weather/ic-w-04-scattered-clouds-full.svg,Cần Thơ,0.6165663921430148,0,-0.6788488104649723,0
2025-02-12 13:00:00+07:00,77.0,7.4,79.0,/dl/web/weather/ic-w-04-scattered-clouds-full.svg,Cần Thơ,0.6165663921430148,0,-0.40014460002836255,0
2025-02-12 14:00:00+07:00,72.0,9.2,70.0,/dl/web/weather/ic-w-04-scattered-clouds-full.svg,Cần Thơ,0.40843974293936813,0,-0.1361090322463115,0
2025-02-12 15:00:00+07:00,72.0,9.2,70.0,/dl/web/weather/ic-w-04-scattered-clouds-full.svg,Cần Thơ,0.40843974293936813,0,-0.1361090322463115,0
2025-02-12 16:00:00+07:00,72.0,5.5,74.0,/dl/web/weather/ic-w-04-scattered-clouds-full.svg,Cần Thơ,0.40843974293936813,0,-0.6788488104649723,0
2025-02-12 17:00:00+07:00,71.0,9.2,79.0,/dl/web/weather/ic-w-04-scattered-clouds-full.svg,Cần Thơ,0.3668144130986388,0,-0.1361090322463115,0
2025-02-12 18:00:00+07:00,71.0,14.8,79.0,/dl/web/weather/ic-w-04-scattered-clouds-full.svg,Cần Thơ,0.3668144130986388,0,0.6853349564089591,0
2025-02-12 19:00:00+07:00,71.0,9.2,79.0,/dl/web/weather/ic-w-06-rain-full.svg,Cần Thơ,0.3668144130986388,0,-0.1361090322463115,0
2025-02-12 20:00:00+07:00,79.0,11.1,94.0,/dl/web/weather/ic-w-04-scattered-clouds-full.svg,Cần Thơ,0.6998170518244735,0,0.14259517819029818,0
2025-02-12 21:00:00+07:00,79.0,11.1,94.0,/dl/web/weather/ic-w-04-scattered-clouds-full.svg,Cần Thơ,0.6998170518244735,0,0.14259517819029818,0
2025-02-12 22:00:00+07:00,79.0,9.2,94.0,/dl/web/weather/ic-w-04-scattered-clouds-full.svg,Cần Thơ,0.6998170518244735,0,-0.1361090322463115,0
2025-02-12 23:00:00+07:00,87.0,11.1,100.0,/dl/web/weather/ic-w-04-scattered-clouds-full.svg,Cần Thơ,1.0328196905503082,0,0.14259517819029818,0
2025-02-13 00:00:00+07:00,87.0,5.5,100.0,/dl/web/weather/ic-w-04-scattered-clouds-full.svg,Cần Thơ,1.0328196905503082,0,-0.6788488104649723,0
2025-02-13 01:00:00+07:00,87.0,5.5,100.0,/dl/web/weather/ic-w-04-scattered-clouds-full.svg,Cần Thơ,1.0328196905503082,0,-0.6788488104649723,0
2025-02-13 02:00:00+07:00,83.0,3.7,100.0,/dl/web/weather/ic-w-04-scattered-clouds-full.svg,Cần Thơ,0.8663183711873907,0,-0.9428843782470234,0
2025-02-13 03:00:00+07:00,83.0,5.5,100.0,/dl/web/weather/ic-w-04-scattered-clouds-full.svg,Cần Thơ,0.8663183711873907,0,-0.6788488104649723,0
2025-02-13 04:00:00+07:00,83.0,5.5,100.0,/dl/web/weather/ic-w-04-scattered-clouds-full.svg,Cần Thơ,0.8663183711873907,0,-0.6788488104649723,0
2025-02-13 05:00:00+07:00,84.0,7.4,100.0,/dl/web/weather/ic-w-04-scattered-clouds-full.svg,Cần Thơ,0.9079437010281202,0,-0.40014460002836255,0
2025-02-13 06:00:00+07:00,84.0,7.4,100.0,/dl/web/weather/ic-w-04-scattered-clouds-full.svg,Cần Thơ,0.9079437010281202,0,-0.40014460002836255,0
2025-02-13 08:00:00+07:00,94.0,9.2,94.0,/dl/web/weather/ic-w-02-new-clouds-full.svg,Cần Thơ,1.3241969994354135,0,-0.1361090322463115,0
2025-02-13 09:00:00+07:00,94.0,9.2,83.0,/dl/web/weather/ic-w-01-clear-sky-full.svg,Cần Thơ,1.3241969994354135,0,-0.1361090322463115,0
2025-02-13 10:00:00+07:00,94.0,9.2,83.0,/dl/web/weather/ic-w-01-clear-sky-full.svg,Cần Thơ,1.3241969994354135,0,-0.1361090322463115,0
2025-02-13 11:00:00+07:00,88.0,7.4,79.0,/dl/web/weather/ic-w-01-clear-sky-full.svg,Cần Thơ,1.0744450203910374,0,-0.40014460002836255,0
2025-02-13 12:00:00+07:00,88.0,1.8,74.0,/dl/web/weather/ic-w-04-scattered-clouds-full.svg,Cần Thơ,1.0744450203910374,0,-1.2215885886836328,0
2025-02-13 13:00:00+07:00,88.0,7.4,74.0,/dl/web/weather/ic-w-04-scattered-clouds-full.svg,Cần Thơ,1.0744450203910374,0,-0.40014460002836255,0
2025-02-13 14:00:00+07:00,88.0,7.4,74.0,/dl/web/weather/ic-w-04-scattered-clouds-full.svg,Cần Thơ,1.0744450203910374,0,-0.40014460002836255,0
2025-02-13 15:00:00+07:00,88.0,7.4,66.0,/dl/web/weather/ic-w-04-scattered-clouds-full.svg,Cần Thơ,1.0744450203910374,0,-0.40014460002836255,0
2025-02-13 16:00:00+07:00,88.0,7.4,70.0,/dl/web/weather/ic-w-04-scattered-clouds-full.svg,Cần Thơ,1.0744450203910374,0,-0.40014460002836255,0
2025-02-13 17:00:00+07:00,89.0,9.2,70.0,/dl/web/weather/ic-w-04-scattered-clouds-full.svg,Cần Thơ,1.1160703502317668,0,-0.1361090322463115,0
2025-02-13 18:00:00+07:00,89.0,9.2,70.0,/dl/web/weather/ic-w-04-scattered-clouds-full.svg,Cần Thơ,1.1160703502317668,0,-0.1361090322463115,0
2025-02-13 19:00:00+07:00,89.0,7.4,74.0,/dl/web/weather/ic-w-02-new-clouds-full.svg,Cần Thơ,1.1160703502317668,0,-0.40014460002836255,0
2025-02-13 20:00:00+07:00,81.0,7.4,89.0,/dl/web/weather/ic-w-04-scattered-clouds-full.svg,Cần Thơ,0.7830677115059321,0,-0.40014460002836255,0
2025-02-13 21:00:00+07:00,81.0,7.4,89.0,/dl/web/weather/ic-w-04-scattered-clouds-full.svg,Cần Thơ,0.7830677115059321,0,-0.40014460002836255,0
2025-02-13 22:00:00+07:00,81.0,11.1,94.0,/dl/web/weather/ic-w-11-night-few-clouds-full.svg,Cần Thơ,0.7830677115059321,0,0.14259517819029818,0
2025-02-13 23:00:00+07:00,86.0,7.4,94.0,/dl/web/weather/ic-w-11-night-few-clouds-full.svg,Cần Thơ,0.9911943607095788,0,-0.40014460002836255,0
2025-02-14 00:00:00+07:00,86.0,7.4,100.0,/dl/web/weather/ic-w-04-scattered-clouds-full.svg,Cần Thơ,0.9911943607095788,0,-0.40014460002836255,0
2025-02-14 01:00:00+07:00,86.0,9.2,94.0,/dl/web/weather/ic-w-04-scattered-clouds-full.svg,Cần Thơ,0.9911943607095788,0,-0.1361090322463115,0
2025-02-14 02:00:00+07:00,86.0,5.5,94.0,/dl/web/weather/ic-w-04-scattered-clouds-full.svg,Cần Thơ,0.9911943607095788,0,-0.6788488104649723,0
2025-02-14 03:00:00+07:00,86.0,5.5,94.0,/dl/web/weather/ic-w-04-scattered-clouds-full.svg,Cần Thơ,0.9911943607095788,0,-0.6788488104649723,0
2025-02-14 04:00:00+07:00,86.0,5.5,94.0,/dl/web/weather/ic-w-11-night-few-clouds-full.svg,Cần Thơ,0.9911943607095788,0,-0.6788488104649723,0
2025-02-14 05:00:00+07:00,85.0,1.8,100.0,/dl/web/weather/ic-w-11-night-few-clouds-full.svg,Cần Thơ,0.9495690308688495,0,-1.2215885886836328,0
2025-02-14 06:00:00+07:00,85.0,3.7,100.0,/dl/web/weather/ic-w-11-night-few-clouds-full.svg,Cần Thơ,0.9495690308688495,0,-0.9428843782470234,0
2025-02-14 07:00:00+07:00,85.0,3.7,100.0,/dl/web/weather/ic-w-04-scattered-clouds-full.svg,Cần Thơ,0.9495690308688495,0,-0.9428843782470234,0
2025-02-14 08:00:00+07:00,88.0,5.5,100.0,/dl/web/weather/ic-w-02-new-clouds-full.svg,Cần Thơ,1.0744450203910374,0,-0.6788488104649723,0
2025-02-14 09:00:00+07:00,88.0,9.2,89.0,/dl/web/weather/ic-w-04-scattered-clouds-full.svg,Cần Thơ,1.0744450203910374,0,-0.1361090322463115,0
2025-02-14 10:00:00+07:00,88.0,3.7,83.0,/dl/web/weather/ic-w-04-scattered-clouds-full.svg,Cần Thơ,1.0744450203910374,0,-0.9428843782470234,0
2025-02-14 11:00:00+07:00,81.0,3.7,83.0,/dl/web/weather/ic-w-04-scattered-clouds-full.svg,Cần Thơ,0.7830677115059321,0,-0.9428843782470234,0
2025-02-14 12:00:00+07:00,81.0,3.7,83.0,/dl/web/weather/ic-w-04-scattered-clouds-full.svg,Cần Thơ,0.7830677115059321,0,-0.9428843782470234,0
2025-02-14 13:00:00+07:00,81.0,7.4,74.0,/dl/web/weather/ic-w-04-scattered-clouds-full.svg,Cần Thơ,0.7830677115059321,0,-0.40014460002836255,0
2025-02-14 14:00:00+07:00,80.0,3.7,70.0,/dl/web/weather/ic-w-04-scattered-clouds-full.svg,Cần Thơ,0.7414423816652028,0,-0.9428843782470234,0
2025-02-14 15:00:00+07:00,80.0,3.7,62.0,/dl/web/weather/ic-w-04-scattered-clouds-full.svg,Cần Thơ,0.7414423816652028,0,-0.9428843782470234,0
2025-02-14 16:00:00+07:00,80.0,1.8,66.0,/dl/web/weather/ic-w-04-scattered-clouds-full.svg,Cần Thơ,0.7414423816652028,0,-1.2215885886836328,0
2025-02-14 17:00:00+07:00,81.0,1.8,66.0,/dl/web/weather/ic-w-04-scattered-clouds-full.svg,Cần Thơ,0.7830677115059321,0,-1.2215885886836328,0
2025-02-14 18:00:00+07:00,81.0,11.1,70.0,/dl/web/weather/ic-w-04-scattered-clouds-full.svg,Cần Thơ,0.7830677115059321,0,0.14259517819029818,0
2025-02-14 19:00:00+07:00,81.0,7.4,74.0,/dl/web/weather/ic-w-04-scattered-clouds-full.svg,Cần Thơ,0.7830677115059321,0,-0.40014460002836255,0
2025-02-14 20:00:00+07:00,87.0,3.7,89.0,/dl/web/weather/ic-w-11-night-few-clouds-full.svg,Cần Thơ,1.0328196905503082,0,-0.9428843782470234,0
2025-02-14 21:00:00+07:00,87.0,3.7,89.0,/dl/web/weather/ic-w-11-night-few-clouds-full.svg,Cần Thơ,1.0328196905503082,0,-0.9428843782470234,0
2025-02-14 22:00:00+07:00,87.0,7.4,94.0,/dl/web/weather/ic-w-04-scattered-clouds-full.svg,Cần Thơ,1.0328196905503082,0,-0.40014460002836255,0
2025-02-14 23:00:00+07:00,89.0,7.4,94.0,/dl/web/weather/ic-w-11-night-few-clouds-full.svg,Cần Thơ,1.1160703502317668,0,-0.40014460002836255,0
2025-02-15 00:00:00+07:00,89.0,5.5,100.0,/dl/web/weather/ic-w-11-night-few-clouds-full.svg,Cần Thơ,1.1160703502317668,0,-0.6788488104649723,0
2025-02-15 01:00:00+07:00,89.0,1.8,100.0,/dl/web/weather/ic-w-11-night-few-clouds-full.svg,Cần Thơ,1.1160703502317668,0,-1.2215885886836328,0
2025-02-15 02:00:00+07:00,89.0,0.0,100.0,/dl/web/weather/ic-w-11-night-few-clouds-full.svg,Cần Thơ,1.1160703502317668,0,-1.4856241564656842,0
2025-02-15 03:00:00+07:00,89.0,1.8,100.0,/dl/web/weather/ic-w-04-scattered-clouds-full.svg,Cần Thơ,1.1160703502317668,0,-1.2215885886836328,0
2025-02-15 04:00:00+07:00,89.0,1.8,100.0,/dl/web/weather/ic-w-04-scattered-clouds-full.svg,Cần Thơ,1.1160703502317668,0,-1.2215885886836328,0
2025-02-15 05:00:00+07:00,86.0,1.8,100.0,/dl/web/weather/ic-w-11-night-few-clouds-full.svg,Cần Thơ,0.9911943607095788,0,-1.2215885886836328,0
2025-02-15 06:00:00+07:00,86.0,3.7,100.0,/dl/web/weather/ic-w-11-night-few-clouds-full.svg,Cần Thơ,0.9911943607095788,0,-0.9428843782470234,0
2025-02-15 07:00:00+07:00,86.0,3.7,100.0,/dl/web/weather/ic-w-09-mist-full.svg,Cần Thơ,0.9911943607095788,0,-0.9428843782470234,0
2025-02-15 08:00:00+07:00,88.0,5.5,100.0,/dl/web/weather/ic-w-09-mist-full.svg,Cần Thơ,1.0744450203910374,0,-0.6788488104649723,0
2025-02-15 09:00:00+07:00,88.0,3.7,89.0,/dl/web/weather/ic-w-01-clear-sky-full.svg,Cần Thơ,1.0744450203910374,0,-0.9428843782470234,0
2025-02-15 10:00:00+07:00,88.0,3.7,89.0,/dl/web/weather/ic-w-01-clear-sky-full.svg,Cần Thơ,1.0744450203910374,0,-0.9428843782470234,0
2025-02-15 11:00:00+07:00,78.0,1.8,84.0,/dl/web/weather/ic-w-02-new-clouds-full.svg,Cần Thơ,0.6581917219837441,0,-1.2215885886836328,0
2025-02-15 12:00:00+07:00,78.0,3.7,84.0,/dl/web/weather/ic-w-04-scattered-clouds-full.svg,Cần Thơ,0.6581917219837441,0,-0.9428843782470234,0
2025-02-15 13:00:00+07:00,78.0,3.7,79.0,/dl/web/weather/ic-w-04-scattered-clouds-full.svg,Cần Thơ,0.6581917219837441,0,-0.9428843782470234,0
2025-02-15 14:00:00+07:00,78.0,5.5,70.0,/dl/web/weather/ic-w-04-scattered-clouds-full.svg,Cần Thơ,0.6581917219837441,0,-0.6788488104649723,0
2025-02-15 15:00:00+07:00,78.0,7.4,70.0,/dl/web/weather/ic-w-04-scattered-clouds-full.svg,Cần Thơ,0.6581917219837441,0,-0.40014460002836255,0
2025-02-15 16:00:00+07:00,78.0,7.4,66.0,/dl/web/weather/ic-w-02-new-clouds-full.svg,Cần Thơ,0.6581917219837441,0,-0.40014460002836255,0
2025-02-15 17:00:00+07:00,82.0,1.8,62.0,/dl/web/weather/ic-w-02-new-clouds-full.svg,Cần Thơ,0.8246930413466614,0,-1.2215885886836328,0
2025-02-15 18:00:00+07:00,82.0,5.5,66.0,/dl/web/weather/ic-w-02-new-clouds-full.svg,Cần Thơ,0.8246930413466614,0,-0.6788488104649723,0
2025-02-15 19:00:00+07:00,82.0,7.4,70.0,/dl/web/weather/ic-w-04-scattered-clouds-full.svg,Cần Thơ,0.8246930413466614,0,-0.40014460002836255,0
2025-02-15 20:00:00+07:00,79.0,20.4,84.0,/dl/web/weather/ic-w-04-scattered-clouds-full.svg,Cần Thơ,0.6998170518244735,0,1.5067789450642293,0
2025-02-15 21:00:00+07:00,79.0,14.8,89.0,/dl/web/weather/ic-w-04-scattered-clouds-full.svg,Cần Thơ,0.6998170518244735,0,0.6853349564089591,0
2025-02-15 22:00:00+07:00,79.0,13.0,89.0,/dl/web/weather/ic-w-04-scattered-clouds-full.svg,Cần Thơ,0.6998170518244735,0,0.42129938862690786,0
2025-02-15 23:00:00+07:00,81.0,9.2,94.0,/dl/web/weather/ic-w-04-scattered-clouds-full.svg,Cần Thơ,0.7830677115059321,0,-0.1361090322463115,0
2025-02-16 00:00:00+07:00,81.0,7.4,94.0,/dl/web/weather/ic-w-04-scattered-clouds-full.svg,Cần Thơ,0.7830677115059321,0,-0.40014460002836255,0
2025-02-16 01:00:00+07:00,81.0,5.5,94.0,/dl/web/weather/ic-w-11-night-few-clouds-full.svg,Cần Thơ,0.7830677115059321,0,-0.6788488104649723,0
2025-02-16 02:00:00+07:00,75.0,5.5,100.0,/dl/web/weather/ic-w-11-night-few-clouds-full.svg,Cần Thơ,0.5333157324615562,0,-0.6788488104649723,0
2025-02-16 03:00:00+07:00,75.0,3.7,100.0,/dl/web/weather/ic-w-11-night-few-clouds-full.svg,Cần Thơ,0.5333157324615562,0,-0.9428843782470234,0
2025-02-16 04:00:00+07:00,75.0,1.8,100.0,/dl/web/weather/ic-w-11-night-few-clouds-full.svg,Cần Thơ,0.5333157324615562,0,-1.2215885886836328,0
2025-02-16 05:00:00+07:00,72.0,3.7,100.0,/dl/web/weather/ic-w-10-night-clear-sky-full.svg,Cần Thơ,0.40843974293936813,0,-0.9428843782470234,0
2025-02-16 06:00:00+07:00,72.0,1.8,100.0,/dl/web/weather/ic-w-10-night-clear-sky-full.svg,Cần Thơ,0.40843974293936813,0,-1.2215885886836328,0
2025-02-16 07:00:00+07:00,72.0,3.7,100.0,/dl/web/weather/ic-w-02-new-clouds-full.svg,Cần Thơ,0.40843974293936813,0,-0.9428843782470234,0
2025-02-16 08:00:00+07:00,66.0,1.8,100.0,/dl/web/weather/ic-w-02-new-clouds-full.svg,Cần Thơ,0.15868776389499217,0,-1.2215885886836328,0
2025-02-16 09:00:00+07:00,66.0,13.0,83.0,/dl/web/weather/ic-w-02-new-clouds-full.svg,Cần Thơ,0.15868776389499217,0,0.42129938862690786,0
2025-02-16 10:00:00+07:00,66.0,20.4,79.0,/dl/web/weather/ic-w-04-scattered-clouds-full.svg,Cần Thơ,0.15868776389499217,0,1.5067789450642293,0
2025-02-16 11:00:00+07:00,62.0,20.4,79.0,/dl/web/weather/ic-w-04-scattered-clouds-full.svg,Cần Thơ,-0.007813555467925153,0,1.5067789450642293,0
2025-02-16 12:00:00+07:00,62.0,18.5,70.0,/dl/web/weather/ic-w-04-scattered-clouds-full.svg,Cần Thơ,-0.007813555467925153,0,1.22807473462762,0
2025-02-16 13:00:00+07:00,62.0,14.8,66.0,/dl/web/weather/ic-w-04-scattered-clouds-full.svg,Cần Thơ,-0.007813555467925153,0,0.6853349564089591,0
2025-02-16 14:00:00+07:00,61.0,16.7,66.0,/dl/web/weather/ic-w-04-scattered-clouds-full.svg,Cần Thơ,-0.049438885308654486,0,0.9640391668455686,0
2025-02-16 15:00:00+07:00,61.0,16.7,58.0,/dl/web/weather/ic-w-04-scattered-clouds-full.svg,Cần Thơ,-0.049438885308654486,0,0.9640391668455686,0
2025-02-16 16:00:00+07:00,61.0,18.5,62.0,/dl/web/weather/ic-w-04-scattered-clouds-full.svg,Cần Thơ,-0.049438885308654486,0,1.22807473462762,0
2025-02-16 17:00:00+07:00,52.0,16.7,66.0,/dl/web/weather/ic-w-04-scattered-clouds-full.svg,Cần Thơ,-0.4240668538752185,0,0.9640391668455686,0
2025-02-16 18:00:00+07:00,52.0,14.8,58.0,/dl/web/weather/ic-w-04-scattered-clouds-full.svg,Cần Thơ,-0.4240668538752185,0,0.6853349564089591,0
2025-02-16 19:00:00+07:00,52.0,16.7,70.0,/dl/web/weather/ic-w-02-new-clouds-full.svg,Cần Thơ,-0.4240668538752185,0,0.9640391668455686,0
2025-02-16 20:00:00+07:00,56.0,13.0,83.0,/dl/web/weather/ic-w-10-night-clear-sky-full.svg,Cần Thơ,-0.25756553451230113,0,0.42129938862690786,0
2025-02-16 21:00:00+07:00,56.0,13.0,83.0,/dl/web/weather/ic-w-10-night-clear-sky-full.svg,Cần Thơ,-0.25756553451230113,0,0.42129938862690786,0
2025-02-16 22:00:00+07:00,56.0,14.8,78.0,/dl/web/weather/ic-w-10-night-clear-sky-full.svg,Cần Thơ,-0.25756553451230113,0,0.6853349564089591,0
2025-02-16 23:00:00+07:00,57.0,11.1,83.0,/dl/web/weather/ic-w-10-night-clear-sky-full.svg,Cần Thơ,-0.2159402046715718,0,0.14259517819029818,0
2025-02-17 00:00:00+07:00,57.0,13.0,83.0,/dl/web/weather/ic-w-12-night-rain-full.svg,Cần Thơ,-0.2159402046715718,0,0.42129938862690786,0
2025-02-17 01:00:00+07:00,57.0,11.1,89.0,/dl/web/weather/ic-w-10-night-clear-sky-full.svg,Cần Thơ,-0.2159402046715718,0,0.14259517819029818,0
2025-02-17 02:00:00+07:00,55.0,7.4,88.0,/dl/web/weather/ic-w-10-night-clear-sky-full.svg,Cần Thơ,-0.29919086435303044,0,-0.40014460002836255,0
2025-02-17 03:00:00+07:00,55.0,7.4,88.0,/dl/web/weather/ic-w-10-night-clear-sky-full.svg,Cần Thơ,-0.29919086435303044,0,-0.40014460002836255,0
2025-02-17 04:00:00+07:00,55.0,13.0,88.0,/dl/web/weather/ic-w-10-night-clear-sky-full.svg,Cần Thơ,-0.29919086435303044,0,0.42129938862690786,0
2025-02-17 05:00:00+07:00,54.0,13.0,88.0,/dl/web/weather/ic-w-10-night-clear-sky-full.svg,Cần Thơ,-0.3408161941937598,0,0.42129938862690786,0
2025-02-17 06:00:00+07:00,54.0,9.2,94.0,/dl/web/weather/ic-w-11-night-few-clouds-full.svg,Cần Thơ,-0.3408161941937598,0,-0.1361090322463115,0
2025-02-17 07:00:00+07:00,54.0,9.2,94.0,/dl/web/weather/ic-w-04-scattered-clouds-full.svg,Cần Thơ,-0.3408161941937598,0,-0.1361090322463115,0
2025-02-17 08:00:00+07:00,58.0,9.2,94.0,/dl/web/weather/ic-w-04-scattered-clouds-full.svg,Cần Thơ,-0.1743148748308425,0,-0.1361090322463115,0
2025-02-17 09:00:00+07:00,58.0,11.1,83.0,/dl/web/weather/ic-w-04-scattered-clouds-full.svg,Cần Thơ,-0.1743148748308425,0,0.14259517819029818,0
2025-02-17 10:00:00+07:00,58.0,11.1,83.0,/dl/web/weather/ic-w-04-scattered-clouds-full.svg,Cần Thơ,-0.1743148748308425,0,0.14259517819029818,0
2025-02-17 11:00:00+07:00,65.0,18.5,70.0,/dl/web/weather/ic-w-04-scattered-clouds-full.svg,Cần Thơ,0.11706243405426284,0,1.22807473462762,0
2025-02-17 12:00:00+07:00,65.0,20.4,62.0,/dl/web/weather/ic-w-01-clear-sky-full.svg,Cần Thơ,0.11706243405426284,0,1.5067789450642293,0
2025-02-17 13:00:00+07:00,65.0,18.5,58.0,/dl/web/weather/ic-w-04-scattered-clouds-full.svg,Cần Thơ,0.11706243405426284,0,1.22807473462762,0
2025-02-17 14:00:00+07:00,64.0,18.5,58.0,/dl/web/weather/ic-w-04-scattered-clouds-full.svg,Cần Thơ,0.07543710421353352,0,1.22807473462762,0
2025-02-17 15:00:00+07:00,64.0,20.4,58.0,/dl/web/weather/ic-w-04-scattered-clouds-full.svg,Cần Thơ,0.07543710421353352,0,1.5067789450642293,0
2025-02-17 16:00:00+07:00,64.0,20.4,58.0,/dl/web/weather/ic-w-04-scattered-clouds-full.svg,Cần Thơ,0.07543710421353352,0,1.5067789450642293,0
2025-02-17 17:00:00+07:00,64.0,16.7,58.0,/dl/web/weather/ic-w-04-scattered-clouds-full.svg,Cần Thơ,0.07543710421353352,0,0.9640391668455686,0
2025-02-17 18:00:00+07:00,64.0,14.8,62.0,/dl/web/weather/ic-w-04-scattered-clouds-full.svg,Cần Thơ,0.07543710421353352,0,0.6853349564089591,0
2025-02-17 19:00:00+07:00,64.0,14.8,62.0,/dl/web/weather/ic-w-02-new-clouds-full.svg,Cần Thơ,0.07543710421353352,0,0.6853349564089591,0
2025-02-17 20:00:00+07:00,66.0,11.1,78.0,/dl/web/weather/ic-w-11-night-few-clouds-full.svg,Cần Thơ,0.15868776389499217,0,0.14259517819029818,0
2025-02-17 21:00:00+07:00,66.0,11.1,78.0,/dl/web/weather/ic-w-11-night-few-clouds-full.svg,Cần Thơ,0.15868776389499217,0,0.14259517819029818,0
2025-02-17 22:00:00+07:00,66.0,3.7,83.0,/dl/web/weather/ic-w-11-night-few-clouds-full.svg,Cần Thơ,0.15868776389499217,0,-0.9428843782470234,0
2025-02-17 23:00:00+07:00,64.0,13.0,83.0,/dl/web/weather/ic-w-11-night-few-clouds-full.svg,Cần Thơ,0.07543710421353352,0,0.42129938862690786,0
2025-02-18 00:00:00+07:00,64.0,5.5,88.0,/dl/web/weather/ic-w-11-night-few-clouds-full.svg,Cần Thơ,0.07543710421353352,0,-0.6788488104649723,0
2025-02-18 01:00:00+07:00,64.0,7.4,94.0,/dl/web/weather/ic-w-11-night-few-clouds-full.svg,Cần Thơ,0.07543710421353352,0,-0.40014460002836255,0
2025-02-18 02:00:00+07:00,62.0,3.7,100.0,/dl/web/weather/ic-w-11-night-few-clouds-full.svg,Cần Thơ,-0.007813555467925153,0,-0.9428843782470234,0
2025-02-18 03:00:00+07:00,62.0,7.4,100.0,/dl/web/weather/ic-w-11-night-few-clouds-full.svg,Cần Thơ,-0.007813555467925153,0,-0.40014460002836255,0
2025-02-18 04:00:00+07:00,62.0,7.4,94.0,/dl/web/weather/ic-w-11-night-few-clouds-full.svg,Cần Thơ,-0.007813555467925153,0,-0.40014460002836255,0
2025-02-18 05:00:00+07:00,60.0,3.7,94.0,/dl/web/weather/ic-w-11-night-few-clouds-full.svg,Cần Thơ,-0.09106421514938381,0,-0.9428843782470234,0
2025-02-18 06:00:00+07:00,60.0,3.7,100.0,/dl/web/weather/ic-w-11-night-few-clouds-full.svg,Cần Thơ,-0.09106421514938381,0,-0.9428843782470234,0
2025-02-18 07:00:00+07:00,60.0,3.7,100.0,/dl/web/weather/ic-w-04-scattered-clouds-full.svg,Cần Thơ,-0.09106421514938381,0,-0.9428843782470234,0
2025-02-18 08:00:00+07:00,58.0,5.5,94.0,/dl/web/weather/ic-w-04-scattered-clouds-full.svg,Cần Thơ,-0.1743148748308425,0,-0.6788488104649723,0
2025-02-18 09:00:00+07:00,58.0,14.8,83.0,/dl/web/weather/ic-w-04-scattered-clouds-full.svg,Cần Thơ,-0.1743148748308425,0,0.6853349564089591,0
2025-02-18 10:00:00+07:00,58.0,14.8,83.0,/dl/web/weather/ic-w-04-scattered-clouds-full.svg,Cần Thơ,-0.1743148748308425,0,0.6853349564089591,0
2025-02-18 11:00:00+07:00,60.0,14.8,74.0,/dl/web/weather/ic-w-02-new-clouds-full.svg,Cần Thơ,-0.09106421514938381,0,0.6853349564089591,0
2025-02-18 12:00:00+07:00,60.0,14.8,70.0,/dl/web/weather/ic-w-02-new-clouds-full.svg,Cần Thơ,-0.09106421514938381,0,0.6853349564089591,0
2025-02-18 13:00:00+07:00,60.0,18.5,62.0,/dl/web/weather/ic-w-02-new-clouds-full.svg,Cần Thơ,-0.09106421514938381,0,1.22807473462762,0
2025-02-18 14:00:00+07:00,62.0,11.1,66.0,/dl/web/weather/ic-w-04-scattered-clouds-full.svg,Cần Thơ,-0.007813555467925153,0,0.14259517819029818,0
2025-02-18 15:00:00+07:00,62.0,9.2,62.0,/dl/web/weather/ic-w-04-scattered-clouds-full.svg,Cần Thơ,-0.007813555467925153,0,-0.1361090322463115,0
2025-02-18 16:00:00+07:00,62.0,3.7,62.0,/dl/web/weather/ic-w-04-scattered-clouds-full.svg,Cần Thơ,-0.007813555467925153,0,-0.9428843782470234,0
2025-02-18 17:00:00+07:00,62.0,9.2,58.0,/dl/web/weather/ic-w-04-scattered-clouds-full.svg,Cần Thơ,-0.007813555467925153,0,-0.1361090322463115,0
2025-02-18 18:00:00+07:00,62.0,16.7,58.0,/dl/web/weather/ic-w-04-scattered-clouds-full.svg,Cần Thơ,-0.007813555467925153,0,0.9640391668455686,0
2025-02-18 19:00:00+07:00,62.0,16.7,62.0,/dl/web/weather/ic-w-02-new-clouds-full.svg,Cần Thơ,-0.007813555467925153,0,0.9640391668455686,0
2025-02-18 20:00:00+07:00,66.0,5.5,83.0,/dl/web/weather/ic-w-11-night-few-clouds-full.svg,Cần Thơ,0.15868776389499217,0,-0.6788488104649723,0
2025-02-18 21:00:00+07:00,66.0,5.5,83.0,/dl/web/weather/ic-w-11-night-few-clouds-full.svg,Cần Thơ,0.15868776389499217,0,-0.6788488104649723,0
2025-02-18 22:00:00+07:00,66.0,5.5,78.0,/dl/web/weather/ic-w-11-night-few-clouds-full.svg,Cần Thơ,0.15868776389499217,0,-0.6788488104649723,0
2025-02-18 23:00:00+07:00,66.0,3.7,83.0,/dl/web/weather/ic-w-11-night-few-clouds-full.svg,Cần Thơ,0.15868776389499217,0,-0.9428843782470234,0
2025-02-19 00:00:00+07:00,66.0,1.8,94.0,/dl/web/weather/ic-w-11-night-few-clouds-full.svg,Cần Thơ,0.15868776389499217,0,-1.2215885886836328,0
2025-02-19 01:00:00+07:00,66.0,14.6,81.0,/dl/web/weather/ic-w-04-scattered-clouds-full.svg,Cần Thơ,0.15868776389499217,0,0.6559976710998422,0
2025-02-19 02:00:00+07:00,68.0,3.7,100.0,/dl/web/weather/ic-w-04-scattered-clouds-full.svg,Cần Thơ,0.24193842357645082,0,-0.9428843782470234,0
2025-02-19 03:00:00+07:00,68.0,5.5,100.0,/dl/web/weather/ic-w-04-scattered-clouds-full.svg,Cần Thơ,0.24193842357645082,0,-0.6788488104649723,0
2025-02-19 04:00:00+07:00,68.0,1.8,100.0,/dl/web/weather/ic-w-04-scattered-clouds-full.svg,Cần Thơ,0.24193842357645082,0,-1.2215885886836328,0
2025-02-19 05:00:00+07:00,69.0,3.7,100.0,/dl/web/weather/ic-w-04-scattered-clouds-full.svg,Cần Thơ,0.28356375341718015,0,-0.9428843782470234,0
2025-02-19 06:00:00+07:00,69.0,3.7,100.0,/dl/web/weather/ic-w-04-scattered-clouds-full.svg,Cần Thơ,0.28356375341718015,0,-0.9428843782470234,0
2025-02-19 07:00:00+07:00,69.0,1.8,100.0,/dl/web/weather/ic-w-04-scattered-clouds-full.svg,Cần Thơ,0.28356375341718015,0,-1.2215885886836328,0
2025-02-19 08:00:00+07:00,76.0,7.4,100.0,/dl/web/weather/ic-w-04-scattered-clouds-full.svg,Cần Thơ,0.5749410623022855,0,-0.40014460002836255,0
2025-02-19 10:00:00+07:00,76.0,7.4,94.0,/dl/web/weather/ic-w-04-scattered-clouds-full.svg,Cần Thơ,0.5749410623022855,0,-0.40014460002836255,0
2025-02-19 11:00:00+07:00,73.0,9.2,83.0,/dl/web/weather/ic-w-04-scattered-clouds-full.svg,Cần Thơ,0.4500650727800975,0,-0.1361090322463115,0
2025-02-19 12:00:00+07:00,73.0,9.2,83.0,/dl/web/weather/ic-w-04-scattered-clouds-full.svg,Cần Thơ,0.4500650727800975,0,-0.1361090322463115,0
2025-02-19 13:00:00+07:00,73.0,5.5,74.0,/dl/web/weather/ic-w-04-scattered-clouds-full.svg,Cần Thơ,0.4500650727800975,0,-0.6788488104649723,0
2025-02-19 14:00:00+07:00,71.0,5.5,74.0,/dl/web/weather/ic-w-04-scattered-clouds-full.svg,Cần Thơ,0.3668144130986388,0,-0.6788488104649723,0
2025-02-19 15:00:00+07:00,71.0,3.7,70.0,/dl/web/weather/ic-w-06-rain-full.svg,Cần Thơ,0.3668144130986388,0,-0.9428843782470234,0
2025-02-19 16:00:00+07:00,71.0,9.2,100.0,/dl/web/weather/ic-w-04-scattered-clouds-full.svg,Cần Thơ,0.3668144130986388,0,-0.1361090322463115,0
2025-02-19 17:00:00+07:00,68.0,5.5,94.0,/dl/web/weather/ic-w-04-scattered-clouds-full.svg,Cần Thơ,0.24193842357645082,0,-0.6788488104649723,0
2025-02-19 18:00:00+07:00,68.0,5.5,94.0,/dl/web/weather/ic-w-04-scattered-clouds-full.svg,Cần Thơ,0.24193842357645082,0,-0.6788488104649723,0
2025-02-19 19:00:00+07:00,68.0,0.0,94.0,/dl/web/weather/ic-w-02-new-clouds-full.svg,Cần Thơ,0.24193842357645082,0,-1.4856241564656842,0
2025-02-19 20:00:00+07:00,66.0,11.1,94.0,/dl/web/weather/ic-w-11-night-few-clouds-full.svg,Cần Thơ,0.15868776389499217,0,0.14259517819029818,0
2025-02-19 21:00:00+07:00,66.0,11.1,94.0,/dl/web/weather/ic-w-11-night-few-clouds-full.svg,Cần Thơ,0.15868776389499217,0,0.14259517819029818,0
2025-02-19 22:00:00+07:00,66.0,9.2,94.0,/dl/web/weather/ic-w-11-night-few-clouds-full.svg,Cần Thơ,0.15868776389499217,0,-0.1361090322463115,0
2025-02-19 23:00:00+07:00,66.0,11.1,94.0,/dl/web/weather/ic-w-11-night-few-clouds-full.svg,Cần Thơ,0.15868776389499217,0,0.14259517819029818,0
2025-02-20 00:00:00+07:00,66.0,9.2,94.0,/dl/web/weather/ic-w-10-night-clear-sky-full.svg,Cần Thơ,0.15868776389499217,0,-0.1361090322463115,0
2025-02-20 01:00:00+07:00,66.0,7.4,94.0,/dl/web/weather/ic-w-10-night-clear-sky-full.svg,Cần Thơ,0.15868776389499217,0,-0.40014460002836255,0
2025-02-20 02:00:00+07:00,67.0,7.4,94.0,/dl/web/weather/ic-w-10-night-clear-sky-full.svg,Cần Thơ,0.2003130937357215,0,-0.40014460002836255,0
2025-02-20 03:00:00+07:00,67.0,9.2,94.0,/dl/web/weather/ic-w-10-night-clear-sky-full.svg,Cần Thơ,0.2003130937357215,0,-0.1361090322463115,0
2025-02-20 04:00:00+07:00,67.0,11.1,100.0,/dl/web/weather/ic-w-10-night-clear-sky-full.svg,Cần Thơ,0.2003130937357215,0,0.14259517819029818,0
2025-02-20 05:00:00+07:00,69.0,7.4,100.0,/dl/web/weather/ic-w-11-night-few-clouds-full.svg,Cần Thơ,0.28356375341718015,0,-0.40014460002836255,0
2025-02-20 06:00:00+07:00,69.0,3.7,100.0,/dl/web/weather/ic-w-11-night-few-clouds-full.svg,Cần Thơ,0.28356375341718015,0,-0.9428843782470234,0
2025-02-20 07:00:00+07:00,69.0,3.7,100.0,/dl/web/weather/ic-w-04-scattered-clouds-full.svg,Cần Thơ,0.28356375341718015,0,-0.9428843782470234,0
2025-02-20 08:00:00+07:00,80.0,1.8,94.0,/dl/web/weather/ic-w-02-new-clouds-full.svg,Cần Thơ,0.7414423816652028,0,-1.2215885886836328,0
2025-02-20 09:00:00+07:00,80.0,5.5,89.0,/dl/web/weather/ic-w-04-scattered-clouds-full.svg,Cần Thơ,0.7414423816652028,0,-0.6788488104649723,0
2025-02-20 10:00:00+07:00,80.0,7.4,89.0,/dl/web/weather/ic-w-04-scattered-clouds-full.svg,Cần Thơ,0.7414423816652028,0,-0.40014460002836255,0
2025-02-20 11:00:00+07:00,74.0,7.4,89.0,/dl/web/weather/ic-w-04-scattered-clouds-full.svg,Cần Thơ,0.4916904026208268,0,-0.40014460002836255,0
2025-02-20 12:00:00+07:00,74.0,9.2,89.0,/dl/web/weather/ic-w-04-scattered-clouds-full.svg,Cần Thơ,0.4916904026208268,0,-0.1361090322463115,0
2025-02-20 13:00:00+07:00,74.0,5.5,74.0,/dl/web/weather/ic-w-04-scattered-clouds-full.svg,Cần Thơ,0.4916904026208268,0,-0.6788488104649723,0
2025-02-20 14:00:00+07:00,71.0,9.2,66.0,/dl/web/weather/ic-w-04-scattered-clouds-full.svg,Cần Thơ,0.3668144130986388,0,-0.1361090322463115,0
2025-02-20 15:00:00+07:00,71.0,9.2,62.0,/dl/web/weather/ic-w-04-scattered-clouds-full.svg,Cần Thơ,0.3668144130986388,0,-0.1361090322463115,0
2025-02-20 16:00:00+07:00,71.0,13.0,62.0,/dl/web/weather/ic-w-04-scattered-clouds-full.svg,Cần Thơ,0.3668144130986388,0,0.42129938862690786,0
2025-02-20 17:00:00+07:00,70.0,11.1,66.0,/dl/web/weather/ic-w-04-scattered-clouds-full.svg,Cần Thơ,0.3251890832579095,0,0.14259517819029818,0
2025-02-20 18:00:00+07:00,70.0,13.0,58.0,/dl/web/weather/ic-w-04-scattered-clouds-full.svg,Cần Thơ,0.3251890832579095,0,0.42129938862690786,0
2025-02-20 19:00:00+07:00,70.0,14.8,62.0,/dl/web/weather/ic-w-02-new-clouds-full.svg,Cần Thơ,0.3251890832579095,0,0.6853349564089591,0
2025-02-20 20:00:00+07:00,69.0,13.0,74.0,/dl/web/weather/ic-w-11-night-few-clouds-full.svg,Cần Thơ,0.28356375341718015,0,0.42129938862690786,0
2025-02-20 21:00:00+07:00,69.0,13.0,74.0,/dl/web/weather/ic-w-11-night-few-clouds-full.svg,Cần Thơ,0.28356375341718015,0,0.42129938862690786,0
2025-02-20 22:00:00+07:00,69.0,9.2,78.0,/dl/web/weather/ic-w-11-night-few-clouds-full.svg,Cần Thơ,0.28356375341718015,0,-0.1361090322463115,0
2025-02-20 23:00:00+07:00,66.0,11.1,78.0,/dl/web/weather/ic-w-11-night-few-clouds-full.svg,Cần Thơ,0.15868776389499217,0,0.14259517819029818,0
2025-02-21 00:00:00+07:00,66.0,9.2,78.0,/dl/web/weather/ic-w-11-night-few-clouds-full.svg,Cần Thơ,0.15868776389499217,0,-0.1361090322463115,0
2025-02-21 01:00:00+07:00,66.0,11.1,88.0,/dl/web/weather/ic-w-11-night-few-clouds-full.svg,Cần Thơ,0.15868776389499217,0,0.14259517819029818,0
2025-02-21 02:00:00+07:00,65.0,9.2,88.0,/dl/web/weather/ic-w-11-night-few-clouds-full.svg,Cần Thơ,0.11706243405426284,0,-0.1361090322463115,0
2025-02-21 03:00:00+07:00,65.0,13.0,88.0,/dl/web/weather/ic-w-11-night-few-clouds-full.svg,Cần Thơ,0.11706243405426284,0,0.42129938862690786,0
2025-02-21 04:00:00+07:00,65.0,7.4,88.0,/dl/web/weather/ic-w-11-night-few-clouds-full.svg,Cần Thơ,0.11706243405426284,0,-0.40014460002836255,0
2025-02-21 05:00:00+07:00,66.0,7.4,88.0,/dl/web/weather/ic-w-11-night-few-clouds-full.svg,Cần Thơ,0.15868776389499217,0,-0.40014460002836255,0
2025-02-21 06:00:00+07:00,66.0,9.2,88.0,/dl/web/weather/ic-w-11-night-few-clouds-full.svg,Cần Thơ,0.15868776389499217,0,-0.1361090322463115,0
2025-02-21 07:00:00+07:00,66.0,9.2,94.0,/dl/web/weather/ic-w-04-scattered-clouds-full.svg,Cần Thơ,0.15868776389499217,0,-0.1361090322463115,0
2025-02-21 08:00:00+07:00,67.0,1.8,94.0,/dl/web/weather/ic-w-04-scattered-clouds-full.svg,Cần Thơ,0.2003130937357215,0,-1.2215885886836328,0
2025-02-21 09:00:00+07:00,67.0,9.2,89.0,/dl/web/weather/ic-w-04-scattered-clouds-full.svg,Cần Thơ,0.2003130937357215,0,-0.1361090322463115,0
2025-02-21 10:00:00+07:00,67.0,11.1,89.0,/dl/web/weather/ic-w-04-scattered-clouds-full.svg,Cần Thơ,0.2003130937357215,0,0.14259517819029818,0
2025-02-21 11:00:00+07:00,68.0,11.1,89.0,/dl/web/weather/ic-w-04-scattered-clouds-full.svg,Cần Thơ,0.24193842357645082,0,0.14259517819029818,0
2025-02-21 12:00:00+07:00,68.0,14.8,74.0,/dl/web/weather/ic-w-04-scattered-clouds-full.svg,Cần Thơ,0.24193842357645082,0,0.6853349564089591,0
2025-02-21 13:00:00+07:00,68.0,18.5,66.0,/dl/web/weather/ic-w-04-scattered-clouds-full.svg,Cần Thơ,0.24193842357645082,0,1.22807473462762,0
2025-02-21 14:00:00+07:00,59.0,20.4,66.0,/dl/web/weather/ic-w-04-scattered-clouds-full.svg,Cần Thơ,-0.13268954499011315,0,1.5067789450642293,0
2025-02-21 15:00:00+07:00,59.0,22.2,62.0,/dl/web/weather/ic-w-04-scattered-clouds-full.svg,Cần Thơ,-0.13268954499011315,0,1.7708145128462807,0
2025-02-21 16:00:00+07:00,59.0,24.1,62.0,/dl/web/weather/ic-w-04-scattered-clouds-full.svg,Cần Thơ,-0.13268954499011315,0,2.0495187232828904,0
2025-02-21 17:00:00+07:00,60.0,20.4,66.0,/dl/web/weather/ic-w-04-scattered-clouds-full.svg,Cần Thơ,-0.09106421514938381,0,1.5067789450642293,0
2025-02-21 18:00:00+07:00,60.0,18.5,62.0,/dl/web/weather/ic-w-04-scattered-clouds-full.svg,Cần Thơ,-0.09106421514938381,0,1.22807473462762,0
2025-02-21 19:00:00+07:00,60.0,18.5,70.0,/dl/web/weather/ic-w-04-scattered-clouds-full.svg,Cần Thơ,-0.09106421514938381,0,1.22807473462762,0
2025-02-21 21:00:00+07:00,60.0,9.2,74.0,/dl/web/weather/ic-w-04-scattered-clouds-full.svg,Cần Thơ,-0.09106421514938381,0,-0.1361090322463115,0
2025-02-21 22:00:00+07:00,60.0,9.2,83.0,/dl/web/weather/ic-w-04-scattered-clouds-full.svg,Cần Thơ,-0.09106421514938381,0,-0.1361090322463115,0
2025-02-22 00:00:00+07:00,61.0,13.0,83.0,/dl/web/weather/ic-w-04-scattered-clouds-full.svg,Cần Thơ,-0.049438885308654486,0,0.42129938862690786,0
2025-02-22 01:00:00+07:00,61.0,11.1,89.0,/dl/web/weather/ic-w-11-night-few-clouds-full.svg,Cần Thơ,-0.049438885308654486,0,0.14259517819029818,0
2025-02-22 02:00:00+07:00,67.0,9.2,94.0,/dl/web/weather/ic-w-11-night-few-clouds-full.svg,Cần Thơ,0.2003130937357215,0,-0.1361090322463115,0
2025-02-22 03:00:00+07:00,67.0,7.4,94.0,/dl/web/weather/ic-w-11-night-few-clouds-full.svg,Cần Thơ,0.2003130937357215,0,-0.40014460002836255,0
2025-02-22 04:00:00+07:00,67.0,9.2,94.0,/dl/web/weather/ic-w-11-night-few-clouds-full.svg,Cần Thơ,0.2003130937357215,0,-0.1361090322463115,0
2025-02-22 05:00:00+07:00,81.0,5.5,94.0,/dl/web/weather/ic-w-11-night-few-clouds-full.svg,Cần Thơ,0.7830677115059321,0,-0.6788488104649723,0
2025-02-22 06:00:00+07:00,81.0,1.8,94.0,/dl/web/weather/ic-w-11-night-few-clouds-full.svg,Cần Thơ,0.7830677115059321,0,-1.2215885886836328,0
2025-02-22 07:00:00+07:00,81.0,1.8,100.0,/dl/web/weather/ic-w-04-scattered-clouds-full.svg,Cần Thơ,0.7830677115059321,0,-1.2215885886836328,0
2025-02-22 08:00:00+07:00,91.0,7.4,94.0,/dl/web/weather/ic-w-04-scattered-clouds-full.svg,Cần Thơ,1.1993210099132254,0,-0.40014460002836255,0
2025-02-22 09:00:00+07:00,91.0,5.5,94.0,/dl/web/weather/ic-w-04-scattered-clouds-full.svg,Cần Thơ,1.1993210099132254,0,-0.6788488104649723,0
2025-02-22 10:00:00+07:00,91.0,9.2,83.0,/dl/web/weather/ic-w-04-scattered-clouds-full.svg,Cần Thơ,1.1993210099132254,0,-0.1361090322463115,0
2025-02-22 11:00:00+07:00,73.0,9.2,83.0,/dl/web/weather/ic-w-04-scattered-clouds-full.svg,Cần Thơ,0.4500650727800975,0,-0.1361090322463115,0
2025-02-22 12:00:00+07:00,73.0,9.2,79.0,/dl/web/weather/ic-w-04-scattered-clouds-full.svg,Cần Thơ,0.4500650727800975,0,-0.1361090322463115,0
2025-02-22 13:00:00+07:00,73.0,9.2,74.0,/dl/web/weather/ic-w-04-scattered-clouds-full.svg,Cần Thơ,0.4500650727800975,0,-0.1361090322463115,0
2025-02-22 14:00:00+07:00,66.0,7.4,74.0,/dl/web/weather/ic-w-04-scattered-clouds-full.svg,Cần Thơ,0.15868776389499217,0,-0.40014460002836255,0
2025-02-22 15:00:00+07:00,66.0,9.2,70.0,/dl/web/weather/ic-w-04-scattered-clouds-full.svg,Cần Thơ,0.15868776389499217,0,-0.1361090322463115,0
2025-02-22 16:00:00+07:00,66.0,1.4,56.0,/dl/web/weather/ic-w-04-scattered-clouds-full.svg,Cần Thơ,0.15868776389499217,0,-1.2802631593018665,0
2025-02-22 17:00:00+07:00,61.0,9.2,70.0,/dl/web/weather/ic-w-04-scattered-clouds-full.svg,Cần Thơ,-0.049438885308654486,0,-0.1361090322463115,0
2025-02-22 18:00:00+07:00,61.0,13.0,66.0,/dl/web/weather/ic-w-04-scattered-clouds-full.svg,Cần Thơ,-0.049438885308654486,0,0.42129938862690786,0
2025-02-22 19:00:00+07:00,61.0,14.8,74.0,/dl/web/weather/ic-w-04-scattered-clouds-full.svg,Cần Thơ,-0.049438885308654486,0,0.6853349564089591,0
2025-02-22 20:00:00+07:00,62.0,11.1,83.0,/dl/web/weather/ic-w-04-scattered-clouds-full.svg,Cần Thơ,-0.007813555467925153,0,0.14259517819029818,0
2025-02-22 21:00:00+07:00,62.0,11.1,83.0,/dl/web/weather/ic-w-04-scattered-clouds-full.svg,Cần Thơ,-0.007813555467925153,0,0.14259517819029818,0
2025-02-22 22:00:00+07:00,62.0,18.0,81.0,/dl/web/weather/ic-w-04-scattered-clouds-full.svg,Cần Thơ,-0.007813555467925153,0,1.154731521354828,0
2025-02-22 23:00:00+07:00,62.0,9.2,94.0,/dl/web/weather/ic-w-04-scattered-clouds-full.svg,Cần Thơ,-0.007813555467925153,0,-0.1361090322463115,0
2025-02-23 00:00:00+07:00,62.0,5.5,89.0,/dl/web/weather/ic-w-04-scattered-clouds-full.svg,Cần Thơ,-0.007813555467925153,0,-0.6788488104649723,0
2025-02-23 01:00:00+07:00,62.0,14.3,83.0,/dl/web/weather/ic-w-04-scattered-clouds-full.svg,Cần Thơ,-0.007813555467925153,0,0.6119917431361671,0
2025-02-23 02:00:00+07:00,58.0,1.8,100.0,/dl/web/weather/ic-w-04-scattered-clouds-full.svg,Cần Thơ,-0.1743148748308425,0,-1.2215885886836328,0
2025-02-23 03:00:00+07:00,58.0,0.0,100.0,/dl/web/weather/ic-w-04-scattered-clouds-full.svg,Cần Thơ,-0.1743148748308425,0,-1.4856241564656842,0
2025-02-23 04:00:00+07:00,58.0,3.7,100.0,/dl/web/weather/ic-w-04-scattered-clouds-full.svg,Cần Thơ,-0.1743148748308425,0,-0.9428843782470234,0
2025-02-23 05:00:00+07:00,57.0,1.8,100.0,/dl/web/weather/ic-w-04-scattered-clouds-full.svg,Cần Thơ,-0.2159402046715718,0,-1.2215885886836328,0
2025-02-23 06:00:00+07:00,57.0,9.2,94.0,/dl/web/weather/ic-w-04-scattered-clouds-full.svg,Cần Thơ,-0.2159402046715718,0,-0.1361090322463115,0
2025-02-23 07:00:00+07:00,57.0,11.1,100.0,/dl/web/weather/ic-w-04-scattered-clouds-full.svg,Cần Thơ,-0.2159402046715718,0,0.14259517819029818,0
2025-02-23 08:00:00+07:00,65.0,16.7,94.0,/dl/web/weather/ic-w-04-scattered-clouds-full.svg,Cần Thơ,0.11706243405426284,0,0.9640391668455686,0
2025-02-23 09:00:00+07:00,65.0,18.5,83.0,/dl/web/weather/ic-w-04-scattered-clouds-full.svg,Cần Thơ,0.11706243405426284,0,1.22807473462762,0
2025-02-23 10:00:00+07:00,65.0,18.5,79.0,/dl/web/weather/ic-w-04-scattered-clouds-full.svg,Cần Thơ,0.11706243405426284,0,1.22807473462762,0
2025-02-23 11:00:00+07:00,63.0,18.5,79.0,/dl/web/weather/ic-w-04-scattered-clouds-full.svg,Cần Thơ,0.03381177437280418,0,1.22807473462762,0
2025-02-23 12:00:00+07:00,63.0,29.6,70.0,/dl/web/weather/ic-w-04-scattered-clouds-full.svg,Cần Thơ,0.03381177437280418,0,2.8562940692836025,0
2025-02-23 13:00:00+07:00,63.0,33.3,66.0,/dl/web/weather/ic-w-04-scattered-clouds-full.svg,Cần Thơ,0.03381177437280418,0,3.3990338475022623,-1
2025-02-23 14:00:00+07:00,53.0,29.6,66.0,/dl/web/weather/ic-w-04-scattered-clouds-full.svg,Cần Thơ,-0.3824415240344891,0,2.8562940692836025,0
2025-02-23 15:00:00+07:00,53.0,29.6,66.0,/dl/web/weather/ic-w-06-rain-full.svg,Cần Thơ,-0.3824415240344891,0,2.8562940692836025,0
2025-02-23 16:00:00+07:00,53.0,29.6,66.0,/dl/web/weather/ic-w-04-scattered-clouds-full.svg,Cần Thơ,-0.3824415240344891,0,2.8562940692836025,0
2025-02-23 17:00:00+07:00,33.0,25.9,66.0,/dl/web/weather/ic-w-04-scattered-clouds-full.svg,Cần Thơ,-1.2149481208490758,0,2.3135542910649414,0
2025-02-23 18:00:00+07:00,33.0,31.5,74.0,/dl/web/weather/ic-w-04-scattered-clouds-full.svg,Cần Thơ,-1.2149481208490758,0,3.134998279720212,-1
2025-02-23 19:00:00+07:00,33.0,22.2,74.0,/dl/web/weather/ic-w-04-scattered-clouds-full.svg,Cần Thơ,-1.2149481208490758,0,1.7708145128462807,0
2025-02-23 20:00:00+07:00,28.0,18.5,78.0,/dl/web/weather/ic-w-04-scattered-clouds-full.svg,Cần Thơ,-1.4230747700527224,0,1.22807473462762,0
2025-02-23 21:00:00+07:00,28.0,18.5,78.0,/dl/web/weather/ic-w-04-scattered-clouds-full.svg,Cần Thơ,-1.4230747700527224,0,1.22807473462762,0
2025-02-23 22:00:00+07:00,28.0,14.8,83.0,/dl/web/weather/ic-w-04-scattered-clouds-full.svg,Cần Thơ,-1.4230747700527224,0,0.6853349564089591,0
2025-02-23 23:00:00+07:00,39.0,22.9,71.0,/dl/web/weather/ic-w-04-scattered-clouds-full.svg,Cần Thơ,-0.9651961418046997,0,1.8734950114281894,0
2025-02-24 00:00:00+07:00,39.0,9.2,83.0,/dl/web/weather/ic-w-11-night-few-clouds-full.svg,Cần Thơ,-0.9651961418046997,0,-0.1361090322463115,0
2025-02-24 01:00:00+07:00,39.0,17.9,70.0,/dl/web/weather/ic-w-04-scattered-clouds-full.svg,Cần Thơ,-0.9651961418046997,0,1.1400628787002693,0
2025-02-24 02:00:00+07:00,49.0,7.4,89.0,/dl/web/weather/ic-w-11-night-few-clouds-full.svg,Cần Thơ,-0.5489428433974064,0,-0.40014460002836255,0
2025-02-24 03:00:00+07:00,49.0,13.0,89.0,/dl/web/weather/ic-w-11-night-few-clouds-full.svg,Cần Thơ,-0.5489428433974064,0,0.42129938862690786,0
2025-02-24 04:00:00+07:00,49.0,11.1,89.0,/dl/web/weather/ic-w-11-night-few-clouds-full.svg,Cần Thơ,-0.5489428433974064,0,0.14259517819029818,0
2025-02-24 05:00:00+07:00,55.0,7.4,89.0,/dl/web/weather/ic-w-11-night-few-clouds-full.svg,Cần Thơ,-0.29919086435303044,0,-0.40014460002836255,0
2025-02-24 06:00:00+07:00,55.0,11.1,89.0,/dl/web/weather/ic-w-11-night-few-clouds-full.svg,Cần Thơ,-0.29919086435303044,0,0.14259517819029818,0
2025-02-24 07:00:00+07:00,55.0,14.8,89.0,/dl/web/weather/ic-w-04-scattered-clouds-full.svg,Cần Thơ,-0.29919086435303044,0,0.6853349564089591,0
2025-02-24 08:00:00+07:00,58.0,14.8,83.0,/dl/web/weather/ic-w-04-scattered-clouds-full.svg,Cần Thơ,-0.1743148748308425,0,0.6853349564089591,0
2025-02-24 09:00:00+07:00,58.0,13.0,83.0,/dl/web/weather/ic-w-04-scattered-clouds-full.svg,Cần Thơ,-0.1743148748308425,0,0.42129938862690786,0
2025-02-24 10:00:00+07:00,58.0,22.2,74.0,/dl/web/weather/ic-w-04-scattered-clouds-full.svg,Cần Thơ,-0.1743148748308425,0,1.7708145128462807,0
2025-02-24 11:00:00+07:00,56.0,22.2,74.0,/dl/web/weather/ic-w-04-scattered-clouds-full.svg,Cần Thơ,-0.25756553451230113,0,1.7708145128462807,0
2025-02-24 12:00:00+07:00,56.0,33.3,62.0,/dl/web/weather/ic-w-04-scattered-clouds-full.svg,Cần Thơ,-0.25756553451230113,0,3.3990338475022623,-1
2025-02-24 13:00:00+07:00,56.0,37.0,62.0,/dl/web/weather/ic-w-04-scattered-clouds-full.svg,Cần Thơ,-0.25756553451230113,0,3.941773625720924,-1
2025-02-24 14:00:00+07:00,57.0,31.5,58.0,/dl/web/weather/ic-w-04-scattered-clouds-full.svg,Cần Thơ,-0.2159402046715718,0,3.134998279720212,-1
2025-02-24 15:00:00+07:00,57.0,33.3,62.0,/dl/web/weather/ic-w-04-scattered-clouds-full.svg,Cần Thơ,-0.2159402046715718,0,3.3990338475022623,-1
2025-02-24 16:00:00+07:00,57.0,37.0,55.0,/dl/web/weather/ic-w-04-scattered-clouds-full.svg,Cần Thơ,-0.2159402046715718,0,3.941773625720924,-1
2025-02-24 17:00:00+07:00,60.0,37.0,55.0,/dl/web/weather/ic-w-02-new-clouds-full.svg,Cần Thơ,-0.09106421514938381,0,3.941773625720924,-1
2025-02-24 18:00:00+07:00,60.0,38.9,58.0,/dl/web/weather/ic-w-02-new-clouds-full.svg,Cần Thơ,-0.09106421514938381,0,4.220477836157533,-1
2025-02-24 19:00:00+07:00,60.0,35.2,62.0,/dl/web/weather/ic-w-02-new-clouds-full.svg,Cần Thơ,-0.09106421514938381,0,3.677738057938873,-1
2025-02-24 20:00:00+07:00,64.0,22.2,69.0,/dl/web/weather/ic-w-11-night-few-clouds-full.svg,Cần Thơ,0.07543710421353352,0,1.7708145128462807,0
2025-02-24 21:00:00+07:00,64.0,22.2,69.0,/dl/web/weather/ic-w-11-night-few-clouds-full.svg,Cần Thơ,0.07543710421353352,0,1.7708145128462807,0
2025-02-24 22:00:00+07:00,64.0,22.2,69.0,/dl/web/weather/ic-w-11-night-few-clouds-full.svg,Cần Thơ,0.07543710421353352,0,1.7708145128462807,0
2025-02-24 23:00:00+07:00,65.0,20.4,74.0,/dl/web/weather/ic-w-11-night-few-clouds-full.svg,Cần Thơ,0.11706243405426284,0,1.5067789450642293,0
2025-02-25 00:00:00+07:00,65.0,20.4,78.0,/dl/web/weather/ic-w-11-night-few-clouds-full.svg,Cần Thơ,0.11706243405426284,0,1.5067789450642293,0
2025-02-25 01:00:00+07:00,65.0,14.8,83.0,/dl/web/weather/ic-w-11-night-few-clouds-full.svg,Cần Thơ,0.11706243405426284,0,0.6853349564089591,0
2025-02-25 02:00:00+07:00,69.0,7.4,88.0,/dl/web/weather/ic-w-11-night-few-clouds-full.svg,Cần Thơ,0.28356375341718015,0,-0.40014460002836255,0
2025-02-25 03:00:00+07:00,69.0,7.4,88.0,/dl/web/weather/ic-w-11-night-few-clouds-full.svg,Cần Thơ,0.28356375341718015,0,-0.40014460002836255,0
2025-02-25 04:00:00+07:00,69.0,7.4,88.0,/dl/web/weather/ic-w-11-night-few-clouds-full.svg,Cần Thơ,0.28356375341718015,0,-0.40014460002836255,0
2025-02-25 05:00:00+07:00,74.0,11.1,88.0,/dl/web/weather/ic-w-11-night-few-clouds-full.svg,Cần Thơ,0.4916904026208268,0,0.14259517819029818,0
2025-02-25 06:00:00+07:00,74.0,11.1,88.0,/dl/web/weather/ic-w-11-night-few-clouds-full.svg,Cần Thơ,0.4916904026208268,0,0.14259517819029818,0
2025-02-25 07:00:00+07:00,74.0,7.4,94.0,/dl/web/weather/ic-w-04-scattered-clouds-full.svg,Cần Thơ,0.4916904026208268,0,-0.40014460002836255,0
2025-02-25 08:00:00+07:00,80.0,9.2,89.0,/dl/web/weather/ic-w-02-new-clouds-full.svg,Cần Thơ,0.7414423816652028,0,-0.1361090322463115,0
2025-02-25 09:00:00+07:00,80.0,11.1,89.0,/dl/web/weather/ic-w-04-scattered-clouds-full.svg,Cần Thơ,0.7414423816652028,0,0.14259517819029818,0
2025-02-25 10:00:00+07:00,80.0,11.1,89.0,/dl/web/weather/ic-w-02-new-clouds-full.svg,Cần Thơ,0.7414423816652028,0,0.14259517819029818,0
2025-02-25 11:00:00+07:00,66.0,11.1,89.0,/dl/web/weather/ic-w-02-new-clouds-full.svg,Cần Thơ,0.15868776389499217,0,0.14259517819029818,0
2025-02-25 12:00:00+07:00,66.0,9.2,79.0,/dl/web/weather/ic-w-02-new-clouds-full.svg,Cần Thơ,0.15868776389499217,0,-0.1361090322463115,0
2025-02-25 13:00:00+07:00,66.0,27.8,62.0,/dl/web/weather/ic-w-04-scattered-clouds-full.svg,Cần Thơ,0.15868776389499217,0,2.5922585015015516,0
2025-02-25 14:00:00+07:00,61.0,22.2,62.0,/dl/web/weather/ic-w-04-scattered-clouds-full.svg,Cần Thơ,-0.049438885308654486,0,1.7708145128462807,0
2025-02-25 15:00:00+07:00,61.0,22.2,62.0,/dl/web/weather/ic-w-04-scattered-clouds-full.svg,Cần Thơ,-0.049438885308654486,0,1.7708145128462807,0
2025-02-25 16:00:00+07:00,61.0,22.2,62.0,/dl/web/weather/ic-w-04-scattered-clouds-full.svg,Cần Thơ,-0.049438885308654486,0,1.7708145128462807,0
2025-02-25 17:00:00+07:00,62.0,24.1,66.0,/dl/web/weather/ic-w-04-scattered-clouds-full.svg,Cần Thơ,-0.007813555467925153,0,2.0495187232828904,0
2025-02-25 18:00:00+07:00,62.0,24.1,62.0,/dl/web/weather/ic-w-02-new-clouds-full.svg,Cần Thơ,-0.007813555467925153,0,2.0495187232828904,0
2025-02-25 19:00:00+07:00,62.0,22.2,70.0,/dl/web/weather/ic-w-02-new-clouds-full.svg,Cần Thơ,-0.007813555467925153,0,1.7708145128462807,0
2025-02-25 20:00:00+07:00,65.0,13.0,74.0,/dl/web/weather/ic-w-10-night-clear-sky-full.svg,Cần Thơ,0.11706243405426284,0,0.42129938862690786,0
2025-02-25 21:00:00+07:00,65.0,13.0,74.0,/dl/web/weather/ic-w-10-night-clear-sky-full.svg,Cần Thơ,0.11706243405426284,0,0.42129938862690786,0
2025-02-25 22:00:00+07:00,65.0,11.1,78.0,/dl/web/weather/ic-w-10-night-clear-sky-full.svg,Cần Thơ,0.11706243405426284,0,0.14259517819029818,0
2025-02-25 23:00:00+07:00,64.0,13.0,78.0,/dl/web/weather/ic-w-10-night-clear-sky-full.svg,Cần Thơ,0.07543710421353352,0,0.42129938862690786,0
2025-02-26 00:00:00+07:00,64.0,13.0,83.0,/dl/web/weather/ic-w-10-night-clear-sky-full.svg,Cần Thơ,0.07543710421353352,0,0.42129938862690786,0
2025-02-26 01:00:00+07:00,64.0,14.8,83.0,/dl/web/weather/ic-w-10-night-clear-sky-full.svg,Cần Thơ,0.07543710421353352,0,0.6853349564089591,0
2025-02-26 02:00:00+07:00,62.0,13.0,83.0,/dl/web/weather/ic-w-11-night-few-clouds-full.svg,Cần Thơ,-0.007813555467925153,0,0.42129938862690786,0
2025-02-26 03:00:00+07:00,62.0,11.1,88.0,/dl/web/weather/ic-w-11-night-few-clouds-full.svg,Cần Thơ,-0.007813555467925153,0,0.14259517819029818,0
2025-02-26 04:00:00+07:00,62.0,7.4,88.0,/dl/web/weather/ic-w-11-night-few-clouds-full.svg,Cần Thơ,-0.007813555467925153,0,-0.40014460002836255,0
2025-02-26 05:00:00+07:00,65.0,7.4,94.0,/dl/web/weather/ic-w-11-night-few-clouds-full.svg,Cần Thơ,0.11706243405426284,0,-0.40014460002836255,0
2025-02-26 06:00:00+07:00,65.0,7.4,94.0,/dl/web/weather/ic-w-11-night-few-clouds-full.svg,Cần Thơ,0.11706243405426284,0,-0.40014460002836255,0
2025-02-26 08:00:00+07:00,76.0,3.7,89.0,/dl/web/weather/ic-w-01-clear-sky-full.svg,Cần Thơ,0.5749410623022855,0,-0.9428843782470234,0
2025-02-26 09:00:00+07:00,76.0,7.4,83.0,/dl/web/weather/ic-w-02-new-clouds-full.svg,Cần Thơ,0.5749410623022855,0,-0.40014460002836255,0
2025-02-26 10:00:00+07:00,76.0,9.2,79.0,/dl/web/weather/ic-w-04-scattered-clouds-full.svg,Cần Thơ,0.5749410623022855,0,-0.1361090322463115,0
2025-02-26 11:00:00+07:00,70.0,9.2,79.0,/dl/web/weather/ic-w-04-scattered-clouds-full.svg,Cần Thơ,0.3251890832579095,0,-0.1361090322463115,0
2025-02-26 12:00:00+07:00,70.0,9.2,74.0,/dl/web/weather/ic-w-04-scattered-clouds-full.svg,Cần Thơ,0.3251890832579095,0,-0.1361090322463115,0
2025-02-26 13:00:00+07:00,70.0,11.1,70.0,/dl/web/weather/ic-w-04-scattered-clouds-full.svg,Cần Thơ,0.3251890832579095,0,0.14259517819029818,0
2025-02-26 14:00:00+07:00,64.0,14.8,62.0,/dl/web/weather/ic-w-04-scattered-clouds-full.svg,Cần Thơ,0.07543710421353352,0,0.6853349564089591,0
2025-02-26 15:00:00+07:00,64.0,22.2,58.0,/dl/web/weather/ic-w-04-scattered-clouds-full.svg,Cần Thơ,0.07543710421353352,0,1.7708145128462807,0
2025-02-26 17:00:00+07:00,61.0,20.4,58.0,/dl/web/weather/ic-w-04-scattered-clouds-full.svg,Cần Thơ,-0.049438885308654486,0,1.5067789450642293,0
2025-02-26 18:00:00+07:00,61.0,16.7,62.0,/dl/web/weather/ic-w-04-scattered-clouds-full.svg,Cần Thơ,-0.049438885308654486,0,0.9640391668455686,0
2025-02-26 19:00:00+07:00,61.0,20.4,66.0,/dl/web/weather/ic-w-04-scattered-clouds-full.svg,Cần Thơ,-0.049438885308654486,0,1.5067789450642293,0
2025-02-26 20:00:00+07:00,64.0,16.7,74.0,/dl/web/weather/ic-w-04-scattered-clouds-full.svg,Cần Thơ,0.07543710421353352,0,0.9640391668455686,0
2025-02-26 21:00:00+07:00,64.0,16.7,74.0,/dl/web/weather/ic-w-04-scattered-clouds-full.svg,Cần Thơ,0.07543710421353352,0,0.9640391668455686,0
2025-02-26 22:00:00+07:00,64.0,13.0,78.0,/dl/web/weather/ic-w-04-scattered-clouds-full.svg,Cần Thơ,0.07543710421353352,0,0.42129938862690786,0
2025-02-26 23:00:00+07:00,64.0,13.0,78.0,/dl/web/weather/ic-w-04-scattered-clouds-full.svg,Cần Thơ,0.07543710421353352,0,0.42129938862690786,0
2025-02-27 00:00:00+07:00,64.0,14.8,83.0,/dl/web/weather/ic-w-04-scattered-clouds-full.svg,Cần Thơ,0.07543710421353352,0,0.6853349564089591,0
2025-02-27 01:00:00+07:00,64.0,18.8,71.0,/dl/web/weather/ic-w-04-scattered-clouds-full.svg,Cần Thơ,0.07543710421353352,0,1.2720806625912953,0
2025-02-27 02:00:00+07:00,65.0,15.8,73.0,/dl/web/weather/ic-w-04-scattered-clouds-full.svg,Cần Thơ,0.11706243405426284,0,0.8320213829545432,0
2025-02-27 03:00:00+07:00,65.0,13.0,75.0,/dl/web/weather/ic-w-04-scattered-clouds-full.svg,Cần Thơ,0.11706243405426284,0,0.42129938862690786,0
2025-02-27 04:00:00+07:00,65.0,5.5,94.0,/dl/web/weather/ic-w-04-scattered-clouds-full.svg,Cần Thơ,0.11706243405426284,0,-0.6788488104649723,0
2025-02-27 05:00:00+07:00,66.0,5.5,94.0,/dl/web/weather/ic-w-04-scattered-clouds-full.svg,Cần Thơ,0.15868776389499217,0,-0.6788488104649723,0
2025-02-27 06:00:00+07:00,66.0,7.4,94.0,/dl/web/weather/ic-w-04-scattered-clouds-full.svg,Cần Thơ,0.15868776389499217,0,-0.40014460002836255,0
2025-02-27 07:00:00+07:00,66.0,11.1,94.0,/dl/web/weather/ic-w-01-clear-sky-full.svg,Cần Thơ,0.15868776389499217,0,0.14259517819029818,0
2025-02-27 08:00:00+07:00,69.0,14.8,89.0,/dl/web/weather/ic-w-01-clear-sky-full.svg,Cần Thơ,0.28356375341718015,0,0.6853349564089591,0
2025-02-27 09:00:00+07:00,69.0,16.7,78.0,/dl/web/weather/ic-w-01-clear-sky-full.svg,Cần Thơ,0.28356375341718015,0,0.9640391668455686,0
2025-02-27 10:00:00+07:00,69.0,20.4,70.0,/dl/web/weather/ic-w-01-clear-sky-full.svg,Cần Thơ,0.28356375341718015,0,1.5067789450642293,0
2025-02-27 11:00:00+07:00,67.0,20.4,70.0,/dl/web/weather/ic-w-01-clear-sky-full.svg,Cần Thơ,0.2003130937357215,0,1.5067789450642293,0
2025-02-27 12:00:00+07:00,67.0,20.4,62.0,/dl/web/weather/ic-w-02-new-clouds-full.svg,Cần Thơ,0.2003130937357215,0,1.5067789450642293,0
2025-02-27 13:00:00+07:00,67.0,18.5,58.0,/dl/web/weather/ic-w-04-scattered-clouds-full.svg,Cần Thơ,0.2003130937357215,0,1.22807473462762,0
2025-02-27 14:00:00+07:00,63.0,28.0,35.0,/dl/web/weather/ic-w-04-scattered-clouds-full.svg,Cần Thơ,0.03381177437280418,0,2.621595786810668,0
2025-02-27 15:00:00+07:00,63.0,20.4,55.0,/dl/web/weather/ic-w-04-scattered-clouds-full.svg,Cần Thơ,0.03381177437280418,0,1.5067789450642293,0
2025-02-27 16:00:00+07:00,63.0,18.5,58.0,/dl/web/weather/ic-w-04-scattered-clouds-full.svg,Cần Thơ,0.03381177437280418,0,1.22807473462762,0
2025-02-27 17:00:00+07:00,61.0,14.8,58.0,/dl/web/weather/ic-w-02-new-clouds-full.svg,Cần Thơ,-0.049438885308654486,0,0.6853349564089591,0
2025-02-27 18:00:00+07:00,61.0,25.9,62.0,/dl/web/weather/ic-w-02-new-clouds-full.svg,Cần Thơ,-0.049438885308654486,0,2.3135542910649414,0
2025-02-27 19:00:00+07:00,61.0,25.9,65.0,/dl/web/weather/ic-w-02-new-clouds-full.svg,Cần Thơ,-0.049438885308654486,0,2.3135542910649414,0
2025-02-27 20:00:00+07:00,64.0,13.0,74.0,/dl/web/weather/ic-w-10-night-clear-sky-full.svg,Cần Thơ,0.07543710421353352,0,0.42129938862690786,0
2025-02-27 21:00:00+07:00,64.0,13.0,74.0,/dl/web/weather/ic-w-10-night-clear-sky-full.svg,Cần Thơ,0.07543710421353352,0,0.42129938862690786,0
2025-02-27 22:00:00+07:00,64.0,16.7,83.0,/dl/web/weather/ic-w-10-night-clear-sky-full.svg,Cần Thơ,0.07543710421353352,0,0.9640391668455686,0
2025-02-27 23:00:00+07:00,64.0,9.2,83.0,/dl/web/weather/ic-w-10-night-clear-sky-full.svg,Cần Thơ,0.07543710421353352,0,-0.1361090322463115,0
2025-02-28 00:00:00+07:00,64.0,11.1,83.0,/dl/web/weather/ic-w-10-night-clear-sky-full.svg,Cần Thơ,0.07543710421353352,0,0.14259517819029818,0
2025-02-28 01:00:00+07:00,64.0,9.2,88.0,/dl/web/weather/ic-w-10-night-clear-sky-full.svg,Cần Thơ,0.07543710421353352,0,-0.1361090322463115,0
2025-02-28 02:00:00+07:00,61.0,11.1,88.0,/dl/web/weather/ic-w-10-night-clear-sky-full.svg,Cần Thơ,-0.049438885308654486,0,0.14259517819029818,0
2025-02-28 03:00:00+07:00,61.0,13.0,83.0,/dl/web/weather/ic-w-10-night-clear-sky-full.svg,Cần Thơ,-0.049438885308654486,0,0.42129938862690786,0
2025-02-28 04:00:00+07:00,61.0,14.8,83.0,/dl/web/weather/ic-w-11-night-few-clouds-full.svg,Cần Thơ,-0.049438885308654486,0,0.6853349564089591,0
2025-02-28 05:00:00+07:00,59.0,9.2,83.0,/dl/web/weather/ic-w-11-night-few-clouds-full.svg,Cần Thơ,-0.13268954499011315,0,-0.1361090322463115,0
2025-02-28 06:00:00+07:00,59.0,7.4,88.0,/dl/web/weather/ic-w-11-night-few-clouds-full.svg,Cần Thơ,-0.13268954499011315,0,-0.40014460002836255,0
2025-02-28 07:00:00+07:00,59.0,18.7,75.0,/dl/web/weather/ic-w-04-scattered-clouds-full.svg,Cần Thơ,-0.13268954499011315,0,1.2574120199367367,0
2025-02-28 08:00:00+07:00,67.0,23.5,64.0,/dl/web/weather/ic-w-04-scattered-clouds-full.svg,Cần Thơ,0.2003130937357215,0,1.96150686735554,0
2025-02-28 09:00:00+07:00,67.0,23.0,54.0,/dl/web/weather/ic-w-04-scattered-clouds-full.svg,Cần Thơ,0.2003130937357215,0,1.888163654082748,0
2025-02-28 10:00:00+07:00,67.0,21.1,47.0,/dl/web/weather/ic-w-04-scattered-clouds-full.svg,Cần Thơ,0.2003130937357215,0,1.6094594436461385,0
2025-02-28 11:00:00+07:00,66.0,21.1,47.0,/dl/web/weather/ic-w-04-scattered-clouds-full.svg,Cần Thơ,0.15868776389499217,0,1.6094594436461385,0
2025-02-28 12:00:00+07:00,66.0,19.0,42.0,/dl/web/weather/ic-w-04-scattered-clouds-full.svg,Cần Thơ,0.15868776389499217,0,1.301417947900412,0
2025-02-28 13:00:00+07:00,66.0,17.5,39.0,/dl/web/weather/ic-w-04-scattered-clouds-full.svg,Cần Thơ,0.15868776389499217,0,1.081388308082036,0
2025-02-28 14:00:00+07:00,67.0,17.2,36.0,/dl/web/weather/ic-w-04-scattered-clouds-full.svg,Cần Thơ,0.2003130937357215,0,1.0373823801183606,0
2025-02-28 15:00:00+07:00,67.0,19.0,35.0,/dl/web/weather/ic-w-04-scattered-clouds-full.svg,Cần Thơ,0.2003130937357215,0,1.301417947900412,0
2025-02-28 16:00:00+07:00,67.0,20.0,35.0,/dl/web/weather/ic-w-04-scattered-clouds-full.svg,Cần Thơ,0.2003130937357215,0,1.4481043744459958,0
2025-02-28 17:00:00+07:00,65.0,20.3,36.0,/dl/web/weather/ic-w-04-scattered-clouds-full.svg,Cần Thơ,0.11706243405426284,0,1.4921103024096711,0
2025-02-28 18:00:00+07:00,65.0,20.9,40.0,/dl/web/weather/ic-w-04-scattered-clouds-full.svg,Cần Thơ,0.11706243405426284,0,1.5801221583370213,0
2025-02-28 19:00:00+07:00,65.0,22.5,51.0,/dl/web/weather/ic-w-04-scattered-clouds-full.svg,Cần Thơ,0.11706243405426284,0,1.814820440809956,0
2025-02-28 20:00:00+07:00,67.0,18.2,65.0,/dl/web/weather/ic-w-10-night-clear-sky-full.svg,Cần Thơ,0.2003130937357215,0,1.1840688066639447,0
2025-02-28 21:00:00+07:00,67.0,18.2,65.0,/dl/web/weather/ic-w-10-night-clear-sky-full.svg,Cần Thơ,0.2003130937357215,0,1.1840688066639447,0
2025-02-28 22:00:00+07:00,67.0,17.1,71.0,/dl/web/weather/ic-w-10-night-clear-sky-full.svg,Cần Thơ,0.2003130937357215,0,1.0227137374638025,0
2025-02-28 23:00:00+07:00,62.0,18.2,75.0,/dl/web/weather/ic-w-10-night-clear-sky-full.svg,Cần Thơ,-0.007813555467925153,0,1.1840688066639447,0
2025-03-01 00:00:00+07:00,62.0,17.1,78.0,/dl/web/weather/ic-w-10-night-clear-sky-full.svg,Cần Thơ,-0.007813555467925153,0,1.0227137374638025,0
2025-03-01 01:00:00+07:00,62.0,16.3,79.0,/dl/web/weather/ic-w-10-night-clear-sky-full.svg,Cần Thơ,-0.007813555467925153,0,0.9053645962273352,0
2025-03-01 02:00:00+07:00,61.0,16.3,81.0,/dl/web/weather/ic-w-10-night-clear-sky-full.svg,Cần Thơ,-0.049438885308654486,0,0.9053645962273352,0
2025-03-01 03:00:00+07:00,61.0,13.2,82.0,/dl/web/weather/ic-w-04-scattered-clouds-full.svg,Cần Thơ,-0.049438885308654486,0,0.4506366739360245,0
2025-03-01 04:00:00+07:00,61.0,13.4,84.0,/dl/web/weather/ic-w-10-night-clear-sky-full.svg,Cần Thơ,-0.049438885308654486,0,0.4799739592451415,0
2025-03-01 05:00:00+07:00,61.0,10.9,85.0,/dl/web/weather/ic-w-10-night-clear-sky-full.svg,Cần Thơ,-0.049438885308654486,0,0.11325789288118147,0
2025-03-01 06:00:00+07:00,61.0,11.6,86.0,/dl/web/weather/ic-w-10-night-clear-sky-full.svg,Cần Thơ,-0.049438885308654486,0,0.21593839146309018,0
2025-03-01 07:00:00+07:00,61.0,12.6,81.0,/dl/web/weather/ic-w-04-scattered-clouds-full.svg,Cần Thơ,-0.049438885308654486,0,0.3626248180086742,0
2025-03-01 08:00:00+07:00,66.0,20.9,67.0,/dl/web/weather/ic-w-01-clear-sky-full.svg,Cần Thơ,0.15868776389499217,0,1.5801221583370213,0
2025-03-01 09:00:00+07:00,66.0,20.9,55.0,/dl/web/weather/ic-w-04-scattered-clouds-full.svg,Cần Thơ,0.15868776389499217,0,1.5801221583370213,0
2025-03-01 10:00:00+07:00,66.0,19.3,47.0,/dl/web/weather/ic-w-04-scattered-clouds-full.svg,Cần Thơ,0.15868776389499217,0,1.3454238758640873,0
2025-03-01 11:00:00+07:00,64.0,19.3,47.0,/dl/web/weather/ic-w-04-scattered-clouds-full.svg,Cần Thơ,0.07543710421353352,0,1.3454238758640873,0
2025-03-01 12:00:00+07:00,64.0,18.0,42.0,/dl/web/weather/ic-w-04-scattered-clouds-full.svg,Cần Thơ,0.07543710421353352,0,1.154731521354828,0
2025-03-01 13:00:00+07:00,64.0,17.1,39.0,/dl/web/weather/ic-w-04-scattered-clouds-full.svg,Cần Thơ,0.07543710421353352,0,1.0227137374638025,0
2025-03-01 14:00:00+07:00,65.0,18.3,37.0,/dl/web/weather/ic-w-04-scattered-clouds-full.svg,Cần Thơ,0.11706243405426284,0,1.1987374493185032,0
2025-03-01 15:00:00+07:00,65.0,18.5,36.0,/dl/web/weather/ic-w-04-scattered-clouds-full.svg,Cần Thơ,0.11706243405426284,0,1.22807473462762,0
2025-03-01 16:00:00+07:00,65.0,21.6,38.0,/dl/web/weather/ic-w-04-scattered-clouds-full.svg,Cần Thơ,0.11706243405426284,0,1.6828026569189305,0
2025-03-01 17:00:00+07:00,64.0,22.0,41.0,/dl/web/weather/ic-w-04-scattered-clouds-full.svg,Cần Thơ,0.07543710421353352,0,1.741477227537164,0
2025-03-01 18:00:00+07:00,64.0,21.1,45.0,/dl/web/weather/ic-w-04-scattered-clouds-full.svg,Cần Thơ,0.07543710421353352,0,1.6094594436461385,0
2025-03-01 19:00:00+07:00,64.0,19.5,53.0,/dl/web/weather/ic-w-04-scattered-clouds-full.svg,Cần Thơ,0.07543710421353352,0,1.3747611611732038,0
2025-03-01 20:00:00+07:00,66.0,16.9,65.0,/dl/web/weather/ic-w-04-scattered-clouds-full.svg,Cần Thơ,0.15868776389499217,0,0.9933764521546853,0
2025-03-01 21:00:00+07:00,66.0,16.9,65.0,/dl/web/weather/ic-w-04-scattered-clouds-full.svg,Cần Thơ,0.15868776389499217,0,0.9933764521546853,0
2025-03-01 22:00:00+07:00,66.0,10.6,70.0,/dl/web/weather/ic-w-04-scattered-clouds-full.svg,Cần Thơ,0.15868776389499217,0,0.06925196491750617,0
2025-03-01 23:00:00+07:00,66.0,6.9,74.0,/dl/web/weather/ic-w-04-scattered-clouds-full.svg,Cần Thơ,0.15868776389499217,0,-0.4734878133011545,0
2025-03-02 00:00:00+07:00,66.0,6.1,78.0,/dl/web/weather/ic-w-04-scattered-clouds-full.svg,Cần Thơ,0.15868776389499217,0,-0.5908369545376219,0
2025-03-02 01:00:00+07:00,66.0,6.0,81.0,/dl/web/weather/ic-w-04-scattered-clouds-full.svg,Cần Thơ,0.15868776389499217,0,-0.6055055971921802,0
2025-03-02 02:00:00+07:00,63.0,3.1,84.0,/dl/web/weather/ic-w-04-scattered-clouds-full.svg,Cần Thơ,0.03381177437280418,0,-1.030896234174374,0
2025-03-02 03:00:00+07:00,63.0,2.7,86.0,/dl/web/weather/ic-w-04-scattered-clouds-full.svg,Cần Thơ,0.03381177437280418,0,-1.0895708047926074,0
2025-03-02 04:00:00+07:00,63.0,2.4,88.0,/dl/web/weather/ic-w-04-scattered-clouds-full.svg,Cần Thơ,0.03381177437280418,0,-1.1335767327562827,0
2025-03-02 05:00:00+07:00,70.0,8.2,90.0,/dl/web/weather/ic-w-04-scattered-clouds-full.svg,Cần Thơ,0.3251890832579095,0,-0.2827954587918955,0
2025-03-02 06:00:00+07:00,70.0,8.0,93.0,/dl/web/weather/ic-w-04-scattered-clouds-full.svg,Cần Thơ,0.3251890832579095,0,-0.3121327441010122,0
2025-03-02 07:00:00+07:00,70.0,6.4,88.0,/dl/web/weather/ic-w-04-scattered-clouds-full.svg,Cần Thơ,0.3251890832579095,0,-0.5468310265739466,0
2025-03-02 08:00:00+07:00,72.0,14.3,71.0,/dl/web/weather/ic-w-04-scattered-clouds-full.svg,Cần Thơ,0.40843974293936813,0,0.6119917431361671,0
2025-03-02 09:00:00+07:00,72.0,16.9,57.0,/dl/web/weather/ic-w-04-scattered-clouds-full.svg,Cần Thơ,0.40843974293936813,0,0.9933764521546853,0
2025-03-02 10:00:00+07:00,72.0,15.4,50.0,/dl/web/weather/ic-w-04-scattered-clouds-full.svg,Cần Thơ,0.40843974293936813,0,0.7733468123363095,0
2025-03-02 11:00:00+07:00,65.0,15.4,50.0,/dl/web/weather/ic-w-04-scattered-clouds-full.svg,Cần Thơ,0.11706243405426284,0,0.7733468123363095,0
2025-03-02 12:00:00+07:00,65.0,15.1,44.0,/dl/web/weather/ic-w-04-scattered-clouds-full.svg,Cần Thơ,0.11706243405426284,0,0.7293408843726342,0
2025-03-02 13:00:00+07:00,65.0,15.1,40.0,/dl/web/weather/ic-w-04-scattered-clouds-full.svg,Cần Thơ,0.11706243405426284,0,0.7293408843726342,0
2025-03-02 14:00:00+07:00,61.0,16.1,36.0,/dl/web/weather/ic-w-04-scattered-clouds-full.svg,Cần Thơ,-0.049438885308654486,0,0.8760273109182185,0
2025-03-02 15:00:00+07:00,61.0,17.5,33.0,/dl/web/weather/ic-w-04-scattered-clouds-full.svg,Cần Thơ,-0.049438885308654486,0,1.081388308082036,0
2025-03-02 16:00:00+07:00,61.0,19.3,33.0,/dl/web/weather/ic-w-02-new-clouds-full.svg,Cần Thơ,-0.049438885308654486,0,1.3454238758640873,0
2025-03-02 17:00:00+07:00,64.0,19.2,34.0,/dl/web/weather/ic-w-04-scattered-clouds-full.svg,Cần Thơ,0.07543710421353352,0,1.3307552332095285,0
2025-03-02 18:00:00+07:00,64.0,20.9,38.0,/dl/web/weather/ic-w-04-scattered-clouds-full.svg,Cần Thơ,0.07543710421353352,0,1.5801221583370213,0
2025-03-02 19:00:00+07:00,64.0,21.6,47.0,/dl/web/weather/ic-w-04-scattered-clouds-full.svg,Cần Thơ,0.07543710421353352,0,1.6828026569189305,0
2025-03-02 20:00:00+07:00,66.0,18.8,65.0,/dl/web/weather/ic-w-11-night-few-clouds-full.svg,Cần Thơ,0.15868776389499217,0,1.2720806625912953,0
2025-03-02 21:00:00+07:00,66.0,18.8,65.0,/dl/web/weather/ic-w-11-night-few-clouds-full.svg,Cần Thơ,0.15868776389499217,0,1.2720806625912953,0
2025-03-02 22:00:00+07:00,66.0,15.4,70.0,/dl/web/weather/ic-w-10-night-clear-sky-full.svg,Cần Thơ,0.15868776389499217,0,0.7733468123363095,0
2025-03-02 23:00:00+07:00,67.0,16.4,74.0,/dl/web/weather/ic-w-04-scattered-clouds-full.svg,Cần Thơ,0.2003130937357215,0,0.9200332388818933,0
2025-03-03 00:00:00+07:00,67.0,16.7,78.0,/dl/web/weather/ic-w-04-scattered-clouds-full.svg,Cần Thơ,0.2003130937357215,0,0.9640391668455686,0
2025-03-03 01:00:00+07:00,67.0,12.9,80.0,/dl/web/weather/ic-w-04-scattered-clouds-full.svg,Cần Thơ,0.2003130937357215,0,0.4066307459723495,0
2025-03-03 02:00:00+07:00,68.0,6.8,85.0,/dl/web/weather/ic-w-11-night-few-clouds-full.svg,Cần Thơ,0.24193842357645082,0,-0.48815645595571305,0
2025-03-03 03:00:00+07:00,68.0,6.1,88.0,/dl/web/weather/ic-w-10-night-clear-sky-full.svg,Cần Thơ,0.24193842357645082,0,-0.5908369545376219,0
2025-03-03 04:00:00+07:00,68.0,5.3,90.0,/dl/web/weather/ic-w-10-night-clear-sky-full.svg,Cần Thơ,0.24193842357645082,0,-0.7081860957740891,0
2025-03-03 05:00:00+07:00,73.0,6.0,91.0,/dl/web/weather/ic-w-11-night-few-clouds-full.svg,Cần Thơ,0.4500650727800975,0,-0.6055055971921802,0
2025-03-03 06:00:00+07:00,73.0,6.1,92.0,/dl/web/weather/ic-w-04-scattered-clouds-full.svg,Cần Thơ,0.4500650727800975,0,-0.5908369545376219,0
2025-03-03 07:00:00+07:00,73.0,7.7,86.0,/dl/web/weather/ic-w-04-scattered-clouds-full.svg,Cần Thơ,0.4500650727800975,0,-0.35613867206468736,0
2025-03-03 08:00:00+07:00,79.0,12.1,68.0,/dl/web/weather/ic-w-04-scattered-clouds-full.svg,Cần Thơ,0.6998170518244735,0,0.28928160473588216,0
2025-03-03 09:00:00+07:00,79.0,12.6,56.0,/dl/web/weather/ic-w-04-scattered-clouds-full.svg,Cần Thơ,0.6998170518244735,0,0.3626248180086742,0
2025-03-03 10:00:00+07:00,79.0,13.2,47.0,/dl/web/weather/ic-w-04-scattered-clouds-full.svg,Cần Thơ,0.6998170518244735,0,0.4506366739360245,0
2025-03-03 11:00:00+07:00,66.0,13.2,47.0,/dl/web/weather/ic-w-04-scattered-clouds-full.svg,Cần Thơ,0.15868776389499217,0,0.4506366739360245,0
2025-03-03 12:00:00+07:00,66.0,13.4,41.0,/dl/web/weather/ic-w-04-scattered-clouds-full.svg,Cần Thơ,0.15868776389499217,0,0.4799739592451415,0
2025-03-03 13:00:00+07:00,66.0,13.4,36.0,/dl/web/weather/ic-w-04-scattered-clouds-full.svg,Cần Thơ,0.15868776389499217,0,0.4799739592451415,0
2025-03-03 14:00:00+07:00,58.0,14.5,33.0,/dl/web/weather/ic-w-04-scattered-clouds-full.svg,Cần Thơ,-0.1743148748308425,0,0.6413290284452838,0
2025-03-03 15:00:00+07:00,58.0,16.6,31.0,/dl/web/weather/ic-w-04-scattered-clouds-full.svg,Cần Thơ,-0.1743148748308425,0,0.9493705241910105,0
2025-03-03 16:00:00+07:00,58.0,18.5,31.0,/dl/web/weather/ic-w-04-scattered-clouds-full.svg,Cần Thơ,-0.1743148748308425,0,1.22807473462762,0
2025-03-03 17:00:00+07:00,60.0,19.8,32.0,/dl/web/weather/ic-w-04-scattered-clouds-full.svg,Cần Thơ,-0.09106421514938381,0,1.418767089136879,0
2025-03-03 18:00:00+07:00,60.0,21.2,37.0,/dl/web/weather/ic-w-04-scattered-clouds-full.svg,Cần Thơ,-0.09106421514938381,0,1.6241280863006966,0
2025-03-03 19:00:00+07:00,60.0,18.8,48.0,/dl/web/weather/ic-w-04-scattered-clouds-full.svg,Cần Thơ,-0.09106421514938381,0,1.2720806625912953,0
2025-03-03 20:00:00+07:00,66.0,14.3,65.0,/dl/web/weather/ic-w-04-scattered-clouds-full.svg,Cần Thơ,0.15868776389499217,0,0.6119917431361671,0
2025-03-03 21:00:00+07:00,66.0,14.3,65.0,/dl/web/weather/ic-w-04-scattered-clouds-full.svg,Cần Thơ,0.15868776389499217,0,0.6119917431361671,0
2025-03-03 22:00:00+07:00,66.0,11.9,73.0,/dl/web/weather/ic-w-04-scattered-clouds-full.svg,Cần Thơ,0.15868776389499217,0,0.2599443194267655,0
2025-03-03 23:00:00+07:00,72.0,9.5,79.0,/dl/web/weather/ic-w-04-scattered-clouds-full.svg,Cần Thơ,0.40843974293936813,0,-0.09210310428263618,0
2025-03-04 00:00:00+07:00,72.0,7.6,83.0,/dl/web/weather/ic-w-04-scattered-clouds-full.svg,Cần Thơ,0.40843974293936813,0,-0.37080731471924583,0
2025-03-04 01:00:00+07:00,72.0,7.4,100.0,/dl/web/weather/ic-w-10-night-clear-sky-full.svg,Cần Thơ,0.40843974293936813,0,-0.40014460002836255,0
2025-03-04 02:00:00+07:00,73.0,5.5,100.0,/dl/web/weather/ic-w-11-night-few-clouds-full.svg,Cần Thơ,0.4500650727800975,0,-0.6788488104649723,0
2025-03-04 03:00:00+07:00,73.0,5.5,100.0,/dl/web/weather/ic-w-11-night-few-clouds-full.svg,Cần Thơ,0.4500650727800975,0,-0.6788488104649723,0
2025-03-04 04:00:00+07:00,73.0,1.8,100.0,/dl/web/weather/ic-w-11-night-few-clouds-full.svg,Cần Thơ,0.4500650727800975,0,-1.2215885886836328,0
2025-03-04 05:00:00+07:00,90.0,3.7,100.0,/dl/web/weather/ic-w-11-night-few-clouds-full.svg,Cần Thơ,1.157695680072496,0,-0.9428843782470234,0
2025-03-04 06:00:00+07:00,90.0,0.0,100.0,/dl/web/weather/ic-w-11-night-few-clouds-full.svg,Cần Thơ,1.157695680072496,0,-1.4856241564656842,0
2025-03-04 07:00:00+07:00,90.0,1.8,100.0,/dl/web/weather/ic-w-04-scattered-clouds-full.svg,Cần Thơ,1.157695680072496,0,-1.2215885886836328,0
2025-03-04 08:00:00+07:00,106.0,0.0,94.0,/dl/web/weather/ic-w-02-new-clouds-full.svg,Cần Thơ,1.8237009575241654,0,-1.4856241564656842,0
2025-03-04 09:00:00+07:00,106.0,5.5,83.0,/dl/web/weather/ic-w-04-scattered-clouds-full.svg,Cần Thơ,1.8237009575241654,0,-0.6788488104649723,0
2025-03-04 10:00:00+07:00,106.0,5.5,83.0,/dl/web/weather/ic-w-04-scattered-clouds-full.svg,Cần Thơ,1.8237009575241654,0,-0.6788488104649723,0
2025-03-04 11:00:00+07:00,65.0,9.2,79.0,/dl/web/weather/ic-w-04-scattered-clouds-full.svg,Cần Thơ,0.11706243405426284,0,-0.1361090322463115,0
2025-03-04 12:00:00+07:00,65.0,5.5,79.0,/dl/web/weather/ic-w-04-scattered-clouds-full.svg,Cần Thơ,0.11706243405426284,0,-0.6788488104649723,0
2025-03-04 13:00:00+07:00,65.0,5.5,74.0,/dl/web/weather/ic-w-04-scattered-clouds-full.svg,Cần Thơ,0.11706243405426284,0,-0.6788488104649723,0
2025-03-04 14:00:00+07:00,57.0,5.5,70.0,/dl/web/weather/ic-w-04-scattered-clouds-full.svg,Cần Thơ,-0.2159402046715718,0,-0.6788488104649723,0
2025-03-04 15:00:00+07:00,57.0,3.7,58.0,/dl/web/weather/ic-w-04-scattered-clouds-full.svg,Cần Thơ,-0.2159402046715718,0,-0.9428843782470234,0
2025-03-04 16:00:00+07:00,57.0,3.7,62.0,/dl/web/weather/ic-w-04-scattered-clouds-full.svg,Cần Thơ,-0.2159402046715718,0,-0.9428843782470234,0
2025-03-04 17:00:00+07:00,61.0,7.4,62.0,/dl/web/weather/ic-w-04-scattered-clouds-full.svg,Cần Thơ,-0.049438885308654486,0,-0.40014460002836255,0
2025-03-04 18:00:00+07:00,61.0,3.7,70.0,/dl/web/weather/ic-w-04-scattered-clouds-full.svg,Cần Thơ,-0.049438885308654486,0,-0.9428843782470234,0
2025-03-04 19:00:00+07:00,61.0,3.7,70.0,/dl/web/weather/ic-w-04-scattered-clouds-full.svg,Cần Thơ,-0.049438885308654486,0,-0.9428843782470234,0
2025-03-04 20:00:00+07:00,72.0,3.7,83.0,/dl/web/weather/ic-w-11-night-few-clouds-full.svg,Cần Thơ,0.40843974293936813,0,-0.9428843782470234,0
2025-03-04 21:00:00+07:00,72.0,3.7,83.0,/dl/web/weather/ic-w-11-night-few-clouds-full.svg,Cần Thơ,0.40843974293936813,0,-0.9428843782470234,0
2025-03-04 22:00:00+07:00,72.0,7.4,83.0,/dl/web/weather/ic-w-11-night-few-clouds-full.svg,Cần Thơ,0.40843974293936813,0,-0.40014460002836255,0
2025-03-04 23:00:00+07:00,68.0,5.5,89.0,/dl/web/weather/ic-w-11-night-few-clouds-full.svg,Cần Thơ,0.24193842357645082,0,-0.6788488104649723,0
2025-03-05 00:00:00+07:00,68.0,5.5,89.0,/dl/web/weather/ic-w-11-night-few-clouds-full.svg,Cần Thơ,0.24193842357645082,0,-0.6788488104649723,0
2025-03-05 01:00:00+07:00,68.0,5.5,89.0,/dl/web/weather/ic-w-11-night-few-clouds-full.svg,Cần Thơ,0.24193842357645082,0,-0.6788488104649723,0
2025-03-05 02:00:00+07:00,66.0,5.5,89.0,/dl/web/weather/ic-w-11-night-few-clouds-full.svg,Cần Thơ,0.15868776389499217,0,-0.6788488104649723,0
2025-03-05 03:00:00+07:00,66.0,6.3,87.0,/dl/web/weather/ic-w-11-night-few-clouds-full.svg,Cần Thơ,0.15868776389499217,0,-0.561499669228505,0
2025-03-05 04:00:00+07:00,66.0,3.7,100.0,/dl/web/weather/ic-w-11-night-few-clouds-full.svg,Cần Thơ,0.15868776389499217,0,-0.9428843782470234,0
2025-03-05 05:00:00+07:00,80.0,3.7,100.0,/dl/web/weather/ic-w-11-night-few-clouds-full.svg,Cần Thơ,0.7414423816652028,0,-0.9428843782470234,0
2025-03-05 06:00:00+07:00,80.0,3.7,100.0,/dl/web/weather/ic-w-11-night-few-clouds-full.svg,Cần Thơ,0.7414423816652028,0,-0.9428843782470234,0
2025-03-05 07:00:00+07:00,80.0,1.8,100.0,/dl/web/weather/ic-w-02-new-clouds-full.svg,Cần Thơ,0.7414423816652028,0,-1.2215885886836328,0
2025-03-05 08:00:00+07:00,106.0,5.5,94.0,/dl/web/weather/ic-w-01-clear-sky-full.svg,Cần Thơ,1.8237009575241654,0,-0.6788488104649723,0
2025-03-05 09:00:00+07:00,106.0,3.7,84.0,/dl/web/weather/ic-w-02-new-clouds-full.svg,Cần Thơ,1.8237009575241654,0,-0.9428843782470234,0
2025-03-05 10:00:00+07:00,106.0,3.7,84.0,/dl/web/weather/ic-w-02-new-clouds-full.svg,Cần Thơ,1.8237009575241654,0,-0.9428843782470234,0
2025-03-05 11:00:00+07:00,70.0,5.5,74.0,/dl/web/weather/ic-w-04-scattered-clouds-full.svg,Cần Thơ,0.3251890832579095,0,-0.6788488104649723,0
2025-03-05 12:00:00+07:00,70.0,3.7,66.0,/dl/web/weather/ic-w-04-scattered-clouds-full.svg,Cần Thơ,0.3251890832579095,0,-0.9428843782470234,0
2025-03-05 13:00:00+07:00,70.0,3.7,66.0,/dl/web/weather/ic-w-04-scattered-clouds-full.svg,Cần Thơ,0.3251890832579095,0,-0.9428843782470234,0
2025-03-05 14:00:00+07:00,66.0,5.5,62.0,/dl/web/weather/ic-w-04-scattered-clouds-full.svg,Cần Thơ,0.15868776389499217,0,-0.6788488104649723,0
2025-03-05 15:00:00+07:00,66.0,9.2,62.0,/dl/web/weather/ic-w-04-scattered-clouds-full.svg,Cần Thơ,0.15868776389499217,0,-0.1361090322463115,0
2025-03-05 16:00:00+07:00,66.0,5.5,66.0,/dl/web/weather/ic-w-04-scattered-clouds-full.svg,Cần Thơ,0.15868776389499217,0,-0.6788488104649723,0
2025-03-05 17:00:00+07:00,67.0,9.2,66.0,/dl/web/weather/ic-w-04-scattered-clouds-full.svg,Cần Thơ,0.2003130937357215,0,-0.1361090322463115,0
2025-03-05 18:00:00+07:00,67.0,1.8,66.0,/dl/web/weather/ic-w-04-scattered-clouds-full.svg,Cần Thơ,0.2003130937357215,0,-1.2215885886836328,0
2025-03-05 19:00:00+07:00,67.0,3.7,66.0,/dl/web/weather/ic-w-04-scattered-clouds-full.svg,Cần Thơ,0.2003130937357215,0,-0.9428843782470234,0
2025-03-05 20:00:00+07:00,66.0,14.8,89.0,/dl/web/weather/ic-w-04-scattered-clouds-full.svg,Cần Thơ,0.15868776389499217,0,0.6853349564089591,0
2025-03-05 21:00:00+07:00,66.0,14.8,89.0,/dl/web/weather/ic-w-04-scattered-clouds-full.svg,Cần Thơ,0.15868776389499217,0,0.6853349564089591,0
2025-03-05 22:00:00+07:00,66.0,7.4,89.0,/dl/web/weather/ic-w-11-night-few-clouds-full.svg,Cần Thơ,0.15868776389499217,0,-0.40014460002836255,0
2025-03-05 23:00:00+07:00,64.0,13.0,89.0,/dl/web/weather/ic-w-11-night-few-clouds-full.svg,Cần Thơ,0.07543710421353352,0,0.42129938862690786,0
2025-03-06 00:00:00+07:00,64.0,7.4,94.0,/dl/web/weather/ic-w-11-night-few-clouds-full.svg,Cần Thơ,0.07543710421353352,0,-0.40014460002836255,0
2025-03-06 01:00:00+07:00,64.0,7.4,94.0,/dl/web/weather/ic-w-11-night-few-clouds-full.svg,Cần Thơ,0.07543710421353352,0,-0.40014460002836255,0
2025-03-06 02:00:00+07:00,63.0,5.5,100.0,/dl/web/weather/ic-w-11-night-few-clouds-full.svg,Cần Thơ,0.03381177437280418,0,-0.6788488104649723,0
2025-03-06 03:00:00+07:00,63.0,5.5,100.0,/dl/web/weather/ic-w-11-night-few-clouds-full.svg,Cần Thơ,0.03381177437280418,0,-0.6788488104649723,0
2025-03-06 04:00:00+07:00,63.0,3.7,100.0,/dl/web/weather/ic-w-11-night-few-clouds-full.svg,Cần Thơ,0.03381177437280418,0,-0.9428843782470234,0
2025-03-06 05:00:00+07:00,73.0,3.7,100.0,/dl/web/weather/ic-w-11-night-few-clouds-full.svg,Cần Thơ,0.4500650727800975,0,-0.9428843782470234,0
2025-03-06 06:00:00+07:00,73.0,3.7,100.0,/dl/web/weather/ic-w-11-night-few-clouds-full.svg,Cần Thơ,0.4500650727800975,0,-0.9428843782470234,0
2025-03-06 07:00:00+07:00,73.0,3.7,100.0,/dl/web/weather/ic-w-02-new-clouds-full.svg,Cần Thơ,0.4500650727800975,0,-0.9428843782470234,0
2025-03-06 08:00:00+07:00,77.0,1.8,94.0,/dl/web/weather/ic-w-02-new-clouds-full.svg,Cần Thơ,0.6165663921430148,0,-1.2215885886836328,0
2025-03-06 09:00:00+07:00,77.0,13.0,83.0,/dl/web/weather/ic-w-04-scattered-clouds-full.svg,Cần Thơ,0.6165663921430148,0,0.42129938862690786,0
2025-03-06 10:00:00+07:00,77.0,9.2,83.0,/dl/web/weather/ic-w-04-scattered-clouds-full.svg,Cần Thơ,0.6165663921430148,0,-0.1361090322463115,0
2025-03-06 11:00:00+07:00,65.0,9.2,83.0,/dl/web/weather/ic-w-04-scattered-clouds-full.svg,Cần Thơ,0.11706243405426284,0,-0.1361090322463115,0
2025-03-06 12:00:00+07:00,65.0,11.1,74.0,/dl/web/weather/ic-w-04-scattered-clouds-full.svg,Cần Thơ,0.11706243405426284,0,0.14259517819029818,0
2025-03-06 13:00:00+07:00,65.0,16.7,62.0,/dl/web/weather/ic-w-04-scattered-clouds-full.svg,Cần Thơ,0.11706243405426284,0,0.9640391668455686,0
2025-03-06 14:00:00+07:00,59.0,14.8,62.0,/dl/web/weather/ic-w-04-scattered-clouds-full.svg,Cần Thơ,-0.13268954499011315,0,0.6853349564089591,0
2025-03-06 15:00:00+07:00,59.0,13.0,58.0,/dl/web/weather/ic-w-04-scattered-clouds-full.svg,Cần Thơ,-0.13268954499011315,0,0.42129938862690786,0
2025-03-06 16:00:00+07:00,59.0,9.2,62.0,/dl/web/weather/ic-w-04-scattered-clouds-full.svg,Cần Thơ,-0.13268954499011315,0,-0.1361090322463115,0
2025-03-06 17:00:00+07:00,61.0,13.0,62.0,/dl/web/weather/ic-w-04-scattered-clouds-full.svg,Cần Thơ,-0.049438885308654486,0,0.42129938862690786,0
2025-03-06 18:00:00+07:00,61.0,11.1,62.0,/dl/web/weather/ic-w-04-scattered-clouds-full.svg,Cần Thơ,-0.049438885308654486,0,0.14259517819029818,0
2025-03-06 19:00:00+07:00,61.0,13.0,66.0,/dl/web/weather/ic-w-02-new-clouds-full.svg,Cần Thơ,-0.049438885308654486,0,0.42129938862690786,0
2025-03-06 20:00:00+07:00,69.0,13.0,83.0,/dl/web/weather/ic-w-11-night-few-clouds-full.svg,Cần Thơ,0.28356375341718015,0,0.42129938862690786,0
2025-03-06 21:00:00+07:00,69.0,13.0,83.0,/dl/web/weather/ic-w-11-night-few-clouds-full.svg,Cần Thơ,0.28356375341718015,0,0.42129938862690786,0
2025-03-06 22:00:00+07:00,69.0,9.2,89.0,/dl/web/weather/ic-w-11-night-few-clouds-full.svg,Cần Thơ,0.28356375341718015,0,-0.1361090322463115,0
2025-03-06 23:00:00+07:00,64.0,7.4,89.0,/dl/web/weather/ic-w-10-night-clear-sky-full.svg,Cần Thơ,0.07543710421353352,0,-0.40014460002836255,0
2025-03-07 00:00:00+07:00,64.0,7.4,94.0,/dl/web/weather/ic-w-10-night-clear-sky-full.svg,Cần Thơ,0.07543710421353352,0,-0.40014460002836255,0
2025-03-07 01:00:00+07:00,64.0,5.5,94.0,/dl/web/weather/ic-w-10-night-clear-sky-full.svg,Cần Thơ,0.07543710421353352,0,-0.6788488104649723,0
2025-03-07 02:00:00+07:00,61.0,7.4,94.0,/dl/web/weather/ic-w-10-night-clear-sky-full.svg,Cần Thơ,-0.049438885308654486,0,-0.40014460002836255,0
2025-03-07 03:00:00+07:00,61.0,3.7,100.0,/dl/web/weather/ic-w-04-scattered-clouds-full.svg,Cần Thơ,-0.049438885308654486,0,-0.9428843782470234,0
2025-03-07 04:00:00+07:00,61.0,1.8,100.0,/dl/web/weather/ic-w-04-scattered-clouds-full.svg,Cần Thơ,-0.049438885308654486,0,-1.2215885886836328,0
2025-03-07 05:00:00+07:00,72.0,1.8,100.0,/dl/web/weather/ic-w-04-scattered-clouds-full.svg,Cần Thơ,0.40843974293936813,0,-1.2215885886836328,0
2025-03-07 06:00:00+07:00,72.0,3.7,100.0,/dl/web/weather/ic-w-04-scattered-clouds-full.svg,Cần Thơ,0.40843974293936813,0,-0.9428843782470234,0
2025-03-07 07:00:00+07:00,72.0,1.8,100.0,/dl/web/weather/ic-w-04-scattered-clouds-full.svg,Cần Thơ,0.40843974293936813,0,-1.2215885886836328,0
2025-03-07 08:00:00+07:00,76.0,13.0,89.0,/dl/web/weather/ic-w-02-new-clouds-full.svg,Cần Thơ,0.5749410623022855,0,0.42129938862690786,0
2025-03-07 09:00:00+07:00,76.0,16.7,79.0,/dl/web/weather/ic-w-02-new-clouds-full.svg,Cần Thơ,0.5749410623022855,0,0.9640391668455686,0
2025-03-07 10:00:00+07:00,76.0,22.2,74.0,/dl/web/weather/ic-w-02-new-clouds-full.svg,Cần Thơ,0.5749410623022855,0,1.7708145128462807,0
2025-03-07 11:00:00+07:00,58.0,22.2,74.0,/dl/web/weather/ic-w-02-new-clouds-full.svg,Cần Thơ,-0.1743148748308425,0,1.7708145128462807,0
2025-03-07 12:00:00+07:00,58.0,20.4,70.0,/dl/web/weather/ic-w-04-scattered-clouds-full.svg,Cần Thơ,-0.1743148748308425,0,1.5067789450642293,0
2025-03-07 13:00:00+07:00,58.0,20.4,66.0,/dl/web/weather/ic-w-04-scattered-clouds-full.svg,Cần Thơ,-0.1743148748308425,0,1.5067789450642293,0
2025-03-07 14:00:00+07:00,56.0,20.4,62.0,/dl/web/weather/ic-w-04-scattered-clouds-full.svg,Cần Thơ,-0.25756553451230113,0,1.5067789450642293,0
2025-03-07 15:00:00+07:00,56.0,25.9,59.0,/dl/web/weather/ic-w-04-scattered-clouds-full.svg,Cần Thơ,-0.25756553451230113,0,2.3135542910649414,0
2025-03-07 16:00:00+07:00,56.0,25.9,62.0,/dl/web/weather/ic-w-04-scattered-clouds-full.svg,Cần Thơ,-0.25756553451230113,0,2.3135542910649414,0
2025-03-07 17:00:00+07:00,52.0,25.9,62.0,/dl/web/weather/ic-w-04-scattered-clouds-full.svg,Cần Thơ,-0.4240668538752185,0,2.3135542910649414,0
2025-03-07 18:00:00+07:00,52.0,22.2,66.0,/dl/web/weather/ic-w-04-scattered-clouds-full.svg,Cần Thơ,-0.4240668538752185,0,1.7708145128462807,0
2025-03-07 19:00:00+07:00,52.0,22.2,70.0,/dl/web/weather/ic-w-02-new-clouds-full.svg,Cần Thơ,-0.4240668538752185,0,1.7708145128462807,0
2025-03-07 20:00:00+07:00,53.0,13.0,83.0,/dl/web/weather/ic-w-11-night-few-clouds-full.svg,Cần Thơ,-0.3824415240344891,0,0.42129938862690786,0
2025-03-07 21:00:00+07:00,53.0,13.0,83.0,/dl/web/weather/ic-w-11-night-few-clouds-full.svg,Cần Thơ,-0.3824415240344891,0,0.42129938862690786,0
2025-03-07 22:00:00+07:00,53.0,16.7,83.0,/dl/web/weather/ic-w-11-night-few-clouds-full.svg,Cần Thơ,-0.3824415240344891,0,0.9640391668455686,0
2025-03-07 23:00:00+07:00,59.0,16.7,83.0,/dl/web/weather/ic-w-10-night-clear-sky-full.svg,Cần Thơ,-0.13268954499011315,0,0.9640391668455686,0
2025-03-08 00:00:00+07:00,59.0,16.7,89.0,/dl/web/weather/ic-w-10-night-clear-sky-full.svg,Cần Thơ,-0.13268954499011315,0,0.9640391668455686,0
2025-03-08 01:00:00+07:00,59.0,16.7,89.0,/dl/web/weather/ic-w-10-night-clear-sky-full.svg,Cần Thơ,-0.13268954499011315,0,0.9640391668455686,0
2025-03-08 02:00:00+07:00,53.0,14.8,89.0,/dl/web/weather/ic-w-10-night-clear-sky-full.svg,Cần Thơ,-0.3824415240344891,0,0.6853349564089591,0
2025-03-08 03:00:00+07:00,53.0,16.7,89.0,/dl/web/weather/ic-w-10-night-clear-sky-full.svg,Cần Thơ,-0.3824415240344891,0,0.9640391668455686,0
2025-03-08 05:00:00+07:00,57.0,16.7,89.0,/dl/web/weather/ic-w-11-night-few-clouds-full.svg,Cần Thơ,-0.2159402046715718,0,0.9640391668455686,0
2025-03-08 06:00:00+07:00,57.0,16.7,89.0,/dl/web/weather/ic-w-11-night-few-clouds-full.svg,Cần Thơ,-0.2159402046715718,0,0.9640391668455686,0
2025-03-08 07:00:00+07:00,57.0,9.2,94.0,/dl/web/weather/ic-w-04-scattered-clouds-full.svg,Cần Thơ,-0.2159402046715718,0,-0.1361090322463115,0
2025-03-08 08:00:00+07:00,66.0,9.2,94.0,/dl/web/weather/ic-w-02-new-clouds-full.svg,Cần Thơ,0.15868776389499217,0,-0.1361090322463115,0
2025-03-08 09:00:00+07:00,66.0,16.7,83.0,/dl/web/weather/ic-w-02-new-clouds-full.svg,Cần Thơ,0.15868776389499217,0,0.9640391668455686,0
2025-03-08 10:00:00+07:00,66.0,16.7,83.0,/dl/web/weather/ic-w-02-new-clouds-full.svg,Cần Thơ,0.15868776389499217,0,0.9640391668455686,0
2025-03-08 11:00:00+07:00,60.0,16.7,79.0,/dl/web/weather/ic-w-04-scattered-clouds-full.svg,Cần Thơ,-0.09106421514938381,0,0.9640391668455686,0
2025-03-08 12:00:00+07:00,60.0,13.0,70.0,/dl/web/weather/ic-w-04-scattered-clouds-full.svg,Cần Thơ,-0.09106421514938381,0,0.42129938862690786,0
2025-03-08 13:00:00+07:00,60.0,13.0,74.0,/dl/web/weather/ic-w-04-scattered-clouds-full.svg,Cần Thơ,-0.09106421514938381,0,0.42129938862690786,0
2025-03-08 14:00:00+07:00,59.0,13.0,70.0,/dl/web/weather/ic-w-04-scattered-clouds-full.svg,Cần Thơ,-0.13268954499011315,0,0.42129938862690786,0
2025-03-08 15:00:00+07:00,59.0,14.8,66.0,/dl/web/weather/ic-w-04-scattered-clouds-full.svg,Cần Thơ,-0.13268954499011315,0,0.6853349564089591,0
2025-03-08 16:00:00+07:00,59.0,16.7,58.0,/dl/web/weather/ic-w-04-scattered-clouds-full.svg,Cần Thơ,-0.13268954499011315,0,0.9640391668455686,0
2025-03-08 17:00:00+07:00,58.0,7.4,62.0,/dl/web/weather/ic-w-04-scattered-clouds-full.svg,Cần Thơ,-0.1743148748308425,0,-0.40014460002836255,0
2025-03-08 18:00:00+07:00,58.0,11.1,62.0,/dl/web/weather/ic-w-04-scattered-clouds-full.svg,Cần Thơ,-0.1743148748308425,0,0.14259517819029818,0
2025-03-08 19:00:00+07:00,58.0,11.1,58.0,/dl/web/weather/ic-w-02-new-clouds-full.svg,Cần Thơ,-0.1743148748308425,0,0.14259517819029818,0
2025-03-08 20:00:00+07:00,56.0,11.1,79.0,/dl/web/weather/ic-w-11-night-few-clouds-full.svg,Cần Thơ,-0.25756553451230113,0,0.14259517819029818,0
2025-03-08 21:00:00+07:00,56.0,13.0,78.0,/dl/web/weather/ic-w-11-night-few-clouds-full.svg,Cần Thơ,-0.25756553451230113,0,0.42129938862690786,0
2025-03-08 22:00:00+07:00,56.0,13.0,83.0,/dl/web/weather/ic-w-11-night-few-clouds-full.svg,Cần Thơ,-0.25756553451230113,0,0.42129938862690786,0
2025-03-08 23:00:00+07:00,59.0,11.1,83.0,/dl/web/weather/ic-w-11-night-few-clouds-full.svg,Cần Thơ,-0.13268954499011315,0,0.14259517819029818,0
2025-03-09 00:00:00+07:00,59.0,11.1,89.0,/dl/web/weather/ic-w-11-night-few-clouds-full.svg,Cần Thơ,-0.13268954499011315,0,0.14259517819029818,0
2025-03-09 01:00:00+07:00,59.0,11.1,89.0,/dl/web/weather/ic-w-11-night-few-clouds-full.svg,Cần Thơ,-0.13268954499011315,0,0.14259517819029818,0
2025-03-09 02:00:00+07:00,68.0,11.1,89.0,/dl/web/weather/ic-w-11-night-few-clouds-full.svg,Cần Thơ,0.24193842357645082,0,0.14259517819029818,0
2025-03-09 03:00:00+07:00,68.0,9.2,89.0,/dl/web/weather/ic-w-11-night-few-clouds-full.svg,Cần Thơ,0.24193842357645082,0,-0.1361090322463115,0
2025-03-09 04:00:00+07:00,68.0,7.4,89.0,/dl/web/weather/ic-w-11-night-few-clouds-full.svg,Cần Thơ,0.24193842357645082,0,-0.40014460002836255,0
2025-03-09 05:00:00+07:00,70.0,7.4,94.0,/dl/web/weather/ic-w-11-night-few-clouds-full.svg,Cần Thơ,0.3251890832579095,0,-0.40014460002836255,0
2025-03-09 06:00:00+07:00,70.0,9.2,94.0,/dl/web/weather/ic-w-11-night-few-clouds-full.svg,Cần Thơ,0.3251890832579095,0,-0.1361090322463115,0
2025-03-09 07:00:00+07:00,70.0,5.5,100.0,/dl/web/weather/ic-w-04-scattered-clouds-full.svg,Cần Thơ,0.3251890832579095,0,-0.6788488104649723,0
2025-03-09 08:00:00+07:00,82.0,9.2,83.0,/dl/web/weather/ic-w-01-clear-sky-full.svg,Cần Thơ,0.8246930413466614,0,-0.1361090322463115,0
2025-03-09 09:00:00+07:00,82.0,7.4,83.0,/dl/web/weather/ic-w-01-clear-sky-full.svg,Cần Thơ,0.8246930413466614,0,-0.40014460002836255,0
2025-03-09 10:00:00+07:00,82.0,7.4,83.0,/dl/web/weather/ic-w-01-clear-sky-full.svg,Cần Thơ,0.8246930413466614,0,-0.40014460002836255,0
2025-03-09 11:00:00+07:00,67.0,7.4,83.0,/dl/web/weather/ic-w-04-scattered-clouds-full.svg,Cần Thơ,0.2003130937357215,0,-0.40014460002836255,0
2025-03-09 12:00:00+07:00,67.0,11.1,79.0,/dl/web/weather/ic-w-04-scattered-clouds-full.svg,Cần Thơ,0.2003130937357215,0,0.14259517819029818,0
2025-03-09 13:00:00+07:00,67.0,9.2,74.0,/dl/web/weather/ic-w-04-scattered-clouds-full.svg,Cần Thơ,0.2003130937357215,0,-0.1361090322463115,0
2025-03-09 14:00:00+07:00,65.0,11.1,74.0,/dl/web/weather/ic-w-04-scattered-clouds-full.svg,Cần Thơ,0.11706243405426284,0,0.14259517819029818,0
2025-03-09 15:00:00+07:00,65.0,5.5,79.0,/dl/web/weather/ic-w-04-scattered-clouds-full.svg,Cần Thơ,0.11706243405426284,0,-0.6788488104649723,0
2025-03-09 16:00:00+07:00,65.0,16.7,66.0,/dl/web/weather/ic-w-04-scattered-clouds-full.svg,Cần Thơ,0.11706243405426284,0,0.9640391668455686,0
2025-03-09 17:00:00+07:00,56.0,14.8,58.0,/dl/web/weather/ic-w-04-scattered-clouds-full.svg,Cần Thơ,-0.25756553451230113,0,0.6853349564089591,0
2025-03-09 18:00:00+07:00,56.0,20.4,74.0,/dl/web/weather/ic-w-04-scattered-clouds-full.svg,Cần Thơ,-0.25756553451230113,0,1.5067789450642293,0
2025-03-09 19:00:00+07:00,56.0,7.4,79.0,/dl/web/weather/ic-w-04-scattered-clouds-full.svg,Cần Thơ,-0.25756553451230113,0,-0.40014460002836255,0
2025-03-09 20:00:00+07:00,56.0,11.1,79.0,/dl/web/weather/ic-w-04-scattered-clouds-full.svg,Cần Thơ,-0.25756553451230113,0,0.14259517819029818,0
2025-03-09 21:00:00+07:00,56.0,14.8,78.0,/dl/web/weather/ic-w-04-scattered-clouds-full.svg,Cần Thơ,-0.25756553451230113,0,0.6853349564089591,0
2025-03-09 22:00:00+07:00,56.0,16.7,78.0,/dl/web/weather/ic-w-04-scattered-clouds-full.svg,Cần Thơ,-0.25756553451230113,0,0.9640391668455686,0
2025-03-09 23:00:00+07:00,58.0,14.8,89.0,/dl/web/weather/ic-w-04-scattered-clouds-full.svg,Cần Thơ,-0.1743148748308425,0,0.6853349564089591,0
2025-03-10 00:00:00+07:00,58.0,13.0,83.0,/dl/web/weather/ic-w-04-scattered-clouds-full.svg,Cần Thơ,-0.1743148748308425,0,0.42129938862690786,0
2025-03-10 01:00:00+07:00,58.0,9.2,89.0,/dl/web/weather/ic-w-04-scattered-clouds-full.svg,Cần Thơ,-0.1743148748308425,0,-0.1361090322463115,0
2025-03-10 02:00:00+07:00,61.0,9.2,83.0,/dl/web/weather/ic-w-04-scattered-clouds-full.svg,Cần Thơ,-0.049438885308654486,0,-0.1361090322463115,0
2025-03-10 03:00:00+07:00,61.0,7.4,83.0,/dl/web/weather/ic-w-04-scattered-clouds-full.svg,Cần Thơ,-0.049438885308654486,0,-0.40014460002836255,0
2025-03-10 04:00:00+07:00,61.0,5.5,89.0,/dl/web/weather/ic-w-04-scattered-clouds-full.svg,Cần Thơ,-0.049438885308654486,0,-0.6788488104649723,0
2025-03-10 05:00:00+07:00,61.0,7.4,89.0,/dl/web/weather/ic-w-04-scattered-clouds-full.svg,Cần Thơ,-0.049438885308654486,0,-0.40014460002836255,0
2025-03-10 06:00:00+07:00,61.0,11.1,89.0,/dl/web/weather/ic-w-04-scattered-clouds-full.svg,Cần Thơ,-0.049438885308654486,0,0.14259517819029818,0
2025-03-10 07:00:00+07:00,61.0,7.4,94.0,/dl/web/weather/ic-w-04-scattered-clouds-full.svg,Cần Thơ,-0.049438885308654486,0,-0.40014460002836255,0
2025-03-10 08:00:00+07:00,68.0,9.2,94.0,/dl/web/weather/ic-w-04-scattered-clouds-full.svg,Cần Thơ,0.24193842357645082,0,-0.1361090322463115,0
2025-03-10 09:00:00+07:00,68.0,9.2,94.0,/dl/web/weather/ic-w-04-scattered-clouds-full.svg,Cần Thơ,0.24193842357645082,0,-0.1361090322463115,0
2025-03-10 10:00:00+07:00,68.0,7.4,89.0,/dl/web/weather/ic-w-04-scattered-clouds-full.svg,Cần Thơ,0.24193842357645082,0,-0.40014460002836255,0
2025-03-10 11:00:00+07:00,65.0,9.2,79.0,/dl/web/weather/ic-w-04-scattered-clouds-full.svg,Cần Thơ,0.11706243405426284,0,-0.1361090322463115,0
2025-03-10 12:00:00+07:00,65.0,13.0,79.0,/dl/web/weather/ic-w-02-new-clouds-full.svg,Cần Thơ,0.11706243405426284,0,0.42129938862690786,0
2025-03-10 13:00:00+07:00,65.0,13.0,79.0,/dl/web/weather/ic-w-02-new-clouds-full.svg,Cần Thơ,0.11706243405426284,0,0.42129938862690786,0
2025-03-10 14:00:00+07:00,65.0,13.0,70.0,/dl/web/weather/ic-w-04-scattered-clouds-full.svg,Cần Thơ,0.11706243405426284,0,0.42129938862690786,0
2025-03-10 15:00:00+07:00,65.0,22.2,66.0,/dl/web/weather/ic-w-04-scattered-clouds-full.svg,Cần Thơ,0.11706243405426284,0,1.7708145128462807,0
2025-03-10 16:00:00+07:00,65.0,29.6,58.0,/dl/web/weather/ic-w-04-scattered-clouds-full.svg,Cần Thơ,0.11706243405426284,0,2.8562940692836025,0
2025-03-10 17:00:00+07:00,61.0,29.6,58.0,/dl/web/weather/ic-w-02-new-clouds-full.svg,Cần Thơ,-0.049438885308654486,0,2.8562940692836025,0
2025-03-10 18:00:00+07:00,61.0,25.9,62.0,/dl/web/weather/ic-w-02-new-clouds-full.svg,Cần Thơ,-0.049438885308654486,0,2.3135542910649414,0
2025-03-10 19:00:00+07:00,61.0,24.1,70.0,/dl/web/weather/ic-w-02-new-clouds-full.svg,Cần Thơ,-0.049438885308654486,0,2.0495187232828904,0
2025-03-10 20:00:00+07:00,63.0,18.5,83.0,/dl/web/weather/ic-w-04-scattered-clouds-full.svg,Cần Thơ,0.03381177437280418,0,1.22807473462762,0
2025-03-10 21:00:00+07:00,63.0,18.5,83.0,/dl/web/weather/ic-w-04-scattered-clouds-full.svg,Cần Thơ,0.03381177437280418,0,1.22807473462762,0
2025-03-10 22:00:00+07:00,63.0,16.7,89.0,/dl/web/weather/ic-w-04-scattered-clouds-full.svg,Cần Thơ,0.03381177437280418,0,0.9640391668455686,0
2025-03-10 23:00:00+07:00,64.0,16.7,89.0,/dl/web/weather/ic-w-04-scattered-clouds-full.svg,Cần Thơ,0.07543710421353352,0,0.9640391668455686,0
2025-03-11 00:00:00+07:00,64.0,16.7,83.0,/dl/web/weather/ic-w-04-scattered-clouds-full.svg,Cần Thơ,0.07543710421353352,0,0.9640391668455686,0
2025-03-11 01:00:00+07:00,64.0,16.7,83.0,/dl/web/weather/ic-w-04-scattered-clouds-full.svg,Cần Thơ,0.07543710421353352,0,0.9640391668455686,0
2025-03-11 02:00:00+07:00,65.0,13.0,83.0,/dl/web/weather/ic-w-04-scattered-clouds-full.svg,Cần Thơ,0.11706243405426284,0,0.42129938862690786,0
2025-03-11 03:00:00+07:00,65.0,13.0,89.0,/dl/web/weather/ic-w-04-scattered-clouds-full.svg,Cần Thơ,0.11706243405426284,0,0.42129938862690786,0
2025-03-11 04:00:00+07:00,65.0,5.5,89.0,/dl/web/weather/ic-w-04-scattered-clouds-full.svg,Cần Thơ,0.11706243405426284,0,-0.6788488104649723,0
2025-03-11 05:00:00+07:00,66.0,7.4,94.0,/dl/web/weather/ic-w-04-scattered-clouds-full.svg,Cần Thơ,0.15868776389499217,0,-0.40014460002836255,0
2025-03-11 06:00:00+07:00,66.0,3.7,94.0,/dl/web/weather/ic-w-04-scattered-clouds-full.svg,Cần Thơ,0.15868776389499217,0,-0.9428843782470234,0
2025-03-11 07:00:00+07:00,66.0,3.7,100.0,/dl/web/weather/ic-w-04-scattered-clouds-full.svg,Cần Thơ,0.15868776389499217,0,-0.9428843782470234,0
2025-03-11 08:00:00+07:00,69.0,7.4,94.0,/dl/web/weather/ic-w-01-clear-sky-full.svg,Cần Thơ,0.28356375341718015,0,-0.40014460002836255,0
2025-03-11 09:00:00+07:00,69.0,9.2,79.0,/dl/web/weather/ic-w-01-clear-sky-full.svg,Cần Thơ,0.28356375341718015,0,-0.1361090322463115,0
2025-03-11 10:00:00+07:00,69.0,11.1,74.0,/dl/web/weather/ic-w-02-new-clouds-full.svg,Cần Thơ,0.28356375341718015,0,0.14259517819029818,0
2025-03-11 11:00:00+07:00,65.0,11.1,74.0,/dl/web/weather/ic-w-02-new-clouds-full.svg,Cần Thơ,0.11706243405426284,0,0.14259517819029818,0
2025-03-11 12:00:00+07:00,65.0,13.0,70.0,/dl/web/weather/ic-w-04-scattered-clouds-full.svg,Cần Thơ,0.11706243405426284,0,0.42129938862690786,0
2025-03-11 13:00:00+07:00,65.0,14.8,70.0,/dl/web/weather/ic-w-04-scattered-clouds-full.svg,Cần Thơ,0.11706243405426284,0,0.6853349564089591,0
2025-03-11 14:00:00+07:00,65.0,25.9,55.0,/dl/web/weather/ic-w-04-scattered-clouds-full.svg,Cần Thơ,0.11706243405426284,0,2.3135542910649414,0
2025-03-11 15:00:00+07:00,65.0,18.5,58.0,/dl/web/weather/ic-w-04-scattered-clouds-full.svg,Cần Thơ,0.11706243405426284,0,1.22807473462762,0
2025-03-11 16:00:00+07:00,65.0,27.8,58.0,/dl/web/weather/ic-w-04-scattered-clouds-full.svg,Cần Thơ,0.11706243405426284,0,2.5922585015015516,0
2025-03-11 17:00:00+07:00,63.0,18.5,62.0,/dl/web/weather/ic-w-04-scattered-clouds-full.svg,Cần Thơ,0.03381177437280418,0,1.22807473462762,0
2025-03-11 18:00:00+07:00,63.0,24.1,58.0,/dl/web/weather/ic-w-04-scattered-clouds-full.svg,Cần Thơ,0.03381177437280418,0,2.0495187232828904,0
2025-03-11 19:00:00+07:00,63.0,13.0,66.0,/dl/web/weather/ic-w-02-new-clouds-full.svg,Cần Thơ,0.03381177437280418,0,0.42129938862690786,0
2025-03-11 20:00:00+07:00,68.0,9.2,78.0,/dl/web/weather/ic-w-11-night-few-clouds-full.svg,Cần Thơ,0.24193842357645082,0,-0.1361090322463115,0
2025-03-11 21:00:00+07:00,68.0,9.2,78.0,/dl/web/weather/ic-w-11-night-few-clouds-full.svg,Cần Thơ,0.24193842357645082,0,-0.1361090322463115,0
2025-03-11 22:00:00+07:00,68.0,7.4,78.0,/dl/web/weather/ic-w-10-night-clear-sky-full.svg,Cần Thơ,0.24193842357645082,0,-0.40014460002836255,0
2025-03-11 23:00:00+07:00,65.0,5.5,83.0,/dl/web/weather/ic-w-10-night-clear-sky-full.svg,Cần Thơ,0.11706243405426284,0,-0.6788488104649723,0
2025-03-12 00:00:00+07:00,65.0,7.4,83.0,/dl/web/weather/ic-w-10-night-clear-sky-full.svg,Cần Thơ,0.11706243405426284,0,-0.40014460002836255,0
2025-03-12 01:00:00+07:00,65.0,5.5,89.0,/dl/web/weather/ic-w-10-night-clear-sky-full.svg,Cần Thơ,0.11706243405426284,0,-0.6788488104649723,0
2025-03-12 02:00:00+07:00,64.0,5.5,89.0,/dl/web/weather/ic-w-10-night-clear-sky-full.svg,Cần Thơ,0.07543710421353352,0,-0.6788488104649723,0
2025-03-12 03:00:00+07:00,64.0,7.4,89.0,/dl/web/weather/ic-w-10-night-clear-sky-full.svg,Cần Thơ,0.07543710421353352,0,-0.40014460002836255,0
2025-03-12 04:00:00+07:00,64.0,3.7,94.0,/dl/web/weather/ic-w-10-night-clear-sky-full.svg,Cần Thơ,0.07543710421353352,0,-0.9428843782470234,0
2025-03-12 05:00:00+07:00,62.0,9.2,89.0,/dl/web/weather/ic-w-10-night-clear-sky-full.svg,Cần Thơ,-0.007813555467925153,0,-0.1361090322463115,0
2025-03-12 06:00:00+07:00,62.0,9.2,89.0,/dl/web/weather/ic-w-10-night-clear-sky-full.svg,Cần Thơ,-0.007813555467925153,0,-0.1361090322463115,0
2025-03-12 07:00:00+07:00,62.0,13.0,94.0,/dl/web/weather/ic-w-01-clear-sky-full.svg,Cần Thơ,-0.007813555467925153,0,0.42129938862690786,0
2025-03-12 08:00:00+07:00,65.0,16.7,83.0,/dl/web/weather/ic-w-01-clear-sky-full.svg,Cần Thơ,0.11706243405426284,0,0.9640391668455686,0
2025-03-12 09:00:00+07:00,65.0,18.5,74.0,/dl/web/weather/ic-w-01-clear-sky-full.svg,Cần Thơ,0.11706243405426284,0,1.22807473462762,0
2025-03-12 10:00:00+07:00,65.0,18.5,74.0,/dl/web/weather/ic-w-01-clear-sky-full.svg,Cần Thơ,0.11706243405426284,0,1.22807473462762,0
2025-03-12 11:00:00+07:00,65.0,22.2,70.0,/dl/web/weather/ic-w-02-new-clouds-full.svg,Cần Thơ,0.11706243405426284,0,1.7708145128462807,0
2025-03-12 12:00:00+07:00,65.0,22.2,66.0,/dl/web/weather/ic-w-04-scattered-clouds-full.svg,Cần Thơ,0.11706243405426284,0,1.7708145128462807,0
2025-03-12 13:00:00+07:00,65.0,18.5,66.0,/dl/web/weather/ic-w-04-scattered-clouds-full.svg,Cần Thơ,0.11706243405426284,0,1.22807473462762,0
2025-03-12 14:00:00+07:00,65.0,24.1,62.0,/dl/web/weather/ic-w-04-scattered-clouds-full.svg,Cần Thơ,0.11706243405426284,0,2.0495187232828904,0
2025-03-12 15:00:00+07:00,65.0,18.5,58.0,/dl/web/weather/ic-w-04-scattered-clouds-full.svg,Cần Thơ,0.11706243405426284,0,1.22807473462762,0
2025-03-12 16:00:00+07:00,65.0,20.4,58.0,/dl/web/weather/ic-w-04-scattered-clouds-full.svg,Cần Thơ,0.11706243405426284,0,1.5067789450642293,0
2025-03-12 17:00:00+07:00,65.0,20.4,62.0,/dl/web/weather/ic-w-04-scattered-clouds-full.svg,Cần Thơ,0.11706243405426284,0,1.5067789450642293,0
2025-03-12 18:00:00+07:00,65.0,16.7,62.0,/dl/web/weather/ic-w-04-scattered-clouds-full.svg,Cần Thơ,0.11706243405426284,0,0.9640391668455686,0
2025-03-12 19:00:00+07:00,65.0,18.5,74.0,/dl/web/weather/ic-w-02-new-clouds-full.svg,Cần Thơ,0.11706243405426284,0,1.22807473462762,0
2025-03-12 20:00:00+07:00,68.0,14.8,83.0,/dl/web/weather/ic-w-11-night-few-clouds-full.svg,Cần Thơ,0.24193842357645082,0,0.6853349564089591,0
2025-03-12 21:00:00+07:00,68.0,14.8,83.0,/dl/web/weather/ic-w-11-night-few-clouds-full.svg,Cần Thơ,0.24193842357645082,0,0.6853349564089591,0
2025-03-12 22:00:00+07:00,68.0,5.5,83.0,/dl/web/weather/ic-w-11-night-few-clouds-full.svg,Cần Thơ,0.24193842357645082,0,-0.6788488104649723,0
2025-03-12 23:00:00+07:00,65.0,11.1,89.0,/dl/web/weather/ic-w-11-night-few-clouds-full.svg,Cần Thơ,0.11706243405426284,0,0.14259517819029818,0
2025-03-13 00:00:00+07:00,65.0,5.5,94.0,/dl/web/weather/ic-w-11-night-few-clouds-full.svg,Cần Thơ,0.11706243405426284,0,-0.6788488104649723,0
2025-03-13 01:00:00+07:00,65.0,5.5,94.0,/dl/web/weather/ic-w-11-night-few-clouds-full.svg,Cần Thơ,0.11706243405426284,0,-0.6788488104649723,0
2025-03-13 02:00:00+07:00,65.0,5.5,94.0,/dl/web/weather/ic-w-11-night-few-clouds-full.svg,Cần Thơ,0.11706243405426284,0,-0.6788488104649723,0
2025-03-13 03:00:00+07:00,65.0,11.1,94.0,/dl/web/weather/ic-w-11-night-few-clouds-full.svg,Cần Thơ,0.11706243405426284,0,0.14259517819029818,0
2025-03-13 04:00:00+07:00,65.0,9.2,94.0,/dl/web/weather/ic-w-11-night-few-clouds-full.svg,Cần Thơ,0.11706243405426284,0,-0.1361090322463115,0
2025-03-13 05:00:00+07:00,63.0,11.1,94.0,/dl/web/weather/ic-w-11-night-few-clouds-full.svg,Cần Thơ,0.03381177437280418,0,0.14259517819029818,0
2025-03-13 06:00:00+07:00,63.0,13.0,94.0,/dl/web/weather/ic-w-11-night-few-clouds-full.svg,Cần Thơ,0.03381177437280418,0,0.42129938862690786,0
2025-03-13 07:00:00+07:00,63.0,13.0,100.0,/dl/web/weather/ic-w-02-new-clouds-full.svg,Cần Thơ,0.03381177437280418,0,0.42129938862690786,0
2025-03-13 08:00:00+07:00,67.0,16.7,89.0,/dl/web/weather/ic-w-02-new-clouds-full.svg,Cần Thơ,0.2003130937357215,0,0.9640391668455686,0
2025-03-13 09:00:00+07:00,67.0,24.1,83.0,/dl/web/weather/ic-w-02-new-clouds-full.svg,Cần Thơ,0.2003130937357215,0,2.0495187232828904,0
2025-03-13 10:00:00+07:00,67.0,24.1,74.0,/dl/web/weather/ic-w-04-scattered-clouds-full.svg,Cần Thơ,0.2003130937357215,0,2.0495187232828904,0
2025-03-13 11:00:00+07:00,64.0,24.1,74.0,/dl/web/weather/ic-w-04-scattered-clouds-full.svg,Cần Thơ,0.07543710421353352,0,2.0495187232828904,0
2025-03-13 12:00:00+07:00,64.0,20.4,70.0,/dl/web/weather/ic-w-04-scattered-clouds-full.svg,Cần Thơ,0.07543710421353352,0,1.5067789450642293,0
2025-03-13 13:00:00+07:00,64.0,20.4,62.0,/dl/web/weather/ic-w-04-scattered-clouds-full.svg,Cần Thơ,0.07543710421353352,0,1.5067789450642293,0
2025-03-13 14:00:00+07:00,58.0,18.5,58.0,/dl/web/weather/ic-w-04-scattered-clouds-full.svg,Cần Thơ,-0.1743148748308425,0,1.22807473462762,0
2025-03-13 15:00:00+07:00,58.0,18.5,58.0,/dl/web/weather/ic-w-04-scattered-clouds-full.svg,Cần Thơ,-0.1743148748308425,0,1.22807473462762,0
2025-03-13 16:00:00+07:00,58.0,20.4,55.0,/dl/web/weather/ic-w-04-scattered-clouds-full.svg,Cần Thơ,-0.1743148748308425,0,1.5067789450642293,0
2025-03-13 17:00:00+07:00,59.0,18.5,55.0,/dl/web/weather/ic-w-02-new-clouds-full.svg,Cần Thơ,-0.13268954499011315,0,1.22807473462762,0
2025-03-13 18:00:00+07:00,59.0,14.8,58.0,/dl/web/weather/ic-w-02-new-clouds-full.svg,Cần Thơ,-0.13268954499011315,0,0.6853349564089591,0
2025-03-13 19:00:00+07:00,59.0,14.8,66.0,/dl/web/weather/ic-w-01-clear-sky-full.svg,Cần Thơ,-0.13268954499011315,0,0.6853349564089591,0
2025-03-13 20:00:00+07:00,63.0,9.2,78.0,/dl/web/weather/ic-w-10-night-clear-sky-full.svg,Cần Thơ,0.03381177437280418,0,-0.1361090322463115,0
2025-03-13 21:00:00+07:00,63.0,9.2,78.0,/dl/web/weather/ic-w-10-night-clear-sky-full.svg,Cần Thơ,0.03381177437280418,0,-0.1361090322463115,0
2025-03-13 22:00:00+07:00,63.0,7.4,89.0,/dl/web/weather/ic-w-10-night-clear-sky-full.svg,Cần Thơ,0.03381177437280418,0,-0.40014460002836255,0
2025-03-13 23:00:00+07:00,65.0,7.4,94.0,/dl/web/weather/ic-w-10-night-clear-sky-full.svg,Cần Thơ,0.11706243405426284,0,-0.40014460002836255,0
2025-03-14 00:00:00+07:00,65.0,9.2,94.0,/dl/web/weather/ic-w-10-night-clear-sky-full.svg,Cần Thơ,0.11706243405426284,0,-0.1361090322463115,0
2025-03-14 01:00:00+07:00,65.0,9.3,86.0,/dl/web/weather/ic-w-04-scattered-clouds-full.svg,Cần Thơ,0.11706243405426284,0,-0.12144038959175288,0
2025-03-14 02:00:00+07:00,68.0,8.9,89.0,/dl/web/weather/ic-w-04-scattered-clouds-full.svg,Cần Thơ,0.24193842357645082,0,-0.18011496020998655,0
2025-03-14 03:00:00+07:00,68.0,9.2,90.0,/dl/web/weather/ic-w-04-scattered-clouds-full.svg,Cần Thơ,0.24193842357645082,0,-0.1361090322463115,0
2025-03-14 04:00:00+07:00,68.0,10.1,91.0,/dl/web/weather/ic-w-04-scattered-clouds-full.svg,Cần Thơ,0.24193842357645082,0,-0.00409124835528583,0
2025-03-14 05:00:00+07:00,69.0,9.7,92.0,/dl/web/weather/ic-w-04-scattered-clouds-full.svg,Cần Thơ,0.28356375341718015,0,-0.06276581897351949,0
2025-03-14 06:00:00+07:00,69.0,8.9,94.0,/dl/web/weather/ic-w-04-scattered-clouds-full.svg,Cần Thơ,0.28356375341718015,0,-0.18011496020998655,0
2025-03-14 07:00:00+07:00,69.0,9.7,86.0,/dl/web/weather/ic-w-04-scattered-clouds-full.svg,Cần Thơ,0.28356375341718015,0,-0.06276581897351949,0
2025-03-14 08:00:00+07:00,62.0,16.9,68.0,/dl/web/weather/ic-w-04-scattered-clouds-full.svg,Cần Thơ,-0.007813555467925153,0,0.9933764521546853,0
2025-03-14 09:00:00+07:00,62.0,17.5,53.0,/dl/web/weather/ic-w-04-scattered-clouds-full.svg,Cần Thơ,-0.007813555467925153,0,1.081388308082036,0
2025-03-14 10:00:00+07:00,62.0,19.5,41.0,/dl/web/weather/ic-w-04-scattered-clouds-full.svg,Cần Thơ,-0.007813555467925153,0,1.3747611611732038,0
2025-03-14 11:00:00+07:00,63.0,19.5,41.0,/dl/web/weather/ic-w-04-scattered-clouds-full.svg,Cần Thơ,0.03381177437280418,0,1.3747611611732038,0
2025-03-14 12:00:00+07:00,63.0,21.1,35.0,/dl/web/weather/ic-w-04-scattered-clouds-full.svg,Cần Thơ,0.03381177437280418,0,1.6094594436461385,0
2025-03-14 13:00:00+07:00,63.0,21.6,33.0,/dl/web/weather/ic-w-04-scattered-clouds-full.svg,Cần Thơ,0.03381177437280418,0,1.6828026569189305,0
2025-03-14 14:00:00+07:00,65.0,21.7,31.0,/dl/web/weather/ic-w-04-scattered-clouds-full.svg,Cần Thơ,0.11706243405426284,0,1.6974712995734886,0
2025-03-14 15:00:00+07:00,65.0,22.9,31.0,/dl/web/weather/ic-w-04-scattered-clouds-full.svg,Cần Thơ,0.11706243405426284,0,1.8734950114281894,0
2025-03-14 16:00:00+07:00,65.0,22.0,32.0,/dl/web/weather/ic-w-04-scattered-clouds-full.svg,Cần Thơ,0.11706243405426284,0,1.741477227537164,0
2025-03-14 17:00:00+07:00,62.0,22.5,34.0,/dl/web/weather/ic-w-04-scattered-clouds-full.svg,Cần Thơ,-0.007813555467925153,0,1.814820440809956,0
2025-03-14 18:00:00+07:00,62.0,22.7,40.0,/dl/web/weather/ic-w-04-scattered-clouds-full.svg,Cần Thơ,-0.007813555467925153,0,1.8441577261190727,0
2025-03-14 19:00:00+07:00,62.0,20.9,49.0,/dl/web/weather/ic-w-04-scattered-clouds-full.svg,Cần Thơ,-0.007813555467925153,0,1.5801221583370213,0
2025-03-14 20:00:00+07:00,67.0,7.4,83.0,/dl/web/weather/ic-w-10-night-clear-sky-full.svg,Cần Thơ,0.2003130937357215,0,-0.40014460002836255,0
2025-03-14 21:00:00+07:00,67.0,7.4,83.0,/dl/web/weather/ic-w-10-night-clear-sky-full.svg,Cần Thơ,0.2003130937357215,0,-0.40014460002836255,0
2025-03-14 22:00:00+07:00,67.0,3.7,89.0,/dl/web/weather/ic-w-10-night-clear-sky-full.svg,Cần Thơ,0.2003130937357215,0,-0.9428843782470234,0
2025-03-14 23:00:00+07:00,68.0,5.5,89.0,/dl/web/weather/ic-w-10-night-clear-sky-full.svg,Cần Thơ,0.24193842357645082,0,-0.6788488104649723,0
2025-03-15 00:00:00+07:00,68.0,5.5,94.0,/dl/web/weather/ic-w-10-night-clear-sky-full.svg,Cần Thơ,0.24193842357645082,0,-0.6788488104649723,0
2025-03-15 01:00:00+07:00,68.0,5.5,94.0,/dl/web/weather/ic-w-10-night-clear-sky-full.svg,Cần Thơ,0.24193842357645082,0,-0.6788488104649723,0
2025-03-15 02:00:00+07:00,71.0,5.5,94.0,/dl/web/weather/ic-w-10-night-clear-sky-full.svg,Cần Thơ,0.3668144130986388,0,-0.6788488104649723,0
2025-03-15 04:00:00+07:00,71.0,5.5,100.0,/dl/web/weather/ic-w-10-night-clear-sky-full.svg,Cần Thơ,0.3668144130986388,0,-0.6788488104649723,0
2025-03-15 05:00:00+07:00,79.0,3.7,100.0,/dl/web/weather/ic-w-10-night-clear-sky-full.svg,Cần Thơ,0.6998170518244735,0,-0.9428843782470234,0
2025-03-15 06:00:00+07:00,79.0,3.7,100.0,/dl/web/weather/ic-w-10-night-clear-sky-full.svg,Cần Thơ,0.6998170518244735,0,-0.9428843782470234,0
2025-03-15 07:00:00+07:00,79.0,1.8,100.0,/dl/web/weather/ic-w-09-mist-full.svg,Cần Thơ,0.6998170518244735,0,-1.2215885886836328,0
2025-03-15 08:00:00+07:00,85.0,3.7,100.0,/dl/web/weather/ic-w-09-mist-full.svg,Cần Thơ,0.9495690308688495,0,-0.9428843782470234,0
2025-03-15 09:00:00+07:00,85.0,5.5,94.0,/dl/web/weather/ic-w-04-scattered-clouds-full.svg,Cần Thơ,0.9495690308688495,0,-0.6788488104649723,0
2025-03-15 10:00:00+07:00,85.0,15.3,49.0,/dl/web/weather/ic-w-04-scattered-clouds-full.svg,Cần Thơ,0.9495690308688495,0,0.7586781696817512,0
2025-03-15 11:00:00+07:00,59.0,15.3,49.0,/dl/web/weather/ic-w-04-scattered-clouds-full.svg,Cần Thơ,-0.13268954499011315,0,0.7586781696817512,0
2025-03-15 12:00:00+07:00,59.0,13.0,74.0,/dl/web/weather/ic-w-04-scattered-clouds-full.svg,Cần Thơ,-0.13268954499011315,0,0.42129938862690786,0
2025-03-15 13:00:00+07:00,59.0,11.1,66.0,/dl/web/weather/ic-w-04-scattered-clouds-full.svg,Cần Thơ,-0.13268954499011315,0,0.14259517819029818,0
2025-03-15 14:00:00+07:00,59.0,7.4,66.0,/dl/web/weather/ic-w-04-scattered-clouds-full.svg,Cần Thơ,-0.13268954499011315,0,-0.40014460002836255,0
2025-03-15 15:00:00+07:00,59.0,7.4,70.0,/dl/web/weather/ic-w-04-scattered-clouds-full.svg,Cần Thơ,-0.13268954499011315,0,-0.40014460002836255,0
2025-03-15 16:00:00+07:00,59.0,5.5,66.0,/dl/web/weather/ic-w-04-scattered-clouds-full.svg,Cần Thơ,-0.13268954499011315,0,-0.6788488104649723,0
2025-03-15 17:00:00+07:00,62.0,6.45,70.0,/dl/web/weather/ic-w-04-scattered-clouds-full.svg,Cần Thơ,-0.007813555467925153,0,-0.5394967052466674,0
2025-03-15 18:00:00+07:00,62.0,7.4,70.0,/dl/web/weather/ic-w-04-scattered-clouds-full.svg,Cần Thơ,-0.007813555467925153,0,-0.40014460002836255,0
2025-03-15 19:00:00+07:00,62.0,9.2,70.0,/dl/web/weather/ic-w-02-new-clouds-full.svg,Cần Thơ,-0.007813555467925153,0,-0.1361090322463115,0
2025-03-15 20:00:00+07:00,67.0,9.2,83.0,/dl/web/weather/ic-w-11-night-few-clouds-full.svg,Cần Thơ,0.2003130937357215,0,-0.1361090322463115,0
2025-03-15 21:00:00+07:00,67.0,9.2,83.0,/dl/web/weather/ic-w-11-night-few-clouds-full.svg,Cần Thơ,0.2003130937357215,0,-0.1361090322463115,0
2025-03-15 22:00:00+07:00,67.0,9.2,83.0,/dl/web/weather/ic-w-11-night-few-clouds-full.svg,Cần Thơ,0.2003130937357215,0,-0.1361090322463115,0
2025-03-15 23:00:00+07:00,66.0,7.4,89.0,/dl/web/weather/ic-w-11-night-few-clouds-full.svg,Cần Thơ,0.15868776389499217,0,-0.40014460002836255,0
2025-03-16 00:00:00+07:00,66.0,5.5,89.0,/dl/web/weather/ic-w-11-night-few-clouds-full.svg,Cần Thơ,0.15868776389499217,0,-0.6788488104649723,0
2025-03-16 01:00:00+07:00,66.0,3.7,100.0,/dl/web/weather/ic-w-11-night-few-clouds-full.svg,Cần Thơ,0.15868776389499217,0,-0.9428843782470234,0
2025-03-16 03:00:00+07:00,71.0,3.7,100.0,/dl/web/weather/ic-w-11-night-few-clouds-full.svg,Cần Thơ,0.3668144130986388,0,-0.9428843782470234,0
2025-03-16 04:00:00+07:00,71.0,5.5,100.0,/dl/web/weather/ic-w-11-night-few-clouds-full.svg,Cần Thơ,0.3668144130986388,0,-0.6788488104649723,0
2025-03-16 05:00:00+07:00,76.0,1.8,100.0,/dl/web/weather/ic-w-04-scattered-clouds-full.svg,Cần Thơ,0.5749410623022855,0,-1.2215885886836328,0
2025-03-16 06:00:00+07:00,76.0,1.8,100.0,/dl/web/weather/ic-w-04-scattered-clouds-full.svg,Cần Thơ,0.5749410623022855,0,-1.2215885886836328,0
2025-03-16 07:00:00+07:00,76.0,0.0,100.0,/dl/web/weather/ic-w-04-scattered-clouds-full.svg,Cần Thơ,0.5749410623022855,0,-1.4856241564656842,0
2025-03-16 08:00:00+07:00,84.0,3.7,100.0,/dl/web/weather/ic-w-04-scattered-clouds-full.svg,Cần Thơ,0.9079437010281202,0,-0.9428843782470234,0
2025-03-16 09:00:00+07:00,84.0,5.5,89.0,/dl/web/weather/ic-w-04-scattered-clouds-full.svg,Cần Thơ,0.9079437010281202,0,-0.6788488104649723,0
2025-03-16 10:00:00+07:00,84.0,11.1,79.0,/dl/web/weather/ic-w-04-scattered-clouds-full.svg,Cần Thơ,0.9079437010281202,0,0.14259517819029818,0
2025-03-16 11:00:00+07:00,61.0,11.1,79.0,/dl/web/weather/ic-w-04-scattered-clouds-full.svg,Cần Thơ,-0.049438885308654486,0,0.14259517819029818,0
2025-03-16 12:00:00+07:00,61.0,13.0,74.0,/dl/web/weather/ic-w-04-scattered-clouds-full.svg,Cần Thơ,-0.049438885308654486,0,0.42129938862690786,0
2025-03-16 13:00:00+07:00,61.0,13.0,74.0,/dl/web/weather/ic-w-04-scattered-clouds-full.svg,Cần Thơ,-0.049438885308654486,0,0.42129938862690786,0
2025-03-16 14:00:00+07:00,63.0,11.1,74.0,/dl/web/weather/ic-w-04-scattered-clouds-full.svg,Cần Thơ,0.03381177437280418,0,0.14259517819029818,0
2025-03-16 15:00:00+07:00,63.0,7.4,70.0,/dl/web/weather/ic-w-04-scattered-clouds-full.svg,Cần Thơ,0.03381177437280418,0,-0.40014460002836255,0
2025-03-16 16:00:00+07:00,63.0,11.1,66.0,/dl/web/weather/ic-w-04-scattered-clouds-full.svg,Cần Thơ,0.03381177437280418,0,0.14259517819029818,0
2025-03-16 17:00:00+07:00,64.0,14.8,66.0,/dl/web/weather/ic-w-04-scattered-clouds-full.svg,Cần Thơ,0.07543710421353352,0,0.6853349564089591,0
2025-03-16 18:00:00+07:00,64.0,16.7,62.0,/dl/web/weather/ic-w-04-scattered-clouds-full.svg,Cần Thơ,0.07543710421353352,0,0.9640391668455686,0
2025-03-16 19:00:00+07:00,64.0,13.0,70.0,/dl/web/weather/ic-w-04-scattered-clouds-full.svg,Cần Thơ,0.07543710421353352,0,0.42129938862690786,0
2025-03-16 20:00:00+07:00,67.0,7.4,78.0,/dl/web/weather/ic-w-11-night-few-clouds-full.svg,Cần Thơ,0.2003130937357215,0,-0.40014460002836255,0
2025-03-16 21:00:00+07:00,67.0,7.4,78.0,/dl/web/weather/ic-w-11-night-few-clouds-full.svg,Cần Thơ,0.2003130937357215,0,-0.40014460002836255,0
2025-03-16 22:00:00+07:00,67.0,9.2,83.0,/dl/web/weather/ic-w-11-night-few-clouds-full.svg,Cần Thơ,0.2003130937357215,0,-0.1361090322463115,0
2025-03-16 23:00:00+07:00,72.0,11.1,83.0,/dl/web/weather/ic-w-11-night-few-clouds-full.svg,Cần Thơ,0.40843974293936813,0,0.14259517819029818,0
2025-03-17 00:00:00+07:00,72.0,3.7,94.0,/dl/web/weather/ic-w-11-night-few-clouds-full.svg,Cần Thơ,0.40843974293936813,0,-0.9428843782470234,0
2025-03-17 01:00:00+07:00,72.0,3.7,100.0,/dl/web/weather/ic-w-11-night-few-clouds-full.svg,Cần Thơ,0.40843974293936813,0,-0.9428843782470234,0
2025-03-17 02:00:00+07:00,88.0,1.8,100.0,/dl/web/weather/ic-w-11-night-few-clouds-full.svg,Cần Thơ,1.0744450203910374,0,-1.2215885886836328,0
2025-03-17 03:00:00+07:00,88.0,0.0,100.0,/dl/web/weather/ic-w-11-night-few-clouds-full.svg,Cần Thơ,1.0744450203910374,0,-1.4856241564656842,0
2025-03-17 04:00:00+07:00,88.0,3.7,100.0,/dl/web/weather/ic-w-11-night-few-clouds-full.svg,Cần Thơ,1.0744450203910374,0,-0.9428843782470234,0
2025-03-17 06:00:00+07:00,98.0,3.7,100.0,/dl/web/weather/ic-w-11-night-few-clouds-full.svg,Cần Thơ,1.4906983187983307,0,-0.9428843782470234,0
2025-03-17 07:00:00+07:00,98.0,1.8,100.0,/dl/web/weather/ic-w-04-scattered-clouds-full.svg,Cần Thơ,1.4906983187983307,0,-1.2215885886836328,0
2025-03-17 08:00:00+07:00,86.0,3.7,100.0,/dl/web/weather/ic-w-04-scattered-clouds-full.svg,Cần Thơ,0.9911943607095788,0,-0.9428843782470234,0
2025-03-17 09:00:00+07:00,86.0,5.5,89.0,/dl/web/weather/ic-w-04-scattered-clouds-full.svg,Cần Thơ,0.9911943607095788,0,-0.6788488104649723,0
2025-03-17 10:00:00+07:00,86.0,11.1,84.0,/dl/web/weather/ic-w-04-scattered-clouds-full.svg,Cần Thơ,0.9911943607095788,0,0.14259517819029818,0
2025-03-17 11:00:00+07:00,69.0,11.1,84.0,/dl/web/weather/ic-w-04-scattered-clouds-full.svg,Cần Thơ,0.28356375341718015,0,0.14259517819029818,0
2025-03-17 12:00:00+07:00,69.0,13.0,84.0,/dl/web/weather/ic-w-04-scattered-clouds-full.svg,Cần Thơ,0.28356375341718015,0,0.42129938862690786,0
2025-03-17 13:00:00+07:00,69.0,11.1,74.0,/dl/web/weather/ic-w-04-scattered-clouds-full.svg,Cần Thơ,0.28356375341718015,0,0.14259517819029818,0
2025-03-17 14:00:00+07:00,69.0,18.5,70.0,/dl/web/weather/ic-w-04-scattered-clouds-full.svg,Cần Thơ,0.28356375341718015,0,1.22807473462762,0
2025-03-17 15:00:00+07:00,69.0,13.0,70.0,/dl/web/weather/ic-w-04-scattered-clouds-full.svg,Cần Thơ,0.28356375341718015,0,0.42129938862690786,0
2025-03-17 16:00:00+07:00,69.0,11.1,66.0,/dl/web/weather/ic-w-04-scattered-clouds-full.svg,Cần Thơ,0.28356375341718015,0,0.14259517819029818,0
2025-03-17 17:00:00+07:00,68.0,9.2,70.0,/dl/web/weather/ic-w-04-scattered-clouds-full.svg,Cần Thơ,0.24193842357645082,0,-0.1361090322463115,0
2025-03-17 18:00:00+07:00,68.0,11.1,66.0,/dl/web/weather/ic-w-04-scattered-clouds-full.svg,Cần Thơ,0.24193842357645082,0,0.14259517819029818,0
2025-03-17 19:00:00+07:00,68.0,9.2,62.0,/dl/web/weather/ic-w-04-scattered-clouds-full.svg,Cần Thơ,0.24193842357645082,0,-0.1361090322463115,0
2025-03-17 20:00:00+07:00,75.0,14.8,78.0,/dl/web/weather/ic-w-04-scattered-clouds-full.svg,Cần Thơ,0.5333157324615562,0,0.6853349564089591,0
2025-03-17 21:00:00+07:00,75.0,14.8,78.0,/dl/web/weather/ic-w-04-scattered-clouds-full.svg,Cần Thơ,0.5333157324615562,0,0.6853349564089591,0
2025-03-17 22:00:00+07:00,75.0,11.1,83.0,/dl/web/weather/ic-w-04-scattered-clouds-full.svg,Cần Thơ,0.5333157324615562,0,0.14259517819029818,0
2025-03-17 23:00:00+07:00,68.0,13.0,83.0,/dl/web/weather/ic-w-04-scattered-clouds-full.svg,Cần Thơ,0.24193842357645082,0,0.42129938862690786,0
2025-03-18 00:00:00+07:00,68.0,11.1,83.0,/dl/web/weather/ic-w-04-scattered-clouds-full.svg,Cần Thơ,0.24193842357645082,0,0.14259517819029818,0
2025-03-18 01:00:00+07:00,68.0,5.5,89.0,/dl/web/weather/ic-w-04-scattered-clouds-full.svg,Cần Thơ,0.24193842357645082,0,-0.6788488104649723,0
2025-03-18 02:00:00+07:00,63.0,5.5,89.0,/dl/web/weather/ic-w-04-scattered-clouds-full.svg,Cần Thơ,0.03381177437280418,0,-0.6788488104649723,0
2025-03-18 03:00:00+07:00,63.0,5.5,83.0,/dl/web/weather/ic-w-04-scattered-clouds-full.svg,Cần Thơ,0.03381177437280418,0,-0.6788488104649723,0
2025-03-18 04:00:00+07:00,63.0,1.8,89.0,/dl/web/weather/ic-w-04-scattered-clouds-full.svg,Cần Thơ,0.03381177437280418,0,-1.2215885886836328,0
2025-03-18 05:00:00+07:00,65.0,1.8,89.0,/dl/web/weather/ic-w-04-scattered-clouds-full.svg,Cần Thơ,0.11706243405426284,0,-1.2215885886836328,0
2025-03-18 06:00:00+07:00,65.0,9.2,83.0,/dl/web/weather/ic-w-04-scattered-clouds-full.svg,Cần Thơ,0.11706243405426284,0,-0.1361090322463115,0
2025-03-18 07:00:00+07:00,65.0,7.4,94.0,/dl/web/weather/ic-w-04-scattered-clouds-full.svg,Cần Thơ,0.11706243405426284,0,-0.40014460002836255,0
2025-03-18 08:00:00+07:00,77.0,7.4,89.0,/dl/web/weather/ic-w-04-scattered-clouds-full.svg,Cần Thơ,0.6165663921430148,0,-0.40014460002836255,0
2025-03-18 09:00:00+07:00,77.0,16.7,89.0,/dl/web/weather/ic-w-04-scattered-clouds-full.svg,Cần Thơ,0.6165663921430148,0,0.9640391668455686,0
2025-03-18 10:00:00+07:00,77.0,16.7,83.0,/dl/web/weather/ic-w-04-scattered-clouds-full.svg,Cần Thơ,0.6165663921430148,0,0.9640391668455686,0
2025-03-18 11:00:00+07:00,67.0,16.7,83.0,/dl/web/weather/ic-w-04-scattered-clouds-full.svg,Cần Thơ,0.2003130937357215,0,0.9640391668455686,0
2025-03-18 12:00:00+07:00,67.0,13.0,84.0,/dl/web/weather/ic-w-04-scattered-clouds-full.svg,Cần Thơ,0.2003130937357215,0,0.42129938862690786,0
2025-03-18 13:00:00+07:00,67.0,14.8,79.0,/dl/web/weather/ic-w-04-scattered-clouds-full.svg,Cần Thơ,0.2003130937357215,0,0.6853349564089591,0
2025-03-18 14:00:00+07:00,65.0,9.2,74.0,/dl/web/weather/ic-w-04-scattered-clouds-full.svg,Cần Thơ,0.11706243405426284,0,-0.1361090322463115,0
2025-03-18 15:00:00+07:00,65.0,11.1,66.0,/dl/web/weather/ic-w-04-scattered-clouds-full.svg,Cần Thơ,0.11706243405426284,0,0.14259517819029818,0
2025-03-18 17:00:00+07:00,61.0,1.8,62.0,/dl/web/weather/ic-w-04-scattered-clouds-full.svg,Cần Thơ,-0.049438885308654486,0,-1.2215885886836328,0
2025-03-18 18:00:00+07:00,61.0,11.1,62.0,/dl/web/weather/ic-w-04-scattered-clouds-full.svg,Cần Thơ,-0.049438885308654486,0,0.14259517819029818,0
2025-03-18 19:00:00+07:00,61.0,11.1,66.0,/dl/web/weather/ic-w-02-new-clouds-full.svg,Cần Thơ,-0.049438885308654486,0,0.14259517819029818,0
2025-03-18 20:00:00+07:00,63.0,14.8,78.0,/dl/web/weather/ic-w-11-night-few-clouds-full.svg,Cần Thơ,0.03381177437280418,0,0.6853349564089591,0
2025-03-18 21:00:00+07:00,63.0,14.8,78.0,/dl/web/weather/ic-w-11-night-few-clouds-full.svg,Cần Thơ,0.03381177437280418,0,0.6853349564089591,0
2025-03-18 22:00:00+07:00,63.0,11.1,83.0,/dl/web/weather/ic-w-11-night-few-clouds-full.svg,Cần Thơ,0.03381177437280418,0,0.14259517819029818,0
2025-03-18 23:00:00+07:00,65.0,13.0,83.0,/dl/web/weather/ic-w-11-night-few-clouds-full.svg,Cần Thơ,0.11706243405426284,0,0.42129938862690786,0
2025-03-19 00:00:00+07:00,65.0,11.1,83.0,/dl/web/weather/ic-w-10-night-clear-sky-full.svg,Cần Thơ,0.11706243405426284,0,0.14259517819029818,0
2025-03-19 01:00:00+07:00,65.0,11.1,83.0,/dl/web/weather/ic-w-10-night-clear-sky-full.svg,Cần Thơ,0.11706243405426284,0,0.14259517819029818,0
2025-03-19 02:00:00+07:00,66.0,11.1,83.0,/dl/web/weather/ic-w-10-night-clear-sky-full.svg,Cần Thơ,0.15868776389499217,0,0.14259517819029818,0
2025-03-19 03:00:00+07:00,66.0,7.4,89.0,/dl/web/weather/ic-w-10-night-clear-sky-full.svg,Cần Thơ,0.15868776389499217,0,-0.40014460002836255,0
2025-03-19 04:00:00+07:00,66.0,13.0,89.0,/dl/web/weather/ic-w-10-night-clear-sky-full.svg,Cần Thơ,0.15868776389499217,0,0.42129938862690786,0
2025-03-19 05:00:00+07:00,73.0,9.2,94.0,/dl/web/weather/ic-w-10-night-clear-sky-full.svg,Cần Thơ,0.4500650727800975,0,-0.1361090322463115,0
2025-03-19 06:00:00+07:00,73.0,7.4,94.0,/dl/web/weather/ic-w-10-night-clear-sky-full.svg,Cần Thơ,0.4500650727800975,0,-0.40014460002836255,0
2025-03-19 07:00:00+07:00,73.0,5.5,100.0,/dl/web/weather/ic-w-02-new-clouds-full.svg,Cần Thơ,0.4500650727800975,0,-0.6788488104649723,0
2025-03-19 08:00:00+07:00,86.0,7.4,83.0,/dl/web/weather/ic-w-02-new-clouds-full.svg,Cần Thơ,0.9911943607095788,0,-0.40014460002836255,0
2025-03-19 09:00:00+07:00,86.0,7.4,78.0,/dl/web/weather/ic-w-02-new-clouds-full.svg,Cần Thơ,0.9911943607095788,0,-0.40014460002836255,0
2025-03-19 10:00:00+07:00,86.0,7.4,74.0,/dl/web/weather/ic-w-02-new-clouds-full.svg,Cần Thơ,0.9911943607095788,0,-0.40014460002836255,0
2025-03-19 11:00:00+07:00,71.0,7.4,74.0,/dl/web/weather/ic-w-02-new-clouds-full.svg,Cần Thơ,0.3668144130986388,0,-0.40014460002836255,0
2025-03-19 12:00:00+07:00,71.0,7.4,70.0,/dl/web/weather/ic-w-02-new-clouds-full.svg,Cần Thơ,0.3668144130986388,0,-0.40014460002836255,0
2025-03-19 13:00:00+07:00,71.0,5.5,66.0,/dl/web/weather/ic-w-04-scattered-clouds-full.svg,Cần Thơ,0.3668144130986388,0,-0.6788488104649723,0
2025-03-19 14:00:00+07:00,71.0,7.4,66.0,/dl/web/weather/ic-w-04-scattered-clouds-full.svg,Cần Thơ,0.3668144130986388,0,-0.40014460002836255,0
2025-03-19 15:00:00+07:00,71.0,5.5,66.0,/dl/web/weather/ic-w-04-scattered-clouds-full.svg,Cần Thơ,0.3668144130986388,0,-0.6788488104649723,0
2025-03-19 16:00:00+07:00,71.0,11.1,62.0,/dl/web/weather/ic-w-04-scattered-clouds-full.svg,Cần Thơ,0.3668144130986388,0,0.14259517819029818,0
2025-03-19 17:00:00+07:00,73.0,7.4,58.0,/dl/web/weather/ic-w-04-scattered-clouds-full.svg,Cần Thơ,0.4500650727800975,0,-0.40014460002836255,0
2025-03-19 18:00:00+07:00,73.0,7.4,58.0,/dl/web/weather/ic-w-02-new-clouds-full.svg,Cần Thơ,0.4500650727800975,0,-0.40014460002836255,0
2025-03-19 19:00:00+07:00,73.0,5.5,62.0,/dl/web/weather/ic-w-02-new-clouds-full.svg,Cần Thơ,0.4500650727800975,0,-0.6788488104649723,0
2025-03-19 20:00:00+07:00,89.0,13.0,74.0,/dl/web/weather/ic-w-10-night-clear-sky-full.svg,Cần Thơ,1.1160703502317668,0,0.42129938862690786,0
2025-03-19 21:00:00+07:00,89.0,13.0,74.0,/dl/web/weather/ic-w-10-night-clear-sky-full.svg,Cần Thơ,1.1160703502317668,0,0.42129938862690786,0
2025-03-19 22:00:00+07:00,89.0,13.0,78.0,/dl/web/weather/ic-w-10-night-clear-sky-full.svg,Cần Thơ,1.1160703502317668,0,0.42129938862690786,0
2025-03-19 23:00:00+07:00,82.0,9.2,78.0,/dl/web/weather/ic-w-10-night-clear-sky-full.svg,Cần Thơ,0.8246930413466614,0,-0.1361090322463115,0
2025-03-20 00:00:00+07:00,82.0,5.5,83.0,/dl/web/weather/ic-w-04-scattered-clouds-full.svg,Cần Thơ,0.8246930413466614,0,-0.6788488104649723,0
2025-03-20 01:00:00+07:00,82.0,3.7,83.0,/dl/web/weather/ic-w-04-scattered-clouds-full.svg,Cần Thơ,0.8246930413466614,0,-0.9428843782470234,0
2025-03-20 02:00:00+07:00,92.0,5.5,83.0,/dl/web/weather/ic-w-04-scattered-clouds-full.svg,Cần Thơ,1.2409463397539549,0,-0.6788488104649723,0
2025-03-20 04:00:00+07:00,92.0,1.8,89.0,/dl/web/weather/ic-w-11-night-few-clouds-full.svg,Cần Thơ,1.2409463397539549,0,-1.2215885886836328,0
2025-03-20 05:00:00+07:00,115.0,3.7,89.0,/dl/web/weather/ic-w-04-scattered-clouds-full.svg,Cần Thơ,2.1983289260907295,0,-0.9428843782470234,0
2025-03-20 06:00:00+07:00,115.0,11.1,73.0,/dl/web/weather/ic-w-04-scattered-clouds-full.svg,Cần Thơ,2.1983289260907295,0,0.14259517819029818,0
2025-03-20 07:00:00+07:00,115.0,7.4,78.0,/dl/web/weather/ic-w-02-new-clouds-full.svg,Cần Thơ,2.1983289260907295,0,-0.40014460002836255,0
2025-03-20 08:00:00+07:00,118.0,11.1,78.0,/dl/web/weather/ic-w-04-scattered-clouds-full.svg,Cần Thơ,2.3232049156129175,0,0.14259517819029818,0
2025-03-20 09:00:00+07:00,118.0,13.0,73.0,/dl/web/weather/ic-w-02-new-clouds-full.svg,Cần Thơ,2.3232049156129175,0,0.42129938862690786,0
2025-03-20 10:00:00+07:00,118.0,11.1,73.0,/dl/web/weather/ic-w-02-new-clouds-full.svg,Cần Thơ,2.3232049156129175,0,0.14259517819029818,0
2025-03-20 11:00:00+07:00,97.0,11.1,73.0,/dl/web/weather/ic-w-02-new-clouds-full.svg,Cần Thơ,1.4490729889576015,0,0.14259517819029818,0
2025-03-20 12:00:00+07:00,97.0,7.4,69.0,/dl/web/weather/ic-w-02-new-clouds-full.svg,Cần Thơ,1.4490729889576015,0,-0.40014460002836255,0
2025-03-20 13:00:00+07:00,97.0,7.4,65.0,/dl/web/weather/ic-w-02-new-clouds-full.svg,Cần Thơ,1.4490729889576015,0,-0.40014460002836255,0
2025-03-20 14:00:00+07:00,94.0,11.1,65.0,/dl/web/weather/ic-w-02-new-clouds-full.svg,Cần Thơ,1.3241969994354135,0,0.14259517819029818,0
2025-03-20 15:00:00+07:00,94.0,5.5,62.0,/dl/web/weather/ic-w-02-new-clouds-full.svg,Cần Thơ,1.3241969994354135,0,-0.6788488104649723,0
2025-03-20 16:00:00+07:00,94.0,11.1,62.0,/dl/web/weather/ic-w-02-new-clouds-full.svg,Cần Thơ,1.3241969994354135,0,0.14259517819029818,0
2025-03-20 17:00:00+07:00,91.0,5.5,66.0,/dl/web/weather/ic-w-02-new-clouds-full.svg,Cần Thơ,1.1993210099132254,0,-0.6788488104649723,0
2025-03-20 18:00:00+07:00,91.0,9.2,66.0,/dl/web/weather/ic-w-01-clear-sky-full.svg,Cần Thơ,1.1993210099132254,0,-0.1361090322463115,0
2025-03-20 19:00:00+07:00,91.0,5.5,70.0,/dl/web/weather/ic-w-01-clear-sky-full.svg,Cần Thơ,1.1993210099132254,0,-0.6788488104649723,0
2025-03-20 20:00:00+07:00,111.0,11.1,78.0,/dl/web/weather/ic-w-04-scattered-clouds-full.svg,Cần Thơ,2.0318276067278123,0,0.14259517819029818,0
2025-03-20 21:00:00+07:00,111.0,11.1,78.0,/dl/web/weather/ic-w-04-scattered-clouds-full.svg,Cần Thơ,2.0318276067278123,0,0.14259517819029818,0
2025-03-20 22:00:00+07:00,111.0,7.4,83.0,/dl/web/weather/ic-w-04-scattered-clouds-full.svg,Cần Thơ,2.0318276067278123,0,-0.40014460002836255,0
2025-03-20 23:00:00+07:00,88.0,5.5,83.0,/dl/web/weather/ic-w-10-night-clear-sky-full.svg,Cần Thơ,1.0744450203910374,0,-0.6788488104649723,0
2025-03-21 00:00:00+07:00,88.0,5.5,83.0,/dl/web/weather/ic-w-10-night-clear-sky-full.svg,Cần Thơ,1.0744450203910374,0,-0.6788488104649723,0
2025-03-21 01:00:00+07:00,88.0,5.5,83.0,/dl/web/weather/ic-w-10-night-clear-sky-full.svg,Cần Thơ,1.0744450203910374,0,-0.6788488104649723,0
2025-03-21 02:00:00+07:00,78.0,0.0,94.0,/dl/web/weather/ic-w-10-night-clear-sky-full.svg,Cần Thơ,0.6581917219837441,0,-1.4856241564656842,0
2025-03-21 03:00:00+07:00,78.0,0.0,100.0,/dl/web/weather/ic-w-10-night-clear-sky-full.svg,Cần Thơ,0.6581917219837441,0,-1.4856241564656842,0
2025-03-21 04:00:00+07:00,78.0,1.8,100.0,/dl/web/weather/ic-w-10-night-clear-sky-full.svg,Cần Thơ,0.6581917219837441,0,-1.2215885886836328,0
2025-03-21 05:00:00+07:00,98.0,1.8,100.0,/dl/web/weather/ic-w-10-night-clear-sky-full.svg,Cần Thơ,1.4906983187983307,0,-1.2215885886836328,0
2025-03-21 06:00:00+07:00,98.0,3.7,100.0,/dl/web/weather/ic-w-10-night-clear-sky-full.svg,Cần Thơ,1.4906983187983307,0,-0.9428843782470234,0
2025-03-21 08:00:00+07:00,115.0,7.4,94.0,/dl/web/weather/ic-w-01-clear-sky-full.svg,Cần Thơ,2.1983289260907295,0,-0.40014460002836255,0
2025-03-21 09:00:00+07:00,115.0,7.4,83.0,/dl/web/weather/ic-w-01-clear-sky-full.svg,Cần Thơ,2.1983289260907295,0,-0.40014460002836255,0
2025-03-21 10:00:00+07:00,115.0,9.2,74.0,/dl/web/weather/ic-w-01-clear-sky-full.svg,Cần Thơ,2.1983289260907295,0,-0.1361090322463115,0
2025-03-21 11:00:00+07:00,92.0,9.2,74.0,/dl/web/weather/ic-w-01-clear-sky-full.svg,Cần Thơ,1.2409463397539549,0,-0.1361090322463115,0
2025-03-21 12:00:00+07:00,92.0,9.2,70.0,/dl/web/weather/ic-w-02-new-clouds-full.svg,Cần Thơ,1.2409463397539549,0,-0.1361090322463115,0
2025-03-21 13:00:00+07:00,92.0,7.4,66.0,/dl/web/weather/ic-w-04-scattered-clouds-full.svg,Cần Thơ,1.2409463397539549,0,-0.40014460002836255,0
2025-03-21 14:00:00+07:00,88.0,7.4,62.0,/dl/web/weather/ic-w-04-scattered-clouds-full.svg,Cần Thơ,1.0744450203910374,0,-0.40014460002836255,0
2025-03-21 15:00:00+07:00,88.0,9.2,66.0,/dl/web/weather/ic-w-04-scattered-clouds-full.svg,Cần Thơ,1.0744450203910374,0,-0.1361090322463115,0
2025-03-21 16:00:00+07:00,88.0,7.4,58.0,/dl/web/weather/ic-w-04-scattered-clouds-full.svg,Cần Thơ,1.0744450203910374,0,-0.40014460002836255,0
2025-03-21 17:00:00+07:00,85.0,5.5,62.0,/dl/web/weather/ic-w-04-scattered-clouds-full.svg,Cần Thơ,0.9495690308688495,0,-0.6788488104649723,0
2025-03-21 18:00:00+07:00,85.0,5.5,66.0,/dl/web/weather/ic-w-02-new-clouds-full.svg,Cần Thơ,0.9495690308688495,0,-0.6788488104649723,0
2025-03-21 19:00:00+07:00,85.0,1.8,74.0,/dl/web/weather/ic-w-02-new-clouds-full.svg,Cần Thơ,0.9495690308688495,0,-1.2215885886836328,0
2025-03-21 20:00:00+07:00,106.0,7.4,78.0,/dl/web/weather/ic-w-04-scattered-clouds-full.svg,Cần Thơ,1.8237009575241654,0,-0.40014460002836255,0
2025-03-21 21:00:00+07:00,106.0,7.4,78.0,/dl/web/weather/ic-w-04-scattered-clouds-full.svg,Cần Thơ,1.8237009575241654,0,-0.40014460002836255,0
2025-03-21 22:00:00+07:00,106.0,7.4,78.0,/dl/web/weather/ic-w-04-scattered-clouds-full.svg,Cần Thơ,1.8237009575241654,0,-0.40014460002836255,0
2025-03-21 23:00:00+07:00,85.0,1.8,83.0,/dl/web/weather/ic-w-04-scattered-clouds-full.svg,Cần Thơ,0.9495690308688495,0,-1.2215885886836328,0
2025-03-22 00:00:00+07:00,85.0,7.4,89.0,/dl/web/weather/ic-w-04-scattered-clouds-full.svg,Cần Thơ,0.9495690308688495,0,-0.40014460002836255,0
2025-03-22 01:00:00+07:00,85.0,9.2,89.0,/dl/web/weather/ic-w-10-night-clear-sky-full.svg,Cần Thơ,0.9495690308688495,0,-0.1361090322463115,0
2025-03-22 02:00:00+07:00,81.0,9.2,89.0,/dl/web/weather/ic-w-10-night-clear-sky-full.svg,Cần Thơ,0.7830677115059321,0,-0.1361090322463115,0
2025-03-22 03:00:00+07:00,81.0,9.2,83.0,/dl/web/weather/ic-w-10-night-clear-sky-full.svg,Cần Thơ,0.7830677115059321,0,-0.1361090322463115,0
2025-03-22 04:00:00+07:00,81.0,5.5,88.0,/dl/web/weather/ic-w-10-night-clear-sky-full.svg,Cần Thơ,0.7830677115059321,0,-0.6788488104649723,0
2025-03-22 05:00:00+07:00,85.0,3.7,83.0,/dl/web/weather/ic-w-10-night-clear-sky-full.svg,Cần Thơ,0.9495690308688495,0,-0.9428843782470234,0
2025-03-22 06:00:00+07:00,85.0,1.8,88.0,/dl/web/weather/ic-w-10-night-clear-sky-full.svg,Cần Thơ,0.9495690308688495,0,-1.2215885886836328,0
2025-03-22 07:00:00+07:00,85.0,5.5,88.0,/dl/web/weather/ic-w-04-scattered-clouds-full.svg,Cần Thơ,0.9495690308688495,0,-0.6788488104649723,0
2025-03-22 08:00:00+07:00,88.0,7.4,89.0,/dl/web/weather/ic-w-04-scattered-clouds-full.svg,Cần Thơ,1.0744450203910374,0,-0.40014460002836255,0
2025-03-22 10:00:00+07:00,88.0,11.1,83.0,/dl/web/weather/ic-w-04-scattered-clouds-full.svg,Cần Thơ,1.0744450203910374,0,0.14259517819029818,0
2025-03-22 11:00:00+07:00,81.0,11.1,83.0,/dl/web/weather/ic-w-04-scattered-clouds-full.svg,Cần Thơ,0.7830677115059321,0,0.14259517819029818,0
2025-03-22 12:00:00+07:00,81.0,11.1,79.0,/dl/web/weather/ic-w-02-new-clouds-full.svg,Cần Thơ,0.7830677115059321,0,0.14259517819029818,0
2025-03-22 13:00:00+07:00,81.0,9.2,70.0,/dl/web/weather/ic-w-02-new-clouds-full.svg,Cần Thơ,0.7830677115059321,0,-0.1361090322463115,0
2025-03-22 14:00:00+07:00,82.0,9.2,70.0,/dl/web/weather/ic-w-02-new-clouds-full.svg,Cần Thơ,0.8246930413466614,0,-0.1361090322463115,0
2025-03-22 15:00:00+07:00,82.0,11.1,62.0,/dl/web/weather/ic-w-02-new-clouds-full.svg,Cần Thơ,0.8246930413466614,0,0.14259517819029818,0
2025-03-22 16:00:00+07:00,82.0,11.1,58.0,/dl/web/weather/ic-w-02-new-clouds-full.svg,Cần Thơ,0.8246930413466614,0,0.14259517819029818,0
2025-03-22 17:00:00+07:00,77.0,9.2,52.0,/dl/web/weather/ic-w-04-scattered-clouds-full.svg,Cần Thơ,0.6165663921430148,0,-0.1361090322463115,0
2025-03-22 18:00:00+07:00,77.0,11.1,51.0,/dl/web/weather/ic-w-04-scattered-clouds-full.svg,Cần Thơ,0.6165663921430148,0,0.14259517819029818,0
2025-03-22 19:00:00+07:00,77.0,11.1,55.0,/dl/web/weather/ic-w-04-scattered-clouds-full.svg,Cần Thơ,0.6165663921430148,0,0.14259517819029818,0
2025-03-22 20:00:00+07:00,63.0,14.8,74.0,/dl/web/weather/ic-w-04-scattered-clouds-full.svg,Cần Thơ,0.03381177437280418,0,0.6853349564089591,0
2025-03-22 21:00:00+07:00,63.0,14.8,74.0,/dl/web/weather/ic-w-04-scattered-clouds-full.svg,Cần Thơ,0.03381177437280418,0,0.6853349564089591,0
2025-03-22 22:00:00+07:00,63.0,14.8,78.0,/dl/web/weather/ic-w-04-scattered-clouds-full.svg,Cần Thơ,0.03381177437280418,0,0.6853349564089591,0
2025-03-22 23:00:00+07:00,64.0,13.0,78.0,/dl/web/weather/ic-w-10-night-clear-sky-full.svg,Cần Thơ,0.07543710421353352,0,0.42129938862690786,0
2025-03-23 00:00:00+07:00,64.0,14.8,83.0,/dl/web/weather/ic-w-10-night-clear-sky-full.svg,Cần Thơ,0.07543710421353352,0,0.6853349564089591,0
2025-03-23 01:00:00+07:00,64.0,7.4,83.0,/dl/web/weather/ic-w-10-night-clear-sky-full.svg,Cần Thơ,0.07543710421353352,0,-0.40014460002836255,0
2025-03-23 02:00:00+07:00,66.0,11.1,83.0,/dl/web/weather/ic-w-10-night-clear-sky-full.svg,Cần Thơ,0.15868776389499217,0,0.14259517819029818,0
2025-03-23 03:00:00+07:00,66.0,9.2,88.0,/dl/web/weather/ic-w-10-night-clear-sky-full.svg,Cần Thơ,0.15868776389499217,0,-0.1361090322463115,0
2025-03-23 04:00:00+07:00,66.0,11.1,88.0,/dl/web/weather/ic-w-10-night-clear-sky-full.svg,Cần Thơ,0.15868776389499217,0,0.14259517819029818,0
2025-03-23 05:00:00+07:00,65.0,7.4,88.0,/dl/web/weather/ic-w-10-night-clear-sky-full.svg,Cần Thơ,0.11706243405426284,0,-0.40014460002836255,0
2025-03-23 06:00:00+07:00,65.0,9.2,88.0,/dl/web/weather/ic-w-10-night-clear-sky-full.svg,Cần Thơ,0.11706243405426284,0,-0.1361090322463115,0
2025-03-23 07:00:00+07:00,65.0,1.8,88.0,/dl/web/weather/ic-w-02-new-clouds-full.svg,Cần Thơ,0.11706243405426284,0,-1.2215885886836328,0
2025-03-23 08:00:00+07:00,74.0,1.8,83.0,/dl/web/weather/ic-w-04-scattered-clouds-full.svg,Cần Thơ,0.4916904026208268,0,-1.2215885886836328,0
2025-03-23 09:00:00+07:00,74.0,11.1,83.0,/dl/web/weather/ic-w-02-new-clouds-full.svg,Cần Thơ,0.4916904026208268,0,0.14259517819029818,0
2025-03-23 10:00:00+07:00,74.0,11.1,78.0,/dl/web/weather/ic-w-02-new-clouds-full.svg,Cần Thơ,0.4916904026208268,0,0.14259517819029818,0
2025-03-23 11:00:00+07:00,71.0,11.1,78.0,/dl/web/weather/ic-w-02-new-clouds-full.svg,Cần Thơ,0.3668144130986388,0,0.14259517819029818,0
2025-03-23 12:00:00+07:00,71.0,11.1,70.0,/dl/web/weather/ic-w-02-new-clouds-full.svg,Cần Thơ,0.3668144130986388,0,0.14259517819029818,0
2025-03-23 13:00:00+07:00,71.0,9.2,62.0,/dl/web/weather/ic-w-02-new-clouds-full.svg,Cần Thơ,0.3668144130986388,0,-0.1361090322463115,0
2025-03-23 14:00:00+07:00,77.0,9.2,58.0,/dl/web/weather/ic-w-02-new-clouds-full.svg,Cần Thơ,0.6165663921430148,0,-0.1361090322463115,0
2025-03-23 15:00:00+07:00,77.0,5.5,55.0,/dl/web/weather/ic-w-04-scattered-clouds-full.svg,Cần Thơ,0.6165663921430148,0,-0.6788488104649723,0
2025-03-23 16:00:00+07:00,77.0,3.7,55.0,/dl/web/weather/ic-w-04-scattered-clouds-full.svg,Cần Thơ,0.6165663921430148,0,-0.9428843782470234,0
2025-03-23 17:00:00+07:00,79.0,7.4,55.0,/dl/web/weather/ic-w-04-scattered-clouds-full.svg,Cần Thơ,0.6998170518244735,0,-0.40014460002836255,0
2025-03-23 18:00:00+07:00,79.0,3.7,58.0,/dl/web/weather/ic-w-02-new-clouds-full.svg,Cần Thơ,0.6998170518244735,0,-0.9428843782470234,0
2025-03-23 19:00:00+07:00,79.0,1.8,62.0,/dl/web/weather/ic-w-02-new-clouds-full.svg,Cần Thơ,0.6998170518244735,0,-1.2215885886836328,0
2025-03-23 20:00:00+07:00,70.0,7.4,78.0,/dl/web/weather/ic-w-10-night-clear-sky-full.svg,Cần Thơ,0.3251890832579095,0,-0.40014460002836255,0
2025-03-23 21:00:00+07:00,70.0,7.4,78.0,/dl/web/weather/ic-w-10-night-clear-sky-full.svg,Cần Thơ,0.3251890832579095,0,-0.40014460002836255,0
2025-03-23 22:00:00+07:00,70.0,11.1,78.0,/dl/web/weather/ic-w-10-night-clear-sky-full.svg,Cần Thơ,0.3251890832579095,0,0.14259517819029818,0
2025-03-23 23:00:00+07:00,70.0,7.4,89.0,/dl/web/weather/ic-w-10-night-clear-sky-full.svg,Cần Thơ,0.3251890832579095,0,-0.40014460002836255,0
2025-03-24 01:00:00+07:00,70.0,9.2,94.0,/dl/web/weather/ic-w-11-night-few-clouds-full.svg,Cần Thơ,0.3251890832579095,0,-0.1361090322463115,0
2025-03-24 02:00:00+07:00,75.0,3.7,94.0,/dl/web/weather/ic-w-11-night-few-clouds-full.svg,Cần Thơ,0.5333157324615562,0,-0.9428843782470234,0
2025-03-24 03:00:00+07:00,75.0,3.7,94.0,/dl/web/weather/ic-w-11-night-few-clouds-full.svg,Cần Thơ,0.5333157324615562,0,-0.9428843782470234,0
2025-03-24 04:00:00+07:00,75.0,3.7,100.0,/dl/web/weather/ic-w-11-night-few-clouds-full.svg,Cần Thơ,0.5333157324615562,0,-0.9428843782470234,0
2025-03-24 05:00:00+07:00,90.0,5.5,100.0,/dl/web/weather/ic-w-11-night-few-clouds-full.svg,Cần Thơ,1.157695680072496,0,-0.6788488104649723,0
2025-03-24 06:00:00+07:00,90.0,5.5,94.0,/dl/web/weather/ic-w-11-night-few-clouds-full.svg,Cần Thơ,1.157695680072496,0,-0.6788488104649723,0
2025-03-24 07:00:00+07:00,90.0,9.2,88.0,/dl/web/weather/ic-w-04-scattered-clouds-full.svg,Cần Thơ,1.157695680072496,0,-0.1361090322463115,0
2025-03-24 08:00:00+07:00,91.0,13.0,89.0,/dl/web/weather/ic-w-04-scattered-clouds-full.svg,Cần Thơ,1.1993210099132254,0,0.42129938862690786,0
2025-03-24 09:00:00+07:00,91.0,18.5,83.0,/dl/web/weather/ic-w-02-new-clouds-full.svg,Cần Thơ,1.1993210099132254,0,1.22807473462762,0
2025-03-24 10:00:00+07:00,91.0,18.5,83.0,/dl/web/weather/ic-w-02-new-clouds-full.svg,Cần Thơ,1.1993210099132254,0,1.22807473462762,0
2025-03-24 11:00:00+07:00,74.0,18.5,78.0,/dl/web/weather/ic-w-02-new-clouds-full.svg,Cần Thơ,0.4916904026208268,0,1.22807473462762,0
2025-03-24 12:00:00+07:00,74.0,11.1,74.0,/dl/web/weather/ic-w-02-new-clouds-full.svg,Cần Thơ,0.4916904026208268,0,0.14259517819029818,0
2025-03-24 13:00:00+07:00,74.0,11.1,70.0,/dl/web/weather/ic-w-02-new-clouds-full.svg,Cần Thơ,0.4916904026208268,0,0.14259517819029818,0
2025-03-24 14:00:00+07:00,76.0,9.2,62.0,/dl/web/weather/ic-w-02-new-clouds-full.svg,Cần Thơ,0.5749410623022855,0,-0.1361090322463115,0
2025-03-24 15:00:00+07:00,76.0,11.1,58.0,/dl/web/weather/ic-w-04-scattered-clouds-full.svg,Cần Thơ,0.5749410623022855,0,0.14259517819029818,0
2025-03-24 16:00:00+07:00,76.0,11.1,58.0,/dl/web/weather/ic-w-04-scattered-clouds-full.svg,Cần Thơ,0.5749410623022855,0,0.14259517819029818,0
2025-03-24 17:00:00+07:00,78.0,13.0,58.0,/dl/web/weather/ic-w-02-new-clouds-full.svg,Cần Thơ,0.6581917219837441,0,0.42129938862690786,0
2025-03-24 18:00:00+07:00,78.0,7.4,62.0,/dl/web/weather/ic-w-02-new-clouds-full.svg,Cần Thơ,0.6581917219837441,0,-0.40014460002836255,0
2025-03-24 19:00:00+07:00,78.0,9.2,66.0,/dl/web/weather/ic-w-02-new-clouds-full.svg,Cần Thơ,0.6581917219837441,0,-0.1361090322463115,0
2025-03-24 20:00:00+07:00,75.0,11.1,74.0,/dl/web/weather/ic-w-10-night-clear-sky-full.svg,Cần Thơ,0.5333157324615562,0,0.14259517819029818,0
2025-03-24 21:00:00+07:00,75.0,11.1,74.0,/dl/web/weather/ic-w-10-night-clear-sky-full.svg,Cần Thơ,0.5333157324615562,0,0.14259517819029818,0
2025-03-24 22:00:00+07:00,75.0,13.0,74.0,/dl/web/weather/ic-w-10-night-clear-sky-full.svg,Cần Thơ,0.5333157324615562,0,0.42129938862690786,0
2025-03-24 23:00:00+07:00,69.0,11.1,83.0,/dl/web/weather/ic-w-04-scattered-clouds-full.svg,Cần Thơ,0.28356375341718015,0,0.14259517819029818,0
2025-03-25 00:00:00+07:00,69.0,14.8,83.0,/dl/web/weather/ic-w-04-scattered-clouds-full.svg,Cần Thơ,0.28356375341718015,0,0.6853349564089591,0
2025-03-25 01:00:00+07:00,69.0,5.5,89.0,/dl/web/weather/ic-w-10-night-clear-sky-full.svg,Cần Thơ,0.28356375341718015,0,-0.6788488104649723,0
2025-03-25 02:00:00+07:00,66.0,5.5,89.0,/dl/web/weather/ic-w-10-night-clear-sky-full.svg,Cần Thơ,0.15868776389499217,0,-0.6788488104649723,0
2025-03-25 03:00:00+07:00,66.0,5.5,94.0,/dl/web/weather/ic-w-10-night-clear-sky-full.svg,Cần Thơ,0.15868776389499217,0,-0.6788488104649723,0
2025-03-25 04:00:00+07:00,66.0,7.4,94.0,/dl/web/weather/ic-w-10-night-clear-sky-full.svg,Cần Thơ,0.15868776389499217,0,-0.40014460002836255,0
2025-03-25 05:00:00+07:00,71.0,5.5,94.0,/dl/web/weather/ic-w-04-scattered-clouds-full.svg,Cần Thơ,0.3668144130986388,0,-0.6788488104649723,0
2025-03-25 06:00:00+07:00,71.0,7.4,94.0,/dl/web/weather/ic-w-04-scattered-clouds-full.svg,Cần Thơ,0.3668144130986388,0,-0.40014460002836255,0
2025-03-25 07:00:00+07:00,71.0,9.2,94.0,/dl/web/weather/ic-w-04-scattered-clouds-full.svg,Cần Thơ,0.3668144130986388,0,-0.1361090322463115,0
2025-03-25 08:00:00+07:00,71.0,7.4,83.0,/dl/web/weather/ic-w-04-scattered-clouds-full.svg,Cần Thơ,0.3668144130986388,0,-0.40014460002836255,0
2025-03-25 09:00:00+07:00,71.0,7.4,83.0,/dl/web/weather/ic-w-04-scattered-clouds-full.svg,Cần Thơ,0.3668144130986388,0,-0.40014460002836255,0
2025-03-25 10:00:00+07:00,71.0,7.4,83.0,/dl/web/weather/ic-w-04-scattered-clouds-full.svg,Cần Thơ,0.3668144130986388,0,-0.40014460002836255,0
2025-03-25 11:00:00+07:00,61.0,18.5,70.0,/dl/web/weather/ic-w-04-scattered-clouds-full.svg,Cần Thơ,-0.049438885308654486,0,1.22807473462762,0
2025-03-25 12:00:00+07:00,61.0,18.5,70.0,/dl/web/weather/ic-w-04-scattered-clouds-full.svg,Cần Thơ,-0.049438885308654486,0,1.22807473462762,0
2025-03-25 13:00:00+07:00,61.0,13.0,66.0,/dl/web/weather/ic-w-04-scattered-clouds-full.svg,Cần Thơ,-0.049438885308654486,0,0.42129938862690786,0
2025-03-25 14:00:00+07:00,63.0,13.0,66.0,/dl/web/weather/ic-w-04-scattered-clouds-full.svg,Cần Thơ,0.03381177437280418,0,0.42129938862690786,0
2025-03-25 15:00:00+07:00,63.0,13.0,66.0,/dl/web/weather/ic-w-04-scattered-clouds-full.svg,Cần Thơ,0.03381177437280418,0,0.42129938862690786,0
2025-03-25 16:00:00+07:00,63.0,7.4,66.0,/dl/web/weather/ic-w-04-scattered-clouds-full.svg,Cần Thơ,0.03381177437280418,0,-0.40014460002836255,0
2025-03-25 17:00:00+07:00,68.0,9.2,70.0,/dl/web/weather/ic-w-04-scattered-clouds-full.svg,Cần Thơ,0.24193842357645082,0,-0.1361090322463115,0
2025-03-25 18:00:00+07:00,68.0,9.2,70.0,/dl/web/weather/ic-w-04-scattered-clouds-full.svg,Cần Thơ,0.24193842357645082,0,-0.1361090322463115,0
2025-03-25 19:00:00+07:00,68.0,9.2,70.0,/dl/web/weather/ic-w-04-scattered-clouds-full.svg,Cần Thơ,0.24193842357645082,0,-0.1361090322463115,0
2025-03-25 20:00:00+07:00,67.0,5.5,78.0,/dl/web/weather/ic-w-04-scattered-clouds-full.svg,Cần Thơ,0.2003130937357215,0,-0.6788488104649723,0
2025-03-25 21:00:00+07:00,67.0,5.5,78.0,/dl/web/weather/ic-w-04-scattered-clouds-full.svg,Cần Thơ,0.2003130937357215,0,-0.6788488104649723,0
2025-03-25 22:00:00+07:00,67.0,5.5,83.0,/dl/web/weather/ic-w-11-night-few-clouds-full.svg,Cần Thơ,0.2003130937357215,0,-0.6788488104649723,0
2025-03-25 23:00:00+07:00,66.0,5.5,88.0,/dl/web/weather/ic-w-10-night-clear-sky-full.svg,Cần Thơ,0.15868776389499217,0,-0.6788488104649723,0
2025-03-26 00:00:00+07:00,66.0,5.5,88.0,/dl/web/weather/ic-w-10-night-clear-sky-full.svg,Cần Thơ,0.15868776389499217,0,-0.6788488104649723,0
2025-03-26 01:00:00+07:00,66.0,3.7,94.0,/dl/web/weather/ic-w-10-night-clear-sky-full.svg,Cần Thơ,0.15868776389499217,0,-0.9428843782470234,0
2025-03-26 02:00:00+07:00,77.0,3.7,94.0,/dl/web/weather/ic-w-10-night-clear-sky-full.svg,Cần Thơ,0.6165663921430148,0,-0.9428843782470234,0
2025-03-26 03:00:00+07:00,77.0,1.8,100.0,/dl/web/weather/ic-w-10-night-clear-sky-full.svg,Cần Thơ,0.6165663921430148,0,-1.2215885886836328,0
2025-03-26 04:00:00+07:00,77.0,0.0,100.0,/dl/web/weather/ic-w-11-night-few-clouds-full.svg,Cần Thơ,0.6165663921430148,0,-1.4856241564656842,0
2025-03-26 05:00:00+07:00,88.0,3.7,100.0,/dl/web/weather/ic-w-09-mist-full.svg,Cần Thơ,1.0744450203910374,0,-0.9428843782470234,0
2025-03-26 06:00:00+07:00,88.0,3.7,100.0,/dl/web/weather/ic-w-09-mist-full.svg,Cần Thơ,1.0744450203910374,0,-0.9428843782470234,0
2025-03-26 07:00:00+07:00,88.0,1.8,100.0,/dl/web/weather/ic-w-02-new-clouds-full.svg,Cần Thơ,1.0744450203910374,0,-1.2215885886836328,0
2025-03-26 08:00:00+07:00,106.0,7.4,94.0,/dl/web/weather/ic-w-04-scattered-clouds-full.svg,Cần Thơ,1.8237009575241654,0,-0.40014460002836255,0
2025-03-26 09:00:00+07:00,106.0,9.2,83.0,/dl/web/weather/ic-w-04-scattered-clouds-full.svg,Cần Thơ,1.8237009575241654,0,-0.1361090322463115,0
2025-03-26 10:00:00+07:00,106.0,9.2,74.0,/dl/web/weather/ic-w-04-scattered-clouds-full.svg,Cần Thơ,1.8237009575241654,0,-0.1361090322463115,0
2025-03-26 11:00:00+07:00,74.0,9.2,74.0,/dl/web/weather/ic-w-04-scattered-clouds-full.svg,Cần Thơ,0.4916904026208268,0,-0.1361090322463115,0
2025-03-26 12:00:00+07:00,74.0,9.2,70.0,/dl/web/weather/ic-w-04-scattered-clouds-full.svg,Cần Thơ,0.4916904026208268,0,-0.1361090322463115,0
2025-03-26 13:00:00+07:00,74.0,7.4,70.0,/dl/web/weather/ic-w-04-scattered-clouds-full.svg,Cần Thơ,0.4916904026208268,0,-0.40014460002836255,0
2025-03-26 14:00:00+07:00,70.0,5.5,70.0,/dl/web/weather/ic-w-04-scattered-clouds-full.svg,Cần Thơ,0.3251890832579095,0,-0.6788488104649723,0
2025-03-26 15:00:00+07:00,70.0,5.5,60.0,/dl/web/weather/ic-w-04-scattered-clouds-full.svg,Cần Thơ,0.3251890832579095,0,-0.6788488104649723,0
2025-03-26 16:00:00+07:00,70.0,5.5,57.0,/dl/web/weather/ic-w-04-scattered-clouds-full.svg,Cần Thơ,0.3251890832579095,0,-0.6788488104649723,0
2025-03-26 17:00:00+07:00,70.0,1.8,52.0,/dl/web/weather/ic-w-04-scattered-clouds-full.svg,Cần Thơ,0.3251890832579095,0,-1.2215885886836328,0
2025-03-26 18:00:00+07:00,70.0,7.4,50.0,/dl/web/weather/ic-w-02-new-clouds-full.svg,Cần Thơ,0.3251890832579095,0,-0.40014460002836255,0
2025-03-26 19:00:00+07:00,70.0,7.4,64.0,/dl/web/weather/ic-w-02-new-clouds-full.svg,Cần Thơ,0.3251890832579095,0,-0.40014460002836255,0
2025-03-26 20:00:00+07:00,76.0,1.8,70.0,/dl/web/weather/ic-w-04-scattered-clouds-full.svg,Cần Thơ,0.5749410623022855,0,-1.2215885886836328,0
2025-03-26 21:00:00+07:00,76.0,1.8,70.0,/dl/web/weather/ic-w-04-scattered-clouds-full.svg,Cần Thơ,0.5749410623022855,0,-1.2215885886836328,0
2025-03-26 22:00:00+07:00,76.0,5.5,80.0,/dl/web/weather/ic-w-10-night-clear-sky-full.svg,Cần Thơ,0.5749410623022855,0,-0.6788488104649723,0
2025-03-26 23:00:00+07:00,78.0,5.5,85.0,/dl/web/weather/ic-w-10-night-clear-sky-full.svg,Cần Thơ,0.6581917219837441,0,-0.6788488104649723,0
2025-03-27 00:00:00+07:00,78.0,5.5,83.0,/dl/web/weather/ic-w-10-night-clear-sky-full.svg,Cần Thơ,0.6581917219837441,0,-0.6788488104649723,0
2025-03-27 01:00:00+07:00,78.0,5.5,89.0,/dl/web/weather/ic-w-10-night-clear-sky-full.svg,Cần Thơ,0.6581917219837441,0,-0.6788488104649723,0
2025-03-27 02:00:00+07:00,84.0,5.5,86.0,/dl/web/weather/ic-w-10-night-clear-sky-full.svg,Cần Thơ,0.9079437010281202,0,-0.6788488104649723,0
2025-03-27 03:00:00+07:00,84.0,5.5,95.0,/dl/web/weather/ic-w-10-night-clear-sky-full.svg,Cần Thơ,0.9079437010281202,0,-0.6788488104649723,0
2025-03-27 04:00:00+07:00,84.0,5.5,96.0,/dl/web/weather/ic-w-10-night-clear-sky-full.svg,Cần Thơ,0.9079437010281202,0,-0.6788488104649723,0
2025-03-27 05:00:00+07:00,85.0,5.5,92.0,/dl/web/weather/ic-w-10-night-clear-sky-full.svg,Cần Thơ,0.9495690308688495,0,-0.6788488104649723,0
2025-03-27 06:00:00+07:00,85.0,7.4,93.0,/dl/web/weather/ic-w-10-night-clear-sky-full.svg,Cần Thơ,0.9495690308688495,0,-0.40014460002836255,0
2025-03-27 07:00:00+07:00,85.0,7.4,97.0,/dl/web/weather/ic-w-01-clear-sky-full.svg,Cần Thơ,0.9495690308688495,0,-0.40014460002836255,0
2025-03-27 08:00:00+07:00,86.0,5.5,89.0,/dl/web/weather/ic-w-02-new-clouds-full.svg,Cần Thơ,0.9911943607095788,0,-0.6788488104649723,0
2025-03-27 09:00:00+07:00,86.0,13.0,75.0,/dl/web/weather/ic-w-04-scattered-clouds-full.svg,Cần Thơ,0.9911943607095788,0,0.42129938862690786,0
2025-03-27 10:00:00+07:00,86.0,11.1,70.0,/dl/web/weather/ic-w-04-scattered-clouds-full.svg,Cần Thơ,0.9911943607095788,0,0.14259517819029818,0
2025-03-27 11:00:00+07:00,68.0,11.1,70.0,/dl/web/weather/ic-w-04-scattered-clouds-full.svg,Cần Thơ,0.24193842357645082,0,0.14259517819029818,0
2025-03-27 12:00:00+07:00,68.0,9.2,53.0,/dl/web/weather/ic-w-04-scattered-clouds-full.svg,Cần Thơ,0.24193842357645082,0,-0.1361090322463115,0
2025-03-27 13:00:00+07:00,68.0,5.5,60.0,/dl/web/weather/ic-w-04-scattered-clouds-full.svg,Cần Thơ,0.24193842357645082,0,-0.6788488104649723,0
2025-03-27 14:00:00+07:00,71.0,1.8,39.0,/dl/web/weather/ic-w-04-scattered-clouds-full.svg,Cần Thơ,0.3668144130986388,0,-1.2215885886836328,0
2025-03-27 15:00:00+07:00,71.0,3.7,31.0,/dl/web/weather/ic-w-04-scattered-clouds-full.svg,Cần Thơ,0.3668144130986388,0,-0.9428843782470234,0
2025-03-27 16:00:00+07:00,71.0,3.7,37.0,/dl/web/weather/ic-w-04-scattered-clouds-full.svg,Cần Thơ,0.3668144130986388,0,-0.9428843782470234,0
2025-03-27 17:00:00+07:00,70.0,3.7,25.0,/dl/web/weather/ic-w-04-scattered-clouds-full.svg,Cần Thơ,0.3251890832579095,0,-0.9428843782470234,0
2025-03-27 18:00:00+07:00,70.0,9.2,29.0,/dl/web/weather/ic-w-02-new-clouds-full.svg,Cần Thơ,0.3251890832579095,0,-0.1361090322463115,0
2025-03-27 19:00:00+07:00,70.0,9.2,57.0,/dl/web/weather/ic-w-04-scattered-clouds-full.svg,Cần Thơ,0.3251890832579095,0,-0.1361090322463115,0
2025-03-27 20:00:00+07:00,71.0,13.0,57.0,/dl/web/weather/ic-w-04-scattered-clouds-full.svg,Cần Thơ,0.3668144130986388,0,0.42129938862690786,0
2025-03-27 21:00:00+07:00,71.0,13.0,57.0,/dl/web/weather/ic-w-04-scattered-clouds-full.svg,Cần Thơ,0.3668144130986388,0,0.42129938862690786,0
2025-03-27 22:00:00+07:00,71.0,5.5,78.0,/dl/web/weather/ic-w-11-night-few-clouds-full.svg,Cần Thơ,0.3668144130986388,0,-0.6788488104649723,0
2025-03-27 23:00:00+07:00,74.0,3.7,83.0,/dl/web/weather/ic-w-10-night-clear-sky-full.svg,Cần Thơ,0.4916904026208268,0,-0.9428843782470234,0
2025-03-28 00:00:00+07:00,74.0,3.7,89.0,/dl/web/weather/ic-w-10-night-clear-sky-full.svg,Cần Thơ,0.4916904026208268,0,-0.9428843782470234,0
2025-03-28 01:00:00+07:00,74.0,5.5,90.0,/dl/web/weather/ic-w-10-night-clear-sky-full.svg,Cần Thơ,0.4916904026208268,0,-0.6788488104649723,0
2025-03-28 02:00:00+07:00,82.0,3.7,95.0,/dl/web/weather/ic-w-10-night-clear-sky-full.svg,Cần Thơ,0.8246930413466614,0,-0.9428843782470234,0
2025-03-28 03:00:00+07:00,82.0,3.7,96.0,/dl/web/weather/ic-w-04-scattered-clouds-full.svg,Cần Thơ,0.8246930413466614,0,-0.9428843782470234,0
2025-03-28 04:00:00+07:00,82.0,3.7,96.0,/dl/web/weather/ic-w-11-night-few-clouds-full.svg,Cần Thơ,0.8246930413466614,0,-0.9428843782470234,0
2025-03-28 05:00:00+07:00,92.0,1.8,96.0,/dl/web/weather/ic-w-11-night-few-clouds-full.svg,Cần Thơ,1.2409463397539549,0,-1.2215885886836328,0
2025-03-28 06:00:00+07:00,92.0,5.5,97.0,/dl/web/weather/ic-w-11-night-few-clouds-full.svg,Cần Thơ,1.2409463397539549,0,-0.6788488104649723,0
2025-03-28 07:00:00+07:00,92.0,3.7,88.0,/dl/web/weather/ic-w-02-new-clouds-full.svg,Cần Thơ,1.2409463397539549,0,-0.9428843782470234,0
2025-03-28 08:00:00+07:00,100.0,7.4,86.0,/dl/web/weather/ic-w-02-new-clouds-full.svg,Cần Thơ,1.5739489784797893,0,-0.40014460002836255,0
2025-03-28 10:00:00+07:00,100.0,5.5,65.0,/dl/web/weather/ic-w-04-scattered-clouds-full.svg,Cần Thơ,1.5739489784797893,0,-0.6788488104649723,0
2025-03-28 11:00:00+07:00,71.0,7.4,47.0,/dl/web/weather/ic-w-04-scattered-clouds-full.svg,Cần Thơ,0.3668144130986388,0,-0.40014460002836255,0
2025-03-28 12:00:00+07:00,71.0,7.4,60.0,/dl/web/weather/ic-w-04-scattered-clouds-full.svg,Cần Thơ,0.3668144130986388,0,-0.40014460002836255,0
2025-03-28 13:00:00+07:00,71.0,9.2,45.0,/dl/web/weather/ic-w-04-scattered-clouds-full.svg,Cần Thơ,0.3668144130986388,0,-0.1361090322463115,0
2025-03-28 14:00:00+07:00,71.0,7.4,36.0,/dl/web/weather/ic-w-04-scattered-clouds-full.svg,Cần Thơ,0.3668144130986388,0,-0.40014460002836255,0
2025-03-28 15:00:00+07:00,71.0,9.2,32.0,/dl/web/weather/ic-w-02-new-clouds-full.svg,Cần Thơ,0.3668144130986388,0,-0.1361090322463115,0
2025-03-28 16:00:00+07:00,71.0,5.5,38.0,/dl/web/weather/ic-w-02-new-clouds-full.svg,Cần Thơ,0.3668144130986388,0,-0.6788488104649723,0
2025-03-28 17:00:00+07:00,71.0,5.5,26.0,/dl/web/weather/ic-w-02-new-clouds-full.svg,Cần Thơ,0.3668144130986388,0,-0.6788488104649723,0
2025-03-28 18:00:00+07:00,71.0,3.7,36.0,/dl/web/weather/ic-w-04-scattered-clouds-full.svg,Cần Thơ,0.3668144130986388,0,-0.9428843782470234,0
2025-03-28 19:00:00+07:00,71.0,11.1,64.0,/dl/web/weather/ic-w-04-scattered-clouds-full.svg,Cần Thơ,0.3668144130986388,0,0.14259517819029818,0
2025-03-28 20:00:00+07:00,71.0,13.0,70.0,/dl/web/weather/ic-w-11-night-few-clouds-full.svg,Cần Thơ,0.3668144130986388,0,0.42129938862690786,0
2025-03-28 21:00:00+07:00,71.0,7.4,70.0,/dl/web/weather/ic-w-11-night-few-clouds-full.svg,Cần Thơ,0.3668144130986388,0,-0.40014460002836255,0
2025-03-28 22:00:00+07:00,71.0,13.0,75.0,/dl/web/weather/ic-w-11-night-few-clouds-full.svg,Cần Thơ,0.3668144130986388,0,0.42129938862690786,0
2025-03-28 23:00:00+07:00,71.0,3.7,89.0,/dl/web/weather/ic-w-10-night-clear-sky-full.svg,Cần Thơ,0.3668144130986388,0,-0.9428843782470234,0
2025-03-29 00:00:00+07:00,71.0,5.5,94.0,/dl/web/weather/ic-w-10-night-clear-sky-full.svg,Cần Thơ,0.3668144130986388,0,-0.6788488104649723,0
2025-03-29 01:00:00+07:00,71.0,3.7,94.0,/dl/web/weather/ic-w-10-night-clear-sky-full.svg,Cần Thơ,0.3668144130986388,0,-0.9428843782470234,0
2025-03-29 02:00:00+07:00,78.0,3.7,100.0,/dl/web/weather/ic-w-10-night-clear-sky-full.svg,Cần Thơ,0.6581917219837441,0,-0.9428843782470234,0
2025-03-29 03:00:00+07:00,78.0,3.7,100.0,/dl/web/weather/ic-w-10-night-clear-sky-full.svg,Cần Thơ,0.6581917219837441,0,-0.9428843782470234,0
2025-03-29 04:00:00+07:00,78.0,5.5,100.0,/dl/web/weather/ic-w-10-night-clear-sky-full.svg,Cần Thơ,0.6581917219837441,0,-0.6788488104649723,0
2025-03-29 05:00:00+07:00,90.0,3.7,94.0,/dl/web/weather/ic-w-10-night-clear-sky-full.svg,Cần Thơ,1.157695680072496,0,-0.9428843782470234,0
2025-03-29 07:00:00+07:00,90.0,3.7,94.0,/dl/web/weather/ic-w-01-clear-sky-full.svg,Cần Thơ,1.157695680072496,0,-0.9428843782470234,0
2025-03-29 08:00:00+07:00,106.0,11.1,89.0,/dl/web/weather/ic-w-02-new-clouds-full.svg,Cần Thơ,1.8237009575241654,0,0.14259517819029818,0
2025-03-29 09:00:00+07:00,106.0,9.2,74.0,/dl/web/weather/ic-w-04-scattered-clouds-full.svg,Cần Thơ,1.8237009575241654,0,-0.1361090322463115,0
2025-03-29 10:00:00+07:00,106.0,5.5,74.0,/dl/web/weather/ic-w-04-scattered-clouds-full.svg,Cần Thơ,1.8237009575241654,0,-0.6788488104649723,0
2025-03-29 11:00:00+07:00,69.0,14.8,70.0,/dl/web/weather/ic-w-04-scattered-clouds-full.svg,Cần Thơ,0.28356375341718015,0,0.6853349564089591,0
2025-03-29 12:00:00+07:00,69.0,13.0,66.0,/dl/web/weather/ic-w-04-scattered-clouds-full.svg,Cần Thơ,0.28356375341718015,0,0.42129938862690786,0
2025-03-29 13:00:00+07:00,69.0,9.2,62.0,/dl/web/weather/ic-w-04-scattered-clouds-full.svg,Cần Thơ,0.28356375341718015,0,-0.1361090322463115,0
2025-03-29 14:00:00+07:00,59.0,9.2,62.0,/dl/web/weather/ic-w-04-scattered-clouds-full.svg,Cần Thơ,-0.13268954499011315,0,-0.1361090322463115,0
2025-03-29 15:00:00+07:00,59.0,13.0,55.0,/dl/web/weather/ic-w-04-scattered-clouds-full.svg,Cần Thơ,-0.13268954499011315,0,0.42129938862690786,0
2025-03-29 16:00:00+07:00,59.0,11.1,58.0,/dl/web/weather/ic-w-04-scattered-clouds-full.svg,Cần Thơ,-0.13268954499011315,0,0.14259517819029818,0
2025-03-29 17:00:00+07:00,56.0,24.8,58.0,/dl/web/weather/ic-w-02-new-clouds-full.svg,Cần Thơ,-0.25756553451230113,0,2.1521992218647994,0
2025-03-29 18:00:00+07:00,56.0,14.8,58.0,/dl/web/weather/ic-w-02-new-clouds-full.svg,Cần Thơ,-0.25756553451230113,0,0.6853349564089591,0
2025-03-29 19:00:00+07:00,56.0,14.8,58.0,/dl/web/weather/ic-w-10-night-clear-sky-full.svg,Cần Thơ,-0.25756553451230113,0,0.6853349564089591,0
2025-03-29 20:00:00+07:00,65.0,7.4,70.0,/dl/web/weather/ic-w-10-night-clear-sky-full.svg,Cần Thơ,0.11706243405426284,0,-0.40014460002836255,0
2025-03-29 21:00:00+07:00,65.0,7.4,70.0,/dl/web/weather/ic-w-10-night-clear-sky-full.svg,Cần Thơ,0.11706243405426284,0,-0.40014460002836255,0
2025-03-29 22:00:00+07:00,65.0,7.4,78.0,/dl/web/weather/ic-w-10-night-clear-sky-full.svg,Cần Thơ,0.11706243405426284,0,-0.40014460002836255,0
2025-03-29 23:00:00+07:00,68.0,16.7,89.0,/dl/web/weather/ic-w-10-night-clear-sky-full.svg,Cần Thơ,0.24193842357645082,0,0.9640391668455686,0
2025-03-30 00:00:00+07:00,68.0,5.5,89.0,/dl/web/weather/ic-w-10-night-clear-sky-full.svg,Cần Thơ,0.24193842357645082,0,-0.6788488104649723,0
2025-03-30 01:00:00+07:00,68.0,3.7,94.0,/dl/web/weather/ic-w-10-night-clear-sky-full.svg,Cần Thơ,0.24193842357645082,0,-0.9428843782470234,0
2025-03-30 02:00:00+07:00,71.0,7.4,94.0,/dl/web/weather/ic-w-10-night-clear-sky-full.svg,Cần Thơ,0.3668144130986388,0,-0.40014460002836255,0
2025-03-30 03:00:00+07:00,71.0,0.0,100.0,/dl/web/weather/ic-w-10-night-clear-sky-full.svg,Cần Thơ,0.3668144130986388,0,-1.4856241564656842,0
2025-03-30 04:00:00+07:00,71.0,0.0,100.0,/dl/web/weather/ic-w-10-night-clear-sky-full.svg,Cần Thơ,0.3668144130986388,0,-1.4856241564656842,0
2025-03-30 05:00:00+07:00,78.0,9.2,100.0,/dl/web/weather/ic-w-11-night-few-clouds-full.svg,Cần Thơ,0.6581917219837441,0,-0.1361090322463115,0
2025-03-30 06:00:00+07:00,78.0,11.1,94.0,/dl/web/weather/ic-w-11-night-few-clouds-full.svg,Cần Thơ,0.6581917219837441,0,0.14259517819029818,0
2025-03-30 07:00:00+07:00,78.0,9.2,100.0,/dl/web/weather/ic-w-04-scattered-clouds-full.svg,Cần Thơ,0.6581917219837441,0,-0.1361090322463115,0
2025-03-30 08:00:00+07:00,79.0,20.4,89.0,/dl/web/weather/ic-w-02-new-clouds-full.svg,Cần Thơ,0.6998170518244735,0,1.5067789450642293,0
2025-03-30 09:00:00+07:00,79.0,18.5,74.0,/dl/web/weather/ic-w-02-new-clouds-full.svg,Cần Thơ,0.6998170518244735,0,1.22807473462762,0
2025-03-30 10:00:00+07:00,79.0,18.5,74.0,/dl/web/weather/ic-w-02-new-clouds-full.svg,Cần Thơ,0.6998170518244735,0,1.22807473462762,0
2025-03-30 11:00:00+07:00,64.0,18.5,74.0,/dl/web/weather/ic-w-02-new-clouds-full.svg,Cần Thơ,0.07543710421353352,0,1.22807473462762,0
2025-03-30 12:00:00+07:00,64.0,20.4,66.0,/dl/web/weather/ic-w-04-scattered-clouds-full.svg,Cần Thơ,0.07543710421353352,0,1.5067789450642293,0
2025-03-30 13:00:00+07:00,64.0,20.4,59.0,/dl/web/weather/ic-w-04-scattered-clouds-full.svg,Cần Thơ,0.07543710421353352,0,1.5067789450642293,0
2025-03-30 14:00:00+07:00,60.0,16.7,59.0,/dl/web/weather/ic-w-04-scattered-clouds-full.svg,Cần Thơ,-0.09106421514938381,0,0.9640391668455686,0
2025-03-30 15:00:00+07:00,60.0,16.7,59.0,/dl/web/weather/ic-w-04-scattered-clouds-full.svg,Cần Thơ,-0.09106421514938381,0,0.9640391668455686,0
2025-03-30 16:00:00+07:00,60.0,16.7,58.0,/dl/web/weather/ic-w-04-scattered-clouds-full.svg,Cần Thơ,-0.09106421514938381,0,0.9640391668455686,0
2025-03-30 17:00:00+07:00,61.0,16.7,58.0,/dl/web/weather/ic-w-04-scattered-clouds-full.svg,Cần Thơ,-0.049438885308654486,0,0.9640391668455686,0
2025-03-30 19:00:00+07:00,61.0,16.7,74.0,/dl/web/weather/ic-w-11-night-few-clouds-full.svg,Cần Thơ,-0.049438885308654486,0,0.9640391668455686,0
2025-03-30 20:00:00+07:00,63.0,13.0,74.0,/dl/web/weather/ic-w-11-night-few-clouds-full.svg,Cần Thơ,0.03381177437280418,0,0.42129938862690786,0
2025-03-30 21:00:00+07:00,63.0,16.7,79.0,/dl/web/weather/ic-w-11-night-few-clouds-full.svg,Cần Thơ,0.03381177437280418,0,0.9640391668455686,0
2025-03-30 22:00:00+07:00,63.0,18.5,83.0,/dl/web/weather/ic-w-11-night-few-clouds-full.svg,Cần Thơ,0.03381177437280418,0,1.22807473462762,0
2025-03-30 23:00:00+07:00,66.0,9.2,83.0,/dl/web/weather/ic-w-11-night-few-clouds-full.svg,Cần Thơ,0.15868776389499217,0,-0.1361090322463115,0
2025-03-31 00:00:00+07:00,66.0,11.1,94.0,/dl/web/weather/ic-w-11-night-few-clouds-full.svg,Cần Thơ,0.15868776389499217,0,0.14259517819029818,0
2025-03-31 02:00:00+07:00,65.0,11.1,94.0,/dl/web/weather/ic-w-11-night-few-clouds-full.svg,Cần Thơ,0.11706243405426284,0,0.14259517819029818,0
2025-03-31 03:00:00+07:00,65.0,11.1,89.0,/dl/web/weather/ic-w-11-night-few-clouds-full.svg,Cần Thơ,0.11706243405426284,0,0.14259517819029818,0
2025-03-31 04:00:00+07:00,65.0,7.4,94.0,/dl/web/weather/ic-w-11-night-few-clouds-full.svg,Cần Thơ,0.11706243405426284,0,-0.40014460002836255,0
2025-03-31 05:00:00+07:00,72.0,1.8,89.0,/dl/web/weather/ic-w-11-night-few-clouds-full.svg,Cần Thơ,0.40843974293936813,0,-1.2215885886836328,0
2025-03-31 06:00:00+07:00,72.0,5.5,89.0,/dl/web/weather/ic-w-11-night-few-clouds-full.svg,Cần Thơ,0.40843974293936813,0,-0.6788488104649723,0
2025-03-31 08:00:00+07:00,85.0,13.0,89.0,/dl/web/weather/ic-w-04-scattered-clouds-full.svg,Cần Thơ,0.9495690308688495,0,0.42129938862690786,0
2025-03-31 09:00:00+07:00,85.0,11.1,84.0,/dl/web/weather/ic-w-04-scattered-clouds-full.svg,Cần Thơ,0.9495690308688495,0,0.14259517819029818,0
2025-03-31 10:00:00+07:00,85.0,5.5,84.0,/dl/web/weather/ic-w-04-scattered-clouds-full.svg,Cần Thơ,0.9495690308688495,0,-0.6788488104649723,0
2025-03-31 11:00:00+07:00,73.0,7.4,84.0,/dl/web/weather/ic-w-04-scattered-clouds-full.svg,Cần Thơ,0.4500650727800975,0,-0.40014460002836255,0
2025-03-31 12:00:00+07:00,73.0,5.5,79.0,/dl/web/weather/ic-w-06-rain-full.svg,Cần Thơ,0.4500650727800975,0,-0.6788488104649723,0
2025-03-31 13:00:00+07:00,73.0,1.8,79.0,/dl/web/weather/ic-w-04-scattered-clouds-full.svg,Cần Thơ,0.4500650727800975,0,-1.2215885886836328,0
2025-03-31 14:00:00+07:00,73.0,5.5,79.0,/dl/web/weather/ic-w-04-scattered-clouds-full.svg,Cần Thơ,0.4500650727800975,0,-0.6788488104649723,0
2025-03-31 15:00:00+07:00,73.0,5.5,79.0,/dl/web/weather/ic-w-04-scattered-clouds-full.svg,Cần Thơ,0.4500650727800975,0,-0.6788488104649723,0
2025-03-31 16:00:00+07:00,73.0,7.4,79.0,/dl/web/weather/ic-w-04-scattered-clouds-full.svg,Cần Thơ,0.4500650727800975,0,-0.40014460002836255,0
2025-03-31 17:00:00+07:00,73.0,7.4,79.0,/dl/web/weather/ic-w-06-rain-full.svg,Cần Thơ,0.4500650727800975,0,-0.40014460002836255,0
2025-03-31 18:00:00+07:00,73.0,7.4,84.0,/dl/web/weather/ic-w-06-rain-full.svg,Cần Thơ,0.4500650727800975,0,-0.40014460002836255,0
2025-03-31 19:00:00+07:00,73.0,7.4,89.0,/dl/web/weather/ic-w-12-night-rain-full.svg,Cần Thơ,0.4500650727800975,0,-0.40014460002836255,0
2025-03-31 20:00:00+07:00,79.0,5.5,89.0,/dl/web/weather/ic-w-12-night-rain-full.svg,Cần Thơ,0.6998170518244735,0,-0.6788488104649723,0
2025-03-31 21:00:00+07:00,79.0,1.8,89.0,/dl/web/weather/ic-w-12-night-rain-full.svg,Cần Thơ,0.6998170518244735,0,-1.2215885886836328,0
2025-03-31 22:00:00+07:00,79.0,5.5,89.0,/dl/web/weather/ic-w-12-night-rain-full.svg,Cần Thơ,0.6998170518244735,0,-0.6788488104649723,0
2025-03-31 23:00:00+07:00,93.0,3.7,94.0,/dl/web/weather/ic-w-04-scattered-clouds-full.svg,Cần Thơ,1.282571669594684,0,-0.9428843782470234,0
2025-04-01 00:00:00+07:00,93.0,3.7,94.0,/dl/web/weather/ic-w-04-scattered-clouds-full.svg,Cần Thơ,1.282571669594684,0,-0.9428843782470234,0
2025-04-01 01:00:00+07:00,93.0,1.8,94.0,/dl/web/weather/ic-w-12-night-rain-full.svg,Cần Thơ,1.282571669594684,0,-1.2215885886836328,0
2025-04-01 02:00:00+07:00,95.0,1.8,94.0,/dl/web/weather/ic-w-12-night-rain-full.svg,Cần Thơ,1.3658223292761427,0,-1.2215885886836328,0
2025-04-01 03:00:00+07:00,95.0,0.0,94.0,/dl/web/weather/ic-w-04-scattered-clouds-full.svg,Cần Thơ,1.3658223292761427,0,-1.4856241564656842,0
2025-04-01 04:00:00+07:00,95.0,1.8,94.0,/dl/web/weather/ic-w-04-scattered-clouds-full.svg,Cần Thơ,1.3658223292761427,0,-1.2215885886836328,0
2025-04-01 05:00:00+07:00,81.0,1.8,94.0,/dl/web/weather/ic-w-04-scattered-clouds-full.svg,Cần Thơ,0.7830677115059321,0,-1.2215885886836328,0
2025-04-01 06:00:00+07:00,81.0,0.0,94.0,/dl/web/weather/ic-w-04-scattered-clouds-full.svg,Cần Thơ,0.7830677115059321,0,-1.4856241564656842,0
2025-04-01 07:00:00+07:00,81.0,0.0,100.0,/dl/web/weather/ic-w-04-scattered-clouds-full.svg,Cần Thơ,0.7830677115059321,0,-1.4856241564656842,0
2025-04-01 08:00:00+07:00,82.0,5.5,94.0,/dl/web/weather/ic-w-04-scattered-clouds-full.svg,Cần Thơ,0.8246930413466614,0,-0.6788488104649723,0
2025-04-01 09:00:00+07:00,82.0,5.5,89.0,/dl/web/weather/ic-w-04-scattered-clouds-full.svg,Cần Thơ,0.8246930413466614,0,-0.6788488104649723,0
2025-04-01 10:00:00+07:00,82.0,5.5,79.0,/dl/web/weather/ic-w-04-scattered-clouds-full.svg,Cần Thơ,0.8246930413466614,0,-0.6788488104649723,0
2025-04-01 11:00:00+07:00,78.0,11.1,89.0,/dl/web/weather/ic-w-04-scattered-clouds-full.svg,Cần Thơ,0.6581917219837441,0,0.14259517819029818,0
2025-04-01 12:00:00+07:00,78.0,9.2,70.0,/dl/web/weather/ic-w-04-scattered-clouds-full.svg,Cần Thơ,0.6581917219837441,0,-0.1361090322463115,0
2025-04-01 13:00:00+07:00,78.0,14.8,74.0,/dl/web/weather/ic-w-04-scattered-clouds-full.svg,Cần Thơ,0.6581917219837441,0,0.6853349564089591,0
2025-04-01 14:00:00+07:00,71.0,24.1,94.0,/dl/web/weather/ic-w-04-scattered-clouds-full.svg,Cần Thơ,0.3668144130986388,0,2.0495187232828904,0
2025-04-01 15:00:00+07:00,71.0,13.0,84.0,/dl/web/weather/ic-w-04-scattered-clouds-full.svg,Cần Thơ,0.3668144130986388,0,0.42129938862690786,0
2025-04-01 16:00:00+07:00,71.0,7.4,89.0,/dl/web/weather/ic-w-04-scattered-clouds-full.svg,Cần Thơ,0.3668144130986388,0,-0.40014460002836255,0
2025-04-01 17:00:00+07:00,67.0,16.7,100.0,/dl/web/weather/ic-w-04-scattered-clouds-full.svg,Cần Thơ,0.2003130937357215,0,0.9640391668455686,0
2025-04-01 18:00:00+07:00,67.0,3.7,100.0,/dl/web/weather/ic-w-04-scattered-clouds-full.svg,Cần Thơ,0.2003130937357215,0,-0.9428843782470234,0
2025-04-01 19:00:00+07:00,67.0,3.7,100.0,/dl/web/weather/ic-w-04-scattered-clouds-full.svg,Cần Thơ,0.2003130937357215,0,-0.9428843782470234,0
2025-04-01 20:00:00+07:00,67.0,0.0,100.0,/dl/web/weather/ic-w-04-scattered-clouds-full.svg,Cần Thơ,0.2003130937357215,0,-1.4856241564656842,0
2025-04-01 21:00:00+07:00,67.0,0.0,100.0,/dl/web/weather/ic-w-04-scattered-clouds-full.svg,Cần Thơ,0.2003130937357215,0,-1.4856241564656842,0
2025-04-01 22:00:00+07:00,67.0,7.4,89.0,/dl/web/weather/ic-w-04-scattered-clouds-full.svg,Cần Thơ,0.2003130937357215,0,-0.40014460002836255,0
2025-04-01 23:00:00+07:00,67.0,5.5,89.0,/dl/web/weather/ic-w-04-scattered-clouds-full.svg,Cần Thơ,0.2003130937357215,0,-0.6788488104649723,0
2025-04-02 00:00:00+07:00,67.0,3.7,89.0,/dl/web/weather/ic-w-04-scattered-clouds-full.svg,Cần Thơ,0.2003130937357215,0,-0.9428843782470234,0
2025-04-02 01:00:00+07:00,67.0,0.0,100.0,/dl/web/weather/ic-w-04-scattered-clouds-full.svg,Cần Thơ,0.2003130937357215,0,-1.4856241564656842,0
2025-04-02 02:00:00+07:00,63.0,0.0,100.0,/dl/web/weather/ic-w-04-scattered-clouds-full.svg,Cần Thơ,0.03381177437280418,0,-1.4856241564656842,0
2025-04-02 03:00:00+07:00,63.0,0.0,100.0,/dl/web/weather/ic-w-04-scattered-clouds-full.svg,Cần Thơ,0.03381177437280418,0,-1.4856241564656842,0
2025-04-02 04:00:00+07:00,63.0,1.8,100.0,/dl/web/weather/ic-w-04-scattered-clouds-full.svg,Cần Thơ,0.03381177437280418,0,-1.2215885886836328,0
2025-04-02 05:00:00+07:00,65.0,7.4,100.0,/dl/web/weather/ic-w-04-scattered-clouds-full.svg,Cần Thơ,0.11706243405426284,0,-0.40014460002836255,0
2025-04-02 06:00:00+07:00,65.0,0.0,100.0,/dl/web/weather/ic-w-04-scattered-clouds-full.svg,Cần Thơ,0.11706243405426284,0,-1.4856241564656842,0
2025-04-02 07:00:00+07:00,65.0,3.7,100.0,/dl/web/weather/ic-w-04-scattered-clouds-full.svg,Cần Thơ,0.11706243405426284,0,-0.9428843782470234,0
2025-04-02 08:00:00+07:00,61.0,11.1,94.0,/dl/web/weather/ic-w-04-scattered-clouds-full.svg,Cần Thơ,-0.049438885308654486,0,0.14259517819029818,0
2025-04-02 09:00:00+07:00,61.0,13.0,84.0,/dl/web/weather/ic-w-04-scattered-clouds-full.svg,Cần Thơ,-0.049438885308654486,0,0.42129938862690786,0
2025-04-02 10:00:00+07:00,61.0,14.8,84.0,/dl/web/weather/ic-w-04-scattered-clouds-full.svg,Cần Thơ,-0.049438885308654486,0,0.6853349564089591,0
2025-04-02 11:00:00+07:00,58.0,18.5,79.0,/dl/web/weather/ic-w-04-scattered-clouds-full.svg,Cần Thơ,-0.1743148748308425,0,1.22807473462762,0
2025-04-02 12:00:00+07:00,58.0,22.2,70.0,/dl/web/weather/ic-w-04-scattered-clouds-full.svg,Cần Thơ,-0.1743148748308425,0,1.7708145128462807,0
2025-04-02 13:00:00+07:00,58.0,29.6,70.0,/dl/web/weather/ic-w-04-scattered-clouds-full.svg,Cần Thơ,-0.1743148748308425,0,2.8562940692836025,0
2025-04-02 14:00:00+07:00,32.0,27.8,70.0,/dl/web/weather/ic-w-04-scattered-clouds-full.svg,Cần Thơ,-1.256573450689805,0,2.5922585015015516,0
2025-04-02 15:00:00+07:00,32.0,35.2,70.0,/dl/web/weather/ic-w-04-scattered-clouds-full.svg,Cần Thơ,-1.256573450689805,0,3.677738057938873,-1
2025-04-02 16:00:00+07:00,32.0,29.6,70.0,/dl/web/weather/ic-w-04-scattered-clouds-full.svg,Cần Thơ,-1.256573450689805,0,2.8562940692836025,0
2025-04-02 17:00:00+07:00,33.0,31.5,70.0,/dl/web/weather/ic-w-04-scattered-clouds-full.svg,Cần Thơ,-1.2149481208490758,0,3.134998279720212,-1
2025-04-02 18:00:00+07:00,33.0,31.5,70.0,/dl/web/weather/ic-w-04-scattered-clouds-full.svg,Cần Thơ,-1.2149481208490758,0,3.134998279720212,-1
2025-04-02 19:00:00+07:00,33.0,31.5,74.0,/dl/web/weather/ic-w-04-scattered-clouds-full.svg,Cần Thơ,-1.2149481208490758,0,3.134998279720212,-1
2025-04-02 20:00:00+07:00,58.0,18.5,78.0,/dl/web/weather/ic-w-04-scattered-clouds-full.svg,Cần Thơ,-0.1743148748308425,0,1.22807473462762,0
2025-04-02 21:00:00+07:00,58.0,18.5,78.0,/dl/web/weather/ic-w-04-scattered-clouds-full.svg,Cần Thơ,-0.1743148748308425,0,1.22807473462762,0
2025-04-02 22:00:00+07:00,58.0,14.8,83.0,/dl/web/weather/ic-w-12-night-rain-full.svg,Cần Thơ,-0.1743148748308425,0,0.6853349564089591,0
2025-04-02 23:00:00+07:00,62.0,11.1,89.0,/dl/web/weather/ic-w-04-scattered-clouds-full.svg,Cần Thơ,-0.007813555467925153,0,0.14259517819029818,0
2025-04-03 00:00:00+07:00,62.0,16.7,89.0,/dl/web/weather/ic-w-04-scattered-clouds-full.svg,Cần Thơ,-0.007813555467925153,0,0.9640391668455686,0
2025-04-03 01:00:00+07:00,62.0,13.0,83.0,/dl/web/weather/ic-w-10-night-clear-sky-full.svg,Cần Thơ,-0.007813555467925153,0,0.42129938862690786,0
2025-04-03 02:00:00+07:00,64.0,16.7,89.0,/dl/web/weather/ic-w-10-night-clear-sky-full.svg,Cần Thơ,0.07543710421353352,0,0.9640391668455686,0
2025-04-03 03:00:00+07:00,64.0,14.8,89.0,/dl/web/weather/ic-w-10-night-clear-sky-full.svg,Cần Thơ,0.07543710421353352,0,0.6853349564089591,0
2025-04-03 04:00:00+07:00,64.0,11.1,89.0,/dl/web/weather/ic-w-10-night-clear-sky-full.svg,Cần Thơ,0.07543710421353352,0,0.14259517819029818,0
2025-04-03 05:00:00+07:00,57.0,13.0,89.0,/dl/web/weather/ic-w-10-night-clear-sky-full.svg,Cần Thơ,-0.2159402046715718,0,0.42129938862690786,0
2025-04-03 06:00:00+07:00,57.0,12.1,79.0,/dl/web/weather/ic-w-04-scattered-clouds-full.svg,Cần Thơ,-0.2159402046715718,0,0.28928160473588216,0
2025-04-03 07:00:00+07:00,57.0,12.4,82.0,/dl/web/weather/ic-w-04-scattered-clouds-full.svg,Cần Thơ,-0.2159402046715718,0,0.33328753269955746,0
2025-04-03 08:00:00+07:00,67.0,20.1,68.0,/dl/web/weather/ic-w-04-scattered-clouds-full.svg,Cần Thơ,0.2003130937357215,0,1.4627730171005544,0
2025-04-03 09:00:00+07:00,67.0,21.4,58.0,/dl/web/weather/ic-w-04-scattered-clouds-full.svg,Cần Thơ,0.2003130937357215,0,1.6534653716098133,0
2025-04-03 10:00:00+07:00,67.0,20.4,70.0,/dl/web/weather/ic-w-04-scattered-clouds-full.svg,Cần Thơ,0.2003130937357215,0,1.5067789450642293,0
2025-04-03 11:00:00+07:00,64.0,20.4,70.0,/dl/web/weather/ic-w-04-scattered-clouds-full.svg,Cần Thơ,0.07543710421353352,0,1.5067789450642293,0
2025-04-03 12:00:00+07:00,64.0,20.4,66.0,/dl/web/weather/ic-w-04-scattered-clouds-full.svg,Cần Thơ,0.07543710421353352,0,1.5067789450642293,0
2025-04-03 13:00:00+07:00,64.0,22.2,58.0,/dl/web/weather/ic-w-04-scattered-clouds-full.svg,Cần Thơ,0.07543710421353352,0,1.7708145128462807,0
2025-04-03 14:00:00+07:00,57.0,25.9,58.0,/dl/web/weather/ic-w-04-scattered-clouds-full.svg,Cần Thơ,-0.2159402046715718,0,2.3135542910649414,0
2025-04-03 15:00:00+07:00,57.0,24.1,55.0,/dl/web/weather/ic-w-04-scattered-clouds-full.svg,Cần Thơ,-0.2159402046715718,0,2.0495187232828904,0
2025-04-03 16:00:00+07:00,57.0,25.9,52.0,/dl/web/weather/ic-w-04-scattered-clouds-full.svg,Cần Thơ,-0.2159402046715718,0,2.3135542910649414,0
2025-04-03 17:00:00+07:00,61.0,22.2,49.0,/dl/web/weather/ic-w-02-new-clouds-full.svg,Cần Thơ,-0.049438885308654486,0,1.7708145128462807,0
2025-04-03 18:00:00+07:00,61.0,22.2,52.0,/dl/web/weather/ic-w-01-clear-sky-full.svg,Cần Thơ,-0.049438885308654486,0,1.7708145128462807,0
2025-04-03 19:00:00+07:00,61.0,16.7,55.0,/dl/web/weather/ic-w-01-clear-sky-full.svg,Cần Thơ,-0.049438885308654486,0,0.9640391668455686,0
2025-04-03 20:00:00+07:00,67.0,18.5,74.0,/dl/web/weather/ic-w-10-night-clear-sky-full.svg,Cần Thơ,0.2003130937357215,0,1.22807473462762,0
2025-04-03 21:00:00+07:00,67.0,18.5,74.0,/dl/web/weather/ic-w-10-night-clear-sky-full.svg,Cần Thơ,0.2003130937357215,0,1.22807473462762,0
2025-04-03 22:00:00+07:00,67.0,16.7,83.0,/dl/web/weather/ic-w-10-night-clear-sky-full.svg,Cần Thơ,0.2003130937357215,0,0.9640391668455686,0
2025-04-03 23:00:00+07:00,70.0,16.7,83.0,/dl/web/weather/ic-w-10-night-clear-sky-full.svg,Cần Thơ,0.3251890832579095,0,0.9640391668455686,0
2025-04-04 00:00:00+07:00,70.0,14.8,89.0,/dl/web/weather/ic-w-10-night-clear-sky-full.svg,Cần Thơ,0.3251890832579095,0,0.6853349564089591,0
2025-04-04 02:00:00+07:00,71.0,9.2,89.0,/dl/web/weather/ic-w-10-night-clear-sky-full.svg,Cần Thơ,0.3668144130986388,0,-0.1361090322463115,0
2025-04-04 03:00:00+07:00,71.0,7.4,94.0,/dl/web/weather/ic-w-10-night-clear-sky-full.svg,Cần Thơ,0.3668144130986388,0,-0.40014460002836255,0
2025-04-04 04:00:00+07:00,71.0,9.2,94.0,/dl/web/weather/ic-w-10-night-clear-sky-full.svg,Cần Thơ,0.3668144130986388,0,-0.1361090322463115,0
2025-04-04 05:00:00+07:00,75.0,9.2,94.0,/dl/web/weather/ic-w-10-night-clear-sky-full.svg,Cần Thơ,0.5333157324615562,0,-0.1361090322463115,0
2025-04-04 06:00:00+07:00,75.0,5.5,94.0,/dl/web/weather/ic-w-10-night-clear-sky-full.svg,Cần Thơ,0.5333157324615562,0,-0.6788488104649723,0
2025-04-04 07:00:00+07:00,75.0,7.4,94.0,/dl/web/weather/ic-w-02-new-clouds-full.svg,Cần Thơ,0.5333157324615562,0,-0.40014460002836255,0
2025-04-04 08:00:00+07:00,77.0,14.8,83.0,/dl/web/weather/ic-w-04-scattered-clouds-full.svg,Cần Thơ,0.6165663921430148,0,0.6853349564089591,0
2025-04-04 09:00:00+07:00,77.0,16.7,83.0,/dl/web/weather/ic-w-04-scattered-clouds-full.svg,Cần Thơ,0.6165663921430148,0,0.9640391668455686,0
2025-04-04 10:00:00+07:00,77.0,16.7,70.0,/dl/web/weather/ic-w-02-new-clouds-full.svg,Cần Thơ,0.6165663921430148,0,0.9640391668455686,0
2025-04-04 11:00:00+07:00,74.0,16.7,70.0,/dl/web/weather/ic-w-02-new-clouds-full.svg,Cần Thơ,0.4916904026208268,0,0.9640391668455686,0
2025-04-04 12:00:00+07:00,74.0,11.1,70.0,/dl/web/weather/ic-w-04-scattered-clouds-full.svg,Cần Thơ,0.4916904026208268,0,0.14259517819029818,0
2025-04-04 13:00:00+07:00,74.0,16.7,62.0,/dl/web/weather/ic-w-04-scattered-clouds-full.svg,Cần Thơ,0.4916904026208268,0,0.9640391668455686,0
2025-04-04 14:00:00+07:00,70.0,16.7,62.0,/dl/web/weather/ic-w-04-scattered-clouds-full.svg,Cần Thơ,0.3251890832579095,0,0.9640391668455686,0
2025-04-04 15:00:00+07:00,70.0,16.7,58.0,/dl/web/weather/ic-w-04-scattered-clouds-full.svg,Cần Thơ,0.3251890832579095,0,0.9640391668455686,0
2025-04-04 16:00:00+07:00,70.0,16.7,58.0,/dl/web/weather/ic-w-04-scattered-clouds-full.svg,Cần Thơ,0.3251890832579095,0,0.9640391668455686,0
2025-04-04 17:00:00+07:00,67.0,16.7,55.0,/dl/web/weather/ic-w-04-scattered-clouds-full.svg,Cần Thơ,0.2003130937357215,0,0.9640391668455686,0
2025-04-04 18:00:00+07:00,67.0,16.7,58.0,/dl/web/weather/ic-w-02-new-clouds-full.svg,Cần Thơ,0.2003130937357215,0,0.9640391668455686,0
2025-04-04 19:00:00+07:00,67.0,14.8,62.0,/dl/web/weather/ic-w-02-new-clouds-full.svg,Cần Thơ,0.2003130937357215,0,0.6853349564089591,0
2025-04-04 20:00:00+07:00,71.0,7.4,74.0,/dl/web/weather/ic-w-10-night-clear-sky-full.svg,Cần Thơ,0.3668144130986388,0,-0.40014460002836255,0
2025-04-04 21:00:00+07:00,71.0,7.4,74.0,/dl/web/weather/ic-w-10-night-clear-sky-full.svg,Cần Thơ,0.3668144130986388,0,-0.40014460002836255,0
2025-04-04 22:00:00+07:00,71.0,9.2,78.0,/dl/web/weather/ic-w-10-night-clear-sky-full.svg,Cần Thơ,0.3668144130986388,0,-0.1361090322463115,0
2025-04-04 23:00:00+07:00,76.0,13.0,83.0,/dl/web/weather/ic-w-11-night-few-clouds-full.svg,Cần Thơ,0.5749410623022855,0,0.42129938862690786,0
2025-04-05 00:00:00+07:00,76.0,13.0,94.0,/dl/web/weather/ic-w-10-night-clear-sky-full.svg,Cần Thơ,0.5749410623022855,0,0.42129938862690786,0
2025-04-05 01:00:00+07:00,76.0,9.2,94.0,/dl/web/weather/ic-w-10-night-clear-sky-full.svg,Cần Thơ,0.5749410623022855,0,-0.1361090322463115,0
2025-04-05 02:00:00+07:00,76.0,5.5,94.0,/dl/web/weather/ic-w-10-night-clear-sky-full.svg,Cần Thơ,0.5749410623022855,0,-0.6788488104649723,0
2025-04-05 03:00:00+07:00,76.0,5.5,100.0,/dl/web/weather/ic-w-10-night-clear-sky-full.svg,Cần Thơ,0.5749410623022855,0,-0.6788488104649723,0
2025-04-05 04:00:00+07:00,76.0,3.7,100.0,/dl/web/weather/ic-w-10-night-clear-sky-full.svg,Cần Thơ,0.5749410623022855,0,-0.9428843782470234,0
2025-04-05 05:00:00+07:00,79.0,5.5,100.0,/dl/web/weather/ic-w-10-night-clear-sky-full.svg,Cần Thơ,0.6998170518244735,0,-0.6788488104649723,0
2025-04-05 06:00:00+07:00,79.0,3.7,100.0,/dl/web/weather/ic-w-11-night-few-clouds-full.svg,Cần Thơ,0.6998170518244735,0,-0.9428843782470234,0
2025-04-05 07:00:00+07:00,79.0,7.4,100.0,/dl/web/weather/ic-w-04-scattered-clouds-full.svg,Cần Thơ,0.6998170518244735,0,-0.40014460002836255,0
2025-04-05 08:00:00+07:00,77.0,11.1,89.0,/dl/web/weather/ic-w-04-scattered-clouds-full.svg,Cần Thơ,0.6165663921430148,0,0.14259517819029818,0
2025-04-05 09:00:00+07:00,77.0,11.1,89.0,/dl/web/weather/ic-w-04-scattered-clouds-full.svg,Cần Thơ,0.6165663921430148,0,0.14259517819029818,0
2025-04-05 10:00:00+07:00,77.0,14.8,84.0,/dl/web/weather/ic-w-04-scattered-clouds-full.svg,Cần Thơ,0.6165663921430148,0,0.6853349564089591,0
2025-04-05 11:00:00+07:00,69.0,14.8,84.0,/dl/web/weather/ic-w-04-scattered-clouds-full.svg,Cần Thơ,0.28356375341718015,0,0.6853349564089591,0
2025-04-05 12:00:00+07:00,69.0,9.2,70.0,/dl/web/weather/ic-w-04-scattered-clouds-full.svg,Cần Thơ,0.28356375341718015,0,-0.1361090322463115,0
2025-04-05 13:00:00+07:00,69.0,11.1,66.0,/dl/web/weather/ic-w-04-scattered-clouds-full.svg,Cần Thơ,0.28356375341718015,0,0.14259517819029818,0
2025-04-05 14:00:00+07:00,61.0,1.8,66.0,/dl/web/weather/ic-w-04-scattered-clouds-full.svg,Cần Thơ,-0.049438885308654486,0,-1.2215885886836328,0
2025-04-05 15:00:00+07:00,61.0,7.4,66.0,/dl/web/weather/ic-w-04-scattered-clouds-full.svg,Cần Thơ,-0.049438885308654486,0,-0.40014460002836255,0
2025-04-05 16:00:00+07:00,61.0,9.2,66.0,/dl/web/weather/ic-w-04-scattered-clouds-full.svg,Cần Thơ,-0.049438885308654486,0,-0.1361090322463115,0
2025-04-05 17:00:00+07:00,59.0,5.5,62.0,/dl/web/weather/ic-w-04-scattered-clouds-full.svg,Cần Thơ,-0.13268954499011315,0,-0.6788488104649723,0
2025-04-05 18:00:00+07:00,59.0,7.4,58.0,/dl/web/weather/ic-w-02-new-clouds-full.svg,Cần Thơ,-0.13268954499011315,0,-0.40014460002836255,0
2025-04-05 19:00:00+07:00,59.0,9.2,66.0,/dl/web/weather/ic-w-02-new-clouds-full.svg,Cần Thơ,-0.13268954499011315,0,-0.1361090322463115,0
2025-04-05 20:00:00+07:00,68.0,11.1,79.0,/dl/web/weather/ic-w-11-night-few-clouds-full.svg,Cần Thơ,0.24193842357645082,0,0.14259517819029818,0
2025-04-05 21:00:00+07:00,68.0,11.1,79.0,/dl/web/weather/ic-w-11-night-few-clouds-full.svg,Cần Thơ,0.24193842357645082,0,0.14259517819029818,0
2025-04-05 22:00:00+07:00,68.0,9.2,83.0,/dl/web/weather/ic-w-10-night-clear-sky-full.svg,Cần Thơ,0.24193842357645082,0,-0.1361090322463115,0
2025-04-05 23:00:00+07:00,71.0,9.2,89.0,/dl/web/weather/ic-w-10-night-clear-sky-full.svg,Cần Thơ,0.3668144130986388,0,-0.1361090322463115,0
2025-04-06 00:00:00+07:00,71.0,9.2,94.0,/dl/web/weather/ic-w-10-night-clear-sky-full.svg,Cần Thơ,0.3668144130986388,0,-0.1361090322463115,0
2025-04-06 01:00:00+07:00,71.0,3.7,94.0,/dl/web/weather/ic-w-10-night-clear-sky-full.svg,Cần Thơ,0.3668144130986388,0,-0.9428843782470234,0
2025-04-06 03:00:00+07:00,80.0,0.0,100.0,/dl/web/weather/ic-w-10-night-clear-sky-full.svg,Cần Thơ,0.7414423816652028,0,-1.4856241564656842,0
2025-04-06 04:00:00+07:00,80.0,3.7,100.0,/dl/web/weather/ic-w-11-night-few-clouds-full.svg,Cần Thơ,0.7414423816652028,0,-0.9428843782470234,0
2025-04-06 05:00:00+07:00,88.0,1.8,100.0,/dl/web/weather/ic-w-11-night-few-clouds-full.svg,Cần Thơ,1.0744450203910374,0,-1.2215885886836328,0
2025-04-06 06:00:00+07:00,88.0,0.0,100.0,/dl/web/weather/ic-w-11-night-few-clouds-full.svg,Cần Thơ,1.0744450203910374,0,-1.4856241564656842,0
2025-04-06 07:00:00+07:00,88.0,3.7,100.0,/dl/web/weather/ic-w-09-mist-full.svg,Cần Thơ,1.0744450203910374,0,-0.9428843782470234,0
2025-04-06 08:00:00+07:00,88.0,9.2,89.0,/dl/web/weather/ic-w-02-new-clouds-full.svg,Cần Thơ,1.0744450203910374,0,-0.1361090322463115,0
2025-04-06 09:00:00+07:00,88.0,14.8,79.0,/dl/web/weather/ic-w-04-scattered-clouds-full.svg,Cần Thơ,1.0744450203910374,0,0.6853349564089591,0
2025-04-06 10:00:00+07:00,88.0,13.0,74.0,/dl/web/weather/ic-w-04-scattered-clouds-full.svg,Cần Thơ,1.0744450203910374,0,0.42129938862690786,0
2025-04-06 11:00:00+07:00,63.0,13.0,74.0,/dl/web/weather/ic-w-04-scattered-clouds-full.svg,Cần Thơ,0.03381177437280418,0,0.42129938862690786,0
2025-04-06 12:00:00+07:00,63.0,16.7,74.0,/dl/web/weather/ic-w-04-scattered-clouds-full.svg,Cần Thơ,0.03381177437280418,0,0.9640391668455686,0
2025-04-06 13:00:00+07:00,63.0,14.8,62.0,/dl/web/weather/ic-w-04-scattered-clouds-full.svg,Cần Thơ,0.03381177437280418,0,0.6853349564089591,0
2025-04-06 14:00:00+07:00,60.0,16.7,62.0,/dl/web/weather/ic-w-04-scattered-clouds-full.svg,Cần Thơ,-0.09106421514938381,0,0.9640391668455686,0
2025-04-06 15:00:00+07:00,60.0,14.8,58.0,/dl/web/weather/ic-w-04-scattered-clouds-full.svg,Cần Thơ,-0.09106421514938381,0,0.6853349564089591,0
2025-04-06 16:00:00+07:00,60.0,20.4,62.0,/dl/web/weather/ic-w-04-scattered-clouds-full.svg,Cần Thơ,-0.09106421514938381,0,1.5067789450642293,0
2025-04-06 17:00:00+07:00,59.0,20.4,58.0,/dl/web/weather/ic-w-04-scattered-clouds-full.svg,Cần Thơ,-0.13268954499011315,0,1.5067789450642293,0
2025-04-06 18:00:00+07:00,59.0,14.8,58.0,/dl/web/weather/ic-w-02-new-clouds-full.svg,Cần Thơ,-0.13268954499011315,0,0.6853349564089591,0
2025-04-06 19:00:00+07:00,59.0,14.8,58.0,/dl/web/weather/ic-w-02-new-clouds-full.svg,Cần Thơ,-0.13268954499011315,0,0.6853349564089591,0
2025-04-06 20:00:00+07:00,65.0,13.0,78.0,/dl/web/weather/ic-w-10-night-clear-sky-full.svg,Cần Thơ,0.11706243405426284,0,0.42129938862690786,0
2025-04-06 21:00:00+07:00,65.0,13.0,78.0,/dl/web/weather/ic-w-10-night-clear-sky-full.svg,Cần Thơ,0.11706243405426284,0,0.42129938862690786,0
2025-04-06 22:00:00+07:00,65.0,13.0,83.0,/dl/web/weather/ic-w-10-night-clear-sky-full.svg,Cần Thơ,0.11706243405426284,0,0.42129938862690786,0
2025-04-06 23:00:00+07:00,67.0,7.4,83.0,/dl/web/weather/ic-w-10-night-clear-sky-full.svg,Cần Thơ,0.2003130937357215,0,-0.40014460002836255,0
2025-04-07 00:00:00+07:00,67.0,3.7,89.0,/dl/web/weather/ic-w-10-night-clear-sky-full.svg,Cần Thơ,0.2003130937357215,0,-0.9428843782470234,0
2025-04-07 01:00:00+07:00,67.0,7.4,94.0,/dl/web/weather/ic-w-10-night-clear-sky-full.svg,Cần Thơ,0.2003130937357215,0,-0.40014460002836255,0
2025-04-07 02:00:00+07:00,68.0,5.5,94.0,/dl/web/weather/ic-w-10-night-clear-sky-full.svg,Cần Thơ,0.24193842357645082,0,-0.6788488104649723,0
2025-04-07 03:00:00+07:00,68.0,7.4,94.0,/dl/web/weather/ic-w-04-scattered-clouds-full.svg,Cần Thơ,0.24193842357645082,0,-0.40014460002836255,0
2025-04-07 04:00:00+07:00,68.0,5.5,94.0,/dl/web/weather/ic-w-04-scattered-clouds-full.svg,Cần Thơ,0.24193842357645082,0,-0.6788488104649723,0
2025-04-07 05:00:00+07:00,72.0,3.7,94.0,/dl/web/weather/ic-w-04-scattered-clouds-full.svg,Cần Thơ,0.40843974293936813,0,-0.9428843782470234,0
2025-04-07 06:00:00+07:00,72.0,1.8,94.0,/dl/web/weather/ic-w-04-scattered-clouds-full.svg,Cần Thơ,0.40843974293936813,0,-1.2215885886836328,0
2025-04-07 07:00:00+07:00,72.0,1.8,100.0,/dl/web/weather/ic-w-04-scattered-clouds-full.svg,Cần Thơ,0.40843974293936813,0,-1.2215885886836328,0
2025-04-07 08:00:00+07:00,72.0,13.0,89.0,/dl/web/weather/ic-w-02-new-clouds-full.svg,Cần Thơ,0.40843974293936813,0,0.42129938862690786,0
2025-04-07 09:00:00+07:00,72.0,22.2,83.0,/dl/web/weather/ic-w-02-new-clouds-full.svg,Cần Thơ,0.40843974293936813,0,1.7708145128462807,0
2025-04-07 10:00:00+07:00,72.0,20.4,70.0,/dl/web/weather/ic-w-02-new-clouds-full.svg,Cần Thơ,0.40843974293936813,0,1.5067789450642293,0
2025-04-07 11:00:00+07:00,62.0,20.4,70.0,/dl/web/weather/ic-w-02-new-clouds-full.svg,Cần Thơ,-0.007813555467925153,0,1.5067789450642293,0
2025-04-07 12:00:00+07:00,62.0,24.1,62.0,/dl/web/weather/ic-w-04-scattered-clouds-full.svg,Cần Thơ,-0.007813555467925153,0,2.0495187232828904,0
2025-04-07 13:00:00+07:00,62.0,18.5,58.0,/dl/web/weather/ic-w-02-new-clouds-full.svg,Cần Thơ,-0.007813555467925153,0,1.22807473462762,0
2025-04-07 14:00:00+07:00,61.0,18.5,55.0,/dl/web/weather/ic-w-02-new-clouds-full.svg,Cần Thơ,-0.049438885308654486,0,1.22807473462762,0
2025-04-07 15:00:00+07:00,61.0,22.2,52.0,/dl/web/weather/ic-w-02-new-clouds-full.svg,Cần Thơ,-0.049438885308654486,0,1.7708145128462807,0
2025-04-07 16:00:00+07:00,61.0,18.5,49.0,/dl/web/weather/ic-w-02-new-clouds-full.svg,Cần Thơ,-0.049438885308654486,0,1.22807473462762,0
2025-04-07 17:00:00+07:00,64.0,16.7,52.0,/dl/web/weather/ic-w-02-new-clouds-full.svg,Cần Thơ,0.07543710421353352,0,0.9640391668455686,0
2025-04-07 18:00:00+07:00,64.0,13.0,55.0,/dl/web/weather/ic-w-02-new-clouds-full.svg,Cần Thơ,0.07543710421353352,0,0.42129938862690786,0
2025-04-07 19:00:00+07:00,64.0,20.4,58.0,/dl/web/weather/ic-w-02-new-clouds-full.svg,Cần Thơ,0.07543710421353352,0,1.5067789450642293,0
2025-04-07 20:00:00+07:00,72.0,13.0,70.0,/dl/web/weather/ic-w-11-night-few-clouds-full.svg,Cần Thơ,0.40843974293936813,0,0.42129938862690786,0
2025-04-07 21:00:00+07:00,72.0,13.0,70.0,/dl/web/weather/ic-w-11-night-few-clouds-full.svg,Cần Thơ,0.40843974293936813,0,0.42129938862690786,0
2025-04-07 22:00:00+07:00,72.0,11.1,78.0,/dl/web/weather/ic-w-11-night-few-clouds-full.svg,Cần Thơ,0.40843974293936813,0,0.14259517819029818,0
2025-04-07 23:00:00+07:00,76.0,11.1,83.0,/dl/web/weather/ic-w-11-night-few-clouds-full.svg,Cần Thơ,0.5749410623022855,0,0.14259517819029818,0
2025-04-08 00:00:00+07:00,76.0,9.2,83.0,/dl/web/weather/ic-w-04-scattered-clouds-full.svg,Cần Thơ,0.5749410623022855,0,-0.1361090322463115,0
2025-04-08 01:00:00+07:00,76.0,5.5,94.0,/dl/web/weather/ic-w-10-night-clear-sky-full.svg,Cần Thơ,0.5749410623022855,0,-0.6788488104649723,0
2025-04-08 02:00:00+07:00,78.0,5.5,94.0,/dl/web/weather/ic-w-10-night-clear-sky-full.svg,Cần Thơ,0.6581917219837441,0,-0.6788488104649723,0
2025-04-08 03:00:00+07:00,78.0,11.1,94.0,/dl/web/weather/ic-w-10-night-clear-sky-full.svg,Cần Thơ,0.6581917219837441,0,0.14259517819029818,0
2025-04-08 04:00:00+07:00,78.0,3.7,94.0,/dl/web/weather/ic-w-10-night-clear-sky-full.svg,Cần Thơ,0.6581917219837441,0,-0.9428843782470234,0
2025-04-08 05:00:00+07:00,81.0,1.8,94.0,/dl/web/weather/ic-w-10-night-clear-sky-full.svg,Cần Thơ,0.7830677115059321,0,-1.2215885886836328,0
2025-04-08 06:00:00+07:00,81.0,7.4,100.0,/dl/web/weather/ic-w-10-night-clear-sky-full.svg,Cần Thơ,0.7830677115059321,0,-0.40014460002836255,0
2025-04-08 07:00:00+07:00,81.0,3.7,100.0,/dl/web/weather/ic-w-04-scattered-clouds-full.svg,Cần Thơ,0.7830677115059321,0,-0.9428843782470234,0
2025-04-08 08:00:00+07:00,85.0,3.7,94.0,/dl/web/weather/ic-w-09-mist-full.svg,Cần Thơ,0.9495690308688495,0,-0.9428843782470234,0
2025-04-08 09:00:00+07:00,85.0,5.5,89.0,/dl/web/weather/ic-w-02-new-clouds-full.svg,Cần Thơ,0.9495690308688495,0,-0.6788488104649723,0
2025-04-08 10:00:00+07:00,85.0,14.8,70.0,/dl/web/weather/ic-w-04-scattered-clouds-full.svg,Cần Thơ,0.9495690308688495,0,0.6853349564089591,0
2025-04-08 11:00:00+07:00,74.0,14.8,70.0,/dl/web/weather/ic-w-04-scattered-clouds-full.svg,Cần Thơ,0.4916904026208268,0,0.6853349564089591,0
2025-04-08 12:00:00+07:00,74.0,16.7,66.0,/dl/web/weather/ic-w-04-scattered-clouds-full.svg,Cần Thơ,0.4916904026208268,0,0.9640391668455686,0
2025-04-08 13:00:00+07:00,74.0,14.8,62.0,/dl/web/weather/ic-w-04-scattered-clouds-full.svg,Cần Thơ,0.4916904026208268,0,0.6853349564089591,0
2025-04-08 14:00:00+07:00,72.0,16.7,62.0,/dl/web/weather/ic-w-04-scattered-clouds-full.svg,Cần Thơ,0.40843974293936813,0,0.9640391668455686,0
2025-04-08 15:00:00+07:00,72.0,18.5,58.0,/dl/web/weather/ic-w-04-scattered-clouds-full.svg,Cần Thơ,0.40843974293936813,0,1.22807473462762,0
2025-04-08 16:00:00+07:00,72.0,14.8,62.0,/dl/web/weather/ic-w-04-scattered-clouds-full.svg,Cần Thơ,0.40843974293936813,0,0.6853349564089591,0
2025-04-08 17:00:00+07:00,70.0,16.7,58.0,/dl/web/weather/ic-w-04-scattered-clouds-full.svg,Cần Thơ,0.3251890832579095,0,0.9640391668455686,0
2025-04-08 18:00:00+07:00,70.0,14.8,62.0,/dl/web/weather/ic-w-04-scattered-clouds-full.svg,Cần Thơ,0.3251890832579095,0,0.6853349564089591,0
2025-04-08 19:00:00+07:00,70.0,16.7,62.0,/dl/web/weather/ic-w-02-new-clouds-full.svg,Cần Thơ,0.3251890832579095,0,0.9640391668455686,0
2025-04-08 20:00:00+07:00,75.0,9.2,74.0,/dl/web/weather/ic-w-10-night-clear-sky-full.svg,Cần Thơ,0.5333157324615562,0,-0.1361090322463115,0
2025-04-08 21:00:00+07:00,75.0,9.2,74.0,/dl/web/weather/ic-w-10-night-clear-sky-full.svg,Cần Thơ,0.5333157324615562,0,-0.1361090322463115,0
2025-04-08 22:00:00+07:00,75.0,14.8,78.0,/dl/web/weather/ic-w-10-night-clear-sky-full.svg,Cần Thơ,0.5333157324615562,0,0.6853349564089591,0
2025-04-08 23:00:00+07:00,76.0,13.0,78.0,/dl/web/weather/ic-w-10-night-clear-sky-full.svg,Cần Thơ,0.5749410623022855,0,0.42129938862690786,0
2025-04-09 00:00:00+07:00,76.0,13.0,89.0,/dl/web/weather/ic-w-10-night-clear-sky-full.svg,Cần Thơ,0.5749410623022855,0,0.42129938862690786,0
2025-04-09 01:00:00+07:00,76.0,9.2,89.0,/dl/web/weather/ic-w-10-night-clear-sky-full.svg,Cần Thơ,0.5749410623022855,0,-0.1361090322463115,0
2025-04-09 02:00:00+07:00,77.0,9.2,89.0,/dl/web/weather/ic-w-10-night-clear-sky-full.svg,Cần Thơ,0.6165663921430148,0,-0.1361090322463115,0
2025-04-09 03:00:00+07:00,77.0,3.7,89.0,/dl/web/weather/ic-w-10-night-clear-sky-full.svg,Cần Thơ,0.6165663921430148,0,-0.9428843782470234,0
2025-04-09 04:00:00+07:00,77.0,1.8,94.0,/dl/web/weather/ic-w-10-night-clear-sky-full.svg,Cần Thơ,0.6165663921430148,0,-1.2215885886836328,0
2025-04-09 05:00:00+07:00,85.0,1.8,100.0,/dl/web/weather/ic-w-10-night-clear-sky-full.svg,Cần Thơ,0.9495690308688495,0,-1.2215885886836328,0
2025-04-09 06:00:00+07:00,85.0,1.8,100.0,/dl/web/weather/ic-w-10-night-clear-sky-full.svg,Cần Thơ,0.9495690308688495,0,-1.2215885886836328,0
2025-04-09 07:00:00+07:00,85.0,1.8,100.0,/dl/web/weather/ic-w-01-clear-sky-full.svg,Cần Thơ,0.9495690308688495,0,-1.2215885886836328,0
2025-04-09 08:00:00+07:00,100.0,13.0,89.0,/dl/web/weather/ic-w-02-new-clouds-full.svg,Cần Thơ,1.5739489784797893,0,0.42129938862690786,0
2025-04-09 10:00:00+07:00,100.0,14.8,74.0,/dl/web/weather/ic-w-02-new-clouds-full.svg,Cần Thơ,1.5739489784797893,0,0.6853349564089591,0
2025-04-09 11:00:00+07:00,81.0,14.8,74.0,/dl/web/weather/ic-w-02-new-clouds-full.svg,Cần Thơ,0.7830677115059321,0,0.6853349564089591,0
2025-04-09 12:00:00+07:00,81.0,13.0,74.0,/dl/web/weather/ic-w-04-scattered-clouds-full.svg,Cần Thơ,0.7830677115059321,0,0.42129938862690786,0
2025-04-09 13:00:00+07:00,81.0,7.4,66.0,/dl/web/weather/ic-w-04-scattered-clouds-full.svg,Cần Thơ,0.7830677115059321,0,-0.40014460002836255,0
2025-04-09 14:00:00+07:00,67.0,13.0,70.0,/dl/web/weather/ic-w-04-scattered-clouds-full.svg,Cần Thơ,0.2003130937357215,0,0.42129938862690786,0
2025-04-09 15:00:00+07:00,67.0,16.7,66.0,/dl/web/weather/ic-w-04-scattered-clouds-full.svg,Cần Thơ,0.2003130937357215,0,0.9640391668455686,0
2025-04-09 16:00:00+07:00,67.0,11.1,62.0,/dl/web/weather/ic-w-04-scattered-clouds-full.svg,Cần Thơ,0.2003130937357215,0,0.14259517819029818,0
2025-04-09 17:00:00+07:00,61.0,16.7,66.0,/dl/web/weather/ic-w-04-scattered-clouds-full.svg,Cần Thơ,-0.049438885308654486,0,0.9640391668455686,0
2025-04-09 18:00:00+07:00,61.0,14.8,62.0,/dl/web/weather/ic-w-04-scattered-clouds-full.svg,Cần Thơ,-0.049438885308654486,0,0.6853349564089591,0
2025-04-09 19:00:00+07:00,61.0,16.7,70.0,/dl/web/weather/ic-w-04-scattered-clouds-full.svg,Cần Thơ,-0.049438885308654486,0,0.9640391668455686,0
2025-04-09 20:00:00+07:00,67.0,14.8,84.0,/dl/web/weather/ic-w-11-night-few-clouds-full.svg,Cần Thơ,0.2003130937357215,0,0.6853349564089591,0
2025-04-09 22:00:00+07:00,67.0,9.2,89.0,/dl/web/weather/ic-w-11-night-few-clouds-full.svg,Cần Thơ,0.2003130937357215,0,-0.1361090322463115,0
2025-04-09 23:00:00+07:00,71.0,3.7,94.0,/dl/web/weather/ic-w-11-night-few-clouds-full.svg,Cần Thơ,0.3668144130986388,0,-0.9428843782470234,0
2025-04-10 00:00:00+07:00,71.0,5.5,94.0,/dl/web/weather/ic-w-11-night-few-clouds-full.svg,Cần Thơ,0.3668144130986388,0,-0.6788488104649723,0
2025-04-10 01:00:00+07:00,71.0,3.7,94.0,/dl/web/weather/ic-w-11-night-few-clouds-full.svg,Cần Thơ,0.3668144130986388,0,-0.9428843782470234,0
2025-04-10 02:00:00+07:00,77.0,3.7,100.0,/dl/web/weather/ic-w-11-night-few-clouds-full.svg,Cần Thơ,0.6165663921430148,0,-0.9428843782470234,0
2025-04-10 03:00:00+07:00,77.0,1.8,100.0,/dl/web/weather/ic-w-11-night-few-clouds-full.svg,Cần Thơ,0.6165663921430148,0,-1.2215885886836328,0
2025-04-10 04:00:00+07:00,77.0,1.8,100.0,/dl/web/weather/ic-w-11-night-few-clouds-full.svg,Cần Thơ,0.6165663921430148,0,-1.2215885886836328,0
2025-04-10 05:00:00+07:00,104.0,0.0,100.0,/dl/web/weather/ic-w-11-night-few-clouds-full.svg,Cần Thơ,1.7404502978427068,0,-1.4856241564656842,0
2025-04-10 06:00:00+07:00,104.0,0.0,100.0,/dl/web/weather/ic-w-04-scattered-clouds-full.svg,Cần Thơ,1.7404502978427068,0,-1.4856241564656842,0
2025-04-10 07:00:00+07:00,104.0,1.8,100.0,/dl/web/weather/ic-w-02-new-clouds-full.svg,Cần Thơ,1.7404502978427068,0,-1.2215885886836328,0
2025-04-10 08:00:00+07:00,97.0,0.0,100.0,/dl/web/weather/ic-w-09-mist-full.svg,Cần Thơ,1.4490729889576015,0,-1.4856241564656842,0
2025-04-10 09:00:00+07:00,97.0,1.8,89.0,/dl/web/weather/ic-w-04-scattered-clouds-full.svg,Cần Thơ,1.4490729889576015,0,-1.2215885886836328,0
2025-04-10 10:00:00+07:00,97.0,3.7,79.0,/dl/web/weather/ic-w-04-scattered-clouds-full.svg,Cần Thơ,1.4490729889576015,0,-0.9428843782470234,0
2025-04-10 11:00:00+07:00,71.0,3.7,79.0,/dl/web/weather/ic-w-04-scattered-clouds-full.svg,Cần Thơ,0.3668144130986388,0,-0.9428843782470234,0
2025-04-10 12:00:00+07:00,71.0,3.7,70.0,/dl/web/weather/ic-w-04-scattered-clouds-full.svg,Cần Thơ,0.3668144130986388,0,-0.9428843782470234,0
2025-04-10 14:00:00+07:00,66.0,7.4,70.0,/dl/web/weather/ic-w-06-rain-full.svg,Cần Thơ,0.15868776389499217,0,-0.40014460002836255,0
2025-04-10 15:00:00+07:00,66.0,13.0,84.0,/dl/web/weather/ic-w-07-thunderstorms-full.svg,Cần Thơ,0.15868776389499217,0,0.42129938862690786,0
2025-04-10 16:00:00+07:00,66.0,5.5,74.0,/dl/web/weather/ic-w-04-scattered-clouds-full.svg,Cần Thơ,0.15868776389499217,0,-0.6788488104649723,0
2025-04-10 17:00:00+07:00,65.0,7.4,79.0,/dl/web/weather/ic-w-06-rain-full.svg,Cần Thơ,0.11706243405426284,0,-0.40014460002836255,0
2025-04-10 18:00:00+07:00,65.0,7.4,84.0,/dl/web/weather/ic-w-04-scattered-clouds-full.svg,Cần Thơ,0.11706243405426284,0,-0.40014460002836255,0
2025-04-10 19:00:00+07:00,65.0,1.8,89.0,/dl/web/weather/ic-w-04-scattered-clouds-full.svg,Cần Thơ,0.11706243405426284,0,-1.2215885886836328,0
2025-04-10 20:00:00+07:00,88.0,1.8,94.0,/dl/web/weather/ic-w-04-scattered-clouds-full.svg,Cần Thơ,1.0744450203910374,0,-1.2215885886836328,0
2025-04-10 21:00:00+07:00,88.0,1.8,94.0,/dl/web/weather/ic-w-04-scattered-clouds-full.svg,Cần Thơ,1.0744450203910374,0,-1.2215885886836328,0
2025-04-10 22:00:00+07:00,88.0,5.5,94.0,/dl/web/weather/ic-w-04-scattered-clouds-full.svg,Cần Thơ,1.0744450203910374,0,-0.6788488104649723,0
2025-04-10 23:00:00+07:00,103.0,7.4,100.0,/dl/web/weather/ic-w-04-scattered-clouds-full.svg,Cần Thơ,1.6988249680019774,0,-0.40014460002836255,0
2025-04-11 00:00:00+07:00,103.0,1.8,100.0,/dl/web/weather/ic-w-04-scattered-clouds-full.svg,Cần Thơ,1.6988249680019774,0,-1.2215885886836328,0
2025-04-11 01:00:00+07:00,103.0,1.8,94.0,/dl/web/weather/ic-w-11-night-few-clouds-full.svg,Cần Thơ,1.6988249680019774,0,-1.2215885886836328,0
2025-04-11 02:00:00+07:00,118.0,0.0,100.0,/dl/web/weather/ic-w-11-night-few-clouds-full.svg,Cần Thơ,2.3232049156129175,0,-1.4856241564656842,0
2025-04-11 03:00:00+07:00,118.0,0.0,100.0,/dl/web/weather/ic-w-11-night-few-clouds-full.svg,Cần Thơ,2.3232049156129175,0,-1.4856241564656842,0
2025-04-11 04:00:00+07:00,118.0,1.8,100.0,/dl/web/weather/ic-w-04-scattered-clouds-full.svg,Cần Thơ,2.3232049156129175,0,-1.2215885886836328,0
2025-04-11 05:00:00+07:00,123.0,5.3,100.0,/dl/web/weather/ic-w-11-night-few-clouds-full.svg,Cần Thơ,2.531331564816564,0,-0.7081860957740891,0
2025-04-11 06:00:00+07:00,123.0,3.7,100.0,/dl/web/weather/ic-w-04-scattered-clouds-full.svg,Cần Thơ,2.531331564816564,0,-0.9428843782470234,0
2025-04-11 07:00:00+07:00,123.0,0.0,100.0,/dl/web/weather/ic-w-02-new-clouds-full.svg,Cần Thơ,2.531331564816564,0,-1.4856241564656842,0
2025-04-11 08:00:00+07:00,117.0,7.4,94.0,/dl/web/weather/ic-w-04-scattered-clouds-full.svg,Cần Thơ,2.281579585772188,0,-0.40014460002836255,0
2025-04-11 09:00:00+07:00,117.0,9.2,89.0,/dl/web/weather/ic-w-04-scattered-clouds-full.svg,Cần Thơ,2.281579585772188,0,-0.1361090322463115,0
2025-04-11 10:00:00+07:00,117.0,7.4,79.0,/dl/web/weather/ic-w-04-scattered-clouds-full.svg,Cần Thơ,2.281579585772188,0,-0.40014460002836255,0
2025-04-11 11:00:00+07:00,65.0,7.4,79.0,/dl/web/weather/ic-w-04-scattered-clouds-full.svg,Cần Thơ,0.11706243405426284,0,-0.40014460002836255,0
2025-04-11 12:00:00+07:00,65.0,5.5,74.0,/dl/web/weather/ic-w-04-scattered-clouds-full.svg,Cần Thơ,0.11706243405426284,0,-0.6788488104649723,0
2025-04-11 13:00:00+07:00,65.0,5.5,70.0,/dl/web/weather/ic-w-04-scattered-clouds-full.svg,Cần Thơ,0.11706243405426284,0,-0.6788488104649723,0
2025-04-11 14:00:00+07:00,60.0,3.7,70.0,/dl/web/weather/ic-w-04-scattered-clouds-full.svg,Cần Thơ,-0.09106421514938381,0,-0.9428843782470234,0
2025-04-11 15:00:00+07:00,60.0,7.4,59.0,/dl/web/weather/ic-w-04-scattered-clouds-full.svg,Cần Thơ,-0.09106421514938381,0,-0.40014460002836255,0
2025-04-11 16:00:00+07:00,60.0,9.2,59.0,/dl/web/weather/ic-w-04-scattered-clouds-full.svg,Cần Thơ,-0.09106421514938381,0,-0.1361090322463115,0
2025-04-11 17:00:00+07:00,58.0,14.8,59.0,/dl/web/weather/ic-w-04-scattered-clouds-full.svg,Cần Thơ,-0.1743148748308425,0,0.6853349564089591,0
2025-04-11 18:00:00+07:00,58.0,11.1,62.0,/dl/web/weather/ic-w-04-scattered-clouds-full.svg,Cần Thơ,-0.1743148748308425,0,0.14259517819029818,0
2025-04-11 19:00:00+07:00,58.0,16.7,74.0,/dl/web/weather/ic-w-04-scattered-clouds-full.svg,Cần Thơ,-0.1743148748308425,0,0.9640391668455686,0
2025-04-11 20:00:00+07:00,67.0,9.2,94.0,/dl/web/weather/ic-w-04-scattered-clouds-full.svg,Cần Thơ,0.2003130937357215,0,-0.1361090322463115,0
2025-04-11 21:00:00+07:00,67.0,9.2,94.0,/dl/web/weather/ic-w-04-scattered-clouds-full.svg,Cần Thơ,0.2003130937357215,0,-0.1361090322463115,0
2025-04-11 22:00:00+07:00,67.0,7.4,94.0,/dl/web/weather/ic-w-11-night-few-clouds-full.svg,Cần Thơ,0.2003130937357215,0,-0.40014460002836255,0
2025-04-11 23:00:00+07:00,76.0,3.7,100.0,/dl/web/weather/ic-w-11-night-few-clouds-full.svg,Cần Thơ,0.5749410623022855,0,-0.9428843782470234,0
2025-04-12 00:00:00+07:00,76.0,3.7,100.0,/dl/web/weather/ic-w-11-night-few-clouds-full.svg,Cần Thơ,0.5749410623022855,0,-0.9428843782470234,0
2025-04-12 01:00:00+07:00,76.0,3.7,100.0,/dl/web/weather/ic-w-11-night-few-clouds-full.svg,Cần Thơ,0.5749410623022855,0,-0.9428843782470234,0
2025-04-12 02:00:00+07:00,84.0,1.8,100.0,/dl/web/weather/ic-w-11-night-few-clouds-full.svg,Cần Thơ,0.9079437010281202,0,-1.2215885886836328,0
2025-04-12 03:00:00+07:00,84.0,1.8,100.0,/dl/web/weather/ic-w-11-night-few-clouds-full.svg,Cần Thơ,0.9079437010281202,0,-1.2215885886836328,0
2025-04-12 04:00:00+07:00,84.0,1.8,100.0,/dl/web/weather/ic-w-11-night-few-clouds-full.svg,Cần Thơ,0.9079437010281202,0,-1.2215885886836328,0
2025-04-12 05:00:00+07:00,98.0,3.7,100.0,/dl/web/weather/ic-w-11-night-few-clouds-full.svg,Cần Thơ,1.4906983187983307,0,-0.9428843782470234,0
2025-04-12 06:00:00+07:00,98.0,0.0,100.0,/dl/web/weather/ic-w-11-night-few-clouds-full.svg,Cần Thơ,1.4906983187983307,0,-1.4856241564656842,0
2025-04-12 07:00:00+07:00,98.0,1.8,100.0,/dl/web/weather/ic-w-02-new-clouds-full.svg,Cần Thơ,1.4906983187983307,0,-1.2215885886836328,0
2025-04-12 08:00:00+07:00,109.0,5.5,89.0,/dl/web/weather/ic-w-02-new-clouds-full.svg,Cần Thơ,1.9485769470463534,0,-0.6788488104649723,0
2025-04-12 09:00:00+07:00,109.0,5.5,84.0,/dl/web/weather/ic-w-04-scattered-clouds-full.svg,Cần Thơ,1.9485769470463534,0,-0.6788488104649723,0
2025-04-12 10:00:00+07:00,109.0,3.7,74.0,/dl/web/weather/ic-w-04-scattered-clouds-full.svg,Cần Thơ,1.9485769470463534,0,-0.9428843782470234,0
2025-04-12 11:00:00+07:00,61.0,3.7,74.0,/dl/web/weather/ic-w-04-scattered-clouds-full.svg,Cần Thơ,-0.049438885308654486,0,-0.9428843782470234,0
2025-04-12 12:00:00+07:00,61.0,3.7,70.0,/dl/web/weather/ic-w-04-scattered-clouds-full.svg,Cần Thơ,-0.049438885308654486,0,-0.9428843782470234,0
2025-04-12 13:00:00+07:00,61.0,3.7,59.0,/dl/web/weather/ic-w-04-scattered-clouds-full.svg,Cần Thơ,-0.049438885308654486,0,-0.9428843782470234,0
2025-04-12 14:00:00+07:00,62.0,1.8,66.0,/dl/web/weather/ic-w-04-scattered-clouds-full.svg,Cần Thơ,-0.007813555467925153,0,-1.2215885886836328,0
2025-04-12 15:00:00+07:00,62.0,5.5,62.0,/dl/web/weather/ic-w-04-scattered-clouds-full.svg,Cần Thơ,-0.007813555467925153,0,-0.6788488104649723,0
2025-04-12 16:00:00+07:00,62.0,3.7,62.0,/dl/web/weather/ic-w-04-scattered-clouds-full.svg,Cần Thơ,-0.007813555467925153,0,-0.9428843782470234,0
2025-04-12 17:00:00+07:00,69.0,3.7,66.0,/dl/web/weather/ic-w-04-scattered-clouds-full.svg,Cần Thơ,0.28356375341718015,0,-0.9428843782470234,0
2025-04-12 18:00:00+07:00,69.0,5.5,66.0,/dl/web/weather/ic-w-02-new-clouds-full.svg,Cần Thơ,0.28356375341718015,0,-0.6788488104649723,0
2025-04-12 19:00:00+07:00,69.0,9.2,66.0,/dl/web/weather/ic-w-02-new-clouds-full.svg,Cần Thơ,0.28356375341718015,0,-0.1361090322463115,0
2025-04-12 20:00:00+07:00,79.0,11.1,79.0,/dl/web/weather/ic-w-04-scattered-clouds-full.svg,Cần Thơ,0.6998170518244735,0,0.14259517819029818,0
2025-04-12 21:00:00+07:00,79.0,11.1,79.0,/dl/web/weather/ic-w-04-scattered-clouds-full.svg,Cần Thơ,0.6998170518244735,0,0.14259517819029818,0
2025-04-12 22:00:00+07:00,79.0,3.7,84.0,/dl/web/weather/ic-w-04-scattered-clouds-full.svg,Cần Thơ,0.6998170518244735,0,-0.9428843782470234,0
2025-04-12 23:00:00+07:00,80.0,5.5,89.0,/dl/web/weather/ic-w-11-night-few-clouds-full.svg,Cần Thơ,0.7414423816652028,0,-0.6788488104649723,0
2025-04-13 00:00:00+07:00,80.0,0.0,94.0,/dl/web/weather/ic-w-11-night-few-clouds-full.svg,Cần Thơ,0.7414423816652028,0,-1.4856241564656842,0
2025-04-13 01:00:00+07:00,80.0,1.8,94.0,/dl/web/weather/ic-w-10-night-clear-sky-full.svg,Cần Thơ,0.7414423816652028,0,-1.2215885886836328,0
2025-04-13 02:00:00+07:00,81.0,1.8,94.0,/dl/web/weather/ic-w-10-night-clear-sky-full.svg,Cần Thơ,0.7830677115059321,0,-1.2215885886836328,0
2025-04-13 03:00:00+07:00,81.0,1.8,100.0,/dl/web/weather/ic-w-10-night-clear-sky-full.svg,Cần Thơ,0.7830677115059321,0,-1.2215885886836328,0
2025-04-13 04:00:00+07:00,81.0,3.7,100.0,/dl/web/weather/ic-w-10-night-clear-sky-full.svg,Cần Thơ,0.7830677115059321,0,-0.9428843782470234,0
2025-04-13 05:00:00+07:00,88.0,3.7,100.0,/dl/web/weather/ic-w-10-night-clear-sky-full.svg,Cần Thơ,1.0744450203910374,0,-0.9428843782470234,0
2025-04-13 06:00:00+07:00,88.0,1.8,100.0,/dl/web/weather/ic-w-10-night-clear-sky-full.svg,Cần Thơ,1.0744450203910374,0,-1.2215885886836328,0
2025-04-13 07:00:00+07:00,88.0,3.7,94.0,/dl/web/weather/ic-w-01-clear-sky-full.svg,Cần Thơ,1.0744450203910374,0,-0.9428843782470234,0
2025-04-13 08:00:00+07:00,92.0,7.4,89.0,/dl/web/weather/ic-w-02-new-clouds-full.svg,Cần Thơ,1.2409463397539549,0,-0.40014460002836255,0
2025-04-13 09:00:00+07:00,92.0,9.2,84.0,/dl/web/weather/ic-w-02-new-clouds-full.svg,Cần Thơ,1.2409463397539549,0,-0.1361090322463115,0
2025-04-13 10:00:00+07:00,63.0,3.7,84.0,/dl/web/weather/ic-w-04-scattered-clouds-full.svg,Cần Thơ,0.03381177437280418,0,-0.9428843782470234,0
2025-04-13 11:00:00+07:00,63.0,9.2,74.0,/dl/web/weather/ic-w-04-scattered-clouds-full.svg,Cần Thơ,0.03381177437280418,0,-0.1361090322463115,0
2025-04-13 12:00:00+07:00,63.0,7.4,62.0,/dl/web/weather/ic-w-04-scattered-clouds-full.svg,Cần Thơ,0.03381177437280418,0,-0.40014460002836255,0
2025-04-13 13:00:00+07:00,63.0,7.4,62.0,/dl/web/weather/ic-w-04-scattered-clouds-full.svg,Cần Thơ,0.03381177437280418,0,-0.40014460002836255,0
2025-04-13 14:00:00+07:00,63.0,14.8,62.0,/dl/web/weather/ic-w-04-scattered-clouds-full.svg,Cần Thơ,0.03381177437280418,0,0.6853349564089591,0
2025-04-13 15:00:00+07:00,63.0,13.0,62.0,/dl/web/weather/ic-w-02-new-clouds-full.svg,Cần Thơ,0.03381177437280418,0,0.42129938862690786,0
2025-04-13 16:00:00+07:00,63.0,9.2,62.0,/dl/web/weather/ic-w-02-new-clouds-full.svg,Cần Thơ,0.03381177437280418,0,-0.1361090322463115,0
2025-04-13 17:00:00+07:00,63.0,13.0,66.0,/dl/web/weather/ic-w-04-scattered-clouds-full.svg,Cần Thơ,0.03381177437280418,0,0.42129938862690786,0
2025-04-13 18:00:00+07:00,63.0,16.7,59.0,/dl/web/weather/ic-w-04-scattered-clouds-full.svg,Cần Thơ,0.03381177437280418,0,0.9640391668455686,0
2025-04-13 19:00:00+07:00,63.0,14.8,84.0,/dl/web/weather/ic-w-04-scattered-clouds-full.svg,Cần Thơ,0.03381177437280418,0,0.6853349564089591,0
2025-04-13 20:00:00+07:00,78.0,3.7,94.0,/dl/web/weather/ic-w-04-scattered-clouds-full.svg,Cần Thơ,0.6581917219837441,0,-0.9428843782470234,0
2025-04-13 21:00:00+07:00,78.0,3.7,94.0,/dl/web/weather/ic-w-04-scattered-clouds-full.svg,Cần Thơ,0.6581917219837441,0,-0.9428843782470234,0
2025-04-13 22:00:00+07:00,78.0,13.0,84.0,/dl/web/weather/ic-w-11-night-few-clouds-full.svg,Cần Thơ,0.6581917219837441,0,0.42129938862690786,0
2025-04-13 23:00:00+07:00,82.0,5.5,89.0,/dl/web/weather/ic-w-11-night-few-clouds-full.svg,Cần Thơ,0.8246930413466614,0,-0.6788488104649723,0
2025-04-14 00:00:00+07:00,82.0,3.7,89.0,/dl/web/weather/ic-w-11-night-few-clouds-full.svg,Cần Thơ,0.8246930413466614,0,-0.9428843782470234,0
2025-04-14 01:00:00+07:00,82.0,1.8,94.0,/dl/web/weather/ic-w-11-night-few-clouds-full.svg,Cần Thơ,0.8246930413466614,0,-1.2215885886836328,0
2025-04-14 02:00:00+07:00,85.0,3.7,94.0,/dl/web/weather/ic-w-11-night-few-clouds-full.svg,Cần Thơ,0.9495690308688495,0,-0.9428843782470234,0
2025-04-14 03:00:00+07:00,85.0,3.7,94.0,/dl/web/weather/ic-w-11-night-few-clouds-full.svg,Cần Thơ,0.9495690308688495,0,-0.9428843782470234,0
2025-04-14 04:00:00+07:00,85.0,1.8,100.0,/dl/web/weather/ic-w-10-night-clear-sky-full.svg,Cần Thơ,0.9495690308688495,0,-1.2215885886836328,0
2025-04-14 05:00:00+07:00,94.0,3.7,100.0,/dl/web/weather/ic-w-10-night-clear-sky-full.svg,Cần Thơ,1.3241969994354135,0,-0.9428843782470234,0
2025-04-14 06:00:00+07:00,94.0,3.7,100.0,/dl/web/weather/ic-w-07-thunderstorms-full.svg,Cần Thơ,1.3241969994354135,0,-0.9428843782470234,0
2025-04-14 07:00:00+07:00,94.0,1.8,100.0,/dl/web/weather/ic-w-04-scattered-clouds-full.svg,Cần Thơ,1.3241969994354135,0,-1.2215885886836328,0
2025-04-14 08:00:00+07:00,80.0,14.8,89.0,/dl/web/weather/ic-w-02-new-clouds-full.svg,Cần Thơ,0.7414423816652028,0,0.6853349564089591,0
2025-04-14 09:00:00+07:00,80.0,18.5,84.0,/dl/web/weather/ic-w-02-new-clouds-full.svg,Cần Thơ,0.7414423816652028,0,1.22807473462762,0
2025-04-14 10:00:00+07:00,80.0,20.4,74.0,/dl/web/weather/ic-w-02-new-clouds-full.svg,Cần Thơ,0.7414423816652028,0,1.5067789450642293,0
2025-04-14 11:00:00+07:00,62.0,20.4,74.0,/dl/web/weather/ic-w-02-new-clouds-full.svg,Cần Thơ,-0.007813555467925153,0,1.5067789450642293,0
2025-04-14 12:00:00+07:00,62.0,18.5,62.0,/dl/web/weather/ic-w-04-scattered-clouds-full.svg,Cần Thơ,-0.007813555467925153,0,1.22807473462762,0
2025-04-14 13:00:00+07:00,62.0,16.7,62.0,/dl/web/weather/ic-w-04-scattered-clouds-full.svg,Cần Thơ,-0.007813555467925153,0,0.9640391668455686,0
2025-04-14 14:00:00+07:00,63.0,11.1,59.0,/dl/web/weather/ic-w-04-scattered-clouds-full.svg,Cần Thơ,0.03381177437280418,0,0.14259517819029818,0
2025-04-14 15:00:00+07:00,63.0,11.1,55.0,/dl/web/weather/ic-w-04-scattered-clouds-full.svg,Cần Thơ,0.03381177437280418,0,0.14259517819029818,0
2025-04-14 16:00:00+07:00,63.0,14.8,55.0,/dl/web/weather/ic-w-04-scattered-clouds-full.svg,Cần Thơ,0.03381177437280418,0,0.6853349564089591,0
2025-04-14 17:00:00+07:00,65.0,16.7,55.0,/dl/web/weather/ic-w-04-scattered-clouds-full.svg,Cần Thơ,0.11706243405426284,0,0.9640391668455686,0
2025-04-14 18:00:00+07:00,65.0,16.7,58.0,/dl/web/weather/ic-w-02-new-clouds-full.svg,Cần Thơ,0.11706243405426284,0,0.9640391668455686,0
2025-04-14 19:00:00+07:00,65.0,16.7,66.0,/dl/web/weather/ic-w-02-new-clouds-full.svg,Cần Thơ,0.11706243405426284,0,0.9640391668455686,0
2025-04-14 20:00:00+07:00,72.0,11.1,74.0,/dl/web/weather/ic-w-04-scattered-clouds-full.svg,Cần Thơ,0.40843974293936813,0,0.14259517819029818,0
2025-04-14 21:00:00+07:00,72.0,11.1,74.0,/dl/web/weather/ic-w-04-scattered-clouds-full.svg,Cần Thơ,0.40843974293936813,0,0.14259517819029818,0
2025-04-14 22:00:00+07:00,72.0,14.8,79.0,/dl/web/weather/ic-w-04-scattered-clouds-full.svg,Cần Thơ,0.40843974293936813,0,0.6853349564089591,0
2025-04-14 23:00:00+07:00,64.0,5.5,83.0,/dl/web/weather/ic-w-04-scattered-clouds-full.svg,Cần Thơ,0.07543710421353352,0,-0.6788488104649723,0
2025-04-15 01:00:00+07:00,64.0,9.2,89.0,/dl/web/weather/ic-w-10-night-clear-sky-full.svg,Cần Thơ,0.07543710421353352,0,-0.1361090322463115,0
2025-04-15 02:00:00+07:00,65.0,7.4,94.0,/dl/web/weather/ic-w-10-night-clear-sky-full.svg,Cần Thơ,0.11706243405426284,0,-0.40014460002836255,0
2025-04-15 03:00:00+07:00,65.0,0.0,100.0,/dl/web/weather/ic-w-04-scattered-clouds-full.svg,Cần Thơ,0.11706243405426284,0,-1.4856241564656842,0
2025-04-15 04:00:00+07:00,65.0,3.7,100.0,/dl/web/weather/ic-w-04-scattered-clouds-full.svg,Cần Thơ,0.11706243405426284,0,-0.9428843782470234,0
2025-04-15 05:00:00+07:00,71.0,0.0,100.0,/dl/web/weather/ic-w-04-scattered-clouds-full.svg,Cần Thơ,0.3668144130986388,0,-1.4856241564656842,0
2025-04-15 06:00:00+07:00,71.0,3.7,94.0,/dl/web/weather/ic-w-04-scattered-clouds-full.svg,Cần Thơ,0.3668144130986388,0,-0.9428843782470234,0
2025-04-15 07:00:00+07:00,71.0,1.8,94.0,/dl/web/weather/ic-w-04-scattered-clouds-full.svg,Cần Thơ,0.3668144130986388,0,-1.2215885886836328,0
2025-04-15 08:00:00+07:00,90.0,14.8,89.0,/dl/web/weather/ic-w-04-scattered-clouds-full.svg,Cần Thơ,1.157695680072496,0,0.6853349564089591,0
2025-04-15 09:00:00+07:00,90.0,14.8,79.0,/dl/web/weather/ic-w-04-scattered-clouds-full.svg,Cần Thơ,1.157695680072496,0,0.6853349564089591,0
2025-04-15 10:00:00+07:00,90.0,22.2,70.0,/dl/web/weather/ic-w-04-scattered-clouds-full.svg,Cần Thơ,1.157695680072496,0,1.7708145128462807,0
2025-04-15 11:00:00+07:00,73.0,22.2,70.0,/dl/web/weather/ic-w-04-scattered-clouds-full.svg,Cần Thơ,0.4500650727800975,0,1.7708145128462807,0
2025-04-15 12:00:00+07:00,73.0,18.5,79.0,/dl/web/weather/ic-w-04-scattered-clouds-full.svg,Cần Thơ,0.4500650727800975,0,1.22807473462762,0
2025-04-15 13:00:00+07:00,73.0,18.5,70.0,/dl/web/weather/ic-w-04-scattered-clouds-full.svg,Cần Thơ,0.4500650727800975,0,1.22807473462762,0
2025-04-15 14:00:00+07:00,67.0,14.8,66.0,/dl/web/weather/ic-w-04-scattered-clouds-full.svg,Cần Thơ,0.2003130937357215,0,0.6853349564089591,0
2025-04-15 15:00:00+07:00,67.0,16.7,66.0,/dl/web/weather/ic-w-04-scattered-clouds-full.svg,Cần Thơ,0.2003130937357215,0,0.9640391668455686,0
2025-04-15 16:00:00+07:00,67.0,14.8,62.0,/dl/web/weather/ic-w-04-scattered-clouds-full.svg,Cần Thơ,0.2003130937357215,0,0.6853349564089591,0
2025-04-15 17:00:00+07:00,61.0,18.5,62.0,/dl/web/weather/ic-w-02-new-clouds-full.svg,Cần Thơ,-0.049438885308654486,0,1.22807473462762,0
2025-04-15 18:00:00+07:00,61.0,16.7,70.0,/dl/web/weather/ic-w-02-new-clouds-full.svg,Cần Thơ,-0.049438885308654486,0,0.9640391668455686,0
2025-04-15 19:00:00+07:00,61.0,11.1,70.0,/dl/web/weather/ic-w-04-scattered-clouds-full.svg,Cần Thơ,-0.049438885308654486,0,0.14259517819029818,0
2025-04-15 20:00:00+07:00,63.0,11.1,79.0,/dl/web/weather/ic-w-04-scattered-clouds-full.svg,Cần Thơ,0.03381177437280418,0,0.14259517819029818,0
2025-04-15 21:00:00+07:00,63.0,11.1,79.0,/dl/web/weather/ic-w-04-scattered-clouds-full.svg,Cần Thơ,0.03381177437280418,0,0.14259517819029818,0
2025-04-15 22:00:00+07:00,63.0,14.8,83.0,/dl/web/weather/ic-w-04-scattered-clouds-full.svg,Cần Thơ,0.03381177437280418,0,0.6853349564089591,0
2025-04-15 23:00:00+07:00,65.0,11.1,89.0,/dl/web/weather/ic-w-04-scattered-clouds-full.svg,Cần Thơ,0.11706243405426284,0,0.14259517819029818,0
2025-04-16 00:00:00+07:00,65.0,7.4,94.0,/dl/web/weather/ic-w-04-scattered-clouds-full.svg,Cần Thơ,0.11706243405426284,0,-0.40014460002836255,0
2025-04-16 01:00:00+07:00,65.0,5.5,94.0,/dl/web/weather/ic-w-04-scattered-clouds-full.svg,Cần Thơ,0.11706243405426284,0,-0.6788488104649723,0
2025-04-16 02:00:00+07:00,66.0,1.8,94.0,/dl/web/weather/ic-w-04-scattered-clouds-full.svg,Cần Thơ,0.15868776389499217,0,-1.2215885886836328,0
2025-04-16 03:00:00+07:00,66.0,0.0,100.0,/dl/web/weather/ic-w-04-scattered-clouds-full.svg,Cần Thơ,0.15868776389499217,0,-1.4856241564656842,0
2025-04-16 04:00:00+07:00,66.0,0.0,94.0,/dl/web/weather/ic-w-04-scattered-clouds-full.svg,Cần Thơ,0.15868776389499217,0,-1.4856241564656842,0
2025-04-16 05:00:00+07:00,79.0,5.5,100.0,/dl/web/weather/ic-w-04-scattered-clouds-full.svg,Cần Thơ,0.6998170518244735,0,-0.6788488104649723,0
2025-04-16 06:00:00+07:00,79.0,3.7,100.0,/dl/web/weather/ic-w-04-scattered-clouds-full.svg,Cần Thơ,0.6998170518244735,0,-0.9428843782470234,0
2025-04-16 07:00:00+07:00,79.0,3.7,100.0,/dl/web/weather/ic-w-02-new-clouds-full.svg,Cần Thơ,0.6998170518244735,0,-0.9428843782470234,0
2025-04-16 08:00:00+07:00,75.0,13.0,89.0,/dl/web/weather/ic-w-02-new-clouds-full.svg,Cần Thơ,0.5333157324615562,0,0.42129938862690786,0
2025-04-16 09:00:00+07:00,75.0,13.0,79.0,/dl/web/weather/ic-w-04-scattered-clouds-full.svg,Cần Thơ,0.5333157324615562,0,0.42129938862690786,0
2025-04-16 10:00:00+07:00,75.0,14.8,74.0,/dl/web/weather/ic-w-04-scattered-clouds-full.svg,Cần Thơ,0.5333157324615562,0,0.6853349564089591,0
2025-04-16 11:00:00+07:00,63.0,14.8,74.0,/dl/web/weather/ic-w-04-scattered-clouds-full.svg,Cần Thơ,0.03381177437280418,0,0.6853349564089591,0
2025-04-16 12:00:00+07:00,63.0,13.0,70.0,/dl/web/weather/ic-w-04-scattered-clouds-full.svg,Cần Thơ,0.03381177437280418,0,0.42129938862690786,0
2025-04-16 13:00:00+07:00,63.0,14.8,66.0,/dl/web/weather/ic-w-04-scattered-clouds-full.svg,Cần Thơ,0.03381177437280418,0,0.6853349564089591,0
2025-04-16 14:00:00+07:00,62.0,11.1,62.0,/dl/web/weather/ic-w-04-scattered-clouds-full.svg,Cần Thơ,-0.007813555467925153,0,0.14259517819029818,0
2025-04-16 15:00:00+07:00,62.0,11.1,59.0,/dl/web/weather/ic-w-04-scattered-clouds-full.svg,Cần Thơ,-0.007813555467925153,0,0.14259517819029818,0
2025-04-16 16:00:00+07:00,62.0,13.0,55.0,/dl/web/weather/ic-w-04-scattered-clouds-full.svg,Cần Thơ,-0.007813555467925153,0,0.42129938862690786,0
2025-04-16 17:00:00+07:00,62.0,13.0,59.0,/dl/web/weather/ic-w-04-scattered-clouds-full.svg,Cần Thơ,-0.007813555467925153,0,0.42129938862690786,0
2025-04-16 18:00:00+07:00,62.0,18.5,66.0,/dl/web/weather/ic-w-02-new-clouds-full.svg,Cần Thơ,-0.007813555467925153,0,1.22807473462762,0
2025-04-16 19:00:00+07:00,62.0,9.2,70.0,/dl/web/weather/ic-w-02-new-clouds-full.svg,Cần Thơ,-0.007813555467925153,0,-0.1361090322463115,0
2025-04-16 20:00:00+07:00,71.0,7.4,84.0,/dl/web/weather/ic-w-04-scattered-clouds-full.svg,Cần Thơ,0.3668144130986388,0,-0.40014460002836255,0
2025-04-16 21:00:00+07:00,71.0,7.4,84.0,/dl/web/weather/ic-w-04-scattered-clouds-full.svg,Cần Thơ,0.3668144130986388,0,-0.40014460002836255,0
2025-04-16 22:00:00+07:00,71.0,3.7,89.0,/dl/web/weather/ic-w-04-scattered-clouds-full.svg,Cần Thơ,0.3668144130986388,0,-0.9428843782470234,0
2025-04-16 23:00:00+07:00,102.0,1.8,89.0,/dl/web/weather/ic-w-04-scattered-clouds-full.svg,Cần Thơ,1.6571996381612482,0,-1.2215885886836328,0
2025-04-17 00:00:00+07:00,102.0,3.7,89.0,/dl/web/weather/ic-w-10-night-clear-sky-full.svg,Cần Thơ,1.6571996381612482,0,-0.9428843782470234,0
2025-04-17 01:00:00+07:00,102.0,1.8,94.0,/dl/web/weather/ic-w-10-night-clear-sky-full.svg,Cần Thơ,1.6571996381612482,0,-1.2215885886836328,0
2025-04-17 02:00:00+07:00,138.0,3.7,94.0,/dl/web/weather/ic-w-10-night-clear-sky-full.svg,Cần Thơ,3.155711512427504,-1,-0.9428843782470234,0
2025-04-17 03:00:00+07:00,138.0,3.7,94.0,/dl/web/weather/ic-w-10-night-clear-sky-full.svg,Cần Thơ,3.155711512427504,-1,-0.9428843782470234,0
2025-04-17 04:00:00+07:00,138.0,1.8,100.0,/dl/web/weather/ic-w-04-scattered-clouds-full.svg,Cần Thơ,3.155711512427504,-1,-1.2215885886836328,0
2025-04-17 05:00:00+07:00,155.0,0.0,100.0,/dl/web/weather/ic-w-04-scattered-clouds-full.svg,Cần Thơ,3.8633421197199027,-1,-1.4856241564656842,0
2025-04-17 06:00:00+07:00,155.0,3.7,100.0,/dl/web/weather/ic-w-04-scattered-clouds-full.svg,Cần Thơ,3.8633421197199027,-1,-0.9428843782470234,0
2025-04-17 07:00:00+07:00,155.0,0.0,100.0,/dl/web/weather/ic-w-09-mist-full.svg,Cần Thơ,3.8633421197199027,-1,-1.4856241564656842,0
2025-04-17 08:00:00+07:00,128.0,3.7,94.0,/dl/web/weather/ic-w-02-new-clouds-full.svg,Cần Thơ,2.739458214020211,0,-0.9428843782470234,0
2025-04-17 09:00:00+07:00,128.0,7.4,84.0,/dl/web/weather/ic-w-02-new-clouds-full.svg,Cần Thơ,2.739458214020211,0,-0.40014460002836255,0
2025-04-17 10:00:00+07:00,128.0,5.5,70.0,/dl/web/weather/ic-w-04-scattered-clouds-full.svg,Cần Thơ,2.739458214020211,0,-0.6788488104649723,0
2025-04-17 11:00:00+07:00,71.0,5.5,70.0,/dl/web/weather/ic-w-04-scattered-clouds-full.svg,Cần Thơ,0.3668144130986388,0,-0.6788488104649723,0
2025-04-17 12:00:00+07:00,71.0,3.7,74.0,/dl/web/weather/ic-w-04-scattered-clouds-full.svg,Cần Thơ,0.3668144130986388,0,-0.9428843782470234,0
2025-04-17 13:00:00+07:00,71.0,5.5,62.0,/dl/web/weather/ic-w-04-scattered-clouds-full.svg,Cần Thơ,0.3668144130986388,0,-0.6788488104649723,0
2025-04-17 14:00:00+07:00,68.0,3.7,66.0,/dl/web/weather/ic-w-04-scattered-clouds-full.svg,Cần Thơ,0.24193842357645082,0,-0.9428843782470234,0
2025-04-17 15:00:00+07:00,68.0,7.4,62.0,/dl/web/weather/ic-w-04-scattered-clouds-full.svg,Cần Thơ,0.24193842357645082,0,-0.40014460002836255,0
2025-04-17 16:00:00+07:00,68.0,3.7,66.0,/dl/web/weather/ic-w-04-scattered-clouds-full.svg,Cần Thơ,0.24193842357645082,0,-0.9428843782470234,0
2025-04-17 17:00:00+07:00,66.0,7.4,62.0,/dl/web/weather/ic-w-04-scattered-clouds-full.svg,Cần Thơ,0.15868776389499217,0,-0.40014460002836255,0
2025-04-17 18:00:00+07:00,66.0,20.4,89.0,/dl/web/weather/ic-w-07-thunderstorms-full.svg,Cần Thơ,0.15868776389499217,0,1.5067789450642293,0
2025-04-17 19:00:00+07:00,66.0,7.4,94.0,/dl/web/weather/ic-w-04-scattered-clouds-full.svg,Cần Thơ,0.15868776389499217,0,-0.40014460002836255,0
2025-04-17 20:00:00+07:00,78.0,3.7,94.0,/dl/web/weather/ic-w-04-scattered-clouds-full.svg,Cần Thơ,0.6581917219837441,0,-0.9428843782470234,0
2025-04-17 21:00:00+07:00,78.0,3.7,94.0,/dl/web/weather/ic-w-04-scattered-clouds-full.svg,Cần Thơ,0.6581917219837441,0,-0.9428843782470234,0
2025-04-17 22:00:00+07:00,78.0,3.7,94.0,/dl/web/weather/ic-w-04-scattered-clouds-full.svg,Cần Thơ,0.6581917219837441,0,-0.9428843782470234,0
2025-04-17 23:00:00+07:00,96.0,5.5,100.0,/dl/web/weather/ic-w-04-scattered-clouds-full.svg,Cần Thơ,1.407447659116872,0,-0.6788488104649723,0
2025-04-18 00:00:00+07:00,96.0,3.7,100.0,/dl/web/weather/ic-w-11-night-few-clouds-full.svg,Cần Thơ,1.407447659116872,0,-0.9428843782470234,0
2025-04-18 01:00:00+07:00,96.0,3.7,100.0,/dl/web/weather/ic-w-04-scattered-clouds-full.svg,Cần Thơ,1.407447659116872,0,-0.9428843782470234,0
2025-04-18 02:00:00+07:00,112.0,0.0,100.0,/dl/web/weather/ic-w-04-scattered-clouds-full.svg,Cần Thơ,2.0734529365685415,0,-1.4856241564656842,0
2025-04-18 03:00:00+07:00,112.0,0.0,100.0,/dl/web/weather/ic-w-04-scattered-clouds-full.svg,Cần Thơ,2.0734529365685415,0,-1.4856241564656842,0
2025-04-18 04:00:00+07:00,112.0,3.7,100.0,/dl/web/weather/ic-w-04-scattered-clouds-full.svg,Cần Thơ,2.0734529365685415,0,-0.9428843782470234,0
2025-04-18 05:00:00+07:00,118.0,1.8,100.0,/dl/web/weather/ic-w-11-night-few-clouds-full.svg,Cần Thơ,2.3232049156129175,0,-1.2215885886836328,0
2025-04-18 06:00:00+07:00,118.0,1.8,100.0,/dl/web/weather/ic-w-11-night-few-clouds-full.svg,Cần Thơ,2.3232049156129175,0,-1.2215885886836328,0
2025-04-18 07:00:00+07:00,118.0,1.8,100.0,/dl/web/weather/ic-w-02-new-clouds-full.svg,Cần Thơ,2.3232049156129175,0,-1.2215885886836328,0
2025-04-18 08:00:00+07:00,127.0,5.5,94.0,/dl/web/weather/ic-w-04-scattered-clouds-full.svg,Cần Thơ,2.697832884179481,0,-0.6788488104649723,0
2025-04-18 09:00:00+07:00,127.0,5.5,79.0,/dl/web/weather/ic-w-04-scattered-clouds-full.svg,Cần Thơ,2.697832884179481,0,-0.6788488104649723,0
2025-04-18 10:00:00+07:00,127.0,3.7,70.0,/dl/web/weather/ic-w-04-scattered-clouds-full.svg,Cần Thơ,2.697832884179481,0,-0.9428843782470234,0
2025-04-18 11:00:00+07:00,70.0,3.7,70.0,/dl/web/weather/ic-w-04-scattered-clouds-full.svg,Cần Thơ,0.3251890832579095,0,-0.9428843782470234,0
2025-04-18 12:00:00+07:00,70.0,3.7,74.0,/dl/web/weather/ic-w-04-scattered-clouds-full.svg,Cần Thơ,0.3251890832579095,0,-0.9428843782470234,0
2025-04-18 13:00:00+07:00,70.0,3.7,70.0,/dl/web/weather/ic-w-04-scattered-clouds-full.svg,Cần Thơ,0.3251890832579095,0,-0.9428843782470234,0
2025-04-18 14:00:00+07:00,68.0,1.8,70.0,/dl/web/weather/ic-w-04-scattered-clouds-full.svg,Cần Thơ,0.24193842357645082,0,-1.2215885886836328,0
2025-04-18 15:00:00+07:00,68.0,5.5,62.0,/dl/web/weather/ic-w-04-scattered-clouds-full.svg,Cần Thơ,0.24193842357645082,0,-0.6788488104649723,0
2025-04-18 16:00:00+07:00,68.0,3.7,62.0,/dl/web/weather/ic-w-04-scattered-clouds-full.svg,Cần Thơ,0.24193842357645082,0,-0.9428843782470234,0
2025-04-18 17:00:00+07:00,68.0,7.4,63.0,/dl/web/weather/ic-w-04-scattered-clouds-full.svg,Cần Thơ,0.24193842357645082,0,-0.40014460002836255,0
2025-04-18 19:00:00+07:00,68.0,7.4,70.0,/dl/web/weather/ic-w-04-scattered-clouds-full.svg,Cần Thơ,0.24193842357645082,0,-0.40014460002836255,0
2025-04-18 20:00:00+07:00,85.0,1.8,94.0,/dl/web/weather/ic-w-07-thunderstorms-full.svg,Cần Thơ,0.9495690308688495,0,-1.2215885886836328,0
2025-04-18 21:00:00+07:00,85.0,1.8,94.0,/dl/web/weather/ic-w-07-thunderstorms-full.svg,Cần Thơ,0.9495690308688495,0,-1.2215885886836328,0
2025-04-18 22:00:00+07:00,85.0,3.7,100.0,/dl/web/weather/ic-w-04-scattered-clouds-full.svg,Cần Thơ,0.9495690308688495,0,-0.9428843782470234,0
2025-04-18 23:00:00+07:00,94.0,3.7,94.0,/dl/web/weather/ic-w-04-scattered-clouds-full.svg,Cần Thơ,1.3241969994354135,0,-0.9428843782470234,0
2025-04-19 00:00:00+07:00,94.0,3.7,94.0,/dl/web/weather/ic-w-04-scattered-clouds-full.svg,Cần Thơ,1.3241969994354135,0,-0.9428843782470234,0
2025-04-19 01:00:00+07:00,94.0,1.8,94.0,/dl/web/weather/ic-w-04-scattered-clouds-full.svg,Cần Thơ,1.3241969994354135,0,-1.2215885886836328,0
2025-04-19 02:00:00+07:00,86.0,1.8,94.0,/dl/web/weather/ic-w-04-scattered-clouds-full.svg,Cần Thơ,0.9911943607095788,0,-1.2215885886836328,0
2025-04-19 03:00:00+07:00,86.0,5.5,100.0,/dl/web/weather/ic-w-04-scattered-clouds-full.svg,Cần Thơ,0.9911943607095788,0,-0.6788488104649723,0
2025-04-19 04:00:00+07:00,86.0,3.7,100.0,/dl/web/weather/ic-w-04-scattered-clouds-full.svg,Cần Thơ,0.9911943607095788,0,-0.9428843782470234,0
2025-04-19 05:00:00+07:00,88.0,3.7,100.0,/dl/web/weather/ic-w-04-scattered-clouds-full.svg,Cần Thơ,1.0744450203910374,0,-0.9428843782470234,0
2025-04-19 06:00:00+07:00,88.0,7.4,94.0,/dl/web/weather/ic-w-04-scattered-clouds-full.svg,Cần Thơ,1.0744450203910374,0,-0.40014460002836255,0
2025-04-19 07:00:00+07:00,88.0,1.8,94.0,/dl/web/weather/ic-w-02-new-clouds-full.svg,Cần Thơ,1.0744450203910374,0,-1.2215885886836328,0
2025-04-19 08:00:00+07:00,90.0,9.2,89.0,/dl/web/weather/ic-w-02-new-clouds-full.svg,Cần Thơ,1.157695680072496,0,-0.1361090322463115,0
2025-04-19 09:00:00+07:00,90.0,9.2,84.0,/dl/web/weather/ic-w-04-scattered-clouds-full.svg,Cần Thơ,1.157695680072496,0,-0.1361090322463115,0
2025-04-19 10:00:00+07:00,90.0,5.5,84.0,/dl/web/weather/ic-w-04-scattered-clouds-full.svg,Cần Thơ,1.157695680072496,0,-0.6788488104649723,0
2025-04-19 11:00:00+07:00,67.0,5.5,84.0,/dl/web/weather/ic-w-04-scattered-clouds-full.svg,Cần Thơ,0.2003130937357215,0,-0.6788488104649723,0
2025-04-19 12:00:00+07:00,67.0,7.4,70.0,/dl/web/weather/ic-w-04-scattered-clouds-full.svg,Cần Thơ,0.2003130937357215,0,-0.40014460002836255,0
2025-04-19 13:00:00+07:00,67.0,3.7,66.0,/dl/web/weather/ic-w-04-scattered-clouds-full.svg,Cần Thơ,0.2003130937357215,0,-0.9428843782470234,0
2025-04-19 14:00:00+07:00,68.0,7.4,62.0,/dl/web/weather/ic-w-04-scattered-clouds-full.svg,Cần Thơ,0.24193842357645082,0,-0.40014460002836255,0
2025-04-19 15:00:00+07:00,68.0,9.2,59.0,/dl/web/weather/ic-w-04-scattered-clouds-full.svg,Cần Thơ,0.24193842357645082,0,-0.1361090322463115,0
2025-04-19 16:00:00+07:00,68.0,1.8,59.0,/dl/web/weather/ic-w-04-scattered-clouds-full.svg,Cần Thơ,0.24193842357645082,0,-1.2215885886836328,0
2025-04-19 17:00:00+07:00,66.0,7.4,59.0,/dl/web/weather/ic-w-04-scattered-clouds-full.svg,Cần Thơ,0.15868776389499217,0,-0.40014460002836255,0
2025-04-19 18:00:00+07:00,66.0,9.2,59.0,/dl/web/weather/ic-w-04-scattered-clouds-full.svg,Cần Thơ,0.15868776389499217,0,-0.1361090322463115,0
2025-04-19 19:00:00+07:00,66.0,14.8,62.0,/dl/web/weather/ic-w-02-new-clouds-full.svg,Cần Thơ,0.15868776389499217,0,0.6853349564089591,0
2025-04-19 20:00:00+07:00,72.0,9.2,74.0,/dl/web/weather/ic-w-11-night-few-clouds-full.svg,Cần Thơ,0.40843974293936813,0,-0.1361090322463115,0
2025-04-19 21:00:00+07:00,72.0,9.2,74.0,/dl/web/weather/ic-w-11-night-few-clouds-full.svg,Cần Thơ,0.40843974293936813,0,-0.1361090322463115,0
2025-04-19 22:00:00+07:00,72.0,5.5,84.0,/dl/web/weather/ic-w-11-night-few-clouds-full.svg,Cần Thơ,0.40843974293936813,0,-0.6788488104649723,0
2025-04-19 23:00:00+07:00,81.0,3.7,89.0,/dl/web/weather/ic-w-11-night-few-clouds-full.svg,Cần Thơ,0.7830677115059321,0,-0.9428843782470234,0
2025-04-20 00:00:00+07:00,81.0,5.5,100.0,/dl/web/weather/ic-w-11-night-few-clouds-full.svg,Cần Thơ,0.7830677115059321,0,-0.6788488104649723,0
2025-04-20 01:00:00+07:00,81.0,1.8,100.0,/dl/web/weather/ic-w-11-night-few-clouds-full.svg,Cần Thơ,0.7830677115059321,0,-1.2215885886836328,0
2025-04-20 02:00:00+07:00,91.0,1.8,100.0,/dl/web/weather/ic-w-11-night-few-clouds-full.svg,Cần Thơ,1.1993210099132254,0,-1.2215885886836328,0
2025-04-20 03:00:00+07:00,91.0,0.0,100.0,/dl/web/weather/ic-w-11-night-few-clouds-full.svg,Cần Thơ,1.1993210099132254,0,-1.4856241564656842,0
2025-04-20 04:00:00+07:00,91.0,3.7,100.0,/dl/web/weather/ic-w-11-night-few-clouds-full.svg,Cần Thơ,1.1993210099132254,0,-0.9428843782470234,0
2025-04-20 05:00:00+07:00,94.0,5.5,100.0,/dl/web/weather/ic-w-04-scattered-clouds-full.svg,Cần Thơ,1.3241969994354135,0,-0.6788488104649723,0
2025-04-20 06:00:00+07:00,94.0,1.8,100.0,/dl/web/weather/ic-w-04-scattered-clouds-full.svg,Cần Thơ,1.3241969994354135,0,-1.2215885886836328,0
2025-04-20 08:00:00+07:00,95.0,7.4,89.0,/dl/web/weather/ic-w-02-new-clouds-full.svg,Cần Thơ,1.3658223292761427,0,-0.40014460002836255,0
2025-04-20 09:00:00+07:00,95.0,9.2,79.0,/dl/web/weather/ic-w-04-scattered-clouds-full.svg,Cần Thơ,1.3658223292761427,0,-0.1361090322463115,0
2025-04-20 10:00:00+07:00,95.0,5.5,70.0,/dl/web/weather/ic-w-04-scattered-clouds-full.svg,Cần Thơ,1.3658223292761427,0,-0.6788488104649723,0
2025-04-20 11:00:00+07:00,68.0,5.5,70.0,/dl/web/weather/ic-w-04-scattered-clouds-full.svg,Cần Thơ,0.24193842357645082,0,-0.6788488104649723,0
2025-04-20 12:00:00+07:00,68.0,11.1,66.0,/dl/web/weather/ic-w-04-scattered-clouds-full.svg,Cần Thơ,0.24193842357645082,0,0.14259517819029818,0
2025-04-20 13:00:00+07:00,68.0,9.2,62.0,/dl/web/weather/ic-w-04-scattered-clouds-full.svg,Cần Thơ,0.24193842357645082,0,-0.1361090322463115,0
2025-04-20 14:00:00+07:00,64.0,7.4,55.0,/dl/web/weather/ic-w-04-scattered-clouds-full.svg,Cần Thơ,0.07543710421353352,0,-0.40014460002836255,0
2025-04-20 15:00:00+07:00,64.0,9.2,49.0,/dl/web/weather/ic-w-04-scattered-clouds-full.svg,Cần Thơ,0.07543710421353352,0,-0.1361090322463115,0
2025-04-20 16:00:00+07:00,64.0,7.4,49.0,/dl/web/weather/ic-w-04-scattered-clouds-full.svg,Cần Thơ,0.07543710421353352,0,-0.40014460002836255,0
2025-04-20 17:00:00+07:00,66.0,11.1,49.0,/dl/web/weather/ic-w-04-scattered-clouds-full.svg,Cần Thơ,0.15868776389499217,0,0.14259517819029818,0
2025-04-20 18:00:00+07:00,66.0,11.1,49.0,/dl/web/weather/ic-w-04-scattered-clouds-full.svg,Cần Thơ,0.15868776389499217,0,0.14259517819029818,0
2025-04-20 19:00:00+07:00,66.0,13.0,55.0,/dl/web/weather/ic-w-02-new-clouds-full.svg,Cần Thơ,0.15868776389499217,0,0.42129938862690786,0
2025-04-20 20:00:00+07:00,81.0,7.4,70.0,/dl/web/weather/ic-w-10-night-clear-sky-full.svg,Cần Thơ,0.7830677115059321,0,-0.40014460002836255,0
2025-04-20 21:00:00+07:00,81.0,7.4,70.0,/dl/web/weather/ic-w-10-night-clear-sky-full.svg,Cần Thơ,0.7830677115059321,0,-0.40014460002836255,0
2025-04-20 22:00:00+07:00,81.0,11.1,79.0,/dl/web/weather/ic-w-10-night-clear-sky-full.svg,Cần Thơ,0.7830677115059321,0,0.14259517819029818,0
2025-04-20 23:00:00+07:00,80.0,9.2,83.0,/dl/web/weather/ic-w-10-night-clear-sky-full.svg,Cần Thơ,0.7414423816652028,0,-0.1361090322463115,0
2025-04-21 00:00:00+07:00,80.0,3.7,89.0,/dl/web/weather/ic-w-10-night-clear-sky-full.svg,Cần Thơ,0.7414423816652028,0,-0.9428843782470234,0
2025-04-21 02:00:00+07:00,84.0,1.8,94.0,/dl/web/weather/ic-w-10-night-clear-sky-full.svg,Cần Thơ,0.9079437010281202,0,-1.2215885886836328,0
2025-04-21 03:00:00+07:00,84.0,0.0,94.0,/dl/web/weather/ic-w-10-night-clear-sky-full.svg,Cần Thơ,0.9079437010281202,0,-1.4856241564656842,0
2025-04-21 04:00:00+07:00,84.0,3.7,100.0,/dl/web/weather/ic-w-10-night-clear-sky-full.svg,Cần Thơ,0.9079437010281202,0,-0.9428843782470234,0
2025-04-21 05:00:00+07:00,110.0,0.0,100.0,/dl/web/weather/ic-w-11-night-few-clouds-full.svg,Cần Thơ,1.9902022768870826,0,-1.4856241564656842,0
2025-04-21 06:00:00+07:00,110.0,0.0,100.0,/dl/web/weather/ic-w-11-night-few-clouds-full.svg,Cần Thơ,1.9902022768870826,0,-1.4856241564656842,0
2025-04-21 07:00:00+07:00,110.0,0.0,100.0,/dl/web/weather/ic-w-02-new-clouds-full.svg,Cần Thơ,1.9902022768870826,0,-1.4856241564656842,0
2025-04-21 08:00:00+07:00,117.0,0.0,89.0,/dl/web/weather/ic-w-04-scattered-clouds-full.svg,Cần Thơ,2.281579585772188,0,-1.4856241564656842,0
2025-04-21 09:00:00+07:00,117.0,9.2,84.0,/dl/web/weather/ic-w-04-scattered-clouds-full.svg,Cần Thơ,2.281579585772188,0,-0.1361090322463115,0
2025-04-21 10:00:00+07:00,117.0,11.1,70.0,/dl/web/weather/ic-w-04-scattered-clouds-full.svg,Cần Thơ,2.281579585772188,0,0.14259517819029818,0
2025-04-21 11:00:00+07:00,68.0,11.1,70.0,/dl/web/weather/ic-w-04-scattered-clouds-full.svg,Cần Thơ,0.24193842357645082,0,0.14259517819029818,0
2025-04-21 12:00:00+07:00,68.0,5.5,62.0,/dl/web/weather/ic-w-04-scattered-clouds-full.svg,Cần Thơ,0.24193842357645082,0,-0.6788488104649723,0
2025-04-21 13:00:00+07:00,68.0,7.4,59.0,/dl/web/weather/ic-w-04-scattered-clouds-full.svg,Cần Thơ,0.24193842357645082,0,-0.40014460002836255,0
2025-04-21 14:00:00+07:00,61.0,3.7,52.0,/dl/web/weather/ic-w-04-scattered-clouds-full.svg,Cần Thơ,-0.049438885308654486,0,-0.9428843782470234,0
2025-04-21 15:00:00+07:00,61.0,5.5,52.0,/dl/web/weather/ic-w-04-scattered-clouds-full.svg,Cần Thơ,-0.049438885308654486,0,-0.6788488104649723,0
2025-04-21 16:00:00+07:00,61.0,16.7,55.0,/dl/web/weather/ic-w-04-scattered-clouds-full.svg,Cần Thơ,-0.049438885308654486,0,0.9640391668455686,0
2025-04-21 17:00:00+07:00,63.0,16.7,55.0,/dl/web/weather/ic-w-04-scattered-clouds-full.svg,Cần Thơ,0.03381177437280418,0,0.9640391668455686,0
2025-04-21 18:00:00+07:00,63.0,16.7,59.0,/dl/web/weather/ic-w-04-scattered-clouds-full.svg,Cần Thơ,0.03381177437280418,0,0.9640391668455686,0
2025-04-21 19:00:00+07:00,63.0,11.1,58.0,/dl/web/weather/ic-w-02-new-clouds-full.svg,Cần Thơ,0.03381177437280418,0,0.14259517819029818,0
2025-04-21 20:00:00+07:00,73.0,13.0,79.0,/dl/web/weather/ic-w-11-night-few-clouds-full.svg,Cần Thơ,0.4500650727800975,0,0.42129938862690786,0
2025-04-21 21:00:00+07:00,73.0,13.0,79.0,/dl/web/weather/ic-w-11-night-few-clouds-full.svg,Cần Thơ,0.4500650727800975,0,0.42129938862690786,0
2025-04-21 22:00:00+07:00,73.0,11.1,84.0,/dl/web/weather/ic-w-11-night-few-clouds-full.svg,Cần Thơ,0.4500650727800975,0,0.14259517819029818,0
2025-04-21 23:00:00+07:00,78.0,11.1,84.0,/dl/web/weather/ic-w-11-night-few-clouds-full.svg,Cần Thơ,0.6581917219837441,0,0.14259517819029818,0
2025-04-22 00:00:00+07:00,78.0,5.5,89.0,/dl/web/weather/ic-w-11-night-few-clouds-full.svg,Cần Thơ,0.6581917219837441,0,-0.6788488104649723,0
2025-04-22 01:00:00+07:00,78.0,3.7,89.0,/dl/web/weather/ic-w-11-night-few-clouds-full.svg,Cần Thơ,0.6581917219837441,0,-0.9428843782470234,0
2025-04-22 02:00:00+07:00,72.0,3.7,94.0,/dl/web/weather/ic-w-11-night-few-clouds-full.svg,Cần Thơ,0.40843974293936813,0,-0.9428843782470234,0
2025-04-22 03:00:00+07:00,72.0,1.8,100.0,/dl/web/weather/ic-w-04-scattered-clouds-full.svg,Cần Thơ,0.40843974293936813,0,-1.2215885886836328,0
2025-04-22 04:00:00+07:00,72.0,3.7,100.0,/dl/web/weather/ic-w-04-scattered-clouds-full.svg,Cần Thơ,0.40843974293936813,0,-0.9428843782470234,0
2025-04-22 05:00:00+07:00,89.0,1.8,100.0,/dl/web/weather/ic-w-04-scattered-clouds-full.svg,Cần Thơ,1.1160703502317668,0,-1.2215885886836328,0
2025-04-22 06:00:00+07:00,89.0,3.7,100.0,/dl/web/weather/ic-w-04-scattered-clouds-full.svg,Cần Thơ,1.1160703502317668,0,-0.9428843782470234,0
2025-04-22 07:00:00+07:00,89.0,0.0,100.0,/dl/web/weather/ic-w-02-new-clouds-full.svg,Cần Thơ,1.1160703502317668,0,-1.4856241564656842,0
2025-04-22 08:00:00+07:00,92.0,0.0,89.0,/dl/web/weather/ic-w-04-scattered-clouds-full.svg,Cần Thơ,1.2409463397539549,0,-1.4856241564656842,0
2025-04-22 09:00:00+07:00,92.0,7.4,79.0,/dl/web/weather/ic-w-04-scattered-clouds-full.svg,Cần Thơ,1.2409463397539549,0,-0.40014460002836255,0
2025-04-22 10:00:00+07:00,92.0,3.7,79.0,/dl/web/weather/ic-w-04-scattered-clouds-full.svg,Cần Thơ,1.2409463397539549,0,-0.9428843782470234,0
2025-04-22 11:00:00+07:00,64.0,3.7,79.0,/dl/web/weather/ic-w-04-scattered-clouds-full.svg,Cần Thơ,0.07543710421353352,0,-0.9428843782470234,0
2025-04-22 12:00:00+07:00,64.0,9.2,70.0,/dl/web/weather/ic-w-04-scattered-clouds-full.svg,Cần Thơ,0.07543710421353352,0,-0.1361090322463115,0
2025-04-22 13:00:00+07:00,64.0,16.7,74.0,/dl/web/weather/ic-w-04-scattered-clouds-full.svg,Cần Thơ,0.07543710421353352,0,0.9640391668455686,0
2025-04-22 14:00:00+07:00,55.0,13.0,62.0,/dl/web/weather/ic-w-04-scattered-clouds-full.svg,Cần Thơ,-0.29919086435303044,0,0.42129938862690786,0
2025-04-22 15:00:00+07:00,55.0,9.2,74.0,/dl/web/weather/ic-w-06-rain-full.svg,Cần Thơ,-0.29919086435303044,0,-0.1361090322463115,0
2025-04-22 16:00:00+07:00,55.0,11.1,94.0,/dl/web/weather/ic-w-04-scattered-clouds-full.svg,Cần Thơ,-0.29919086435303044,0,0.14259517819029818,0
2025-04-22 17:00:00+07:00,55.0,3.7,94.0,/dl/web/weather/ic-w-04-scattered-clouds-full.svg,Cần Thơ,-0.29919086435303044,0,-0.9428843782470234,0
2025-04-22 18:00:00+07:00,55.0,3.7,89.0,/dl/web/weather/ic-w-06-rain-full.svg,Cần Thơ,-0.29919086435303044,0,-0.9428843782470234,0
2025-04-22 19:00:00+07:00,55.0,11.1,89.0,/dl/web/weather/ic-w-04-scattered-clouds-full.svg,Cần Thơ,-0.29919086435303044,0,0.14259517819029818,0
2025-04-22 20:00:00+07:00,70.0,0.0,100.0,/dl/web/weather/ic-w-04-scattered-clouds-full.svg,Cần Thơ,0.3251890832579095,0,-1.4856241564656842,0
2025-04-22 21:00:00+07:00,70.0,0.0,100.0,/dl/web/weather/ic-w-04-scattered-clouds-full.svg,Cần Thơ,0.3251890832579095,0,-1.4856241564656842,0
2025-04-22 22:00:00+07:00,70.0,1.8,100.0,/dl/web/weather/ic-w-04-scattered-clouds-full.svg,Cần Thơ,0.3251890832579095,0,-1.2215885886836328,0
2025-04-22 23:00:00+07:00,77.0,0.0,100.0,/dl/web/weather/ic-w-04-scattered-clouds-full.svg,Cần Thơ,0.6165663921430148,0,-1.4856241564656842,0
2025-04-23 00:00:00+07:00,77.0,1.8,100.0,/dl/web/weather/ic-w-04-scattered-clouds-full.svg,Cần Thơ,0.6165663921430148,0,-1.2215885886836328,0
2025-04-23 01:00:00+07:00,77.0,0.0,100.0,/dl/web/weather/ic-w-04-scattered-clouds-full.svg,Cần Thơ,0.6165663921430148,0,-1.4856241564656842,0
2025-04-23 02:00:00+07:00,99.0,1.8,100.0,/dl/web/weather/ic-w-04-scattered-clouds-full.svg,Cần Thơ,1.5323236486390601,0,-1.2215885886836328,0
2025-04-23 03:00:00+07:00,99.0,0.0,100.0,/dl/web/weather/ic-w-04-scattered-clouds-full.svg,Cần Thơ,1.5323236486390601,0,-1.4856241564656842,0
2025-04-23 04:00:00+07:00,99.0,0.0,100.0,/dl/web/weather/ic-w-04-scattered-clouds-full.svg,Cần Thơ,1.5323236486390601,0,-1.4856241564656842,0
2025-04-23 05:00:00+07:00,136.0,1.8,100.0,/dl/web/weather/ic-w-04-scattered-clouds-full.svg,Cần Thơ,3.0724608527460453,-1,-1.2215885886836328,0
2025-04-23 06:00:00+07:00,136.0,1.8,100.0,/dl/web/weather/ic-w-11-night-few-clouds-full.svg,Cần Thơ,3.0724608527460453,-1,-1.2215885886836328,0
2025-04-23 07:00:00+07:00,136.0,1.8,100.0,/dl/web/weather/ic-w-02-new-clouds-full.svg,Cần Thơ,3.0724608527460453,-1,-1.2215885886836328,0
2025-04-23 08:00:00+07:00,121.0,3.7,89.0,/dl/web/weather/ic-w-02-new-clouds-full.svg,Cần Thơ,2.4480809051351056,0,-0.9428843782470234,0
2025-04-23 09:00:00+07:00,121.0,5.5,84.0,/dl/web/weather/ic-w-04-scattered-clouds-full.svg,Cần Thơ,2.4480809051351056,0,-0.6788488104649723,0
2025-04-23 10:00:00+07:00,121.0,7.4,79.0,/dl/web/weather/ic-w-04-scattered-clouds-full.svg,Cần Thơ,2.4480809051351056,0,-0.40014460002836255,0
2025-04-23 11:00:00+07:00,62.0,7.4,79.0,/dl/web/weather/ic-w-04-scattered-clouds-full.svg,Cần Thơ,-0.007813555467925153,0,-0.40014460002836255,0
2025-04-23 12:00:00+07:00,62.0,5.5,70.0,/dl/web/weather/ic-w-04-scattered-clouds-full.svg,Cần Thơ,-0.007813555467925153,0,-0.6788488104649723,0
2025-04-23 13:00:00+07:00,62.0,3.7,66.0,/dl/web/weather/ic-w-04-scattered-clouds-full.svg,Cần Thơ,-0.007813555467925153,0,-0.9428843782470234,0
2025-04-23 14:00:00+07:00,58.0,9.2,70.0,/dl/web/weather/ic-w-04-scattered-clouds-full.svg,Cần Thơ,-0.1743148748308425,0,-0.1361090322463115,0
2025-04-23 15:00:00+07:00,58.0,22.2,100.0,/dl/web/weather/ic-w-06-rain-full.svg,Cần Thơ,-0.1743148748308425,0,1.7708145128462807,0
2025-04-23 16:00:00+07:00,58.0,13.0,100.0,/dl/web/weather/ic-w-06-rain-full.svg,Cần Thơ,-0.1743148748308425,0,0.42129938862690786,0
2025-04-23 17:00:00+07:00,58.0,14.8,100.0,/dl/web/weather/ic-w-04-scattered-clouds-full.svg,Cần Thơ,-0.1743148748308425,0,0.6853349564089591,0
2025-04-23 18:00:00+07:00,58.0,7.4,94.0,/dl/web/weather/ic-w-02-new-clouds-full.svg,Cần Thơ,-0.1743148748308425,0,-0.40014460002836255,0
2025-04-23 19:00:00+07:00,58.0,3.7,94.0,/dl/web/weather/ic-w-04-scattered-clouds-full.svg,Cần Thơ,-0.1743148748308425,0,-0.9428843782470234,0
2025-04-23 20:00:00+07:00,74.0,3.7,100.0,/dl/web/weather/ic-w-04-scattered-clouds-full.svg,Cần Thơ,0.4916904026208268,0,-0.9428843782470234,0
2025-04-23 21:00:00+07:00,74.0,3.7,100.0,/dl/web/weather/ic-w-04-scattered-clouds-full.svg,Cần Thơ,0.4916904026208268,0,-0.9428843782470234,0
2025-04-23 22:00:00+07:00,74.0,3.7,100.0,/dl/web/weather/ic-w-04-scattered-clouds-full.svg,Cần Thơ,0.4916904026208268,0,-0.9428843782470234,0
2025-04-23 23:00:00+07:00,97.0,1.8,100.0,/dl/web/weather/ic-w-04-scattered-clouds-full.svg,Cần Thơ,1.4490729889576015,0,-1.2215885886836328,0
2025-04-24 00:00:00+07:00,97.0,0.0,100.0,/dl/web/weather/ic-w-11-night-few-clouds-full.svg,Cần Thơ,1.4490729889576015,0,-1.4856241564656842,0
2025-04-24 01:00:00+07:00,97.0,3.7,100.0,/dl/web/weather/ic-w-11-night-few-clouds-full.svg,Cần Thơ,1.4490729889576015,0,-0.9428843782470234,0
2025-04-24 02:00:00+07:00,128.0,0.0,100.0,/dl/web/weather/ic-w-11-night-few-clouds-full.svg,Cần Thơ,2.739458214020211,0,-1.4856241564656842,0
2025-04-24 03:00:00+07:00,128.0,0.0,100.0,/dl/web/weather/ic-w-11-night-few-clouds-full.svg,Cần Thơ,2.739458214020211,0,-1.4856241564656842,0
2025-04-24 04:00:00+07:00,128.0,0.0,100.0,/dl/web/weather/ic-w-11-night-few-clouds-full.svg,Cần Thơ,2.739458214020211,0,-1.4856241564656842,0
2025-04-24 05:00:00+07:00,138.0,0.0,100.0,/dl/web/weather/ic-w-11-night-few-clouds-full.svg,Cần Thơ,3.155711512427504,-1,-1.4856241564656842,0
2025-04-24 06:00:00+07:00,138.0,0.0,100.0,/dl/web/weather/ic-w-11-night-few-clouds-full.svg,Cần Thơ,3.155711512427504,-1,-1.4856241564656842,0
2025-04-24 07:00:00+07:00,138.0,1.8,100.0,/dl/web/weather/ic-w-02-new-clouds-full.svg,Cần Thơ,3.155711512427504,-1,-1.2215885886836328,0
2025-04-24 08:00:00+07:00,115.0,3.7,89.0,/dl/web/weather/ic-w-02-new-clouds-full.svg,Cần Thơ,2.1983289260907295,0,-0.9428843782470234,0
2025-04-24 09:00:00+07:00,115.0,5.5,89.0,/dl/web/weather/ic-w-04-scattered-clouds-full.svg,Cần Thơ,2.1983289260907295,0,-0.6788488104649723,0
2025-04-24 10:00:00+07:00,115.0,9.2,79.0,/dl/web/weather/ic-w-04-scattered-clouds-full.svg,Cần Thơ,2.1983289260907295,0,-0.1361090322463115,0
2025-04-24 11:00:00+07:00,58.0,9.2,79.0,/dl/web/weather/ic-w-04-scattered-clouds-full.svg,Cần Thơ,-0.1743148748308425,0,-0.1361090322463115,0
2025-04-24 12:00:00+07:00,58.0,13.0,62.0,/dl/web/weather/ic-w-04-scattered-clouds-full.svg,Cần Thơ,-0.1743148748308425,0,0.42129938862690786,0
2025-04-24 13:00:00+07:00,58.0,11.1,66.0,/dl/web/weather/ic-w-04-scattered-clouds-full.svg,Cần Thơ,-0.1743148748308425,0,0.14259517819029818,0
2025-04-24 14:00:00+07:00,55.0,9.2,62.0,/dl/web/weather/ic-w-04-scattered-clouds-full.svg,Cần Thơ,-0.29919086435303044,0,-0.1361090322463115,0
2025-04-24 15:00:00+07:00,55.0,9.2,66.0,/dl/web/weather/ic-w-04-scattered-clouds-full.svg,Cần Thơ,-0.29919086435303044,0,-0.1361090322463115,0
2025-04-24 16:00:00+07:00,55.0,11.1,70.0,/dl/web/weather/ic-w-04-scattered-clouds-full.svg,Cần Thơ,-0.29919086435303044,0,0.14259517819029818,0
2025-04-24 17:00:00+07:00,57.0,11.1,66.0,/dl/web/weather/ic-w-04-scattered-clouds-full.svg,Cần Thơ,-0.2159402046715718,0,0.14259517819029818,0
2025-04-24 18:00:00+07:00,57.0,14.8,66.0,/dl/web/weather/ic-w-06-rain-full.svg,Cần Thơ,-0.2159402046715718,0,0.6853349564089591,0
2025-04-24 19:00:00+07:00,57.0,18.5,89.0,/dl/web/weather/ic-w-06-rain-full.svg,Cần Thơ,-0.2159402046715718,0,1.22807473462762,0
2025-04-24 20:00:00+07:00,70.0,3.7,94.0,/dl/web/weather/ic-w-12-night-rain-full.svg,Cần Thơ,0.3251890832579095,0,-0.9428843782470234,0
2025-04-24 21:00:00+07:00,70.0,3.7,94.0,/dl/web/weather/ic-w-12-night-rain-full.svg,Cần Thơ,0.3251890832579095,0,-0.9428843782470234,0
2025-04-24 22:00:00+07:00,70.0,3.7,100.0,/dl/web/weather/ic-w-12-night-rain-full.svg,Cần Thơ,0.3251890832579095,0,-0.9428843782470234,0
2025-04-24 23:00:00+07:00,84.0,5.5,94.0,/dl/web/weather/ic-w-04-scattered-clouds-full.svg,Cần Thơ,0.9079437010281202,0,-0.6788488104649723,0
2025-04-25 00:00:00+07:00,84.0,5.5,94.0,/dl/web/weather/ic-w-04-scattered-clouds-full.svg,Cần Thơ,0.9079437010281202,0,-0.6788488104649723,0
2025-04-25 01:00:00+07:00,84.0,9.2,94.0,/dl/web/weather/ic-w-04-scattered-clouds-full.svg,Cần Thơ,0.9079437010281202,0,-0.1361090322463115,0
2025-04-25 02:00:00+07:00,85.0,1.8,100.0,/dl/web/weather/ic-w-04-scattered-clouds-full.svg,Cần Thơ,0.9495690308688495,0,-1.2215885886836328,0
2025-04-25 03:00:00+07:00,85.0,3.7,100.0,/dl/web/weather/ic-w-04-scattered-clouds-full.svg,Cần Thơ,0.9495690308688495,0,-0.9428843782470234,0
2025-04-25 04:00:00+07:00,85.0,1.8,100.0,/dl/web/weather/ic-w-04-scattered-clouds-full.svg,Cần Thơ,0.9495690308688495,0,-1.2215885886836328,0
2025-04-25 06:00:00+07:00,102.0,3.7,100.0,/dl/web/weather/ic-w-04-scattered-clouds-full.svg,Cần Thơ,1.6571996381612482,0,-0.9428843782470234,0
2025-04-25 07:00:00+07:00,102.0,5.5,94.0,/dl/web/weather/ic-w-02-new-clouds-full.svg,Cần Thơ,1.6571996381612482,0,-0.6788488104649723,0
2025-04-25 08:00:00+07:00,98.0,13.0,84.0,/dl/web/weather/ic-w-02-new-clouds-full.svg,Cần Thơ,1.4906983187983307,0,0.42129938862690786,0
2025-04-25 09:00:00+07:00,98.0,11.1,84.0,/dl/web/weather/ic-w-02-new-clouds-full.svg,Cần Thơ,1.4906983187983307,0,0.14259517819029818,0
2025-04-25 10:00:00+07:00,98.0,7.4,70.0,/dl/web/weather/ic-w-04-scattered-clouds-full.svg,Cần Thơ,1.4906983187983307,0,-0.40014460002836255,0
2025-04-25 11:00:00+07:00,68.0,7.4,70.0,/dl/web/weather/ic-w-04-scattered-clouds-full.svg,Cần Thơ,0.24193842357645082,0,-0.40014460002836255,0
2025-04-25 12:00:00+07:00,68.0,7.4,62.0,/dl/web/weather/ic-w-04-scattered-clouds-full.svg,Cần Thơ,0.24193842357645082,0,-0.40014460002836255,0
2025-04-25 13:00:00+07:00,68.0,7.4,63.0,/dl/web/weather/ic-w-04-scattered-clouds-full.svg,Cần Thơ,0.24193842357645082,0,-0.40014460002836255,0
2025-04-25 14:00:00+07:00,68.0,7.4,62.0,/dl/web/weather/ic-w-04-scattered-clouds-full.svg,Cần Thơ,0.24193842357645082,0,-0.40014460002836255,0
2025-04-25 15:00:00+07:00,68.0,1.8,59.0,/dl/web/weather/ic-w-04-scattered-clouds-full.svg,Cần Thơ,0.24193842357645082,0,-1.2215885886836328,0
2025-04-25 16:00:00+07:00,68.0,5.5,55.0,/dl/web/weather/ic-w-04-scattered-clouds-full.svg,Cần Thơ,0.24193842357645082,0,-0.6788488104649723,0
2025-04-25 17:00:00+07:00,68.0,9.2,59.0,/dl/web/weather/ic-w-04-scattered-clouds-full.svg,Cần Thơ,0.24193842357645082,0,-0.1361090322463115,0
2025-04-25 18:00:00+07:00,68.0,14.8,55.0,/dl/web/weather/ic-w-04-scattered-clouds-full.svg,Cần Thơ,0.24193842357645082,0,0.6853349564089591,0
2025-04-25 19:00:00+07:00,68.0,14.8,79.0,/dl/web/weather/ic-w-02-new-clouds-full.svg,Cần Thơ,0.24193842357645082,0,0.6853349564089591,0
2025-04-25 20:00:00+07:00,81.0,9.2,89.0,/dl/web/weather/ic-w-04-scattered-clouds-full.svg,Cần Thơ,0.7830677115059321,0,-0.1361090322463115,0
2025-04-25 21:00:00+07:00,81.0,9.2,89.0,/dl/web/weather/ic-w-04-scattered-clouds-full.svg,Cần Thơ,0.7830677115059321,0,-0.1361090322463115,0
2025-04-25 22:00:00+07:00,81.0,9.2,94.0,/dl/web/weather/ic-w-04-scattered-clouds-full.svg,Cần Thơ,0.7830677115059321,0,-0.1361090322463115,0
2025-04-25 23:00:00+07:00,115.0,5.5,94.0,/dl/web/weather/ic-w-04-scattered-clouds-full.svg,Cần Thơ,2.1983289260907295,0,-0.6788488104649723,0
2025-04-26 00:00:00+07:00,115.0,3.7,94.0,/dl/web/weather/ic-w-11-night-few-clouds-full.svg,Cần Thơ,2.1983289260907295,0,-0.9428843782470234,0
2025-04-26 01:00:00+07:00,115.0,1.8,100.0,/dl/web/weather/ic-w-10-night-clear-sky-full.svg,Cần Thơ,2.1983289260907295,0,-1.2215885886836328,0
2025-04-26 02:00:00+07:00,117.0,3.7,100.0,/dl/web/weather/ic-w-10-night-clear-sky-full.svg,Cần Thơ,2.281579585772188,0,-0.9428843782470234,0
2025-04-26 03:00:00+07:00,117.0,3.7,100.0,/dl/web/weather/ic-w-10-night-clear-sky-full.svg,Cần Thơ,2.281579585772188,0,-0.9428843782470234,0
2025-04-26 04:00:00+07:00,117.0,3.7,94.0,/dl/web/weather/ic-w-10-night-clear-sky-full.svg,Cần Thơ,2.281579585772188,0,-0.9428843782470234,0
2025-04-26 05:00:00+07:00,104.0,3.7,100.0,/dl/web/weather/ic-w-10-night-clear-sky-full.svg,Cần Thơ,1.7404502978427068,0,-0.9428843782470234,0
2025-04-26 06:00:00+07:00,104.0,5.5,100.0,/dl/web/weather/ic-w-11-night-few-clouds-full.svg,Cần Thơ,1.7404502978427068,0,-0.6788488104649723,0
2025-04-26 07:00:00+07:00,104.0,3.7,100.0,/dl/web/weather/ic-w-01-clear-sky-full.svg,Cần Thơ,1.7404502978427068,0,-0.9428843782470234,0
2025-04-26 08:00:00+07:00,108.0,11.1,89.0,/dl/web/weather/ic-w-01-clear-sky-full.svg,Cần Thơ,1.906951617205624,0,0.14259517819029818,0
2025-04-26 09:00:00+07:00,108.0,14.8,84.0,/dl/web/weather/ic-w-02-new-clouds-full.svg,Cần Thơ,1.906951617205624,0,0.6853349564089591,0
2025-04-26 10:00:00+07:00,108.0,9.2,74.0,/dl/web/weather/ic-w-04-scattered-clouds-full.svg,Cần Thơ,1.906951617205624,0,-0.1361090322463115,0
2025-04-26 11:00:00+07:00,67.0,9.2,74.0,/dl/web/weather/ic-w-04-scattered-clouds-full.svg,Cần Thơ,0.2003130937357215,0,-0.1361090322463115,0
2025-04-26 12:00:00+07:00,67.0,5.5,70.0,/dl/web/weather/ic-w-04-scattered-clouds-full.svg,Cần Thơ,0.2003130937357215,0,-0.6788488104649723,0
2025-04-26 13:00:00+07:00,67.0,5.5,66.0,/dl/web/weather/ic-w-04-scattered-clouds-full.svg,Cần Thơ,0.2003130937357215,0,-0.6788488104649723,0
2025-04-26 14:00:00+07:00,65.0,3.7,66.0,/dl/web/weather/ic-w-04-scattered-clouds-full.svg,Cần Thơ,0.11706243405426284,0,-0.9428843782470234,0
2025-04-26 15:00:00+07:00,65.0,9.2,84.0,/dl/web/weather/ic-w-07-thunderstorms-full.svg,Cần Thơ,0.11706243405426284,0,-0.1361090322463115,0
2025-04-26 16:00:00+07:00,65.0,5.5,74.0,/dl/web/weather/ic-w-04-scattered-clouds-full.svg,Cần Thơ,0.11706243405426284,0,-0.6788488104649723,0
2025-04-26 17:00:00+07:00,68.0,24.1,94.0,/dl/web/weather/ic-w-04-scattered-clouds-full.svg,Cần Thơ,0.24193842357645082,0,2.0495187232828904,0
2025-04-26 18:00:00+07:00,68.0,14.8,100.0,/dl/web/weather/ic-w-04-scattered-clouds-full.svg,Cần Thơ,0.24193842357645082,0,0.6853349564089591,0
2025-04-26 19:00:00+07:00,68.0,1.8,100.0,/dl/web/weather/ic-w-06-rain-full.svg,Cần Thơ,0.24193842357645082,0,-1.2215885886836328,0
2025-04-26 20:00:00+07:00,86.0,1.8,100.0,/dl/web/weather/ic-w-04-scattered-clouds-full.svg,Cần Thơ,0.9911943607095788,0,-1.2215885886836328,0
2025-04-26 21:00:00+07:00,86.0,1.8,100.0,/dl/web/weather/ic-w-04-scattered-clouds-full.svg,Cần Thơ,0.9911943607095788,0,-1.2215885886836328,0
2025-04-26 22:00:00+07:00,86.0,1.8,100.0,/dl/web/weather/ic-w-04-scattered-clouds-full.svg,Cần Thơ,0.9911943607095788,0,-1.2215885886836328,0
2025-04-26 23:00:00+07:00,86.0,0.0,100.0,/dl/web/weather/ic-w-04-scattered-clouds-full.svg,Cần Thơ,0.9911943607095788,0,-1.4856241564656842,0
2025-04-27 00:00:00+07:00,86.0,7.4,100.0,/dl/web/weather/ic-w-04-scattered-clouds-full.svg,Cần Thơ,0.9911943607095788,0,-0.40014460002836255,0
2025-04-27 01:00:00+07:00,86.0,3.7,100.0,/dl/web/weather/ic-w-04-scattered-clouds-full.svg,Cần Thơ,0.9911943607095788,0,-0.9428843782470234,0
2025-04-27 02:00:00+07:00,142.0,3.7,100.0,/dl/web/weather/ic-w-04-scattered-clouds-full.svg,Cần Thơ,3.3222128317904214,-1,-0.9428843782470234,0
2025-04-27 03:00:00+07:00,142.0,3.7,100.0,/dl/web/weather/ic-w-04-scattered-clouds-full.svg,Cần Thơ,3.3222128317904214,-1,-0.9428843782470234,0
2025-04-27 04:00:00+07:00,142.0,1.8,100.0,/dl/web/weather/ic-w-04-scattered-clouds-full.svg,Cần Thơ,3.3222128317904214,-1,-1.2215885886836328,0
2025-04-27 05:00:00+07:00,155.0,1.8,100.0,/dl/web/weather/ic-w-04-scattered-clouds-full.svg,Cần Thơ,3.8633421197199027,-1,-1.2215885886836328,0
2025-04-27 06:00:00+07:00,155.0,1.8,100.0,/dl/web/weather/ic-w-09-mist-full.svg,Cần Thơ,3.8633421197199027,-1,-1.2215885886836328,0
2025-04-27 07:00:00+07:00,155.0,1.8,100.0,/dl/web/weather/ic-w-09-mist-full.svg,Cần Thơ,3.8633421197199027,-1,-1.2215885886836328,0
2025-04-27 08:00:00+07:00,131.0,5.5,94.0,/dl/web/weather/ic-w-02-new-clouds-full.svg,Cần Thơ,2.864334203542399,0,-0.6788488104649723,0
2025-04-27 09:00:00+07:00,131.0,1.8,84.0,/dl/web/weather/ic-w-04-scattered-clouds-full.svg,Cần Thơ,2.864334203542399,0,-1.2215885886836328,0
2025-04-27 10:00:00+07:00,131.0,5.5,84.0,/dl/web/weather/ic-w-04-scattered-clouds-full.svg,Cần Thơ,2.864334203542399,0,-0.6788488104649723,0
2025-04-27 11:00:00+07:00,73.0,5.5,84.0,/dl/web/weather/ic-w-04-scattered-clouds-full.svg,Cần Thơ,0.4500650727800975,0,-0.6788488104649723,0
2025-04-27 12:00:00+07:00,73.0,7.4,70.0,/dl/web/weather/ic-w-04-scattered-clouds-full.svg,Cần Thơ,0.4500650727800975,0,-0.40014460002836255,0
2025-04-27 13:00:00+07:00,73.0,11.1,70.0,/dl/web/weather/ic-w-04-scattered-clouds-full.svg,Cần Thơ,0.4500650727800975,0,0.14259517819029818,0
2025-04-27 14:00:00+07:00,64.0,11.1,66.0,/dl/web/weather/ic-w-04-scattered-clouds-full.svg,Cần Thơ,0.07543710421353352,0,0.14259517819029818,0
2025-04-27 15:00:00+07:00,64.0,9.2,62.0,/dl/web/weather/ic-w-04-scattered-clouds-full.svg,Cần Thơ,0.07543710421353352,0,-0.1361090322463115,0
2025-04-27 16:00:00+07:00,64.0,11.1,62.0,/dl/web/weather/ic-w-04-scattered-clouds-full.svg,Cần Thơ,0.07543710421353352,0,0.14259517819029818,0
2025-04-27 17:00:00+07:00,66.0,11.1,59.0,/dl/web/weather/ic-w-04-scattered-clouds-full.svg,Cần Thơ,0.15868776389499217,0,0.14259517819029818,0
2025-04-27 18:00:00+07:00,66.0,7.4,58.0,/dl/web/weather/ic-w-02-new-clouds-full.svg,Cần Thơ,0.15868776389499217,0,-0.40014460002836255,0
2025-04-27 19:00:00+07:00,66.0,9.2,70.0,/dl/web/weather/ic-w-11-night-few-clouds-full.svg,Cần Thơ,0.15868776389499217,0,-0.1361090322463115,0
2025-04-27 20:00:00+07:00,82.0,9.2,74.0,/dl/web/weather/ic-w-11-night-few-clouds-full.svg,Cần Thơ,0.8246930413466614,0,-0.1361090322463115,0
2025-04-27 21:00:00+07:00,82.0,9.2,74.0,/dl/web/weather/ic-w-11-night-few-clouds-full.svg,Cần Thơ,0.8246930413466614,0,-0.1361090322463115,0
2025-04-27 22:00:00+07:00,82.0,9.2,89.0,/dl/web/weather/ic-w-11-night-few-clouds-full.svg,Cần Thơ,0.8246930413466614,0,-0.1361090322463115,0
2025-04-27 23:00:00+07:00,93.0,5.5,89.0,/dl/web/weather/ic-w-11-night-few-clouds-full.svg,Cần Thơ,1.282571669594684,0,-0.6788488104649723,0
2025-04-28 00:00:00+07:00,93.0,3.7,94.0,/dl/web/weather/ic-w-11-night-few-clouds-full.svg,Cần Thơ,1.282571669594684,0,-0.9428843782470234,0
2025-04-28 01:00:00+07:00,93.0,3.7,94.0,/dl/web/weather/ic-w-11-night-few-clouds-full.svg,Cần Thơ,1.282571669594684,0,-0.9428843782470234,0
2025-04-28 02:00:00+07:00,92.0,1.8,94.0,/dl/web/weather/ic-w-11-night-few-clouds-full.svg,Cần Thơ,1.2409463397539549,0,-1.2215885886836328,0
2025-04-28 03:00:00+07:00,92.0,3.7,100.0,/dl/web/weather/ic-w-11-night-few-clouds-full.svg,Cần Thơ,1.2409463397539549,0,-0.9428843782470234,0
2025-04-28 04:00:00+07:00,92.0,3.7,100.0,/dl/web/weather/ic-w-11-night-few-clouds-full.svg,Cần Thơ,1.2409463397539549,0,-0.9428843782470234,0
2025-04-28 05:00:00+07:00,117.0,3.7,100.0,/dl/web/weather/ic-w-11-night-few-clouds-full.svg,Cần Thơ,2.281579585772188,0,-0.9428843782470234,0
2025-04-28 06:00:00+07:00,117.0,3.7,100.0,/dl/web/weather/ic-w-11-night-few-clouds-full.svg,Cần Thơ,2.281579585772188,0,-0.9428843782470234,0
2025-04-28 07:00:00+07:00,117.0,3.7,100.0,/dl/web/weather/ic-w-02-new-clouds-full.svg,Cần Thơ,2.281579585772188,0,-0.9428843782470234,0
2025-04-28 08:00:00+07:00,126.0,1.8,84.0,/dl/web/weather/ic-w-02-new-clouds-full.svg,Cần Thơ,2.656207554338752,0,-1.2215885886836328,0
2025-04-28 09:00:00+07:00,126.0,13.0,79.0,/dl/web/weather/ic-w-04-scattered-clouds-full.svg,Cần Thơ,2.656207554338752,0,0.42129938862690786,0
2025-04-28 10:00:00+07:00,126.0,13.0,74.0,/dl/web/weather/ic-w-04-scattered-clouds-full.svg,Cần Thơ,2.656207554338752,0,0.42129938862690786,0
2025-04-28 11:00:00+07:00,67.0,9.2,70.0,/dl/web/weather/ic-w-04-scattered-clouds-full.svg,Cần Thơ,0.2003130937357215,0,-0.1361090322463115,0
2025-04-28 12:00:00+07:00,67.0,9.2,66.0,/dl/web/weather/ic-w-04-scattered-clouds-full.svg,Cần Thơ,0.2003130937357215,0,-0.1361090322463115,0
2025-04-28 13:00:00+07:00,67.0,13.0,62.0,/dl/web/weather/ic-w-04-scattered-clouds-full.svg,Cần Thơ,0.2003130937357215,0,0.42129938862690786,0
2025-04-28 14:00:00+07:00,67.0,11.1,59.0,/dl/web/weather/ic-w-04-scattered-clouds-full.svg,Cần Thơ,0.2003130937357215,0,0.14259517819029818,0
2025-04-28 15:00:00+07:00,67.0,7.4,52.0,/dl/web/weather/ic-w-04-scattered-clouds-full.svg,Cần Thơ,0.2003130937357215,0,-0.40014460002836255,0
2025-04-28 16:00:00+07:00,67.0,13.0,58.0,/dl/web/weather/ic-w-04-scattered-clouds-full.svg,Cần Thơ,0.2003130937357215,0,0.42129938862690786,0
2025-04-28 17:00:00+07:00,68.0,13.0,58.0,/dl/web/weather/ic-w-04-scattered-clouds-full.svg,Cần Thơ,0.24193842357645082,0,0.42129938862690786,0
2025-04-28 18:00:00+07:00,68.0,11.1,58.0,/dl/web/weather/ic-w-02-new-clouds-full.svg,Cần Thơ,0.24193842357645082,0,0.14259517819029818,0
2025-04-28 19:00:00+07:00,68.0,7.4,70.0,/dl/web/weather/ic-w-11-night-few-clouds-full.svg,Cần Thơ,0.24193842357645082,0,-0.40014460002836255,0
2025-04-28 20:00:00+07:00,83.0,9.2,74.0,/dl/web/weather/ic-w-11-night-few-clouds-full.svg,Cần Thơ,0.8663183711873907,0,-0.1361090322463115,0
2025-04-28 21:00:00+07:00,83.0,7.4,89.0,/dl/web/weather/ic-w-11-night-few-clouds-full.svg,Cần Thơ,0.8663183711873907,0,-0.40014460002836255,0
2025-04-28 22:00:00+07:00,83.0,3.7,89.0,/dl/web/weather/ic-w-10-night-clear-sky-full.svg,Cần Thơ,0.8663183711873907,0,-0.9428843782470234,0
2025-04-28 23:00:00+07:00,104.0,1.8,94.0,/dl/web/weather/ic-w-10-night-clear-sky-full.svg,Cần Thơ,1.7404502978427068,0,-1.2215885886836328,0
2025-04-29 01:00:00+07:00,104.0,3.7,94.0,/dl/web/weather/ic-w-10-night-clear-sky-full.svg,Cần Thơ,1.7404502978427068,0,-0.9428843782470234,0
2025-04-29 02:00:00+07:00,132.0,3.7,94.0,/dl/web/weather/ic-w-10-night-clear-sky-full.svg,Cần Thơ,2.905959533383128,0,-0.9428843782470234,0
2025-04-29 03:00:00+07:00,132.0,1.8,100.0,/dl/web/weather/ic-w-10-night-clear-sky-full.svg,Cần Thơ,2.905959533383128,0,-1.2215885886836328,0
2025-04-29 04:00:00+07:00,132.0,1.8,100.0,/dl/web/weather/ic-w-10-night-clear-sky-full.svg,Cần Thơ,2.905959533383128,0,-1.2215885886836328,0
2025-04-29 06:00:00+07:00,160.0,0.0,100.0,/dl/web/weather/ic-w-04-scattered-clouds-full.svg,Cần Thơ,4.071468768923549,-1,-1.4856241564656842,0
2025-04-29 07:00:00+07:00,160.0,0.0,100.0,/dl/web/weather/ic-w-09-mist-full.svg,Cần Thơ,4.071468768923549,-1,-1.4856241564656842,0
2025-04-29 08:00:00+07:00,162.0,3.7,89.0,/dl/web/weather/ic-w-02-new-clouds-full.svg,Cần Thơ,4.1547194286050075,-1,-0.9428843782470234,0
2025-04-29 09:00:00+07:00,162.0,11.1,84.0,/dl/web/weather/ic-w-04-scattered-clouds-full.svg,Cần Thơ,4.1547194286050075,-1,0.14259517819029818,0
2025-04-29 10:00:00+07:00,162.0,9.2,79.0,/dl/web/weather/ic-w-04-scattered-clouds-full.svg,Cần Thơ,4.1547194286050075,-1,-0.1361090322463115,0
2025-04-29 11:00:00+07:00,72.0,11.1,70.0,/dl/web/weather/ic-w-04-scattered-clouds-full.svg,Cần Thơ,0.40843974293936813,0,0.14259517819029818,0
2025-04-29 12:00:00+07:00,72.0,9.2,66.0,/dl/web/weather/ic-w-02-new-clouds-full.svg,Cần Thơ,0.40843974293936813,0,-0.1361090322463115,0
2025-04-29 13:00:00+07:00,72.0,3.7,62.0,/dl/web/weather/ic-w-02-new-clouds-full.svg,Cần Thơ,0.40843974293936813,0,-0.9428843782470234,0
2025-04-29 14:00:00+07:00,71.0,3.7,62.0,/dl/web/weather/ic-w-02-new-clouds-full.svg,Cần Thơ,0.3668144130986388,0,-0.9428843782470234,0
2025-04-29 15:00:00+07:00,71.0,9.2,59.0,/dl/web/weather/ic-w-02-new-clouds-full.svg,Cần Thơ,0.3668144130986388,0,-0.1361090322463115,0
2025-04-29 16:00:00+07:00,71.0,11.1,55.0,/dl/web/weather/ic-w-02-new-clouds-full.svg,Cần Thơ,0.3668144130986388,0,0.14259517819029818,0
2025-04-29 17:00:00+07:00,72.0,11.1,62.0,/dl/web/weather/ic-w-02-new-clouds-full.svg,Cần Thơ,0.40843974293936813,0,0.14259517819029818,0
2025-04-29 18:00:00+07:00,72.0,11.1,62.0,/dl/web/weather/ic-w-02-new-clouds-full.svg,Cần Thơ,0.40843974293936813,0,0.14259517819029818,0
2025-04-29 19:00:00+07:00,72.0,5.5,84.0,/dl/web/weather/ic-w-04-scattered-clouds-full.svg,Cần Thơ,0.40843974293936813,0,-0.6788488104649723,0
2025-04-29 20:00:00+07:00,81.0,11.1,79.0,/dl/web/weather/ic-w-04-scattered-clouds-full.svg,Cần Thơ,0.7830677115059321,0,0.14259517819029818,0
2025-04-29 21:00:00+07:00,81.0,11.1,79.0,/dl/web/weather/ic-w-04-scattered-clouds-full.svg,Cần Thơ,0.7830677115059321,0,0.14259517819029818,0
2025-04-29 22:00:00+07:00,81.0,11.1,84.0,/dl/web/weather/ic-w-04-scattered-clouds-full.svg,Cần Thơ,0.7830677115059321,0,0.14259517819029818,0
2025-04-29 23:00:00+07:00,77.0,7.4,89.0,/dl/web/weather/ic-w-04-scattered-clouds-full.svg,Cần Thơ,0.6165663921430148,0,-0.40014460002836255,0
2025-04-30 00:00:00+07:00,77.0,5.5,89.0,/dl/web/weather/ic-w-11-night-few-clouds-full.svg,Cần Thơ,0.6165663921430148,0,-0.6788488104649723,0
2025-04-30 01:00:00+07:00,77.0,3.7,83.0,/dl/web/weather/ic-w-11-night-few-clouds-full.svg,Cần Thơ,0.6165663921430148,0,-0.9428843782470234,0
2025-04-30 02:00:00+07:00,81.0,3.7,83.0,/dl/web/weather/ic-w-11-night-few-clouds-full.svg,Cần Thơ,0.7830677115059321,0,-0.9428843782470234,0
2025-04-30 03:00:00+07:00,81.0,3.7,100.0,/dl/web/weather/ic-w-10-night-clear-sky-full.svg,Cần Thơ,0.7830677115059321,0,-0.9428843782470234,0
2025-04-30 04:00:00+07:00,81.0,3.7,100.0,/dl/web/weather/ic-w-04-scattered-clouds-full.svg,Cần Thơ,0.7830677115059321,0,-0.9428843782470234,0
2025-04-30 05:00:00+07:00,107.0,3.7,100.0,/dl/web/weather/ic-w-04-scattered-clouds-full.svg,Cần Thơ,1.8653262873648948,0,-0.9428843782470234,0
2025-04-30 06:00:00+07:00,107.0,3.7,100.0,/dl/web/weather/ic-w-04-scattered-clouds-full.svg,Cần Thơ,1.8653262873648948,0,-0.9428843782470234,0
2025-04-30 07:00:00+07:00,107.0,1.8,100.0,/dl/web/weather/ic-w-04-scattered-clouds-full.svg,Cần Thơ,1.8653262873648948,0,-1.2215885886836328,0
2025-04-30 08:00:00+07:00,120.0,11.1,89.0,/dl/web/weather/ic-w-02-new-clouds-full.svg,Cần Thơ,2.406455575294376,0,0.14259517819029818,0
2025-04-30 09:00:00+07:00,120.0,18.5,74.0,/dl/web/weather/ic-w-04-scattered-clouds-full.svg,Cần Thơ,2.406455575294376,0,1.22807473462762,0
2025-04-30 10:00:00+07:00,120.0,18.5,70.0,/dl/web/weather/ic-w-02-new-clouds-full.svg,Cần Thơ,2.406455575294376,0,1.22807473462762,0
2025-04-30 11:00:00+07:00,71.0,14.8,62.0,/dl/web/weather/ic-w-02-new-clouds-full.svg,Cần Thơ,0.3668144130986388,0,0.6853349564089591,0
2025-04-30 12:00:00+07:00,71.0,13.0,62.0,/dl/web/weather/ic-w-02-new-clouds-full.svg,Cần Thơ,0.3668144130986388,0,0.42129938862690786,0
2025-04-30 13:00:00+07:00,71.0,11.1,62.0,/dl/web/weather/ic-w-04-scattered-clouds-full.svg,Cần Thơ,0.3668144130986388,0,0.14259517819029818,0
2025-04-30 14:00:00+07:00,68.0,11.1,62.0,/dl/web/weather/ic-w-04-scattered-clouds-full.svg,Cần Thơ,0.24193842357645082,0,0.14259517819029818,0
2025-04-30 15:00:00+07:00,68.0,9.2,58.0,/dl/web/weather/ic-w-04-scattered-clouds-full.svg,Cần Thơ,0.24193842357645082,0,-0.1361090322463115,0
2025-04-30 16:00:00+07:00,68.0,9.2,58.0,/dl/web/weather/ic-w-04-scattered-clouds-full.svg,Cần Thơ,0.24193842357645082,0,-0.1361090322463115,0
2025-04-30 17:00:00+07:00,71.0,11.1,55.0,/dl/web/weather/ic-w-02-new-clouds-full.svg,Cần Thơ,0.3668144130986388,0,0.14259517819029818,0
2025-04-30 18:00:00+07:00,71.0,9.2,58.0,/dl/web/weather/ic-w-02-new-clouds-full.svg,Cần Thơ,0.3668144130986388,0,-0.1361090322463115,0
2025-04-30 19:00:00+07:00,71.0,14.8,55.0,/dl/web/weather/ic-w-11-night-few-clouds-full.svg,Cần Thơ,0.3668144130986388,0,0.6853349564089591,0
2025-04-30 20:00:00+07:00,83.0,14.8,70.0,/dl/web/weather/ic-w-11-night-few-clouds-full.svg,Cần Thơ,0.8663183711873907,0,0.6853349564089591,0
2025-04-30 21:00:00+07:00,83.0,14.8,70.0,/dl/web/weather/ic-w-11-night-few-clouds-full.svg,Cần Thơ,0.8663183711873907,0,0.6853349564089591,0
2025-04-30 22:00:00+07:00,83.0,11.1,79.0,/dl/web/weather/ic-w-11-night-few-clouds-full.svg,Cần Thơ,0.8663183711873907,0,0.14259517819029818,0
2025-04-30 23:00:00+07:00,71.0,13.0,89.0,/dl/web/weather/ic-w-10-night-clear-sky-full.svg,Cần Thơ,0.3668144130986388,0,0.42129938862690786,0
2025-05-01 00:00:00+07:00,71.0,13.0,89.0,/dl/web/weather/ic-w-10-night-clear-sky-full.svg,Cần Thơ,0.3668144130986388,0,0.42129938862690786,0
2025-05-01 01:00:00+07:00,71.0,7.4,89.0,/dl/web/weather/ic-w-10-night-clear-sky-full.svg,Cần Thơ,0.3668144130986388,0,-0.40014460002836255,0
2025-05-01 02:00:00+07:00,75.0,7.4,89.0,/dl/web/weather/ic-w-10-night-clear-sky-full.svg,Cần Thơ,0.5333157324615562,0,-0.40014460002836255,0
2025-05-01 03:00:00+07:00,75.0,9.2,89.0,/dl/web/weather/ic-w-10-night-clear-sky-full.svg,Cần Thơ,0.5333157324615562,0,-0.1361090322463115,0
2025-05-01 04:00:00+07:00,75.0,9.2,89.0,/dl/web/weather/ic-w-10-night-clear-sky-full.svg,Cần Thơ,0.5333157324615562,0,-0.1361090322463115,0
2025-05-01 05:00:00+07:00,87.0,5.5,94.0,/dl/web/weather/ic-w-10-night-clear-sky-full.svg,Cần Thơ,1.0328196905503082,0,-0.6788488104649723,0
2025-05-01 06:00:00+07:00,87.0,5.5,94.0,/dl/web/weather/ic-w-10-night-clear-sky-full.svg,Cần Thơ,1.0328196905503082,0,-0.6788488104649723,0
2025-05-01 07:00:00+07:00,87.0,0.0,89.0,/dl/web/weather/ic-w-04-scattered-clouds-full.svg,Cần Thơ,1.0328196905503082,0,-1.4856241564656842,0
2025-05-01 08:00:00+07:00,85.0,14.8,84.0,/dl/web/weather/ic-w-02-new-clouds-full.svg,Cần Thơ,0.9495690308688495,0,0.6853349564089591,0
2025-05-01 09:00:00+07:00,85.0,16.7,84.0,/dl/web/weather/ic-w-02-new-clouds-full.svg,Cần Thơ,0.9495690308688495,0,0.9640391668455686,0
2025-05-01 10:00:00+07:00,85.0,13.0,79.0,/dl/web/weather/ic-w-04-scattered-clouds-full.svg,Cần Thơ,0.9495690308688495,0,0.42129938862690786,0
2025-05-01 11:00:00+07:00,64.0,16.7,74.0,/dl/web/weather/ic-w-04-scattered-clouds-full.svg,Cần Thơ,0.07543710421353352,0,0.9640391668455686,0
2025-05-01 12:00:00+07:00,64.0,16.7,74.0,/dl/web/weather/ic-w-04-scattered-clouds-full.svg,Cần Thơ,0.07543710421353352,0,0.9640391668455686,0
2025-05-01 13:00:00+07:00,64.0,22.2,74.0,/dl/web/weather/ic-w-04-scattered-clouds-full.svg,Cần Thơ,0.07543710421353352,0,1.7708145128462807,0
2025-05-01 14:00:00+07:00,66.0,24.1,66.0,/dl/web/weather/ic-w-04-scattered-clouds-full.svg,Cần Thơ,0.15868776389499217,0,2.0495187232828904,0
2025-05-01 15:00:00+07:00,66.0,18.5,66.0,/dl/web/weather/ic-w-04-scattered-clouds-full.svg,Cần Thơ,0.15868776389499217,0,1.22807473462762,0
2025-05-01 16:00:00+07:00,66.0,9.2,66.0,/dl/web/weather/ic-w-06-rain-full.svg,Cần Thơ,0.15868776389499217,0,-0.1361090322463115,0
2025-05-01 17:00:00+07:00,69.0,13.0,94.0,/dl/web/weather/ic-w-04-scattered-clouds-full.svg,Cần Thơ,0.28356375341718015,0,0.42129938862690786,0
2025-05-01 18:00:00+07:00,69.0,13.0,94.0,/dl/web/weather/ic-w-04-scattered-clouds-full.svg,Cần Thơ,0.28356375341718015,0,0.42129938862690786,0
2025-05-01 19:00:00+07:00,69.0,1.8,94.0,/dl/web/weather/ic-w-04-scattered-clouds-full.svg,Cần Thơ,0.28356375341718015,0,-1.2215885886836328,0
2025-05-01 20:00:00+07:00,79.0,5.5,89.0,/dl/web/weather/ic-w-04-scattered-clouds-full.svg,Cần Thơ,0.6998170518244735,0,-0.6788488104649723,0
2025-05-01 21:00:00+07:00,79.0,7.4,94.0,/dl/web/weather/ic-w-04-scattered-clouds-full.svg,Cần Thơ,0.6998170518244735,0,-0.40014460002836255,0
2025-05-01 22:00:00+07:00,79.0,7.4,94.0,/dl/web/weather/ic-w-04-scattered-clouds-full.svg,Cần Thơ,0.6998170518244735,0,-0.40014460002836255,0
2025-05-01 23:00:00+07:00,80.0,3.7,89.0,/dl/web/weather/ic-w-04-scattered-clouds-full.svg,Cần Thơ,0.7414423816652028,0,-0.9428843782470234,0
2025-05-02 00:00:00+07:00,80.0,3.7,89.0,/dl/web/weather/ic-w-11-night-few-clouds-full.svg,Cần Thơ,0.7414423816652028,0,-0.9428843782470234,0
2025-05-02 01:00:00+07:00,80.0,7.4,89.0,/dl/web/weather/ic-w-11-night-few-clouds-full.svg,Cần Thơ,0.7414423816652028,0,-0.40014460002836255,0
2025-05-02 02:00:00+07:00,76.0,7.4,89.0,/dl/web/weather/ic-w-11-night-few-clouds-full.svg,Cần Thơ,0.5749410623022855,0,-0.40014460002836255,0
2025-05-02 03:00:00+07:00,76.0,7.4,89.0,/dl/web/weather/ic-w-11-night-few-clouds-full.svg,Cần Thơ,0.5749410623022855,0,-0.40014460002836255,0
2025-05-02 04:00:00+07:00,76.0,1.8,94.0,/dl/web/weather/ic-w-04-scattered-clouds-full.svg,Cần Thơ,0.5749410623022855,0,-1.2215885886836328,0
2025-05-02 05:00:00+07:00,75.0,5.5,94.0,/dl/web/weather/ic-w-04-scattered-clouds-full.svg,Cần Thơ,0.5333157324615562,0,-0.6788488104649723,0
2025-05-02 06:00:00+07:00,75.0,5.5,94.0,/dl/web/weather/ic-w-04-scattered-clouds-full.svg,Cần Thơ,0.5333157324615562,0,-0.6788488104649723,0
2025-05-02 07:00:00+07:00,75.0,1.8,94.0,/dl/web/weather/ic-w-02-new-clouds-full.svg,Cần Thơ,0.5333157324615562,0,-1.2215885886836328,0
2025-05-02 08:00:00+07:00,77.0,9.2,89.0,/dl/web/weather/ic-w-04-scattered-clouds-full.svg,Cần Thơ,0.6165663921430148,0,-0.1361090322463115,0
2025-05-02 09:00:00+07:00,77.0,14.8,84.0,/dl/web/weather/ic-w-04-scattered-clouds-full.svg,Cần Thơ,0.6165663921430148,0,0.6853349564089591,0
2025-05-02 10:00:00+07:00,77.0,11.1,79.0,/dl/web/weather/ic-w-04-scattered-clouds-full.svg,Cần Thơ,0.6165663921430148,0,0.14259517819029818,0
2025-05-02 11:00:00+07:00,65.0,11.1,79.0,/dl/web/weather/ic-w-04-scattered-clouds-full.svg,Cần Thơ,0.11706243405426284,0,0.14259517819029818,0
2025-05-02 12:00:00+07:00,65.0,14.8,70.0,/dl/web/weather/ic-w-04-scattered-clouds-full.svg,Cần Thơ,0.11706243405426284,0,0.6853349564089591,0
2025-05-02 13:00:00+07:00,65.0,14.8,70.0,/dl/web/weather/ic-w-04-scattered-clouds-full.svg,Cần Thơ,0.11706243405426284,0,0.6853349564089591,0
2025-05-02 14:00:00+07:00,68.0,7.4,74.0,/dl/web/weather/ic-w-04-scattered-clouds-full.svg,Cần Thơ,0.24193842357645082,0,-0.40014460002836255,0
2025-05-02 15:00:00+07:00,68.0,14.8,74.0,/dl/web/weather/ic-w-04-scattered-clouds-full.svg,Cần Thơ,0.24193842357645082,0,0.6853349564089591,0
2025-05-02 16:00:00+07:00,68.0,14.8,74.0,/dl/web/weather/ic-w-04-scattered-clouds-full.svg,Cần Thơ,0.24193842357645082,0,0.6853349564089591,0
2025-05-02 17:00:00+07:00,69.0,14.8,70.0,/dl/web/weather/ic-w-04-scattered-clouds-full.svg,Cần Thơ,0.28356375341718015,0,0.6853349564089591,0
2025-05-02 18:00:00+07:00,69.0,14.8,70.0,/dl/web/weather/ic-w-04-scattered-clouds-full.svg,Cần Thơ,0.28356375341718015,0,0.6853349564089591,0
2025-05-02 19:00:00+07:00,69.0,18.5,84.0,/dl/web/weather/ic-w-11-night-few-clouds-full.svg,Cần Thơ,0.28356375341718015,0,1.22807473462762,0
2025-05-02 20:00:00+07:00,83.0,5.5,83.0,/dl/web/weather/ic-w-11-night-few-clouds-full.svg,Cần Thơ,0.8663183711873907,0,-0.6788488104649723,0
2025-05-02 21:00:00+07:00,83.0,5.5,94.0,/dl/web/weather/ic-w-11-night-few-clouds-full.svg,Cần Thơ,0.8663183711873907,0,-0.6788488104649723,0
2025-05-02 22:00:00+07:00,83.0,3.7,100.0,/dl/web/weather/ic-w-10-night-clear-sky-full.svg,Cần Thơ,0.8663183711873907,0,-0.9428843782470234,0
2025-05-02 23:00:00+07:00,99.0,3.7,100.0,/dl/web/weather/ic-w-10-night-clear-sky-full.svg,Cần Thơ,1.5323236486390601,0,-0.9428843782470234,0
2025-05-03 00:00:00+07:00,99.0,3.7,100.0,/dl/web/weather/ic-w-10-night-clear-sky-full.svg,Cần Thơ,1.5323236486390601,0,-0.9428843782470234,0
2025-05-03 01:00:00+07:00,99.0,1.8,100.0,/dl/web/weather/ic-w-10-night-clear-sky-full.svg,Cần Thơ,1.5323236486390601,0,-1.2215885886836328,0
2025-05-03 02:00:00+07:00,81.0,1.8,100.0,/dl/web/weather/ic-w-10-night-clear-sky-full.svg,Cần Thơ,0.7830677115059321,0,-1.2215885886836328,0
2025-05-03 03:00:00+07:00,81.0,3.7,100.0,/dl/web/weather/ic-w-10-night-clear-sky-full.svg,Cần Thơ,0.7830677115059321,0,-0.9428843782470234,0
2025-05-03 04:00:00+07:00,81.0,0.0,100.0,/dl/web/weather/ic-w-10-night-clear-sky-full.svg,Cần Thơ,0.7830677115059321,0,-1.4856241564656842,0
2025-05-03 05:00:00+07:00,80.0,1.8,100.0,/dl/web/weather/ic-w-10-night-clear-sky-full.svg,Cần Thơ,0.7414423816652028,0,-1.2215885886836328,0
2025-05-03 06:00:00+07:00,80.0,1.8,100.0,/dl/web/weather/ic-w-10-night-clear-sky-full.svg,Cần Thơ,0.7414423816652028,0,-1.2215885886836328,0
2025-05-03 07:00:00+07:00,80.0,7.4,100.0,/dl/web/weather/ic-w-04-scattered-clouds-full.svg,Cần Thơ,0.7414423816652028,0,-0.40014460002836255,0
2025-05-03 08:00:00+07:00,72.0,5.5,94.0,/dl/web/weather/ic-w-04-scattered-clouds-full.svg,Cần Thơ,0.40843974293936813,0,-0.6788488104649723,0
2025-05-03 09:00:00+07:00,72.0,13.0,84.0,/dl/web/weather/ic-w-04-scattered-clouds-full.svg,Cần Thơ,0.40843974293936813,0,0.42129938862690786,0
2025-05-03 10:00:00+07:00,72.0,16.7,66.0,/dl/web/weather/ic-w-04-scattered-clouds-full.svg,Cần Thơ,0.40843974293936813,0,0.9640391668455686,0
2025-05-03 11:00:00+07:00,56.0,13.0,66.0,/dl/web/weather/ic-w-04-scattered-clouds-full.svg,Cần Thơ,-0.25756553451230113,0,0.42129938862690786,0
2025-05-03 12:00:00+07:00,56.0,16.7,66.0,/dl/web/weather/ic-w-06-rain-full.svg,Cần Thơ,-0.25756553451230113,0,0.9640391668455686,0
2025-05-03 13:00:00+07:00,56.0,9.2,74.0,/dl/web/weather/ic-w-06-rain-full.svg,Cần Thơ,-0.25756553451230113,0,-0.1361090322463115,0
2025-05-03 14:00:00+07:00,57.0,9.2,74.0,/dl/web/weather/ic-w-06-rain-full.svg,Cần Thơ,-0.2159402046715718,0,-0.1361090322463115,0
2025-05-03 15:00:00+07:00,57.0,11.1,79.0,/dl/web/weather/ic-w-06-rain-full.svg,Cần Thơ,-0.2159402046715718,0,0.14259517819029818,0
2025-05-03 16:00:00+07:00,57.0,1.8,70.0,/dl/web/weather/ic-w-04-scattered-clouds-full.svg,Cần Thơ,-0.2159402046715718,0,-1.2215885886836328,0
2025-05-03 17:00:00+07:00,60.0,1.8,70.0,/dl/web/weather/ic-w-04-scattered-clouds-full.svg,Cần Thơ,-0.09106421514938381,0,-1.2215885886836328,0
2025-05-03 18:00:00+07:00,60.0,3.7,74.0,/dl/web/weather/ic-w-04-scattered-clouds-full.svg,Cần Thơ,-0.09106421514938381,0,-0.9428843782470234,0
2025-05-03 19:00:00+07:00,60.0,14.8,94.0,/dl/web/weather/ic-w-04-scattered-clouds-full.svg,Cần Thơ,-0.09106421514938381,0,0.6853349564089591,0
2025-05-03 20:00:00+07:00,81.0,1.8,100.0,/dl/web/weather/ic-w-04-scattered-clouds-full.svg,Cần Thơ,0.7830677115059321,0,-1.2215885886836328,0
2025-05-03 21:00:00+07:00,81.0,1.8,100.0,/dl/web/weather/ic-w-04-scattered-clouds-full.svg,Cần Thơ,0.7830677115059321,0,-1.2215885886836328,0
2025-05-03 22:00:00+07:00,81.0,7.4,100.0,/dl/web/weather/ic-w-04-scattered-clouds-full.svg,Cần Thơ,0.7830677115059321,0,-0.40014460002836255,0
2025-05-03 23:00:00+07:00,120.0,7.4,100.0,/dl/web/weather/ic-w-04-scattered-clouds-full.svg,Cần Thơ,2.406455575294376,0,-0.40014460002836255,0
2025-05-04 00:00:00+07:00,120.0,9.2,100.0,/dl/web/weather/ic-w-04-scattered-clouds-full.svg,Cần Thơ,2.406455575294376,0,-0.1361090322463115,0
2025-05-04 01:00:00+07:00,120.0,0.0,100.0,/dl/web/weather/ic-w-11-night-few-clouds-full.svg,Cần Thơ,2.406455575294376,0,-1.4856241564656842,0
2025-05-04 02:00:00+07:00,153.0,0.0,100.0,/dl/web/weather/ic-w-11-night-few-clouds-full.svg,Cần Thơ,3.780091460038444,-1,-1.4856241564656842,0
2025-05-04 03:00:00+07:00,153.0,1.8,100.0,/dl/web/weather/ic-w-11-night-few-clouds-full.svg,Cần Thơ,3.780091460038444,-1,-1.2215885886836328,0
2025-05-04 04:00:00+07:00,153.0,3.7,100.0,/dl/web/weather/ic-w-11-night-few-clouds-full.svg,Cần Thơ,3.780091460038444,-1,-0.9428843782470234,0
2025-05-04 05:00:00+07:00,120.0,3.7,100.0,/dl/web/weather/ic-w-11-night-few-clouds-full.svg,Cần Thơ,2.406455575294376,0,-0.9428843782470234,0
2025-05-04 06:00:00+07:00,120.0,1.8,100.0,/dl/web/weather/ic-w-11-night-few-clouds-full.svg,Cần Thơ,2.406455575294376,0,-1.2215885886836328,0
2025-05-04 07:00:00+07:00,120.0,3.7,100.0,/dl/web/weather/ic-w-02-new-clouds-full.svg,Cần Thơ,2.406455575294376,0,-0.9428843782470234,0
2025-05-04 08:00:00+07:00,96.0,3.7,94.0,/dl/web/weather/ic-w-02-new-clouds-full.svg,Cần Thơ,1.407447659116872,0,-0.9428843782470234,0
2025-05-04 09:00:00+07:00,96.0,5.5,89.0,/dl/web/weather/ic-w-04-scattered-clouds-full.svg,Cần Thơ,1.407447659116872,0,-0.6788488104649723,0
2025-05-04 10:00:00+07:00,96.0,7.4,84.0,/dl/web/weather/ic-w-04-scattered-clouds-full.svg,Cần Thơ,1.407447659116872,0,-0.40014460002836255,0
2025-05-04 11:00:00+07:00,69.0,5.5,74.0,/dl/web/weather/ic-w-04-scattered-clouds-full.svg,Cần Thơ,0.28356375341718015,0,-0.6788488104649723,0
2025-05-04 12:00:00+07:00,69.0,5.5,74.0,/dl/web/weather/ic-w-04-scattered-clouds-full.svg,Cần Thơ,0.28356375341718015,0,-0.6788488104649723,0
2025-05-04 13:00:00+07:00,69.0,7.4,74.0,/dl/web/weather/ic-w-07-thunderstorms-full.svg,Cần Thơ,0.28356375341718015,0,-0.40014460002836255,0
2025-05-04 14:00:00+07:00,58.0,7.4,74.0,/dl/web/weather/ic-w-07-thunderstorms-full.svg,Cần Thơ,-0.1743148748308425,0,-0.40014460002836255,0
2025-05-04 15:00:00+07:00,58.0,3.7,100.0,/dl/web/weather/ic-w-07-thunderstorms-full.svg,Cần Thơ,-0.1743148748308425,0,-0.9428843782470234,0
2025-05-04 16:00:00+07:00,58.0,5.5,100.0,/dl/web/weather/ic-w-06-rain-full.svg,Cần Thơ,-0.1743148748308425,0,-0.6788488104649723,0
2025-05-04 17:00:00+07:00,59.0,3.7,100.0,/dl/web/weather/ic-w-04-scattered-clouds-full.svg,Cần Thơ,-0.13268954499011315,0,-0.9428843782470234,0
2025-05-04 19:00:00+07:00,59.0,1.8,100.0,/dl/web/weather/ic-w-04-scattered-clouds-full.svg,Cần Thơ,-0.13268954499011315,0,-1.2215885886836328,0
2025-05-04 20:00:00+07:00,82.0,1.8,100.0,/dl/web/weather/ic-w-04-scattered-clouds-full.svg,Cần Thơ,0.8246930413466614,0,-1.2215885886836328,0
2025-05-04 21:00:00+07:00,82.0,1.8,100.0,/dl/web/weather/ic-w-04-scattered-clouds-full.svg,Cần Thơ,0.8246930413466614,0,-1.2215885886836328,0
2025-05-04 22:00:00+07:00,82.0,3.7,100.0,/dl/web/weather/ic-w-04-scattered-clouds-full.svg,Cần Thơ,0.8246930413466614,0,-0.9428843782470234,0
2025-05-04 23:00:00+07:00,108.0,3.7,100.0,/dl/web/weather/ic-w-04-scattered-clouds-full.svg,Cần Thơ,1.906951617205624,0,-0.9428843782470234,0
2025-05-05 00:00:00+07:00,108.0,0.0,100.0,/dl/web/weather/ic-w-04-scattered-clouds-full.svg,Cần Thơ,1.906951617205624,0,-1.4856241564656842,0
2025-05-05 01:00:00+07:00,108.0,0.0,100.0,/dl/web/weather/ic-w-04-scattered-clouds-full.svg,Cần Thơ,1.906951617205624,0,-1.4856241564656842,0
2025-05-05 02:00:00+07:00,103.0,1.8,100.0,/dl/web/weather/ic-w-04-scattered-clouds-full.svg,Cần Thơ,1.6988249680019774,0,-1.2215885886836328,0
2025-05-05 03:00:00+07:00,103.0,1.8,100.0,/dl/web/weather/ic-w-04-scattered-clouds-full.svg,Cần Thơ,1.6988249680019774,0,-1.2215885886836328,0
2025-05-05 04:00:00+07:00,103.0,1.8,100.0,/dl/web/weather/ic-w-04-scattered-clouds-full.svg,Cần Thơ,1.6988249680019774,0,-1.2215885886836328,0
2025-05-05 05:00:00+07:00,121.0,0.0,100.0,/dl/web/weather/ic-w-09-mist-full.svg,Cần Thơ,2.4480809051351056,0,-1.4856241564656842,0
2025-05-05 06:00:00+07:00,121.0,0.0,100.0,/dl/web/weather/ic-w-09-mist-full.svg,Cần Thơ,2.4480809051351056,0,-1.4856241564656842,0
2025-05-05 07:00:00+07:00,121.0,0.0,94.0,/dl/web/weather/ic-w-02-new-clouds-full.svg,Cần Thơ,2.4480809051351056,0,-1.4856241564656842,0
2025-05-05 08:00:00+07:00,127.0,7.4,89.0,/dl/web/weather/ic-w-02-new-clouds-full.svg,Cần Thơ,2.697832884179481,0,-0.40014460002836255,0
2025-05-05 09:00:00+07:00,127.0,11.1,84.0,/dl/web/weather/ic-w-04-scattered-clouds-full.svg,Cần Thơ,2.697832884179481,0,0.14259517819029818,0
2025-05-05 10:00:00+07:00,127.0,11.1,79.0,/dl/web/weather/ic-w-04-scattered-clouds-full.svg,Cần Thơ,2.697832884179481,0,0.14259517819029818,0
2025-05-05 11:00:00+07:00,64.0,7.4,70.0,/dl/web/weather/ic-w-04-scattered-clouds-full.svg,Cần Thơ,0.07543710421353352,0,-0.40014460002836255,0
2025-05-05 12:00:00+07:00,64.0,7.4,70.0,/dl/web/weather/ic-w-04-scattered-clouds-full.svg,Cần Thơ,0.07543710421353352,0,-0.40014460002836255,0
2025-05-05 13:00:00+07:00,64.0,5.5,66.0,/dl/web/weather/ic-w-04-scattered-clouds-full.svg,Cần Thơ,0.07543710421353352,0,-0.6788488104649723,0
2025-05-05 14:00:00+07:00,57.0,9.2,89.0,/dl/web/weather/ic-w-07-thunderstorms-full.svg,Cần Thơ,-0.2159402046715718,0,-0.1361090322463115,0
2025-05-05 15:00:00+07:00,57.0,7.4,94.0,/dl/web/weather/ic-w-04-scattered-clouds-full.svg,Cần Thơ,-0.2159402046715718,0,-0.40014460002836255,0
2025-05-05 16:00:00+07:00,57.0,11.1,100.0,/dl/web/weather/ic-w-07-thunderstorms-full.svg,Cần Thơ,-0.2159402046715718,0,0.14259517819029818,0
2025-05-05 17:00:00+07:00,63.0,1.8,100.0,/dl/web/weather/ic-w-06-rain-full.svg,Cần Thơ,0.03381177437280418,0,-1.2215885886836328,0
2025-05-05 18:00:00+07:00,63.0,1.8,100.0,/dl/web/weather/ic-w-06-rain-full.svg,Cần Thơ,0.03381177437280418,0,-1.2215885886836328,0
2025-05-05 19:00:00+07:00,63.0,0.0,100.0,/dl/web/weather/ic-w-04-scattered-clouds-full.svg,Cần Thơ,0.03381177437280418,0,-1.4856241564656842,0
2025-05-05 20:00:00+07:00,78.0,3.7,100.0,/dl/web/weather/ic-w-04-scattered-clouds-full.svg,Cần Thơ,0.6581917219837441,0,-0.9428843782470234,0
2025-05-05 21:00:00+07:00,78.0,0.0,100.0,/dl/web/weather/ic-w-04-scattered-clouds-full.svg,Cần Thơ,0.6581917219837441,0,-1.4856241564656842,0
2025-05-05 22:00:00+07:00,78.0,1.8,100.0,/dl/web/weather/ic-w-04-scattered-clouds-full.svg,Cần Thơ,0.6581917219837441,0,-1.2215885886836328,0
2025-05-05 23:00:00+07:00,102.0,0.0,100.0,/dl/web/weather/ic-w-04-scattered-clouds-full.svg,Cần Thơ,1.6571996381612482,0,-1.4856241564656842,0
2025-05-06 00:00:00+07:00,102.0,0.0,100.0,/dl/web/weather/ic-w-04-scattered-clouds-full.svg,Cần Thơ,1.6571996381612482,0,-1.4856241564656842,0
2025-05-06 01:00:00+07:00,102.0,1.8,100.0,/dl/web/weather/ic-w-11-night-few-clouds-full.svg,Cần Thơ,1.6571996381612482,0,-1.2215885886836328,0
2025-05-06 02:00:00+07:00,124.0,0.0,100.0,/dl/web/weather/ic-w-11-night-few-clouds-full.svg,Cần Thơ,2.572956894657293,0,-1.4856241564656842,0
2025-05-06 03:00:00+07:00,124.0,1.8,100.0,/dl/web/weather/ic-w-11-night-few-clouds-full.svg,Cần Thơ,2.572956894657293,0,-1.2215885886836328,0
2025-05-06 04:00:00+07:00,124.0,3.7,100.0,/dl/web/weather/ic-w-11-night-few-clouds-full.svg,Cần Thơ,2.572956894657293,0,-0.9428843782470234,0
2025-05-06 05:00:00+07:00,152.0,0.0,100.0,/dl/web/weather/ic-w-11-night-few-clouds-full.svg,Cần Thơ,3.7384661301977147,-1,-1.4856241564656842,0
2025-05-06 06:00:00+07:00,152.0,0.0,100.0,/dl/web/weather/ic-w-11-night-few-clouds-full.svg,Cần Thơ,3.7384661301977147,-1,-1.4856241564656842,0
2025-05-06 07:00:00+07:00,152.0,3.7,100.0,/dl/web/weather/ic-w-04-scattered-clouds-full.svg,Cần Thơ,3.7384661301977147,-1,-0.9428843782470234,0
2025-05-06 08:00:00+07:00,128.0,3.7,89.0,/dl/web/weather/ic-w-04-scattered-clouds-full.svg,Cần Thơ,2.739458214020211,0,-0.9428843782470234,0
2025-05-06 09:00:00+07:00,128.0,7.4,79.0,/dl/web/weather/ic-w-04-scattered-clouds-full.svg,Cần Thơ,2.739458214020211,0,-0.40014460002836255,0
2025-05-06 10:00:00+07:00,128.0,9.2,84.0,/dl/web/weather/ic-w-04-scattered-clouds-full.svg,Cần Thơ,2.739458214020211,0,-0.1361090322463115,0
2025-05-06 11:00:00+07:00,70.0,9.2,70.0,/dl/web/weather/ic-w-06-rain-full.svg,Cần Thơ,0.3251890832579095,0,-0.1361090322463115,0
2025-05-06 12:00:00+07:00,70.0,7.4,74.0,/dl/web/weather/ic-w-04-scattered-clouds-full.svg,Cần Thơ,0.3251890832579095,0,-0.40014460002836255,0
2025-05-06 13:00:00+07:00,70.0,9.2,74.0,/dl/web/weather/ic-w-04-scattered-clouds-full.svg,Cần Thơ,0.3251890832579095,0,-0.1361090322463115,0
2025-05-06 14:00:00+07:00,63.0,9.2,74.0,/dl/web/weather/ic-w-04-scattered-clouds-full.svg,Cần Thơ,0.03381177437280418,0,-0.1361090322463115,0
2025-05-06 15:00:00+07:00,63.0,16.7,74.0,/dl/web/weather/ic-w-04-scattered-clouds-full.svg,Cần Thơ,0.03381177437280418,0,0.9640391668455686,0
2025-05-06 16:00:00+07:00,63.0,14.8,66.0,/dl/web/weather/ic-w-04-scattered-clouds-full.svg,Cần Thơ,0.03381177437280418,0,0.6853349564089591,0
2025-05-06 17:00:00+07:00,63.0,9.2,74.0,/dl/web/weather/ic-w-02-new-clouds-full.svg,Cần Thơ,0.03381177437280418,0,-0.1361090322463115,0
2025-05-06 18:00:00+07:00,63.0,1.8,79.0,/dl/web/weather/ic-w-04-scattered-clouds-full.svg,Cần Thơ,0.03381177437280418,0,-1.2215885886836328,0
2025-05-06 19:00:00+07:00,63.0,0.0,94.0,/dl/web/weather/ic-w-07-thunderstorms-full.svg,Cần Thơ,0.03381177437280418,0,-1.4856241564656842,0
2025-05-06 20:00:00+07:00,80.0,5.5,94.0,/dl/web/weather/ic-w-04-scattered-clouds-full.svg,Cần Thơ,0.7414423816652028,0,-0.6788488104649723,0
2025-05-06 21:00:00+07:00,80.0,3.7,94.0,/dl/web/weather/ic-w-04-scattered-clouds-full.svg,Cần Thơ,0.7414423816652028,0,-0.9428843782470234,0
2025-05-06 22:00:00+07:00,80.0,3.7,100.0,/dl/web/weather/ic-w-04-scattered-clouds-full.svg,Cần Thơ,0.7414423816652028,0,-0.9428843782470234,0
2025-05-06 23:00:00+07:00,90.0,1.8,100.0,/dl/web/weather/ic-w-04-scattered-clouds-full.svg,Cần Thơ,1.157695680072496,0,-1.2215885886836328,0
2025-05-07 00:00:00+07:00,90.0,5.5,100.0,/dl/web/weather/ic-w-04-scattered-clouds-full.svg,Cần Thơ,1.157695680072496,0,-0.6788488104649723,0
2025-05-07 01:00:00+07:00,90.0,1.8,100.0,/dl/web/weather/ic-w-04-scattered-clouds-full.svg,Cần Thơ,1.157695680072496,0,-1.2215885886836328,0
2025-05-07 02:00:00+07:00,94.0,1.8,100.0,/dl/web/weather/ic-w-04-scattered-clouds-full.svg,Cần Thơ,1.3241969994354135,0,-1.2215885886836328,0
2025-05-07 03:00:00+07:00,94.0,0.0,100.0,/dl/web/weather/ic-w-04-scattered-clouds-full.svg,Cần Thơ,1.3241969994354135,0,-1.4856241564656842,0
2025-05-07 04:00:00+07:00,94.0,1.8,100.0,/dl/web/weather/ic-w-04-scattered-clouds-full.svg,Cần Thơ,1.3241969994354135,0,-1.2215885886836328,0
2025-05-07 05:00:00+07:00,88.0,1.8,100.0,/dl/web/weather/ic-w-04-scattered-clouds-full.svg,Cần Thơ,1.0744450203910374,0,-1.2215885886836328,0
2025-05-07 06:00:00+07:00,88.0,1.8,100.0,/dl/web/weather/ic-w-02-new-clouds-full.svg,Cần Thơ,1.0744450203910374,0,-1.2215885886836328,0
2025-05-07 07:00:00+07:00,88.0,1.8,100.0,/dl/web/weather/ic-w-02-new-clouds-full.svg,Cần Thơ,1.0744450203910374,0,-1.2215885886836328,0
2025-05-07 08:00:00+07:00,94.0,11.1,94.0,/dl/web/weather/ic-w-06-rain-full.svg,Cần Thơ,1.3241969994354135,0,0.14259517819029818,0
2025-05-07 09:00:00+07:00,94.0,11.1,84.0,/dl/web/weather/ic-w-02-new-clouds-full.svg,Cần Thơ,1.3241969994354135,0,0.14259517819029818,0
2025-05-07 10:00:00+07:00,94.0,13.0,74.0,/dl/web/weather/ic-w-04-scattered-clouds-full.svg,Cần Thơ,1.3241969994354135,0,0.42129938862690786,0
2025-05-07 11:00:00+07:00,64.0,14.8,66.0,/dl/web/weather/ic-w-04-scattered-clouds-full.svg,Cần Thơ,0.07543710421353352,0,0.6853349564089591,0
2025-05-07 12:00:00+07:00,64.0,13.0,62.0,/dl/web/weather/ic-w-04-scattered-clouds-full.svg,Cần Thơ,0.07543710421353352,0,0.42129938862690786,0
2025-05-07 13:00:00+07:00,64.0,13.0,66.0,/dl/web/weather/ic-w-04-scattered-clouds-full.svg,Cần Thơ,0.07543710421353352,0,0.42129938862690786,0
2025-05-07 14:00:00+07:00,61.0,11.1,66.0,/dl/web/weather/ic-w-04-scattered-clouds-full.svg,Cần Thơ,-0.049438885308654486,0,0.14259517819029818,0
2025-05-07 15:00:00+07:00,61.0,7.4,70.0,/dl/web/weather/ic-w-06-rain-full.svg,Cần Thơ,-0.049438885308654486,0,-0.40014460002836255,0
2025-05-07 16:00:00+07:00,61.0,7.4,79.0,/dl/web/weather/ic-w-04-scattered-clouds-full.svg,Cần Thơ,-0.049438885308654486,0,-0.40014460002836255,0
2025-05-07 17:00:00+07:00,43.0,13.0,79.0,/dl/web/weather/ic-w-02-new-clouds-full.svg,Cần Thơ,-0.7986948224417825,0,0.42129938862690786,0
2025-05-07 18:00:00+07:00,43.0,13.0,79.0,/dl/web/weather/ic-w-02-new-clouds-full.svg,Cần Thơ,-0.7986948224417825,0,0.42129938862690786,0
2025-05-07 19:00:00+07:00,43.0,5.5,89.0,/dl/web/weather/ic-w-12-night-rain-full.svg,Cần Thơ,-0.7986948224417825,0,-0.6788488104649723,0
2025-05-07 20:00:00+07:00,72.0,5.5,94.0,/dl/web/weather/ic-w-12-night-rain-full.svg,Cần Thơ,0.40843974293936813,0,-0.6788488104649723,0
2025-05-07 21:00:00+07:00,72.0,5.5,94.0,/dl/web/weather/ic-w-12-night-rain-full.svg,Cần Thơ,0.40843974293936813,0,-0.6788488104649723,0
2025-05-07 22:00:00+07:00,72.0,3.7,100.0,/dl/web/weather/ic-w-12-night-rain-full.svg,Cần Thơ,0.40843974293936813,0,-0.9428843782470234,0
2025-05-07 23:00:00+07:00,88.0,3.7,100.0,/dl/web/weather/ic-w-12-night-rain-full.svg,Cần Thơ,1.0744450203910374,0,-0.9428843782470234,0
2025-05-08 00:00:00+07:00,88.0,3.7,100.0,/dl/web/weather/ic-w-12-night-rain-full.svg,Cần Thơ,1.0744450203910374,0,-0.9428843782470234,0
2025-05-08 01:00:00+07:00,88.0,3.7,100.0,/dl/web/weather/ic-w-12-night-rain-full.svg,Cần Thơ,1.0744450203910374,0,-0.9428843782470234,0
2025-05-08 02:00:00+07:00,101.0,1.8,100.0,/dl/web/weather/ic-w-12-night-rain-full.svg,Cần Thơ,1.6155743083205187,0,-1.2215885886836328,0
2025-05-08 03:00:00+07:00,101.0,1.8,100.0,/dl/web/weather/ic-w-12-night-rain-full.svg,Cần Thơ,1.6155743083205187,0,-1.2215885886836328,0
2025-05-08 04:00:00+07:00,101.0,1.8,100.0,/dl/web/weather/ic-w-12-night-rain-full.svg,Cần Thơ,1.6155743083205187,0,-1.2215885886836328,0
2025-05-08 05:00:00+07:00,107.0,0.0,100.0,/dl/web/weather/ic-w-12-night-rain-full.svg,Cần Thơ,1.8653262873648948,0,-1.4856241564656842,0
2025-05-08 06:00:00+07:00,107.0,1.8,100.0,/dl/web/weather/ic-w-06-rain-full.svg,Cần Thơ,1.8653262873648948,0,-1.2215885886836328,0
2025-05-08 07:00:00+07:00,107.0,1.8,100.0,/dl/web/weather/ic-w-06-rain-full.svg,Cần Thơ,1.8653262873648948,0,-1.2215885886836328,0
2025-05-08 08:00:00+07:00,107.0,9.2,94.0,/dl/web/weather/ic-w-06-rain-full.svg,Cần Thơ,1.8653262873648948,0,-0.1361090322463115,0
2025-05-08 09:00:00+07:00,107.0,14.8,84.0,/dl/web/weather/ic-w-02-new-clouds-full.svg,Cần Thơ,1.8653262873648948,0,0.6853349564089591,0
2025-05-08 10:00:00+07:00,107.0,14.8,70.0,/dl/web/weather/ic-w-02-new-clouds-full.svg,Cần Thơ,1.8653262873648948,0,0.6853349564089591,0
2025-05-08 11:00:00+07:00,66.0,16.7,70.0,/dl/web/weather/ic-w-04-scattered-clouds-full.svg,Cần Thơ,0.15868776389499217,0,0.9640391668455686,0
2025-05-08 12:00:00+07:00,66.0,16.7,70.0,/dl/web/weather/ic-w-04-scattered-clouds-full.svg,Cần Thơ,0.15868776389499217,0,0.9640391668455686,0
2025-05-08 13:00:00+07:00,66.0,16.7,66.0,/dl/web/weather/ic-w-04-scattered-clouds-full.svg,Cần Thơ,0.15868776389499217,0,0.9640391668455686,0
2025-05-08 14:00:00+07:00,62.0,14.8,66.0,/dl/web/weather/ic-w-04-scattered-clouds-full.svg,Cần Thơ,-0.007813555467925153,0,0.6853349564089591,0
2025-05-08 15:00:00+07:00,62.0,14.8,62.0,/dl/web/weather/ic-w-04-scattered-clouds-full.svg,Cần Thơ,-0.007813555467925153,0,0.6853349564089591,0
2025-05-08 16:00:00+07:00,62.0,14.8,62.0,/dl/web/weather/ic-w-04-scattered-clouds-full.svg,Cần Thơ,-0.007813555467925153,0,0.6853349564089591,0
2025-05-08 17:00:00+07:00,64.0,14.8,70.0,/dl/web/weather/ic-w-04-scattered-clouds-full.svg,Cần Thơ,0.07543710421353352,0,0.6853349564089591,0
2025-05-08 18:00:00+07:00,64.0,14.8,70.0,/dl/web/weather/ic-w-04-scattered-clouds-full.svg,Cần Thơ,0.07543710421353352,0,0.6853349564089591,0
2025-05-08 19:00:00+07:00,64.0,11.1,89.0,/dl/web/weather/ic-w-11-night-few-clouds-full.svg,Cần Thơ,0.07543710421353352,0,0.14259517819029818,0
2025-05-08 20:00:00+07:00,79.0,7.4,94.0,/dl/web/weather/ic-w-11-night-few-clouds-full.svg,Cần Thơ,0.6998170518244735,0,-0.40014460002836255,0
2025-05-08 21:00:00+07:00,79.0,7.4,94.0,/dl/web/weather/ic-w-11-night-few-clouds-full.svg,Cần Thơ,0.6998170518244735,0,-0.40014460002836255,0
2025-05-08 22:00:00+07:00,79.0,5.5,94.0,/dl/web/weather/ic-w-11-night-few-clouds-full.svg,Cần Thơ,0.6998170518244735,0,-0.6788488104649723,0
2025-05-08 23:00:00+07:00,85.0,5.5,94.0,/dl/web/weather/ic-w-11-night-few-clouds-full.svg,Cần Thơ,0.9495690308688495,0,-0.6788488104649723,0
2025-05-09 00:00:00+07:00,85.0,5.5,100.0,/dl/web/weather/ic-w-11-night-few-clouds-full.svg,Cần Thơ,0.9495690308688495,0,-0.6788488104649723,0
2025-05-09 01:00:00+07:00,85.0,5.5,100.0,/dl/web/weather/ic-w-11-night-few-clouds-full.svg,Cần Thơ,0.9495690308688495,0,-0.6788488104649723,0
2025-05-09 02:00:00+07:00,82.0,5.5,100.0,/dl/web/weather/ic-w-11-night-few-clouds-full.svg,Cần Thơ,0.8246930413466614,0,-0.6788488104649723,0
2025-05-09 03:00:00+07:00,82.0,5.5,100.0,/dl/web/weather/ic-w-11-night-few-clouds-full.svg,Cần Thơ,0.8246930413466614,0,-0.6788488104649723,0
2025-05-09 04:00:00+07:00,82.0,5.5,100.0,/dl/web/weather/ic-w-11-night-few-clouds-full.svg,Cần Thơ,0.8246930413466614,0,-0.6788488104649723,0
2025-05-09 05:00:00+07:00,92.0,5.5,100.0,/dl/web/weather/ic-w-11-night-few-clouds-full.svg,Cần Thơ,1.2409463397539549,0,-0.6788488104649723,0
2025-05-09 06:00:00+07:00,92.0,3.7,100.0,/dl/web/weather/ic-w-02-new-clouds-full.svg,Cần Thơ,1.2409463397539549,0,-0.9428843782470234,0
2025-05-09 07:00:00+07:00,92.0,3.7,94.0,/dl/web/weather/ic-w-02-new-clouds-full.svg,Cần Thơ,1.2409463397539549,0,-0.9428843782470234,0
2025-05-09 08:00:00+07:00,97.0,9.2,84.0,/dl/web/weather/ic-w-02-new-clouds-full.svg,Cần Thơ,1.4490729889576015,0,-0.1361090322463115,0
2025-05-09 09:00:00+07:00,97.0,11.1,84.0,/dl/web/weather/ic-w-04-scattered-clouds-full.svg,Cần Thơ,1.4490729889576015,0,0.14259517819029818,0
2025-05-09 10:00:00+07:00,97.0,11.1,79.0,/dl/web/weather/ic-w-04-scattered-clouds-full.svg,Cần Thơ,1.4490729889576015,0,0.14259517819029818,0
2025-05-09 11:00:00+07:00,70.0,13.0,66.0,/dl/web/weather/ic-w-04-scattered-clouds-full.svg,Cần Thơ,0.3251890832579095,0,0.42129938862690786,0
2025-05-09 12:00:00+07:00,70.0,9.2,70.0,/dl/web/weather/ic-w-04-scattered-clouds-full.svg,Cần Thơ,0.3251890832579095,0,-0.1361090322463115,0
2025-05-09 13:00:00+07:00,70.0,11.1,70.0,/dl/web/weather/ic-w-04-scattered-clouds-full.svg,Cần Thơ,0.3251890832579095,0,0.14259517819029818,0
2025-05-09 14:00:00+07:00,67.0,16.7,66.0,/dl/web/weather/ic-w-04-scattered-clouds-full.svg,Cần Thơ,0.2003130937357215,0,0.9640391668455686,0
2025-05-09 15:00:00+07:00,67.0,13.0,70.0,/dl/web/weather/ic-w-04-scattered-clouds-full.svg,Cần Thơ,0.2003130937357215,0,0.42129938862690786,0
2025-05-09 16:00:00+07:00,67.0,16.7,74.0,/dl/web/weather/ic-w-04-scattered-clouds-full.svg,Cần Thơ,0.2003130937357215,0,0.9640391668455686,0
2025-05-09 17:00:00+07:00,68.0,7.4,70.0,/dl/web/weather/ic-w-04-scattered-clouds-full.svg,Cần Thơ,0.24193842357645082,0,-0.40014460002836255,0
2025-05-09 18:00:00+07:00,68.0,14.8,74.0,/dl/web/weather/ic-w-02-new-clouds-full.svg,Cần Thơ,0.24193842357645082,0,0.6853349564089591,0
2025-05-09 19:00:00+07:00,68.0,9.2,84.0,/dl/web/weather/ic-w-11-night-few-clouds-full.svg,Cần Thơ,0.24193842357645082,0,-0.1361090322463115,0
2025-05-09 20:00:00+07:00,89.0,9.2,89.0,/dl/web/weather/ic-w-12-night-rain-full.svg,Cần Thơ,1.1160703502317668,0,-0.1361090322463115,0
2025-05-09 21:00:00+07:00,89.0,9.2,94.0,/dl/web/weather/ic-w-11-night-few-clouds-full.svg,Cần Thơ,1.1160703502317668,0,-0.1361090322463115,0
2025-05-09 22:00:00+07:00,89.0,9.2,94.0,/dl/web/weather/ic-w-11-night-few-clouds-full.svg,Cần Thơ,1.1160703502317668,0,-0.1361090322463115,0
2025-05-09 23:00:00+07:00,129.0,5.5,100.0,/dl/web/weather/ic-w-11-night-few-clouds-full.svg,Cần Thơ,2.78108354386094,0,-0.6788488104649723,0
2025-05-10 00:00:00+07:00,129.0,5.5,100.0,/dl/web/weather/ic-w-11-night-few-clouds-full.svg,Cần Thơ,2.78108354386094,0,-0.6788488104649723,0
2025-05-10 01:00:00+07:00,129.0,7.4,100.0,/dl/web/weather/ic-w-11-night-few-clouds-full.svg,Cần Thơ,2.78108354386094,0,-0.40014460002836255,0
2025-05-10 02:00:00+07:00,114.0,7.4,100.0,/dl/web/weather/ic-w-11-night-few-clouds-full.svg,Cần Thơ,2.15670359625,0,-0.40014460002836255,0
2025-05-10 03:00:00+07:00,114.0,5.5,100.0,/dl/web/weather/ic-w-11-night-few-clouds-full.svg,Cần Thơ,2.15670359625,0,-0.6788488104649723,0
2025-05-10 04:00:00+07:00,114.0,5.5,100.0,/dl/web/weather/ic-w-11-night-few-clouds-full.svg,Cần Thơ,2.15670359625,0,-0.6788488104649723,0
2025-05-10 05:00:00+07:00,87.0,5.5,94.0,/dl/web/weather/ic-w-12-night-rain-full.svg,Cần Thơ,1.0328196905503082,0,-0.6788488104649723,0
2025-05-10 06:00:00+07:00,87.0,5.5,94.0,/dl/web/weather/ic-w-12-night-rain-full.svg,Cần Thơ,1.0328196905503082,0,-0.6788488104649723,0
2025-05-10 07:00:00+07:00,87.0,3.7,94.0,/dl/web/weather/ic-w-06-rain-full.svg,Cần Thơ,1.0328196905503082,0,-0.9428843782470234,0
2025-05-10 08:00:00+07:00,84.0,3.7,94.0,/dl/web/weather/ic-w-06-rain-full.svg,Cần Thơ,0.9079437010281202,0,-0.9428843782470234,0
2025-05-10 09:00:00+07:00,84.0,3.7,89.0,/dl/web/weather/ic-w-06-rain-full.svg,Cần Thơ,0.9079437010281202,0,-0.9428843782470234,0
2025-05-10 10:00:00+07:00,84.0,20.4,89.0,/dl/web/weather/ic-w-06-rain-full.svg,Cần Thơ,0.9079437010281202,0,1.5067789450642293,0
2025-05-10 11:00:00+07:00,66.0,16.7,100.0,/dl/web/weather/ic-w-06-rain-full.svg,Cần Thơ,0.15868776389499217,0,0.9640391668455686,0
2025-05-10 12:00:00+07:00,66.0,16.7,100.0,/dl/web/weather/ic-w-06-rain-full.svg,Cần Thơ,0.15868776389499217,0,0.9640391668455686,0
2025-05-10 13:00:00+07:00,66.0,13.0,100.0,/dl/web/weather/ic-w-07-thunderstorms-full.svg,Cần Thơ,0.15868776389499217,0,0.42129938862690786,0
2025-05-10 14:00:00+07:00,68.0,3.7,100.0,/dl/web/weather/ic-w-06-rain-full.svg,Cần Thơ,0.24193842357645082,0,-0.9428843782470234,0
2025-05-10 15:00:00+07:00,68.0,5.5,83.0,/dl/web/weather/ic-w-04-scattered-clouds-full.svg,Cần Thơ,0.24193842357645082,0,-0.6788488104649723,0
2025-05-10 16:00:00+07:00,68.0,3.7,84.0,/dl/web/weather/ic-w-06-rain-full.svg,Cần Thơ,0.24193842357645082,0,-0.9428843782470234,0
2025-05-10 17:00:00+07:00,65.0,7.4,79.0,/dl/web/weather/ic-w-04-scattered-clouds-full.svg,Cần Thơ,0.11706243405426284,0,-0.40014460002836255,0
2025-05-10 18:00:00+07:00,65.0,7.4,79.0,/dl/web/weather/ic-w-04-scattered-clouds-full.svg,Cần Thơ,0.11706243405426284,0,-0.40014460002836255,0
2025-05-10 19:00:00+07:00,65.0,0.0,94.0,/dl/web/weather/ic-w-11-night-few-clouds-full.svg,Cần Thơ,0.11706243405426284,0,-1.4856241564656842,0
2025-05-10 20:00:00+07:00,88.0,5.5,94.0,/dl/web/weather/ic-w-11-night-few-clouds-full.svg,Cần Thơ,1.0744450203910374,0,-0.6788488104649723,0
2025-05-10 21:00:00+07:00,88.0,3.7,100.0,/dl/web/weather/ic-w-11-night-few-clouds-full.svg,Cần Thơ,1.0744450203910374,0,-0.9428843782470234,0
2025-05-10 22:00:00+07:00,88.0,1.8,100.0,/dl/web/weather/ic-w-11-night-few-clouds-full.svg,Cần Thơ,1.0744450203910374,0,-1.2215885886836328,0
2025-05-10 23:00:00+07:00,124.0,1.8,100.0,/dl/web/weather/ic-w-11-night-few-clouds-full.svg,Cần Thơ,2.572956894657293,0,-1.2215885886836328,0
2025-05-11 00:00:00+07:00,124.0,1.8,100.0,/dl/web/weather/ic-w-11-night-few-clouds-full.svg,Cần Thơ,2.572956894657293,0,-1.2215885886836328,0
2025-05-11 01:00:00+07:00,124.0,0.0,100.0,/dl/web/weather/ic-w-04-scattered-clouds-full.svg,Cần Thơ,2.572956894657293,0,-1.4856241564656842,0
2025-05-11 02:00:00+07:00,107.0,0.0,100.0,/dl/web/weather/ic-w-04-scattered-clouds-full.svg,Cần Thơ,1.8653262873648948,0,-1.4856241564656842,0
2025-05-11 03:00:00+07:00,107.0,0.0,100.0,/dl/web/weather/ic-w-04-scattered-clouds-full.svg,Cần Thơ,1.8653262873648948,0,-1.4856241564656842,0
2025-05-11 04:00:00+07:00,107.0,0.0,100.0,/dl/web/weather/ic-w-04-scattered-clouds-full.svg,Cần Thơ,1.8653262873648948,0,-1.4856241564656842,0
2025-05-11 05:00:00+07:00,76.0,1.8,100.0,/dl/web/weather/ic-w-04-scattered-clouds-full.svg,Cần Thơ,0.5749410623022855,0,-1.2215885886836328,0
2025-05-11 06:00:00+07:00,76.0,3.7,100.0,/dl/web/weather/ic-w-04-scattered-clouds-full.svg,Cần Thơ,0.5749410623022855,0,-0.9428843782470234,0
2025-05-11 07:00:00+07:00,76.0,3.7,100.0,/dl/web/weather/ic-w-04-scattered-clouds-full.svg,Cần Thơ,0.5749410623022855,0,-0.9428843782470234,0
2025-05-11 08:00:00+07:00,73.0,1.8,100.0,/dl/web/weather/ic-w-04-scattered-clouds-full.svg,Cần Thơ,0.4500650727800975,0,-1.2215885886836328,0
2025-05-11 09:00:00+07:00,73.0,5.5,94.0,/dl/web/weather/ic-w-04-scattered-clouds-full.svg,Cần Thơ,0.4500650727800975,0,-0.6788488104649723,0
2025-05-11 10:00:00+07:00,73.0,9.2,84.0,/dl/web/weather/ic-w-04-scattered-clouds-full.svg,Cần Thơ,0.4500650727800975,0,-0.1361090322463115,0
2025-05-11 11:00:00+07:00,62.0,7.4,70.0,/dl/web/weather/ic-w-04-scattered-clouds-full.svg,Cần Thơ,-0.007813555467925153,0,-0.40014460002836255,0
2025-05-11 12:00:00+07:00,62.0,5.5,66.0,/dl/web/weather/ic-w-04-scattered-clouds-full.svg,Cần Thơ,-0.007813555467925153,0,-0.6788488104649723,0
2025-05-11 13:00:00+07:00,62.0,5.5,66.0,/dl/web/weather/ic-w-04-scattered-clouds-full.svg,Cần Thơ,-0.007813555467925153,0,-0.6788488104649723,0
2025-05-11 14:00:00+07:00,62.0,7.4,59.0,/dl/web/weather/ic-w-04-scattered-clouds-full.svg,Cần Thơ,-0.007813555467925153,0,-0.40014460002836255,0
2025-05-11 15:00:00+07:00,62.0,7.4,62.0,/dl/web/weather/ic-w-04-scattered-clouds-full.svg,Cần Thơ,-0.007813555467925153,0,-0.40014460002836255,0
2025-05-11 16:00:00+07:00,62.0,16.7,62.0,/dl/web/weather/ic-w-04-scattered-clouds-full.svg,Cần Thơ,-0.007813555467925153,0,0.9640391668455686,0
2025-05-11 17:00:00+07:00,64.0,11.1,84.0,/dl/web/weather/ic-w-06-rain-full.svg,Cần Thơ,0.07543710421353352,0,0.14259517819029818,0
2025-05-11 18:00:00+07:00,64.0,7.4,89.0,/dl/web/weather/ic-w-06-rain-full.svg,Cần Thơ,0.07543710421353352,0,-0.40014460002836255,0
2025-05-11 19:00:00+07:00,64.0,1.8,89.0,/dl/web/weather/ic-w-12-night-rain-full.svg,Cần Thơ,0.07543710421353352,0,-1.2215885886836328,0
2025-05-11 20:00:00+07:00,81.0,13.0,100.0,/dl/web/weather/ic-w-12-night-rain-full.svg,Cần Thơ,0.7830677115059321,0,0.42129938862690786,0
2025-05-11 21:00:00+07:00,81.0,3.7,100.0,/dl/web/weather/ic-w-12-night-rain-full.svg,Cần Thơ,0.7830677115059321,0,-0.9428843782470234,0
2025-05-11 22:00:00+07:00,81.0,3.7,100.0,/dl/web/weather/ic-w-12-night-rain-full.svg,Cần Thơ,0.7830677115059321,0,-0.9428843782470234,0
2025-05-11 23:00:00+07:00,96.0,0.0,100.0,/dl/web/weather/ic-w-04-scattered-clouds-full.svg,Cần Thơ,1.407447659116872,0,-1.4856241564656842,0
2025-05-12 00:00:00+07:00,96.0,1.8,100.0,/dl/web/weather/ic-w-10-night-clear-sky-full.svg,Cần Thơ,1.407447659116872,0,-1.2215885886836328,0
2025-05-12 01:00:00+07:00,96.0,1.8,100.0,/dl/web/weather/ic-w-10-night-clear-sky-full.svg,Cần Thơ,1.407447659116872,0,-1.2215885886836328,0
2025-05-12 02:00:00+07:00,95.0,1.8,100.0,/dl/web/weather/ic-w-10-night-clear-sky-full.svg,Cần Thơ,1.3658223292761427,0,-1.2215885886836328,0
2025-05-12 03:00:00+07:00,95.0,1.8,100.0,/dl/web/weather/ic-w-10-night-clear-sky-full.svg,Cần Thơ,1.3658223292761427,0,-1.2215885886836328,0
2025-05-12 04:00:00+07:00,95.0,0.0,100.0,/dl/web/weather/ic-w-10-night-clear-sky-full.svg,Cần Thơ,1.3658223292761427,0,-1.4856241564656842,0
2025-05-12 05:00:00+07:00,103.0,0.0,100.0,/dl/web/weather/ic-w-10-night-clear-sky-full.svg,Cần Thơ,1.6988249680019774,0,-1.4856241564656842,0
2025-05-12 06:00:00+07:00,103.0,0.0,100.0,/dl/web/weather/ic-w-04-scattered-clouds-full.svg,Cần Thơ,1.6988249680019774,0,-1.4856241564656842,0
2025-05-12 07:00:00+07:00,103.0,0.0,100.0,/dl/web/weather/ic-w-02-new-clouds-full.svg,Cần Thơ,1.6988249680019774,0,-1.4856241564656842,0
2025-05-12 08:00:00+07:00,81.0,5.5,89.0,/dl/web/weather/ic-w-02-new-clouds-full.svg,Cần Thơ,0.7830677115059321,0,-0.6788488104649723,0
2025-05-12 09:00:00+07:00,81.0,5.5,84.0,/dl/web/weather/ic-w-04-scattered-clouds-full.svg,Cần Thơ,0.7830677115059321,0,-0.6788488104649723,0
2025-05-12 10:00:00+07:00,81.0,7.4,79.0,/dl/web/weather/ic-w-04-scattered-clouds-full.svg,Cần Thơ,0.7830677115059321,0,-0.40014460002836255,0
2025-05-12 11:00:00+07:00,66.0,3.7,66.0,/dl/web/weather/ic-w-04-scattered-clouds-full.svg,Cần Thơ,0.15868776389499217,0,-0.9428843782470234,0
2025-05-12 12:00:00+07:00,66.0,7.4,62.0,/dl/web/weather/ic-w-04-scattered-clouds-full.svg,Cần Thơ,0.15868776389499217,0,-0.40014460002836255,0
2025-05-12 13:00:00+07:00,66.0,13.0,70.0,/dl/web/weather/ic-w-04-scattered-clouds-full.svg,Cần Thơ,0.15868776389499217,0,0.42129938862690786,0
2025-05-12 14:00:00+07:00,67.0,16.7,74.0,/dl/web/weather/ic-w-04-scattered-clouds-full.svg,Cần Thơ,0.2003130937357215,0,0.9640391668455686,0
2025-05-12 15:00:00+07:00,67.0,9.2,89.0,/dl/web/weather/ic-w-06-rain-full.svg,Cần Thơ,0.2003130937357215,0,-0.1361090322463115,0
2025-05-12 16:00:00+07:00,67.0,11.1,89.0,/dl/web/weather/ic-w-06-rain-full.svg,Cần Thơ,0.2003130937357215,0,0.14259517819029818,0
2025-05-12 17:00:00+07:00,65.0,5.5,89.0,/dl/web/weather/ic-w-06-rain-full.svg,Cần Thơ,0.11706243405426284,0,-0.6788488104649723,0
2025-05-12 18:00:00+07:00,65.0,11.4,70.0,/dl/web/weather/ic-w-06-rain-full.svg,Cần Thơ,0.11706243405426284,0,0.1866011061539735,0
2025-05-12 19:00:00+07:00,65.0,8.7,74.0,/dl/web/weather/ic-w-04-scattered-clouds-full.svg,Cần Thơ,0.11706243405426284,0,-0.2094522455191035,0
2025-05-12 20:00:00+07:00,78.0,7.9,75.0,/dl/web/weather/ic-w-04-scattered-clouds-full.svg,Cần Thơ,0.6581917219837441,0,-0.3268013867555705,0
2025-05-12 21:00:00+07:00,78.0,7.6,76.0,/dl/web/weather/ic-w-12-night-rain-full.svg,Cần Thơ,0.6581917219837441,0,-0.37080731471924583,0
2025-05-12 22:00:00+07:00,78.0,7.7,79.0,/dl/web/weather/ic-w-04-scattered-clouds-full.svg,Cần Thơ,0.6581917219837441,0,-0.35613867206468736,0
2025-05-12 23:00:00+07:00,85.0,8.2,80.0,/dl/web/weather/ic-w-04-scattered-clouds-full.svg,Cần Thơ,0.9495690308688495,0,-0.2827954587918955,0
2025-05-13 00:00:00+07:00,85.0,8.2,80.0,/dl/web/weather/ic-w-04-scattered-clouds-full.svg,Cần Thơ,0.9495690308688495,0,-0.2827954587918955,0
2025-05-13 01:00:00+07:00,85.0,6.8,82.0,/dl/web/weather/ic-w-04-scattered-clouds-full.svg,Cần Thơ,0.9495690308688495,0,-0.48815645595571305,0
2025-05-13 02:00:00+07:00,86.0,6.6,82.0,/dl/web/weather/ic-w-04-scattered-clouds-full.svg,Cần Thơ,0.9911943607095788,0,-0.5174937412648298,0
2025-05-13 03:00:00+07:00,86.0,6.1,83.0,/dl/web/weather/ic-w-04-scattered-clouds-full.svg,Cần Thơ,0.9911943607095788,0,-0.5908369545376219,0
2025-05-13 04:00:00+07:00,86.0,6.1,83.0,/dl/web/weather/ic-w-04-scattered-clouds-full.svg,Cần Thơ,0.9911943607095788,0,-0.5908369545376219,0
2025-05-13 05:00:00+07:00,95.0,6.3,84.0,/dl/web/weather/ic-w-04-scattered-clouds-full.svg,Cần Thơ,1.3658223292761427,0,-0.561499669228505,0
2025-05-13 06:00:00+07:00,95.0,6.3,84.0,/dl/web/weather/ic-w-04-scattered-clouds-full.svg,Cần Thơ,1.3658223292761427,0,-0.561499669228505,0
2025-05-13 07:00:00+07:00,95.0,6.3,77.0,/dl/web/weather/ic-w-04-scattered-clouds-full.svg,Cần Thơ,1.3658223292761427,0,-0.561499669228505,0
2025-05-13 08:00:00+07:00,95.0,6.9,68.0,/dl/web/weather/ic-w-04-scattered-clouds-full.svg,Cần Thơ,1.3658223292761427,0,-0.4734878133011545,0
2025-05-13 09:00:00+07:00,95.0,6.6,60.0,/dl/web/weather/ic-w-04-scattered-clouds-full.svg,Cần Thơ,1.3658223292761427,0,-0.5174937412648298,0
2025-05-13 10:00:00+07:00,95.0,5.5,53.0,/dl/web/weather/ic-w-04-scattered-clouds-full.svg,Cần Thơ,1.3658223292761427,0,-0.6788488104649723,0
2025-05-13 11:00:00+07:00,71.0,5.1,48.0,/dl/web/weather/ic-w-04-scattered-clouds-full.svg,Cần Thơ,0.3668144130986388,0,-0.7375233810832059,0
2025-05-13 12:00:00+07:00,71.0,6.9,45.0,/dl/web/weather/ic-w-04-scattered-clouds-full.svg,Cần Thơ,0.3668144130986388,0,-0.4734878133011545,0
2025-05-13 13:00:00+07:00,71.0,5.5,42.0,/dl/web/weather/ic-w-04-scattered-clouds-full.svg,Cần Thơ,0.3668144130986388,0,-0.6788488104649723,0
2025-05-13 14:00:00+07:00,69.0,7.6,42.0,/dl/web/weather/ic-w-04-scattered-clouds-full.svg,Cần Thơ,0.28356375341718015,0,-0.37080731471924583,0
2025-05-13 15:00:00+07:00,69.0,5.3,49.0,/dl/web/weather/ic-w-04-scattered-clouds-full.svg,Cần Thơ,0.28356375341718015,0,-0.7081860957740891,0
2025-05-13 16:00:00+07:00,69.0,11.9,60.0,/dl/web/weather/ic-w-06-rain-full.svg,Cần Thơ,0.28356375341718015,0,0.2599443194267655,0
2025-05-13 17:00:00+07:00,69.0,15.1,72.0,/dl/web/weather/ic-w-06-rain-full.svg,Cần Thơ,0.28356375341718015,0,0.7293408843726342,0
2025-05-13 18:00:00+07:00,69.0,11.9,75.0,/dl/web/weather/ic-w-06-rain-full.svg,Cần Thơ,0.28356375341718015,0,0.2599443194267655,0
2025-05-13 19:00:00+07:00,69.0,9.8,78.0,/dl/web/weather/ic-w-12-night-rain-full.svg,Cần Thơ,0.28356375341718015,0,-0.04809717631896088,0
2025-05-13 20:00:00+07:00,80.0,9.3,76.0,/dl/web/weather/ic-w-12-night-rain-full.svg,Cần Thơ,0.7414423816652028,0,-0.12144038959175288,0
2025-05-13 21:00:00+07:00,80.0,9.3,76.0,/dl/web/weather/ic-w-12-night-rain-full.svg,Cần Thơ,0.7414423816652028,0,-0.12144038959175288,0
2025-05-13 22:00:00+07:00,80.0,7.7,80.0,/dl/web/weather/ic-w-04-scattered-clouds-full.svg,Cần Thơ,0.7414423816652028,0,-0.35613867206468736,0
2025-05-13 23:00:00+07:00,95.0,6.3,81.0,/dl/web/weather/ic-w-04-scattered-clouds-full.svg,Cần Thơ,1.3658223292761427,0,-0.561499669228505,0
2025-05-14 00:00:00+07:00,95.0,6.4,81.0,/dl/web/weather/ic-w-04-scattered-clouds-full.svg,Cần Thơ,1.3658223292761427,0,-0.5468310265739466,0
2025-05-14 01:00:00+07:00,95.0,7.6,82.0,/dl/web/weather/ic-w-04-scattered-clouds-full.svg,Cần Thơ,1.3658223292761427,0,-0.37080731471924583,0
2025-05-14 02:00:00+07:00,105.0,7.1,81.0,/dl/web/weather/ic-w-04-scattered-clouds-full.svg,Cần Thơ,1.782075627683436,0,-0.44415052799203786,0
2025-05-14 03:00:00+07:00,105.0,6.8,82.0,/dl/web/weather/ic-w-04-scattered-clouds-full.svg,Cần Thơ,1.782075627683436,0,-0.48815645595571305,0
2025-05-14 04:00:00+07:00,105.0,6.6,82.0,/dl/web/weather/ic-w-04-scattered-clouds-full.svg,Cần Thơ,1.782075627683436,0,-0.5174937412648298,0
2025-05-14 05:00:00+07:00,125.0,6.1,83.0,/dl/web/weather/ic-w-04-scattered-clouds-full.svg,Cần Thơ,2.614582224498023,0,-0.5908369545376219,0
2025-05-14 06:00:00+07:00,125.0,6.1,83.0,/dl/web/weather/ic-w-04-scattered-clouds-full.svg,Cần Thơ,2.614582224498023,0,-0.5908369545376219,0
2025-05-14 07:00:00+07:00,125.0,7.9,77.0,/dl/web/weather/ic-w-04-scattered-clouds-full.svg,Cần Thơ,2.614582224498023,0,-0.3268013867555705,0
2025-05-14 08:00:00+07:00,114.0,9.3,71.0,/dl/web/weather/ic-w-04-scattered-clouds-full.svg,Cần Thơ,2.15670359625,0,-0.12144038959175288,0
2025-05-14 09:00:00+07:00,114.0,10.8,64.0,/dl/web/weather/ic-w-04-scattered-clouds-full.svg,Cần Thơ,2.15670359625,0,0.09858925022662313,0
2025-05-14 10:00:00+07:00,114.0,10.8,56.0,/dl/web/weather/ic-w-04-scattered-clouds-full.svg,Cần Thơ,2.15670359625,0,0.09858925022662313,0
2025-05-14 11:00:00+07:00,69.0,8.5,51.0,/dl/web/weather/ic-w-04-scattered-clouds-full.svg,Cần Thơ,0.28356375341718015,0,-0.2387895308282202,0
2025-05-14 12:00:00+07:00,69.0,6.1,46.0,/dl/web/weather/ic-w-04-scattered-clouds-full.svg,Cần Thơ,0.28356375341718015,0,-0.5908369545376219,0
2025-05-14 13:00:00+07:00,69.0,5.8,43.0,/dl/web/weather/ic-w-04-scattered-clouds-full.svg,Cần Thơ,0.28356375341718015,0,-0.6348428825012971,0
2025-05-14 14:00:00+07:00,65.0,11.7,42.0,/dl/web/weather/ic-w-04-scattered-clouds-full.svg,Cần Thơ,0.11706243405426284,0,0.23060703411764852,0
2025-05-14 15:00:00+07:00,65.0,13.5,49.0,/dl/web/weather/ic-w-04-scattered-clouds-full.svg,Cần Thơ,0.11706243405426284,0,0.49464260189969983,0
2025-05-14 16:00:00+07:00,65.0,11.1,54.0,/dl/web/weather/ic-w-04-scattered-clouds-full.svg,Cần Thơ,0.11706243405426284,0,0.14259517819029818,0
2025-05-14 17:00:00+07:00,66.0,15.1,54.0,/dl/web/weather/ic-w-06-rain-full.svg,Cần Thơ,0.15868776389499217,0,0.7293408843726342,0
2025-05-14 18:00:00+07:00,66.0,15.1,54.0,/dl/web/weather/ic-w-06-rain-full.svg,Cần Thơ,0.15868776389499217,0,0.7293408843726342,0
2025-05-14 19:00:00+07:00,66.0,16.3,66.0,/dl/web/weather/ic-w-04-scattered-clouds-full.svg,Cần Thơ,0.15868776389499217,0,0.9053645962273352,0
2025-05-14 20:00:00+07:00,76.0,15.6,70.0,/dl/web/weather/ic-w-04-scattered-clouds-full.svg,Cần Thơ,0.5749410623022855,0,0.8026840976454263,0
2025-05-14 21:00:00+07:00,76.0,14.0,74.0,/dl/web/weather/ic-w-04-scattered-clouds-full.svg,Cần Thơ,0.5749410623022855,0,0.5679858151724918,0
2025-05-14 22:00:00+07:00,76.0,10.5,77.0,/dl/web/weather/ic-w-04-scattered-clouds-full.svg,Cần Thơ,0.5749410623022855,0,0.05458332226294783,0
2025-05-14 23:00:00+07:00,99.0,8.2,79.0,/dl/web/weather/ic-w-04-scattered-clouds-full.svg,Cần Thơ,1.5323236486390601,0,-0.2827954587918955,0
2025-05-15 00:00:00+07:00,99.0,6.4,81.0,/dl/web/weather/ic-w-04-scattered-clouds-full.svg,Cần Thơ,1.5323236486390601,0,-0.5468310265739466,0
2025-05-15 01:00:00+07:00,99.0,5.1,87.0,/dl/web/weather/ic-w-04-scattered-clouds-full.svg,Cần Thơ,1.5323236486390601,0,-0.7375233810832059,0
2025-05-15 02:00:00+07:00,142.0,5.6,82.0,/dl/web/weather/ic-w-04-scattered-clouds-full.svg,Cần Thơ,3.3222128317904214,-1,-0.6641801678104139,0
2025-05-15 03:00:00+07:00,142.0,5.6,82.0,/dl/web/weather/ic-w-04-scattered-clouds-full.svg,Cần Thơ,3.3222128317904214,-1,-0.6641801678104139,0
2025-05-15 04:00:00+07:00,142.0,5.1,85.0,/dl/web/weather/ic-w-04-scattered-clouds-full.svg,Cần Thơ,3.3222128317904214,-1,-0.7375233810832059,0
2025-05-15 05:00:00+07:00,153.0,6.3,86.0,/dl/web/weather/ic-w-04-scattered-clouds-full.svg,Cần Thơ,3.780091460038444,-1,-0.561499669228505,0
2025-05-15 06:00:00+07:00,153.0,6.3,86.0,/dl/web/weather/ic-w-04-scattered-clouds-full.svg,Cần Thơ,3.780091460038444,-1,-0.561499669228505,0
2025-05-15 07:00:00+07:00,153.0,5.3,77.0,/dl/web/weather/ic-w-04-scattered-clouds-full.svg,Cần Thơ,3.780091460038444,-1,-0.7081860957740891,0
2025-05-15 08:00:00+07:00,108.0,7.4,69.0,/dl/web/weather/ic-w-04-scattered-clouds-full.svg,Cần Thơ,1.906951617205624,0,-0.40014460002836255,0
2025-05-15 09:00:00+07:00,108.0,9.2,59.0,/dl/web/weather/ic-w-04-scattered-clouds-full.svg,Cần Thơ,1.906951617205624,0,-0.1361090322463115,0
2025-05-15 10:00:00+07:00,108.0,10.0,50.0,/dl/web/weather/ic-w-04-scattered-clouds-full.svg,Cần Thơ,1.906951617205624,0,-0.01875989100984418,0
2025-05-15 11:00:00+07:00,67.0,11.3,44.0,/dl/web/weather/ic-w-06-rain-full.svg,Cần Thơ,0.2003130937357215,0,0.17193246349941513,0
2025-05-15 12:00:00+07:00,67.0,11.6,45.0,/dl/web/weather/ic-w-06-rain-full.svg,Cần Thơ,0.2003130937357215,0,0.21593839146309018,0
2025-05-15 13:00:00+07:00,67.0,8.7,48.0,/dl/web/weather/ic-w-06-rain-full.svg,Cần Thơ,0.2003130937357215,0,-0.2094522455191035,0
2025-05-15 14:00:00+07:00,60.0,8.7,48.0,/dl/web/weather/ic-w-06-rain-full.svg,Cần Thơ,-0.09106421514938381,0,-0.2094522455191035,0
2025-05-15 15:00:00+07:00,60.0,5.8,52.0,/dl/web/weather/ic-w-06-rain-full.svg,Cần Thơ,-0.09106421514938381,0,-0.6348428825012971,0
2025-05-15 16:00:00+07:00,60.0,7.6,54.0,/dl/web/weather/ic-w-06-rain-full.svg,Cần Thơ,-0.09106421514938381,0,-0.37080731471924583,0
2025-05-15 17:00:00+07:00,66.0,7.6,54.0,/dl/web/weather/ic-w-06-rain-full.svg,Cần Thơ,0.15868776389499217,0,-0.37080731471924583,0
2025-05-15 18:00:00+07:00,66.0,12.1,59.0,/dl/web/weather/ic-w-06-rain-full.svg,Cần Thơ,0.15868776389499217,0,0.28928160473588216,0
2025-05-15 19:00:00+07:00,66.0,8.5,64.0,/dl/web/weather/ic-w-12-night-rain-full.svg,Cần Thơ,0.15868776389499217,0,-0.2387895308282202,0
2025-05-15 20:00:00+07:00,79.0,10.1,72.0,/dl/web/weather/ic-w-10-night-clear-sky-full.svg,Cần Thơ,0.6998170518244735,0,-0.00409124835528583,0
2025-05-15 21:00:00+07:00,79.0,9.3,75.0,/dl/web/weather/ic-w-12-night-rain-full.svg,Cần Thơ,0.6998170518244735,0,-0.12144038959175288,0
2025-05-15 22:00:00+07:00,79.0,7.7,78.0,/dl/web/weather/ic-w-10-night-clear-sky-full.svg,Cần Thơ,0.6998170518244735,0,-0.35613867206468736,0
2025-05-15 23:00:00+07:00,121.0,8.0,81.0,/dl/web/weather/ic-w-11-night-few-clouds-full.svg,Cần Thơ,2.4480809051351056,0,-0.3121327441010122,0
2025-05-16 00:00:00+07:00,121.0,7.2,83.0,/dl/web/weather/ic-w-11-night-few-clouds-full.svg,Cần Thơ,2.4480809051351056,0,-0.4294818853374794,0
2025-05-16 01:00:00+07:00,121.0,7.4,84.0,/dl/web/weather/ic-w-04-scattered-clouds-full.svg,Cần Thơ,2.4480809051351056,0,-0.40014460002836255,0
2025-05-16 02:00:00+07:00,110.0,8.0,83.0,/dl/web/weather/ic-w-04-scattered-clouds-full.svg,Cần Thơ,1.9902022768870826,0,-0.3121327441010122,0
2025-05-16 03:00:00+07:00,110.0,8.2,84.0,/dl/web/weather/ic-w-04-scattered-clouds-full.svg,Cần Thơ,1.9902022768870826,0,-0.2827954587918955,0
2025-05-16 04:00:00+07:00,110.0,8.7,83.0,/dl/web/weather/ic-w-04-scattered-clouds-full.svg,Cần Thơ,1.9902022768870826,0,-0.2094522455191035,0
2025-05-16 05:00:00+07:00,116.0,8.7,83.0,/dl/web/weather/ic-w-04-scattered-clouds-full.svg,Cần Thơ,2.2399542559314587,0,-0.2094522455191035,0
2025-05-16 06:00:00+07:00,116.0,7.7,84.0,/dl/web/weather/ic-w-04-scattered-clouds-full.svg,Cần Thơ,2.2399542559314587,0,-0.35613867206468736,0
2025-05-16 07:00:00+07:00,116.0,12.2,75.0,/dl/web/weather/ic-w-04-scattered-clouds-full.svg,Cần Thơ,2.2399542559314587,0,0.3039502473904405,0
2025-05-16 08:00:00+07:00,116.0,15.0,66.0,/dl/web/weather/ic-w-06-rain-full.svg,Cần Thơ,2.2399542559314587,0,0.7146722417180759,0
2025-05-16 09:00:00+07:00,116.0,15.4,57.0,/dl/web/weather/ic-w-04-scattered-clouds-full.svg,Cần Thơ,2.2399542559314587,0,0.7733468123363095,0
2025-05-16 10:00:00+07:00,116.0,15.8,51.0,/dl/web/weather/ic-w-04-scattered-clouds-full.svg,Cần Thơ,2.2399542559314587,0,0.8320213829545432,0
2025-05-16 11:00:00+07:00,59.0,15.0,46.0,/dl/web/weather/ic-w-04-scattered-clouds-full.svg,Cần Thơ,-0.13268954499011315,0,0.7146722417180759,0
2025-05-16 12:00:00+07:00,59.0,16.3,42.0,/dl/web/weather/ic-w-04-scattered-clouds-full.svg,Cần Thơ,-0.13268954499011315,0,0.9053645962273352,0
2025-05-16 13:00:00+07:00,59.0,15.0,42.0,/dl/web/weather/ic-w-04-scattered-clouds-full.svg,Cần Thơ,-0.13268954499011315,0,0.7146722417180759,0
2025-05-16 14:00:00+07:00,58.0,12.7,48.0,/dl/web/weather/ic-w-04-scattered-clouds-full.svg,Cần Thơ,-0.1743148748308425,0,0.37729346066323255,0
2025-05-16 15:00:00+07:00,58.0,16.1,52.0,/dl/web/weather/ic-w-06-rain-full.svg,Cần Thơ,-0.1743148748308425,0,0.8760273109182185,0
2025-05-16 16:00:00+07:00,58.0,16.1,50.0,/dl/web/weather/ic-w-04-scattered-clouds-full.svg,Cần Thơ,-0.1743148748308425,0,0.8760273109182185,0
2025-05-16 17:00:00+07:00,60.0,17.9,52.0,/dl/web/weather/ic-w-04-scattered-clouds-full.svg,Cần Thơ,-0.09106421514938381,0,1.1400628787002693,0
2025-05-16 18:00:00+07:00,60.0,18.3,59.0,/dl/web/weather/ic-w-04-scattered-clouds-full.svg,Cần Thơ,-0.09106421514938381,0,1.1987374493185032,0
2025-05-16 19:00:00+07:00,60.0,14.3,65.0,/dl/web/weather/ic-w-04-scattered-clouds-full.svg,Cần Thơ,-0.09106421514938381,0,0.6119917431361671,0
2025-05-16 20:00:00+07:00,76.0,13.4,77.0,/dl/web/weather/ic-w-10-night-clear-sky-full.svg,Cần Thơ,0.5749410623022855,0,0.4799739592451415,0
2025-05-16 21:00:00+07:00,76.0,11.6,83.0,/dl/web/weather/ic-w-11-night-few-clouds-full.svg,Cần Thơ,0.5749410623022855,0,0.21593839146309018,0
2025-05-16 22:00:00+07:00,76.0,8.5,87.0,/dl/web/weather/ic-w-04-scattered-clouds-full.svg,Cần Thơ,0.5749410623022855,0,-0.2387895308282202,0
2025-05-16 23:00:00+07:00,111.0,5.0,90.0,/dl/web/weather/ic-w-04-scattered-clouds-full.svg,Cần Thơ,2.0318276067278123,0,-0.7521920237377642,0
2025-05-17 00:00:00+07:00,111.0,5.0,90.0,/dl/web/weather/ic-w-04-scattered-clouds-full.svg,Cần Thơ,2.0318276067278123,0,-0.7521920237377642,0
2025-05-17 01:00:00+07:00,111.0,6.8,88.0,/dl/web/weather/ic-w-04-scattered-clouds-full.svg,Cần Thơ,2.0318276067278123,0,-0.48815645595571305,0
2025-05-17 02:00:00+07:00,147.0,7.2,89.0,/dl/web/weather/ic-w-04-scattered-clouds-full.svg,Cần Thơ,3.530339480994068,-1,-0.4294818853374794,0
2025-05-17 03:00:00+07:00,147.0,7.7,91.0,/dl/web/weather/ic-w-04-scattered-clouds-full.svg,Cần Thơ,3.530339480994068,-1,-0.35613867206468736,0
2025-05-17 04:00:00+07:00,147.0,7.2,92.0,/dl/web/weather/ic-w-04-scattered-clouds-full.svg,Cần Thơ,3.530339480994068,-1,-0.4294818853374794,0
2025-05-17 05:00:00+07:00,110.0,6.9,92.0,/dl/web/weather/ic-w-04-scattered-clouds-full.svg,Cần Thơ,1.9902022768870826,0,-0.4734878133011545,0
2025-05-17 06:00:00+07:00,110.0,6.9,91.0,/dl/web/weather/ic-w-04-scattered-clouds-full.svg,Cần Thơ,1.9902022768870826,0,-0.4734878133011545,0
2025-05-17 07:00:00+07:00,110.0,10.0,83.0,/dl/web/weather/ic-w-04-scattered-clouds-full.svg,Cần Thơ,1.9902022768870826,0,-0.01875989100984418,0
2025-05-17 08:00:00+07:00,77.0,12.9,75.0,/dl/web/weather/ic-w-04-scattered-clouds-full.svg,Cần Thơ,0.6165663921430148,0,0.4066307459723495,0
2025-05-17 09:00:00+07:00,77.0,14.2,66.0,/dl/web/weather/ic-w-06-rain-full.svg,Cần Thơ,0.6165663921430148,0,0.5973231004816085,0
2025-05-17 10:00:00+07:00,77.0,14.0,57.0,/dl/web/weather/ic-w-04-scattered-clouds-full.svg,Cần Thơ,0.6165663921430148,0,0.5679858151724918,0
2025-05-17 11:00:00+07:00,65.0,14.6,49.0,/dl/web/weather/ic-w-06-rain-full.svg,Cần Thơ,0.11706243405426284,0,0.6559976710998422,0
2025-05-17 12:00:00+07:00,65.0,14.3,44.0,/dl/web/weather/ic-w-04-scattered-clouds-full.svg,Cần Thơ,0.11706243405426284,0,0.6119917431361671,0
2025-05-17 13:00:00+07:00,65.0,14.2,42.0,/dl/web/weather/ic-w-04-scattered-clouds-full.svg,Cần Thơ,0.11706243405426284,0,0.5973231004816085,0
2025-05-17 14:00:00+07:00,61.0,17.5,43.0,/dl/web/weather/ic-w-04-scattered-clouds-full.svg,Cần Thơ,-0.049438885308654486,0,1.081388308082036,0
2025-05-17 15:00:00+07:00,61.0,14.6,53.0,/dl/web/weather/ic-w-04-scattered-clouds-full.svg,Cần Thơ,-0.049438885308654486,0,0.6559976710998422,0
2025-05-17 16:00:00+07:00,61.0,11.7,52.0,/dl/web/weather/ic-w-04-scattered-clouds-full.svg,Cần Thơ,-0.049438885308654486,0,0.23060703411764852,0
2025-05-17 17:00:00+07:00,59.0,15.4,48.0,/dl/web/weather/ic-w-04-scattered-clouds-full.svg,Cần Thơ,-0.13268954499011315,0,0.7733468123363095,0
2025-05-17 18:00:00+07:00,59.0,16.3,56.0,/dl/web/weather/ic-w-04-scattered-clouds-full.svg,Cần Thơ,-0.13268954499011315,0,0.9053645962273352,0
2025-05-17 19:00:00+07:00,59.0,13.0,64.0,/dl/web/weather/ic-w-04-scattered-clouds-full.svg,Cần Thơ,-0.13268954499011315,0,0.42129938862690786,0
2025-05-17 20:00:00+07:00,70.0,12.9,65.0,/dl/web/weather/ic-w-10-night-clear-sky-full.svg,Cần Thơ,0.3251890832579095,0,0.4066307459723495,0
2025-05-17 21:00:00+07:00,70.0,12.9,70.0,/dl/web/weather/ic-w-10-night-clear-sky-full.svg,Cần Thơ,0.3251890832579095,0,0.4066307459723495,0
2025-05-17 22:00:00+07:00,70.0,10.6,74.0,/dl/web/weather/ic-w-10-night-clear-sky-full.svg,Cần Thơ,0.3251890832579095,0,0.06925196491750617,0
2025-05-17 23:00:00+07:00,100.0,8.5,77.0,/dl/web/weather/ic-w-11-night-few-clouds-full.svg,Cần Thơ,1.5739489784797893,0,-0.2387895308282202,0
2025-05-18 00:00:00+07:00,100.0,8.5,77.0,/dl/web/weather/ic-w-11-night-few-clouds-full.svg,Cần Thơ,1.5739489784797893,0,-0.2387895308282202,0
2025-05-18 01:00:00+07:00,100.0,6.9,82.0,/dl/web/weather/ic-w-04-scattered-clouds-full.svg,Cần Thơ,1.5739489784797893,0,-0.4734878133011545,0
2025-05-18 02:00:00+07:00,134.0,6.9,82.0,/dl/web/weather/ic-w-04-scattered-clouds-full.svg,Cần Thơ,2.9892101930645865,0,-0.4734878133011545,0
2025-05-18 03:00:00+07:00,134.0,3.7,84.0,/dl/web/weather/ic-w-04-scattered-clouds-full.svg,Cần Thơ,2.9892101930645865,0,-0.9428843782470234,0
2025-05-18 04:00:00+07:00,134.0,3.7,87.0,/dl/web/weather/ic-w-04-scattered-clouds-full.svg,Cần Thơ,2.9892101930645865,0,-0.9428843782470234,0
2025-05-18 05:00:00+07:00,153.0,3.7,87.0,/dl/web/weather/ic-w-04-scattered-clouds-full.svg,Cần Thơ,3.780091460038444,-1,-0.9428843782470234,0
2025-05-18 06:00:00+07:00,153.0,6.0,87.0,/dl/web/weather/ic-w-04-scattered-clouds-full.svg,Cần Thơ,3.780091460038444,-1,-0.6055055971921802,0
2025-05-18 07:00:00+07:00,153.0,6.1,79.0,/dl/web/weather/ic-w-04-scattered-clouds-full.svg,Cần Thơ,3.780091460038444,-1,-0.5908369545376219,0
2025-05-18 08:00:00+07:00,99.0,8.9,67.0,/dl/web/weather/ic-w-04-scattered-clouds-full.svg,Cần Thơ,1.5323236486390601,0,-0.18011496020998655,0
2025-05-18 09:00:00+07:00,99.0,12.1,55.0,/dl/web/weather/ic-w-04-scattered-clouds-full.svg,Cần Thơ,1.5323236486390601,0,0.28928160473588216,0
2025-05-18 10:00:00+07:00,99.0,14.5,49.0,/dl/web/weather/ic-w-04-scattered-clouds-full.svg,Cần Thơ,1.5323236486390601,0,0.6413290284452838,0
2025-05-18 11:00:00+07:00,71.0,15.8,46.0,/dl/web/weather/ic-w-04-scattered-clouds-full.svg,Cần Thơ,0.3668144130986388,0,0.8320213829545432,0
2025-05-18 12:00:00+07:00,71.0,17.1,46.0,/dl/web/weather/ic-w-04-scattered-clouds-full.svg,Cần Thơ,0.3668144130986388,0,1.0227137374638025,0
2025-05-18 13:00:00+07:00,71.0,16.9,50.0,/dl/web/weather/ic-w-04-scattered-clouds-full.svg,Cần Thơ,0.3668144130986388,0,0.9933764521546853,0
2025-05-18 14:00:00+07:00,61.0,13.4,52.0,/dl/web/weather/ic-w-06-rain-full.svg,Cần Thơ,-0.049438885308654486,0,0.4799739592451415,0
2025-05-18 15:00:00+07:00,61.0,13.4,52.0,/dl/web/weather/ic-w-06-rain-full.svg,Cần Thơ,-0.049438885308654486,0,0.4799739592451415,0
2025-05-18 16:00:00+07:00,61.0,11.7,49.0,/dl/web/weather/ic-w-04-scattered-clouds-full.svg,Cần Thơ,-0.049438885308654486,0,0.23060703411764852,0
2025-05-18 17:00:00+07:00,57.0,13.7,48.0,/dl/web/weather/ic-w-04-scattered-clouds-full.svg,Cần Thơ,-0.2159402046715718,0,0.5239798872088165,0
2025-05-18 18:00:00+07:00,57.0,13.7,48.0,/dl/web/weather/ic-w-04-scattered-clouds-full.svg,Cần Thơ,-0.2159402046715718,0,0.5239798872088165,0
2025-05-18 19:00:00+07:00,57.0,12.7,63.0,/dl/web/weather/ic-w-04-scattered-clouds-full.svg,Cần Thơ,-0.2159402046715718,0,0.37729346066323255,0
2025-05-18 20:00:00+07:00,65.0,12.9,70.0,/dl/web/weather/ic-w-04-scattered-clouds-full.svg,Cần Thơ,0.11706243405426284,0,0.4066307459723495,0
2025-05-18 21:00:00+07:00,65.0,12.9,70.0,/dl/web/weather/ic-w-04-scattered-clouds-full.svg,Cần Thơ,0.11706243405426284,0,0.4066307459723495,0
2025-05-18 22:00:00+07:00,65.0,9.3,79.0,/dl/web/weather/ic-w-04-scattered-clouds-full.svg,Cần Thơ,0.11706243405426284,0,-0.12144038959175288,0
2025-05-18 23:00:00+07:00,96.0,9.3,79.0,/dl/web/weather/ic-w-04-scattered-clouds-full.svg,Cần Thơ,1.407447659116872,0,-0.12144038959175288,0
2025-05-19 00:00:00+07:00,96.0,6.4,83.0,/dl/web/weather/ic-w-04-scattered-clouds-full.svg,Cần Thơ,1.407447659116872,0,-0.5468310265739466,0
2025-05-19 01:00:00+07:00,96.0,7.4,87.0,/dl/web/weather/ic-w-04-scattered-clouds-full.svg,Cần Thơ,1.407447659116872,0,-0.40014460002836255,0
2025-05-19 02:00:00+07:00,131.0,7.6,89.0,/dl/web/weather/ic-w-04-scattered-clouds-full.svg,Cần Thơ,2.864334203542399,0,-0.37080731471924583,0
2025-05-19 03:00:00+07:00,131.0,6.6,89.0,/dl/web/weather/ic-w-04-scattered-clouds-full.svg,Cần Thơ,2.864334203542399,0,-0.5174937412648298,0
2025-05-19 04:00:00+07:00,131.0,6.6,89.0,/dl/web/weather/ic-w-04-scattered-clouds-full.svg,Cần Thơ,2.864334203542399,0,-0.5174937412648298,0
2025-05-19 05:00:00+07:00,85.0,6.3,90.0,/dl/web/weather/ic-w-04-scattered-clouds-full.svg,Cần Thơ,0.9495690308688495,0,-0.561499669228505,0
2025-05-19 06:00:00+07:00,85.0,6.1,91.0,/dl/web/weather/ic-w-04-scattered-clouds-full.svg,Cần Thơ,0.9495690308688495,0,-0.5908369545376219,0
2025-05-19 07:00:00+07:00,85.0,1.8,100.0,/dl/web/weather/ic-w-02-new-clouds-full.svg,Cần Thơ,0.9495690308688495,0,-1.2215885886836328,0
2025-05-19 08:00:00+07:00,70.0,3.7,94.0,/dl/web/weather/ic-w-04-scattered-clouds-full.svg,Cần Thơ,0.3251890832579095,0,-0.9428843782470234,0
2025-05-19 09:00:00+07:00,70.0,9.2,84.0,/dl/web/weather/ic-w-04-scattered-clouds-full.svg,Cần Thơ,0.3251890832579095,0,-0.1361090322463115,0
2025-05-19 10:00:00+07:00,70.0,11.1,75.0,/dl/web/weather/ic-w-04-scattered-clouds-full.svg,Cần Thơ,0.3251890832579095,0,0.14259517819029818,0
2025-05-19 11:00:00+07:00,56.0,5.5,70.0,/dl/web/weather/ic-w-04-scattered-clouds-full.svg,Cần Thơ,-0.25756553451230113,0,-0.6788488104649723,0
2025-05-19 12:00:00+07:00,56.0,7.4,66.0,/dl/web/weather/ic-w-06-rain-full.svg,Cần Thơ,-0.25756553451230113,0,-0.40014460002836255,0
2025-05-19 13:00:00+07:00,50.0,18.5,79.0,/dl/web/weather/ic-w-04-scattered-clouds-full.svg,Cần Thơ,-0.5073175135566771,0,1.22807473462762,0
2025-05-19 14:00:00+07:00,50.0,9.2,84.0,/dl/web/weather/ic-w-04-scattered-clouds-full.svg,Cần Thơ,-0.5073175135566771,0,-0.1361090322463115,0
2025-05-19 15:00:00+07:00,44.0,11.1,94.0,/dl/web/weather/ic-w-04-scattered-clouds-full.svg,Cần Thơ,-0.757069492601053,0,0.14259517819029818,0
2025-05-19 16:00:00+07:00,33.0,5.5,94.0,/dl/web/weather/ic-w-06-rain-full.svg,Cần Thơ,-1.2149481208490758,0,-0.6788488104649723,0
2025-05-19 17:00:00+07:00,33.0,3.7,94.0,/dl/web/weather/ic-w-06-rain-full.svg,Cần Thơ,-1.2149481208490758,0,-0.9428843782470234,0
2025-05-19 18:00:00+07:00,39.0,3.7,94.0,/dl/web/weather/ic-w-06-rain-full.svg,Cần Thơ,-0.9651961418046997,0,-0.9428843782470234,0
2025-05-19 19:00:00+07:00,53.0,1.8,100.0,/dl/web/weather/ic-w-04-scattered-clouds-full.svg,Cần Thơ,-0.3824415240344891,0,-1.2215885886836328,0
2025-05-19 20:00:00+07:00,56.0,8.7,81.0,/dl/web/weather/ic-w-04-scattered-clouds-full.svg,Cần Thơ,-0.25756553451230113,0,-0.2094522455191035,0
2025-05-19 21:00:00+07:00,56.0,8.0,83.0,/dl/web/weather/ic-w-04-scattered-clouds-full.svg,Cần Thơ,-0.25756553451230113,0,-0.3121327441010122,0
2025-05-19 22:00:00+07:00,55.0,8.2,84.0,/dl/web/weather/ic-w-04-scattered-clouds-full.svg,Cần Thơ,-0.29919086435303044,0,-0.2827954587918955,0
2025-05-19 23:00:00+07:00,69.0,7.2,85.0,/dl/web/weather/ic-w-04-scattered-clouds-full.svg,Cần Thơ,0.28356375341718015,0,-0.4294818853374794,0
2025-05-20 00:00:00+07:00,60.0,6.4,86.0,/dl/web/weather/ic-w-04-scattered-clouds-full.svg,Cần Thơ,-0.09106421514938381,0,-0.5468310265739466,0
2025-05-20 01:00:00+07:00,55.0,7.1,86.0,/dl/web/weather/ic-w-04-scattered-clouds-full.svg,Cần Thơ,-0.29919086435303044,0,-0.44415052799203786,0
2025-05-20 02:00:00+07:00,55.0,6.4,86.0,/dl/web/weather/ic-w-04-scattered-clouds-full.svg,Cần Thơ,-0.29919086435303044,0,-0.5468310265739466,0
2025-05-20 03:00:00+07:00,60.0,5.8,86.0,/dl/web/weather/ic-w-04-scattered-clouds-full.svg,Cần Thơ,-0.09106421514938381,0,-0.6348428825012971,0
2025-05-20 04:00:00+07:00,60.0,6.1,87.0,/dl/web/weather/ic-w-04-scattered-clouds-full.svg,Cần Thơ,-0.09106421514938381,0,-0.5908369545376219,0
2025-05-20 05:00:00+07:00,60.0,6.4,87.0,/dl/web/weather/ic-w-04-scattered-clouds-full.svg,Cần Thơ,-0.09106421514938381,0,-0.5468310265739466,0
2025-05-20 06:00:00+07:00,66.0,6.8,87.0,/dl/web/weather/ic-w-04-scattered-clouds-full.svg,Cần Thơ,0.15868776389499217,0,-0.48815645595571305,0
2025-05-20 07:00:00+07:00,75.0,7.1,79.0,/dl/web/weather/ic-w-04-scattered-clouds-full.svg,Cần Thơ,0.5333157324615562,0,-0.44415052799203786,0
2025-05-20 08:00:00+07:00,115.0,8.5,71.0,/dl/web/weather/ic-w-04-scattered-clouds-full.svg,Cần Thơ,2.1983289260907295,0,-0.2387895308282202,0
2025-05-20 09:00:00+07:00,86.0,8.4,63.0,/dl/web/weather/ic-w-04-scattered-clouds-full.svg,Cần Thơ,0.9911943607095788,0,-0.25345817348277855,0
2025-05-20 10:00:00+07:00,53.0,7.1,55.0,/dl/web/weather/ic-w-04-scattered-clouds-full.svg,Cần Thơ,-0.3824415240344891,0,-0.44415052799203786,0
2025-05-20 11:00:00+07:00,53.0,4.8,50.0,/dl/web/weather/ic-w-04-scattered-clouds-full.svg,Cần Thơ,-0.3824415240344891,0,-0.781529309046881,0
2025-05-20 12:00:00+07:00,39.0,4.8,50.0,/dl/web/weather/ic-w-04-scattered-clouds-full.svg,Cần Thơ,-0.9651961418046997,0,-0.781529309046881,0
2025-05-20 13:00:00+07:00,33.0,9.5,57.0,/dl/web/weather/ic-w-06-rain-full.svg,Cần Thơ,-1.2149481208490758,0,-0.09210310428263618,0
2025-05-20 14:00:00+07:00,28.0,8.9,64.0,/dl/web/weather/ic-w-06-rain-full.svg,Cần Thơ,-1.4230747700527224,0,-0.18011496020998655,0
2025-05-20 15:00:00+07:00,11.0,7.4,63.0,/dl/web/weather/ic-w-06-rain-full.svg,Cần Thơ,-2.130705377345121,0,-0.40014460002836255,0
2025-05-20 16:00:00+07:00,17.0,7.7,64.0,/dl/web/weather/ic-w-06-rain-full.svg,Cần Thơ,-1.880953398300745,0,-0.35613867206468736,0
2025-05-20 17:00:00+07:00,44.0,8.0,65.0,/dl/web/weather/ic-w-04-scattered-clouds-full.svg,Cần Thơ,-0.757069492601053,0,-0.3121327441010122,0
2025-05-20 18:00:00+07:00,60.0,8.0,65.0,/dl/web/weather/ic-w-04-scattered-clouds-full.svg,Cần Thơ,-0.09106421514938381,0,-0.3121327441010122,0
2025-05-20 19:00:00+07:00,66.0,9.8,75.0,/dl/web/weather/ic-w-04-scattered-clouds-full.svg,Cần Thơ,0.15868776389499217,0,-0.04809717631896088,0
2025-05-20 20:00:00+07:00,77.0,10.3,78.0,/dl/web/weather/ic-w-04-scattered-clouds-full.svg,Cần Thơ,0.6165663921430148,0,0.025246036953831128,0
2025-05-20 21:00:00+07:00,88.0,9.5,80.0,/dl/web/weather/ic-w-04-scattered-clouds-full.svg,Cần Thơ,1.0744450203910374,0,-0.09210310428263618,0
2025-05-20 22:00:00+07:00,92.0,8.7,81.0,/dl/web/weather/ic-w-04-scattered-clouds-full.svg,Cần Thơ,1.2409463397539549,0,-0.2094522455191035,0
2025-05-20 23:00:00+07:00,88.0,7.9,82.0,/dl/web/weather/ic-w-04-scattered-clouds-full.svg,Cần Thơ,1.0744450203910374,0,-0.3268013867555705,0
2025-05-21 00:00:00+07:00,82.0,7.7,84.0,/dl/web/weather/ic-w-04-scattered-clouds-full.svg,Cần Thơ,0.8246930413466614,0,-0.35613867206468736,0
2025-05-21 01:00:00+07:00,86.0,3.7,100.0,/dl/web/weather/ic-w-11-night-few-clouds-full.svg,Cần Thơ,0.9911943607095788,0,-0.9428843782470234,0
2025-05-21 02:00:00+07:00,96.0,3.7,100.0,/dl/web/weather/ic-w-11-night-few-clouds-full.svg,Cần Thơ,1.407447659116872,0,-0.9428843782470234,0
2025-05-21 03:00:00+07:00,96.0,3.7,100.0,/dl/web/weather/ic-w-11-night-few-clouds-full.svg,Cần Thơ,1.407447659116872,0,-0.9428843782470234,0
2025-05-21 04:00:00+07:00,82.0,1.8,100.0,/dl/web/weather/ic-w-11-night-few-clouds-full.svg,Cần Thơ,0.8246930413466614,0,-1.2215885886836328,0
2025-05-21 05:00:00+07:00,82.0,3.7,100.0,/dl/web/weather/ic-w-04-scattered-clouds-full.svg,Cần Thơ,0.8246930413466614,0,-0.9428843782470234,0
2025-05-21 06:00:00+07:00,81.0,0.0,100.0,/dl/web/weather/ic-w-09-mist-full.svg,Cần Thơ,0.7830677115059321,0,-1.4856241564656842,0
2025-05-21 07:00:00+07:00,82.0,3.7,100.0,/dl/web/weather/ic-w-09-mist-full.svg,Cần Thơ,0.8246930413466614,0,-0.9428843782470234,0
2025-05-21 08:00:00+07:00,139.0,1.8,94.0,/dl/web/weather/ic-w-04-scattered-clouds-full.svg,Cần Thơ,3.1973368422682333,-1,-1.2215885886836328,0
2025-05-21 09:00:00+07:00,69.0,1.8,84.0,/dl/web/weather/ic-w-02-new-clouds-full.svg,Cần Thơ,0.28356375341718015,0,-1.2215885886836328,0
2025-05-21 10:00:00+07:00,33.0,3.7,74.0,/dl/web/weather/ic-w-04-scattered-clouds-full.svg,Cần Thơ,-1.2149481208490758,0,-0.9428843782470234,0
2025-05-21 11:00:00+07:00,33.0,3.7,74.0,/dl/web/weather/ic-w-04-scattered-clouds-full.svg,Cần Thơ,-1.2149481208490758,0,-0.9428843782470234,0
2025-05-21 12:00:00+07:00,50.0,3.7,74.0,/dl/web/weather/ic-w-04-scattered-clouds-full.svg,Cần Thơ,-0.5073175135566771,0,-0.9428843782470234,0
2025-05-21 13:00:00+07:00,39.0,7.4,66.0,/dl/web/weather/ic-w-04-scattered-clouds-full.svg,Cần Thơ,-0.9651961418046997,0,-0.40014460002836255,0
2025-05-21 14:00:00+07:00,28.0,5.5,70.0,/dl/web/weather/ic-w-04-scattered-clouds-full.svg,Cần Thơ,-1.4230747700527224,0,-0.6788488104649723,0
2025-05-21 15:00:00+07:00,22.0,18.5,89.0,/dl/web/weather/ic-w-04-scattered-clouds-full.svg,Cần Thơ,-1.6728267490970983,0,1.22807473462762,0
2025-05-21 16:00:00+07:00,28.0,7.4,100.0,/dl/web/weather/ic-w-04-scattered-clouds-full.svg,Cần Thơ,-1.4230747700527224,0,-0.40014460002836255,0
2025-05-21 17:00:00+07:00,44.0,7.4,100.0,/dl/web/weather/ic-w-06-rain-full.svg,Cần Thơ,-0.757069492601053,0,-0.40014460002836255,0
2025-05-21 18:00:00+07:00,28.0,7.4,100.0,/dl/web/weather/ic-w-06-rain-full.svg,Cần Thơ,-1.4230747700527224,0,-0.40014460002836255,0
2025-05-21 19:00:00+07:00,50.0,5.5,100.0,/dl/web/weather/ic-w-12-night-rain-full.svg,Cần Thơ,-0.5073175135566771,0,-0.6788488104649723,0
2025-05-21 20:00:00+07:00,62.0,0.0,100.0,/dl/web/weather/ic-w-12-night-rain-full.svg,Cần Thơ,-0.007813555467925153,0,-1.4856241564656842,0
2025-05-21 21:00:00+07:00,62.0,3.7,100.0,/dl/web/weather/ic-w-12-night-rain-full.svg,Cần Thơ,-0.007813555467925153,0,-0.9428843782470234,0
2025-05-21 22:00:00+07:00,62.0,1.8,100.0,/dl/web/weather/ic-w-04-scattered-clouds-full.svg,Cần Thơ,-0.007813555467925153,0,-1.2215885886836328,0
2025-05-21 23:00:00+07:00,64.0,3.7,100.0,/dl/web/weather/ic-w-04-scattered-clouds-full.svg,Cần Thơ,0.07543710421353352,0,-0.9428843782470234,0
2025-05-22 00:00:00+07:00,75.0,1.8,100.0,/dl/web/weather/ic-w-04-scattered-clouds-full.svg,Cần Thơ,0.5333157324615562,0,-1.2215885886836328,0
2025-05-22 01:00:00+07:00,60.0,1.8,100.0,/dl/web/weather/ic-w-04-scattered-clouds-full.svg,Cần Thơ,-0.09106421514938381,0,-1.2215885886836328,0
2025-05-22 02:00:00+07:00,53.0,1.8,100.0,/dl/web/weather/ic-w-04-scattered-clouds-full.svg,Cần Thơ,-0.3824415240344891,0,-1.2215885886836328,0
2025-05-22 03:00:00+07:00,44.0,0.0,100.0,/dl/web/weather/ic-w-04-scattered-clouds-full.svg,Cần Thơ,-0.757069492601053,0,-1.4856241564656842,0
2025-05-22 04:00:00+07:00,39.0,1.8,100.0,/dl/web/weather/ic-w-04-scattered-clouds-full.svg,Cần Thơ,-0.9651961418046997,0,-1.2215885886836328,0
2025-05-22 05:00:00+07:00,33.0,1.8,100.0,/dl/web/weather/ic-w-04-scattered-clouds-full.svg,Cần Thơ,-1.2149481208490758,0,-1.2215885886836328,0
2025-05-22 06:00:00+07:00,33.0,1.8,100.0,/dl/web/weather/ic-w-04-scattered-clouds-full.svg,Cần Thơ,-1.2149481208490758,0,-1.2215885886836328,0
2025-05-22 07:00:00+07:00,58.0,1.8,100.0,/dl/web/weather/ic-w-04-scattered-clouds-full.svg,Cần Thơ,-0.1743148748308425,0,-1.2215885886836328,0
2025-05-22 08:00:00+07:00,60.0,1.8,100.0,/dl/web/weather/ic-w-04-scattered-clouds-full.svg,Cần Thơ,-0.09106421514938381,0,-1.2215885886836328,0
2025-05-22 09:00:00+07:00,64.0,1.8,94.0,/dl/web/weather/ic-w-04-scattered-clouds-full.svg,Cần Thơ,0.07543710421353352,0,-1.2215885886836328,0
2025-05-22 10:00:00+07:00,75.0,3.7,94.0,/dl/web/weather/ic-w-04-scattered-clouds-full.svg,Cần Thơ,0.5333157324615562,0,-0.9428843782470234,0
2025-05-22 11:00:00+07:00,75.0,7.4,89.0,/dl/web/weather/ic-w-04-scattered-clouds-full.svg,Cần Thơ,0.5333157324615562,0,-0.40014460002836255,0
2025-05-22 12:00:00+07:00,69.0,9.2,84.0,/dl/web/weather/ic-w-04-scattered-clouds-full.svg,Cần Thơ,0.28356375341718015,0,-0.1361090322463115,0
2025-05-22 13:00:00+07:00,64.0,3.7,75.0,/dl/web/weather/ic-w-04-scattered-clouds-full.svg,Cần Thơ,0.07543710421353352,0,-0.9428843782470234,0
2025-05-22 14:00:00+07:00,50.0,3.7,74.0,/dl/web/weather/ic-w-04-scattered-clouds-full.svg,Cần Thơ,-0.5073175135566771,0,-0.9428843782470234,0
2025-05-22 15:00:00+07:00,39.0,7.4,100.0,/dl/web/weather/ic-w-04-scattered-clouds-full.svg,Cần Thơ,-0.9651961418046997,0,-0.40014460002836255,0
2025-05-22 16:00:00+07:00,28.0,1.8,94.0,/dl/web/weather/ic-w-04-scattered-clouds-full.svg,Cần Thơ,-1.4230747700527224,0,-1.2215885886836328,0
2025-05-22 17:00:00+07:00,39.0,7.4,94.0,/dl/web/weather/ic-w-04-scattered-clouds-full.svg,Cần Thơ,-0.9651961418046997,0,-0.40014460002836255,0
2025-05-22 18:00:00+07:00,33.0,5.5,94.0,/dl/web/weather/ic-w-06-rain-full.svg,Cần Thơ,-1.2149481208490758,0,-0.6788488104649723,0
2025-05-22 19:00:00+07:00,33.0,5.5,100.0,/dl/web/weather/ic-w-12-night-rain-full.svg,Cần Thơ,-1.2149481208490758,0,-0.6788488104649723,0
2025-05-22 20:00:00+07:00,58.0,3.7,100.0,/dl/web/weather/ic-w-12-night-rain-full.svg,Cần Thơ,-0.1743148748308425,0,-0.9428843782470234,0
2025-05-22 21:00:00+07:00,58.0,1.8,100.0,/dl/web/weather/ic-w-12-night-rain-full.svg,Cần Thơ,-0.1743148748308425,0,-1.2215885886836328,0
2025-05-22 22:00:00+07:00,71.0,3.7,100.0,/dl/web/weather/ic-w-12-night-rain-full.svg,Cần Thơ,0.3668144130986388,0,-0.9428843782470234,0
2025-05-22 23:00:00+07:00,73.0,1.8,100.0,/dl/web/weather/ic-w-12-night-rain-full.svg,Cần Thơ,0.4500650727800975,0,-1.2215885886836328,0
2025-05-23 00:00:00+07:00,75.0,1.8,100.0,/dl/web/weather/ic-w-04-scattered-clouds-full.svg,Cần Thơ,0.5333157324615562,0,-1.2215885886836328,0
2025-05-23 01:00:00+07:00,79.0,0.0,100.0,/dl/web/weather/ic-w-04-scattered-clouds-full.svg,Cần Thơ,0.6998170518244735,0,-1.4856241564656842,0
2025-05-23 02:00:00+07:00,84.0,1.8,100.0,/dl/web/weather/ic-w-04-scattered-clouds-full.svg,Cần Thơ,0.9079437010281202,0,-1.2215885886836328,0
2025-05-23 03:00:00+07:00,84.0,3.7,100.0,/dl/web/weather/ic-w-12-night-rain-full.svg,Cần Thơ,0.9079437010281202,0,-0.9428843782470234,0
2025-05-23 04:00:00+07:00,75.0,3.7,100.0,/dl/web/weather/ic-w-04-scattered-clouds-full.svg,Cần Thơ,0.5333157324615562,0,-0.9428843782470234,0
2025-05-23 05:00:00+07:00,71.0,1.8,100.0,/dl/web/weather/ic-w-04-scattered-clouds-full.svg,Cần Thơ,0.3668144130986388,0,-1.2215885886836328,0
2025-05-23 06:00:00+07:00,71.0,1.8,100.0,/dl/web/weather/ic-w-04-scattered-clouds-full.svg,Cần Thơ,0.3668144130986388,0,-1.2215885886836328,0
2025-05-23 07:00:00+07:00,73.0,0.0,100.0,/dl/web/weather/ic-w-09-mist-full.svg,Cần Thơ,0.4500650727800975,0,-1.4856241564656842,0
2025-05-23 08:00:00+07:00,73.0,3.7,100.0,/dl/web/weather/ic-w-04-scattered-clouds-full.svg,Cần Thơ,0.4500650727800975,0,-0.9428843782470234,0
2025-05-23 09:00:00+07:00,64.0,7.4,94.0,/dl/web/weather/ic-w-04-scattered-clouds-full.svg,Cần Thơ,0.07543710421353352,0,-0.40014460002836255,0
2025-05-23 10:00:00+07:00,44.0,9.2,84.0,/dl/web/weather/ic-w-04-scattered-clouds-full.svg,Cần Thơ,-0.757069492601053,0,-0.1361090322463115,0
2025-05-23 11:00:00+07:00,44.0,11.1,94.0,/dl/web/weather/ic-w-06-rain-full.svg,Cần Thơ,-0.757069492601053,0,0.14259517819029818,0
2025-05-23 12:00:00+07:00,39.0,7.4,89.0,/dl/web/weather/ic-w-07-thunderstorms-full.svg,Cần Thơ,-0.9651961418046997,0,-0.40014460002836255,0
2025-05-23 13:00:00+07:00,17.0,20.4,94.0,/dl/web/weather/ic-w-06-rain-full.svg,Cần Thơ,-1.880953398300745,0,1.5067789450642293,0
2025-05-23 14:00:00+07:00,11.0,20.4,94.0,/dl/web/weather/ic-w-06-rain-full.svg,Cần Thơ,-2.130705377345121,0,1.5067789450642293,0
2025-05-23 15:00:00+07:00,39.0,9.2,94.0,/dl/web/weather/ic-w-06-rain-full.svg,Cần Thơ,-0.9651961418046997,0,-0.1361090322463115,0
2025-05-23 16:00:00+07:00,22.0,3.7,100.0,/dl/web/weather/ic-w-06-rain-full.svg,Cần Thơ,-1.6728267490970983,0,-0.9428843782470234,0
2025-05-23 17:00:00+07:00,17.0,5.5,100.0,/dl/web/weather/ic-w-06-rain-full.svg,Cần Thơ,-1.880953398300745,0,-0.6788488104649723,0
2025-05-23 18:00:00+07:00,22.0,5.5,100.0,/dl/web/weather/ic-w-06-rain-full.svg,Cần Thơ,-1.6728267490970983,0,-0.6788488104649723,0
2025-05-23 19:00:00+07:00,33.0,3.7,100.0,/dl/web/weather/ic-w-04-scattered-clouds-full.svg,Cần Thơ,-1.2149481208490758,0,-0.9428843782470234,0
2025-05-23 20:00:00+07:00,56.0,0.0,100.0,/dl/web/weather/ic-w-04-scattered-clouds-full.svg,Cần Thơ,-0.25756553451230113,0,-1.4856241564656842,0
2025-05-23 21:00:00+07:00,56.0,3.7,100.0,/dl/web/weather/ic-w-04-scattered-clouds-full.svg,Cần Thơ,-0.25756553451230113,0,-0.9428843782470234,0
2025-05-23 22:00:00+07:00,71.0,0.0,100.0,/dl/web/weather/ic-w-04-scattered-clouds-full.svg,Cần Thơ,0.3668144130986388,0,-1.4856241564656842,0
2025-05-23 23:00:00+07:00,73.0,6.3,96.0,/dl/web/weather/ic-w-04-scattered-clouds-full.svg,Cần Thơ,0.4500650727800975,0,-0.561499669228505,0
2025-05-24 00:00:00+07:00,73.0,3.7,100.0,/dl/web/weather/ic-w-04-scattered-clouds-full.svg,Cần Thơ,0.4500650727800975,0,-0.9428843782470234,0
2025-05-24 01:00:00+07:00,73.0,1.8,100.0,/dl/web/weather/ic-w-04-scattered-clouds-full.svg,Cần Thơ,0.4500650727800975,0,-1.2215885886836328,0
2025-05-24 02:00:00+07:00,79.0,1.8,100.0,/dl/web/weather/ic-w-04-scattered-clouds-full.svg,Cần Thơ,0.6998170518244735,0,-1.2215885886836328,0
2025-05-24 03:00:00+07:00,82.0,1.8,100.0,/dl/web/weather/ic-w-12-night-rain-full.svg,Cần Thơ,0.8246930413466614,0,-1.2215885886836328,0
2025-05-24 04:00:00+07:00,84.0,0.0,100.0,/dl/web/weather/ic-w-04-scattered-clouds-full.svg,Cần Thơ,0.9079437010281202,0,-1.4856241564656842,0
2025-05-24 05:00:00+07:00,86.0,0.0,100.0,/dl/web/weather/ic-w-04-scattered-clouds-full.svg,Cần Thơ,0.9911943607095788,0,-1.4856241564656842,0
2025-05-24 06:00:00+07:00,79.0,3.5,92.0,/dl/web/weather/ic-w-04-scattered-clouds-full.svg,Cần Thơ,0.6998170518244735,0,-0.9722216635561403,0
2025-05-24 07:00:00+07:00,92.0,0.0,100.0,/dl/web/weather/ic-w-04-scattered-clouds-full.svg,Cần Thơ,1.2409463397539549,0,-1.4856241564656842,0
2025-05-24 08:00:00+07:00,66.0,5.5,100.0,/dl/web/weather/ic-w-04-scattered-clouds-full.svg,Cần Thơ,0.15868776389499217,0,-0.6788488104649723,0
2025-05-24 09:00:00+07:00,6.0,11.1,94.0,/dl/web/weather/ic-w-04-scattered-clouds-full.svg,Cần Thơ,-2.3388320265487677,0,0.14259517819029818,0
2025-05-24 10:00:00+07:00,6.0,7.4,89.0,/dl/web/weather/ic-w-04-scattered-clouds-full.svg,Cần Thơ,-2.3388320265487677,0,-0.40014460002836255,0
2025-05-24 11:00:00+07:00,6.0,1.8,94.0,/dl/web/weather/ic-w-06-rain-full.svg,Cần Thơ,-2.3388320265487677,0,-1.2215885886836328,0
2025-05-24 12:00:00+07:00,17.0,11.1,79.0,/dl/web/weather/ic-w-04-scattered-clouds-full.svg,Cần Thơ,-1.880953398300745,0,0.14259517819029818,0
2025-05-24 13:00:00+07:00,11.0,7.4,84.0,/dl/web/weather/ic-w-06-rain-full.svg,Cần Thơ,-2.130705377345121,0,-0.40014460002836255,0
2025-05-24 14:00:00+07:00,11.0,9.2,79.0,/dl/web/weather/ic-w-06-rain-full.svg,Cần Thơ,-2.130705377345121,0,-0.1361090322463115,0
2025-05-24 15:00:00+07:00,11.0,7.4,89.0,/dl/web/weather/ic-w-04-scattered-clouds-full.svg,Cần Thơ,-2.130705377345121,0,-0.40014460002836255,0
2025-05-24 16:00:00+07:00,11.0,11.1,94.0,/dl/web/weather/ic-w-06-rain-full.svg,Cần Thơ,-2.130705377345121,0,0.14259517819029818,0
2025-05-24 17:00:00+07:00,17.0,11.1,94.0,/dl/web/weather/ic-w-06-rain-full.svg,Cần Thơ,-1.880953398300745,0,0.14259517819029818,0
2025-05-24 18:00:00+07:00,39.0,9.2,94.0,/dl/web/weather/ic-w-06-rain-full.svg,Cần Thơ,-0.9651961418046997,0,-0.1361090322463115,0
2025-05-24 19:00:00+07:00,33.0,7.4,100.0,/dl/web/weather/ic-w-04-scattered-clouds-full.svg,Cần Thơ,-1.2149481208490758,0,-0.40014460002836255,0
2025-05-24 20:00:00+07:00,50.0,3.7,94.0,/dl/web/weather/ic-w-04-scattered-clouds-full.svg,Cần Thơ,-0.5073175135566771,0,-0.9428843782470234,0
2025-05-24 21:00:00+07:00,50.0,3.7,94.0,/dl/web/weather/ic-w-04-scattered-clouds-full.svg,Cần Thơ,-0.5073175135566771,0,-0.9428843782470234,0
2025-05-24 22:00:00+07:00,53.0,3.7,100.0,/dl/web/weather/ic-w-04-scattered-clouds-full.svg,Cần Thơ,-0.3824415240344891,0,-0.9428843782470234,0
2025-05-24 23:00:00+07:00,50.0,0.0,100.0,/dl/web/weather/ic-w-04-scattered-clouds-full.svg,Cần Thơ,-0.5073175135566771,0,-1.4856241564656842,0
2025-05-25 00:00:00+07:00,50.0,0.0,100.0,/dl/web/weather/ic-w-04-scattered-clouds-full.svg,Cần Thơ,-0.5073175135566771,0,-1.4856241564656842,0
2025-05-25 01:00:00+07:00,58.0,1.8,100.0,/dl/web/weather/ic-w-04-scattered-clouds-full.svg,Cần Thơ,-0.1743148748308425,0,-1.2215885886836328,0
2025-05-25 02:00:00+07:00,53.0,1.8,100.0,/dl/web/weather/ic-w-04-scattered-clouds-full.svg,Cần Thơ,-0.3824415240344891,0,-1.2215885886836328,0
2025-05-25 03:00:00+07:00,55.0,5.5,100.0,/dl/web/weather/ic-w-04-scattered-clouds-full.svg,Cần Thơ,-0.29919086435303044,0,-0.6788488104649723,0
2025-05-25 04:00:00+07:00,55.0,0.0,100.0,/dl/web/weather/ic-w-04-scattered-clouds-full.svg,Cần Thơ,-0.29919086435303044,0,-1.4856241564656842,0
2025-05-25 05:00:00+07:00,44.0,0.0,100.0,/dl/web/weather/ic-w-04-scattered-clouds-full.svg,Cần Thơ,-0.757069492601053,0,-1.4856241564656842,0
2025-05-25 06:00:00+07:00,53.0,0.0,100.0,/dl/web/weather/ic-w-04-scattered-clouds-full.svg,Cần Thơ,-0.3824415240344891,0,-1.4856241564656842,0
2025-05-25 07:00:00+07:00,62.0,0.0,94.0,/dl/web/weather/ic-w-04-scattered-clouds-full.svg,Cần Thơ,-0.007813555467925153,0,-1.4856241564656842,0
2025-05-25 08:00:00+07:00,56.0,0.0,89.0,/dl/web/weather/ic-w-04-scattered-clouds-full.svg,Cần Thơ,-0.25756553451230113,0,-1.4856241564656842,0
2025-05-25 09:00:00+07:00,33.0,5.5,84.0,/dl/web/weather/ic-w-04-scattered-clouds-full.svg,Cần Thơ,-1.2149481208490758,0,-0.6788488104649723,0
2025-05-25 10:00:00+07:00,33.0,11.1,84.0,/dl/web/weather/ic-w-04-scattered-clouds-full.svg,Cần Thơ,-1.2149481208490758,0,0.14259517819029818,0
2025-05-25 11:00:00+07:00,33.0,5.5,74.0,/dl/web/weather/ic-w-04-scattered-clouds-full.svg,Cần Thơ,-1.2149481208490758,0,-0.6788488104649723,0
2025-05-25 12:00:00+07:00,28.0,11.1,70.0,/dl/web/weather/ic-w-04-scattered-clouds-full.svg,Cần Thơ,-1.4230747700527224,0,0.14259517819029818,0
2025-05-25 13:00:00+07:00,33.0,9.2,89.0,/dl/web/weather/ic-w-04-scattered-clouds-full.svg,Cần Thơ,-1.2149481208490758,0,-0.1361090322463115,0
2025-05-25 14:00:00+07:00,22.0,9.2,89.0,/dl/web/weather/ic-w-04-scattered-clouds-full.svg,Cần Thơ,-1.6728267490970983,0,-0.1361090322463115,0
2025-05-25 15:00:00+07:00,17.0,18.5,74.0,/dl/web/weather/ic-w-04-scattered-clouds-full.svg,Cần Thơ,-1.880953398300745,0,1.22807473462762,0
2025-05-25 16:00:00+07:00,11.0,18.5,74.0,/dl/web/weather/ic-w-04-scattered-clouds-full.svg,Cần Thơ,-2.130705377345121,0,1.22807473462762,0
2025-05-25 17:00:00+07:00,22.0,16.7,94.0,/dl/web/weather/ic-w-04-scattered-clouds-full.svg,Cần Thơ,-1.6728267490970983,0,0.9640391668455686,0
2025-05-25 18:00:00+07:00,17.0,1.8,100.0,/dl/web/weather/ic-w-07-thunderstorms-full.svg,Cần Thơ,-1.880953398300745,0,-1.2215885886836328,0
2025-05-25 20:00:00+07:00,11.0,3.7,100.0,/dl/web/weather/ic-w-12-night-rain-full.svg,Cần Thơ,-2.130705377345121,0,-0.9428843782470234,0
2025-05-25 21:00:00+07:00,11.0,3.7,100.0,/dl/web/weather/ic-w-12-night-rain-full.svg,Cần Thơ,-2.130705377345121,0,-0.9428843782470234,0
2025-05-25 22:00:00+07:00,22.0,3.7,100.0,/dl/web/weather/ic-w-04-scattered-clouds-full.svg,Cần Thơ,-1.6728267490970983,0,-0.9428843782470234,0
2025-05-25 23:00:00+07:00,11.0,9.2,100.0,/dl/web/weather/ic-w-04-scattered-clouds-full.svg,Cần Thơ,-2.130705377345121,0,-0.1361090322463115,0
2025-05-26 00:00:00+07:00,6.0,9.2,100.0,/dl/web/weather/ic-w-04-scattered-clouds-full.svg,Cần Thơ,-2.3388320265487677,0,-0.1361090322463115,0
2025-05-26 01:00:00+07:00,6.0,3.7,100.0,/dl/web/weather/ic-w-04-scattered-clouds-full.svg,Cần Thơ,-2.3388320265487677,0,-0.9428843782470234,0
2025-05-26 02:00:00+07:00,11.0,3.7,100.0,/dl/web/weather/ic-w-04-scattered-clouds-full.svg,Cần Thơ,-2.130705377345121,0,-0.9428843782470234,0
2025-05-26 03:00:00+07:00,17.0,1.8,100.0,/dl/web/weather/ic-w-04-scattered-clouds-full.svg,Cần Thơ,-1.880953398300745,0,-1.2215885886836328,0
2025-05-26 04:00:00+07:00,22.0,0.0,100.0,/dl/web/weather/ic-w-04-scattered-clouds-full.svg,Cần Thơ,-1.6728267490970983,0,-1.4856241564656842,0
2025-05-26 05:00:00+07:00,33.0,0.0,100.0,/dl/web/weather/ic-w-04-scattered-clouds-full.svg,Cần Thơ,-1.2149481208490758,0,-1.4856241564656842,0
2025-05-26 06:00:00+07:00,33.0,1.8,100.0,/dl/web/weather/ic-w-04-scattered-clouds-full.svg,Cần Thơ,-1.2149481208490758,0,-1.2215885886836328,0
2025-05-26 07:00:00+07:00,44.0,1.8,100.0,/dl/web/weather/ic-w-04-scattered-clouds-full.svg,Cần Thơ,-0.757069492601053,0,-1.2215885886836328,0
2025-05-26 08:00:00+07:00,50.0,5.5,89.0,/dl/web/weather/ic-w-04-scattered-clouds-full.svg,Cần Thơ,-0.5073175135566771,0,-0.6788488104649723,0
2025-05-26 09:00:00+07:00,39.0,1.8,79.0,/dl/web/weather/ic-w-04-scattered-clouds-full.svg,Cần Thơ,-0.9651961418046997,0,-1.2215885886836328,0
2025-05-26 10:00:00+07:00,22.0,5.5,74.0,/dl/web/weather/ic-w-04-scattered-clouds-full.svg,Cần Thơ,-1.6728267490970983,0,-0.6788488104649723,0
2025-05-26 11:00:00+07:00,22.0,5.5,62.0,/dl/web/weather/ic-w-04-scattered-clouds-full.svg,Cần Thơ,-1.6728267490970983,0,-0.6788488104649723,0
2025-05-26 12:00:00+07:00,22.0,11.1,62.0,/dl/web/weather/ic-w-04-scattered-clouds-full.svg,Cần Thơ,-1.6728267490970983,0,0.14259517819029818,0
2025-05-26 13:00:00+07:00,17.0,9.2,66.0,/dl/web/weather/ic-w-04-scattered-clouds-full.svg,Cần Thơ,-1.880953398300745,0,-0.1361090322463115,0
2025-05-26 14:00:00+07:00,6.0,9.2,66.0,/dl/web/weather/ic-w-04-scattered-clouds-full.svg,Cần Thơ,-2.3388320265487677,0,-0.1361090322463115,0
2025-05-26 15:00:00+07:00,11.0,3.7,66.0,/dl/web/weather/ic-w-04-scattered-clouds-full.svg,Cần Thơ,-2.130705377345121,0,-0.9428843782470234,0
2025-05-26 17:00:00+07:00,28.0,9.2,70.0,/dl/web/weather/ic-w-04-scattered-clouds-full.svg,Cần Thơ,-1.4230747700527224,0,-0.1361090322463115,0
2025-05-26 18:00:00+07:00,33.0,9.2,70.0,/dl/web/weather/ic-w-04-scattered-clouds-full.svg,Cần Thơ,-1.2149481208490758,0,-0.1361090322463115,0
2025-05-26 19:00:00+07:00,22.0,3.7,79.0,/dl/web/weather/ic-w-04-scattered-clouds-full.svg,Cần Thơ,-1.6728267490970983,0,-0.9428843782470234,0
2025-05-26 20:00:00+07:00,56.0,5.5,89.0,/dl/web/weather/ic-w-11-night-few-clouds-full.svg,Cần Thơ,-0.25756553451230113,0,-0.6788488104649723,0
2025-05-26 21:00:00+07:00,56.0,1.8,94.0,/dl/web/weather/ic-w-11-night-few-clouds-full.svg,Cần Thơ,-0.25756553451230113,0,-1.2215885886836328,0
2025-05-26 22:00:00+07:00,69.0,0.0,100.0,/dl/web/weather/ic-w-11-night-few-clouds-full.svg,Cần Thơ,0.28356375341718015,0,-1.4856241564656842,0
2025-05-26 23:00:00+07:00,84.0,9.2,89.0,/dl/web/weather/ic-w-11-night-few-clouds-full.svg,Cần Thơ,0.9079437010281202,0,-0.1361090322463115,0
2025-05-27 00:00:00+07:00,73.0,3.7,94.0,/dl/web/weather/ic-w-04-scattered-clouds-full.svg,Cần Thơ,0.4500650727800975,0,-0.9428843782470234,0
2025-05-27 01:00:00+07:00,64.0,0.0,94.0,/dl/web/weather/ic-w-11-night-few-clouds-full.svg,Cần Thơ,0.07543710421353352,0,-1.4856241564656842,0
2025-05-27 02:00:00+07:00,55.0,0.0,94.0,/dl/web/weather/ic-w-11-night-few-clouds-full.svg,Cần Thơ,-0.29919086435303044,0,-1.4856241564656842,0
2025-05-27 03:00:00+07:00,55.0,3.7,100.0,/dl/web/weather/ic-w-11-night-few-clouds-full.svg,Cần Thơ,-0.29919086435303044,0,-0.9428843782470234,0
2025-05-27 04:00:00+07:00,39.0,3.7,100.0,/dl/web/weather/ic-w-11-night-few-clouds-full.svg,Cần Thơ,-0.9651961418046997,0,-0.9428843782470234,0
2025-05-27 05:00:00+07:00,28.0,5.5,94.0,/dl/web/weather/ic-w-11-night-few-clouds-full.svg,Cần Thơ,-1.4230747700527224,0,-0.6788488104649723,0
2025-05-27 06:00:00+07:00,28.0,3.7,100.0,/dl/web/weather/ic-w-02-new-clouds-full.svg,Cần Thơ,-1.4230747700527224,0,-0.9428843782470234,0
2025-05-27 07:00:00+07:00,68.0,1.8,100.0,/dl/web/weather/ic-w-02-new-clouds-full.svg,Cần Thơ,0.24193842357645082,0,-1.2215885886836328,0
2025-05-27 08:00:00+07:00,53.0,3.7,84.0,/dl/web/weather/ic-w-02-new-clouds-full.svg,Cần Thơ,-0.3824415240344891,0,-0.9428843782470234,0
2025-05-27 09:00:00+07:00,28.0,3.7,79.0,/dl/web/weather/ic-w-02-new-clouds-full.svg,Cần Thơ,-1.4230747700527224,0,-0.9428843782470234,0
2025-05-27 10:00:00+07:00,22.0,3.7,70.0,/dl/web/weather/ic-w-04-scattered-clouds-full.svg,Cần Thơ,-1.6728267490970983,0,-0.9428843782470234,0
2025-05-27 11:00:00+07:00,22.0,1.8,70.0,/dl/web/weather/ic-w-04-scattered-clouds-full.svg,Cần Thơ,-1.6728267490970983,0,-1.2215885886836328,0
2025-05-27 12:00:00+07:00,17.0,1.8,70.0,/dl/web/weather/ic-w-04-scattered-clouds-full.svg,Cần Thơ,-1.880953398300745,0,-1.2215885886836328,0
2025-05-27 13:00:00+07:00,22.0,5.5,74.0,/dl/web/weather/ic-w-04-scattered-clouds-full.svg,Cần Thơ,-1.6728267490970983,0,-0.6788488104649723,0
2025-05-27 14:00:00+07:00,17.0,5.5,74.0,/dl/web/weather/ic-w-04-scattered-clouds-full.svg,Cần Thơ,-1.880953398300745,0,-0.6788488104649723,0
2025-05-27 15:00:00+07:00,22.0,16.7,84.0,/dl/web/weather/ic-w-06-rain-full.svg,Cần Thơ,-1.6728267490970983,0,0.9640391668455686,0
2025-05-27 16:00:00+07:00,22.0,7.4,100.0,/dl/web/weather/ic-w-06-rain-full.svg,Cần Thơ,-1.6728267490970983,0,-0.40014460002836255,0
2025-05-27 17:00:00+07:00,39.0,11.1,100.0,/dl/web/weather/ic-w-06-rain-full.svg,Cần Thơ,-0.9651961418046997,0,0.14259517819029818,0
2025-05-27 18:00:00+07:00,44.0,24.1,100.0,/dl/web/weather/ic-w-07-thunderstorms-full.svg,Cần Thơ,-0.757069492601053,0,2.0495187232828904,0
2025-05-27 19:00:00+07:00,11.0,13.0,100.0,/dl/web/weather/ic-w-07-thunderstorms-full.svg,Cần Thơ,-2.130705377345121,0,0.42129938862690786,0
2025-05-27 20:00:00+07:00,17.0,1.8,100.0,/dl/web/weather/ic-w-07-thunderstorms-full.svg,Cần Thơ,-1.880953398300745,0,-1.2215885886836328,0
2025-05-27 21:00:00+07:00,17.0,1.8,100.0,/dl/web/weather/ic-w-12-night-rain-full.svg,Cần Thơ,-1.880953398300745,0,-1.2215885886836328,0
2025-05-27 22:00:00+07:00,22.0,3.7,100.0,/dl/web/weather/ic-w-04-scattered-clouds-full.svg,Cần Thơ,-1.6728267490970983,0,-0.9428843782470234,0
2025-05-27 23:00:00+07:00,44.0,1.8,100.0,/dl/web/weather/ic-w-04-scattered-clouds-full.svg,Cần Thơ,-0.757069492601053,0,-1.2215885886836328,0
2025-05-28 00:00:00+07:00,28.0,1.8,100.0,/dl/web/weather/ic-w-04-scattered-clouds-full.svg,Cần Thơ,-1.4230747700527224,0,-1.2215885886836328,0
2025-05-28 01:00:00+07:00,22.0,1.8,100.0,/dl/web/weather/ic-w-04-scattered-clouds-full.svg,Cần Thơ,-1.6728267490970983,0,-1.2215885886836328,0
2025-05-28 02:00:00+07:00,28.0,3.7,100.0,/dl/web/weather/ic-w-04-scattered-clouds-full.svg,Cần Thơ,-1.4230747700527224,0,-0.9428843782470234,0
2025-05-28 03:00:00+07:00,64.0,0.0,100.0,/dl/web/weather/ic-w-04-scattered-clouds-full.svg,Cần Thơ,0.07543710421353352,0,-1.4856241564656842,0
2025-05-28 04:00:00+07:00,77.0,0.0,100.0,/dl/web/weather/ic-w-04-scattered-clouds-full.svg,Cần Thơ,0.6165663921430148,0,-1.4856241564656842,0
2025-05-28 05:00:00+07:00,71.0,1.8,100.0,/dl/web/weather/ic-w-04-scattered-clouds-full.svg,Cần Thơ,0.3668144130986388,0,-1.2215885886836328,0
2025-05-28 06:00:00+07:00,69.0,0.0,100.0,/dl/web/weather/ic-w-04-scattered-clouds-full.svg,Cần Thơ,0.28356375341718015,0,-1.4856241564656842,0
2025-05-28 07:00:00+07:00,69.0,0.0,100.0,/dl/web/weather/ic-w-04-scattered-clouds-full.svg,Cần Thơ,0.28356375341718015,0,-1.4856241564656842,0
2025-05-28 08:00:00+07:00,92.0,0.0,100.0,/dl/web/weather/ic-w-04-scattered-clouds-full.svg,Cần Thơ,1.2409463397539549,0,-1.4856241564656842,0
2025-05-28 09:00:00+07:00,53.0,1.8,94.0,/dl/web/weather/ic-w-04-scattered-clouds-full.svg,Cần Thơ,-0.3824415240344891,0,-1.2215885886836328,0
2025-05-28 10:00:00+07:00,28.0,9.2,79.0,/dl/web/weather/ic-w-04-scattered-clouds-full.svg,Cần Thơ,-1.4230747700527224,0,-0.1361090322463115,0
2025-05-28 11:00:00+07:00,28.0,7.4,79.0,/dl/web/weather/ic-w-04-scattered-clouds-full.svg,Cần Thơ,-1.4230747700527224,0,-0.40014460002836255,0
2025-05-28 12:00:00+07:00,22.0,11.1,79.0,/dl/web/weather/ic-w-04-scattered-clouds-full.svg,Cần Thơ,-1.6728267490970983,0,0.14259517819029818,0
2025-05-28 13:00:00+07:00,22.0,9.2,75.0,/dl/web/weather/ic-w-04-scattered-clouds-full.svg,Cần Thơ,-1.6728267490970983,0,-0.1361090322463115,0
2025-05-28 14:00:00+07:00,17.0,9.2,75.0,/dl/web/weather/ic-w-04-scattered-clouds-full.svg,Cần Thơ,-1.880953398300745,0,-0.1361090322463115,0
2025-05-28 15:00:00+07:00,22.0,9.2,94.0,/dl/web/weather/ic-w-04-scattered-clouds-full.svg,Cần Thơ,-1.6728267490970983,0,-0.1361090322463115,0
2025-05-28 16:00:00+07:00,28.0,9.2,84.0,/dl/web/weather/ic-w-04-scattered-clouds-full.svg,Cần Thơ,-1.4230747700527224,0,-0.1361090322463115,0
2025-05-28 17:00:00+07:00,44.0,7.4,84.0,/dl/web/weather/ic-w-04-scattered-clouds-full.svg,Cần Thơ,-0.757069492601053,0,-0.40014460002836255,0
2025-05-28 18:00:00+07:00,53.0,5.5,84.0,/dl/web/weather/ic-w-02-new-clouds-full.svg,Cần Thơ,-0.3824415240344891,0,-0.6788488104649723,0
2025-05-28 19:00:00+07:00,53.0,3.7,94.0,/dl/web/weather/ic-w-04-scattered-clouds-full.svg,Cần Thơ,-0.3824415240344891,0,-0.9428843782470234,0
2025-05-28 20:00:00+07:00,60.0,3.7,94.0,/dl/web/weather/ic-w-04-scattered-clouds-full.svg,Cần Thơ,-0.09106421514938381,0,-0.9428843782470234,0
2025-05-28 21:00:00+07:00,60.0,3.7,94.0,/dl/web/weather/ic-w-12-night-rain-full.svg,Cần Thơ,-0.09106421514938381,0,-0.9428843782470234,0
2025-05-28 22:00:00+07:00,64.0,1.8,100.0,/dl/web/weather/ic-w-04-scattered-clouds-full.svg,Cần Thơ,0.07543710421353352,0,-1.2215885886836328,0
2025-05-28 23:00:00+07:00,77.0,1.8,100.0,/dl/web/weather/ic-w-04-scattered-clouds-full.svg,Cần Thơ,0.6165663921430148,0,-1.2215885886836328,0
2025-05-29 00:00:00+07:00,75.0,3.7,100.0,/dl/web/weather/ic-w-12-night-rain-full.svg,Cần Thơ,0.5333157324615562,0,-0.9428843782470234,0
2025-05-29 01:00:00+07:00,50.0,5.5,94.0,/dl/web/weather/ic-w-12-night-rain-full.svg,Cần Thơ,-0.5073175135566771,0,-0.6788488104649723,0
2025-05-29 02:00:00+07:00,50.0,3.7,100.0,/dl/web/weather/ic-w-12-night-rain-full.svg,Cần Thơ,-0.5073175135566771,0,-0.9428843782470234,0
2025-05-29 03:00:00+07:00,53.0,1.8,100.0,/dl/web/weather/ic-w-12-night-rain-full.svg,Cần Thơ,-0.3824415240344891,0,-1.2215885886836328,0
2025-05-29 04:00:00+07:00,17.0,3.7,100.0,/dl/web/weather/ic-w-12-night-rain-full.svg,Cần Thơ,-1.880953398300745,0,-0.9428843782470234,0
2025-05-29 05:00:00+07:00,39.0,3.7,100.0,/dl/web/weather/ic-w-12-night-rain-full.svg,Cần Thơ,-0.9651961418046997,0,-0.9428843782470234,0
2025-05-29 06:00:00+07:00,50.0,1.8,100.0,/dl/web/weather/ic-w-06-rain-full.svg,Cần Thơ,-0.5073175135566771,0,-1.2215885886836328,0
2025-05-29 07:00:00+07:00,60.0,1.8,100.0,/dl/web/weather/ic-w-06-rain-full.svg,Cần Thơ,-0.09106421514938381,0,-1.2215885886836328,0
2025-05-29 08:00:00+07:00,84.0,1.8,100.0,/dl/web/weather/ic-w-06-rain-full.svg,Cần Thơ,0.9079437010281202,0,-1.2215885886836328,0
2025-05-29 09:00:00+07:00,71.0,0.0,89.0,/dl/web/weather/ic-w-06-rain-full.svg,Cần Thơ,0.3668144130986388,0,-1.4856241564656842,0
2025-05-29 10:00:00+07:00,53.0,7.4,84.0,/dl/web/weather/ic-w-04-scattered-clouds-full.svg,Cần Thơ,-0.3824415240344891,0,-0.40014460002836255,0
2025-05-29 11:00:00+07:00,53.0,11.1,79.0,/dl/web/weather/ic-w-04-scattered-clouds-full.svg,Cần Thơ,-0.3824415240344891,0,0.14259517819029818,0
2025-05-29 12:00:00+07:00,22.0,11.1,79.0,/dl/web/weather/ic-w-04-scattered-clouds-full.svg,Cần Thơ,-1.6728267490970983,0,0.14259517819029818,0
2025-05-29 13:00:00+07:00,17.0,14.8,94.0,/dl/web/weather/ic-w-06-rain-full.svg,Cần Thơ,-1.880953398300745,0,0.6853349564089591,0
2025-05-29 14:00:00+07:00,17.0,13.0,94.0,/dl/web/weather/ic-w-06-rain-full.svg,Cần Thơ,-1.880953398300745,0,0.42129938862690786,0
2025-05-29 15:00:00+07:00,44.0,7.4,89.0,/dl/web/weather/ic-w-06-rain-full.svg,Cần Thơ,-0.757069492601053,0,-0.40014460002836255,0
2025-05-29 16:00:00+07:00,33.0,11.1,89.0,/dl/web/weather/ic-w-06-rain-full.svg,Cần Thơ,-1.2149481208490758,0,0.14259517819029818,0
2025-05-29 17:00:00+07:00,28.0,11.1,94.0,/dl/web/weather/ic-w-06-rain-full.svg,Cần Thơ,-1.4230747700527224,0,0.14259517819029818,0
2025-05-29 18:00:00+07:00,50.0,5.5,100.0,/dl/web/weather/ic-w-06-rain-full.svg,Cần Thơ,-0.5073175135566771,0,-0.6788488104649723,0
2025-05-29 19:00:00+07:00,22.0,3.7,100.0,/dl/web/weather/ic-w-12-night-rain-full.svg,Cần Thơ,-1.6728267490970983,0,-0.9428843782470234,0
2025-05-29 20:00:00+07:00,39.0,5.5,100.0,/dl/web/weather/ic-w-12-night-rain-full.svg,Cần Thơ,-0.9651961418046997,0,-0.6788488104649723,0
2025-05-29 21:00:00+07:00,39.0,3.7,100.0,/dl/web/weather/ic-w-12-night-rain-full.svg,Cần Thơ,-0.9651961418046997,0,-0.9428843782470234,0
2025-05-29 22:00:00+07:00,39.0,13.0,100.0,/dl/web/weather/ic-w-12-night-rain-full.svg,Cần Thơ,-0.9651961418046997,0,0.42129938862690786,0
2025-05-29 23:00:00+07:00,6.0,13.0,100.0,/dl/web/weather/ic-w-12-night-rain-full.svg,Cần Thơ,-2.3388320265487677,0,0.42129938862690786,0
2025-05-30 00:00:00+07:00,6.0,5.5,100.0,/dl/web/weather/ic-w-12-night-rain-full.svg,Cần Thơ,-2.3388320265487677,0,-0.6788488104649723,0
2025-05-30 01:00:00+07:00,6.0,5.5,100.0,/dl/web/weather/ic-w-12-night-rain-full.svg,Cần Thơ,-2.3388320265487677,0,-0.6788488104649723,0
2025-05-30 02:00:00+07:00,11.0,7.4,100.0,/dl/web/weather/ic-w-12-night-rain-full.svg,Cần Thơ,-2.130705377345121,0,-0.40014460002836255,0
2025-05-30 03:00:00+07:00,22.0,5.5,100.0,/dl/web/weather/ic-w-12-night-rain-full.svg,Cần Thơ,-1.6728267490970983,0,-0.6788488104649723,0
2025-05-30 04:00:00+07:00,22.0,3.7,100.0,/dl/web/weather/ic-w-12-night-rain-full.svg,Cần Thơ,-1.6728267490970983,0,-0.9428843782470234,0
2025-05-30 05:00:00+07:00,17.0,3.7,100.0,/dl/web/weather/ic-w-12-night-rain-full.svg,Cần Thơ,-1.880953398300745,0,-0.9428843782470234,0
2025-05-30 06:00:00+07:00,22.0,3.7,100.0,/dl/web/weather/ic-w-12-night-rain-full.svg,Cần Thơ,-1.6728267490970983,0,-0.9428843782470234,0
2025-05-30 07:00:00+07:00,53.0,7.4,100.0,/dl/web/weather/ic-w-04-scattered-clouds-full.svg,Cần Thơ,-0.3824415240344891,0,-0.40014460002836255,0
2025-05-30 08:00:00+07:00,58.0,5.5,100.0,/dl/web/weather/ic-w-04-scattered-clouds-full.svg,Cần Thơ,-0.1743148748308425,0,-0.6788488104649723,0
2025-05-30 09:00:00+07:00,28.0,3.7,89.0,/dl/web/weather/ic-w-04-scattered-clouds-full.svg,Cần Thơ,-1.4230747700527224,0,-0.9428843782470234,0
2025-05-30 10:00:00+07:00,22.0,1.8,89.0,/dl/web/weather/ic-w-04-scattered-clouds-full.svg,Cần Thơ,-1.6728267490970983,0,-1.2215885886836328,0
2025-05-30 11:00:00+07:00,22.0,11.1,94.0,/dl/web/weather/ic-w-04-scattered-clouds-full.svg,Cần Thơ,-1.6728267490970983,0,0.14259517819029818,0
2025-05-30 12:00:00+07:00,22.0,3.7,89.0,/dl/web/weather/ic-w-04-scattered-clouds-full.svg,Cần Thơ,-1.6728267490970983,0,-0.9428843782470234,0
2025-05-30 13:00:00+07:00,17.0,5.5,89.0,/dl/web/weather/ic-w-04-scattered-clouds-full.svg,Cần Thơ,-1.880953398300745,0,-0.6788488104649723,0
2025-05-30 14:00:00+07:00,17.0,14.8,79.0,/dl/web/weather/ic-w-04-scattered-clouds-full.svg,Cần Thơ,-1.880953398300745,0,0.6853349564089591,0
2025-05-30 15:00:00+07:00,17.0,7.4,84.0,/dl/web/weather/ic-w-04-scattered-clouds-full.svg,Cần Thơ,-1.880953398300745,0,-0.40014460002836255,0
2025-05-30 16:00:00+07:00,11.0,7.4,84.0,/dl/web/weather/ic-w-04-scattered-clouds-full.svg,Cần Thơ,-2.130705377345121,0,-0.40014460002836255,0
2025-05-30 17:00:00+07:00,11.0,7.4,79.0,/dl/web/weather/ic-w-04-scattered-clouds-full.svg,Cần Thơ,-2.130705377345121,0,-0.40014460002836255,0
2025-05-30 18:00:00+07:00,22.0,7.4,79.0,/dl/web/weather/ic-w-04-scattered-clouds-full.svg,Cần Thơ,-1.6728267490970983,0,-0.40014460002836255,0
2025-05-30 19:00:00+07:00,28.0,11.1,94.0,/dl/web/weather/ic-w-04-scattered-clouds-full.svg,Cần Thơ,-1.4230747700527224,0,0.14259517819029818,0
2025-05-30 20:00:00+07:00,39.0,9.2,94.0,/dl/web/weather/ic-w-04-scattered-clouds-full.svg,Cần Thơ,-0.9651961418046997,0,-0.1361090322463115,0
2025-05-30 21:00:00+07:00,39.0,3.7,100.0,/dl/web/weather/ic-w-04-scattered-clouds-full.svg,Cần Thơ,-0.9651961418046997,0,-0.9428843782470234,0
2025-05-30 22:00:00+07:00,44.0,1.8,94.0,/dl/web/weather/ic-w-04-scattered-clouds-full.svg,Cần Thơ,-0.757069492601053,0,-1.2215885886836328,0
2025-05-30 23:00:00+07:00,55.0,5.5,100.0,/dl/web/weather/ic-w-04-scattered-clouds-full.svg,Cần Thơ,-0.29919086435303044,0,-0.6788488104649723,0
2025-05-31 00:00:00+07:00,50.0,5.5,100.0,/dl/web/weather/ic-w-04-scattered-clouds-full.svg,Cần Thơ,-0.5073175135566771,0,-0.6788488104649723,0
2025-05-31 01:00:00+07:00,28.0,3.7,100.0,/dl/web/weather/ic-w-04-scattered-clouds-full.svg,Cần Thơ,-1.4230747700527224,0,-0.9428843782470234,0
2025-05-31 02:00:00+07:00,28.0,0.0,100.0,/dl/web/weather/ic-w-04-scattered-clouds-full.svg,Cần Thơ,-1.4230747700527224,0,-1.4856241564656842,0
2025-05-31 03:00:00+07:00,60.0,0.0,100.0,/dl/web/weather/ic-w-04-scattered-clouds-full.svg,Cần Thơ,-0.09106421514938381,0,-1.4856241564656842,0
2025-05-31 04:00:00+07:00,50.0,0.0,100.0,/dl/web/weather/ic-w-04-scattered-clouds-full.svg,Cần Thơ,-0.5073175135566771,0,-1.4856241564656842,0
2025-05-31 05:00:00+07:00,33.0,0.0,100.0,/dl/web/weather/ic-w-04-scattered-clouds-full.svg,Cần Thơ,-1.2149481208490758,0,-1.4856241564656842,0
2025-05-31 06:00:00+07:00,22.0,3.7,100.0,/dl/web/weather/ic-w-04-scattered-clouds-full.svg,Cần Thơ,-1.6728267490970983,0,-0.9428843782470234,0
2025-05-31 07:00:00+07:00,28.0,5.5,100.0,/dl/web/weather/ic-w-04-scattered-clouds-full.svg,Cần Thơ,-1.4230747700527224,0,-0.6788488104649723,0
2025-05-31 08:00:00+07:00,39.0,5.5,94.0,/dl/web/weather/ic-w-02-new-clouds-full.svg,Cần Thơ,-0.9651961418046997,0,-0.6788488104649723,0
2025-05-31 09:00:00+07:00,33.0,13.0,84.0,/dl/web/weather/ic-w-02-new-clouds-full.svg,Cần Thơ,-1.2149481208490758,0,0.42129938862690786,0
2025-05-31 10:00:00+07:00,39.0,11.1,74.0,/dl/web/weather/ic-w-02-new-clouds-full.svg,Cần Thơ,-0.9651961418046997,0,0.14259517819029818,0
2025-05-31 11:00:00+07:00,39.0,18.5,70.0,/dl/web/weather/ic-w-02-new-clouds-full.svg,Cần Thơ,-0.9651961418046997,0,1.22807473462762,0
2025-05-31 12:00:00+07:00,33.0,22.2,84.0,/dl/web/weather/ic-w-06-rain-full.svg,Cần Thơ,-1.2149481208490758,0,1.7708145128462807,0
2025-05-31 13:00:00+07:00,33.0,9.2,89.0,/dl/web/weather/ic-w-06-rain-full.svg,Cần Thơ,-1.2149481208490758,0,-0.1361090322463115,0
2025-05-31 14:00:00+07:00,22.0,25.6,79.0,/dl/web/weather/ic-w-06-rain-full.svg,Cần Thơ,-1.6728267490970983,0,2.2695483631012667,0
2025-05-31 15:00:00+07:00,28.0,7.4,70.0,/dl/web/weather/ic-w-04-scattered-clouds-full.svg,Cần Thơ,-1.4230747700527224,0,-0.40014460002836255,0
2025-05-31 16:00:00+07:00,55.0,5.5,79.0,/dl/web/weather/ic-w-06-rain-full.svg,Cần Thơ,-0.29919086435303044,0,-0.6788488104649723,0
2025-05-31 17:00:00+07:00,55.0,1.8,79.0,/dl/web/weather/ic-w-04-scattered-clouds-full.svg,Cần Thơ,-0.29919086435303044,0,-1.2215885886836328,0
2025-05-31 18:00:00+07:00,50.0,1.8,79.0,/dl/web/weather/ic-w-04-scattered-clouds-full.svg,Cần Thơ,-0.5073175135566771,0,-1.2215885886836328,0
2025-05-31 19:00:00+07:00,33.0,0.0,89.0,/dl/web/weather/ic-w-04-scattered-clouds-full.svg,Cần Thơ,-1.2149481208490758,0,-1.4856241564656842,0
2025-05-31 20:00:00+07:00,68.0,1.8,100.0,/dl/web/weather/ic-w-04-scattered-clouds-full.svg,Cần Thơ,0.24193842357645082,0,-1.2215885886836328,0
2025-05-31 21:00:00+07:00,68.0,1.8,100.0,/dl/web/weather/ic-w-04-scattered-clouds-full.svg,Cần Thơ,0.24193842357645082,0,-1.2215885886836328,0
2025-05-31 22:00:00+07:00,58.0,0.0,100.0,/dl/web/weather/ic-w-04-scattered-clouds-full.svg,Cần Thơ,-0.1743148748308425,0,-1.4856241564656842,0
2025-05-31 23:00:00+07:00,62.0,3.7,100.0,/dl/web/weather/ic-w-04-scattered-clouds-full.svg,Cần Thơ,-0.007813555467925153,0,-0.9428843782470234,0
2025-06-01 00:00:00+07:00,66.0,3.7,100.0,/dl/web/weather/ic-w-04-scattered-clouds-full.svg,Cần Thơ,0.15868776389499217,0,-0.9428843782470234,0
2025-06-01 01:00:00+07:00,56.0,5.5,100.0,/dl/web/weather/ic-w-04-scattered-clouds-full.svg,Cần Thơ,-0.25756553451230113,0,-0.6788488104649723,0
2025-06-01 02:00:00+07:00,50.0,5.5,100.0,/dl/web/weather/ic-w-04-scattered-clouds-full.svg,Cần Thơ,-0.5073175135566771,0,-0.6788488104649723,0
2025-06-01 03:00:00+07:00,39.0,3.7,100.0,/dl/web/weather/ic-w-04-scattered-clouds-full.svg,Cần Thơ,-0.9651961418046997,0,-0.9428843782470234,0
2025-06-01 04:00:00+07:00,33.0,1.8,100.0,/dl/web/weather/ic-w-04-scattered-clouds-full.svg,Cần Thơ,-1.2149481208490758,0,-1.2215885886836328,0
2025-06-01 05:00:00+07:00,33.0,1.8,100.0,/dl/web/weather/ic-w-04-scattered-clouds-full.svg,Cần Thơ,-1.2149481208490758,0,-1.2215885886836328,0
2025-06-01 06:00:00+07:00,50.0,1.8,100.0,/dl/web/weather/ic-w-04-scattered-clouds-full.svg,Cần Thơ,-0.5073175135566771,0,-1.2215885886836328,0
2025-06-01 07:00:00+07:00,68.0,1.8,100.0,/dl/web/weather/ic-w-02-new-clouds-full.svg,Cần Thơ,0.24193842357645082,0,-1.2215885886836328,0
2025-06-01 08:00:00+07:00,62.0,3.7,89.0,/dl/web/weather/ic-w-04-scattered-clouds-full.svg,Cần Thơ,-0.007813555467925153,0,-0.9428843782470234,0
2025-06-01 09:00:00+07:00,44.0,9.2,89.0,/dl/web/weather/ic-w-04-scattered-clouds-full.svg,Cần Thơ,-0.757069492601053,0,-0.1361090322463115,0
2025-06-01 10:00:00+07:00,44.0,9.2,70.0,/dl/web/weather/ic-w-04-scattered-clouds-full.svg,Cần Thơ,-0.757069492601053,0,-0.1361090322463115,0
2025-06-01 11:00:00+07:00,50.0,9.2,70.0,/dl/web/weather/ic-w-04-scattered-clouds-full.svg,Cần Thơ,-0.5073175135566771,0,-0.1361090322463115,0
2025-06-01 12:00:00+07:00,50.0,11.1,66.0,/dl/web/weather/ic-w-04-scattered-clouds-full.svg,Cần Thơ,-0.5073175135566771,0,0.14259517819029818,0
2025-06-01 13:00:00+07:00,44.0,16.7,70.0,/dl/web/weather/ic-w-04-scattered-clouds-full.svg,Cần Thơ,-0.757069492601053,0,0.9640391668455686,0
2025-06-01 14:00:00+07:00,50.0,18.5,66.0,/dl/web/weather/ic-w-04-scattered-clouds-full.svg,Cần Thơ,-0.5073175135566771,0,1.22807473462762,0
2025-06-01 15:00:00+07:00,53.0,16.7,59.0,/dl/web/weather/ic-w-04-scattered-clouds-full.svg,Cần Thơ,-0.3824415240344891,0,0.9640391668455686,0
2025-06-01 16:00:00+07:00,53.0,20.4,59.0,/dl/web/weather/ic-w-04-scattered-clouds-full.svg,Cần Thơ,-0.3824415240344891,0,1.5067789450642293,0
2025-06-01 17:00:00+07:00,56.0,9.2,66.0,/dl/web/weather/ic-w-04-scattered-clouds-full.svg,Cần Thơ,-0.25756553451230113,0,-0.1361090322463115,0
2025-06-01 18:00:00+07:00,60.0,9.2,66.0,/dl/web/weather/ic-w-04-scattered-clouds-full.svg,Cần Thơ,-0.09106421514938381,0,-0.1361090322463115,0
2025-06-01 19:00:00+07:00,64.0,5.5,79.0,/dl/web/weather/ic-w-12-night-rain-full.svg,Cần Thơ,0.07543710421353352,0,-0.6788488104649723,0
2025-06-01 20:00:00+07:00,58.0,7.4,89.0,/dl/web/weather/ic-w-12-night-rain-full.svg,Cần Thơ,-0.1743148748308425,0,-0.40014460002836255,0
2025-06-01 21:00:00+07:00,58.0,7.4,94.0,/dl/web/weather/ic-w-12-night-rain-full.svg,Cần Thơ,-0.1743148748308425,0,-0.40014460002836255,0
2025-06-01 22:00:00+07:00,58.0,7.4,94.0,/dl/web/weather/ic-w-12-night-rain-full.svg,Cần Thơ,-0.1743148748308425,0,-0.40014460002836255,0
2025-06-01 23:00:00+07:00,60.0,3.7,94.0,/dl/web/weather/ic-w-11-night-few-clouds-full.svg,Cần Thơ,-0.09106421514938381,0,-0.9428843782470234,0
2025-06-02 00:00:00+07:00,79.0,7.4,100.0,/dl/web/weather/ic-w-12-night-rain-full.svg,Cần Thơ,0.6998170518244735,0,-0.40014460002836255,0
2025-06-02 01:00:00+07:00,58.0,7.4,100.0,/dl/web/weather/ic-w-12-night-rain-full.svg,Cần Thơ,-0.1743148748308425,0,-0.40014460002836255,0
2025-06-02 02:00:00+07:00,50.0,0.0,100.0,/dl/web/weather/ic-w-12-night-rain-full.svg,Cần Thơ,-0.5073175135566771,0,-1.4856241564656842,0
2025-06-02 03:00:00+07:00,50.0,1.8,100.0,/dl/web/weather/ic-w-04-scattered-clouds-full.svg,Cần Thơ,-0.5073175135566771,0,-1.2215885886836328,0
2025-06-02 04:00:00+07:00,55.0,1.8,100.0,/dl/web/weather/ic-w-04-scattered-clouds-full.svg,Cần Thơ,-0.29919086435303044,0,-1.2215885886836328,0
2025-06-02 05:00:00+07:00,56.0,5.5,100.0,/dl/web/weather/ic-w-04-scattered-clouds-full.svg,Cần Thơ,-0.25756553451230113,0,-0.6788488104649723,0
2025-06-02 06:00:00+07:00,56.0,3.7,100.0,/dl/web/weather/ic-w-04-scattered-clouds-full.svg,Cần Thơ,-0.25756553451230113,0,-0.9428843782470234,0
2025-06-02 07:00:00+07:00,60.0,3.7,100.0,/dl/web/weather/ic-w-04-scattered-clouds-full.svg,Cần Thơ,-0.09106421514938381,0,-0.9428843782470234,0
2025-06-02 08:00:00+07:00,66.0,7.4,89.0,/dl/web/weather/ic-w-04-scattered-clouds-full.svg,Cần Thơ,0.15868776389499217,0,-0.40014460002836255,0
2025-06-02 09:00:00+07:00,62.0,9.2,89.0,/dl/web/weather/ic-w-04-scattered-clouds-full.svg,Cần Thơ,-0.007813555467925153,0,-0.1361090322463115,0
2025-06-02 10:00:00+07:00,60.0,14.8,79.0,/dl/web/weather/ic-w-04-scattered-clouds-full.svg,Cần Thơ,-0.09106421514938381,0,0.6853349564089591,0
2025-06-02 11:00:00+07:00,53.0,20.4,84.0,/dl/web/weather/ic-w-04-scattered-clouds-full.svg,Cần Thơ,-0.3824415240344891,0,1.5067789450642293,0
2025-06-02 12:00:00+07:00,53.0,16.7,74.0,/dl/web/weather/ic-w-04-scattered-clouds-full.svg,Cần Thơ,-0.3824415240344891,0,0.9640391668455686,0
2025-06-02 13:00:00+07:00,53.0,18.5,79.0,/dl/web/weather/ic-w-04-scattered-clouds-full.svg,Cần Thơ,-0.3824415240344891,0,1.22807473462762,0
2025-06-02 14:00:00+07:00,58.0,13.0,75.0,/dl/web/weather/ic-w-06-rain-full.svg,Cần Thơ,-0.1743148748308425,0,0.42129938862690786,0
2025-06-02 15:00:00+07:00,66.0,13.0,79.0,/dl/web/weather/ic-w-04-scattered-clouds-full.svg,Cần Thơ,0.15868776389499217,0,0.42129938862690786,0
2025-06-02 16:00:00+07:00,69.0,16.7,74.0,/dl/web/weather/ic-w-04-scattered-clouds-full.svg,Cần Thơ,0.28356375341718015,0,0.9640391668455686,0
2025-06-02 17:00:00+07:00,69.0,11.1,74.0,/dl/web/weather/ic-w-06-rain-full.svg,Cần Thơ,0.28356375341718015,0,0.14259517819029818,0
2025-06-02 18:00:00+07:00,71.0,7.4,84.0,/dl/web/weather/ic-w-06-rain-full.svg,Cần Thơ,0.3668144130986388,0,-0.40014460002836255,0
2025-06-02 19:00:00+07:00,77.0,5.5,89.0,/dl/web/weather/ic-w-12-night-rain-full.svg,Cần Thơ,0.6165663921430148,0,-0.6788488104649723,0
2025-06-02 20:00:00+07:00,81.0,3.7,94.0,/dl/web/weather/ic-w-12-night-rain-full.svg,Cần Thơ,0.7830677115059321,0,-0.9428843782470234,0
2025-06-02 21:00:00+07:00,81.0,3.7,94.0,/dl/web/weather/ic-w-04-scattered-clouds-full.svg,Cần Thơ,0.7830677115059321,0,-0.9428843782470234,0
2025-06-02 22:00:00+07:00,84.0,5.5,94.0,/dl/web/weather/ic-w-04-scattered-clouds-full.svg,Cần Thơ,0.9079437010281202,0,-0.6788488104649723,0
2025-06-02 23:00:00+07:00,84.0,7.4,94.0,/dl/web/weather/ic-w-12-night-rain-full.svg,Cần Thơ,0.9079437010281202,0,-0.40014460002836255,0
2025-06-03 00:00:00+07:00,84.0,5.5,100.0,/dl/web/weather/ic-w-04-scattered-clouds-full.svg,Cần Thơ,0.9079437010281202,0,-0.6788488104649723,0
2025-06-03 01:00:00+07:00,73.0,3.7,100.0,/dl/web/weather/ic-w-11-night-few-clouds-full.svg,Cần Thơ,0.4500650727800975,0,-0.9428843782470234,0
2025-06-03 02:00:00+07:00,77.0,5.5,100.0,/dl/web/weather/ic-w-04-scattered-clouds-full.svg,Cần Thơ,0.6165663921430148,0,-0.6788488104649723,0
2025-06-03 03:00:00+07:00,77.0,1.8,94.0,/dl/web/weather/ic-w-04-scattered-clouds-full.svg,Cần Thơ,0.6165663921430148,0,-1.2215885886836328,0
2025-06-03 04:00:00+07:00,79.0,0.0,94.0,/dl/web/weather/ic-w-12-night-rain-full.svg,Cần Thơ,0.6998170518244735,0,-1.4856241564656842,0
2025-06-03 05:00:00+07:00,69.0,3.7,100.0,/dl/web/weather/ic-w-04-scattered-clouds-full.svg,Cần Thơ,0.28356375341718015,0,-0.9428843782470234,0
2025-06-03 06:00:00+07:00,69.0,3.7,100.0,/dl/web/weather/ic-w-04-scattered-clouds-full.svg,Cần Thơ,0.28356375341718015,0,-0.9428843782470234,0
2025-06-03 07:00:00+07:00,53.0,1.8,100.0,/dl/web/weather/ic-w-06-rain-full.svg,Cần Thơ,-0.3824415240344891,0,-1.2215885886836328,0
2025-06-03 08:00:00+07:00,11.0,11.1,100.0,/dl/web/weather/ic-w-06-rain-full.svg,Cần Thơ,-2.130705377345121,0,0.14259517819029818,0
2025-06-03 09:00:00+07:00,17.0,9.2,100.0,/dl/web/weather/ic-w-06-rain-full.svg,Cần Thơ,-1.880953398300745,0,-0.1361090322463115,0
2025-06-03 10:00:00+07:00,17.0,3.7,100.0,/dl/web/weather/ic-w-06-rain-full.svg,Cần Thơ,-1.880953398300745,0,-0.9428843782470234,0
2025-06-03 11:00:00+07:00,22.0,7.4,89.0,/dl/web/weather/ic-w-06-rain-full.svg,Cần Thơ,-1.6728267490970983,0,-0.40014460002836255,0
2025-06-03 12:00:00+07:00,22.0,5.5,89.0,/dl/web/weather/ic-w-06-rain-full.svg,Cần Thơ,-1.6728267490970983,0,-0.6788488104649723,0
2025-06-03 13:00:00+07:00,28.0,7.4,89.0,/dl/web/weather/ic-w-06-rain-full.svg,Cần Thơ,-1.4230747700527224,0,-0.40014460002836255,0
2025-06-03 14:00:00+07:00,39.0,9.2,89.0,/dl/web/weather/ic-w-06-rain-full.svg,Cần Thơ,-0.9651961418046997,0,-0.1361090322463115,0
2025-06-03 15:00:00+07:00,28.0,13.0,94.0,/dl/web/weather/ic-w-04-scattered-clouds-full.svg,Cần Thơ,-1.4230747700527224,0,0.42129938862690786,0
2025-06-03 16:00:00+07:00,17.0,11.1,94.0,/dl/web/weather/ic-w-06-rain-full.svg,Cần Thơ,-1.880953398300745,0,0.14259517819029818,0
2025-06-03 17:00:00+07:00,22.0,9.2,94.0,/dl/web/weather/ic-w-06-rain-full.svg,Cần Thơ,-1.6728267490970983,0,-0.1361090322463115,0
2025-06-03 18:00:00+07:00,28.0,9.2,100.0,/dl/web/weather/ic-w-06-rain-full.svg,Cần Thơ,-1.4230747700527224,0,-0.1361090322463115,0
2025-06-03 19:00:00+07:00,28.0,11.1,94.0,/dl/web/weather/ic-w-12-night-rain-full.svg,Cần Thơ,-1.4230747700527224,0,0.14259517819029818,0
2025-06-03 20:00:00+07:00,28.0,13.0,94.0,/dl/web/weather/ic-w-04-scattered-clouds-full.svg,Cần Thơ,-1.4230747700527224,0,0.42129938862690786,0
2025-06-03 21:00:00+07:00,28.0,7.4,94.0,/dl/web/weather/ic-w-04-scattered-clouds-full.svg,Cần Thơ,-1.4230747700527224,0,-0.40014460002836255,0
2025-06-03 22:00:00+07:00,22.0,5.5,100.0,/dl/web/weather/ic-w-04-scattered-clouds-full.svg,Cần Thơ,-1.6728267490970983,0,-0.6788488104649723,0
2025-06-03 23:00:00+07:00,28.0,3.7,100.0,/dl/web/weather/ic-w-04-scattered-clouds-full.svg,Cần Thơ,-1.4230747700527224,0,-0.9428843782470234,0
2025-06-04 00:00:00+07:00,22.0,1.8,100.0,/dl/web/weather/ic-w-04-scattered-clouds-full.svg,Cần Thơ,-1.6728267490970983,0,-1.2215885886836328,0
2025-06-04 01:00:00+07:00,22.0,3.7,100.0,/dl/web/weather/ic-w-04-scattered-clouds-full.svg,Cần Thơ,-1.6728267490970983,0,-0.9428843782470234,0
2025-06-04 02:00:00+07:00,22.0,3.7,100.0,/dl/web/weather/ic-w-04-scattered-clouds-full.svg,Cần Thơ,-1.6728267490970983,0,-0.9428843782470234,0
2025-06-04 03:00:00+07:00,28.0,7.4,100.0,/dl/web/weather/ic-w-04-scattered-clouds-full.svg,Cần Thơ,-1.4230747700527224,0,-0.40014460002836255,0
2025-06-04 04:00:00+07:00,60.0,3.7,100.0,/dl/web/weather/ic-w-04-scattered-clouds-full.svg,Cần Thơ,-0.09106421514938381,0,-0.9428843782470234,0
2025-06-04 05:00:00+07:00,39.0,3.7,100.0,/dl/web/weather/ic-w-04-scattered-clouds-full.svg,Cần Thơ,-0.9651961418046997,0,-0.9428843782470234,0
2025-06-04 06:00:00+07:00,44.0,3.7,100.0,/dl/web/weather/ic-w-04-scattered-clouds-full.svg,Cần Thơ,-0.757069492601053,0,-0.9428843782470234,0
2025-06-04 07:00:00+07:00,33.0,3.7,100.0,/dl/web/weather/ic-w-04-scattered-clouds-full.svg,Cần Thơ,-1.2149481208490758,0,-0.9428843782470234,0
2025-06-04 08:00:00+07:00,39.0,9.2,89.0,/dl/web/weather/ic-w-04-scattered-clouds-full.svg,Cần Thơ,-0.9651961418046997,0,-0.1361090322463115,0
2025-06-04 09:00:00+07:00,44.0,9.2,79.0,/dl/web/weather/ic-w-04-scattered-clouds-full.svg,Cần Thơ,-0.757069492601053,0,-0.1361090322463115,0
2025-06-04 10:00:00+07:00,39.0,11.1,84.0,/dl/web/weather/ic-w-04-scattered-clouds-full.svg,Cần Thơ,-0.9651961418046997,0,0.14259517819029818,0
2025-06-04 11:00:00+07:00,39.0,16.7,89.0,/dl/web/weather/ic-w-04-scattered-clouds-full.svg,Cần Thơ,-0.9651961418046997,0,0.9640391668455686,0
2025-06-04 12:00:00+07:00,50.0,16.7,70.0,/dl/web/weather/ic-w-04-scattered-clouds-full.svg,Cần Thơ,-0.5073175135566771,0,0.9640391668455686,0
2025-06-04 13:00:00+07:00,56.0,20.4,70.0,/dl/web/weather/ic-w-04-scattered-clouds-full.svg,Cần Thơ,-0.25756553451230113,0,1.5067789450642293,0
2025-06-04 14:00:00+07:00,66.0,14.8,70.0,/dl/web/weather/ic-w-04-scattered-clouds-full.svg,Cần Thơ,0.15868776389499217,0,0.6853349564089591,0
2025-06-04 15:00:00+07:00,82.0,11.1,74.0,/dl/web/weather/ic-w-04-scattered-clouds-full.svg,Cần Thơ,0.8246930413466614,0,0.14259517819029818,0
2025-06-04 16:00:00+07:00,115.0,5.5,79.0,/dl/web/weather/ic-w-04-scattered-clouds-full.svg,Cần Thơ,2.1983289260907295,0,-0.6788488104649723,0
2025-06-04 17:00:00+07:00,84.0,5.5,89.0,/dl/web/weather/ic-w-06-rain-full.svg,Cần Thơ,0.9079437010281202,0,-0.6788488104649723,0
2025-06-04 18:00:00+07:00,92.0,9.2,89.0,/dl/web/weather/ic-w-04-scattered-clouds-full.svg,Cần Thơ,1.2409463397539549,0,-0.1361090322463115,0
2025-06-04 19:00:00+07:00,75.0,9.2,89.0,/dl/web/weather/ic-w-04-scattered-clouds-full.svg,Cần Thơ,0.5333157324615562,0,-0.1361090322463115,0
2025-06-04 20:00:00+07:00,60.0,5.5,100.0,/dl/web/weather/ic-w-04-scattered-clouds-full.svg,Cần Thơ,-0.09106421514938381,0,-0.6788488104649723,0
2025-06-04 21:00:00+07:00,60.0,7.4,100.0,/dl/web/weather/ic-w-04-scattered-clouds-full.svg,Cần Thơ,-0.09106421514938381,0,-0.40014460002836255,0
2025-06-04 22:00:00+07:00,66.0,1.8,100.0,/dl/web/weather/ic-w-04-scattered-clouds-full.svg,Cần Thơ,0.15868776389499217,0,-1.2215885886836328,0
2025-06-04 23:00:00+07:00,66.0,1.8,100.0,/dl/web/weather/ic-w-04-scattered-clouds-full.svg,Cần Thơ,0.15868776389499217,0,-1.2215885886836328,0
2025-06-05 00:00:00+07:00,62.0,0.0,100.0,/dl/web/weather/ic-w-04-scattered-clouds-full.svg,Cần Thơ,-0.007813555467925153,0,-1.4856241564656842,0
2025-06-05 01:00:00+07:00,62.0,5.5,100.0,/dl/web/weather/ic-w-04-scattered-clouds-full.svg,Cần Thơ,-0.007813555467925153,0,-0.6788488104649723,0
2025-06-05 02:00:00+07:00,56.0,5.5,100.0,/dl/web/weather/ic-w-04-scattered-clouds-full.svg,Cần Thơ,-0.25756553451230113,0,-0.6788488104649723,0
2025-06-05 03:00:00+07:00,53.0,1.8,100.0,/dl/web/weather/ic-w-04-scattered-clouds-full.svg,Cần Thơ,-0.3824415240344891,0,-1.2215885886836328,0
2025-06-05 04:00:00+07:00,56.0,3.7,100.0,/dl/web/weather/ic-w-04-scattered-clouds-full.svg,Cần Thơ,-0.25756553451230113,0,-0.9428843782470234,0
2025-06-05 05:00:00+07:00,68.0,1.8,100.0,/dl/web/weather/ic-w-04-scattered-clouds-full.svg,Cần Thơ,0.24193842357645082,0,-1.2215885886836328,0
2025-06-05 06:00:00+07:00,62.0,0.0,100.0,/dl/web/weather/ic-w-04-scattered-clouds-full.svg,Cần Thơ,-0.007813555467925153,0,-1.4856241564656842,0
2025-06-05 08:00:00+07:00,64.0,7.4,100.0,/dl/web/weather/ic-w-02-new-clouds-full.svg,Cần Thơ,0.07543710421353352,0,-0.40014460002836255,0
2025-06-05 09:00:00+07:00,53.0,9.2,89.0,/dl/web/weather/ic-w-04-scattered-clouds-full.svg,Cần Thơ,-0.3824415240344891,0,-0.1361090322463115,0
2025-06-05 10:00:00+07:00,39.0,11.1,89.0,/dl/web/weather/ic-w-04-scattered-clouds-full.svg,Cần Thơ,-0.9651961418046997,0,0.14259517819029818,0
2025-06-05 11:00:00+07:00,53.0,11.1,100.0,/dl/web/weather/ic-w-06-rain-full.svg,Cần Thơ,-0.3824415240344891,0,0.14259517819029818,0
2025-06-05 12:00:00+07:00,53.0,11.1,94.0,/dl/web/weather/ic-w-06-rain-full.svg,Cần Thơ,-0.3824415240344891,0,0.14259517819029818,0
2025-06-05 13:00:00+07:00,39.0,16.7,79.0,/dl/web/weather/ic-w-04-scattered-clouds-full.svg,Cần Thơ,-0.9651961418046997,0,0.9640391668455686,0
2025-06-05 14:00:00+07:00,53.0,13.0,74.0,/dl/web/weather/ic-w-04-scattered-clouds-full.svg,Cần Thơ,-0.3824415240344891,0,0.42129938862690786,0
2025-06-05 15:00:00+07:00,64.0,18.5,74.0,/dl/web/weather/ic-w-04-scattered-clouds-full.svg,Cần Thơ,0.07543710421353352,0,1.22807473462762,0
2025-06-05 16:00:00+07:00,81.0,16.7,74.0,/dl/web/weather/ic-w-06-rain-full.svg,Cần Thơ,0.7830677115059321,0,0.9640391668455686,0
2025-06-05 17:00:00+07:00,92.0,9.2,74.0,/dl/web/weather/ic-w-02-new-clouds-full.svg,Cần Thơ,1.2409463397539549,0,-0.1361090322463115,0
2025-06-05 18:00:00+07:00,96.0,13.0,79.0,/dl/web/weather/ic-w-02-new-clouds-full.svg,Cần Thơ,1.407447659116872,0,0.42129938862690786,0
2025-06-05 19:00:00+07:00,153.0,13.0,89.0,/dl/web/weather/ic-w-11-night-few-clouds-full.svg,Cần Thơ,3.780091460038444,-1,0.42129938862690786,0
2025-06-05 20:00:00+07:00,73.0,5.5,94.0,/dl/web/weather/ic-w-11-night-few-clouds-full.svg,Cần Thơ,0.4500650727800975,0,-0.6788488104649723,0
2025-06-05 21:00:00+07:00,73.0,7.4,100.0,/dl/web/weather/ic-w-11-night-few-clouds-full.svg,Cần Thơ,0.4500650727800975,0,-0.40014460002836255,0
2025-06-05 22:00:00+07:00,71.0,7.4,100.0,/dl/web/weather/ic-w-11-night-few-clouds-full.svg,Cần Thơ,0.3668144130986388,0,-0.40014460002836255,0
2025-06-05 23:00:00+07:00,64.0,7.4,100.0,/dl/web/weather/ic-w-11-night-few-clouds-full.svg,Cần Thơ,0.07543710421353352,0,-0.40014460002836255,0
2025-06-06 00:00:00+07:00,58.0,5.5,100.0,/dl/web/weather/ic-w-11-night-few-clouds-full.svg,Cần Thơ,-0.1743148748308425,0,-0.6788488104649723,0
2025-06-06 02:00:00+07:00,44.0,3.7,94.0,/dl/web/weather/ic-w-11-night-few-clouds-full.svg,Cần Thơ,-0.757069492601053,0,-0.9428843782470234,0
2025-06-06 03:00:00+07:00,39.0,3.7,100.0,/dl/web/weather/ic-w-11-night-few-clouds-full.svg,Cần Thơ,-0.9651961418046997,0,-0.9428843782470234,0
2025-06-06 04:00:00+07:00,44.0,1.8,100.0,/dl/web/weather/ic-w-11-night-few-clouds-full.svg,Cần Thơ,-0.757069492601053,0,-1.2215885886836328,0
2025-06-06 05:00:00+07:00,39.0,1.8,100.0,/dl/web/weather/ic-w-11-night-few-clouds-full.svg,Cần Thơ,-0.9651961418046997,0,-1.2215885886836328,0
2025-06-06 06:00:00+07:00,44.0,1.8,100.0,/dl/web/weather/ic-w-02-new-clouds-full.svg,Cần Thơ,-0.757069492601053,0,-1.2215885886836328,0
2025-06-06 07:00:00+07:00,55.0,3.7,100.0,/dl/web/weather/ic-w-02-new-clouds-full.svg,Cần Thơ,-0.29919086435303044,0,-0.9428843782470234,0
2025-06-06 08:00:00+07:00,44.0,5.5,89.0,/dl/web/weather/ic-w-02-new-clouds-full.svg,Cần Thơ,-0.757069492601053,0,-0.6788488104649723,0
2025-06-06 09:00:00+07:00,39.0,16.7,79.0,/dl/web/weather/ic-w-04-scattered-clouds-full.svg,Cần Thơ,-0.9651961418046997,0,0.9640391668455686,0
2025-06-06 10:00:00+07:00,44.0,18.5,83.0,/dl/web/weather/ic-w-04-scattered-clouds-full.svg,Cần Thơ,-0.757069492601053,0,1.22807473462762,0
2025-06-06 11:00:00+07:00,44.0,1.8,89.0,/dl/web/weather/ic-w-04-scattered-clouds-full.svg,Cần Thơ,-0.757069492601053,0,-1.2215885886836328,0
2025-06-06 12:00:00+07:00,62.0,18.5,79.0,/dl/web/weather/ic-w-04-scattered-clouds-full.svg,Cần Thơ,-0.007813555467925153,0,1.22807473462762,0
2025-06-06 13:00:00+07:00,44.0,5.5,74.0,/dl/web/weather/ic-w-04-scattered-clouds-full.svg,Cần Thơ,-0.757069492601053,0,-0.6788488104649723,0
2025-06-06 14:00:00+07:00,56.0,18.5,75.0,/dl/web/weather/ic-w-04-scattered-clouds-full.svg,Cần Thơ,-0.25756553451230113,0,1.22807473462762,0
2025-06-06 15:00:00+07:00,50.0,14.8,74.0,/dl/web/weather/ic-w-06-rain-full.svg,Cần Thơ,-0.5073175135566771,0,0.6853349564089591,0
2025-06-06 16:00:00+07:00,75.0,11.1,84.0,/dl/web/weather/ic-w-06-rain-full.svg,Cần Thơ,0.5333157324615562,0,0.14259517819029818,0
2025-06-06 17:00:00+07:00,69.0,11.1,84.0,/dl/web/weather/ic-w-04-scattered-clouds-full.svg,Cần Thơ,0.28356375341718015,0,0.14259517819029818,0
2025-06-06 18:00:00+07:00,96.0,11.1,84.0,/dl/web/weather/ic-w-04-scattered-clouds-full.svg,Cần Thơ,1.407447659116872,0,0.14259517819029818,0
2025-06-06 19:00:00+07:00,84.0,7.4,94.0,/dl/web/weather/ic-w-04-scattered-clouds-full.svg,Cần Thơ,0.9079437010281202,0,-0.40014460002836255,0
2025-06-06 20:00:00+07:00,92.0,3.7,100.0,/dl/web/weather/ic-w-04-scattered-clouds-full.svg,Cần Thơ,1.2409463397539549,0,-0.9428843782470234,0
2025-06-06 21:00:00+07:00,92.0,5.5,100.0,/dl/web/weather/ic-w-11-night-few-clouds-full.svg,Cần Thơ,1.2409463397539549,0,-0.6788488104649723,0
2025-06-06 22:00:00+07:00,68.0,3.7,100.0,/dl/web/weather/ic-w-11-night-few-clouds-full.svg,Cần Thơ,0.24193842357645082,0,-0.9428843782470234,0
2025-06-06 23:00:00+07:00,50.0,9.2,100.0,/dl/web/weather/ic-w-11-night-few-clouds-full.svg,Cần Thơ,-0.5073175135566771,0,-0.1361090322463115,0
2025-06-07 00:00:00+07:00,53.0,9.2,100.0,/dl/web/weather/ic-w-12-night-rain-full.svg,Cần Thơ,-0.3824415240344891,0,-0.1361090322463115,0
2025-06-07 01:00:00+07:00,44.0,5.5,100.0,/dl/web/weather/ic-w-11-night-few-clouds-full.svg,Cần Thơ,-0.757069492601053,0,-0.6788488104649723,0
2025-06-07 02:00:00+07:00,44.0,5.5,100.0,/dl/web/weather/ic-w-10-night-clear-sky-full.svg,Cần Thơ,-0.757069492601053,0,-0.6788488104649723,0
2025-06-07 03:00:00+07:00,39.0,1.8,100.0,/dl/web/weather/ic-w-10-night-clear-sky-full.svg,Cần Thơ,-0.9651961418046997,0,-1.2215885886836328,0
2025-06-07 04:00:00+07:00,28.0,3.7,100.0,/dl/web/weather/ic-w-11-night-few-clouds-full.svg,Cần Thơ,-1.4230747700527224,0,-0.9428843782470234,0
2025-06-07 05:00:00+07:00,33.0,1.8,100.0,/dl/web/weather/ic-w-11-night-few-clouds-full.svg,Cần Thơ,-1.2149481208490758,0,-1.2215885886836328,0
2025-06-07 06:00:00+07:00,44.0,5.5,100.0,/dl/web/weather/ic-w-04-scattered-clouds-full.svg,Cần Thơ,-0.757069492601053,0,-0.6788488104649723,0
2025-06-07 07:00:00+07:00,53.0,5.5,100.0,/dl/web/weather/ic-w-02-new-clouds-full.svg,Cần Thơ,-0.3824415240344891,0,-0.6788488104649723,0
2025-06-07 08:00:00+07:00,39.0,7.4,94.0,/dl/web/weather/ic-w-02-new-clouds-full.svg,Cần Thơ,-0.9651961418046997,0,-0.40014460002836255,0
2025-06-07 09:00:00+07:00,44.0,11.1,84.0,/dl/web/weather/ic-w-02-new-clouds-full.svg,Cần Thơ,-0.757069492601053,0,0.14259517819029818,0
2025-06-07 10:00:00+07:00,56.0,11.1,84.0,/dl/web/weather/ic-w-02-new-clouds-full.svg,Cần Thơ,-0.25756553451230113,0,0.14259517819029818,0
2025-06-07 11:00:00+07:00,56.0,33.3,79.0,/dl/web/weather/ic-w-04-scattered-clouds-full.svg,Cần Thơ,-0.25756553451230113,0,3.3990338475022623,-1
2025-06-07 12:00:00+07:00,53.0,13.0,94.0,/dl/web/weather/ic-w-04-scattered-clouds-full.svg,Cần Thơ,-0.3824415240344891,0,0.42129938862690786,0
2025-06-07 13:00:00+07:00,39.0,14.8,89.0,/dl/web/weather/ic-w-06-rain-full.svg,Cần Thơ,-0.9651961418046997,0,0.6853349564089591,0
2025-06-07 14:00:00+07:00,60.0,14.8,89.0,/dl/web/weather/ic-w-06-rain-full.svg,Cần Thơ,-0.09106421514938381,0,0.6853349564089591,0
2025-06-07 15:00:00+07:00,58.0,16.7,89.0,/dl/web/weather/ic-w-06-rain-full.svg,Cần Thơ,-0.1743148748308425,0,0.9640391668455686,0
2025-06-07 16:00:00+07:00,56.0,9.2,89.0,/dl/web/weather/ic-w-04-scattered-clouds-full.svg,Cần Thơ,-0.25756553451230113,0,-0.1361090322463115,0
2025-06-07 17:00:00+07:00,50.0,11.1,89.0,/dl/web/weather/ic-w-02-new-clouds-full.svg,Cần Thơ,-0.5073175135566771,0,0.14259517819029818,0
2025-06-07 18:00:00+07:00,58.0,11.1,89.0,/dl/web/weather/ic-w-02-new-clouds-full.svg,Cần Thơ,-0.1743148748308425,0,0.14259517819029818,0
2025-06-07 19:00:00+07:00,60.0,11.1,89.0,/dl/web/weather/ic-w-11-night-few-clouds-full.svg,Cần Thơ,-0.09106421514938381,0,0.14259517819029818,0
2025-06-07 20:00:00+07:00,55.0,7.4,100.0,/dl/web/weather/ic-w-11-night-few-clouds-full.svg,Cần Thơ,-0.29919086435303044,0,-0.40014460002836255,0
2025-06-07 21:00:00+07:00,55.0,7.4,100.0,/dl/web/weather/ic-w-11-night-few-clouds-full.svg,Cần Thơ,-0.29919086435303044,0,-0.40014460002836255,0
2025-06-07 22:00:00+07:00,53.0,9.2,100.0,/dl/web/weather/ic-w-11-night-few-clouds-full.svg,Cần Thơ,-0.3824415240344891,0,-0.1361090322463115,0
2025-06-07 23:00:00+07:00,53.0,13.0,94.0,/dl/web/weather/ic-w-11-night-few-clouds-full.svg,Cần Thơ,-0.3824415240344891,0,0.42129938862690786,0
2025-06-08 00:00:00+07:00,50.0,13.0,94.0,/dl/web/weather/ic-w-11-night-few-clouds-full.svg,Cần Thơ,-0.5073175135566771,0,0.42129938862690786,0
2025-06-08 01:00:00+07:00,39.0,5.5,100.0,/dl/web/weather/ic-w-11-night-few-clouds-full.svg,Cần Thơ,-0.9651961418046997,0,-0.6788488104649723,0
2025-06-08 02:00:00+07:00,39.0,5.5,100.0,/dl/web/weather/ic-w-11-night-few-clouds-full.svg,Cần Thơ,-0.9651961418046997,0,-0.6788488104649723,0
2025-06-08 03:00:00+07:00,33.0,9.2,100.0,/dl/web/weather/ic-w-11-night-few-clouds-full.svg,Cần Thơ,-1.2149481208490758,0,-0.1361090322463115,0
2025-06-08 04:00:00+07:00,33.0,7.4,100.0,/dl/web/weather/ic-w-11-night-few-clouds-full.svg,Cần Thơ,-1.2149481208490758,0,-0.40014460002836255,0
2025-06-08 05:00:00+07:00,33.0,5.5,100.0,/dl/web/weather/ic-w-11-night-few-clouds-full.svg,Cần Thơ,-1.2149481208490758,0,-0.6788488104649723,0
2025-06-08 06:00:00+07:00,33.0,5.5,100.0,/dl/web/weather/ic-w-02-new-clouds-full.svg,Cần Thơ,-1.2149481208490758,0,-0.6788488104649723,0
2025-06-08 07:00:00+07:00,33.0,11.1,100.0,/dl/web/weather/ic-w-02-new-clouds-full.svg,Cần Thơ,-1.2149481208490758,0,0.14259517819029818,0
2025-06-08 08:00:00+07:00,39.0,14.8,94.0,/dl/web/weather/ic-w-04-scattered-clouds-full.svg,Cần Thơ,-0.9651961418046997,0,0.6853349564089591,0
2025-06-08 09:00:00+07:00,28.0,18.5,89.0,/dl/web/weather/ic-w-04-scattered-clouds-full.svg,Cần Thơ,-1.4230747700527224,0,1.22807473462762,0
2025-06-08 10:00:00+07:00,22.0,24.1,84.0,/dl/web/weather/ic-w-04-scattered-clouds-full.svg,Cần Thơ,-1.6728267490970983,0,2.0495187232828904,0
2025-06-08 11:00:00+07:00,33.0,20.4,84.0,/dl/web/weather/ic-w-04-scattered-clouds-full.svg,Cần Thơ,-1.2149481208490758,0,1.5067789450642293,0
2025-06-08 12:00:00+07:00,33.0,18.5,94.0,/dl/web/weather/ic-w-06-rain-full.svg,Cần Thơ,-1.2149481208490758,0,1.22807473462762,0
2025-06-08 13:00:00+07:00,22.0,18.5,89.0,/dl/web/weather/ic-w-06-rain-full.svg,Cần Thơ,-1.6728267490970983,0,1.22807473462762,0
2025-06-08 14:00:00+07:00,11.0,18.5,89.0,/dl/web/weather/ic-w-06-rain-full.svg,Cần Thơ,-2.130705377345121,0,1.22807473462762,0
2025-06-08 15:00:00+07:00,33.0,5.5,94.0,/dl/web/weather/ic-w-06-rain-full.svg,Cần Thơ,-1.2149481208490758,0,-0.6788488104649723,0
2025-06-08 16:00:00+07:00,22.0,5.5,94.0,/dl/web/weather/ic-w-06-rain-full.svg,Cần Thơ,-1.6728267490970983,0,-0.6788488104649723,0
2025-06-08 17:00:00+07:00,22.0,7.4,94.0,/dl/web/weather/ic-w-04-scattered-clouds-full.svg,Cần Thơ,-1.6728267490970983,0,-0.40014460002836255,0
2025-06-08 18:00:00+07:00,22.0,7.4,94.0,/dl/web/weather/ic-w-04-scattered-clouds-full.svg,Cần Thơ,-1.6728267490970983,0,-0.40014460002836255,0
2025-06-08 19:00:00+07:00,28.0,7.4,100.0,/dl/web/weather/ic-w-04-scattered-clouds-full.svg,Cần Thơ,-1.4230747700527224,0,-0.40014460002836255,0
2025-06-08 20:00:00+07:00,39.0,7.4,100.0,/dl/web/weather/ic-w-04-scattered-clouds-full.svg,Cần Thơ,-0.9651961418046997,0,-0.40014460002836255,0
2025-06-08 21:00:00+07:00,39.0,5.5,100.0,/dl/web/weather/ic-w-07-thunderstorms-full.svg,Cần Thơ,-0.9651961418046997,0,-0.6788488104649723,0
2025-06-08 22:00:00+07:00,44.0,9.2,100.0,/dl/web/weather/ic-w-12-night-rain-full.svg,Cần Thơ,-0.757069492601053,0,-0.1361090322463115,0
2025-06-08 23:00:00+07:00,6.0,7.4,100.0,/dl/web/weather/ic-w-12-night-rain-full.svg,Cần Thơ,-2.3388320265487677,0,-0.40014460002836255,0
2025-06-09 00:00:00+07:00,6.0,7.4,100.0,/dl/web/weather/ic-w-12-night-rain-full.svg,Cần Thơ,-2.3388320265487677,0,-0.40014460002836255,0
2025-06-09 01:00:00+07:00,17.0,5.5,100.0,/dl/web/weather/ic-w-12-night-rain-full.svg,Cần Thơ,-1.880953398300745,0,-0.6788488104649723,0
2025-06-09 02:00:00+07:00,17.0,3.7,100.0,/dl/web/weather/ic-w-04-scattered-clouds-full.svg,Cần Thơ,-1.880953398300745,0,-0.9428843782470234,0
2025-06-09 03:00:00+07:00,17.0,3.7,100.0,/dl/web/weather/ic-w-04-scattered-clouds-full.svg,Cần Thơ,-1.880953398300745,0,-0.9428843782470234,0
2025-06-09 04:00:00+07:00,22.0,1.8,100.0,/dl/web/weather/ic-w-04-scattered-clouds-full.svg,Cần Thơ,-1.6728267490970983,0,-1.2215885886836328,0
2025-06-09 05:00:00+07:00,22.0,1.8,100.0,/dl/web/weather/ic-w-04-scattered-clouds-full.svg,Cần Thơ,-1.6728267490970983,0,-1.2215885886836328,0
2025-06-09 06:00:00+07:00,22.0,7.4,100.0,/dl/web/weather/ic-w-04-scattered-clouds-full.svg,Cần Thơ,-1.6728267490970983,0,-0.40014460002836255,0
2025-06-09 07:00:00+07:00,28.0,9.2,100.0,/dl/web/weather/ic-w-04-scattered-clouds-full.svg,Cần Thơ,-1.4230747700527224,0,-0.1361090322463115,0
2025-06-09 08:00:00+07:00,33.0,13.0,94.0,/dl/web/weather/ic-w-04-scattered-clouds-full.svg,Cần Thơ,-1.2149481208490758,0,0.42129938862690786,0
2025-06-09 09:00:00+07:00,28.0,16.7,89.0,/dl/web/weather/ic-w-04-scattered-clouds-full.svg,Cần Thơ,-1.4230747700527224,0,0.9640391668455686,0
2025-06-09 10:00:00+07:00,33.0,11.1,84.0,/dl/web/weather/ic-w-04-scattered-clouds-full.svg,Cần Thơ,-1.2149481208490758,0,0.14259517819029818,0
2025-06-09 11:00:00+07:00,22.0,22.2,89.0,/dl/web/weather/ic-w-04-scattered-clouds-full.svg,Cần Thơ,-1.6728267490970983,0,1.7708145128462807,0
2025-06-09 12:00:00+07:00,22.0,18.5,79.0,/dl/web/weather/ic-w-04-scattered-clouds-full.svg,Cần Thơ,-1.6728267490970983,0,1.22807473462762,0
2025-06-09 13:00:00+07:00,22.0,20.4,89.0,/dl/web/weather/ic-w-06-rain-full.svg,Cần Thơ,-1.6728267490970983,0,1.5067789450642293,0
2025-06-09 14:00:00+07:00,17.0,14.8,94.0,/dl/web/weather/ic-w-06-rain-full.svg,Cần Thơ,-1.880953398300745,0,0.6853349564089591,0
2025-06-09 15:00:00+07:00,17.0,14.8,94.0,/dl/web/weather/ic-w-06-rain-full.svg,Cần Thơ,-1.880953398300745,0,0.6853349564089591,0
2025-06-09 16:00:00+07:00,17.0,14.8,94.0,/dl/web/weather/ic-w-04-scattered-clouds-full.svg,Cần Thơ,-1.880953398300745,0,0.6853349564089591,0
2025-06-09 17:00:00+07:00,17.0,18.5,94.0,/dl/web/weather/ic-w-06-rain-full.svg,Cần Thơ,-1.880953398300745,0,1.22807473462762,0
2025-06-09 18:00:00+07:00,22.0,5.5,94.0,/dl/web/weather/ic-w-06-rain-full.svg,Cần Thơ,-1.6728267490970983,0,-0.6788488104649723,0
2025-06-09 19:00:00+07:00,22.0,5.5,100.0,/dl/web/weather/ic-w-04-scattered-clouds-full.svg,Cần Thơ,-1.6728267490970983,0,-0.6788488104649723,0
2025-06-09 20:00:00+07:00,28.0,3.7,100.0,/dl/web/weather/ic-w-04-scattered-clouds-full.svg,Cần Thơ,-1.4230747700527224,0,-0.9428843782470234,0
2025-06-09 21:00:00+07:00,28.0,5.5,100.0,/dl/web/weather/ic-w-04-scattered-clouds-full.svg,Cần Thơ,-1.4230747700527224,0,-0.6788488104649723,0
2025-06-09 22:00:00+07:00,39.0,3.7,100.0,/dl/web/weather/ic-w-04-scattered-clouds-full.svg,Cần Thơ,-0.9651961418046997,0,-0.9428843782470234,0
2025-06-09 23:00:00+07:00,62.0,1.8,100.0,/dl/web/weather/ic-w-04-scattered-clouds-full.svg,Cần Thơ,-0.007813555467925153,0,-1.2215885886836328,0
2025-06-10 00:00:00+07:00,44.0,3.7,100.0,/dl/web/weather/ic-w-04-scattered-clouds-full.svg,Cần Thơ,-0.757069492601053,0,-0.9428843782470234,0
2025-06-10 01:00:00+07:00,33.0,7.4,100.0,/dl/web/weather/ic-w-04-scattered-clouds-full.svg,Cần Thơ,-1.2149481208490758,0,-0.40014460002836255,0
2025-06-10 02:00:00+07:00,22.0,3.7,100.0,/dl/web/weather/ic-w-04-scattered-clouds-full.svg,Cần Thơ,-1.6728267490970983,0,-0.9428843782470234,0
2025-06-10 03:00:00+07:00,17.0,5.5,100.0,/dl/web/weather/ic-w-04-scattered-clouds-full.svg,Cần Thơ,-1.880953398300745,0,-0.6788488104649723,0
2025-06-10 04:00:00+07:00,22.0,9.2,100.0,/dl/web/weather/ic-w-04-scattered-clouds-full.svg,Cần Thơ,-1.6728267490970983,0,-0.1361090322463115,0
2025-06-10 05:00:00+07:00,28.0,3.7,100.0,/dl/web/weather/ic-w-04-scattered-clouds-full.svg,Cần Thơ,-1.4230747700527224,0,-0.9428843782470234,0
2025-06-10 06:00:00+07:00,44.0,7.4,100.0,/dl/web/weather/ic-w-04-scattered-clouds-full.svg,Cần Thơ,-0.757069492601053,0,-0.40014460002836255,0
2025-06-10 07:00:00+07:00,55.0,7.4,100.0,/dl/web/weather/ic-w-04-scattered-clouds-full.svg,Cần Thơ,-0.29919086435303044,0,-0.40014460002836255,0
2025-06-10 08:00:00+07:00,55.0,3.7,100.0,/dl/web/weather/ic-w-06-rain-full.svg,Cần Thơ,-0.29919086435303044,0,-0.9428843782470234,0
2025-06-10 09:00:00+07:00,39.0,3.7,100.0,/dl/web/weather/ic-w-06-rain-full.svg,Cần Thơ,-0.9651961418046997,0,-0.9428843782470234,0
2025-06-10 10:00:00+07:00,39.0,11.1,100.0,/dl/web/weather/ic-w-06-rain-full.svg,Cần Thơ,-0.9651961418046997,0,0.14259517819029818,0
2025-06-10 11:00:00+07:00,39.0,7.4,94.0,/dl/web/weather/ic-w-04-scattered-clouds-full.svg,Cần Thơ,-0.9651961418046997,0,-0.40014460002836255,0
2025-06-10 12:00:00+07:00,44.0,16.7,89.0,/dl/web/weather/ic-w-04-scattered-clouds-full.svg,Cần Thơ,-0.757069492601053,0,0.9640391668455686,0
2025-06-10 13:00:00+07:00,53.0,14.8,89.0,/dl/web/weather/ic-w-04-scattered-clouds-full.svg,Cần Thơ,-0.3824415240344891,0,0.6853349564089591,0
2025-06-10 14:00:00+07:00,55.0,18.5,74.0,/dl/web/weather/ic-w-04-scattered-clouds-full.svg,Cần Thơ,-0.29919086435303044,0,1.22807473462762,0
2025-06-10 15:00:00+07:00,56.0,22.2,79.0,/dl/web/weather/ic-w-06-rain-full.svg,Cần Thơ,-0.25756553451230113,0,1.7708145128462807,0
2025-06-10 16:00:00+07:00,53.0,16.7,84.0,/dl/web/weather/ic-w-04-scattered-clouds-full.svg,Cần Thơ,-0.3824415240344891,0,0.9640391668455686,0
2025-06-10 17:00:00+07:00,55.0,24.1,89.0,/dl/web/weather/ic-w-07-thunderstorms-full.svg,Cần Thơ,-0.29919086435303044,0,2.0495187232828904,0
2025-06-10 18:00:00+07:00,58.0,5.5,100.0,/dl/web/weather/ic-w-06-rain-full.svg,Cần Thơ,-0.1743148748308425,0,-0.6788488104649723,0
2025-06-10 19:00:00+07:00,58.0,0.0,100.0,/dl/web/weather/ic-w-04-scattered-clouds-full.svg,Cần Thơ,-0.1743148748308425,0,-1.4856241564656842,0
2025-06-10 20:00:00+07:00,39.0,13.0,100.0,/dl/web/weather/ic-w-06-rain-full.svg,Cần Thơ,-0.9651961418046997,0,0.42129938862690786,0
2025-06-10 21:00:00+07:00,39.0,5.5,100.0,/dl/web/weather/ic-w-12-night-rain-full.svg,Cần Thơ,-0.9651961418046997,0,-0.6788488104649723,0
2025-06-10 22:00:00+07:00,44.0,1.8,100.0,/dl/web/weather/ic-w-12-night-rain-full.svg,Cần Thơ,-0.757069492601053,0,-1.2215885886836328,0
2025-06-10 23:00:00+07:00,39.0,9.2,100.0,/dl/web/weather/ic-w-12-night-rain-full.svg,Cần Thơ,-0.9651961418046997,0,-0.1361090322463115,0
2025-06-11 00:00:00+07:00,44.0,3.7,100.0,/dl/web/weather/ic-w-04-scattered-clouds-full.svg,Cần Thơ,-0.757069492601053,0,-0.9428843782470234,0
2025-06-11 01:00:00+07:00,55.0,7.4,100.0,/dl/web/weather/ic-w-12-night-rain-full.svg,Cần Thơ,-0.29919086435303044,0,-0.40014460002836255,0
2025-06-11 02:00:00+07:00,53.0,7.4,100.0,/dl/web/weather/ic-w-12-night-rain-full.svg,Cần Thơ,-0.3824415240344891,0,-0.40014460002836255,0
2025-06-11 03:00:00+07:00,53.0,9.2,100.0,/dl/web/weather/ic-w-12-night-rain-full.svg,Cần Thơ,-0.3824415240344891,0,-0.1361090322463115,0
2025-06-11 04:00:00+07:00,53.0,7.4,100.0,/dl/web/weather/ic-w-04-scattered-clouds-full.svg,Cần Thơ,-0.3824415240344891,0,-0.40014460002836255,0
2025-06-11 05:00:00+07:00,44.0,7.4,100.0,/dl/web/weather/ic-w-04-scattered-clouds-full.svg,Cần Thơ,-0.757069492601053,0,-0.40014460002836255,0
2025-06-11 06:00:00+07:00,44.0,7.4,100.0,/dl/web/weather/ic-w-04-scattered-clouds-full.svg,Cần Thơ,-0.757069492601053,0,-0.40014460002836255,0
2025-06-11 07:00:00+07:00,53.0,3.7,100.0,/dl/web/weather/ic-w-04-scattered-clouds-full.svg,Cần Thơ,-0.3824415240344891,0,-0.9428843782470234,0
2025-06-11 08:00:00+07:00,60.0,5.5,100.0,/dl/web/weather/ic-w-04-scattered-clouds-full.svg,Cần Thơ,-0.09106421514938381,0,-0.6788488104649723,0
2025-06-11 09:00:00+07:00,60.0,7.4,100.0,/dl/web/weather/ic-w-04-scattered-clouds-full.svg,Cần Thơ,-0.09106421514938381,0,-0.40014460002836255,0
2025-06-11 10:00:00+07:00,44.0,14.8,94.0,/dl/web/weather/ic-w-04-scattered-clouds-full.svg,Cần Thơ,-0.757069492601053,0,0.6853349564089591,0
2025-06-11 11:00:00+07:00,53.0,11.1,89.0,/dl/web/weather/ic-w-04-scattered-clouds-full.svg,Cần Thơ,-0.3824415240344891,0,0.14259517819029818,0
2025-06-11 12:00:00+07:00,53.0,14.8,89.0,/dl/web/weather/ic-w-04-scattered-clouds-full.svg,Cần Thơ,-0.3824415240344891,0,0.6853349564089591,0
2025-06-11 13:00:00+07:00,50.0,20.4,79.0,/dl/web/weather/ic-w-04-scattered-clouds-full.svg,Cần Thơ,-0.5073175135566771,0,1.5067789450642293,0
2025-06-11 14:00:00+07:00,39.0,13.0,89.0,/dl/web/weather/ic-w-04-scattered-clouds-full.svg,Cần Thơ,-0.9651961418046997,0,0.42129938862690786,0
2025-06-11 15:00:00+07:00,11.0,14.8,79.0,/dl/web/weather/ic-w-04-scattered-clouds-full.svg,Cần Thơ,-2.130705377345121,0,0.6853349564089591,0
2025-06-11 16:00:00+07:00,33.0,11.1,89.0,/dl/web/weather/ic-w-06-rain-full.svg,Cần Thơ,-1.2149481208490758,0,0.14259517819029818,0
2025-06-11 17:00:00+07:00,39.0,7.4,89.0,/dl/web/weather/ic-w-06-rain-full.svg,Cần Thơ,-0.9651961418046997,0,-0.40014460002836255,0
2025-06-11 18:00:00+07:00,50.0,7.4,89.0,/dl/web/weather/ic-w-06-rain-full.svg,Cần Thơ,-0.5073175135566771,0,-0.40014460002836255,0
2025-06-11 19:00:00+07:00,55.0,5.5,89.0,/dl/web/weather/ic-w-12-night-rain-full.svg,Cần Thơ,-0.29919086435303044,0,-0.6788488104649723,0
2025-06-11 20:00:00+07:00,62.0,3.7,94.0,/dl/web/weather/ic-w-12-night-rain-full.svg,Cần Thơ,-0.007813555467925153,0,-0.9428843782470234,0
2025-06-11 21:00:00+07:00,69.0,3.7,100.0,/dl/web/weather/ic-w-04-scattered-clouds-full.svg,Cần Thơ,0.28356375341718015,0,-0.9428843782470234,0
2025-06-11 22:00:00+07:00,71.0,5.5,100.0,/dl/web/weather/ic-w-04-scattered-clouds-full.svg,Cần Thơ,0.3668144130986388,0,-0.6788488104649723,0
2025-06-11 23:00:00+07:00,68.0,5.5,100.0,/dl/web/weather/ic-w-12-night-rain-full.svg,Cần Thơ,0.24193842357645082,0,-0.6788488104649723,0
2025-06-12 00:00:00+07:00,55.0,5.5,100.0,/dl/web/weather/ic-w-04-scattered-clouds-full.svg,Cần Thơ,-0.29919086435303044,0,-0.6788488104649723,0
2025-06-12 01:00:00+07:00,53.0,5.5,100.0,/dl/web/weather/ic-w-04-scattered-clouds-full.svg,Cần Thơ,-0.3824415240344891,0,-0.6788488104649723,0
2025-06-12 02:00:00+07:00,50.0,7.4,100.0,/dl/web/weather/ic-w-04-scattered-clouds-full.svg,Cần Thơ,-0.5073175135566771,0,-0.40014460002836255,0
2025-06-12 03:00:00+07:00,55.0,5.5,100.0,/dl/web/weather/ic-w-04-scattered-clouds-full.svg,Cần Thơ,-0.29919086435303044,0,-0.6788488104649723,0
2025-06-12 04:00:00+07:00,55.0,5.5,100.0,/dl/web/weather/ic-w-04-scattered-clouds-full.svg,Cần Thơ,-0.29919086435303044,0,-0.6788488104649723,0
2025-06-12 05:00:00+07:00,50.0,5.5,100.0,/dl/web/weather/ic-w-04-scattered-clouds-full.svg,Cần Thơ,-0.5073175135566771,0,-0.6788488104649723,0
2025-06-12 06:00:00+07:00,44.0,7.4,100.0,/dl/web/weather/ic-w-04-scattered-clouds-full.svg,Cần Thơ,-0.757069492601053,0,-0.40014460002836255,0
2025-06-12 07:00:00+07:00,28.0,13.0,100.0,/dl/web/weather/ic-w-04-scattered-clouds-full.svg,Cần Thơ,-1.4230747700527224,0,0.42129938862690786,0
2025-06-12 08:00:00+07:00,39.0,7.4,94.0,/dl/web/weather/ic-w-04-scattered-clouds-full.svg,Cần Thơ,-0.9651961418046997,0,-0.40014460002836255,0
2025-06-12 09:00:00+07:00,39.0,14.8,89.0,/dl/web/weather/ic-w-06-rain-full.svg,Cần Thơ,-0.9651961418046997,0,0.6853349564089591,0
2025-06-12 10:00:00+07:00,17.0,9.2,100.0,/dl/web/weather/ic-w-06-rain-full.svg,Cần Thơ,-1.880953398300745,0,-0.1361090322463115,0
2025-06-12 11:00:00+07:00,22.0,18.5,100.0,/dl/web/weather/ic-w-06-rain-full.svg,Cần Thơ,-1.6728267490970983,0,1.22807473462762,0
2025-06-12 12:00:00+07:00,22.0,22.2,94.0,/dl/web/weather/ic-w-06-rain-full.svg,Cần Thơ,-1.6728267490970983,0,1.7708145128462807,0
2025-06-12 13:00:00+07:00,22.0,16.7,94.0,/dl/web/weather/ic-w-06-rain-full.svg,Cần Thơ,-1.6728267490970983,0,0.9640391668455686,0
2025-06-12 14:00:00+07:00,28.0,14.8,100.0,/dl/web/weather/ic-w-06-rain-full.svg,Cần Thơ,-1.4230747700527224,0,0.6853349564089591,0
2025-06-12 15:00:00+07:00,33.0,11.1,94.0,/dl/web/weather/ic-w-06-rain-full.svg,Cần Thơ,-1.2149481208490758,0,0.14259517819029818,0
2025-06-12 16:00:00+07:00,44.0,9.2,100.0,/dl/web/weather/ic-w-06-rain-full.svg,Cần Thơ,-0.757069492601053,0,-0.1361090322463115,0
2025-06-12 17:00:00+07:00,50.0,11.1,100.0,/dl/web/weather/ic-w-06-rain-full.svg,Cần Thơ,-0.5073175135566771,0,0.14259517819029818,0
2025-06-12 18:00:00+07:00,50.0,9.2,100.0,/dl/web/weather/ic-w-06-rain-full.svg,Cần Thơ,-0.5073175135566771,0,-0.1361090322463115,0
2025-06-12 19:00:00+07:00,50.0,13.0,100.0,/dl/web/weather/ic-w-04-scattered-clouds-full.svg,Cần Thơ,-0.5073175135566771,0,0.42129938862690786,0
2025-06-12 20:00:00+07:00,22.0,7.4,100.0,/dl/web/weather/ic-w-04-scattered-clouds-full.svg,Cần Thơ,-1.6728267490970983,0,-0.40014460002836255,0
2025-06-12 21:00:00+07:00,22.0,13.0,100.0,/dl/web/weather/ic-w-04-scattered-clouds-full.svg,Cần Thơ,-1.6728267490970983,0,0.42129938862690786,0
2025-06-12 22:00:00+07:00,22.0,9.2,100.0,/dl/web/weather/ic-w-04-scattered-clouds-full.svg,Cần Thơ,-1.6728267490970983,0,-0.1361090322463115,0
2025-06-12 23:00:00+07:00,28.0,13.0,100.0,/dl/web/weather/ic-w-12-night-rain-full.svg,Cần Thơ,-1.4230747700527224,0,0.42129938862690786,0
2025-06-13 00:00:00+07:00,17.0,9.2,100.0,/dl/web/weather/ic-w-04-scattered-clouds-full.svg,Cần Thơ,-1.880953398300745,0,-0.1361090322463115,0
2025-06-13 01:00:00+07:00,11.0,5.5,100.0,/dl/web/weather/ic-w-04-scattered-clouds-full.svg,Cần Thơ,-2.130705377345121,0,-0.6788488104649723,0
2025-06-13 02:00:00+07:00,58.0,5.5,100.0,/dl/web/weather/ic-w-04-scattered-clouds-full.svg,Cần Thơ,-0.1743148748308425,0,-0.6788488104649723,0
2025-06-13 03:00:00+07:00,44.0,7.4,100.0,/dl/web/weather/ic-w-04-scattered-clouds-full.svg,Cần Thơ,-0.757069492601053,0,-0.40014460002836255,0
2025-06-13 04:00:00+07:00,22.0,7.4,100.0,/dl/web/weather/ic-w-04-scattered-clouds-full.svg,Cần Thơ,-1.6728267490970983,0,-0.40014460002836255,0
2025-06-13 05:00:00+07:00,28.0,5.5,100.0,/dl/web/weather/ic-w-04-scattered-clouds-full.svg,Cần Thơ,-1.4230747700527224,0,-0.6788488104649723,0
2025-06-13 06:00:00+07:00,33.0,5.5,100.0,/dl/web/weather/ic-w-04-scattered-clouds-full.svg,Cần Thơ,-1.2149481208490758,0,-0.6788488104649723,0
2025-06-13 07:00:00+07:00,44.0,5.5,100.0,/dl/web/weather/ic-w-04-scattered-clouds-full.svg,Cần Thơ,-0.757069492601053,0,-0.6788488104649723,0
2025-06-13 08:00:00+07:00,50.0,9.2,100.0,/dl/web/weather/ic-w-04-scattered-clouds-full.svg,Cần Thơ,-0.5073175135566771,0,-0.1361090322463115,0
2025-06-13 09:00:00+07:00,39.0,14.8,94.0,/dl/web/weather/ic-w-04-scattered-clouds-full.svg,Cần Thơ,-0.9651961418046997,0,0.6853349564089591,0
2025-06-13 10:00:00+07:00,28.0,20.4,89.0,/dl/web/weather/ic-w-04-scattered-clouds-full.svg,Cần Thơ,-1.4230747700527224,0,1.5067789450642293,0
2025-06-13 11:00:00+07:00,28.0,20.4,84.0,/dl/web/weather/ic-w-04-scattered-clouds-full.svg,Cần Thơ,-1.4230747700527224,0,1.5067789450642293,0
2025-06-13 12:00:00+07:00,22.0,22.2,74.0,/dl/web/weather/ic-w-04-scattered-clouds-full.svg,Cần Thơ,-1.6728267490970983,0,1.7708145128462807,0
2025-06-13 13:00:00+07:00,28.0,18.5,89.0,/dl/web/weather/ic-w-04-scattered-clouds-full.svg,Cần Thơ,-1.4230747700527224,0,1.22807473462762,0
2025-06-13 14:00:00+07:00,22.0,16.7,100.0,/dl/web/weather/ic-w-06-rain-full.svg,Cần Thơ,-1.6728267490970983,0,0.9640391668455686,0
2025-06-13 15:00:00+07:00,11.0,11.1,94.0,/dl/web/weather/ic-w-06-rain-full.svg,Cần Thơ,-2.130705377345121,0,0.14259517819029818,0
2025-06-13 16:00:00+07:00,11.0,13.0,94.0,/dl/web/weather/ic-w-04-scattered-clouds-full.svg,Cần Thơ,-2.130705377345121,0,0.42129938862690786,0
2025-06-13 17:00:00+07:00,11.0,13.0,94.0,/dl/web/weather/ic-w-04-scattered-clouds-full.svg,Cần Thơ,-2.130705377345121,0,0.42129938862690786,0
2025-06-13 18:00:00+07:00,28.0,3.7,94.0,/dl/web/weather/ic-w-04-scattered-clouds-full.svg,Cần Thơ,-1.4230747700527224,0,-0.9428843782470234,0
2025-06-13 19:00:00+07:00,44.0,1.8,100.0,/dl/web/weather/ic-w-04-scattered-clouds-full.svg,Cần Thơ,-0.757069492601053,0,-1.2215885886836328,0
2025-06-13 20:00:00+07:00,64.0,0.0,100.0,/dl/web/weather/ic-w-04-scattered-clouds-full.svg,Cần Thơ,0.07543710421353352,0,-1.4856241564656842,0
2025-06-13 21:00:00+07:00,64.0,3.7,100.0,/dl/web/weather/ic-w-04-scattered-clouds-full.svg,Cần Thơ,0.07543710421353352,0,-0.9428843782470234,0
2025-06-13 22:00:00+07:00,69.0,1.8,100.0,/dl/web/weather/ic-w-04-scattered-clouds-full.svg,Cần Thơ,0.28356375341718015,0,-1.2215885886836328,0
2025-06-13 23:00:00+07:00,71.0,1.8,100.0,/dl/web/weather/ic-w-04-scattered-clouds-full.svg,Cần Thơ,0.3668144130986388,0,-1.2215885886836328,0
2025-06-14 00:00:00+07:00,75.0,1.8,100.0,/dl/web/weather/ic-w-04-scattered-clouds-full.svg,Cần Thơ,0.5333157324615562,0,-1.2215885886836328,0
2025-06-14 01:00:00+07:00,105.0,3.7,100.0,/dl/web/weather/ic-w-04-scattered-clouds-full.svg,Cần Thơ,1.782075627683436,0,-0.9428843782470234,0
2025-06-14 02:00:00+07:00,92.0,5.5,100.0,/dl/web/weather/ic-w-04-scattered-clouds-full.svg,Cần Thơ,1.2409463397539549,0,-0.6788488104649723,0
2025-06-14 03:00:00+07:00,82.0,5.5,100.0,/dl/web/weather/ic-w-04-scattered-clouds-full.svg,Cần Thơ,0.8246930413466614,0,-0.6788488104649723,0
2025-06-14 04:00:00+07:00,82.0,3.7,100.0,/dl/web/weather/ic-w-04-scattered-clouds-full.svg,Cần Thơ,0.8246930413466614,0,-0.9428843782470234,0
2025-06-14 05:00:00+07:00,77.0,3.7,100.0,/dl/web/weather/ic-w-04-scattered-clouds-full.svg,Cần Thơ,0.6165663921430148,0,-0.9428843782470234,0
2025-06-14 06:00:00+07:00,77.0,3.7,100.0,/dl/web/weather/ic-w-04-scattered-clouds-full.svg,Cần Thơ,0.6165663921430148,0,-0.9428843782470234,0
2025-06-14 07:00:00+07:00,90.0,3.7,100.0,/dl/web/weather/ic-w-09-mist-full.svg,Cần Thơ,1.157695680072496,0,-0.9428843782470234,0
2025-06-14 08:00:00+07:00,92.0,3.7,94.0,/dl/web/weather/ic-w-09-mist-full.svg,Cần Thơ,1.2409463397539549,0,-0.9428843782470234,0
2025-06-14 09:00:00+07:00,75.0,5.5,89.0,/dl/web/weather/ic-w-04-scattered-clouds-full.svg,Cần Thơ,0.5333157324615562,0,-0.6788488104649723,0
2025-06-14 10:00:00+07:00,66.0,11.1,84.0,/dl/web/weather/ic-w-04-scattered-clouds-full.svg,Cần Thơ,0.15868776389499217,0,0.14259517819029818,0
2025-06-14 11:00:00+07:00,66.0,11.1,79.0,/dl/web/weather/ic-w-04-scattered-clouds-full.svg,Cần Thơ,0.15868776389499217,0,0.14259517819029818,0
2025-06-14 12:00:00+07:00,62.0,14.8,74.0,/dl/web/weather/ic-w-04-scattered-clouds-full.svg,Cần Thơ,-0.007813555467925153,0,0.6853349564089591,0
2025-06-14 13:00:00+07:00,64.0,16.7,70.0,/dl/web/weather/ic-w-04-scattered-clouds-full.svg,Cần Thơ,0.07543710421353352,0,0.9640391668455686,0
2025-06-14 14:00:00+07:00,68.0,16.7,70.0,/dl/web/weather/ic-w-04-scattered-clouds-full.svg,Cần Thơ,0.24193842357645082,0,0.9640391668455686,0
2025-06-14 15:00:00+07:00,66.0,13.0,70.0,/dl/web/weather/ic-w-04-scattered-clouds-full.svg,Cần Thơ,0.15868776389499217,0,0.42129938862690786,0
2025-06-14 16:00:00+07:00,62.0,13.0,66.0,/dl/web/weather/ic-w-04-scattered-clouds-full.svg,Cần Thơ,-0.007813555467925153,0,0.42129938862690786,0
2025-06-14 17:00:00+07:00,58.0,18.5,70.0,/dl/web/weather/ic-w-06-rain-full.svg,Cần Thơ,-0.1743148748308425,0,1.22807473462762,0
2025-06-14 18:00:00+07:00,64.0,9.2,74.0,/dl/web/weather/ic-w-06-rain-full.svg,Cần Thơ,0.07543710421353352,0,-0.1361090322463115,0
2025-06-14 19:00:00+07:00,75.0,9.2,89.0,/dl/web/weather/ic-w-04-scattered-clouds-full.svg,Cần Thơ,0.5333157324615562,0,-0.1361090322463115,0
2025-06-14 20:00:00+07:00,90.0,5.5,94.0,/dl/web/weather/ic-w-04-scattered-clouds-full.svg,Cần Thơ,1.157695680072496,0,-0.6788488104649723,0
2025-06-14 21:00:00+07:00,90.0,3.7,94.0,/dl/web/weather/ic-w-04-scattered-clouds-full.svg,Cần Thơ,1.157695680072496,0,-0.9428843782470234,0
2025-06-14 22:00:00+07:00,84.0,3.7,100.0,/dl/web/weather/ic-w-11-night-few-clouds-full.svg,Cần Thơ,0.9079437010281202,0,-0.9428843782470234,0
2025-06-14 23:00:00+07:00,77.0,3.7,100.0,/dl/web/weather/ic-w-11-night-few-clouds-full.svg,Cần Thơ,0.6165663921430148,0,-0.9428843782470234,0
2025-06-15 00:00:00+07:00,81.0,3.7,100.0,/dl/web/weather/ic-w-11-night-few-clouds-full.svg,Cần Thơ,0.7830677115059321,0,-0.9428843782470234,0
2025-06-15 01:00:00+07:00,81.0,0.0,100.0,/dl/web/weather/ic-w-10-night-clear-sky-full.svg,Cần Thơ,0.7830677115059321,0,-1.4856241564656842,0
2025-06-15 02:00:00+07:00,71.0,0.0,100.0,/dl/web/weather/ic-w-10-night-clear-sky-full.svg,Cần Thơ,0.3668144130986388,0,-1.4856241564656842,0
2025-06-15 03:00:00+07:00,75.0,0.0,100.0,/dl/web/weather/ic-w-10-night-clear-sky-full.svg,Cần Thơ,0.5333157324615562,0,-1.4856241564656842,0
2025-06-15 04:00:00+07:00,77.0,0.0,100.0,/dl/web/weather/ic-w-04-scattered-clouds-full.svg,Cần Thơ,0.6165663921430148,0,-1.4856241564656842,0
2025-06-15 05:00:00+07:00,79.0,0.0,100.0,/dl/web/weather/ic-w-04-scattered-clouds-full.svg,Cần Thơ,0.6998170518244735,0,-1.4856241564656842,0
2025-06-15 06:00:00+07:00,73.0,0.0,100.0,/dl/web/weather/ic-w-02-new-clouds-full.svg,Cần Thơ,0.4500650727800975,0,-1.4856241564656842,0
2025-06-15 07:00:00+07:00,73.0,1.8,100.0,/dl/web/weather/ic-w-09-mist-full.svg,Cần Thơ,0.4500650727800975,0,-1.2215885886836328,0
2025-06-15 08:00:00+07:00,68.0,3.7,100.0,/dl/web/weather/ic-w-02-new-clouds-full.svg,Cần Thơ,0.24193842357645082,0,-0.9428843782470234,0
2025-06-15 09:00:00+07:00,60.0,5.5,89.0,/dl/web/weather/ic-w-04-scattered-clouds-full.svg,Cần Thơ,-0.09106421514938381,0,-0.6788488104649723,0
2025-06-15 10:00:00+07:00,56.0,11.1,84.0,/dl/web/weather/ic-w-04-scattered-clouds-full.svg,Cần Thơ,-0.25756553451230113,0,0.14259517819029818,0
2025-06-15 11:00:00+07:00,55.0,14.8,74.0,/dl/web/weather/ic-w-04-scattered-clouds-full.svg,Cần Thơ,-0.29919086435303044,0,0.6853349564089591,0
2025-06-15 12:00:00+07:00,55.0,13.0,70.0,/dl/web/weather/ic-w-04-scattered-clouds-full.svg,Cần Thơ,-0.29919086435303044,0,0.42129938862690786,0
2025-06-15 13:00:00+07:00,55.0,14.8,62.0,/dl/web/weather/ic-w-04-scattered-clouds-full.svg,Cần Thơ,-0.29919086435303044,0,0.6853349564089591,0
2025-06-15 14:00:00+07:00,73.0,11.1,70.0,/dl/web/weather/ic-w-04-scattered-clouds-full.svg,Cần Thơ,0.4500650727800975,0,0.14259517819029818,0
2025-06-15 15:00:00+07:00,105.0,9.2,66.0,/dl/web/weather/ic-w-04-scattered-clouds-full.svg,Cần Thơ,1.782075627683436,0,-0.1361090322463115,0
2025-06-15 16:00:00+07:00,122.0,14.8,70.0,/dl/web/weather/ic-w-04-scattered-clouds-full.svg,Cần Thơ,2.4897062349758348,0,0.6853349564089591,0
2025-06-15 17:00:00+07:00,112.0,11.1,70.0,/dl/web/weather/ic-w-04-scattered-clouds-full.svg,Cần Thơ,2.0734529365685415,0,0.14259517819029818,0
2025-06-15 18:00:00+07:00,97.0,9.2,79.0,/dl/web/weather/ic-w-02-new-clouds-full.svg,Cần Thơ,1.4490729889576015,0,-0.1361090322463115,0
2025-06-15 19:00:00+07:00,84.0,5.5,79.0,/dl/web/weather/ic-w-11-night-few-clouds-full.svg,Cần Thơ,0.9079437010281202,0,-0.6788488104649723,0
2025-06-15 20:00:00+07:00,124.0,7.4,89.0,/dl/web/weather/ic-w-11-night-few-clouds-full.svg,Cần Thơ,2.572956894657293,0,-0.40014460002836255,0
2025-06-15 21:00:00+07:00,124.0,7.4,89.0,/dl/web/weather/ic-w-11-night-few-clouds-full.svg,Cần Thơ,2.572956894657293,0,-0.40014460002836255,0
2025-06-15 22:00:00+07:00,115.0,3.7,100.0,/dl/web/weather/ic-w-11-night-few-clouds-full.svg,Cần Thơ,2.1983289260907295,0,-0.9428843782470234,0
2025-06-15 23:00:00+07:00,105.0,3.7,100.0,/dl/web/weather/ic-w-11-night-few-clouds-full.svg,Cần Thơ,1.782075627683436,0,-0.9428843782470234,0
2025-06-16 00:00:00+07:00,79.0,5.5,100.0,/dl/web/weather/ic-w-11-night-few-clouds-full.svg,Cần Thơ,0.6998170518244735,0,-0.6788488104649723,0
2025-06-16 01:00:00+07:00,71.0,5.5,100.0,/dl/web/weather/ic-w-11-night-few-clouds-full.svg,Cần Thơ,0.3668144130986388,0,-0.6788488104649723,0
2025-06-16 02:00:00+07:00,71.0,3.7,100.0,/dl/web/weather/ic-w-11-night-few-clouds-full.svg,Cần Thơ,0.3668144130986388,0,-0.9428843782470234,0
2025-06-16 03:00:00+07:00,66.0,3.7,100.0,/dl/web/weather/ic-w-11-night-few-clouds-full.svg,Cần Thơ,0.15868776389499217,0,-0.9428843782470234,0
2025-06-16 04:00:00+07:00,64.0,0.0,100.0,/dl/web/weather/ic-w-11-night-few-clouds-full.svg,Cần Thơ,0.07543710421353352,0,-1.4856241564656842,0
2025-06-16 05:00:00+07:00,64.0,0.0,100.0,/dl/web/weather/ic-w-11-night-few-clouds-full.svg,Cần Thơ,0.07543710421353352,0,-1.4856241564656842,0
2025-06-16 06:00:00+07:00,64.0,0.0,100.0,/dl/web/weather/ic-w-02-new-clouds-full.svg,Cần Thơ,0.07543710421353352,0,-1.4856241564656842,0
2025-06-16 07:00:00+07:00,84.0,1.8,100.0,/dl/web/weather/ic-w-02-new-clouds-full.svg,Cần Thơ,0.9079437010281202,0,-1.2215885886836328,0
2025-06-16 08:00:00+07:00,66.0,3.7,94.0,/dl/web/weather/ic-w-02-new-clouds-full.svg,Cần Thơ,0.15868776389499217,0,-0.9428843782470234,0
2025-06-16 09:00:00+07:00,53.0,9.2,79.0,/dl/web/weather/ic-w-02-new-clouds-full.svg,Cần Thơ,-0.3824415240344891,0,-0.1361090322463115,0
2025-06-16 10:00:00+07:00,39.0,9.2,74.0,/dl/web/weather/ic-w-04-scattered-clouds-full.svg,Cần Thơ,-0.9651961418046997,0,-0.1361090322463115,0
2025-06-16 11:00:00+07:00,28.0,7.4,66.0,/dl/web/weather/ic-w-04-scattered-clouds-full.svg,Cần Thơ,-1.4230747700527224,0,-0.40014460002836255,0
2025-06-16 12:00:00+07:00,28.0,5.5,70.0,/dl/web/weather/ic-w-04-scattered-clouds-full.svg,Cần Thơ,-1.4230747700527224,0,-0.6788488104649723,0
2025-06-16 13:00:00+07:00,28.0,9.2,66.0,/dl/web/weather/ic-w-04-scattered-clouds-full.svg,Cần Thơ,-1.4230747700527224,0,-0.1361090322463115,0
2025-06-16 14:00:00+07:00,44.0,7.4,66.0,/dl/web/weather/ic-w-04-scattered-clouds-full.svg,Cần Thơ,-0.757069492601053,0,-0.40014460002836255,0
2025-06-16 15:00:00+07:00,58.0,9.2,66.0,/dl/web/weather/ic-w-04-scattered-clouds-full.svg,Cần Thơ,-0.1743148748308425,0,-0.1361090322463115,0
2025-06-16 16:00:00+07:00,102.0,11.1,66.0,/dl/web/weather/ic-w-04-scattered-clouds-full.svg,Cần Thơ,1.6571996381612482,0,0.14259517819029818,0
2025-06-16 17:00:00+07:00,102.0,11.1,70.0,/dl/web/weather/ic-w-04-scattered-clouds-full.svg,Cần Thơ,1.6571996381612482,0,0.14259517819029818,0
2025-06-16 18:00:00+07:00,153.0,15.0,77.0,/dl/web/weather/ic-w-06-rain-full.svg,Cần Thơ,3.780091460038444,-1,0.7146722417180759,0
2025-06-16 19:00:00+07:00,112.0,14.8,100.0,/dl/web/weather/ic-w-07-thunderstorms-full.svg,Cần Thơ,2.0734529365685415,0,0.6853349564089591,0
2025-06-16 20:00:00+07:00,77.0,7.4,100.0,/dl/web/weather/ic-w-07-thunderstorms-full.svg,Cần Thơ,0.6165663921430148,0,-0.40014460002836255,0
2025-06-17 04:00:00+07:00,33.0,5.5,100.0,/dl/web/weather/ic-w-04-scattered-clouds-full.svg,Cần Thơ,-1.2149481208490758,0,-0.6788488104649723,0
2025-06-17 05:00:00+07:00,33.0,0.0,100.0,/dl/web/weather/ic-w-04-scattered-clouds-full.svg,Cần Thơ,-1.2149481208490758,0,-1.4856241564656842,0
2025-06-17 06:00:00+07:00,50.0,0.0,100.0,/dl/web/weather/ic-w-04-scattered-clouds-full.svg,Cần Thơ,-0.5073175135566771,0,-1.4856241564656842,0
2025-06-17 07:00:00+07:00,62.0,0.0,100.0,/dl/web/weather/ic-w-04-scattered-clouds-full.svg,Cần Thơ,-0.007813555467925153,0,-1.4856241564656842,0
2025-06-17 08:00:00+07:00,55.0,1.8,94.0,/dl/web/weather/ic-w-02-new-clouds-full.svg,Cần Thơ,-0.29919086435303044,0,-1.2215885886836328,0
2025-06-17 09:00:00+07:00,28.0,9.5,75.0,/dl/web/weather/ic-w-04-scattered-clouds-full.svg,Cần Thơ,-1.4230747700527224,0,-0.09210310428263618,0
2025-06-17 10:00:00+07:00,22.0,10.4,66.0,/dl/web/weather/ic-w-04-scattered-clouds-full.svg,Cần Thơ,-1.6728267490970983,0,0.03991467960838948,0
2025-06-17 11:00:00+07:00,22.0,7.7,60.0,/dl/web/weather/ic-w-04-scattered-clouds-full.svg,Cần Thơ,-1.6728267490970983,0,-0.35613867206468736,0
2025-06-17 12:00:00+07:00,22.0,5.5,70.0,/dl/web/weather/ic-w-04-scattered-clouds-full.svg,Cần Thơ,-1.6728267490970983,0,-0.6788488104649723,0
2025-06-17 13:00:00+07:00,22.0,3.7,74.0,/dl/web/weather/ic-w-04-scattered-clouds-full.svg,Cần Thơ,-1.6728267490970983,0,-0.9428843782470234,0
2025-06-17 14:00:00+07:00,55.0,9.2,70.0,/dl/web/weather/ic-w-04-scattered-clouds-full.svg,Cần Thơ,-0.29919086435303044,0,-0.1361090322463115,0
2025-06-17 15:00:00+07:00,69.0,14.8,70.0,/dl/web/weather/ic-w-04-scattered-clouds-full.svg,Cần Thơ,0.28356375341718015,0,0.6853349564089591,0
2025-06-17 16:00:00+07:00,94.0,16.7,89.0,/dl/web/weather/ic-w-06-rain-full.svg,Cần Thơ,1.3241969994354135,0,0.9640391668455686,0
2025-06-17 17:00:00+07:00,153.0,16.7,100.0,/dl/web/weather/ic-w-07-thunderstorms-full.svg,Cần Thơ,3.780091460038444,-1,0.9640391668455686,0
2025-06-17 18:00:00+07:00,84.0,5.5,100.0,/dl/web/weather/ic-w-07-thunderstorms-full.svg,Cần Thơ,0.9079437010281202,0,-0.6788488104649723,0
2025-06-17 19:00:00+07:00,64.0,20.4,100.0,/dl/web/weather/ic-w-07-thunderstorms-full.svg,Cần Thơ,0.07543710421353352,0,1.5067789450642293,0
2025-06-17 20:00:00+07:00,66.0,10.5,89.0,/dl/web/weather/ic-w-12-night-rain-full.svg,Cần Thơ,0.15868776389499217,0,0.05458332226294783,0
2025-06-17 21:00:00+07:00,66.0,7.4,100.0,/dl/web/weather/ic-w-12-night-rain-full.svg,Cần Thơ,0.15868776389499217,0,-0.40014460002836255,0
2025-06-17 23:00:00+07:00,66.0,5.5,100.0,/dl/web/weather/ic-w-04-scattered-clouds-full.svg,Cần Thơ,0.15868776389499217,0,-0.6788488104649723,0
2025-06-18 00:00:00+07:00,58.0,0.0,100.0,/dl/web/weather/ic-w-04-scattered-clouds-full.svg,Cần Thơ,-0.1743148748308425,0,-1.4856241564656842,0
2025-06-18 03:00:00+07:00,56.0,0.0,100.0,/dl/web/weather/ic-w-04-scattered-clouds-full.svg,Cần Thơ,-0.25756553451230113,0,-1.4856241564656842,0
2025-06-18 06:00:00+07:00,64.0,0.0,100.0,/dl/web/weather/ic-w-04-scattered-clouds-full.svg,Cần Thơ,0.07543710421353352,0,-1.4856241564656842,0
2025-06-18 07:00:00+07:00,79.0,1.8,100.0,/dl/web/weather/ic-w-09-mist-full.svg,Cần Thơ,0.6998170518244735,0,-1.2215885886836328,0
2025-06-18 08:00:00+07:00,124.0,7.4,100.0,/dl/web/weather/ic-w-09-mist-full.svg,Cần Thơ,2.572956894657293,0,-0.40014460002836255,0
2025-06-18 09:00:00+07:00,105.0,1.8,100.0,/dl/web/weather/ic-w-09-mist-full.svg,Cần Thơ,1.782075627683436,0,-1.2215885886836328,0
2025-06-18 10:00:00+07:00,62.0,1.8,89.0,/dl/web/weather/ic-w-04-scattered-clouds-full.svg,Cần Thơ,-0.007813555467925153,0,-1.2215885886836328,0
2025-06-18 11:00:00+07:00,39.0,9.2,79.0,/dl/web/weather/ic-w-04-scattered-clouds-full.svg,Cần Thơ,-0.9651961418046997,0,-0.1361090322463115,0
2025-06-18 12:00:00+07:00,39.0,13.0,79.0,/dl/web/weather/ic-w-04-scattered-clouds-full.svg,Cần Thơ,-0.9651961418046997,0,0.42129938862690786,0
2025-06-18 13:00:00+07:00,39.0,18.5,70.0,/dl/web/weather/ic-w-04-scattered-clouds-full.svg,Cần Thơ,-0.9651961418046997,0,1.22807473462762,0
2025-06-18 14:00:00+07:00,22.0,33.3,94.0,/dl/web/weather/ic-w-06-rain-full.svg,Cần Thơ,-1.6728267490970983,0,3.3990338475022623,-1
2025-06-18 15:00:00+07:00,17.0,11.1,100.0,/dl/web/weather/ic-w-04-scattered-clouds-full.svg,Cần Thơ,-1.880953398300745,0,0.14259517819029818,0
2025-06-18 16:00:00+07:00,17.0,14.8,94.0,/dl/web/weather/ic-w-06-rain-full.svg,Cần Thơ,-1.880953398300745,0,0.6853349564089591,0
2025-06-18 17:00:00+07:00,17.0,7.4,94.0,/dl/web/weather/ic-w-04-scattered-clouds-full.svg,Cần Thơ,-1.880953398300745,0,-0.40014460002836255,0
2025-06-18 18:00:00+07:00,39.0,7.4,94.0,/dl/web/weather/ic-w-04-scattered-clouds-full.svg,Cần Thơ,-0.9651961418046997,0,-0.40014460002836255,0
2025-06-18 19:00:00+07:00,53.0,0.0,100.0,/dl/web/weather/ic-w-04-scattered-clouds-full.svg,Cần Thơ,-0.3824415240344891,0,-1.4856241564656842,0
2025-06-18 20:00:00+07:00,64.0,3.7,100.0,/dl/web/weather/ic-w-04-scattered-clouds-full.svg,Cần Thơ,0.07543710421353352,0,-0.9428843782470234,0
2025-06-18 22:00:00+07:00,55.0,8.7,100.0,/dl/web/weather/ic-w-04-scattered-clouds-full.svg,Cần Thơ,-0.29919086435303044,0,-0.2094522455191035,0
2025-06-18 23:00:00+07:00,44.0,1.8,100.0,/dl/web/weather/ic-w-04-scattered-clouds-full.svg,Cần Thơ,-0.757069492601053,0,-1.2215885886836328,0
2025-06-19 00:00:00+07:00,62.0,5.5,100.0,/dl/web/weather/ic-w-04-scattered-clouds-full.svg,Cần Thơ,-0.007813555467925153,0,-0.6788488104649723,0
2025-06-19 01:00:00+07:00,64.0,0.0,100.0,/dl/web/weather/ic-w-04-scattered-clouds-full.svg,Cần Thơ,0.07543710421353352,0,-1.4856241564656842,0
2025-06-19 02:00:00+07:00,53.0,3.7,100.0,/dl/web/weather/ic-w-04-scattered-clouds-full.svg,Cần Thơ,-0.3824415240344891,0,-0.9428843782470234,0
2025-06-19 03:00:00+07:00,44.0,3.7,100.0,/dl/web/weather/ic-w-04-scattered-clouds-full.svg,Cần Thơ,-0.757069492601053,0,-0.9428843782470234,0
2025-06-19 04:00:00+07:00,39.0,3.7,100.0,/dl/web/weather/ic-w-04-scattered-clouds-full.svg,Cần Thơ,-0.9651961418046997,0,-0.9428843782470234,0
2025-06-19 05:00:00+07:00,44.0,5.5,100.0,/dl/web/weather/ic-w-04-scattered-clouds-full.svg,Cần Thơ,-0.757069492601053,0,-0.6788488104649723,0
2025-06-19 06:00:00+07:00,39.0,3.7,100.0,/dl/web/weather/ic-w-04-scattered-clouds-full.svg,Cần Thơ,-0.9651961418046997,0,-0.9428843782470234,0
2025-06-19 07:00:00+07:00,53.0,3.7,100.0,/dl/web/weather/ic-w-04-scattered-clouds-full.svg,Cần Thơ,-0.3824415240344891,0,-0.9428843782470234,0
2025-06-19 08:00:00+07:00,28.0,7.4,94.0,/dl/web/weather/ic-w-04-scattered-clouds-full.svg,Cần Thơ,-1.4230747700527224,0,-0.40014460002836255,0
2025-06-19 09:00:00+07:00,53.0,7.4,89.0,/dl/web/weather/ic-w-04-scattered-clouds-full.svg,Cần Thơ,-0.3824415240344891,0,-0.40014460002836255,0
2025-06-19 10:00:00+07:00,28.0,13.0,84.0,/dl/web/weather/ic-w-04-scattered-clouds-full.svg,Cần Thơ,-1.4230747700527224,0,0.42129938862690786,0
2025-06-19 11:00:00+07:00,17.0,11.1,79.0,/dl/web/weather/ic-w-04-scattered-clouds-full.svg,Cần Thơ,-1.880953398300745,0,0.14259517819029818,0
2025-06-19 12:00:00+07:00,17.0,9.2,70.0,/dl/web/weather/ic-w-04-scattered-clouds-full.svg,Cần Thơ,-1.880953398300745,0,-0.1361090322463115,0
2025-06-19 13:00:00+07:00,17.0,18.5,61.0,/dl/web/weather/ic-w-04-scattered-clouds-full.svg,Cần Thơ,-1.880953398300745,0,1.22807473462762,0
2025-06-19 14:00:00+07:00,39.0,17.9,62.0,/dl/web/weather/ic-w-04-scattered-clouds-full.svg,Cần Thơ,-0.9651961418046997,0,1.1400628787002693,0
2025-06-19 15:00:00+07:00,75.0,18.2,65.0,/dl/web/weather/ic-w-06-rain-full.svg,Cần Thơ,0.5333157324615562,0,1.1840688066639447,0
2025-06-19 16:00:00+07:00,68.0,17.5,68.0,/dl/web/weather/ic-w-06-rain-full.svg,Cần Thơ,0.24193842357645082,0,1.081388308082036,0
2025-06-19 17:00:00+07:00,86.0,16.6,74.0,/dl/web/weather/ic-w-06-rain-full.svg,Cần Thơ,0.9911943607095788,0,0.9493705241910105,0
2025-06-19 18:00:00+07:00,84.0,5.5,100.0,/dl/web/weather/ic-w-06-rain-full.svg,Cần Thơ,0.9079437010281202,0,-0.6788488104649723,0
2025-06-19 19:00:00+07:00,69.0,7.4,100.0,/dl/web/weather/ic-w-12-night-rain-full.svg,Cần Thơ,0.28356375341718015,0,-0.40014460002836255,0
2025-06-19 20:00:00+07:00,53.0,3.7,100.0,/dl/web/weather/ic-w-12-night-rain-full.svg,Cần Thơ,-0.3824415240344891,0,-0.9428843782470234,0
2025-06-19 21:00:00+07:00,53.0,7.4,100.0,/dl/web/weather/ic-w-12-night-rain-full.svg,Cần Thơ,-0.3824415240344891,0,-0.40014460002836255,0
2025-06-19 22:00:00+07:00,50.0,3.7,100.0,/dl/web/weather/ic-w-04-scattered-clouds-full.svg,Cần Thơ,-0.5073175135566771,0,-0.9428843782470234,0
2025-06-19 23:00:00+07:00,44.0,0.0,100.0,/dl/web/weather/ic-w-04-scattered-clouds-full.svg,Cần Thơ,-0.757069492601053,0,-1.4856241564656842,0
2025-06-20 00:00:00+07:00,50.0,5.5,100.0,/dl/web/weather/ic-w-04-scattered-clouds-full.svg,Cần Thơ,-0.5073175135566771,0,-0.6788488104649723,0
2025-06-20 01:00:00+07:00,39.0,3.7,100.0,/dl/web/weather/ic-w-04-scattered-clouds-full.svg,Cần Thơ,-0.9651961418046997,0,-0.9428843782470234,0
2025-06-20 02:00:00+07:00,33.0,3.7,100.0,/dl/web/weather/ic-w-04-scattered-clouds-full.svg,Cần Thơ,-1.2149481208490758,0,-0.9428843782470234,0
2025-06-20 03:00:00+07:00,33.0,3.7,100.0,/dl/web/weather/ic-w-04-scattered-clouds-full.svg,Cần Thơ,-1.2149481208490758,0,-0.9428843782470234,0
2025-06-20 04:00:00+07:00,39.0,8.0,95.0,/dl/web/weather/ic-w-04-scattered-clouds-full.svg,Cần Thơ,-0.9651961418046997,0,-0.3121327441010122,0
2025-06-20 05:00:00+07:00,33.0,8.0,95.0,/dl/web/weather/ic-w-04-scattered-clouds-full.svg,Cần Thơ,-1.2149481208490758,0,-0.3121327441010122,0
2025-06-20 06:00:00+07:00,39.0,3.7,100.0,/dl/web/weather/ic-w-04-scattered-clouds-full.svg,Cần Thơ,-0.9651961418046997,0,-0.9428843782470234,0
2025-06-20 07:00:00+07:00,53.0,3.7,100.0,/dl/web/weather/ic-w-04-scattered-clouds-full.svg,Cần Thơ,-0.3824415240344891,0,-0.9428843782470234,0
2025-06-20 08:00:00+07:00,58.0,3.7,100.0,/dl/web/weather/ic-w-04-scattered-clouds-full.svg,Cần Thơ,-0.1743148748308425,0,-0.9428843782470234,0
2025-06-20 09:00:00+07:00,53.0,18.2,82.0,/dl/web/weather/ic-w-04-scattered-clouds-full.svg,Cần Thơ,-0.3824415240344891,0,1.1840688066639447,0
2025-06-20 10:00:00+07:00,33.0,16.9,75.0,/dl/web/weather/ic-w-04-scattered-clouds-full.svg,Cần Thơ,-1.2149481208490758,0,0.9933764521546853,0
2025-06-20 11:00:00+07:00,33.0,16.3,70.0,/dl/web/weather/ic-w-04-scattered-clouds-full.svg,Cần Thơ,-1.2149481208490758,0,0.9053645962273352,0
2025-06-20 12:00:00+07:00,22.0,16.9,63.0,/dl/web/weather/ic-w-04-scattered-clouds-full.svg,Cần Thơ,-1.6728267490970983,0,0.9933764521546853,0
2025-06-20 13:00:00+07:00,17.0,11.1,66.0,/dl/web/weather/ic-w-04-scattered-clouds-full.svg,Cần Thơ,-1.880953398300745,0,0.14259517819029818,0
2025-06-20 14:00:00+07:00,22.0,13.8,69.0,/dl/web/weather/ic-w-06-rain-full.svg,Cần Thơ,-1.6728267490970983,0,0.5386485298633752,0
2025-06-20 15:00:00+07:00,33.0,13.5,78.0,/dl/web/weather/ic-w-06-rain-full.svg,Cần Thơ,-1.2149481208490758,0,0.49464260189969983,0
2025-06-20 16:00:00+07:00,55.0,12.9,85.0,/dl/web/weather/ic-w-06-rain-full.svg,Cần Thơ,-0.29919086435303044,0,0.4066307459723495,0
2025-06-20 17:00:00+07:00,33.0,14.3,86.0,/dl/web/weather/ic-w-06-rain-full.svg,Cần Thơ,-1.2149481208490758,0,0.6119917431361671,0
2025-06-20 18:00:00+07:00,17.0,19.0,90.0,/dl/web/weather/ic-w-06-rain-full.svg,Cần Thơ,-1.880953398300745,0,1.301417947900412,0
2025-06-20 19:00:00+07:00,22.0,17.4,93.0,/dl/web/weather/ic-w-04-scattered-clouds-full.svg,Cần Thơ,-1.6728267490970983,0,1.0667196654274773,0
2025-06-20 20:00:00+07:00,11.0,16.6,98.0,/dl/web/weather/ic-w-04-scattered-clouds-full.svg,Cần Thơ,-2.130705377345121,0,0.9493705241910105,0
2025-06-20 21:00:00+07:00,11.0,18.5,97.0,/dl/web/weather/ic-w-04-scattered-clouds-full.svg,Cần Thơ,-2.130705377345121,0,1.22807473462762,0
2025-06-20 22:00:00+07:00,17.0,16.4,98.0,/dl/web/weather/ic-w-04-scattered-clouds-full.svg,Cần Thơ,-1.880953398300745,0,0.9200332388818933,0
2025-06-20 23:00:00+07:00,22.0,14.0,96.0,/dl/web/weather/ic-w-04-scattered-clouds-full.svg,Cần Thơ,-1.6728267490970983,0,0.5679858151724918,0
2025-06-21 00:00:00+07:00,33.0,13.2,98.0,/dl/web/weather/ic-w-04-scattered-clouds-full.svg,Cần Thơ,-1.2149481208490758,0,0.4506366739360245,0
2025-06-21 01:00:00+07:00,11.0,18.0,96.0,/dl/web/weather/ic-w-04-scattered-clouds-full.svg,Cần Thơ,-2.130705377345121,0,1.154731521354828,0
2025-06-21 02:00:00+07:00,17.0,18.0,96.0,/dl/web/weather/ic-w-04-scattered-clouds-full.svg,Cần Thơ,-1.880953398300745,0,1.154731521354828,0
2025-06-21 03:00:00+07:00,17.0,10.6,96.0,/dl/web/weather/ic-w-04-scattered-clouds-full.svg,Cần Thơ,-1.880953398300745,0,0.06925196491750617,0
2025-06-21 04:00:00+07:00,22.0,10.6,96.0,/dl/web/weather/ic-w-04-scattered-clouds-full.svg,Cần Thơ,-1.6728267490970983,0,0.06925196491750617,0
2025-06-21 05:00:00+07:00,33.0,5.6,98.0,/dl/web/weather/ic-w-04-scattered-clouds-full.svg,Cần Thơ,-1.2149481208490758,0,-0.6641801678104139,0
2025-06-21 06:00:00+07:00,39.0,3.4,98.0,/dl/web/weather/ic-w-04-scattered-clouds-full.svg,Cần Thơ,-0.9651961418046997,0,-0.9868903062106986,0
2025-06-21 07:00:00+07:00,55.0,4.5,95.0,/dl/web/weather/ic-w-04-scattered-clouds-full.svg,Cần Thơ,-0.29919086435303044,0,-0.8255352370105562,0
2025-06-21 08:00:00+07:00,68.0,7.4,96.0,/dl/web/weather/ic-w-04-scattered-clouds-full.svg,Cần Thơ,0.24193842357645082,0,-0.40014460002836255,0
2025-06-21 09:00:00+07:00,28.0,11.9,90.0,/dl/web/weather/ic-w-04-scattered-clouds-full.svg,Cần Thơ,-1.4230747700527224,0,0.2599443194267655,0
2025-06-21 10:00:00+07:00,39.0,13.5,86.0,/dl/web/weather/ic-w-04-scattered-clouds-full.svg,Cần Thơ,-0.9651961418046997,0,0.49464260189969983,0
2025-06-21 11:00:00+07:00,39.0,12.9,86.0,/dl/web/weather/ic-w-04-scattered-clouds-full.svg,Cần Thơ,-0.9651961418046997,0,0.4066307459723495,0
2025-06-21 12:00:00+07:00,28.0,16.9,83.0,/dl/web/weather/ic-w-06-rain-full.svg,Cần Thơ,-1.4230747700527224,0,0.9933764521546853,0
2025-06-21 13:00:00+07:00,17.0,21.1,90.0,/dl/web/weather/ic-w-06-rain-full.svg,Cần Thơ,-1.880953398300745,0,1.6094594436461385,0
2025-06-21 14:00:00+07:00,17.0,23.8,86.0,/dl/web/weather/ic-w-06-rain-full.svg,Cần Thơ,-1.880953398300745,0,2.0055127953192153,0
2025-06-21 15:00:00+07:00,22.0,23.0,83.0,/dl/web/weather/ic-w-06-rain-full.svg,Cần Thơ,-1.6728267490970983,0,1.888163654082748,0
2025-06-21 16:00:00+07:00,11.0,22.7,85.0,/dl/web/weather/ic-w-06-rain-full.svg,Cần Thơ,-2.130705377345121,0,1.8441577261190727,0
2025-06-21 17:00:00+07:00,17.0,21.1,94.0,/dl/web/weather/ic-w-04-scattered-clouds-full.svg,Cần Thơ,-1.880953398300745,0,1.6094594436461385,0
2025-06-21 18:00:00+07:00,17.0,19.3,95.0,/dl/web/weather/ic-w-06-rain-full.svg,Cần Thơ,-1.880953398300745,0,1.3454238758640873,0
2025-06-21 19:00:00+07:00,17.0,15.1,92.0,/dl/web/weather/ic-w-12-night-rain-full.svg,Cần Thơ,-1.880953398300745,0,0.7293408843726342,0
2025-06-21 20:00:00+07:00,11.0,13.4,97.0,/dl/web/weather/ic-w-12-night-rain-full.svg,Cần Thơ,-2.130705377345121,0,0.4799739592451415,0
2025-06-21 21:00:00+07:00,11.0,11.6,92.0,/dl/web/weather/ic-w-12-night-rain-full.svg,Cần Thơ,-2.130705377345121,0,0.21593839146309018,0
2025-06-21 22:00:00+07:00,0.0,10.1,94.0,/dl/web/weather/ic-w-12-night-rain-full.svg,Cần Thơ,-2.5885840055931437,0,-0.00409124835528583,0
2025-06-21 23:00:00+07:00,6.0,9.8,98.0,/dl/web/weather/ic-w-04-scattered-clouds-full.svg,Cần Thơ,-2.3388320265487677,0,-0.04809717631896088,0
2025-06-22 00:00:00+07:00,6.0,10.0,98.0,/dl/web/weather/ic-w-04-scattered-clouds-full.svg,Cần Thơ,-2.3388320265487677,0,-0.01875989100984418,0
2025-06-22 01:00:00+07:00,6.0,10.3,94.0,/dl/web/weather/ic-w-12-night-rain-full.svg,Cần Thơ,-2.3388320265487677,0,0.025246036953831128,0
2025-06-22 02:00:00+07:00,11.0,10.4,94.0,/dl/web/weather/ic-w-12-night-rain-full.svg,Cần Thơ,-2.130705377345121,0,0.03991467960838948,0
2025-06-22 03:00:00+07:00,11.0,10.0,94.0,/dl/web/weather/ic-w-12-night-rain-full.svg,Cần Thơ,-2.130705377345121,0,-0.01875989100984418,0
2025-06-22 04:00:00+07:00,11.0,10.8,94.0,/dl/web/weather/ic-w-04-scattered-clouds-full.svg,Cần Thơ,-2.130705377345121,0,0.09858925022662313,0
2025-06-22 05:00:00+07:00,11.0,12.4,97.0,/dl/web/weather/ic-w-04-scattered-clouds-full.svg,Cần Thơ,-2.130705377345121,0,0.33328753269955746,0
2025-06-22 06:00:00+07:00,11.0,12.5,97.0,/dl/web/weather/ic-w-04-scattered-clouds-full.svg,Cần Thơ,-2.130705377345121,0,0.3479561753541158,0
2025-06-22 07:00:00+07:00,6.0,13.4,96.0,/dl/web/weather/ic-w-04-scattered-clouds-full.svg,Cần Thơ,-2.3388320265487677,0,0.4799739592451415,0
2025-06-22 08:00:00+07:00,6.0,14.3,97.0,/dl/web/weather/ic-w-04-scattered-clouds-full.svg,Cần Thơ,-2.3388320265487677,0,0.6119917431361671,0
2025-06-22 09:00:00+07:00,6.0,14.0,97.0,/dl/web/weather/ic-w-04-scattered-clouds-full.svg,Cần Thơ,-2.3388320265487677,0,0.5679858151724918,0
2025-06-22 10:00:00+07:00,6.0,13.0,88.0,/dl/web/weather/ic-w-04-scattered-clouds-full.svg,Cần Thơ,-2.3388320265487677,0,0.42129938862690786,0
2025-06-22 11:00:00+07:00,11.0,13.4,82.0,/dl/web/weather/ic-w-04-scattered-clouds-full.svg,Cần Thơ,-2.130705377345121,0,0.4799739592451415,0
2025-06-22 12:00:00+07:00,11.0,18.3,80.0,/dl/web/weather/ic-w-04-scattered-clouds-full.svg,Cần Thơ,-2.130705377345121,0,1.1987374493185032,0
2025-06-22 13:00:00+07:00,11.0,18.0,80.0,/dl/web/weather/ic-w-04-scattered-clouds-full.svg,Cần Thơ,-2.130705377345121,0,1.154731521354828,0
2025-06-22 14:00:00+07:00,6.0,16.3,82.0,/dl/web/weather/ic-w-04-scattered-clouds-full.svg,Cần Thơ,-2.3388320265487677,0,0.9053645962273352,0
2025-06-22 15:00:00+07:00,6.0,16.3,82.0,/dl/web/weather/ic-w-04-scattered-clouds-full.svg,Cần Thơ,-2.3388320265487677,0,0.9053645962273352,0
2025-06-22 16:00:00+07:00,11.0,19.2,85.0,/dl/web/weather/ic-w-06-rain-full.svg,Cần Thơ,-2.130705377345121,0,1.3307552332095285,0
2025-06-22 17:00:00+07:00,11.0,18.7,86.0,/dl/web/weather/ic-w-06-rain-full.svg,Cần Thơ,-2.130705377345121,0,1.2574120199367367,0
2025-06-22 18:00:00+07:00,17.0,15.0,85.0,/dl/web/weather/ic-w-06-rain-full.svg,Cần Thơ,-1.880953398300745,0,0.7146722417180759,0
2025-06-22 19:00:00+07:00,17.0,11.1,86.0,/dl/web/weather/ic-w-04-scattered-clouds-full.svg,Cần Thơ,-1.880953398300745,0,0.14259517819029818,0
2025-06-22 20:00:00+07:00,44.0,8.7,87.0,/dl/web/weather/ic-w-04-scattered-clouds-full.svg,Cần Thơ,-0.757069492601053,0,-0.2094522455191035,0
2025-06-22 21:00:00+07:00,44.0,8.2,88.0,/dl/web/weather/ic-w-04-scattered-clouds-full.svg,Cần Thơ,-0.757069492601053,0,-0.2827954587918955,0
2025-06-22 22:00:00+07:00,53.0,8.2,88.0,/dl/web/weather/ic-w-04-scattered-clouds-full.svg,Cần Thơ,-0.3824415240344891,0,-0.2827954587918955,0
2025-06-22 23:00:00+07:00,69.0,8.4,97.0,/dl/web/weather/ic-w-04-scattered-clouds-full.svg,Cần Thơ,0.28356375341718015,0,-0.25345817348277855,0
2025-06-23 00:00:00+07:00,58.0,7.6,98.0,/dl/web/weather/ic-w-04-scattered-clouds-full.svg,Cần Thơ,-0.1743148748308425,0,-0.37080731471924583,0
2025-06-23 01:00:00+07:00,56.0,8.2,97.0,/dl/web/weather/ic-w-04-scattered-clouds-full.svg,Cần Thơ,-0.25756553451230113,0,-0.2827954587918955,0
2025-06-23 02:00:00+07:00,44.0,7.4,98.0,/dl/web/weather/ic-w-12-night-rain-full.svg,Cần Thơ,-0.757069492601053,0,-0.40014460002836255,0
2025-06-23 03:00:00+07:00,17.0,7.4,98.0,/dl/web/weather/ic-w-12-night-rain-full.svg,Cần Thơ,-1.880953398300745,0,-0.40014460002836255,0
2025-06-23 04:00:00+07:00,0.0,7.2,98.0,/dl/web/weather/ic-w-12-night-rain-full.svg,Cần Thơ,-2.5885840055931437,0,-0.4294818853374794,0
2025-06-23 05:00:00+07:00,11.0,6.8,98.0,/dl/web/weather/ic-w-12-night-rain-full.svg,Cần Thơ,-2.130705377345121,0,-0.48815645595571305,0
2025-06-23 06:00:00+07:00,17.0,7.2,99.0,/dl/web/weather/ic-w-06-rain-full.svg,Cần Thơ,-1.880953398300745,0,-0.4294818853374794,0
2025-06-23 07:00:00+07:00,17.0,10.9,95.0,/dl/web/weather/ic-w-06-rain-full.svg,Cần Thơ,-1.880953398300745,0,0.11325789288118147,0
2025-06-23 08:00:00+07:00,22.0,15.3,92.0,/dl/web/weather/ic-w-06-rain-full.svg,Cần Thơ,-1.6728267490970983,0,0.7586781696817512,0
2025-06-23 09:00:00+07:00,22.0,18.3,89.0,/dl/web/weather/ic-w-06-rain-full.svg,Cần Thơ,-1.6728267490970983,0,1.1987374493185032,0
2025-06-23 10:00:00+07:00,17.0,21.7,88.0,/dl/web/weather/ic-w-06-rain-full.svg,Cần Thơ,-1.880953398300745,0,1.6974712995734886,0
2025-06-23 11:00:00+07:00,17.0,24.6,84.0,/dl/web/weather/ic-w-04-scattered-clouds-full.svg,Cần Thơ,-1.880953398300745,0,2.1228619365556827,0
2025-06-23 12:00:00+07:00,17.0,23.7,85.0,/dl/web/weather/ic-w-04-scattered-clouds-full.svg,Cần Thơ,-1.880953398300745,0,1.9908441526646565,0
2025-06-23 13:00:00+07:00,17.0,22.2,79.0,/dl/web/weather/ic-w-04-scattered-clouds-full.svg,Cần Thơ,-1.880953398300745,0,1.7708145128462807,0
2025-06-23 14:00:00+07:00,17.0,23.0,73.0,/dl/web/weather/ic-w-04-scattered-clouds-full.svg,Cần Thơ,-1.880953398300745,0,1.888163654082748,0
2025-06-23 15:00:00+07:00,17.0,23.0,73.0,/dl/web/weather/ic-w-04-scattered-clouds-full.svg,Cần Thơ,-1.880953398300745,0,1.888163654082748,0
2025-06-23 16:00:00+07:00,17.0,24.0,73.0,/dl/web/weather/ic-w-04-scattered-clouds-full.svg,Cần Thơ,-1.880953398300745,0,2.034850080628332,0
2025-06-23 17:00:00+07:00,11.0,24.0,71.0,/dl/web/weather/ic-w-04-scattered-clouds-full.svg,Cần Thơ,-2.130705377345121,0,2.034850080628332,0
2025-06-23 18:00:00+07:00,17.0,20.6,79.0,/dl/web/weather/ic-w-04-scattered-clouds-full.svg,Cần Thơ,-1.880953398300745,0,1.5361162303733464,0
2025-06-23 19:00:00+07:00,22.0,14.6,81.0,/dl/web/weather/ic-w-04-scattered-clouds-full.svg,Cần Thơ,-1.6728267490970983,0,0.6559976710998422,0
2025-06-23 20:00:00+07:00,39.0,12.1,93.0,/dl/web/weather/ic-w-04-scattered-clouds-full.svg,Cần Thơ,-0.9651961418046997,0,0.28928160473588216,0
2025-06-23 21:00:00+07:00,39.0,10.3,98.0,/dl/web/weather/ic-w-04-scattered-clouds-full.svg,Cần Thơ,-0.9651961418046997,0,0.025246036953831128,0
2025-06-23 22:00:00+07:00,22.0,8.7,98.0,/dl/web/weather/ic-w-04-scattered-clouds-full.svg,Cần Thơ,-1.6728267490970983,0,-0.2094522455191035,0
2025-06-23 23:00:00+07:00,17.0,8.9,98.0,/dl/web/weather/ic-w-04-scattered-clouds-full.svg,Cần Thơ,-1.880953398300745,0,-0.18011496020998655,0
2025-06-24 00:00:00+07:00,11.0,8.7,98.0,/dl/web/weather/ic-w-04-scattered-clouds-full.svg,Cần Thơ,-2.130705377345121,0,-0.2094522455191035,0
2025-06-24 01:00:00+07:00,17.0,9.3,97.0,/dl/web/weather/ic-w-04-scattered-clouds-full.svg,Cần Thơ,-1.880953398300745,0,-0.12144038959175288,0
2025-06-24 02:00:00+07:00,17.0,9.5,96.0,/dl/web/weather/ic-w-04-scattered-clouds-full.svg,Cần Thơ,-1.880953398300745,0,-0.09210310428263618,0
2025-06-24 03:00:00+07:00,17.0,10.1,98.0,/dl/web/weather/ic-w-04-scattered-clouds-full.svg,Cần Thơ,-1.880953398300745,0,-0.00409124835528583,0
2025-06-24 04:00:00+07:00,17.0,9.5,98.0,/dl/web/weather/ic-w-04-scattered-clouds-full.svg,Cần Thơ,-1.880953398300745,0,-0.09210310428263618,0
2025-06-24 05:00:00+07:00,17.0,8.2,97.0,/dl/web/weather/ic-w-04-scattered-clouds-full.svg,Cần Thơ,-1.880953398300745,0,-0.2827954587918955,0
2025-06-24 06:00:00+07:00,17.0,8.2,93.0,/dl/web/weather/ic-w-04-scattered-clouds-full.svg,Cần Thơ,-1.880953398300745,0,-0.2827954587918955,0
2025-06-24 07:00:00+07:00,17.0,11.4,94.0,/dl/web/weather/ic-w-04-scattered-clouds-full.svg,Cần Thơ,-1.880953398300745,0,0.1866011061539735,0
2025-06-24 08:00:00+07:00,28.0,18.0,90.0,/dl/web/weather/ic-w-04-scattered-clouds-full.svg,Cần Thơ,-1.4230747700527224,0,1.154731521354828,0
2025-06-24 09:00:00+07:00,39.0,17.9,80.0,/dl/web/weather/ic-w-04-scattered-clouds-full.svg,Cần Thơ,-0.9651961418046997,0,1.1400628787002693,0
2025-06-24 10:00:00+07:00,28.0,19.2,74.0,/dl/web/weather/ic-w-04-scattered-clouds-full.svg,Cần Thơ,-1.4230747700527224,0,1.3307552332095285,0
2025-06-24 11:00:00+07:00,28.0,20.8,71.0,/dl/web/weather/ic-w-04-scattered-clouds-full.svg,Cần Thơ,-1.4230747700527224,0,1.5654535156824632,0
2025-06-24 12:00:00+07:00,28.0,22.2,76.0,/dl/web/weather/ic-w-04-scattered-clouds-full.svg,Cần Thơ,-1.4230747700527224,0,1.7708145128462807,0
2025-06-24 13:00:00+07:00,39.0,20.0,66.0,/dl/web/weather/ic-w-04-scattered-clouds-full.svg,Cần Thơ,-0.9651961418046997,0,1.4481043744459958,0
2025-06-24 14:00:00+07:00,28.0,23.5,68.0,/dl/web/weather/ic-w-04-scattered-clouds-full.svg,Cần Thơ,-1.4230747700527224,0,1.96150686735554,0
2025-06-24 15:00:00+07:00,28.0,23.5,75.0,/dl/web/weather/ic-w-04-scattered-clouds-full.svg,Cần Thơ,-1.4230747700527224,0,1.96150686735554,0
2025-06-24 16:00:00+07:00,33.0,23.5,75.0,/dl/web/weather/ic-w-04-scattered-clouds-full.svg,Cần Thơ,-1.2149481208490758,0,1.96150686735554,0
2025-06-24 17:00:00+07:00,33.0,21.6,77.0,/dl/web/weather/ic-w-04-scattered-clouds-full.svg,Cần Thơ,-1.2149481208490758,0,1.6828026569189305,0
2025-06-24 18:00:00+07:00,44.0,19.8,78.0,/dl/web/weather/ic-w-04-scattered-clouds-full.svg,Cần Thơ,-0.757069492601053,0,1.418767089136879,0
2025-06-24 19:00:00+07:00,39.0,19.7,78.0,/dl/web/weather/ic-w-04-scattered-clouds-full.svg,Cần Thơ,-0.9651961418046997,0,1.4040984464823205,0
2025-06-24 20:00:00+07:00,39.0,15.1,87.0,/dl/web/weather/ic-w-04-scattered-clouds-full.svg,Cần Thơ,-0.9651961418046997,0,0.7293408843726342,0
2025-06-24 22:00:00+07:00,44.0,12.7,89.0,/dl/web/weather/ic-w-04-scattered-clouds-full.svg,Cần Thơ,-0.757069492601053,0,0.37729346066323255,0
2025-06-24 23:00:00+07:00,50.0,12.7,96.0,/dl/web/weather/ic-w-04-scattered-clouds-full.svg,Cần Thơ,-0.5073175135566771,0,0.37729346066323255,0
2025-06-25 00:00:00+07:00,44.0,10.3,95.0,/dl/web/weather/ic-w-04-scattered-clouds-full.svg,Cần Thơ,-0.757069492601053,0,0.025246036953831128,0
2025-06-25 02:00:00+07:00,66.0,9.3,97.0,/dl/web/weather/ic-w-04-scattered-clouds-full.svg,Cần Thơ,0.15868776389499217,0,-0.12144038959175288,0
2025-06-25 03:00:00+07:00,53.0,9.5,98.0,/dl/web/weather/ic-w-04-scattered-clouds-full.svg,Cần Thơ,-0.3824415240344891,0,-0.09210310428263618,0
2025-06-25 04:00:00+07:00,50.0,7.9,98.0,/dl/web/weather/ic-w-04-scattered-clouds-full.svg,Cần Thơ,-0.5073175135566771,0,-0.3268013867555705,0
2025-06-25 05:00:00+07:00,44.0,6.4,98.0,/dl/web/weather/ic-w-04-scattered-clouds-full.svg,Cần Thơ,-0.757069492601053,0,-0.5468310265739466,0
2025-06-25 06:00:00+07:00,44.0,6.9,99.0,/dl/web/weather/ic-w-04-scattered-clouds-full.svg,Cần Thơ,-0.757069492601053,0,-0.4734878133011545,0
2025-06-25 07:00:00+07:00,55.0,10.3,96.0,/dl/web/weather/ic-w-04-scattered-clouds-full.svg,Cần Thơ,-0.29919086435303044,0,0.025246036953831128,0
2025-06-25 08:00:00+07:00,53.0,15.0,92.0,/dl/web/weather/ic-w-04-scattered-clouds-full.svg,Cần Thơ,-0.3824415240344891,0,0.7146722417180759,0
2025-06-25 09:00:00+07:00,50.0,17.4,86.0,/dl/web/weather/ic-w-04-scattered-clouds-full.svg,Cần Thơ,-0.5073175135566771,0,1.0667196654274773,0
2025-06-25 10:00:00+07:00,33.0,18.2,94.0,/dl/web/weather/ic-w-06-rain-full.svg,Cần Thơ,-1.2149481208490758,0,1.1840688066639447,0
2025-06-25 11:00:00+07:00,39.0,20.8,84.0,/dl/web/weather/ic-w-06-rain-full.svg,Cần Thơ,-0.9651961418046997,0,1.5654535156824632,0
2025-06-25 12:00:00+07:00,39.0,22.4,80.0,/dl/web/weather/ic-w-06-rain-full.svg,Cần Thơ,-0.9651961418046997,0,1.8001517981553974,0
2025-06-25 13:00:00+07:00,39.0,23.8,74.0,/dl/web/weather/ic-w-04-scattered-clouds-full.svg,Cần Thơ,-0.9651961418046997,0,2.0055127953192153,0
2025-06-25 14:00:00+07:00,28.0,24.6,77.0,/dl/web/weather/ic-w-06-rain-full.svg,Cần Thơ,-1.4230747700527224,0,2.1228619365556827,0
2025-06-25 15:00:00+07:00,33.0,19.8,69.0,/dl/web/weather/ic-w-06-rain-full.svg,Cần Thơ,-1.2149481208490758,0,1.418767089136879,0
2025-06-25 16:00:00+07:00,50.0,22.2,77.0,/dl/web/weather/ic-w-06-rain-full.svg,Cần Thơ,-0.5073175135566771,0,1.7708145128462807,0
2025-06-25 17:00:00+07:00,55.0,20.4,77.0,/dl/web/weather/ic-w-04-scattered-clouds-full.svg,Cần Thơ,-0.29919086435303044,0,1.5067789450642293,0
2025-06-25 18:00:00+07:00,66.0,18.8,82.0,/dl/web/weather/ic-w-04-scattered-clouds-full.svg,Cần Thơ,0.15868776389499217,0,1.2720806625912953,0
2025-06-25 19:00:00+07:00,73.0,13.7,83.0,/dl/web/weather/ic-w-04-scattered-clouds-full.svg,Cần Thơ,0.4500650727800975,0,0.5239798872088165,0
2025-06-25 20:00:00+07:00,62.0,12.9,90.0,/dl/web/weather/ic-w-04-scattered-clouds-full.svg,Cần Thơ,-0.007813555467925153,0,0.4066307459723495,0
2025-06-25 21:00:00+07:00,62.0,13.8,93.0,/dl/web/weather/ic-w-04-scattered-clouds-full.svg,Cần Thơ,-0.007813555467925153,0,0.5386485298633752,0
2025-06-25 22:00:00+07:00,58.0,12.4,97.0,/dl/web/weather/ic-w-04-scattered-clouds-full.svg,Cần Thơ,-0.1743148748308425,0,0.33328753269955746,0
2025-06-26 00:00:00+07:00,44.0,11.1,97.0,/dl/web/weather/ic-w-04-scattered-clouds-full.svg,Cần Thơ,-0.757069492601053,0,0.14259517819029818,0
2025-06-26 01:00:00+07:00,44.0,8.7,94.0,/dl/web/weather/ic-w-04-scattered-clouds-full.svg,Cần Thơ,-0.757069492601053,0,-0.2094522455191035,0
2025-06-26 02:00:00+07:00,55.0,8.5,98.0,/dl/web/weather/ic-w-04-scattered-clouds-full.svg,Cần Thơ,-0.29919086435303044,0,-0.2387895308282202,0
2025-06-26 03:00:00+07:00,58.0,9.8,97.0,/dl/web/weather/ic-w-04-scattered-clouds-full.svg,Cần Thơ,-0.1743148748308425,0,-0.04809717631896088,0
2025-06-26 04:00:00+07:00,53.0,9.7,98.0,/dl/web/weather/ic-w-04-scattered-clouds-full.svg,Cần Thơ,-0.3824415240344891,0,-0.06276581897351949,0
2025-06-26 05:00:00+07:00,55.0,8.2,99.0,/dl/web/weather/ic-w-04-scattered-clouds-full.svg,Cần Thơ,-0.29919086435303044,0,-0.2827954587918955,0
2025-06-26 06:00:00+07:00,55.0,8.0,99.0,/dl/web/weather/ic-w-04-scattered-clouds-full.svg,Cần Thơ,-0.29919086435303044,0,-0.3121327441010122,0
2025-06-26 07:00:00+07:00,53.0,8.4,96.0,/dl/web/weather/ic-w-04-scattered-clouds-full.svg,Cần Thơ,-0.3824415240344891,0,-0.25345817348277855,0
2025-06-26 08:00:00+07:00,39.0,11.3,97.0,/dl/web/weather/ic-w-06-rain-full.svg,Cần Thơ,-0.9651961418046997,0,0.17193246349941513,0
2025-06-26 09:00:00+07:00,39.0,15.8,88.0,/dl/web/weather/ic-w-04-scattered-clouds-full.svg,Cần Thơ,-0.9651961418046997,0,0.8320213829545432,0
2025-06-26 10:00:00+07:00,33.0,17.9,89.0,/dl/web/weather/ic-w-04-scattered-clouds-full.svg,Cần Thơ,-1.2149481208490758,0,1.1400628787002693,0
2025-06-26 11:00:00+07:00,33.0,18.2,93.0,/dl/web/weather/ic-w-06-rain-full.svg,Cần Thơ,-1.2149481208490758,0,1.1840688066639447,0
2025-06-26 12:00:00+07:00,33.0,15.3,85.0,/dl/web/weather/ic-w-06-rain-full.svg,Cần Thơ,-1.2149481208490758,0,0.7586781696817512,0
2025-06-26 13:00:00+07:00,39.0,12.7,82.0,/dl/web/weather/ic-w-04-scattered-clouds-full.svg,Cần Thơ,-0.9651961418046997,0,0.37729346066323255,0
2025-06-26 14:00:00+07:00,44.0,12.4,88.0,/dl/web/weather/ic-w-04-scattered-clouds-full.svg,Cần Thơ,-0.757069492601053,0,0.33328753269955746,0
2025-06-26 15:00:00+07:00,39.0,11.7,80.0,/dl/web/weather/ic-w-04-scattered-clouds-full.svg,Cần Thơ,-0.9651961418046997,0,0.23060703411764852,0
2025-06-26 16:00:00+07:00,22.0,10.5,88.0,/dl/web/weather/ic-w-04-scattered-clouds-full.svg,Cần Thơ,-1.6728267490970983,0,0.05458332226294783,0
2025-06-26 17:00:00+07:00,28.0,8.9,88.0,/dl/web/weather/ic-w-04-scattered-clouds-full.svg,Cần Thơ,-1.4230747700527224,0,-0.18011496020998655,0
2025-06-26 18:00:00+07:00,28.0,11.7,88.0,/dl/web/weather/ic-w-04-scattered-clouds-full.svg,Cần Thơ,-1.4230747700527224,0,0.23060703411764852,0
2025-06-26 19:00:00+07:00,39.0,6.8,89.0,/dl/web/weather/ic-w-12-night-rain-full.svg,Cần Thơ,-0.9651961418046997,0,-0.48815645595571305,0
2025-06-26 20:00:00+07:00,50.0,7.7,98.0,/dl/web/weather/ic-w-12-night-rain-full.svg,Cần Thơ,-0.5073175135566771,0,-0.35613867206468736,0
2025-06-26 21:00:00+07:00,50.0,9.2,93.0,/dl/web/weather/ic-w-12-night-rain-full.svg,Cần Thơ,-0.5073175135566771,0,-0.1361090322463115,0
2025-06-26 22:00:00+07:00,50.0,9.8,97.0,/dl/web/weather/ic-w-12-night-rain-full.svg,Cần Thơ,-0.5073175135566771,0,-0.04809717631896088,0
2025-06-26 23:00:00+07:00,55.0,9.0,97.0,/dl/web/weather/ic-w-04-scattered-clouds-full.svg,Cần Thơ,-0.29919086435303044,0,-0.16544631755542819,0
2025-06-27 00:00:00+07:00,58.0,9.0,98.0,/dl/web/weather/ic-w-04-scattered-clouds-full.svg,Cần Thơ,-0.1743148748308425,0,-0.16544631755542819,0
2025-06-27 01:00:00+07:00,71.0,6.6,96.0,/dl/web/weather/ic-w-04-scattered-clouds-full.svg,Cần Thơ,0.3668144130986388,0,-0.5174937412648298,0
2025-06-27 03:00:00+07:00,53.0,8.2,99.0,/dl/web/weather/ic-w-04-scattered-clouds-full.svg,Cần Thơ,-0.3824415240344891,0,-0.2827954587918955,0
2025-06-27 04:00:00+07:00,53.0,8.2,99.0,/dl/web/weather/ic-w-04-scattered-clouds-full.svg,Cần Thơ,-0.3824415240344891,0,-0.2827954587918955,0
2025-06-27 05:00:00+07:00,50.0,8.4,99.0,/dl/web/weather/ic-w-04-scattered-clouds-full.svg,Cần Thơ,-0.5073175135566771,0,-0.25345817348277855,0
2025-06-27 06:00:00+07:00,68.0,8.5,97.0,/dl/web/weather/ic-w-04-scattered-clouds-full.svg,Cần Thơ,0.24193842357645082,0,-0.2387895308282202,0
2025-06-27 07:00:00+07:00,92.0,9.5,95.0,/dl/web/weather/ic-w-04-scattered-clouds-full.svg,Cần Thơ,1.2409463397539549,0,-0.09210310428263618,0
2025-06-27 08:00:00+07:00,66.0,11.4,90.0,/dl/web/weather/ic-w-04-scattered-clouds-full.svg,Cần Thơ,0.15868776389499217,0,0.1866011061539735,0
2025-06-27 09:00:00+07:00,58.0,14.0,85.0,/dl/web/weather/ic-w-04-scattered-clouds-full.svg,Cần Thơ,-0.1743148748308425,0,0.5679858151724918,0
2025-06-27 10:00:00+07:00,64.0,16.7,87.0,/dl/web/weather/ic-w-04-scattered-clouds-full.svg,Cần Thơ,0.07543710421353352,0,0.9640391668455686,0
2025-06-27 11:00:00+07:00,71.0,18.2,73.0,/dl/web/weather/ic-w-06-rain-full.svg,Cần Thơ,0.3668144130986388,0,1.1840688066639447,0
2025-06-27 12:00:00+07:00,71.0,20.3,75.0,/dl/web/weather/ic-w-06-rain-full.svg,Cần Thơ,0.3668144130986388,0,1.4921103024096711,0
2025-06-27 13:00:00+07:00,60.0,21.2,85.0,/dl/web/weather/ic-w-06-rain-full.svg,Cần Thơ,-0.09106421514938381,0,1.6241280863006966,0
2025-06-27 14:00:00+07:00,62.0,20.8,75.0,/dl/web/weather/ic-w-04-scattered-clouds-full.svg,Cần Thơ,-0.007813555467925153,0,1.5654535156824632,0
2025-06-27 15:00:00+07:00,75.0,21.6,82.0,/dl/web/weather/ic-w-04-scattered-clouds-full.svg,Cần Thơ,0.5333157324615562,0,1.6828026569189305,0
2025-06-27 16:00:00+07:00,55.0,21.7,79.0,/dl/web/weather/ic-w-04-scattered-clouds-full.svg,Cần Thơ,-0.29919086435303044,0,1.6974712995734886,0
2025-06-27 17:00:00+07:00,55.0,18.2,84.0,/dl/web/weather/ic-w-04-scattered-clouds-full.svg,Cần Thơ,-0.29919086435303044,0,1.1840688066639447,0
2025-06-27 18:00:00+07:00,55.0,14.8,82.0,/dl/web/weather/ic-w-04-scattered-clouds-full.svg,Cần Thơ,-0.29919086435303044,0,0.6853349564089591,0
2025-06-27 19:00:00+07:00,55.0,10.8,87.0,/dl/web/weather/ic-w-04-scattered-clouds-full.svg,Cần Thơ,-0.29919086435303044,0,0.09858925022662313,0
2025-06-27 20:00:00+07:00,62.0,10.1,86.0,/dl/web/weather/ic-w-04-scattered-clouds-full.svg,Cần Thơ,-0.007813555467925153,0,-0.00409124835528583,0
2025-06-27 21:00:00+07:00,62.0,10.1,92.0,/dl/web/weather/ic-w-04-scattered-clouds-full.svg,Cần Thơ,-0.007813555467925153,0,-0.00409124835528583,0
2025-06-27 22:00:00+07:00,58.0,8.9,96.0,/dl/web/weather/ic-w-04-scattered-clouds-full.svg,Cần Thơ,-0.1743148748308425,0,-0.18011496020998655,0
2025-06-27 23:00:00+07:00,64.0,9.5,97.0,/dl/web/weather/ic-w-04-scattered-clouds-full.svg,Cần Thơ,0.07543710421353352,0,-0.09210310428263618,0
2025-06-28 00:00:00+07:00,62.0,8.9,97.0,/dl/web/weather/ic-w-04-scattered-clouds-full.svg,Cần Thơ,-0.007813555467925153,0,-0.18011496020998655,0
2025-06-28 01:00:00+07:00,58.0,8.4,94.0,/dl/web/weather/ic-w-04-scattered-clouds-full.svg,Cần Thơ,-0.1743148748308425,0,-0.25345817348277855,0
2025-06-28 02:00:00+07:00,58.0,8.4,98.0,/dl/web/weather/ic-w-04-scattered-clouds-full.svg,Cần Thơ,-0.1743148748308425,0,-0.25345817348277855,0
2025-06-28 03:00:00+07:00,58.0,8.5,96.0,/dl/web/weather/ic-w-04-scattered-clouds-full.svg,Cần Thơ,-0.1743148748308425,0,-0.2387895308282202,0
2025-06-28 04:00:00+07:00,58.0,8.9,98.0,/dl/web/weather/ic-w-04-scattered-clouds-full.svg,Cần Thơ,-0.1743148748308425,0,-0.18011496020998655,0
2025-06-28 06:00:00+07:00,68.0,8.9,98.0,/dl/web/weather/ic-w-04-scattered-clouds-full.svg,Cần Thơ,0.24193842357645082,0,-0.18011496020998655,0
2025-06-28 07:00:00+07:00,69.0,11.6,92.0,/dl/web/weather/ic-w-04-scattered-clouds-full.svg,Cần Thơ,0.28356375341718015,0,0.21593839146309018,0
2025-06-28 08:00:00+07:00,55.0,16.6,89.0,/dl/web/weather/ic-w-06-rain-full.svg,Cần Thơ,-0.29919086435303044,0,0.9493705241910105,0
2025-06-28 09:00:00+07:00,53.0,18.7,88.0,/dl/web/weather/ic-w-04-scattered-clouds-full.svg,Cần Thơ,-0.3824415240344891,0,1.2574120199367367,0
2025-06-28 10:00:00+07:00,50.0,20.9,79.0,/dl/web/weather/ic-w-04-scattered-clouds-full.svg,Cần Thơ,-0.5073175135566771,0,1.5801221583370213,0
2025-06-28 11:00:00+07:00,50.0,23.7,70.0,/dl/web/weather/ic-w-04-scattered-clouds-full.svg,Cần Thơ,-0.5073175135566771,0,1.9908441526646565,0
2025-06-28 12:00:00+07:00,56.0,24.9,85.0,/dl/web/weather/ic-w-06-rain-full.svg,Cần Thơ,-0.25756553451230113,0,2.1668678645193573,0
2025-06-28 13:00:00+07:00,50.0,26.4,85.0,/dl/web/weather/ic-w-06-rain-full.svg,Cần Thơ,-0.5073175135566771,0,2.386897504337733,0
2025-06-28 14:00:00+07:00,39.0,26.2,77.0,/dl/web/weather/ic-w-06-rain-full.svg,Cần Thơ,-0.9651961418046997,0,2.357560219028617,0
2025-06-28 15:00:00+07:00,33.0,25.9,77.0,/dl/web/weather/ic-w-02-new-clouds-full.svg,Cần Thơ,-1.2149481208490758,0,2.3135542910649414,0
2025-06-28 16:00:00+07:00,44.0,24.0,90.0,/dl/web/weather/ic-w-06-rain-full.svg,Cần Thơ,-0.757069492601053,0,2.034850080628332,0
2025-06-28 17:00:00+07:00,28.0,19.5,92.0,/dl/web/weather/ic-w-02-new-clouds-full.svg,Cần Thơ,-1.4230747700527224,0,1.3747611611732038,0
2025-06-28 18:00:00+07:00,39.0,16.6,93.0,/dl/web/weather/ic-w-02-new-clouds-full.svg,Cần Thơ,-0.9651961418046997,0,0.9493705241910105,0
2025-06-28 19:00:00+07:00,39.0,10.9,89.0,/dl/web/weather/ic-w-11-night-few-clouds-full.svg,Cần Thơ,-0.9651961418046997,0,0.11325789288118147,0
2025-06-28 20:00:00+07:00,56.0,10.1,91.0,/dl/web/weather/ic-w-11-night-few-clouds-full.svg,Cần Thơ,-0.25756553451230113,0,-0.00409124835528583,0
2025-06-28 21:00:00+07:00,56.0,10.5,92.0,/dl/web/weather/ic-w-11-night-few-clouds-full.svg,Cần Thơ,-0.25756553451230113,0,0.05458332226294783,0
2025-06-28 22:00:00+07:00,56.0,10.8,97.0,/dl/web/weather/ic-w-11-night-few-clouds-full.svg,Cần Thơ,-0.25756553451230113,0,0.09858925022662313,0
2025-06-28 23:00:00+07:00,58.0,11.7,92.0,/dl/web/weather/ic-w-04-scattered-clouds-full.svg,Cần Thơ,-0.1743148748308425,0,0.23060703411764852,0
2025-06-29 00:00:00+07:00,56.0,12.1,93.0,/dl/web/weather/ic-w-04-scattered-clouds-full.svg,Cần Thơ,-0.25756553451230113,0,0.28928160473588216,0
2025-06-29 01:00:00+07:00,53.0,10.5,93.0,/dl/web/weather/ic-w-04-scattered-clouds-full.svg,Cần Thơ,-0.3824415240344891,0,0.05458332226294783,0
2025-06-29 02:00:00+07:00,50.0,10.1,95.0,/dl/web/weather/ic-w-04-scattered-clouds-full.svg,Cần Thơ,-0.5073175135566771,0,-0.00409124835528583,0
2025-06-29 03:00:00+07:00,44.0,10.0,98.0,/dl/web/weather/ic-w-04-scattered-clouds-full.svg,Cần Thơ,-0.757069492601053,0,-0.01875989100984418,0
2025-06-29 04:00:00+07:00,39.0,9.3,99.0,/dl/web/weather/ic-w-04-scattered-clouds-full.svg,Cần Thơ,-0.9651961418046997,0,-0.12144038959175288,0
2025-06-29 05:00:00+07:00,33.0,9.7,99.0,/dl/web/weather/ic-w-04-scattered-clouds-full.svg,Cần Thơ,-1.2149481208490758,0,-0.06276581897351949,0
2025-06-29 06:00:00+07:00,39.0,9.8,99.0,/dl/web/weather/ic-w-04-scattered-clouds-full.svg,Cần Thơ,-0.9651961418046997,0,-0.04809717631896088,0
2025-06-29 07:00:00+07:00,39.0,13.0,97.0,/dl/web/weather/ic-w-04-scattered-clouds-full.svg,Cần Thơ,-0.9651961418046997,0,0.42129938862690786,0
2025-06-29 08:00:00+07:00,44.0,19.5,89.0,/dl/web/weather/ic-w-04-scattered-clouds-full.svg,Cần Thơ,-0.757069492601053,0,1.3747611611732038,0
2025-06-29 09:00:00+07:00,55.0,21.6,84.0,/dl/web/weather/ic-w-04-scattered-clouds-full.svg,Cần Thơ,-0.29919086435303044,0,1.6828026569189305,0
2025-06-29 10:00:00+07:00,55.0,22.9,79.0,/dl/web/weather/ic-w-04-scattered-clouds-full.svg,Cần Thơ,-0.29919086435303044,0,1.8734950114281894,0
2025-06-29 11:00:00+07:00,55.0,24.6,74.0,/dl/web/weather/ic-w-04-scattered-clouds-full.svg,Cần Thơ,-0.29919086435303044,0,2.1228619365556827,0
2025-06-29 12:00:00+07:00,55.0,26.2,67.0,/dl/web/weather/ic-w-04-scattered-clouds-full.svg,Cần Thơ,-0.29919086435303044,0,2.357560219028617,0
2025-06-29 13:00:00+07:00,53.0,25.7,68.0,/dl/web/weather/ic-w-04-scattered-clouds-full.svg,Cần Thơ,-0.3824415240344891,0,2.2842170057558246,0
2025-06-29 14:00:00+07:00,50.0,17.1,77.0,/dl/web/weather/ic-w-04-scattered-clouds-full.svg,Cần Thơ,-0.5073175135566771,0,1.0227137374638025,0
2025-06-29 15:00:00+07:00,22.0,15.9,71.0,/dl/web/weather/ic-w-04-scattered-clouds-full.svg,Cần Thơ,-1.6728267490970983,0,0.8466900256091016,0
2025-06-29 16:00:00+07:00,22.0,22.0,66.0,/dl/web/weather/ic-w-04-scattered-clouds-full.svg,Cần Thơ,-1.6728267490970983,0,1.741477227537164,0
2025-06-29 17:00:00+07:00,28.0,20.9,71.0,/dl/web/weather/ic-w-04-scattered-clouds-full.svg,Cần Thơ,-1.4230747700527224,0,1.5801221583370213,0
2025-06-29 18:00:00+07:00,44.0,15.9,72.0,/dl/web/weather/ic-w-04-scattered-clouds-full.svg,Cần Thơ,-0.757069492601053,0,0.8466900256091016,0
2025-06-29 19:00:00+07:00,53.0,15.9,72.0,/dl/web/weather/ic-w-04-scattered-clouds-full.svg,Cần Thơ,-0.3824415240344891,0,0.8466900256091016,0
2025-06-29 20:00:00+07:00,55.0,11.6,82.0,/dl/web/weather/ic-w-04-scattered-clouds-full.svg,Cần Thơ,-0.29919086435303044,0,0.21593839146309018,0
2025-06-29 21:00:00+07:00,55.0,11.6,91.0,/dl/web/weather/ic-w-04-scattered-clouds-full.svg,Cần Thơ,-0.29919086435303044,0,0.21593839146309018,0
2025-06-29 22:00:00+07:00,60.0,10.9,91.0,/dl/web/weather/ic-w-04-scattered-clouds-full.svg,Cần Thơ,-0.09106421514938381,0,0.11325789288118147,0
2025-06-29 23:00:00+07:00,56.0,10.3,96.0,/dl/web/weather/ic-w-04-scattered-clouds-full.svg,Cần Thơ,-0.25756553451230113,0,0.025246036953831128,0
2025-06-30 00:00:00+07:00,56.0,9.2,97.0,/dl/web/weather/ic-w-04-scattered-clouds-full.svg,Cần Thơ,-0.25756553451230113,0,-0.1361090322463115,0
2025-06-30 01:00:00+07:00,60.0,8.7,96.0,/dl/web/weather/ic-w-04-scattered-clouds-full.svg,Cần Thơ,-0.09106421514938381,0,-0.2094522455191035,0
2025-06-30 02:00:00+07:00,55.0,8.5,92.0,/dl/web/weather/ic-w-04-scattered-clouds-full.svg,Cần Thơ,-0.29919086435303044,0,-0.2387895308282202,0
2025-06-30 03:00:00+07:00,56.0,9.2,96.0,/dl/web/weather/ic-w-04-scattered-clouds-full.svg,Cần Thơ,-0.25756553451230113,0,-0.1361090322463115,0
2025-06-30 04:00:00+07:00,55.0,7.9,96.0,/dl/web/weather/ic-w-04-scattered-clouds-full.svg,Cần Thơ,-0.29919086435303044,0,-0.3268013867555705,0
2025-06-30 05:00:00+07:00,53.0,7.1,97.0,/dl/web/weather/ic-w-04-scattered-clouds-full.svg,Cần Thơ,-0.3824415240344891,0,-0.44415052799203786,0
2025-06-30 06:00:00+07:00,53.0,7.6,97.0,/dl/web/weather/ic-w-04-scattered-clouds-full.svg,Cần Thơ,-0.3824415240344891,0,-0.37080731471924583,0
2025-06-30 07:00:00+07:00,56.0,9.8,91.0,/dl/web/weather/ic-w-04-scattered-clouds-full.svg,Cần Thơ,-0.25756553451230113,0,-0.04809717631896088,0
2025-06-30 08:00:00+07:00,53.0,15.9,82.0,/dl/web/weather/ic-w-04-scattered-clouds-full.svg,Cần Thơ,-0.3824415240344891,0,0.8466900256091016,0
2025-06-30 09:00:00+07:00,53.0,19.5,76.0,/dl/web/weather/ic-w-04-scattered-clouds-full.svg,Cần Thơ,-0.3824415240344891,0,1.3747611611732038,0
2025-06-30 10:00:00+07:00,55.0,19.6,64.0,/dl/web/weather/ic-w-04-scattered-clouds-full.svg,Cần Thơ,-0.29919086435303044,0,1.3894298038277626,0
2025-06-30 11:00:00+07:00,50.0,20.8,66.0,/dl/web/weather/ic-w-04-scattered-clouds-full.svg,Cần Thơ,-0.5073175135566771,0,1.5654535156824632,0
2025-06-30 12:00:00+07:00,50.0,22.2,63.0,/dl/web/weather/ic-w-04-scattered-clouds-full.svg,Cần Thơ,-0.5073175135566771,0,1.7708145128462807,0
2025-06-30 13:00:00+07:00,53.0,24.8,57.0,/dl/web/weather/ic-w-04-scattered-clouds-full.svg,Cần Thơ,-0.3824415240344891,0,2.1521992218647994,0
2025-06-30 14:00:00+07:00,56.0,25.9,62.0,/dl/web/weather/ic-w-04-scattered-clouds-full.svg,Cần Thơ,-0.25756553451230113,0,2.3135542910649414,0
2025-06-30 15:00:00+07:00,62.0,25.9,62.0,/dl/web/weather/ic-w-04-scattered-clouds-full.svg,Cần Thơ,-0.007813555467925153,0,2.3135542910649414,0
2025-06-30 16:00:00+07:00,68.0,24.5,67.0,/dl/web/weather/ic-w-04-scattered-clouds-full.svg,Cần Thơ,0.24193842357645082,0,2.108193293901124,0
2025-06-30 17:00:00+07:00,71.0,23.2,71.0,/dl/web/weather/ic-w-04-scattered-clouds-full.svg,Cần Thơ,0.3668144130986388,0,1.9175009393918647,0
2025-06-30 18:00:00+07:00,58.0,23.8,71.0,/dl/web/weather/ic-w-04-scattered-clouds-full.svg,Cần Thơ,-0.1743148748308425,0,2.0055127953192153,0
2025-06-30 19:00:00+07:00,56.0,22.2,75.0,/dl/web/weather/ic-w-04-scattered-clouds-full.svg,Cần Thơ,-0.25756553451230113,0,1.7708145128462807,0
2025-06-30 20:00:00+07:00,69.0,19.2,78.0,/dl/web/weather/ic-w-11-night-few-clouds-full.svg,Cần Thơ,0.28356375341718015,0,1.3307552332095285,0
2025-06-30 21:00:00+07:00,69.0,17.1,87.0,/dl/web/weather/ic-w-11-night-few-clouds-full.svg,Cần Thơ,0.28356375341718015,0,1.0227137374638025,0
2025-07-01 00:00:00+07:00,56.0,11.6,88.0,/dl/web/weather/ic-w-04-scattered-clouds-full.svg,Cần Thơ,-0.25756553451230113,0,0.21593839146309018,0
2025-07-01 01:00:00+07:00,56.0,12.1,93.0,/dl/web/weather/ic-w-04-scattered-clouds-full.svg,Cần Thơ,-0.25756553451230113,0,0.28928160473588216,0
2025-07-01 02:00:00+07:00,56.0,11.9,93.0,/dl/web/weather/ic-w-04-scattered-clouds-full.svg,Cần Thơ,-0.25756553451230113,0,0.2599443194267655,0
2025-07-01 03:00:00+07:00,56.0,11.1,97.0,/dl/web/weather/ic-w-04-scattered-clouds-full.svg,Cần Thơ,-0.25756553451230113,0,0.14259517819029818,0
2025-07-01 04:00:00+07:00,56.0,10.5,97.0,/dl/web/weather/ic-w-04-scattered-clouds-full.svg,Cần Thơ,-0.25756553451230113,0,0.05458332226294783,0
2025-07-01 05:00:00+07:00,56.0,10.1,97.0,/dl/web/weather/ic-w-04-scattered-clouds-full.svg,Cần Thơ,-0.25756553451230113,0,-0.00409124835528583,0
2025-07-01 06:00:00+07:00,44.0,10.5,97.0,/dl/web/weather/ic-w-04-scattered-clouds-full.svg,Cần Thơ,-0.757069492601053,0,0.05458332226294783,0
2025-07-01 07:00:00+07:00,56.0,12.4,91.0,/dl/web/weather/ic-w-04-scattered-clouds-full.svg,Cần Thơ,-0.25756553451230113,0,0.33328753269955746,0
2025-07-01 08:00:00+07:00,56.0,17.9,88.0,/dl/web/weather/ic-w-04-scattered-clouds-full.svg,Cần Thơ,-0.25756553451230113,0,1.1400628787002693,0
2025-07-01 09:00:00+07:00,53.0,21.7,84.0,/dl/web/weather/ic-w-04-scattered-clouds-full.svg,Cần Thơ,-0.3824415240344891,0,1.6974712995734886,0
2025-07-01 10:00:00+07:00,44.0,24.0,75.0,/dl/web/weather/ic-w-04-scattered-clouds-full.svg,Cần Thơ,-0.757069492601053,0,2.034850080628332,0
2025-07-01 11:00:00+07:00,39.0,24.5,67.0,/dl/web/weather/ic-w-04-scattered-clouds-full.svg,Cần Thơ,-0.9651961418046997,0,2.108193293901124,0
2025-07-01 12:00:00+07:00,39.0,24.5,67.0,/dl/web/weather/ic-w-04-scattered-clouds-full.svg,Cần Thơ,-0.9651961418046997,0,2.108193293901124,0
2025-07-01 13:00:00+07:00,44.0,27.7,57.0,/dl/web/weather/ic-w-04-scattered-clouds-full.svg,Cần Thơ,-0.757069492601053,0,2.5775898588469928,0
2025-07-01 14:00:00+07:00,55.0,27.5,63.0,/dl/web/weather/ic-w-04-scattered-clouds-full.svg,Cần Thơ,-0.29919086435303044,0,2.5482525735378756,0
2025-07-01 15:00:00+07:00,66.0,27.2,63.0,/dl/web/weather/ic-w-04-scattered-clouds-full.svg,Cần Thơ,0.15868776389499217,0,2.504246645574201,0
2025-07-01 16:00:00+07:00,62.0,25.4,67.0,/dl/web/weather/ic-w-02-new-clouds-full.svg,Cần Thơ,-0.007813555467925153,0,2.240211077792149,0
2025-07-01 17:00:00+07:00,56.0,21.9,75.0,/dl/web/weather/ic-w-06-rain-full.svg,Cần Thơ,-0.25756553451230113,0,1.7268085848826054,0
2025-07-01 18:00:00+07:00,58.0,20.8,93.0,/dl/web/weather/ic-w-06-rain-full.svg,Cần Thơ,-0.1743148748308425,0,1.5654535156824632,0
2025-07-01 19:00:00+07:00,56.0,17.1,88.0,/dl/web/weather/ic-w-04-scattered-clouds-full.svg,Cần Thơ,-0.25756553451230113,0,1.0227137374638025,0
2025-07-01 20:00:00+07:00,73.0,15.8,87.0,/dl/web/weather/ic-w-04-scattered-clouds-full.svg,Cần Thơ,0.4500650727800975,0,0.8320213829545432,0
2025-07-01 21:00:00+07:00,73.0,16.1,89.0,/dl/web/weather/ic-w-04-scattered-clouds-full.svg,Cần Thơ,0.4500650727800975,0,0.8760273109182185,0
2025-07-01 23:00:00+07:00,60.0,16.6,91.0,/dl/web/weather/ic-w-04-scattered-clouds-full.svg,Cần Thơ,-0.09106421514938381,0,0.9493705241910105,0
2025-07-02 00:00:00+07:00,62.0,15.1,96.0,/dl/web/weather/ic-w-04-scattered-clouds-full.svg,Cần Thơ,-0.007813555467925153,0,0.7293408843726342,0
2025-07-02 01:00:00+07:00,58.0,14.6,92.0,/dl/web/weather/ic-w-04-scattered-clouds-full.svg,Cần Thơ,-0.1743148748308425,0,0.6559976710998422,0
2025-07-02 02:00:00+07:00,53.0,13.2,96.0,/dl/web/weather/ic-w-04-scattered-clouds-full.svg,Cần Thơ,-0.3824415240344891,0,0.4506366739360245,0
2025-07-02 03:00:00+07:00,86.0,10.9,98.0,/dl/web/weather/ic-w-04-scattered-clouds-full.svg,Cần Thơ,0.9911943607095788,0,0.11325789288118147,0
2025-07-02 05:00:00+07:00,53.0,8.5,98.0,/dl/web/weather/ic-w-04-scattered-clouds-full.svg,Cần Thơ,-0.3824415240344891,0,-0.2387895308282202,0
2025-07-02 06:00:00+07:00,56.0,8.0,98.0,/dl/web/weather/ic-w-04-scattered-clouds-full.svg,Cần Thơ,-0.25756553451230113,0,-0.3121327441010122,0
2025-07-02 07:00:00+07:00,64.0,10.5,94.0,/dl/web/weather/ic-w-04-scattered-clouds-full.svg,Cần Thơ,0.07543710421353352,0,0.05458332226294783,0
2025-07-02 08:00:00+07:00,68.0,16.3,95.0,/dl/web/weather/ic-w-04-scattered-clouds-full.svg,Cần Thơ,0.24193842357645082,0,0.9053645962273352,0
2025-07-02 09:00:00+07:00,62.0,17.9,85.0,/dl/web/weather/ic-w-04-scattered-clouds-full.svg,Cần Thơ,-0.007813555467925153,0,1.1400628787002693,0
2025-07-02 10:00:00+07:00,55.0,19.0,64.0,/dl/web/weather/ic-w-04-scattered-clouds-full.svg,Cần Thơ,-0.29919086435303044,0,1.301417947900412,0
2025-07-02 11:00:00+07:00,55.0,19.2,74.0,/dl/web/weather/ic-w-04-scattered-clouds-full.svg,Cần Thơ,-0.29919086435303044,0,1.3307552332095285,0
2025-07-02 12:00:00+07:00,58.0,19.5,70.0,/dl/web/weather/ic-w-04-scattered-clouds-full.svg,Cần Thơ,-0.1743148748308425,0,1.3747611611732038,0
2025-07-02 13:00:00+07:00,55.0,21.2,65.0,/dl/web/weather/ic-w-04-scattered-clouds-full.svg,Cần Thơ,-0.29919086435303044,0,1.6241280863006966,0
2025-07-02 14:00:00+07:00,55.0,22.5,68.0,/dl/web/weather/ic-w-04-scattered-clouds-full.svg,Cần Thơ,-0.29919086435303044,0,1.814820440809956,0
2025-07-02 15:00:00+07:00,50.0,19.8,71.0,/dl/web/weather/ic-w-04-scattered-clouds-full.svg,Cần Thơ,-0.5073175135566771,0,1.418767089136879,0
2025-07-02 16:00:00+07:00,50.0,20.6,75.0,/dl/web/weather/ic-w-06-rain-full.svg,Cần Thơ,-0.5073175135566771,0,1.5361162303733464,0
2025-07-02 17:00:00+07:00,62.0,18.2,77.0,/dl/web/weather/ic-w-06-rain-full.svg,Cần Thơ,-0.007813555467925153,0,1.1840688066639447,0
2025-07-02 18:00:00+07:00,53.0,16.1,82.0,/dl/web/weather/ic-w-04-scattered-clouds-full.svg,Cần Thơ,-0.3824415240344891,0,0.8760273109182185,0
2025-07-02 19:00:00+07:00,53.0,16.3,83.0,/dl/web/weather/ic-w-04-scattered-clouds-full.svg,Cần Thơ,-0.3824415240344891,0,0.9053645962273352,0
2025-07-02 20:00:00+07:00,39.0,16.7,82.0,/dl/web/weather/ic-w-04-scattered-clouds-full.svg,Cần Thơ,-0.9651961418046997,0,0.9640391668455686,0
2025-07-02 23:00:00+07:00,39.0,15.1,95.0,/dl/web/weather/ic-w-04-scattered-clouds-full.svg,Cần Thơ,-0.9651961418046997,0,0.7293408843726342,0
2025-07-03 02:00:00+07:00,28.0,12.4,91.0,/dl/web/weather/ic-w-04-scattered-clouds-full.svg,Cần Thơ,-1.4230747700527224,0,0.33328753269955746,0
2025-07-03 03:00:00+07:00,22.0,11.3,93.0,/dl/web/weather/ic-w-04-scattered-clouds-full.svg,Cần Thơ,-1.6728267490970983,0,0.17193246349941513,0
2025-07-03 04:00:00+07:00,28.0,12.9,92.0,/dl/web/weather/ic-w-04-scattered-clouds-full.svg,Cần Thơ,-1.4230747700527224,0,0.4066307459723495,0
2025-07-03 05:00:00+07:00,17.0,14.6,93.0,/dl/web/weather/ic-w-04-scattered-clouds-full.svg,Cần Thơ,-1.880953398300745,0,0.6559976710998422,0
2025-07-03 06:00:00+07:00,22.0,12.1,93.0,/dl/web/weather/ic-w-04-scattered-clouds-full.svg,Cần Thơ,-1.6728267490970983,0,0.28928160473588216,0
2025-07-03 07:00:00+07:00,33.0,13.7,93.0,/dl/web/weather/ic-w-04-scattered-clouds-full.svg,Cần Thơ,-1.2149481208490758,0,0.5239798872088165,0
2025-07-03 08:00:00+07:00,50.0,13.2,88.0,/dl/web/weather/ic-w-04-scattered-clouds-full.svg,Cần Thơ,-0.5073175135566771,0,0.4506366739360245,0
2025-07-03 09:00:00+07:00,50.0,14.5,86.0,/dl/web/weather/ic-w-04-scattered-clouds-full.svg,Cần Thơ,-0.5073175135566771,0,0.6413290284452838,0
2025-07-03 10:00:00+07:00,50.0,16.4,80.0,/dl/web/weather/ic-w-04-scattered-clouds-full.svg,Cần Thơ,-0.5073175135566771,0,0.9200332388818933,0
2025-07-03 11:00:00+07:00,55.0,17.7,75.0,/dl/web/weather/ic-w-04-scattered-clouds-full.svg,Cần Thơ,-0.29919086435303044,0,1.1107255933911526,0
2025-07-03 12:00:00+07:00,55.0,19.8,63.0,/dl/web/weather/ic-w-04-scattered-clouds-full.svg,Cần Thơ,-0.29919086435303044,0,1.418767089136879,0
2025-07-03 14:00:00+07:00,55.0,24.1,66.0,/dl/web/weather/ic-w-04-scattered-clouds-full.svg,Cần Thơ,-0.29919086435303044,0,2.0495187232828904,0
2025-07-03 15:00:00+07:00,66.0,24.3,69.0,/dl/web/weather/ic-w-04-scattered-clouds-full.svg,Cần Thơ,0.15868776389499217,0,2.078856008592007,0
2025-07-03 16:00:00+07:00,66.0,24.0,72.0,/dl/web/weather/ic-w-04-scattered-clouds-full.svg,Cần Thơ,0.15868776389499217,0,2.034850080628332,0
2025-07-03 17:00:00+07:00,60.0,24.0,73.0,/dl/web/weather/ic-w-04-scattered-clouds-full.svg,Cần Thơ,-0.09106421514938381,0,2.034850080628332,0
2025-07-03 18:00:00+07:00,62.0,21.6,77.0,/dl/web/weather/ic-w-04-scattered-clouds-full.svg,Cần Thơ,-0.007813555467925153,0,1.6828026569189305,0
2025-07-03 21:00:00+07:00,69.0,12.1,89.0,/dl/web/weather/ic-w-04-scattered-clouds-full.svg,Cần Thơ,0.28356375341718015,0,0.28928160473588216,0
2025-07-03 23:00:00+07:00,71.0,10.3,83.0,/dl/web/weather/ic-w-04-scattered-clouds-full.svg,Cần Thơ,0.3668144130986388,0,0.025246036953831128,0
2025-07-04 01:00:00+07:00,73.0,9.2,84.0,/dl/web/weather/ic-w-04-scattered-clouds-full.svg,Cần Thơ,0.4500650727800975,0,-0.1361090322463115,0
2025-07-04 03:00:00+07:00,88.0,9.3,97.0,/dl/web/weather/ic-w-04-scattered-clouds-full.svg,Cần Thơ,1.0744450203910374,0,-0.12144038959175288,0
2025-07-04 04:00:00+07:00,79.0,8.7,97.0,/dl/web/weather/ic-w-04-scattered-clouds-full.svg,Cần Thơ,0.6998170518244735,0,-0.2094522455191035,0
2025-07-04 05:00:00+07:00,73.0,9.0,97.0,/dl/web/weather/ic-w-04-scattered-clouds-full.svg,Cần Thơ,0.4500650727800975,0,-0.16544631755542819,0
2025-07-04 06:00:00+07:00,71.0,9.2,97.0,/dl/web/weather/ic-w-04-scattered-clouds-full.svg,Cần Thơ,0.3668144130986388,0,-0.1361090322463115,0
2025-07-04 07:00:00+07:00,75.0,11.3,96.0,/dl/web/weather/ic-w-04-scattered-clouds-full.svg,Cần Thơ,0.5333157324615562,0,0.17193246349941513,0
2025-07-04 08:00:00+07:00,75.0,16.7,87.0,/dl/web/weather/ic-w-04-scattered-clouds-full.svg,Cần Thơ,0.5333157324615562,0,0.9640391668455686,0
2025-07-04 09:00:00+07:00,75.0,21.1,83.0,/dl/web/weather/ic-w-04-scattered-clouds-full.svg,Cần Thơ,0.5333157324615562,0,1.6094594436461385,0
2025-07-04 10:00:00+07:00,58.0,22.9,70.0,/dl/web/weather/ic-w-04-scattered-clouds-full.svg,Cần Thơ,-0.1743148748308425,0,1.8734950114281894,0
2025-07-04 11:00:00+07:00,55.0,25.4,64.0,/dl/web/weather/ic-w-04-scattered-clouds-full.svg,Cần Thơ,-0.29919086435303044,0,2.240211077792149,0
2025-07-04 12:00:00+07:00,55.0,25.9,84.0,/dl/web/weather/ic-w-04-scattered-clouds-full.svg,Cần Thơ,-0.29919086435303044,0,2.3135542910649414,0
2025-07-04 13:00:00+07:00,44.0,27.7,67.0,/dl/web/weather/ic-w-04-scattered-clouds-full.svg,Cần Thơ,-0.757069492601053,0,2.5775898588469928,0
2025-07-04 14:00:00+07:00,44.0,27.4,68.0,/dl/web/weather/ic-w-04-scattered-clouds-full.svg,Cần Thơ,-0.757069492601053,0,2.5335839308833172,0
2025-07-04 15:00:00+07:00,39.0,28.0,66.0,/dl/web/weather/ic-w-04-scattered-clouds-full.svg,Cần Thơ,-0.9651961418046997,0,2.621595786810668,0
2025-07-04 16:00:00+07:00,33.0,26.1,64.0,/dl/web/weather/ic-w-04-scattered-clouds-full.svg,Cần Thơ,-1.2149481208490758,0,2.3428915763740585,0
2025-07-04 17:00:00+07:00,39.0,25.9,72.0,/dl/web/weather/ic-w-04-scattered-clouds-full.svg,Cần Thơ,-0.9651961418046997,0,2.3135542910649414,0
2025-07-04 18:00:00+07:00,50.0,24.9,78.0,/dl/web/weather/ic-w-04-scattered-clouds-full.svg,Cần Thơ,-0.5073175135566771,0,2.1668678645193573,0
2025-07-04 19:00:00+07:00,56.0,23.3,79.0,/dl/web/weather/ic-w-11-night-few-clouds-full.svg,Cần Thơ,-0.25756553451230113,0,1.9321695820464233,0
2025-07-04 21:00:00+07:00,33.0,19.5,86.0,/dl/web/weather/ic-w-11-night-few-clouds-full.svg,Cần Thơ,-1.2149481208490758,0,1.3747611611732038,0
2025-07-04 22:00:00+07:00,17.0,16.7,95.0,/dl/web/weather/ic-w-11-night-few-clouds-full.svg,Cần Thơ,-1.880953398300745,0,0.9640391668455686,0
2025-07-04 23:00:00+07:00,22.0,15.1,91.0,/dl/web/weather/ic-w-11-night-few-clouds-full.svg,Cần Thơ,-1.6728267490970983,0,0.7293408843726342,0
2025-07-05 00:00:00+07:00,33.0,14.2,91.0,/dl/web/weather/ic-w-11-night-few-clouds-full.svg,Cần Thơ,-1.2149481208490758,0,0.5973231004816085,0
2025-07-05 01:00:00+07:00,33.0,13.0,92.0,/dl/web/weather/ic-w-11-night-few-clouds-full.svg,Cần Thơ,-1.2149481208490758,0,0.42129938862690786,0
2025-07-05 02:00:00+07:00,39.0,11.3,93.0,/dl/web/weather/ic-w-04-scattered-clouds-full.svg,Cần Thơ,-0.9651961418046997,0,0.17193246349941513,0
2025-07-05 03:00:00+07:00,44.0,10.9,97.0,/dl/web/weather/ic-w-04-scattered-clouds-full.svg,Cần Thơ,-0.757069492601053,0,0.11325789288118147,0
2025-07-05 04:00:00+07:00,39.0,10.8,97.0,/dl/web/weather/ic-w-04-scattered-clouds-full.svg,Cần Thơ,-0.9651961418046997,0,0.09858925022662313,0
2025-07-05 05:00:00+07:00,33.0,10.5,98.0,/dl/web/weather/ic-w-04-scattered-clouds-full.svg,Cần Thơ,-1.2149481208490758,0,0.05458332226294783,0
2025-07-05 06:00:00+07:00,33.0,10.5,98.0,/dl/web/weather/ic-w-04-scattered-clouds-full.svg,Cần Thơ,-1.2149481208490758,0,0.05458332226294783,0
2025-07-05 07:00:00+07:00,44.0,11.4,92.0,/dl/web/weather/ic-w-04-scattered-clouds-full.svg,Cần Thơ,-0.757069492601053,0,0.1866011061539735,0
2025-07-05 08:00:00+07:00,53.0,18.7,91.0,/dl/web/weather/ic-w-04-scattered-clouds-full.svg,Cần Thơ,-0.3824415240344891,0,1.2574120199367367,0
2025-07-05 09:00:00+07:00,50.0,21.9,80.0,/dl/web/weather/ic-w-04-scattered-clouds-full.svg,Cần Thơ,-0.5073175135566771,0,1.7268085848826054,0
2025-07-05 10:00:00+07:00,39.0,25.3,70.0,/dl/web/weather/ic-w-04-scattered-clouds-full.svg,Cần Thơ,-0.9651961418046997,0,2.225542435137591,0
2025-07-05 11:00:00+07:00,39.0,26.7,63.0,/dl/web/weather/ic-w-04-scattered-clouds-full.svg,Cần Thơ,-0.9651961418046997,0,2.4309034323014087,0
2025-07-05 12:00:00+07:00,44.0,27.7,69.0,/dl/web/weather/ic-w-04-scattered-clouds-full.svg,Cần Thơ,-0.757069492601053,0,2.5775898588469928,0
2025-07-05 13:00:00+07:00,39.0,28.8,62.0,/dl/web/weather/ic-w-04-scattered-clouds-full.svg,Cần Thơ,-0.9651961418046997,0,2.7389449280471356,0
2025-07-05 14:00:00+07:00,58.0,28.3,66.0,/dl/web/weather/ic-w-04-scattered-clouds-full.svg,Cần Thơ,-0.1743148748308425,0,2.6656017147743434,0
2025-07-05 15:00:00+07:00,56.0,28.3,66.0,/dl/web/weather/ic-w-04-scattered-clouds-full.svg,Cần Thơ,-0.25756553451230113,0,2.6656017147743434,0
2025-07-05 16:00:00+07:00,62.0,24.8,66.0,/dl/web/weather/ic-w-04-scattered-clouds-full.svg,Cần Thơ,-0.007813555467925153,0,2.1521992218647994,0
2025-07-05 17:00:00+07:00,50.0,22.5,75.0,/dl/web/weather/ic-w-04-scattered-clouds-full.svg,Cần Thơ,-0.5073175135566771,0,1.814820440809956,0
2025-07-05 18:00:00+07:00,53.0,19.8,81.0,/dl/web/weather/ic-w-04-scattered-clouds-full.svg,Cần Thơ,-0.3824415240344891,0,1.418767089136879,0
2025-07-05 19:00:00+07:00,55.0,16.7,78.0,/dl/web/weather/ic-w-04-scattered-clouds-full.svg,Cần Thơ,-0.29919086435303044,0,0.9640391668455686,0
2025-07-05 20:00:00+07:00,66.0,14.5,87.0,/dl/web/weather/ic-w-04-scattered-clouds-full.svg,Cần Thơ,0.15868776389499217,0,0.6413290284452838,0
2025-07-05 21:00:00+07:00,66.0,14.2,83.0,/dl/web/weather/ic-w-04-scattered-clouds-full.svg,Cần Thơ,0.15868776389499217,0,0.5973231004816085,0
2025-07-05 22:00:00+07:00,53.0,14.5,92.0,/dl/web/weather/ic-w-04-scattered-clouds-full.svg,Cần Thơ,-0.3824415240344891,0,0.6413290284452838,0
2025-07-05 23:00:00+07:00,39.0,14.2,93.0,/dl/web/weather/ic-w-04-scattered-clouds-full.svg,Cần Thơ,-0.9651961418046997,0,0.5973231004816085,0
2025-07-06 00:00:00+07:00,39.0,14.3,94.0,/dl/web/weather/ic-w-04-scattered-clouds-full.svg,Cần Thơ,-0.9651961418046997,0,0.6119917431361671,0
2025-07-06 01:00:00+07:00,39.0,11.1,95.0,/dl/web/weather/ic-w-04-scattered-clouds-full.svg,Cần Thơ,-0.9651961418046997,0,0.14259517819029818,0
2025-07-06 02:00:00+07:00,39.0,10.3,97.0,/dl/web/weather/ic-w-04-scattered-clouds-full.svg,Cần Thơ,-0.9651961418046997,0,0.025246036953831128,0
2025-07-06 03:00:00+07:00,39.0,11.1,96.0,/dl/web/weather/ic-w-04-scattered-clouds-full.svg,Cần Thơ,-0.9651961418046997,0,0.14259517819029818,0
2025-07-06 04:00:00+07:00,39.0,10.8,98.0,/dl/web/weather/ic-w-04-scattered-clouds-full.svg,Cần Thơ,-0.9651961418046997,0,0.09858925022662313,0
2025-07-06 05:00:00+07:00,33.0,11.4,98.0,/dl/web/weather/ic-w-04-scattered-clouds-full.svg,Cần Thơ,-1.2149481208490758,0,0.1866011061539735,0
2025-07-06 06:00:00+07:00,50.0,10.8,98.0,/dl/web/weather/ic-w-04-scattered-clouds-full.svg,Cần Thơ,-0.5073175135566771,0,0.09858925022662313,0
2025-07-06 07:00:00+07:00,53.0,11.9,96.0,/dl/web/weather/ic-w-04-scattered-clouds-full.svg,Cần Thơ,-0.3824415240344891,0,0.2599443194267655,0
2025-07-06 08:00:00+07:00,56.0,18.5,86.0,/dl/web/weather/ic-w-04-scattered-clouds-full.svg,Cần Thơ,-0.25756553451230113,0,1.22807473462762,0
2025-07-06 09:00:00+07:00,58.0,21.1,80.0,/dl/web/weather/ic-w-04-scattered-clouds-full.svg,Cần Thơ,-0.1743148748308425,0,1.6094594436461385,0
2025-07-06 10:00:00+07:00,44.0,21.6,75.0,/dl/web/weather/ic-w-04-scattered-clouds-full.svg,Cần Thơ,-0.757069492601053,0,1.6828026569189305,0
2025-07-06 11:00:00+07:00,55.0,22.3,82.0,/dl/web/weather/ic-w-04-scattered-clouds-full.svg,Cần Thơ,-0.29919086435303044,0,1.7854831555008392,0
2025-07-06 12:00:00+07:00,55.0,21.2,71.0,/dl/web/weather/ic-w-04-scattered-clouds-full.svg,Cần Thơ,-0.29919086435303044,0,1.6241280863006966,0
2025-07-06 13:00:00+07:00,50.0,23.7,75.0,/dl/web/weather/ic-w-04-scattered-clouds-full.svg,Cần Thơ,-0.5073175135566771,0,1.9908441526646565,0
2025-07-06 14:00:00+07:00,33.0,24.5,75.0,/dl/web/weather/ic-w-04-scattered-clouds-full.svg,Cần Thơ,-1.2149481208490758,0,2.108193293901124,0
2025-07-06 15:00:00+07:00,44.0,24.8,85.0,/dl/web/weather/ic-w-06-rain-full.svg,Cần Thơ,-0.757069492601053,0,2.1521992218647994,0
2025-07-06 16:00:00+07:00,58.0,23.0,86.0,/dl/web/weather/ic-w-06-rain-full.svg,Cần Thơ,-0.1743148748308425,0,1.888163654082748,0
2025-07-06 17:00:00+07:00,55.0,20.4,92.0,/dl/web/weather/ic-w-04-scattered-clouds-full.svg,Cần Thơ,-0.29919086435303044,0,1.5067789450642293,0
2025-07-06 18:00:00+07:00,55.0,17.7,89.0,/dl/web/weather/ic-w-04-scattered-clouds-full.svg,Cần Thơ,-0.29919086435303044,0,1.1107255933911526,0
2025-07-06 19:00:00+07:00,66.0,13.7,88.0,/dl/web/weather/ic-w-04-scattered-clouds-full.svg,Cần Thơ,0.15868776389499217,0,0.5239798872088165,0
2025-07-06 20:00:00+07:00,33.0,12.9,95.0,/dl/web/weather/ic-w-04-scattered-clouds-full.svg,Cần Thơ,-1.2149481208490758,0,0.4066307459723495,0
2025-07-06 21:00:00+07:00,33.0,11.7,91.0,/dl/web/weather/ic-w-04-scattered-clouds-full.svg,Cần Thơ,-1.2149481208490758,0,0.23060703411764852,0
2025-07-06 22:00:00+07:00,22.0,12.1,96.0,/dl/web/weather/ic-w-04-scattered-clouds-full.svg,Cần Thơ,-1.6728267490970983,0,0.28928160473588216,0
2025-07-06 23:00:00+07:00,39.0,11.1,92.0,/dl/web/weather/ic-w-04-scattered-clouds-full.svg,Cần Thơ,-0.9651961418046997,0,0.14259517819029818,0
2025-07-07 00:00:00+07:00,44.0,11.3,96.0,/dl/web/weather/ic-w-04-scattered-clouds-full.svg,Cần Thơ,-0.757069492601053,0,0.17193246349941513,0
2025-07-07 01:00:00+07:00,33.0,9.2,93.0,/dl/web/weather/ic-w-04-scattered-clouds-full.svg,Cần Thơ,-1.2149481208490758,0,-0.1361090322463115,0
2025-07-07 02:00:00+07:00,33.0,9.2,97.0,/dl/web/weather/ic-w-04-scattered-clouds-full.svg,Cần Thơ,-1.2149481208490758,0,-0.1361090322463115,0
2025-07-07 03:00:00+07:00,60.0,9.2,97.0,/dl/web/weather/ic-w-04-scattered-clouds-full.svg,Cần Thơ,-0.09106421514938381,0,-0.1361090322463115,0
2025-07-07 04:00:00+07:00,44.0,8.2,97.0,/dl/web/weather/ic-w-04-scattered-clouds-full.svg,Cần Thơ,-0.757069492601053,0,-0.2827954587918955,0
2025-07-07 05:00:00+07:00,44.0,8.9,98.0,/dl/web/weather/ic-w-04-scattered-clouds-full.svg,Cần Thơ,-0.757069492601053,0,-0.18011496020998655,0
2025-07-07 06:00:00+07:00,44.0,8.9,98.0,/dl/web/weather/ic-w-04-scattered-clouds-full.svg,Cần Thơ,-0.757069492601053,0,-0.18011496020998655,0
2025-07-07 07:00:00+07:00,33.0,11.7,92.0,/dl/web/weather/ic-w-04-scattered-clouds-full.svg,Cần Thơ,-1.2149481208490758,0,0.23060703411764852,0
2025-07-07 08:00:00+07:00,44.0,15.0,83.0,/dl/web/weather/ic-w-04-scattered-clouds-full.svg,Cần Thơ,-0.757069492601053,0,0.7146722417180759,0
2025-07-07 09:00:00+07:00,39.0,16.9,84.0,/dl/web/weather/ic-w-04-scattered-clouds-full.svg,Cần Thơ,-0.9651961418046997,0,0.9933764521546853,0
2025-07-07 10:00:00+07:00,39.0,18.5,78.0,/dl/web/weather/ic-w-04-scattered-clouds-full.svg,Cần Thơ,-0.9651961418046997,0,1.22807473462762,0
2025-07-07 11:00:00+07:00,39.0,20.3,78.0,/dl/web/weather/ic-w-04-scattered-clouds-full.svg,Cần Thơ,-0.9651961418046997,0,1.4921103024096711,0
2025-07-07 12:00:00+07:00,39.0,21.2,79.0,/dl/web/weather/ic-w-04-scattered-clouds-full.svg,Cần Thơ,-0.9651961418046997,0,1.6241280863006966,0
2025-07-07 13:00:00+07:00,39.0,22.7,72.0,/dl/web/weather/ic-w-04-scattered-clouds-full.svg,Cần Thơ,-0.9651961418046997,0,1.8441577261190727,0
2025-07-07 14:00:00+07:00,50.0,27.5,72.0,/dl/web/weather/ic-w-04-scattered-clouds-full.svg,Cần Thơ,-0.5073175135566771,0,2.5482525735378756,0
2025-07-07 15:00:00+07:00,75.0,26.7,89.0,/dl/web/weather/ic-w-04-scattered-clouds-full.svg,Cần Thơ,0.5333157324615562,0,2.4309034323014087,0
2025-07-07 16:00:00+07:00,39.0,24.1,73.0,/dl/web/weather/ic-w-04-scattered-clouds-full.svg,Cần Thơ,-0.9651961418046997,0,2.0495187232828904,0
2025-07-07 17:00:00+07:00,53.0,20.1,80.0,/dl/web/weather/ic-w-06-rain-full.svg,Cần Thơ,-0.3824415240344891,0,1.4627730171005544,0
2025-07-07 18:00:00+07:00,50.0,18.2,85.0,/dl/web/weather/ic-w-06-rain-full.svg,Cần Thơ,-0.5073175135566771,0,1.1840688066639447,0
2025-07-07 19:00:00+07:00,53.0,15.0,82.0,/dl/web/weather/ic-w-04-scattered-clouds-full.svg,Cần Thơ,-0.3824415240344891,0,0.7146722417180759,0
2025-07-07 20:00:00+07:00,44.0,13.7,90.0,/dl/web/weather/ic-w-04-scattered-clouds-full.svg,Cần Thơ,-0.757069492601053,0,0.5239798872088165,0
2025-07-07 21:00:00+07:00,44.0,13.4,95.0,/dl/web/weather/ic-w-12-night-rain-full.svg,Cần Thơ,-0.757069492601053,0,0.4799739592451415,0
2025-07-08 00:00:00+07:00,60.0,13.5,81.0,/dl/web/weather/ic-w-12-night-rain-full.svg,Cần Thơ,-0.09106421514938381,0,0.49464260189969983,0
2025-07-08 01:00:00+07:00,28.0,10.1,82.0,/dl/web/weather/ic-w-04-scattered-clouds-full.svg,Cần Thơ,-1.4230747700527224,0,-0.00409124835528583,0
2025-07-08 02:00:00+07:00,22.0,12.6,86.0,/dl/web/weather/ic-w-04-scattered-clouds-full.svg,Cần Thơ,-1.6728267490970983,0,0.3626248180086742,0
2025-07-08 03:00:00+07:00,28.0,10.8,97.0,/dl/web/weather/ic-w-04-scattered-clouds-full.svg,Cần Thơ,-1.4230747700527224,0,0.09858925022662313,0
2025-07-08 05:00:00+07:00,64.0,7.2,95.0,/dl/web/weather/ic-w-04-scattered-clouds-full.svg,Cần Thơ,0.07543710421353352,0,-0.4294818853374794,0
2025-07-08 06:00:00+07:00,55.0,8.2,95.0,/dl/web/weather/ic-w-04-scattered-clouds-full.svg,Cần Thơ,-0.29919086435303044,0,-0.2827954587918955,0
2025-07-08 07:00:00+07:00,56.0,10.9,96.0,/dl/web/weather/ic-w-04-scattered-clouds-full.svg,Cần Thơ,-0.25756553451230113,0,0.11325789288118147,0
2025-07-08 08:00:00+07:00,53.0,15.9,88.0,/dl/web/weather/ic-w-04-scattered-clouds-full.svg,Cần Thơ,-0.3824415240344891,0,0.8466900256091016,0
2025-07-08 09:00:00+07:00,53.0,18.7,88.0,/dl/web/weather/ic-w-04-scattered-clouds-full.svg,Cần Thơ,-0.3824415240344891,0,1.2574120199367367,0
2025-07-08 10:00:00+07:00,33.0,19.5,82.0,/dl/web/weather/ic-w-04-scattered-clouds-full.svg,Cần Thơ,-1.2149481208490758,0,1.3747611611732038,0
2025-07-08 11:00:00+07:00,33.0,21.6,78.0,/dl/web/weather/ic-w-04-scattered-clouds-full.svg,Cần Thơ,-1.2149481208490758,0,1.6828026569189305,0
2025-07-08 12:00:00+07:00,33.0,21.9,70.0,/dl/web/weather/ic-w-04-scattered-clouds-full.svg,Cần Thơ,-1.2149481208490758,0,1.7268085848826054,0
2025-07-08 13:00:00+07:00,33.0,25.1,67.0,/dl/web/weather/ic-w-04-scattered-clouds-full.svg,Cần Thơ,-1.2149481208490758,0,2.1962051498284745,0
2025-07-08 14:00:00+07:00,28.0,24.9,70.0,/dl/web/weather/ic-w-04-scattered-clouds-full.svg,Cần Thơ,-1.4230747700527224,0,2.1668678645193573,0
2025-07-08 15:00:00+07:00,28.0,25.1,74.0,/dl/web/weather/ic-w-04-scattered-clouds-full.svg,Cần Thơ,-1.4230747700527224,0,2.1962051498284745,0
2025-07-08 16:00:00+07:00,28.0,22.7,71.0,/dl/web/weather/ic-w-04-scattered-clouds-full.svg,Cần Thơ,-1.4230747700527224,0,1.8441577261190727,0
2025-07-08 17:00:00+07:00,28.0,20.0,69.0,/dl/web/weather/ic-w-04-scattered-clouds-full.svg,Cần Thơ,-1.4230747700527224,0,1.4481043744459958,0
2025-07-08 18:00:00+07:00,50.0,17.5,74.0,/dl/web/weather/ic-w-04-scattered-clouds-full.svg,Cần Thơ,-0.5073175135566771,0,1.081388308082036,0
2025-07-08 19:00:00+07:00,22.0,11.9,80.0,/dl/web/weather/ic-w-04-scattered-clouds-full.svg,Cần Thơ,-1.6728267490970983,0,0.2599443194267655,0
2025-07-08 21:00:00+07:00,58.0,13.0,92.0,/dl/web/weather/ic-w-04-scattered-clouds-full.svg,Cần Thơ,-0.1743148748308425,0,0.42129938862690786,0
2025-07-08 22:00:00+07:00,60.0,13.2,90.0,/dl/web/weather/ic-w-04-scattered-clouds-full.svg,Cần Thơ,-0.09106421514938381,0,0.4506366739360245,0
2025-07-08 23:00:00+07:00,55.0,14.6,92.0,/dl/web/weather/ic-w-04-scattered-clouds-full.svg,Cần Thơ,-0.29919086435303044,0,0.6559976710998422,0
2025-07-09 00:00:00+07:00,50.0,15.8,92.0,/dl/web/weather/ic-w-04-scattered-clouds-full.svg,Cần Thơ,-0.5073175135566771,0,0.8320213829545432,0
2025-07-09 01:00:00+07:00,50.0,14.6,92.0,/dl/web/weather/ic-w-04-scattered-clouds-full.svg,Cần Thơ,-0.5073175135566771,0,0.6559976710998422,0
2025-07-09 04:00:00+07:00,33.0,13.7,96.0,/dl/web/weather/ic-w-04-scattered-clouds-full.svg,Cần Thơ,-1.2149481208490758,0,0.5239798872088165,0
2025-07-09 05:00:00+07:00,44.0,11.4,92.0,/dl/web/weather/ic-w-04-scattered-clouds-full.svg,Cần Thơ,-0.757069492601053,0,0.1866011061539735,0
2025-07-09 06:00:00+07:00,44.0,9.8,97.0,/dl/web/weather/ic-w-04-scattered-clouds-full.svg,Cần Thơ,-0.757069492601053,0,-0.04809717631896088,0
2025-07-09 07:00:00+07:00,56.0,13.0,92.0,/dl/web/weather/ic-w-04-scattered-clouds-full.svg,Cần Thơ,-0.25756553451230113,0,0.42129938862690786,0
2025-07-09 08:00:00+07:00,53.0,17.2,89.0,/dl/web/weather/ic-w-02-new-clouds-full.svg,Cần Thơ,-0.3824415240344891,0,1.0373823801183606,0
2025-07-09 09:00:00+07:00,50.0,19.0,80.0,/dl/web/weather/ic-w-02-new-clouds-full.svg,Cần Thơ,-0.5073175135566771,0,1.301417947900412,0
2025-07-09 10:00:00+07:00,53.0,19.5,78.0,/dl/web/weather/ic-w-02-new-clouds-full.svg,Cần Thơ,-0.3824415240344891,0,1.3747611611732038,0
2025-07-09 11:00:00+07:00,50.0,22.2,66.0,/dl/web/weather/ic-w-06-rain-full.svg,Cần Thơ,-0.5073175135566771,0,1.7708145128462807,0
2025-07-09 12:00:00+07:00,50.0,24.6,63.0,/dl/web/weather/ic-w-02-new-clouds-full.svg,Cần Thơ,-0.5073175135566771,0,2.1228619365556827,0
2025-07-09 13:00:00+07:00,33.0,25.7,65.0,/dl/web/weather/ic-w-04-scattered-clouds-full.svg,Cần Thơ,-1.2149481208490758,0,2.2842170057558246,0
2025-07-09 14:00:00+07:00,28.0,25.3,68.0,/dl/web/weather/ic-w-04-scattered-clouds-full.svg,Cần Thơ,-1.4230747700527224,0,2.225542435137591,0
2025-07-09 15:00:00+07:00,28.0,27.4,65.0,/dl/web/weather/ic-w-04-scattered-clouds-full.svg,Cần Thơ,-1.4230747700527224,0,2.5335839308833172,0
2025-07-09 16:00:00+07:00,28.0,27.4,65.0,/dl/web/weather/ic-w-04-scattered-clouds-full.svg,Cần Thơ,-1.4230747700527224,0,2.5335839308833172,0
2025-07-09 17:00:00+07:00,44.0,26.6,72.0,/dl/web/weather/ic-w-04-scattered-clouds-full.svg,Cần Thơ,-0.757069492601053,0,2.4162347896468503,0
2025-07-09 18:00:00+07:00,22.0,24.3,81.0,/dl/web/weather/ic-w-04-scattered-clouds-full.svg,Cần Thơ,-1.6728267490970983,0,2.078856008592007,0
2025-07-09 19:00:00+07:00,28.0,20.6,77.0,/dl/web/weather/ic-w-04-scattered-clouds-full.svg,Cần Thơ,-1.4230747700527224,0,1.5361162303733464,0
2025-07-09 21:00:00+07:00,44.0,14.2,91.0,/dl/web/weather/ic-w-04-scattered-clouds-full.svg,Cần Thơ,-0.757069492601053,0,0.5973231004816085,0
2025-07-09 22:00:00+07:00,53.0,14.6,96.0,/dl/web/weather/ic-w-04-scattered-clouds-full.svg,Cần Thơ,-0.3824415240344891,0,0.6559976710998422,0
2025-07-09 23:00:00+07:00,60.0,15.4,96.0,/dl/web/weather/ic-w-04-scattered-clouds-full.svg,Cần Thơ,-0.09106421514938381,0,0.7733468123363095,0
2025-07-10 00:00:00+07:00,50.0,15.8,93.0,/dl/web/weather/ic-w-04-scattered-clouds-full.svg,Cần Thơ,-0.5073175135566771,0,0.8320213829545432,0
2025-07-10 01:00:00+07:00,56.0,14.3,96.0,/dl/web/weather/ic-w-04-scattered-clouds-full.svg,Cần Thơ,-0.25756553451230113,0,0.6119917431361671,0
2025-07-10 02:00:00+07:00,66.0,10.5,92.0,/dl/web/weather/ic-w-04-scattered-clouds-full.svg,Cần Thơ,0.15868776389499217,0,0.05458332226294783,0
2025-07-10 03:00:00+07:00,53.0,9.0,97.0,/dl/web/weather/ic-w-04-scattered-clouds-full.svg,Cần Thơ,-0.3824415240344891,0,-0.16544631755542819,0
2025-07-10 04:00:00+07:00,58.0,8.4,95.0,/dl/web/weather/ic-w-04-scattered-clouds-full.svg,Cần Thơ,-0.1743148748308425,0,-0.25345817348277855,0
2025-07-10 06:00:00+07:00,55.0,9.3,98.0,/dl/web/weather/ic-w-04-scattered-clouds-full.svg,Cần Thơ,-0.29919086435303044,0,-0.12144038959175288,0
2025-07-10 07:00:00+07:00,55.0,10.3,93.0,/dl/web/weather/ic-w-04-scattered-clouds-full.svg,Cần Thơ,-0.29919086435303044,0,0.025246036953831128,0
2025-07-10 08:00:00+07:00,44.0,14.6,90.0,/dl/web/weather/ic-w-04-scattered-clouds-full.svg,Cần Thơ,-0.757069492601053,0,0.6559976710998422,0
2025-07-10 09:00:00+07:00,33.0,20.9,78.0,/dl/web/weather/ic-w-04-scattered-clouds-full.svg,Cần Thơ,-1.2149481208490758,0,1.5801221583370213,0
2025-07-10 10:00:00+07:00,33.0,24.3,74.0,/dl/web/weather/ic-w-04-scattered-clouds-full.svg,Cần Thơ,-1.2149481208490758,0,2.078856008592007,0
2025-07-10 11:00:00+07:00,33.0,27.7,72.0,/dl/web/weather/ic-w-04-scattered-clouds-full.svg,Cần Thơ,-1.2149481208490758,0,2.5775898588469928,0
2025-07-10 12:00:00+07:00,33.0,29.0,65.0,/dl/web/weather/ic-w-04-scattered-clouds-full.svg,Cần Thơ,-1.2149481208490758,0,2.768282213356252,0
2025-07-10 13:00:00+07:00,28.0,30.7,62.0,/dl/web/weather/ic-w-04-scattered-clouds-full.svg,Cần Thơ,-1.4230747700527224,0,3.017649138483745,-1
2025-07-10 14:00:00+07:00,22.0,31.4,69.0,/dl/web/weather/ic-w-04-scattered-clouds-full.svg,Cần Thơ,-1.6728267490970983,0,3.120329637065653,-1
2025-07-10 15:00:00+07:00,22.0,30.6,66.0,/dl/web/weather/ic-w-04-scattered-clouds-full.svg,Cần Thơ,-1.6728267490970983,0,3.002980495829186,-1
2025-07-10 16:00:00+07:00,28.0,27.8,64.0,/dl/web/weather/ic-w-04-scattered-clouds-full.svg,Cần Thơ,-1.4230747700527224,0,2.5922585015015516,0
2025-07-10 17:00:00+07:00,28.0,25.3,65.0,/dl/web/weather/ic-w-04-scattered-clouds-full.svg,Cần Thơ,-1.4230747700527224,0,2.225542435137591,0
2025-07-10 18:00:00+07:00,28.0,23.7,72.0,/dl/web/weather/ic-w-04-scattered-clouds-full.svg,Cần Thơ,-1.4230747700527224,0,1.9908441526646565,0
2025-07-10 19:00:00+07:00,39.0,19.6,73.0,/dl/web/weather/ic-w-04-scattered-clouds-full.svg,Cần Thơ,-0.9651961418046997,0,1.3894298038277626,0
2025-07-10 21:00:00+07:00,44.0,16.1,81.0,/dl/web/weather/ic-w-10-night-clear-sky-full.svg,Cần Thơ,-0.757069492601053,0,0.8760273109182185,0
2025-07-11 00:00:00+07:00,39.0,12.7,97.0,/dl/web/weather/ic-w-11-night-few-clouds-full.svg,Cần Thơ,-0.9651961418046997,0,0.37729346066323255,0
2025-07-11 01:00:00+07:00,39.0,14.3,96.0,/dl/web/weather/ic-w-10-night-clear-sky-full.svg,Cần Thơ,-0.9651961418046997,0,0.6119917431361671,0
2025-07-11 02:00:00+07:00,33.0,13.8,97.0,/dl/web/weather/ic-w-04-scattered-clouds-full.svg,Cần Thơ,-1.2149481208490758,0,0.5386485298633752,0
2025-07-11 03:00:00+07:00,39.0,13.4,98.0,/dl/web/weather/ic-w-04-scattered-clouds-full.svg,Cần Thơ,-0.9651961418046997,0,0.4799739592451415,0
2025-07-11 04:00:00+07:00,33.0,12.4,98.0,/dl/web/weather/ic-w-04-scattered-clouds-full.svg,Cần Thơ,-1.2149481208490758,0,0.33328753269955746,0
2025-07-11 05:00:00+07:00,33.0,10.8,98.0,/dl/web/weather/ic-w-04-scattered-clouds-full.svg,Cần Thơ,-1.2149481208490758,0,0.09858925022662313,0
2025-07-11 06:00:00+07:00,39.0,10.1,98.0,/dl/web/weather/ic-w-04-scattered-clouds-full.svg,Cần Thơ,-0.9651961418046997,0,-0.00409124835528583,0
2025-07-11 07:00:00+07:00,39.0,12.7,97.0,/dl/web/weather/ic-w-04-scattered-clouds-full.svg,Cần Thơ,-0.9651961418046997,0,0.37729346066323255,0
2025-07-11 08:00:00+07:00,53.0,19.3,90.0,/dl/web/weather/ic-w-02-new-clouds-full.svg,Cần Thơ,-0.3824415240344891,0,1.3454238758640873,0
2025-07-11 09:00:00+07:00,44.0,24.0,74.0,/dl/web/weather/ic-w-02-new-clouds-full.svg,Cần Thơ,-0.757069492601053,0,2.034850080628332,0
2025-07-11 10:00:00+07:00,28.0,25.6,76.0,/dl/web/weather/ic-w-06-rain-full.svg,Cần Thơ,-1.4230747700527224,0,2.2695483631012667,0
2025-07-11 11:00:00+07:00,33.0,26.6,77.0,/dl/web/weather/ic-w-04-scattered-clouds-full.svg,Cần Thơ,-1.2149481208490758,0,2.4162347896468503,0
2025-07-11 12:00:00+07:00,33.0,28.3,73.0,/dl/web/weather/ic-w-04-scattered-clouds-full.svg,Cần Thơ,-1.2149481208490758,0,2.6656017147743434,0
2025-07-11 13:00:00+07:00,17.0,28.6,64.0,/dl/web/weather/ic-w-02-new-clouds-full.svg,Cần Thơ,-1.880953398300745,0,2.7096076427380185,0
2025-07-11 14:00:00+07:00,22.0,28.3,61.0,/dl/web/weather/ic-w-04-scattered-clouds-full.svg,Cần Thơ,-1.6728267490970983,0,2.6656017147743434,0
2025-07-11 15:00:00+07:00,22.0,28.2,55.0,/dl/web/weather/ic-w-04-scattered-clouds-full.svg,Cần Thơ,-1.6728267490970983,0,2.650933072119785,0
2025-07-11 16:00:00+07:00,22.0,26.7,67.0,/dl/web/weather/ic-w-04-scattered-clouds-full.svg,Cần Thơ,-1.6728267490970983,0,2.4309034323014087,0
2025-07-11 17:00:00+07:00,28.0,23.7,76.0,/dl/web/weather/ic-w-04-scattered-clouds-full.svg,Cần Thơ,-1.4230747700527224,0,1.9908441526646565,0
2025-07-11 18:00:00+07:00,22.0,20.8,77.0,/dl/web/weather/ic-w-04-scattered-clouds-full.svg,Cần Thơ,-1.6728267490970983,0,1.5654535156824632,0
2025-07-11 19:00:00+07:00,28.0,18.2,80.0,/dl/web/weather/ic-w-04-scattered-clouds-full.svg,Cần Thơ,-1.4230747700527224,0,1.1840688066639447,0
2025-07-11 20:00:00+07:00,17.0,16.4,87.0,/dl/web/weather/ic-w-04-scattered-clouds-full.svg,Cần Thơ,-1.880953398300745,0,0.9200332388818933,0
2025-07-11 21:00:00+07:00,17.0,15.1,87.0,/dl/web/weather/ic-w-04-scattered-clouds-full.svg,Cần Thơ,-1.880953398300745,0,0.7293408843726342,0
2025-07-11 22:00:00+07:00,22.0,14.5,96.0,/dl/web/weather/ic-w-04-scattered-clouds-full.svg,Cần Thơ,-1.6728267490970983,0,0.6413290284452838,0
2025-07-11 23:00:00+07:00,22.0,13.8,96.0,/dl/web/weather/ic-w-04-scattered-clouds-full.svg,Cần Thơ,-1.6728267490970983,0,0.5386485298633752,0
2025-07-12 00:00:00+07:00,22.0,13.0,97.0,/dl/web/weather/ic-w-04-scattered-clouds-full.svg,Cần Thơ,-1.6728267490970983,0,0.42129938862690786,0
2025-07-12 01:00:00+07:00,22.0,10.9,94.0,/dl/web/weather/ic-w-04-scattered-clouds-full.svg,Cần Thơ,-1.6728267490970983,0,0.11325789288118147,0
2025-07-12 02:00:00+07:00,62.0,9.8,94.0,/dl/web/weather/ic-w-04-scattered-clouds-full.svg,Cần Thơ,-0.007813555467925153,0,-0.04809717631896088,0
2025-07-12 03:00:00+07:00,28.0,9.8,98.0,/dl/web/weather/ic-w-04-scattered-clouds-full.svg,Cần Thơ,-1.4230747700527224,0,-0.04809717631896088,0
2025-07-12 04:00:00+07:00,28.0,9.3,98.0,/dl/web/weather/ic-w-04-scattered-clouds-full.svg,Cần Thơ,-1.4230747700527224,0,-0.12144038959175288,0
2025-07-12 05:00:00+07:00,22.0,8.5,98.0,/dl/web/weather/ic-w-04-scattered-clouds-full.svg,Cần Thơ,-1.6728267490970983,0,-0.2387895308282202,0
2025-07-12 06:00:00+07:00,22.0,8.7,98.0,/dl/web/weather/ic-w-04-scattered-clouds-full.svg,Cần Thơ,-1.6728267490970983,0,-0.2094522455191035,0
2025-07-12 07:00:00+07:00,33.0,10.8,91.0,/dl/web/weather/ic-w-04-scattered-clouds-full.svg,Cần Thơ,-1.2149481208490758,0,0.09858925022662313,0
2025-07-12 08:00:00+07:00,44.0,18.3,85.0,/dl/web/weather/ic-w-04-scattered-clouds-full.svg,Cần Thơ,-0.757069492601053,0,1.1987374493185032,0
2025-07-12 09:00:00+07:00,39.0,21.6,74.0,/dl/web/weather/ic-w-04-scattered-clouds-full.svg,Cần Thơ,-0.9651961418046997,0,1.6828026569189305,0
2025-07-12 10:00:00+07:00,44.0,23.8,70.0,/dl/web/weather/ic-w-04-scattered-clouds-full.svg,Cần Thơ,-0.757069492601053,0,2.0055127953192153,0
2025-07-12 11:00:00+07:00,53.0,24.3,69.0,/dl/web/weather/ic-w-04-scattered-clouds-full.svg,Cần Thơ,-0.3824415240344891,0,2.078856008592007,0
2025-07-12 12:00:00+07:00,53.0,25.1,66.0,/dl/web/weather/ic-w-04-scattered-clouds-full.svg,Cần Thơ,-0.3824415240344891,0,2.1962051498284745,0
2025-07-12 13:00:00+07:00,55.0,25.7,62.0,/dl/web/weather/ic-w-04-scattered-clouds-full.svg,Cần Thơ,-0.29919086435303044,0,2.2842170057558246,0
2025-07-12 14:00:00+07:00,58.0,23.7,61.0,/dl/web/weather/ic-w-02-new-clouds-full.svg,Cần Thơ,-0.1743148748308425,0,1.9908441526646565,0
2025-07-12 15:00:00+07:00,60.0,24.3,66.0,/dl/web/weather/ic-w-02-new-clouds-full.svg,Cần Thơ,-0.09106421514938381,0,2.078856008592007,0
2025-07-12 16:00:00+07:00,64.0,23.8,62.0,/dl/web/weather/ic-w-02-new-clouds-full.svg,Cần Thơ,0.07543710421353352,0,2.0055127953192153,0
2025-07-12 17:00:00+07:00,56.0,19.5,71.0,/dl/web/weather/ic-w-02-new-clouds-full.svg,Cần Thơ,-0.25756553451230113,0,1.3747611611732038,0
2025-07-12 18:00:00+07:00,56.0,17.1,76.0,/dl/web/weather/ic-w-02-new-clouds-full.svg,Cần Thơ,-0.25756553451230113,0,1.0227137374638025,0
2025-07-12 19:00:00+07:00,60.0,12.4,78.0,/dl/web/weather/ic-w-04-scattered-clouds-full.svg,Cần Thơ,-0.09106421514938381,0,0.33328753269955746,0
2025-07-12 20:00:00+07:00,64.0,12.9,78.0,/dl/web/weather/ic-w-11-night-few-clouds-full.svg,Cần Thơ,0.07543710421353352,0,0.4066307459723495,0
2025-07-12 21:00:00+07:00,64.0,14.2,94.0,/dl/web/weather/ic-w-04-scattered-clouds-full.svg,Cần Thơ,0.07543710421353352,0,0.5973231004816085,0
2025-07-12 22:00:00+07:00,58.0,15.1,95.0,/dl/web/weather/ic-w-11-night-few-clouds-full.svg,Cần Thơ,-0.1743148748308425,0,0.7293408843726342,0
2025-07-12 23:00:00+07:00,58.0,15.9,95.0,/dl/web/weather/ic-w-11-night-few-clouds-full.svg,Cần Thơ,-0.1743148748308425,0,0.8466900256091016,0
2025-07-13 00:00:00+07:00,55.0,14.5,91.0,/dl/web/weather/ic-w-11-night-few-clouds-full.svg,Cần Thơ,-0.29919086435303044,0,0.6413290284452838,0
2025-07-13 01:00:00+07:00,53.0,13.4,93.0,/dl/web/weather/ic-w-04-scattered-clouds-full.svg,Cần Thơ,-0.3824415240344891,0,0.4799739592451415,0
2025-07-13 02:00:00+07:00,53.0,11.9,96.0,/dl/web/weather/ic-w-11-night-few-clouds-full.svg,Cần Thơ,-0.3824415240344891,0,0.2599443194267655,0
2025-07-13 03:00:00+07:00,55.0,10.5,93.0,/dl/web/weather/ic-w-11-night-few-clouds-full.svg,Cần Thơ,-0.29919086435303044,0,0.05458332226294783,0
2025-07-13 04:00:00+07:00,53.0,8.0,94.0,/dl/web/weather/ic-w-04-scattered-clouds-full.svg,Cần Thơ,-0.3824415240344891,0,-0.3121327441010122,0
2025-07-13 05:00:00+07:00,55.0,8.5,97.0,/dl/web/weather/ic-w-04-scattered-clouds-full.svg,Cần Thơ,-0.29919086435303044,0,-0.2387895308282202,0
2025-07-13 06:00:00+07:00,69.0,8.0,94.0,/dl/web/weather/ic-w-04-scattered-clouds-full.svg,Cần Thơ,0.28356375341718015,0,-0.3121327441010122,0
2025-07-13 07:00:00+07:00,62.0,12.9,92.0,/dl/web/weather/ic-w-04-scattered-clouds-full.svg,Cần Thơ,-0.007813555467925153,0,0.4066307459723495,0
2025-07-13 08:00:00+07:00,53.0,17.2,89.0,/dl/web/weather/ic-w-04-scattered-clouds-full.svg,Cần Thơ,-0.3824415240344891,0,1.0373823801183606,0
2025-07-13 09:00:00+07:00,55.0,18.7,83.0,/dl/web/weather/ic-w-04-scattered-clouds-full.svg,Cần Thơ,-0.29919086435303044,0,1.2574120199367367,0
2025-07-13 10:00:00+07:00,55.0,19.8,78.0,/dl/web/weather/ic-w-04-scattered-clouds-full.svg,Cần Thơ,-0.29919086435303044,0,1.418767089136879,0
2025-07-13 11:00:00+07:00,55.0,20.9,74.0,/dl/web/weather/ic-w-04-scattered-clouds-full.svg,Cần Thơ,-0.29919086435303044,0,1.5801221583370213,0
2025-07-13 12:00:00+07:00,55.0,20.9,74.0,/dl/web/weather/ic-w-04-scattered-clouds-full.svg,Cần Thơ,-0.29919086435303044,0,1.5801221583370213,0
2025-07-13 13:00:00+07:00,55.0,22.7,62.0,/dl/web/weather/ic-w-04-scattered-clouds-full.svg,Cần Thơ,-0.29919086435303044,0,1.8441577261190727,0
2025-07-13 14:00:00+07:00,69.0,24.1,68.0,/dl/web/weather/ic-w-04-scattered-clouds-full.svg,Cần Thơ,0.28356375341718015,0,2.0495187232828904,0
2025-07-13 15:00:00+07:00,55.0,23.3,65.0,/dl/web/weather/ic-w-04-scattered-clouds-full.svg,Cần Thơ,-0.29919086435303044,0,1.9321695820464233,0
2025-07-13 16:00:00+07:00,53.0,22.0,66.0,/dl/web/weather/ic-w-04-scattered-clouds-full.svg,Cần Thơ,-0.3824415240344891,0,1.741477227537164,0
2025-07-13 17:00:00+07:00,53.0,19.2,70.0,/dl/web/weather/ic-w-04-scattered-clouds-full.svg,Cần Thơ,-0.3824415240344891,0,1.3307552332095285,0
2025-07-13 18:00:00+07:00,53.0,17.4,72.0,/dl/web/weather/ic-w-04-scattered-clouds-full.svg,Cần Thơ,-0.3824415240344891,0,1.0667196654274773,0
2025-07-13 19:00:00+07:00,58.0,14.2,75.0,/dl/web/weather/ic-w-12-night-rain-full.svg,Cần Thơ,-0.1743148748308425,0,0.5973231004816085,0
2025-07-13 20:00:00+07:00,55.0,12.7,82.0,/dl/web/weather/ic-w-04-scattered-clouds-full.svg,Cần Thơ,-0.29919086435303044,0,0.37729346066323255,0
2025-07-13 21:00:00+07:00,55.0,12.6,91.0,/dl/web/weather/ic-w-04-scattered-clouds-full.svg,Cần Thơ,-0.29919086435303044,0,0.3626248180086742,0
2025-07-13 22:00:00+07:00,58.0,12.9,91.0,/dl/web/weather/ic-w-04-scattered-clouds-full.svg,Cần Thơ,-0.1743148748308425,0,0.4066307459723495,0
2025-07-13 23:00:00+07:00,73.0,13.0,92.0,/dl/web/weather/ic-w-04-scattered-clouds-full.svg,Cần Thơ,0.4500650727800975,0,0.42129938862690786,0
2025-07-14 00:00:00+07:00,69.0,11.9,92.0,/dl/web/weather/ic-w-04-scattered-clouds-full.svg,Cần Thơ,0.28356375341718015,0,0.2599443194267655,0
2025-07-14 01:00:00+07:00,58.0,9.0,91.0,/dl/web/weather/ic-w-04-scattered-clouds-full.svg,Cần Thơ,-0.1743148748308425,0,-0.16544631755542819,0
2025-07-14 02:00:00+07:00,58.0,9.8,93.0,/dl/web/weather/ic-w-04-scattered-clouds-full.svg,Cần Thơ,-0.1743148748308425,0,-0.04809717631896088,0
2025-07-14 03:00:00+07:00,53.0,9.7,93.0,/dl/web/weather/ic-w-04-scattered-clouds-full.svg,Cần Thơ,-0.3824415240344891,0,-0.06276581897351949,0
2025-07-14 04:00:00+07:00,44.0,9.5,94.0,/dl/web/weather/ic-w-04-scattered-clouds-full.svg,Cần Thơ,-0.757069492601053,0,-0.09210310428263618,0
2025-07-14 05:00:00+07:00,50.0,8.4,94.0,/dl/web/weather/ic-w-04-scattered-clouds-full.svg,Cần Thơ,-0.5073175135566771,0,-0.25345817348277855,0
2025-07-14 06:00:00+07:00,60.0,8.4,94.0,/dl/web/weather/ic-w-04-scattered-clouds-full.svg,Cần Thơ,-0.09106421514938381,0,-0.25345817348277855,0
2025-07-14 07:00:00+07:00,60.0,11.3,91.0,/dl/web/weather/ic-w-04-scattered-clouds-full.svg,Cần Thơ,-0.09106421514938381,0,0.17193246349941513,0
2025-07-14 08:00:00+07:00,50.0,15.4,89.0,/dl/web/weather/ic-w-02-new-clouds-full.svg,Cần Thơ,-0.5073175135566771,0,0.7733468123363095,0
2025-07-14 09:00:00+07:00,44.0,18.5,74.0,/dl/web/weather/ic-w-02-new-clouds-full.svg,Cần Thơ,-0.757069492601053,0,1.22807473462762,0
2025-07-14 10:00:00+07:00,55.0,19.0,74.0,/dl/web/weather/ic-w-02-new-clouds-full.svg,Cần Thơ,-0.29919086435303044,0,1.301417947900412,0
2025-07-14 11:00:00+07:00,58.0,21.4,68.0,/dl/web/weather/ic-w-04-scattered-clouds-full.svg,Cần Thơ,-0.1743148748308425,0,1.6534653716098133,0
2025-07-14 12:00:00+07:00,56.0,21.6,82.0,/dl/web/weather/ic-w-04-scattered-clouds-full.svg,Cần Thơ,-0.25756553451230113,0,1.6828026569189305,0
2025-07-14 13:00:00+07:00,56.0,23.2,74.0,/dl/web/weather/ic-w-06-rain-full.svg,Cần Thơ,-0.25756553451230113,0,1.9175009393918647,0
2025-07-14 14:00:00+07:00,28.0,22.2,81.0,/dl/web/weather/ic-w-06-rain-full.svg,Cần Thơ,-1.4230747700527224,0,1.7708145128462807,0
2025-07-14 15:00:00+07:00,50.0,23.8,81.0,/dl/web/weather/ic-w-06-rain-full.svg,Cần Thơ,-0.5073175135566771,0,2.0055127953192153,0
2025-07-14 16:00:00+07:00,56.0,23.3,71.0,/dl/web/weather/ic-w-06-rain-full.svg,Cần Thơ,-0.25756553451230113,0,1.9321695820464233,0
2025-07-14 17:00:00+07:00,55.0,20.9,78.0,/dl/web/weather/ic-w-06-rain-full.svg,Cần Thơ,-0.29919086435303044,0,1.5801221583370213,0
2025-07-14 18:00:00+07:00,53.0,18.8,84.0,/dl/web/weather/ic-w-06-rain-full.svg,Cần Thơ,-0.3824415240344891,0,1.2720806625912953,0
2025-07-14 19:00:00+07:00,56.0,17.2,82.0,/dl/web/weather/ic-w-04-scattered-clouds-full.svg,Cần Thơ,-0.25756553451230113,0,1.0373823801183606,0
2025-07-14 20:00:00+07:00,71.0,14.5,85.0,/dl/web/weather/ic-w-11-night-few-clouds-full.svg,Cần Thơ,0.3668144130986388,0,0.6413290284452838,0
2025-07-14 21:00:00+07:00,71.0,12.2,89.0,/dl/web/weather/ic-w-11-night-few-clouds-full.svg,Cần Thơ,0.3668144130986388,0,0.3039502473904405,0
2025-07-14 22:00:00+07:00,69.0,12.7,95.0,/dl/web/weather/ic-w-11-night-few-clouds-full.svg,Cần Thơ,0.28356375341718015,0,0.37729346066323255,0
2025-07-14 23:00:00+07:00,73.0,12.7,96.0,/dl/web/weather/ic-w-10-night-clear-sky-full.svg,Cần Thơ,0.4500650727800975,0,0.37729346066323255,0
2025-07-15 00:00:00+07:00,68.0,12.4,92.0,/dl/web/weather/ic-w-10-night-clear-sky-full.svg,Cần Thơ,0.24193842357645082,0,0.33328753269955746,0
2025-07-15 01:00:00+07:00,68.0,10.3,94.0,/dl/web/weather/ic-w-04-scattered-clouds-full.svg,Cần Thơ,0.24193842357645082,0,0.025246036953831128,0
2025-07-15 02:00:00+07:00,56.0,9.5,97.0,/dl/web/weather/ic-w-04-scattered-clouds-full.svg,Cần Thơ,-0.25756553451230113,0,-0.09210310428263618,0
2025-07-15 03:00:00+07:00,58.0,9.0,95.0,/dl/web/weather/ic-w-04-scattered-clouds-full.svg,Cần Thơ,-0.1743148748308425,0,-0.16544631755542819,0
2025-07-15 04:00:00+07:00,56.0,8.5,98.0,/dl/web/weather/ic-w-04-scattered-clouds-full.svg,Cần Thơ,-0.25756553451230113,0,-0.2387895308282202,0
2025-07-15 05:00:00+07:00,56.0,8.2,98.0,/dl/web/weather/ic-w-04-scattered-clouds-full.svg,Cần Thơ,-0.25756553451230113,0,-0.2827954587918955,0
2025-07-15 06:00:00+07:00,62.0,8.9,98.0,/dl/web/weather/ic-w-04-scattered-clouds-full.svg,Cần Thơ,-0.007813555467925153,0,-0.18011496020998655,0
2025-07-15 07:00:00+07:00,64.0,13.0,93.0,/dl/web/weather/ic-w-04-scattered-clouds-full.svg,Cần Thơ,0.07543710421353352,0,0.42129938862690786,0
2025-07-15 08:00:00+07:00,62.0,16.3,86.0,/dl/web/weather/ic-w-04-scattered-clouds-full.svg,Cần Thơ,-0.007813555467925153,0,0.9053645962273352,0
2025-07-15 09:00:00+07:00,60.0,17.4,64.0,/dl/web/weather/ic-w-04-scattered-clouds-full.svg,Cần Thơ,-0.09106421514938381,0,1.0667196654274773,0
2025-07-15 10:00:00+07:00,58.0,16.6,57.0,/dl/web/weather/ic-w-04-scattered-clouds-full.svg,Cần Thơ,-0.1743148748308425,0,0.9493705241910105,0
2025-07-15 11:00:00+07:00,55.0,16.1,52.0,/dl/web/weather/ic-w-04-scattered-clouds-full.svg,Cần Thơ,-0.29919086435303044,0,0.8760273109182185,0
2025-07-15 12:00:00+07:00,55.0,17.2,48.0,/dl/web/weather/ic-w-06-rain-full.svg,Cần Thơ,-0.29919086435303044,0,1.0373823801183606,0
2025-07-15 13:00:00+07:00,50.0,18.3,52.0,/dl/web/weather/ic-w-06-rain-full.svg,Cần Thơ,-0.5073175135566771,0,1.1987374493185032,0
2025-07-15 14:00:00+07:00,53.0,15.4,55.0,/dl/web/weather/ic-w-04-scattered-clouds-full.svg,Cần Thơ,-0.3824415240344891,0,0.7733468123363095,0
2025-07-15 15:00:00+07:00,50.0,13.4,61.0,/dl/web/weather/ic-w-04-scattered-clouds-full.svg,Cần Thơ,-0.5073175135566771,0,0.4799739592451415,0
2025-07-15 16:00:00+07:00,53.0,13.2,86.0,/dl/web/weather/ic-w-04-scattered-clouds-full.svg,Cần Thơ,-0.3824415240344891,0,0.4506366739360245,0
2025-07-15 17:00:00+07:00,53.0,11.7,88.0,/dl/web/weather/ic-w-04-scattered-clouds-full.svg,Cần Thơ,-0.3824415240344891,0,0.23060703411764852,0
2025-07-15 18:00:00+07:00,53.0,9.3,85.0,/dl/web/weather/ic-w-04-scattered-clouds-full.svg,Cần Thơ,-0.3824415240344891,0,-0.12144038959175288,0
2025-07-15 19:00:00+07:00,55.0,7.9,91.0,/dl/web/weather/ic-w-04-scattered-clouds-full.svg,Cần Thơ,-0.29919086435303044,0,-0.3268013867555705,0
2025-07-15 21:00:00+07:00,53.0,7.9,97.0,/dl/web/weather/ic-w-11-night-few-clouds-full.svg,Cần Thơ,-0.3824415240344891,0,-0.3268013867555705,0
2025-07-15 22:00:00+07:00,55.0,7.7,97.0,/dl/web/weather/ic-w-11-night-few-clouds-full.svg,Cần Thơ,-0.29919086435303044,0,-0.35613867206468736,0
2025-07-15 23:00:00+07:00,81.0,8.7,97.0,/dl/web/weather/ic-w-11-night-few-clouds-full.svg,Cần Thơ,0.7830677115059321,0,-0.2094522455191035,0
2025-07-16 00:00:00+07:00,66.0,8.5,94.0,/dl/web/weather/ic-w-04-scattered-clouds-full.svg,Cần Thơ,0.15868776389499217,0,-0.2387895308282202,0
2025-07-16 01:00:00+07:00,62.0,8.4,96.0,/dl/web/weather/ic-w-04-scattered-clouds-full.svg,Cần Thơ,-0.007813555467925153,0,-0.25345817348277855,0
2025-07-16 02:00:00+07:00,55.0,8.4,97.0,/dl/web/weather/ic-w-04-scattered-clouds-full.svg,Cần Thơ,-0.29919086435303044,0,-0.25345817348277855,0
2025-07-16 03:00:00+07:00,69.0,8.4,97.0,/dl/web/weather/ic-w-04-scattered-clouds-full.svg,Cần Thơ,0.28356375341718015,0,-0.25345817348277855,0
2025-07-16 04:00:00+07:00,66.0,8.4,98.0,/dl/web/weather/ic-w-04-scattered-clouds-full.svg,Cần Thơ,0.15868776389499217,0,-0.25345817348277855,0
2025-07-16 05:00:00+07:00,66.0,7.9,98.0,/dl/web/weather/ic-w-04-scattered-clouds-full.svg,Cần Thơ,0.15868776389499217,0,-0.3268013867555705,0
2025-07-16 06:00:00+07:00,73.0,7.6,98.0,/dl/web/weather/ic-w-04-scattered-clouds-full.svg,Cần Thơ,0.4500650727800975,0,-0.37080731471924583,0
2025-07-16 07:00:00+07:00,79.0,9.2,92.0,/dl/web/weather/ic-w-04-scattered-clouds-full.svg,Cần Thơ,0.6998170518244735,0,-0.1361090322463115,0
2025-07-16 08:00:00+07:00,75.0,11.1,89.0,/dl/web/weather/ic-w-04-scattered-clouds-full.svg,Cần Thơ,0.5333157324615562,0,0.14259517819029818,0
2025-07-16 09:00:00+07:00,71.0,13.2,79.0,/dl/web/weather/ic-w-04-scattered-clouds-full.svg,Cần Thơ,0.3668144130986388,0,0.4506366739360245,0
2025-07-16 10:00:00+07:00,62.0,15.1,78.0,/dl/web/weather/ic-w-04-scattered-clouds-full.svg,Cần Thơ,-0.007813555467925153,0,0.7293408843726342,0
2025-07-16 11:00:00+07:00,22.0,17.1,85.0,/dl/web/weather/ic-w-06-rain-full.svg,Cần Thơ,-1.6728267490970983,0,1.0227137374638025,0
2025-07-16 12:00:00+07:00,22.0,15.0,75.0,/dl/web/weather/ic-w-04-scattered-clouds-full.svg,Cần Thơ,-1.6728267490970983,0,0.7146722417180759,0
2025-07-16 13:00:00+07:00,22.0,18.5,70.0,/dl/web/weather/ic-w-06-rain-full.svg,Cần Thơ,-1.6728267490970983,0,1.22807473462762,0
2025-07-16 14:00:00+07:00,28.0,23.0,62.0,/dl/web/weather/ic-w-06-rain-full.svg,Cần Thơ,-1.4230747700527224,0,1.888163654082748,0
2025-07-16 15:00:00+07:00,39.0,24.6,80.0,/dl/web/weather/ic-w-04-scattered-clouds-full.svg,Cần Thơ,-0.9651961418046997,0,2.1228619365556827,0
2025-07-16 16:00:00+07:00,44.0,20.9,66.0,/dl/web/weather/ic-w-04-scattered-clouds-full.svg,Cần Thơ,-0.757069492601053,0,1.5801221583370213,0
2025-07-16 17:00:00+07:00,33.0,18.2,72.0,/dl/web/weather/ic-w-04-scattered-clouds-full.svg,Cần Thơ,-1.2149481208490758,0,1.1840688066639447,0
2025-07-16 18:00:00+07:00,33.0,15.8,83.0,/dl/web/weather/ic-w-06-rain-full.svg,Cần Thơ,-1.2149481208490758,0,0.8320213829545432,0
2025-07-16 19:00:00+07:00,17.0,11.7,86.0,/dl/web/weather/ic-w-12-night-rain-full.svg,Cần Thơ,-1.880953398300745,0,0.23060703411764852,0
2025-07-16 20:00:00+07:00,28.0,11.9,94.0,/dl/web/weather/ic-w-12-night-rain-full.svg,Cần Thơ,-1.4230747700527224,0,0.2599443194267655,0
2025-07-16 21:00:00+07:00,28.0,11.3,77.0,/dl/web/weather/ic-w-12-night-rain-full.svg,Cần Thơ,-1.4230747700527224,0,0.17193246349941513,0
2025-07-16 22:00:00+07:00,22.0,10.0,95.0,/dl/web/weather/ic-w-12-night-rain-full.svg,Cần Thơ,-1.6728267490970983,0,-0.01875989100984418,0
2025-07-16 23:00:00+07:00,33.0,9.2,96.0,/dl/web/weather/ic-w-04-scattered-clouds-full.svg,Cần Thơ,-1.2149481208490758,0,-0.1361090322463115,0
2025-07-17 00:00:00+07:00,22.0,10.5,96.0,/dl/web/weather/ic-w-12-night-rain-full.svg,Cần Thơ,-1.6728267490970983,0,0.05458332226294783,0
2025-07-17 01:00:00+07:00,17.0,7.4,93.0,/dl/web/weather/ic-w-12-night-rain-full.svg,Cần Thơ,-1.880953398300745,0,-0.40014460002836255,0
2025-07-17 03:00:00+07:00,22.0,7.6,94.0,/dl/web/weather/ic-weather-night-rain.svg,Cần Thơ,-1.6728267490970983,0,-0.37080731471924583,0
2025-07-17 05:00:00+07:00,39.0,8.5,95.0,/dl/web/weather/ic-weather-04n.svg,Cần Thơ,-0.9651961418046997,0,-0.2387895308282202,0
2025-07-17 06:00:00+07:00,44.0,8.2,95.0,/dl/web/weather/ic-weather-04d.svg,Cần Thơ,-0.757069492601053,0,-0.2827954587918955,0
2025-07-17 07:00:00+07:00,44.0,10.6,96.0,/dl/web/weather/ic-weather-04d.svg,Cần Thơ,-0.757069492601053,0,0.06925196491750617,0
2025-07-17 08:00:00+07:00,84.0,11.1,88.0,/dl/web/weather/ic-weather-04d.svg,Cần Thơ,0.9079437010281202,0,0.14259517819029818,0
2025-07-17 09:00:00+07:00,71.0,11.6,90.0,/dl/web/weather/ic-weather-04d.svg,Cần Thơ,0.3668144130986388,0,0.21593839146309018,0
2025-07-17 10:00:00+07:00,71.0,12.1,86.0,/dl/web/weather/ic-weather-04d.svg,Cần Thơ,0.3668144130986388,0,0.28928160473588216,0
2025-07-17 11:00:00+07:00,66.0,16.3,81.0,/dl/web/weather/ic-weather-04d.svg,Cần Thơ,0.15868776389499217,0,0.9053645962273352,0
2025-07-17 12:00:00+07:00,66.0,18.7,92.0,/dl/web/weather/ic-weather-10d.svg,Cần Thơ,0.15868776389499217,0,1.2574120199367367,0
2025-07-17 13:00:00+07:00,44.0,23.3,84.0,/dl/web/weather/ic-weather-10d.svg,Cần Thơ,-0.757069492601053,0,1.9321695820464233,0
2025-07-17 14:00:00+07:00,44.0,11.3,88.0,/dl/web/weather/ic-weather-04d.svg,Cần Thơ,-0.757069492601053,0,0.17193246349941513,0
2025-07-17 15:00:00+07:00,33.0,21.1,73.0,/dl/web/weather/ic-weather-10d.svg,Cần Thơ,-1.2149481208490758,0,1.6094594436461385,0
2025-07-17 16:00:00+07:00,33.0,20.8,85.0,/dl/web/weather/ic-weather-04d.svg,Cần Thơ,-1.2149481208490758,0,1.5654535156824632,0
2025-07-17 17:00:00+07:00,33.0,15.1,85.0,/dl/web/weather/ic-weather-04d.svg,Cần Thơ,-1.2149481208490758,0,0.7293408843726342,0
2025-07-17 18:00:00+07:00,33.0,17.2,81.0,/dl/web/weather/ic-weather-04d.svg,Cần Thơ,-1.2149481208490758,0,1.0373823801183606,0
2025-07-17 19:00:00+07:00,39.0,15.8,84.0,/dl/web/weather/ic-weather-04n.svg,Cần Thơ,-0.9651961418046997,0,0.8320213829545432,0
2025-07-17 20:00:00+07:00,56.0,14.0,88.0,/dl/web/weather/ic-weather-04n.svg,Cần Thơ,-0.25756553451230113,0,0.5679858151724918,0
2025-07-17 21:00:00+07:00,56.0,13.7,95.0,/dl/web/weather/ic-weather-04n.svg,Cần Thơ,-0.25756553451230113,0,0.5239798872088165,0
2025-07-17 22:00:00+07:00,55.0,13.0,95.0,/dl/web/weather/ic-weather-04n.svg,Cần Thơ,-0.29919086435303044,0,0.42129938862690786,0
2025-07-18 00:00:00+07:00,39.0,11.6,92.0,/dl/web/weather/ic-weather-04n.svg,Cần Thơ,-0.9651961418046997,0,0.21593839146309018,0
2025-07-18 01:00:00+07:00,28.0,11.3,93.0,/dl/web/weather/ic-weather-10n.svg,Cần Thơ,-1.4230747700527224,0,0.17193246349941513,0
2025-07-18 02:00:00+07:00,28.0,11.3,96.0,/dl/web/weather/ic-weather-10n.svg,Cần Thơ,-1.4230747700527224,0,0.17193246349941513,0
2025-07-18 04:00:00+07:00,28.0,10.5,96.0,/dl/web/weather/ic-weather-04n.svg,Cần Thơ,-1.4230747700527224,0,0.05458332226294783,0
2025-07-18 05:00:00+07:00,28.0,11.6,93.0,/dl/web/weather/ic-weather-04n.svg,Cần Thơ,-1.4230747700527224,0,0.21593839146309018,0
2025-07-18 06:00:00+07:00,33.0,12.7,92.0,/dl/web/weather/ic-weather-04d.svg,Cần Thơ,-1.2149481208490758,0,0.37729346066323255,0
2025-07-18 07:00:00+07:00,39.0,10.3,92.0,/dl/web/weather/ic-weather-04d.svg,Cần Thơ,-0.9651961418046997,0,0.025246036953831128,0
2025-07-18 08:00:00+07:00,53.0,17.7,94.0,/dl/web/weather/ic-weather-04d.svg,Cần Thơ,-0.3824415240344891,0,1.1107255933911526,0
2025-07-18 09:00:00+07:00,50.0,21.6,87.0,/dl/web/weather/ic-weather-04d.svg,Cần Thơ,-0.5073175135566771,0,1.6828026569189305,0
2025-07-18 10:00:00+07:00,28.0,23.3,76.0,/dl/web/weather/ic-weather-04d.svg,Cần Thơ,-1.4230747700527224,0,1.9321695820464233,0
2025-07-18 11:00:00+07:00,39.0,25.7,80.0,/dl/web/weather/ic-weather-04d.svg,Cần Thơ,-0.9651961418046997,0,2.2842170057558246,0
2025-07-18 12:00:00+07:00,39.0,26.2,76.0,/dl/web/weather/ic-weather-10d.svg,Cần Thơ,-0.9651961418046997,0,2.357560219028617,0
2025-07-18 13:00:00+07:00,39.0,20.8,66.0,/dl/web/weather/ic-weather-10d.svg,Cần Thơ,-0.9651961418046997,0,1.5654535156824632,0
2025-07-18 14:00:00+07:00,28.0,23.7,69.0,/dl/web/weather/ic-weather-04d.svg,Cần Thơ,-1.4230747700527224,0,1.9908441526646565,0
2025-07-18 15:00:00+07:00,28.0,29.1,68.0,/dl/web/weather/ic-weather-04d.svg,Cần Thơ,-1.4230747700527224,0,2.7829508560108103,0
2025-07-18 16:00:00+07:00,28.0,25.4,76.0,/dl/web/weather/ic-weather-04d.svg,Cần Thơ,-1.4230747700527224,0,2.240211077792149,0
2025-07-18 17:00:00+07:00,22.0,25.4,76.0,/dl/web/weather/ic-weather-04d.svg,Cần Thơ,-1.6728267490970983,0,2.240211077792149,0
2025-07-18 18:00:00+07:00,50.0,21.7,84.0,/dl/web/weather/ic-weather-04d.svg,Cần Thơ,-0.5073175135566771,0,1.6974712995734886,0
2025-07-18 19:00:00+07:00,50.0,20.6,89.0,/dl/web/weather/ic-weather-04n.svg,Cần Thơ,-0.5073175135566771,0,1.5361162303733464,0
2025-07-18 20:00:00+07:00,44.0,14.5,84.0,/dl/web/weather/ic-weather-04n.svg,Cần Thơ,-0.757069492601053,0,0.6413290284452838,0
2025-07-18 21:00:00+07:00,44.0,15.8,90.0,/dl/web/weather/ic-weather-04n.svg,Cần Thơ,-0.757069492601053,0,0.8320213829545432,0
2025-07-18 22:00:00+07:00,33.0,16.1,90.0,/dl/web/weather/ic-weather-10n.svg,Cần Thơ,-1.2149481208490758,0,0.8760273109182185,0
2025-07-18 23:00:00+07:00,56.0,17.9,88.0,/dl/web/weather/ic-weather-10n.svg,Cần Thơ,-0.25756553451230113,0,1.1400628787002693,0
2025-07-19 00:00:00+07:00,44.0,16.1,95.0,/dl/web/weather/ic-weather-10n.svg,Cần Thơ,-0.757069492601053,0,0.8760273109182185,0
2025-07-19 01:00:00+07:00,39.0,11.7,91.0,/dl/web/weather/ic-weather-10n.svg,Cần Thơ,-0.9651961418046997,0,0.23060703411764852,0
2025-07-19 02:00:00+07:00,39.0,9.8,96.0,/dl/web/weather/ic-weather-10n.svg,Cần Thơ,-0.9651961418046997,0,-0.04809717631896088,0
2025-07-19 03:00:00+07:00,39.0,8.5,96.0,/dl/web/weather/ic-weather-04n.svg,Cần Thơ,-0.9651961418046997,0,-0.2387895308282202,0
2025-07-19 04:00:00+07:00,39.0,8.5,97.0,/dl/web/weather/ic-weather-10n.svg,Cần Thơ,-0.9651961418046997,0,-0.2387895308282202,0
2025-07-19 05:00:00+07:00,39.0,8.2,97.0,/dl/web/weather/ic-weather-04n.svg,Cần Thơ,-0.9651961418046997,0,-0.2827954587918955,0
2025-07-19 06:00:00+07:00,50.0,7.9,98.0,/dl/web/weather/ic-weather-04d.svg,Cần Thơ,-0.5073175135566771,0,-0.3268013867555705,0
2025-07-19 07:00:00+07:00,62.0,10.8,97.0,/dl/web/weather/ic-weather-04d.svg,Cần Thơ,-0.007813555467925153,0,0.09858925022662313,0
2025-07-19 08:00:00+07:00,56.0,15.8,94.0,/dl/web/weather/ic-weather-04d.svg,Cần Thơ,-0.25756553451230113,0,0.8320213829545432,0
2025-07-19 09:00:00+07:00,44.0,19.8,87.0,/dl/web/weather/ic-weather-04d.svg,Cần Thơ,-0.757069492601053,0,1.418767089136879,0
2025-07-19 10:00:00+07:00,22.0,22.7,82.0,/dl/web/weather/ic-weather-10d.svg,Cần Thơ,-1.6728267490970983,0,1.8441577261190727,0
2025-07-19 11:00:00+07:00,22.0,24.3,82.0,/dl/web/weather/ic-weather-10d.svg,Cần Thơ,-1.6728267490970983,0,2.078856008592007,0
2025-07-19 12:00:00+07:00,22.0,23.0,91.0,/dl/web/weather/ic-weather-10d.svg,Cần Thơ,-1.6728267490970983,0,1.888163654082748,0
2025-07-19 13:00:00+07:00,22.0,29.1,70.0,/dl/web/weather/ic-weather-04d.svg,Cần Thơ,-1.6728267490970983,0,2.7829508560108103,0
2025-07-19 14:00:00+07:00,33.0,27.2,86.0,/dl/web/weather/ic-weather-10d.svg,Cần Thơ,-1.2149481208490758,0,2.504246645574201,0
2025-07-19 15:00:00+07:00,28.0,27.4,89.0,/dl/web/weather/ic-weather-10d.svg,Cần Thơ,-1.4230747700527224,0,2.5335839308833172,0
2025-07-19 16:00:00+07:00,39.0,25.3,78.0,/dl/web/weather/ic-weather-10d.svg,Cần Thơ,-0.9651961418046997,0,2.225542435137591,0
2025-07-19 17:00:00+07:00,33.0,20.6,93.0,/dl/web/weather/ic-weather-10d.svg,Cần Thơ,-1.2149481208490758,0,1.5361162303733464,0
2025-07-19 18:00:00+07:00,17.0,18.0,87.0,/dl/web/weather/ic-weather-10d.svg,Cần Thơ,-1.880953398300745,0,1.154731521354828,0
2025-07-19 19:00:00+07:00,33.0,18.5,89.0,/dl/web/weather/ic-weather-10n.svg,Cần Thơ,-1.2149481208490758,0,1.22807473462762,0
2025-07-19 20:00:00+07:00,44.0,15.3,94.0,/dl/web/weather/ic-weather-04n.svg,Cần Thơ,-0.757069492601053,0,0.7586781696817512,0
2025-07-19 21:00:00+07:00,44.0,15.3,94.0,/dl/web/weather/ic-weather-04n.svg,Cần Thơ,-0.757069492601053,0,0.7586781696817512,0
2025-07-19 22:00:00+07:00,50.0,10.6,96.0,/dl/web/weather/ic-weather-04n.svg,Cần Thơ,-0.5073175135566771,0,0.06925196491750617,0
2025-07-19 23:00:00+07:00,53.0,14.2,88.0,/dl/web/weather/ic-weather-04n.svg,Cần Thơ,-0.3824415240344891,0,0.5973231004816085,0
2025-07-20 00:00:00+07:00,53.0,16.4,94.0,/dl/web/weather/ic-weather-04n.svg,Cần Thơ,-0.3824415240344891,0,0.9200332388818933,0
2025-07-20 01:00:00+07:00,53.0,14.3,89.0,/dl/web/weather/ic-weather-04n.svg,Cần Thơ,-0.3824415240344891,0,0.6119917431361671,0
2025-07-20 02:00:00+07:00,50.0,13.4,88.0,/dl/web/weather/ic-weather-10n.svg,Cần Thơ,-0.5073175135566771,0,0.4799739592451415,0
2025-07-20 03:00:00+07:00,17.0,11.9,89.0,/dl/web/weather/ic-weather-10n.svg,Cần Thơ,-1.880953398300745,0,0.2599443194267655,0
2025-07-20 04:00:00+07:00,22.0,13.4,97.0,/dl/web/weather/ic-weather-04n.svg,Cần Thơ,-1.6728267490970983,0,0.4799739592451415,0
2025-07-20 05:00:00+07:00,22.0,15.4,97.0,/dl/web/weather/ic-weather-04n.svg,Cần Thơ,-1.6728267490970983,0,0.7733468123363095,0
2025-07-20 06:00:00+07:00,28.0,12.1,94.0,/dl/web/weather/ic-weather-04d.svg,Cần Thơ,-1.4230747700527224,0,0.28928160473588216,0
2025-07-20 07:00:00+07:00,39.0,11.1,93.0,/dl/web/weather/ic-weather-04d.svg,Cần Thơ,-0.9651961418046997,0,0.14259517819029818,0
2025-07-20 08:00:00+07:00,53.0,16.1,95.0,/dl/web/weather/ic-weather-04d.svg,Cần Thơ,-0.3824415240344891,0,0.8760273109182185,0
2025-07-20 09:00:00+07:00,50.0,15.8,95.0,/dl/web/weather/ic-weather-04d.svg,Cần Thơ,-0.5073175135566771,0,0.8320213829545432,0
2025-07-20 10:00:00+07:00,55.0,13.0,89.0,/dl/web/weather/ic-weather-04d.svg,Cần Thơ,-0.29919086435303044,0,0.42129938862690786,0
2025-07-20 11:00:00+07:00,39.0,20.9,85.0,/dl/web/weather/ic-weather-10d.svg,Cần Thơ,-0.9651961418046997,0,1.5801221583370213,0
2025-07-20 12:00:00+07:00,39.0,22.5,82.0,/dl/web/weather/ic-weather-10d.svg,Cần Thơ,-0.9651961418046997,0,1.814820440809956,0
2025-07-20 13:00:00+07:00,44.0,22.0,94.0,/dl/web/weather/ic-weather-10d.svg,Cần Thơ,-0.757069492601053,0,1.741477227537164,0
2025-07-20 14:00:00+07:00,11.0,16.4,96.0,/dl/web/weather/ic-weather-10d.svg,Cần Thơ,-2.130705377345121,0,0.9200332388818933,0
2025-07-20 15:00:00+07:00,22.0,13.7,96.0,/dl/web/weather/ic-weather-10d.svg,Cần Thơ,-1.6728267490970983,0,0.5239798872088165,0
2025-07-20 16:00:00+07:00,44.0,15.1,94.0,/dl/web/weather/ic-weather-10d.svg,Cần Thơ,-0.757069492601053,0,0.7293408843726342,0
2025-07-20 18:00:00+07:00,39.0,15.8,94.0,/dl/web/weather/ic-weather-10d.svg,Cần Thơ,-0.9651961418046997,0,0.8320213829545432,0
2025-07-20 19:00:00+07:00,50.0,9.8,92.0,/dl/web/weather/ic-weather-10n.svg,Cần Thơ,-0.5073175135566771,0,-0.04809717631896088,0
2025-07-20 20:00:00+07:00,56.0,10.3,96.0,/dl/web/weather/ic-weather-04n.svg,Cần Thơ,-0.25756553451230113,0,0.025246036953831128,0
2025-07-20 21:00:00+07:00,56.0,11.9,96.0,/dl/web/weather/ic-weather-10n.svg,Cần Thơ,-0.25756553451230113,0,0.2599443194267655,0
2025-07-20 22:00:00+07:00,53.0,13.7,96.0,/dl/web/weather/ic-weather-10n.svg,Cần Thơ,-0.3824415240344891,0,0.5239798872088165,0
2025-07-20 23:00:00+07:00,28.0,14.0,97.0,/dl/web/weather/ic-weather-04n.svg,Cần Thơ,-1.4230747700527224,0,0.5679858151724918,0
2025-07-21 00:00:00+07:00,33.0,15.9,97.0,/dl/web/weather/ic-weather-04n.svg,Cần Thơ,-1.2149481208490758,0,0.8466900256091016,0
2025-07-21 01:00:00+07:00,39.0,21.6,93.0,/dl/web/weather/ic-weather-10n.svg,Cần Thơ,-0.9651961418046997,0,1.6828026569189305,0
2025-07-21 02:00:00+07:00,39.0,19.3,97.0,/dl/web/weather/ic-weather-10n.svg,Cần Thơ,-0.9651961418046997,0,1.3454238758640873,0
2025-07-21 03:00:00+07:00,53.0,16.1,98.0,/dl/web/weather/ic-weather-10n.svg,Cần Thơ,-0.3824415240344891,0,0.8760273109182185,0
2025-07-21 04:00:00+07:00,56.0,11.4,99.0,/dl/web/weather/ic-weather-10n.svg,Cần Thơ,-0.25756553451230113,0,0.1866011061539735,0
2025-07-21 05:00:00+07:00,50.0,7.6,97.0,/dl/web/weather/ic-weather-10n.svg,Cần Thơ,-0.5073175135566771,0,-0.37080731471924583,0
2025-07-21 06:00:00+07:00,50.0,8.2,99.0,/dl/web/weather/ic-weather-10d.svg,Cần Thơ,-0.5073175135566771,0,-0.2827954587918955,0
2025-07-21 07:00:00+07:00,56.0,10.1,97.0,/dl/web/weather/ic-weather-10d.svg,Cần Thơ,-0.25756553451230113,0,-0.00409124835528583,0
2025-07-21 08:00:00+07:00,56.0,17.4,90.0,/dl/web/weather/ic-weather-04d.svg,Cần Thơ,-0.25756553451230113,0,1.0667196654274773,0
2025-07-21 09:00:00+07:00,58.0,21.2,84.0,/dl/web/weather/ic-weather-10d.svg,Cần Thơ,-0.1743148748308425,0,1.6241280863006966,0
2025-07-21 10:00:00+07:00,53.0,22.9,85.0,/dl/web/weather/ic-weather-04d.svg,Cần Thơ,-0.3824415240344891,0,1.8734950114281894,0
2025-07-21 11:00:00+07:00,50.0,25.6,76.0,/dl/web/weather/ic-weather-04d.svg,Cần Thơ,-0.5073175135566771,0,2.2695483631012667,0
2025-07-21 12:00:00+07:00,50.0,26.4,68.0,/dl/web/weather/ic-weather-04d.svg,Cần Thơ,-0.5073175135566771,0,2.386897504337733,0
2025-07-21 13:00:00+07:00,50.0,25.7,68.0,/dl/web/weather/ic-weather-04d.svg,Cần Thơ,-0.5073175135566771,0,2.2842170057558246,0
2025-07-21 14:00:00+07:00,50.0,29.3,73.0,/dl/web/weather/ic-weather-10d.svg,Cần Thơ,-0.5073175135566771,0,2.8122881413199274,0
2025-07-21 15:00:00+07:00,50.0,29.3,73.0,/dl/web/weather/ic-weather-10d.svg,Cần Thơ,-0.5073175135566771,0,2.8122881413199274,0
2025-07-21 16:00:00+07:00,53.0,28.0,69.0,/dl/web/weather/ic-weather-04d.svg,Cần Thơ,-0.3824415240344891,0,2.621595786810668,0
2025-07-21 17:00:00+07:00,53.0,23.8,76.0,/dl/web/weather/ic-weather-04d.svg,Cần Thơ,-0.3824415240344891,0,2.0055127953192153,0
2025-07-21 18:00:00+07:00,53.0,22.0,82.0,/dl/web/weather/ic-weather-04d.svg,Cần Thơ,-0.3824415240344891,0,1.741477227537164,0
2025-07-21 20:00:00+07:00,28.0,18.8,90.0,/dl/web/weather/ic-weather-10n.svg,Cần Thơ,-1.4230747700527224,0,1.2720806625912953,0
2025-07-21 21:00:00+07:00,28.0,17.4,91.0,/dl/web/weather/ic-weather-04n.svg,Cần Thơ,-1.4230747700527224,0,1.0667196654274773,0
2025-07-21 22:00:00+07:00,39.0,14.5,91.0,/dl/web/weather/ic-weather-04n.svg,Cần Thơ,-0.9651961418046997,0,0.6413290284452838,0
2025-07-21 23:00:00+07:00,33.0,13.8,96.0,/dl/web/weather/ic-weather-04n.svg,Cần Thơ,-1.2149481208490758,0,0.5386485298633752,0
2025-07-22 00:00:00+07:00,39.0,13.0,96.0,/dl/web/weather/ic-weather-04n.svg,Cần Thơ,-0.9651961418046997,0,0.42129938862690786,0
2025-07-22 01:00:00+07:00,44.0,12.1,94.0,/dl/web/weather/ic-weather-04n.svg,Cần Thơ,-0.757069492601053,0,0.28928160473588216,0
2025-07-22 02:00:00+07:00,44.0,13.8,94.0,/dl/web/weather/ic-weather-10n.svg,Cần Thơ,-0.757069492601053,0,0.5386485298633752,0
2025-07-22 03:00:00+07:00,44.0,12.7,89.0,/dl/web/weather/ic-weather-04n.svg,Cần Thơ,-0.757069492601053,0,0.37729346066323255,0
2025-07-22 04:00:00+07:00,44.0,10.6,98.0,/dl/web/weather/ic-weather-04n.svg,Cần Thơ,-0.757069492601053,0,0.06925196491750617,0
2025-07-22 05:00:00+07:00,50.0,10.3,98.0,/dl/web/weather/ic-weather-04n.svg,Cần Thơ,-0.5073175135566771,0,0.025246036953831128,0
2025-07-22 06:00:00+07:00,50.0,10.5,98.0,/dl/web/weather/ic-weather-04d.svg,Cần Thơ,-0.5073175135566771,0,0.05458332226294783,0
2025-07-22 07:00:00+07:00,60.0,12.9,96.0,/dl/web/weather/ic-weather-04d.svg,Cần Thơ,-0.09106421514938381,0,0.4066307459723495,0
2025-07-22 08:00:00+07:00,75.0,17.7,94.0,/dl/web/weather/ic-weather-04d.svg,Cần Thơ,0.5333157324615562,0,1.1107255933911526,0
2025-07-22 09:00:00+07:00,68.0,24.6,75.0,/dl/web/weather/ic-weather-04d.svg,Cần Thơ,0.24193842357645082,0,2.1228619365556827,0
2025-07-22 10:00:00+07:00,53.0,28.2,78.0,/dl/web/weather/ic-weather-04d.svg,Cần Thơ,-0.3824415240344891,0,2.650933072119785,0
2025-07-22 11:00:00+07:00,44.0,30.3,62.0,/dl/web/weather/ic-weather-04d.svg,Cần Thơ,-0.757069492601053,0,2.9589745678655115,0
2025-07-22 12:00:00+07:00,44.0,31.5,57.0,/dl/web/weather/ic-weather-04d.svg,Cần Thơ,-0.757069492601053,0,3.134998279720212,-1
2025-07-22 13:00:00+07:00,44.0,31.1,57.0,/dl/web/weather/ic-weather-04d.svg,Cần Thơ,-0.757069492601053,0,3.0763237091019784,-1
2025-07-22 14:00:00+07:00,44.0,29.8,59.0,/dl/web/weather/ic-weather-04d.svg,Cần Thơ,-0.757069492601053,0,2.8856313545927197,0
2025-07-22 15:00:00+07:00,44.0,29.5,63.0,/dl/web/weather/ic-weather-04d.svg,Cần Thơ,-0.757069492601053,0,2.8416254266290437,0
2025-07-22 16:00:00+07:00,44.0,26.6,62.0,/dl/web/weather/ic-weather-04d.svg,Cần Thơ,-0.757069492601053,0,2.4162347896468503,0
2025-07-22 17:00:00+07:00,44.0,23.5,67.0,/dl/web/weather/ic-weather-04d.svg,Cần Thơ,-0.757069492601053,0,1.96150686735554,0
2025-07-22 18:00:00+07:00,50.0,21.6,77.0,/dl/web/weather/ic-weather-04d.svg,Cần Thơ,-0.5073175135566771,0,1.6828026569189305,0
2025-07-22 20:00:00+07:00,56.0,10.9,92.0,/dl/web/weather/ic-weather-04n.svg,Cần Thơ,-0.25756553451230113,0,0.11325789288118147,0
2025-07-22 21:00:00+07:00,56.0,11.7,93.0,/dl/web/weather/ic-weather-04n.svg,Cần Thơ,-0.25756553451230113,0,0.23060703411764852,0
2025-07-22 22:00:00+07:00,56.0,11.9,91.0,/dl/web/weather/ic-weather-04n.svg,Cần Thơ,-0.25756553451230113,0,0.2599443194267655,0
2025-07-22 23:00:00+07:00,56.0,11.6,97.0,/dl/web/weather/ic-weather-04n.svg,Cần Thơ,-0.25756553451230113,0,0.21593839146309018,0
2025-07-23 00:00:00+07:00,55.0,12.1,90.0,/dl/web/weather/ic-weather-04n.svg,Cần Thơ,-0.29919086435303044,0,0.28928160473588216,0
2025-07-23 01:00:00+07:00,55.0,12.6,95.0,/dl/web/weather/ic-weather-04n.svg,Cần Thơ,-0.29919086435303044,0,0.3626248180086742,0
2025-07-23 02:00:00+07:00,53.0,10.8,98.0,/dl/web/weather/ic-weather-04n.svg,Cần Thơ,-0.3824415240344891,0,0.09858925022662313,0
2025-07-23 03:00:00+07:00,50.0,9.0,97.0,/dl/web/weather/ic-weather-04n.svg,Cần Thơ,-0.5073175135566771,0,-0.16544631755542819,0
2025-07-23 04:00:00+07:00,50.0,9.5,97.0,/dl/web/weather/ic-weather-04n.svg,Cần Thơ,-0.5073175135566771,0,-0.09210310428263618,0
2025-07-23 05:00:00+07:00,44.0,10.8,97.0,/dl/web/weather/ic-weather-04n.svg,Cần Thơ,-0.757069492601053,0,0.09858925022662313,0
2025-07-23 06:00:00+07:00,50.0,10.3,94.0,/dl/web/weather/ic-weather-04d.svg,Cần Thơ,-0.5073175135566771,0,0.025246036953831128,0
2025-07-23 07:00:00+07:00,60.0,12.2,92.0,/dl/web/weather/ic-weather-04d.svg,Cần Thơ,-0.09106421514938381,0,0.3039502473904405,0
2025-07-23 08:00:00+07:00,53.0,17.7,89.0,/dl/web/weather/ic-weather-04d.svg,Cần Thơ,-0.3824415240344891,0,1.1107255933911526,0
2025-07-23 09:00:00+07:00,55.0,19.0,84.0,/dl/web/weather/ic-weather-04d.svg,Cần Thơ,-0.29919086435303044,0,1.301417947900412,0
2025-07-23 10:00:00+07:00,50.0,21.4,70.0,/dl/web/weather/ic-weather-04d.svg,Cần Thơ,-0.5073175135566771,0,1.6534653716098133,0
2025-07-23 11:00:00+07:00,50.0,22.9,62.0,/dl/web/weather/ic-weather-04d.svg,Cần Thơ,-0.5073175135566771,0,1.8734950114281894,0
2025-07-23 12:00:00+07:00,50.0,25.3,58.0,/dl/web/weather/ic-weather-04d.svg,Cần Thơ,-0.5073175135566771,0,2.225542435137591,0
2025-07-23 13:00:00+07:00,50.0,27.8,59.0,/dl/web/weather/ic-weather-04d.svg,Cần Thơ,-0.5073175135566771,0,2.5922585015015516,0
2025-07-23 14:00:00+07:00,44.0,28.3,62.0,/dl/web/weather/ic-weather-04d.svg,Cần Thơ,-0.757069492601053,0,2.6656017147743434,0
2025-07-23 15:00:00+07:00,44.0,27.0,63.0,/dl/web/weather/ic-weather-04d.svg,Cần Thơ,-0.757069492601053,0,2.474909360265084,0
2025-07-23 16:00:00+07:00,44.0,25.6,67.0,/dl/web/weather/ic-weather-04d.svg,Cần Thơ,-0.757069492601053,0,2.2695483631012667,0
2025-07-23 17:00:00+07:00,44.0,20.8,68.0,/dl/web/weather/ic-weather-04d.svg,Cần Thơ,-0.757069492601053,0,1.5654535156824632,0
2025-07-23 18:00:00+07:00,55.0,18.7,70.0,/dl/web/weather/ic-weather-04d.svg,Cần Thơ,-0.29919086435303044,0,1.2574120199367367,0
2025-07-23 19:00:00+07:00,55.0,15.4,77.0,/dl/web/weather/ic-weather-02n.svg,Cần Thơ,-0.29919086435303044,0,0.7733468123363095,0
2025-07-23 20:00:00+07:00,60.0,13.7,91.0,/dl/web/weather/ic-weather-04n.svg,Cần Thơ,-0.09106421514938381,0,0.5239798872088165,0
2025-07-23 22:00:00+07:00,68.0,10.8,96.0,/dl/web/weather/ic-weather-04n.svg,Cần Thơ,0.24193842357645082,0,0.09858925022662313,0
2025-07-23 23:00:00+07:00,62.0,9.8,97.0,/dl/web/weather/ic-weather-04n.svg,Cần Thơ,-0.007813555467925153,0,-0.04809717631896088,0
2025-07-24 00:00:00+07:00,58.0,10.6,97.0,/dl/web/weather/ic-weather-04n.svg,Cần Thơ,-0.1743148748308425,0,0.06925196491750617,0
2025-07-24 01:00:00+07:00,58.0,12.7,94.0,/dl/web/weather/ic-weather-04n.svg,Cần Thơ,-0.1743148748308425,0,0.37729346066323255,0
2025-07-24 02:00:00+07:00,55.0,11.6,97.0,/dl/web/weather/ic-weather-04n.svg,Cần Thơ,-0.29919086435303044,0,0.21593839146309018,0
2025-07-24 03:00:00+07:00,55.0,10.3,97.0,/dl/web/weather/ic-weather-04n.svg,Cần Thơ,-0.29919086435303044,0,0.025246036953831128,0
2025-07-24 04:00:00+07:00,53.0,9.2,97.0,/dl/web/weather/ic-weather-04n.svg,Cần Thơ,-0.3824415240344891,0,-0.1361090322463115,0
2025-07-24 05:00:00+07:00,53.0,9.0,95.0,/dl/web/weather/ic-weather-04n.svg,Cần Thơ,-0.3824415240344891,0,-0.16544631755542819,0
2025-07-24 06:00:00+07:00,53.0,8.2,98.0,/dl/web/weather/ic-weather-04d.svg,Cần Thơ,-0.3824415240344891,0,-0.2827954587918955,0
2025-07-24 07:00:00+07:00,60.0,10.7,96.0,/dl/web/weather/ic-weather-04d.svg,Cần Thơ,-0.09106421514938381,0,0.08392060757206453,0
2025-07-24 08:00:00+07:00,64.0,16.9,87.0,/dl/web/weather/ic-weather-04d.svg,Cần Thơ,0.07543710421353352,0,0.9933764521546853,0
2025-07-24 09:00:00+07:00,60.0,22.5,83.0,/dl/web/weather/ic-weather-04d.svg,Cần Thơ,-0.09106421514938381,0,1.814820440809956,0
2025-07-24 10:00:00+07:00,56.0,26.7,67.0,/dl/web/weather/ic-weather-04d.svg,Cần Thơ,-0.25756553451230113,0,2.4309034323014087,0
2025-07-24 11:00:00+07:00,58.0,28.3,66.0,/dl/web/weather/ic-weather-04d.svg,Cần Thơ,-0.1743148748308425,0,2.6656017147743434,0
2025-07-24 12:00:00+07:00,58.0,29.8,60.0,/dl/web/weather/ic-weather-04d.svg,Cần Thơ,-0.1743148748308425,0,2.8856313545927197,0
2025-07-24 13:00:00+07:00,58.0,28.2,56.0,/dl/web/weather/ic-weather-04d.svg,Cần Thơ,-0.1743148748308425,0,2.650933072119785,0
2025-07-24 14:00:00+07:00,56.0,29.6,59.0,/dl/web/weather/ic-weather-04d.svg,Cần Thơ,-0.25756553451230113,0,2.8562940692836025,0
2025-07-24 15:00:00+07:00,60.0,29.6,59.0,/dl/web/weather/ic-weather-04d.svg,Cần Thơ,-0.09106421514938381,0,2.8562940692836025,0
2025-07-24 16:00:00+07:00,60.0,28.5,67.0,/dl/web/weather/ic-weather-04d.svg,Cần Thơ,-0.09106421514938381,0,2.6949390000834597,0
2025-07-24 17:00:00+07:00,60.0,25.3,67.0,/dl/web/weather/ic-weather-04d.svg,Cần Thơ,-0.09106421514938381,0,2.225542435137591,0
2025-07-24 18:00:00+07:00,60.0,23.8,77.0,/dl/web/weather/ic-weather-04d.svg,Cần Thơ,-0.09106421514938381,0,2.0055127953192153,0
2025-07-24 19:00:00+07:00,62.0,23.7,81.0,/dl/web/weather/ic-weather-04n.svg,Cần Thơ,-0.007813555467925153,0,1.9908441526646565,0
2025-07-24 20:00:00+07:00,68.0,23.7,79.0,/dl/web/weather/ic-weather-04n.svg,Cần Thơ,0.24193842357645082,0,1.9908441526646565,0
2025-07-24 21:00:00+07:00,68.0,24.3,88.0,/dl/web/weather/ic-weather-04n.svg,Cần Thơ,0.24193842357645082,0,2.078856008592007,0
2025-07-24 22:00:00+07:00,66.0,24.2,88.0,/dl/web/weather/ic-weather-04n.svg,Cần Thơ,0.15868776389499217,0,2.064187365937449,0
2025-07-24 23:00:00+07:00,64.0,23.5,87.0,/dl/web/weather/ic-weather-04n.svg,Cần Thơ,0.07543710421353352,0,1.96150686735554,0
2025-07-25 00:00:00+07:00,62.0,21.9,87.0,/dl/web/weather/ic-weather-04n.svg,Cần Thơ,-0.007813555467925153,0,1.7268085848826054,0
2025-07-25 01:00:00+07:00,60.0,20.8,87.0,/dl/web/weather/ic-weather-04n.svg,Cần Thơ,-0.09106421514938381,0,1.5654535156824632,0
2025-07-25 02:00:00+07:00,58.0,19.8,95.0,/dl/web/weather/ic-weather-04n.svg,Cần Thơ,-0.1743148748308425,0,1.418767089136879,0
2025-07-25 03:00:00+07:00,58.0,18.5,95.0,/dl/web/weather/ic-weather-04n.svg,Cần Thơ,-0.1743148748308425,0,1.22807473462762,0
2025-07-25 04:00:00+07:00,58.0,18.5,95.0,/dl/web/weather/ic-weather-04n.svg,Cần Thơ,-0.1743148748308425,0,1.22807473462762,0
2025-07-25 05:00:00+07:00,56.0,14.3,90.0,/dl/web/weather/ic-weather-04n.svg,Cần Thơ,-0.25756553451230113,0,0.6119917431361671,0
2025-07-25 06:00:00+07:00,56.0,12.4,96.0,/dl/web/weather/ic-weather-04d.svg,Cần Thơ,-0.25756553451230113,0,0.33328753269955746,0
2025-07-25 07:00:00+07:00,60.0,10.6,89.0,/dl/web/weather/ic-weather-04d.svg,Cần Thơ,-0.09106421514938381,0,0.06925196491750617,0
2025-07-25 08:00:00+07:00,68.0,19.8,88.0,/dl/web/weather/ic-weather-04d.svg,Cần Thơ,0.24193842357645082,0,1.418767089136879,0
2025-07-25 09:00:00+07:00,60.0,25.1,77.0,/dl/web/weather/ic-weather-04d.svg,Cần Thơ,-0.09106421514938381,0,2.1962051498284745,0
2025-07-25 10:00:00+07:00,60.0,26.7,62.0,/dl/web/weather/ic-weather-04d.svg,Cần Thơ,-0.09106421514938381,0,2.4309034323014087,0
2025-07-25 11:00:00+07:00,60.0,28.3,64.0,/dl/web/weather/ic-weather-04d.svg,Cần Thơ,-0.09106421514938381,0,2.6656017147743434,0
2025-07-25 12:00:00+07:00,58.0,29.9,55.0,/dl/web/weather/ic-weather-04d.svg,Cần Thơ,-0.1743148748308425,0,2.900299997247277,0
2025-07-25 13:00:00+07:00,58.0,29.1,55.0,/dl/web/weather/ic-weather-04d.svg,Cần Thơ,-0.1743148748308425,0,2.7829508560108103,0
2025-07-25 14:00:00+07:00,56.0,30.7,59.0,/dl/web/weather/ic-weather-04d.svg,Cần Thơ,-0.25756553451230113,0,3.017649138483745,-1
2025-07-25 15:00:00+07:00,58.0,32.2,60.0,/dl/web/weather/ic-weather-04d.svg,Cần Thơ,-0.1743148748308425,0,3.237678778302121,-1
2025-07-25 16:00:00+07:00,58.0,31.5,66.0,/dl/web/weather/ic-weather-04d.svg,Cần Thơ,-0.1743148748308425,0,3.134998279720212,-1
2025-07-25 17:00:00+07:00,58.0,29.0,68.0,/dl/web/weather/ic-weather-03d.svg,Cần Thơ,-0.1743148748308425,0,2.768282213356252,0
2025-07-25 18:00:00+07:00,62.0,26.9,77.0,/dl/web/weather/ic-weather-10d.svg,Cần Thơ,-0.007813555467925153,0,2.460240717610525,0
2025-07-25 19:00:00+07:00,60.0,26.4,76.0,/dl/web/weather/ic-weather-10n.svg,Cần Thơ,-0.09106421514938381,0,2.386897504337733,0
2025-07-25 20:00:00+07:00,64.0,25.6,85.0,/dl/web/weather/ic-weather-03n.svg,Cần Thơ,0.07543710421353352,0,2.2695483631012667,0
2025-07-25 21:00:00+07:00,64.0,23.7,86.0,/dl/web/weather/ic-weather-04n.svg,Cần Thơ,0.07543710421353352,0,1.9908441526646565,0
2025-07-25 22:00:00+07:00,66.0,20.9,90.0,/dl/web/weather/ic-weather-04n.svg,Cần Thơ,0.15868776389499217,0,1.5801221583370213,0
2025-07-25 23:00:00+07:00,68.0,20.1,86.0,/dl/web/weather/ic-weather-04n.svg,Cần Thơ,0.24193842357645082,0,1.4627730171005544,0
2025-07-26 00:00:00+07:00,66.0,18.0,95.0,/dl/web/weather/ic-weather-04n.svg,Cần Thơ,0.15868776389499217,0,1.154731521354828,0
2025-07-26 01:00:00+07:00,62.0,13.7,90.0,/dl/web/weather/ic-weather-04n.svg,Cần Thơ,-0.007813555467925153,0,0.5239798872088165,0
2025-07-26 02:00:00+07:00,62.0,13.2,96.0,/dl/web/weather/ic-weather-04n.svg,Cần Thơ,-0.007813555467925153,0,0.4506366739360245,0
2025-07-26 03:00:00+07:00,60.0,14.0,96.0,/dl/web/weather/ic-weather-04n.svg,Cần Thơ,-0.09106421514938381,0,0.5679858151724918,0
2025-07-26 04:00:00+07:00,60.0,13.0,96.0,/dl/web/weather/ic-weather-04n.svg,Cần Thơ,-0.09106421514938381,0,0.42129938862690786,0
2025-07-26 05:00:00+07:00,58.0,13.2,96.0,/dl/web/weather/ic-weather-04n.svg,Cần Thơ,-0.1743148748308425,0,0.4506366739360245,0
2025-07-26 06:00:00+07:00,58.0,12.4,96.0,/dl/web/weather/ic-weather-04d.svg,Cần Thơ,-0.1743148748308425,0,0.33328753269955746,0
2025-07-26 07:00:00+07:00,60.0,12.4,91.0,/dl/web/weather/ic-weather-04d.svg,Cần Thơ,-0.09106421514938381,0,0.33328753269955746,0
2025-07-26 08:00:00+07:00,64.0,17.1,86.0,/dl/web/weather/ic-weather-04d.svg,Cần Thơ,0.07543710421353352,0,1.0227137374638025,0
2025-07-26 09:00:00+07:00,62.0,24.0,83.0,/dl/web/weather/ic-weather-04d.svg,Cần Thơ,-0.007813555467925153,0,2.034850080628332,0
2025-07-26 10:00:00+07:00,60.0,25.3,72.0,/dl/web/weather/ic-weather-04d.svg,Cần Thơ,-0.09106421514938381,0,2.225542435137591,0
2025-07-26 11:00:00+07:00,58.0,24.1,68.0,/dl/web/weather/ic-weather-04d.svg,Cần Thơ,-0.1743148748308425,0,2.0495187232828904,0
2025-07-26 12:00:00+07:00,58.0,28.2,68.0,/dl/web/weather/ic-weather-04d.svg,Cần Thơ,-0.1743148748308425,0,2.650933072119785,0
2025-07-26 13:00:00+07:00,60.0,30.4,62.0,/dl/web/weather/ic-weather-04d.svg,Cần Thơ,-0.09106421514938381,0,2.973643210520069,0
2025-07-26 14:00:00+07:00,56.0,28.8,71.0,/dl/web/weather/ic-weather-03d.svg,Cần Thơ,-0.25756553451230113,0,2.7389449280471356,0
2025-07-26 15:00:00+07:00,58.0,28.5,70.0,/dl/web/weather/ic-weather-04d.svg,Cần Thơ,-0.1743148748308425,0,2.6949390000834597,0
2025-07-26 16:00:00+07:00,58.0,23.3,73.0,/dl/web/weather/ic-weather-04d.svg,Cần Thơ,-0.1743148748308425,0,1.9321695820464233,0
2025-07-26 17:00:00+07:00,56.0,21.9,81.0,/dl/web/weather/ic-weather-04d.svg,Cần Thơ,-0.25756553451230113,0,1.7268085848826054,0
2025-07-26 18:00:00+07:00,68.0,21.7,77.0,/dl/web/weather/ic-weather-04d.svg,Cần Thơ,0.24193842357645082,0,1.6974712995734886,0
2025-07-26 19:00:00+07:00,92.0,19.3,79.0,/dl/web/weather/ic-weather-04n.svg,Cần Thơ,1.2409463397539549,0,1.3454238758640873,0
2025-07-26 20:00:00+07:00,68.0,18.7,86.0,/dl/web/weather/ic-weather-04n.svg,Cần Thơ,0.24193842357645082,0,1.2574120199367367,0
2025-07-26 21:00:00+07:00,68.0,16.4,91.0,/dl/web/weather/ic-weather-04n.svg,Cần Thơ,0.24193842357645082,0,0.9200332388818933,0
2025-07-26 22:00:00+07:00,69.0,13.0,96.0,/dl/web/weather/ic-weather-04n.svg,Cần Thơ,0.28356375341718015,0,0.42129938862690786,0
2025-07-26 23:00:00+07:00,71.0,11.4,92.0,/dl/web/weather/ic-weather-04n.svg,Cần Thơ,0.3668144130986388,0,0.1866011061539735,0
2025-07-27 00:00:00+07:00,66.0,11.4,92.0,/dl/web/weather/ic-weather-04n.svg,Cần Thơ,0.15868776389499217,0,0.1866011061539735,0
2025-07-27 01:00:00+07:00,62.0,11.9,93.0,/dl/web/weather/ic-weather-04n.svg,Cần Thơ,-0.007813555467925153,0,0.2599443194267655,0
2025-07-27 02:00:00+07:00,66.0,11.6,97.0,/dl/web/weather/ic-weather-04n.svg,Cần Thơ,0.15868776389499217,0,0.21593839146309018,0
2025-07-27 03:00:00+07:00,64.0,11.4,97.0,/dl/web/weather/ic-weather-04n.svg,Cần Thơ,0.07543710421353352,0,0.1866011061539735,0
2025-07-27 04:00:00+07:00,64.0,10.3,97.0,/dl/web/weather/ic-weather-04n.svg,Cần Thơ,0.07543710421353352,0,0.025246036953831128,0
2025-07-27 05:00:00+07:00,62.0,10.9,97.0,/dl/web/weather/ic-weather-04n.svg,Cần Thơ,-0.007813555467925153,0,0.11325789288118147,0
2025-07-27 06:00:00+07:00,68.0,14.2,96.0,/dl/web/weather/ic-weather-04d.svg,Cần Thơ,0.24193842357645082,0,0.5973231004816085,0
2025-07-27 07:00:00+07:00,69.0,15.4,95.0,/dl/web/weather/ic-weather-04d.svg,Cần Thơ,0.28356375341718015,0,0.7733468123363095,0
2025-07-27 08:00:00+07:00,69.0,19.8,84.0,/dl/web/weather/ic-weather-04d.svg,Cần Thơ,0.28356375341718015,0,1.418767089136879,0
2025-07-27 09:00:00+07:00,68.0,21.4,82.0,/dl/web/weather/ic-weather-04d.svg,Cần Thơ,0.24193842357645082,0,1.6534653716098133,0
2025-07-27 10:00:00+07:00,73.0,22.4,71.0,/dl/web/weather/ic-weather-04d.svg,Cần Thơ,0.4500650727800975,0,1.8001517981553974,0
2025-07-27 11:00:00+07:00,71.0,24.0,73.0,/dl/web/weather/ic-weather-04d.svg,Cần Thơ,0.3668144130986388,0,2.034850080628332,0
2025-07-27 12:00:00+07:00,68.0,26.1,69.0,/dl/web/weather/ic-weather-04d.svg,Cần Thơ,0.24193842357645082,0,2.3428915763740585,0
2025-07-27 13:00:00+07:00,68.0,23.8,62.0,/dl/web/weather/ic-weather-10d.svg,Cần Thơ,0.24193842357645082,0,2.0055127953192153,0
2025-07-27 14:00:00+07:00,64.0,26.6,64.0,/dl/web/weather/ic-weather-04d.svg,Cần Thơ,0.07543710421353352,0,2.4162347896468503,0
2025-07-27 15:00:00+07:00,69.0,26.6,89.0,/dl/web/weather/ic-weather-10d.svg,Cần Thơ,0.28356375341718015,0,2.4162347896468503,0
2025-07-27 16:00:00+07:00,22.0,26.7,89.0,/dl/web/weather/ic-weather-10d.svg,Cần Thơ,-1.6728267490970983,0,2.4309034323014087,0
2025-07-27 17:00:00+07:00,39.0,26.7,89.0,/dl/web/weather/ic-weather-10d.svg,Cần Thơ,-0.9651961418046997,0,2.4309034323014087,0
2025-07-27 18:00:00+07:00,44.0,22.2,92.0,/dl/web/weather/ic-weather-10d.svg,Cần Thơ,-0.757069492601053,0,1.7708145128462807,0
2025-07-27 19:00:00+07:00,39.0,19.5,86.0,/dl/web/weather/ic-weather-10n.svg,Cần Thơ,-0.9651961418046997,0,1.3747611611732038,0
2025-07-27 20:00:00+07:00,28.0,17.7,87.0,/dl/web/weather/ic-weather-10n.svg,Cần Thơ,-1.4230747700527224,0,1.1107255933911526,0
2025-07-27 21:00:00+07:00,28.0,16.4,95.0,/dl/web/weather/ic-weather-10n.svg,Cần Thơ,-1.4230747700527224,0,0.9200332388818933,0
2025-07-27 22:00:00+07:00,28.0,12.7,95.0,/dl/web/weather/ic-weather-04n.svg,Cần Thơ,-1.4230747700527224,0,0.37729346066323255,0
2025-07-27 23:00:00+07:00,17.0,11.1,96.0,/dl/web/weather/ic-weather-10n.svg,Cần Thơ,-1.880953398300745,0,0.14259517819029818,0
2025-07-28 00:00:00+07:00,28.0,10.3,96.0,/dl/web/weather/ic-weather-04n.svg,Cần Thơ,-1.4230747700527224,0,0.025246036953831128,0
2025-07-28 01:00:00+07:00,50.0,10.6,94.0,/dl/web/weather/ic-weather-10n.svg,Cần Thơ,-0.5073175135566771,0,0.06925196491750617,0
2025-07-28 02:00:00+07:00,68.0,11.6,95.0,/dl/web/weather/ic-weather-04n.svg,Cần Thơ,0.24193842357645082,0,0.21593839146309018,0
2025-07-28 03:00:00+07:00,66.0,12.9,97.0,/dl/web/weather/ic-weather-04n.svg,Cần Thơ,0.15868776389499217,0,0.4066307459723495,0
2025-07-28 04:00:00+07:00,55.0,12.4,97.0,/dl/web/weather/ic-weather-10n.svg,Cần Thơ,-0.29919086435303044,0,0.33328753269955746,0
2025-07-28 05:00:00+07:00,58.0,13.2,97.0,/dl/web/weather/ic-weather-10n.svg,Cần Thơ,-0.1743148748308425,0,0.4506366739360245,0
2025-07-28 06:00:00+07:00,62.0,14.2,96.0,/dl/web/weather/ic-weather-04d.svg,Cần Thơ,-0.007813555467925153,0,0.5973231004816085,0
2025-07-28 07:00:00+07:00,64.0,16.6,95.0,/dl/web/weather/ic-weather-04d.svg,Cần Thơ,0.07543710421353352,0,0.9493705241910105,0
2025-07-28 08:00:00+07:00,33.0,18.2,83.0,/dl/web/weather/ic-weather-10d.svg,Cần Thơ,-1.2149481208490758,0,1.1840688066639447,0
2025-07-28 09:00:00+07:00,22.0,20.8,91.0,/dl/web/weather/ic-weather-10d.svg,Cần Thơ,-1.6728267490970983,0,1.5654535156824632,0
2025-07-28 10:00:00+07:00,44.0,22.9,89.0,/dl/web/weather/ic-weather-10d.svg,Cần Thơ,-0.757069492601053,0,1.8734950114281894,0
2025-07-28 11:00:00+07:00,55.0,23.8,74.0,/dl/web/weather/ic-weather-10d.svg,Cần Thơ,-0.29919086435303044,0,2.0055127953192153,0
2025-07-28 12:00:00+07:00,55.0,23.8,88.0,/dl/web/weather/ic-weather-04d.svg,Cần Thơ,-0.29919086435303044,0,2.0055127953192153,0
2025-07-28 13:00:00+07:00,55.0,23.0,71.0,/dl/web/weather/ic-weather-10d.svg,Cần Thơ,-0.29919086435303044,0,1.888163654082748,0
2025-07-28 14:00:00+07:00,17.0,28.8,71.0,/dl/web/weather/ic-weather-10d.svg,Cần Thơ,-1.880953398300745,0,2.7389449280471356,0
2025-07-28 15:00:00+07:00,22.0,26.7,85.0,/dl/web/weather/ic-weather-10d.svg,Cần Thơ,-1.6728267490970983,0,2.4309034323014087,0
2025-07-28 16:00:00+07:00,39.0,27.5,85.0,/dl/web/weather/ic-weather-10d.svg,Cần Thơ,-0.9651961418046997,0,2.5482525735378756,0
2025-07-28 17:00:00+07:00,50.0,22.5,86.0,/dl/web/weather/ic-weather-10d.svg,Cần Thơ,-0.5073175135566771,0,1.814820440809956,0
2025-07-28 18:00:00+07:00,44.0,20.9,88.0,/dl/web/weather/ic-weather-10d.svg,Cần Thơ,-0.757069492601053,0,1.5801221583370213,0
2025-07-28 19:00:00+07:00,55.0,21.0,88.0,/dl/web/weather/ic-weather-10d.svg,Cần Thơ,-0.29919086435303044,0,1.5947908009915799,0
2025-07-28 20:00:00+07:00,60.0,15.8,94.0,/dl/web/weather/ic-weather-04n.svg,Cần Thơ,-0.09106421514938381,0,0.8320213829545432,0
2025-07-28 21:00:00+07:00,60.0,13.8,92.0,/dl/web/weather/ic-weather-04n.svg,Cần Thơ,-0.09106421514938381,0,0.5386485298633752,0
2025-07-28 22:00:00+07:00,66.0,12.7,95.0,/dl/web/weather/ic-weather-04n.svg,Cần Thơ,0.15868776389499217,0,0.37729346066323255,0
2025-07-28 23:00:00+07:00,71.0,12.4,96.0,/dl/web/weather/ic-weather-04n.svg,Cần Thơ,0.3668144130986388,0,0.33328753269955746,0
2025-07-29 00:00:00+07:00,64.0,13.2,96.0,/dl/web/weather/ic-weather-04n.svg,Cần Thơ,0.07543710421353352,0,0.4506366739360245,0
2025-07-29 01:00:00+07:00,69.0,11.6,94.0,/dl/web/weather/ic-weather-04n.svg,Cần Thơ,0.28356375341718015,0,0.21593839146309018,0
2025-07-29 02:00:00+07:00,68.0,11.7,97.0,/dl/web/weather/ic-weather-02n.svg,Cần Thơ,0.24193842357645082,0,0.23060703411764852,0
2025-07-29 03:00:00+07:00,81.0,11.6,97.0,/dl/web/weather/ic-weather-02n.svg,Cần Thơ,0.7830677115059321,0,0.21593839146309018,0
2025-07-29 04:00:00+07:00,66.0,10.6,95.0,/dl/web/weather/ic-weather-03n.svg,Cần Thơ,0.15868776389499217,0,0.06925196491750617,0
2025-07-29 05:00:00+07:00,62.0,10.6,98.0,/dl/web/weather/ic-weather-02n.svg,Cần Thơ,-0.007813555467925153,0,0.06925196491750617,0
2025-07-29 06:00:00+07:00,60.0,10.9,98.0,/dl/web/weather/ic-weather-02d.svg,Cần Thơ,-0.09106421514938381,0,0.11325789288118147,0
2025-07-29 07:00:00+07:00,58.0,14.5,91.0,/dl/web/weather/ic-weather-04d.svg,Cần Thơ,-0.1743148748308425,0,0.6413290284452838,0
2025-07-29 08:00:00+07:00,64.0,20.8,93.0,/dl/web/weather/ic-weather-04d.svg,Cần Thơ,0.07543710421353352,0,1.5654535156824632,0
2025-07-29 09:00:00+07:00,60.0,22.9,82.0,/dl/web/weather/ic-weather-04d.svg,Cần Thơ,-0.09106421514938381,0,1.8734950114281894,0
2025-07-29 10:00:00+07:00,64.0,24.9,74.0,/dl/web/weather/ic-weather-04d.svg,Cần Thơ,0.07543710421353352,0,2.1668678645193573,0
2025-07-29 11:00:00+07:00,56.0,26.1,65.0,/dl/web/weather/ic-weather-04d.svg,Cần Thơ,-0.25756553451230113,0,2.3428915763740585,0
2025-07-29 12:00:00+07:00,56.0,26.6,72.0,/dl/web/weather/ic-weather-04d.svg,Cần Thơ,-0.25756553451230113,0,2.4162347896468503,0
2025-07-29 13:00:00+07:00,56.0,24.9,64.0,/dl/web/weather/ic-weather-04d.svg,Cần Thơ,-0.25756553451230113,0,2.1668678645193573,0
2025-07-29 14:00:00+07:00,55.0,24.9,67.0,/dl/web/weather/ic-weather-04d.svg,Cần Thơ,-0.29919086435303044,0,2.1668678645193573,0
2025-07-29 15:00:00+07:00,58.0,28.8,66.0,/dl/web/weather/ic-weather-04d.svg,Cần Thơ,-0.1743148748308425,0,2.7389449280471356,0
2025-07-29 16:00:00+07:00,56.0,28.8,62.0,/dl/web/weather/ic-weather-04d.svg,Cần Thơ,-0.25756553451230113,0,2.7389449280471356,0
2025-07-29 17:00:00+07:00,60.0,26.7,70.0,/dl/web/weather/ic-weather-04d.svg,Cần Thơ,-0.09106421514938381,0,2.4309034323014087,0
2025-07-29 18:00:00+07:00,58.0,23.2,76.0,/dl/web/weather/ic-weather-04d.svg,Cần Thơ,-0.1743148748308425,0,1.9175009393918647,0
2025-07-29 19:00:00+07:00,62.0,20.3,77.0,/dl/web/weather/ic-weather-04n.svg,Cần Thơ,-0.007813555467925153,0,1.4921103024096711,0
2025-07-29 20:00:00+07:00,71.0,18.2,84.0,/dl/web/weather/ic-weather-04n.svg,Cần Thơ,0.3668144130986388,0,1.1840688066639447,0
2025-07-29 21:00:00+07:00,71.0,15.8,90.0,/dl/web/weather/ic-weather-04n.svg,Cần Thơ,0.3668144130986388,0,0.8320213829545432,0
2025-07-29 22:00:00+07:00,71.0,13.2,87.0,/dl/web/weather/ic-weather-04n.svg,Cần Thơ,0.3668144130986388,0,0.4506366739360245,0
2025-07-29 23:00:00+07:00,73.0,13.2,91.0,/dl/web/weather/ic-weather-04n.svg,Cần Thơ,0.4500650727800975,0,0.4506366739360245,0
2025-07-30 00:00:00+07:00,81.0,12.2,96.0,/dl/web/weather/ic-weather-04n.svg,Cần Thơ,0.7830677115059321,0,0.3039502473904405,0
2025-07-30 01:00:00+07:00,94.0,12.1,93.0,/dl/web/weather/ic-weather-04n.svg,Cần Thơ,1.3241969994354135,0,0.28928160473588216,0
2025-07-30 02:00:00+07:00,82.0,10.1,97.0,/dl/web/weather/ic-weather-04n.svg,Cần Thơ,0.8246930413466614,0,-0.00409124835528583,0
2025-07-30 03:00:00+07:00,82.0,10.3,94.0,/dl/web/weather/ic-weather-04n.svg,Cần Thơ,0.8246930413466614,0,0.025246036953831128,0
2025-07-30 04:00:00+07:00,94.0,11.3,97.0,/dl/web/weather/ic-weather-04n.svg,Cần Thơ,1.3241969994354135,0,0.17193246349941513,0
2025-07-30 05:00:00+07:00,92.0,12.6,96.0,/dl/web/weather/ic-weather-04n.svg,Cần Thơ,1.2409463397539549,0,0.3626248180086742,0
2025-07-30 06:00:00+07:00,88.0,12.9,92.0,/dl/web/weather/ic-weather-04d.svg,Cần Thơ,1.0744450203910374,0,0.4066307459723495,0
2025-07-30 07:00:00+07:00,90.0,14.6,90.0,/dl/web/weather/ic-weather-04d.svg,Cần Thơ,1.157695680072496,0,0.6559976710998422,0
2025-07-30 08:00:00+07:00,79.0,20.9,84.0,/dl/web/weather/ic-weather-02d.svg,Cần Thơ,0.6998170518244735,0,1.5801221583370213,0
2025-07-30 09:00:00+07:00,71.0,22.9,82.0,/dl/web/weather/ic-weather-02d.svg,Cần Thơ,0.3668144130986388,0,1.8734950114281894,0
2025-07-30 10:00:00+07:00,64.0,23.8,73.0,/dl/web/weather/ic-weather-03d.svg,Cần Thơ,0.07543710421353352,0,2.0055127953192153,0
2025-07-30 11:00:00+07:00,66.0,25.6,64.0,/dl/web/weather/ic-weather-04d.svg,Cần Thơ,0.15868776389499217,0,2.2695483631012667,0
2025-07-30 12:00:00+07:00,62.0,27.5,62.0,/dl/web/weather/ic-weather-04d.svg,Cần Thơ,-0.007813555467925153,0,2.5482525735378756,0
2025-07-30 13:00:00+07:00,62.0,28.8,62.0,/dl/web/weather/ic-weather-04d.svg,Cần Thơ,-0.007813555467925153,0,2.7389449280471356,0
2025-07-30 14:00:00+07:00,60.0,29.1,58.0,/dl/web/weather/ic-weather-04d.svg,Cần Thơ,-0.09106421514938381,0,2.7829508560108103,0
2025-07-30 15:00:00+07:00,62.0,29.1,58.0,/dl/web/weather/ic-weather-04d.svg,Cần Thơ,-0.007813555467925153,0,2.7829508560108103,0
2025-07-30 16:00:00+07:00,81.0,28.0,60.0,/dl/web/weather/ic-weather-04d.svg,Cần Thơ,0.7830677115059321,0,2.621595786810668,0
2025-07-30 17:00:00+07:00,64.0,23.5,70.0,/dl/web/weather/ic-weather-04d.svg,Cần Thơ,0.07543710421353352,0,1.96150686735554,0
2025-07-30 18:00:00+07:00,58.0,21.6,75.0,/dl/web/weather/ic-weather-04d.svg,Cần Thơ,-0.1743148748308425,0,1.6828026569189305,0
2025-07-30 19:00:00+07:00,58.0,17.1,76.0,/dl/web/weather/ic-weather-04n.svg,Cần Thơ,-0.1743148748308425,0,1.0227137374638025,0
2025-07-30 20:00:00+07:00,71.0,14.6,90.0,/dl/web/weather/ic-weather-04n.svg,Cần Thơ,0.3668144130986388,0,0.6559976710998422,0
2025-07-30 21:00:00+07:00,71.0,12.6,95.0,/dl/web/weather/ic-weather-04n.svg,Cần Thơ,0.3668144130986388,0,0.3626248180086742,0
2025-07-30 22:00:00+07:00,69.0,11.1,96.0,/dl/web/weather/ic-weather-04n.svg,Cần Thơ,0.28356375341718015,0,0.14259517819029818,0
2025-07-30 23:00:00+07:00,69.0,10.1,93.0,/dl/web/weather/ic-weather-04n.svg,Cần Thơ,0.28356375341718015,0,-0.00409124835528583,0
2025-07-31 00:00:00+07:00,66.0,9.8,95.0,/dl/web/weather/ic-weather-04n.svg,Cần Thơ,0.15868776389499217,0,-0.04809717631896088,0
2025-07-31 01:00:00+07:00,62.0,9.7,96.0,/dl/web/weather/ic-weather-04n.svg,Cần Thơ,-0.007813555467925153,0,-0.06276581897351949,0
2025-07-31 02:00:00+07:00,58.0,10.1,95.0,/dl/web/weather/ic-weather-04n.svg,Cần Thơ,-0.1743148748308425,0,-0.00409124835528583,0
2025-07-31 03:00:00+07:00,56.0,10.1,95.0,/dl/web/weather/ic-weather-04n.svg,Cần Thơ,-0.25756553451230113,0,-0.00409124835528583,0
2025-07-31 04:00:00+07:00,55.0,11.6,94.0,/dl/web/weather/ic-weather-04n.svg,Cần Thơ,-0.29919086435303044,0,0.21593839146309018,0
2025-07-31 05:00:00+07:00,55.0,10.5,97.0,/dl/web/weather/ic-weather-04n.svg,Cần Thơ,-0.29919086435303044,0,0.05458332226294783,0
2025-07-31 06:00:00+07:00,56.0,11.3,95.0,/dl/web/weather/ic-weather-04d.svg,Cần Thơ,-0.25756553451230113,0,0.17193246349941513,0
2025-07-31 07:00:00+07:00,66.0,13.0,90.0,/dl/web/weather/ic-weather-04d.svg,Cần Thơ,0.15868776389499217,0,0.42129938862690786,0
2025-07-31 08:00:00+07:00,60.0,18.8,88.0,/dl/web/weather/ic-weather-02d.svg,Cần Thơ,-0.09106421514938381,0,1.2720806625912953,0
2025-07-31 09:00:00+07:00,58.0,19.6,76.0,/dl/web/weather/ic-weather-02d.svg,Cần Thơ,-0.1743148748308425,0,1.3894298038277626,0
2025-07-31 10:00:00+07:00,28.0,21.1,90.0,/dl/web/weather/ic-weather-02d.svg,Cần Thơ,-1.4230747700527224,0,1.6094594436461385,0
2025-07-31 11:00:00+07:00,22.0,21.4,88.0,/dl/web/weather/ic-weather-10d.svg,Cần Thơ,-1.6728267490970983,0,1.6534653716098133,0
2025-07-31 12:00:00+07:00,22.0,24.9,83.0,/dl/web/weather/ic-weather-10d.svg,Cần Thơ,-1.6728267490970983,0,2.1668678645193573,0
2025-07-31 13:00:00+07:00,22.0,24.9,69.0,/dl/web/weather/ic-weather-04d.svg,Cần Thơ,-1.6728267490970983,0,2.1668678645193573,0
2025-07-31 14:00:00+07:00,39.0,28.0,62.0,/dl/web/weather/ic-weather-04d.svg,Cần Thơ,-0.9651961418046997,0,2.621595786810668,0
2025-07-31 15:00:00+07:00,50.0,26.7,60.0,/dl/web/weather/ic-weather-04d.svg,Cần Thơ,-0.5073175135566771,0,2.4309034323014087,0
2025-07-31 16:00:00+07:00,56.0,25.3,68.0,/dl/web/weather/ic-weather-04d.svg,Cần Thơ,-0.25756553451230113,0,2.225542435137591,0
2025-07-31 17:00:00+07:00,53.0,21.1,64.0,/dl/web/weather/ic-weather-04d.svg,Cần Thơ,-0.3824415240344891,0,1.6094594436461385,0
2025-07-31 18:00:00+07:00,55.0,18.0,79.0,/dl/web/weather/ic-weather-04d.svg,Cần Thơ,-0.29919086435303044,0,1.154731521354828,0
2025-07-31 19:00:00+07:00,44.0,14.5,77.0,/dl/web/weather/ic-weather-04n.svg,Cần Thơ,-0.757069492601053,0,0.6413290284452838,0
2025-07-31 20:00:00+07:00,50.0,13.4,84.0,/dl/web/weather/ic-weather-02n.svg,Cần Thơ,-0.5073175135566771,0,0.4799739592451415,0
2025-07-31 21:00:00+07:00,50.0,12.9,88.0,/dl/web/weather/ic-weather-02n.svg,Cần Thơ,-0.5073175135566771,0,0.4066307459723495,0
2025-07-31 22:00:00+07:00,55.0,13.2,90.0,/dl/web/weather/ic-weather-03n.svg,Cần Thơ,-0.29919086435303044,0,0.4506366739360245,0
2025-07-31 23:00:00+07:00,56.0,13.5,91.0,/dl/web/weather/ic-weather-04n.svg,Cần Thơ,-0.25756553451230113,0,0.49464260189969983,0
2025-08-01 00:00:00+07:00,60.0,12.4,96.0,/dl/web/weather/ic-weather-04n.svg,Cần Thơ,-0.09106421514938381,0,0.33328753269955746,0
2025-08-01 01:00:00+07:00,58.0,11.3,94.0,/dl/web/weather/ic-weather-04n.svg,Cần Thơ,-0.1743148748308425,0,0.17193246349941513,0
2025-08-01 02:00:00+07:00,56.0,10.8,97.0,/dl/web/weather/ic-weather-04n.svg,Cần Thơ,-0.25756553451230113,0,0.09858925022662313,0
2025-08-01 03:00:00+07:00,55.0,11.6,97.0,/dl/web/weather/ic-weather-04n.svg,Cần Thơ,-0.29919086435303044,0,0.21593839146309018,0
2025-08-01 04:00:00+07:00,56.0,12.6,97.0,/dl/web/weather/ic-weather-04n.svg,Cần Thơ,-0.25756553451230113,0,0.3626248180086742,0
2025-08-01 05:00:00+07:00,58.0,11.9,97.0,/dl/web/weather/ic-weather-04n.svg,Cần Thơ,-0.1743148748308425,0,0.2599443194267655,0
2025-08-01 06:00:00+07:00,58.0,10.9,97.0,/dl/web/weather/ic-weather-04d.svg,Cần Thơ,-0.1743148748308425,0,0.11325789288118147,0
2025-08-01 07:00:00+07:00,62.0,14.3,90.0,/dl/web/weather/ic-weather-04d.svg,Cần Thơ,-0.007813555467925153,0,0.6119917431361671,0
2025-08-01 08:00:00+07:00,58.0,18.5,88.0,/dl/web/weather/ic-weather-02d.svg,Cần Thơ,-0.1743148748308425,0,1.22807473462762,0
2025-08-01 09:00:00+07:00,55.0,19.2,82.0,/dl/web/weather/ic-weather-03d.svg,Cần Thơ,-0.29919086435303044,0,1.3307552332095285,0
2025-08-01 10:00:00+07:00,50.0,20.1,71.0,/dl/web/weather/ic-weather-03d.svg,Cần Thơ,-0.5073175135566771,0,1.4627730171005544,0
2025-08-01 11:00:00+07:00,55.0,22.2,68.0,/dl/web/weather/ic-weather-04d.svg,Cần Thơ,-0.29919086435303044,0,1.7708145128462807,0
2025-08-01 12:00:00+07:00,44.0,23.2,58.0,/dl/web/weather/ic-weather-04d.svg,Cần Thơ,-0.757069492601053,0,1.9175009393918647,0
2025-08-01 13:00:00+07:00,44.0,24.0,58.0,/dl/web/weather/ic-weather-04d.svg,Cần Thơ,-0.757069492601053,0,2.034850080628332,0
2025-08-13 15:00:00+07:00,11.0,11.0,11.0,/dl/web/weather/ic-weather-04d.svg,Cần Thơ,-2.130705377345121,0,0.12792653553573982,0
2025-08-13 16:00:00+07:00,6.0,6.0,6.0,/dl/web/weather/ic-weather-04d.svg,Cần Thơ,-2.3388320265487677,0,-0.6055055971921802,0
2025-08-13 17:00:00+07:00,22.0,22.0,22.0,/dl/web/weather/ic-weather-04d.svg,Cần Thơ,-1.6728267490970983,0,1.741477227537164,0
2025-08-13 18:00:00+07:00,22.0,22.0,22.0,/dl/web/weather/ic-weather-04d.svg,Cần Thơ,-1.6728267490970983,0,1.741477227537164,0
2025-08-13 19:00:00+07:00,28.0,28.0,28.0,/dl/web/weather/ic-weather-04n.svg,Cần Thơ,-1.4230747700527224,0,2.621595786810668,0
2025-08-13 20:00:00+07:00,39.0,39.0,39.0,/dl/web/weather/ic-weather-04n.svg,Cần Thơ,-0.9651961418046997,0,4.235146478812092,-1
2025-08-13 21:00:00+07:00,44.0,44.0,44.0,/dl/web/weather/ic-weather-04n.svg,Cần Thơ,-0.757069492601053,0,4.9685786115400115,-1
2025-08-13 22:00:00+07:00,44.0,44.0,44.0,/dl/web/weather/ic-weather-04n.svg,Cần Thơ,-0.757069492601053,0,4.9685786115400115,-1
2025-08-13 23:00:00+07:00,53.0,53.0,53.0,/dl/web/weather/ic-weather-04n.svg,Cần Thơ,-0.3824415240344891,0,6.2887564504502675,-1
2025-08-14 00:00:00+07:00,33.0,33.0,33.0,/dl/web/weather/ic-weather-04n.svg,Cần Thơ,-1.2149481208490758,0,3.3550279195385877,-1
2025-08-14 01:00:00+07:00,33.0,33.0,33.0,/dl/web/weather/ic-weather-04n.svg,Cần Thơ,-1.2149481208490758,0,3.3550279195385877,-1
2025-08-14 02:00:00+07:00,33.0,33.0,33.0,/dl/web/weather/ic-weather-04n.svg,Cần Thơ,-1.2149481208490758,0,3.3550279195385877,-1
2025-08-14 03:00:00+07:00,33.0,33.0,33.0,/dl/web/weather/ic-weather-04n.svg,Cần Thơ,-1.2149481208490758,0,3.3550279195385877,-1
2025-08-14 04:00:00+07:00,44.0,44.0,44.0,/dl/web/weather/ic-weather-04n.svg,Cần Thơ,-0.757069492601053,0,4.9685786115400115,-1
2025-08-14 05:00:00+07:00,33.0,33.0,33.0,/dl/web/weather/ic-weather-04n.svg,Cần Thơ,-1.2149481208490758,0,3.3550279195385877,-1
2025-08-14 06:00:00+07:00,33.0,33.0,33.0,/dl/web/weather/ic-weather-04d.svg,Cần Thơ,-1.2149481208490758,0,3.3550279195385877,-1
2025-08-14 07:00:00+07:00,39.0,39.0,39.0,/dl/web/weather/ic-weather-04d.svg,Cần Thơ,-0.9651961418046997,0,4.235146478812092,-1
2025-08-14 09:00:00+07:00,33.0,33.0,33.0,/dl/web/weather/ic-weather-04d.svg,Cần Thơ,-1.2149481208490758,0,3.3550279195385877,-1
2025-08-14 10:00:00+07:00,33.0,33.0,33.0,/dl/web/weather/ic-weather-04d.svg,Cần Thơ,-1.2149481208490758,0,3.3550279195385877,-1
2025-08-14 11:00:00+07:00,33.0,33.0,33.0,/dl/web/weather/ic-weather-04d.svg,Cần Thơ,-1.2149481208490758,0,3.3550279195385877,-1
2025-08-14 12:00:00+07:00,39.0,39.0,39.0,/dl/web/weather/ic-weather-04d.svg,Cần Thơ,-0.9651961418046997,0,4.235146478812092,-1
2025-08-14 13:00:00+07:00,39.0,39.0,39.0,/dl/web/weather/ic-weather-04d.svg,Cần Thơ,-0.9651961418046997,0,4.235146478812092,-1
2025-08-14 14:00:00+07:00,33.0,22.56,75.0,/dl/web/weather/ic-weather-04d.svg,Cần Thơ,-1.2149481208490758,0,1.8236216264026908,0
2025-08-14 15:00:00+07:00,27.5,16.2,75.0,/dl/web/weather/ic-weather-04d.svg,Cần Thơ,-1.443887434973087,0,0.8906959535727765,0
2025-08-14 16:00:00+07:00,28.0,18.1,75.0,/dl/web/weather/ic-weather-04d.svg,Cần Thơ,-1.4230747700527224,0,1.1694001640093865,0
2025-08-14 17:00:00+07:00,39.0,16.7,80.0,/dl/web/weather/ic-weather-04d.svg,Cần Thơ,-0.9651961418046997,0,0.9640391668455686,0
2025-08-14 18:00:00+07:00,39.0,25.1,89.0,/dl/web/weather/ic-weather-04d.svg,Cần Thơ,-0.9651961418046997,0,2.1962051498284745,0
2025-08-14 19:00:00+07:00,33.0,14.0,86.0,/dl/web/weather/ic-weather-04n.svg,Cần Thơ,-1.2149481208490758,0,0.5679858151724918,0
2025-08-14 20:00:00+07:00,39.0,11.5,84.0,/dl/web/weather/ic-weather-04n.svg,Cần Thơ,-0.9651961418046997,0,0.20126974880853182,0
2025-08-14 21:00:00+07:00,44.0,10.4,90.0,/dl/web/weather/ic-weather-04n.svg,Cần Thơ,-0.757069492601053,0,0.03991467960838948,0
2025-08-14 22:00:00+07:00,53.0,9.0,91.0,/dl/web/weather/ic-weather-04n.svg,Cần Thơ,-0.3824415240344891,0,-0.16544631755542819,0
2025-08-14 23:00:00+07:00,44.0,8.3,87.0,/dl/web/weather/ic-weather-04n.svg,Cần Thơ,-0.757069492601053,0,-0.2681268161373369,0
2025-08-15 00:00:00+07:00,44.0,7.7,91.0,/dl/web/weather/ic-weather-04n.svg,Cần Thơ,-0.757069492601053,0,-0.35613867206468736,0
2025-08-15 01:00:00+07:00,50.0,4.9,92.0,/dl/web/weather/ic-weather-04n.svg,Cần Thơ,-0.5073175135566771,0,-0.7668606663923225,0
2025-08-15 02:00:00+07:00,50.0,6.8,91.0,/dl/web/weather/ic-weather-04n.svg,Cần Thơ,-0.5073175135566771,0,-0.48815645595571305,0
2025-08-15 03:00:00+07:00,44.0,12.4,97.0,/dl/web/weather/ic-weather-04n.svg,Cần Thơ,-0.757069492601053,0,0.33328753269955746,0
2025-08-15 04:00:00+07:00,44.0,11.5,98.0,/dl/web/weather/ic-weather-04n.svg,Cần Thơ,-0.757069492601053,0,0.20126974880853182,0
2025-08-15 05:00:00+07:00,69.0,10.4,98.0,/dl/web/weather/ic-weather-04n.svg,Cần Thơ,0.28356375341718015,0,0.03991467960838948,0
2025-08-15 06:00:00+07:00,62.0,9.6,97.0,/dl/web/weather/ic-weather-04d.svg,Cần Thơ,-0.007813555467925153,0,-0.07743446162807784,0
2025-08-15 07:00:00+07:00,39.0,10.4,94.0,/dl/web/weather/ic-weather-04d.svg,Cần Thơ,-0.9651961418046997,0,0.03991467960838948,0
2025-08-15 09:00:00+07:00,22.0,9.8,92.0,/dl/web/weather/ic-weather-04d.svg,Cần Thơ,-1.6728267490970983,0,-0.04809717631896088,0
2025-08-15 10:00:00+07:00,28.0,9.6,88.0,/dl/web/weather/ic-weather-04d.svg,Cần Thơ,-1.4230747700527224,0,-0.07743446162807784,0
2025-08-15 11:00:00+07:00,22.0,11.8,86.0,/dl/web/weather/ic-weather-04d.svg,Cần Thơ,-1.6728267490970983,0,0.24527567677220713,0
2025-08-15 12:00:00+07:00,22.0,13.2,78.0,/dl/web/weather/ic-weather-04d.svg,Cần Thơ,-1.6728267490970983,0,0.4506366739360245,0
2025-08-15 13:00:00+07:00,17.0,12.6,82.0,/dl/web/weather/ic-weather-04d.svg,Cần Thơ,-1.880953398300745,0,0.3626248180086742,0
2025-08-15 14:00:00+07:00,17.0,13.2,75.0,/dl/web/weather/ic-weather-04d.svg,Cần Thơ,-1.880953398300745,0,0.4506366739360245,0
2025-08-15 15:00:00+07:00,22.0,14.2,76.0,/dl/web/weather/ic-weather-10d.svg,Cần Thơ,-1.6728267490970983,0,0.5973231004816085,0
2025-08-15 16:00:00+07:00,22.0,15.9,83.0,/dl/web/weather/ic-weather-04d.svg,Cần Thơ,-1.6728267490970983,0,0.8466900256091016,0
2025-08-15 17:00:00+07:00,28.0,14.4,78.0,/dl/web/weather/ic-weather-04d.svg,Cần Thơ,-1.4230747700527224,0,0.6266603857907255,0
2025-08-15 18:00:00+07:00,28.0,15.0,84.0,/dl/web/weather/ic-weather-04d.svg,Cần Thơ,-1.4230747700527224,0,0.7146722417180759,0
2025-08-15 19:00:00+07:00,33.0,11.9,88.0,/dl/web/weather/ic-weather-10n.svg,Cần Thơ,-1.2149481208490758,0,0.2599443194267655,0
2025-08-15 20:00:00+07:00,22.0,11.3,86.0,/dl/web/weather/ic-weather-10n.svg,Cần Thơ,-1.6728267490970983,0,0.17193246349941513,0
2025-08-15 21:00:00+07:00,44.0,12.1,96.0,/dl/web/weather/ic-weather-04n.svg,Cần Thơ,-0.757069492601053,0,0.28928160473588216,0
2025-08-15 22:00:00+07:00,44.0,11.1,96.0,/dl/web/weather/ic-weather-04n.svg,Cần Thơ,-0.757069492601053,0,0.14259517819029818,0
2025-08-15 23:00:00+07:00,33.0,10.0,97.0,/dl/web/weather/ic-weather-04n.svg,Cần Thơ,-1.2149481208490758,0,-0.01875989100984418,0
2025-08-16 00:00:00+07:00,33.0,10.8,93.0,/dl/web/weather/ic-weather-04n.svg,Cần Thơ,-1.2149481208490758,0,0.09858925022662313,0
2025-08-16 01:00:00+07:00,28.0,9.3,93.0,/dl/web/weather/ic-weather-04n.svg,Cần Thơ,-1.4230747700527224,0,-0.12144038959175288,0
2025-08-16 02:00:00+07:00,28.0,8.8,91.0,/dl/web/weather/ic-weather-04n.svg,Cần Thơ,-1.4230747700527224,0,-0.19478360286454488,0
2025-08-16 03:00:00+07:00,17.0,9.9,97.0,/dl/web/weather/ic-weather-04n.svg,Cần Thơ,-1.880953398300745,0,-0.03342853366440253,0
2025-08-16 04:00:00+07:00,17.0,10.7,98.0,/dl/web/weather/ic-weather-04n.svg,Cần Thơ,-1.880953398300745,0,0.08392060757206453,0
2025-08-16 05:00:00+07:00,11.0,10.7,98.0,/dl/web/weather/ic-weather-04n.svg,Cần Thơ,-2.130705377345121,0,0.08392060757206453,0
2025-08-16 06:00:00+07:00,17.0,10.9,98.0,/dl/web/weather/ic-weather-04d.svg,Cần Thơ,-1.880953398300745,0,0.11325789288118147,0
2025-08-16 07:00:00+07:00,17.0,13.6,95.0,/dl/web/weather/ic-weather-04d.svg,Cần Thơ,-1.880953398300745,0,0.5093112445542582,0
2025-08-16 09:00:00+07:00,22.0,14.9,92.0,/dl/web/weather/ic-weather-04d.svg,Cần Thơ,-1.6728267490970983,0,0.7000035990635175,0
2025-08-16 10:00:00+07:00,17.0,15.8,84.0,/dl/web/weather/ic-weather-04d.svg,Cần Thơ,-1.880953398300745,0,0.8320213829545432,0
2025-08-16 11:00:00+07:00,17.0,13.1,87.0,/dl/web/weather/ic-weather-04d.svg,Cần Thơ,-1.880953398300745,0,0.4359680312814662,0
2025-08-16 12:00:00+07:00,17.0,7.6,83.0,/dl/web/weather/ic-weather-04d.svg,Cần Thơ,-1.880953398300745,0,-0.37080731471924583,0
2025-08-16 13:00:00+07:00,17.0,13.2,83.0,/dl/web/weather/ic-weather-04d.svg,Cần Thơ,-1.880953398300745,0,0.4506366739360245,0
2025-08-16 14:00:00+07:00,17.0,17.2,98.0,/dl/web/weather/ic-weather-04d.svg,Cần Thơ,-1.880953398300745,0,1.0373823801183606,0
2025-08-16 15:00:00+07:00,22.0,17.4,88.0,/dl/web/weather/ic-weather-04d.svg,Cần Thơ,-1.6728267490970983,0,1.0667196654274773,0
2025-08-16 16:00:00+07:00,28.0,15.0,88.0,/dl/web/weather/ic-weather-04d.svg,Cần Thơ,-1.4230747700527224,0,0.7146722417180759,0
2025-08-16 17:00:00+07:00,28.0,14.8,88.0,/dl/web/weather/ic-weather-04d.svg,Cần Thơ,-1.4230747700527224,0,0.6853349564089591,0
2025-08-16 18:00:00+07:00,33.0,14.4,93.0,/dl/web/weather/ic-weather-04d.svg,Cần Thơ,-1.2149481208490758,0,0.6266603857907255,0
2025-08-16 19:00:00+07:00,39.0,14.6,93.0,/dl/web/weather/ic-weather-04n.svg,Cần Thơ,-0.9651961418046997,0,0.6559976710998422,0
2025-08-16 20:00:00+07:00,33.0,9.9,93.0,/dl/web/weather/ic-weather-04n.svg,Cần Thơ,-1.2149481208490758,0,-0.03342853366440253,0
2025-08-16 21:00:00+07:00,53.0,9.3,96.0,/dl/web/weather/ic-weather-04n.svg,Cần Thơ,-0.3824415240344891,0,-0.12144038959175288,0
2025-08-16 22:00:00+07:00,53.0,10.1,98.0,/dl/web/weather/ic-weather-04n.svg,Cần Thơ,-0.3824415240344891,0,-0.00409124835528583,0
2025-08-16 23:00:00+07:00,66.0,9.5,98.0,/dl/web/weather/ic-weather-04n.svg,Cần Thơ,0.15868776389499217,0,-0.09210310428263618,0
2025-08-17 00:00:00+07:00,53.0,9.3,98.0,/dl/web/weather/ic-weather-04n.svg,Cần Thơ,-0.3824415240344891,0,-0.12144038959175288,0
2025-08-17 01:00:00+07:00,55.0,8.7,96.0,/dl/web/weather/ic-weather-04n.svg,Cần Thơ,-0.29919086435303044,0,-0.2094522455191035,0
2025-08-17 02:00:00+07:00,55.0,7.9,93.0,/dl/web/weather/ic-weather-04n.svg,Cần Thơ,-0.29919086435303044,0,-0.3268013867555705,0
2025-08-17 03:00:00+07:00,28.0,8.1,93.0,/dl/web/weather/ic-weather-04n.svg,Cần Thơ,-1.4230747700527224,0,-0.29746410144645385,0
2025-08-17 04:00:00+07:00,28.0,7.9,98.0,/dl/web/weather/ic-weather-04n.svg,Cần Thơ,-1.4230747700527224,0,-0.3268013867555705,0
2025-08-17 05:00:00+07:00,33.0,8.2,95.0,/dl/web/weather/ic-weather-04n.svg,Cần Thơ,-1.2149481208490758,0,-0.2827954587918955,0
2025-08-17 06:00:00+07:00,33.0,8.4,94.0,/dl/web/weather/ic-weather-04d.svg,Cần Thơ,-1.2149481208490758,0,-0.25345817348277855,0
2025-08-17 07:00:00+07:00,39.0,9.5,94.0,/dl/web/weather/ic-weather-04d.svg,Cần Thơ,-0.9651961418046997,0,-0.09210310428263618,0
2025-08-17 09:00:00+07:00,33.0,14.7,85.0,/dl/web/weather/ic-weather-04d.svg,Cần Thơ,-1.2149481208490758,0,0.6706663137544006,0
2025-08-17 10:00:00+07:00,17.0,15.1,75.0,/dl/web/weather/ic-weather-04d.svg,Cần Thơ,-1.880953398300745,0,0.7293408843726342,0
2025-08-17 11:00:00+07:00,28.0,14.2,74.0,/dl/web/weather/ic-weather-04d.svg,Cần Thơ,-1.4230747700527224,0,0.5973231004816085,0
2025-08-17 12:00:00+07:00,28.0,14.3,74.0,/dl/web/weather/ic-weather-04d.svg,Cần Thơ,-1.4230747700527224,0,0.6119917431361671,0
2025-08-17 13:00:00+07:00,28.0,16.6,72.0,/dl/web/weather/ic-weather-04d.svg,Cần Thơ,-1.4230747700527224,0,0.9493705241910105,0
2025-08-17 14:00:00+07:00,28.0,16.2,72.0,/dl/web/weather/ic-weather-04d.svg,Cần Thơ,-1.4230747700527224,0,0.8906959535727765,0
2025-08-17 15:00:00+07:00,22.0,15.2,71.0,/dl/web/weather/ic-weather-04d.svg,Cần Thơ,-1.6728267490970983,0,0.7440095270271926,0
2025-08-17 16:00:00+07:00,33.0,15.3,71.0,/dl/web/weather/ic-weather-04d.svg,Cần Thơ,-1.2149481208490758,0,0.7586781696817512,0
2025-08-17 17:00:00+07:00,28.0,12.7,75.0,/dl/web/weather/ic-weather-04d.svg,Cần Thơ,-1.4230747700527224,0,0.37729346066323255,0
2025-08-17 18:00:00+07:00,28.0,10.3,83.0,/dl/web/weather/ic-weather-04d.svg,Cần Thơ,-1.4230747700527224,0,0.025246036953831128,0
2025-08-17 20:00:00+07:00,44.0,10.6,96.0,/dl/web/weather/ic-weather-04n.svg,Cần Thơ,-0.757069492601053,0,0.06925196491750617,0
2025-08-17 21:00:00+07:00,44.0,8.6,97.0,/dl/web/weather/ic-weather-04n.svg,Cần Thơ,-0.757069492601053,0,-0.22412088817366185,0
2025-08-17 22:00:00+07:00,50.0,8.2,98.0,/dl/web/weather/ic-weather-04n.svg,Cần Thơ,-0.5073175135566771,0,-0.2827954587918955,0
2025-08-17 23:00:00+07:00,53.0,7.3,98.0,/dl/web/weather/ic-weather-04n.svg,Cần Thơ,-0.3824415240344891,0,-0.414813242682921,0
2025-08-18 00:00:00+07:00,53.0,5.0,97.0,/dl/web/weather/ic-weather-04n.svg,Cần Thơ,-0.3824415240344891,0,-0.7521920237377642,0
2025-08-18 01:00:00+07:00,47.0,4.5,99.0,/dl/web/weather/ic-weather-04n.svg,Cần Thơ,-0.6321935030788651,0,-0.8255352370105562,0
2025-08-18 02:00:00+07:00,50.0,4.7,98.0,/dl/web/weather/ic-weather-04n.svg,Cần Thơ,-0.5073175135566771,0,-0.7961979517014394,0
2025-08-18 03:00:00+07:00,53.0,5.2,99.0,/dl/web/weather/ic-weather-04n.svg,Cần Thơ,-0.3824415240344891,0,-0.7228547384286473,0
2025-08-18 04:00:00+07:00,53.0,5.3,99.0,/dl/web/weather/ic-weather-04n.svg,Cần Thơ,-0.3824415240344891,0,-0.7081860957740891,0
2025-08-18 05:00:00+07:00,55.0,5.8,99.0,/dl/web/weather/ic-weather-04n.svg,Cần Thơ,-0.29919086435303044,0,-0.6348428825012971,0
2025-08-18 06:00:00+07:00,55.0,5.8,97.0,/dl/web/weather/ic-weather-04d.svg,Cần Thơ,-0.29919086435303044,0,-0.6348428825012971,0
2025-08-18 07:00:00+07:00,73.0,5.7,95.0,/dl/web/weather/ic-weather-04d.svg,Cần Thơ,0.4500650727800975,0,-0.6495115251558554,0
2025-08-18 09:00:00+07:00,53.0,11.1,88.0,/dl/web/weather/ic-weather-03d.svg,Cần Thơ,-0.3824415240344891,0,0.14259517819029818,0
2025-08-18 10:00:00+07:00,50.0,12.0,82.0,/dl/web/weather/ic-weather-04d.svg,Cần Thơ,-0.5073175135566771,0,0.27461296208132385,0
2025-08-18 11:00:00+07:00,44.0,13.0,73.0,/dl/web/weather/ic-weather-04d.svg,Cần Thơ,-0.757069492601053,0,0.42129938862690786,0
2025-08-18 12:00:00+07:00,39.0,12.5,63.0,/dl/web/weather/ic-weather-04d.svg,Cần Thơ,-0.9651961418046997,0,0.3479561753541158,0
2025-08-18 13:00:00+07:00,33.0,13.6,62.0,/dl/web/weather/ic-weather-04d.svg,Cần Thơ,-1.2149481208490758,0,0.5093112445542582,0
2025-08-18 14:00:00+07:00,44.0,13.7,69.0,/dl/web/weather/ic-weather-04d.svg,Cần Thơ,-0.757069492601053,0,0.5239798872088165,0
2025-08-18 15:00:00+07:00,55.0,14.0,63.0,/dl/web/weather/ic-weather-04d.svg,Cần Thơ,-0.29919086435303044,0,0.5679858151724918,0
2025-08-18 16:00:00+07:00,55.5,13.5,67.0,/dl/web/weather/ic-weather-04d.svg,Cần Thơ,-0.2783781994326658,0,0.49464260189969983,0
2025-08-18 17:00:00+07:00,55.0,11.5,76.0,/dl/web/weather/ic-weather-04d.svg,Cần Thơ,-0.29919086435303044,0,0.20126974880853182,0
2025-08-18 18:00:00+07:00,55.0,10.3,81.0,/dl/web/weather/ic-weather-04d.svg,Cần Thơ,-0.29919086435303044,0,0.025246036953831128,0
2025-08-18 19:00:00+07:00,76.67,8.9,83.0,/dl/web/weather/ic-weather-04n.svg,Cần Thơ,0.6028300332955742,0,-0.18011496020998655,0
2025-08-18 20:00:00+07:00,69.0,9.2,83.0,/dl/web/weather/ic-weather-04n.svg,Cần Thơ,0.28356375341718015,0,-0.1361090322463115,0
2025-08-18 21:00:00+07:00,62.0,8.4,90.0,/dl/web/weather/ic-weather-04n.svg,Cần Thơ,-0.007813555467925153,0,-0.25345817348277855,0
2025-08-18 22:00:00+07:00,62.0,11.6,91.0,/dl/web/weather/ic-weather-04n.svg,Cần Thơ,-0.007813555467925153,0,0.21593839146309018,0
2025-08-18 23:00:00+07:00,62.0,7.2,96.0,/dl/web/weather/ic-weather-04n.svg,Cần Thơ,-0.007813555467925153,0,-0.4294818853374794,0
2025-08-19 00:00:00+07:00,60.0,7.4,92.0,/dl/web/weather/ic-weather-04n.svg,Cần Thơ,-0.09106421514938381,0,-0.40014460002836255,0
2025-08-19 01:00:00+07:00,60.0,6.5,94.0,/dl/web/weather/ic-weather-04n.svg,Cần Thơ,-0.09106421514938381,0,-0.5321623839193882,0
2025-08-19 02:00:00+07:00,60.0,7.5,92.0,/dl/web/weather/ic-weather-04n.svg,Cần Thơ,-0.09106421514938381,0,-0.3854759573738042,0
2025-08-19 03:00:00+07:00,60.0,6.1,97.0,/dl/web/weather/ic-weather-04n.svg,Cần Thơ,-0.09106421514938381,0,-0.5908369545376219,0
2025-08-19 04:00:00+07:00,64.0,5.2,94.0,/dl/web/weather/ic-weather-04n.svg,Cần Thơ,0.07543710421353352,0,-0.7228547384286473,0
2025-08-19 05:00:00+07:00,68.0,5.4,97.0,/dl/web/weather/ic-weather-04n.svg,Cần Thơ,0.24193842357645082,0,-0.6935174531195306,0
2025-08-19 06:00:00+07:00,81.0,4.6,98.0,/dl/web/weather/ic-weather-04d.svg,Cần Thơ,0.7830677115059321,0,-0.8108665943559978,0
2025-08-19 09:00:00+07:00,86.0,7.5,88.0,/dl/web/weather/ic-weather-04d.svg,Cần Thơ,0.9911943607095788,0,-0.3854759573738042,0
2025-08-19 10:00:00+07:00,66.0,9.1,72.0,/dl/web/weather/ic-weather-04d.svg,Cần Thơ,0.15868776389499217,0,-0.15077767490086982,0
2025-08-19 11:00:00+07:00,66.0,8.9,69.0,/dl/web/weather/ic-weather-04d.svg,Cần Thơ,0.15868776389499217,0,-0.18011496020998655,0
2025-08-19 12:00:00+07:00,56.0,9.1,67.0,/dl/web/weather/ic-weather-04d.svg,Cần Thơ,-0.25756553451230113,0,-0.15077767490086982,0
2025-08-19 13:00:00+07:00,55.0,10.3,62.0,/dl/web/weather/ic-weather-04d.svg,Cần Thơ,-0.29919086435303044,0,0.025246036953831128,0
2025-08-19 14:00:00+07:00,53.0,10.3,63.0,/dl/web/weather/ic-weather-04d.svg,Cần Thơ,-0.3824415240344891,0,0.025246036953831128,0
2025-08-19 15:00:00+07:00,53.0,11.5,68.0,/dl/web/weather/ic-weather-04d.svg,Cần Thơ,-0.3824415240344891,0,0.20126974880853182,0
2025-08-19 16:00:00+07:00,50.0,11.8,59.0,/dl/web/weather/ic-weather-03d.svg,Cần Thơ,-0.5073175135566771,0,0.24527567677220713,0
2025-08-19 17:00:00+07:00,58.0,10.5,61.0,/dl/web/weather/ic-weather-03d.svg,Cần Thơ,-0.1743148748308425,0,0.05458332226294783,0
2025-08-19 18:00:00+07:00,53.0,8.4,72.0,/dl/web/weather/ic-weather-10d.svg,Cần Thơ,-0.3824415240344891,0,-0.25345817348277855,0
2025-08-19 19:00:00+07:00,62.0,7.3,73.0,/dl/web/weather/ic-weather-10n.svg,Cần Thơ,-0.007813555467925153,0,-0.414813242682921,0
2025-08-19 20:00:00+07:00,68.0,7.4,83.0,/dl/web/weather/ic-weather-01n.svg,Cần Thơ,0.24193842357645082,0,-0.40014460002836255,0
2025-08-19 21:00:00+07:00,75.0,7.2,78.0,/dl/web/weather/ic-weather-01n.svg,Cần Thơ,0.5333157324615562,0,-0.4294818853374794,0
2025-08-19 22:00:00+07:00,73.0,7.1,80.0,/dl/web/weather/ic-weather-01n.svg,Cần Thơ,0.4500650727800975,0,-0.44415052799203786,0
2025-08-19 23:00:00+07:00,68.0,7.0,96.0,/dl/web/weather/ic-weather-02n.svg,Cần Thơ,0.24193842357645082,0,-0.4588191706465962,0
2025-08-20 00:00:00+07:00,60.0,7.0,84.0,/dl/web/weather/ic-weather-03n.svg,Cần Thơ,-0.09106421514938381,0,-0.4588191706465962,0
2025-08-20 01:00:00+07:00,56.0,6.6,85.0,/dl/web/weather/ic-weather-03n.svg,Cần Thơ,-0.25756553451230113,0,-0.5174937412648298,0
2025-08-20 02:00:00+07:00,60.0,5.9,95.0,/dl/web/weather/ic-weather-04n.svg,Cần Thơ,-0.09106421514938381,0,-0.6201742398467386,0
2025-08-20 03:00:00+07:00,64.0,5.5,94.0,/dl/web/weather/ic-weather-04n.svg,Cần Thơ,0.07543710421353352,0,-0.6788488104649723,0
2025-08-20 04:00:00+07:00,62.0,5.4,94.0,/dl/web/weather/ic-weather-04n.svg,Cần Thơ,-0.007813555467925153,0,-0.6935174531195306,0
2025-08-20 05:00:00+07:00,56.0,4.9,96.0,/dl/web/weather/ic-weather-04n.svg,Cần Thơ,-0.25756553451230113,0,-0.7668606663923225,0
2025-08-20 06:00:00+07:00,58.0,4.6,95.0,/dl/web/weather/ic-weather-04d.svg,Cần Thơ,-0.1743148748308425,0,-0.8108665943559978,0
2025-08-20 08:00:00+07:00,62.0,7.0,79.0,/dl/web/weather/ic-weather-04d.svg,Cần Thơ,-0.007813555467925153,0,-0.4588191706465962,0
2025-08-20 10:00:00+07:00,62.0,8.7,75.0,/dl/web/weather/ic-weather-04d.svg,Cần Thơ,-0.007813555467925153,0,-0.2094522455191035,0
2025-08-20 11:00:00+07:00,44.0,8.6,64.0,/dl/web/weather/ic-weather-04d.svg,Cần Thơ,-0.757069492601053,0,-0.22412088817366185,0
2025-08-20 12:00:00+07:00,44.0,10.0,71.0,/dl/web/weather/ic-weather-04d.svg,Cần Thơ,-0.757069492601053,0,-0.01875989100984418,0
2025-08-20 13:00:00+07:00,44.0,10.8,59.0,/dl/web/weather/ic-weather-04d.svg,Cần Thơ,-0.757069492601053,0,0.09858925022662313,0
2025-08-20 14:00:00+07:00,50.0,10.8,68.0,/dl/web/weather/ic-weather-01d.svg,Cần Thơ,-0.5073175135566771,0,0.09858925022662313,0
2025-08-20 15:00:00+07:00,50.0,10.4,57.0,/dl/web/weather/ic-weather-04d.svg,Cần Thơ,-0.5073175135566771,0,0.03991467960838948,0
2025-08-20 16:00:00+07:00,71.0,11.1,56.0,/dl/web/weather/ic-weather-04d.svg,Cần Thơ,0.3668144130986388,0,0.14259517819029818,0
2025-08-20 17:00:00+07:00,58.0,10.0,60.0,/dl/web/weather/ic-weather-04d.svg,Cần Thơ,-0.1743148748308425,0,-0.01875989100984418,0
2025-08-20 18:00:00+07:00,60.0,9.4,66.0,/dl/web/weather/ic-weather-10d.svg,Cần Thơ,-0.09106421514938381,0,-0.10677174693719453,0
2025-08-20 19:00:00+07:00,64.0,8.8,70.0,/dl/web/weather/ic-weather-10n.svg,Cần Thơ,0.07543710421353352,0,-0.19478360286454488,0
2025-08-20 20:00:00+07:00,73.0,9.4,72.0,/dl/web/weather/ic-weather-04n.svg,Cần Thơ,0.4500650727800975,0,-0.10677174693719453,0
2025-08-20 21:00:00+07:00,69.0,6.0,77.0,/dl/web/weather/ic-weather-04n.svg,Cần Thơ,0.28356375341718015,0,-0.6055055971921802,0
2025-08-20 22:00:00+07:00,60.0,4.9,80.0,/dl/web/weather/ic-weather-04n.svg,Cần Thơ,-0.09106421514938381,0,-0.7668606663923225,0
2025-08-21 00:00:00+07:00,56.0,4.1,83.0,/dl/web/weather/ic-weather-04n.svg,Cần Thơ,-0.25756553451230113,0,-0.8842098076287899,0
2025-08-21 01:00:00+07:00,53.0,3.6,85.0,/dl/web/weather/ic-weather-04n.svg,Cần Thơ,-0.3824415240344891,0,-0.9575530209015819,0
2025-08-21 02:00:00+07:00,50.0,7.5,85.0,/dl/web/weather/ic-weather-10n.svg,Cần Thơ,-0.5073175135566771,0,-0.3854759573738042,0
2025-08-21 03:00:00+07:00,50.0,4.3,95.0,/dl/web/weather/ic-weather-10n.svg,Cần Thơ,-0.5073175135566771,0,-0.854872522319673,0
2025-08-21 04:00:00+07:00,50.0,8.4,90.0,/dl/web/weather/ic-weather-10n.svg,Cần Thơ,-0.5073175135566771,0,-0.25345817348277855,0
2025-08-21 05:00:00+07:00,53.0,5.2,90.0,/dl/web/weather/ic-weather-10n.svg,Cần Thơ,-0.3824415240344891,0,-0.7228547384286473,0
2025-08-21 06:00:00+07:00,56.0,5.0,93.0,/dl/web/weather/ic-weather-10d.svg,Cần Thơ,-0.25756553451230113,0,-0.7521920237377642,0
2025-08-21 08:00:00+07:00,60.0,7.6,97.0,/dl/web/weather/ic-weather-04d.svg,Cần Thơ,-0.09106421514938381,0,-0.37080731471924583,0
2025-08-21 10:00:00+07:00,50.0,5.4,89.0,/dl/web/weather/ic-weather-04d.svg,Cần Thơ,-0.5073175135566771,0,-0.6935174531195306,0
2025-08-21 11:00:00+07:00,44.0,6.6,86.0,/dl/web/weather/ic-weather-04d.svg,Cần Thơ,-0.757069492601053,0,-0.5174937412648298,0
2025-08-21 12:00:00+07:00,44.0,8.3,84.0,/dl/web/weather/ic-weather-04d.svg,Cần Thơ,-0.757069492601053,0,-0.2681268161373369,0
2025-08-21 13:00:00+07:00,39.0,7.2,84.0,/dl/web/weather/ic-weather-04d.svg,Cần Thơ,-0.9651961418046997,0,-0.4294818853374794,0
2025-08-21 14:00:00+07:00,50.0,7.4,77.0,/dl/web/weather/ic-weather-04d.svg,Cần Thơ,-0.5073175135566771,0,-0.40014460002836255,0
2025-08-21 15:00:00+07:00,50.0,7.2,89.0,/dl/web/weather/ic-weather-04d.svg,Cần Thơ,-0.5073175135566771,0,-0.4294818853374794,0
2025-08-21 16:00:00+07:00,50.0,7.5,92.0,/dl/web/weather/ic-weather-04d.svg,Cần Thơ,-0.5073175135566771,0,-0.3854759573738042,0
2025-08-21 17:00:00+07:00,33.0,5.5,92.0,/dl/web/weather/ic-weather-04d.svg,Cần Thơ,-1.2149481208490758,0,-0.6788488104649723,0
2025-08-21 18:00:00+07:00,39.0,5.6,92.0,/dl/web/weather/ic-weather-10d.svg,Cần Thơ,-0.9651961418046997,0,-0.6641801678104139,0
2025-08-21 19:00:00+07:00,39.0,3.6,97.0,/dl/web/weather/ic-weather-10n.svg,Cần Thơ,-0.9651961418046997,0,-0.9575530209015819,0
2025-08-21 20:00:00+07:00,28.0,4.2,98.0,/dl/web/weather/ic-weather-10n.svg,Cần Thơ,-1.4230747700527224,0,-0.8695411649742314,0
2025-08-21 21:00:00+07:00,17.0,4.0,96.0,/dl/web/weather/ic-weather-04n.svg,Cần Thơ,-1.880953398300745,0,-0.8988784502833482,0
2025-08-21 22:00:00+07:00,11.0,4.2,97.0,/dl/web/weather/ic-weather-04n.svg,Cần Thơ,-2.130705377345121,0,-0.8695411649742314,0
2025-08-21 23:00:00+07:00,39.0,4.2,97.0,/dl/web/weather/ic-weather-04n.svg,Cần Thơ,-0.9651961418046997,0,-0.8695411649742314,0
2025-08-22 00:00:00+07:00,22.0,3.1,93.0,/dl/web/weather/ic-weather-04n.svg,Cần Thơ,-1.6728267490970983,0,-1.030896234174374,0
2025-08-22 01:00:00+07:00,22.0,4.2,96.0,/dl/web/weather/ic-weather-04n.svg,Cần Thơ,-1.6728267490970983,0,-0.8695411649742314,0
2025-08-22 02:00:00+07:00,39.0,4.8,97.0,/dl/web/weather/ic-weather-04n.svg,Cần Thơ,-0.9651961418046997,0,-0.781529309046881,0
2025-08-22 03:00:00+07:00,39.0,3.8,97.0,/dl/web/weather/ic-weather-04n.svg,Cần Thơ,-0.9651961418046997,0,-0.9282157355924651,0
2025-08-22 04:00:00+07:00,44.0,4.1,93.0,/dl/web/weather/ic-weather-04n.svg,Cần Thơ,-0.757069492601053,0,-0.8842098076287899,0
2025-08-22 05:00:00+07:00,60.0,4.5,96.0,/dl/web/weather/ic-weather-04n.svg,Cần Thơ,-0.09106421514938381,0,-0.8255352370105562,0
2025-08-22 06:00:00+07:00,69.0,3.9,98.0,/dl/web/weather/ic-weather-04d.svg,Cần Thơ,0.28356375341718015,0,-0.9135470929379066,0
2025-08-22 08:00:00+07:00,53.0,5.5,95.0,/dl/web/weather/ic-weather-03d.svg,Cần Thơ,-0.3824415240344891,0,-0.6788488104649723,0
2025-08-22 10:00:00+07:00,53.0,7.5,79.0,/dl/web/weather/ic-weather-04d.svg,Cần Thơ,-0.3824415240344891,0,-0.3854759573738042,0
2025-08-22 11:00:00+07:00,53.0,8.8,60.0,/dl/web/weather/ic-weather-04d.svg,Cần Thơ,-0.3824415240344891,0,-0.19478360286454488,0
2025-08-22 12:00:00+07:00,50.0,9.2,66.0,/dl/web/weather/ic-weather-04d.svg,Cần Thơ,-0.5073175135566771,0,-0.1361090322463115,0
2025-08-22 13:00:00+07:00,56.0,15.1,60.0,/dl/web/weather/ic-weather-04d.svg,Cần Thơ,-0.25756553451230113,0,0.7293408843726342,0
2025-08-22 14:00:00+07:00,44.0,10.4,62.0,/dl/web/weather/ic-weather-04d.svg,Cần Thơ,-0.757069492601053,0,0.03991467960838948,0
2025-08-22 15:00:00+07:00,53.0,9.4,71.0,/dl/web/weather/ic-weather-04d.svg,Cần Thơ,-0.3824415240344891,0,-0.10677174693719453,0
2025-08-22 16:00:00+07:00,53.0,10.0,84.0,/dl/web/weather/ic-weather-10d.svg,Cần Thơ,-0.3824415240344891,0,-0.01875989100984418,0
2025-08-22 17:00:00+07:00,44.0,9.0,84.0,/dl/web/weather/ic-weather-04d.svg,Cần Thơ,-0.757069492601053,0,-0.16544631755542819,0
2025-08-22 18:00:00+07:00,53.0,7.2,83.0,/dl/web/weather/ic-weather-04d.svg,Cần Thơ,-0.3824415240344891,0,-0.4294818853374794,0
2025-08-22 19:00:00+07:00,53.0,5.8,93.0,/dl/web/weather/ic-weather-04n.svg,Cần Thơ,-0.3824415240344891,0,-0.6348428825012971,0
2025-08-22 20:00:00+07:00,17.0,5.5,86.0,/dl/web/weather/ic-weather-02n.svg,Cần Thơ,-1.880953398300745,0,-0.6788488104649723,0
2025-08-22 21:00:00+07:00,39.0,5.5,88.0,/dl/web/weather/ic-weather-02n.svg,Cần Thơ,-0.9651961418046997,0,-0.6788488104649723,0
2025-08-22 22:00:00+07:00,33.0,5.2,94.0,/dl/web/weather/ic-weather-02n.svg,Cần Thơ,-1.2149481208490758,0,-0.7228547384286473,0
2025-08-22 23:00:00+07:00,55.0,5.1,94.0,/dl/web/weather/ic-weather-02n.svg,Cần Thơ,-0.29919086435303044,0,-0.7375233810832059,0
2025-08-23 00:00:00+07:00,53.0,5.1,90.0,/dl/web/weather/ic-weather-03n.svg,Cần Thơ,-0.3824415240344891,0,-0.7375233810832059,0
2025-08-23 01:00:00+07:00,58.0,4.9,96.0,/dl/web/weather/ic-weather-03n.svg,Cần Thơ,-0.1743148748308425,0,-0.7668606663923225,0
2025-08-23 02:00:00+07:00,55.0,4.6,98.0,/dl/web/weather/ic-weather-04n.svg,Cần Thơ,-0.29919086435303044,0,-0.8108665943559978,0
2025-08-23 03:00:00+07:00,64.0,4.8,96.0,/dl/web/weather/ic-weather-04n.svg,Cần Thơ,0.07543710421353352,0,-0.781529309046881,0
2025-08-23 04:00:00+07:00,62.0,4.5,92.0,/dl/web/weather/ic-weather-04n.svg,Cần Thơ,-0.007813555467925153,0,-0.8255352370105562,0
2025-08-23 05:00:00+07:00,64.0,4.9,93.0,/dl/web/weather/ic-weather-04n.svg,Cần Thơ,0.07543710421353352,0,-0.7668606663923225,0
2025-08-23 06:00:00+07:00,66.0,5.2,97.0,/dl/web/weather/ic-weather-04d.svg,Cần Thơ,0.15868776389499217,0,-0.7228547384286473,0
2025-08-23 08:00:00+07:00,60.0,7.6,90.0,/dl/web/weather/ic-weather-04d.svg,Cần Thơ,-0.09106421514938381,0,-0.37080731471924583,0
2025-08-23 10:00:00+07:00,28.0,10.3,83.0,/dl/web/weather/ic-weather-03d.svg,Cần Thơ,-1.4230747700527224,0,0.025246036953831128,0
2025-08-23 11:00:00+07:00,11.0,12.2,78.0,/dl/web/weather/ic-weather-03d.svg,Cần Thơ,-2.130705377345121,0,0.3039502473904405,0
2025-08-23 12:00:00+07:00,11.0,13.1,74.0,/dl/web/weather/ic-weather-03d.svg,Cần Thơ,-2.130705377345121,0,0.4359680312814662,0
2025-08-23 13:00:00+07:00,11.0,13.5,66.0,/dl/web/weather/ic-weather-03d.svg,Cần Thơ,-2.130705377345121,0,0.49464260189969983,0
2025-08-23 14:00:00+07:00,11.0,13.3,63.0,/dl/web/weather/ic-weather-04d.svg,Cần Thơ,-2.130705377345121,0,0.46530531659058316,0
2025-08-23 15:00:00+07:00,17.0,13.0,67.0,/dl/web/weather/ic-weather-04d.svg,Cần Thơ,-1.880953398300745,0,0.42129938862690786,0
2025-08-23 16:00:00+07:00,17.0,13.9,77.0,/dl/web/weather/ic-weather-04d.svg,Cần Thơ,-1.880953398300745,0,0.5533171725179336,0
2025-08-23 17:00:00+07:00,17.0,12.4,79.0,/dl/web/weather/ic-weather-04d.svg,Cần Thơ,-1.880953398300745,0,0.33328753269955746,0
2025-08-23 18:00:00+07:00,17.0,11.0,72.0,/dl/web/weather/ic-weather-04d.svg,Cần Thơ,-1.880953398300745,0,0.12792653553573982,0
2025-08-23 19:00:00+07:00,39.0,8.4,76.0,/dl/web/weather/ic-weather-03n.svg,Cần Thơ,-0.9651961418046997,0,-0.25345817348277855,0
2025-08-23 20:00:00+07:00,33.0,7.9,80.0,/dl/web/weather/ic-weather-03n.svg,Cần Thơ,-1.2149481208490758,0,-0.3268013867555705,0
2025-08-23 21:00:00+07:00,33.0,7.5,94.0,/dl/web/weather/ic-weather-03n.svg,Cần Thơ,-1.2149481208490758,0,-0.3854759573738042,0
2025-08-23 22:00:00+07:00,39.0,7.6,96.0,/dl/web/weather/ic-weather-04n.svg,Cần Thơ,-0.9651961418046997,0,-0.37080731471924583,0
2025-08-23 23:00:00+07:00,22.0,7.6,84.0,/dl/web/weather/ic-weather-04n.svg,Cần Thơ,-1.6728267490970983,0,-0.37080731471924583,0
2025-08-24 00:00:00+07:00,17.0,7.6,92.0,/dl/web/weather/ic-weather-04n.svg,Cần Thơ,-1.880953398300745,0,-0.37080731471924583,0
2025-08-24 01:00:00+07:00,17.0,8.5,92.0,/dl/web/weather/ic-weather-04n.svg,Cần Thơ,-1.880953398300745,0,-0.2387895308282202,0
2025-08-24 02:00:00+07:00,17.0,7.7,93.0,/dl/web/weather/ic-weather-04n.svg,Cần Thơ,-1.880953398300745,0,-0.35613867206468736,0
2025-08-24 03:00:00+07:00,22.0,6.2,90.0,/dl/web/weather/ic-weather-04n.svg,Cần Thơ,-1.6728267490970983,0,-0.5761683118830634,0
2025-08-24 04:00:00+07:00,22.0,5.7,97.0,/dl/web/weather/ic-weather-04n.svg,Cần Thơ,-1.6728267490970983,0,-0.6495115251558554,0
2025-08-24 05:00:00+07:00,22.0,5.7,96.0,/dl/web/weather/ic-weather-04n.svg,Cần Thơ,-1.6728267490970983,0,-0.6495115251558554,0
2025-08-24 06:00:00+07:00,22.0,5.9,96.0,/dl/web/weather/ic-weather-04d.svg,Cần Thơ,-1.6728267490970983,0,-0.6201742398467386,0
2025-08-24 09:00:00+07:00,6.0,13.6,67.0,/dl/web/weather/ic-weather-04d.svg,Cần Thơ,-2.3388320265487677,0,0.5093112445542582,0
2025-08-24 10:00:00+07:00,11.0,15.1,72.0,/dl/web/weather/ic-weather-04d.svg,Cần Thơ,-2.130705377345121,0,0.7293408843726342,0
2025-08-24 11:00:00+07:00,17.0,16.8,56.0,/dl/web/weather/ic-weather-04d.svg,Cần Thơ,-1.880953398300745,0,0.9787078095001271,0
2025-08-24 12:00:00+07:00,17.0,17.9,55.0,/dl/web/weather/ic-weather-04d.svg,Cần Thơ,-1.880953398300745,0,1.1400628787002693,0
2025-08-24 13:00:00+07:00,17.0,18.2,68.0,/dl/web/weather/ic-weather-04d.svg,Cần Thơ,-1.880953398300745,0,1.1840688066639447,0
2025-08-24 14:00:00+07:00,17.0,18.7,65.0,/dl/web/weather/ic-weather-04d.svg,Cần Thơ,-1.880953398300745,0,1.2574120199367367,0
2025-08-24 15:00:00+07:00,28.0,17.1,74.0,/dl/web/weather/ic-weather-04d.svg,Cần Thơ,-1.4230747700527224,0,1.0227137374638025,0
2025-08-24 16:00:00+07:00,17.0,16.3,93.0,/dl/web/weather/ic-weather-04d.svg,Cần Thơ,-1.880953398300745,0,0.9053645962273352,0
2025-08-24 17:00:00+07:00,17.0,15.3,89.0,/dl/web/weather/ic-weather-04d.svg,Cần Thơ,-1.880953398300745,0,0.7586781696817512,0
2025-08-24 18:00:00+07:00,22.0,13.9,77.0,/dl/web/weather/ic-weather-04d.svg,Cần Thơ,-1.6728267490970983,0,0.5533171725179336,0
2025-08-24 19:00:00+07:00,22.0,11.6,89.0,/dl/web/weather/ic-weather-04n.svg,Cần Thơ,-1.6728267490970983,0,0.21593839146309018,0
2025-08-24 20:00:00+07:00,22.0,9.8,95.0,/dl/web/weather/ic-weather-04n.svg,Cần Thơ,-1.6728267490970983,0,-0.04809717631896088,0
2025-08-24 21:00:00+07:00,22.0,8.9,95.0,/dl/web/weather/ic-weather-04n.svg,Cần Thơ,-1.6728267490970983,0,-0.18011496020998655,0
2025-08-24 22:00:00+07:00,22.0,8.3,96.0,/dl/web/weather/ic-weather-04n.svg,Cần Thơ,-1.6728267490970983,0,-0.2681268161373369,0
2025-08-24 23:00:00+07:00,39.0,7.2,90.0,/dl/web/weather/ic-weather-04n.svg,Cần Thơ,-0.9651961418046997,0,-0.4294818853374794,0
2025-08-25 00:00:00+07:00,39.0,8.1,96.0,/dl/web/weather/ic-weather-04n.svg,Cần Thơ,-0.9651961418046997,0,-0.29746410144645385,0
2025-08-25 01:00:00+07:00,33.0,7.5,92.0,/dl/web/weather/ic-weather-04n.svg,Cần Thơ,-1.2149481208490758,0,-0.3854759573738042,0
2025-08-25 02:00:00+07:00,28.0,6.1,95.0,/dl/web/weather/ic-weather-04n.svg,Cần Thơ,-1.4230747700527224,0,-0.5908369545376219,0
2025-08-25 03:00:00+07:00,28.0,8.0,92.0,/dl/web/weather/ic-weather-04n.svg,Cần Thơ,-1.4230747700527224,0,-0.3121327441010122,0
2025-08-25 04:00:00+07:00,33.0,8.1,95.0,/dl/web/weather/ic-weather-04n.svg,Cần Thơ,-1.2149481208490758,0,-0.29746410144645385,0
2025-08-25 05:00:00+07:00,33.0,8.2,97.0,/dl/web/weather/ic-weather-04n.svg,Cần Thơ,-1.2149481208490758,0,-0.2827954587918955,0
2025-08-25 06:00:00+07:00,39.0,9.4,96.0,/dl/web/weather/ic-weather-04d.svg,Cần Thơ,-0.9651961418046997,0,-0.10677174693719453,0
2025-08-25 09:00:00+07:00,28.0,15.5,86.0,/dl/web/weather/ic-weather-04d.svg,Cần Thơ,-1.4230747700527224,0,0.7880154549908679,0
2025-08-25 10:00:00+07:00,22.0,16.0,93.0,/dl/web/weather/ic-weather-04d.svg,Cần Thơ,-1.6728267490970983,0,0.8613586682636599,0
2025-08-25 11:00:00+07:00,28.0,16.5,65.0,/dl/web/weather/ic-weather-04d.svg,Cần Thơ,-1.4230747700527224,0,0.9347018815364518,0
2025-08-25 12:00:00+07:00,11.0,16.9,62.0,/dl/web/weather/ic-weather-04d.svg,Cần Thơ,-2.130705377345121,0,0.9933764521546853,0
2025-08-25 13:00:00+07:00,11.0,17.4,74.0,/dl/web/weather/ic-weather-04d.svg,Cần Thơ,-2.130705377345121,0,1.0667196654274773,0
2025-08-25 14:00:00+07:00,17.0,17.7,59.0,/dl/web/weather/ic-weather-04d.svg,Cần Thơ,-1.880953398300745,0,1.1107255933911526,0
2025-08-25 15:00:00+07:00,28.0,17.6,80.0,/dl/web/weather/ic-weather-04d.svg,Cần Thơ,-1.4230747700527224,0,1.0960569507365945,0
2025-08-25 16:00:00+07:00,39.0,15.6,75.0,/dl/web/weather/ic-weather-04d.svg,Cần Thơ,-0.9651961418046997,0,0.8026840976454263,0
2025-08-25 17:00:00+07:00,39.0,12.9,82.0,/dl/web/weather/ic-weather-04d.svg,Cần Thơ,-0.9651961418046997,0,0.4066307459723495,0
2025-08-25 18:00:00+07:00,28.0,10.8,85.0,/dl/web/weather/ic-weather-04d.svg,Cần Thơ,-1.4230747700527224,0,0.09858925022662313,0
2025-08-25 19:00:00+07:00,28.0,9.9,88.0,/dl/web/weather/ic-weather-04n.svg,Cần Thơ,-1.4230747700527224,0,-0.03342853366440253,0
2025-08-25 20:00:00+07:00,22.0,8.6,91.0,/dl/web/weather/ic-weather-04n.svg,Cần Thơ,-1.6728267490970983,0,-0.22412088817366185,0
2025-08-25 21:00:00+07:00,17.0,7.8,84.0,/dl/web/weather/ic-weather-04n.svg,Cần Thơ,-1.880953398300745,0,-0.341470029410129,0
2025-08-25 22:00:00+07:00,22.0,6.2,93.0,/dl/web/weather/ic-weather-04n.svg,Cần Thơ,-1.6728267490970983,0,-0.5761683118830634,0
2025-08-25 23:00:00+07:00,22.0,6.4,87.0,/dl/web/weather/ic-weather-04n.svg,Cần Thơ,-1.6728267490970983,0,-0.5468310265739466,0
2025-08-26 00:00:00+07:00,28.0,6.1,97.0,/dl/web/weather/ic-weather-04n.svg,Cần Thơ,-1.4230747700527224,0,-0.5908369545376219,0
2025-08-26 01:00:00+07:00,11.0,10.2,95.0,/dl/web/weather/ic-weather-04n.svg,Cần Thơ,-2.130705377345121,0,0.010577394299272519,0
2025-08-26 02:00:00+07:00,17.0,8.0,97.0,/dl/web/weather/ic-weather-04n.svg,Cần Thơ,-1.880953398300745,0,-0.3121327441010122,0
2025-08-26 03:00:00+07:00,17.0,7.4,98.0,/dl/web/weather/ic-weather-04n.svg,Cần Thơ,-1.880953398300745,0,-0.40014460002836255,0
2025-08-26 04:00:00+07:00,22.0,6.4,95.0,/dl/web/weather/ic-weather-04n.svg,Cần Thơ,-1.6728267490970983,0,-0.5468310265739466,0
2025-08-26 05:00:00+07:00,28.0,5.7,96.0,/dl/web/weather/ic-weather-04n.svg,Cần Thơ,-1.4230747700527224,0,-0.6495115251558554,0
2025-08-26 06:00:00+07:00,39.0,4.9,92.0,/dl/web/weather/ic-weather-04d.svg,Cần Thơ,-0.9651961418046997,0,-0.7668606663923225,0
2025-08-26 09:00:00+07:00,33.0,10.6,94.0,/dl/web/weather/ic-weather-04d.svg,Cần Thơ,-1.2149481208490758,0,0.06925196491750617,0
2025-08-26 10:00:00+07:00,33.0,14.8,90.0,/dl/web/weather/ic-weather-04d.svg,Cần Thơ,-1.2149481208490758,0,0.6853349564089591,0
2025-08-26 11:00:00+07:00,56.0,15.5,76.0,/dl/web/weather/ic-weather-04d.svg,Cần Thơ,-0.25756553451230113,0,0.7880154549908679,0
2025-08-26 12:00:00+07:00,39.0,14.8,60.0,/dl/web/weather/ic-weather-04d.svg,Cần Thơ,-0.9651961418046997,0,0.6853349564089591,0
2025-08-26 13:00:00+07:00,33.0,13.9,55.0,/dl/web/weather/ic-weather-04d.svg,Cần Thơ,-1.2149481208490758,0,0.5533171725179336,0
2025-08-26 14:00:00+07:00,28.0,14.2,53.0,/dl/web/weather/ic-weather-04d.svg,Cần Thơ,-1.4230747700527224,0,0.5973231004816085,0
2025-08-26 15:00:00+07:00,28.0,14.6,62.0,/dl/web/weather/ic-weather-04d.svg,Cần Thơ,-1.4230747700527224,0,0.6559976710998422,0
2025-08-26 16:00:00+07:00,22.0,14.0,66.0,/dl/web/weather/ic-weather-04d.svg,Cần Thơ,-1.6728267490970983,0,0.5679858151724918,0
2025-08-26 17:00:00+07:00,22.0,10.9,67.0,/dl/web/weather/ic-weather-04d.svg,Cần Thơ,-1.6728267490970983,0,0.11325789288118147,0
2025-08-26 18:00:00+07:00,28.0,9.6,73.0,/dl/web/weather/ic-weather-04d.svg,Cần Thơ,-1.4230747700527224,0,-0.07743446162807784,0
2025-08-26 19:00:00+07:00,28.0,7.9,77.0,/dl/web/weather/ic-weather-04n.svg,Cần Thơ,-1.4230747700527224,0,-0.3268013867555705,0
2025-08-26 20:00:00+07:00,53.0,7.9,78.0,/dl/web/weather/ic-weather-04n.svg,Cần Thơ,-0.3824415240344891,0,-0.3268013867555705,0
2025-08-26 21:00:00+07:00,53.0,6.5,87.0,/dl/web/weather/ic-weather-04n.svg,Cần Thơ,-0.3824415240344891,0,-0.5321623839193882,0
2025-08-26 22:00:00+07:00,53.0,5.8,87.0,/dl/web/weather/ic-weather-04n.svg,Cần Thơ,-0.3824415240344891,0,-0.6348428825012971,0
2025-08-26 23:00:00+07:00,53.0,6.0,93.0,/dl/web/weather/ic-weather-04n.svg,Cần Thơ,-0.3824415240344891,0,-0.6055055971921802,0
2025-08-27 00:00:00+07:00,53.0,5.8,96.0,/dl/web/weather/ic-weather-04n.svg,Cần Thơ,-0.3824415240344891,0,-0.6348428825012971,0
2025-08-27 01:00:00+07:00,53.0,5.2,89.0,/dl/web/weather/ic-weather-04n.svg,Cần Thơ,-0.3824415240344891,0,-0.7228547384286473,0
2025-08-27 02:00:00+07:00,53.0,5.1,90.0,/dl/web/weather/ic-weather-04n.svg,Cần Thơ,-0.3824415240344891,0,-0.7375233810832059,0
2025-08-27 03:00:00+07:00,55.0,5.2,98.0,/dl/web/weather/ic-weather-04n.svg,Cần Thơ,-0.29919086435303044,0,-0.7228547384286473,0
2025-08-27 04:00:00+07:00,58.0,5.0,91.0,/dl/web/weather/ic-weather-04n.svg,Cần Thơ,-0.1743148748308425,0,-0.7521920237377642,0
2025-08-27 05:00:00+07:00,64.0,3.2,98.0,/dl/web/weather/ic-weather-04n.svg,Cần Thơ,0.07543710421353352,0,-1.0162275915198153,0
2025-08-27 06:00:00+07:00,68.0,3.8,97.0,/dl/web/weather/ic-weather-04d.svg,Cần Thơ,0.24193842357645082,0,-0.9282157355924651,0
2025-08-27 08:00:00+07:00,69.0,7.9,89.0,/dl/web/weather/ic-weather-04d.svg,Cần Thơ,0.28356375341718015,0,-0.3268013867555705,0
2025-08-27 10:00:00+07:00,55.0,11.9,57.0,/dl/web/weather/ic-weather-04d.svg,Cần Thơ,-0.29919086435303044,0,0.2599443194267655,0
2025-08-27 11:00:00+07:00,44.0,12.3,72.0,/dl/web/weather/ic-weather-04d.svg,Cần Thơ,-0.757069492601053,0,0.31861889004499916,0
2025-08-27 12:00:00+07:00,28.0,13.9,48.0,/dl/web/weather/ic-weather-04d.svg,Cần Thơ,-1.4230747700527224,0,0.5533171725179336,0
2025-08-27 13:00:00+07:00,22.0,15.6,59.0,/dl/web/weather/ic-weather-04d.svg,Cần Thơ,-1.6728267490970983,0,0.8026840976454263,0
2025-08-27 14:00:00+07:00,28.0,17.2,63.0,/dl/web/weather/ic-weather-04d.svg,Cần Thơ,-1.4230747700527224,0,1.0373823801183606,0
2025-08-27 15:00:00+07:00,44.0,13.0,64.0,/dl/web/weather/ic-weather-04d.svg,Cần Thơ,-0.757069492601053,0,0.42129938862690786,0
2025-08-27 16:00:00+07:00,50.0,10.3,67.0,/dl/web/weather/ic-weather-04d.svg,Cần Thơ,-0.5073175135566771,0,0.025246036953831128,0
2025-08-27 17:00:00+07:00,28.0,8.9,70.0,/dl/web/weather/ic-weather-04d.svg,Cần Thơ,-1.4230747700527224,0,-0.18011496020998655,0
2025-08-27 18:00:00+07:00,39.0,10.0,73.0,/dl/web/weather/ic-weather-04d.svg,Cần Thơ,-0.9651961418046997,0,-0.01875989100984418,0
2025-08-27 19:00:00+07:00,55.0,9.7,77.0,/dl/web/weather/ic-weather-04n.svg,Cần Thơ,-0.29919086435303044,0,-0.06276581897351949,0
2025-08-27 20:00:00+07:00,55.0,8.2,86.0,/dl/web/weather/ic-weather-04n.svg,Cần Thơ,-0.29919086435303044,0,-0.2827954587918955,0
2025-08-27 21:00:00+07:00,50.0,7.8,90.0,/dl/web/weather/ic-weather-04n.svg,Cần Thơ,-0.5073175135566771,0,-0.341470029410129,0
2025-08-27 22:00:00+07:00,33.0,7.4,86.0,/dl/web/weather/ic-weather-04n.svg,Cần Thơ,-1.2149481208490758,0,-0.40014460002836255,0
2025-08-27 23:00:00+07:00,55.0,7.7,79.0,/dl/web/weather/ic-weather-04n.svg,Cần Thơ,-0.29919086435303044,0,-0.35613867206468736,0
2025-08-28 00:00:00+07:00,28.0,8.1,79.0,/dl/web/weather/ic-weather-04n.svg,Cần Thơ,-1.4230747700527224,0,-0.29746410144645385,0
2025-08-28 01:00:00+07:00,28.0,7.8,95.0,/dl/web/weather/ic-weather-04n.svg,Cần Thơ,-1.4230747700527224,0,-0.341470029410129,0
2025-08-28 02:00:00+07:00,28.0,6.2,91.0,/dl/web/weather/ic-weather-04n.svg,Cần Thơ,-1.4230747700527224,0,-0.5761683118830634,0
2025-08-28 03:00:00+07:00,28.0,7.5,86.0,/dl/web/weather/ic-weather-04n.svg,Cần Thơ,-1.4230747700527224,0,-0.3854759573738042,0
2025-08-28 04:00:00+07:00,39.0,5.9,98.0,/dl/web/weather/ic-weather-04n.svg,Cần Thơ,-0.9651961418046997,0,-0.6201742398467386,0
2025-08-28 05:00:00+07:00,44.0,5.9,98.0,/dl/web/weather/ic-weather-04n.svg,Cần Thơ,-0.757069492601053,0,-0.6201742398467386,0
2025-08-28 06:00:00+07:00,44.0,5.2,90.0,/dl/web/weather/ic-weather-04d.svg,Cần Thơ,-0.757069492601053,0,-0.7228547384286473,0
2025-08-28 08:00:00+07:00,53.0,9.1,90.0,/dl/web/weather/ic-weather-04d.svg,Cần Thơ,-0.3824415240344891,0,-0.15077767490086982,0
2025-08-28 11:00:00+07:00,28.0,14.0,73.0,/dl/web/weather/ic-weather-04d.svg,Cần Thơ,-1.4230747700527224,0,0.5679858151724918,0
2025-08-28 12:00:00+07:00,22.0,15.5,60.0,/dl/web/weather/ic-weather-04d.svg,Cần Thơ,-1.6728267490970983,0,0.7880154549908679,0
2025-08-28 13:00:00+07:00,22.0,17.7,61.0,/dl/web/weather/ic-weather-04d.svg,Cần Thơ,-1.6728267490970983,0,1.1107255933911526,0
2025-08-28 14:00:00+07:00,22.0,18.6,69.0,/dl/web/weather/ic-weather-03d.svg,Cần Thơ,-1.6728267490970983,0,1.2427433772821785,0
2025-08-28 15:00:00+07:00,28.0,18.4,69.0,/dl/web/weather/ic-weather-03d.svg,Cần Thơ,-1.4230747700527224,0,1.2134060919730614,0
2025-08-28 16:00:00+07:00,55.0,17.4,60.0,/dl/web/weather/ic-weather-04d.svg,Cần Thơ,-0.29919086435303044,0,1.0667196654274773,0
2025-08-28 17:00:00+07:00,33.0,16.6,76.0,/dl/web/weather/ic-weather-04d.svg,Cần Thơ,-1.2149481208490758,0,0.9493705241910105,0
2025-08-28 18:00:00+07:00,33.0,15.7,78.0,/dl/web/weather/ic-weather-04d.svg,Cần Thơ,-1.2149481208490758,0,0.8173527402999846,0
2025-08-28 19:00:00+07:00,39.0,13.5,79.0,/dl/web/weather/ic-weather-04n.svg,Cần Thơ,-0.9651961418046997,0,0.49464260189969983,0
2025-08-28 20:00:00+07:00,33.0,12.6,82.0,/dl/web/weather/ic-weather-10n.svg,Cần Thơ,-1.2149481208490758,0,0.3626248180086742,0
2025-08-28 21:00:00+07:00,44.0,19.2,92.0,/dl/web/weather/ic-weather-10n.svg,Cần Thơ,-0.757069492601053,0,1.3307552332095285,0
2025-08-28 22:00:00+07:00,53.0,9.4,94.0,/dl/web/weather/ic-weather-04n.svg,Cần Thơ,-0.3824415240344891,0,-0.10677174693719453,0
2025-08-28 23:00:00+07:00,55.0,7.9,98.0,/dl/web/weather/ic-weather-04n.svg,Cần Thơ,-0.29919086435303044,0,-0.3268013867555705,0
2025-08-29 00:00:00+07:00,44.0,10.7,87.0,/dl/web/weather/ic-weather-04n.svg,Cần Thơ,-0.757069492601053,0,0.08392060757206453,0
2025-08-29 01:00:00+07:00,22.0,10.4,93.0,/dl/web/weather/ic-weather-04n.svg,Cần Thơ,-1.6728267490970983,0,0.03991467960838948,0
2025-08-29 02:00:00+07:00,22.0,9.6,95.0,/dl/web/weather/ic-weather-04n.svg,Cần Thơ,-1.6728267490970983,0,-0.07743446162807784,0
2025-08-29 03:00:00+07:00,22.0,8.1,96.0,/dl/web/weather/ic-weather-04n.svg,Cần Thơ,-1.6728267490970983,0,-0.29746410144645385,0
2025-08-29 04:00:00+07:00,11.0,8.3,96.0,/dl/web/weather/ic-weather-04n.svg,Cần Thơ,-2.130705377345121,0,-0.2681268161373369,0
2025-08-29 05:00:00+07:00,17.0,8.3,86.0,/dl/web/weather/ic-weather-04n.svg,Cần Thơ,-1.880953398300745,0,-0.2681268161373369,0
2025-08-29 06:00:00+07:00,22.0,8.4,88.0,/dl/web/weather/ic-weather-04d.svg,Cần Thơ,-1.6728267490970983,0,-0.25345817348277855,0
2025-08-29 08:00:00+07:00,50.0,12.3,80.0,/dl/web/weather/ic-weather-04d.svg,Cần Thơ,-0.5073175135566771,0,0.31861889004499916,0
2025-08-29 10:00:00+07:00,39.0,16.8,83.0,/dl/web/weather/ic-weather-04d.svg,Cần Thơ,-0.9651961418046997,0,0.9787078095001271,0
2025-08-29 11:00:00+07:00,39.0,18.3,75.0,/dl/web/weather/ic-weather-04d.svg,Cần Thơ,-0.9651961418046997,0,1.1987374493185032,0
2025-08-29 12:00:00+07:00,33.0,19.0,74.0,/dl/web/weather/ic-weather-04d.svg,Cần Thơ,-1.2149481208490758,0,1.301417947900412,0
2025-08-29 13:00:00+07:00,39.0,18.5,75.0,/dl/web/weather/ic-weather-04d.svg,Cần Thơ,-0.9651961418046997,0,1.22807473462762,0
2025-08-29 14:00:00+07:00,39.0,18.4,58.0,/dl/web/weather/ic-weather-10d.svg,Cần Thơ,-0.9651961418046997,0,1.2134060919730614,0
2025-08-29 15:00:00+07:00,33.0,18.6,78.0,/dl/web/weather/ic-weather-10d.svg,Cần Thơ,-1.2149481208490758,0,1.2427433772821785,0
2025-08-29 16:00:00+07:00,53.0,18.3,74.0,/dl/web/weather/ic-weather-10d.svg,Cần Thơ,-0.3824415240344891,0,1.1987374493185032,0
2025-08-29 17:00:00+07:00,56.0,16.2,84.0,/dl/web/weather/ic-weather-04d.svg,Cần Thơ,-0.25756553451230113,0,0.8906959535727765,0
2025-08-29 18:00:00+07:00,56.0,15.3,88.0,/dl/web/weather/ic-weather-04d.svg,Cần Thơ,-0.25756553451230113,0,0.7586781696817512,0
2025-08-29 19:00:00+07:00,56.0,13.0,80.0,/dl/web/weather/ic-weather-04n.svg,Cần Thơ,-0.25756553451230113,0,0.42129938862690786,0
2025-08-29 20:00:00+07:00,50.0,13.1,91.0,/dl/web/weather/ic-weather-10n.svg,Cần Thơ,-0.5073175135566771,0,0.4359680312814662,0
2025-08-29 21:00:00+07:00,56.0,13.0,96.0,/dl/web/weather/ic-weather-10n.svg,Cần Thơ,-0.25756553451230113,0,0.42129938862690786,0
2025-08-29 22:00:00+07:00,64.0,12.2,96.0,/dl/web/weather/ic-weather-04n.svg,Cần Thơ,0.07543710421353352,0,0.3039502473904405,0
2025-08-29 23:00:00+07:00,58.0,10.3,86.0,/dl/web/weather/ic-weather-04n.svg,Cần Thơ,-0.1743148748308425,0,0.025246036953831128,0
2025-08-30 00:00:00+07:00,56.0,9.2,90.0,/dl/web/weather/ic-weather-04n.svg,Cần Thơ,-0.25756553451230113,0,-0.1361090322463115,0
2025-08-30 01:00:00+07:00,53.0,13.9,95.0,/dl/web/weather/ic-weather-04n.svg,Cần Thơ,-0.3824415240344891,0,0.5533171725179336,0
2025-08-30 02:00:00+07:00,55.0,9.8,95.0,/dl/web/weather/ic-weather-04n.svg,Cần Thơ,-0.29919086435303044,0,-0.04809717631896088,0
2025-08-30 03:00:00+07:00,53.0,11.5,97.0,/dl/web/weather/ic-weather-04n.svg,Cần Thơ,-0.3824415240344891,0,0.20126974880853182,0
2025-08-30 04:00:00+07:00,53.0,11.0,97.0,/dl/web/weather/ic-weather-04n.svg,Cần Thơ,-0.3824415240344891,0,0.12792653553573982,0
2025-08-30 05:00:00+07:00,53.0,11.8,88.0,/dl/web/weather/ic-weather-04n.svg,Cần Thơ,-0.3824415240344891,0,0.24527567677220713,0
2025-08-30 06:00:00+07:00,50.0,12.4,93.0,/dl/web/weather/ic-weather-04d.svg,Cần Thơ,-0.5073175135566771,0,0.33328753269955746,0
2025-08-30 08:00:00+07:00,17.0,12.9,88.0,/dl/web/weather/ic-weather-04d.svg,Cần Thơ,-1.880953398300745,0,0.4066307459723495,0
2025-08-30 10:00:00+07:00,22.5,15.75,87.0,/dl/web/weather/ic-weather-04d.svg,Cần Thơ,-1.6520140841767337,0,0.8246870616272639,0
2025-08-30 11:00:00+07:00,28.0,16.8,87.0,/dl/web/weather/ic-weather-04d.svg,Cần Thơ,-1.4230747700527224,0,0.9787078095001271,0
2025-08-30 12:00:00+07:00,33.0,17.2,59.0,/dl/web/weather/ic-weather-04d.svg,Cần Thơ,-1.2149481208490758,0,1.0373823801183606,0
2025-08-30 13:00:00+07:00,39.0,18.0,74.0,/dl/web/weather/ic-weather-04d.svg,Cần Thơ,-0.9651961418046997,0,1.154731521354828,0
2025-08-30 14:00:00+07:00,17.0,18.1,66.0,/dl/web/weather/ic-weather-04d.svg,Cần Thơ,-1.880953398300745,0,1.1694001640093865,0
2025-08-30 15:00:00+07:00,22.0,17.0,79.0,/dl/web/weather/ic-weather-04d.svg,Cần Thơ,-1.6728267490970983,0,1.0080450948092439,0
2025-08-30 16:00:00+07:00,17.0,14.2,90.0,/dl/web/weather/ic-weather-04d.svg,Cần Thơ,-1.880953398300745,0,0.5973231004816085,0
2025-08-30 17:00:00+07:00,28.0,13.4,89.0,/dl/web/weather/ic-weather-04d.svg,Cần Thơ,-1.4230747700527224,0,0.4799739592451415,0
2025-08-30 18:00:00+07:00,44.0,12.4,90.0,/dl/web/weather/ic-weather-04d.svg,Cần Thơ,-0.757069492601053,0,0.33328753269955746,0
2025-08-30 19:00:00+07:00,39.0,11.0,86.0,/dl/web/weather/ic-weather-04n.svg,Cần Thơ,-0.9651961418046997,0,0.12792653553573982,0
2025-08-30 20:00:00+07:00,44.0,8.7,94.0,/dl/web/weather/ic-weather-04n.svg,Cần Thơ,-0.757069492601053,0,-0.2094522455191035,0
2025-08-30 21:00:00+07:00,50.0,7.2,98.0,/dl/web/weather/ic-weather-04n.svg,Cần Thơ,-0.5073175135566771,0,-0.4294818853374794,0
2025-08-30 22:00:00+07:00,53.0,8.0,88.0,/dl/web/weather/ic-weather-04n.svg,Cần Thơ,-0.3824415240344891,0,-0.3121327441010122,0
2025-08-30 23:00:00+07:00,53.0,9.1,93.0,/dl/web/weather/ic-weather-04n.svg,Cần Thơ,-0.3824415240344891,0,-0.15077767490086982,0
2025-08-31 00:00:00+07:00,50.0,7.9,98.0,/dl/web/weather/ic-weather-04n.svg,Cần Thơ,-0.5073175135566771,0,-0.3268013867555705,0
2025-08-31 01:00:00+07:00,50.0,8.2,94.0,/dl/web/weather/ic-weather-04n.svg,Cần Thơ,-0.5073175135566771,0,-0.2827954587918955,0
2025-08-31 02:00:00+07:00,44.0,8.1,97.0,/dl/web/weather/ic-weather-04n.svg,Cần Thơ,-0.757069492601053,0,-0.29746410144645385,0
2025-08-31 03:00:00+07:00,44.0,7.8,96.0,/dl/web/weather/ic-weather-04n.svg,Cần Thơ,-0.757069492601053,0,-0.341470029410129,0
2025-08-31 04:00:00+07:00,39.0,7.4,98.0,/dl/web/weather/ic-weather-04n.svg,Cần Thơ,-0.9651961418046997,0,-0.40014460002836255,0
2025-08-31 05:00:00+07:00,56.0,6.9,97.0,/dl/web/weather/ic-weather-04n.svg,Cần Thơ,-0.25756553451230113,0,-0.4734878133011545,0
2025-08-31 06:00:00+07:00,58.0,6.6,98.0,/dl/web/weather/ic-weather-04d.svg,Cần Thơ,-0.1743148748308425,0,-0.5174937412648298,0
2025-08-31 09:00:00+07:00,28.0,11.8,80.0,/dl/web/weather/ic-weather-04d.svg,Cần Thơ,-1.4230747700527224,0,0.24527567677220713,0
2025-08-31 10:00:00+07:00,39.0,15.0,84.0,/dl/web/weather/ic-weather-04d.svg,Cần Thơ,-0.9651961418046997,0,0.7146722417180759,0
2025-08-31 11:00:00+07:00,33.0,15.5,79.0,/dl/web/weather/ic-weather-04d.svg,Cần Thơ,-1.2149481208490758,0,0.7880154549908679,0
2025-08-31 12:00:00+07:00,28.0,15.7,76.0,/dl/web/weather/ic-weather-04d.svg,Cần Thơ,-1.4230747700527224,0,0.8173527402999846,0
2025-08-31 13:00:00+07:00,17.0,16.7,78.0,/dl/web/weather/ic-weather-10d.svg,Cần Thơ,-1.880953398300745,0,0.9640391668455686,0
2025-08-31 14:00:00+07:00,22.0,16.5,82.0,/dl/web/weather/ic-weather-10d.svg,Cần Thơ,-1.6728267490970983,0,0.9347018815364518,0
2025-08-31 15:00:00+07:00,17.0,17.8,59.0,/dl/web/weather/ic-weather-10d.svg,Cần Thơ,-1.880953398300745,0,1.1253942360457112,0
2025-08-31 16:00:00+07:00,33.0,16.3,87.0,/dl/web/weather/ic-weather-04d.svg,Cần Thơ,-1.2149481208490758,0,0.9053645962273352,0
2025-08-31 17:00:00+07:00,39.0,14.7,89.0,/dl/web/weather/ic-weather-04d.svg,Cần Thơ,-0.9651961418046997,0,0.6706663137544006,0
2025-08-31 18:00:00+07:00,28.0,12.8,87.0,/dl/web/weather/ic-weather-04d.svg,Cần Thơ,-1.4230747700527224,0,0.39196210331779113,0
2025-08-31 19:00:00+07:00,33.0,10.9,80.0,/dl/web/weather/ic-weather-04n.svg,Cần Thơ,-1.2149481208490758,0,0.11325789288118147,0
2025-08-31 20:00:00+07:00,17.0,10.3,85.0,/dl/web/weather/ic-weather-03n.svg,Cần Thơ,-1.880953398300745,0,0.025246036953831128,0
2025-08-31 21:00:00+07:00,17.0,9.9,87.0,/dl/web/weather/ic-weather-04n.svg,Cần Thơ,-1.880953398300745,0,-0.03342853366440253,0
2025-08-31 22:00:00+07:00,28.0,9.1,94.0,/dl/web/weather/ic-weather-04n.svg,Cần Thơ,-1.4230747700527224,0,-0.15077767490086982,0
2025-08-31 23:00:00+07:00,22.0,10.2,94.0,/dl/web/weather/ic-weather-04n.svg,Cần Thơ,-1.6728267490970983,0,0.010577394299272519,0
2025-09-01 00:00:00+07:00,11.0,10.3,96.0,/dl/web/weather/ic-weather-04n.svg,Cần Thơ,-2.130705377345121,0,0.025246036953831128,0
2025-09-01 01:00:00+07:00,17.0,9.5,92.0,/dl/web/weather/ic-weather-10n.svg,Cần Thơ,-1.880953398300745,0,-0.09210310428263618,0
2025-09-01 02:00:00+07:00,39.0,8.8,97.0,/dl/web/weather/ic-weather-04n.svg,Cần Thơ,-0.9651961418046997,0,-0.19478360286454488,0
2025-09-01 03:00:00+07:00,28.0,8.5,97.0,/dl/web/weather/ic-weather-04n.svg,Cần Thơ,-1.4230747700527224,0,-0.2387895308282202,0
2025-09-01 04:00:00+07:00,28.0,7.5,97.0,/dl/web/weather/ic-weather-04n.svg,Cần Thơ,-1.4230747700527224,0,-0.3854759573738042,0
2025-09-01 05:00:00+07:00,22.0,6.7,96.0,/dl/web/weather/ic-weather-04n.svg,Cần Thơ,-1.6728267490970983,0,-0.5028250986102714,0
2025-09-01 06:00:00+07:00,33.0,6.6,95.0,/dl/web/weather/ic-weather-04d.svg,Cần Thơ,-1.2149481208490758,0,-0.5174937412648298,0
2025-09-01 09:00:00+07:00,28.0,15.2,88.0,/dl/web/weather/ic-weather-04d.svg,Cần Thơ,-1.4230747700527224,0,0.7440095270271926,0
2025-09-01 10:00:00+07:00,22.0,17.2,85.0,/dl/web/weather/ic-weather-04d.svg,Cần Thơ,-1.6728267490970983,0,1.0373823801183606,0
2025-09-01 11:00:00+07:00,22.0,16.0,91.0,/dl/web/weather/ic-weather-04d.svg,Cần Thơ,-1.6728267490970983,0,0.8613586682636599,0
2025-09-01 12:00:00+07:00,17.0,14.0,89.0,/dl/web/weather/ic-weather-04d.svg,Cần Thơ,-1.880953398300745,0,0.5679858151724918,0
2025-09-01 13:00:00+07:00,22.0,17.0,84.0,/dl/web/weather/ic-weather-04d.svg,Cần Thơ,-1.6728267490970983,0,1.0080450948092439,0
2025-09-01 14:00:00+07:00,11.0,17.8,85.0,/dl/web/weather/ic-weather-10d.svg,Cần Thơ,-2.130705377345121,0,1.1253942360457112,0
2025-09-01 15:00:00+07:00,17.0,17.1,85.0,/dl/web/weather/ic-weather-10d.svg,Cần Thơ,-1.880953398300745,0,1.0227137374638025,0
2025-09-01 16:00:00+07:00,22.0,15.3,82.0,/dl/web/weather/ic-weather-10d.svg,Cần Thơ,-1.6728267490970983,0,0.7586781696817512,0
2025-09-01 17:00:00+07:00,22.0,21.1,83.0,/dl/web/weather/ic-weather-10d.svg,Cần Thơ,-1.6728267490970983,0,1.6094594436461385,0
2025-09-01 18:00:00+07:00,22.0,11.5,85.0,/dl/web/weather/ic-weather-04d.svg,Cần Thơ,-1.6728267490970983,0,0.20126974880853182,0
2025-09-01 19:00:00+07:00,17.0,10.5,82.0,/dl/web/weather/ic-weather-04n.svg,Cần Thơ,-1.880953398300745,0,0.05458332226294783,0
2025-09-01 20:00:00+07:00,17.0,10.0,95.0,/dl/web/weather/ic-weather-04n.svg,Cần Thơ,-1.880953398300745,0,-0.01875989100984418,0
2025-09-01 21:00:00+07:00,11.0,10.3,81.0,/dl/web/weather/ic-weather-04n.svg,Cần Thơ,-2.130705377345121,0,0.025246036953831128,0
2025-09-01 22:00:00+07:00,17.0,10.2,82.0,/dl/web/weather/ic-weather-04n.svg,Cần Thơ,-1.880953398300745,0,0.010577394299272519,0
2025-09-01 23:00:00+07:00,56.0,9.3,82.0,/dl/web/weather/ic-weather-04n.svg,Cần Thơ,-0.25756553451230113,0,-0.12144038959175288,0
2025-09-02 00:00:00+07:00,28.0,8.3,96.0,/dl/web/weather/ic-weather-04n.svg,Cần Thơ,-1.4230747700527224,0,-0.2681268161373369,0
2025-09-02 01:00:00+07:00,28.0,8.5,92.0,/dl/web/weather/ic-weather-04n.svg,Cần Thơ,-1.4230747700527224,0,-0.2387895308282202,0
2025-09-02 02:00:00+07:00,62.0,8.2,96.0,/dl/web/weather/ic-weather-04n.svg,Cần Thơ,-0.007813555467925153,0,-0.2827954587918955,0
2025-09-02 03:00:00+07:00,55.0,7.4,84.0,/dl/web/weather/ic-weather-04n.svg,Cần Thơ,-0.29919086435303044,0,-0.40014460002836255,0
2025-09-02 04:00:00+07:00,55.0,6.4,86.0,/dl/web/weather/ic-weather-04n.svg,Cần Thơ,-0.29919086435303044,0,-0.5468310265739466,0
2025-09-02 05:00:00+07:00,60.0,5.1,97.0,/dl/web/weather/ic-weather-04n.svg,Cần Thơ,-0.09106421514938381,0,-0.7375233810832059,0
2025-09-02 06:00:00+07:00,28.0,5.4,96.0,/dl/web/weather/ic-weather-04d.svg,Cần Thơ,-1.4230747700527224,0,-0.6935174531195306,0
2025-09-02 08:00:00+07:00,17.0,10.7,94.0,/dl/web/weather/ic-weather-04d.svg,Cần Thơ,-1.880953398300745,0,0.08392060757206453,0
2025-09-02 10:00:00+07:00,22.0,12.7,83.0,/dl/web/weather/ic-weather-04d.svg,Cần Thơ,-1.6728267490970983,0,0.37729346066323255,0
2025-09-02 11:00:00+07:00,33.0,14.6,83.0,/dl/web/weather/ic-weather-04d.svg,Cần Thơ,-1.2149481208490758,0,0.6559976710998422,0
2025-09-02 12:00:00+07:00,33.0,14.9,75.0,/dl/web/weather/ic-weather-04d.svg,Cần Thơ,-1.2149481208490758,0,0.7000035990635175,0
2025-09-02 13:00:00+07:00,17.0,10.2,76.0,/dl/web/weather/ic-weather-04d.svg,Cần Thơ,-1.880953398300745,0,0.010577394299272519,0
2025-09-02 14:00:00+07:00,17.0,9.0,78.0,/dl/web/weather/ic-weather-04d.svg,Cần Thơ,-1.880953398300745,0,-0.16544631755542819,0
2025-09-02 15:00:00+07:00,17.0,10.7,79.0,/dl/web/weather/ic-weather-04d.svg,Cần Thơ,-1.880953398300745,0,0.08392060757206453,0
2025-09-02 16:00:00+07:00,17.0,10.6,76.0,/dl/web/weather/ic-weather-04d.svg,Cần Thơ,-1.880953398300745,0,0.06925196491750617,0
2025-09-02 17:00:00+07:00,17.0,9.0,84.0,/dl/web/weather/ic-weather-04d.svg,Cần Thơ,-1.880953398300745,0,-0.16544631755542819,0
2025-09-02 18:00:00+07:00,17.0,7.9,84.0,/dl/web/weather/ic-weather-04d.svg,Cần Thơ,-1.880953398300745,0,-0.3268013867555705,0
2025-09-02 19:00:00+07:00,17.0,7.8,86.0,/dl/web/weather/ic-weather-04n.svg,Cần Thơ,-1.880953398300745,0,-0.341470029410129,0
2025-09-02 20:00:00+07:00,54.0,6.7,86.0,/dl/web/weather/ic-weather-04n.svg,Cần Thơ,-0.3408161941937598,0,-0.5028250986102714,0
2025-09-02 21:00:00+07:00,60.0,6.7,97.0,/dl/web/weather/ic-weather-04n.svg,Cần Thơ,-0.09106421514938381,0,-0.5028250986102714,0
2025-09-02 22:00:00+07:00,64.0,6.7,97.0,/dl/web/weather/ic-weather-04n.svg,Cần Thơ,0.07543710421353352,0,-0.5028250986102714,0
2025-09-02 23:00:00+07:00,28.0,7.2,97.0,/dl/web/weather/ic-weather-10n.svg,Cần Thơ,-1.4230747700527224,0,-0.4294818853374794,0
2025-09-03 00:00:00+07:00,28.0,5.6,92.0,/dl/web/weather/ic-weather-04n.svg,Cần Thơ,-1.4230747700527224,0,-0.6641801678104139,0
2025-09-03 01:00:00+07:00,28.0,4.6,97.0,/dl/web/weather/ic-weather-04n.svg,Cần Thơ,-1.4230747700527224,0,-0.8108665943559978,0
2025-09-03 02:00:00+07:00,22.0,4.0,94.0,/dl/web/weather/ic-weather-04n.svg,Cần Thơ,-1.6728267490970983,0,-0.8988784502833482,0
2025-09-03 03:00:00+07:00,22.0,3.7,98.0,/dl/web/weather/ic-weather-04n.svg,Cần Thơ,-1.6728267490970983,0,-0.9428843782470234,0
2025-09-03 04:00:00+07:00,33.0,3.5,98.0,/dl/web/weather/ic-weather-04n.svg,Cần Thơ,-1.2149481208490758,0,-0.9722216635561403,0
2025-09-03 05:00:00+07:00,50.0,6.4,98.0,/dl/web/weather/ic-weather-04n.svg,Cần Thơ,-0.5073175135566771,0,-0.5468310265739466,0
2025-09-03 06:00:00+07:00,55.0,4.2,98.0,/dl/web/weather/ic-weather-04d.svg,Cần Thơ,-0.29919086435303044,0,-0.8695411649742314,0
2025-09-03 08:00:00+07:00,53.0,4.5,86.0,/dl/web/weather/ic-weather-04d.svg,Cần Thơ,-0.3824415240344891,0,-0.8255352370105562,0
2025-09-03 09:00:00+07:00,53.0,6.2,79.0,/dl/web/weather/ic-weather-04d.svg,Cần Thơ,-0.3824415240344891,0,-0.5761683118830634,0
2025-09-03 10:00:00+07:00,44.0,4.9,86.0,/dl/web/weather/ic-weather-04d.svg,Cần Thơ,-0.757069492601053,0,-0.7668606663923225,0
2025-09-03 11:00:00+07:00,28.0,6.0,78.0,/dl/web/weather/ic-weather-04d.svg,Cần Thơ,-1.4230747700527224,0,-0.6055055971921802,0
2025-09-03 12:00:00+07:00,28.0,6.1,77.0,/dl/web/weather/ic-weather-04d.svg,Cần Thơ,-1.4230747700527224,0,-0.5908369545376219,0
2025-09-03 13:00:00+07:00,22.0,10.0,74.0,/dl/web/weather/ic-weather-04d.svg,Cần Thơ,-1.6728267490970983,0,-0.01875989100984418,0
2025-09-03 14:00:00+07:00,17.0,12.8,76.0,/dl/web/weather/ic-weather-04d.svg,Cần Thơ,-1.880953398300745,0,0.39196210331779113,0
2025-09-03 15:00:00+07:00,33.0,15.5,71.0,/dl/web/weather/ic-weather-10d.svg,Cần Thơ,-1.2149481208490758,0,0.7880154549908679,0
2025-09-03 16:00:00+07:00,39.0,15.6,62.0,/dl/web/weather/ic-weather-04d.svg,Cần Thơ,-0.9651961418046997,0,0.8026840976454263,0
2025-09-03 17:00:00+07:00,28.0,13.7,92.0,/dl/web/weather/ic-weather-10d.svg,Cần Thơ,-1.4230747700527224,0,0.5239798872088165,0
2025-09-03 18:00:00+07:00,28.0,12.4,94.0,/dl/web/weather/ic-weather-10d.svg,Cần Thơ,-1.4230747700527224,0,0.33328753269955746,0
2025-09-03 19:00:00+07:00,39.0,10.4,88.0,/dl/web/weather/ic-weather-04n.svg,Cần Thơ,-0.9651961418046997,0,0.03991467960838948,0
2025-09-03 20:00:00+07:00,39.0,9.7,96.0,/dl/web/weather/ic-weather-04n.svg,Cần Thơ,-0.9651961418046997,0,-0.06276581897351949,0
2025-09-03 21:00:00+07:00,39.0,9.4,96.0,/dl/web/weather/ic-weather-04n.svg,Cần Thơ,-0.9651961418046997,0,-0.10677174693719453,0
2025-09-03 22:00:00+07:00,58.0,9.0,97.0,/dl/web/weather/ic-weather-04n.svg,Cần Thơ,-0.1743148748308425,0,-0.16544631755542819,0
2025-09-03 23:00:00+07:00,53.0,8.9,97.0,/dl/web/weather/ic-weather-04n.svg,Cần Thơ,-0.3824415240344891,0,-0.18011496020998655,0
2025-09-04 00:00:00+07:00,44.0,9.1,97.0,/dl/web/weather/ic-weather-04n.svg,Cần Thơ,-0.757069492601053,0,-0.15077767490086982,0
2025-09-04 01:00:00+07:00,33.0,8.2,97.0,/dl/web/weather/ic-weather-04n.svg,Cần Thơ,-1.2149481208490758,0,-0.2827954587918955,0
2025-09-04 02:00:00+07:00,22.0,7.9,96.0,/dl/web/weather/ic-weather-04n.svg,Cần Thơ,-1.6728267490970983,0,-0.3268013867555705,0
2025-09-04 03:00:00+07:00,22.0,7.3,96.0,/dl/web/weather/ic-weather-04n.svg,Cần Thơ,-1.6728267490970983,0,-0.414813242682921,0
2025-09-04 04:00:00+07:00,22.0,6.8,98.0,/dl/web/weather/ic-weather-04n.svg,Cần Thơ,-1.6728267490970983,0,-0.48815645595571305,0
2025-09-04 05:00:00+07:00,22.0,6.6,98.0,/dl/web/weather/ic-weather-04n.svg,Cần Thơ,-1.6728267490970983,0,-0.5174937412648298,0
2025-09-04 06:00:00+07:00,33.0,5.8,98.0,/dl/web/weather/ic-weather-04d.svg,Cần Thơ,-1.2149481208490758,0,-0.6348428825012971,0
2025-09-04 08:00:00+07:00,28.0,9.2,90.0,/dl/web/weather/ic-weather-04d.svg,Cần Thơ,-1.4230747700527224,0,-0.1361090322463115,0
2025-09-04 10:00:00+07:00,19.5,12.85,84.5,/dl/web/weather/ic-weather-04d.svg,Cần Thơ,-1.7768900736989217,0,0.3992964246450702,0
2025-09-04 11:00:00+07:00,17.0,13.8,79.0,/dl/web/weather/ic-weather-04d.svg,Cần Thơ,-1.880953398300745,0,0.5386485298633752,0
2025-09-04 12:00:00+07:00,17.0,14.1,75.0,/dl/web/weather/ic-weather-04d.svg,Cần Thơ,-1.880953398300745,0,0.5826544578270502,0
2025-09-04 13:00:00+07:00,17.0,13.6,70.0,/dl/web/weather/ic-weather-04d.svg,Cần Thơ,-1.880953398300745,0,0.5093112445542582,0
2025-09-04 14:00:00+07:00,11.0,13.9,67.0,/dl/web/weather/ic-weather-04d.svg,Cần Thơ,-2.130705377345121,0,0.5533171725179336,0
2025-09-04 15:00:00+07:00,33.0,23.3,66.0,/dl/web/weather/ic-weather-04d.svg,Cần Thơ,-1.2149481208490758,0,1.9321695820464233,0
2025-09-04 16:00:00+07:00,28.0,14.1,91.0,/dl/web/weather/ic-weather-04d.svg,Cần Thơ,-1.4230747700527224,0,0.5826544578270502,0
2025-09-04 17:00:00+07:00,39.0,13.0,92.0,/dl/web/weather/ic-weather-04d.svg,Cần Thơ,-0.9651961418046997,0,0.42129938862690786,0
2025-09-04 18:00:00+07:00,55.0,11.1,90.0,/dl/web/weather/ic-weather-04d.svg,Cần Thơ,-0.29919086435303044,0,0.14259517819029818,0
2025-09-04 19:00:00+07:00,50.0,9.7,91.0,/dl/web/weather/ic-weather-04n.svg,Cần Thơ,-0.5073175135566771,0,-0.06276581897351949,0
2025-09-04 20:00:00+07:00,28.0,9.3,96.0,/dl/web/weather/ic-weather-04n.svg,Cần Thơ,-1.4230747700527224,0,-0.12144038959175288,0
2025-09-04 21:00:00+07:00,22.0,8.8,96.0,/dl/web/weather/ic-weather-04n.svg,Cần Thơ,-1.6728267490970983,0,-0.19478360286454488,0
2025-09-04 22:00:00+07:00,39.0,8.5,94.0,/dl/web/weather/ic-weather-04n.svg,Cần Thơ,-0.9651961418046997,0,-0.2387895308282202,0
2025-09-04 23:00:00+07:00,33.0,8.7,97.0,/dl/web/weather/ic-weather-04n.svg,Cần Thơ,-1.2149481208490758,0,-0.2094522455191035,0
2025-09-05 00:00:00+07:00,28.0,9.0,97.0,/dl/web/weather/ic-weather-04n.svg,Cần Thơ,-1.4230747700527224,0,-0.16544631755542819,0
2025-09-05 01:00:00+07:00,22.0,8.1,95.0,/dl/web/weather/ic-weather-04n.svg,Cần Thơ,-1.6728267490970983,0,-0.29746410144645385,0
2025-09-05 02:00:00+07:00,22.0,7.4,98.0,/dl/web/weather/ic-weather-04n.svg,Cần Thơ,-1.6728267490970983,0,-0.40014460002836255,0
2025-09-05 03:00:00+07:00,22.0,6.6,98.0,/dl/web/weather/ic-weather-04n.svg,Cần Thơ,-1.6728267490970983,0,-0.5174937412648298,0
2025-09-05 04:00:00+07:00,22.0,6.0,98.0,/dl/web/weather/ic-weather-04n.svg,Cần Thơ,-1.6728267490970983,0,-0.6055055971921802,0
2025-09-05 05:00:00+07:00,17.0,8.7,96.0,/dl/web/weather/ic-weather-04n.svg,Cần Thơ,-1.880953398300745,0,-0.2094522455191035,0
2025-09-05 06:00:00+07:00,17.0,5.1,98.0,/dl/web/weather/ic-weather-04d.svg,Cần Thơ,-1.880953398300745,0,-0.7375233810832059,0
2025-09-05 08:00:00+07:00,33.0,11.0,89.0,/dl/web/weather/ic-weather-04d.svg,Cần Thơ,-1.2149481208490758,0,0.12792653553573982,0
2025-09-05 10:00:00+07:00,28.0,13.2,83.0,/dl/web/weather/ic-weather-04d.svg,Cần Thơ,-1.4230747700527224,0,0.4506366739360245,0
2025-09-05 11:00:00+07:00,28.0,12.5,80.0,/dl/web/weather/ic-weather-04d.svg,Cần Thơ,-1.4230747700527224,0,0.3479561753541158,0
2025-09-05 12:00:00+07:00,22.0,13.3,75.0,/dl/web/weather/ic-weather-04d.svg,Cần Thơ,-1.6728267490970983,0,0.46530531659058316,0
2025-09-05 13:00:00+07:00,28.0,14.2,71.0,/dl/web/weather/ic-weather-04d.svg,Cần Thơ,-1.4230747700527224,0,0.5973231004816085,0
2025-09-05 14:00:00+07:00,44.0,14.7,79.0,/dl/web/weather/ic-weather-04d.svg,Cần Thơ,-0.757069492601053,0,0.6706663137544006,0
2025-09-05 15:00:00+07:00,28.0,13.8,72.0,/dl/web/weather/ic-weather-04d.svg,Cần Thơ,-1.4230747700527224,0,0.5386485298633752,0
2025-09-05 16:00:00+07:00,50.0,14.5,72.0,/dl/web/weather/ic-weather-04d.svg,Cần Thơ,-0.5073175135566771,0,0.6413290284452838,0
2025-09-05 17:00:00+07:00,60.0,12.9,77.0,/dl/web/weather/ic-weather-04d.svg,Cần Thơ,-0.09106421514938381,0,0.4066307459723495,0
2025-09-05 18:00:00+07:00,50.0,11.3,79.0,/dl/web/weather/ic-weather-04d.svg,Cần Thơ,-0.5073175135566771,0,0.17193246349941513,0
2025-09-05 19:00:00+07:00,50.0,9.8,85.0,/dl/web/weather/ic-weather-04n.svg,Cần Thơ,-0.5073175135566771,0,-0.04809717631896088,0
2025-09-05 20:00:00+07:00,50.0,9.2,96.0,/dl/web/weather/ic-weather-04n.svg,Cần Thơ,-0.5073175135566771,0,-0.1361090322463115,0
2025-09-05 21:00:00+07:00,50.0,8.5,92.0,/dl/web/weather/ic-weather-04n.svg,Cần Thơ,-0.5073175135566771,0,-0.2387895308282202,0
2025-09-05 22:00:00+07:00,50.0,7.8,97.0,/dl/web/weather/ic-weather-04n.svg,Cần Thơ,-0.5073175135566771,0,-0.341470029410129,0
2025-09-05 23:00:00+07:00,50.0,8.2,97.0,/dl/web/weather/ic-weather-04n.svg,Cần Thơ,-0.5073175135566771,0,-0.2827954587918955,0
2025-09-06 00:00:00+07:00,50.0,8.3,97.0,/dl/web/weather/ic-weather-04n.svg,Cần Thơ,-0.5073175135566771,0,-0.2681268161373369,0
2025-09-06 01:00:00+07:00,55.0,7.7,94.0,/dl/web/weather/ic-weather-04n.svg,Cần Thơ,-0.29919086435303044,0,-0.35613867206468736,0
2025-09-06 02:00:00+07:00,53.0,6.7,95.0,/dl/web/weather/ic-weather-04n.svg,Cần Thơ,-0.3824415240344891,0,-0.5028250986102714,0
2025-09-06 03:00:00+07:00,53.0,5.7,98.0,/dl/web/weather/ic-weather-04n.svg,Cần Thơ,-0.3824415240344891,0,-0.6495115251558554,0
2025-09-06 04:00:00+07:00,55.0,5.2,98.0,/dl/web/weather/ic-weather-04n.svg,Cần Thơ,-0.29919086435303044,0,-0.7228547384286473,0
2025-09-06 05:00:00+07:00,56.0,5.4,98.0,/dl/web/weather/ic-weather-04n.svg,Cần Thơ,-0.25756553451230113,0,-0.6935174531195306,0
2025-09-06 06:00:00+07:00,58.0,5.7,96.0,/dl/web/weather/ic-weather-04d.svg,Cần Thơ,-0.1743148748308425,0,-0.6495115251558554,0
2025-09-06 08:00:00+07:00,62.0,7.0,96.0,/dl/web/weather/ic-weather-04d.svg,Cần Thơ,-0.007813555467925153,0,-0.4588191706465962,0
2025-09-06 09:00:00+07:00,56.0,9.3,90.0,/dl/web/weather/ic-weather-04d.svg,Cần Thơ,-0.25756553451230113,0,-0.12144038959175288,0
2025-09-06 10:00:00+07:00,53.0,10.8,79.0,/dl/web/weather/ic-weather-04d.svg,Cần Thơ,-0.3824415240344891,0,0.09858925022662313,0
2025-09-06 11:00:00+07:00,53.0,11.7,80.0,/dl/web/weather/ic-weather-04d.svg,Cần Thơ,-0.3824415240344891,0,0.23060703411764852,0
2025-09-06 12:00:00+07:00,39.0,12.5,75.0,/dl/web/weather/ic-weather-04d.svg,Cần Thơ,-0.9651961418046997,0,0.3479561753541158,0
2025-09-06 13:00:00+07:00,39.0,12.8,74.0,/dl/web/weather/ic-weather-04d.svg,Cần Thơ,-0.9651961418046997,0,0.39196210331779113,0
2025-09-06 14:00:00+07:00,56.0,11.3,69.0,/dl/web/weather/ic-weather-04d.svg,Cần Thơ,-0.25756553451230113,0,0.17193246349941513,0
2025-09-06 15:00:00+07:00,50.0,10.9,68.0,/dl/web/weather/ic-weather-04d.svg,Cần Thơ,-0.5073175135566771,0,0.11325789288118147,0
2025-09-06 16:00:00+07:00,55.0,10.5,70.0,/dl/web/weather/ic-weather-04d.svg,Cần Thơ,-0.29919086435303044,0,0.05458332226294783,0
2025-09-06 17:00:00+07:00,64.0,11.3,76.0,/dl/web/weather/ic-weather-04d.svg,Cần Thơ,0.07543710421353352,0,0.17193246349941513,0
2025-09-06 18:00:00+07:00,66.0,9.4,85.0,/dl/web/weather/ic-weather-04d.svg,Cần Thơ,0.15868776389499217,0,-0.10677174693719453,0
2025-09-06 19:00:00+07:00,62.0,8.8,83.0,/dl/web/weather/ic-weather-04n.svg,Cần Thơ,-0.007813555467925153,0,-0.19478360286454488,0
2025-09-06 20:00:00+07:00,60.0,7.5,85.0,/dl/web/weather/ic-weather-04n.svg,Cần Thơ,-0.09106421514938381,0,-0.3854759573738042,0
2025-09-06 21:00:00+07:00,53.0,7.4,95.0,/dl/web/weather/ic-weather-04n.svg,Cần Thơ,-0.3824415240344891,0,-0.40014460002836255,0
2025-09-06 22:00:00+07:00,53.0,7.9,92.0,/dl/web/weather/ic-weather-04n.svg,Cần Thơ,-0.3824415240344891,0,-0.3268013867555705,0
2025-09-06 23:00:00+07:00,44.0,9.0,92.0,/dl/web/weather/ic-weather-04n.svg,Cần Thơ,-0.757069492601053,0,-0.16544631755542819,0
2025-09-07 00:00:00+07:00,50.0,9.5,96.0,/dl/web/weather/ic-weather-04n.svg,Cần Thơ,-0.5073175135566771,0,-0.09210310428263618,0
2025-09-07 01:00:00+07:00,33.0,7.9,94.0,/dl/web/weather/ic-weather-04n.svg,Cần Thơ,-1.2149481208490758,0,-0.3268013867555705,0
2025-09-07 02:00:00+07:00,33.0,6.4,97.0,/dl/web/weather/ic-weather-04n.svg,Cần Thơ,-1.2149481208490758,0,-0.5468310265739466,0
2025-09-07 03:00:00+07:00,39.0,5.8,95.0,/dl/web/weather/ic-weather-04n.svg,Cần Thơ,-0.9651961418046997,0,-0.6348428825012971,0
2025-09-07 04:00:00+07:00,39.0,6.0,98.0,/dl/web/weather/ic-weather-04n.svg,Cần Thơ,-0.9651961418046997,0,-0.6055055971921802,0
2025-09-07 05:00:00+07:00,33.0,6.2,98.0,/dl/web/weather/ic-weather-04n.svg,Cần Thơ,-1.2149481208490758,0,-0.5761683118830634,0
2025-09-07 06:00:00+07:00,60.0,6.3,98.0,/dl/web/weather/ic-weather-04d.svg,Cần Thơ,-0.09106421514938381,0,-0.561499669228505,0
2025-09-07 08:00:00+07:00,60.0,10.3,94.0,/dl/web/weather/ic-weather-04d.svg,Cần Thơ,-0.09106421514938381,0,0.025246036953831128,0
2025-09-07 10:00:00+07:00,39.0,12.2,82.0,/dl/web/weather/ic-weather-04d.svg,Cần Thơ,-0.9651961418046997,0,0.3039502473904405,0
2025-09-07 11:00:00+07:00,39.0,13.0,89.0,/dl/web/weather/ic-weather-04d.svg,Cần Thơ,-0.9651961418046997,0,0.42129938862690786,0
2025-09-07 12:00:00+07:00,53.0,14.1,51.0,/dl/web/weather/ic-weather-04d.svg,Cần Thơ,-0.3824415240344891,0,0.5826544578270502,0
2025-09-07 13:00:00+07:00,28.0,16.2,50.0,/dl/web/weather/ic-weather-04d.svg,Cần Thơ,-1.4230747700527224,0,0.8906959535727765,0
2025-09-07 14:00:00+07:00,33.0,14.2,90.0,/dl/web/weather/ic-weather-04d.svg,Cần Thơ,-1.2149481208490758,0,0.5973231004816085,0
2025-09-07 15:00:00+07:00,28.0,15.5,77.0,/dl/web/weather/ic-weather-04d.svg,Cần Thơ,-1.4230747700527224,0,0.7880154549908679,0
2025-09-07 16:00:00+07:00,39.0,16.3,90.0,/dl/web/weather/ic-weather-10d.svg,Cần Thơ,-0.9651961418046997,0,0.9053645962273352,0
2025-09-07 17:00:00+07:00,28.0,14.2,91.0,/dl/web/weather/ic-weather-04d.svg,Cần Thơ,-1.4230747700527224,0,0.5973231004816085,0
2025-09-07 18:00:00+07:00,28.0,12.3,92.0,/dl/web/weather/ic-weather-04d.svg,Cần Thơ,-1.4230747700527224,0,0.31861889004499916,0
2025-09-07 19:00:00+07:00,44.0,8.1,90.0,/dl/web/weather/ic-weather-04n.svg,Cần Thơ,-0.757069492601053,0,-0.29746410144645385,0
2025-09-07 20:00:00+07:00,44.0,8.3,96.0,/dl/web/weather/ic-weather-04n.svg,Cần Thơ,-0.757069492601053,0,-0.2681268161373369,0
2025-09-07 21:00:00+07:00,17.0,5.3,97.0,/dl/web/weather/ic-weather-04n.svg,Cần Thơ,-1.880953398300745,0,-0.7081860957740891,0
2025-09-07 22:00:00+07:00,33.0,8.2,93.0,/dl/web/weather/ic-weather-04n.svg,Cần Thơ,-1.2149481208490758,0,-0.2827954587918955,0
2025-09-07 23:00:00+07:00,17.0,5.0,97.0,/dl/web/weather/ic-weather-04n.svg,Cần Thơ,-1.880953398300745,0,-0.7521920237377642,0
2025-09-08 00:00:00+07:00,22.0,5.3,97.0,/dl/web/weather/ic-weather-04n.svg,Cần Thơ,-1.6728267490970983,0,-0.7081860957740891,0
2025-09-08 01:00:00+07:00,28.0,6.4,95.0,/dl/web/weather/ic-weather-04n.svg,Cần Thơ,-1.4230747700527224,0,-0.5468310265739466,0
2025-09-08 02:00:00+07:00,33.0,6.4,95.0,/dl/web/weather/ic-weather-04n.svg,Cần Thơ,-1.2149481208490758,0,-0.5468310265739466,0
2025-09-08 03:00:00+07:00,50.0,5.6,98.0,/dl/web/weather/ic-weather-04n.svg,Cần Thơ,-0.5073175135566771,0,-0.6641801678104139,0
2025-09-08 04:00:00+07:00,66.0,4.9,98.0,/dl/web/weather/ic-weather-04n.svg,Cần Thơ,0.15868776389499217,0,-0.7668606663923225,0
2025-09-08 05:00:00+07:00,60.0,4.7,98.0,/dl/web/weather/ic-weather-04n.svg,Cần Thơ,-0.09106421514938381,0,-0.7961979517014394,0
2025-09-08 06:00:00+07:00,60.0,4.9,99.0,/dl/web/weather/ic-weather-04d.svg,Cần Thơ,-0.09106421514938381,0,-0.7668606663923225,0
2025-09-08 08:00:00+07:00,71.0,7.4,95.0,/dl/web/weather/ic-weather-04d.svg,Cần Thơ,0.3668144130986388,0,-0.40014460002836255,0
2025-09-08 10:00:00+07:00,60.0,10.2,83.0,/dl/web/weather/ic-weather-04d.svg,Cần Thơ,-0.09106421514938381,0,0.010577394299272519,0
2025-09-08 11:00:00+07:00,60.0,10.5,78.0,/dl/web/weather/ic-weather-04d.svg,Cần Thơ,-0.09106421514938381,0,0.05458332226294783,0
2025-09-08 12:00:00+07:00,58.0,11.2,77.0,/dl/web/weather/ic-weather-04d.svg,Cần Thơ,-0.1743148748308425,0,0.15726382084485652,0
2025-09-08 13:00:00+07:00,53.0,11.0,69.0,/dl/web/weather/ic-weather-04d.svg,Cần Thơ,-0.3824415240344891,0,0.12792653553573982,0
2025-09-08 14:00:00+07:00,39.0,10.5,88.0,/dl/web/weather/ic-weather-04d.svg,Cần Thơ,-0.9651961418046997,0,0.05458332226294783,0
2025-09-08 15:00:00+07:00,11.0,11.2,92.0,/dl/web/weather/ic-weather-10d.svg,Cần Thơ,-2.130705377345121,0,0.15726382084485652,0
2025-09-08 16:00:00+07:00,28.0,10.8,94.0,/dl/web/weather/ic-weather-10d.svg,Cần Thơ,-1.4230747700527224,0,0.09858925022662313,0
2025-09-08 17:00:00+07:00,39.0,9.4,91.0,/dl/web/weather/ic-weather-10d.svg,Cần Thơ,-0.9651961418046997,0,-0.10677174693719453,0
2025-09-08 18:00:00+07:00,58.0,7.7,96.0,/dl/web/weather/ic-weather-04d.svg,Cần Thơ,-0.1743148748308425,0,-0.35613867206468736,0
2025-09-08 19:00:00+07:00,66.0,5.5,94.0,/dl/web/weather/ic-weather-04n.svg,Cần Thơ,0.15868776389499217,0,-0.6788488104649723,0
2025-09-08 20:00:00+07:00,62.0,5.0,97.0,/dl/web/weather/ic-weather-04n.svg,Cần Thơ,-0.007813555467925153,0,-0.7521920237377642,0
2025-09-08 21:00:00+07:00,60.0,4.2,97.0,/dl/web/weather/ic-weather-04n.svg,Cần Thơ,-0.09106421514938381,0,-0.8695411649742314,0
2025-09-08 22:00:00+07:00,69.0,4.2,97.0,/dl/web/weather/ic-weather-04n.svg,Cần Thơ,0.28356375341718015,0,-0.8695411649742314,0
2025-09-08 23:00:00+07:00,64.0,4.4,98.0,/dl/web/weather/ic-weather-04n.svg,Cần Thơ,0.07543710421353352,0,-0.8402038796651146,0
2025-09-09 00:00:00+07:00,60.0,4.4,98.0,/dl/web/weather/ic-weather-04n.svg,Cần Thơ,-0.09106421514938381,0,-0.8402038796651146,0
2025-09-09 01:00:00+07:00,60.0,4.2,95.0,/dl/web/weather/ic-weather-04n.svg,Cần Thơ,-0.09106421514938381,0,-0.8695411649742314,0
2025-09-09 02:00:00+07:00,60.0,4.8,94.0,/dl/web/weather/ic-weather-04n.svg,Cần Thơ,-0.09106421514938381,0,-0.781529309046881,0
2025-09-09 03:00:00+07:00,68.0,4.4,97.0,/dl/web/weather/ic-weather-04n.svg,Cần Thơ,0.24193842357645082,0,-0.8402038796651146,0
2025-09-09 04:00:00+07:00,62.0,4.7,97.0,/dl/web/weather/ic-weather-04n.svg,Cần Thơ,-0.007813555467925153,0,-0.7961979517014394,0
2025-09-09 05:00:00+07:00,66.0,4.5,97.0,/dl/web/weather/ic-weather-04n.svg,Cần Thơ,0.15868776389499217,0,-0.8255352370105562,0
2025-09-09 06:00:00+07:00,69.0,4.7,95.0,/dl/web/weather/ic-weather-04d.svg,Cần Thơ,0.28356375341718015,0,-0.7961979517014394,0
2025-09-09 08:00:00+07:00,86.0,3.5,95.0,/dl/web/weather/ic-weather-04d.svg,Cần Thơ,0.9911943607095788,0,-0.9722216635561403,0
2025-09-09 10:00:00+07:00,81.0,6.0,85.0,/dl/web/weather/ic-weather-04d.svg,Cần Thơ,0.7830677115059321,0,-0.6055055971921802,0
2025-09-09 11:00:00+07:00,44.0,6.6,79.0,/dl/web/weather/ic-weather-04d.svg,Cần Thơ,-0.757069492601053,0,-0.5174937412648298,0
2025-09-09 12:00:00+07:00,50.0,7.2,75.0,/dl/web/weather/ic-weather-04d.svg,Cần Thơ,-0.5073175135566771,0,-0.4294818853374794,0
2025-09-09 13:00:00+07:00,53.0,7.9,67.0,/dl/web/weather/ic-weather-04d.svg,Cần Thơ,-0.3824415240344891,0,-0.3268013867555705,0
2025-09-09 14:00:00+07:00,56.0,8.8,71.0,/dl/web/weather/ic-weather-04d.svg,Cần Thơ,-0.25756553451230113,0,-0.19478360286454488,0
2025-09-09 15:00:00+07:00,53.0,10.2,70.0,/dl/web/weather/ic-weather-10d.svg,Cần Thơ,-0.3824415240344891,0,0.010577394299272519,0
2025-09-09 16:00:00+07:00,50.0,8.6,94.0,/dl/web/weather/ic-weather-10d.svg,Cần Thơ,-0.5073175135566771,0,-0.22412088817366185,0
2025-09-09 17:00:00+07:00,53.0,8.3,92.0,/dl/web/weather/ic-weather-10d.svg,Cần Thơ,-0.3824415240344891,0,-0.2681268161373369,0
2025-09-09 18:00:00+07:00,58.0,8.3,92.0,/dl/web/weather/ic-weather-04d.svg,Cần Thơ,-0.1743148748308425,0,-0.2681268161373369,0
2025-09-09 19:00:00+07:00,33.0,5.3,90.0,/dl/web/weather/ic-weather-10n.svg,Cần Thơ,-1.2149481208490758,0,-0.7081860957740891,0
2025-09-09 20:00:00+07:00,11.0,4.9,91.0,/dl/web/weather/ic-weather-04n.svg,Cần Thơ,-2.130705377345121,0,-0.7668606663923225,0
2025-09-09 21:00:00+07:00,17.0,4.7,94.0,/dl/web/weather/ic-weather-04n.svg,Cần Thơ,-1.880953398300745,0,-0.7961979517014394,0
2025-09-09 22:00:00+07:00,17.0,4.3,97.0,/dl/web/weather/ic-weather-04n.svg,Cần Thơ,-1.880953398300745,0,-0.854872522319673,0
2025-09-09 23:00:00+07:00,28.0,3.7,95.0,/dl/web/weather/ic-weather-04n.svg,Cần Thơ,-1.4230747700527224,0,-0.9428843782470234,0
2025-09-10 00:00:00+07:00,50.0,4.2,98.0,/dl/web/weather/ic-weather-04n.svg,Cần Thơ,-0.5073175135566771,0,-0.8695411649742314,0
2025-09-10 01:00:00+07:00,53.0,4.1,95.0,/dl/web/weather/ic-weather-04n.svg,Cần Thơ,-0.3824415240344891,0,-0.8842098076287899,0
2025-09-10 02:00:00+07:00,56.0,4.2,94.0,/dl/web/weather/ic-weather-04n.svg,Cần Thơ,-0.25756553451230113,0,-0.8695411649742314,0
2025-09-10 03:00:00+07:00,66.0,3.9,98.0,/dl/web/weather/ic-weather-04n.svg,Cần Thơ,0.15868776389499217,0,-0.9135470929379066,0
2025-09-10 04:00:00+07:00,66.0,4.1,98.0,/dl/web/weather/ic-weather-04n.svg,Cần Thơ,0.15868776389499217,0,-0.8842098076287899,0
2025-09-10 05:00:00+07:00,64.0,4.0,98.0,/dl/web/weather/ic-weather-04n.svg,Cần Thơ,0.07543710421353352,0,-0.8988784502833482,0
2025-09-10 06:00:00+07:00,71.0,4.1,95.0,/dl/web/weather/ic-weather-04d.svg,Cần Thơ,0.3668144130986388,0,-0.8842098076287899,0
2025-09-10 09:00:00+07:00,50.0,2.4,93.0,/dl/web/weather/ic-weather-04d.svg,Cần Thơ,-0.5073175135566771,0,-1.1335767327562827,0
2025-09-10 10:00:00+07:00,39.0,3.4,77.0,/dl/web/weather/ic-weather-04d.svg,Cần Thơ,-0.9651961418046997,0,-0.9868903062106986,0
2025-09-10 11:00:00+07:00,39.0,5.5,79.0,/dl/web/weather/ic-weather-04d.svg,Cần Thơ,-0.9651961418046997,0,-0.6788488104649723,0
2025-09-10 12:00:00+07:00,28.0,6.0,64.0,/dl/web/weather/ic-weather-04d.svg,Cần Thơ,-1.4230747700527224,0,-0.6055055971921802,0
2025-09-10 13:00:00+07:00,28.0,6.0,60.0,/dl/web/weather/ic-weather-04d.svg,Cần Thơ,-1.4230747700527224,0,-0.6055055971921802,0
2025-09-10 14:00:00+07:00,28.0,6.8,60.0,/dl/web/weather/ic-weather-04d.svg,Cần Thơ,-1.4230747700527224,0,-0.48815645595571305,0
2025-09-10 15:00:00+07:00,33.0,6.9,59.0,/dl/web/weather/ic-weather-04d.svg,Cần Thơ,-1.2149481208490758,0,-0.4734878133011545,0
2025-09-10 16:00:00+07:00,60.0,6.2,62.0,/dl/web/weather/ic-weather-04d.svg,Cần Thơ,-0.09106421514938381,0,-0.5761683118830634,0
2025-09-10 17:00:00+07:00,55.0,6.1,71.0,/dl/web/weather/ic-weather-04d.svg,Cần Thơ,-0.29919086435303044,0,-0.5908369545376219,0
2025-09-10 18:00:00+07:00,50.0,5.4,81.0,/dl/web/weather/ic-weather-04n.svg,Cần Thơ,-0.5073175135566771,0,-0.6935174531195306,0
2025-09-10 19:00:00+07:00,55.0,6.5,80.0,/dl/web/weather/ic-weather-04n.svg,Cần Thơ,-0.29919086435303044,0,-0.5321623839193882,0
2025-09-10 20:00:00+07:00,56.0,6.1,89.0,/dl/web/weather/ic-weather-04n.svg,Cần Thơ,-0.25756553451230113,0,-0.5908369545376219,0
2025-09-10 21:00:00+07:00,53.0,5.8,93.0,/dl/web/weather/ic-weather-04n.svg,Cần Thơ,-0.3824415240344891,0,-0.6348428825012971,0
2025-09-10 22:00:00+07:00,64.0,5.9,91.0,/dl/web/weather/ic-weather-04n.svg,Cần Thơ,0.07543710421353352,0,-0.6201742398467386,0
2025-09-10 23:00:00+07:00,55.0,4.8,95.0,/dl/web/weather/ic-weather-04n.svg,Cần Thơ,-0.29919086435303044,0,-0.781529309046881,0
2025-09-11 00:00:00+07:00,56.0,4.5,95.0,/dl/web/weather/ic-weather-04n.svg,Cần Thơ,-0.25756553451230113,0,-0.8255352370105562,0
2025-09-11 01:00:00+07:00,55.0,7.2,96.0,/dl/web/weather/ic-weather-04n.svg,Cần Thơ,-0.29919086435303044,0,-0.4294818853374794,0
2025-09-11 02:00:00+07:00,44.0,3.5,98.0,/dl/web/weather/ic-weather-04n.svg,Cần Thơ,-0.757069492601053,0,-0.9722216635561403,0
2025-09-11 03:00:00+07:00,50.0,4.3,97.0,/dl/web/weather/ic-weather-04n.svg,Cần Thơ,-0.5073175135566771,0,-0.854872522319673,0
2025-09-11 04:00:00+07:00,50.0,6.6,98.0,/dl/web/weather/ic-weather-04n.svg,Cần Thơ,-0.5073175135566771,0,-0.5174937412648298,0
2025-09-11 05:00:00+07:00,55.0,3.6,94.0,/dl/web/weather/ic-weather-04n.svg,Cần Thơ,-0.29919086435303044,0,-0.9575530209015819,0
2025-09-11 06:00:00+07:00,60.0,3.2,97.0,/dl/web/weather/ic-weather-04d.svg,Cần Thơ,-0.09106421514938381,0,-1.0162275915198153,0
2025-09-11 08:00:00+07:00,60.0,3.8,90.0,/dl/web/weather/ic-weather-04d.svg,Cần Thơ,-0.09106421514938381,0,-0.9282157355924651,0
2025-09-11 10:00:00+07:00,55.0,4.8,75.0,/dl/web/weather/ic-weather-04d.svg,Cần Thơ,-0.29919086435303044,0,-0.781529309046881,0
2025-09-11 11:00:00+07:00,55.0,4.3,71.0,/dl/web/weather/ic-weather-04d.svg,Cần Thơ,-0.29919086435303044,0,-0.854872522319673,0
2025-09-11 12:00:00+07:00,53.0,3.5,73.0,/dl/web/weather/ic-weather-04d.svg,Cần Thơ,-0.3824415240344891,0,-0.9722216635561403,0
2025-09-11 13:00:00+07:00,39.0,1.6,65.0,/dl/web/weather/ic-weather-04d.svg,Cần Thơ,-0.9651961418046997,0,-1.2509258739927498,0
2025-09-11 14:00:00+07:00,33.0,1.4,88.0,/dl/web/weather/ic-weather-10d.svg,Cần Thơ,-1.2149481208490758,0,-1.2802631593018665,0
2025-09-11 15:00:00+07:00,53.0,5.7,90.0,/dl/web/weather/ic-weather-10d.svg,Cần Thơ,-0.3824415240344891,0,-0.6495115251558554,0
2025-09-11 16:00:00+07:00,56.0,7.9,85.0,/dl/web/weather/ic-weather-10d.svg,Cần Thơ,-0.25756553451230113,0,-0.3268013867555705,0
2025-09-11 17:00:00+07:00,53.0,5.4,94.0,/dl/web/weather/ic-weather-10d.svg,Cần Thơ,-0.3824415240344891,0,-0.6935174531195306,0
2025-09-11 18:00:00+07:00,56.0,5.5,95.0,/dl/web/weather/ic-weather-10n.svg,Cần Thơ,-0.25756553451230113,0,-0.6788488104649723,0
2025-09-11 19:00:00+07:00,58.0,5.0,90.0,/dl/web/weather/ic-weather-10n.svg,Cần Thơ,-0.1743148748308425,0,-0.7521920237377642,0
2025-09-11 20:00:00+07:00,64.0,4.4,95.0,/dl/web/weather/ic-weather-10n.svg,Cần Thơ,0.07543710421353352,0,-0.8402038796651146,0
2025-09-11 21:00:00+07:00,73.0,3.8,91.0,/dl/web/weather/ic-weather-10n.svg,Cần Thơ,0.4500650727800975,0,-0.9282157355924651,0
2025-09-11 22:00:00+07:00,68.0,4.0,96.0,/dl/web/weather/ic-weather-10n.svg,Cần Thơ,0.24193842357645082,0,-0.8988784502833482,0
2025-09-11 23:00:00+07:00,66.0,3.4,93.0,/dl/web/weather/ic-weather-04n.svg,Cần Thơ,0.15868776389499217,0,-0.9868903062106986,0
2025-09-12 00:00:00+07:00,71.0,3.3,94.0,/dl/web/weather/ic-weather-04n.svg,Cần Thơ,0.3668144130986388,0,-1.001558948865257,0
2025-09-12 01:00:00+07:00,81.0,0.9,95.0,/dl/web/weather/ic-weather-04n.svg,Cần Thơ,0.7830677115059321,0,-1.3536063725746585,0
2025-09-12 02:00:00+07:00,73.0,0.9,97.0,/dl/web/weather/ic-weather-04n.svg,Cần Thơ,0.4500650727800975,0,-1.3536063725746585,0
2025-09-12 03:00:00+07:00,68.0,1.3,97.0,/dl/web/weather/ic-weather-04n.svg,Cần Thơ,0.24193842357645082,0,-1.2949318019564249,0
2025-09-12 04:00:00+07:00,69.0,1.1,97.0,/dl/web/weather/ic-weather-04n.svg,Cần Thơ,0.28356375341718015,0,-1.3242690872655418,0
2025-09-12 05:00:00+07:00,66.0,0.5,97.0,/dl/web/weather/ic-weather-04n.svg,Cần Thơ,0.15868776389499217,0,-1.4122809431928922,0
2025-09-12 06:00:00+07:00,62.0,2.1,97.0,/dl/web/weather/ic-weather-10d.svg,Cần Thơ,-0.007813555467925153,0,-1.177582660719958,0
2025-09-12 08:00:00+07:00,44.0,4.1,95.0,/dl/web/weather/ic-weather-04d.svg,Cần Thơ,-0.757069492601053,0,-0.8842098076287899,0
2025-09-12 09:00:00+07:00,55.0,5.9,93.0,/dl/web/weather/ic-weather-04d.svg,Cần Thơ,-0.29919086435303044,0,-0.6201742398467386,0
2025-09-12 10:00:00+07:00,64.0,6.6,82.0,/dl/web/weather/ic-weather-04d.svg,Cần Thơ,0.07543710421353352,0,-0.5174937412648298,0
2025-09-12 11:00:00+07:00,60.0,6.5,70.0,/dl/web/weather/ic-weather-04d.svg,Cần Thơ,-0.09106421514938381,0,-0.5321623839193882,0
2025-09-12 12:00:00+07:00,62.0,6.5,77.0,/dl/web/weather/ic-weather-04d.svg,Cần Thơ,-0.007813555467925153,0,-0.5321623839193882,0
2025-09-12 13:00:00+07:00,58.0,7.7,68.0,/dl/web/weather/ic-weather-04d.svg,Cần Thơ,-0.1743148748308425,0,-0.35613867206468736,0
2025-09-12 14:00:00+07:00,55.0,6.0,64.0,/dl/web/weather/ic-weather-10d.svg,Cần Thơ,-0.29919086435303044,0,-0.6055055971921802,0
2025-09-12 15:00:00+07:00,55.0,10.0,75.0,/dl/web/weather/ic-weather-10d.svg,Cần Thơ,-0.29919086435303044,0,-0.01875989100984418,0
2025-09-12 16:00:00+07:00,56.0,8.4,90.0,/dl/web/weather/ic-weather-04d.svg,Cần Thơ,-0.25756553451230113,0,-0.25345817348277855,0
2025-09-12 17:00:00+07:00,56.0,8.2,95.0,/dl/web/weather/ic-weather-04d.svg,Cần Thơ,-0.25756553451230113,0,-0.2827954587918955,0
2025-09-12 18:00:00+07:00,62.0,8.3,96.0,/dl/web/weather/ic-weather-04n.svg,Cần Thơ,-0.007813555467925153,0,-0.2681268161373369,0
2025-09-12 19:00:00+07:00,60.0,5.6,93.0,/dl/web/weather/ic-weather-04n.svg,Cần Thơ,-0.09106421514938381,0,-0.6641801678104139,0
2025-09-12 20:00:00+07:00,62.0,4.9,93.0,/dl/web/weather/ic-weather-04n.svg,Cần Thơ,-0.007813555467925153,0,-0.7668606663923225,0
2025-09-12 21:00:00+07:00,56.0,4.7,90.0,/dl/web/weather/ic-weather-04n.svg,Cần Thơ,-0.25756553451230113,0,-0.7961979517014394,0
2025-09-12 22:00:00+07:00,50.0,4.7,91.0,/dl/web/weather/ic-weather-04n.svg,Cần Thơ,-0.5073175135566771,0,-0.7961979517014394,0
2025-09-12 23:00:00+07:00,33.0,4.3,98.0,/dl/web/weather/ic-weather-04n.svg,Cần Thơ,-1.2149481208490758,0,-0.854872522319673,0
2025-09-13 00:00:00+07:00,39.0,2.9,95.0,/dl/web/weather/ic-weather-04n.svg,Cần Thơ,-0.9651961418046997,0,-1.0602335194834906,0
2025-09-13 01:00:00+07:00,28.0,1.3,95.0,/dl/web/weather/ic-weather-04n.svg,Cần Thơ,-1.4230747700527224,0,-1.2949318019564249,0
2025-09-13 02:00:00+07:00,33.0,2.9,98.0,/dl/web/weather/ic-weather-04n.svg,Cần Thơ,-1.2149481208490758,0,-1.0602335194834906,0
2025-09-13 03:00:00+07:00,33.0,2.5,98.0,/dl/web/weather/ic-weather-04n.svg,Cần Thơ,-1.2149481208490758,0,-1.1189080901017243,0
2025-09-13 04:00:00+07:00,50.0,2.9,95.0,/dl/web/weather/ic-weather-04n.svg,Cần Thơ,-0.5073175135566771,0,-1.0602335194834906,0
2025-09-13 05:00:00+07:00,39.0,2.8,97.0,/dl/web/weather/ic-weather-04n.svg,Cần Thơ,-0.9651961418046997,0,-1.074902162138049,0
2025-09-13 06:00:00+07:00,44.0,1.9,97.0,/dl/web/weather/ic-weather-04d.svg,Cần Thơ,-0.757069492601053,0,-1.2069199460290745,0
2025-09-13 08:00:00+07:00,58.0,3.7,90.0,/dl/web/weather/ic-weather-04d.svg,Cần Thơ,-0.1743148748308425,0,-0.9428843782470234,0
2025-09-13 09:00:00+07:00,58.0,4.9,85.0,/dl/web/weather/ic-weather-04d.svg,Cần Thơ,-0.1743148748308425,0,-0.7668606663923225,0
2025-09-13 10:00:00+07:00,33.0,5.3,81.0,/dl/web/weather/ic-weather-04d.svg,Cần Thơ,-1.2149481208490758,0,-0.7081860957740891,0
2025-09-13 11:00:00+07:00,39.0,5.9,71.0,/dl/web/weather/ic-weather-04d.svg,Cần Thơ,-0.9651961418046997,0,-0.6201742398467386,0
2025-09-13 12:00:00+07:00,28.0,5.0,63.0,/dl/web/weather/ic-weather-04d.svg,Cần Thơ,-1.4230747700527224,0,-0.7521920237377642,0
2025-09-13 13:00:00+07:00,28.0,6.6,61.0,/dl/web/weather/ic-weather-04d.svg,Cần Thơ,-1.4230747700527224,0,-0.5174937412648298,0
2025-09-13 14:00:00+07:00,50.0,8.1,67.0,/dl/web/weather/ic-weather-04d.svg,Cần Thơ,-0.5073175135566771,0,-0.29746410144645385,0
2025-09-13 15:00:00+07:00,50.0,8.7,70.0,/dl/web/weather/ic-weather-04d.svg,Cần Thơ,-0.5073175135566771,0,-0.2094522455191035,0
2025-09-13 16:00:00+07:00,50.0,7.7,84.0,/dl/web/weather/ic-weather-04d.svg,Cần Thơ,-0.5073175135566771,0,-0.35613867206468736,0
2025-09-13 17:00:00+07:00,50.0,8.3,85.0,/dl/web/weather/ic-weather-04d.svg,Cần Thơ,-0.5073175135566771,0,-0.2681268161373369,0
2025-09-13 18:00:00+07:00,33.0,7.3,96.0,/dl/web/weather/ic-weather-04n.svg,Cần Thơ,-1.2149481208490758,0,-0.414813242682921,0
2025-09-13 19:00:00+07:00,50.0,5.8,92.0,/dl/web/weather/ic-weather-04n.svg,Cần Thơ,-0.5073175135566771,0,-0.6348428825012971,0
2025-09-13 20:00:00+07:00,44.0,5.6,92.0,/dl/web/weather/ic-weather-04n.svg,Cần Thơ,-0.757069492601053,0,-0.6641801678104139,0
2025-09-13 21:00:00+07:00,44.0,4.8,94.0,/dl/web/weather/ic-weather-04n.svg,Cần Thơ,-0.757069492601053,0,-0.781529309046881,0
2025-09-13 22:00:00+07:00,39.0,4.4,98.0,/dl/web/weather/ic-weather-04n.svg,Cần Thơ,-0.9651961418046997,0,-0.8402038796651146,0
2025-09-13 23:00:00+07:00,39.0,5.7,95.0,/dl/web/weather/ic-weather-04n.svg,Cần Thơ,-0.9651961418046997,0,-0.6495115251558554,0
2025-09-14 00:00:00+07:00,44.0,3.4,95.0,/dl/web/weather/ic-weather-04n.svg,Cần Thơ,-0.757069492601053,0,-0.9868903062106986,0
2025-09-14 01:00:00+07:00,39.0,4.3,95.0,/dl/web/weather/ic-weather-04n.svg,Cần Thơ,-0.9651961418046997,0,-0.854872522319673,0
2025-09-14 02:00:00+07:00,39.0,3.8,94.0,/dl/web/weather/ic-weather-04n.svg,Cần Thơ,-0.9651961418046997,0,-0.9282157355924651,0
2025-09-14 03:00:00+07:00,50.0,3.3,98.0,/dl/web/weather/ic-weather-04n.svg,Cần Thơ,-0.5073175135566771,0,-1.001558948865257,0
2025-09-14 04:00:00+07:00,53.0,3.6,98.0,/dl/web/weather/ic-weather-04n.svg,Cần Thơ,-0.3824415240344891,0,-0.9575530209015819,0
2025-09-14 05:00:00+07:00,53.0,4.2,98.0,/dl/web/weather/ic-weather-04n.svg,Cần Thơ,-0.3824415240344891,0,-0.8695411649742314,0
2025-09-14 06:00:00+07:00,60.0,3.9,98.0,/dl/web/weather/ic-weather-04d.svg,Cần Thơ,-0.09106421514938381,0,-0.9135470929379066,0
2025-09-14 08:00:00+07:00,79.0,5.8,92.0,/dl/web/weather/ic-weather-04d.svg,Cần Thơ,0.6998170518244735,0,-0.6348428825012971,0
2025-09-14 10:00:00+07:00,28.0,4.1,86.0,/dl/web/weather/ic-weather-04d.svg,Cần Thơ,-1.4230747700527224,0,-0.8842098076287899,0
2025-09-14 11:00:00+07:00,28.0,5.4,74.0,/dl/web/weather/ic-weather-04d.svg,Cần Thơ,-1.4230747700527224,0,-0.6935174531195306,0
2025-09-14 12:00:00+07:00,90.0,7.2,76.0,/dl/web/weather/ic-weather-04d.svg,Cần Thơ,1.157695680072496,0,-0.4294818853374794,0
2025-09-14 13:00:00+07:00,33.0,6.4,72.0,/dl/web/weather/ic-weather-04d.svg,Cần Thơ,-1.2149481208490758,0,-0.5468310265739466,0
2025-09-14 14:00:00+07:00,22.0,7.6,71.0,/dl/web/weather/ic-weather-04d.svg,Cần Thơ,-1.6728267490970983,0,-0.37080731471924583,0
2025-09-14 15:00:00+07:00,75.0,7.7,92.0,/dl/web/weather/ic-weather-04d.svg,Cần Thơ,0.5333157324615562,0,-0.35613867206468736,0
2025-09-14 16:00:00+07:00,110.0,8.9,93.0,/dl/web/weather/ic-weather-10d.svg,Cần Thơ,1.9902022768870826,0,-0.18011496020998655,0
2025-09-14 17:00:00+07:00,44.0,8.7,95.0,/dl/web/weather/ic-weather-04d.svg,Cần Thơ,-0.757069492601053,0,-0.2094522455191035,0
2025-09-14 18:00:00+07:00,53.0,7.7,92.0,/dl/web/weather/ic-weather-04d.svg,Cần Thơ,-0.3824415240344891,0,-0.35613867206468736,0
2025-09-14 19:00:00+07:00,50.0,4.4,95.0,/dl/web/weather/ic-weather-04n.svg,Cần Thơ,-0.5073175135566771,0,-0.8402038796651146,0
2025-09-14 20:00:00+07:00,44.0,3.1,92.0,/dl/web/weather/ic-weather-04n.svg,Cần Thơ,-0.757069492601053,0,-1.030896234174374,0
2025-09-14 21:00:00+07:00,39.0,2.9,93.0,/dl/web/weather/ic-weather-04n.svg,Cần Thơ,-0.9651961418046997,0,-1.0602335194834906,0
2025-09-14 22:00:00+07:00,55.0,3.7,93.0,/dl/web/weather/ic-weather-04n.svg,Cần Thơ,-0.29919086435303044,0,-0.9428843782470234,0
2025-09-14 23:00:00+07:00,44.0,4.2,94.0,/dl/web/weather/ic-weather-04n.svg,Cần Thơ,-0.757069492601053,0,-0.8695411649742314,0
2025-09-15 00:00:00+07:00,55.0,4.7,94.0,/dl/web/weather/ic-weather-04n.svg,Cần Thơ,-0.29919086435303044,0,-0.7961979517014394,0
2025-09-15 01:00:00+07:00,56.0,4.3,95.0,/dl/web/weather/ic-weather-04n.svg,Cần Thơ,-0.25756553451230113,0,-0.854872522319673,0
2025-09-15 02:00:00+07:00,55.0,4.4,96.0,/dl/web/weather/ic-weather-04n.svg,Cần Thơ,-0.29919086435303044,0,-0.8402038796651146,0
2025-09-15 03:00:00+07:00,58.0,4.5,96.0,/dl/web/weather/ic-weather-04n.svg,Cần Thơ,-0.1743148748308425,0,-0.8255352370105562,0
2025-09-15 04:00:00+07:00,68.0,4.0,98.0,/dl/web/weather/ic-weather-04n.svg,Cần Thơ,0.24193842357645082,0,-0.8988784502833482,0
2025-09-15 05:00:00+07:00,77.0,4.1,96.0,/dl/web/weather/ic-weather-04n.svg,Cần Thơ,0.6165663921430148,0,-0.8842098076287899,0
2025-09-15 06:00:00+07:00,90.0,4.0,98.0,/dl/web/weather/ic-weather-04d.svg,Cần Thơ,1.157695680072496,0,-0.8988784502833482,0
2025-09-15 08:00:00+07:00,79.0,4.4,88.0,/dl/web/weather/ic-weather-04d.svg,Cần Thơ,0.6998170518244735,0,-0.8402038796651146,0
