timestamp,aqi,wind_speed,humidity,weather_icon,city,zscore_aqi,zscore_flag_aqi,zscore_wind,zscore_flag_wind
2025-01-20 22:00:00+07:00,96.0,3.7,68.0,/dl/web/weather/ic-w-04-scattered-clouds-full.svg,Đà Nẵng,1.510351169779462,0,-0.8505661263381158,0
2025-01-20 23:00:00+07:00,97.0,7.5,88.0,/dl/web/weather/ic-w-04-scattered-clouds-full.svg,Đà Nẵng,1.5445319931465706,0,-0.12307566130308849,0
2025-01-21 19:00:00+07:00,157.0,3.7,83.0,/dl/web/weather/ic-w-11-night-few-clouds-full.svg,Đà Nẵng,3.5953813951730784,-1,-0.8505661263381158,0
2025-01-21 20:00:00+07:00,157.0,5.5,88.0,/dl/web/weather/ic-w-11-night-few-clouds-full.svg,Đà Nẵng,3.5953813951730784,-1,-0.5059653797425765,0
2025-01-21 22:00:00+07:00,153.0,3.7,94.0,/dl/web/weather/ic-w-09-mist-full.svg,Đà Nẵng,3.4586581017046445,-1,-0.8505661263381158,0
2025-01-21 23:00:00+07:00,160.0,3.7,94.0,/dl/web/weather/ic-w-09-mist-full.svg,Đà Nẵng,3.697923865274404,-1,-0.8505661263381158,0
2025-01-22 00:00:00+07:00,174.0,0.0,88.0,/dl/web/weather/ic-w-09-mist-full.svg,Đà Nẵng,4.1764553924139225,-1,-1.5589121054511688,0
2025-01-22 01:00:00+07:00,163.0,7.4,84.0,/dl/web/weather/ic-w-04-scattered-clouds-full.svg,Đà Nẵng,3.8004663353757295,-1,-0.14222014722506282,0
2025-01-22 02:00:00+07:00,165.0,3.7,94.0,/dl/web/weather/ic-w-09-mist-full.svg,Đà Nẵng,3.8688279821099463,-1,-0.8505661263381158,0
2025-01-22 03:00:00+07:00,163.0,0.0,94.0,/dl/web/weather/ic-w-09-mist-full.svg,Đà Nẵng,3.8004663353757295,-1,-1.5589121054511688,0
2025-01-22 04:00:00+07:00,157.0,1.8,94.0,/dl/web/weather/ic-w-09-mist-full.svg,Đà Nẵng,3.5953813951730784,-1,-1.2143113588556296,0
2025-01-22 05:00:00+07:00,142.0,1.8,94.0,/dl/web/weather/ic-w-09-mist-full.svg,Đà Nẵng,3.0826690446664515,-1,-1.2143113588556296,0
2025-01-22 06:00:00+07:00,145.0,1.8,94.0,/dl/web/weather/ic-w-09-mist-full.svg,Đà Nẵng,3.185211514767777,-1,-1.2143113588556296,0
2025-01-22 07:00:00+07:00,153.0,3.7,94.0,/dl/web/weather/ic-w-09-mist-full.svg,Đà Nẵng,3.4586581017046445,-1,-0.8505661263381158,0
2025-01-22 09:00:00+07:00,161.0,0.0,83.0,/dl/web/weather/ic-w-04-scattered-clouds-full.svg,Đà Nẵng,3.7321046886415123,-1,-1.5589121054511688,0
2025-01-22 11:00:00+07:00,163.0,1.8,78.0,/dl/web/weather/ic-w-04-scattered-clouds-full.svg,Đà Nẵng,3.8004663353757295,-1,-1.2143113588556296,0
2025-01-22 12:00:00+07:00,119.0,3.7,61.0,/dl/web/weather/ic-w-04-scattered-clouds-full.svg,Đà Nẵng,2.296510107222957,0,-0.8505661263381158,0
2025-01-22 13:00:00+07:00,79.0,3.7,64.0,/dl/web/weather/ic-w-04-scattered-clouds-full.svg,Đà Nẵng,0.9292771725386181,0,-0.8505661263381158,0
2025-01-22 14:00:00+07:00,71.0,3.7,68.0,/dl/web/weather/ic-w-04-scattered-clouds-full.svg,Đà Nẵng,0.6558305856017503,0,-0.8505661263381158,0
2025-01-22 15:00:00+07:00,72.0,3.7,69.0,/dl/web/weather/ic-w-04-scattered-clouds-full.svg,Đà Nẵng,0.6900114089688588,0,-0.8505661263381158,0
2025-01-22 16:00:00+07:00,68.0,7.4,64.0,/dl/web/weather/ic-w-04-scattered-clouds-full.svg,Đà Nẵng,0.5532881155004249,0,-0.14222014722506282,0
2025-01-22 17:00:00+07:00,66.0,7.4,64.0,/dl/web/weather/ic-w-02-new-clouds-full.svg,Đà Nẵng,0.48492646876620793,0,-0.14222014722506282,0
2025-01-22 18:00:00+07:00,65.0,6.3,76.0,/dl/web/weather/ic-w-04-scattered-clouds-full.svg,Đà Nẵng,0.45074564539909945,0,-0.35280949236678133,0
2025-01-22 19:00:00+07:00,77.0,5.5,68.0,/dl/web/weather/ic-w-11-night-few-clouds-full.svg,Đà Nẵng,0.8609155258044011,0,-0.5059653797425765,0
2025-01-22 20:00:00+07:00,89.0,1.8,83.0,/dl/web/weather/ic-w-11-night-few-clouds-full.svg,Đà Nẵng,1.2710854062097028,0,-1.2143113588556296,0
2025-01-22 21:00:00+07:00,78.0,1.8,83.0,/dl/web/weather/ic-w-11-night-few-clouds-full.svg,Đà Nẵng,0.8950963491715096,0,-1.2143113588556296,0
2025-01-22 22:00:00+07:00,80.0,0.0,88.0,/dl/web/weather/ic-w-11-night-few-clouds-full.svg,Đà Nẵng,0.9634579959057266,0,-1.5589121054511688,0
2025-01-22 23:00:00+07:00,112.0,3.7,94.0,/dl/web/weather/ic-w-11-night-few-clouds-full.svg,Đà Nẵng,2.0572443436531977,0,-0.8505661263381158,0
2025-01-23 00:00:00+07:00,136.0,0.0,94.0,/dl/web/weather/ic-w-11-night-few-clouds-full.svg,Đà Nẵng,2.877584104463801,0,-1.5589121054511688,0
2025-01-23 01:00:00+07:00,122.0,1.8,94.0,/dl/web/weather/ic-w-11-night-few-clouds-full.svg,Đà Nẵng,2.399052577324282,0,-1.2143113588556296,0
2025-01-23 02:00:00+07:00,108.0,1.8,94.0,/dl/web/weather/ic-w-11-night-few-clouds-full.svg,Đà Nẵng,1.9205210501847638,0,-1.2143113588556296,0
2025-01-23 03:00:00+07:00,108.0,0.0,94.0,/dl/web/weather/ic-w-09-mist-full.svg,Đà Nẵng,1.9205210501847638,0,-1.5589121054511688,0
2025-01-23 04:00:00+07:00,98.0,3.7,100.0,/dl/web/weather/ic-w-09-mist-full.svg,Đà Nẵng,1.578712816513679,0,-0.8505661263381158,0
2025-01-23 05:00:00+07:00,103.0,1.8,100.0,/dl/web/weather/ic-w-09-mist-full.svg,Đà Nẵng,1.7496169333492213,0,-1.2143113588556296,0
2025-01-23 06:00:00+07:00,110.0,1.8,94.0,/dl/web/weather/ic-w-09-mist-full.svg,Đà Nẵng,1.9888826969189806,0,-1.2143113588556296,0
2025-01-23 07:00:00+07:00,109.0,0.0,94.0,/dl/web/weather/ic-w-04-scattered-clouds-full.svg,Đà Nẵng,1.9547018735518722,0,-1.5589121054511688,0
2025-01-23 08:00:00+07:00,124.0,3.7,94.0,/dl/web/weather/ic-w-02-new-clouds-full.svg,Đà Nẵng,2.467414224058499,0,-0.8505661263381158,0
2025-01-23 10:00:00+07:00,152.0,1.8,83.0,/dl/web/weather/ic-w-02-new-clouds-full.svg,Đà Nẵng,3.424477278337536,-1,-1.2143113588556296,0
2025-01-23 11:00:00+07:00,102.0,5.5,73.0,/dl/web/weather/ic-w-02-new-clouds-full.svg,Đà Nẵng,1.715436109982113,0,-0.5059653797425765,0
2025-01-23 12:00:00+07:00,81.0,5.5,57.0,/dl/web/weather/ic-w-02-new-clouds-full.svg,Đà Nẵng,0.997638819272835,0,-0.5059653797425765,0
2025-01-23 13:00:00+07:00,73.0,1.8,61.0,/dl/web/weather/ic-w-02-new-clouds-full.svg,Đà Nẵng,0.7241922323359672,0,-1.2143113588556296,0
2025-01-23 14:00:00+07:00,70.0,7.4,61.0,/dl/web/weather/ic-w-02-new-clouds-full.svg,Đà Nẵng,0.6216497622346419,0,-0.14222014722506282,0
2025-01-23 15:00:00+07:00,69.0,7.4,53.0,/dl/web/weather/ic-w-02-new-clouds-full.svg,Đà Nẵng,0.5874689388675334,0,-0.14222014722506282,0
2025-01-23 16:00:00+07:00,70.0,9.2,61.0,/dl/web/weather/ic-w-02-new-clouds-full.svg,Đà Nẵng,0.6216497622346419,0,0.20238059937047623,0
2025-01-23 17:00:00+07:00,80.0,11.1,61.0,/dl/web/weather/ic-w-02-new-clouds-full.svg,Đà Nẵng,0.9634579959057266,0,0.5661258318879899,0
2025-01-23 18:00:00+07:00,72.0,7.4,61.0,/dl/web/weather/ic-w-02-new-clouds-full.svg,Đà Nẵng,0.6900114089688588,0,-0.14222014722506282,0
2025-01-23 19:00:00+07:00,155.0,9.2,68.0,/dl/web/weather/ic-w-11-night-few-clouds-full.svg,Đà Nẵng,3.5270197484388617,-1,0.20238059937047623,0
2025-01-23 20:00:00+07:00,96.0,5.5,83.0,/dl/web/weather/ic-w-11-night-few-clouds-full.svg,Đà Nẵng,1.510351169779462,0,-0.5059653797425765,0
2025-01-23 21:00:00+07:00,111.0,5.5,83.0,/dl/web/weather/ic-w-11-night-few-clouds-full.svg,Đà Nẵng,2.023063520286089,0,-0.5059653797425765,0
2025-01-23 22:00:00+07:00,154.0,3.7,88.0,/dl/web/weather/ic-w-11-night-few-clouds-full.svg,Đà Nẵng,3.4928389250717533,-1,-0.8505661263381158,0
2025-01-23 23:00:00+07:00,156.0,1.8,94.0,/dl/web/weather/ic-w-11-night-few-clouds-full.svg,Đà Nẵng,3.56120057180597,-1,-1.2143113588556296,0
2025-01-24 00:00:00+07:00,156.0,1.8,88.0,/dl/web/weather/ic-w-11-night-few-clouds-full.svg,Đà Nẵng,3.56120057180597,-1,-1.2143113588556296,0
2025-01-24 01:00:00+07:00,159.0,7.4,88.0,/dl/web/weather/ic-w-11-night-few-clouds-full.svg,Đà Nẵng,3.6637430419072956,-1,-0.14222014722506282,0
2025-01-24 02:00:00+07:00,120.0,5.5,88.0,/dl/web/weather/ic-w-11-night-few-clouds-full.svg,Đà Nẵng,2.330690930590065,0,-0.5059653797425765,0
2025-01-24 03:00:00+07:00,119.0,7.4,94.0,/dl/web/weather/ic-w-11-night-few-clouds-full.svg,Đà Nẵng,2.296510107222957,0,-0.14222014722506282,0
2025-01-24 04:00:00+07:00,138.0,3.7,94.0,/dl/web/weather/ic-w-11-night-few-clouds-full.svg,Đà Nẵng,2.9459457511980176,0,-0.8505661263381158,0
2025-01-24 05:00:00+07:00,111.0,5.5,94.0,/dl/web/weather/ic-w-11-night-few-clouds-full.svg,Đà Nẵng,2.023063520286089,0,-0.5059653797425765,0
2025-01-24 06:00:00+07:00,103.0,1.8,94.0,/dl/web/weather/ic-w-09-mist-full.svg,Đà Nẵng,1.7496169333492213,0,-1.2143113588556296,0
2025-01-24 07:00:00+07:00,112.0,3.7,94.0,/dl/web/weather/ic-w-02-new-clouds-full.svg,Đà Nẵng,2.0572443436531977,0,-0.8505661263381158,0
2025-01-24 08:00:00+07:00,151.0,3.7,94.0,/dl/web/weather/ic-w-02-new-clouds-full.svg,Đà Nẵng,3.3902964549704278,-1,-0.8505661263381158,0
2025-01-24 09:00:00+07:00,144.0,1.8,73.0,/dl/web/weather/ic-w-02-new-clouds-full.svg,Đà Nẵng,3.1510306914006683,-1,-1.2143113588556296,0
2025-01-24 10:00:00+07:00,144.0,1.8,73.0,/dl/web/weather/ic-w-02-new-clouds-full.svg,Đà Nẵng,3.1510306914006683,-1,-1.2143113588556296,0
2025-01-24 11:00:00+07:00,92.0,5.5,68.0,/dl/web/weather/ic-w-01-clear-sky-full.svg,Đà Nẵng,1.3736278763110281,0,-0.5059653797425765,0
2025-01-24 12:00:00+07:00,77.0,5.5,65.0,/dl/web/weather/ic-w-01-clear-sky-full.svg,Đà Nẵng,0.8609155258044011,0,-0.5059653797425765,0
2025-01-24 13:00:00+07:00,82.0,9.2,65.0,/dl/web/weather/ic-w-01-clear-sky-full.svg,Đà Nẵng,1.0318196426399435,0,0.20238059937047623,0
2025-01-24 14:00:00+07:00,82.0,7.4,61.0,/dl/web/weather/ic-w-01-clear-sky-full.svg,Đà Nẵng,1.0318196426399435,0,-0.14222014722506282,0
2025-01-24 15:00:00+07:00,69.0,16.7,65.0,/dl/web/weather/ic-w-01-clear-sky-full.svg,Đà Nẵng,0.5874689388675334,0,1.6382170435185563,0
2025-01-24 16:00:00+07:00,64.0,16.7,65.0,/dl/web/weather/ic-w-01-clear-sky-full.svg,Đà Nẵng,0.416564822031991,0,1.6382170435185563,0
2025-01-24 17:00:00+07:00,60.0,16.7,69.0,/dl/web/weather/ic-w-01-clear-sky-full.svg,Đà Nẵng,0.2798415285635571,0,1.6382170435185563,0
2025-01-24 18:00:00+07:00,64.0,11.1,78.0,/dl/web/weather/ic-w-01-clear-sky-full.svg,Đà Nẵng,0.416564822031991,0,0.5661258318879899,0
2025-01-24 19:00:00+07:00,68.0,9.2,83.0,/dl/web/weather/ic-w-10-night-clear-sky-full.svg,Đà Nẵng,0.5532881155004249,0,0.20238059937047623,0
2025-01-24 20:00:00+07:00,73.0,3.7,88.0,/dl/web/weather/ic-w-11-night-few-clouds-full.svg,Đà Nẵng,0.7241922323359672,0,-0.8505661263381158,0
2025-01-24 21:00:00+07:00,68.0,3.7,88.0,/dl/web/weather/ic-w-11-night-few-clouds-full.svg,Đà Nẵng,0.5532881155004249,0,-0.8505661263381158,0
2025-01-24 22:00:00+07:00,71.0,1.8,88.0,/dl/web/weather/ic-w-04-scattered-clouds-full.svg,Đà Nẵng,0.6558305856017503,0,-1.2143113588556296,0
2025-01-24 23:00:00+07:00,90.0,1.8,88.0,/dl/web/weather/ic-w-04-scattered-clouds-full.svg,Đà Nẵng,1.3052662295768112,0,-1.2143113588556296,0
2025-01-25 00:00:00+07:00,95.0,1.8,88.0,/dl/web/weather/ic-w-04-scattered-clouds-full.svg,Đà Nẵng,1.4761703464123537,0,-1.2143113588556296,0
2025-01-25 01:00:00+07:00,111.0,5.5,88.0,/dl/web/weather/ic-w-04-scattered-clouds-full.svg,Đà Nẵng,2.023063520286089,0,-0.5059653797425765,0
2025-01-25 02:00:00+07:00,113.0,7.4,88.0,/dl/web/weather/ic-w-04-scattered-clouds-full.svg,Đà Nẵng,2.091425167020306,0,-0.14222014722506282,0
2025-01-25 03:00:00+07:00,103.0,5.5,83.0,/dl/web/weather/ic-w-04-scattered-clouds-full.svg,Đà Nẵng,1.7496169333492213,0,-0.5059653797425765,0
2025-01-25 04:00:00+07:00,110.0,3.7,88.0,/dl/web/weather/ic-w-04-scattered-clouds-full.svg,Đà Nẵng,1.9888826969189806,0,-0.8505661263381158,0
2025-01-25 05:00:00+07:00,112.0,5.5,88.0,/dl/web/weather/ic-w-04-scattered-clouds-full.svg,Đà Nẵng,2.0572443436531977,0,-0.5059653797425765,0
2025-01-25 06:00:00+07:00,113.0,3.7,88.0,/dl/web/weather/ic-w-04-scattered-clouds-full.svg,Đà Nẵng,2.091425167020306,0,-0.8505661263381158,0
2025-01-25 07:00:00+07:00,124.0,5.5,88.0,/dl/web/weather/ic-w-02-new-clouds-full.svg,Đà Nẵng,2.467414224058499,0,-0.5059653797425765,0
2025-01-25 08:00:00+07:00,150.0,5.5,94.0,/dl/web/weather/ic-w-04-scattered-clouds-full.svg,Đà Nẵng,3.3561156316033194,-1,-0.5059653797425765,0
2025-01-25 09:00:00+07:00,122.0,7.4,83.0,/dl/web/weather/ic-w-04-scattered-clouds-full.svg,Đà Nẵng,2.399052577324282,0,-0.14222014722506282,0
2025-01-25 10:00:00+07:00,122.0,7.4,83.0,/dl/web/weather/ic-w-04-scattered-clouds-full.svg,Đà Nẵng,2.399052577324282,0,-0.14222014722506282,0
2025-01-25 11:00:00+07:00,144.0,7.4,83.0,/dl/web/weather/ic-w-04-scattered-clouds-full.svg,Đà Nẵng,3.1510306914006683,-1,-0.14222014722506282,0
2025-01-25 12:00:00+07:00,155.0,10.8,75.0,/dl/web/weather/ic-w-04-scattered-clouds-full.svg,Đà Nẵng,3.5270197484388617,-1,0.5086923741220669,0
2025-01-25 13:00:00+07:00,124.0,9.2,73.0,/dl/web/weather/ic-w-04-scattered-clouds-full.svg,Đà Nẵng,2.467414224058499,0,0.20238059937047623,0
2025-01-25 14:00:00+07:00,108.0,13.0,69.0,/dl/web/weather/ic-w-04-scattered-clouds-full.svg,Đà Nẵng,1.9205210501847638,0,0.9298710644055037,0
2025-01-25 15:00:00+07:00,94.0,14.8,65.0,/dl/web/weather/ic-w-04-scattered-clouds-full.svg,Đà Nẵng,1.441989523045245,0,1.2744718110010431,0
2025-01-25 16:00:00+07:00,77.0,13.0,65.0,/dl/web/weather/ic-w-04-scattered-clouds-full.svg,Đà Nẵng,0.8609155258044011,0,0.9298710644055037,0
2025-01-25 17:00:00+07:00,66.0,13.0,69.0,/dl/web/weather/ic-w-02-new-clouds-full.svg,Đà Nẵng,0.48492646876620793,0,0.9298710644055037,0
2025-01-25 18:00:00+07:00,69.0,11.1,73.0,/dl/web/weather/ic-w-02-new-clouds-full.svg,Đà Nẵng,0.5874689388675334,0,0.5661258318879899,0
2025-01-25 19:00:00+07:00,67.0,9.2,73.0,/dl/web/weather/ic-w-11-night-few-clouds-full.svg,Đà Nẵng,0.5191072921333164,0,0.20238059937047623,0
2025-01-25 20:00:00+07:00,70.0,5.5,78.0,/dl/web/weather/ic-w-04-scattered-clouds-full.svg,Đà Nẵng,0.6216497622346419,0,-0.5059653797425765,0
2025-01-25 21:00:00+07:00,70.0,5.5,78.0,/dl/web/weather/ic-w-04-scattered-clouds-full.svg,Đà Nẵng,0.6216497622346419,0,-0.5059653797425765,0
2025-01-25 22:00:00+07:00,79.0,1.8,78.0,/dl/web/weather/ic-w-04-scattered-clouds-full.svg,Đà Nẵng,0.9292771725386181,0,-1.2143113588556296,0
2025-01-25 23:00:00+07:00,62.0,1.8,88.0,/dl/web/weather/ic-w-04-scattered-clouds-full.svg,Đà Nẵng,0.34820317529777406,0,-1.2143113588556296,0
2025-01-26 00:00:00+07:00,65.0,3.7,83.0,/dl/web/weather/ic-w-04-scattered-clouds-full.svg,Đà Nẵng,0.45074564539909945,0,-0.8505661263381158,0
2025-01-26 01:00:00+07:00,70.0,5.5,83.0,/dl/web/weather/ic-w-04-scattered-clouds-full.svg,Đà Nẵng,0.6216497622346419,0,-0.5059653797425765,0
2025-01-26 02:00:00+07:00,85.0,5.5,88.0,/dl/web/weather/ic-w-09-mist-full.svg,Đà Nẵng,1.1343621127412689,0,-0.5059653797425765,0
2025-01-26 03:00:00+07:00,89.0,3.7,88.0,/dl/web/weather/ic-w-09-mist-full.svg,Đà Nẵng,1.2710854062097028,0,-0.8505661263381158,0
2025-01-26 04:00:00+07:00,97.0,1.8,94.0,/dl/web/weather/ic-w-04-scattered-clouds-full.svg,Đà Nẵng,1.5445319931465706,0,-1.2143113588556296,0
2025-01-26 05:00:00+07:00,139.0,1.8,94.0,/dl/web/weather/ic-w-04-scattered-clouds-full.svg,Đà Nẵng,2.980126574565126,0,-1.2143113588556296,0
2025-01-26 06:00:00+07:00,128.0,1.8,88.0,/dl/web/weather/ic-w-04-scattered-clouds-full.svg,Đà Nẵng,2.604137517526933,0,-1.2143113588556296,0
2025-01-26 07:00:00+07:00,111.0,0.0,83.0,/dl/web/weather/ic-w-04-scattered-clouds-full.svg,Đà Nẵng,2.023063520286089,0,-1.5589121054511688,0
2025-01-26 08:00:00+07:00,159.0,1.8,88.0,/dl/web/weather/ic-w-04-scattered-clouds-full.svg,Đà Nẵng,3.6637430419072956,-1,-1.2143113588556296,0
2025-01-26 09:00:00+07:00,133.0,1.8,78.0,/dl/web/weather/ic-w-04-scattered-clouds-full.svg,Đà Nẵng,2.7750416343624753,0,-1.2143113588556296,0
2025-01-26 10:00:00+07:00,133.0,1.8,78.0,/dl/web/weather/ic-w-04-scattered-clouds-full.svg,Đà Nẵng,2.7750416343624753,0,-1.2143113588556296,0
2025-01-26 11:00:00+07:00,99.0,3.7,73.0,/dl/web/weather/ic-w-04-scattered-clouds-full.svg,Đà Nẵng,1.6128936398807874,0,-0.8505661263381158,0
2025-01-26 12:00:00+07:00,84.0,3.7,69.0,/dl/web/weather/ic-w-04-scattered-clouds-full.svg,Đà Nẵng,1.1001812893741605,0,-0.8505661263381158,0
2025-01-26 13:00:00+07:00,56.0,5.5,57.0,/dl/web/weather/ic-w-02-new-clouds-full.svg,Đà Nẵng,0.14311823509512323,0,-0.5059653797425765,0
2025-01-26 14:00:00+07:00,61.0,9.2,73.0,/dl/web/weather/ic-w-02-new-clouds-full.svg,Đà Nẵng,0.3140223519306656,0,0.20238059937047623,0
2025-01-26 15:00:00+07:00,56.0,11.1,65.0,/dl/web/weather/ic-w-04-scattered-clouds-full.svg,Đà Nẵng,0.14311823509512323,0,0.5661258318879899,0
2025-01-26 16:00:00+07:00,55.0,7.4,78.0,/dl/web/weather/ic-w-04-scattered-clouds-full.svg,Đà Nẵng,0.10893741172801476,0,-0.14222014722506282,0
2025-01-26 17:00:00+07:00,50.0,13.0,78.0,/dl/web/weather/ic-w-04-scattered-clouds-full.svg,Đà Nẵng,-0.0619667051075276,0,0.9298710644055037,0
2025-01-26 18:00:00+07:00,57.0,22.2,78.0,/dl/web/weather/ic-w-04-scattered-clouds-full.svg,Đà Nẵng,0.1772990584622317,0,2.6911637692271486,0
2025-01-26 19:00:00+07:00,60.0,24.1,88.0,/dl/web/weather/ic-w-04-scattered-clouds-full.svg,Đà Nẵng,0.2798415285635571,0,3.0549090017446625,-1
2025-01-26 20:00:00+07:00,54.0,24.1,88.0,/dl/web/weather/ic-w-12-night-rain-full.svg,Đà Nẵng,0.07475658836090629,0,3.0549090017446625,-1
2025-01-26 21:00:00+07:00,30.0,29.6,94.0,/dl/web/weather/ic-w-12-night-rain-full.svg,Đà Nẵng,-0.7455831724496971,0,4.107855727453255,-1
2025-01-26 22:00:00+07:00,19.0,29.6,100.0,/dl/web/weather/ic-w-12-night-rain-full.svg,Đà Nẵng,-1.1215722294878903,0,4.107855727453255,-1
2025-01-26 23:00:00+07:00,11.0,20.4,88.0,/dl/web/weather/ic-w-04-scattered-clouds-full.svg,Đà Nẵng,-1.395018816424758,0,2.346563022631609,0
2025-01-27 00:00:00+07:00,22.0,20.4,77.0,/dl/web/weather/ic-w-04-scattered-clouds-full.svg,Đà Nẵng,-1.0190297593865647,0,2.346563022631609,0
2025-01-27 01:00:00+07:00,8.0,22.2,82.0,/dl/web/weather/ic-w-04-scattered-clouds-full.svg,Đà Nẵng,-1.4975612865260834,0,2.6911637692271486,0
2025-01-27 02:00:00+07:00,8.0,27.8,82.0,/dl/web/weather/ic-w-04-scattered-clouds-full.svg,Đà Nẵng,-1.4975612865260834,0,3.7632549808577154,-1
2025-01-27 03:00:00+07:00,6.0,29.6,82.0,/dl/web/weather/ic-w-04-scattered-clouds-full.svg,Đà Nẵng,-1.5659229332603004,0,4.107855727453255,-1
2025-01-27 04:00:00+07:00,6.0,25.9,82.0,/dl/web/weather/ic-w-04-scattered-clouds-full.svg,Đà Nẵng,-1.5659229332603004,0,3.3995097483402015,-1
2025-01-27 05:00:00+07:00,6.0,18.5,77.0,/dl/web/weather/ic-w-04-scattered-clouds-full.svg,Đà Nẵng,-1.5659229332603004,0,1.9828177901140958,0
2025-01-27 06:00:00+07:00,6.0,14.8,82.0,/dl/web/weather/ic-w-04-scattered-clouds-full.svg,Đà Nẵng,-1.5659229332603004,0,1.2744718110010431,0
2025-01-27 07:00:00+07:00,17.0,13.0,82.0,/dl/web/weather/ic-w-04-scattered-clouds-full.svg,Đà Nẵng,-1.1899338762221072,0,0.9298710644055037,0
2025-01-27 08:00:00+07:00,28.0,7.4,77.0,/dl/web/weather/ic-w-04-scattered-clouds-full.svg,Đà Nẵng,-0.8139448191839139,0,-0.14222014722506282,0
2025-01-27 09:00:00+07:00,17.0,9.2,72.0,/dl/web/weather/ic-w-04-scattered-clouds-full.svg,Đà Nẵng,-1.1899338762221072,0,0.20238059937047623,0
2025-01-27 10:00:00+07:00,17.0,9.2,72.0,/dl/web/weather/ic-w-04-scattered-clouds-full.svg,Đà Nẵng,-1.1899338762221072,0,0.20238059937047623,0
2025-01-27 11:00:00+07:00,17.0,9.2,77.0,/dl/web/weather/ic-w-04-scattered-clouds-full.svg,Đà Nẵng,-1.1899338762221072,0,0.20238059937047623,0
2025-01-27 12:00:00+07:00,22.0,16.7,77.0,/dl/web/weather/ic-w-04-scattered-clouds-full.svg,Đà Nẵng,-1.0190297593865647,0,1.6382170435185563,0
2025-01-27 13:00:00+07:00,50.0,14.8,68.0,/dl/web/weather/ic-w-04-scattered-clouds-full.svg,Đà Nẵng,-0.0619667051075276,0,1.2744718110010431,0
2025-01-27 14:00:00+07:00,44.0,25.9,73.0,/dl/web/weather/ic-w-04-scattered-clouds-full.svg,Đà Nẵng,-0.26705164531017844,0,3.3995097483402015,-1
2025-01-27 15:00:00+07:00,53.0,25.9,72.0,/dl/web/weather/ic-w-04-scattered-clouds-full.svg,Đà Nẵng,0.040575764993797815,0,3.3995097483402015,-1
2025-01-27 16:00:00+07:00,44.0,20.4,72.0,/dl/web/weather/ic-w-04-scattered-clouds-full.svg,Đà Nẵng,-0.26705164531017844,0,2.346563022631609,0
2025-01-27 17:00:00+07:00,44.0,18.5,68.0,/dl/web/weather/ic-w-04-scattered-clouds-full.svg,Đà Nẵng,-0.26705164531017844,0,1.9828177901140958,0
2025-01-27 18:00:00+07:00,44.0,16.7,64.0,/dl/web/weather/ic-w-04-scattered-clouds-full.svg,Đà Nẵng,-0.26705164531017844,0,1.6382170435185563,0
2025-01-27 19:00:00+07:00,50.0,18.5,72.0,/dl/web/weather/ic-w-12-night-rain-full.svg,Đà Nẵng,-0.0619667051075276,0,1.9828177901140958,0
2025-01-27 20:00:00+07:00,44.0,14.8,72.0,/dl/web/weather/ic-w-04-scattered-clouds-full.svg,Đà Nẵng,-0.26705164531017844,0,1.2744718110010431,0
2025-01-27 21:00:00+07:00,39.0,14.8,72.0,/dl/web/weather/ic-w-04-scattered-clouds-full.svg,Đà Nẵng,-0.4379557621457208,0,1.2744718110010431,0
2025-01-27 22:00:00+07:00,50.0,13.0,72.0,/dl/web/weather/ic-w-04-scattered-clouds-full.svg,Đà Nẵng,-0.0619667051075276,0,0.9298710644055037,0
2025-01-27 23:00:00+07:00,53.0,5.5,72.0,/dl/web/weather/ic-w-04-scattered-clouds-full.svg,Đà Nẵng,0.040575764993797815,0,-0.5059653797425765,0
2025-01-28 00:00:00+07:00,50.0,5.5,72.0,/dl/web/weather/ic-w-04-scattered-clouds-full.svg,Đà Nẵng,-0.0619667051075276,0,-0.5059653797425765,0
2025-01-28 01:00:00+07:00,44.0,5.5,72.0,/dl/web/weather/ic-w-04-scattered-clouds-full.svg,Đà Nẵng,-0.26705164531017844,0,-0.5059653797425765,0
2025-01-28 02:00:00+07:00,39.0,5.5,72.0,/dl/web/weather/ic-w-04-scattered-clouds-full.svg,Đà Nẵng,-0.4379557621457208,0,-0.5059653797425765,0
2025-01-28 03:00:00+07:00,39.0,3.7,72.0,/dl/web/weather/ic-w-04-scattered-clouds-full.svg,Đà Nẵng,-0.4379557621457208,0,-0.8505661263381158,0
2025-01-28 04:00:00+07:00,44.0,5.5,72.0,/dl/web/weather/ic-w-04-scattered-clouds-full.svg,Đà Nẵng,-0.26705164531017844,0,-0.5059653797425765,0
2025-01-28 05:00:00+07:00,44.0,3.7,77.0,/dl/web/weather/ic-w-04-scattered-clouds-full.svg,Đà Nẵng,-0.26705164531017844,0,-0.8505661263381158,0
2025-01-28 06:00:00+07:00,50.0,7.4,77.0,/dl/web/weather/ic-w-04-scattered-clouds-full.svg,Đà Nẵng,-0.0619667051075276,0,-0.14222014722506282,0
2025-01-28 07:00:00+07:00,50.0,7.4,72.0,/dl/web/weather/ic-w-04-scattered-clouds-full.svg,Đà Nẵng,-0.0619667051075276,0,-0.14222014722506282,0
2025-01-28 08:00:00+07:00,53.0,5.5,72.0,/dl/web/weather/ic-w-04-scattered-clouds-full.svg,Đà Nẵng,0.040575764993797815,0,-0.5059653797425765,0
2025-01-28 09:00:00+07:00,66.0,1.8,72.0,/dl/web/weather/ic-w-04-scattered-clouds-full.svg,Đà Nẵng,0.48492646876620793,0,-1.2143113588556296,0
2025-01-28 10:00:00+07:00,66.0,1.8,72.0,/dl/web/weather/ic-w-04-scattered-clouds-full.svg,Đà Nẵng,0.48492646876620793,0,-1.2143113588556296,0
2025-01-28 11:00:00+07:00,73.0,3.7,68.0,/dl/web/weather/ic-w-04-scattered-clouds-full.svg,Đà Nẵng,0.7241922323359672,0,-0.8505661263381158,0
2025-01-28 12:00:00+07:00,69.0,5.5,72.0,/dl/web/weather/ic-w-04-scattered-clouds-full.svg,Đà Nẵng,0.5874689388675334,0,-0.5059653797425765,0
2025-01-28 13:00:00+07:00,70.0,9.2,72.0,/dl/web/weather/ic-w-04-scattered-clouds-full.svg,Đà Nẵng,0.6216497622346419,0,0.20238059937047623,0
2025-01-28 14:00:00+07:00,63.0,5.5,77.0,/dl/web/weather/ic-w-04-scattered-clouds-full.svg,Đà Nẵng,0.38238399866488254,0,-0.5059653797425765,0
2025-01-28 15:00:00+07:00,55.0,9.2,68.0,/dl/web/weather/ic-w-04-scattered-clouds-full.svg,Đà Nẵng,0.10893741172801476,0,0.20238059937047623,0
2025-01-28 16:00:00+07:00,36.0,14.8,73.0,/dl/web/weather/ic-w-04-scattered-clouds-full.svg,Đà Nẵng,-0.5404982322470462,0,1.2744718110010431,0
2025-01-28 17:00:00+07:00,44.0,9.2,77.0,/dl/web/weather/ic-w-04-scattered-clouds-full.svg,Đà Nẵng,-0.26705164531017844,0,0.20238059937047623,0
2025-01-28 18:00:00+07:00,54.0,11.1,72.0,/dl/web/weather/ic-w-04-scattered-clouds-full.svg,Đà Nẵng,0.07475658836090629,0,0.5661258318879899,0
2025-01-28 19:00:00+07:00,57.0,11.1,72.0,/dl/web/weather/ic-w-04-scattered-clouds-full.svg,Đà Nẵng,0.1772990584622317,0,0.5661258318879899,0
2025-01-28 20:00:00+07:00,64.0,9.2,72.0,/dl/web/weather/ic-w-04-scattered-clouds-full.svg,Đà Nẵng,0.416564822031991,0,0.20238059937047623,0
2025-01-28 21:00:00+07:00,90.0,9.2,72.0,/dl/web/weather/ic-w-04-scattered-clouds-full.svg,Đà Nẵng,1.3052662295768112,0,0.20238059937047623,0
2025-01-28 22:00:00+07:00,94.0,7.4,72.0,/dl/web/weather/ic-w-04-scattered-clouds-full.svg,Đà Nẵng,1.441989523045245,0,-0.14222014722506282,0
2025-01-28 23:00:00+07:00,72.0,7.4,72.0,/dl/web/weather/ic-w-04-scattered-clouds-full.svg,Đà Nẵng,0.6900114089688588,0,-0.14222014722506282,0
2025-01-29 00:00:00+07:00,90.0,7.4,72.0,/dl/web/weather/ic-w-04-scattered-clouds-full.svg,Đà Nẵng,1.3052662295768112,0,-0.14222014722506282,0
2025-01-29 01:00:00+07:00,100.0,5.5,94.0,/dl/web/weather/ic-w-04-scattered-clouds-full.svg,Đà Nẵng,1.647074463247896,0,-0.5059653797425765,0
2025-01-29 02:00:00+07:00,100.0,1.8,88.0,/dl/web/weather/ic-w-09-mist-full.svg,Đà Nẵng,1.647074463247896,0,-1.2143113588556296,0
2025-01-29 03:00:00+07:00,105.0,0.0,88.0,/dl/web/weather/ic-w-04-scattered-clouds-full.svg,Đà Nẵng,1.8179785800834383,0,-1.5589121054511688,0
2025-01-29 04:00:00+07:00,71.0,1.8,82.0,/dl/web/weather/ic-w-04-scattered-clouds-full.svg,Đà Nẵng,0.6558305856017503,0,-1.2143113588556296,0
2025-01-29 05:00:00+07:00,57.0,3.7,82.0,/dl/web/weather/ic-w-04-scattered-clouds-full.svg,Đà Nẵng,0.1772990584622317,0,-0.8505661263381158,0
2025-01-29 06:00:00+07:00,52.0,1.8,82.0,/dl/web/weather/ic-w-04-scattered-clouds-full.svg,Đà Nẵng,0.006394941626689343,0,-1.2143113588556296,0
2025-01-29 07:00:00+07:00,39.0,3.7,82.0,/dl/web/weather/ic-w-06-rain-full.svg,Đà Nẵng,-0.4379557621457208,0,-0.8505661263381158,0
2025-01-29 08:00:00+07:00,27.0,0.0,88.0,/dl/web/weather/ic-w-04-scattered-clouds-full.svg,Đà Nẵng,-0.8481256425510224,0,-1.5589121054511688,0
2025-01-29 09:00:00+07:00,49.0,1.8,94.0,/dl/web/weather/ic-w-04-scattered-clouds-full.svg,Đà Nẵng,-0.09614752847463608,0,-1.2143113588556296,0
2025-01-29 10:00:00+07:00,49.0,1.8,94.0,/dl/web/weather/ic-w-04-scattered-clouds-full.svg,Đà Nẵng,-0.09614752847463608,0,-1.2143113588556296,0
2025-01-29 11:00:00+07:00,30.0,1.8,88.0,/dl/web/weather/ic-w-04-scattered-clouds-full.svg,Đà Nẵng,-0.7455831724496971,0,-1.2143113588556296,0
2025-01-29 12:00:00+07:00,52.0,1.8,73.0,/dl/web/weather/ic-w-04-scattered-clouds-full.svg,Đà Nẵng,0.006394941626689343,0,-1.2143113588556296,0
2025-01-29 13:00:00+07:00,63.0,9.2,73.0,/dl/web/weather/ic-w-04-scattered-clouds-full.svg,Đà Nẵng,0.38238399866488254,0,0.20238059937047623,0
2025-01-29 14:00:00+07:00,65.0,11.1,68.0,/dl/web/weather/ic-w-04-scattered-clouds-full.svg,Đà Nẵng,0.45074564539909945,0,0.5661258318879899,0
2025-01-29 15:00:00+07:00,67.0,11.1,73.0,/dl/web/weather/ic-w-04-scattered-clouds-full.svg,Đà Nẵng,0.5191072921333164,0,0.5661258318879899,0
2025-01-29 16:00:00+07:00,67.0,14.8,68.0,/dl/web/weather/ic-w-02-new-clouds-full.svg,Đà Nẵng,0.5191072921333164,0,1.2744718110010431,0
2025-01-29 17:00:00+07:00,68.0,20.4,73.0,/dl/web/weather/ic-w-02-new-clouds-full.svg,Đà Nẵng,0.5532881155004249,0,2.346563022631609,0
2025-01-29 18:00:00+07:00,75.0,20.4,78.0,/dl/web/weather/ic-w-02-new-clouds-full.svg,Đà Nẵng,0.7925538790701842,0,2.346563022631609,0
2025-01-29 19:00:00+07:00,108.0,20.4,83.0,/dl/web/weather/ic-w-11-night-few-clouds-full.svg,Đà Nẵng,1.9205210501847638,0,2.346563022631609,0
2025-01-29 20:00:00+07:00,108.0,14.8,82.0,/dl/web/weather/ic-w-04-scattered-clouds-full.svg,Đà Nẵng,1.9205210501847638,0,1.2744718110010431,0
2025-01-29 21:00:00+07:00,95.0,14.8,82.0,/dl/web/weather/ic-w-04-scattered-clouds-full.svg,Đà Nẵng,1.4761703464123537,0,1.2744718110010431,0
2025-01-29 22:00:00+07:00,106.0,3.7,77.0,/dl/web/weather/ic-w-11-night-few-clouds-full.svg,Đà Nẵng,1.8521594034505469,0,-0.8505661263381158,0
2025-01-29 23:00:00+07:00,99.0,5.5,82.0,/dl/web/weather/ic-w-11-night-few-clouds-full.svg,Đà Nẵng,1.6128936398807874,0,-0.5059653797425765,0
2025-01-30 00:00:00+07:00,86.0,7.4,82.0,/dl/web/weather/ic-w-04-scattered-clouds-full.svg,Đà Nẵng,1.1685429361083775,0,-0.14222014722506282,0
2025-01-30 01:00:00+07:00,95.0,5.5,82.0,/dl/web/weather/ic-w-04-scattered-clouds-full.svg,Đà Nẵng,1.4761703464123537,0,-0.5059653797425765,0
2025-01-30 02:00:00+07:00,93.0,0.0,88.0,/dl/web/weather/ic-w-11-night-few-clouds-full.svg,Đà Nẵng,1.4078086996781367,0,-1.5589121054511688,0
2025-01-30 03:00:00+07:00,86.0,1.8,88.0,/dl/web/weather/ic-w-04-scattered-clouds-full.svg,Đà Nẵng,1.1685429361083775,0,-1.2143113588556296,0
2025-01-30 04:00:00+07:00,78.0,0.0,88.0,/dl/web/weather/ic-w-04-scattered-clouds-full.svg,Đà Nẵng,0.8950963491715096,0,-1.5589121054511688,0
2025-01-30 05:00:00+07:00,82.0,7.4,88.0,/dl/web/weather/ic-w-04-scattered-clouds-full.svg,Đà Nẵng,1.0318196426399435,0,-0.14222014722506282,0
2025-01-30 06:00:00+07:00,83.0,3.7,88.0,/dl/web/weather/ic-w-04-scattered-clouds-full.svg,Đà Nẵng,1.066000466007052,0,-0.8505661263381158,0
2025-01-30 07:00:00+07:00,83.0,1.8,88.0,/dl/web/weather/ic-w-04-scattered-clouds-full.svg,Đà Nẵng,1.066000466007052,0,-1.2143113588556296,0
2025-01-30 08:00:00+07:00,81.0,3.7,82.0,/dl/web/weather/ic-w-02-new-clouds-full.svg,Đà Nẵng,0.997638819272835,0,-0.8505661263381158,0
2025-01-30 09:00:00+07:00,77.0,3.7,68.0,/dl/web/weather/ic-w-01-clear-sky-full.svg,Đà Nẵng,0.8609155258044011,0,-0.8505661263381158,0
2025-01-30 10:00:00+07:00,77.0,3.7,68.0,/dl/web/weather/ic-w-01-clear-sky-full.svg,Đà Nẵng,0.8609155258044011,0,-0.8505661263381158,0
2025-01-30 11:00:00+07:00,72.0,1.8,64.0,/dl/web/weather/ic-w-04-scattered-clouds-full.svg,Đà Nẵng,0.6900114089688588,0,-1.2143113588556296,0
2025-01-30 12:00:00+07:00,76.0,7.4,64.0,/dl/web/weather/ic-w-04-scattered-clouds-full.svg,Đà Nẵng,0.8267347024372926,0,-0.14222014722506282,0
2025-01-30 13:00:00+07:00,76.0,5.5,60.0,/dl/web/weather/ic-w-02-new-clouds-full.svg,Đà Nẵng,0.8267347024372926,0,-0.5059653797425765,0
2025-01-30 14:00:00+07:00,69.0,11.1,60.0,/dl/web/weather/ic-w-02-new-clouds-full.svg,Đà Nẵng,0.5874689388675334,0,0.5661258318879899,0
2025-01-30 15:00:00+07:00,70.0,7.4,57.0,/dl/web/weather/ic-w-02-new-clouds-full.svg,Đà Nẵng,0.6216497622346419,0,-0.14222014722506282,0
2025-01-30 16:00:00+07:00,69.0,11.1,57.0,/dl/web/weather/ic-w-02-new-clouds-full.svg,Đà Nẵng,0.5874689388675334,0,0.5661258318879899,0
2025-01-30 17:00:00+07:00,68.0,9.2,57.0,/dl/web/weather/ic-w-02-new-clouds-full.svg,Đà Nẵng,0.5532881155004249,0,0.20238059937047623,0
2025-01-30 18:00:00+07:00,69.0,9.2,68.0,/dl/web/weather/ic-w-01-clear-sky-full.svg,Đà Nẵng,0.5874689388675334,0,0.20238059937047623,0
2025-01-30 19:00:00+07:00,75.0,7.4,73.0,/dl/web/weather/ic-w-10-night-clear-sky-full.svg,Đà Nẵng,0.7925538790701842,0,-0.14222014722506282,0
2025-01-30 20:00:00+07:00,85.0,0.0,78.0,/dl/web/weather/ic-w-10-night-clear-sky-full.svg,Đà Nẵng,1.1343621127412689,0,-1.5589121054511688,0
2025-01-30 21:00:00+07:00,93.0,0.0,78.0,/dl/web/weather/ic-w-10-night-clear-sky-full.svg,Đà Nẵng,1.4078086996781367,0,-1.5589121054511688,0
2025-01-30 22:00:00+07:00,89.0,1.8,83.0,/dl/web/weather/ic-w-10-night-clear-sky-full.svg,Đà Nẵng,1.2710854062097028,0,-1.2143113588556296,0
2025-01-30 23:00:00+07:00,88.0,3.7,88.0,/dl/web/weather/ic-w-11-night-few-clouds-full.svg,Đà Nẵng,1.2369045828425942,0,-0.8505661263381158,0
2025-01-31 00:00:00+07:00,88.0,3.7,94.0,/dl/web/weather/ic-w-11-night-few-clouds-full.svg,Đà Nẵng,1.2369045828425942,0,-0.8505661263381158,0
2025-01-31 01:00:00+07:00,88.0,1.8,94.0,/dl/web/weather/ic-w-10-night-clear-sky-full.svg,Đà Nẵng,1.2369045828425942,0,-1.2143113588556296,0
2025-01-31 02:00:00+07:00,73.0,1.8,94.0,/dl/web/weather/ic-w-10-night-clear-sky-full.svg,Đà Nẵng,0.7241922323359672,0,-1.2143113588556296,0
2025-01-31 03:00:00+07:00,70.0,3.7,94.0,/dl/web/weather/ic-w-10-night-clear-sky-full.svg,Đà Nẵng,0.6216497622346419,0,-0.8505661263381158,0
2025-01-31 04:00:00+07:00,69.0,1.8,94.0,/dl/web/weather/ic-w-10-night-clear-sky-full.svg,Đà Nẵng,0.5874689388675334,0,-1.2143113588556296,0
2025-01-31 05:00:00+07:00,66.0,7.4,94.0,/dl/web/weather/ic-w-04-scattered-clouds-full.svg,Đà Nẵng,0.48492646876620793,0,-0.14222014722506282,0
2025-01-31 06:00:00+07:00,66.0,3.7,94.0,/dl/web/weather/ic-w-11-night-few-clouds-full.svg,Đà Nẵng,0.48492646876620793,0,-0.8505661263381158,0
2025-01-31 07:00:00+07:00,66.0,1.8,94.0,/dl/web/weather/ic-w-02-new-clouds-full.svg,Đà Nẵng,0.48492646876620793,0,-1.2143113588556296,0
2025-01-31 08:00:00+07:00,66.0,3.7,88.0,/dl/web/weather/ic-w-01-clear-sky-full.svg,Đà Nẵng,0.48492646876620793,0,-0.8505661263381158,0
2025-01-31 09:00:00+07:00,66.0,0.0,78.0,/dl/web/weather/ic-w-02-new-clouds-full.svg,Đà Nẵng,0.48492646876620793,0,-1.5589121054511688,0
2025-01-31 10:00:00+07:00,66.0,0.0,78.0,/dl/web/weather/ic-w-02-new-clouds-full.svg,Đà Nẵng,0.48492646876620793,0,-1.5589121054511688,0
2025-01-31 11:00:00+07:00,59.0,3.7,69.0,/dl/web/weather/ic-w-02-new-clouds-full.svg,Đà Nẵng,0.24566070519644864,0,-0.8505661263381158,0
2025-01-31 12:00:00+07:00,44.0,3.7,61.0,/dl/web/weather/ic-w-02-new-clouds-full.svg,Đà Nẵng,-0.26705164531017844,0,-0.8505661263381158,0
2025-01-31 13:00:00+07:00,55.0,5.5,53.0,/dl/web/weather/ic-w-02-new-clouds-full.svg,Đà Nẵng,0.10893741172801476,0,-0.5059653797425765,0
2025-01-31 14:00:00+07:00,52.0,5.5,47.0,/dl/web/weather/ic-w-02-new-clouds-full.svg,Đà Nẵng,0.006394941626689343,0,-0.5059653797425765,0
2025-01-31 15:00:00+07:00,49.0,11.1,50.0,/dl/web/weather/ic-w-02-new-clouds-full.svg,Đà Nẵng,-0.09614752847463608,0,0.5661258318879899,0
2025-01-31 16:00:00+07:00,49.0,13.0,53.0,/dl/web/weather/ic-w-02-new-clouds-full.svg,Đà Nẵng,-0.09614752847463608,0,0.9298710644055037,0
2025-01-31 17:00:00+07:00,47.0,13.0,57.0,/dl/web/weather/ic-w-02-new-clouds-full.svg,Đà Nẵng,-0.164509175208853,0,0.9298710644055037,0
2025-01-31 18:00:00+07:00,47.0,11.1,64.0,/dl/web/weather/ic-w-01-clear-sky-full.svg,Đà Nẵng,-0.164509175208853,0,0.5661258318879899,0
2025-01-31 19:00:00+07:00,53.0,7.4,73.0,/dl/web/weather/ic-w-10-night-clear-sky-full.svg,Đà Nẵng,0.040575764993797815,0,-0.14222014722506282,0
2025-01-31 20:00:00+07:00,56.0,3.7,88.0,/dl/web/weather/ic-w-10-night-clear-sky-full.svg,Đà Nẵng,0.14311823509512323,0,-0.8505661263381158,0
2025-01-31 21:00:00+07:00,56.0,3.7,88.0,/dl/web/weather/ic-w-10-night-clear-sky-full.svg,Đà Nẵng,0.14311823509512323,0,-0.8505661263381158,0
2025-01-31 22:00:00+07:00,60.0,7.4,83.0,/dl/web/weather/ic-w-10-night-clear-sky-full.svg,Đà Nẵng,0.2798415285635571,0,-0.14222014722506282,0
2025-01-31 23:00:00+07:00,61.0,3.7,88.0,/dl/web/weather/ic-w-10-night-clear-sky-full.svg,Đà Nẵng,0.3140223519306656,0,-0.8505661263381158,0
2025-02-01 00:00:00+07:00,56.0,5.5,94.0,/dl/web/weather/ic-w-10-night-clear-sky-full.svg,Đà Nẵng,0.14311823509512323,0,-0.5059653797425765,0
2025-02-01 01:00:00+07:00,53.0,1.8,88.0,/dl/web/weather/ic-w-04-scattered-clouds-full.svg,Đà Nẵng,0.040575764993797815,0,-1.2143113588556296,0
2025-02-01 02:00:00+07:00,59.0,1.8,88.0,/dl/web/weather/ic-w-11-night-few-clouds-full.svg,Đà Nẵng,0.24566070519644864,0,-1.2143113588556296,0
2025-02-01 03:00:00+07:00,56.0,5.5,88.0,/dl/web/weather/ic-w-10-night-clear-sky-full.svg,Đà Nẵng,0.14311823509512323,0,-0.5059653797425765,0
2025-02-01 04:00:00+07:00,53.0,1.8,94.0,/dl/web/weather/ic-w-10-night-clear-sky-full.svg,Đà Nẵng,0.040575764993797815,0,-1.2143113588556296,0
2025-02-01 05:00:00+07:00,53.0,3.7,94.0,/dl/web/weather/ic-w-10-night-clear-sky-full.svg,Đà Nẵng,0.040575764993797815,0,-0.8505661263381158,0
2025-02-01 06:00:00+07:00,53.0,3.7,94.0,/dl/web/weather/ic-w-10-night-clear-sky-full.svg,Đà Nẵng,0.040575764993797815,0,-0.8505661263381158,0
2025-02-01 07:00:00+07:00,53.0,3.7,94.0,/dl/web/weather/ic-w-04-scattered-clouds-full.svg,Đà Nẵng,0.040575764993797815,0,-0.8505661263381158,0
2025-02-01 08:00:00+07:00,61.0,0.0,88.0,/dl/web/weather/ic-w-02-new-clouds-full.svg,Đà Nẵng,0.3140223519306656,0,-1.5589121054511688,0
2025-02-01 09:00:00+07:00,65.0,1.8,78.0,/dl/web/weather/ic-w-02-new-clouds-full.svg,Đà Nẵng,0.45074564539909945,0,-1.2143113588556296,0
2025-02-01 10:00:00+07:00,65.0,1.8,69.0,/dl/web/weather/ic-w-02-new-clouds-full.svg,Đà Nẵng,0.45074564539909945,0,-1.2143113588556296,0
2025-02-01 11:00:00+07:00,71.0,1.8,69.0,/dl/web/weather/ic-w-02-new-clouds-full.svg,Đà Nẵng,0.6558305856017503,0,-1.2143113588556296,0
2025-02-01 12:00:00+07:00,63.0,5.5,65.0,/dl/web/weather/ic-w-02-new-clouds-full.svg,Đà Nẵng,0.38238399866488254,0,-0.5059653797425765,0
2025-02-01 13:00:00+07:00,56.0,5.5,61.0,/dl/web/weather/ic-w-01-clear-sky-full.svg,Đà Nẵng,0.14311823509512323,0,-0.5059653797425765,0
2025-02-01 14:00:00+07:00,54.0,9.2,65.0,/dl/web/weather/ic-w-01-clear-sky-full.svg,Đà Nẵng,0.07475658836090629,0,0.20238059937047623,0
2025-02-01 15:00:00+07:00,54.0,13.0,61.0,/dl/web/weather/ic-w-01-clear-sky-full.svg,Đà Nẵng,0.07475658836090629,0,0.9298710644055037,0
2025-02-01 16:00:00+07:00,44.0,13.0,65.0,/dl/web/weather/ic-w-01-clear-sky-full.svg,Đà Nẵng,-0.26705164531017844,0,0.9298710644055037,0
2025-02-01 17:00:00+07:00,47.0,11.1,65.0,/dl/web/weather/ic-w-01-clear-sky-full.svg,Đà Nẵng,-0.164509175208853,0,0.5661258318879899,0
2025-02-01 18:00:00+07:00,47.0,7.4,73.0,/dl/web/weather/ic-w-02-new-clouds-full.svg,Đà Nẵng,-0.164509175208853,0,-0.14222014722506282,0
2025-02-01 19:00:00+07:00,52.0,7.4,78.0,/dl/web/weather/ic-w-11-night-few-clouds-full.svg,Đà Nẵng,0.006394941626689343,0,-0.14222014722506282,0
2025-02-01 20:00:00+07:00,60.0,5.5,83.0,/dl/web/weather/ic-w-11-night-few-clouds-full.svg,Đà Nẵng,0.2798415285635571,0,-0.5059653797425765,0
2025-02-01 21:00:00+07:00,59.0,5.5,83.0,/dl/web/weather/ic-w-11-night-few-clouds-full.svg,Đà Nẵng,0.24566070519644864,0,-0.5059653797425765,0
2025-02-01 22:00:00+07:00,70.0,0.0,83.0,/dl/web/weather/ic-w-11-night-few-clouds-full.svg,Đà Nẵng,0.6216497622346419,0,-1.5589121054511688,0
2025-02-01 23:00:00+07:00,55.0,1.8,88.0,/dl/web/weather/ic-w-11-night-few-clouds-full.svg,Đà Nẵng,0.10893741172801476,0,-1.2143113588556296,0
2025-02-02 00:00:00+07:00,53.0,3.7,94.0,/dl/web/weather/ic-w-11-night-few-clouds-full.svg,Đà Nẵng,0.040575764993797815,0,-0.8505661263381158,0
2025-02-02 01:00:00+07:00,58.0,3.7,94.0,/dl/web/weather/ic-w-11-night-few-clouds-full.svg,Đà Nẵng,0.21147988182934016,0,-0.8505661263381158,0
2025-02-02 02:00:00+07:00,64.0,0.0,88.0,/dl/web/weather/ic-w-11-night-few-clouds-full.svg,Đà Nẵng,0.416564822031991,0,-1.5589121054511688,0
2025-02-02 03:00:00+07:00,64.0,0.0,94.0,/dl/web/weather/ic-w-11-night-few-clouds-full.svg,Đà Nẵng,0.416564822031991,0,-1.5589121054511688,0
2025-02-02 04:00:00+07:00,58.0,1.8,88.0,/dl/web/weather/ic-w-11-night-few-clouds-full.svg,Đà Nẵng,0.21147988182934016,0,-1.2143113588556296,0
2025-02-02 05:00:00+07:00,56.0,0.0,94.0,/dl/web/weather/ic-w-11-night-few-clouds-full.svg,Đà Nẵng,0.14311823509512323,0,-1.5589121054511688,0
2025-02-02 06:00:00+07:00,59.0,1.8,94.0,/dl/web/weather/ic-w-11-night-few-clouds-full.svg,Đà Nẵng,0.24566070519644864,0,-1.2143113588556296,0
2025-02-02 07:00:00+07:00,61.0,5.5,94.0,/dl/web/weather/ic-w-02-new-clouds-full.svg,Đà Nẵng,0.3140223519306656,0,-0.5059653797425765,0
2025-02-02 08:00:00+07:00,70.0,7.4,94.0,/dl/web/weather/ic-w-02-new-clouds-full.svg,Đà Nẵng,0.6216497622346419,0,-0.14222014722506282,0
2025-02-02 09:00:00+07:00,66.0,7.4,83.0,/dl/web/weather/ic-w-01-clear-sky-full.svg,Đà Nẵng,0.48492646876620793,0,-0.14222014722506282,0
2025-02-02 10:00:00+07:00,66.0,7.4,83.0,/dl/web/weather/ic-w-01-clear-sky-full.svg,Đà Nẵng,0.48492646876620793,0,-0.14222014722506282,0
2025-02-02 11:00:00+07:00,80.0,5.5,78.0,/dl/web/weather/ic-w-02-new-clouds-full.svg,Đà Nẵng,0.9634579959057266,0,-0.5059653797425765,0
2025-02-02 12:00:00+07:00,80.0,5.5,73.0,/dl/web/weather/ic-w-02-new-clouds-full.svg,Đà Nẵng,0.9634579959057266,0,-0.5059653797425765,0
2025-02-02 13:00:00+07:00,83.0,7.4,65.0,/dl/web/weather/ic-w-02-new-clouds-full.svg,Đà Nẵng,1.066000466007052,0,-0.14222014722506282,0
2025-02-02 14:00:00+07:00,72.0,14.8,69.0,/dl/web/weather/ic-w-02-new-clouds-full.svg,Đà Nẵng,0.6900114089688588,0,1.2744718110010431,0
2025-02-02 15:00:00+07:00,61.0,14.8,65.0,/dl/web/weather/ic-w-02-new-clouds-full.svg,Đà Nẵng,0.3140223519306656,0,1.2744718110010431,0
2025-02-02 16:00:00+07:00,47.0,14.8,65.0,/dl/web/weather/ic-w-02-new-clouds-full.svg,Đà Nẵng,-0.164509175208853,0,1.2744718110010431,0
2025-02-02 17:00:00+07:00,36.0,11.1,69.0,/dl/web/weather/ic-w-01-clear-sky-full.svg,Đà Nẵng,-0.5404982322470462,0,0.5661258318879899,0
2025-02-02 18:00:00+07:00,41.0,11.1,78.0,/dl/web/weather/ic-w-01-clear-sky-full.svg,Đà Nẵng,-0.36959411541150383,0,0.5661258318879899,0
2025-02-02 19:00:00+07:00,41.0,9.2,83.0,/dl/web/weather/ic-w-10-night-clear-sky-full.svg,Đà Nẵng,-0.36959411541150383,0,0.20238059937047623,0
2025-02-02 20:00:00+07:00,52.0,3.7,83.0,/dl/web/weather/ic-w-11-night-few-clouds-full.svg,Đà Nẵng,0.006394941626689343,0,-0.8505661263381158,0
2025-02-02 21:00:00+07:00,44.0,0.0,83.0,/dl/web/weather/ic-w-11-night-few-clouds-full.svg,Đà Nẵng,-0.26705164531017844,0,-1.5589121054511688,0
2025-02-02 22:00:00+07:00,49.0,3.7,83.0,/dl/web/weather/ic-w-04-scattered-clouds-full.svg,Đà Nẵng,-0.09614752847463608,0,-0.8505661263381158,0
2025-02-02 23:00:00+07:00,52.0,1.8,83.0,/dl/web/weather/ic-w-04-scattered-clouds-full.svg,Đà Nẵng,0.006394941626689343,0,-1.2143113588556296,0
2025-02-03 00:00:00+07:00,49.0,3.7,88.0,/dl/web/weather/ic-w-04-scattered-clouds-full.svg,Đà Nẵng,-0.09614752847463608,0,-0.8505661263381158,0
2025-02-03 01:00:00+07:00,49.0,1.8,88.0,/dl/web/weather/ic-w-04-scattered-clouds-full.svg,Đà Nẵng,-0.09614752847463608,0,-1.2143113588556296,0
2025-02-03 02:00:00+07:00,49.0,1.8,88.0,/dl/web/weather/ic-w-04-scattered-clouds-full.svg,Đà Nẵng,-0.09614752847463608,0,-1.2143113588556296,0
2025-02-03 03:00:00+07:00,49.0,0.0,94.0,/dl/web/weather/ic-w-04-scattered-clouds-full.svg,Đà Nẵng,-0.09614752847463608,0,-1.5589121054511688,0
2025-02-03 04:00:00+07:00,61.0,0.0,88.0,/dl/web/weather/ic-w-04-scattered-clouds-full.svg,Đà Nẵng,0.3140223519306656,0,-1.5589121054511688,0
2025-02-03 05:00:00+07:00,62.0,3.7,94.0,/dl/web/weather/ic-w-04-scattered-clouds-full.svg,Đà Nẵng,0.34820317529777406,0,-0.8505661263381158,0
2025-02-03 06:00:00+07:00,66.0,3.7,88.0,/dl/web/weather/ic-w-04-scattered-clouds-full.svg,Đà Nẵng,0.48492646876620793,0,-0.8505661263381158,0
2025-02-03 07:00:00+07:00,66.0,3.7,83.0,/dl/web/weather/ic-w-04-scattered-clouds-full.svg,Đà Nẵng,0.48492646876620793,0,-0.8505661263381158,0
2025-02-03 08:00:00+07:00,81.0,3.7,83.0,/dl/web/weather/ic-w-04-scattered-clouds-full.svg,Đà Nẵng,0.997638819272835,0,-0.8505661263381158,0
2025-02-03 09:00:00+07:00,55.0,7.4,83.0,/dl/web/weather/ic-w-04-scattered-clouds-full.svg,Đà Nẵng,0.10893741172801476,0,-0.14222014722506282,0
2025-02-03 10:00:00+07:00,55.0,7.4,83.0,/dl/web/weather/ic-w-04-scattered-clouds-full.svg,Đà Nẵng,0.10893741172801476,0,-0.14222014722506282,0
2025-02-03 11:00:00+07:00,33.0,7.4,69.0,/dl/web/weather/ic-w-02-new-clouds-full.svg,Đà Nẵng,-0.6430407023483716,0,-0.14222014722506282,0
2025-02-03 12:00:00+07:00,38.0,11.1,69.0,/dl/web/weather/ic-w-04-scattered-clouds-full.svg,Đà Nẵng,-0.4721365855128293,0,0.5661258318879899,0
2025-02-03 13:00:00+07:00,38.0,16.7,73.0,/dl/web/weather/ic-w-04-scattered-clouds-full.svg,Đà Nẵng,-0.4721365855128293,0,1.6382170435185563,0
2025-02-03 14:00:00+07:00,30.0,11.1,83.0,/dl/web/weather/ic-w-04-scattered-clouds-full.svg,Đà Nẵng,-0.7455831724496971,0,0.5661258318879899,0
2025-02-03 15:00:00+07:00,30.0,3.7,94.0,/dl/web/weather/ic-w-04-scattered-clouds-full.svg,Đà Nẵng,-0.7455831724496971,0,-0.8505661263381158,0
2025-02-03 16:00:00+07:00,36.0,3.7,83.0,/dl/web/weather/ic-w-04-scattered-clouds-full.svg,Đà Nẵng,-0.5404982322470462,0,-0.8505661263381158,0
2025-02-03 17:00:00+07:00,41.0,1.8,73.0,/dl/web/weather/ic-w-04-scattered-clouds-full.svg,Đà Nẵng,-0.36959411541150383,0,-1.2143113588556296,0
2025-02-03 18:00:00+07:00,53.0,7.4,73.0,/dl/web/weather/ic-w-02-new-clouds-full.svg,Đà Nẵng,0.040575764993797815,0,-0.14222014722506282,0
2025-02-03 19:00:00+07:00,44.0,0.0,83.0,/dl/web/weather/ic-w-11-night-few-clouds-full.svg,Đà Nẵng,-0.26705164531017844,0,-1.5589121054511688,0
2025-02-03 20:00:00+07:00,41.0,7.4,88.0,/dl/web/weather/ic-w-04-scattered-clouds-full.svg,Đà Nẵng,-0.36959411541150383,0,-0.14222014722506282,0
2025-02-03 21:00:00+07:00,41.0,7.4,88.0,/dl/web/weather/ic-w-04-scattered-clouds-full.svg,Đà Nẵng,-0.36959411541150383,0,-0.14222014722506282,0
2025-02-03 22:00:00+07:00,38.0,7.4,94.0,/dl/web/weather/ic-w-04-scattered-clouds-full.svg,Đà Nẵng,-0.4721365855128293,0,-0.14222014722506282,0
2025-02-03 23:00:00+07:00,38.0,11.1,94.0,/dl/web/weather/ic-w-04-scattered-clouds-full.svg,Đà Nẵng,-0.4721365855128293,0,0.5661258318879899,0
2025-02-04 00:00:00+07:00,62.0,20.4,88.0,/dl/web/weather/ic-w-04-scattered-clouds-full.svg,Đà Nẵng,0.34820317529777406,0,2.346563022631609,0
2025-02-04 01:00:00+07:00,60.0,20.4,88.0,/dl/web/weather/ic-w-04-scattered-clouds-full.svg,Đà Nẵng,0.2798415285635571,0,2.346563022631609,0
2025-02-04 02:00:00+07:00,56.0,25.9,94.0,/dl/web/weather/ic-w-04-scattered-clouds-full.svg,Đà Nẵng,0.14311823509512323,0,3.3995097483402015,-1
2025-02-04 03:00:00+07:00,30.0,22.2,94.0,/dl/web/weather/ic-w-04-scattered-clouds-full.svg,Đà Nẵng,-0.7455831724496971,0,2.6911637692271486,0
2025-02-04 04:00:00+07:00,17.0,27.8,100.0,/dl/web/weather/ic-w-04-scattered-clouds-full.svg,Đà Nẵng,-1.1899338762221072,0,3.7632549808577154,-1
2025-02-04 05:00:00+07:00,17.0,25.9,94.0,/dl/web/weather/ic-w-04-scattered-clouds-full.svg,Đà Nẵng,-1.1899338762221072,0,3.3995097483402015,-1
2025-02-04 06:00:00+07:00,39.0,14.8,94.0,/dl/web/weather/ic-w-09-mist-full.svg,Đà Nẵng,-0.4379557621457208,0,1.2744718110010431,0
2025-02-04 07:00:00+07:00,56.0,13.0,100.0,/dl/web/weather/ic-w-09-mist-full.svg,Đà Nẵng,0.14311823509512323,0,0.9298710644055037,0
2025-02-04 08:00:00+07:00,55.0,16.7,100.0,/dl/web/weather/ic-w-09-mist-full.svg,Đà Nẵng,0.10893741172801476,0,1.6382170435185563,0
2025-02-04 09:00:00+07:00,60.0,20.4,94.0,/dl/web/weather/ic-w-09-mist-full.svg,Đà Nẵng,0.2798415285635571,0,2.346563022631609,0
2025-02-04 10:00:00+07:00,60.0,20.4,94.0,/dl/web/weather/ic-w-09-mist-full.svg,Đà Nẵng,0.2798415285635571,0,2.346563022631609,0
2025-02-04 11:00:00+07:00,65.0,11.1,94.0,/dl/web/weather/ic-w-09-mist-full.svg,Đà Nẵng,0.45074564539909945,0,0.5661258318879899,0
2025-02-04 12:00:00+07:00,70.0,14.8,94.0,/dl/web/weather/ic-w-09-mist-full.svg,Đà Nẵng,0.6216497622346419,0,1.2744718110010431,0
2025-02-04 13:00:00+07:00,73.0,18.5,94.0,/dl/web/weather/ic-w-04-scattered-clouds-full.svg,Đà Nẵng,0.7241922323359672,0,1.9828177901140958,0
2025-02-04 14:00:00+07:00,61.0,13.0,94.0,/dl/web/weather/ic-w-09-mist-full.svg,Đà Nẵng,0.3140223519306656,0,0.9298710644055037,0
2025-02-04 15:00:00+07:00,49.0,11.1,100.0,/dl/web/weather/ic-w-09-mist-full.svg,Đà Nẵng,-0.09614752847463608,0,0.5661258318879899,0
2025-02-04 16:00:00+07:00,54.0,7.4,100.0,/dl/web/weather/ic-w-09-mist-full.svg,Đà Nẵng,0.07475658836090629,0,-0.14222014722506282,0
2025-02-04 17:00:00+07:00,33.0,7.4,88.0,/dl/web/weather/ic-w-04-scattered-clouds-full.svg,Đà Nẵng,-0.6430407023483716,0,-0.14222014722506282,0
2025-02-04 18:00:00+07:00,49.0,14.8,83.0,/dl/web/weather/ic-w-04-scattered-clouds-full.svg,Đà Nẵng,-0.09614752847463608,0,1.2744718110010431,0
2025-02-04 19:00:00+07:00,60.0,14.8,83.0,/dl/web/weather/ic-w-04-scattered-clouds-full.svg,Đà Nẵng,0.2798415285635571,0,1.2744718110010431,0
2025-02-04 20:00:00+07:00,27.0,7.4,77.0,/dl/web/weather/ic-w-04-scattered-clouds-full.svg,Đà Nẵng,-0.8481256425510224,0,-0.14222014722506282,0
2025-02-04 21:00:00+07:00,14.0,7.4,77.0,/dl/web/weather/ic-w-04-scattered-clouds-full.svg,Đà Nẵng,-1.2924763463234326,0,-0.14222014722506282,0
2025-02-04 22:00:00+07:00,19.0,5.5,77.0,/dl/web/weather/ic-w-04-scattered-clouds-full.svg,Đà Nẵng,-1.1215722294878903,0,-0.5059653797425765,0
2025-02-04 23:00:00+07:00,11.0,7.4,77.0,/dl/web/weather/ic-w-04-scattered-clouds-full.svg,Đà Nẵng,-1.395018816424758,0,-0.14222014722506282,0
2025-02-05 00:00:00+07:00,8.0,9.2,88.0,/dl/web/weather/ic-w-04-scattered-clouds-full.svg,Đà Nẵng,-1.4975612865260834,0,0.20238059937047623,0
2025-02-05 01:00:00+07:00,16.0,9.2,94.0,/dl/web/weather/ic-w-04-scattered-clouds-full.svg,Đà Nẵng,-1.2241146995892156,0,0.20238059937047623,0
2025-02-05 02:00:00+07:00,16.0,5.5,88.0,/dl/web/weather/ic-w-04-scattered-clouds-full.svg,Đà Nẵng,-1.2241146995892156,0,-0.5059653797425765,0
2025-02-05 03:00:00+07:00,14.0,1.8,82.0,/dl/web/weather/ic-w-04-scattered-clouds-full.svg,Đà Nẵng,-1.2924763463234326,0,-1.2143113588556296,0
2025-02-05 04:00:00+07:00,8.0,3.7,94.0,/dl/web/weather/ic-w-04-scattered-clouds-full.svg,Đà Nẵng,-1.4975612865260834,0,-0.8505661263381158,0
2025-02-05 05:00:00+07:00,6.0,0.0,94.0,/dl/web/weather/ic-w-04-scattered-clouds-full.svg,Đà Nẵng,-1.5659229332603004,0,-1.5589121054511688,0
2025-02-05 06:00:00+07:00,8.0,1.8,94.0,/dl/web/weather/ic-w-04-scattered-clouds-full.svg,Đà Nẵng,-1.4975612865260834,0,-1.2143113588556296,0
2025-02-05 07:00:00+07:00,17.0,1.8,94.0,/dl/web/weather/ic-w-04-scattered-clouds-full.svg,Đà Nẵng,-1.1899338762221072,0,-1.2143113588556296,0
2025-02-05 08:00:00+07:00,27.0,1.8,88.0,/dl/web/weather/ic-w-04-scattered-clouds-full.svg,Đà Nẵng,-0.8481256425510224,0,-1.2143113588556296,0
2025-02-05 09:00:00+07:00,27.0,3.7,88.0,/dl/web/weather/ic-w-04-scattered-clouds-full.svg,Đà Nẵng,-0.8481256425510224,0,-0.8505661263381158,0
2025-02-05 10:00:00+07:00,27.0,3.7,88.0,/dl/web/weather/ic-w-04-scattered-clouds-full.svg,Đà Nẵng,-0.8481256425510224,0,-0.8505661263381158,0
2025-02-05 11:00:00+07:00,30.0,3.7,73.0,/dl/web/weather/ic-w-04-scattered-clouds-full.svg,Đà Nẵng,-0.7455831724496971,0,-0.8505661263381158,0
2025-02-05 12:00:00+07:00,41.0,7.4,73.0,/dl/web/weather/ic-w-04-scattered-clouds-full.svg,Đà Nẵng,-0.36959411541150383,0,-0.14222014722506282,0
2025-02-05 13:00:00+07:00,49.0,5.5,73.0,/dl/web/weather/ic-w-04-scattered-clouds-full.svg,Đà Nẵng,-0.09614752847463608,0,-0.5059653797425765,0
2025-02-05 14:00:00+07:00,54.0,3.7,73.0,/dl/web/weather/ic-w-04-scattered-clouds-full.svg,Đà Nẵng,0.07475658836090629,0,-0.8505661263381158,0
2025-02-05 15:00:00+07:00,54.0,3.7,65.0,/dl/web/weather/ic-w-04-scattered-clouds-full.svg,Đà Nẵng,0.07475658836090629,0,-0.8505661263381158,0
2025-02-05 16:00:00+07:00,54.0,7.4,65.0,/dl/web/weather/ic-w-02-new-clouds-full.svg,Đà Nẵng,0.07475658836090629,0,-0.14222014722506282,0
2025-02-05 17:00:00+07:00,54.0,13.0,69.0,/dl/web/weather/ic-w-02-new-clouds-full.svg,Đà Nẵng,0.07475658836090629,0,0.9298710644055037,0
2025-02-05 18:00:00+07:00,58.0,13.0,73.0,/dl/web/weather/ic-w-02-new-clouds-full.svg,Đà Nẵng,0.21147988182934016,0,0.9298710644055037,0
2025-02-05 19:00:00+07:00,58.0,13.0,78.0,/dl/web/weather/ic-w-10-night-clear-sky-full.svg,Đà Nẵng,0.21147988182934016,0,0.9298710644055037,0
2025-02-05 20:00:00+07:00,60.0,3.7,83.0,/dl/web/weather/ic-w-04-scattered-clouds-full.svg,Đà Nẵng,0.2798415285635571,0,-0.8505661263381158,0
2025-02-05 21:00:00+07:00,60.0,3.7,83.0,/dl/web/weather/ic-w-04-scattered-clouds-full.svg,Đà Nẵng,0.2798415285635571,0,-0.8505661263381158,0
2025-02-05 22:00:00+07:00,58.0,3.7,83.0,/dl/web/weather/ic-w-04-scattered-clouds-full.svg,Đà Nẵng,0.21147988182934016,0,-0.8505661263381158,0
2025-02-05 23:00:00+07:00,60.0,0.0,83.0,/dl/web/weather/ic-w-04-scattered-clouds-full.svg,Đà Nẵng,0.2798415285635571,0,-1.5589121054511688,0
2025-02-06 00:00:00+07:00,58.0,1.8,83.0,/dl/web/weather/ic-w-04-scattered-clouds-full.svg,Đà Nẵng,0.21147988182934016,0,-1.2143113588556296,0
2025-02-06 01:00:00+07:00,58.0,1.8,88.0,/dl/web/weather/ic-w-04-scattered-clouds-full.svg,Đà Nẵng,0.21147988182934016,0,-1.2143113588556296,0
2025-02-06 02:00:00+07:00,56.0,0.0,88.0,/dl/web/weather/ic-w-04-scattered-clouds-full.svg,Đà Nẵng,0.14311823509512323,0,-1.5589121054511688,0
2025-02-06 03:00:00+07:00,67.0,0.0,88.0,/dl/web/weather/ic-w-04-scattered-clouds-full.svg,Đà Nẵng,0.5191072921333164,0,-1.5589121054511688,0
2025-02-06 04:00:00+07:00,69.0,1.8,88.0,/dl/web/weather/ic-w-04-scattered-clouds-full.svg,Đà Nẵng,0.5874689388675334,0,-1.2143113588556296,0
2025-02-06 05:00:00+07:00,66.0,1.8,94.0,/dl/web/weather/ic-w-04-scattered-clouds-full.svg,Đà Nẵng,0.48492646876620793,0,-1.2143113588556296,0
2025-02-06 06:00:00+07:00,75.0,1.8,94.0,/dl/web/weather/ic-w-04-scattered-clouds-full.svg,Đà Nẵng,0.7925538790701842,0,-1.2143113588556296,0
2025-02-06 07:00:00+07:00,88.0,1.8,94.0,/dl/web/weather/ic-w-04-scattered-clouds-full.svg,Đà Nẵng,1.2369045828425942,0,-1.2143113588556296,0
2025-02-06 08:00:00+07:00,123.0,1.8,88.0,/dl/web/weather/ic-w-04-scattered-clouds-full.svg,Đà Nẵng,2.4332334006913907,0,-1.2143113588556296,0
2025-02-06 09:00:00+07:00,125.0,1.8,78.0,/dl/web/weather/ic-w-04-scattered-clouds-full.svg,Đà Nẵng,2.5015950474256075,0,-1.2143113588556296,0
2025-02-06 10:00:00+07:00,125.0,1.8,78.0,/dl/web/weather/ic-w-04-scattered-clouds-full.svg,Đà Nẵng,2.5015950474256075,0,-1.2143113588556296,0
2025-02-06 11:00:00+07:00,82.0,5.5,78.0,/dl/web/weather/ic-w-04-scattered-clouds-full.svg,Đà Nẵng,1.0318196426399435,0,-0.5059653797425765,0
2025-02-06 12:00:00+07:00,88.0,7.4,69.0,/dl/web/weather/ic-w-04-scattered-clouds-full.svg,Đà Nẵng,1.2369045828425942,0,-0.14222014722506282,0
2025-02-06 13:00:00+07:00,86.0,7.4,57.0,/dl/web/weather/ic-w-04-scattered-clouds-full.svg,Đà Nẵng,1.1685429361083775,0,-0.14222014722506282,0
2025-02-06 14:00:00+07:00,128.0,13.0,65.0,/dl/web/weather/ic-w-04-scattered-clouds-full.svg,Đà Nẵng,2.604137517526933,0,0.9298710644055037,0
2025-02-06 15:00:00+07:00,161.0,13.0,61.0,/dl/web/weather/ic-w-02-new-clouds-full.svg,Đà Nẵng,3.7321046886415123,-1,0.9298710644055037,0
2025-02-06 16:00:00+07:00,99.0,13.0,61.0,/dl/web/weather/ic-w-02-new-clouds-full.svg,Đà Nẵng,1.6128936398807874,0,0.9298710644055037,0
2025-02-06 17:00:00+07:00,75.0,14.8,64.0,/dl/web/weather/ic-w-01-clear-sky-full.svg,Đà Nẵng,0.7925538790701842,0,1.2744718110010431,0
2025-02-06 18:00:00+07:00,76.0,13.0,78.0,/dl/web/weather/ic-w-01-clear-sky-full.svg,Đà Nẵng,0.8267347024372926,0,0.9298710644055037,0
2025-02-06 19:00:00+07:00,90.0,9.2,78.0,/dl/web/weather/ic-w-10-night-clear-sky-full.svg,Đà Nẵng,1.3052662295768112,0,0.20238059937047623,0
2025-02-06 20:00:00+07:00,131.0,7.4,73.0,/dl/web/weather/ic-w-04-scattered-clouds-full.svg,Đà Nẵng,2.706679987628258,0,-0.14222014722506282,0
2025-02-06 21:00:00+07:00,83.0,5.5,83.0,/dl/web/weather/ic-w-04-scattered-clouds-full.svg,Đà Nẵng,1.066000466007052,0,-0.5059653797425765,0
2025-02-06 22:00:00+07:00,80.0,3.7,88.0,/dl/web/weather/ic-w-04-scattered-clouds-full.svg,Đà Nẵng,0.9634579959057266,0,-0.8505661263381158,0
2025-02-06 23:00:00+07:00,75.0,3.7,88.0,/dl/web/weather/ic-w-04-scattered-clouds-full.svg,Đà Nẵng,0.7925538790701842,0,-0.8505661263381158,0
2025-02-07 00:00:00+07:00,83.0,5.5,83.0,/dl/web/weather/ic-w-04-scattered-clouds-full.svg,Đà Nẵng,1.066000466007052,0,-0.5059653797425765,0
2025-02-07 01:00:00+07:00,78.0,3.7,83.0,/dl/web/weather/ic-w-04-scattered-clouds-full.svg,Đà Nẵng,0.8950963491715096,0,-0.8505661263381158,0
2025-02-07 02:00:00+07:00,74.0,1.8,83.0,/dl/web/weather/ic-w-04-scattered-clouds-full.svg,Đà Nẵng,0.7583730557030757,0,-1.2143113588556296,0
2025-02-07 03:00:00+07:00,77.0,1.8,88.0,/dl/web/weather/ic-w-04-scattered-clouds-full.svg,Đà Nẵng,0.8609155258044011,0,-1.2143113588556296,0
2025-02-07 04:00:00+07:00,83.0,1.8,88.0,/dl/web/weather/ic-w-04-scattered-clouds-full.svg,Đà Nẵng,1.066000466007052,0,-1.2143113588556296,0
2025-02-07 05:00:00+07:00,75.0,1.8,94.0,/dl/web/weather/ic-w-04-scattered-clouds-full.svg,Đà Nẵng,0.7925538790701842,0,-1.2143113588556296,0
2025-02-07 06:00:00+07:00,91.0,1.8,94.0,/dl/web/weather/ic-w-04-scattered-clouds-full.svg,Đà Nẵng,1.3394470529439197,0,-1.2143113588556296,0
2025-02-07 07:00:00+07:00,97.0,0.0,100.0,/dl/web/weather/ic-w-04-scattered-clouds-full.svg,Đà Nẵng,1.5445319931465706,0,-1.5589121054511688,0
2025-02-07 08:00:00+07:00,98.0,0.0,78.0,/dl/web/weather/ic-w-04-scattered-clouds-full.svg,Đà Nẵng,1.578712816513679,0,-1.5589121054511688,0
2025-02-07 09:00:00+07:00,91.0,0.0,73.0,/dl/web/weather/ic-w-04-scattered-clouds-full.svg,Đà Nẵng,1.3394470529439197,0,-1.5589121054511688,0
2025-02-07 10:00:00+07:00,91.0,1.8,69.0,/dl/web/weather/ic-w-04-scattered-clouds-full.svg,Đà Nẵng,1.3394470529439197,0,-1.2143113588556296,0
2025-02-07 11:00:00+07:00,80.0,1.8,69.0,/dl/web/weather/ic-w-04-scattered-clouds-full.svg,Đà Nẵng,0.9634579959057266,0,-1.2143113588556296,0
2025-02-07 12:00:00+07:00,70.0,3.7,69.0,/dl/web/weather/ic-w-04-scattered-clouds-full.svg,Đà Nẵng,0.6216497622346419,0,-0.8505661263381158,0
2025-02-07 13:00:00+07:00,67.0,5.5,73.0,/dl/web/weather/ic-w-02-new-clouds-full.svg,Đà Nẵng,0.5191072921333164,0,-0.5059653797425765,0
2025-02-07 14:00:00+07:00,66.0,14.8,88.0,/dl/web/weather/ic-w-04-scattered-clouds-full.svg,Đà Nẵng,0.48492646876620793,0,1.2744718110010431,0
2025-02-07 15:00:00+07:00,62.0,7.4,94.0,/dl/web/weather/ic-w-04-scattered-clouds-full.svg,Đà Nẵng,0.34820317529777406,0,-0.14222014722506282,0
2025-02-07 16:00:00+07:00,66.0,11.1,83.0,/dl/web/weather/ic-w-04-scattered-clouds-full.svg,Đà Nẵng,0.48492646876620793,0,0.5661258318879899,0
2025-02-07 17:00:00+07:00,60.0,9.2,88.0,/dl/web/weather/ic-w-04-scattered-clouds-full.svg,Đà Nẵng,0.2798415285635571,0,0.20238059937047623,0
2025-02-07 18:00:00+07:00,98.0,11.1,88.0,/dl/web/weather/ic-w-04-scattered-clouds-full.svg,Đà Nẵng,1.578712816513679,0,0.5661258318879899,0
2025-02-07 19:00:00+07:00,106.0,11.1,83.0,/dl/web/weather/ic-w-04-scattered-clouds-full.svg,Đà Nẵng,1.8521594034505469,0,0.5661258318879899,0
2025-02-07 20:00:00+07:00,69.0,5.5,94.0,/dl/web/weather/ic-w-04-scattered-clouds-full.svg,Đà Nẵng,0.5874689388675334,0,-0.5059653797425765,0
2025-02-07 21:00:00+07:00,70.0,5.5,94.0,/dl/web/weather/ic-w-04-scattered-clouds-full.svg,Đà Nẵng,0.6216497622346419,0,-0.5059653797425765,0
2025-02-07 22:00:00+07:00,69.0,1.8,88.0,/dl/web/weather/ic-w-04-scattered-clouds-full.svg,Đà Nẵng,0.5874689388675334,0,-1.2143113588556296,0
2025-02-07 23:00:00+07:00,72.0,1.8,94.0,/dl/web/weather/ic-w-04-scattered-clouds-full.svg,Đà Nẵng,0.6900114089688588,0,-1.2143113588556296,0
2025-02-08 00:00:00+07:00,77.0,15.3,91.0,/dl/web/weather/ic-w-04-scattered-clouds-full.svg,Đà Nẵng,0.8609155258044011,0,1.370194240610915,0
2025-02-08 01:00:00+07:00,78.0,15.3,91.0,/dl/web/weather/ic-w-04-scattered-clouds-full.svg,Đà Nẵng,0.8950963491715096,0,1.370194240610915,0
2025-02-08 02:00:00+07:00,72.0,11.1,88.0,/dl/web/weather/ic-w-04-scattered-clouds-full.svg,Đà Nẵng,0.6900114089688588,0,0.5661258318879899,0
2025-02-08 03:00:00+07:00,67.0,13.0,83.0,/dl/web/weather/ic-w-12-night-rain-full.svg,Đà Nẵng,0.5191072921333164,0,0.9298710644055037,0
2025-02-08 04:00:00+07:00,69.0,9.2,88.0,/dl/web/weather/ic-w-04-scattered-clouds-full.svg,Đà Nẵng,0.5874689388675334,0,0.20238059937047623,0
2025-02-08 05:00:00+07:00,74.0,14.8,83.0,/dl/web/weather/ic-w-12-night-rain-full.svg,Đà Nẵng,0.7583730557030757,0,1.2744718110010431,0
2025-02-08 06:00:00+07:00,80.0,16.7,88.0,/dl/web/weather/ic-w-04-scattered-clouds-full.svg,Đà Nẵng,0.9634579959057266,0,1.6382170435185563,0
2025-02-08 07:00:00+07:00,84.0,16.7,83.0,/dl/web/weather/ic-w-06-rain-full.svg,Đà Nẵng,1.1001812893741605,0,1.6382170435185563,0
2025-02-08 08:00:00+07:00,77.0,14.8,88.0,/dl/web/weather/ic-w-04-scattered-clouds-full.svg,Đà Nẵng,0.8609155258044011,0,1.2744718110010431,0
2025-02-08 09:00:00+07:00,74.0,16.7,83.0,/dl/web/weather/ic-w-06-rain-full.svg,Đà Nẵng,0.7583730557030757,0,1.6382170435185563,0
2025-02-08 10:00:00+07:00,74.0,16.7,83.0,/dl/web/weather/ic-w-06-rain-full.svg,Đà Nẵng,0.7583730557030757,0,1.6382170435185563,0
2025-02-08 11:00:00+07:00,69.0,9.2,88.0,/dl/web/weather/ic-w-04-scattered-clouds-full.svg,Đà Nẵng,0.5874689388675334,0,0.20238059937047623,0
2025-02-08 12:00:00+07:00,69.0,13.0,83.0,/dl/web/weather/ic-w-09-mist-full.svg,Đà Nẵng,0.5874689388675334,0,0.9298710644055037,0
2025-02-08 13:00:00+07:00,69.0,13.0,94.0,/dl/web/weather/ic-w-09-mist-full.svg,Đà Nẵng,0.5874689388675334,0,0.9298710644055037,0
2025-02-08 14:00:00+07:00,68.0,13.0,83.0,/dl/web/weather/ic-w-04-scattered-clouds-full.svg,Đà Nẵng,0.5532881155004249,0,0.9298710644055037,0
2025-02-08 15:00:00+07:00,65.0,9.2,83.0,/dl/web/weather/ic-w-06-rain-full.svg,Đà Nẵng,0.45074564539909945,0,0.20238059937047623,0
2025-02-08 16:00:00+07:00,72.0,13.0,83.0,/dl/web/weather/ic-w-04-scattered-clouds-full.svg,Đà Nẵng,0.6900114089688588,0,0.9298710644055037,0
2025-02-08 17:00:00+07:00,75.0,13.0,83.0,/dl/web/weather/ic-w-04-scattered-clouds-full.svg,Đà Nẵng,0.7925538790701842,0,0.9298710644055037,0
2025-02-08 18:00:00+07:00,69.0,11.1,83.0,/dl/web/weather/ic-w-04-scattered-clouds-full.svg,Đà Nẵng,0.5874689388675334,0,0.5661258318879899,0
2025-02-08 19:00:00+07:00,66.0,13.0,88.0,/dl/web/weather/ic-w-04-scattered-clouds-full.svg,Đà Nẵng,0.48492646876620793,0,0.9298710644055037,0
2025-02-08 20:00:00+07:00,65.0,11.1,88.0,/dl/web/weather/ic-w-04-scattered-clouds-full.svg,Đà Nẵng,0.45074564539909945,0,0.5661258318879899,0
2025-02-08 21:00:00+07:00,72.0,18.5,88.0,/dl/web/weather/ic-w-04-scattered-clouds-full.svg,Đà Nẵng,0.6900114089688588,0,1.9828177901140958,0
2025-02-08 22:00:00+07:00,73.0,14.8,83.0,/dl/web/weather/ic-w-04-scattered-clouds-full.svg,Đà Nẵng,0.7241922323359672,0,1.2744718110010431,0
2025-02-08 23:00:00+07:00,69.0,11.1,78.0,/dl/web/weather/ic-w-04-scattered-clouds-full.svg,Đà Nẵng,0.5874689388675334,0,0.5661258318879899,0
2025-02-09 00:00:00+07:00,66.0,14.8,83.0,/dl/web/weather/ic-w-04-scattered-clouds-full.svg,Đà Nẵng,0.48492646876620793,0,1.2744718110010431,0
2025-02-09 01:00:00+07:00,66.0,11.1,83.0,/dl/web/weather/ic-w-04-scattered-clouds-full.svg,Đà Nẵng,0.48492646876620793,0,0.5661258318879899,0
2025-02-09 02:00:00+07:00,64.0,13.0,83.0,/dl/web/weather/ic-w-04-scattered-clouds-full.svg,Đà Nẵng,0.416564822031991,0,0.9298710644055037,0
2025-02-09 03:00:00+07:00,63.0,9.2,83.0,/dl/web/weather/ic-w-04-scattered-clouds-full.svg,Đà Nẵng,0.38238399866488254,0,0.20238059937047623,0
2025-02-09 04:00:00+07:00,62.0,7.4,83.0,/dl/web/weather/ic-w-04-scattered-clouds-full.svg,Đà Nẵng,0.34820317529777406,0,-0.14222014722506282,0
2025-02-09 05:00:00+07:00,63.0,9.2,88.0,/dl/web/weather/ic-w-04-scattered-clouds-full.svg,Đà Nẵng,0.38238399866488254,0,0.20238059937047623,0
2025-02-09 06:00:00+07:00,60.0,7.4,88.0,/dl/web/weather/ic-w-04-scattered-clouds-full.svg,Đà Nẵng,0.2798415285635571,0,-0.14222014722506282,0
2025-02-09 07:00:00+07:00,62.0,9.2,83.0,/dl/web/weather/ic-w-04-scattered-clouds-full.svg,Đà Nẵng,0.34820317529777406,0,0.20238059937047623,0
2025-02-09 08:00:00+07:00,65.0,13.0,78.0,/dl/web/weather/ic-w-04-scattered-clouds-full.svg,Đà Nẵng,0.45074564539909945,0,0.9298710644055037,0
2025-02-09 09:00:00+07:00,66.0,16.7,78.0,/dl/web/weather/ic-w-04-scattered-clouds-full.svg,Đà Nẵng,0.48492646876620793,0,1.6382170435185563,0
2025-02-09 10:00:00+07:00,66.0,13.0,73.0,/dl/web/weather/ic-w-04-scattered-clouds-full.svg,Đà Nẵng,0.48492646876620793,0,0.9298710644055037,0
2025-02-09 11:00:00+07:00,66.0,13.0,73.0,/dl/web/weather/ic-w-04-scattered-clouds-full.svg,Đà Nẵng,0.48492646876620793,0,0.9298710644055037,0
2025-02-09 12:00:00+07:00,61.0,13.0,68.0,/dl/web/weather/ic-w-04-scattered-clouds-full.svg,Đà Nẵng,0.3140223519306656,0,0.9298710644055037,0
2025-02-09 13:00:00+07:00,62.0,14.8,73.0,/dl/web/weather/ic-w-04-scattered-clouds-full.svg,Đà Nẵng,0.34820317529777406,0,1.2744718110010431,0
2025-02-09 14:00:00+07:00,67.0,9.2,83.0,/dl/web/weather/ic-w-04-scattered-clouds-full.svg,Đà Nẵng,0.5191072921333164,0,0.20238059937047623,0
2025-02-09 15:00:00+07:00,70.0,13.0,68.0,/dl/web/weather/ic-w-04-scattered-clouds-full.svg,Đà Nẵng,0.6216497622346419,0,0.9298710644055037,0
2025-02-09 16:00:00+07:00,70.0,13.0,68.0,/dl/web/weather/ic-w-04-scattered-clouds-full.svg,Đà Nẵng,0.6216497622346419,0,0.9298710644055037,0
2025-02-09 17:00:00+07:00,68.0,14.8,68.0,/dl/web/weather/ic-w-04-scattered-clouds-full.svg,Đà Nẵng,0.5532881155004249,0,1.2744718110010431,0
2025-02-09 18:00:00+07:00,70.0,14.8,78.0,/dl/web/weather/ic-w-04-scattered-clouds-full.svg,Đà Nẵng,0.6216497622346419,0,1.2744718110010431,0
2025-02-09 19:00:00+07:00,76.0,11.1,78.0,/dl/web/weather/ic-w-04-scattered-clouds-full.svg,Đà Nẵng,0.8267347024372926,0,0.5661258318879899,0
2025-02-09 20:00:00+07:00,82.0,7.4,83.0,/dl/web/weather/ic-w-11-night-few-clouds-full.svg,Đà Nẵng,1.0318196426399435,0,-0.14222014722506282,0
2025-02-09 21:00:00+07:00,86.0,5.5,83.0,/dl/web/weather/ic-w-04-scattered-clouds-full.svg,Đà Nẵng,1.1685429361083775,0,-0.5059653797425765,0
2025-02-09 22:00:00+07:00,81.0,5.5,88.0,/dl/web/weather/ic-w-04-scattered-clouds-full.svg,Đà Nẵng,0.997638819272835,0,-0.5059653797425765,0
2025-02-09 23:00:00+07:00,77.0,5.5,88.0,/dl/web/weather/ic-w-04-scattered-clouds-full.svg,Đà Nẵng,0.8609155258044011,0,-0.5059653797425765,0
2025-02-10 00:00:00+07:00,67.0,5.5,88.0,/dl/web/weather/ic-w-04-scattered-clouds-full.svg,Đà Nẵng,0.5191072921333164,0,-0.5059653797425765,0
2025-02-10 01:00:00+07:00,69.0,1.8,88.0,/dl/web/weather/ic-w-04-scattered-clouds-full.svg,Đà Nẵng,0.5874689388675334,0,-1.2143113588556296,0
2025-02-10 02:00:00+07:00,73.0,3.7,82.0,/dl/web/weather/ic-w-04-scattered-clouds-full.svg,Đà Nẵng,0.7241922323359672,0,-0.8505661263381158,0
2025-02-10 03:00:00+07:00,62.0,5.5,88.0,/dl/web/weather/ic-w-04-scattered-clouds-full.svg,Đà Nẵng,0.34820317529777406,0,-0.5059653797425765,0
2025-02-10 04:00:00+07:00,66.0,5.5,88.0,/dl/web/weather/ic-w-04-scattered-clouds-full.svg,Đà Nẵng,0.48492646876620793,0,-0.5059653797425765,0
2025-02-10 05:00:00+07:00,67.0,5.5,82.0,/dl/web/weather/ic-w-04-scattered-clouds-full.svg,Đà Nẵng,0.5191072921333164,0,-0.5059653797425765,0
2025-02-10 06:00:00+07:00,66.0,1.8,82.0,/dl/web/weather/ic-w-04-scattered-clouds-full.svg,Đà Nẵng,0.48492646876620793,0,-1.2143113588556296,0
2025-02-10 07:00:00+07:00,67.0,3.7,94.0,/dl/web/weather/ic-w-09-mist-full.svg,Đà Nẵng,0.5191072921333164,0,-0.8505661263381158,0
2025-02-10 08:00:00+07:00,73.0,3.7,94.0,/dl/web/weather/ic-w-04-scattered-clouds-full.svg,Đà Nẵng,0.7241922323359672,0,-0.8505661263381158,0
2025-02-10 09:00:00+07:00,67.0,1.8,88.0,/dl/web/weather/ic-w-04-scattered-clouds-full.svg,Đà Nẵng,0.5191072921333164,0,-1.2143113588556296,0
2025-02-10 10:00:00+07:00,86.0,1.8,88.0,/dl/web/weather/ic-w-04-scattered-clouds-full.svg,Đà Nẵng,1.1685429361083775,0,-1.2143113588556296,0
2025-02-10 11:00:00+07:00,75.0,5.5,83.0,/dl/web/weather/ic-w-04-scattered-clouds-full.svg,Đà Nẵng,0.7925538790701842,0,-0.5059653797425765,0
2025-02-10 12:00:00+07:00,70.0,3.7,83.0,/dl/web/weather/ic-w-04-scattered-clouds-full.svg,Đà Nẵng,0.6216497622346419,0,-0.8505661263381158,0
2025-02-10 13:00:00+07:00,67.0,7.4,88.0,/dl/web/weather/ic-w-04-scattered-clouds-full.svg,Đà Nẵng,0.5191072921333164,0,-0.14222014722506282,0
2025-02-10 14:00:00+07:00,67.0,7.4,83.0,/dl/web/weather/ic-w-04-scattered-clouds-full.svg,Đà Nẵng,0.5191072921333164,0,-0.14222014722506282,0
2025-02-10 15:00:00+07:00,66.0,7.4,78.0,/dl/web/weather/ic-w-04-scattered-clouds-full.svg,Đà Nẵng,0.48492646876620793,0,-0.14222014722506282,0
2025-02-10 16:00:00+07:00,80.0,9.2,83.0,/dl/web/weather/ic-w-04-scattered-clouds-full.svg,Đà Nẵng,0.9634579959057266,0,0.20238059937047623,0
2025-02-10 17:00:00+07:00,65.0,7.4,88.0,/dl/web/weather/ic-w-04-scattered-clouds-full.svg,Đà Nẵng,0.45074564539909945,0,-0.14222014722506282,0
2025-02-10 18:00:00+07:00,73.0,9.2,83.0,/dl/web/weather/ic-w-04-scattered-clouds-full.svg,Đà Nẵng,0.7241922323359672,0,0.20238059937047623,0
2025-02-10 19:00:00+07:00,73.0,7.4,83.0,/dl/web/weather/ic-w-04-scattered-clouds-full.svg,Đà Nẵng,0.7241922323359672,0,-0.14222014722506282,0
2025-02-10 20:00:00+07:00,82.0,3.7,83.0,/dl/web/weather/ic-w-04-scattered-clouds-full.svg,Đà Nẵng,1.0318196426399435,0,-0.8505661263381158,0
2025-02-10 21:00:00+07:00,76.0,3.7,83.0,/dl/web/weather/ic-w-04-scattered-clouds-full.svg,Đà Nẵng,0.8267347024372926,0,-0.8505661263381158,0
2025-02-10 22:00:00+07:00,80.0,3.7,83.0,/dl/web/weather/ic-w-04-scattered-clouds-full.svg,Đà Nẵng,0.9634579959057266,0,-0.8505661263381158,0
2025-02-10 23:00:00+07:00,80.0,1.8,83.0,/dl/web/weather/ic-w-04-scattered-clouds-full.svg,Đà Nẵng,0.9634579959057266,0,-1.2143113588556296,0
2025-02-11 00:00:00+07:00,81.0,1.8,83.0,/dl/web/weather/ic-w-04-scattered-clouds-full.svg,Đà Nẵng,0.997638819272835,0,-1.2143113588556296,0
2025-02-11 01:00:00+07:00,86.0,3.7,94.0,/dl/web/weather/ic-w-04-scattered-clouds-full.svg,Đà Nẵng,1.1685429361083775,0,-0.8505661263381158,0
2025-02-11 02:00:00+07:00,83.0,0.0,88.0,/dl/web/weather/ic-w-04-scattered-clouds-full.svg,Đà Nẵng,1.066000466007052,0,-1.5589121054511688,0
2025-02-11 03:00:00+07:00,86.0,0.0,88.0,/dl/web/weather/ic-w-04-scattered-clouds-full.svg,Đà Nẵng,1.1685429361083775,0,-1.5589121054511688,0
2025-02-11 04:00:00+07:00,81.0,1.8,88.0,/dl/web/weather/ic-w-04-scattered-clouds-full.svg,Đà Nẵng,0.997638819272835,0,-1.2143113588556296,0
2025-02-11 05:00:00+07:00,86.0,1.8,94.0,/dl/web/weather/ic-w-04-scattered-clouds-full.svg,Đà Nẵng,1.1685429361083775,0,-1.2143113588556296,0
2025-02-11 06:00:00+07:00,79.0,1.8,94.0,/dl/web/weather/ic-w-04-scattered-clouds-full.svg,Đà Nẵng,0.9292771725386181,0,-1.2143113588556296,0
2025-02-11 07:00:00+07:00,77.0,0.0,94.0,/dl/web/weather/ic-w-04-scattered-clouds-full.svg,Đà Nẵng,0.8609155258044011,0,-1.5589121054511688,0
2025-02-11 08:00:00+07:00,93.0,0.0,88.0,/dl/web/weather/ic-w-04-scattered-clouds-full.svg,Đà Nẵng,1.4078086996781367,0,-1.5589121054511688,0
2025-02-11 09:00:00+07:00,72.0,1.8,78.0,/dl/web/weather/ic-w-04-scattered-clouds-full.svg,Đà Nẵng,0.6900114089688588,0,-1.2143113588556296,0
2025-02-11 10:00:00+07:00,72.0,1.8,78.0,/dl/web/weather/ic-w-04-scattered-clouds-full.svg,Đà Nẵng,0.6900114089688588,0,-1.2143113588556296,0
2025-02-11 11:00:00+07:00,72.0,1.8,78.0,/dl/web/weather/ic-w-04-scattered-clouds-full.svg,Đà Nẵng,0.6900114089688588,0,-1.2143113588556296,0
2025-02-11 12:00:00+07:00,67.0,1.8,73.0,/dl/web/weather/ic-w-04-scattered-clouds-full.svg,Đà Nẵng,0.5191072921333164,0,-1.2143113588556296,0
2025-02-11 13:00:00+07:00,66.0,5.5,73.0,/dl/web/weather/ic-w-04-scattered-clouds-full.svg,Đà Nẵng,0.48492646876620793,0,-0.5059653797425765,0
2025-02-11 14:00:00+07:00,64.0,11.1,78.0,/dl/web/weather/ic-w-04-scattered-clouds-full.svg,Đà Nẵng,0.416564822031991,0,0.5661258318879899,0
2025-02-11 15:00:00+07:00,63.0,13.0,78.0,/dl/web/weather/ic-w-04-scattered-clouds-full.svg,Đà Nẵng,0.38238399866488254,0,0.9298710644055037,0
2025-02-11 16:00:00+07:00,69.0,13.0,83.0,/dl/web/weather/ic-w-04-scattered-clouds-full.svg,Đà Nẵng,0.5874689388675334,0,0.9298710644055037,0
2025-02-11 17:00:00+07:00,68.0,13.0,83.0,/dl/web/weather/ic-w-04-scattered-clouds-full.svg,Đà Nẵng,0.5532881155004249,0,0.9298710644055037,0
2025-02-11 18:00:00+07:00,69.0,14.8,83.0,/dl/web/weather/ic-w-04-scattered-clouds-full.svg,Đà Nẵng,0.5874689388675334,0,1.2744718110010431,0
2025-02-11 19:00:00+07:00,73.0,13.0,83.0,/dl/web/weather/ic-w-04-scattered-clouds-full.svg,Đà Nẵng,0.7241922323359672,0,0.9298710644055037,0
2025-02-11 20:00:00+07:00,73.0,5.5,88.0,/dl/web/weather/ic-w-04-scattered-clouds-full.svg,Đà Nẵng,0.7241922323359672,0,-0.5059653797425765,0
2025-02-11 21:00:00+07:00,95.0,5.5,88.0,/dl/web/weather/ic-w-04-scattered-clouds-full.svg,Đà Nẵng,1.4761703464123537,0,-0.5059653797425765,0
2025-02-11 22:00:00+07:00,98.0,7.4,88.0,/dl/web/weather/ic-w-04-scattered-clouds-full.svg,Đà Nẵng,1.578712816513679,0,-0.14222014722506282,0
2025-02-11 23:00:00+07:00,92.0,5.5,88.0,/dl/web/weather/ic-w-04-scattered-clouds-full.svg,Đà Nẵng,1.3736278763110281,0,-0.5059653797425765,0
2025-02-12 00:00:00+07:00,66.0,9.2,94.0,/dl/web/weather/ic-w-04-scattered-clouds-full.svg,Đà Nẵng,0.48492646876620793,0,0.20238059937047623,0
2025-02-12 01:00:00+07:00,73.0,5.5,94.0,/dl/web/weather/ic-w-09-mist-full.svg,Đà Nẵng,0.7241922323359672,0,-0.5059653797425765,0
2025-02-12 02:00:00+07:00,77.0,0.0,94.0,/dl/web/weather/ic-w-09-mist-full.svg,Đà Nẵng,0.8609155258044011,0,-1.5589121054511688,0
2025-02-12 03:00:00+07:00,91.0,1.8,94.0,/dl/web/weather/ic-w-09-mist-full.svg,Đà Nẵng,1.3394470529439197,0,-1.2143113588556296,0
2025-02-12 04:00:00+07:00,96.0,1.8,94.0,/dl/web/weather/ic-w-09-mist-full.svg,Đà Nẵng,1.510351169779462,0,-1.2143113588556296,0
2025-02-12 05:00:00+07:00,78.0,1.8,94.0,/dl/web/weather/ic-w-09-mist-full.svg,Đà Nẵng,0.8950963491715096,0,-1.2143113588556296,0
2025-02-12 06:00:00+07:00,82.0,0.0,94.0,/dl/web/weather/ic-w-09-mist-full.svg,Đà Nẵng,1.0318196426399435,0,-1.5589121054511688,0
2025-02-12 07:00:00+07:00,85.0,0.0,94.0,/dl/web/weather/ic-w-09-mist-full.svg,Đà Nẵng,1.1343621127412689,0,-1.5589121054511688,0
2025-02-12 08:00:00+07:00,96.0,3.7,100.0,/dl/web/weather/ic-w-09-mist-full.svg,Đà Nẵng,1.510351169779462,0,-0.8505661263381158,0
2025-02-12 09:00:00+07:00,78.0,0.0,94.0,/dl/web/weather/ic-w-04-scattered-clouds-full.svg,Đà Nẵng,0.8950963491715096,0,-1.5589121054511688,0
2025-02-12 10:00:00+07:00,78.0,0.0,94.0,/dl/web/weather/ic-w-04-scattered-clouds-full.svg,Đà Nẵng,0.8950963491715096,0,-1.5589121054511688,0
2025-02-12 11:00:00+07:00,78.0,7.4,88.0,/dl/web/weather/ic-w-04-scattered-clouds-full.svg,Đà Nẵng,0.8950963491715096,0,-0.14222014722506282,0
2025-02-12 12:00:00+07:00,64.0,9.2,83.0,/dl/web/weather/ic-w-04-scattered-clouds-full.svg,Đà Nẵng,0.416564822031991,0,0.20238059937047623,0
2025-02-12 13:00:00+07:00,58.0,14.8,83.0,/dl/web/weather/ic-w-04-scattered-clouds-full.svg,Đà Nẵng,0.21147988182934016,0,1.2744718110010431,0
2025-02-12 14:00:00+07:00,71.0,16.7,83.0,/dl/web/weather/ic-w-04-scattered-clouds-full.svg,Đà Nẵng,0.6558305856017503,0,1.6382170435185563,0
2025-02-12 15:00:00+07:00,22.0,18.5,88.0,/dl/web/weather/ic-w-04-scattered-clouds-full.svg,Đà Nẵng,-1.0190297593865647,0,1.9828177901140958,0
2025-02-12 16:00:00+07:00,41.0,16.7,88.0,/dl/web/weather/ic-w-04-scattered-clouds-full.svg,Đà Nẵng,-0.36959411541150383,0,1.6382170435185563,0
2025-02-12 17:00:00+07:00,44.0,18.5,88.0,/dl/web/weather/ic-w-04-scattered-clouds-full.svg,Đà Nẵng,-0.26705164531017844,0,1.9828177901140958,0
2025-02-12 18:00:00+07:00,47.0,20.4,88.0,/dl/web/weather/ic-w-04-scattered-clouds-full.svg,Đà Nẵng,-0.164509175208853,0,2.346563022631609,0
2025-02-12 19:00:00+07:00,53.0,18.5,94.0,/dl/web/weather/ic-w-04-scattered-clouds-full.svg,Đà Nẵng,0.040575764993797815,0,1.9828177901140958,0
2025-02-12 20:00:00+07:00,49.0,16.7,94.0,/dl/web/weather/ic-w-04-scattered-clouds-full.svg,Đà Nẵng,-0.09614752847463608,0,1.6382170435185563,0
2025-02-12 21:00:00+07:00,44.0,16.7,94.0,/dl/web/weather/ic-w-04-scattered-clouds-full.svg,Đà Nẵng,-0.26705164531017844,0,1.6382170435185563,0
2025-02-12 22:00:00+07:00,44.0,16.7,94.0,/dl/web/weather/ic-w-04-scattered-clouds-full.svg,Đà Nẵng,-0.26705164531017844,0,1.6382170435185563,0
2025-02-12 23:00:00+07:00,41.0,14.8,94.0,/dl/web/weather/ic-w-04-scattered-clouds-full.svg,Đà Nẵng,-0.36959411541150383,0,1.2744718110010431,0
2025-02-13 00:00:00+07:00,38.0,16.7,94.0,/dl/web/weather/ic-w-04-scattered-clouds-full.svg,Đà Nẵng,-0.4721365855128293,0,1.6382170435185563,0
2025-02-13 01:00:00+07:00,17.0,14.8,94.0,/dl/web/weather/ic-w-04-scattered-clouds-full.svg,Đà Nẵng,-1.1899338762221072,0,1.2744718110010431,0
2025-02-13 02:00:00+07:00,33.0,16.7,94.0,/dl/web/weather/ic-w-04-scattered-clouds-full.svg,Đà Nẵng,-0.6430407023483716,0,1.6382170435185563,0
2025-02-13 03:00:00+07:00,27.0,16.7,100.0,/dl/web/weather/ic-w-04-scattered-clouds-full.svg,Đà Nẵng,-0.8481256425510224,0,1.6382170435185563,0
2025-02-13 04:00:00+07:00,22.0,13.0,100.0,/dl/web/weather/ic-w-04-scattered-clouds-full.svg,Đà Nẵng,-1.0190297593865647,0,0.9298710644055037,0
2025-02-13 05:00:00+07:00,22.0,13.0,100.0,/dl/web/weather/ic-w-04-scattered-clouds-full.svg,Đà Nẵng,-1.0190297593865647,0,0.9298710644055037,0
2025-02-13 06:00:00+07:00,22.0,18.5,94.0,/dl/web/weather/ic-w-04-scattered-clouds-full.svg,Đà Nẵng,-1.0190297593865647,0,1.9828177901140958,0
2025-02-13 08:00:00+07:00,49.0,18.5,88.0,/dl/web/weather/ic-w-04-scattered-clouds-full.svg,Đà Nẵng,-0.09614752847463608,0,1.9828177901140958,0
2025-02-13 09:00:00+07:00,53.0,14.8,88.0,/dl/web/weather/ic-w-04-scattered-clouds-full.svg,Đà Nẵng,0.040575764993797815,0,1.2744718110010431,0
2025-02-13 10:00:00+07:00,53.0,14.8,88.0,/dl/web/weather/ic-w-04-scattered-clouds-full.svg,Đà Nẵng,0.040575764993797815,0,1.2744718110010431,0
2025-02-13 11:00:00+07:00,58.0,9.2,94.0,/dl/web/weather/ic-w-04-scattered-clouds-full.svg,Đà Nẵng,0.21147988182934016,0,0.20238059937047623,0
2025-02-13 12:00:00+07:00,41.0,13.0,94.0,/dl/web/weather/ic-w-04-scattered-clouds-full.svg,Đà Nẵng,-0.36959411541150383,0,0.9298710644055037,0
2025-02-13 13:00:00+07:00,41.0,13.0,94.0,/dl/web/weather/ic-w-04-scattered-clouds-full.svg,Đà Nẵng,-0.36959411541150383,0,0.9298710644055037,0
2025-02-13 14:00:00+07:00,33.0,13.0,88.0,/dl/web/weather/ic-w-04-scattered-clouds-full.svg,Đà Nẵng,-0.6430407023483716,0,0.9298710644055037,0
2025-02-13 15:00:00+07:00,33.0,14.8,73.0,/dl/web/weather/ic-w-04-scattered-clouds-full.svg,Đà Nẵng,-0.6430407023483716,0,1.2744718110010431,0
2025-02-13 16:00:00+07:00,52.0,18.5,73.0,/dl/web/weather/ic-w-04-scattered-clouds-full.svg,Đà Nẵng,0.006394941626689343,0,1.9828177901140958,0
2025-02-13 17:00:00+07:00,47.0,14.8,73.0,/dl/web/weather/ic-w-04-scattered-clouds-full.svg,Đà Nẵng,-0.164509175208853,0,1.2744718110010431,0
2025-02-13 18:00:00+07:00,66.0,11.1,83.0,/dl/web/weather/ic-w-04-scattered-clouds-full.svg,Đà Nẵng,0.48492646876620793,0,0.5661258318879899,0
2025-02-13 19:00:00+07:00,38.0,13.0,88.0,/dl/web/weather/ic-w-04-scattered-clouds-full.svg,Đà Nẵng,-0.4721365855128293,0,0.9298710644055037,0
2025-02-13 20:00:00+07:00,30.0,9.2,88.0,/dl/web/weather/ic-w-04-scattered-clouds-full.svg,Đà Nẵng,-0.7455831724496971,0,0.20238059937047623,0
2025-02-13 21:00:00+07:00,33.0,9.2,88.0,/dl/web/weather/ic-w-04-scattered-clouds-full.svg,Đà Nẵng,-0.6430407023483716,0,0.20238059937047623,0
2025-02-13 22:00:00+07:00,27.0,11.1,88.0,/dl/web/weather/ic-w-04-scattered-clouds-full.svg,Đà Nẵng,-0.8481256425510224,0,0.5661258318879899,0
2025-02-13 23:00:00+07:00,41.0,7.4,100.0,/dl/web/weather/ic-w-04-scattered-clouds-full.svg,Đà Nẵng,-0.36959411541150383,0,-0.14222014722506282,0
2025-02-14 00:00:00+07:00,41.0,3.7,100.0,/dl/web/weather/ic-w-04-scattered-clouds-full.svg,Đà Nẵng,-0.36959411541150383,0,-0.8505661263381158,0
2025-02-14 01:00:00+07:00,52.0,5.5,100.0,/dl/web/weather/ic-w-04-scattered-clouds-full.svg,Đà Nẵng,0.006394941626689343,0,-0.5059653797425765,0
2025-02-14 02:00:00+07:00,53.0,5.5,100.0,/dl/web/weather/ic-w-04-scattered-clouds-full.svg,Đà Nẵng,0.040575764993797815,0,-0.5059653797425765,0
2025-02-14 03:00:00+07:00,47.0,14.8,100.0,/dl/web/weather/ic-w-04-scattered-clouds-full.svg,Đà Nẵng,-0.164509175208853,0,1.2744718110010431,0
2025-02-14 04:00:00+07:00,52.0,13.0,94.0,/dl/web/weather/ic-w-04-scattered-clouds-full.svg,Đà Nẵng,0.006394941626689343,0,0.9298710644055037,0
2025-02-14 05:00:00+07:00,56.0,7.4,94.0,/dl/web/weather/ic-w-04-scattered-clouds-full.svg,Đà Nẵng,0.14311823509512323,0,-0.14222014722506282,0
2025-02-14 06:00:00+07:00,56.0,3.7,94.0,/dl/web/weather/ic-w-04-scattered-clouds-full.svg,Đà Nẵng,0.14311823509512323,0,-0.8505661263381158,0
2025-02-14 07:00:00+07:00,52.0,3.7,94.0,/dl/web/weather/ic-w-04-scattered-clouds-full.svg,Đà Nẵng,0.006394941626689343,0,-0.8505661263381158,0
2025-02-14 08:00:00+07:00,62.0,3.7,100.0,/dl/web/weather/ic-w-09-mist-full.svg,Đà Nẵng,0.34820317529777406,0,-0.8505661263381158,0
2025-02-14 09:00:00+07:00,67.0,3.7,94.0,/dl/web/weather/ic-w-04-scattered-clouds-full.svg,Đà Nẵng,0.5191072921333164,0,-0.8505661263381158,0
2025-02-14 10:00:00+07:00,67.0,7.4,94.0,/dl/web/weather/ic-w-04-scattered-clouds-full.svg,Đà Nẵng,0.5191072921333164,0,-0.14222014722506282,0
2025-02-14 11:00:00+07:00,77.0,7.4,94.0,/dl/web/weather/ic-w-04-scattered-clouds-full.svg,Đà Nẵng,0.8609155258044011,0,-0.14222014722506282,0
2025-02-14 12:00:00+07:00,75.0,7.4,88.0,/dl/web/weather/ic-w-04-scattered-clouds-full.svg,Đà Nẵng,0.7925538790701842,0,-0.14222014722506282,0
2025-02-14 13:00:00+07:00,53.0,13.0,83.0,/dl/web/weather/ic-w-04-scattered-clouds-full.svg,Đà Nẵng,0.040575764993797815,0,0.9298710644055037,0
2025-02-14 14:00:00+07:00,38.0,18.5,78.0,/dl/web/weather/ic-w-04-scattered-clouds-full.svg,Đà Nẵng,-0.4721365855128293,0,1.9828177901140958,0
2025-02-14 15:00:00+07:00,28.0,16.7,78.0,/dl/web/weather/ic-w-04-scattered-clouds-full.svg,Đà Nẵng,-0.8139448191839139,0,1.6382170435185563,0
2025-02-14 16:00:00+07:00,19.0,22.2,88.0,/dl/web/weather/ic-w-04-scattered-clouds-full.svg,Đà Nẵng,-1.1215722294878903,0,2.6911637692271486,0
2025-02-14 17:00:00+07:00,44.0,18.5,88.0,/dl/web/weather/ic-w-04-scattered-clouds-full.svg,Đà Nẵng,-0.26705164531017844,0,1.9828177901140958,0
2025-02-14 18:00:00+07:00,27.0,13.0,94.0,/dl/web/weather/ic-w-04-scattered-clouds-full.svg,Đà Nẵng,-0.8481256425510224,0,0.9298710644055037,0
2025-02-14 19:00:00+07:00,33.0,11.1,94.0,/dl/web/weather/ic-w-04-scattered-clouds-full.svg,Đà Nẵng,-0.6430407023483716,0,0.5661258318879899,0
2025-02-14 20:00:00+07:00,41.0,5.5,94.0,/dl/web/weather/ic-w-04-scattered-clouds-full.svg,Đà Nẵng,-0.36959411541150383,0,-0.5059653797425765,0
2025-02-14 21:00:00+07:00,41.0,5.5,94.0,/dl/web/weather/ic-w-04-scattered-clouds-full.svg,Đà Nẵng,-0.36959411541150383,0,-0.5059653797425765,0
2025-02-14 22:00:00+07:00,41.0,1.8,94.0,/dl/web/weather/ic-w-04-scattered-clouds-full.svg,Đà Nẵng,-0.36959411541150383,0,-1.2143113588556296,0
2025-02-14 23:00:00+07:00,52.0,1.8,94.0,/dl/web/weather/ic-w-04-scattered-clouds-full.svg,Đà Nẵng,0.006394941626689343,0,-1.2143113588556296,0
2025-02-15 00:00:00+07:00,27.0,1.8,94.0,/dl/web/weather/ic-w-04-scattered-clouds-full.svg,Đà Nẵng,-0.8481256425510224,0,-1.2143113588556296,0
2025-02-15 01:00:00+07:00,53.0,1.8,94.0,/dl/web/weather/ic-w-04-scattered-clouds-full.svg,Đà Nẵng,0.040575764993797815,0,-1.2143113588556296,0
2025-02-15 02:00:00+07:00,69.0,1.8,94.0,/dl/web/weather/ic-w-04-scattered-clouds-full.svg,Đà Nẵng,0.5874689388675334,0,-1.2143113588556296,0
2025-02-15 03:00:00+07:00,73.0,1.8,94.0,/dl/web/weather/ic-w-04-scattered-clouds-full.svg,Đà Nẵng,0.7241922323359672,0,-1.2143113588556296,0
2025-02-15 04:00:00+07:00,63.0,1.8,100.0,/dl/web/weather/ic-w-04-scattered-clouds-full.svg,Đà Nẵng,0.38238399866488254,0,-1.2143113588556296,0
2025-02-15 05:00:00+07:00,70.0,3.7,94.0,/dl/web/weather/ic-w-04-scattered-clouds-full.svg,Đà Nẵng,0.6216497622346419,0,-0.8505661263381158,0
2025-02-15 06:00:00+07:00,68.0,3.7,94.0,/dl/web/weather/ic-w-04-scattered-clouds-full.svg,Đà Nẵng,0.5532881155004249,0,-0.8505661263381158,0
2025-02-15 07:00:00+07:00,68.0,0.0,94.0,/dl/web/weather/ic-w-04-scattered-clouds-full.svg,Đà Nẵng,0.5532881155004249,0,-1.5589121054511688,0
2025-02-15 08:00:00+07:00,84.0,0.0,94.0,/dl/web/weather/ic-w-04-scattered-clouds-full.svg,Đà Nẵng,1.1001812893741605,0,-1.5589121054511688,0
2025-02-15 09:00:00+07:00,90.0,0.0,88.0,/dl/web/weather/ic-w-04-scattered-clouds-full.svg,Đà Nẵng,1.3052662295768112,0,-1.5589121054511688,0
2025-02-15 10:00:00+07:00,90.0,0.0,88.0,/dl/web/weather/ic-w-04-scattered-clouds-full.svg,Đà Nẵng,1.3052662295768112,0,-1.5589121054511688,0
2025-02-15 11:00:00+07:00,72.0,3.7,78.0,/dl/web/weather/ic-w-04-scattered-clouds-full.svg,Đà Nẵng,0.6900114089688588,0,-0.8505661263381158,0
2025-02-15 12:00:00+07:00,72.0,3.7,69.0,/dl/web/weather/ic-w-04-scattered-clouds-full.svg,Đà Nẵng,0.6900114089688588,0,-0.8505661263381158,0
2025-02-15 13:00:00+07:00,88.0,7.4,69.0,/dl/web/weather/ic-w-04-scattered-clouds-full.svg,Đà Nẵng,1.2369045828425942,0,-0.14222014722506282,0
2025-02-15 14:00:00+07:00,66.0,11.1,69.0,/dl/web/weather/ic-w-04-scattered-clouds-full.svg,Đà Nẵng,0.48492646876620793,0,0.5661258318879899,0
2025-02-15 15:00:00+07:00,54.0,11.1,74.0,/dl/web/weather/ic-w-04-scattered-clouds-full.svg,Đà Nẵng,0.07475658836090629,0,0.5661258318879899,0
2025-02-15 16:00:00+07:00,52.0,16.7,73.0,/dl/web/weather/ic-w-02-new-clouds-full.svg,Đà Nẵng,0.006394941626689343,0,1.6382170435185563,0
2025-02-15 17:00:00+07:00,36.0,18.5,73.0,/dl/web/weather/ic-w-02-new-clouds-full.svg,Đà Nẵng,-0.5404982322470462,0,1.9828177901140958,0
2025-02-15 18:00:00+07:00,54.0,13.0,83.0,/dl/web/weather/ic-w-02-new-clouds-full.svg,Đà Nẵng,0.07475658836090629,0,0.9298710644055037,0
2025-02-15 19:00:00+07:00,58.0,14.8,88.0,/dl/web/weather/ic-w-04-scattered-clouds-full.svg,Đà Nẵng,0.21147988182934016,0,1.2744718110010431,0
2025-02-15 20:00:00+07:00,61.0,9.2,88.0,/dl/web/weather/ic-w-04-scattered-clouds-full.svg,Đà Nẵng,0.3140223519306656,0,0.20238059937047623,0
2025-02-15 21:00:00+07:00,58.0,3.7,88.0,/dl/web/weather/ic-w-04-scattered-clouds-full.svg,Đà Nẵng,0.21147988182934016,0,-0.8505661263381158,0
2025-02-15 22:00:00+07:00,52.0,5.5,88.0,/dl/web/weather/ic-w-04-scattered-clouds-full.svg,Đà Nẵng,0.006394941626689343,0,-0.5059653797425765,0
2025-02-15 23:00:00+07:00,60.0,5.5,88.0,/dl/web/weather/ic-w-04-scattered-clouds-full.svg,Đà Nẵng,0.2798415285635571,0,-0.5059653797425765,0
2025-02-16 00:00:00+07:00,53.0,5.5,94.0,/dl/web/weather/ic-w-04-scattered-clouds-full.svg,Đà Nẵng,0.040575764993797815,0,-0.5059653797425765,0
2025-02-16 01:00:00+07:00,36.0,5.5,88.0,/dl/web/weather/ic-w-04-scattered-clouds-full.svg,Đà Nẵng,-0.5404982322470462,0,-0.5059653797425765,0
2025-02-16 02:00:00+07:00,30.0,5.5,88.0,/dl/web/weather/ic-w-04-scattered-clouds-full.svg,Đà Nẵng,-0.7455831724496971,0,-0.5059653797425765,0
2025-02-16 03:00:00+07:00,30.0,3.7,88.0,/dl/web/weather/ic-w-04-scattered-clouds-full.svg,Đà Nẵng,-0.7455831724496971,0,-0.8505661263381158,0
2025-02-16 04:00:00+07:00,56.0,3.7,94.0,/dl/web/weather/ic-w-04-scattered-clouds-full.svg,Đà Nẵng,0.14311823509512323,0,-0.8505661263381158,0
2025-02-16 05:00:00+07:00,53.0,1.8,94.0,/dl/web/weather/ic-w-04-scattered-clouds-full.svg,Đà Nẵng,0.040575764993797815,0,-1.2143113588556296,0
2025-02-16 06:00:00+07:00,76.0,0.0,88.0,/dl/web/weather/ic-w-04-scattered-clouds-full.svg,Đà Nẵng,0.8267347024372926,0,-1.5589121054511688,0
2025-02-16 07:00:00+07:00,59.0,1.8,88.0,/dl/web/weather/ic-w-04-scattered-clouds-full.svg,Đà Nẵng,0.24566070519644864,0,-1.2143113588556296,0
2025-02-16 08:00:00+07:00,57.0,1.8,88.0,/dl/web/weather/ic-w-04-scattered-clouds-full.svg,Đà Nẵng,0.1772990584622317,0,-1.2143113588556296,0
2025-02-16 09:00:00+07:00,52.0,11.1,83.0,/dl/web/weather/ic-w-04-scattered-clouds-full.svg,Đà Nẵng,0.006394941626689343,0,0.5661258318879899,0
2025-02-16 10:00:00+07:00,52.0,7.4,78.0,/dl/web/weather/ic-w-04-scattered-clouds-full.svg,Đà Nẵng,0.006394941626689343,0,-0.14222014722506282,0
2025-02-16 11:00:00+07:00,38.0,7.4,78.0,/dl/web/weather/ic-w-04-scattered-clouds-full.svg,Đà Nẵng,-0.4721365855128293,0,-0.14222014722506282,0
2025-02-16 12:00:00+07:00,38.0,14.8,74.0,/dl/web/weather/ic-w-04-scattered-clouds-full.svg,Đà Nẵng,-0.4721365855128293,0,1.2744718110010431,0
2025-02-16 13:00:00+07:00,36.0,11.1,78.0,/dl/web/weather/ic-w-04-scattered-clouds-full.svg,Đà Nẵng,-0.5404982322470462,0,0.5661258318879899,0
2025-02-16 14:00:00+07:00,33.0,11.1,74.0,/dl/web/weather/ic-w-04-scattered-clouds-full.svg,Đà Nẵng,-0.6430407023483716,0,0.5661258318879899,0
2025-02-16 15:00:00+07:00,33.0,14.8,69.0,/dl/web/weather/ic-w-04-scattered-clouds-full.svg,Đà Nẵng,-0.6430407023483716,0,1.2744718110010431,0
2025-02-16 16:00:00+07:00,38.0,14.8,74.0,/dl/web/weather/ic-w-02-new-clouds-full.svg,Đà Nẵng,-0.4721365855128293,0,1.2744718110010431,0
2025-02-16 17:00:00+07:00,38.0,14.8,78.0,/dl/web/weather/ic-w-04-scattered-clouds-full.svg,Đà Nẵng,-0.4721365855128293,0,1.2744718110010431,0
2025-02-16 18:00:00+07:00,44.0,14.8,83.0,/dl/web/weather/ic-w-04-scattered-clouds-full.svg,Đà Nẵng,-0.26705164531017844,0,1.2744718110010431,0
2025-02-16 19:00:00+07:00,49.0,11.1,88.0,/dl/web/weather/ic-w-04-scattered-clouds-full.svg,Đà Nẵng,-0.09614752847463608,0,0.5661258318879899,0
2025-02-16 20:00:00+07:00,56.0,7.4,88.0,/dl/web/weather/ic-w-04-scattered-clouds-full.svg,Đà Nẵng,0.14311823509512323,0,-0.14222014722506282,0
2025-02-16 21:00:00+07:00,57.0,7.4,88.0,/dl/web/weather/ic-w-04-scattered-clouds-full.svg,Đà Nẵng,0.1772990584622317,0,-0.14222014722506282,0
2025-02-16 22:00:00+07:00,54.0,5.5,88.0,/dl/web/weather/ic-w-04-scattered-clouds-full.svg,Đà Nẵng,0.07475658836090629,0,-0.5059653797425765,0
2025-02-16 23:00:00+07:00,47.0,9.2,83.0,/dl/web/weather/ic-w-04-scattered-clouds-full.svg,Đà Nẵng,-0.164509175208853,0,0.20238059937047623,0
2025-02-17 00:00:00+07:00,44.0,5.5,83.0,/dl/web/weather/ic-w-04-scattered-clouds-full.svg,Đà Nẵng,-0.26705164531017844,0,-0.5059653797425765,0
2025-02-17 01:00:00+07:00,36.0,9.2,83.0,/dl/web/weather/ic-w-04-scattered-clouds-full.svg,Đà Nẵng,-0.5404982322470462,0,0.20238059937047623,0
2025-02-17 02:00:00+07:00,36.0,5.5,88.0,/dl/web/weather/ic-w-04-scattered-clouds-full.svg,Đà Nẵng,-0.5404982322470462,0,-0.5059653797425765,0
2025-02-17 03:00:00+07:00,38.0,5.5,88.0,/dl/web/weather/ic-w-04-scattered-clouds-full.svg,Đà Nẵng,-0.4721365855128293,0,-0.5059653797425765,0
2025-02-17 04:00:00+07:00,41.0,3.7,88.0,/dl/web/weather/ic-w-04-scattered-clouds-full.svg,Đà Nẵng,-0.36959411541150383,0,-0.8505661263381158,0
2025-02-17 05:00:00+07:00,41.0,5.5,88.0,/dl/web/weather/ic-w-04-scattered-clouds-full.svg,Đà Nẵng,-0.36959411541150383,0,-0.5059653797425765,0
2025-02-17 06:00:00+07:00,49.0,1.8,94.0,/dl/web/weather/ic-w-04-scattered-clouds-full.svg,Đà Nẵng,-0.09614752847463608,0,-1.2143113588556296,0
2025-02-17 07:00:00+07:00,44.0,1.8,88.0,/dl/web/weather/ic-w-04-scattered-clouds-full.svg,Đà Nẵng,-0.26705164531017844,0,-1.2143113588556296,0
2025-02-17 08:00:00+07:00,53.0,0.0,83.0,/dl/web/weather/ic-w-04-scattered-clouds-full.svg,Đà Nẵng,0.040575764993797815,0,-1.5589121054511688,0
2025-02-17 09:00:00+07:00,36.0,7.4,73.0,/dl/web/weather/ic-w-04-scattered-clouds-full.svg,Đà Nẵng,-0.5404982322470462,0,-0.14222014722506282,0
2025-02-17 10:00:00+07:00,27.0,7.4,73.0,/dl/web/weather/ic-w-04-scattered-clouds-full.svg,Đà Nẵng,-0.8481256425510224,0,-0.14222014722506282,0
2025-02-17 11:00:00+07:00,22.0,11.1,78.0,/dl/web/weather/ic-w-04-scattered-clouds-full.svg,Đà Nẵng,-1.0190297593865647,0,0.5661258318879899,0
2025-02-17 12:00:00+07:00,22.0,16.7,69.0,/dl/web/weather/ic-w-04-scattered-clouds-full.svg,Đà Nẵng,-1.0190297593865647,0,1.6382170435185563,0
2025-02-17 13:00:00+07:00,19.0,13.0,69.0,/dl/web/weather/ic-w-02-new-clouds-full.svg,Đà Nẵng,-1.1215722294878903,0,0.9298710644055037,0
2025-02-17 14:00:00+07:00,19.0,13.0,69.0,/dl/web/weather/ic-w-02-new-clouds-full.svg,Đà Nẵng,-1.1215722294878903,0,0.9298710644055037,0
2025-02-17 15:00:00+07:00,19.0,11.1,65.0,/dl/web/weather/ic-w-02-new-clouds-full.svg,Đà Nẵng,-1.1215722294878903,0,0.5661258318879899,0
2025-02-17 16:00:00+07:00,27.0,14.8,73.0,/dl/web/weather/ic-w-02-new-clouds-full.svg,Đà Nẵng,-0.8481256425510224,0,1.2744718110010431,0
2025-02-17 17:00:00+07:00,33.0,14.8,69.0,/dl/web/weather/ic-w-02-new-clouds-full.svg,Đà Nẵng,-0.6430407023483716,0,1.2744718110010431,0
2025-02-17 18:00:00+07:00,38.0,13.0,73.0,/dl/web/weather/ic-w-02-new-clouds-full.svg,Đà Nẵng,-0.4721365855128293,0,0.9298710644055037,0
2025-02-17 19:00:00+07:00,58.0,13.0,78.0,/dl/web/weather/ic-w-11-night-few-clouds-full.svg,Đà Nẵng,0.21147988182934016,0,0.9298710644055037,0
2025-02-17 20:00:00+07:00,64.0,7.4,78.0,/dl/web/weather/ic-w-04-scattered-clouds-full.svg,Đà Nẵng,0.416564822031991,0,-0.14222014722506282,0
2025-02-17 21:00:00+07:00,60.0,7.4,78.0,/dl/web/weather/ic-w-04-scattered-clouds-full.svg,Đà Nẵng,0.2798415285635571,0,-0.14222014722506282,0
2025-02-17 22:00:00+07:00,58.0,9.2,78.0,/dl/web/weather/ic-w-04-scattered-clouds-full.svg,Đà Nẵng,0.21147988182934016,0,0.20238059937047623,0
2025-02-17 23:00:00+07:00,66.0,7.4,78.0,/dl/web/weather/ic-w-04-scattered-clouds-full.svg,Đà Nẵng,0.48492646876620793,0,-0.14222014722506282,0
2025-02-18 00:00:00+07:00,55.0,5.5,78.0,/dl/web/weather/ic-w-04-scattered-clouds-full.svg,Đà Nẵng,0.10893741172801476,0,-0.5059653797425765,0
2025-02-18 01:00:00+07:00,57.0,5.5,83.0,/dl/web/weather/ic-w-04-scattered-clouds-full.svg,Đà Nẵng,0.1772990584622317,0,-0.5059653797425765,0
2025-02-18 02:00:00+07:00,60.0,7.4,83.0,/dl/web/weather/ic-w-04-scattered-clouds-full.svg,Đà Nẵng,0.2798415285635571,0,-0.14222014722506282,0
2025-02-18 03:00:00+07:00,64.0,5.5,83.0,/dl/web/weather/ic-w-04-scattered-clouds-full.svg,Đà Nẵng,0.416564822031991,0,-0.5059653797425765,0
2025-02-18 04:00:00+07:00,63.0,5.5,83.0,/dl/web/weather/ic-w-04-scattered-clouds-full.svg,Đà Nẵng,0.38238399866488254,0,-0.5059653797425765,0
2025-02-18 05:00:00+07:00,63.0,5.5,83.0,/dl/web/weather/ic-w-04-scattered-clouds-full.svg,Đà Nẵng,0.38238399866488254,0,-0.5059653797425765,0
2025-02-18 06:00:00+07:00,65.0,1.8,88.0,/dl/web/weather/ic-w-04-scattered-clouds-full.svg,Đà Nẵng,0.45074564539909945,0,-1.2143113588556296,0
2025-02-18 07:00:00+07:00,66.0,3.7,88.0,/dl/web/weather/ic-w-04-scattered-clouds-full.svg,Đà Nẵng,0.48492646876620793,0,-0.8505661263381158,0
2025-02-18 08:00:00+07:00,73.0,3.7,88.0,/dl/web/weather/ic-w-02-new-clouds-full.svg,Đà Nẵng,0.7241922323359672,0,-0.8505661263381158,0
2025-02-18 09:00:00+07:00,66.0,7.4,88.0,/dl/web/weather/ic-w-04-scattered-clouds-full.svg,Đà Nẵng,0.48492646876620793,0,-0.14222014722506282,0
2025-02-18 10:00:00+07:00,66.0,7.4,88.0,/dl/web/weather/ic-w-04-scattered-clouds-full.svg,Đà Nẵng,0.48492646876620793,0,-0.14222014722506282,0
2025-02-18 11:00:00+07:00,77.0,7.4,83.0,/dl/web/weather/ic-w-04-scattered-clouds-full.svg,Đà Nẵng,0.8609155258044011,0,-0.14222014722506282,0
2025-02-18 12:00:00+07:00,88.0,13.0,83.0,/dl/web/weather/ic-w-04-scattered-clouds-full.svg,Đà Nẵng,1.2369045828425942,0,0.9298710644055037,0
2025-02-18 13:00:00+07:00,85.0,14.8,83.0,/dl/web/weather/ic-w-04-scattered-clouds-full.svg,Đà Nẵng,1.1343621127412689,0,1.2744718110010431,0
2025-02-18 14:00:00+07:00,72.0,13.0,83.0,/dl/web/weather/ic-w-04-scattered-clouds-full.svg,Đà Nẵng,0.6900114089688588,0,0.9298710644055037,0
2025-02-18 15:00:00+07:00,65.0,11.1,73.0,/dl/web/weather/ic-w-04-scattered-clouds-full.svg,Đà Nẵng,0.45074564539909945,0,0.5661258318879899,0
2025-02-18 16:00:00+07:00,63.0,11.1,83.0,/dl/web/weather/ic-w-04-scattered-clouds-full.svg,Đà Nẵng,0.38238399866488254,0,0.5661258318879899,0
2025-02-18 17:00:00+07:00,74.0,3.7,88.0,/dl/web/weather/ic-w-04-scattered-clouds-full.svg,Đà Nẵng,0.7583730557030757,0,-0.8505661263381158,0
2025-02-18 18:00:00+07:00,78.0,7.4,83.0,/dl/web/weather/ic-w-04-scattered-clouds-full.svg,Đà Nẵng,0.8950963491715096,0,-0.14222014722506282,0
2025-02-18 19:00:00+07:00,95.0,11.1,88.0,/dl/web/weather/ic-w-04-scattered-clouds-full.svg,Đà Nẵng,1.4761703464123537,0,0.5661258318879899,0
2025-02-18 20:00:00+07:00,88.0,7.4,88.0,/dl/web/weather/ic-w-04-scattered-clouds-full.svg,Đà Nẵng,1.2369045828425942,0,-0.14222014722506282,0
2025-02-18 21:00:00+07:00,82.0,7.4,88.0,/dl/web/weather/ic-w-04-scattered-clouds-full.svg,Đà Nẵng,1.0318196426399435,0,-0.14222014722506282,0
2025-02-18 22:00:00+07:00,81.0,3.7,88.0,/dl/web/weather/ic-w-04-scattered-clouds-full.svg,Đà Nẵng,0.997638819272835,0,-0.8505661263381158,0
2025-02-18 23:00:00+07:00,79.0,5.5,88.0,/dl/web/weather/ic-w-04-scattered-clouds-full.svg,Đà Nẵng,0.9292771725386181,0,-0.5059653797425765,0
2025-02-19 00:00:00+07:00,77.0,1.8,88.0,/dl/web/weather/ic-w-04-scattered-clouds-full.svg,Đà Nẵng,0.8609155258044011,0,-1.2143113588556296,0
2025-02-19 01:00:00+07:00,78.0,1.6,89.0,/dl/web/weather/ic-w-04-scattered-clouds-full.svg,Đà Nẵng,0.8950963491715096,0,-1.2526003306995783,0
2025-02-19 02:00:00+07:00,77.0,0.0,88.0,/dl/web/weather/ic-w-04-scattered-clouds-full.svg,Đà Nẵng,0.8609155258044011,0,-1.5589121054511688,0
2025-02-19 03:00:00+07:00,80.0,1.8,88.0,/dl/web/weather/ic-w-04-scattered-clouds-full.svg,Đà Nẵng,0.9634579959057266,0,-1.2143113588556296,0
2025-02-19 04:00:00+07:00,89.0,1.8,88.0,/dl/web/weather/ic-w-04-scattered-clouds-full.svg,Đà Nẵng,1.2710854062097028,0,-1.2143113588556296,0
2025-02-19 05:00:00+07:00,96.0,0.0,94.0,/dl/web/weather/ic-w-04-scattered-clouds-full.svg,Đà Nẵng,1.510351169779462,0,-1.5589121054511688,0
2025-02-19 06:00:00+07:00,101.0,1.8,88.0,/dl/web/weather/ic-w-04-scattered-clouds-full.svg,Đà Nẵng,1.6812552866150043,0,-1.2143113588556296,0
2025-02-19 07:00:00+07:00,98.0,5.5,83.0,/dl/web/weather/ic-w-04-scattered-clouds-full.svg,Đà Nẵng,1.578712816513679,0,-0.5059653797425765,0
2025-02-19 08:00:00+07:00,90.0,7.4,83.0,/dl/web/weather/ic-w-04-scattered-clouds-full.svg,Đà Nẵng,1.3052662295768112,0,-0.14222014722506282,0
2025-02-19 10:00:00+07:00,86.0,7.4,78.0,/dl/web/weather/ic-w-04-scattered-clouds-full.svg,Đà Nẵng,1.1685429361083775,0,-0.14222014722506282,0
2025-02-19 11:00:00+07:00,82.0,14.8,73.0,/dl/web/weather/ic-w-04-scattered-clouds-full.svg,Đà Nẵng,1.0318196426399435,0,1.2744718110010431,0
2025-02-19 12:00:00+07:00,80.0,14.8,78.0,/dl/web/weather/ic-w-04-scattered-clouds-full.svg,Đà Nẵng,0.9634579959057266,0,1.2744718110010431,0
2025-02-19 13:00:00+07:00,77.0,18.5,73.0,/dl/web/weather/ic-w-04-scattered-clouds-full.svg,Đà Nẵng,0.8609155258044011,0,1.9828177901140958,0
2025-02-19 14:00:00+07:00,72.0,18.5,73.0,/dl/web/weather/ic-w-04-scattered-clouds-full.svg,Đà Nẵng,0.6900114089688588,0,1.9828177901140958,0
2025-02-19 15:00:00+07:00,71.0,18.5,73.0,/dl/web/weather/ic-w-04-scattered-clouds-full.svg,Đà Nẵng,0.6558305856017503,0,1.9828177901140958,0
2025-03-15 17:00:00+07:00,55.0,13.0,74.0,/dl/web/weather/ic-w-02-new-clouds-full.svg,Đà Nẵng,0.10893741172801476,0,0.9298710644055037,0
2025-03-15 18:00:00+07:00,55.0,13.0,74.0,/dl/web/weather/ic-w-02-new-clouds-full.svg,Đà Nẵng,0.10893741172801476,0,0.9298710644055037,0
2025-03-15 19:00:00+07:00,60.0,13.0,78.0,/dl/web/weather/ic-w-11-night-few-clouds-full.svg,Đà Nẵng,0.2798415285635571,0,0.9298710644055037,0
2025-03-15 20:00:00+07:00,78.0,5.5,83.0,/dl/web/weather/ic-w-11-night-few-clouds-full.svg,Đà Nẵng,0.8950963491715096,0,-0.5059653797425765,0
2025-03-15 21:00:00+07:00,33.0,5.5,83.0,/dl/web/weather/ic-w-11-night-few-clouds-full.svg,Đà Nẵng,-0.6430407023483716,0,-0.5059653797425765,0
2025-03-15 22:00:00+07:00,28.0,3.7,83.0,/dl/web/weather/ic-w-11-night-few-clouds-full.svg,Đà Nẵng,-0.8139448191839139,0,-0.8505661263381158,0
2025-03-15 23:00:00+07:00,49.0,1.8,89.0,/dl/web/weather/ic-w-11-night-few-clouds-full.svg,Đà Nẵng,-0.09614752847463608,0,-1.2143113588556296,0
2025-03-16 00:00:00+07:00,52.0,3.7,94.0,/dl/web/weather/ic-w-11-night-few-clouds-full.svg,Đà Nẵng,0.006394941626689343,0,-0.8505661263381158,0
2025-03-16 01:00:00+07:00,57.0,3.7,89.0,/dl/web/weather/ic-w-04-scattered-clouds-full.svg,Đà Nẵng,0.1772990584622317,0,-0.8505661263381158,0
2025-03-16 03:00:00+07:00,88.0,20.4,94.0,/dl/web/weather/ic-w-04-scattered-clouds-full.svg,Đà Nẵng,1.2369045828425942,0,2.346563022631609,0
2025-03-16 04:00:00+07:00,83.0,16.7,94.0,/dl/web/weather/ic-w-04-scattered-clouds-full.svg,Đà Nẵng,1.066000466007052,0,1.6382170435185563,0
2025-03-16 05:00:00+07:00,74.0,7.4,88.0,/dl/web/weather/ic-w-04-scattered-clouds-full.svg,Đà Nẵng,0.7583730557030757,0,-0.14222014722506282,0
2025-03-16 06:00:00+07:00,83.0,3.7,88.0,/dl/web/weather/ic-w-04-scattered-clouds-full.svg,Đà Nẵng,1.066000466007052,0,-0.8505661263381158,0
2025-03-16 07:00:00+07:00,92.0,3.7,88.0,/dl/web/weather/ic-w-04-scattered-clouds-full.svg,Đà Nẵng,1.3736278763110281,0,-0.8505661263381158,0
2025-03-16 08:00:00+07:00,91.0,9.2,88.0,/dl/web/weather/ic-w-04-scattered-clouds-full.svg,Đà Nẵng,1.3394470529439197,0,0.20238059937047623,0
2025-03-16 09:00:00+07:00,90.0,13.0,83.0,/dl/web/weather/ic-w-04-scattered-clouds-full.svg,Đà Nẵng,1.3052662295768112,0,0.9298710644055037,0
2025-03-16 10:00:00+07:00,82.0,14.8,83.0,/dl/web/weather/ic-w-04-scattered-clouds-full.svg,Đà Nẵng,1.0318196426399435,0,1.2744718110010431,0
2025-03-16 11:00:00+07:00,85.0,14.8,83.0,/dl/web/weather/ic-w-04-scattered-clouds-full.svg,Đà Nẵng,1.1343621127412689,0,1.2744718110010431,0
2025-03-16 12:00:00+07:00,66.0,14.8,83.0,/dl/web/weather/ic-w-04-scattered-clouds-full.svg,Đà Nẵng,0.48492646876620793,0,1.2744718110010431,0
2025-03-16 13:00:00+07:00,22.0,18.5,69.0,/dl/web/weather/ic-w-04-scattered-clouds-full.svg,Đà Nẵng,-1.0190297593865647,0,1.9828177901140958,0
2025-03-16 14:00:00+07:00,11.0,27.8,61.0,/dl/web/weather/ic-w-04-scattered-clouds-full.svg,Đà Nẵng,-1.395018816424758,0,3.7632549808577154,-1
2025-03-16 15:00:00+07:00,11.0,27.8,61.0,/dl/web/weather/ic-w-04-scattered-clouds-full.svg,Đà Nẵng,-1.395018816424758,0,3.7632549808577154,-1
2025-03-16 16:00:00+07:00,17.0,25.9,65.0,/dl/web/weather/ic-w-04-scattered-clouds-full.svg,Đà Nẵng,-1.1899338762221072,0,3.3995097483402015,-1
2025-03-16 17:00:00+07:00,52.0,27.8,61.0,/dl/web/weather/ic-w-04-scattered-clouds-full.svg,Đà Nẵng,0.006394941626689343,0,3.7632549808577154,-1
2025-03-16 18:00:00+07:00,30.0,24.1,78.0,/dl/web/weather/ic-w-04-scattered-clouds-full.svg,Đà Nẵng,-0.7455831724496971,0,3.0549090017446625,-1
2025-03-16 19:00:00+07:00,24.0,22.2,78.0,/dl/web/weather/ic-w-04-scattered-clouds-full.svg,Đà Nẵng,-0.9506681126523479,0,2.6911637692271486,0
2025-03-16 20:00:00+07:00,27.0,22.2,83.0,/dl/web/weather/ic-w-04-scattered-clouds-full.svg,Đà Nẵng,-0.8481256425510224,0,2.6911637692271486,0
2025-03-16 21:00:00+07:00,17.0,22.2,83.0,/dl/web/weather/ic-w-04-scattered-clouds-full.svg,Đà Nẵng,-1.1899338762221072,0,2.6911637692271486,0
2025-03-16 22:00:00+07:00,19.0,14.8,83.0,/dl/web/weather/ic-w-04-scattered-clouds-full.svg,Đà Nẵng,-1.1215722294878903,0,1.2744718110010431,0
2025-03-16 23:00:00+07:00,33.0,16.7,83.0,/dl/web/weather/ic-w-04-scattered-clouds-full.svg,Đà Nẵng,-0.6430407023483716,0,1.6382170435185563,0
2025-03-17 00:00:00+07:00,14.0,7.4,83.0,/dl/web/weather/ic-w-04-scattered-clouds-full.svg,Đà Nẵng,-1.2924763463234326,0,-0.14222014722506282,0
2025-03-17 01:00:00+07:00,33.0,11.1,78.0,/dl/web/weather/ic-w-04-scattered-clouds-full.svg,Đà Nẵng,-0.6430407023483716,0,0.5661258318879899,0
2025-03-17 02:00:00+07:00,39.0,11.1,78.0,/dl/web/weather/ic-w-04-scattered-clouds-full.svg,Đà Nẵng,-0.4379557621457208,0,0.5661258318879899,0
2025-03-17 03:00:00+07:00,55.0,5.5,78.0,/dl/web/weather/ic-w-04-scattered-clouds-full.svg,Đà Nẵng,0.10893741172801476,0,-0.5059653797425765,0
2025-03-17 04:00:00+07:00,52.0,7.4,73.0,/dl/web/weather/ic-w-04-scattered-clouds-full.svg,Đà Nẵng,0.006394941626689343,0,-0.14222014722506282,0
2025-03-17 06:00:00+07:00,54.0,7.4,73.0,/dl/web/weather/ic-w-04-scattered-clouds-full.svg,Đà Nẵng,0.07475658836090629,0,-0.14222014722506282,0
2025-03-17 07:00:00+07:00,71.0,7.4,73.0,/dl/web/weather/ic-w-04-scattered-clouds-full.svg,Đà Nẵng,0.6558305856017503,0,-0.14222014722506282,0
2025-03-17 08:00:00+07:00,57.0,5.5,78.0,/dl/web/weather/ic-w-04-scattered-clouds-full.svg,Đà Nẵng,0.1772990584622317,0,-0.5059653797425765,0
2025-03-17 09:00:00+07:00,52.0,3.7,73.0,/dl/web/weather/ic-w-04-scattered-clouds-full.svg,Đà Nẵng,0.006394941626689343,0,-0.8505661263381158,0
2025-03-17 10:00:00+07:00,58.0,1.8,73.0,/dl/web/weather/ic-w-04-scattered-clouds-full.svg,Đà Nẵng,0.21147988182934016,0,-1.2143113588556296,0
2025-03-17 11:00:00+07:00,53.0,1.8,73.0,/dl/web/weather/ic-w-04-scattered-clouds-full.svg,Đà Nẵng,0.040575764993797815,0,-1.2143113588556296,0
2025-03-17 12:00:00+07:00,49.0,9.2,73.0,/dl/web/weather/ic-w-04-scattered-clouds-full.svg,Đà Nẵng,-0.09614752847463608,0,0.20238059937047623,0
2025-03-17 13:00:00+07:00,49.0,0.0,64.0,/dl/web/weather/ic-w-04-scattered-clouds-full.svg,Đà Nẵng,-0.09614752847463608,0,-1.5589121054511688,0
2025-03-17 14:00:00+07:00,41.0,9.2,69.0,/dl/web/weather/ic-w-04-scattered-clouds-full.svg,Đà Nẵng,-0.36959411541150383,0,0.20238059937047623,0
2025-03-17 15:00:00+07:00,47.0,22.2,73.0,/dl/web/weather/ic-w-04-scattered-clouds-full.svg,Đà Nẵng,-0.164509175208853,0,2.6911637692271486,0
2025-03-17 16:00:00+07:00,52.0,16.7,73.0,/dl/web/weather/ic-w-04-scattered-clouds-full.svg,Đà Nẵng,0.006394941626689343,0,1.6382170435185563,0
2025-03-17 17:00:00+07:00,53.0,14.8,78.0,/dl/web/weather/ic-w-04-scattered-clouds-full.svg,Đà Nẵng,0.040575764993797815,0,1.2744718110010431,0
2025-03-17 18:00:00+07:00,53.0,16.7,78.0,/dl/web/weather/ic-w-04-scattered-clouds-full.svg,Đà Nẵng,0.040575764993797815,0,1.6382170435185563,0
2025-03-17 19:00:00+07:00,60.0,9.2,78.0,/dl/web/weather/ic-w-04-scattered-clouds-full.svg,Đà Nẵng,0.2798415285635571,0,0.20238059937047623,0
2025-03-17 20:00:00+07:00,58.0,14.8,73.0,/dl/web/weather/ic-w-04-scattered-clouds-full.svg,Đà Nẵng,0.21147988182934016,0,1.2744718110010431,0
2025-03-17 21:00:00+07:00,67.0,14.8,73.0,/dl/web/weather/ic-w-04-scattered-clouds-full.svg,Đà Nẵng,0.5191072921333164,0,1.2744718110010431,0
2025-03-17 22:00:00+07:00,52.0,7.4,78.0,/dl/web/weather/ic-w-04-scattered-clouds-full.svg,Đà Nẵng,0.006394941626689343,0,-0.14222014722506282,0
2025-03-17 23:00:00+07:00,28.0,13.0,73.0,/dl/web/weather/ic-w-04-scattered-clouds-full.svg,Đà Nẵng,-0.8139448191839139,0,0.9298710644055037,0
2025-03-18 00:00:00+07:00,41.0,11.1,78.0,/dl/web/weather/ic-w-04-scattered-clouds-full.svg,Đà Nẵng,-0.36959411541150383,0,0.5661258318879899,0
2025-03-18 01:00:00+07:00,36.0,9.2,78.0,/dl/web/weather/ic-w-04-scattered-clouds-full.svg,Đà Nẵng,-0.5404982322470462,0,0.20238059937047623,0
2025-03-18 02:00:00+07:00,33.0,9.2,83.0,/dl/web/weather/ic-w-04-scattered-clouds-full.svg,Đà Nẵng,-0.6430407023483716,0,0.20238059937047623,0
2025-03-18 03:00:00+07:00,38.0,7.4,78.0,/dl/web/weather/ic-w-04-scattered-clouds-full.svg,Đà Nẵng,-0.4721365855128293,0,-0.14222014722506282,0
2025-03-18 04:00:00+07:00,30.0,9.2,83.0,/dl/web/weather/ic-w-04-scattered-clouds-full.svg,Đà Nẵng,-0.7455831724496971,0,0.20238059937047623,0
2025-03-18 05:00:00+07:00,38.0,7.4,78.0,/dl/web/weather/ic-w-04-scattered-clouds-full.svg,Đà Nẵng,-0.4721365855128293,0,-0.14222014722506282,0
2025-03-18 06:00:00+07:00,24.0,9.2,78.0,/dl/web/weather/ic-w-04-scattered-clouds-full.svg,Đà Nẵng,-0.9506681126523479,0,0.20238059937047623,0
2025-03-18 07:00:00+07:00,19.0,7.4,73.0,/dl/web/weather/ic-w-04-scattered-clouds-full.svg,Đà Nẵng,-1.1215722294878903,0,-0.14222014722506282,0
2025-03-18 08:00:00+07:00,33.0,9.2,73.0,/dl/web/weather/ic-w-04-scattered-clouds-full.svg,Đà Nẵng,-0.6430407023483716,0,0.20238059937047623,0
2025-03-18 09:00:00+07:00,49.0,13.0,73.0,/dl/web/weather/ic-w-04-scattered-clouds-full.svg,Đà Nẵng,-0.09614752847463608,0,0.9298710644055037,0
2025-03-18 10:00:00+07:00,38.0,11.1,68.0,/dl/web/weather/ic-w-04-scattered-clouds-full.svg,Đà Nẵng,-0.4721365855128293,0,0.5661258318879899,0
2025-03-18 11:00:00+07:00,44.0,11.1,68.0,/dl/web/weather/ic-w-04-scattered-clouds-full.svg,Đà Nẵng,-0.26705164531017844,0,0.5661258318879899,0
2025-03-18 12:00:00+07:00,53.0,14.8,68.0,/dl/web/weather/ic-w-04-scattered-clouds-full.svg,Đà Nẵng,0.040575764993797815,0,1.2744718110010431,0
2025-03-18 13:00:00+07:00,44.0,16.7,78.0,/dl/web/weather/ic-w-04-scattered-clouds-full.svg,Đà Nẵng,-0.26705164531017844,0,1.6382170435185563,0
2025-03-18 14:00:00+07:00,33.0,31.5,83.0,/dl/web/weather/ic-w-04-scattered-clouds-full.svg,Đà Nẵng,-0.6430407023483716,0,4.471600959970768,-1
2025-03-18 15:00:00+07:00,44.0,31.5,83.0,/dl/web/weather/ic-w-04-scattered-clouds-full.svg,Đà Nẵng,-0.26705164531017844,0,4.471600959970768,-1
2025-03-18 17:00:00+07:00,42.0,33.3,83.0,/dl/web/weather/ic-w-04-scattered-clouds-full.svg,Đà Nẵng,-0.33541329204439535,0,4.816201706566307,-1
2025-03-18 18:00:00+07:00,49.0,37.0,83.0,/dl/web/weather/ic-w-04-scattered-clouds-full.svg,Đà Nẵng,-0.09614752847463608,0,5.5245476856793605,-1
2025-03-18 19:00:00+07:00,52.0,37.0,88.0,/dl/web/weather/ic-w-04-scattered-clouds-full.svg,Đà Nẵng,0.006394941626689343,0,5.5245476856793605,-1
2025-03-18 20:00:00+07:00,27.0,22.2,88.0,/dl/web/weather/ic-w-04-scattered-clouds-full.svg,Đà Nẵng,-0.8481256425510224,0,2.6911637692271486,0
2025-03-18 21:00:00+07:00,41.0,22.2,88.0,/dl/web/weather/ic-w-04-scattered-clouds-full.svg,Đà Nẵng,-0.36959411541150383,0,2.6911637692271486,0
2025-03-18 22:00:00+07:00,28.0,24.1,88.0,/dl/web/weather/ic-w-04-scattered-clouds-full.svg,Đà Nẵng,-0.8139448191839139,0,3.0549090017446625,-1
2025-03-18 23:00:00+07:00,25.0,16.7,77.0,/dl/web/weather/ic-w-04-scattered-clouds-full.svg,Đà Nẵng,-0.9164872892852394,0,1.6382170435185563,0
2025-03-19 00:00:00+07:00,28.0,13.0,77.0,/dl/web/weather/ic-w-04-scattered-clouds-full.svg,Đà Nẵng,-0.8139448191839139,0,0.9298710644055037,0
2025-03-19 01:00:00+07:00,31.0,14.8,77.0,/dl/web/weather/ic-w-04-scattered-clouds-full.svg,Đà Nẵng,-0.7114023490825886,0,1.2744718110010431,0
2025-03-19 02:00:00+07:00,42.0,11.1,77.0,/dl/web/weather/ic-w-04-scattered-clouds-full.svg,Đà Nẵng,-0.33541329204439535,0,0.5661258318879899,0
2025-03-19 03:00:00+07:00,36.0,11.1,77.0,/dl/web/weather/ic-w-04-scattered-clouds-full.svg,Đà Nẵng,-0.5404982322470462,0,0.5661258318879899,0
2025-03-19 04:00:00+07:00,47.0,11.1,77.0,/dl/web/weather/ic-w-04-scattered-clouds-full.svg,Đà Nẵng,-0.164509175208853,0,0.5661258318879899,0
2025-03-19 05:00:00+07:00,33.0,7.4,77.0,/dl/web/weather/ic-w-04-scattered-clouds-full.svg,Đà Nẵng,-0.6430407023483716,0,-0.14222014722506282,0
2025-03-19 06:00:00+07:00,33.0,11.1,73.0,/dl/web/weather/ic-w-04-scattered-clouds-full.svg,Đà Nẵng,-0.6430407023483716,0,0.5661258318879899,0
2025-03-19 07:00:00+07:00,27.0,9.2,73.0,/dl/web/weather/ic-w-04-scattered-clouds-full.svg,Đà Nẵng,-0.8481256425510224,0,0.20238059937047623,0
2025-03-19 08:00:00+07:00,44.0,13.0,88.0,/dl/web/weather/ic-w-04-scattered-clouds-full.svg,Đà Nẵng,-0.26705164531017844,0,0.9298710644055037,0
2025-03-19 09:00:00+07:00,52.0,13.0,77.0,/dl/web/weather/ic-w-04-scattered-clouds-full.svg,Đà Nẵng,0.006394941626689343,0,0.9298710644055037,0
2025-03-19 10:00:00+07:00,58.0,13.0,68.0,/dl/web/weather/ic-w-04-scattered-clouds-full.svg,Đà Nẵng,0.21147988182934016,0,0.9298710644055037,0
2025-03-19 11:00:00+07:00,65.0,13.0,68.0,/dl/web/weather/ic-w-04-scattered-clouds-full.svg,Đà Nẵng,0.45074564539909945,0,0.9298710644055037,0
2025-03-19 12:00:00+07:00,66.0,13.0,68.0,/dl/web/weather/ic-w-04-scattered-clouds-full.svg,Đà Nẵng,0.48492646876620793,0,0.9298710644055037,0
2025-03-19 13:00:00+07:00,78.0,14.8,68.0,/dl/web/weather/ic-w-04-scattered-clouds-full.svg,Đà Nẵng,0.8950963491715096,0,1.2744718110010431,0
2025-03-19 14:00:00+07:00,74.0,18.5,64.0,/dl/web/weather/ic-w-04-scattered-clouds-full.svg,Đà Nẵng,0.7583730557030757,0,1.9828177901140958,0
2025-03-19 15:00:00+07:00,76.0,18.5,64.0,/dl/web/weather/ic-w-04-scattered-clouds-full.svg,Đà Nẵng,0.8267347024372926,0,1.9828177901140958,0
2025-03-19 16:00:00+07:00,89.0,14.8,64.0,/dl/web/weather/ic-w-04-scattered-clouds-full.svg,Đà Nẵng,1.2710854062097028,0,1.2744718110010431,0
2025-03-19 17:00:00+07:00,84.0,16.7,68.0,/dl/web/weather/ic-w-04-scattered-clouds-full.svg,Đà Nẵng,1.1001812893741605,0,1.6382170435185563,0
2025-03-19 18:00:00+07:00,85.0,16.7,68.0,/dl/web/weather/ic-w-04-scattered-clouds-full.svg,Đà Nẵng,1.1343621127412689,0,1.6382170435185563,0
2025-03-19 19:00:00+07:00,78.0,16.7,73.0,/dl/web/weather/ic-w-04-scattered-clouds-full.svg,Đà Nẵng,0.8950963491715096,0,1.6382170435185563,0
2025-03-19 20:00:00+07:00,44.0,11.1,73.0,/dl/web/weather/ic-w-04-scattered-clouds-full.svg,Đà Nẵng,-0.26705164531017844,0,0.5661258318879899,0
2025-03-19 21:00:00+07:00,49.0,11.1,73.0,/dl/web/weather/ic-w-04-scattered-clouds-full.svg,Đà Nẵng,-0.09614752847463608,0,0.5661258318879899,0
2025-03-19 22:00:00+07:00,44.0,13.0,73.0,/dl/web/weather/ic-w-04-scattered-clouds-full.svg,Đà Nẵng,-0.26705164531017844,0,0.9298710644055037,0
2025-03-19 23:00:00+07:00,47.0,11.1,77.0,/dl/web/weather/ic-w-04-scattered-clouds-full.svg,Đà Nẵng,-0.164509175208853,0,0.5661258318879899,0
2025-03-20 00:00:00+07:00,52.0,5.5,73.0,/dl/web/weather/ic-w-04-scattered-clouds-full.svg,Đà Nẵng,0.006394941626689343,0,-0.5059653797425765,0
2025-03-20 01:00:00+07:00,56.0,7.4,73.0,/dl/web/weather/ic-w-04-scattered-clouds-full.svg,Đà Nẵng,0.14311823509512323,0,-0.14222014722506282,0
2025-03-20 02:00:00+07:00,59.0,3.7,73.0,/dl/web/weather/ic-w-04-scattered-clouds-full.svg,Đà Nẵng,0.24566070519644864,0,-0.8505661263381158,0
2025-03-20 04:00:00+07:00,55.0,5.5,73.0,/dl/web/weather/ic-w-04-scattered-clouds-full.svg,Đà Nẵng,0.10893741172801476,0,-0.5059653797425765,0
2025-03-20 05:00:00+07:00,58.0,1.8,73.0,/dl/web/weather/ic-w-04-scattered-clouds-full.svg,Đà Nẵng,0.21147988182934016,0,-1.2143113588556296,0
2025-03-20 06:00:00+07:00,67.0,0.0,77.0,/dl/web/weather/ic-w-04-scattered-clouds-full.svg,Đà Nẵng,0.5191072921333164,0,-1.5589121054511688,0
2025-03-20 07:00:00+07:00,79.0,3.7,88.0,/dl/web/weather/ic-w-04-scattered-clouds-full.svg,Đà Nẵng,0.9292771725386181,0,-0.8505661263381158,0
2025-03-20 08:00:00+07:00,102.0,3.7,88.0,/dl/web/weather/ic-w-09-mist-full.svg,Đà Nẵng,1.715436109982113,0,-0.8505661263381158,0
2025-03-20 09:00:00+07:00,128.0,1.8,94.0,/dl/web/weather/ic-w-09-mist-full.svg,Đà Nẵng,2.604137517526933,0,-1.2143113588556296,0
2025-03-20 10:00:00+07:00,101.0,5.5,88.0,/dl/web/weather/ic-w-04-scattered-clouds-full.svg,Đà Nẵng,1.6812552866150043,0,-0.5059653797425765,0
2025-03-20 11:00:00+07:00,89.0,5.5,88.0,/dl/web/weather/ic-w-04-scattered-clouds-full.svg,Đà Nẵng,1.2710854062097028,0,-0.5059653797425765,0
2025-03-20 12:00:00+07:00,74.0,5.5,77.0,/dl/web/weather/ic-w-04-scattered-clouds-full.svg,Đà Nẵng,0.7583730557030757,0,-0.5059653797425765,0
2025-03-20 13:00:00+07:00,65.0,9.2,68.0,/dl/web/weather/ic-w-04-scattered-clouds-full.svg,Đà Nẵng,0.45074564539909945,0,0.20238059937047623,0
2025-03-20 14:00:00+07:00,66.0,9.2,68.0,/dl/web/weather/ic-w-04-scattered-clouds-full.svg,Đà Nẵng,0.48492646876620793,0,0.20238059937047623,0
2025-03-20 15:00:00+07:00,66.0,9.2,60.0,/dl/web/weather/ic-w-04-scattered-clouds-full.svg,Đà Nẵng,0.48492646876620793,0,0.20238059937047623,0
2025-03-20 16:00:00+07:00,67.0,16.7,56.0,/dl/web/weather/ic-w-04-scattered-clouds-full.svg,Đà Nẵng,0.5191072921333164,0,1.6382170435185563,0
2025-03-20 17:00:00+07:00,69.0,14.8,56.0,/dl/web/weather/ic-w-04-scattered-clouds-full.svg,Đà Nẵng,0.5874689388675334,0,1.2744718110010431,0
2025-03-20 18:00:00+07:00,71.0,14.8,60.0,/dl/web/weather/ic-w-04-scattered-clouds-full.svg,Đà Nẵng,0.6558305856017503,0,1.2744718110010431,0
2025-03-20 19:00:00+07:00,77.0,7.4,64.0,/dl/web/weather/ic-w-04-scattered-clouds-full.svg,Đà Nẵng,0.8609155258044011,0,-0.14222014722506282,0
2025-03-20 20:00:00+07:00,77.0,5.5,73.0,/dl/web/weather/ic-w-04-scattered-clouds-full.svg,Đà Nẵng,0.8609155258044011,0,-0.5059653797425765,0
2025-03-20 21:00:00+07:00,81.0,5.5,73.0,/dl/web/weather/ic-w-04-scattered-clouds-full.svg,Đà Nẵng,0.997638819272835,0,-0.5059653797425765,0
2025-03-20 22:00:00+07:00,85.0,3.7,73.0,/dl/web/weather/ic-w-04-scattered-clouds-full.svg,Đà Nẵng,1.1343621127412689,0,-0.8505661263381158,0
2025-03-20 23:00:00+07:00,85.0,3.7,77.0,/dl/web/weather/ic-w-04-scattered-clouds-full.svg,Đà Nẵng,1.1343621127412689,0,-0.8505661263381158,0
2025-03-21 00:00:00+07:00,78.0,1.8,77.0,/dl/web/weather/ic-w-04-scattered-clouds-full.svg,Đà Nẵng,0.8950963491715096,0,-1.2143113588556296,0
2025-03-21 01:00:00+07:00,72.0,0.0,73.0,/dl/web/weather/ic-w-04-scattered-clouds-full.svg,Đà Nẵng,0.6900114089688588,0,-1.5589121054511688,0
2025-03-21 02:00:00+07:00,77.0,1.8,77.0,/dl/web/weather/ic-w-04-scattered-clouds-full.svg,Đà Nẵng,0.8609155258044011,0,-1.2143113588556296,0
2025-03-21 03:00:00+07:00,74.0,5.5,73.0,/dl/web/weather/ic-w-04-scattered-clouds-full.svg,Đà Nẵng,0.7583730557030757,0,-0.5059653797425765,0
2025-03-21 04:00:00+07:00,74.0,1.8,73.0,/dl/web/weather/ic-w-04-scattered-clouds-full.svg,Đà Nẵng,0.7583730557030757,0,-1.2143113588556296,0
2025-03-21 05:00:00+07:00,74.0,7.4,77.0,/dl/web/weather/ic-w-04-scattered-clouds-full.svg,Đà Nẵng,0.7583730557030757,0,-0.14222014722506282,0
2025-03-21 06:00:00+07:00,76.0,1.8,77.0,/dl/web/weather/ic-w-04-scattered-clouds-full.svg,Đà Nẵng,0.8267347024372926,0,-1.2143113588556296,0
2025-03-21 08:00:00+07:00,98.0,9.2,88.0,/dl/web/weather/ic-w-04-scattered-clouds-full.svg,Đà Nẵng,1.578712816513679,0,0.20238059937047623,0
2025-03-21 09:00:00+07:00,96.0,3.7,88.0,/dl/web/weather/ic-w-09-mist-full.svg,Đà Nẵng,1.510351169779462,0,-0.8505661263381158,0
2025-03-21 10:00:00+07:00,82.0,5.5,83.0,/dl/web/weather/ic-w-04-scattered-clouds-full.svg,Đà Nẵng,1.0318196426399435,0,-0.5059653797425765,0
2025-03-21 11:00:00+07:00,109.0,5.5,83.0,/dl/web/weather/ic-w-04-scattered-clouds-full.svg,Đà Nẵng,1.9547018735518722,0,-0.5059653797425765,0
2025-03-21 12:00:00+07:00,84.0,1.8,73.0,/dl/web/weather/ic-w-04-scattered-clouds-full.svg,Đà Nẵng,1.1001812893741605,0,-1.2143113588556296,0
2025-03-21 13:00:00+07:00,83.0,13.0,68.0,/dl/web/weather/ic-w-04-scattered-clouds-full.svg,Đà Nẵng,1.066000466007052,0,0.9298710644055037,0
2025-03-21 14:00:00+07:00,77.0,16.7,69.0,/dl/web/weather/ic-w-04-scattered-clouds-full.svg,Đà Nẵng,0.8609155258044011,0,1.6382170435185563,0
2025-03-21 15:00:00+07:00,80.0,18.5,64.0,/dl/web/weather/ic-w-04-scattered-clouds-full.svg,Đà Nẵng,0.9634579959057266,0,1.9828177901140958,0
2025-03-21 16:00:00+07:00,79.0,18.5,60.0,/dl/web/weather/ic-w-02-new-clouds-full.svg,Đà Nẵng,0.9292771725386181,0,1.9828177901140958,0
2025-03-21 17:00:00+07:00,81.0,22.2,68.0,/dl/web/weather/ic-w-02-new-clouds-full.svg,Đà Nẵng,0.997638819272835,0,2.6911637692271486,0
2025-03-21 18:00:00+07:00,84.0,22.2,68.0,/dl/web/weather/ic-w-02-new-clouds-full.svg,Đà Nẵng,1.1001812893741605,0,2.6911637692271486,0
2025-03-21 19:00:00+07:00,89.0,18.5,73.0,/dl/web/weather/ic-w-04-scattered-clouds-full.svg,Đà Nẵng,1.2710854062097028,0,1.9828177901140958,0
2025-03-21 20:00:00+07:00,86.0,16.7,68.0,/dl/web/weather/ic-w-04-scattered-clouds-full.svg,Đà Nẵng,1.1685429361083775,0,1.6382170435185563,0
2025-03-21 21:00:00+07:00,88.0,16.7,68.0,/dl/web/weather/ic-w-04-scattered-clouds-full.svg,Đà Nẵng,1.2369045828425942,0,1.6382170435185563,0
2025-03-21 22:00:00+07:00,89.0,13.0,73.0,/dl/web/weather/ic-w-04-scattered-clouds-full.svg,Đà Nẵng,1.2710854062097028,0,0.9298710644055037,0
2025-03-21 23:00:00+07:00,90.0,7.4,78.0,/dl/web/weather/ic-w-04-scattered-clouds-full.svg,Đà Nẵng,1.3052662295768112,0,-0.14222014722506282,0
2025-03-22 00:00:00+07:00,90.0,7.4,83.0,/dl/web/weather/ic-w-04-scattered-clouds-full.svg,Đà Nẵng,1.3052662295768112,0,-0.14222014722506282,0
2025-03-22 01:00:00+07:00,102.0,3.7,83.0,/dl/web/weather/ic-w-04-scattered-clouds-full.svg,Đà Nẵng,1.715436109982113,0,-0.8505661263381158,0
2025-03-22 02:00:00+07:00,113.0,3.7,82.0,/dl/web/weather/ic-w-11-night-few-clouds-full.svg,Đà Nẵng,2.091425167020306,0,-0.8505661263381158,0
2025-03-22 03:00:00+07:00,126.0,1.8,88.0,/dl/web/weather/ic-w-04-scattered-clouds-full.svg,Đà Nẵng,2.535775870792716,0,-1.2143113588556296,0
2025-03-22 04:00:00+07:00,110.0,1.8,83.0,/dl/web/weather/ic-w-04-scattered-clouds-full.svg,Đà Nẵng,1.9888826969189806,0,-1.2143113588556296,0
2025-03-22 05:00:00+07:00,110.0,3.7,88.0,/dl/web/weather/ic-w-04-scattered-clouds-full.svg,Đà Nẵng,1.9888826969189806,0,-0.8505661263381158,0
2025-03-22 06:00:00+07:00,114.0,1.8,83.0,/dl/web/weather/ic-w-04-scattered-clouds-full.svg,Đà Nẵng,2.1256059903874145,0,-1.2143113588556296,0
2025-03-22 07:00:00+07:00,130.0,3.7,83.0,/dl/web/weather/ic-w-04-scattered-clouds-full.svg,Đà Nẵng,2.6724991642611498,0,-0.8505661263381158,0
2025-03-22 08:00:00+07:00,136.0,1.8,83.0,/dl/web/weather/ic-w-04-scattered-clouds-full.svg,Đà Nẵng,2.877584104463801,0,-1.2143113588556296,0
2025-03-22 10:00:00+07:00,131.0,0.0,68.0,/dl/web/weather/ic-w-04-scattered-clouds-full.svg,Đà Nẵng,2.706679987628258,0,-1.5589121054511688,0
2025-03-22 11:00:00+07:00,125.0,0.0,68.0,/dl/web/weather/ic-w-04-scattered-clouds-full.svg,Đà Nẵng,2.5015950474256075,0,-1.5589121054511688,0
2025-03-22 12:00:00+07:00,129.0,11.1,69.0,/dl/web/weather/ic-w-04-scattered-clouds-full.svg,Đà Nẵng,2.6383183408940414,0,0.5661258318879899,0
2025-03-22 13:00:00+07:00,94.0,7.4,73.0,/dl/web/weather/ic-w-02-new-clouds-full.svg,Đà Nẵng,1.441989523045245,0,-0.14222014722506282,0
2025-03-22 14:00:00+07:00,68.0,7.4,65.0,/dl/web/weather/ic-w-04-scattered-clouds-full.svg,Đà Nẵng,0.5532881155004249,0,-0.14222014722506282,0
2025-03-22 15:00:00+07:00,77.0,11.1,69.0,/dl/web/weather/ic-w-02-new-clouds-full.svg,Đà Nẵng,0.8609155258044011,0,0.5661258318879899,0
2025-03-22 16:00:00+07:00,76.0,9.2,69.0,/dl/web/weather/ic-w-02-new-clouds-full.svg,Đà Nẵng,0.8267347024372926,0,0.20238059937047623,0
2025-03-22 17:00:00+07:00,74.0,16.7,73.0,/dl/web/weather/ic-w-02-new-clouds-full.svg,Đà Nẵng,0.7583730557030757,0,1.6382170435185563,0
2025-03-22 18:00:00+07:00,79.0,14.8,83.0,/dl/web/weather/ic-w-02-new-clouds-full.svg,Đà Nẵng,0.9292771725386181,0,1.2744718110010431,0
2025-03-22 19:00:00+07:00,81.0,11.1,88.0,/dl/web/weather/ic-w-04-scattered-clouds-full.svg,Đà Nẵng,0.997638819272835,0,0.5661258318879899,0
2025-03-22 20:00:00+07:00,78.0,5.5,88.0,/dl/web/weather/ic-w-04-scattered-clouds-full.svg,Đà Nẵng,0.8950963491715096,0,-0.5059653797425765,0
2025-03-22 21:00:00+07:00,79.0,5.5,88.0,/dl/web/weather/ic-w-04-scattered-clouds-full.svg,Đà Nẵng,0.9292771725386181,0,-0.5059653797425765,0
2025-03-22 22:00:00+07:00,83.0,0.0,88.0,/dl/web/weather/ic-w-04-scattered-clouds-full.svg,Đà Nẵng,1.066000466007052,0,-1.5589121054511688,0
2025-03-22 23:00:00+07:00,94.0,5.5,83.0,/dl/web/weather/ic-w-04-scattered-clouds-full.svg,Đà Nẵng,1.441989523045245,0,-0.5059653797425765,0
2025-03-23 00:00:00+07:00,83.0,3.7,83.0,/dl/web/weather/ic-w-04-scattered-clouds-full.svg,Đà Nẵng,1.066000466007052,0,-0.8505661263381158,0
2025-03-23 01:00:00+07:00,87.0,3.7,88.0,/dl/web/weather/ic-w-04-scattered-clouds-full.svg,Đà Nẵng,1.2027237594754858,0,-0.8505661263381158,0
2025-03-23 02:00:00+07:00,88.0,1.8,88.0,/dl/web/weather/ic-w-04-scattered-clouds-full.svg,Đà Nẵng,1.2369045828425942,0,-1.2143113588556296,0
2025-03-23 03:00:00+07:00,82.0,0.0,88.0,/dl/web/weather/ic-w-04-scattered-clouds-full.svg,Đà Nẵng,1.0318196426399435,0,-1.5589121054511688,0
2025-03-23 04:00:00+07:00,95.0,0.0,88.0,/dl/web/weather/ic-w-04-scattered-clouds-full.svg,Đà Nẵng,1.4761703464123537,0,-1.5589121054511688,0
2025-03-23 05:00:00+07:00,88.0,1.8,94.0,/dl/web/weather/ic-w-04-scattered-clouds-full.svg,Đà Nẵng,1.2369045828425942,0,-1.2143113588556296,0
2025-03-23 06:00:00+07:00,91.0,0.0,88.0,/dl/web/weather/ic-w-04-scattered-clouds-full.svg,Đà Nẵng,1.3394470529439197,0,-1.5589121054511688,0
2025-03-23 07:00:00+07:00,126.0,0.0,94.0,/dl/web/weather/ic-w-02-new-clouds-full.svg,Đà Nẵng,2.535775870792716,0,-1.5589121054511688,0
2025-03-23 08:00:00+07:00,109.0,3.7,83.0,/dl/web/weather/ic-w-04-scattered-clouds-full.svg,Đà Nẵng,1.9547018735518722,0,-0.8505661263381158,0
2025-03-23 09:00:00+07:00,78.0,1.8,73.0,/dl/web/weather/ic-w-04-scattered-clouds-full.svg,Đà Nẵng,0.8950963491715096,0,-1.2143113588556296,0
2025-03-23 10:00:00+07:00,78.0,1.8,61.0,/dl/web/weather/ic-w-02-new-clouds-full.svg,Đà Nẵng,0.8950963491715096,0,-1.2143113588556296,0
2025-03-23 11:00:00+07:00,71.0,1.8,61.0,/dl/web/weather/ic-w-02-new-clouds-full.svg,Đà Nẵng,0.6558305856017503,0,-1.2143113588556296,0
2025-03-23 12:00:00+07:00,70.0,0.0,65.0,/dl/web/weather/ic-w-04-scattered-clouds-full.svg,Đà Nẵng,0.6216497622346419,0,-1.5589121054511688,0
2025-03-23 13:00:00+07:00,72.0,7.4,61.0,/dl/web/weather/ic-w-02-new-clouds-full.svg,Đà Nẵng,0.6900114089688588,0,-0.14222014722506282,0
2025-03-23 14:00:00+07:00,68.0,7.4,54.0,/dl/web/weather/ic-w-02-new-clouds-full.svg,Đà Nẵng,0.5532881155004249,0,-0.14222014722506282,0
2025-03-23 15:00:00+07:00,68.0,13.0,54.0,/dl/web/weather/ic-w-02-new-clouds-full.svg,Đà Nẵng,0.5532881155004249,0,0.9298710644055037,0
2025-03-23 16:00:00+07:00,64.0,16.7,57.0,/dl/web/weather/ic-w-02-new-clouds-full.svg,Đà Nẵng,0.416564822031991,0,1.6382170435185563,0
2025-03-23 17:00:00+07:00,66.0,16.7,61.0,/dl/web/weather/ic-w-02-new-clouds-full.svg,Đà Nẵng,0.48492646876620793,0,1.6382170435185563,0
2025-03-23 18:00:00+07:00,73.0,11.1,65.0,/dl/web/weather/ic-w-02-new-clouds-full.svg,Đà Nẵng,0.7241922323359672,0,0.5661258318879899,0
2025-03-23 19:00:00+07:00,71.0,11.1,73.0,/dl/web/weather/ic-w-11-night-few-clouds-full.svg,Đà Nẵng,0.6558305856017503,0,0.5661258318879899,0
2025-03-23 20:00:00+07:00,77.0,3.7,83.0,/dl/web/weather/ic-w-11-night-few-clouds-full.svg,Đà Nẵng,0.8609155258044011,0,-0.8505661263381158,0
2025-03-23 21:00:00+07:00,74.0,3.7,83.0,/dl/web/weather/ic-w-11-night-few-clouds-full.svg,Đà Nẵng,0.7583730557030757,0,-0.8505661263381158,0
2025-03-23 22:00:00+07:00,68.0,3.7,83.0,/dl/web/weather/ic-w-04-scattered-clouds-full.svg,Đà Nẵng,0.5532881155004249,0,-0.8505661263381158,0
2025-03-23 23:00:00+07:00,68.0,7.4,83.0,/dl/web/weather/ic-w-04-scattered-clouds-full.svg,Đà Nẵng,0.5532881155004249,0,-0.14222014722506282,0
2025-03-24 01:00:00+07:00,84.0,5.5,88.0,/dl/web/weather/ic-w-04-scattered-clouds-full.svg,Đà Nẵng,1.1001812893741605,0,-0.5059653797425765,0
2025-03-24 02:00:00+07:00,85.0,3.7,88.0,/dl/web/weather/ic-w-04-scattered-clouds-full.svg,Đà Nẵng,1.1343621127412689,0,-0.8505661263381158,0
2025-03-24 03:00:00+07:00,82.0,1.8,88.0,/dl/web/weather/ic-w-11-night-few-clouds-full.svg,Đà Nẵng,1.0318196426399435,0,-1.2143113588556296,0
2025-03-24 04:00:00+07:00,92.0,3.7,94.0,/dl/web/weather/ic-w-11-night-few-clouds-full.svg,Đà Nẵng,1.3736278763110281,0,-0.8505661263381158,0
2025-03-24 05:00:00+07:00,94.0,1.8,94.0,/dl/web/weather/ic-w-11-night-few-clouds-full.svg,Đà Nẵng,1.441989523045245,0,-1.2143113588556296,0
2025-03-24 06:00:00+07:00,99.0,5.5,94.0,/dl/web/weather/ic-w-11-night-few-clouds-full.svg,Đà Nẵng,1.6128936398807874,0,-0.5059653797425765,0
2025-03-24 07:00:00+07:00,97.0,3.7,94.0,/dl/web/weather/ic-w-02-new-clouds-full.svg,Đà Nẵng,1.5445319931465706,0,-0.8505661263381158,0
2025-03-24 08:00:00+07:00,142.0,0.0,78.0,/dl/web/weather/ic-w-01-clear-sky-full.svg,Đà Nẵng,3.0826690446664515,-1,-1.5589121054511688,0
2025-03-24 09:00:00+07:00,79.0,0.0,73.0,/dl/web/weather/ic-w-02-new-clouds-full.svg,Đà Nẵng,0.9292771725386181,0,-1.5589121054511688,0
2025-03-24 10:00:00+07:00,82.0,0.0,73.0,/dl/web/weather/ic-w-02-new-clouds-full.svg,Đà Nẵng,1.0318196426399435,0,-1.5589121054511688,0
2025-03-24 11:00:00+07:00,71.0,3.7,69.0,/dl/web/weather/ic-w-04-scattered-clouds-full.svg,Đà Nẵng,0.6558305856017503,0,-0.8505661263381158,0
2025-03-24 12:00:00+07:00,69.0,5.5,65.0,/dl/web/weather/ic-w-04-scattered-clouds-full.svg,Đà Nẵng,0.5874689388675334,0,-0.5059653797425765,0
2025-03-24 13:00:00+07:00,67.0,9.2,65.0,/dl/web/weather/ic-w-04-scattered-clouds-full.svg,Đà Nẵng,0.5191072921333164,0,0.20238059937047623,0
2025-03-24 14:00:00+07:00,66.0,9.2,57.0,/dl/web/weather/ic-w-02-new-clouds-full.svg,Đà Nẵng,0.48492646876620793,0,0.20238059937047623,0
2025-03-24 15:00:00+07:00,63.0,14.8,61.0,/dl/web/weather/ic-w-02-new-clouds-full.svg,Đà Nẵng,0.38238399866488254,0,1.2744718110010431,0
2025-03-24 16:00:00+07:00,58.0,14.8,61.0,/dl/web/weather/ic-w-02-new-clouds-full.svg,Đà Nẵng,0.21147988182934016,0,1.2744718110010431,0
2025-03-24 17:00:00+07:00,56.0,14.8,65.0,/dl/web/weather/ic-w-02-new-clouds-full.svg,Đà Nẵng,0.14311823509512323,0,1.2744718110010431,0
2025-03-24 18:00:00+07:00,58.0,13.0,69.0,/dl/web/weather/ic-w-02-new-clouds-full.svg,Đà Nẵng,0.21147988182934016,0,0.9298710644055037,0
2025-03-24 19:00:00+07:00,66.0,9.2,73.0,/dl/web/weather/ic-w-11-night-few-clouds-full.svg,Đà Nẵng,0.48492646876620793,0,0.20238059937047623,0
2025-03-24 20:00:00+07:00,69.0,5.5,78.0,/dl/web/weather/ic-w-11-night-few-clouds-full.svg,Đà Nẵng,0.5874689388675334,0,-0.5059653797425765,0
2025-03-24 21:00:00+07:00,62.0,5.5,78.0,/dl/web/weather/ic-w-11-night-few-clouds-full.svg,Đà Nẵng,0.34820317529777406,0,-0.5059653797425765,0
2025-03-24 22:00:00+07:00,58.0,3.7,78.0,/dl/web/weather/ic-w-04-scattered-clouds-full.svg,Đà Nẵng,0.21147988182934016,0,-0.8505661263381158,0
2025-03-24 23:00:00+07:00,67.0,5.5,88.0,/dl/web/weather/ic-w-04-scattered-clouds-full.svg,Đà Nẵng,0.5191072921333164,0,-0.5059653797425765,0
2025-03-25 00:00:00+07:00,80.0,7.4,88.0,/dl/web/weather/ic-w-04-scattered-clouds-full.svg,Đà Nẵng,0.9634579959057266,0,-0.14222014722506282,0
2025-03-25 01:00:00+07:00,80.0,7.4,83.0,/dl/web/weather/ic-w-04-scattered-clouds-full.svg,Đà Nẵng,0.9634579959057266,0,-0.14222014722506282,0
2025-03-25 02:00:00+07:00,78.0,1.8,88.0,/dl/web/weather/ic-w-11-night-few-clouds-full.svg,Đà Nẵng,0.8950963491715096,0,-1.2143113588556296,0
2025-03-25 03:00:00+07:00,90.0,3.7,94.0,/dl/web/weather/ic-w-04-scattered-clouds-full.svg,Đà Nẵng,1.3052662295768112,0,-0.8505661263381158,0
2025-03-25 04:00:00+07:00,95.0,3.7,94.0,/dl/web/weather/ic-w-04-scattered-clouds-full.svg,Đà Nẵng,1.4761703464123537,0,-0.8505661263381158,0
2025-03-25 05:00:00+07:00,87.0,7.4,94.0,/dl/web/weather/ic-w-04-scattered-clouds-full.svg,Đà Nẵng,1.2027237594754858,0,-0.14222014722506282,0
2025-03-25 06:00:00+07:00,104.0,1.8,94.0,/dl/web/weather/ic-w-04-scattered-clouds-full.svg,Đà Nẵng,1.78379775671633,0,-1.2143113588556296,0
2025-03-25 07:00:00+07:00,106.0,1.8,94.0,/dl/web/weather/ic-w-04-scattered-clouds-full.svg,Đà Nẵng,1.8521594034505469,0,-1.2143113588556296,0
2025-03-25 08:00:00+07:00,109.0,7.4,88.0,/dl/web/weather/ic-w-02-new-clouds-full.svg,Đà Nẵng,1.9547018735518722,0,-0.14222014722506282,0
2025-03-25 09:00:00+07:00,93.0,7.4,88.0,/dl/web/weather/ic-w-02-new-clouds-full.svg,Đà Nẵng,1.4078086996781367,0,-0.14222014722506282,0
2025-03-25 10:00:00+07:00,118.0,7.4,88.0,/dl/web/weather/ic-w-02-new-clouds-full.svg,Đà Nẵng,2.262329283855848,0,-0.14222014722506282,0
2025-03-25 11:00:00+07:00,92.0,9.2,69.0,/dl/web/weather/ic-w-01-clear-sky-full.svg,Đà Nẵng,1.3736278763110281,0,0.20238059937047623,0
2025-03-25 12:00:00+07:00,94.0,7.4,65.0,/dl/web/weather/ic-w-01-clear-sky-full.svg,Đà Nẵng,1.441989523045245,0,-0.14222014722506282,0
2025-03-25 13:00:00+07:00,88.0,16.7,73.0,/dl/web/weather/ic-w-01-clear-sky-full.svg,Đà Nẵng,1.2369045828425942,0,1.6382170435185563,0
2025-03-25 14:00:00+07:00,73.0,20.4,65.0,/dl/web/weather/ic-w-01-clear-sky-full.svg,Đà Nẵng,0.7241922323359672,0,2.346563022631609,0
2025-03-25 15:00:00+07:00,66.0,20.4,65.0,/dl/web/weather/ic-w-01-clear-sky-full.svg,Đà Nẵng,0.48492646876620793,0,2.346563022631609,0
2025-03-25 16:00:00+07:00,65.0,16.7,65.0,/dl/web/weather/ic-w-01-clear-sky-full.svg,Đà Nẵng,0.45074564539909945,0,1.6382170435185563,0
2025-03-25 17:00:00+07:00,61.0,13.0,61.0,/dl/web/weather/ic-w-01-clear-sky-full.svg,Đà Nẵng,0.3140223519306656,0,0.9298710644055037,0
2025-03-25 18:00:00+07:00,56.0,14.8,65.0,/dl/web/weather/ic-w-01-clear-sky-full.svg,Đà Nẵng,0.14311823509512323,0,1.2744718110010431,0
2025-03-25 19:00:00+07:00,56.0,9.2,73.0,/dl/web/weather/ic-w-10-night-clear-sky-full.svg,Đà Nẵng,0.14311823509512323,0,0.20238059937047623,0
2025-03-25 20:00:00+07:00,66.0,5.5,83.0,/dl/web/weather/ic-w-10-night-clear-sky-full.svg,Đà Nẵng,0.48492646876620793,0,-0.5059653797425765,0
2025-03-25 21:00:00+07:00,57.0,5.5,83.0,/dl/web/weather/ic-w-10-night-clear-sky-full.svg,Đà Nẵng,0.1772990584622317,0,-0.5059653797425765,0
2025-03-25 22:00:00+07:00,57.0,3.7,88.0,/dl/web/weather/ic-w-11-night-few-clouds-full.svg,Đà Nẵng,0.1772990584622317,0,-0.8505661263381158,0
2025-03-25 23:00:00+07:00,57.0,1.8,88.0,/dl/web/weather/ic-w-04-scattered-clouds-full.svg,Đà Nẵng,0.1772990584622317,0,-1.2143113588556296,0
2025-03-26 00:00:00+07:00,60.0,9.2,88.0,/dl/web/weather/ic-w-04-scattered-clouds-full.svg,Đà Nẵng,0.2798415285635571,0,0.20238059937047623,0
2025-03-26 01:00:00+07:00,68.0,9.2,88.0,/dl/web/weather/ic-w-04-scattered-clouds-full.svg,Đà Nẵng,0.5532881155004249,0,0.20238059937047623,0
2025-03-26 02:00:00+07:00,77.0,5.5,88.0,/dl/web/weather/ic-w-04-scattered-clouds-full.svg,Đà Nẵng,0.8609155258044011,0,-0.5059653797425765,0
2025-03-26 03:00:00+07:00,83.0,3.7,88.0,/dl/web/weather/ic-w-04-scattered-clouds-full.svg,Đà Nẵng,1.066000466007052,0,-0.8505661263381158,0
2025-03-26 04:00:00+07:00,96.0,5.5,88.0,/dl/web/weather/ic-w-11-night-few-clouds-full.svg,Đà Nẵng,1.510351169779462,0,-0.5059653797425765,0
2025-03-26 05:00:00+07:00,106.0,3.7,88.0,/dl/web/weather/ic-w-11-night-few-clouds-full.svg,Đà Nẵng,1.8521594034505469,0,-0.8505661263381158,0
2025-03-26 06:00:00+07:00,99.0,3.7,94.0,/dl/web/weather/ic-w-04-scattered-clouds-full.svg,Đà Nẵng,1.6128936398807874,0,-0.8505661263381158,0
2025-03-26 07:00:00+07:00,113.0,1.8,94.0,/dl/web/weather/ic-w-02-new-clouds-full.svg,Đà Nẵng,2.091425167020306,0,-1.2143113588556296,0
2025-03-26 08:00:00+07:00,129.0,1.8,78.0,/dl/web/weather/ic-w-01-clear-sky-full.svg,Đà Nẵng,2.6383183408940414,0,-1.2143113588556296,0
2025-03-26 09:00:00+07:00,95.0,5.5,78.0,/dl/web/weather/ic-w-01-clear-sky-full.svg,Đà Nẵng,1.4761703464123537,0,-0.5059653797425765,0
2025-03-26 10:00:00+07:00,106.0,5.5,65.0,/dl/web/weather/ic-w-01-clear-sky-full.svg,Đà Nẵng,1.8521594034505469,0,-0.5059653797425765,0
2025-03-26 11:00:00+07:00,104.0,5.5,65.0,/dl/web/weather/ic-w-01-clear-sky-full.svg,Đà Nẵng,1.78379775671633,0,-0.5059653797425765,0
2025-03-26 12:00:00+07:00,102.0,9.2,65.0,/dl/web/weather/ic-w-01-clear-sky-full.svg,Đà Nẵng,1.715436109982113,0,0.20238059937047623,0
2025-03-26 13:00:00+07:00,91.0,13.0,65.0,/dl/web/weather/ic-w-01-clear-sky-full.svg,Đà Nẵng,1.3394470529439197,0,0.9298710644055037,0
2025-03-26 14:00:00+07:00,94.0,13.0,69.0,/dl/web/weather/ic-w-01-clear-sky-full.svg,Đà Nẵng,1.441989523045245,0,0.9298710644055037,0
2025-03-26 15:00:00+07:00,80.0,13.0,67.0,/dl/web/weather/ic-w-01-clear-sky-full.svg,Đà Nẵng,0.9634579959057266,0,0.9298710644055037,0
2025-03-26 16:00:00+07:00,71.0,16.7,67.0,/dl/web/weather/ic-w-01-clear-sky-full.svg,Đà Nẵng,0.6558305856017503,0,1.6382170435185563,0
2025-03-26 17:00:00+07:00,69.0,14.8,74.0,/dl/web/weather/ic-w-01-clear-sky-full.svg,Đà Nẵng,0.5874689388675334,0,1.2744718110010431,0
2025-03-26 18:00:00+07:00,65.0,11.1,78.0,/dl/web/weather/ic-w-01-clear-sky-full.svg,Đà Nẵng,0.45074564539909945,0,0.5661258318879899,0
2025-03-26 19:00:00+07:00,71.0,13.0,84.0,/dl/web/weather/ic-w-10-night-clear-sky-full.svg,Đà Nẵng,0.6558305856017503,0,0.9298710644055037,0
2025-03-26 20:00:00+07:00,80.0,7.4,88.0,/dl/web/weather/ic-w-04-scattered-clouds-full.svg,Đà Nẵng,0.9634579959057266,0,-0.14222014722506282,0
2025-03-26 21:00:00+07:00,69.0,7.4,88.0,/dl/web/weather/ic-w-04-scattered-clouds-full.svg,Đà Nẵng,0.5874689388675334,0,-0.14222014722506282,0
2025-03-26 22:00:00+07:00,71.0,5.5,88.0,/dl/web/weather/ic-w-11-night-few-clouds-full.svg,Đà Nẵng,0.6558305856017503,0,-0.5059653797425765,0
2025-03-26 23:00:00+07:00,70.0,3.7,93.0,/dl/web/weather/ic-w-04-scattered-clouds-full.svg,Đà Nẵng,0.6216497622346419,0,-0.8505661263381158,0
2025-03-27 00:00:00+07:00,80.0,3.7,88.0,/dl/web/weather/ic-w-04-scattered-clouds-full.svg,Đà Nẵng,0.9634579959057266,0,-0.8505661263381158,0
2025-03-27 01:00:00+07:00,98.0,3.7,87.0,/dl/web/weather/ic-w-04-scattered-clouds-full.svg,Đà Nẵng,1.578712816513679,0,-0.8505661263381158,0
2025-03-27 02:00:00+07:00,115.0,3.7,88.0,/dl/web/weather/ic-w-11-night-few-clouds-full.svg,Đà Nẵng,2.159786813754523,0,-0.8505661263381158,0
2025-03-27 03:00:00+07:00,124.0,7.4,92.0,/dl/web/weather/ic-w-11-night-few-clouds-full.svg,Đà Nẵng,2.467414224058499,0,-0.14222014722506282,0
2025-03-27 04:00:00+07:00,140.0,7.4,92.0,/dl/web/weather/ic-w-09-mist-full.svg,Đà Nẵng,3.0143073979322343,-1,-0.14222014722506282,0
2025-03-27 05:00:00+07:00,126.0,7.4,92.0,/dl/web/weather/ic-w-09-mist-full.svg,Đà Nẵng,2.535775870792716,0,-0.14222014722506282,0
2025-03-27 06:00:00+07:00,142.0,1.8,93.0,/dl/web/weather/ic-w-09-mist-full.svg,Đà Nẵng,3.0826690446664515,-1,-1.2143113588556296,0
2025-03-27 07:00:00+07:00,160.0,1.8,93.0,/dl/web/weather/ic-w-09-mist-full.svg,Đà Nẵng,3.697923865274404,-1,-1.2143113588556296,0
2025-03-27 08:00:00+07:00,165.0,1.8,88.0,/dl/web/weather/ic-w-09-mist-full.svg,Đà Nẵng,3.8688279821099463,-1,-1.2143113588556296,0
2025-03-27 09:00:00+07:00,160.0,9.2,76.0,/dl/web/weather/ic-w-04-scattered-clouds-full.svg,Đà Nẵng,3.697923865274404,-1,0.20238059937047623,0
2025-03-27 10:00:00+07:00,173.0,7.4,72.0,/dl/web/weather/ic-w-04-scattered-clouds-full.svg,Đà Nẵng,4.142274569046814,-1,-0.14222014722506282,0
2025-03-27 11:00:00+07:00,160.0,7.4,72.0,/dl/web/weather/ic-w-04-scattered-clouds-full.svg,Đà Nẵng,3.697923865274404,-1,-0.14222014722506282,0
2025-03-27 12:00:00+07:00,164.0,9.2,69.0,/dl/web/weather/ic-w-04-scattered-clouds-full.svg,Đà Nẵng,3.834647158742838,-1,0.20238059937047623,0
2025-03-27 13:00:00+07:00,159.0,11.1,69.0,/dl/web/weather/ic-w-04-scattered-clouds-full.svg,Đà Nẵng,3.6637430419072956,-1,0.5661258318879899,0
2025-03-27 14:00:00+07:00,139.0,13.0,66.0,/dl/web/weather/ic-w-01-clear-sky-full.svg,Đà Nẵng,2.980126574565126,0,0.9298710644055037,0
2025-03-27 15:00:00+07:00,117.0,14.8,66.0,/dl/web/weather/ic-w-01-clear-sky-full.svg,Đà Nẵng,2.2281484604887396,0,1.2744718110010431,0
2025-03-27 16:00:00+07:00,112.0,9.2,70.0,/dl/web/weather/ic-w-01-clear-sky-full.svg,Đà Nẵng,2.0572443436531977,0,0.20238059937047623,0
2025-03-27 17:00:00+07:00,106.0,9.2,70.0,/dl/web/weather/ic-w-01-clear-sky-full.svg,Đà Nẵng,1.8521594034505469,0,0.20238059937047623,0
2025-03-27 18:00:00+07:00,109.0,7.4,70.0,/dl/web/weather/ic-w-01-clear-sky-full.svg,Đà Nẵng,1.9547018735518722,0,-0.14222014722506282,0
2025-03-27 19:00:00+07:00,99.0,7.4,79.0,/dl/web/weather/ic-w-10-night-clear-sky-full.svg,Đà Nẵng,1.6128936398807874,0,-0.14222014722506282,0
2025-03-27 20:00:00+07:00,106.0,5.5,83.0,/dl/web/weather/ic-w-11-night-few-clouds-full.svg,Đà Nẵng,1.8521594034505469,0,-0.5059653797425765,0
2025-03-27 21:00:00+07:00,86.0,3.7,83.0,/dl/web/weather/ic-w-11-night-few-clouds-full.svg,Đà Nẵng,1.1685429361083775,0,-0.8505661263381158,0
2025-03-27 22:00:00+07:00,86.0,5.5,83.0,/dl/web/weather/ic-w-11-night-few-clouds-full.svg,Đà Nẵng,1.1685429361083775,0,-0.5059653797425765,0
2025-03-27 23:00:00+07:00,76.0,1.8,83.0,/dl/web/weather/ic-w-11-night-few-clouds-full.svg,Đà Nẵng,0.8267347024372926,0,-1.2143113588556296,0
2025-03-28 00:00:00+07:00,76.0,1.8,83.0,/dl/web/weather/ic-w-11-night-few-clouds-full.svg,Đà Nẵng,0.8267347024372926,0,-1.2143113588556296,0
2025-03-28 01:00:00+07:00,79.0,3.7,83.0,/dl/web/weather/ic-w-11-night-few-clouds-full.svg,Đà Nẵng,0.9292771725386181,0,-0.8505661263381158,0
2025-03-28 02:00:00+07:00,86.0,1.8,82.0,/dl/web/weather/ic-w-11-night-few-clouds-full.svg,Đà Nẵng,1.1685429361083775,0,-1.2143113588556296,0
2025-03-28 03:00:00+07:00,116.0,3.7,83.0,/dl/web/weather/ic-w-11-night-few-clouds-full.svg,Đà Nẵng,2.1939676371216312,0,-0.8505661263381158,0
2025-03-28 04:00:00+07:00,126.0,5.5,87.0,/dl/web/weather/ic-w-11-night-few-clouds-full.svg,Đà Nẵng,2.535775870792716,0,-0.5059653797425765,0
2025-03-28 05:00:00+07:00,153.0,7.4,87.0,/dl/web/weather/ic-w-11-night-few-clouds-full.svg,Đà Nẵng,3.4586581017046445,-1,-0.14222014722506282,0
2025-03-28 06:00:00+07:00,153.0,0.0,87.0,/dl/web/weather/ic-w-11-night-few-clouds-full.svg,Đà Nẵng,3.4586581017046445,-1,-1.5589121054511688,0
2025-03-28 07:00:00+07:00,147.0,3.7,89.0,/dl/web/weather/ic-w-04-scattered-clouds-full.svg,Đà Nẵng,3.253573161501994,-1,-0.8505661263381158,0
2025-03-28 08:00:00+07:00,97.0,1.8,86.0,/dl/web/weather/ic-w-04-scattered-clouds-full.svg,Đà Nẵng,1.5445319931465706,0,-1.2143113588556296,0
2025-03-28 10:00:00+07:00,95.0,3.7,73.0,/dl/web/weather/ic-w-04-scattered-clouds-full.svg,Đà Nẵng,1.4761703464123537,0,-0.8505661263381158,0
2025-03-28 11:00:00+07:00,62.0,7.4,63.0,/dl/web/weather/ic-w-01-clear-sky-full.svg,Đà Nẵng,0.34820317529777406,0,-0.14222014722506282,0
2025-03-28 12:00:00+07:00,157.0,9.2,63.0,/dl/web/weather/ic-w-01-clear-sky-full.svg,Đà Nẵng,3.5953813951730784,-1,0.20238059937047623,0
2025-03-28 13:00:00+07:00,155.0,13.0,73.0,/dl/web/weather/ic-w-01-clear-sky-full.svg,Đà Nẵng,3.5270197484388617,-1,0.9298710644055037,0
2025-03-28 14:00:00+07:00,122.0,16.7,73.0,/dl/web/weather/ic-w-01-clear-sky-full.svg,Đà Nẵng,2.399052577324282,0,1.6382170435185563,0
2025-03-28 15:00:00+07:00,105.0,18.5,77.0,/dl/web/weather/ic-w-02-new-clouds-full.svg,Đà Nẵng,1.8179785800834383,0,1.9828177901140958,0
2025-03-28 16:00:00+07:00,80.0,11.1,75.0,/dl/web/weather/ic-w-02-new-clouds-full.svg,Đà Nẵng,0.9634579959057266,0,0.5661258318879899,0
2025-03-28 17:00:00+07:00,70.0,13.0,83.0,/dl/web/weather/ic-w-02-new-clouds-full.svg,Đà Nẵng,0.6216497622346419,0,0.9298710644055037,0
2025-03-28 18:00:00+07:00,66.0,11.1,83.0,/dl/web/weather/ic-w-02-new-clouds-full.svg,Đà Nẵng,0.48492646876620793,0,0.5661258318879899,0
2025-03-28 19:00:00+07:00,64.0,11.1,88.0,/dl/web/weather/ic-w-11-night-few-clouds-full.svg,Đà Nẵng,0.416564822031991,0,0.5661258318879899,0
2025-03-28 20:00:00+07:00,66.0,3.7,88.0,/dl/web/weather/ic-w-04-scattered-clouds-full.svg,Đà Nẵng,0.48492646876620793,0,-0.8505661263381158,0
2025-03-28 21:00:00+07:00,67.0,7.4,88.0,/dl/web/weather/ic-w-04-scattered-clouds-full.svg,Đà Nẵng,0.5191072921333164,0,-0.14222014722506282,0
2025-03-28 22:00:00+07:00,75.0,5.5,94.0,/dl/web/weather/ic-w-04-scattered-clouds-full.svg,Đà Nẵng,0.7925538790701842,0,-0.5059653797425765,0
2025-03-28 23:00:00+07:00,76.0,3.7,94.0,/dl/web/weather/ic-w-04-scattered-clouds-full.svg,Đà Nẵng,0.8267347024372926,0,-0.8505661263381158,0
2025-03-29 00:00:00+07:00,65.0,7.4,94.0,/dl/web/weather/ic-w-04-scattered-clouds-full.svg,Đà Nẵng,0.45074564539909945,0,-0.14222014722506282,0
2025-03-29 01:00:00+07:00,63.0,5.5,94.0,/dl/web/weather/ic-w-04-scattered-clouds-full.svg,Đà Nẵng,0.38238399866488254,0,-0.5059653797425765,0
2025-03-29 02:00:00+07:00,66.0,5.5,100.0,/dl/web/weather/ic-w-04-scattered-clouds-full.svg,Đà Nẵng,0.48492646876620793,0,-0.5059653797425765,0
2025-03-29 03:00:00+07:00,70.0,5.5,94.0,/dl/web/weather/ic-w-09-mist-full.svg,Đà Nẵng,0.6216497622346419,0,-0.5059653797425765,0
2025-03-29 04:00:00+07:00,70.0,3.7,94.0,/dl/web/weather/ic-w-04-scattered-clouds-full.svg,Đà Nẵng,0.6216497622346419,0,-0.8505661263381158,0
2025-03-29 05:00:00+07:00,71.0,5.5,94.0,/dl/web/weather/ic-w-04-scattered-clouds-full.svg,Đà Nẵng,0.6558305856017503,0,-0.5059653797425765,0
2025-03-29 07:00:00+07:00,71.0,5.5,94.0,/dl/web/weather/ic-w-09-mist-full.svg,Đà Nẵng,0.6558305856017503,0,-0.5059653797425765,0
2025-03-29 08:00:00+07:00,75.0,3.7,88.0,/dl/web/weather/ic-w-04-scattered-clouds-full.svg,Đà Nẵng,0.7925538790701842,0,-0.8505661263381158,0
2025-03-29 09:00:00+07:00,64.0,7.4,78.0,/dl/web/weather/ic-w-04-scattered-clouds-full.svg,Đà Nẵng,0.416564822031991,0,-0.14222014722506282,0
2025-03-29 10:00:00+07:00,71.0,7.4,78.0,/dl/web/weather/ic-w-04-scattered-clouds-full.svg,Đà Nẵng,0.6558305856017503,0,-0.14222014722506282,0
2025-03-29 11:00:00+07:00,59.0,7.4,78.0,/dl/web/weather/ic-w-04-scattered-clouds-full.svg,Đà Nẵng,0.24566070519644864,0,-0.14222014722506282,0
2025-03-29 12:00:00+07:00,54.0,18.5,79.0,/dl/web/weather/ic-w-02-new-clouds-full.svg,Đà Nẵng,0.07475658836090629,0,1.9828177901140958,0
2025-03-29 13:00:00+07:00,17.0,20.4,74.0,/dl/web/weather/ic-w-02-new-clouds-full.svg,Đà Nẵng,-1.1899338762221072,0,2.346563022631609,0
2025-03-29 14:00:00+07:00,11.0,22.2,79.0,/dl/web/weather/ic-w-02-new-clouds-full.svg,Đà Nẵng,-1.395018816424758,0,2.6911637692271486,0
2025-03-29 15:00:00+07:00,22.0,13.0,89.0,/dl/web/weather/ic-w-04-scattered-clouds-full.svg,Đà Nẵng,-1.0190297593865647,0,0.9298710644055037,0
2025-03-29 16:00:00+07:00,49.0,13.0,83.0,/dl/web/weather/ic-w-04-scattered-clouds-full.svg,Đà Nẵng,-0.09614752847463608,0,0.9298710644055037,0
2025-03-29 17:00:00+07:00,61.0,13.0,83.0,/dl/web/weather/ic-w-04-scattered-clouds-full.svg,Đà Nẵng,0.3140223519306656,0,0.9298710644055037,0
2025-03-29 18:00:00+07:00,73.0,11.1,89.0,/dl/web/weather/ic-w-04-scattered-clouds-full.svg,Đà Nẵng,0.7241922323359672,0,0.5661258318879899,0
2025-03-29 19:00:00+07:00,77.0,9.2,89.0,/dl/web/weather/ic-w-04-scattered-clouds-full.svg,Đà Nẵng,0.8609155258044011,0,0.20238059937047623,0
2025-03-29 20:00:00+07:00,67.0,14.8,89.0,/dl/web/weather/ic-w-04-scattered-clouds-full.svg,Đà Nẵng,0.5191072921333164,0,1.2744718110010431,0
2025-03-29 21:00:00+07:00,68.0,11.1,89.0,/dl/web/weather/ic-w-04-scattered-clouds-full.svg,Đà Nẵng,0.5532881155004249,0,0.5661258318879899,0
2025-03-29 22:00:00+07:00,67.0,7.4,89.0,/dl/web/weather/ic-w-04-scattered-clouds-full.svg,Đà Nẵng,0.5191072921333164,0,-0.14222014722506282,0
2025-03-29 23:00:00+07:00,67.0,9.2,89.0,/dl/web/weather/ic-w-04-scattered-clouds-full.svg,Đà Nẵng,0.5191072921333164,0,0.20238059937047623,0
2025-03-30 00:00:00+07:00,72.0,9.2,89.0,/dl/web/weather/ic-w-04-scattered-clouds-full.svg,Đà Nẵng,0.6900114089688588,0,0.20238059937047623,0
2025-03-30 01:00:00+07:00,115.0,9.2,89.0,/dl/web/weather/ic-w-04-scattered-clouds-full.svg,Đà Nẵng,2.159786813754523,0,0.20238059937047623,0
2025-03-30 02:00:00+07:00,67.0,7.4,89.0,/dl/web/weather/ic-w-04-scattered-clouds-full.svg,Đà Nẵng,0.5191072921333164,0,-0.14222014722506282,0
2025-03-30 03:00:00+07:00,65.0,14.8,94.0,/dl/web/weather/ic-w-04-scattered-clouds-full.svg,Đà Nẵng,0.45074564539909945,0,1.2744718110010431,0
2025-03-30 04:00:00+07:00,62.0,13.0,88.0,/dl/web/weather/ic-w-04-scattered-clouds-full.svg,Đà Nẵng,0.34820317529777406,0,0.9298710644055037,0
2025-03-30 05:00:00+07:00,44.0,16.7,88.0,/dl/web/weather/ic-w-04-scattered-clouds-full.svg,Đà Nẵng,-0.26705164531017844,0,1.6382170435185563,0
2025-03-30 06:00:00+07:00,28.0,13.0,88.0,/dl/web/weather/ic-w-04-scattered-clouds-full.svg,Đà Nẵng,-0.8139448191839139,0,0.9298710644055037,0
2025-03-30 07:00:00+07:00,22.0,13.0,73.0,/dl/web/weather/ic-w-04-scattered-clouds-full.svg,Đà Nẵng,-1.0190297593865647,0,0.9298710644055037,0
2025-03-30 08:00:00+07:00,38.0,14.8,69.0,/dl/web/weather/ic-w-04-scattered-clouds-full.svg,Đà Nẵng,-0.4721365855128293,0,1.2744718110010431,0
2025-03-30 09:00:00+07:00,17.0,20.4,65.0,/dl/web/weather/ic-w-04-scattered-clouds-full.svg,Đà Nẵng,-1.1899338762221072,0,2.346563022631609,0
2025-03-30 10:00:00+07:00,17.0,18.5,65.0,/dl/web/weather/ic-w-04-scattered-clouds-full.svg,Đà Nẵng,-1.1899338762221072,0,1.9828177901140958,0
2025-03-30 11:00:00+07:00,22.0,14.8,65.0,/dl/web/weather/ic-w-04-scattered-clouds-full.svg,Đà Nẵng,-1.0190297593865647,0,1.2744718110010431,0
2025-03-30 12:00:00+07:00,14.0,16.7,57.0,/dl/web/weather/ic-w-04-scattered-clouds-full.svg,Đà Nẵng,-1.2924763463234326,0,1.6382170435185563,0
2025-03-30 13:00:00+07:00,14.0,14.8,57.0,/dl/web/weather/ic-w-04-scattered-clouds-full.svg,Đà Nẵng,-1.2924763463234326,0,1.2744718110010431,0
2025-03-30 14:00:00+07:00,17.0,22.2,65.0,/dl/web/weather/ic-w-04-scattered-clouds-full.svg,Đà Nẵng,-1.1899338762221072,0,2.6911637692271486,0
2025-03-30 15:00:00+07:00,19.0,20.4,69.0,/dl/web/weather/ic-w-06-rain-full.svg,Đà Nẵng,-1.1215722294878903,0,2.346563022631609,0
2025-03-30 16:00:00+07:00,22.0,22.2,73.0,/dl/web/weather/ic-w-04-scattered-clouds-full.svg,Đà Nẵng,-1.0190297593865647,0,2.6911637692271486,0
2025-03-30 17:00:00+07:00,28.0,20.4,73.0,/dl/web/weather/ic-w-04-scattered-clouds-full.svg,Đà Nẵng,-0.8139448191839139,0,2.346563022631609,0
2025-03-30 19:00:00+07:00,22.0,16.7,78.0,/dl/web/weather/ic-w-04-scattered-clouds-full.svg,Đà Nẵng,-1.0190297593865647,0,1.6382170435185563,0
2025-03-30 20:00:00+07:00,39.0,16.7,78.0,/dl/web/weather/ic-w-04-scattered-clouds-full.svg,Đà Nẵng,-0.4379557621457208,0,1.6382170435185563,0
2025-03-30 21:00:00+07:00,33.0,13.0,68.0,/dl/web/weather/ic-w-04-scattered-clouds-full.svg,Đà Nẵng,-0.6430407023483716,0,0.9298710644055037,0
2025-03-30 22:00:00+07:00,36.0,13.0,68.0,/dl/web/weather/ic-w-04-scattered-clouds-full.svg,Đà Nẵng,-0.5404982322470462,0,0.9298710644055037,0
2025-03-30 23:00:00+07:00,14.0,9.2,73.0,/dl/web/weather/ic-w-04-scattered-clouds-full.svg,Đà Nẵng,-1.2924763463234326,0,0.20238059937047623,0
2025-03-31 00:00:00+07:00,33.0,11.1,73.0,/dl/web/weather/ic-w-04-scattered-clouds-full.svg,Đà Nẵng,-0.6430407023483716,0,0.5661258318879899,0
2025-03-31 02:00:00+07:00,8.0,9.2,73.0,/dl/web/weather/ic-w-04-scattered-clouds-full.svg,Đà Nẵng,-1.4975612865260834,0,0.20238059937047623,0
2025-03-31 03:00:00+07:00,8.0,9.2,73.0,/dl/web/weather/ic-w-04-scattered-clouds-full.svg,Đà Nẵng,-1.4975612865260834,0,0.20238059937047623,0
2025-03-31 04:00:00+07:00,25.0,9.2,73.0,/dl/web/weather/ic-w-04-scattered-clouds-full.svg,Đà Nẵng,-0.9164872892852394,0,0.20238059937047623,0
2025-03-31 05:00:00+07:00,22.0,5.5,73.0,/dl/web/weather/ic-w-04-scattered-clouds-full.svg,Đà Nẵng,-1.0190297593865647,0,-0.5059653797425765,0
2025-03-31 06:00:00+07:00,36.0,9.2,73.0,/dl/web/weather/ic-w-04-scattered-clouds-full.svg,Đà Nẵng,-0.5404982322470462,0,0.20238059937047623,0
2025-03-31 08:00:00+07:00,30.0,9.2,73.0,/dl/web/weather/ic-w-04-scattered-clouds-full.svg,Đà Nẵng,-0.7455831724496971,0,0.20238059937047623,0
2025-03-31 09:00:00+07:00,17.0,11.1,64.0,/dl/web/weather/ic-w-04-scattered-clouds-full.svg,Đà Nẵng,-1.1899338762221072,0,0.5661258318879899,0
2025-03-31 11:00:00+07:00,38.0,11.1,61.0,/dl/web/weather/ic-w-04-scattered-clouds-full.svg,Đà Nẵng,-0.4721365855128293,0,0.5661258318879899,0
2025-03-31 12:00:00+07:00,42.0,14.8,65.0,/dl/web/weather/ic-w-04-scattered-clouds-full.svg,Đà Nẵng,-0.33541329204439535,0,1.2744718110010431,0
2025-03-31 13:00:00+07:00,47.0,14.8,61.0,/dl/web/weather/ic-w-04-scattered-clouds-full.svg,Đà Nẵng,-0.164509175208853,0,1.2744718110010431,0
2025-03-31 14:00:00+07:00,33.0,20.4,69.0,/dl/web/weather/ic-w-04-scattered-clouds-full.svg,Đà Nẵng,-0.6430407023483716,0,2.346563022631609,0
2025-03-31 15:00:00+07:00,39.0,24.1,73.0,/dl/web/weather/ic-w-04-scattered-clouds-full.svg,Đà Nẵng,-0.4379557621457208,0,3.0549090017446625,-1
2025-03-31 16:00:00+07:00,33.0,24.1,73.0,/dl/web/weather/ic-w-04-scattered-clouds-full.svg,Đà Nẵng,-0.6430407023483716,0,3.0549090017446625,-1
2025-03-31 17:00:00+07:00,33.0,25.9,78.0,/dl/web/weather/ic-w-04-scattered-clouds-full.svg,Đà Nẵng,-0.6430407023483716,0,3.3995097483402015,-1
2025-03-31 18:00:00+07:00,33.0,25.9,83.0,/dl/web/weather/ic-w-04-scattered-clouds-full.svg,Đà Nẵng,-0.6430407023483716,0,3.3995097483402015,-1
2025-03-31 19:00:00+07:00,33.0,25.9,83.0,/dl/web/weather/ic-w-04-scattered-clouds-full.svg,Đà Nẵng,-0.6430407023483716,0,3.3995097483402015,-1
2025-03-31 20:00:00+07:00,36.0,22.2,83.0,/dl/web/weather/ic-w-04-scattered-clouds-full.svg,Đà Nẵng,-0.5404982322470462,0,2.6911637692271486,0
2025-03-31 21:00:00+07:00,42.0,22.2,83.0,/dl/web/weather/ic-w-04-scattered-clouds-full.svg,Đà Nẵng,-0.33541329204439535,0,2.6911637692271486,0
2025-03-31 22:00:00+07:00,39.0,20.4,83.0,/dl/web/weather/ic-w-04-scattered-clouds-full.svg,Đà Nẵng,-0.4379557621457208,0,2.346563022631609,0
2025-03-31 23:00:00+07:00,33.0,24.1,83.0,/dl/web/weather/ic-w-04-scattered-clouds-full.svg,Đà Nẵng,-0.6430407023483716,0,3.0549090017446625,-1
2025-04-01 00:00:00+07:00,33.0,18.5,83.0,/dl/web/weather/ic-w-04-scattered-clouds-full.svg,Đà Nẵng,-0.6430407023483716,0,1.9828177901140958,0
2025-04-01 01:00:00+07:00,22.0,16.7,78.0,/dl/web/weather/ic-w-04-scattered-clouds-full.svg,Đà Nẵng,-1.0190297593865647,0,1.6382170435185563,0
2025-04-01 02:00:00+07:00,22.0,7.4,78.0,/dl/web/weather/ic-w-04-scattered-clouds-full.svg,Đà Nẵng,-1.0190297593865647,0,-0.14222014722506282,0
2025-04-01 03:00:00+07:00,24.0,11.1,73.0,/dl/web/weather/ic-w-04-scattered-clouds-full.svg,Đà Nẵng,-0.9506681126523479,0,0.5661258318879899,0
2025-04-01 04:00:00+07:00,33.0,11.1,73.0,/dl/web/weather/ic-w-04-scattered-clouds-full.svg,Đà Nẵng,-0.6430407023483716,0,0.5661258318879899,0
2025-04-01 05:00:00+07:00,22.0,11.1,73.0,/dl/web/weather/ic-w-04-scattered-clouds-full.svg,Đà Nẵng,-1.0190297593865647,0,0.5661258318879899,0
2025-04-01 06:00:00+07:00,19.0,9.2,73.0,/dl/web/weather/ic-w-04-scattered-clouds-full.svg,Đà Nẵng,-1.1215722294878903,0,0.20238059937047623,0
2025-04-01 07:00:00+07:00,14.0,3.7,68.0,/dl/web/weather/ic-w-04-scattered-clouds-full.svg,Đà Nẵng,-1.2924763463234326,0,-0.8505661263381158,0
2025-04-01 08:00:00+07:00,47.0,7.4,68.0,/dl/web/weather/ic-w-04-scattered-clouds-full.svg,Đà Nẵng,-0.164509175208853,0,-0.14222014722506282,0
2025-04-01 09:00:00+07:00,25.0,13.0,64.0,/dl/web/weather/ic-w-04-scattered-clouds-full.svg,Đà Nẵng,-0.9164872892852394,0,0.9298710644055037,0
2025-04-01 10:00:00+07:00,22.0,16.7,69.0,/dl/web/weather/ic-w-04-scattered-clouds-full.svg,Đà Nẵng,-1.0190297593865647,0,1.6382170435185563,0
2025-04-01 11:00:00+07:00,22.0,18.5,64.0,/dl/web/weather/ic-w-04-scattered-clouds-full.svg,Đà Nẵng,-1.0190297593865647,0,1.9828177901140958,0
2025-04-01 12:00:00+07:00,57.0,24.1,68.0,/dl/web/weather/ic-w-04-scattered-clouds-full.svg,Đà Nẵng,0.1772990584622317,0,3.0549090017446625,-1
2025-04-01 13:00:00+07:00,47.0,27.8,64.0,/dl/web/weather/ic-w-04-scattered-clouds-full.svg,Đà Nẵng,-0.164509175208853,0,3.7632549808577154,-1
2025-04-01 14:00:00+07:00,36.0,27.8,68.0,/dl/web/weather/ic-w-04-scattered-clouds-full.svg,Đà Nẵng,-0.5404982322470462,0,3.7632549808577154,-1
2025-04-01 15:00:00+07:00,33.0,27.8,68.0,/dl/web/weather/ic-w-04-scattered-clouds-full.svg,Đà Nẵng,-0.6430407023483716,0,3.7632549808577154,-1
2025-04-01 16:00:00+07:00,36.0,24.1,68.0,/dl/web/weather/ic-w-04-scattered-clouds-full.svg,Đà Nẵng,-0.5404982322470462,0,3.0549090017446625,-1
2025-04-01 17:00:00+07:00,36.0,27.8,73.0,/dl/web/weather/ic-w-02-new-clouds-full.svg,Đà Nẵng,-0.5404982322470462,0,3.7632549808577154,-1
2025-04-01 18:00:00+07:00,47.0,24.1,73.0,/dl/web/weather/ic-w-02-new-clouds-full.svg,Đà Nẵng,-0.164509175208853,0,3.0549090017446625,-1
2025-04-01 19:00:00+07:00,54.0,20.4,73.0,/dl/web/weather/ic-w-11-night-few-clouds-full.svg,Đà Nẵng,0.07475658836090629,0,2.346563022631609,0
2025-04-01 20:00:00+07:00,66.0,16.7,73.0,/dl/web/weather/ic-w-04-scattered-clouds-full.svg,Đà Nẵng,0.48492646876620793,0,1.6382170435185563,0
2025-04-01 21:00:00+07:00,60.0,16.7,73.0,/dl/web/weather/ic-w-04-scattered-clouds-full.svg,Đà Nẵng,0.2798415285635571,0,1.6382170435185563,0
2025-04-01 22:00:00+07:00,59.0,13.0,73.0,/dl/web/weather/ic-w-04-scattered-clouds-full.svg,Đà Nẵng,0.24566070519644864,0,0.9298710644055037,0
2025-04-01 23:00:00+07:00,65.0,14.8,73.0,/dl/web/weather/ic-w-04-scattered-clouds-full.svg,Đà Nẵng,0.45074564539909945,0,1.2744718110010431,0
2025-04-02 00:00:00+07:00,63.0,11.1,73.0,/dl/web/weather/ic-w-04-scattered-clouds-full.svg,Đà Nẵng,0.38238399866488254,0,0.5661258318879899,0
2025-04-02 01:00:00+07:00,62.0,7.4,73.0,/dl/web/weather/ic-w-04-scattered-clouds-full.svg,Đà Nẵng,0.34820317529777406,0,-0.14222014722506282,0
2025-04-02 02:00:00+07:00,60.0,9.2,73.0,/dl/web/weather/ic-w-04-scattered-clouds-full.svg,Đà Nẵng,0.2798415285635571,0,0.20238059937047623,0
2025-04-02 03:00:00+07:00,66.0,7.4,73.0,/dl/web/weather/ic-w-04-scattered-clouds-full.svg,Đà Nẵng,0.48492646876620793,0,-0.14222014722506282,0
2025-04-02 04:00:00+07:00,66.0,3.7,73.0,/dl/web/weather/ic-w-04-scattered-clouds-full.svg,Đà Nẵng,0.48492646876620793,0,-0.8505661263381158,0
2025-04-02 05:00:00+07:00,65.0,5.5,73.0,/dl/web/weather/ic-w-04-scattered-clouds-full.svg,Đà Nẵng,0.45074564539909945,0,-0.5059653797425765,0
2025-04-02 06:00:00+07:00,63.0,5.5,73.0,/dl/web/weather/ic-w-04-scattered-clouds-full.svg,Đà Nẵng,0.38238399866488254,0,-0.5059653797425765,0
2025-04-02 07:00:00+07:00,66.0,5.5,73.0,/dl/web/weather/ic-w-04-scattered-clouds-full.svg,Đà Nẵng,0.48492646876620793,0,-0.5059653797425765,0
2025-04-02 08:00:00+07:00,66.0,11.1,68.0,/dl/web/weather/ic-w-04-scattered-clouds-full.svg,Đà Nẵng,0.48492646876620793,0,0.5661258318879899,0
2025-04-02 09:00:00+07:00,64.0,7.4,68.0,/dl/web/weather/ic-w-04-scattered-clouds-full.svg,Đà Nẵng,0.416564822031991,0,-0.14222014722506282,0
2025-04-02 10:00:00+07:00,69.0,3.7,68.0,/dl/web/weather/ic-w-04-scattered-clouds-full.svg,Đà Nẵng,0.5874689388675334,0,-0.8505661263381158,0
2025-04-02 11:00:00+07:00,66.0,3.7,68.0,/dl/web/weather/ic-w-04-scattered-clouds-full.svg,Đà Nẵng,0.48492646876620793,0,-0.8505661263381158,0
2025-04-02 12:00:00+07:00,63.0,9.2,73.0,/dl/web/weather/ic-w-04-scattered-clouds-full.svg,Đà Nẵng,0.38238399866488254,0,0.20238059937047623,0
2025-04-02 13:00:00+07:00,58.0,9.2,73.0,/dl/web/weather/ic-w-04-scattered-clouds-full.svg,Đà Nẵng,0.21147988182934016,0,0.20238059937047623,0
2025-04-02 14:00:00+07:00,49.0,9.2,68.0,/dl/web/weather/ic-w-04-scattered-clouds-full.svg,Đà Nẵng,-0.09614752847463608,0,0.20238059937047623,0
2025-04-02 15:00:00+07:00,49.0,11.1,73.0,/dl/web/weather/ic-w-04-scattered-clouds-full.svg,Đà Nẵng,-0.09614752847463608,0,0.5661258318879899,0
2025-04-02 16:00:00+07:00,49.0,9.2,73.0,/dl/web/weather/ic-w-04-scattered-clouds-full.svg,Đà Nẵng,-0.09614752847463608,0,0.20238059937047623,0
2025-04-02 17:00:00+07:00,49.0,11.1,73.0,/dl/web/weather/ic-w-04-scattered-clouds-full.svg,Đà Nẵng,-0.09614752847463608,0,0.5661258318879899,0
2025-04-02 18:00:00+07:00,53.0,14.8,73.0,/dl/web/weather/ic-w-04-scattered-clouds-full.svg,Đà Nẵng,0.040575764993797815,0,1.2744718110010431,0
2025-04-02 19:00:00+07:00,55.0,9.2,73.0,/dl/web/weather/ic-w-04-scattered-clouds-full.svg,Đà Nẵng,0.10893741172801476,0,0.20238059937047623,0
2025-04-02 20:00:00+07:00,71.0,9.2,78.0,/dl/web/weather/ic-w-04-scattered-clouds-full.svg,Đà Nẵng,0.6558305856017503,0,0.20238059937047623,0
2025-04-02 21:00:00+07:00,69.0,9.2,78.0,/dl/web/weather/ic-w-04-scattered-clouds-full.svg,Đà Nẵng,0.5874689388675334,0,0.20238059937047623,0
2025-04-02 22:00:00+07:00,61.0,7.4,78.0,/dl/web/weather/ic-w-04-scattered-clouds-full.svg,Đà Nẵng,0.3140223519306656,0,-0.14222014722506282,0
2025-04-02 23:00:00+07:00,58.0,3.7,83.0,/dl/web/weather/ic-w-12-night-rain-full.svg,Đà Nẵng,0.21147988182934016,0,-0.8505661263381158,0
2025-04-03 00:00:00+07:00,58.0,5.5,78.0,/dl/web/weather/ic-w-12-night-rain-full.svg,Đà Nẵng,0.21147988182934016,0,-0.5059653797425765,0
2025-04-03 01:00:00+07:00,52.0,5.5,78.0,/dl/web/weather/ic-w-04-scattered-clouds-full.svg,Đà Nẵng,0.006394941626689343,0,-0.5059653797425765,0
2025-04-03 02:00:00+07:00,58.0,7.4,78.0,/dl/web/weather/ic-w-04-scattered-clouds-full.svg,Đà Nẵng,0.21147988182934016,0,-0.14222014722506282,0
2025-04-03 03:00:00+07:00,54.0,3.7,78.0,/dl/web/weather/ic-w-04-scattered-clouds-full.svg,Đà Nẵng,0.07475658836090629,0,-0.8505661263381158,0
2025-04-03 04:00:00+07:00,55.0,1.8,78.0,/dl/web/weather/ic-w-04-scattered-clouds-full.svg,Đà Nẵng,0.10893741172801476,0,-1.2143113588556296,0
2025-04-03 05:00:00+07:00,59.0,3.7,78.0,/dl/web/weather/ic-w-04-scattered-clouds-full.svg,Đà Nẵng,0.24566070519644864,0,-0.8505661263381158,0
2025-04-03 06:00:00+07:00,57.0,3.7,83.0,/dl/web/weather/ic-w-04-scattered-clouds-full.svg,Đà Nẵng,0.1772990584622317,0,-0.8505661263381158,0
2025-04-03 07:00:00+07:00,63.0,3.1,84.0,/dl/web/weather/ic-w-04-scattered-clouds-full.svg,Đà Nẵng,0.38238399866488254,0,-0.9654330418699623,0
2025-04-03 08:00:00+07:00,76.0,6.1,89.0,/dl/web/weather/ic-w-04-scattered-clouds-full.svg,Đà Nẵng,0.8267347024372926,0,-0.3910984642107302,0
2025-04-03 09:00:00+07:00,71.0,6.0,89.0,/dl/web/weather/ic-w-04-scattered-clouds-full.svg,Đà Nẵng,0.6558305856017503,0,-0.4102429501327045,0
2025-04-03 10:00:00+07:00,67.0,7.4,69.0,/dl/web/weather/ic-w-04-scattered-clouds-full.svg,Đà Nẵng,0.5191072921333164,0,-0.14222014722506282,0
2025-04-03 11:00:00+07:00,66.0,7.4,69.0,/dl/web/weather/ic-w-04-scattered-clouds-full.svg,Đà Nẵng,0.48492646876620793,0,-0.14222014722506282,0
2025-04-03 12:00:00+07:00,66.0,11.1,73.0,/dl/web/weather/ic-w-04-scattered-clouds-full.svg,Đà Nẵng,0.48492646876620793,0,0.5661258318879899,0
2025-04-03 13:00:00+07:00,63.0,18.5,78.0,/dl/web/weather/ic-w-04-scattered-clouds-full.svg,Đà Nẵng,0.38238399866488254,0,1.9828177901140958,0
2025-04-03 14:00:00+07:00,59.0,9.2,83.0,/dl/web/weather/ic-w-04-scattered-clouds-full.svg,Đà Nẵng,0.24566070519644864,0,0.20238059937047623,0
2025-04-03 15:00:00+07:00,64.0,9.2,83.0,/dl/web/weather/ic-w-04-scattered-clouds-full.svg,Đà Nẵng,0.416564822031991,0,0.20238059937047623,0
2025-04-03 16:00:00+07:00,52.0,13.0,83.0,/dl/web/weather/ic-w-04-scattered-clouds-full.svg,Đà Nẵng,0.006394941626689343,0,0.9298710644055037,0
2025-04-03 17:00:00+07:00,44.0,9.2,78.0,/dl/web/weather/ic-w-04-scattered-clouds-full.svg,Đà Nẵng,-0.26705164531017844,0,0.20238059937047623,0
2025-04-03 18:00:00+07:00,53.0,7.4,78.0,/dl/web/weather/ic-w-04-scattered-clouds-full.svg,Đà Nẵng,0.040575764993797815,0,-0.14222014722506282,0
2025-04-03 19:00:00+07:00,59.0,7.4,83.0,/dl/web/weather/ic-w-04-scattered-clouds-full.svg,Đà Nẵng,0.24566070519644864,0,-0.14222014722506282,0
2025-04-03 20:00:00+07:00,88.0,1.8,88.0,/dl/web/weather/ic-w-04-scattered-clouds-full.svg,Đà Nẵng,1.2369045828425942,0,-1.2143113588556296,0
2025-04-03 21:00:00+07:00,72.0,1.8,88.0,/dl/web/weather/ic-w-04-scattered-clouds-full.svg,Đà Nẵng,0.6900114089688588,0,-1.2143113588556296,0
2025-04-03 22:00:00+07:00,89.0,1.8,88.0,/dl/web/weather/ic-w-04-scattered-clouds-full.svg,Đà Nẵng,1.2710854062097028,0,-1.2143113588556296,0
2025-04-03 23:00:00+07:00,74.0,1.8,88.0,/dl/web/weather/ic-w-04-scattered-clouds-full.svg,Đà Nẵng,0.7583730557030757,0,-1.2143113588556296,0
2025-04-04 00:00:00+07:00,89.0,0.0,83.0,/dl/web/weather/ic-w-04-scattered-clouds-full.svg,Đà Nẵng,1.2710854062097028,0,-1.5589121054511688,0
2025-04-04 01:00:00+07:00,139.0,0.0,83.0,/dl/web/weather/ic-w-04-scattered-clouds-full.svg,Đà Nẵng,2.980126574565126,0,-1.5589121054511688,0
2025-04-04 02:00:00+07:00,116.0,0.0,83.0,/dl/web/weather/ic-w-04-scattered-clouds-full.svg,Đà Nẵng,2.1939676371216312,0,-1.5589121054511688,0
2025-04-04 03:00:00+07:00,116.0,1.8,83.0,/dl/web/weather/ic-w-04-scattered-clouds-full.svg,Đà Nẵng,2.1939676371216312,0,-1.2143113588556296,0
2025-04-04 04:00:00+07:00,108.0,1.8,83.0,/dl/web/weather/ic-w-04-scattered-clouds-full.svg,Đà Nẵng,1.9205210501847638,0,-1.2143113588556296,0
2025-04-04 05:00:00+07:00,140.0,0.0,88.0,/dl/web/weather/ic-w-04-scattered-clouds-full.svg,Đà Nẵng,3.0143073979322343,-1,-1.5589121054511688,0
2025-04-04 06:00:00+07:00,101.0,3.7,94.0,/dl/web/weather/ic-w-04-scattered-clouds-full.svg,Đà Nẵng,1.6812552866150043,0,-0.8505661263381158,0
2025-04-04 07:00:00+07:00,98.0,3.7,94.0,/dl/web/weather/ic-w-04-scattered-clouds-full.svg,Đà Nẵng,1.578712816513679,0,-0.8505661263381158,0
2025-04-04 08:00:00+07:00,129.0,3.7,88.0,/dl/web/weather/ic-w-04-scattered-clouds-full.svg,Đà Nẵng,2.6383183408940414,0,-0.8505661263381158,0
2025-04-04 09:00:00+07:00,124.0,0.0,83.0,/dl/web/weather/ic-w-04-scattered-clouds-full.svg,Đà Nẵng,2.467414224058499,0,-1.5589121054511688,0
2025-04-04 10:00:00+07:00,153.0,1.8,78.0,/dl/web/weather/ic-w-04-scattered-clouds-full.svg,Đà Nẵng,3.4586581017046445,-1,-1.2143113588556296,0
2025-04-04 11:00:00+07:00,116.0,1.8,78.0,/dl/web/weather/ic-w-04-scattered-clouds-full.svg,Đà Nẵng,2.1939676371216312,0,-1.2143113588556296,0
2025-04-04 12:00:00+07:00,96.0,3.7,78.0,/dl/web/weather/ic-w-04-scattered-clouds-full.svg,Đà Nẵng,1.510351169779462,0,-0.8505661263381158,0
2025-04-04 13:00:00+07:00,98.0,9.2,78.0,/dl/web/weather/ic-w-04-scattered-clouds-full.svg,Đà Nẵng,1.578712816513679,0,0.20238059937047623,0
2025-04-04 14:00:00+07:00,78.0,11.1,73.0,/dl/web/weather/ic-w-04-scattered-clouds-full.svg,Đà Nẵng,0.8950963491715096,0,0.5661258318879899,0
2025-04-04 15:00:00+07:00,67.0,13.0,73.0,/dl/web/weather/ic-w-04-scattered-clouds-full.svg,Đà Nẵng,0.5191072921333164,0,0.9298710644055037,0
2025-04-04 16:00:00+07:00,63.0,16.7,69.0,/dl/web/weather/ic-w-04-scattered-clouds-full.svg,Đà Nẵng,0.38238399866488254,0,1.6382170435185563,0
2025-04-04 17:00:00+07:00,61.0,14.8,65.0,/dl/web/weather/ic-w-04-scattered-clouds-full.svg,Đà Nẵng,0.3140223519306656,0,1.2744718110010431,0
2025-04-04 18:00:00+07:00,68.0,9.2,69.0,/dl/web/weather/ic-w-04-scattered-clouds-full.svg,Đà Nẵng,0.5532881155004249,0,0.20238059937047623,0
2025-04-04 19:00:00+07:00,72.0,7.4,73.0,/dl/web/weather/ic-w-04-scattered-clouds-full.svg,Đà Nẵng,0.6900114089688588,0,-0.14222014722506282,0
2025-04-04 20:00:00+07:00,118.0,1.8,73.0,/dl/web/weather/ic-w-11-night-few-clouds-full.svg,Đà Nẵng,2.262329283855848,0,-1.2143113588556296,0
2025-04-04 21:00:00+07:00,90.0,1.8,73.0,/dl/web/weather/ic-w-11-night-few-clouds-full.svg,Đà Nẵng,1.3052662295768112,0,-1.2143113588556296,0
2025-04-04 22:00:00+07:00,86.0,3.7,78.0,/dl/web/weather/ic-w-11-night-few-clouds-full.svg,Đà Nẵng,1.1685429361083775,0,-0.8505661263381158,0
2025-04-04 23:00:00+07:00,88.0,3.7,78.0,/dl/web/weather/ic-w-04-scattered-clouds-full.svg,Đà Nẵng,1.2369045828425942,0,-0.8505661263381158,0
2025-04-05 00:00:00+07:00,81.0,1.8,88.0,/dl/web/weather/ic-w-04-scattered-clouds-full.svg,Đà Nẵng,0.997638819272835,0,-1.2143113588556296,0
2025-04-05 01:00:00+07:00,81.0,1.8,88.0,/dl/web/weather/ic-w-04-scattered-clouds-full.svg,Đà Nẵng,0.997638819272835,0,-1.2143113588556296,0
2025-04-05 02:00:00+07:00,102.0,1.8,83.0,/dl/web/weather/ic-w-11-night-few-clouds-full.svg,Đà Nẵng,1.715436109982113,0,-1.2143113588556296,0
2025-04-05 03:00:00+07:00,97.0,1.8,88.0,/dl/web/weather/ic-w-11-night-few-clouds-full.svg,Đà Nẵng,1.5445319931465706,0,-1.2143113588556296,0
2025-04-05 04:00:00+07:00,106.0,1.8,88.0,/dl/web/weather/ic-w-11-night-few-clouds-full.svg,Đà Nẵng,1.8521594034505469,0,-1.2143113588556296,0
2025-04-05 05:00:00+07:00,111.0,0.0,94.0,/dl/web/weather/ic-w-11-night-few-clouds-full.svg,Đà Nẵng,2.023063520286089,0,-1.5589121054511688,0
2025-04-05 06:00:00+07:00,115.0,3.7,94.0,/dl/web/weather/ic-w-11-night-few-clouds-full.svg,Đà Nẵng,2.159786813754523,0,-0.8505661263381158,0
2025-04-05 07:00:00+07:00,152.0,1.8,100.0,/dl/web/weather/ic-w-09-mist-full.svg,Đà Nẵng,3.424477278337536,-1,-1.2143113588556296,0
2025-04-05 08:00:00+07:00,156.0,3.7,88.0,/dl/web/weather/ic-w-02-new-clouds-full.svg,Đà Nẵng,3.56120057180597,-1,-0.8505661263381158,0
2025-04-05 09:00:00+07:00,146.0,1.8,78.0,/dl/web/weather/ic-w-02-new-clouds-full.svg,Đà Nẵng,3.2193923381348855,-1,-1.2143113588556296,0
2025-04-05 10:00:00+07:00,118.0,7.4,69.0,/dl/web/weather/ic-w-04-scattered-clouds-full.svg,Đà Nẵng,2.262329283855848,0,-0.14222014722506282,0
2025-04-05 11:00:00+07:00,100.0,7.4,69.0,/dl/web/weather/ic-w-04-scattered-clouds-full.svg,Đà Nẵng,1.647074463247896,0,-0.14222014722506282,0
2025-04-05 12:00:00+07:00,81.0,9.2,69.0,/dl/web/weather/ic-w-02-new-clouds-full.svg,Đà Nẵng,0.997638819272835,0,0.20238059937047623,0
2025-04-05 13:00:00+07:00,78.0,9.2,65.0,/dl/web/weather/ic-w-02-new-clouds-full.svg,Đà Nẵng,0.8950963491715096,0,0.20238059937047623,0
2025-04-05 14:00:00+07:00,73.0,13.0,69.0,/dl/web/weather/ic-w-02-new-clouds-full.svg,Đà Nẵng,0.7241922323359672,0,0.9298710644055037,0
2025-04-05 15:00:00+07:00,71.0,13.0,69.0,/dl/web/weather/ic-w-01-clear-sky-full.svg,Đà Nẵng,0.6558305856017503,0,0.9298710644055037,0
2025-04-05 16:00:00+07:00,74.0,9.2,69.0,/dl/web/weather/ic-w-02-new-clouds-full.svg,Đà Nẵng,0.7583730557030757,0,0.20238059937047623,0
2025-04-05 17:00:00+07:00,78.0,9.2,74.0,/dl/web/weather/ic-w-02-new-clouds-full.svg,Đà Nẵng,0.8950963491715096,0,0.20238059937047623,0
2025-04-05 18:00:00+07:00,92.0,16.7,78.0,/dl/web/weather/ic-w-02-new-clouds-full.svg,Đà Nẵng,1.3736278763110281,0,1.6382170435185563,0
2025-04-05 19:00:00+07:00,104.0,11.1,83.0,/dl/web/weather/ic-w-11-night-few-clouds-full.svg,Đà Nẵng,1.78379775671633,0,0.5661258318879899,0
2025-04-05 20:00:00+07:00,109.0,7.4,83.0,/dl/web/weather/ic-w-04-scattered-clouds-full.svg,Đà Nẵng,1.9547018735518722,0,-0.14222014722506282,0
2025-04-05 21:00:00+07:00,115.0,7.4,83.0,/dl/web/weather/ic-w-04-scattered-clouds-full.svg,Đà Nẵng,2.159786813754523,0,-0.14222014722506282,0
2025-04-05 22:00:00+07:00,116.0,9.2,78.0,/dl/web/weather/ic-w-04-scattered-clouds-full.svg,Đà Nẵng,2.1939676371216312,0,0.20238059937047623,0
2025-04-05 23:00:00+07:00,122.0,11.1,88.0,/dl/web/weather/ic-w-04-scattered-clouds-full.svg,Đà Nẵng,2.399052577324282,0,0.5661258318879899,0
2025-04-06 00:00:00+07:00,105.0,13.0,78.0,/dl/web/weather/ic-w-04-scattered-clouds-full.svg,Đà Nẵng,1.8179785800834383,0,0.9298710644055037,0
2025-04-06 01:00:00+07:00,91.0,7.4,83.0,/dl/web/weather/ic-w-04-scattered-clouds-full.svg,Đà Nẵng,1.3394470529439197,0,-0.14222014722506282,0
2025-04-06 03:00:00+07:00,111.0,1.8,83.0,/dl/web/weather/ic-w-04-scattered-clouds-full.svg,Đà Nẵng,2.023063520286089,0,-1.2143113588556296,0
2025-04-06 04:00:00+07:00,115.0,3.7,88.0,/dl/web/weather/ic-w-04-scattered-clouds-full.svg,Đà Nẵng,2.159786813754523,0,-0.8505661263381158,0
2025-04-06 05:00:00+07:00,108.0,0.0,83.0,/dl/web/weather/ic-w-04-scattered-clouds-full.svg,Đà Nẵng,1.9205210501847638,0,-1.5589121054511688,0
2025-04-06 06:00:00+07:00,104.0,3.7,88.0,/dl/web/weather/ic-w-04-scattered-clouds-full.svg,Đà Nẵng,1.78379775671633,0,-0.8505661263381158,0
2025-04-06 07:00:00+07:00,98.0,5.5,88.0,/dl/web/weather/ic-w-04-scattered-clouds-full.svg,Đà Nẵng,1.578712816513679,0,-0.5059653797425765,0
2025-04-06 08:00:00+07:00,117.0,7.4,78.0,/dl/web/weather/ic-w-04-scattered-clouds-full.svg,Đà Nẵng,2.2281484604887396,0,-0.14222014722506282,0
2025-04-06 09:00:00+07:00,100.0,7.4,83.0,/dl/web/weather/ic-w-04-scattered-clouds-full.svg,Đà Nẵng,1.647074463247896,0,-0.14222014722506282,0
2025-04-06 10:00:00+07:00,101.0,7.4,78.0,/dl/web/weather/ic-w-04-scattered-clouds-full.svg,Đà Nẵng,1.6812552866150043,0,-0.14222014722506282,0
2025-04-06 11:00:00+07:00,94.0,7.4,78.0,/dl/web/weather/ic-w-04-scattered-clouds-full.svg,Đà Nẵng,1.441989523045245,0,-0.14222014722506282,0
2025-04-06 12:00:00+07:00,94.0,13.0,78.0,/dl/web/weather/ic-w-02-new-clouds-full.svg,Đà Nẵng,1.441989523045245,0,0.9298710644055037,0
2025-04-06 13:00:00+07:00,83.0,16.7,78.0,/dl/web/weather/ic-w-04-scattered-clouds-full.svg,Đà Nẵng,1.066000466007052,0,1.6382170435185563,0
2025-04-06 14:00:00+07:00,74.0,20.4,78.0,/dl/web/weather/ic-w-02-new-clouds-full.svg,Đà Nẵng,0.7583730557030757,0,2.346563022631609,0
2025-04-06 15:00:00+07:00,72.0,22.2,78.0,/dl/web/weather/ic-w-02-new-clouds-full.svg,Đà Nẵng,0.6900114089688588,0,2.6911637692271486,0
2025-04-06 16:00:00+07:00,69.0,16.7,78.0,/dl/web/weather/ic-w-04-scattered-clouds-full.svg,Đà Nẵng,0.5874689388675334,0,1.6382170435185563,0
2025-04-06 17:00:00+07:00,84.0,18.5,78.0,/dl/web/weather/ic-w-04-scattered-clouds-full.svg,Đà Nẵng,1.1001812893741605,0,1.9828177901140958,0
2025-04-06 18:00:00+07:00,87.0,18.5,83.0,/dl/web/weather/ic-w-04-scattered-clouds-full.svg,Đà Nẵng,1.2027237594754858,0,1.9828177901140958,0
2025-04-06 19:00:00+07:00,84.0,16.7,83.0,/dl/web/weather/ic-w-04-scattered-clouds-full.svg,Đà Nẵng,1.1001812893741605,0,1.6382170435185563,0
2025-04-06 20:00:00+07:00,95.0,11.1,83.0,/dl/web/weather/ic-w-04-scattered-clouds-full.svg,Đà Nẵng,1.4761703464123537,0,0.5661258318879899,0
2025-04-06 21:00:00+07:00,90.0,11.1,83.0,/dl/web/weather/ic-w-04-scattered-clouds-full.svg,Đà Nẵng,1.3052662295768112,0,0.5661258318879899,0
2025-04-06 22:00:00+07:00,89.0,9.2,83.0,/dl/web/weather/ic-w-04-scattered-clouds-full.svg,Đà Nẵng,1.2710854062097028,0,0.20238059937047623,0
2025-04-06 23:00:00+07:00,96.0,5.5,83.0,/dl/web/weather/ic-w-04-scattered-clouds-full.svg,Đà Nẵng,1.510351169779462,0,-0.5059653797425765,0
2025-04-07 00:00:00+07:00,90.0,3.7,83.0,/dl/web/weather/ic-w-04-scattered-clouds-full.svg,Đà Nẵng,1.3052662295768112,0,-0.8505661263381158,0
2025-04-07 01:00:00+07:00,90.0,3.7,83.0,/dl/web/weather/ic-w-04-scattered-clouds-full.svg,Đà Nẵng,1.3052662295768112,0,-0.8505661263381158,0
2025-04-07 02:00:00+07:00,100.0,0.0,83.0,/dl/web/weather/ic-w-04-scattered-clouds-full.svg,Đà Nẵng,1.647074463247896,0,-1.5589121054511688,0
2025-04-07 03:00:00+07:00,101.0,1.8,88.0,/dl/web/weather/ic-w-04-scattered-clouds-full.svg,Đà Nẵng,1.6812552866150043,0,-1.2143113588556296,0
2025-04-07 04:00:00+07:00,115.0,3.7,94.0,/dl/web/weather/ic-w-04-scattered-clouds-full.svg,Đà Nẵng,2.159786813754523,0,-0.8505661263381158,0
2025-04-07 05:00:00+07:00,98.0,7.4,88.0,/dl/web/weather/ic-w-04-scattered-clouds-full.svg,Đà Nẵng,1.578712816513679,0,-0.14222014722506282,0
2025-04-07 06:00:00+07:00,96.0,11.1,94.0,/dl/web/weather/ic-w-04-scattered-clouds-full.svg,Đà Nẵng,1.510351169779462,0,0.5661258318879899,0
2025-04-07 07:00:00+07:00,96.0,3.7,94.0,/dl/web/weather/ic-w-04-scattered-clouds-full.svg,Đà Nẵng,1.510351169779462,0,-0.8505661263381158,0
2025-04-07 08:00:00+07:00,126.0,0.0,83.0,/dl/web/weather/ic-w-04-scattered-clouds-full.svg,Đà Nẵng,2.535775870792716,0,-1.5589121054511688,0
2025-04-07 09:00:00+07:00,96.0,11.1,83.0,/dl/web/weather/ic-w-04-scattered-clouds-full.svg,Đà Nẵng,1.510351169779462,0,0.5661258318879899,0
2025-04-07 10:00:00+07:00,91.0,5.5,74.0,/dl/web/weather/ic-w-02-new-clouds-full.svg,Đà Nẵng,1.3394470529439197,0,-0.5059653797425765,0
2025-04-07 11:00:00+07:00,89.0,5.5,74.0,/dl/web/weather/ic-w-02-new-clouds-full.svg,Đà Nẵng,1.2710854062097028,0,-0.5059653797425765,0
2025-04-07 12:00:00+07:00,84.0,1.8,65.0,/dl/web/weather/ic-w-04-scattered-clouds-full.svg,Đà Nẵng,1.1001812893741605,0,-1.2143113588556296,0
2025-04-07 13:00:00+07:00,82.0,5.5,74.0,/dl/web/weather/ic-w-04-scattered-clouds-full.svg,Đà Nẵng,1.0318196426399435,0,-0.5059653797425765,0
2025-04-07 14:00:00+07:00,82.0,9.2,74.0,/dl/web/weather/ic-w-02-new-clouds-full.svg,Đà Nẵng,1.0318196426399435,0,0.20238059937047623,0
2025-04-07 15:00:00+07:00,77.0,7.4,70.0,/dl/web/weather/ic-w-02-new-clouds-full.svg,Đà Nẵng,0.8609155258044011,0,-0.14222014722506282,0
2025-04-07 16:00:00+07:00,73.0,9.2,74.0,/dl/web/weather/ic-w-02-new-clouds-full.svg,Đà Nẵng,0.7241922323359672,0,0.20238059937047623,0
2025-04-07 17:00:00+07:00,71.0,7.4,69.0,/dl/web/weather/ic-w-02-new-clouds-full.svg,Đà Nẵng,0.6558305856017503,0,-0.14222014722506282,0
2025-04-07 18:00:00+07:00,71.0,7.4,78.0,/dl/web/weather/ic-w-02-new-clouds-full.svg,Đà Nẵng,0.6558305856017503,0,-0.14222014722506282,0
2025-04-07 19:00:00+07:00,72.0,7.4,88.0,/dl/web/weather/ic-w-11-night-few-clouds-full.svg,Đà Nẵng,0.6900114089688588,0,-0.14222014722506282,0
2025-04-07 20:00:00+07:00,77.0,7.4,88.0,/dl/web/weather/ic-w-04-scattered-clouds-full.svg,Đà Nẵng,0.8609155258044011,0,-0.14222014722506282,0
2025-04-07 21:00:00+07:00,67.0,7.4,88.0,/dl/web/weather/ic-w-04-scattered-clouds-full.svg,Đà Nẵng,0.5191072921333164,0,-0.14222014722506282,0
2025-04-07 22:00:00+07:00,67.0,5.5,88.0,/dl/web/weather/ic-w-04-scattered-clouds-full.svg,Đà Nẵng,0.5191072921333164,0,-0.5059653797425765,0
2025-04-07 23:00:00+07:00,67.0,3.7,88.0,/dl/web/weather/ic-w-04-scattered-clouds-full.svg,Đà Nẵng,0.5191072921333164,0,-0.8505661263381158,0
2025-04-08 00:00:00+07:00,78.0,1.8,88.0,/dl/web/weather/ic-w-04-scattered-clouds-full.svg,Đà Nẵng,0.8950963491715096,0,-1.2143113588556296,0
2025-04-08 01:00:00+07:00,77.0,1.8,83.0,/dl/web/weather/ic-w-04-scattered-clouds-full.svg,Đà Nẵng,0.8609155258044011,0,-1.2143113588556296,0
2025-04-08 02:00:00+07:00,83.0,3.7,88.0,/dl/web/weather/ic-w-04-scattered-clouds-full.svg,Đà Nẵng,1.066000466007052,0,-0.8505661263381158,0
2025-04-08 03:00:00+07:00,87.0,3.7,88.0,/dl/web/weather/ic-w-04-scattered-clouds-full.svg,Đà Nẵng,1.2027237594754858,0,-0.8505661263381158,0
2025-04-08 04:00:00+07:00,84.0,1.8,88.0,/dl/web/weather/ic-w-04-scattered-clouds-full.svg,Đà Nẵng,1.1001812893741605,0,-1.2143113588556296,0
2025-04-08 05:00:00+07:00,89.0,1.8,83.0,/dl/web/weather/ic-w-04-scattered-clouds-full.svg,Đà Nẵng,1.2710854062097028,0,-1.2143113588556296,0
2025-04-08 06:00:00+07:00,100.0,0.0,94.0,/dl/web/weather/ic-w-04-scattered-clouds-full.svg,Đà Nẵng,1.647074463247896,0,-1.5589121054511688,0
2025-04-08 07:00:00+07:00,109.0,3.7,88.0,/dl/web/weather/ic-w-02-new-clouds-full.svg,Đà Nẵng,1.9547018735518722,0,-0.8505661263381158,0
2025-04-08 08:00:00+07:00,110.0,1.8,83.0,/dl/web/weather/ic-w-04-scattered-clouds-full.svg,Đà Nẵng,1.9888826969189806,0,-1.2143113588556296,0
2025-04-08 09:00:00+07:00,95.0,3.7,78.0,/dl/web/weather/ic-w-04-scattered-clouds-full.svg,Đà Nẵng,1.4761703464123537,0,-0.8505661263381158,0
2025-04-08 10:00:00+07:00,128.0,5.5,69.0,/dl/web/weather/ic-w-04-scattered-clouds-full.svg,Đà Nẵng,2.604137517526933,0,-0.5059653797425765,0
2025-04-08 11:00:00+07:00,97.0,5.5,69.0,/dl/web/weather/ic-w-04-scattered-clouds-full.svg,Đà Nẵng,1.5445319931465706,0,-0.5059653797425765,0
2025-04-08 12:00:00+07:00,95.0,9.2,69.0,/dl/web/weather/ic-w-04-scattered-clouds-full.svg,Đà Nẵng,1.4761703464123537,0,0.20238059937047623,0
2025-04-08 13:00:00+07:00,83.0,13.0,65.0,/dl/web/weather/ic-w-04-scattered-clouds-full.svg,Đà Nẵng,1.066000466007052,0,0.9298710644055037,0
2025-04-08 14:00:00+07:00,80.0,13.0,65.0,/dl/web/weather/ic-w-02-new-clouds-full.svg,Đà Nẵng,0.9634579959057266,0,0.9298710644055037,0
2025-04-08 15:00:00+07:00,80.0,14.8,65.0,/dl/web/weather/ic-w-02-new-clouds-full.svg,Đà Nẵng,0.9634579959057266,0,1.2744718110010431,0
2025-04-08 16:00:00+07:00,77.0,14.8,65.0,/dl/web/weather/ic-w-02-new-clouds-full.svg,Đà Nẵng,0.8609155258044011,0,1.2744718110010431,0
2025-04-08 17:00:00+07:00,79.0,16.7,65.0,/dl/web/weather/ic-w-02-new-clouds-full.svg,Đà Nẵng,0.9292771725386181,0,1.6382170435185563,0
2025-04-08 18:00:00+07:00,83.0,13.0,78.0,/dl/web/weather/ic-w-02-new-clouds-full.svg,Đà Nẵng,1.066000466007052,0,0.9298710644055037,0
2025-04-08 19:00:00+07:00,84.0,5.5,83.0,/dl/web/weather/ic-w-11-night-few-clouds-full.svg,Đà Nẵng,1.1001812893741605,0,-0.5059653797425765,0
2025-04-08 20:00:00+07:00,97.0,1.8,83.0,/dl/web/weather/ic-w-04-scattered-clouds-full.svg,Đà Nẵng,1.5445319931465706,0,-1.2143113588556296,0
2025-04-08 21:00:00+07:00,89.0,1.8,83.0,/dl/web/weather/ic-w-04-scattered-clouds-full.svg,Đà Nẵng,1.2710854062097028,0,-1.2143113588556296,0
2025-04-08 22:00:00+07:00,85.0,7.4,83.0,/dl/web/weather/ic-w-04-scattered-clouds-full.svg,Đà Nẵng,1.1343621127412689,0,-0.14222014722506282,0
2025-04-08 23:00:00+07:00,86.0,5.5,83.0,/dl/web/weather/ic-w-11-night-few-clouds-full.svg,Đà Nẵng,1.1685429361083775,0,-0.5059653797425765,0
2025-04-09 00:00:00+07:00,87.0,3.7,83.0,/dl/web/weather/ic-w-04-scattered-clouds-full.svg,Đà Nẵng,1.2027237594754858,0,-0.8505661263381158,0
2025-04-09 01:00:00+07:00,93.0,5.5,88.0,/dl/web/weather/ic-w-04-scattered-clouds-full.svg,Đà Nẵng,1.4078086996781367,0,-0.5059653797425765,0
2025-04-09 02:00:00+07:00,96.0,5.5,88.0,/dl/web/weather/ic-w-04-scattered-clouds-full.svg,Đà Nẵng,1.510351169779462,0,-0.5059653797425765,0
2025-04-09 03:00:00+07:00,90.0,5.5,94.0,/dl/web/weather/ic-w-11-night-few-clouds-full.svg,Đà Nẵng,1.3052662295768112,0,-0.5059653797425765,0
2025-04-09 04:00:00+07:00,96.0,5.5,88.0,/dl/web/weather/ic-w-11-night-few-clouds-full.svg,Đà Nẵng,1.510351169779462,0,-0.5059653797425765,0
2025-04-09 05:00:00+07:00,115.0,1.8,94.0,/dl/web/weather/ic-w-11-night-few-clouds-full.svg,Đà Nẵng,2.159786813754523,0,-1.2143113588556296,0
2025-04-09 06:00:00+07:00,139.0,5.5,88.0,/dl/web/weather/ic-w-11-night-few-clouds-full.svg,Đà Nẵng,2.980126574565126,0,-0.5059653797425765,0
2025-04-09 07:00:00+07:00,139.0,1.8,88.0,/dl/web/weather/ic-w-02-new-clouds-full.svg,Đà Nẵng,2.980126574565126,0,-1.2143113588556296,0
2025-04-09 08:00:00+07:00,137.0,5.5,88.0,/dl/web/weather/ic-w-02-new-clouds-full.svg,Đà Nẵng,2.9117649278309092,0,-0.5059653797425765,0
2025-04-09 09:00:00+07:00,122.0,3.7,78.0,/dl/web/weather/ic-w-02-new-clouds-full.svg,Đà Nẵng,2.399052577324282,0,-0.8505661263381158,0
2025-04-09 10:00:00+07:00,126.0,5.5,74.0,/dl/web/weather/ic-w-02-new-clouds-full.svg,Đà Nẵng,2.535775870792716,0,-0.5059653797425765,0
2025-04-09 11:00:00+07:00,126.0,5.5,74.0,/dl/web/weather/ic-w-02-new-clouds-full.svg,Đà Nẵng,2.535775870792716,0,-0.5059653797425765,0
2025-04-09 12:00:00+07:00,125.0,7.4,74.0,/dl/web/weather/ic-w-04-scattered-clouds-full.svg,Đà Nẵng,2.5015950474256075,0,-0.14222014722506282,0
2025-04-09 13:00:00+07:00,112.0,14.8,70.0,/dl/web/weather/ic-w-02-new-clouds-full.svg,Đà Nẵng,2.0572443436531977,0,1.2744718110010431,0
2025-04-09 14:00:00+07:00,97.0,16.7,70.0,/dl/web/weather/ic-w-02-new-clouds-full.svg,Đà Nẵng,1.5445319931465706,0,1.6382170435185563,0
2025-04-09 15:00:00+07:00,94.0,14.8,65.0,/dl/web/weather/ic-w-02-new-clouds-full.svg,Đà Nẵng,1.441989523045245,0,1.2744718110010431,0
2025-04-09 16:00:00+07:00,93.0,18.5,69.0,/dl/web/weather/ic-w-01-clear-sky-full.svg,Đà Nẵng,1.4078086996781367,0,1.9828177901140958,0
2025-04-09 17:00:00+07:00,95.0,11.1,74.0,/dl/web/weather/ic-w-06-rain-full.svg,Đà Nẵng,1.4761703464123537,0,0.5661258318879899,0
2025-04-09 18:00:00+07:00,91.0,7.4,83.0,/dl/web/weather/ic-w-06-rain-full.svg,Đà Nẵng,1.3394470529439197,0,-0.14222014722506282,0
2025-04-09 19:00:00+07:00,96.0,11.1,78.0,/dl/web/weather/ic-w-12-night-rain-full.svg,Đà Nẵng,1.510351169779462,0,0.5661258318879899,0
2025-04-09 20:00:00+07:00,97.0,5.5,83.0,/dl/web/weather/ic-w-04-scattered-clouds-full.svg,Đà Nẵng,1.5445319931465706,0,-0.5059653797425765,0
2025-04-09 22:00:00+07:00,91.0,5.5,89.0,/dl/web/weather/ic-w-04-scattered-clouds-full.svg,Đà Nẵng,1.3394470529439197,0,-0.5059653797425765,0
2025-04-09 23:00:00+07:00,92.0,5.5,83.0,/dl/web/weather/ic-w-04-scattered-clouds-full.svg,Đà Nẵng,1.3736278763110281,0,-0.5059653797425765,0
2025-04-10 00:00:00+07:00,89.0,5.5,83.0,/dl/web/weather/ic-w-04-scattered-clouds-full.svg,Đà Nẵng,1.2710854062097028,0,-0.5059653797425765,0
2025-04-10 01:00:00+07:00,89.0,5.5,89.0,/dl/web/weather/ic-w-04-scattered-clouds-full.svg,Đà Nẵng,1.2710854062097028,0,-0.5059653797425765,0
2025-04-10 02:00:00+07:00,97.0,1.8,94.0,/dl/web/weather/ic-w-04-scattered-clouds-full.svg,Đà Nẵng,1.5445319931465706,0,-1.2143113588556296,0
2025-04-10 03:00:00+07:00,124.0,5.5,88.0,/dl/web/weather/ic-w-04-scattered-clouds-full.svg,Đà Nẵng,2.467414224058499,0,-0.5059653797425765,0
2025-04-10 04:00:00+07:00,134.0,7.4,88.0,/dl/web/weather/ic-w-11-night-few-clouds-full.svg,Đà Nẵng,2.8092224577295837,0,-0.14222014722506282,0
2025-04-10 05:00:00+07:00,137.0,3.7,94.0,/dl/web/weather/ic-w-11-night-few-clouds-full.svg,Đà Nẵng,2.9117649278309092,0,-0.8505661263381158,0
2025-04-10 06:00:00+07:00,128.0,3.7,88.0,/dl/web/weather/ic-w-04-scattered-clouds-full.svg,Đà Nẵng,2.604137517526933,0,-0.8505661263381158,0
2025-04-10 07:00:00+07:00,141.0,5.5,88.0,/dl/web/weather/ic-w-09-mist-full.svg,Đà Nẵng,3.048488221299343,-1,-0.5059653797425765,0
2025-04-10 08:00:00+07:00,157.0,5.5,88.0,/dl/web/weather/ic-w-09-mist-full.svg,Đà Nẵng,3.5953813951730784,-1,-0.5059653797425765,0
2025-04-10 09:00:00+07:00,159.0,0.0,83.0,/dl/web/weather/ic-w-06-rain-full.svg,Đà Nẵng,3.6637430419072956,-1,-1.5589121054511688,0
2025-04-10 10:00:00+07:00,151.0,1.8,74.0,/dl/web/weather/ic-w-06-rain-full.svg,Đà Nẵng,3.3902964549704278,-1,-1.2143113588556296,0
2025-04-10 11:00:00+07:00,151.0,1.8,74.0,/dl/web/weather/ic-w-06-rain-full.svg,Đà Nẵng,3.3902964549704278,-1,-1.2143113588556296,0
2025-04-10 12:00:00+07:00,147.0,1.8,78.0,/dl/web/weather/ic-w-06-rain-full.svg,Đà Nẵng,3.253573161501994,-1,-1.2143113588556296,0
2025-04-10 14:00:00+07:00,158.0,9.2,70.0,/dl/web/weather/ic-w-02-new-clouds-full.svg,Đà Nẵng,3.6295622185401872,-1,0.20238059937047623,0
2025-04-10 15:00:00+07:00,155.0,1.8,66.0,/dl/web/weather/ic-w-04-scattered-clouds-full.svg,Đà Nẵng,3.5270197484388617,-1,-1.2143113588556296,0
2025-04-10 16:00:00+07:00,151.0,7.4,70.0,/dl/web/weather/ic-w-06-rain-full.svg,Đà Nẵng,3.3902964549704278,-1,-0.14222014722506282,0
2025-04-10 17:00:00+07:00,151.0,5.5,62.0,/dl/web/weather/ic-w-04-scattered-clouds-full.svg,Đà Nẵng,3.3902964549704278,-1,-0.5059653797425765,0
2025-04-10 18:00:00+07:00,140.0,13.0,74.0,/dl/web/weather/ic-w-04-scattered-clouds-full.svg,Đà Nẵng,3.0143073979322343,-1,0.9298710644055037,0
2025-04-10 19:00:00+07:00,136.0,5.5,74.0,/dl/web/weather/ic-w-04-scattered-clouds-full.svg,Đà Nẵng,2.877584104463801,0,-0.5059653797425765,0
2025-04-10 20:00:00+07:00,160.0,3.7,89.0,/dl/web/weather/ic-w-04-scattered-clouds-full.svg,Đà Nẵng,3.697923865274404,-1,-0.8505661263381158,0
2025-04-10 21:00:00+07:00,136.0,3.7,89.0,/dl/web/weather/ic-w-04-scattered-clouds-full.svg,Đà Nẵng,2.877584104463801,0,-0.8505661263381158,0
2025-04-10 22:00:00+07:00,127.0,1.8,83.0,/dl/web/weather/ic-w-11-night-few-clouds-full.svg,Đà Nẵng,2.5699566941598246,0,-1.2143113588556296,0
2025-04-10 23:00:00+07:00,129.0,1.8,83.0,/dl/web/weather/ic-w-11-night-few-clouds-full.svg,Đà Nẵng,2.6383183408940414,0,-1.2143113588556296,0
2025-04-11 00:00:00+07:00,154.0,3.7,88.0,/dl/web/weather/ic-w-11-night-few-clouds-full.svg,Đà Nẵng,3.4928389250717533,-1,-0.8505661263381158,0
2025-04-11 01:00:00+07:00,157.0,3.7,88.0,/dl/web/weather/ic-w-11-night-few-clouds-full.svg,Đà Nẵng,3.5953813951730784,-1,-0.8505661263381158,0
2025-04-11 02:00:00+07:00,153.0,0.0,88.0,/dl/web/weather/ic-w-11-night-few-clouds-full.svg,Đà Nẵng,3.4586581017046445,-1,-1.5589121054511688,0
2025-04-11 03:00:00+07:00,167.0,1.8,88.0,/dl/web/weather/ic-w-11-night-few-clouds-full.svg,Đà Nẵng,3.9371896288441635,-1,-1.2143113588556296,0
2025-04-11 04:00:00+07:00,156.0,3.7,94.0,/dl/web/weather/ic-w-09-mist-full.svg,Đà Nẵng,3.56120057180597,-1,-0.8505661263381158,0
2025-04-11 05:00:00+07:00,179.0,3.7,94.0,/dl/web/weather/ic-w-11-night-few-clouds-full.svg,Đà Nẵng,4.347359509249465,-1,-0.8505661263381158,0
2025-04-11 06:00:00+07:00,162.0,1.8,94.0,/dl/web/weather/ic-w-09-mist-full.svg,Đà Nẵng,3.7662855120086207,-1,-1.2143113588556296,0
2025-04-11 07:00:00+07:00,161.0,7.4,88.0,/dl/web/weather/ic-w-02-new-clouds-full.svg,Đà Nẵng,3.7321046886415123,-1,-0.14222014722506282,0
2025-04-11 08:00:00+07:00,152.0,9.2,74.0,/dl/web/weather/ic-w-01-clear-sky-full.svg,Đà Nẵng,3.424477278337536,-1,0.20238059937047623,0
2025-04-11 09:00:00+07:00,90.0,7.4,74.0,/dl/web/weather/ic-w-01-clear-sky-full.svg,Đà Nẵng,1.3052662295768112,0,-0.14222014722506282,0
2025-04-11 10:00:00+07:00,157.0,13.0,55.0,/dl/web/weather/ic-w-01-clear-sky-full.svg,Đà Nẵng,3.5953813951730784,-1,0.9298710644055037,0
2025-04-11 11:00:00+07:00,157.0,13.0,55.0,/dl/web/weather/ic-w-01-clear-sky-full.svg,Đà Nẵng,3.5953813951730784,-1,0.9298710644055037,0
2025-04-11 12:00:00+07:00,134.0,7.4,62.0,/dl/web/weather/ic-w-01-clear-sky-full.svg,Đà Nẵng,2.8092224577295837,0,-0.14222014722506282,0
2025-04-11 13:00:00+07:00,105.0,13.0,62.0,/dl/web/weather/ic-w-01-clear-sky-full.svg,Đà Nẵng,1.8179785800834383,0,0.9298710644055037,0
2025-04-11 14:00:00+07:00,109.0,16.7,66.0,/dl/web/weather/ic-w-02-new-clouds-full.svg,Đà Nẵng,1.9547018735518722,0,1.6382170435185563,0
2025-04-11 15:00:00+07:00,100.0,16.7,70.0,/dl/web/weather/ic-w-02-new-clouds-full.svg,Đà Nẵng,1.647074463247896,0,1.6382170435185563,0
2025-04-11 16:00:00+07:00,95.0,16.7,70.0,/dl/web/weather/ic-w-02-new-clouds-full.svg,Đà Nẵng,1.4761703464123537,0,1.6382170435185563,0
2025-04-11 17:00:00+07:00,87.0,14.8,74.0,/dl/web/weather/ic-w-02-new-clouds-full.svg,Đà Nẵng,1.2027237594754858,0,1.2744718110010431,0
2025-04-11 18:00:00+07:00,89.0,14.8,74.0,/dl/web/weather/ic-w-02-new-clouds-full.svg,Đà Nẵng,1.2710854062097028,0,1.2744718110010431,0
2025-04-11 19:00:00+07:00,98.0,5.5,78.0,/dl/web/weather/ic-w-11-night-few-clouds-full.svg,Đà Nẵng,1.578712816513679,0,-0.5059653797425765,0
2025-04-11 20:00:00+07:00,154.0,7.4,83.0,/dl/web/weather/ic-w-11-night-few-clouds-full.svg,Đà Nẵng,3.4928389250717533,-1,-0.14222014722506282,0
2025-04-11 21:00:00+07:00,109.0,7.4,83.0,/dl/web/weather/ic-w-11-night-few-clouds-full.svg,Đà Nẵng,1.9547018735518722,0,-0.14222014722506282,0
2025-04-11 22:00:00+07:00,89.0,3.7,83.0,/dl/web/weather/ic-w-11-night-few-clouds-full.svg,Đà Nẵng,1.2710854062097028,0,-0.8505661263381158,0
2025-04-11 23:00:00+07:00,89.0,5.5,78.0,/dl/web/weather/ic-w-10-night-clear-sky-full.svg,Đà Nẵng,1.2710854062097028,0,-0.5059653797425765,0
2025-04-12 00:00:00+07:00,96.0,1.8,78.0,/dl/web/weather/ic-w-10-night-clear-sky-full.svg,Đà Nẵng,1.510351169779462,0,-1.2143113588556296,0
2025-04-12 01:00:00+07:00,75.0,0.0,83.0,/dl/web/weather/ic-w-10-night-clear-sky-full.svg,Đà Nẵng,0.7925538790701842,0,-1.5589121054511688,0
2025-04-12 02:00:00+07:00,92.0,3.7,83.0,/dl/web/weather/ic-w-10-night-clear-sky-full.svg,Đà Nẵng,1.3736278763110281,0,-0.8505661263381158,0
2025-04-12 03:00:00+07:00,90.0,5.5,89.0,/dl/web/weather/ic-w-10-night-clear-sky-full.svg,Đà Nẵng,1.3052662295768112,0,-0.5059653797425765,0
2025-04-12 04:00:00+07:00,92.0,5.5,89.0,/dl/web/weather/ic-w-10-night-clear-sky-full.svg,Đà Nẵng,1.3736278763110281,0,-0.5059653797425765,0
2025-04-12 05:00:00+07:00,101.0,0.0,89.0,/dl/web/weather/ic-w-10-night-clear-sky-full.svg,Đà Nẵng,1.6812552866150043,0,-1.5589121054511688,0
2025-04-12 06:00:00+07:00,103.0,0.0,94.0,/dl/web/weather/ic-w-10-night-clear-sky-full.svg,Đà Nẵng,1.7496169333492213,0,-1.5589121054511688,0
2025-04-12 07:00:00+07:00,129.0,1.8,89.0,/dl/web/weather/ic-w-01-clear-sky-full.svg,Đà Nẵng,2.6383183408940414,0,-1.2143113588556296,0
2025-04-12 08:00:00+07:00,134.0,0.0,78.0,/dl/web/weather/ic-w-01-clear-sky-full.svg,Đà Nẵng,2.8092224577295837,0,-1.5589121054511688,0
2025-04-12 09:00:00+07:00,124.0,5.5,66.0,/dl/web/weather/ic-w-01-clear-sky-full.svg,Đà Nẵng,2.467414224058499,0,-0.5059653797425765,0
2025-04-12 10:00:00+07:00,97.0,9.2,55.0,/dl/web/weather/ic-w-01-clear-sky-full.svg,Đà Nẵng,1.5445319931465706,0,0.20238059937047623,0
2025-04-12 11:00:00+07:00,80.0,9.2,55.0,/dl/web/weather/ic-w-01-clear-sky-full.svg,Đà Nẵng,0.9634579959057266,0,0.20238059937047623,0
2025-04-12 12:00:00+07:00,71.0,9.2,46.0,/dl/web/weather/ic-w-01-clear-sky-full.svg,Đà Nẵng,0.6558305856017503,0,0.20238059937047623,0
2025-04-12 13:00:00+07:00,78.0,11.1,46.0,/dl/web/weather/ic-w-01-clear-sky-full.svg,Đà Nẵng,0.8950963491715096,0,0.5661258318879899,0
2025-04-12 14:00:00+07:00,100.0,11.1,52.0,/dl/web/weather/ic-w-01-clear-sky-full.svg,Đà Nẵng,1.647074463247896,0,0.5661258318879899,0
2025-04-12 15:00:00+07:00,92.0,13.0,55.0,/dl/web/weather/ic-w-02-new-clouds-full.svg,Đà Nẵng,1.3736278763110281,0,0.9298710644055037,0
2025-04-12 16:00:00+07:00,90.0,13.0,58.0,/dl/web/weather/ic-w-02-new-clouds-full.svg,Đà Nẵng,1.3052662295768112,0,0.9298710644055037,0
2025-04-12 17:00:00+07:00,88.0,11.1,66.0,/dl/web/weather/ic-w-02-new-clouds-full.svg,Đà Nẵng,1.2369045828425942,0,0.5661258318879899,0
2025-04-12 18:00:00+07:00,89.0,11.1,70.0,/dl/web/weather/ic-w-02-new-clouds-full.svg,Đà Nẵng,1.2710854062097028,0,0.5661258318879899,0
2025-04-12 19:00:00+07:00,93.0,9.2,74.0,/dl/web/weather/ic-w-11-night-few-clouds-full.svg,Đà Nẵng,1.4078086996781367,0,0.20238059937047623,0
2025-04-12 20:00:00+07:00,93.0,3.7,74.0,/dl/web/weather/ic-w-11-night-few-clouds-full.svg,Đà Nẵng,1.4078086996781367,0,-0.8505661263381158,0
2025-04-12 21:00:00+07:00,99.0,3.7,74.0,/dl/web/weather/ic-w-11-night-few-clouds-full.svg,Đà Nẵng,1.6128936398807874,0,-0.8505661263381158,0
2025-04-12 22:00:00+07:00,117.0,3.7,74.0,/dl/web/weather/ic-w-12-night-rain-full.svg,Đà Nẵng,2.2281484604887396,0,-0.8505661263381158,0
2025-04-12 23:00:00+07:00,106.0,1.8,70.0,/dl/web/weather/ic-w-12-night-rain-full.svg,Đà Nẵng,1.8521594034505469,0,-1.2143113588556296,0
2025-04-13 00:00:00+07:00,83.0,0.0,70.0,/dl/web/weather/ic-w-12-night-rain-full.svg,Đà Nẵng,1.066000466007052,0,-1.5589121054511688,0
2025-04-13 01:00:00+07:00,80.0,5.5,70.0,/dl/web/weather/ic-w-12-night-rain-full.svg,Đà Nẵng,0.9634579959057266,0,-0.5059653797425765,0
2025-04-13 02:00:00+07:00,66.0,25.9,94.0,/dl/web/weather/ic-w-07-thunderstorms-full.svg,Đà Nẵng,0.48492646876620793,0,3.3995097483402015,-1
2025-04-13 03:00:00+07:00,69.0,11.1,94.0,/dl/web/weather/ic-w-12-night-rain-full.svg,Đà Nẵng,0.5874689388675334,0,0.5661258318879899,0
2025-04-13 04:00:00+07:00,64.0,20.4,94.0,/dl/web/weather/ic-w-04-scattered-clouds-full.svg,Đà Nẵng,0.416564822031991,0,2.346563022631609,0
2025-04-13 05:00:00+07:00,38.0,29.6,88.0,/dl/web/weather/ic-w-04-scattered-clouds-full.svg,Đà Nẵng,-0.4721365855128293,0,4.107855727453255,-1
2025-04-13 06:00:00+07:00,3.0,20.4,83.0,/dl/web/weather/ic-w-12-night-rain-full.svg,Đà Nẵng,-1.6684654033616257,0,2.346563022631609,0
2025-04-13 07:00:00+07:00,8.0,14.8,73.0,/dl/web/weather/ic-w-06-rain-full.svg,Đà Nẵng,-1.4975612865260834,0,1.2744718110010431,0
2025-04-13 08:00:00+07:00,8.0,14.8,69.0,/dl/web/weather/ic-w-06-rain-full.svg,Đà Nẵng,-1.4975612865260834,0,1.2744718110010431,0
2025-04-13 09:00:00+07:00,11.0,14.8,69.0,/dl/web/weather/ic-w-06-rain-full.svg,Đà Nẵng,-1.395018816424758,0,1.2744718110010431,0
2025-04-13 10:00:00+07:00,22.0,18.5,65.0,/dl/web/weather/ic-w-06-rain-full.svg,Đà Nẵng,-1.0190297593865647,0,1.9828177901140958,0
2025-04-13 11:00:00+07:00,25.0,22.2,65.0,/dl/web/weather/ic-w-04-scattered-clouds-full.svg,Đà Nẵng,-0.9164872892852394,0,2.6911637692271486,0
2025-04-13 12:00:00+07:00,25.0,20.4,65.0,/dl/web/weather/ic-w-04-scattered-clouds-full.svg,Đà Nẵng,-0.9164872892852394,0,2.346563022631609,0
2025-04-13 13:00:00+07:00,17.0,20.4,65.0,/dl/web/weather/ic-w-04-scattered-clouds-full.svg,Đà Nẵng,-1.1899338762221072,0,2.346563022631609,0
2025-04-13 14:00:00+07:00,22.0,13.0,61.0,/dl/web/weather/ic-w-04-scattered-clouds-full.svg,Đà Nẵng,-1.0190297593865647,0,0.9298710644055037,0
2025-04-13 15:00:00+07:00,36.0,13.0,61.0,/dl/web/weather/ic-w-04-scattered-clouds-full.svg,Đà Nẵng,-0.5404982322470462,0,0.9298710644055037,0
2025-04-13 16:00:00+07:00,41.0,16.7,61.0,/dl/web/weather/ic-w-04-scattered-clouds-full.svg,Đà Nẵng,-0.36959411541150383,0,1.6382170435185563,0
2025-04-13 17:00:00+07:00,60.0,24.1,64.0,/dl/web/weather/ic-w-04-scattered-clouds-full.svg,Đà Nẵng,0.2798415285635571,0,3.0549090017446625,-1
2025-04-13 18:00:00+07:00,67.0,20.4,64.0,/dl/web/weather/ic-w-04-scattered-clouds-full.svg,Đà Nẵng,0.5191072921333164,0,2.346563022631609,0
2025-04-13 19:00:00+07:00,71.0,18.5,68.0,/dl/web/weather/ic-w-04-scattered-clouds-full.svg,Đà Nẵng,0.6558305856017503,0,1.9828177901140958,0
2025-04-13 20:00:00+07:00,71.0,13.0,64.0,/dl/web/weather/ic-w-04-scattered-clouds-full.svg,Đà Nẵng,0.6558305856017503,0,0.9298710644055037,0
2025-04-13 21:00:00+07:00,74.0,13.0,64.0,/dl/web/weather/ic-w-04-scattered-clouds-full.svg,Đà Nẵng,0.7583730557030757,0,0.9298710644055037,0
2025-04-13 22:00:00+07:00,81.0,13.0,64.0,/dl/web/weather/ic-w-04-scattered-clouds-full.svg,Đà Nẵng,0.997638819272835,0,0.9298710644055037,0
2025-04-13 23:00:00+07:00,84.0,9.2,60.0,/dl/web/weather/ic-w-04-scattered-clouds-full.svg,Đà Nẵng,1.1001812893741605,0,0.20238059937047623,0
2025-04-14 00:00:00+07:00,80.0,5.5,56.0,/dl/web/weather/ic-w-04-scattered-clouds-full.svg,Đà Nẵng,0.9634579959057266,0,-0.5059653797425765,0
2025-04-14 01:00:00+07:00,80.0,7.4,60.0,/dl/web/weather/ic-w-04-scattered-clouds-full.svg,Đà Nẵng,0.9634579959057266,0,-0.14222014722506282,0
2025-04-14 02:00:00+07:00,81.0,5.5,60.0,/dl/web/weather/ic-w-04-scattered-clouds-full.svg,Đà Nẵng,0.997638819272835,0,-0.5059653797425765,0
2025-04-14 03:00:00+07:00,81.0,3.7,64.0,/dl/web/weather/ic-w-04-scattered-clouds-full.svg,Đà Nẵng,0.997638819272835,0,-0.8505661263381158,0
2025-04-14 04:00:00+07:00,82.0,0.0,64.0,/dl/web/weather/ic-w-04-scattered-clouds-full.svg,Đà Nẵng,1.0318196426399435,0,-1.5589121054511688,0
2025-04-14 05:00:00+07:00,78.0,1.8,64.0,/dl/web/weather/ic-w-04-scattered-clouds-full.svg,Đà Nẵng,0.8950963491715096,0,-1.2143113588556296,0
2025-04-14 06:00:00+07:00,79.0,1.8,68.0,/dl/web/weather/ic-w-04-scattered-clouds-full.svg,Đà Nẵng,0.9292771725386181,0,-1.2143113588556296,0
2025-04-14 07:00:00+07:00,80.0,5.5,68.0,/dl/web/weather/ic-w-04-scattered-clouds-full.svg,Đà Nẵng,0.9634579959057266,0,-0.5059653797425765,0
2025-04-14 08:00:00+07:00,86.0,0.0,64.0,/dl/web/weather/ic-w-04-scattered-clouds-full.svg,Đà Nẵng,1.1685429361083775,0,-1.5589121054511688,0
2025-04-14 09:00:00+07:00,88.0,0.0,60.0,/dl/web/weather/ic-w-04-scattered-clouds-full.svg,Đà Nẵng,1.2369045828425942,0,-1.5589121054511688,0
2025-04-14 10:00:00+07:00,83.0,7.4,60.0,/dl/web/weather/ic-w-04-scattered-clouds-full.svg,Đà Nẵng,1.066000466007052,0,-0.14222014722506282,0
2025-04-14 11:00:00+07:00,83.0,7.4,60.0,/dl/web/weather/ic-w-04-scattered-clouds-full.svg,Đà Nẵng,1.066000466007052,0,-0.14222014722506282,0
2025-04-14 12:00:00+07:00,78.0,13.0,57.0,/dl/web/weather/ic-w-04-scattered-clouds-full.svg,Đà Nẵng,0.8950963491715096,0,0.9298710644055037,0
2025-04-14 13:00:00+07:00,79.0,18.5,53.0,/dl/web/weather/ic-w-04-scattered-clouds-full.svg,Đà Nẵng,0.9292771725386181,0,1.9828177901140958,0
2025-04-14 14:00:00+07:00,83.0,25.9,53.0,/dl/web/weather/ic-w-04-scattered-clouds-full.svg,Đà Nẵng,1.066000466007052,0,3.3995097483402015,-1
2025-04-14 15:00:00+07:00,88.0,24.1,57.0,/dl/web/weather/ic-w-04-scattered-clouds-full.svg,Đà Nẵng,1.2369045828425942,0,3.0549090017446625,-1
2025-04-14 16:00:00+07:00,90.0,25.9,61.0,/dl/web/weather/ic-w-02-new-clouds-full.svg,Đà Nẵng,1.3052662295768112,0,3.3995097483402015,-1
2025-04-14 17:00:00+07:00,94.0,22.2,69.0,/dl/web/weather/ic-w-04-scattered-clouds-full.svg,Đà Nẵng,1.441989523045245,0,2.6911637692271486,0
2025-04-14 18:00:00+07:00,94.0,22.2,69.0,/dl/web/weather/ic-w-04-scattered-clouds-full.svg,Đà Nẵng,1.441989523045245,0,2.6911637692271486,0
2025-04-14 19:00:00+07:00,96.0,16.7,73.0,/dl/web/weather/ic-w-04-scattered-clouds-full.svg,Đà Nẵng,1.510351169779462,0,1.6382170435185563,0
2025-04-14 20:00:00+07:00,99.0,9.2,78.0,/dl/web/weather/ic-w-04-scattered-clouds-full.svg,Đà Nẵng,1.6128936398807874,0,0.20238059937047623,0
2025-04-14 21:00:00+07:00,108.0,9.2,78.0,/dl/web/weather/ic-w-04-scattered-clouds-full.svg,Đà Nẵng,1.9205210501847638,0,0.20238059937047623,0
2025-04-14 22:00:00+07:00,103.0,5.5,78.0,/dl/web/weather/ic-w-11-night-few-clouds-full.svg,Đà Nẵng,1.7496169333492213,0,-0.5059653797425765,0
2025-04-14 23:00:00+07:00,110.0,3.7,78.0,/dl/web/weather/ic-w-11-night-few-clouds-full.svg,Đà Nẵng,1.9888826969189806,0,-0.8505661263381158,0
2025-04-15 01:00:00+07:00,103.0,11.1,83.0,/dl/web/weather/ic-w-11-night-few-clouds-full.svg,Đà Nẵng,1.7496169333492213,0,0.5661258318879899,0
2025-04-15 02:00:00+07:00,102.0,11.1,83.0,/dl/web/weather/ic-w-11-night-few-clouds-full.svg,Đà Nẵng,1.715436109982113,0,0.5661258318879899,0
2025-04-15 03:00:00+07:00,107.0,7.4,83.0,/dl/web/weather/ic-w-11-night-few-clouds-full.svg,Đà Nẵng,1.8863402268176552,0,-0.14222014722506282,0
2025-04-15 04:00:00+07:00,97.0,5.5,73.0,/dl/web/weather/ic-w-11-night-few-clouds-full.svg,Đà Nẵng,1.5445319931465706,0,-0.5059653797425765,0
2025-04-15 05:00:00+07:00,98.0,1.8,78.0,/dl/web/weather/ic-w-11-night-few-clouds-full.svg,Đà Nẵng,1.578712816513679,0,-1.2143113588556296,0
2025-04-15 06:00:00+07:00,99.0,0.0,78.0,/dl/web/weather/ic-w-11-night-few-clouds-full.svg,Đà Nẵng,1.6128936398807874,0,-1.5589121054511688,0
2025-04-15 07:00:00+07:00,108.0,3.7,78.0,/dl/web/weather/ic-w-02-new-clouds-full.svg,Đà Nẵng,1.9205210501847638,0,-0.8505661263381158,0
2025-04-15 08:00:00+07:00,114.0,1.8,69.0,/dl/web/weather/ic-w-02-new-clouds-full.svg,Đà Nẵng,2.1256059903874145,0,-1.2143113588556296,0
2025-04-15 09:00:00+07:00,107.0,7.4,60.0,/dl/web/weather/ic-w-02-new-clouds-full.svg,Đà Nẵng,1.8863402268176552,0,-0.14222014722506282,0
2025-04-15 10:00:00+07:00,100.0,18.5,44.0,/dl/web/weather/ic-w-04-scattered-clouds-full.svg,Đà Nẵng,1.647074463247896,0,1.9828177901140958,0
2025-04-15 11:00:00+07:00,100.0,18.5,44.0,/dl/web/weather/ic-w-04-scattered-clouds-full.svg,Đà Nẵng,1.647074463247896,0,1.9828177901140958,0
2025-04-15 12:00:00+07:00,104.0,22.2,44.0,/dl/web/weather/ic-w-04-scattered-clouds-full.svg,Đà Nẵng,1.78379775671633,0,2.6911637692271486,0
2025-04-15 13:00:00+07:00,103.0,20.4,34.0,/dl/web/weather/ic-w-02-new-clouds-full.svg,Đà Nẵng,1.7496169333492213,0,2.346563022631609,0
2025-04-15 14:00:00+07:00,103.0,20.4,42.0,/dl/web/weather/ic-w-02-new-clouds-full.svg,Đà Nẵng,1.7496169333492213,0,2.346563022631609,0
2025-04-15 15:00:00+07:00,100.0,14.8,42.0,/dl/web/weather/ic-w-01-clear-sky-full.svg,Đà Nẵng,1.647074463247896,0,1.2744718110010431,0
2025-04-15 16:00:00+07:00,100.0,18.5,57.0,/dl/web/weather/ic-w-01-clear-sky-full.svg,Đà Nẵng,1.647074463247896,0,1.9828177901140958,0
2025-04-15 17:00:00+07:00,102.0,14.8,53.0,/dl/web/weather/ic-w-01-clear-sky-full.svg,Đà Nẵng,1.715436109982113,0,1.2744718110010431,0
2025-04-15 18:00:00+07:00,102.0,14.8,61.0,/dl/web/weather/ic-w-01-clear-sky-full.svg,Đà Nẵng,1.715436109982113,0,1.2744718110010431,0
2025-04-15 19:00:00+07:00,102.0,9.2,57.0,/dl/web/weather/ic-w-11-night-few-clouds-full.svg,Đà Nẵng,1.715436109982113,0,0.20238059937047623,0
2025-04-15 20:00:00+07:00,150.0,3.7,64.0,/dl/web/weather/ic-w-11-night-few-clouds-full.svg,Đà Nẵng,3.3561156316033194,-1,-0.8505661263381158,0
2025-04-15 21:00:00+07:00,125.0,3.7,64.0,/dl/web/weather/ic-w-11-night-few-clouds-full.svg,Đà Nẵng,2.5015950474256075,0,-0.8505661263381158,0
2025-04-15 22:00:00+07:00,119.0,3.7,64.0,/dl/web/weather/ic-w-11-night-few-clouds-full.svg,Đà Nẵng,2.296510107222957,0,-0.8505661263381158,0
2025-04-15 23:00:00+07:00,111.0,3.7,78.0,/dl/web/weather/ic-w-11-night-few-clouds-full.svg,Đà Nẵng,2.023063520286089,0,-0.8505661263381158,0
2025-04-16 00:00:00+07:00,108.0,3.7,73.0,/dl/web/weather/ic-w-11-night-few-clouds-full.svg,Đà Nẵng,1.9205210501847638,0,-0.8505661263381158,0
2025-04-16 01:00:00+07:00,99.0,3.7,78.0,/dl/web/weather/ic-w-04-scattered-clouds-full.svg,Đà Nẵng,1.6128936398807874,0,-0.8505661263381158,0
2025-04-16 02:00:00+07:00,104.0,5.5,78.0,/dl/web/weather/ic-w-04-scattered-clouds-full.svg,Đà Nẵng,1.78379775671633,0,-0.5059653797425765,0
2025-04-16 03:00:00+07:00,121.0,1.8,83.0,/dl/web/weather/ic-w-04-scattered-clouds-full.svg,Đà Nẵng,2.3648717539571735,0,-1.2143113588556296,0
2025-04-16 04:00:00+07:00,153.0,3.7,78.0,/dl/web/weather/ic-w-11-night-few-clouds-full.svg,Đà Nẵng,3.4586581017046445,-1,-0.8505661263381158,0
2025-04-16 05:00:00+07:00,115.0,3.7,88.0,/dl/web/weather/ic-w-11-night-few-clouds-full.svg,Đà Nẵng,2.159786813754523,0,-0.8505661263381158,0
2025-04-16 06:00:00+07:00,119.0,5.5,83.0,/dl/web/weather/ic-w-04-scattered-clouds-full.svg,Đà Nẵng,2.296510107222957,0,-0.5059653797425765,0
2025-04-16 07:00:00+07:00,113.0,0.0,83.0,/dl/web/weather/ic-w-04-scattered-clouds-full.svg,Đà Nẵng,2.091425167020306,0,-1.5589121054511688,0
2025-04-16 08:00:00+07:00,124.0,3.7,69.0,/dl/web/weather/ic-w-04-scattered-clouds-full.svg,Đà Nẵng,2.467414224058499,0,-0.8505661263381158,0
2025-04-16 09:00:00+07:00,110.0,3.7,50.0,/dl/web/weather/ic-w-02-new-clouds-full.svg,Đà Nẵng,1.9888826969189806,0,-0.8505661263381158,0
2025-04-16 10:00:00+07:00,108.0,5.5,51.0,/dl/web/weather/ic-w-01-clear-sky-full.svg,Đà Nẵng,1.9205210501847638,0,-0.5059653797425765,0
2025-04-16 11:00:00+07:00,108.0,5.5,51.0,/dl/web/weather/ic-w-01-clear-sky-full.svg,Đà Nẵng,1.9205210501847638,0,-0.5059653797425765,0
2025-04-16 12:00:00+07:00,102.0,11.1,54.0,/dl/web/weather/ic-w-01-clear-sky-full.svg,Đà Nẵng,1.715436109982113,0,0.5661258318879899,0
2025-04-16 13:00:00+07:00,104.0,16.7,58.0,/dl/web/weather/ic-w-01-clear-sky-full.svg,Đà Nẵng,1.78379775671633,0,1.6382170435185563,0
2025-04-16 14:00:00+07:00,98.0,16.7,61.0,/dl/web/weather/ic-w-04-scattered-clouds-full.svg,Đà Nẵng,1.578712816513679,0,1.6382170435185563,0
2025-04-16 15:00:00+07:00,90.0,14.8,57.0,/dl/web/weather/ic-w-01-clear-sky-full.svg,Đà Nẵng,1.3052662295768112,0,1.2744718110010431,0
2025-04-16 16:00:00+07:00,88.0,18.5,69.0,/dl/web/weather/ic-w-01-clear-sky-full.svg,Đà Nẵng,1.2369045828425942,0,1.9828177901140958,0
2025-04-16 17:00:00+07:00,89.0,11.1,73.0,/dl/web/weather/ic-w-02-new-clouds-full.svg,Đà Nẵng,1.2710854062097028,0,0.5661258318879899,0
2025-04-16 18:00:00+07:00,89.0,11.1,74.0,/dl/web/weather/ic-w-02-new-clouds-full.svg,Đà Nẵng,1.2710854062097028,0,0.5661258318879899,0
2025-04-16 19:00:00+07:00,103.0,11.1,78.0,/dl/web/weather/ic-w-11-night-few-clouds-full.svg,Đà Nẵng,1.7496169333492213,0,0.5661258318879899,0
2025-04-16 20:00:00+07:00,93.0,5.5,83.0,/dl/web/weather/ic-w-04-scattered-clouds-full.svg,Đà Nẵng,1.4078086996781367,0,-0.5059653797425765,0
2025-04-16 21:00:00+07:00,91.0,5.5,83.0,/dl/web/weather/ic-w-04-scattered-clouds-full.svg,Đà Nẵng,1.3394470529439197,0,-0.5059653797425765,0
2025-04-16 22:00:00+07:00,88.0,0.0,88.0,/dl/web/weather/ic-w-04-scattered-clouds-full.svg,Đà Nẵng,1.2369045828425942,0,-1.5589121054511688,0
2025-04-16 23:00:00+07:00,84.0,5.5,88.0,/dl/web/weather/ic-w-04-scattered-clouds-full.svg,Đà Nẵng,1.1001812893741605,0,-0.5059653797425765,0
2025-04-17 00:00:00+07:00,83.0,3.7,88.0,/dl/web/weather/ic-w-04-scattered-clouds-full.svg,Đà Nẵng,1.066000466007052,0,-0.8505661263381158,0
2025-04-17 01:00:00+07:00,93.0,3.7,88.0,/dl/web/weather/ic-w-04-scattered-clouds-full.svg,Đà Nẵng,1.4078086996781367,0,-0.8505661263381158,0
2025-04-17 02:00:00+07:00,99.0,7.4,88.0,/dl/web/weather/ic-w-04-scattered-clouds-full.svg,Đà Nẵng,1.6128936398807874,0,-0.14222014722506282,0
2025-04-17 03:00:00+07:00,108.0,7.4,88.0,/dl/web/weather/ic-w-11-night-few-clouds-full.svg,Đà Nẵng,1.9205210501847638,0,-0.14222014722506282,0
2025-04-17 04:00:00+07:00,103.0,9.2,88.0,/dl/web/weather/ic-w-11-night-few-clouds-full.svg,Đà Nẵng,1.7496169333492213,0,0.20238059937047623,0
2025-04-17 05:00:00+07:00,95.0,5.5,94.0,/dl/web/weather/ic-w-11-night-few-clouds-full.svg,Đà Nẵng,1.4761703464123537,0,-0.5059653797425765,0
2025-04-17 06:00:00+07:00,95.0,3.7,94.0,/dl/web/weather/ic-w-11-night-few-clouds-full.svg,Đà Nẵng,1.4761703464123537,0,-0.8505661263381158,0
2025-04-17 07:00:00+07:00,100.0,1.8,88.0,/dl/web/weather/ic-w-02-new-clouds-full.svg,Đà Nẵng,1.647074463247896,0,-1.2143113588556296,0
2025-04-17 08:00:00+07:00,126.0,3.7,83.0,/dl/web/weather/ic-w-02-new-clouds-full.svg,Đà Nẵng,2.535775870792716,0,-0.8505661263381158,0
2025-04-17 09:00:00+07:00,113.0,3.7,78.0,/dl/web/weather/ic-w-02-new-clouds-full.svg,Đà Nẵng,2.091425167020306,0,-0.8505661263381158,0
2025-04-17 10:00:00+07:00,103.0,3.7,70.0,/dl/web/weather/ic-w-02-new-clouds-full.svg,Đà Nẵng,1.7496169333492213,0,-0.8505661263381158,0
2025-04-17 11:00:00+07:00,103.0,3.7,70.0,/dl/web/weather/ic-w-02-new-clouds-full.svg,Đà Nẵng,1.7496169333492213,0,-0.8505661263381158,0
2025-04-17 12:00:00+07:00,97.0,7.4,70.0,/dl/web/weather/ic-w-02-new-clouds-full.svg,Đà Nẵng,1.5445319931465706,0,-0.14222014722506282,0
2025-04-17 13:00:00+07:00,99.0,9.2,74.0,/dl/web/weather/ic-w-02-new-clouds-full.svg,Đà Nẵng,1.6128936398807874,0,0.20238059937047623,0
2025-04-17 14:00:00+07:00,89.0,11.1,70.0,/dl/web/weather/ic-w-02-new-clouds-full.svg,Đà Nẵng,1.2710854062097028,0,0.5661258318879899,0
2025-04-17 15:00:00+07:00,82.0,11.1,58.0,/dl/web/weather/ic-w-02-new-clouds-full.svg,Đà Nẵng,1.0318196426399435,0,0.5661258318879899,0
2025-04-17 16:00:00+07:00,80.0,9.2,66.0,/dl/web/weather/ic-w-02-new-clouds-full.svg,Đà Nẵng,0.9634579959057266,0,0.20238059937047623,0
2025-04-17 17:00:00+07:00,85.0,5.5,74.0,/dl/web/weather/ic-w-06-rain-full.svg,Đà Nẵng,1.1343621127412689,0,-0.5059653797425765,0
2025-04-17 18:00:00+07:00,90.0,7.4,78.0,/dl/web/weather/ic-w-06-rain-full.svg,Đà Nẵng,1.3052662295768112,0,-0.14222014722506282,0
2025-04-17 19:00:00+07:00,90.0,7.4,78.0,/dl/web/weather/ic-w-12-night-rain-full.svg,Đà Nẵng,1.3052662295768112,0,-0.14222014722506282,0
2025-04-17 20:00:00+07:00,123.0,5.5,78.0,/dl/web/weather/ic-w-12-night-rain-full.svg,Đà Nẵng,2.4332334006913907,0,-0.5059653797425765,0
2025-04-17 21:00:00+07:00,99.0,5.5,78.0,/dl/web/weather/ic-w-12-night-rain-full.svg,Đà Nẵng,1.6128936398807874,0,-0.5059653797425765,0
2025-04-17 22:00:00+07:00,92.0,9.2,89.0,/dl/web/weather/ic-w-12-night-rain-full.svg,Đà Nẵng,1.3736278763110281,0,0.20238059937047623,0
2025-04-17 23:00:00+07:00,91.0,7.4,89.0,/dl/web/weather/ic-w-12-night-rain-full.svg,Đà Nẵng,1.3394470529439197,0,-0.14222014722506282,0
2025-04-18 00:00:00+07:00,74.0,7.4,88.0,/dl/web/weather/ic-w-04-scattered-clouds-full.svg,Đà Nẵng,0.7583730557030757,0,-0.14222014722506282,0
2025-04-18 01:00:00+07:00,69.0,11.1,88.0,/dl/web/weather/ic-w-04-scattered-clouds-full.svg,Đà Nẵng,0.5874689388675334,0,0.5661258318879899,0
2025-04-18 02:00:00+07:00,66.0,11.1,88.0,/dl/web/weather/ic-w-04-scattered-clouds-full.svg,Đà Nẵng,0.48492646876620793,0,0.5661258318879899,0
2025-04-18 03:00:00+07:00,62.0,11.1,88.0,/dl/web/weather/ic-w-04-scattered-clouds-full.svg,Đà Nẵng,0.34820317529777406,0,0.5661258318879899,0
2025-04-18 04:00:00+07:00,63.0,5.5,94.0,/dl/web/weather/ic-w-04-scattered-clouds-full.svg,Đà Nẵng,0.38238399866488254,0,-0.5059653797425765,0
2025-04-18 05:00:00+07:00,67.0,5.5,94.0,/dl/web/weather/ic-w-04-scattered-clouds-full.svg,Đà Nẵng,0.5191072921333164,0,-0.5059653797425765,0
2025-04-18 06:00:00+07:00,70.0,5.5,94.0,/dl/web/weather/ic-w-11-night-few-clouds-full.svg,Đà Nẵng,0.6216497622346419,0,-0.5059653797425765,0
2025-04-18 07:00:00+07:00,77.0,5.5,88.0,/dl/web/weather/ic-w-01-clear-sky-full.svg,Đà Nẵng,0.8609155258044011,0,-0.5059653797425765,0
2025-04-18 08:00:00+07:00,91.0,7.4,78.0,/dl/web/weather/ic-w-01-clear-sky-full.svg,Đà Nẵng,1.3394470529439197,0,-0.14222014722506282,0
2025-04-18 09:00:00+07:00,88.0,7.4,70.0,/dl/web/weather/ic-w-01-clear-sky-full.svg,Đà Nẵng,1.2369045828425942,0,-0.14222014722506282,0
2025-04-18 10:00:00+07:00,80.0,5.5,62.0,/dl/web/weather/ic-w-01-clear-sky-full.svg,Đà Nẵng,0.9634579959057266,0,-0.5059653797425765,0
2025-04-18 11:00:00+07:00,80.0,5.5,62.0,/dl/web/weather/ic-w-01-clear-sky-full.svg,Đà Nẵng,0.9634579959057266,0,-0.5059653797425765,0
2025-04-18 12:00:00+07:00,74.0,11.1,66.0,/dl/web/weather/ic-w-01-clear-sky-full.svg,Đà Nẵng,0.7583730557030757,0,0.5661258318879899,0
2025-04-18 13:00:00+07:00,76.0,13.0,66.0,/dl/web/weather/ic-w-02-new-clouds-full.svg,Đà Nẵng,0.8267347024372926,0,0.9298710644055037,0
2025-04-18 14:00:00+07:00,68.0,13.0,62.0,/dl/web/weather/ic-w-02-new-clouds-full.svg,Đà Nẵng,0.5532881155004249,0,0.9298710644055037,0
2025-04-18 15:00:00+07:00,74.0,14.8,62.0,/dl/web/weather/ic-w-02-new-clouds-full.svg,Đà Nẵng,0.7583730557030757,0,1.2744718110010431,0
2025-04-18 16:00:00+07:00,75.0,13.0,74.0,/dl/web/weather/ic-w-02-new-clouds-full.svg,Đà Nẵng,0.7925538790701842,0,0.9298710644055037,0
2025-04-18 17:00:00+07:00,75.0,9.2,78.0,/dl/web/weather/ic-w-06-rain-full.svg,Đà Nẵng,0.7925538790701842,0,0.20238059937047623,0
2025-04-18 19:00:00+07:00,88.0,5.5,83.0,/dl/web/weather/ic-w-11-night-few-clouds-full.svg,Đà Nẵng,1.2369045828425942,0,-0.5059653797425765,0
2025-04-18 20:00:00+07:00,97.0,1.8,83.0,/dl/web/weather/ic-w-11-night-few-clouds-full.svg,Đà Nẵng,1.5445319931465706,0,-1.2143113588556296,0
2025-04-18 21:00:00+07:00,82.0,1.8,83.0,/dl/web/weather/ic-w-11-night-few-clouds-full.svg,Đà Nẵng,1.0318196426399435,0,-1.2143113588556296,0
2025-04-18 22:00:00+07:00,96.0,3.7,83.0,/dl/web/weather/ic-w-04-scattered-clouds-full.svg,Đà Nẵng,1.510351169779462,0,-0.8505661263381158,0
2025-04-18 23:00:00+07:00,114.0,1.8,78.0,/dl/web/weather/ic-w-04-scattered-clouds-full.svg,Đà Nẵng,2.1256059903874145,0,-1.2143113588556296,0
2025-04-19 00:00:00+07:00,104.0,5.5,83.0,/dl/web/weather/ic-w-04-scattered-clouds-full.svg,Đà Nẵng,1.78379775671633,0,-0.5059653797425765,0
2025-04-19 01:00:00+07:00,93.0,3.7,89.0,/dl/web/weather/ic-w-07-thunderstorms-full.svg,Đà Nẵng,1.4078086996781367,0,-0.8505661263381158,0
2025-04-19 02:00:00+07:00,90.0,3.7,89.0,/dl/web/weather/ic-w-07-thunderstorms-full.svg,Đà Nẵng,1.3052662295768112,0,-0.8505661263381158,0
2025-04-19 03:00:00+07:00,124.0,5.5,89.0,/dl/web/weather/ic-w-11-night-few-clouds-full.svg,Đà Nẵng,2.467414224058499,0,-0.5059653797425765,0
2025-04-19 04:00:00+07:00,112.0,1.8,94.0,/dl/web/weather/ic-w-11-night-few-clouds-full.svg,Đà Nẵng,2.0572443436531977,0,-1.2143113588556296,0
2025-04-19 05:00:00+07:00,115.0,3.7,94.0,/dl/web/weather/ic-w-09-mist-full.svg,Đà Nẵng,2.159786813754523,0,-0.8505661263381158,0
2025-04-19 06:00:00+07:00,92.0,3.7,89.0,/dl/web/weather/ic-w-11-night-few-clouds-full.svg,Đà Nẵng,1.3736278763110281,0,-0.8505661263381158,0
2025-04-19 07:00:00+07:00,97.0,1.8,89.0,/dl/web/weather/ic-w-04-scattered-clouds-full.svg,Đà Nẵng,1.5445319931465706,0,-1.2143113588556296,0
2025-04-19 08:00:00+07:00,113.0,1.8,89.0,/dl/web/weather/ic-w-04-scattered-clouds-full.svg,Đà Nẵng,2.091425167020306,0,-1.2143113588556296,0
2025-04-19 09:00:00+07:00,88.0,5.5,74.0,/dl/web/weather/ic-w-01-clear-sky-full.svg,Đà Nẵng,1.2369045828425942,0,-0.5059653797425765,0
2025-04-19 10:00:00+07:00,140.0,11.1,79.0,/dl/web/weather/ic-w-01-clear-sky-full.svg,Đà Nẵng,3.0143073979322343,-1,0.5661258318879899,0
2025-04-19 11:00:00+07:00,99.0,11.1,79.0,/dl/web/weather/ic-w-01-clear-sky-full.svg,Đà Nẵng,1.6128936398807874,0,0.5661258318879899,0
2025-04-19 12:00:00+07:00,98.0,9.2,70.0,/dl/web/weather/ic-w-01-clear-sky-full.svg,Đà Nẵng,1.578712816513679,0,0.20238059937047623,0
2025-04-19 13:00:00+07:00,88.0,11.1,70.0,/dl/web/weather/ic-w-01-clear-sky-full.svg,Đà Nẵng,1.2369045828425942,0,0.5661258318879899,0
2025-04-19 14:00:00+07:00,81.0,14.8,74.0,/dl/web/weather/ic-w-01-clear-sky-full.svg,Đà Nẵng,0.997638819272835,0,1.2744718110010431,0
2025-04-19 15:00:00+07:00,72.0,16.7,70.0,/dl/web/weather/ic-w-01-clear-sky-full.svg,Đà Nẵng,0.6900114089688588,0,1.6382170435185563,0
2025-04-19 16:00:00+07:00,79.0,20.4,70.0,/dl/web/weather/ic-w-01-clear-sky-full.svg,Đà Nẵng,0.9292771725386181,0,2.346563022631609,0
2025-04-19 17:00:00+07:00,65.0,18.5,74.0,/dl/web/weather/ic-w-02-new-clouds-full.svg,Đà Nẵng,0.45074564539909945,0,1.9828177901140958,0
2025-04-19 18:00:00+07:00,61.0,13.0,78.0,/dl/web/weather/ic-w-02-new-clouds-full.svg,Đà Nẵng,0.3140223519306656,0,0.9298710644055037,0
2025-04-19 19:00:00+07:00,71.0,5.5,83.0,/dl/web/weather/ic-w-12-night-rain-full.svg,Đà Nẵng,0.6558305856017503,0,-0.5059653797425765,0
2025-04-19 20:00:00+07:00,63.0,3.7,89.0,/dl/web/weather/ic-w-11-night-few-clouds-full.svg,Đà Nẵng,0.38238399866488254,0,-0.8505661263381158,0
2025-04-19 21:00:00+07:00,66.0,3.7,89.0,/dl/web/weather/ic-w-11-night-few-clouds-full.svg,Đà Nẵng,0.48492646876620793,0,-0.8505661263381158,0
2025-04-19 22:00:00+07:00,66.0,5.5,89.0,/dl/web/weather/ic-w-11-night-few-clouds-full.svg,Đà Nẵng,0.48492646876620793,0,-0.5059653797425765,0
2025-04-19 23:00:00+07:00,65.0,5.5,89.0,/dl/web/weather/ic-w-11-night-few-clouds-full.svg,Đà Nẵng,0.45074564539909945,0,-0.5059653797425765,0
2025-04-20 00:00:00+07:00,71.0,1.8,89.0,/dl/web/weather/ic-w-11-night-few-clouds-full.svg,Đà Nẵng,0.6558305856017503,0,-1.2143113588556296,0
2025-04-20 01:00:00+07:00,72.0,5.5,89.0,/dl/web/weather/ic-w-11-night-few-clouds-full.svg,Đà Nẵng,0.6900114089688588,0,-0.5059653797425765,0
2025-04-20 02:00:00+07:00,77.0,7.4,89.0,/dl/web/weather/ic-w-11-night-few-clouds-full.svg,Đà Nẵng,0.8609155258044011,0,-0.14222014722506282,0
2025-04-20 03:00:00+07:00,97.0,3.7,83.0,/dl/web/weather/ic-w-11-night-few-clouds-full.svg,Đà Nẵng,1.5445319931465706,0,-0.8505661263381158,0
2025-04-20 04:00:00+07:00,97.0,5.5,88.0,/dl/web/weather/ic-w-11-night-few-clouds-full.svg,Đà Nẵng,1.5445319931465706,0,-0.5059653797425765,0
2025-04-20 05:00:00+07:00,78.0,5.5,89.0,/dl/web/weather/ic-w-11-night-few-clouds-full.svg,Đà Nẵng,0.8950963491715096,0,-0.5059653797425765,0
2025-04-20 06:00:00+07:00,79.0,9.2,83.0,/dl/web/weather/ic-w-11-night-few-clouds-full.svg,Đà Nẵng,0.9292771725386181,0,0.20238059937047623,0
2025-04-20 08:00:00+07:00,82.0,7.4,74.0,/dl/web/weather/ic-w-01-clear-sky-full.svg,Đà Nẵng,1.0318196426399435,0,-0.14222014722506282,0
2025-04-20 09:00:00+07:00,82.0,5.5,70.0,/dl/web/weather/ic-w-01-clear-sky-full.svg,Đà Nẵng,1.0318196426399435,0,-0.5059653797425765,0
2025-04-20 10:00:00+07:00,84.0,9.2,70.0,/dl/web/weather/ic-w-01-clear-sky-full.svg,Đà Nẵng,1.1001812893741605,0,0.20238059937047623,0
2025-04-20 11:00:00+07:00,84.0,9.2,70.0,/dl/web/weather/ic-w-01-clear-sky-full.svg,Đà Nẵng,1.1001812893741605,0,0.20238059937047623,0
2025-04-20 12:00:00+07:00,73.0,14.8,70.0,/dl/web/weather/ic-w-01-clear-sky-full.svg,Đà Nẵng,0.7241922323359672,0,1.2744718110010431,0
2025-04-20 13:00:00+07:00,71.0,16.7,70.0,/dl/web/weather/ic-w-02-new-clouds-full.svg,Đà Nẵng,0.6558305856017503,0,1.6382170435185563,0
2025-04-20 14:00:00+07:00,67.0,14.8,70.0,/dl/web/weather/ic-w-02-new-clouds-full.svg,Đà Nẵng,0.5191072921333164,0,1.2744718110010431,0
2025-04-20 15:00:00+07:00,62.0,14.8,66.0,/dl/web/weather/ic-w-02-new-clouds-full.svg,Đà Nẵng,0.34820317529777406,0,1.2744718110010431,0
2025-04-20 16:00:00+07:00,58.0,14.8,66.0,/dl/web/weather/ic-w-02-new-clouds-full.svg,Đà Nẵng,0.21147988182934016,0,1.2744718110010431,0
2025-04-20 17:00:00+07:00,56.0,14.8,74.0,/dl/web/weather/ic-w-02-new-clouds-full.svg,Đà Nẵng,0.14311823509512323,0,1.2744718110010431,0
2025-04-20 18:00:00+07:00,55.0,14.8,78.0,/dl/web/weather/ic-w-02-new-clouds-full.svg,Đà Nẵng,0.10893741172801476,0,1.2744718110010431,0
2025-04-20 19:00:00+07:00,55.0,14.8,83.0,/dl/web/weather/ic-w-11-night-few-clouds-full.svg,Đà Nẵng,0.10893741172801476,0,1.2744718110010431,0
2025-04-20 20:00:00+07:00,68.0,5.5,89.0,/dl/web/weather/ic-w-11-night-few-clouds-full.svg,Đà Nẵng,0.5532881155004249,0,-0.5059653797425765,0
2025-04-20 21:00:00+07:00,55.0,5.5,89.0,/dl/web/weather/ic-w-11-night-few-clouds-full.svg,Đà Nẵng,0.10893741172801476,0,-0.5059653797425765,0
2025-04-20 22:00:00+07:00,58.0,1.8,83.0,/dl/web/weather/ic-w-11-night-few-clouds-full.svg,Đà Nẵng,0.21147988182934016,0,-1.2143113588556296,0
2025-04-20 23:00:00+07:00,58.0,0.0,83.0,/dl/web/weather/ic-w-11-night-few-clouds-full.svg,Đà Nẵng,0.21147988182934016,0,-1.5589121054511688,0
2025-04-21 00:00:00+07:00,60.0,3.7,83.0,/dl/web/weather/ic-w-11-night-few-clouds-full.svg,Đà Nẵng,0.2798415285635571,0,-0.8505661263381158,0
2025-04-21 02:00:00+07:00,64.0,3.7,83.0,/dl/web/weather/ic-w-11-night-few-clouds-full.svg,Đà Nẵng,0.416564822031991,0,-0.8505661263381158,0
2025-04-21 03:00:00+07:00,69.0,1.8,83.0,/dl/web/weather/ic-w-11-night-few-clouds-full.svg,Đà Nẵng,0.5874689388675334,0,-1.2143113588556296,0
2025-04-21 04:00:00+07:00,62.0,3.7,88.0,/dl/web/weather/ic-w-11-night-few-clouds-full.svg,Đà Nẵng,0.34820317529777406,0,-0.8505661263381158,0
2025-04-21 05:00:00+07:00,64.0,5.5,94.0,/dl/web/weather/ic-w-11-night-few-clouds-full.svg,Đà Nẵng,0.416564822031991,0,-0.5059653797425765,0
2025-04-21 06:00:00+07:00,64.0,1.8,88.0,/dl/web/weather/ic-w-11-night-few-clouds-full.svg,Đà Nẵng,0.416564822031991,0,-1.2143113588556296,0
2025-04-21 07:00:00+07:00,61.0,0.0,83.0,/dl/web/weather/ic-w-01-clear-sky-full.svg,Đà Nẵng,0.3140223519306656,0,-1.5589121054511688,0
2025-04-21 08:00:00+07:00,81.0,5.5,78.0,/dl/web/weather/ic-w-01-clear-sky-full.svg,Đà Nẵng,0.997638819272835,0,-0.5059653797425765,0
2025-04-21 09:00:00+07:00,90.0,7.4,70.0,/dl/web/weather/ic-w-01-clear-sky-full.svg,Đà Nẵng,1.3052662295768112,0,-0.14222014722506282,0
2025-04-21 10:00:00+07:00,96.0,9.2,74.0,/dl/web/weather/ic-w-01-clear-sky-full.svg,Đà Nẵng,1.510351169779462,0,0.20238059937047623,0
2025-04-21 11:00:00+07:00,96.0,9.2,74.0,/dl/web/weather/ic-w-01-clear-sky-full.svg,Đà Nẵng,1.510351169779462,0,0.20238059937047623,0
2025-04-21 12:00:00+07:00,80.0,11.1,70.0,/dl/web/weather/ic-w-02-new-clouds-full.svg,Đà Nẵng,0.9634579959057266,0,0.5661258318879899,0
2025-04-21 13:00:00+07:00,74.0,14.8,66.0,/dl/web/weather/ic-w-02-new-clouds-full.svg,Đà Nẵng,0.7583730557030757,0,1.2744718110010431,0
2025-04-21 14:00:00+07:00,68.0,14.8,58.0,/dl/web/weather/ic-w-02-new-clouds-full.svg,Đà Nẵng,0.5532881155004249,0,1.2744718110010431,0
2025-04-21 15:00:00+07:00,62.0,18.5,58.0,/dl/web/weather/ic-w-01-clear-sky-full.svg,Đà Nẵng,0.34820317529777406,0,1.9828177901140958,0
2025-04-21 16:00:00+07:00,59.0,18.5,66.0,/dl/web/weather/ic-w-01-clear-sky-full.svg,Đà Nẵng,0.24566070519644864,0,1.9828177901140958,0
2025-04-21 17:00:00+07:00,58.0,18.5,66.0,/dl/web/weather/ic-w-01-clear-sky-full.svg,Đà Nẵng,0.21147988182934016,0,1.9828177901140958,0
2025-04-21 18:00:00+07:00,55.0,14.8,70.0,/dl/web/weather/ic-w-01-clear-sky-full.svg,Đà Nẵng,0.10893741172801476,0,1.2744718110010431,0
2025-04-21 19:00:00+07:00,53.0,14.8,78.0,/dl/web/weather/ic-w-10-night-clear-sky-full.svg,Đà Nẵng,0.040575764993797815,0,1.2744718110010431,0
2025-04-21 20:00:00+07:00,57.0,7.4,78.0,/dl/web/weather/ic-w-11-night-few-clouds-full.svg,Đà Nẵng,0.1772990584622317,0,-0.14222014722506282,0
2025-04-21 21:00:00+07:00,46.0,7.4,78.0,/dl/web/weather/ic-w-11-night-few-clouds-full.svg,Đà Nẵng,-0.19868999857596148,0,-0.14222014722506282,0
2025-04-21 22:00:00+07:00,47.0,7.4,78.0,/dl/web/weather/ic-w-11-night-few-clouds-full.svg,Đà Nẵng,-0.164509175208853,0,-0.14222014722506282,0
2025-04-21 23:00:00+07:00,50.0,1.8,89.0,/dl/web/weather/ic-w-10-night-clear-sky-full.svg,Đà Nẵng,-0.0619667051075276,0,-1.2143113588556296,0
2025-04-22 00:00:00+07:00,55.0,3.7,89.0,/dl/web/weather/ic-w-10-night-clear-sky-full.svg,Đà Nẵng,0.10893741172801476,0,-0.8505661263381158,0
2025-04-22 01:00:00+07:00,56.0,5.5,89.0,/dl/web/weather/ic-w-10-night-clear-sky-full.svg,Đà Nẵng,0.14311823509512323,0,-0.5059653797425765,0
2025-04-22 02:00:00+07:00,58.0,0.0,94.0,/dl/web/weather/ic-w-10-night-clear-sky-full.svg,Đà Nẵng,0.21147988182934016,0,-1.5589121054511688,0
2025-04-22 03:00:00+07:00,77.0,3.7,94.0,/dl/web/weather/ic-w-10-night-clear-sky-full.svg,Đà Nẵng,0.8609155258044011,0,-0.8505661263381158,0
2025-04-22 04:00:00+07:00,81.0,1.8,88.0,/dl/web/weather/ic-w-10-night-clear-sky-full.svg,Đà Nẵng,0.997638819272835,0,-1.2143113588556296,0
2025-04-22 05:00:00+07:00,81.0,3.7,94.0,/dl/web/weather/ic-w-10-night-clear-sky-full.svg,Đà Nẵng,0.997638819272835,0,-0.8505661263381158,0
2025-04-22 06:00:00+07:00,77.0,1.8,94.0,/dl/web/weather/ic-w-10-night-clear-sky-full.svg,Đà Nẵng,0.8609155258044011,0,-1.2143113588556296,0
2025-04-22 07:00:00+07:00,71.0,3.7,89.0,/dl/web/weather/ic-w-01-clear-sky-full.svg,Đà Nẵng,0.6558305856017503,0,-0.8505661263381158,0
2025-04-22 08:00:00+07:00,77.0,9.2,78.0,/dl/web/weather/ic-w-01-clear-sky-full.svg,Đà Nẵng,0.8609155258044011,0,0.20238059937047623,0
2025-04-22 09:00:00+07:00,77.0,5.5,70.0,/dl/web/weather/ic-w-01-clear-sky-full.svg,Đà Nẵng,0.8609155258044011,0,-0.5059653797425765,0
2025-04-22 10:00:00+07:00,72.0,9.2,74.0,/dl/web/weather/ic-w-01-clear-sky-full.svg,Đà Nẵng,0.6900114089688588,0,0.20238059937047623,0
2025-04-22 11:00:00+07:00,72.0,9.2,74.0,/dl/web/weather/ic-w-01-clear-sky-full.svg,Đà Nẵng,0.6900114089688588,0,0.20238059937047623,0
2025-04-22 12:00:00+07:00,77.0,11.1,66.0,/dl/web/weather/ic-w-01-clear-sky-full.svg,Đà Nẵng,0.8609155258044011,0,0.5661258318879899,0
2025-04-22 13:00:00+07:00,69.0,13.0,66.0,/dl/web/weather/ic-w-02-new-clouds-full.svg,Đà Nẵng,0.5874689388675334,0,0.9298710644055037,0
2025-04-22 14:00:00+07:00,64.0,13.0,62.0,/dl/web/weather/ic-w-02-new-clouds-full.svg,Đà Nẵng,0.416564822031991,0,0.9298710644055037,0
2025-04-22 15:00:00+07:00,61.0,14.8,62.0,/dl/web/weather/ic-w-02-new-clouds-full.svg,Đà Nẵng,0.3140223519306656,0,1.2744718110010431,0
2025-04-22 16:00:00+07:00,58.0,13.0,62.0,/dl/web/weather/ic-w-02-new-clouds-full.svg,Đà Nẵng,0.21147988182934016,0,0.9298710644055037,0
2025-04-22 17:00:00+07:00,58.0,16.7,66.0,/dl/web/weather/ic-w-02-new-clouds-full.svg,Đà Nẵng,0.21147988182934016,0,1.6382170435185563,0
2025-04-22 18:00:00+07:00,58.0,7.4,74.0,/dl/web/weather/ic-w-02-new-clouds-full.svg,Đà Nẵng,0.21147988182934016,0,-0.14222014722506282,0
2025-04-22 19:00:00+07:00,60.0,3.7,78.0,/dl/web/weather/ic-w-11-night-few-clouds-full.svg,Đà Nẵng,0.2798415285635571,0,-0.8505661263381158,0
2025-04-22 20:00:00+07:00,81.0,3.7,83.0,/dl/web/weather/ic-w-11-night-few-clouds-full.svg,Đà Nẵng,0.997638819272835,0,-0.8505661263381158,0
2025-04-22 21:00:00+07:00,71.0,3.7,83.0,/dl/web/weather/ic-w-11-night-few-clouds-full.svg,Đà Nẵng,0.6558305856017503,0,-0.8505661263381158,0
2025-04-22 22:00:00+07:00,64.0,3.7,83.0,/dl/web/weather/ic-w-11-night-few-clouds-full.svg,Đà Nẵng,0.416564822031991,0,-0.8505661263381158,0
2025-04-22 23:00:00+07:00,61.0,1.8,83.0,/dl/web/weather/ic-w-10-night-clear-sky-full.svg,Đà Nẵng,0.3140223519306656,0,-1.2143113588556296,0
2025-04-23 00:00:00+07:00,66.0,7.4,78.0,/dl/web/weather/ic-w-11-night-few-clouds-full.svg,Đà Nẵng,0.48492646876620793,0,-0.14222014722506282,0
2025-04-23 01:00:00+07:00,61.0,9.2,83.0,/dl/web/weather/ic-w-10-night-clear-sky-full.svg,Đà Nẵng,0.3140223519306656,0,0.20238059937047623,0
2025-04-23 02:00:00+07:00,70.0,3.7,83.0,/dl/web/weather/ic-w-10-night-clear-sky-full.svg,Đà Nẵng,0.6216497622346419,0,-0.8505661263381158,0
2025-04-23 03:00:00+07:00,68.0,7.4,83.0,/dl/web/weather/ic-w-10-night-clear-sky-full.svg,Đà Nẵng,0.5532881155004249,0,-0.14222014722506282,0
2025-04-23 04:00:00+07:00,67.0,7.4,83.0,/dl/web/weather/ic-w-10-night-clear-sky-full.svg,Đà Nẵng,0.5191072921333164,0,-0.14222014722506282,0
2025-04-23 05:00:00+07:00,64.0,14.8,83.0,/dl/web/weather/ic-w-10-night-clear-sky-full.svg,Đà Nẵng,0.416564822031991,0,1.2744718110010431,0
2025-04-23 06:00:00+07:00,92.0,5.5,78.0,/dl/web/weather/ic-w-10-night-clear-sky-full.svg,Đà Nẵng,1.3736278763110281,0,-0.5059653797425765,0
2025-04-23 07:00:00+07:00,84.0,1.8,83.0,/dl/web/weather/ic-w-01-clear-sky-full.svg,Đà Nẵng,1.1001812893741605,0,-1.2143113588556296,0
2025-04-23 08:00:00+07:00,73.0,1.8,74.0,/dl/web/weather/ic-w-01-clear-sky-full.svg,Đà Nẵng,0.7241922323359672,0,-1.2143113588556296,0
2025-04-23 09:00:00+07:00,69.0,7.4,66.0,/dl/web/weather/ic-w-01-clear-sky-full.svg,Đà Nẵng,0.5874689388675334,0,-0.14222014722506282,0
2025-04-23 10:00:00+07:00,71.0,5.5,58.0,/dl/web/weather/ic-w-01-clear-sky-full.svg,Đà Nẵng,0.6558305856017503,0,-0.5059653797425765,0
2025-04-23 11:00:00+07:00,71.0,5.5,58.0,/dl/web/weather/ic-w-01-clear-sky-full.svg,Đà Nẵng,0.6558305856017503,0,-0.5059653797425765,0
2025-04-23 12:00:00+07:00,72.0,9.2,62.0,/dl/web/weather/ic-w-01-clear-sky-full.svg,Đà Nẵng,0.6900114089688588,0,0.20238059937047623,0
2025-04-23 13:00:00+07:00,71.0,11.1,62.0,/dl/web/weather/ic-w-02-new-clouds-full.svg,Đà Nẵng,0.6558305856017503,0,0.5661258318879899,0
2025-04-23 14:00:00+07:00,70.0,13.0,62.0,/dl/web/weather/ic-w-02-new-clouds-full.svg,Đà Nẵng,0.6216497622346419,0,0.9298710644055037,0
2025-04-23 15:00:00+07:00,66.0,11.1,62.0,/dl/web/weather/ic-w-02-new-clouds-full.svg,Đà Nẵng,0.48492646876620793,0,0.5661258318879899,0
2025-04-23 16:00:00+07:00,63.0,13.0,66.0,/dl/web/weather/ic-w-01-clear-sky-full.svg,Đà Nẵng,0.38238399866488254,0,0.9298710644055037,0
2025-04-23 17:00:00+07:00,61.0,13.0,70.0,/dl/web/weather/ic-w-02-new-clouds-full.svg,Đà Nẵng,0.3140223519306656,0,0.9298710644055037,0
2025-04-23 18:00:00+07:00,60.0,11.1,78.0,/dl/web/weather/ic-w-02-new-clouds-full.svg,Đà Nẵng,0.2798415285635571,0,0.5661258318879899,0
2025-04-23 19:00:00+07:00,54.0,11.1,83.0,/dl/web/weather/ic-w-02-new-clouds-full.svg,Đà Nẵng,0.07475658836090629,0,0.5661258318879899,0
2025-04-23 20:00:00+07:00,66.0,3.7,83.0,/dl/web/weather/ic-w-11-night-few-clouds-full.svg,Đà Nẵng,0.48492646876620793,0,-0.8505661263381158,0
2025-04-23 21:00:00+07:00,50.0,3.7,83.0,/dl/web/weather/ic-w-11-night-few-clouds-full.svg,Đà Nẵng,-0.0619667051075276,0,-0.8505661263381158,0
2025-04-23 22:00:00+07:00,50.0,3.7,83.0,/dl/web/weather/ic-w-11-night-few-clouds-full.svg,Đà Nẵng,-0.0619667051075276,0,-0.8505661263381158,0
2025-04-23 23:00:00+07:00,53.0,3.7,83.0,/dl/web/weather/ic-w-11-night-few-clouds-full.svg,Đà Nẵng,0.040575764993797815,0,-0.8505661263381158,0
2025-04-24 00:00:00+07:00,58.0,1.8,83.0,/dl/web/weather/ic-w-11-night-few-clouds-full.svg,Đà Nẵng,0.21147988182934016,0,-1.2143113588556296,0
2025-04-24 01:00:00+07:00,64.0,3.7,83.0,/dl/web/weather/ic-w-11-night-few-clouds-full.svg,Đà Nẵng,0.416564822031991,0,-0.8505661263381158,0
2025-04-24 02:00:00+07:00,64.0,3.7,83.0,/dl/web/weather/ic-w-11-night-few-clouds-full.svg,Đà Nẵng,0.416564822031991,0,-0.8505661263381158,0
2025-04-24 03:00:00+07:00,58.0,5.5,89.0,/dl/web/weather/ic-w-11-night-few-clouds-full.svg,Đà Nẵng,0.21147988182934016,0,-0.5059653797425765,0
2025-04-24 04:00:00+07:00,68.0,7.4,89.0,/dl/web/weather/ic-w-11-night-few-clouds-full.svg,Đà Nẵng,0.5532881155004249,0,-0.14222014722506282,0
2025-04-24 05:00:00+07:00,92.0,1.8,89.0,/dl/web/weather/ic-w-11-night-few-clouds-full.svg,Đà Nẵng,1.3736278763110281,0,-1.2143113588556296,0
2025-04-24 06:00:00+07:00,88.0,1.8,89.0,/dl/web/weather/ic-w-11-night-few-clouds-full.svg,Đà Nẵng,1.2369045828425942,0,-1.2143113588556296,0
2025-04-24 07:00:00+07:00,88.0,5.5,83.0,/dl/web/weather/ic-w-02-new-clouds-full.svg,Đà Nẵng,1.2369045828425942,0,-0.5059653797425765,0
2025-04-24 08:00:00+07:00,86.0,3.7,74.0,/dl/web/weather/ic-w-02-new-clouds-full.svg,Đà Nẵng,1.1685429361083775,0,-0.8505661263381158,0
2025-04-24 09:00:00+07:00,75.0,7.4,70.0,/dl/web/weather/ic-w-01-clear-sky-full.svg,Đà Nẵng,0.7925538790701842,0,-0.14222014722506282,0
2025-04-24 10:00:00+07:00,72.0,7.4,66.0,/dl/web/weather/ic-w-01-clear-sky-full.svg,Đà Nẵng,0.6900114089688588,0,-0.14222014722506282,0
2025-04-24 11:00:00+07:00,72.0,7.4,66.0,/dl/web/weather/ic-w-01-clear-sky-full.svg,Đà Nẵng,0.6900114089688588,0,-0.14222014722506282,0
2025-04-24 12:00:00+07:00,75.0,9.2,59.0,/dl/web/weather/ic-w-01-clear-sky-full.svg,Đà Nẵng,0.7925538790701842,0,0.20238059937047623,0
2025-04-24 13:00:00+07:00,76.0,11.1,62.0,/dl/web/weather/ic-w-02-new-clouds-full.svg,Đà Nẵng,0.8267347024372926,0,0.5661258318879899,0
2025-04-24 14:00:00+07:00,73.0,9.2,58.0,/dl/web/weather/ic-w-02-new-clouds-full.svg,Đà Nẵng,0.7241922323359672,0,0.20238059937047623,0
2025-04-24 15:00:00+07:00,70.0,13.0,62.0,/dl/web/weather/ic-w-02-new-clouds-full.svg,Đà Nẵng,0.6216497622346419,0,0.9298710644055037,0
2025-04-24 16:00:00+07:00,68.0,18.5,66.0,/dl/web/weather/ic-w-02-new-clouds-full.svg,Đà Nẵng,0.5532881155004249,0,1.9828177901140958,0
2025-04-24 17:00:00+07:00,68.0,11.1,66.0,/dl/web/weather/ic-w-02-new-clouds-full.svg,Đà Nẵng,0.5532881155004249,0,0.5661258318879899,0
2025-04-24 18:00:00+07:00,65.0,7.4,78.0,/dl/web/weather/ic-w-02-new-clouds-full.svg,Đà Nẵng,0.45074564539909945,0,-0.14222014722506282,0
2025-04-24 19:00:00+07:00,59.0,5.5,83.0,/dl/web/weather/ic-w-02-new-clouds-full.svg,Đà Nẵng,0.24566070519644864,0,-0.5059653797425765,0
2025-04-24 20:00:00+07:00,87.0,5.5,78.0,/dl/web/weather/ic-w-10-night-clear-sky-full.svg,Đà Nẵng,1.2027237594754858,0,-0.5059653797425765,0
2025-04-24 21:00:00+07:00,58.0,5.5,78.0,/dl/web/weather/ic-w-10-night-clear-sky-full.svg,Đà Nẵng,0.21147988182934016,0,-0.5059653797425765,0
2025-04-24 22:00:00+07:00,58.0,3.7,83.0,/dl/web/weather/ic-w-10-night-clear-sky-full.svg,Đà Nẵng,0.21147988182934016,0,-0.8505661263381158,0
2025-04-24 23:00:00+07:00,58.0,0.0,78.0,/dl/web/weather/ic-w-10-night-clear-sky-full.svg,Đà Nẵng,0.21147988182934016,0,-1.5589121054511688,0
2025-04-25 00:00:00+07:00,61.0,0.0,78.0,/dl/web/weather/ic-w-10-night-clear-sky-full.svg,Đà Nẵng,0.3140223519306656,0,-1.5589121054511688,0
2025-04-25 01:00:00+07:00,65.0,3.7,83.0,/dl/web/weather/ic-w-10-night-clear-sky-full.svg,Đà Nẵng,0.45074564539909945,0,-0.8505661263381158,0
2025-04-25 02:00:00+07:00,69.0,5.5,83.0,/dl/web/weather/ic-w-10-night-clear-sky-full.svg,Đà Nẵng,0.5874689388675334,0,-0.5059653797425765,0
2025-04-25 03:00:00+07:00,71.0,7.4,83.0,/dl/web/weather/ic-w-10-night-clear-sky-full.svg,Đà Nẵng,0.6558305856017503,0,-0.14222014722506282,0
2025-04-25 04:00:00+07:00,71.0,11.1,83.0,/dl/web/weather/ic-w-10-night-clear-sky-full.svg,Đà Nẵng,0.6558305856017503,0,0.5661258318879899,0
2025-04-25 06:00:00+07:00,88.0,7.4,83.0,/dl/web/weather/ic-w-11-night-few-clouds-full.svg,Đà Nẵng,1.2369045828425942,0,-0.14222014722506282,0
2025-04-25 07:00:00+07:00,96.0,7.4,83.0,/dl/web/weather/ic-w-02-new-clouds-full.svg,Đà Nẵng,1.510351169779462,0,-0.14222014722506282,0
2025-04-25 08:00:00+07:00,102.0,11.1,74.0,/dl/web/weather/ic-w-02-new-clouds-full.svg,Đà Nẵng,1.715436109982113,0,0.5661258318879899,0
2025-04-25 09:00:00+07:00,139.0,7.4,66.0,/dl/web/weather/ic-w-02-new-clouds-full.svg,Đà Nẵng,2.980126574565126,0,-0.14222014722506282,0
2025-04-25 10:00:00+07:00,139.0,1.8,55.0,/dl/web/weather/ic-w-02-new-clouds-full.svg,Đà Nẵng,2.980126574565126,0,-1.2143113588556296,0
2025-04-25 11:00:00+07:00,139.0,1.8,55.0,/dl/web/weather/ic-w-02-new-clouds-full.svg,Đà Nẵng,2.980126574565126,0,-1.2143113588556296,0
2025-04-25 12:00:00+07:00,79.0,1.8,55.0,/dl/web/weather/ic-w-02-new-clouds-full.svg,Đà Nẵng,0.9292771725386181,0,-1.2143113588556296,0
2025-04-25 13:00:00+07:00,74.0,9.2,59.0,/dl/web/weather/ic-w-02-new-clouds-full.svg,Đà Nẵng,0.7583730557030757,0,0.20238059937047623,0
2025-04-25 14:00:00+07:00,70.0,13.0,66.0,/dl/web/weather/ic-w-06-rain-full.svg,Đà Nẵng,0.6216497622346419,0,0.9298710644055037,0
2025-04-25 15:00:00+07:00,70.0,13.0,70.0,/dl/web/weather/ic-w-06-rain-full.svg,Đà Nẵng,0.6216497622346419,0,0.9298710644055037,0
2025-04-25 16:00:00+07:00,70.0,9.2,83.0,/dl/web/weather/ic-w-06-rain-full.svg,Đà Nẵng,0.6216497622346419,0,0.20238059937047623,0
2025-04-25 17:00:00+07:00,81.0,16.7,74.0,/dl/web/weather/ic-w-06-rain-full.svg,Đà Nẵng,0.997638819272835,0,1.6382170435185563,0
2025-04-25 18:00:00+07:00,71.0,13.0,88.0,/dl/web/weather/ic-w-07-thunderstorms-full.svg,Đà Nẵng,0.6558305856017503,0,0.9298710644055037,0
2025-04-25 19:00:00+07:00,63.0,9.2,88.0,/dl/web/weather/ic-w-06-rain-full.svg,Đà Nẵng,0.38238399866488254,0,0.20238059937047623,0
2025-04-25 20:00:00+07:00,57.0,5.5,94.0,/dl/web/weather/ic-w-12-night-rain-full.svg,Đà Nẵng,0.1772990584622317,0,-0.5059653797425765,0
2025-04-25 21:00:00+07:00,61.0,5.5,94.0,/dl/web/weather/ic-w-12-night-rain-full.svg,Đà Nẵng,0.3140223519306656,0,-0.5059653797425765,0
2025-04-25 22:00:00+07:00,68.0,7.4,94.0,/dl/web/weather/ic-w-11-night-few-clouds-full.svg,Đà Nẵng,0.5532881155004249,0,-0.14222014722506282,0
2025-04-25 23:00:00+07:00,68.0,7.4,88.0,/dl/web/weather/ic-w-11-night-few-clouds-full.svg,Đà Nẵng,0.5532881155004249,0,-0.14222014722506282,0
2025-04-26 00:00:00+07:00,61.0,3.7,88.0,/dl/web/weather/ic-w-11-night-few-clouds-full.svg,Đà Nẵng,0.3140223519306656,0,-0.8505661263381158,0
2025-04-26 01:00:00+07:00,58.0,3.7,94.0,/dl/web/weather/ic-w-11-night-few-clouds-full.svg,Đà Nẵng,0.21147988182934016,0,-0.8505661263381158,0
2025-04-26 02:00:00+07:00,63.0,5.5,94.0,/dl/web/weather/ic-w-11-night-few-clouds-full.svg,Đà Nẵng,0.38238399866488254,0,-0.5059653797425765,0
2025-04-26 03:00:00+07:00,58.0,0.0,94.0,/dl/web/weather/ic-w-11-night-few-clouds-full.svg,Đà Nẵng,0.21147988182934016,0,-1.5589121054511688,0
2025-04-26 04:00:00+07:00,59.0,1.8,88.0,/dl/web/weather/ic-w-04-scattered-clouds-full.svg,Đà Nẵng,0.24566070519644864,0,-1.2143113588556296,0
2025-04-26 05:00:00+07:00,68.0,0.0,94.0,/dl/web/weather/ic-w-04-scattered-clouds-full.svg,Đà Nẵng,0.5532881155004249,0,-1.5589121054511688,0
2025-04-26 06:00:00+07:00,74.0,3.7,94.0,/dl/web/weather/ic-w-04-scattered-clouds-full.svg,Đà Nẵng,0.7583730557030757,0,-0.8505661263381158,0
2025-04-26 07:00:00+07:00,59.0,3.7,94.0,/dl/web/weather/ic-w-02-new-clouds-full.svg,Đà Nẵng,0.24566070519644864,0,-0.8505661263381158,0
2025-04-26 08:00:00+07:00,75.0,1.8,89.0,/dl/web/weather/ic-w-02-new-clouds-full.svg,Đà Nẵng,0.7925538790701842,0,-1.2143113588556296,0
2025-04-26 09:00:00+07:00,84.0,0.0,78.0,/dl/web/weather/ic-w-02-new-clouds-full.svg,Đà Nẵng,1.1001812893741605,0,-1.5589121054511688,0
2025-04-26 10:00:00+07:00,95.0,3.7,70.0,/dl/web/weather/ic-w-02-new-clouds-full.svg,Đà Nẵng,1.4761703464123537,0,-0.8505661263381158,0
2025-04-26 11:00:00+07:00,84.0,3.7,70.0,/dl/web/weather/ic-w-02-new-clouds-full.svg,Đà Nẵng,1.1001812893741605,0,-0.8505661263381158,0
2025-04-26 12:00:00+07:00,88.0,5.5,66.0,/dl/web/weather/ic-w-02-new-clouds-full.svg,Đà Nẵng,1.2369045828425942,0,-0.5059653797425765,0
2025-04-26 13:00:00+07:00,83.0,13.0,62.0,/dl/web/weather/ic-w-02-new-clouds-full.svg,Đà Nẵng,1.066000466007052,0,0.9298710644055037,0
2025-04-26 14:00:00+07:00,79.0,13.0,66.0,/dl/web/weather/ic-w-02-new-clouds-full.svg,Đà Nẵng,0.9292771725386181,0,0.9298710644055037,0
2025-04-26 15:00:00+07:00,77.0,13.0,62.0,/dl/web/weather/ic-w-02-new-clouds-full.svg,Đà Nẵng,0.8609155258044011,0,0.9298710644055037,0
2025-04-26 16:00:00+07:00,77.0,14.8,66.0,/dl/web/weather/ic-w-02-new-clouds-full.svg,Đà Nẵng,0.8609155258044011,0,1.2744718110010431,0
2025-04-26 17:00:00+07:00,71.0,11.1,70.0,/dl/web/weather/ic-w-02-new-clouds-full.svg,Đà Nẵng,0.6558305856017503,0,0.5661258318879899,0
2025-04-26 18:00:00+07:00,75.0,11.1,74.0,/dl/web/weather/ic-w-02-new-clouds-full.svg,Đà Nẵng,0.7925538790701842,0,0.5661258318879899,0
2025-04-26 19:00:00+07:00,75.0,9.2,78.0,/dl/web/weather/ic-w-02-new-clouds-full.svg,Đà Nẵng,0.7925538790701842,0,0.20238059937047623,0
2025-04-26 20:00:00+07:00,75.0,1.8,83.0,/dl/web/weather/ic-w-04-scattered-clouds-full.svg,Đà Nẵng,0.7925538790701842,0,-1.2143113588556296,0
2025-04-26 21:00:00+07:00,75.0,1.8,83.0,/dl/web/weather/ic-w-04-scattered-clouds-full.svg,Đà Nẵng,0.7925538790701842,0,-1.2143113588556296,0
2025-04-26 22:00:00+07:00,69.0,3.7,83.0,/dl/web/weather/ic-w-04-scattered-clouds-full.svg,Đà Nẵng,0.5874689388675334,0,-0.8505661263381158,0
2025-04-26 23:00:00+07:00,68.0,5.5,83.0,/dl/web/weather/ic-w-04-scattered-clouds-full.svg,Đà Nẵng,0.5532881155004249,0,-0.5059653797425765,0
2025-04-27 00:00:00+07:00,58.0,5.5,83.0,/dl/web/weather/ic-w-04-scattered-clouds-full.svg,Đà Nẵng,0.21147988182934016,0,-0.5059653797425765,0
2025-04-27 01:00:00+07:00,54.0,7.4,89.0,/dl/web/weather/ic-w-04-scattered-clouds-full.svg,Đà Nẵng,0.07475658836090629,0,-0.14222014722506282,0
2025-04-27 02:00:00+07:00,56.0,1.8,89.0,/dl/web/weather/ic-w-11-night-few-clouds-full.svg,Đà Nẵng,0.14311823509512323,0,-1.2143113588556296,0
2025-04-27 03:00:00+07:00,56.0,1.8,89.0,/dl/web/weather/ic-w-04-scattered-clouds-full.svg,Đà Nẵng,0.14311823509512323,0,-1.2143113588556296,0
2025-04-27 04:00:00+07:00,58.0,3.7,94.0,/dl/web/weather/ic-w-04-scattered-clouds-full.svg,Đà Nẵng,0.21147988182934016,0,-0.8505661263381158,0
2025-04-27 05:00:00+07:00,60.0,7.4,94.0,/dl/web/weather/ic-w-11-night-few-clouds-full.svg,Đà Nẵng,0.2798415285635571,0,-0.14222014722506282,0
2025-04-27 06:00:00+07:00,69.0,5.5,94.0,/dl/web/weather/ic-w-04-scattered-clouds-full.svg,Đà Nẵng,0.5874689388675334,0,-0.5059653797425765,0
2025-04-27 07:00:00+07:00,79.0,3.7,94.0,/dl/web/weather/ic-w-09-mist-full.svg,Đà Nẵng,0.9292771725386181,0,-0.8505661263381158,0
2025-04-27 08:00:00+07:00,97.0,3.7,94.0,/dl/web/weather/ic-w-09-mist-full.svg,Đà Nẵng,1.5445319931465706,0,-0.8505661263381158,0
2025-04-27 09:00:00+07:00,102.0,5.5,79.0,/dl/web/weather/ic-w-04-scattered-clouds-full.svg,Đà Nẵng,1.715436109982113,0,-0.5059653797425765,0
2025-04-27 10:00:00+07:00,94.0,5.5,74.0,/dl/web/weather/ic-w-02-new-clouds-full.svg,Đà Nẵng,1.441989523045245,0,-0.5059653797425765,0
2025-04-27 11:00:00+07:00,94.0,5.5,74.0,/dl/web/weather/ic-w-02-new-clouds-full.svg,Đà Nẵng,1.441989523045245,0,-0.5059653797425765,0
2025-04-27 12:00:00+07:00,88.0,9.2,70.0,/dl/web/weather/ic-w-01-clear-sky-full.svg,Đà Nẵng,1.2369045828425942,0,0.20238059937047623,0
2025-04-27 13:00:00+07:00,76.0,11.1,70.0,/dl/web/weather/ic-w-01-clear-sky-full.svg,Đà Nẵng,0.8267347024372926,0,0.5661258318879899,0
2025-04-27 14:00:00+07:00,67.0,14.8,62.0,/dl/web/weather/ic-w-02-new-clouds-full.svg,Đà Nẵng,0.5191072921333164,0,1.2744718110010431,0
2025-04-27 15:00:00+07:00,62.0,16.7,66.0,/dl/web/weather/ic-w-02-new-clouds-full.svg,Đà Nẵng,0.34820317529777406,0,1.6382170435185563,0
2025-04-27 16:00:00+07:00,53.0,14.8,66.0,/dl/web/weather/ic-w-02-new-clouds-full.svg,Đà Nẵng,0.040575764993797815,0,1.2744718110010431,0
2025-04-27 17:00:00+07:00,53.0,16.7,62.0,/dl/web/weather/ic-w-02-new-clouds-full.svg,Đà Nẵng,0.040575764993797815,0,1.6382170435185563,0
2025-04-27 18:00:00+07:00,32.0,14.8,65.0,/dl/web/weather/ic-w-02-new-clouds-full.svg,Đà Nẵng,-0.6772215257154801,0,1.2744718110010431,0
2025-04-27 19:00:00+07:00,30.0,9.2,78.0,/dl/web/weather/ic-w-11-night-few-clouds-full.svg,Đà Nẵng,-0.7455831724496971,0,0.20238059937047623,0
2025-04-27 20:00:00+07:00,59.0,7.4,78.0,/dl/web/weather/ic-w-11-night-few-clouds-full.svg,Đà Nẵng,0.24566070519644864,0,-0.14222014722506282,0
2025-04-27 21:00:00+07:00,53.0,7.4,78.0,/dl/web/weather/ic-w-11-night-few-clouds-full.svg,Đà Nẵng,0.040575764993797815,0,-0.14222014722506282,0
2025-04-27 22:00:00+07:00,35.0,1.8,83.0,/dl/web/weather/ic-w-11-night-few-clouds-full.svg,Đà Nẵng,-0.5746790556141547,0,-1.2143113588556296,0
2025-04-27 23:00:00+07:00,32.0,1.8,83.0,/dl/web/weather/ic-w-04-scattered-clouds-full.svg,Đà Nẵng,-0.6772215257154801,0,-1.2143113588556296,0
2025-04-28 00:00:00+07:00,39.0,1.8,83.0,/dl/web/weather/ic-w-04-scattered-clouds-full.svg,Đà Nẵng,-0.4379557621457208,0,-1.2143113588556296,0
2025-04-28 01:00:00+07:00,33.0,3.7,78.0,/dl/web/weather/ic-w-04-scattered-clouds-full.svg,Đà Nẵng,-0.6430407023483716,0,-0.8505661263381158,0
2025-04-28 02:00:00+07:00,39.0,5.5,83.0,/dl/web/weather/ic-w-04-scattered-clouds-full.svg,Đà Nẵng,-0.4379557621457208,0,-0.5059653797425765,0
2025-04-28 03:00:00+07:00,53.0,1.8,89.0,/dl/web/weather/ic-w-11-night-few-clouds-full.svg,Đà Nẵng,0.040575764993797815,0,-1.2143113588556296,0
2025-04-28 04:00:00+07:00,53.0,1.8,89.0,/dl/web/weather/ic-w-11-night-few-clouds-full.svg,Đà Nẵng,0.040575764993797815,0,-1.2143113588556296,0
2025-04-28 05:00:00+07:00,62.0,3.7,88.0,/dl/web/weather/ic-w-11-night-few-clouds-full.svg,Đà Nẵng,0.34820317529777406,0,-0.8505661263381158,0
2025-04-28 06:00:00+07:00,69.0,3.7,94.0,/dl/web/weather/ic-w-02-new-clouds-full.svg,Đà Nẵng,0.5874689388675334,0,-0.8505661263381158,0
2025-04-28 07:00:00+07:00,69.0,5.5,89.0,/dl/web/weather/ic-w-02-new-clouds-full.svg,Đà Nẵng,0.5874689388675334,0,-0.5059653797425765,0
2025-04-28 08:00:00+07:00,86.0,5.5,83.0,/dl/web/weather/ic-w-01-clear-sky-full.svg,Đà Nẵng,1.1685429361083775,0,-0.5059653797425765,0
2025-04-28 09:00:00+07:00,64.0,5.5,74.0,/dl/web/weather/ic-w-01-clear-sky-full.svg,Đà Nẵng,0.416564822031991,0,-0.5059653797425765,0
2025-04-28 10:00:00+07:00,66.0,9.2,70.0,/dl/web/weather/ic-w-02-new-clouds-full.svg,Đà Nẵng,0.48492646876620793,0,0.20238059937047623,0
2025-04-28 11:00:00+07:00,66.0,11.1,66.0,/dl/web/weather/ic-w-02-new-clouds-full.svg,Đà Nẵng,0.48492646876620793,0,0.5661258318879899,0
2025-04-28 12:00:00+07:00,67.0,13.0,62.0,/dl/web/weather/ic-w-02-new-clouds-full.svg,Đà Nẵng,0.5191072921333164,0,0.9298710644055037,0
2025-04-28 13:00:00+07:00,63.0,14.8,58.0,/dl/web/weather/ic-w-02-new-clouds-full.svg,Đà Nẵng,0.38238399866488254,0,1.2744718110010431,0
2025-04-28 14:00:00+07:00,73.0,16.7,58.0,/dl/web/weather/ic-w-02-new-clouds-full.svg,Đà Nẵng,0.7241922323359672,0,1.6382170435185563,0
2025-04-28 15:00:00+07:00,73.0,18.5,62.0,/dl/web/weather/ic-w-02-new-clouds-full.svg,Đà Nẵng,0.7241922323359672,0,1.9828177901140958,0
2025-04-28 16:00:00+07:00,57.0,18.5,66.0,/dl/web/weather/ic-w-02-new-clouds-full.svg,Đà Nẵng,0.1772990584622317,0,1.9828177901140958,0
2025-04-28 17:00:00+07:00,57.0,13.0,74.0,/dl/web/weather/ic-w-06-rain-full.svg,Đà Nẵng,0.1772990584622317,0,0.9298710644055037,0
2025-04-28 18:00:00+07:00,58.0,9.2,78.0,/dl/web/weather/ic-w-06-rain-full.svg,Đà Nẵng,0.21147988182934016,0,0.20238059937047623,0
2025-04-28 19:00:00+07:00,58.0,5.5,83.0,/dl/web/weather/ic-w-10-night-clear-sky-full.svg,Đà Nẵng,0.21147988182934016,0,-0.5059653797425765,0
2025-04-28 20:00:00+07:00,57.0,7.4,89.0,/dl/web/weather/ic-w-11-night-few-clouds-full.svg,Đà Nẵng,0.1772990584622317,0,-0.14222014722506282,0
2025-04-28 21:00:00+07:00,57.0,3.7,89.0,/dl/web/weather/ic-w-04-scattered-clouds-full.svg,Đà Nẵng,0.1772990584622317,0,-0.8505661263381158,0
2025-04-28 22:00:00+07:00,58.0,3.7,89.0,/dl/web/weather/ic-w-04-scattered-clouds-full.svg,Đà Nẵng,0.21147988182934016,0,-0.8505661263381158,0
2025-04-28 23:00:00+07:00,58.0,7.4,89.0,/dl/web/weather/ic-w-04-scattered-clouds-full.svg,Đà Nẵng,0.21147988182934016,0,-0.14222014722506282,0
2025-04-29 01:00:00+07:00,62.0,1.8,83.0,/dl/web/weather/ic-w-11-night-few-clouds-full.svg,Đà Nẵng,0.34820317529777406,0,-1.2143113588556296,0
2025-04-29 02:00:00+07:00,66.0,1.8,83.0,/dl/web/weather/ic-w-11-night-few-clouds-full.svg,Đà Nẵng,0.48492646876620793,0,-1.2143113588556296,0
2025-04-29 03:00:00+07:00,64.0,3.7,89.0,/dl/web/weather/ic-w-11-night-few-clouds-full.svg,Đà Nẵng,0.416564822031991,0,-0.8505661263381158,0
2025-04-29 04:00:00+07:00,68.0,3.7,89.0,/dl/web/weather/ic-w-11-night-few-clouds-full.svg,Đà Nẵng,0.5532881155004249,0,-0.8505661263381158,0
2025-04-29 05:00:00+07:00,68.0,1.8,83.0,/dl/web/weather/ic-w-11-night-few-clouds-full.svg,Đà Nẵng,0.5532881155004249,0,-1.2143113588556296,0
2025-04-29 06:00:00+07:00,77.0,1.8,88.0,/dl/web/weather/ic-w-04-scattered-clouds-full.svg,Đà Nẵng,0.8609155258044011,0,-1.2143113588556296,0
2025-04-29 07:00:00+07:00,77.0,0.0,89.0,/dl/web/weather/ic-w-02-new-clouds-full.svg,Đà Nẵng,0.8609155258044011,0,-1.5589121054511688,0
2025-04-29 08:00:00+07:00,77.0,1.8,78.0,/dl/web/weather/ic-w-01-clear-sky-full.svg,Đà Nẵng,0.8609155258044011,0,-1.2143113588556296,0
2025-04-29 09:00:00+07:00,84.0,1.8,70.0,/dl/web/weather/ic-w-04-scattered-clouds-full.svg,Đà Nẵng,1.1001812893741605,0,-1.2143113588556296,0
2025-04-29 10:00:00+07:00,84.0,3.7,62.0,/dl/web/weather/ic-w-02-new-clouds-full.svg,Đà Nẵng,1.1001812893741605,0,-0.8505661263381158,0
2025-04-29 11:00:00+07:00,84.0,3.7,62.0,/dl/web/weather/ic-w-02-new-clouds-full.svg,Đà Nẵng,1.1001812893741605,0,-0.8505661263381158,0
2025-04-29 12:00:00+07:00,61.0,11.1,51.0,/dl/web/weather/ic-w-02-new-clouds-full.svg,Đà Nẵng,0.3140223519306656,0,0.5661258318879899,0
2025-04-29 13:00:00+07:00,62.0,11.1,51.0,/dl/web/weather/ic-w-02-new-clouds-full.svg,Đà Nẵng,0.34820317529777406,0,0.5661258318879899,0
2025-04-29 14:00:00+07:00,62.0,13.0,58.0,/dl/web/weather/ic-w-02-new-clouds-full.svg,Đà Nẵng,0.34820317529777406,0,0.9298710644055037,0
2025-04-29 15:00:00+07:00,58.0,13.0,66.0,/dl/web/weather/ic-w-02-new-clouds-full.svg,Đà Nẵng,0.21147988182934016,0,0.9298710644055037,0
2025-04-29 16:00:00+07:00,53.0,13.0,66.0,/dl/web/weather/ic-w-02-new-clouds-full.svg,Đà Nẵng,0.040575764993797815,0,0.9298710644055037,0
2025-04-29 17:00:00+07:00,53.0,11.1,74.0,/dl/web/weather/ic-w-06-rain-full.svg,Đà Nẵng,0.040575764993797815,0,0.5661258318879899,0
2025-04-29 18:00:00+07:00,50.0,11.1,74.0,/dl/web/weather/ic-w-06-rain-full.svg,Đà Nẵng,-0.0619667051075276,0,0.5661258318879899,0
2025-04-29 19:00:00+07:00,50.0,5.5,83.0,/dl/web/weather/ic-w-11-night-few-clouds-full.svg,Đà Nẵng,-0.0619667051075276,0,-0.5059653797425765,0
2025-04-29 20:00:00+07:00,74.0,3.7,83.0,/dl/web/weather/ic-w-11-night-few-clouds-full.svg,Đà Nẵng,0.7583730557030757,0,-0.8505661263381158,0
2025-04-29 21:00:00+07:00,49.0,3.7,89.0,/dl/web/weather/ic-w-11-night-few-clouds-full.svg,Đà Nẵng,-0.09614752847463608,0,-0.8505661263381158,0
2025-04-29 22:00:00+07:00,51.0,3.7,89.0,/dl/web/weather/ic-w-11-night-few-clouds-full.svg,Đà Nẵng,-0.027785881740419127,0,-0.8505661263381158,0
2025-04-29 23:00:00+07:00,51.0,3.7,89.0,/dl/web/weather/ic-w-11-night-few-clouds-full.svg,Đà Nẵng,-0.027785881740419127,0,-0.8505661263381158,0
2025-04-30 00:00:00+07:00,50.0,3.7,89.0,/dl/web/weather/ic-w-11-night-few-clouds-full.svg,Đà Nẵng,-0.0619667051075276,0,-0.8505661263381158,0
2025-04-30 01:00:00+07:00,66.0,3.7,94.0,/dl/web/weather/ic-w-10-night-clear-sky-full.svg,Đà Nẵng,0.48492646876620793,0,-0.8505661263381158,0
2025-04-30 02:00:00+07:00,75.0,3.7,94.0,/dl/web/weather/ic-w-10-night-clear-sky-full.svg,Đà Nẵng,0.7925538790701842,0,-0.8505661263381158,0
2025-04-30 03:00:00+07:00,75.0,5.5,88.0,/dl/web/weather/ic-w-10-night-clear-sky-full.svg,Đà Nẵng,0.7925538790701842,0,-0.5059653797425765,0
2025-04-30 04:00:00+07:00,81.0,5.5,88.0,/dl/web/weather/ic-w-10-night-clear-sky-full.svg,Đà Nẵng,0.997638819272835,0,-0.5059653797425765,0
2025-04-30 05:00:00+07:00,88.0,5.5,88.0,/dl/web/weather/ic-w-10-night-clear-sky-full.svg,Đà Nẵng,1.2369045828425942,0,-0.5059653797425765,0
2025-04-30 06:00:00+07:00,75.0,0.0,88.0,/dl/web/weather/ic-w-10-night-clear-sky-full.svg,Đà Nẵng,0.7925538790701842,0,-1.5589121054511688,0
2025-04-30 07:00:00+07:00,86.0,7.4,88.0,/dl/web/weather/ic-w-01-clear-sky-full.svg,Đà Nẵng,1.1685429361083775,0,-0.14222014722506282,0
2025-04-30 08:00:00+07:00,79.0,1.8,74.0,/dl/web/weather/ic-w-01-clear-sky-full.svg,Đà Nẵng,0.9292771725386181,0,-1.2143113588556296,0
2025-04-30 09:00:00+07:00,66.0,3.7,65.0,/dl/web/weather/ic-w-01-clear-sky-full.svg,Đà Nẵng,0.48492646876620793,0,-0.8505661263381158,0
2025-04-30 10:00:00+07:00,66.0,3.7,58.0,/dl/web/weather/ic-w-02-new-clouds-full.svg,Đà Nẵng,0.48492646876620793,0,-0.8505661263381158,0
2025-04-30 11:00:00+07:00,66.0,1.8,55.0,/dl/web/weather/ic-w-02-new-clouds-full.svg,Đà Nẵng,0.48492646876620793,0,-1.2143113588556296,0
2025-04-30 12:00:00+07:00,58.0,7.4,55.0,/dl/web/weather/ic-w-02-new-clouds-full.svg,Đà Nẵng,0.21147988182934016,0,-0.14222014722506282,0
2025-04-30 13:00:00+07:00,58.0,13.0,55.0,/dl/web/weather/ic-w-02-new-clouds-full.svg,Đà Nẵng,0.21147988182934016,0,0.9298710644055037,0
2025-04-30 14:00:00+07:00,60.0,13.0,55.0,/dl/web/weather/ic-w-02-new-clouds-full.svg,Đà Nẵng,0.2798415285635571,0,0.9298710644055037,0
2025-04-30 15:00:00+07:00,50.0,16.7,58.0,/dl/web/weather/ic-w-02-new-clouds-full.svg,Đà Nẵng,-0.0619667051075276,0,1.6382170435185563,0
2025-04-30 16:00:00+07:00,44.0,16.7,58.0,/dl/web/weather/ic-w-02-new-clouds-full.svg,Đà Nẵng,-0.26705164531017844,0,1.6382170435185563,0
2025-04-30 17:00:00+07:00,39.0,14.8,62.0,/dl/web/weather/ic-w-02-new-clouds-full.svg,Đà Nẵng,-0.4379557621457208,0,1.2744718110010431,0
2025-04-30 18:00:00+07:00,37.0,13.0,74.0,/dl/web/weather/ic-w-02-new-clouds-full.svg,Đà Nẵng,-0.5063174088799377,0,0.9298710644055037,0
2025-04-30 19:00:00+07:00,39.0,5.5,78.0,/dl/web/weather/ic-w-11-night-few-clouds-full.svg,Đà Nẵng,-0.4379557621457208,0,-0.5059653797425765,0
2025-04-30 20:00:00+07:00,40.0,3.7,78.0,/dl/web/weather/ic-w-10-night-clear-sky-full.svg,Đà Nẵng,-0.4037749387786123,0,-0.8505661263381158,0
2025-04-30 21:00:00+07:00,40.0,3.7,78.0,/dl/web/weather/ic-w-10-night-clear-sky-full.svg,Đà Nẵng,-0.4037749387786123,0,-0.8505661263381158,0
2025-04-30 22:00:00+07:00,39.0,1.8,83.0,/dl/web/weather/ic-w-11-night-few-clouds-full.svg,Đà Nẵng,-0.4379557621457208,0,-1.2143113588556296,0
2025-04-30 23:00:00+07:00,40.0,1.8,83.0,/dl/web/weather/ic-w-11-night-few-clouds-full.svg,Đà Nẵng,-0.4037749387786123,0,-1.2143113588556296,0
2025-05-01 00:00:00+07:00,44.0,1.8,83.0,/dl/web/weather/ic-w-11-night-few-clouds-full.svg,Đà Nẵng,-0.26705164531017844,0,-1.2143113588556296,0
2025-05-01 01:00:00+07:00,44.0,1.8,83.0,/dl/web/weather/ic-w-11-night-few-clouds-full.svg,Đà Nẵng,-0.26705164531017844,0,-1.2143113588556296,0
2025-05-01 02:00:00+07:00,44.0,1.8,83.0,/dl/web/weather/ic-w-11-night-few-clouds-full.svg,Đà Nẵng,-0.26705164531017844,0,-1.2143113588556296,0
2025-05-01 03:00:00+07:00,62.0,1.8,89.0,/dl/web/weather/ic-w-11-night-few-clouds-full.svg,Đà Nẵng,0.34820317529777406,0,-1.2143113588556296,0
2025-05-01 04:00:00+07:00,62.0,1.8,89.0,/dl/web/weather/ic-w-11-night-few-clouds-full.svg,Đà Nẵng,0.34820317529777406,0,-1.2143113588556296,0
2025-05-01 05:00:00+07:00,62.0,0.0,83.0,/dl/web/weather/ic-w-11-night-few-clouds-full.svg,Đà Nẵng,0.34820317529777406,0,-1.5589121054511688,0
2025-05-01 06:00:00+07:00,62.0,5.5,88.0,/dl/web/weather/ic-w-11-night-few-clouds-full.svg,Đà Nẵng,0.34820317529777406,0,-0.5059653797425765,0
2025-05-01 07:00:00+07:00,64.0,0.0,83.0,/dl/web/weather/ic-w-01-clear-sky-full.svg,Đà Nẵng,0.416564822031991,0,-1.5589121054511688,0
2025-05-01 08:00:00+07:00,88.0,1.8,74.0,/dl/web/weather/ic-w-01-clear-sky-full.svg,Đà Nẵng,1.2369045828425942,0,-1.2143113588556296,0
2025-05-01 09:00:00+07:00,81.0,3.7,70.0,/dl/web/weather/ic-w-02-new-clouds-full.svg,Đà Nẵng,0.997638819272835,0,-0.8505661263381158,0
2025-05-01 10:00:00+07:00,68.0,5.5,62.0,/dl/web/weather/ic-w-02-new-clouds-full.svg,Đà Nẵng,0.5532881155004249,0,-0.5059653797425765,0
2025-05-01 11:00:00+07:00,68.0,7.4,58.0,/dl/web/weather/ic-w-02-new-clouds-full.svg,Đà Nẵng,0.5532881155004249,0,-0.14222014722506282,0
2025-05-01 12:00:00+07:00,69.0,7.4,58.0,/dl/web/weather/ic-w-02-new-clouds-full.svg,Đà Nẵng,0.5874689388675334,0,-0.14222014722506282,0
2025-05-01 13:00:00+07:00,62.0,14.8,62.0,/dl/web/weather/ic-w-02-new-clouds-full.svg,Đà Nẵng,0.34820317529777406,0,1.2744718110010431,0
2025-05-01 14:00:00+07:00,58.0,14.8,62.0,/dl/web/weather/ic-w-02-new-clouds-full.svg,Đà Nẵng,0.21147988182934016,0,1.2744718110010431,0
2025-05-01 15:00:00+07:00,56.0,16.7,62.0,/dl/web/weather/ic-w-06-rain-full.svg,Đà Nẵng,0.14311823509512323,0,1.6382170435185563,0
2025-05-01 16:00:00+07:00,58.0,16.7,66.0,/dl/web/weather/ic-w-02-new-clouds-full.svg,Đà Nẵng,0.21147988182934016,0,1.6382170435185563,0
2025-05-01 17:00:00+07:00,58.0,16.7,66.0,/dl/web/weather/ic-w-02-new-clouds-full.svg,Đà Nẵng,0.21147988182934016,0,1.6382170435185563,0
2025-05-01 18:00:00+07:00,56.0,14.8,66.0,/dl/web/weather/ic-w-02-new-clouds-full.svg,Đà Nẵng,0.14311823509512323,0,1.2744718110010431,0
2025-05-01 19:00:00+07:00,57.0,9.2,70.0,/dl/web/weather/ic-w-12-night-rain-full.svg,Đà Nẵng,0.1772990584622317,0,0.20238059937047623,0
2025-05-01 20:00:00+07:00,58.0,5.5,78.0,/dl/web/weather/ic-w-11-night-few-clouds-full.svg,Đà Nẵng,0.21147988182934016,0,-0.5059653797425765,0
2025-05-01 21:00:00+07:00,60.0,3.7,83.0,/dl/web/weather/ic-w-11-night-few-clouds-full.svg,Đà Nẵng,0.2798415285635571,0,-0.8505661263381158,0
2025-05-01 22:00:00+07:00,62.0,3.7,83.0,/dl/web/weather/ic-w-11-night-few-clouds-full.svg,Đà Nẵng,0.34820317529777406,0,-0.8505661263381158,0
2025-05-01 23:00:00+07:00,77.0,3.7,83.0,/dl/web/weather/ic-w-04-scattered-clouds-full.svg,Đà Nẵng,0.8609155258044011,0,-0.8505661263381158,0
2025-05-02 00:00:00+07:00,64.0,5.5,83.0,/dl/web/weather/ic-w-04-scattered-clouds-full.svg,Đà Nẵng,0.416564822031991,0,-0.5059653797425765,0
2025-05-02 01:00:00+07:00,64.0,1.8,83.0,/dl/web/weather/ic-w-04-scattered-clouds-full.svg,Đà Nẵng,0.416564822031991,0,-1.2143113588556296,0
2025-05-02 02:00:00+07:00,69.0,1.8,83.0,/dl/web/weather/ic-w-04-scattered-clouds-full.svg,Đà Nẵng,0.5874689388675334,0,-1.2143113588556296,0
2025-05-02 03:00:00+07:00,69.0,3.7,89.0,/dl/web/weather/ic-w-04-scattered-clouds-full.svg,Đà Nẵng,0.5874689388675334,0,-0.8505661263381158,0
2025-05-02 04:00:00+07:00,69.0,3.7,88.0,/dl/web/weather/ic-w-04-scattered-clouds-full.svg,Đà Nẵng,0.5874689388675334,0,-0.8505661263381158,0
2025-05-02 06:00:00+07:00,75.0,3.7,88.0,/dl/web/weather/ic-w-11-night-few-clouds-full.svg,Đà Nẵng,0.7925538790701842,0,-0.8505661263381158,0
2025-05-02 07:00:00+07:00,84.0,3.7,83.0,/dl/web/weather/ic-w-02-new-clouds-full.svg,Đà Nẵng,1.1001812893741605,0,-0.8505661263381158,0
2025-05-02 08:00:00+07:00,73.0,1.8,74.0,/dl/web/weather/ic-w-01-clear-sky-full.svg,Đà Nẵng,0.7241922323359672,0,-1.2143113588556296,0
2025-05-02 09:00:00+07:00,76.0,1.8,66.0,/dl/web/weather/ic-w-02-new-clouds-full.svg,Đà Nẵng,0.8267347024372926,0,-1.2143113588556296,0
2025-05-02 10:00:00+07:00,77.0,3.7,62.0,/dl/web/weather/ic-w-02-new-clouds-full.svg,Đà Nẵng,0.8609155258044011,0,-0.8505661263381158,0
2025-05-02 11:00:00+07:00,77.0,3.7,62.0,/dl/web/weather/ic-w-02-new-clouds-full.svg,Đà Nẵng,0.8609155258044011,0,-0.8505661263381158,0
2025-05-02 12:00:00+07:00,84.0,13.0,58.0,/dl/web/weather/ic-w-02-new-clouds-full.svg,Đà Nẵng,1.1001812893741605,0,0.9298710644055037,0
2025-05-02 13:00:00+07:00,71.0,13.0,58.0,/dl/web/weather/ic-w-02-new-clouds-full.svg,Đà Nẵng,0.6558305856017503,0,0.9298710644055037,0
2025-05-02 14:00:00+07:00,69.0,14.8,55.0,/dl/web/weather/ic-w-02-new-clouds-full.svg,Đà Nẵng,0.5874689388675334,0,1.2744718110010431,0
2025-05-02 15:00:00+07:00,69.0,13.0,55.0,/dl/web/weather/ic-w-02-new-clouds-full.svg,Đà Nẵng,0.5874689388675334,0,0.9298710644055037,0
2025-05-02 16:00:00+07:00,69.0,13.0,55.0,/dl/web/weather/ic-w-02-new-clouds-full.svg,Đà Nẵng,0.5874689388675334,0,0.9298710644055037,0
2025-05-02 17:00:00+07:00,69.0,13.0,66.0,/dl/web/weather/ic-w-02-new-clouds-full.svg,Đà Nẵng,0.5874689388675334,0,0.9298710644055037,0
2025-05-02 18:00:00+07:00,76.0,13.0,66.0,/dl/web/weather/ic-w-02-new-clouds-full.svg,Đà Nẵng,0.8267347024372926,0,0.9298710644055037,0
2025-05-02 19:00:00+07:00,72.0,7.4,74.0,/dl/web/weather/ic-w-11-night-few-clouds-full.svg,Đà Nẵng,0.6900114089688588,0,-0.14222014722506282,0
2025-05-02 20:00:00+07:00,73.0,3.7,83.0,/dl/web/weather/ic-w-11-night-few-clouds-full.svg,Đà Nẵng,0.7241922323359672,0,-0.8505661263381158,0
2025-05-02 21:00:00+07:00,73.0,3.7,83.0,/dl/web/weather/ic-w-11-night-few-clouds-full.svg,Đà Nẵng,0.7241922323359672,0,-0.8505661263381158,0
2025-05-02 22:00:00+07:00,68.0,3.7,83.0,/dl/web/weather/ic-w-11-night-few-clouds-full.svg,Đà Nẵng,0.5532881155004249,0,-0.8505661263381158,0
2025-05-02 23:00:00+07:00,58.0,3.7,83.0,/dl/web/weather/ic-w-11-night-few-clouds-full.svg,Đà Nẵng,0.21147988182934016,0,-0.8505661263381158,0
2025-05-03 00:00:00+07:00,58.0,5.5,89.0,/dl/web/weather/ic-w-11-night-few-clouds-full.svg,Đà Nẵng,0.21147988182934016,0,-0.5059653797425765,0
2025-05-03 01:00:00+07:00,77.0,1.8,83.0,/dl/web/weather/ic-w-11-night-few-clouds-full.svg,Đà Nẵng,0.8609155258044011,0,-1.2143113588556296,0
2025-05-03 02:00:00+07:00,78.0,1.8,83.0,/dl/web/weather/ic-w-11-night-few-clouds-full.svg,Đà Nẵng,0.8950963491715096,0,-1.2143113588556296,0
2025-05-03 03:00:00+07:00,90.0,3.7,89.0,/dl/web/weather/ic-w-11-night-few-clouds-full.svg,Đà Nẵng,1.3052662295768112,0,-0.8505661263381158,0
2025-05-03 04:00:00+07:00,80.0,3.7,88.0,/dl/web/weather/ic-w-10-night-clear-sky-full.svg,Đà Nẵng,0.9634579959057266,0,-0.8505661263381158,0
2025-05-03 05:00:00+07:00,86.0,5.5,88.0,/dl/web/weather/ic-w-10-night-clear-sky-full.svg,Đà Nẵng,1.1685429361083775,0,-0.5059653797425765,0
2025-05-03 06:00:00+07:00,94.0,5.5,88.0,/dl/web/weather/ic-w-10-night-clear-sky-full.svg,Đà Nẵng,1.441989523045245,0,-0.5059653797425765,0
2025-05-03 07:00:00+07:00,79.0,5.5,83.0,/dl/web/weather/ic-w-01-clear-sky-full.svg,Đà Nẵng,0.9292771725386181,0,-0.5059653797425765,0
2025-05-03 08:00:00+07:00,90.0,9.2,78.0,/dl/web/weather/ic-w-01-clear-sky-full.svg,Đà Nẵng,1.3052662295768112,0,0.20238059937047623,0
2025-05-03 09:00:00+07:00,82.0,7.4,70.0,/dl/web/weather/ic-w-02-new-clouds-full.svg,Đà Nẵng,1.0318196426399435,0,-0.14222014722506282,0
2025-05-03 10:00:00+07:00,79.0,7.4,66.0,/dl/web/weather/ic-w-02-new-clouds-full.svg,Đà Nẵng,0.9292771725386181,0,-0.14222014722506282,0
2025-05-03 11:00:00+07:00,79.0,7.4,70.0,/dl/web/weather/ic-w-02-new-clouds-full.svg,Đà Nẵng,0.9292771725386181,0,-0.14222014722506282,0
2025-05-03 12:00:00+07:00,85.0,13.0,66.0,/dl/web/weather/ic-w-02-new-clouds-full.svg,Đà Nẵng,1.1343621127412689,0,0.9298710644055037,0
2025-05-03 13:00:00+07:00,85.0,13.0,58.0,/dl/web/weather/ic-w-02-new-clouds-full.svg,Đà Nẵng,1.1343621127412689,0,0.9298710644055037,0
2025-05-03 14:00:00+07:00,73.0,13.0,58.0,/dl/web/weather/ic-w-02-new-clouds-full.svg,Đà Nẵng,0.7241922323359672,0,0.9298710644055037,0
2025-05-03 15:00:00+07:00,68.0,13.0,66.0,/dl/web/weather/ic-w-02-new-clouds-full.svg,Đà Nẵng,0.5532881155004249,0,0.9298710644055037,0
2025-05-03 16:00:00+07:00,65.0,13.0,66.0,/dl/web/weather/ic-w-02-new-clouds-full.svg,Đà Nẵng,0.45074564539909945,0,0.9298710644055037,0
2025-05-03 17:00:00+07:00,63.0,13.0,66.0,/dl/web/weather/ic-w-02-new-clouds-full.svg,Đà Nẵng,0.38238399866488254,0,0.9298710644055037,0
2025-05-03 18:00:00+07:00,63.0,14.8,70.0,/dl/web/weather/ic-w-02-new-clouds-full.svg,Đà Nẵng,0.38238399866488254,0,1.2744718110010431,0
2025-05-03 19:00:00+07:00,59.0,7.4,79.0,/dl/web/weather/ic-w-11-night-few-clouds-full.svg,Đà Nẵng,0.24566070519644864,0,-0.14222014722506282,0
2025-05-03 20:00:00+07:00,56.0,7.4,83.0,/dl/web/weather/ic-w-11-night-few-clouds-full.svg,Đà Nẵng,0.14311823509512323,0,-0.14222014722506282,0
2025-05-03 21:00:00+07:00,78.0,7.4,83.0,/dl/web/weather/ic-w-11-night-few-clouds-full.svg,Đà Nẵng,0.8950963491715096,0,-0.14222014722506282,0
2025-05-03 22:00:00+07:00,66.0,5.5,89.0,/dl/web/weather/ic-w-04-scattered-clouds-full.svg,Đà Nẵng,0.48492646876620793,0,-0.5059653797425765,0
2025-05-03 23:00:00+07:00,63.0,5.5,89.0,/dl/web/weather/ic-w-04-scattered-clouds-full.svg,Đà Nẵng,0.38238399866488254,0,-0.5059653797425765,0
2025-05-04 00:00:00+07:00,62.0,3.7,89.0,/dl/web/weather/ic-w-04-scattered-clouds-full.svg,Đà Nẵng,0.34820317529777406,0,-0.8505661263381158,0
2025-05-04 01:00:00+07:00,60.0,1.8,83.0,/dl/web/weather/ic-w-04-scattered-clouds-full.svg,Đà Nẵng,0.2798415285635571,0,-1.2143113588556296,0
2025-05-04 02:00:00+07:00,63.0,1.8,83.0,/dl/web/weather/ic-w-04-scattered-clouds-full.svg,Đà Nẵng,0.38238399866488254,0,-1.2143113588556296,0
2025-05-04 03:00:00+07:00,68.0,3.7,83.0,/dl/web/weather/ic-w-11-night-few-clouds-full.svg,Đà Nẵng,0.5532881155004249,0,-0.8505661263381158,0
2025-05-04 04:00:00+07:00,73.0,5.5,89.0,/dl/web/weather/ic-w-11-night-few-clouds-full.svg,Đà Nẵng,0.7241922323359672,0,-0.5059653797425765,0
2025-05-04 05:00:00+07:00,88.0,5.5,89.0,/dl/web/weather/ic-w-11-night-few-clouds-full.svg,Đà Nẵng,1.2369045828425942,0,-0.5059653797425765,0
2025-05-04 06:00:00+07:00,99.0,5.5,89.0,/dl/web/weather/ic-w-11-night-few-clouds-full.svg,Đà Nẵng,1.6128936398807874,0,-0.5059653797425765,0
2025-05-04 07:00:00+07:00,113.0,3.7,89.0,/dl/web/weather/ic-w-01-clear-sky-full.svg,Đà Nẵng,2.091425167020306,0,-0.8505661263381158,0
2025-05-04 08:00:00+07:00,117.0,1.8,79.0,/dl/web/weather/ic-w-01-clear-sky-full.svg,Đà Nẵng,2.2281484604887396,0,-1.2143113588556296,0
2025-05-04 09:00:00+07:00,120.0,1.8,66.0,/dl/web/weather/ic-w-02-new-clouds-full.svg,Đà Nẵng,2.330690930590065,0,-1.2143113588556296,0
2025-05-04 10:00:00+07:00,115.0,3.7,66.0,/dl/web/weather/ic-w-02-new-clouds-full.svg,Đà Nẵng,2.159786813754523,0,-0.8505661263381158,0
2025-05-04 11:00:00+07:00,115.0,11.1,70.0,/dl/web/weather/ic-w-02-new-clouds-full.svg,Đà Nẵng,2.159786813754523,0,0.5661258318879899,0
2025-05-04 12:00:00+07:00,106.0,11.1,70.0,/dl/web/weather/ic-w-02-new-clouds-full.svg,Đà Nẵng,1.8521594034505469,0,0.5661258318879899,0
2025-05-04 13:00:00+07:00,99.0,13.0,62.0,/dl/web/weather/ic-w-02-new-clouds-full.svg,Đà Nẵng,1.6128936398807874,0,0.9298710644055037,0
2025-05-04 14:00:00+07:00,102.0,13.0,62.0,/dl/web/weather/ic-w-02-new-clouds-full.svg,Đà Nẵng,1.715436109982113,0,0.9298710644055037,0
2025-05-04 15:00:00+07:00,121.0,13.0,66.0,/dl/web/weather/ic-w-02-new-clouds-full.svg,Đà Nẵng,2.3648717539571735,0,0.9298710644055037,0
2025-05-04 16:00:00+07:00,76.0,14.8,66.0,/dl/web/weather/ic-w-02-new-clouds-full.svg,Đà Nẵng,0.8267347024372926,0,1.2744718110010431,0
2025-05-04 17:00:00+07:00,60.0,11.1,70.0,/dl/web/weather/ic-w-02-new-clouds-full.svg,Đà Nẵng,0.2798415285635571,0,0.5661258318879899,0
2025-05-04 19:00:00+07:00,55.0,5.5,84.0,/dl/web/weather/ic-w-04-scattered-clouds-full.svg,Đà Nẵng,0.10893741172801476,0,-0.5059653797425765,0
2025-05-04 20:00:00+07:00,63.0,7.4,79.0,/dl/web/weather/ic-w-04-scattered-clouds-full.svg,Đà Nẵng,0.38238399866488254,0,-0.14222014722506282,0
2025-05-04 21:00:00+07:00,45.0,7.4,79.0,/dl/web/weather/ic-w-04-scattered-clouds-full.svg,Đà Nẵng,-0.23287082194306996,0,-0.14222014722506282,0
2025-05-04 22:00:00+07:00,53.0,3.7,84.0,/dl/web/weather/ic-w-04-scattered-clouds-full.svg,Đà Nẵng,0.040575764993797815,0,-0.8505661263381158,0
2025-05-04 23:00:00+07:00,60.0,3.7,84.0,/dl/web/weather/ic-w-04-scattered-clouds-full.svg,Đà Nẵng,0.2798415285635571,0,-0.8505661263381158,0
2025-05-05 00:00:00+07:00,60.0,3.7,84.0,/dl/web/weather/ic-w-11-night-few-clouds-full.svg,Đà Nẵng,0.2798415285635571,0,-0.8505661263381158,0
2025-05-05 01:00:00+07:00,60.0,9.2,83.0,/dl/web/weather/ic-w-11-night-few-clouds-full.svg,Đà Nẵng,0.2798415285635571,0,0.20238059937047623,0
2025-05-05 02:00:00+07:00,62.0,9.2,83.0,/dl/web/weather/ic-w-11-night-few-clouds-full.svg,Đà Nẵng,0.34820317529777406,0,0.20238059937047623,0
2025-05-05 03:00:00+07:00,62.0,7.4,78.0,/dl/web/weather/ic-w-04-scattered-clouds-full.svg,Đà Nẵng,0.34820317529777406,0,-0.14222014722506282,0
2025-05-05 04:00:00+07:00,96.0,7.4,83.0,/dl/web/weather/ic-w-04-scattered-clouds-full.svg,Đà Nẵng,1.510351169779462,0,-0.14222014722506282,0
2025-05-05 05:00:00+07:00,89.0,5.5,78.0,/dl/web/weather/ic-w-04-scattered-clouds-full.svg,Đà Nẵng,1.2710854062097028,0,-0.5059653797425765,0
2025-05-05 06:00:00+07:00,82.0,7.4,83.0,/dl/web/weather/ic-w-11-night-few-clouds-full.svg,Đà Nẵng,1.0318196426399435,0,-0.14222014722506282,0
2025-05-05 07:00:00+07:00,68.0,3.7,78.0,/dl/web/weather/ic-w-04-scattered-clouds-full.svg,Đà Nẵng,0.5532881155004249,0,-0.8505661263381158,0
2025-05-05 08:00:00+07:00,71.0,11.1,70.0,/dl/web/weather/ic-w-02-new-clouds-full.svg,Đà Nẵng,0.6558305856017503,0,0.5661258318879899,0
2025-05-05 09:00:00+07:00,64.0,9.2,66.0,/dl/web/weather/ic-w-02-new-clouds-full.svg,Đà Nẵng,0.416564822031991,0,0.20238059937047623,0
2025-05-05 10:00:00+07:00,73.0,9.2,55.0,/dl/web/weather/ic-w-02-new-clouds-full.svg,Đà Nẵng,0.7241922323359672,0,0.20238059937047623,0
2025-05-05 11:00:00+07:00,73.0,13.0,58.0,/dl/web/weather/ic-w-02-new-clouds-full.svg,Đà Nẵng,0.7241922323359672,0,0.9298710644055037,0
2025-05-05 12:00:00+07:00,73.0,16.7,62.0,/dl/web/weather/ic-w-02-new-clouds-full.svg,Đà Nẵng,0.7241922323359672,0,1.6382170435185563,0
2025-05-05 13:00:00+07:00,69.0,18.5,58.0,/dl/web/weather/ic-w-02-new-clouds-full.svg,Đà Nẵng,0.5874689388675334,0,1.9828177901140958,0
2025-05-05 14:00:00+07:00,65.0,18.5,58.0,/dl/web/weather/ic-w-02-new-clouds-full.svg,Đà Nẵng,0.45074564539909945,0,1.9828177901140958,0
2025-05-05 15:00:00+07:00,59.0,18.5,62.0,/dl/web/weather/ic-w-02-new-clouds-full.svg,Đà Nẵng,0.24566070519644864,0,1.9828177901140958,0
2025-05-05 16:00:00+07:00,55.0,14.8,66.0,/dl/web/weather/ic-w-02-new-clouds-full.svg,Đà Nẵng,0.10893741172801476,0,1.2744718110010431,0
2025-05-05 17:00:00+07:00,55.0,14.8,66.0,/dl/web/weather/ic-w-02-new-clouds-full.svg,Đà Nẵng,0.10893741172801476,0,1.2744718110010431,0
2025-05-05 18:00:00+07:00,53.0,18.5,74.0,/dl/web/weather/ic-w-02-new-clouds-full.svg,Đà Nẵng,0.040575764993797815,0,1.9828177901140958,0
2025-05-05 19:00:00+07:00,48.0,9.2,84.0,/dl/web/weather/ic-w-11-night-few-clouds-full.svg,Đà Nẵng,-0.13032835184174454,0,0.20238059937047623,0
2025-05-05 20:00:00+07:00,57.0,3.7,84.0,/dl/web/weather/ic-w-11-night-few-clouds-full.svg,Đà Nẵng,0.1772990584622317,0,-0.8505661263381158,0
2025-05-05 21:00:00+07:00,42.0,3.7,84.0,/dl/web/weather/ic-w-11-night-few-clouds-full.svg,Đà Nẵng,-0.33541329204439535,0,-0.8505661263381158,0
2025-05-05 22:00:00+07:00,56.0,5.5,78.0,/dl/web/weather/ic-w-11-night-few-clouds-full.svg,Đà Nẵng,0.14311823509512323,0,-0.5059653797425765,0
2025-05-05 23:00:00+07:00,56.0,7.4,78.0,/dl/web/weather/ic-w-11-night-few-clouds-full.svg,Đà Nẵng,0.14311823509512323,0,-0.14222014722506282,0
2025-05-06 00:00:00+07:00,59.0,7.4,78.0,/dl/web/weather/ic-w-11-night-few-clouds-full.svg,Đà Nẵng,0.24566070519644864,0,-0.14222014722506282,0
2025-05-06 01:00:00+07:00,58.0,7.4,78.0,/dl/web/weather/ic-w-10-night-clear-sky-full.svg,Đà Nẵng,0.21147988182934016,0,-0.14222014722506282,0
2025-05-06 02:00:00+07:00,52.0,9.2,83.0,/dl/web/weather/ic-w-10-night-clear-sky-full.svg,Đà Nẵng,0.006394941626689343,0,0.20238059937047623,0
2025-05-06 03:00:00+07:00,52.0,9.2,83.0,/dl/web/weather/ic-w-11-night-few-clouds-full.svg,Đà Nẵng,0.006394941626689343,0,0.20238059937047623,0
2025-05-06 04:00:00+07:00,46.0,9.2,83.0,/dl/web/weather/ic-w-11-night-few-clouds-full.svg,Đà Nẵng,-0.19868999857596148,0,0.20238059937047623,0
2025-05-06 05:00:00+07:00,44.0,13.0,83.0,/dl/web/weather/ic-w-11-night-few-clouds-full.svg,Đà Nẵng,-0.26705164531017844,0,0.9298710644055037,0
2025-05-06 06:00:00+07:00,52.0,7.4,83.0,/dl/web/weather/ic-w-11-night-few-clouds-full.svg,Đà Nẵng,0.006394941626689343,0,-0.14222014722506282,0
2025-05-06 07:00:00+07:00,44.0,5.5,83.0,/dl/web/weather/ic-w-04-scattered-clouds-full.svg,Đà Nẵng,-0.26705164531017844,0,-0.5059653797425765,0
2025-05-06 08:00:00+07:00,50.0,5.5,74.0,/dl/web/weather/ic-w-01-clear-sky-full.svg,Đà Nẵng,-0.0619667051075276,0,-0.5059653797425765,0
2025-05-06 09:00:00+07:00,64.0,5.5,62.0,/dl/web/weather/ic-w-01-clear-sky-full.svg,Đà Nẵng,0.416564822031991,0,-0.5059653797425765,0
2025-05-06 10:00:00+07:00,64.0,9.2,62.0,/dl/web/weather/ic-w-01-clear-sky-full.svg,Đà Nẵng,0.416564822031991,0,0.20238059937047623,0
2025-05-06 11:00:00+07:00,64.0,13.0,58.0,/dl/web/weather/ic-w-04-scattered-clouds-full.svg,Đà Nẵng,0.416564822031991,0,0.9298710644055037,0
2025-05-06 12:00:00+07:00,60.0,13.0,58.0,/dl/web/weather/ic-w-04-scattered-clouds-full.svg,Đà Nẵng,0.2798415285635571,0,0.9298710644055037,0
2025-05-06 13:00:00+07:00,57.0,11.1,55.0,/dl/web/weather/ic-w-02-new-clouds-full.svg,Đà Nẵng,0.1772990584622317,0,0.5661258318879899,0
2025-05-06 14:00:00+07:00,55.0,11.1,55.0,/dl/web/weather/ic-w-02-new-clouds-full.svg,Đà Nẵng,0.10893741172801476,0,0.5661258318879899,0
2025-05-06 15:00:00+07:00,55.0,11.1,62.0,/dl/web/weather/ic-w-02-new-clouds-full.svg,Đà Nẵng,0.10893741172801476,0,0.5661258318879899,0
2025-05-06 16:00:00+07:00,52.0,14.8,70.0,/dl/web/weather/ic-w-02-new-clouds-full.svg,Đà Nẵng,0.006394941626689343,0,1.2744718110010431,0
2025-05-06 17:00:00+07:00,48.0,13.0,70.0,/dl/web/weather/ic-w-02-new-clouds-full.svg,Đà Nẵng,-0.13032835184174454,0,0.9298710644055037,0
2025-05-06 18:00:00+07:00,49.0,13.0,84.0,/dl/web/weather/ic-w-04-scattered-clouds-full.svg,Đà Nẵng,-0.09614752847463608,0,0.9298710644055037,0
2025-05-06 19:00:00+07:00,77.0,5.5,89.0,/dl/web/weather/ic-w-04-scattered-clouds-full.svg,Đà Nẵng,0.8609155258044011,0,-0.5059653797425765,0
2025-05-06 20:00:00+07:00,85.0,3.7,84.0,/dl/web/weather/ic-w-04-scattered-clouds-full.svg,Đà Nẵng,1.1343621127412689,0,-0.8505661263381158,0
2025-05-06 21:00:00+07:00,85.0,3.7,84.0,/dl/web/weather/ic-w-04-scattered-clouds-full.svg,Đà Nẵng,1.1343621127412689,0,-0.8505661263381158,0
2025-05-06 22:00:00+07:00,83.0,5.5,84.0,/dl/web/weather/ic-w-04-scattered-clouds-full.svg,Đà Nẵng,1.066000466007052,0,-0.5059653797425765,0
2025-05-06 23:00:00+07:00,83.0,3.7,84.0,/dl/web/weather/ic-w-04-scattered-clouds-full.svg,Đà Nẵng,1.066000466007052,0,-0.8505661263381158,0
2025-05-07 00:00:00+07:00,89.0,5.5,83.0,/dl/web/weather/ic-w-04-scattered-clouds-full.svg,Đà Nẵng,1.2710854062097028,0,-0.5059653797425765,0
2025-05-07 01:00:00+07:00,78.0,1.8,89.0,/dl/web/weather/ic-w-04-scattered-clouds-full.svg,Đà Nẵng,0.8950963491715096,0,-1.2143113588556296,0
2025-05-07 02:00:00+07:00,74.0,1.8,89.0,/dl/web/weather/ic-w-04-scattered-clouds-full.svg,Đà Nẵng,0.7583730557030757,0,-1.2143113588556296,0
2025-05-07 03:00:00+07:00,83.0,7.4,89.0,/dl/web/weather/ic-w-04-scattered-clouds-full.svg,Đà Nẵng,1.066000466007052,0,-0.14222014722506282,0
2025-05-07 04:00:00+07:00,81.0,7.4,89.0,/dl/web/weather/ic-w-04-scattered-clouds-full.svg,Đà Nẵng,0.997638819272835,0,-0.14222014722506282,0
2025-05-07 05:00:00+07:00,81.0,9.2,83.0,/dl/web/weather/ic-w-11-night-few-clouds-full.svg,Đà Nẵng,0.997638819272835,0,0.20238059937047623,0
2025-05-07 06:00:00+07:00,70.0,5.5,83.0,/dl/web/weather/ic-w-04-scattered-clouds-full.svg,Đà Nẵng,0.6216497622346419,0,-0.5059653797425765,0
2025-05-07 07:00:00+07:00,80.0,5.5,78.0,/dl/web/weather/ic-w-04-scattered-clouds-full.svg,Đà Nẵng,0.9634579959057266,0,-0.5059653797425765,0
2025-05-07 08:00:00+07:00,90.0,9.2,74.0,/dl/web/weather/ic-w-04-scattered-clouds-full.svg,Đà Nẵng,1.3052662295768112,0,0.20238059937047623,0
2025-05-07 09:00:00+07:00,81.0,9.2,70.0,/dl/web/weather/ic-w-04-scattered-clouds-full.svg,Đà Nẵng,0.997638819272835,0,0.20238059937047623,0
2025-05-07 10:00:00+07:00,62.0,3.7,62.0,/dl/web/weather/ic-w-04-scattered-clouds-full.svg,Đà Nẵng,0.34820317529777406,0,-0.8505661263381158,0
2025-05-07 11:00:00+07:00,62.0,9.2,62.0,/dl/web/weather/ic-w-02-new-clouds-full.svg,Đà Nẵng,0.34820317529777406,0,0.20238059937047623,0
2025-05-07 12:00:00+07:00,62.0,9.2,62.0,/dl/web/weather/ic-w-02-new-clouds-full.svg,Đà Nẵng,0.34820317529777406,0,0.20238059937047623,0
2025-05-07 13:00:00+07:00,62.0,11.1,59.0,/dl/web/weather/ic-w-02-new-clouds-full.svg,Đà Nẵng,0.34820317529777406,0,0.5661258318879899,0
2025-05-07 14:00:00+07:00,62.0,14.8,62.0,/dl/web/weather/ic-w-02-new-clouds-full.svg,Đà Nẵng,0.34820317529777406,0,1.2744718110010431,0
2025-05-07 15:00:00+07:00,64.0,14.8,66.0,/dl/web/weather/ic-w-02-new-clouds-full.svg,Đà Nẵng,0.416564822031991,0,1.2744718110010431,0
2025-05-07 16:00:00+07:00,61.0,11.1,70.0,/dl/web/weather/ic-w-04-scattered-clouds-full.svg,Đà Nẵng,0.3140223519306656,0,0.5661258318879899,0
2025-05-07 17:00:00+07:00,60.0,13.0,79.0,/dl/web/weather/ic-w-04-scattered-clouds-full.svg,Đà Nẵng,0.2798415285635571,0,0.9298710644055037,0
2025-05-07 18:00:00+07:00,58.0,13.0,79.0,/dl/web/weather/ic-w-04-scattered-clouds-full.svg,Đà Nẵng,0.21147988182934016,0,0.9298710644055037,0
2025-05-07 19:00:00+07:00,56.0,7.4,89.0,/dl/web/weather/ic-w-12-night-rain-full.svg,Đà Nẵng,0.14311823509512323,0,-0.14222014722506282,0
2025-05-07 20:00:00+07:00,78.0,5.5,89.0,/dl/web/weather/ic-w-12-night-rain-full.svg,Đà Nẵng,0.8950963491715096,0,-0.5059653797425765,0
2025-05-07 21:00:00+07:00,60.0,1.8,89.0,/dl/web/weather/ic-w-12-night-rain-full.svg,Đà Nẵng,0.2798415285635571,0,-1.2143113588556296,0
2025-05-07 22:00:00+07:00,55.0,1.8,89.0,/dl/web/weather/ic-w-12-night-rain-full.svg,Đà Nẵng,0.10893741172801476,0,-1.2143113588556296,0
2025-05-07 23:00:00+07:00,56.0,5.5,89.0,/dl/web/weather/ic-w-12-night-rain-full.svg,Đà Nẵng,0.14311823509512323,0,-0.5059653797425765,0
2025-05-08 00:00:00+07:00,69.0,5.5,83.0,/dl/web/weather/ic-w-12-night-rain-full.svg,Đà Nẵng,0.5874689388675334,0,-0.5059653797425765,0
2025-05-08 01:00:00+07:00,92.0,1.8,78.0,/dl/web/weather/ic-w-12-night-rain-full.svg,Đà Nẵng,1.3736278763110281,0,-1.2143113588556296,0
2025-05-08 02:00:00+07:00,92.0,1.8,78.0,/dl/web/weather/ic-w-12-night-rain-full.svg,Đà Nẵng,1.3736278763110281,0,-1.2143113588556296,0
2025-05-08 03:00:00+07:00,72.0,3.7,89.0,/dl/web/weather/ic-w-12-night-rain-full.svg,Đà Nẵng,0.6900114089688588,0,-0.8505661263381158,0
2025-05-08 04:00:00+07:00,81.0,3.7,89.0,/dl/web/weather/ic-w-12-night-rain-full.svg,Đà Nẵng,0.997638819272835,0,-0.8505661263381158,0
2025-05-08 05:00:00+07:00,81.0,7.4,89.0,/dl/web/weather/ic-w-12-night-rain-full.svg,Đà Nẵng,0.997638819272835,0,-0.14222014722506282,0
2025-05-08 06:00:00+07:00,84.0,9.2,89.0,/dl/web/weather/ic-w-06-rain-full.svg,Đà Nẵng,1.1001812893741605,0,0.20238059937047623,0
2025-05-08 07:00:00+07:00,90.0,9.2,78.0,/dl/web/weather/ic-w-06-rain-full.svg,Đà Nẵng,1.3052662295768112,0,0.20238059937047623,0
2025-05-08 08:00:00+07:00,105.0,9.2,79.0,/dl/web/weather/ic-w-06-rain-full.svg,Đà Nẵng,1.8179785800834383,0,0.20238059937047623,0
2025-05-08 09:00:00+07:00,99.0,13.0,66.0,/dl/web/weather/ic-w-01-clear-sky-full.svg,Đà Nẵng,1.6128936398807874,0,0.9298710644055037,0
2025-05-08 10:00:00+07:00,86.0,7.4,62.0,/dl/web/weather/ic-w-01-clear-sky-full.svg,Đà Nẵng,1.1685429361083775,0,-0.14222014722506282,0
2025-05-08 11:00:00+07:00,86.0,13.0,62.0,/dl/web/weather/ic-w-02-new-clouds-full.svg,Đà Nẵng,1.1685429361083775,0,0.9298710644055037,0
2025-05-08 12:00:00+07:00,81.0,13.0,62.0,/dl/web/weather/ic-w-02-new-clouds-full.svg,Đà Nẵng,0.997638819272835,0,0.9298710644055037,0
2025-05-08 13:00:00+07:00,75.0,16.7,59.0,/dl/web/weather/ic-w-02-new-clouds-full.svg,Đà Nẵng,0.7925538790701842,0,1.6382170435185563,0
2025-05-08 14:00:00+07:00,86.0,16.7,59.0,/dl/web/weather/ic-w-02-new-clouds-full.svg,Đà Nẵng,1.1685429361083775,0,1.6382170435185563,0
2025-05-08 15:00:00+07:00,70.0,16.7,66.0,/dl/web/weather/ic-w-02-new-clouds-full.svg,Đà Nẵng,0.6216497622346419,0,1.6382170435185563,0
2025-05-08 16:00:00+07:00,67.0,16.7,66.0,/dl/web/weather/ic-w-02-new-clouds-full.svg,Đà Nẵng,0.5191072921333164,0,1.6382170435185563,0
2025-05-08 17:00:00+07:00,65.0,13.0,74.0,/dl/web/weather/ic-w-02-new-clouds-full.svg,Đà Nẵng,0.45074564539909945,0,0.9298710644055037,0
2025-05-08 18:00:00+07:00,61.0,11.1,79.0,/dl/web/weather/ic-w-04-scattered-clouds-full.svg,Đà Nẵng,0.3140223519306656,0,0.5661258318879899,0
2025-05-08 19:00:00+07:00,82.0,5.5,70.0,/dl/web/weather/ic-w-12-night-rain-full.svg,Đà Nẵng,1.0318196426399435,0,-0.5059653797425765,0
2025-05-08 20:00:00+07:00,96.0,0.0,78.0,/dl/web/weather/ic-w-04-scattered-clouds-full.svg,Đà Nẵng,1.510351169779462,0,-1.5589121054511688,0
2025-05-08 21:00:00+07:00,117.0,0.0,78.0,/dl/web/weather/ic-w-04-scattered-clouds-full.svg,Đà Nẵng,2.2281484604887396,0,-1.5589121054511688,0
2025-05-08 22:00:00+07:00,74.0,5.5,78.0,/dl/web/weather/ic-w-11-night-few-clouds-full.svg,Đà Nẵng,0.7583730557030757,0,-0.5059653797425765,0
2025-05-08 23:00:00+07:00,83.0,5.5,78.0,/dl/web/weather/ic-w-11-night-few-clouds-full.svg,Đà Nẵng,1.066000466007052,0,-0.5059653797425765,0
2025-05-09 00:00:00+07:00,80.0,5.5,78.0,/dl/web/weather/ic-w-11-night-few-clouds-full.svg,Đà Nẵng,0.9634579959057266,0,-0.5059653797425765,0
2025-05-09 01:00:00+07:00,73.0,7.4,83.0,/dl/web/weather/ic-w-11-night-few-clouds-full.svg,Đà Nẵng,0.7241922323359672,0,-0.14222014722506282,0
2025-05-09 02:00:00+07:00,65.0,7.4,83.0,/dl/web/weather/ic-w-11-night-few-clouds-full.svg,Đà Nẵng,0.45074564539909945,0,-0.14222014722506282,0
2025-05-09 03:00:00+07:00,60.0,7.4,83.0,/dl/web/weather/ic-w-11-night-few-clouds-full.svg,Đà Nẵng,0.2798415285635571,0,-0.14222014722506282,0
2025-05-09 04:00:00+07:00,54.0,11.1,83.0,/dl/web/weather/ic-w-11-night-few-clouds-full.svg,Đà Nẵng,0.07475658836090629,0,0.5661258318879899,0
2025-05-09 05:00:00+07:00,48.0,7.4,83.0,/dl/web/weather/ic-w-11-night-few-clouds-full.svg,Đà Nẵng,-0.13032835184174454,0,-0.14222014722506282,0
2025-05-09 06:00:00+07:00,44.0,7.4,83.0,/dl/web/weather/ic-w-02-new-clouds-full.svg,Đà Nẵng,-0.26705164531017844,0,-0.14222014722506282,0
2025-05-09 07:00:00+07:00,58.0,3.7,78.0,/dl/web/weather/ic-w-01-clear-sky-full.svg,Đà Nẵng,0.21147988182934016,0,-0.8505661263381158,0
2025-05-09 08:00:00+07:00,53.0,7.4,74.0,/dl/web/weather/ic-w-01-clear-sky-full.svg,Đà Nẵng,0.040575764993797815,0,-0.14222014722506282,0
2025-05-09 09:00:00+07:00,64.0,5.5,70.0,/dl/web/weather/ic-w-01-clear-sky-full.svg,Đà Nẵng,0.416564822031991,0,-0.5059653797425765,0
2025-05-09 10:00:00+07:00,64.0,5.5,59.0,/dl/web/weather/ic-w-01-clear-sky-full.svg,Đà Nẵng,0.416564822031991,0,-0.5059653797425765,0
2025-05-09 11:00:00+07:00,64.0,3.7,49.0,/dl/web/weather/ic-w-01-clear-sky-full.svg,Đà Nẵng,0.416564822031991,0,-0.8505661263381158,0
2025-05-09 12:00:00+07:00,70.0,13.0,55.0,/dl/web/weather/ic-w-02-new-clouds-full.svg,Đà Nẵng,0.6216497622346419,0,0.9298710644055037,0
2025-05-09 13:00:00+07:00,68.0,14.8,59.0,/dl/web/weather/ic-w-02-new-clouds-full.svg,Đà Nẵng,0.5532881155004249,0,1.2744718110010431,0
2025-05-09 14:00:00+07:00,64.0,20.4,62.0,/dl/web/weather/ic-w-02-new-clouds-full.svg,Đà Nẵng,0.416564822031991,0,2.346563022631609,0
2025-05-09 15:00:00+07:00,68.0,9.2,70.0,/dl/web/weather/ic-w-06-rain-full.svg,Đà Nẵng,0.5532881155004249,0,0.20238059937047623,0
2025-05-09 16:00:00+07:00,68.0,5.5,70.0,/dl/web/weather/ic-w-06-rain-full.svg,Đà Nẵng,0.5532881155004249,0,-0.5059653797425765,0
2025-05-09 17:00:00+07:00,68.0,5.5,70.0,/dl/web/weather/ic-w-06-rain-full.svg,Đà Nẵng,0.5532881155004249,0,-0.5059653797425765,0
2025-05-09 18:00:00+07:00,66.0,24.1,74.0,/dl/web/weather/ic-w-06-rain-full.svg,Đà Nẵng,0.48492646876620793,0,3.0549090017446625,-1
2025-05-09 19:00:00+07:00,66.0,13.0,78.0,/dl/web/weather/ic-w-12-night-rain-full.svg,Đà Nẵng,0.48492646876620793,0,0.9298710644055037,0
2025-05-09 20:00:00+07:00,67.0,7.4,83.0,/dl/web/weather/ic-w-12-night-rain-full.svg,Đà Nẵng,0.5191072921333164,0,-0.14222014722506282,0
2025-05-09 21:00:00+07:00,69.0,7.4,83.0,/dl/web/weather/ic-w-12-night-rain-full.svg,Đà Nẵng,0.5874689388675334,0,-0.14222014722506282,0
2025-05-09 22:00:00+07:00,67.0,16.7,83.0,/dl/web/weather/ic-w-04-scattered-clouds-full.svg,Đà Nẵng,0.5191072921333164,0,1.6382170435185563,0
2025-05-09 23:00:00+07:00,53.0,7.4,83.0,/dl/web/weather/ic-w-04-scattered-clouds-full.svg,Đà Nẵng,0.040575764993797815,0,-0.14222014722506282,0
2025-05-10 00:00:00+07:00,39.0,7.4,83.0,/dl/web/weather/ic-w-04-scattered-clouds-full.svg,Đà Nẵng,-0.4379557621457208,0,-0.14222014722506282,0
2025-05-10 01:00:00+07:00,34.0,9.2,83.0,/dl/web/weather/ic-w-11-night-few-clouds-full.svg,Đà Nẵng,-0.6088598789812631,0,0.20238059937047623,0
2025-05-10 02:00:00+07:00,34.0,9.2,83.0,/dl/web/weather/ic-w-11-night-few-clouds-full.svg,Đà Nẵng,-0.6088598789812631,0,0.20238059937047623,0
2025-05-10 03:00:00+07:00,35.0,9.2,83.0,/dl/web/weather/ic-w-11-night-few-clouds-full.svg,Đà Nẵng,-0.5746790556141547,0,0.20238059937047623,0
2025-05-10 04:00:00+07:00,33.0,9.2,83.0,/dl/web/weather/ic-w-11-night-few-clouds-full.svg,Đà Nẵng,-0.6430407023483716,0,0.20238059937047623,0
2025-05-10 05:00:00+07:00,31.0,3.7,83.0,/dl/web/weather/ic-w-10-night-clear-sky-full.svg,Đà Nẵng,-0.7114023490825886,0,-0.8505661263381158,0
2025-05-10 06:00:00+07:00,27.0,3.7,78.0,/dl/web/weather/ic-w-11-night-few-clouds-full.svg,Đà Nẵng,-0.8481256425510224,0,-0.8505661263381158,0
2025-05-10 07:00:00+07:00,27.0,3.7,78.0,/dl/web/weather/ic-w-02-new-clouds-full.svg,Đà Nẵng,-0.8481256425510224,0,-0.8505661263381158,0
2025-05-10 08:00:00+07:00,58.0,3.7,74.0,/dl/web/weather/ic-w-02-new-clouds-full.svg,Đà Nẵng,0.21147988182934016,0,-0.8505661263381158,0
2025-05-10 09:00:00+07:00,58.0,3.7,70.0,/dl/web/weather/ic-w-02-new-clouds-full.svg,Đà Nẵng,0.21147988182934016,0,-0.8505661263381158,0
2025-05-10 10:00:00+07:00,56.0,3.7,62.0,/dl/web/weather/ic-w-02-new-clouds-full.svg,Đà Nẵng,0.14311823509512323,0,-0.8505661263381158,0
2025-05-10 11:00:00+07:00,56.0,3.7,62.0,/dl/web/weather/ic-w-02-new-clouds-full.svg,Đà Nẵng,0.14311823509512323,0,-0.8505661263381158,0
2025-05-10 12:00:00+07:00,71.0,1.8,58.0,/dl/web/weather/ic-w-02-new-clouds-full.svg,Đà Nẵng,0.6558305856017503,0,-1.2143113588556296,0
2025-05-10 13:00:00+07:00,54.0,9.2,58.0,/dl/web/weather/ic-w-02-new-clouds-full.svg,Đà Nẵng,0.07475658836090629,0,0.20238059937047623,0
2025-05-10 14:00:00+07:00,58.0,11.1,55.0,/dl/web/weather/ic-w-02-new-clouds-full.svg,Đà Nẵng,0.21147988182934016,0,0.5661258318879899,0
2025-05-10 15:00:00+07:00,57.0,9.2,66.0,/dl/web/weather/ic-w-02-new-clouds-full.svg,Đà Nẵng,0.1772990584622317,0,0.20238059937047623,0
2025-05-10 16:00:00+07:00,56.0,9.2,66.0,/dl/web/weather/ic-w-02-new-clouds-full.svg,Đà Nẵng,0.14311823509512323,0,0.20238059937047623,0
2025-05-10 17:00:00+07:00,55.0,14.8,70.0,/dl/web/weather/ic-w-02-new-clouds-full.svg,Đà Nẵng,0.10893741172801476,0,1.2744718110010431,0
2025-05-10 18:00:00+07:00,51.0,13.0,74.0,/dl/web/weather/ic-w-02-new-clouds-full.svg,Đà Nẵng,-0.027785881740419127,0,0.9298710644055037,0
2025-05-10 19:00:00+07:00,52.0,9.2,83.0,/dl/web/weather/ic-w-04-scattered-clouds-full.svg,Đà Nẵng,0.006394941626689343,0,0.20238059937047623,0
2025-05-10 20:00:00+07:00,61.0,18.5,74.0,/dl/web/weather/ic-w-12-night-rain-full.svg,Đà Nẵng,0.3140223519306656,0,1.9828177901140958,0
2025-05-10 21:00:00+07:00,54.0,7.4,78.0,/dl/web/weather/ic-w-12-night-rain-full.svg,Đà Nẵng,0.07475658836090629,0,-0.14222014722506282,0
2025-05-10 22:00:00+07:00,53.0,7.4,78.0,/dl/web/weather/ic-w-12-night-rain-full.svg,Đà Nẵng,0.040575764993797815,0,-0.14222014722506282,0
2025-05-10 23:00:00+07:00,47.0,16.7,83.0,/dl/web/weather/ic-w-12-night-rain-full.svg,Đà Nẵng,-0.164509175208853,0,1.6382170435185563,0
2025-05-11 00:00:00+07:00,50.0,16.7,83.0,/dl/web/weather/ic-w-12-night-rain-full.svg,Đà Nẵng,-0.0619667051075276,0,1.6382170435185563,0
2025-05-11 01:00:00+07:00,34.0,3.7,83.0,/dl/web/weather/ic-w-04-scattered-clouds-full.svg,Đà Nẵng,-0.6088598789812631,0,-0.8505661263381158,0
2025-05-11 02:00:00+07:00,31.0,1.8,83.0,/dl/web/weather/ic-w-04-scattered-clouds-full.svg,Đà Nẵng,-0.7114023490825886,0,-1.2143113588556296,0
2025-05-11 03:00:00+07:00,28.0,1.8,83.0,/dl/web/weather/ic-w-04-scattered-clouds-full.svg,Đà Nẵng,-0.8139448191839139,0,-1.2143113588556296,0
2025-05-11 04:00:00+07:00,23.0,5.5,83.0,/dl/web/weather/ic-w-04-scattered-clouds-full.svg,Đà Nẵng,-0.9848489360194563,0,-0.5059653797425765,0
2025-05-11 05:00:00+07:00,22.0,5.5,78.0,/dl/web/weather/ic-w-04-scattered-clouds-full.svg,Đà Nẵng,-1.0190297593865647,0,-0.5059653797425765,0
2025-05-11 06:00:00+07:00,33.0,5.5,83.0,/dl/web/weather/ic-w-04-scattered-clouds-full.svg,Đà Nẵng,-0.6430407023483716,0,-0.5059653797425765,0
2025-05-11 07:00:00+07:00,44.0,1.8,78.0,/dl/web/weather/ic-w-04-scattered-clouds-full.svg,Đà Nẵng,-0.26705164531017844,0,-1.2143113588556296,0
2025-05-11 08:00:00+07:00,58.0,3.7,78.0,/dl/web/weather/ic-w-04-scattered-clouds-full.svg,Đà Nẵng,0.21147988182934016,0,-0.8505661263381158,0
2025-05-11 09:00:00+07:00,58.0,3.7,70.0,/dl/web/weather/ic-w-06-rain-full.svg,Đà Nẵng,0.21147988182934016,0,-0.8505661263381158,0
2025-05-11 10:00:00+07:00,64.0,7.4,70.0,/dl/web/weather/ic-w-06-rain-full.svg,Đà Nẵng,0.416564822031991,0,-0.14222014722506282,0
2025-05-11 11:00:00+07:00,64.0,5.5,62.0,/dl/web/weather/ic-w-06-rain-full.svg,Đà Nẵng,0.416564822031991,0,-0.5059653797425765,0
2025-05-11 12:00:00+07:00,66.0,5.5,62.0,/dl/web/weather/ic-w-06-rain-full.svg,Đà Nẵng,0.48492646876620793,0,-0.5059653797425765,0
2025-05-11 13:00:00+07:00,66.0,18.5,62.0,/dl/web/weather/ic-w-04-scattered-clouds-full.svg,Đà Nẵng,0.48492646876620793,0,1.9828177901140958,0
2025-05-11 14:00:00+07:00,60.0,18.5,62.0,/dl/web/weather/ic-w-04-scattered-clouds-full.svg,Đà Nẵng,0.2798415285635571,0,1.9828177901140958,0
2025-05-11 15:00:00+07:00,53.0,22.2,58.0,/dl/web/weather/ic-w-04-scattered-clouds-full.svg,Đà Nẵng,0.040575764993797815,0,2.6911637692271486,0
2025-05-11 16:00:00+07:00,53.0,22.2,58.0,/dl/web/weather/ic-w-04-scattered-clouds-full.svg,Đà Nẵng,0.040575764993797815,0,2.6911637692271486,0
2025-05-11 17:00:00+07:00,51.0,13.0,62.0,/dl/web/weather/ic-w-06-rain-full.svg,Đà Nẵng,-0.027785881740419127,0,0.9298710644055037,0
2025-05-11 18:00:00+07:00,39.0,9.2,94.0,/dl/web/weather/ic-w-06-rain-full.svg,Đà Nẵng,-0.4379557621457208,0,0.20238059937047623,0
2025-05-11 19:00:00+07:00,29.0,3.7,94.0,/dl/web/weather/ic-w-12-night-rain-full.svg,Đà Nẵng,-0.7797639958168054,0,-0.8505661263381158,0
2025-05-11 20:00:00+07:00,55.0,7.4,94.0,/dl/web/weather/ic-w-04-scattered-clouds-full.svg,Đà Nẵng,0.10893741172801476,0,-0.14222014722506282,0
2025-05-11 21:00:00+07:00,25.0,7.4,94.0,/dl/web/weather/ic-w-04-scattered-clouds-full.svg,Đà Nẵng,-0.9164872892852394,0,-0.14222014722506282,0
2025-05-11 22:00:00+07:00,39.0,3.7,83.0,/dl/web/weather/ic-w-04-scattered-clouds-full.svg,Đà Nẵng,-0.4379557621457208,0,-0.8505661263381158,0
2025-05-11 23:00:00+07:00,39.0,1.8,83.0,/dl/web/weather/ic-w-04-scattered-clouds-full.svg,Đà Nẵng,-0.4379557621457208,0,-1.2143113588556296,0
2025-05-12 00:00:00+07:00,53.0,0.0,78.0,/dl/web/weather/ic-w-04-scattered-clouds-full.svg,Đà Nẵng,0.040575764993797815,0,-1.5589121054511688,0
2025-05-12 01:00:00+07:00,44.0,5.5,78.0,/dl/web/weather/ic-w-04-scattered-clouds-full.svg,Đà Nẵng,-0.26705164531017844,0,-0.5059653797425765,0
2025-05-12 02:00:00+07:00,33.0,5.5,78.0,/dl/web/weather/ic-w-04-scattered-clouds-full.svg,Đà Nẵng,-0.6430407023483716,0,-0.5059653797425765,0
2025-05-12 03:00:00+07:00,27.0,3.7,78.0,/dl/web/weather/ic-w-04-scattered-clouds-full.svg,Đà Nẵng,-0.8481256425510224,0,-0.8505661263381158,0
2025-05-12 04:00:00+07:00,22.0,3.7,78.0,/dl/web/weather/ic-w-04-scattered-clouds-full.svg,Đà Nẵng,-1.0190297593865647,0,-0.8505661263381158,0
2025-05-12 05:00:00+07:00,22.0,3.7,78.0,/dl/web/weather/ic-w-04-scattered-clouds-full.svg,Đà Nẵng,-1.0190297593865647,0,-0.8505661263381158,0
2025-05-12 06:00:00+07:00,19.0,7.4,73.0,/dl/web/weather/ic-w-04-scattered-clouds-full.svg,Đà Nẵng,-1.1215722294878903,0,-0.14222014722506282,0
2025-05-12 07:00:00+07:00,19.0,1.8,78.0,/dl/web/weather/ic-w-04-scattered-clouds-full.svg,Đà Nẵng,-1.1215722294878903,0,-1.2143113588556296,0
2025-05-12 08:00:00+07:00,19.0,1.8,69.0,/dl/web/weather/ic-w-04-scattered-clouds-full.svg,Đà Nẵng,-1.1215722294878903,0,-1.2143113588556296,0
2025-05-12 09:00:00+07:00,19.0,7.4,61.0,/dl/web/weather/ic-w-04-scattered-clouds-full.svg,Đà Nẵng,-1.1215722294878903,0,-0.14222014722506282,0
2025-05-12 10:00:00+07:00,27.0,13.0,69.0,/dl/web/weather/ic-w-04-scattered-clouds-full.svg,Đà Nẵng,-0.8481256425510224,0,0.9298710644055037,0
2025-05-12 11:00:00+07:00,27.0,13.0,65.0,/dl/web/weather/ic-w-04-scattered-clouds-full.svg,Đà Nẵng,-0.8481256425510224,0,0.9298710644055037,0
2025-05-12 12:00:00+07:00,28.0,16.7,65.0,/dl/web/weather/ic-w-04-scattered-clouds-full.svg,Đà Nẵng,-0.8139448191839139,0,1.6382170435185563,0
2025-05-12 13:00:00+07:00,28.0,22.2,62.0,/dl/web/weather/ic-w-04-scattered-clouds-full.svg,Đà Nẵng,-0.8139448191839139,0,2.6911637692271486,0
2025-05-12 14:00:00+07:00,44.0,22.2,62.0,/dl/web/weather/ic-w-04-scattered-clouds-full.svg,Đà Nẵng,-0.26705164531017844,0,2.6911637692271486,0
2025-05-12 15:00:00+07:00,28.0,22.2,62.0,/dl/web/weather/ic-w-04-scattered-clouds-full.svg,Đà Nẵng,-0.8139448191839139,0,2.6911637692271486,0
2025-05-12 16:00:00+07:00,33.0,16.7,65.0,/dl/web/weather/ic-w-04-scattered-clouds-full.svg,Đà Nẵng,-0.6430407023483716,0,1.6382170435185563,0
2025-05-12 17:00:00+07:00,33.0,16.7,65.0,/dl/web/weather/ic-w-04-scattered-clouds-full.svg,Đà Nẵng,-0.6430407023483716,0,1.6382170435185563,0
2025-05-12 18:00:00+07:00,44.0,18.5,61.0,/dl/web/weather/ic-w-06-rain-full.svg,Đà Nẵng,-0.26705164531017844,0,1.9828177901140958,0
2025-05-12 19:00:00+07:00,38.0,8.0,87.0,/dl/web/weather/ic-w-04-scattered-clouds-full.svg,Đà Nẵng,-0.4721365855128293,0,-0.02735323169321647,0
2025-05-12 20:00:00+07:00,33.0,5.6,85.0,/dl/web/weather/ic-w-04-scattered-clouds-full.svg,Đà Nẵng,-0.6430407023483716,0,-0.48682089382060223,0
2025-05-12 21:00:00+07:00,33.0,4.8,92.0,/dl/web/weather/ic-w-04-scattered-clouds-full.svg,Đà Nẵng,-0.6430407023483716,0,-0.6399767811963973,0
2025-05-12 22:00:00+07:00,33.0,4.7,91.0,/dl/web/weather/ic-w-04-scattered-clouds-full.svg,Đà Nẵng,-0.6430407023483716,0,-0.6591212671183717,0
2025-05-12 23:00:00+07:00,22.0,4.7,89.0,/dl/web/weather/ic-w-04-scattered-clouds-full.svg,Đà Nẵng,-1.0190297593865647,0,-0.6591212671183717,0
2025-05-13 00:00:00+07:00,33.0,4.7,89.0,/dl/web/weather/ic-w-04-scattered-clouds-full.svg,Đà Nẵng,-0.6430407023483716,0,-0.6591212671183717,0
2025-05-13 01:00:00+07:00,28.0,4.8,89.0,/dl/web/weather/ic-w-04-scattered-clouds-full.svg,Đà Nẵng,-0.8139448191839139,0,-0.6399767811963973,0
2025-05-13 02:00:00+07:00,22.0,4.8,89.0,/dl/web/weather/ic-w-04-scattered-clouds-full.svg,Đà Nẵng,-1.0190297593865647,0,-0.6399767811963973,0
2025-05-13 03:00:00+07:00,22.0,3.1,88.0,/dl/web/weather/ic-w-04-scattered-clouds-full.svg,Đà Nẵng,-1.0190297593865647,0,-0.9654330418699623,0
2025-05-13 04:00:00+07:00,28.0,4.3,87.0,/dl/web/weather/ic-w-04-scattered-clouds-full.svg,Đà Nẵng,-0.8139448191839139,0,-0.7356992108062694,0
2025-05-13 05:00:00+07:00,22.0,4.5,87.0,/dl/web/weather/ic-w-12-night-rain-full.svg,Đà Nẵng,-1.0190297593865647,0,-0.6974102389623206,0
2025-05-13 06:00:00+07:00,33.0,4.5,87.0,/dl/web/weather/ic-w-12-night-rain-full.svg,Đà Nẵng,-0.6430407023483716,0,-0.6974102389623206,0
2025-05-13 07:00:00+07:00,50.0,3.2,84.0,/dl/web/weather/ic-w-06-rain-full.svg,Đà Nẵng,-0.0619667051075276,0,-0.9462885559479878,0
2025-05-13 08:00:00+07:00,58.0,1.1,79.0,/dl/web/weather/ic-w-04-scattered-clouds-full.svg,Đà Nẵng,0.21147988182934016,0,-1.3483227603094503,0
2025-05-13 09:00:00+07:00,54.0,5.5,73.0,/dl/web/weather/ic-w-04-scattered-clouds-full.svg,Đà Nẵng,0.07475658836090629,0,-0.5059653797425765,0
2025-05-13 10:00:00+07:00,58.0,10.5,73.0,/dl/web/weather/ic-w-04-scattered-clouds-full.svg,Đà Nẵng,0.21147988182934016,0,0.4512589163561436,0
2025-05-13 11:00:00+07:00,58.0,12.7,75.0,/dl/web/weather/ic-w-04-scattered-clouds-full.svg,Đà Nẵng,0.21147988182934016,0,0.8724376066395804,0
2025-05-13 12:00:00+07:00,60.0,12.9,78.0,/dl/web/weather/ic-w-06-rain-full.svg,Đà Nẵng,0.2798415285635571,0,0.9107265784835293,0
2025-05-13 13:00:00+07:00,54.0,5.8,76.0,/dl/web/weather/ic-w-06-rain-full.svg,Đà Nẵng,0.07475658836090629,0,-0.44853192197665337,0
2025-05-13 14:00:00+07:00,58.0,9.0,74.0,/dl/web/weather/ic-w-06-rain-full.svg,Đà Nẵng,0.21147988182934016,0,0.16409162752652756,0
2025-05-13 15:00:00+07:00,60.0,9.3,75.0,/dl/web/weather/ic-w-06-rain-full.svg,Đà Nẵng,0.2798415285635571,0,0.2215250852924509,0
2025-05-13 16:00:00+07:00,60.0,8.9,77.0,/dl/web/weather/ic-w-06-rain-full.svg,Đà Nẵng,0.2798415285635571,0,0.14494714160455321,0
2025-05-13 17:00:00+07:00,59.0,8.9,77.0,/dl/web/weather/ic-w-06-rain-full.svg,Đà Nẵng,0.24566070519644864,0,0.14494714160455321,0
2025-05-13 18:00:00+07:00,60.0,7.9,81.0,/dl/web/weather/ic-w-06-rain-full.svg,Đà Nẵng,0.2798415285635571,0,-0.0464977176151908,0
2025-05-13 19:00:00+07:00,58.0,1.0,88.0,/dl/web/weather/ic-w-04-scattered-clouds-full.svg,Đà Nẵng,0.21147988182934016,0,-1.3674672462314246,0
2025-05-13 20:00:00+07:00,69.0,3.5,89.0,/dl/web/weather/ic-w-04-scattered-clouds-full.svg,Đà Nẵng,0.5874689388675334,0,-0.8888550981820645,0
2025-05-13 21:00:00+07:00,56.0,3.5,89.0,/dl/web/weather/ic-w-04-scattered-clouds-full.svg,Đà Nẵng,0.14311823509512323,0,-0.8888550981820645,0
2025-05-13 22:00:00+07:00,58.0,5.5,91.0,/dl/web/weather/ic-w-04-scattered-clouds-full.svg,Đà Nẵng,0.21147988182934016,0,-0.5059653797425765,0
2025-05-13 23:00:00+07:00,59.0,6.4,91.0,/dl/web/weather/ic-w-04-scattered-clouds-full.svg,Đà Nẵng,0.24566070519644864,0,-0.33366500644480684,0
2025-05-14 00:00:00+07:00,66.0,6.9,91.0,/dl/web/weather/ic-w-04-scattered-clouds-full.svg,Đà Nẵng,0.48492646876620793,0,-0.23794257683493483,0
2025-05-14 01:00:00+07:00,64.0,6.4,91.0,/dl/web/weather/ic-w-04-scattered-clouds-full.svg,Đà Nẵng,0.416564822031991,0,-0.33366500644480684,0
2025-05-14 02:00:00+07:00,62.0,7.2,92.0,/dl/web/weather/ic-w-04-scattered-clouds-full.svg,Đà Nẵng,0.34820317529777406,0,-0.18050911906901165,0
2025-05-14 03:00:00+07:00,62.0,7.2,92.0,/dl/web/weather/ic-w-04-scattered-clouds-full.svg,Đà Nẵng,0.34820317529777406,0,-0.18050911906901165,0
2025-05-14 04:00:00+07:00,62.0,5.6,90.0,/dl/web/weather/ic-w-04-scattered-clouds-full.svg,Đà Nẵng,0.34820317529777406,0,-0.48682089382060223,0
2025-05-14 05:00:00+07:00,60.0,6.6,91.0,/dl/web/weather/ic-w-04-scattered-clouds-full.svg,Đà Nẵng,0.2798415285635571,0,-0.29537603460085815,0
2025-05-14 06:00:00+07:00,124.0,7.2,89.0,/dl/web/weather/ic-w-04-scattered-clouds-full.svg,Đà Nẵng,2.467414224058499,0,-0.18050911906901165,0
2025-05-14 07:00:00+07:00,124.0,7.2,86.0,/dl/web/weather/ic-w-04-scattered-clouds-full.svg,Đà Nẵng,2.467414224058499,0,-0.18050911906901165,0
2025-05-14 08:00:00+07:00,119.0,7.4,89.0,/dl/web/weather/ic-w-04-scattered-clouds-full.svg,Đà Nẵng,2.296510107222957,0,-0.14222014722506282,0
2025-05-14 09:00:00+07:00,119.0,6.3,88.0,/dl/web/weather/ic-w-04-scattered-clouds-full.svg,Đà Nẵng,2.296510107222957,0,-0.35280949236678133,0
2025-05-14 10:00:00+07:00,107.0,5.8,87.0,/dl/web/weather/ic-w-04-scattered-clouds-full.svg,Đà Nẵng,1.8863402268176552,0,-0.44853192197665337,0
2025-05-14 11:00:00+07:00,107.0,5.1,86.0,/dl/web/weather/ic-w-04-scattered-clouds-full.svg,Đà Nẵng,1.8863402268176552,0,-0.5825433234304742,0
2025-05-14 12:00:00+07:00,97.0,3.7,83.0,/dl/web/weather/ic-w-04-scattered-clouds-full.svg,Đà Nẵng,1.5445319931465706,0,-0.8505661263381158,0
2025-05-14 13:00:00+07:00,84.0,2.1,75.0,/dl/web/weather/ic-w-04-scattered-clouds-full.svg,Đà Nẵng,1.1001812893741605,0,-1.1568779010897063,0
2025-05-14 14:00:00+07:00,75.0,2.1,75.0,/dl/web/weather/ic-w-04-scattered-clouds-full.svg,Đà Nẵng,0.7925538790701842,0,-1.1568779010897063,0
2025-05-14 15:00:00+07:00,63.0,5.1,80.0,/dl/web/weather/ic-w-04-scattered-clouds-full.svg,Đà Nẵng,0.38238399866488254,0,-0.5825433234304742,0
2025-05-14 16:00:00+07:00,57.0,4.0,83.0,/dl/web/weather/ic-w-06-rain-full.svg,Đà Nẵng,0.1772990584622317,0,-0.7931326685721926,0
2025-05-14 17:00:00+07:00,53.0,4.0,83.0,/dl/web/weather/ic-w-06-rain-full.svg,Đà Nẵng,0.040575764993797815,0,-0.7931326685721926,0
2025-05-14 18:00:00+07:00,55.0,5.5,83.0,/dl/web/weather/ic-w-06-rain-full.svg,Đà Nẵng,0.10893741172801476,0,-0.5059653797425765,0
2025-05-14 19:00:00+07:00,50.0,2.7,89.0,/dl/web/weather/ic-w-04-scattered-clouds-full.svg,Đà Nẵng,-0.0619667051075276,0,-1.0420109855578599,0
2025-05-14 20:00:00+07:00,82.0,1.8,92.0,/dl/web/weather/ic-w-12-night-rain-full.svg,Đà Nẵng,1.0318196426399435,0,-1.2143113588556296,0
2025-05-14 21:00:00+07:00,44.0,1.8,92.0,/dl/web/weather/ic-w-12-night-rain-full.svg,Đà Nẵng,-0.26705164531017844,0,-1.2143113588556296,0
2025-05-14 22:00:00+07:00,43.0,2.1,92.0,/dl/web/weather/ic-w-04-scattered-clouds-full.svg,Đà Nẵng,-0.30123246867728687,0,-1.1568779010897063,0
2025-05-14 23:00:00+07:00,39.0,8.0,93.0,/dl/web/weather/ic-w-04-scattered-clouds-full.svg,Đà Nẵng,-0.4379557621457208,0,-0.02735323169321647,0
2025-05-15 00:00:00+07:00,71.0,5.1,93.0,/dl/web/weather/ic-w-04-scattered-clouds-full.svg,Đà Nẵng,0.6558305856017503,0,-0.5825433234304742,0
2025-05-15 01:00:00+07:00,71.0,5.6,93.0,/dl/web/weather/ic-w-04-scattered-clouds-full.svg,Đà Nẵng,0.6558305856017503,0,-0.48682089382060223,0
2025-05-15 02:00:00+07:00,71.0,5.1,91.0,/dl/web/weather/ic-w-04-scattered-clouds-full.svg,Đà Nẵng,0.6558305856017503,0,-0.5825433234304742,0
2025-05-15 03:00:00+07:00,71.0,5.1,91.0,/dl/web/weather/ic-w-04-scattered-clouds-full.svg,Đà Nẵng,0.6558305856017503,0,-0.5825433234304742,0
2025-05-15 04:00:00+07:00,70.0,4.5,92.0,/dl/web/weather/ic-w-04-scattered-clouds-full.svg,Đà Nẵng,0.6216497622346419,0,-0.6974102389623206,0
2025-05-15 05:00:00+07:00,73.0,6.3,92.0,/dl/web/weather/ic-w-04-scattered-clouds-full.svg,Đà Nẵng,0.7241922323359672,0,-0.35280949236678133,0
2025-05-15 06:00:00+07:00,74.0,7.4,93.0,/dl/web/weather/ic-w-04-scattered-clouds-full.svg,Đà Nẵng,0.7583730557030757,0,-0.14222014722506282,0
2025-05-15 07:00:00+07:00,75.0,3.1,89.0,/dl/web/weather/ic-w-04-scattered-clouds-full.svg,Đà Nẵng,0.7925538790701842,0,-0.9654330418699623,0
2025-05-15 08:00:00+07:00,74.0,2.1,84.0,/dl/web/weather/ic-w-04-scattered-clouds-full.svg,Đà Nẵng,0.7583730557030757,0,-1.1568779010897063,0
2025-05-15 09:00:00+07:00,74.0,3.5,76.0,/dl/web/weather/ic-w-04-scattered-clouds-full.svg,Đà Nẵng,0.7583730557030757,0,-0.8888550981820645,0
2025-05-15 10:00:00+07:00,74.0,10.5,73.0,/dl/web/weather/ic-w-04-scattered-clouds-full.svg,Đà Nẵng,0.7583730557030757,0,0.4512589163561436,0
2025-05-15 11:00:00+07:00,74.0,14.8,74.0,/dl/web/weather/ic-w-04-scattered-clouds-full.svg,Đà Nẵng,0.7583730557030757,0,1.2744718110010431,0
2025-05-15 12:00:00+07:00,74.0,15.4,79.0,/dl/web/weather/ic-w-04-scattered-clouds-full.svg,Đà Nẵng,0.7583730557030757,0,1.3893387265328894,0
2025-05-15 13:00:00+07:00,71.0,16.3,74.0,/dl/web/weather/ic-w-04-scattered-clouds-full.svg,Đà Nẵng,0.6558305856017503,0,1.561639099830659,0
2025-05-15 14:00:00+07:00,84.0,16.3,74.0,/dl/web/weather/ic-w-04-scattered-clouds-full.svg,Đà Nẵng,1.1001812893741605,0,1.561639099830659,0
2025-05-15 15:00:00+07:00,82.0,15.0,79.0,/dl/web/weather/ic-w-04-scattered-clouds-full.svg,Đà Nẵng,1.0318196426399435,0,1.3127607828449916,0
2025-05-15 16:00:00+07:00,82.0,12.9,81.0,/dl/web/weather/ic-w-04-scattered-clouds-full.svg,Đà Nẵng,1.0318196426399435,0,0.9107265784835293,0
2025-05-15 17:00:00+07:00,63.0,12.9,81.0,/dl/web/weather/ic-w-04-scattered-clouds-full.svg,Đà Nẵng,0.38238399866488254,0,0.9107265784835293,0
2025-05-15 18:00:00+07:00,77.0,6.9,86.0,/dl/web/weather/ic-w-06-rain-full.svg,Đà Nẵng,0.8609155258044011,0,-0.23794257683493483,0
2025-05-15 19:00:00+07:00,73.0,4.5,89.0,/dl/web/weather/ic-w-04-scattered-clouds-full.svg,Đà Nẵng,0.7241922323359672,0,-0.6974102389623206,0
2025-05-15 20:00:00+07:00,78.0,6.4,89.0,/dl/web/weather/ic-w-04-scattered-clouds-full.svg,Đà Nẵng,0.8950963491715096,0,-0.33366500644480684,0
2025-05-15 21:00:00+07:00,71.0,8.5,89.0,/dl/web/weather/ic-w-04-scattered-clouds-full.svg,Đà Nẵng,0.6558305856017503,0,0.06836919791665555,0
2025-05-15 22:00:00+07:00,107.0,8.9,89.0,/dl/web/weather/ic-w-04-scattered-clouds-full.svg,Đà Nẵng,1.8863402268176552,0,0.14494714160455321,0
2025-05-15 23:00:00+07:00,96.0,9.5,89.0,/dl/web/weather/ic-w-04-scattered-clouds-full.svg,Đà Nẵng,1.510351169779462,0,0.25981405713639955,0
2025-05-16 00:00:00+07:00,67.0,9.5,89.0,/dl/web/weather/ic-w-04-scattered-clouds-full.svg,Đà Nẵng,0.5191072921333164,0,0.25981405713639955,0
2025-05-16 01:00:00+07:00,64.0,8.4,87.0,/dl/web/weather/ic-w-04-scattered-clouds-full.svg,Đà Nẵng,0.416564822031991,0,0.04922471199468121,0
2025-05-16 02:00:00+07:00,64.0,7.2,88.0,/dl/web/weather/ic-w-04-scattered-clouds-full.svg,Đà Nẵng,0.416564822031991,0,-0.18050911906901165,0
2025-05-16 03:00:00+07:00,66.0,7.2,88.0,/dl/web/weather/ic-w-04-scattered-clouds-full.svg,Đà Nẵng,0.48492646876620793,0,-0.18050911906901165,0
2025-05-16 04:00:00+07:00,67.0,7.4,88.0,/dl/web/weather/ic-w-04-scattered-clouds-full.svg,Đà Nẵng,0.5191072921333164,0,-0.14222014722506282,0
2025-05-16 05:00:00+07:00,63.0,7.4,88.0,/dl/web/weather/ic-w-04-scattered-clouds-full.svg,Đà Nẵng,0.38238399866488254,0,-0.14222014722506282,0
2025-05-16 06:00:00+07:00,62.0,6.6,89.0,/dl/web/weather/ic-w-04-scattered-clouds-full.svg,Đà Nẵng,0.34820317529777406,0,-0.29537603460085815,0
2025-05-16 07:00:00+07:00,62.0,7.4,88.0,/dl/web/weather/ic-w-04-scattered-clouds-full.svg,Đà Nẵng,0.34820317529777406,0,-0.14222014722506282,0
2025-05-16 08:00:00+07:00,65.0,7.4,80.0,/dl/web/weather/ic-w-04-scattered-clouds-full.svg,Đà Nẵng,0.45074564539909945,0,-0.14222014722506282,0
2025-05-16 09:00:00+07:00,66.0,9.3,74.0,/dl/web/weather/ic-w-04-scattered-clouds-full.svg,Đà Nẵng,0.48492646876620793,0,0.2215250852924509,0
2025-05-16 10:00:00+07:00,65.0,10.9,69.0,/dl/web/weather/ic-w-04-scattered-clouds-full.svg,Đà Nẵng,0.45074564539909945,0,0.5278368600440413,0
2025-05-16 11:00:00+07:00,65.0,13.7,67.0,/dl/web/weather/ic-w-04-scattered-clouds-full.svg,Đà Nẵng,0.45074564539909945,0,1.0638824658593244,0
2025-05-16 12:00:00+07:00,64.0,16.4,66.0,/dl/web/weather/ic-w-04-scattered-clouds-full.svg,Đà Nẵng,0.416564822031991,0,1.5807835857526331,0
2025-05-16 13:00:00+07:00,61.0,20.0,66.0,/dl/web/weather/ic-w-04-scattered-clouds-full.svg,Đà Nẵng,0.3140223519306656,0,2.2699850789437117,0
2025-05-16 14:00:00+07:00,54.0,21.1,71.0,/dl/web/weather/ic-w-04-scattered-clouds-full.svg,Đà Nẵng,0.07475658836090629,0,2.4805744240854306,0
2025-05-16 15:00:00+07:00,41.0,19.0,74.0,/dl/web/weather/ic-w-04-scattered-clouds-full.svg,Đà Nẵng,-0.36959411541150383,0,2.0785402197239677,0
2025-05-16 16:00:00+07:00,36.0,16.7,77.0,/dl/web/weather/ic-w-04-scattered-clouds-full.svg,Đà Nẵng,-0.5404982322470462,0,1.6382170435185563,0
2025-05-16 17:00:00+07:00,32.0,16.4,79.0,/dl/web/weather/ic-w-04-scattered-clouds-full.svg,Đà Nẵng,-0.6772215257154801,0,1.5807835857526331,0
2025-05-16 18:00:00+07:00,27.0,10.8,86.0,/dl/web/weather/ic-w-04-scattered-clouds-full.svg,Đà Nẵng,-0.8481256425510224,0,0.5086923741220669,0
2025-05-16 19:00:00+07:00,24.0,6.8,91.0,/dl/web/weather/ic-w-04-scattered-clouds-full.svg,Đà Nẵng,-0.9506681126523479,0,-0.25708706275690935,0
2025-05-16 20:00:00+07:00,57.0,4.5,91.0,/dl/web/weather/ic-w-04-scattered-clouds-full.svg,Đà Nẵng,0.1772990584622317,0,-0.6974102389623206,0
2025-05-16 21:00:00+07:00,19.0,2.7,92.0,/dl/web/weather/ic-w-11-night-few-clouds-full.svg,Đà Nẵng,-1.1215722294878903,0,-1.0420109855578599,0
2025-05-16 22:00:00+07:00,19.0,2.7,92.0,/dl/web/weather/ic-w-11-night-few-clouds-full.svg,Đà Nẵng,-1.1215722294878903,0,-1.0420109855578599,0
2025-05-16 23:00:00+07:00,19.0,2.1,92.0,/dl/web/weather/ic-w-11-night-few-clouds-full.svg,Đà Nẵng,-1.1215722294878903,0,-1.1568779010897063,0
2025-05-17 00:00:00+07:00,19.0,2.1,92.0,/dl/web/weather/ic-w-11-night-few-clouds-full.svg,Đà Nẵng,-1.1215722294878903,0,-1.1568779010897063,0
2025-05-17 01:00:00+07:00,19.0,4.3,92.0,/dl/web/weather/ic-w-11-night-few-clouds-full.svg,Đà Nẵng,-1.1215722294878903,0,-0.7356992108062694,0
2025-05-17 02:00:00+07:00,22.0,4.3,92.0,/dl/web/weather/ic-w-11-night-few-clouds-full.svg,Đà Nẵng,-1.0190297593865647,0,-0.7356992108062694,0
2025-05-17 03:00:00+07:00,33.0,7.4,93.0,/dl/web/weather/ic-w-04-scattered-clouds-full.svg,Đà Nẵng,-0.6430407023483716,0,-0.14222014722506282,0
2025-05-17 04:00:00+07:00,53.0,7.4,93.0,/dl/web/weather/ic-w-04-scattered-clouds-full.svg,Đà Nẵng,0.040575764993797815,0,-0.14222014722506282,0
2025-05-17 05:00:00+07:00,53.0,9.2,92.0,/dl/web/weather/ic-w-04-scattered-clouds-full.svg,Đà Nẵng,0.040575764993797815,0,0.20238059937047623,0
2025-05-17 06:00:00+07:00,53.0,7.9,88.0,/dl/web/weather/ic-w-04-scattered-clouds-full.svg,Đà Nẵng,0.040575764993797815,0,-0.0464977176151908,0
2025-05-17 07:00:00+07:00,58.0,7.2,80.0,/dl/web/weather/ic-w-04-scattered-clouds-full.svg,Đà Nẵng,0.21147988182934016,0,-0.18050911906901165,0
2025-05-17 08:00:00+07:00,60.0,8.2,72.0,/dl/web/weather/ic-w-04-scattered-clouds-full.svg,Đà Nẵng,0.2798415285635571,0,0.010935740150732199,0
2025-05-17 09:00:00+07:00,56.0,9.2,68.0,/dl/web/weather/ic-w-04-scattered-clouds-full.svg,Đà Nẵng,0.14311823509512323,0,0.20238059937047623,0
2025-05-17 10:00:00+07:00,57.0,14.2,65.0,/dl/web/weather/ic-w-04-scattered-clouds-full.svg,Đà Nẵng,0.1772990584622317,0,1.1596048954691964,0
2025-05-17 11:00:00+07:00,57.0,16.9,64.0,/dl/web/weather/ic-w-04-scattered-clouds-full.svg,Đà Nẵng,0.1772990584622317,0,1.676506015362505,0
2025-05-17 12:00:00+07:00,59.0,16.9,64.0,/dl/web/weather/ic-w-04-scattered-clouds-full.svg,Đà Nẵng,0.24566070519644864,0,1.676506015362505,0
2025-05-17 13:00:00+07:00,56.0,22.5,68.0,/dl/web/weather/ic-w-04-scattered-clouds-full.svg,Đà Nẵng,0.14311823509512323,0,2.748597226993072,0
2025-05-17 14:00:00+07:00,46.0,22.5,68.0,/dl/web/weather/ic-w-04-scattered-clouds-full.svg,Đà Nẵng,-0.19868999857596148,0,2.748597226993072,0
2025-05-17 15:00:00+07:00,41.0,19.8,72.0,/dl/web/weather/ic-w-02-new-clouds-full.svg,Đà Nẵng,-0.36959411541150383,0,2.231696107099763,0
2025-05-17 16:00:00+07:00,44.0,16.7,73.0,/dl/web/weather/ic-w-04-scattered-clouds-full.svg,Đà Nẵng,-0.26705164531017844,0,1.6382170435185563,0
2025-05-17 17:00:00+07:00,50.0,13.4,77.0,/dl/web/weather/ic-w-04-scattered-clouds-full.svg,Đà Nẵng,-0.0619667051075276,0,1.0064490080934014,0
2025-05-17 18:00:00+07:00,50.0,13.4,77.0,/dl/web/weather/ic-w-04-scattered-clouds-full.svg,Đà Nẵng,-0.0619667051075276,0,1.0064490080934014,0
2025-05-17 19:00:00+07:00,52.0,6.3,91.0,/dl/web/weather/ic-w-04-scattered-clouds-full.svg,Đà Nẵng,0.006394941626689343,0,-0.35280949236678133,0
2025-05-17 20:00:00+07:00,70.0,3.9,93.0,/dl/web/weather/ic-w-04-scattered-clouds-full.svg,Đà Nẵng,0.6216497622346419,0,-0.8122771544941669,0
2025-05-17 21:00:00+07:00,51.0,3.9,93.0,/dl/web/weather/ic-w-04-scattered-clouds-full.svg,Đà Nẵng,-0.027785881740419127,0,-0.8122771544941669,0
2025-05-17 22:00:00+07:00,53.0,2.7,93.0,/dl/web/weather/ic-w-04-scattered-clouds-full.svg,Đà Nẵng,0.040575764993797815,0,-1.0420109855578599,0
2025-05-17 23:00:00+07:00,56.0,5.3,93.0,/dl/web/weather/ic-w-04-scattered-clouds-full.svg,Đà Nẵng,0.14311823509512323,0,-0.5442543515865254,0
2025-05-18 00:00:00+07:00,53.0,5.3,93.0,/dl/web/weather/ic-w-04-scattered-clouds-full.svg,Đà Nẵng,0.040575764993797815,0,-0.5442543515865254,0
2025-05-18 01:00:00+07:00,53.0,4.5,93.0,/dl/web/weather/ic-w-04-scattered-clouds-full.svg,Đà Nẵng,0.040575764993797815,0,-0.6974102389623206,0
2025-05-18 02:00:00+07:00,52.0,4.5,93.0,/dl/web/weather/ic-w-04-scattered-clouds-full.svg,Đà Nẵng,0.006394941626689343,0,-0.6974102389623206,0
2025-05-18 03:00:00+07:00,53.0,7.4,94.0,/dl/web/weather/ic-w-04-scattered-clouds-full.svg,Đà Nẵng,0.040575764993797815,0,-0.14222014722506282,0
2025-05-18 04:00:00+07:00,77.0,9.7,95.0,/dl/web/weather/ic-w-04-scattered-clouds-full.svg,Đà Nẵng,0.8609155258044011,0,0.29810302898034824,0
2025-05-18 05:00:00+07:00,84.0,9.7,95.0,/dl/web/weather/ic-w-04-scattered-clouds-full.svg,Đà Nẵng,1.1001812893741605,0,0.29810302898034824,0
2025-05-18 06:00:00+07:00,66.0,8.9,94.0,/dl/web/weather/ic-w-04-scattered-clouds-full.svg,Đà Nẵng,0.48492646876620793,0,0.14494714160455321,0
2025-05-18 07:00:00+07:00,66.0,7.2,84.0,/dl/web/weather/ic-w-04-scattered-clouds-full.svg,Đà Nẵng,0.48492646876620793,0,-0.18050911906901165,0
2025-05-18 08:00:00+07:00,84.0,6.6,73.0,/dl/web/weather/ic-w-01-clear-sky-full.svg,Đà Nẵng,1.1001812893741605,0,-0.29537603460085815,0
2025-05-18 09:00:00+07:00,92.0,9.3,67.0,/dl/web/weather/ic-w-04-scattered-clouds-full.svg,Đà Nẵng,1.3736278763110281,0,0.2215250852924509,0
2025-05-18 10:00:00+07:00,92.0,12.9,66.0,/dl/web/weather/ic-w-04-scattered-clouds-full.svg,Đà Nẵng,1.3736278763110281,0,0.9107265784835293,0
2025-05-18 11:00:00+07:00,92.0,16.9,66.0,/dl/web/weather/ic-w-04-scattered-clouds-full.svg,Đà Nẵng,1.3736278763110281,0,1.676506015362505,0
2025-05-18 12:00:00+07:00,73.0,16.9,66.0,/dl/web/weather/ic-w-04-scattered-clouds-full.svg,Đà Nẵng,0.7241922323359672,0,1.676506015362505,0
2025-05-18 13:00:00+07:00,67.0,19.8,72.0,/dl/web/weather/ic-w-04-scattered-clouds-full.svg,Đà Nẵng,0.5191072921333164,0,2.231696107099763,0
2025-05-18 14:00:00+07:00,62.0,19.8,72.0,/dl/web/weather/ic-w-04-scattered-clouds-full.svg,Đà Nẵng,0.34820317529777406,0,2.231696107099763,0
2025-05-18 15:00:00+07:00,60.0,18.0,73.0,/dl/web/weather/ic-w-02-new-clouds-full.svg,Đà Nẵng,0.2798415285635571,0,1.8870953605042238,0
2025-05-18 16:00:00+07:00,53.0,18.2,73.0,/dl/web/weather/ic-w-02-new-clouds-full.svg,Đà Nẵng,0.040575764993797815,0,1.9253843323481725,0
2025-05-18 17:00:00+07:00,56.0,7.2,82.0,/dl/web/weather/ic-w-02-new-clouds-full.svg,Đà Nẵng,0.14311823509512323,0,-0.18050911906901165,0
2025-05-18 18:00:00+07:00,61.0,7.2,82.0,/dl/web/weather/ic-w-02-new-clouds-full.svg,Đà Nẵng,0.3140223519306656,0,-0.18050911906901165,0
2025-05-18 19:00:00+07:00,70.0,9.5,89.0,/dl/web/weather/ic-w-11-night-few-clouds-full.svg,Đà Nẵng,0.6216497622346419,0,0.25981405713639955,0
2025-05-18 20:00:00+07:00,74.0,7.9,87.0,/dl/web/weather/ic-w-04-scattered-clouds-full.svg,Đà Nẵng,0.7583730557030757,0,-0.0464977176151908,0
2025-05-18 21:00:00+07:00,74.0,7.9,87.0,/dl/web/weather/ic-w-04-scattered-clouds-full.svg,Đà Nẵng,0.7583730557030757,0,-0.0464977176151908,0
2025-05-18 22:00:00+07:00,46.0,7.1,87.0,/dl/web/weather/ic-w-04-scattered-clouds-full.svg,Đà Nẵng,-0.19868999857596148,0,-0.19965360499098617,0
2025-05-18 23:00:00+07:00,50.0,5.6,86.0,/dl/web/weather/ic-w-04-scattered-clouds-full.svg,Đà Nẵng,-0.0619667051075276,0,-0.48682089382060223,0
2025-05-19 00:00:00+07:00,50.0,9.0,86.0,/dl/web/weather/ic-w-04-scattered-clouds-full.svg,Đà Nẵng,-0.0619667051075276,0,0.16409162752652756,0
2025-05-19 01:00:00+07:00,50.0,9.0,88.0,/dl/web/weather/ic-w-04-scattered-clouds-full.svg,Đà Nẵng,-0.0619667051075276,0,0.16409162752652756,0
2025-05-19 02:00:00+07:00,53.0,10.1,88.0,/dl/web/weather/ic-w-04-scattered-clouds-full.svg,Đà Nẵng,0.040575764993797815,0,0.3746809726682459,0
2025-05-19 03:00:00+07:00,55.0,9.8,89.0,/dl/web/weather/ic-w-04-scattered-clouds-full.svg,Đà Nẵng,0.10893741172801476,0,0.3172475149023229,0
2025-05-19 04:00:00+07:00,62.0,9.8,89.0,/dl/web/weather/ic-w-04-scattered-clouds-full.svg,Đà Nẵng,0.34820317529777406,0,0.3172475149023229,0
2025-05-19 05:00:00+07:00,62.0,9.5,89.0,/dl/web/weather/ic-w-04-scattered-clouds-full.svg,Đà Nẵng,0.34820317529777406,0,0.25981405713639955,0
2025-05-19 06:00:00+07:00,73.0,9.2,88.0,/dl/web/weather/ic-w-04-scattered-clouds-full.svg,Đà Nẵng,0.7241922323359672,0,0.20238059937047623,0
2025-05-19 07:00:00+07:00,73.0,7.4,83.0,/dl/web/weather/ic-w-02-new-clouds-full.svg,Đà Nẵng,0.7241922323359672,0,-0.14222014722506282,0
2025-05-19 08:00:00+07:00,82.0,9.2,74.0,/dl/web/weather/ic-w-02-new-clouds-full.svg,Đà Nẵng,1.0318196426399435,0,0.20238059937047623,0
2025-05-19 09:00:00+07:00,80.0,7.4,66.0,/dl/web/weather/ic-w-01-clear-sky-full.svg,Đà Nẵng,0.9634579959057266,0,-0.14222014722506282,0
2025-05-19 10:00:00+07:00,84.0,11.1,62.0,/dl/web/weather/ic-w-01-clear-sky-full.svg,Đà Nẵng,1.1001812893741605,0,0.5661258318879899,0
2025-05-19 11:00:00+07:00,77.0,13.0,62.0,/dl/web/weather/ic-w-02-new-clouds-full.svg,Đà Nẵng,0.8609155258044011,0,0.9298710644055037,0
2025-05-19 12:00:00+07:00,75.0,13.0,62.0,/dl/web/weather/ic-w-02-new-clouds-full.svg,Đà Nẵng,0.7925538790701842,0,0.9298710644055037,0
2025-05-19 13:00:00+07:00,72.0,18.5,62.0,/dl/web/weather/ic-w-02-new-clouds-full.svg,Đà Nẵng,0.6900114089688588,0,1.9828177901140958,0
2025-05-19 14:00:00+07:00,63.0,18.5,62.0,/dl/web/weather/ic-w-02-new-clouds-full.svg,Đà Nẵng,0.38238399866488254,0,1.9828177901140958,0
2025-05-19 15:00:00+07:00,58.0,20.4,66.0,/dl/web/weather/ic-w-02-new-clouds-full.svg,Đà Nẵng,0.21147988182934016,0,2.346563022631609,0
2025-05-19 16:00:00+07:00,55.0,14.8,66.0,/dl/web/weather/ic-w-02-new-clouds-full.svg,Đà Nẵng,0.10893741172801476,0,1.2744718110010431,0
2025-05-19 17:00:00+07:00,46.0,14.8,70.0,/dl/web/weather/ic-w-02-new-clouds-full.svg,Đà Nẵng,-0.19868999857596148,0,1.2744718110010431,0
2025-05-19 18:00:00+07:00,42.0,14.8,70.0,/dl/web/weather/ic-w-02-new-clouds-full.svg,Đà Nẵng,-0.33541329204439535,0,1.2744718110010431,0
2025-05-19 19:00:00+07:00,36.0,11.1,70.0,/dl/web/weather/ic-w-11-night-few-clouds-full.svg,Đà Nẵng,-0.5404982322470462,0,0.5661258318879899,0
2025-05-19 20:00:00+07:00,72.0,15.0,90.0,/dl/web/weather/ic-w-04-scattered-clouds-full.svg,Đà Nẵng,0.6900114089688588,0,1.3127607828449916,0
2025-05-19 21:00:00+07:00,69.0,15.0,90.0,/dl/web/weather/ic-w-04-scattered-clouds-full.svg,Đà Nẵng,0.5874689388675334,0,1.3127607828449916,0
2025-05-19 22:00:00+07:00,81.0,13.8,88.0,/dl/web/weather/ic-w-04-scattered-clouds-full.svg,Đà Nẵng,0.997638819272835,0,1.083026951781299,0
2025-05-19 23:00:00+07:00,57.0,10.9,88.0,/dl/web/weather/ic-w-04-scattered-clouds-full.svg,Đà Nẵng,0.1772990584622317,0,0.5278368600440413,0
2025-05-20 00:00:00+07:00,54.0,10.9,88.0,/dl/web/weather/ic-w-04-scattered-clouds-full.svg,Đà Nẵng,0.07475658836090629,0,0.5278368600440413,0
2025-05-20 01:00:00+07:00,52.0,10.1,89.0,/dl/web/weather/ic-w-04-scattered-clouds-full.svg,Đà Nẵng,0.006394941626689343,0,0.3746809726682459,0
2025-05-20 02:00:00+07:00,47.0,10.1,89.0,/dl/web/weather/ic-w-04-scattered-clouds-full.svg,Đà Nẵng,-0.164509175208853,0,0.3746809726682459,0
2025-05-20 03:00:00+07:00,39.0,9.7,87.0,/dl/web/weather/ic-w-04-scattered-clouds-full.svg,Đà Nẵng,-0.4379557621457208,0,0.29810302898034824,0
2025-05-20 04:00:00+07:00,47.0,9.7,87.0,/dl/web/weather/ic-w-04-scattered-clouds-full.svg,Đà Nẵng,-0.164509175208853,0,0.29810302898034824,0
2025-05-20 05:00:00+07:00,43.0,9.7,86.0,/dl/web/weather/ic-w-04-scattered-clouds-full.svg,Đà Nẵng,-0.30123246867728687,0,0.29810302898034824,0
2025-05-20 06:00:00+07:00,51.0,9.7,86.0,/dl/web/weather/ic-w-04-scattered-clouds-full.svg,Đà Nẵng,-0.027785881740419127,0,0.29810302898034824,0
2025-05-20 07:00:00+07:00,49.0,7.4,78.0,/dl/web/weather/ic-w-04-scattered-clouds-full.svg,Đà Nẵng,-0.09614752847463608,0,-0.14222014722506282,0
2025-05-20 08:00:00+07:00,52.0,7.2,68.0,/dl/web/weather/ic-w-04-scattered-clouds-full.svg,Đà Nẵng,0.006394941626689343,0,-0.18050911906901165,0
2025-05-20 09:00:00+07:00,54.0,9.3,62.0,/dl/web/weather/ic-w-04-scattered-clouds-full.svg,Đà Nẵng,0.07475658836090629,0,0.2215250852924509,0
2025-05-20 10:00:00+07:00,58.0,14.0,60.0,/dl/web/weather/ic-w-04-scattered-clouds-full.svg,Đà Nẵng,0.21147988182934016,0,1.1213159236252477,0
2025-05-20 11:00:00+07:00,58.0,17.1,62.0,/dl/web/weather/ic-w-04-scattered-clouds-full.svg,Đà Nẵng,0.21147988182934016,0,1.7147949872064545,0
2025-05-20 12:00:00+07:00,55.0,17.1,62.0,/dl/web/weather/ic-w-04-scattered-clouds-full.svg,Đà Nẵng,0.10893741172801476,0,1.7147949872064545,0
2025-05-20 13:00:00+07:00,55.0,18.8,63.0,/dl/web/weather/ic-w-04-scattered-clouds-full.svg,Đà Nẵng,0.10893741172801476,0,2.040251247880019,0
2025-05-20 14:00:00+07:00,49.0,18.8,68.0,/dl/web/weather/ic-w-04-scattered-clouds-full.svg,Đà Nẵng,-0.09614752847463608,0,2.040251247880019,0
2025-05-20 15:00:00+07:00,47.0,20.9,68.0,/dl/web/weather/ic-w-04-scattered-clouds-full.svg,Đà Nẵng,-0.164509175208853,0,2.442285452241481,0
2025-05-20 16:00:00+07:00,42.0,16.7,75.0,/dl/web/weather/ic-w-04-scattered-clouds-full.svg,Đà Nẵng,-0.33541329204439535,0,1.6382170435185563,0
2025-05-20 17:00:00+07:00,36.0,16.7,75.0,/dl/web/weather/ic-w-04-scattered-clouds-full.svg,Đà Nẵng,-0.5404982322470462,0,1.6382170435185563,0
2025-05-20 18:00:00+07:00,39.0,13.4,78.0,/dl/web/weather/ic-w-04-scattered-clouds-full.svg,Đà Nẵng,-0.4379557621457208,0,1.0064490080934014,0
2025-05-20 19:00:00+07:00,55.0,7.7,90.0,/dl/web/weather/ic-w-04-scattered-clouds-full.svg,Đà Nẵng,0.10893741172801476,0,-0.08478668945913964,0
2025-05-20 20:00:00+07:00,61.0,5.1,87.0,/dl/web/weather/ic-w-04-scattered-clouds-full.svg,Đà Nẵng,0.3140223519306656,0,-0.5825433234304742,0
2025-05-20 21:00:00+07:00,55.0,8.2,88.0,/dl/web/weather/ic-w-04-scattered-clouds-full.svg,Đà Nẵng,0.10893741172801476,0,0.010935740150732199,0
2025-05-20 22:00:00+07:00,56.0,12.4,89.0,/dl/web/weather/ic-w-04-scattered-clouds-full.svg,Đà Nẵng,0.14311823509512323,0,0.8150041488736574,0
2025-05-20 23:00:00+07:00,48.0,11.7,88.0,/dl/web/weather/ic-w-04-scattered-clouds-full.svg,Đà Nẵng,-0.13032835184174454,0,0.6809927474198363,0
2025-05-21 00:00:00+07:00,39.0,11.4,88.0,/dl/web/weather/ic-w-04-scattered-clouds-full.svg,Đà Nẵng,-0.4379557621457208,0,0.6235592896539133,0
2025-05-21 01:00:00+07:00,34.0,7.4,89.0,/dl/web/weather/ic-w-11-night-few-clouds-full.svg,Đà Nẵng,-0.6088598789812631,0,-0.14222014722506282,0
2025-05-21 02:00:00+07:00,29.0,7.4,89.0,/dl/web/weather/ic-w-11-night-few-clouds-full.svg,Đà Nẵng,-0.7797639958168054,0,-0.14222014722506282,0
2025-05-21 03:00:00+07:00,28.0,9.2,89.0,/dl/web/weather/ic-w-11-night-few-clouds-full.svg,Đà Nẵng,-0.8139448191839139,0,0.20238059937047623,0
2025-05-21 04:00:00+07:00,27.0,7.4,89.0,/dl/web/weather/ic-w-11-night-few-clouds-full.svg,Đà Nẵng,-0.8481256425510224,0,-0.14222014722506282,0
2025-05-21 05:00:00+07:00,28.0,3.7,89.0,/dl/web/weather/ic-w-11-night-few-clouds-full.svg,Đà Nẵng,-0.8139448191839139,0,-0.8505661263381158,0
2025-05-21 06:00:00+07:00,44.0,3.7,89.0,/dl/web/weather/ic-w-02-new-clouds-full.svg,Đà Nẵng,-0.26705164531017844,0,-0.8505661263381158,0
2025-05-21 07:00:00+07:00,53.0,1.8,83.0,/dl/web/weather/ic-w-02-new-clouds-full.svg,Đà Nẵng,0.040575764993797815,0,-1.2143113588556296,0
2025-05-21 08:00:00+07:00,55.0,5.5,74.0,/dl/web/weather/ic-w-02-new-clouds-full.svg,Đà Nẵng,0.10893741172801476,0,-0.5059653797425765,0
2025-05-21 09:00:00+07:00,58.0,9.2,66.0,/dl/web/weather/ic-w-01-clear-sky-full.svg,Đà Nẵng,0.21147988182934016,0,0.20238059937047623,0
2025-05-21 10:00:00+07:00,58.0,3.7,62.0,/dl/web/weather/ic-w-02-new-clouds-full.svg,Đà Nẵng,0.21147988182934016,0,-0.8505661263381158,0
2025-05-21 11:00:00+07:00,58.0,11.1,62.0,/dl/web/weather/ic-w-02-new-clouds-full.svg,Đà Nẵng,0.21147988182934016,0,0.5661258318879899,0
2025-05-21 12:00:00+07:00,58.0,11.1,62.0,/dl/web/weather/ic-w-02-new-clouds-full.svg,Đà Nẵng,0.21147988182934016,0,0.5661258318879899,0
2025-05-21 13:00:00+07:00,57.0,16.7,58.0,/dl/web/weather/ic-w-02-new-clouds-full.svg,Đà Nẵng,0.1772990584622317,0,1.6382170435185563,0
2025-05-21 14:00:00+07:00,55.0,20.4,59.0,/dl/web/weather/ic-w-02-new-clouds-full.svg,Đà Nẵng,0.10893741172801476,0,2.346563022631609,0
2025-05-21 15:00:00+07:00,49.0,18.5,62.0,/dl/web/weather/ic-w-02-new-clouds-full.svg,Đà Nẵng,-0.09614752847463608,0,1.9828177901140958,0
2025-05-21 16:00:00+07:00,56.0,24.1,66.0,/dl/web/weather/ic-w-02-new-clouds-full.svg,Đà Nẵng,0.14311823509512323,0,3.0549090017446625,-1
2025-05-21 17:00:00+07:00,52.0,14.8,66.0,/dl/web/weather/ic-w-02-new-clouds-full.svg,Đà Nẵng,0.006394941626689343,0,1.2744718110010431,0
2025-05-21 18:00:00+07:00,36.0,14.8,66.0,/dl/web/weather/ic-w-02-new-clouds-full.svg,Đà Nẵng,-0.5404982322470462,0,1.2744718110010431,0
2025-05-21 19:00:00+07:00,33.0,13.0,84.0,/dl/web/weather/ic-w-11-night-few-clouds-full.svg,Đà Nẵng,-0.6430407023483716,0,0.9298710644055037,0
2025-05-21 20:00:00+07:00,57.0,9.2,79.0,/dl/web/weather/ic-w-11-night-few-clouds-full.svg,Đà Nẵng,0.1772990584622317,0,0.20238059937047623,0
2025-05-21 21:00:00+07:00,28.0,3.7,79.0,/dl/web/weather/ic-w-11-night-few-clouds-full.svg,Đà Nẵng,-0.8139448191839139,0,-0.8505661263381158,0
2025-05-21 22:00:00+07:00,25.0,1.8,84.0,/dl/web/weather/ic-w-11-night-few-clouds-full.svg,Đà Nẵng,-0.9164872892852394,0,-1.2143113588556296,0
2025-05-21 23:00:00+07:00,22.0,3.7,84.0,/dl/web/weather/ic-w-11-night-few-clouds-full.svg,Đà Nẵng,-1.0190297593865647,0,-0.8505661263381158,0
2025-05-22 00:00:00+07:00,19.0,3.7,89.0,/dl/web/weather/ic-w-04-scattered-clouds-full.svg,Đà Nẵng,-1.1215722294878903,0,-0.8505661263381158,0
2025-05-22 01:00:00+07:00,19.0,5.5,89.0,/dl/web/weather/ic-w-04-scattered-clouds-full.svg,Đà Nẵng,-1.1215722294878903,0,-0.5059653797425765,0
2025-05-22 02:00:00+07:00,19.0,5.5,89.0,/dl/web/weather/ic-w-04-scattered-clouds-full.svg,Đà Nẵng,-1.1215722294878903,0,-0.5059653797425765,0
2025-05-22 03:00:00+07:00,28.0,1.8,89.0,/dl/web/weather/ic-w-04-scattered-clouds-full.svg,Đà Nẵng,-0.8139448191839139,0,-1.2143113588556296,0
2025-05-22 04:00:00+07:00,39.0,1.8,89.0,/dl/web/weather/ic-w-04-scattered-clouds-full.svg,Đà Nẵng,-0.4379557621457208,0,-1.2143113588556296,0
2025-05-22 05:00:00+07:00,39.0,3.7,89.0,/dl/web/weather/ic-w-11-night-few-clouds-full.svg,Đà Nẵng,-0.4379557621457208,0,-0.8505661263381158,0
2025-05-22 06:00:00+07:00,55.0,1.8,89.0,/dl/web/weather/ic-w-01-clear-sky-full.svg,Đà Nẵng,0.10893741172801476,0,-1.2143113588556296,0
2025-05-22 07:00:00+07:00,55.0,5.5,83.0,/dl/web/weather/ic-w-01-clear-sky-full.svg,Đà Nẵng,0.10893741172801476,0,-0.5059653797425765,0
2025-05-22 08:00:00+07:00,58.0,7.4,79.0,/dl/web/weather/ic-w-01-clear-sky-full.svg,Đà Nẵng,0.21147988182934016,0,-0.14222014722506282,0
2025-05-22 09:00:00+07:00,69.0,5.5,70.0,/dl/web/weather/ic-w-02-new-clouds-full.svg,Đà Nẵng,0.5874689388675334,0,-0.5059653797425765,0
2025-05-22 10:00:00+07:00,84.0,9.2,62.0,/dl/web/weather/ic-w-02-new-clouds-full.svg,Đà Nẵng,1.1001812893741605,0,0.20238059937047623,0
2025-05-22 11:00:00+07:00,84.0,13.0,62.0,/dl/web/weather/ic-w-02-new-clouds-full.svg,Đà Nẵng,1.1001812893741605,0,0.9298710644055037,0
2025-05-22 12:00:00+07:00,84.0,13.0,55.0,/dl/web/weather/ic-w-02-new-clouds-full.svg,Đà Nẵng,1.1001812893741605,0,0.9298710644055037,0
2025-05-22 13:00:00+07:00,53.0,16.7,58.0,/dl/web/weather/ic-w-02-new-clouds-full.svg,Đà Nẵng,0.040575764993797815,0,1.6382170435185563,0
2025-05-22 14:00:00+07:00,39.0,18.5,62.0,/dl/web/weather/ic-w-02-new-clouds-full.svg,Đà Nẵng,-0.4379557621457208,0,1.9828177901140958,0
2025-05-22 15:00:00+07:00,29.0,18.5,62.0,/dl/web/weather/ic-w-02-new-clouds-full.svg,Đà Nẵng,-0.7797639958168054,0,1.9828177901140958,0
2025-05-22 16:00:00+07:00,29.0,18.5,74.0,/dl/web/weather/ic-w-02-new-clouds-full.svg,Đà Nẵng,-0.7797639958168054,0,1.9828177901140958,0
2025-05-22 17:00:00+07:00,22.0,14.8,79.0,/dl/web/weather/ic-w-02-new-clouds-full.svg,Đà Nẵng,-1.0190297593865647,0,1.2744718110010431,0
2025-05-22 18:00:00+07:00,22.0,11.1,74.0,/dl/web/weather/ic-w-02-new-clouds-full.svg,Đà Nẵng,-1.0190297593865647,0,0.5661258318879899,0
2025-05-22 19:00:00+07:00,19.0,9.2,84.0,/dl/web/weather/ic-w-11-night-few-clouds-full.svg,Đà Nẵng,-1.1215722294878903,0,0.20238059937047623,0
2025-05-22 20:00:00+07:00,42.0,9.2,84.0,/dl/web/weather/ic-w-11-night-few-clouds-full.svg,Đà Nẵng,-0.33541329204439535,0,0.20238059937047623,0
2025-05-22 21:00:00+07:00,19.0,9.2,84.0,/dl/web/weather/ic-w-11-night-few-clouds-full.svg,Đà Nẵng,-1.1215722294878903,0,0.20238059937047623,0
2025-05-22 22:00:00+07:00,19.0,7.4,84.0,/dl/web/weather/ic-w-04-scattered-clouds-full.svg,Đà Nẵng,-1.1215722294878903,0,-0.14222014722506282,0
2025-05-22 23:00:00+07:00,19.0,9.2,84.0,/dl/web/weather/ic-w-04-scattered-clouds-full.svg,Đà Nẵng,-1.1215722294878903,0,0.20238059937047623,0
2025-05-23 00:00:00+07:00,19.0,9.2,84.0,/dl/web/weather/ic-w-04-scattered-clouds-full.svg,Đà Nẵng,-1.1215722294878903,0,0.20238059937047623,0
2025-05-23 01:00:00+07:00,19.0,7.4,89.0,/dl/web/weather/ic-w-04-scattered-clouds-full.svg,Đà Nẵng,-1.1215722294878903,0,-0.14222014722506282,0
2025-05-23 02:00:00+07:00,19.0,7.4,89.0,/dl/web/weather/ic-w-04-scattered-clouds-full.svg,Đà Nẵng,-1.1215722294878903,0,-0.14222014722506282,0
2025-05-23 03:00:00+07:00,22.0,7.4,89.0,/dl/web/weather/ic-w-11-night-few-clouds-full.svg,Đà Nẵng,-1.0190297593865647,0,-0.14222014722506282,0
2025-05-23 04:00:00+07:00,44.0,7.4,89.0,/dl/web/weather/ic-w-11-night-few-clouds-full.svg,Đà Nẵng,-0.26705164531017844,0,-0.14222014722506282,0
2025-05-23 05:00:00+07:00,39.0,3.7,89.0,/dl/web/weather/ic-w-11-night-few-clouds-full.svg,Đà Nẵng,-0.4379557621457208,0,-0.8505661263381158,0
2025-05-23 06:00:00+07:00,44.0,3.7,89.0,/dl/web/weather/ic-w-11-night-few-clouds-full.svg,Đà Nẵng,-0.26705164531017844,0,-0.8505661263381158,0
2025-05-23 07:00:00+07:00,53.0,5.5,78.0,/dl/web/weather/ic-w-01-clear-sky-full.svg,Đà Nẵng,0.040575764993797815,0,-0.5059653797425765,0
2025-05-23 08:00:00+07:00,53.0,3.7,79.0,/dl/web/weather/ic-w-01-clear-sky-full.svg,Đà Nẵng,0.040575764993797815,0,-0.8505661263381158,0
2025-05-23 09:00:00+07:00,60.0,5.5,70.0,/dl/web/weather/ic-w-02-new-clouds-full.svg,Đà Nẵng,0.2798415285635571,0,-0.5059653797425765,0
2025-05-23 10:00:00+07:00,62.0,5.5,70.0,/dl/web/weather/ic-w-02-new-clouds-full.svg,Đà Nẵng,0.34820317529777406,0,-0.5059653797425765,0
2025-05-23 11:00:00+07:00,62.0,13.0,66.0,/dl/web/weather/ic-w-02-new-clouds-full.svg,Đà Nẵng,0.34820317529777406,0,0.9298710644055037,0
2025-05-23 12:00:00+07:00,59.0,18.5,62.0,/dl/web/weather/ic-w-02-new-clouds-full.svg,Đà Nẵng,0.24566070519644864,0,1.9828177901140958,0
2025-05-23 13:00:00+07:00,52.0,20.4,66.0,/dl/web/weather/ic-w-02-new-clouds-full.svg,Đà Nẵng,0.006394941626689343,0,2.346563022631609,0
2025-05-23 14:00:00+07:00,38.0,20.4,66.0,/dl/web/weather/ic-w-02-new-clouds-full.svg,Đà Nẵng,-0.4721365855128293,0,2.346563022631609,0
2025-05-23 15:00:00+07:00,44.0,24.1,66.0,/dl/web/weather/ic-w-02-new-clouds-full.svg,Đà Nẵng,-0.26705164531017844,0,3.0549090017446625,-1
2025-05-23 16:00:00+07:00,33.0,18.5,70.0,/dl/web/weather/ic-w-02-new-clouds-full.svg,Đà Nẵng,-0.6430407023483716,0,1.9828177901140958,0
2025-05-23 17:00:00+07:00,29.0,20.4,74.0,/dl/web/weather/ic-w-02-new-clouds-full.svg,Đà Nẵng,-0.7797639958168054,0,2.346563022631609,0
2025-05-23 18:00:00+07:00,30.0,20.4,74.0,/dl/web/weather/ic-w-02-new-clouds-full.svg,Đà Nẵng,-0.7455831724496971,0,2.346563022631609,0
2025-05-23 19:00:00+07:00,29.0,11.1,84.0,/dl/web/weather/ic-w-11-night-few-clouds-full.svg,Đà Nẵng,-0.7797639958168054,0,0.5661258318879899,0
2025-05-23 20:00:00+07:00,29.0,11.1,84.0,/dl/web/weather/ic-w-11-night-few-clouds-full.svg,Đà Nẵng,-0.7797639958168054,0,0.5661258318879899,0
2025-05-23 21:00:00+07:00,29.0,13.0,84.0,/dl/web/weather/ic-w-04-scattered-clouds-full.svg,Đà Nẵng,-0.7797639958168054,0,0.9298710644055037,0
2025-05-23 22:00:00+07:00,29.0,5.5,84.0,/dl/web/weather/ic-w-04-scattered-clouds-full.svg,Đà Nẵng,-0.7797639958168054,0,-0.5059653797425765,0
2025-05-23 23:00:00+07:00,29.0,5.5,84.0,/dl/web/weather/ic-w-04-scattered-clouds-full.svg,Đà Nẵng,-0.7797639958168054,0,-0.5059653797425765,0
2025-05-24 00:00:00+07:00,29.0,7.4,89.0,/dl/web/weather/ic-w-04-scattered-clouds-full.svg,Đà Nẵng,-0.7797639958168054,0,-0.14222014722506282,0
2025-05-24 01:00:00+07:00,24.0,9.2,84.0,/dl/web/weather/ic-w-12-night-rain-full.svg,Đà Nẵng,-0.9506681126523479,0,0.20238059937047623,0
2025-05-24 02:00:00+07:00,27.0,9.2,84.0,/dl/web/weather/ic-w-12-night-rain-full.svg,Đà Nẵng,-0.8481256425510224,0,0.20238059937047623,0
2025-05-24 03:00:00+07:00,29.0,3.7,89.0,/dl/web/weather/ic-w-11-night-few-clouds-full.svg,Đà Nẵng,-0.7797639958168054,0,-0.8505661263381158,0
2025-05-24 04:00:00+07:00,32.0,3.7,89.0,/dl/web/weather/ic-w-11-night-few-clouds-full.svg,Đà Nẵng,-0.6772215257154801,0,-0.8505661263381158,0
2025-05-24 05:00:00+07:00,35.0,0.0,89.0,/dl/web/weather/ic-w-11-night-few-clouds-full.svg,Đà Nẵng,-0.5746790556141547,0,-1.5589121054511688,0
2025-05-24 06:00:00+07:00,35.0,5.1,91.0,/dl/web/weather/ic-w-04-scattered-clouds-full.svg,Đà Nẵng,-0.5746790556141547,0,-0.5825433234304742,0
2025-05-24 07:00:00+07:00,35.0,0.0,84.0,/dl/web/weather/ic-w-02-new-clouds-full.svg,Đà Nẵng,-0.5746790556141547,0,-1.5589121054511688,0
2025-05-24 08:00:00+07:00,50.0,3.7,74.0,/dl/web/weather/ic-w-04-scattered-clouds-full.svg,Đà Nẵng,-0.0619667051075276,0,-0.8505661263381158,0
2025-05-24 09:00:00+07:00,47.0,7.4,70.0,/dl/web/weather/ic-w-04-scattered-clouds-full.svg,Đà Nẵng,-0.164509175208853,0,-0.14222014722506282,0
2025-05-24 10:00:00+07:00,47.0,5.5,62.0,/dl/web/weather/ic-w-02-new-clouds-full.svg,Đà Nẵng,-0.164509175208853,0,-0.5059653797425765,0
2025-05-24 11:00:00+07:00,47.0,16.7,58.0,/dl/web/weather/ic-w-02-new-clouds-full.svg,Đà Nẵng,-0.164509175208853,0,1.6382170435185563,0
2025-05-24 12:00:00+07:00,50.0,18.5,58.0,/dl/web/weather/ic-w-02-new-clouds-full.svg,Đà Nẵng,-0.0619667051075276,0,1.9828177901140958,0
2025-05-24 13:00:00+07:00,47.0,22.2,59.0,/dl/web/weather/ic-w-02-new-clouds-full.svg,Đà Nẵng,-0.164509175208853,0,2.6911637692271486,0
2025-05-24 14:00:00+07:00,43.0,22.2,59.0,/dl/web/weather/ic-w-02-new-clouds-full.svg,Đà Nẵng,-0.30123246867728687,0,2.6911637692271486,0
2025-05-24 15:00:00+07:00,31.0,22.2,62.0,/dl/web/weather/ic-w-02-new-clouds-full.svg,Đà Nẵng,-0.7114023490825886,0,2.6911637692271486,0
2025-05-24 16:00:00+07:00,31.0,22.2,70.0,/dl/web/weather/ic-w-02-new-clouds-full.svg,Đà Nẵng,-0.7114023490825886,0,2.6911637692271486,0
2025-05-24 17:00:00+07:00,22.0,16.7,74.0,/dl/web/weather/ic-w-02-new-clouds-full.svg,Đà Nẵng,-1.0190297593865647,0,1.6382170435185563,0
2025-05-24 18:00:00+07:00,22.0,18.5,74.0,/dl/web/weather/ic-w-02-new-clouds-full.svg,Đà Nẵng,-1.0190297593865647,0,1.9828177901140958,0
2025-05-24 19:00:00+07:00,19.0,14.8,79.0,/dl/web/weather/ic-w-11-night-few-clouds-full.svg,Đà Nẵng,-1.1215722294878903,0,1.2744718110010431,0
2025-05-24 20:00:00+07:00,19.0,20.4,84.0,/dl/web/weather/ic-w-11-night-few-clouds-full.svg,Đà Nẵng,-1.1215722294878903,0,2.346563022631609,0
2025-05-24 21:00:00+07:00,19.0,20.4,84.0,/dl/web/weather/ic-w-11-night-few-clouds-full.svg,Đà Nẵng,-1.1215722294878903,0,2.346563022631609,0
2025-05-24 22:00:00+07:00,19.0,11.1,84.0,/dl/web/weather/ic-w-11-night-few-clouds-full.svg,Đà Nẵng,-1.1215722294878903,0,0.5661258318879899,0
2025-05-24 23:00:00+07:00,19.0,11.1,84.0,/dl/web/weather/ic-w-11-night-few-clouds-full.svg,Đà Nẵng,-1.1215722294878903,0,0.5661258318879899,0
2025-05-25 00:00:00+07:00,19.0,16.7,89.0,/dl/web/weather/ic-w-11-night-few-clouds-full.svg,Đà Nẵng,-1.1215722294878903,0,1.6382170435185563,0
2025-05-25 01:00:00+07:00,19.0,14.8,84.0,/dl/web/weather/ic-w-11-night-few-clouds-full.svg,Đà Nẵng,-1.1215722294878903,0,1.2744718110010431,0
2025-05-25 02:00:00+07:00,19.0,14.8,84.0,/dl/web/weather/ic-w-11-night-few-clouds-full.svg,Đà Nẵng,-1.1215722294878903,0,1.2744718110010431,0
2025-05-25 03:00:00+07:00,19.0,9.2,78.0,/dl/web/weather/ic-w-11-night-few-clouds-full.svg,Đà Nẵng,-1.1215722294878903,0,0.20238059937047623,0
2025-05-25 04:00:00+07:00,19.0,1.8,83.0,/dl/web/weather/ic-w-11-night-few-clouds-full.svg,Đà Nẵng,-1.1215722294878903,0,-1.2143113588556296,0
2025-05-25 05:00:00+07:00,19.0,1.8,83.0,/dl/web/weather/ic-w-11-night-few-clouds-full.svg,Đà Nẵng,-1.1215722294878903,0,-1.2143113588556296,0
2025-05-25 06:00:00+07:00,19.0,1.8,89.0,/dl/web/weather/ic-w-02-new-clouds-full.svg,Đà Nẵng,-1.1215722294878903,0,-1.2143113588556296,0
2025-05-25 07:00:00+07:00,19.0,0.0,83.0,/dl/web/weather/ic-w-02-new-clouds-full.svg,Đà Nẵng,-1.1215722294878903,0,-1.5589121054511688,0
2025-05-25 08:00:00+07:00,19.0,7.4,74.0,/dl/web/weather/ic-w-04-scattered-clouds-full.svg,Đà Nẵng,-1.1215722294878903,0,-0.14222014722506282,0
2025-05-25 09:00:00+07:00,19.0,5.5,74.0,/dl/web/weather/ic-w-02-new-clouds-full.svg,Đà Nẵng,-1.1215722294878903,0,-0.5059653797425765,0
2025-05-25 10:00:00+07:00,19.0,13.0,66.0,/dl/web/weather/ic-w-02-new-clouds-full.svg,Đà Nẵng,-1.1215722294878903,0,0.9298710644055037,0
2025-05-25 11:00:00+07:00,19.0,14.8,58.0,/dl/web/weather/ic-w-02-new-clouds-full.svg,Đà Nẵng,-1.1215722294878903,0,1.2744718110010431,0
2025-05-25 12:00:00+07:00,19.0,14.8,58.0,/dl/web/weather/ic-w-02-new-clouds-full.svg,Đà Nẵng,-1.1215722294878903,0,1.2744718110010431,0
2025-05-25 13:00:00+07:00,19.0,16.7,62.0,/dl/web/weather/ic-w-02-new-clouds-full.svg,Đà Nẵng,-1.1215722294878903,0,1.6382170435185563,0
2025-05-25 14:00:00+07:00,19.0,16.7,62.0,/dl/web/weather/ic-w-02-new-clouds-full.svg,Đà Nẵng,-1.1215722294878903,0,1.6382170435185563,0
2025-05-25 15:00:00+07:00,19.0,16.7,62.0,/dl/web/weather/ic-w-02-new-clouds-full.svg,Đà Nẵng,-1.1215722294878903,0,1.6382170435185563,0
2025-05-25 16:00:00+07:00,19.0,16.7,62.0,/dl/web/weather/ic-w-02-new-clouds-full.svg,Đà Nẵng,-1.1215722294878903,0,1.6382170435185563,0
2025-05-25 17:00:00+07:00,19.0,14.8,70.0,/dl/web/weather/ic-w-02-new-clouds-full.svg,Đà Nẵng,-1.1215722294878903,0,1.2744718110010431,0
2025-05-25 18:00:00+07:00,19.0,13.0,70.0,/dl/web/weather/ic-w-02-new-clouds-full.svg,Đà Nẵng,-1.1215722294878903,0,0.9298710644055037,0
2025-05-25 19:00:00+07:00,19.0,11.1,79.0,/dl/web/weather/ic-w-04-scattered-clouds-full.svg,Đà Nẵng,-1.1215722294878903,0,0.5661258318879899,0
2025-05-25 20:00:00+07:00,19.0,7.4,84.0,/dl/web/weather/ic-w-04-scattered-clouds-full.svg,Đà Nẵng,-1.1215722294878903,0,-0.14222014722506282,0
2025-05-25 21:00:00+07:00,19.0,7.4,84.0,/dl/web/weather/ic-w-04-scattered-clouds-full.svg,Đà Nẵng,-1.1215722294878903,0,-0.14222014722506282,0
2025-05-25 22:00:00+07:00,19.0,5.5,79.0,/dl/web/weather/ic-w-11-night-few-clouds-full.svg,Đà Nẵng,-1.1215722294878903,0,-0.5059653797425765,0
2025-05-25 23:00:00+07:00,19.0,5.5,79.0,/dl/web/weather/ic-w-11-night-few-clouds-full.svg,Đà Nẵng,-1.1215722294878903,0,-0.5059653797425765,0
2025-05-26 00:00:00+07:00,19.0,3.7,84.0,/dl/web/weather/ic-w-04-scattered-clouds-full.svg,Đà Nẵng,-1.1215722294878903,0,-0.8505661263381158,0
2025-05-26 01:00:00+07:00,19.0,3.7,84.0,/dl/web/weather/ic-w-12-night-rain-full.svg,Đà Nẵng,-1.1215722294878903,0,-0.8505661263381158,0
2025-05-26 02:00:00+07:00,48.0,3.7,94.0,/dl/web/weather/ic-w-04-scattered-clouds-full.svg,Đà Nẵng,-0.13032835184174454,0,-0.8505661263381158,0
2025-05-26 03:00:00+07:00,48.0,1.8,94.0,/dl/web/weather/ic-w-04-scattered-clouds-full.svg,Đà Nẵng,-0.13032835184174454,0,-1.2143113588556296,0
2025-05-26 04:00:00+07:00,39.0,1.8,94.0,/dl/web/weather/ic-w-04-scattered-clouds-full.svg,Đà Nẵng,-0.4379557621457208,0,-1.2143113588556296,0
2025-05-26 05:00:00+07:00,44.0,3.7,94.0,/dl/web/weather/ic-w-04-scattered-clouds-full.svg,Đà Nẵng,-0.26705164531017844,0,-0.8505661263381158,0
2025-05-26 06:00:00+07:00,60.0,3.7,94.0,/dl/web/weather/ic-w-04-scattered-clouds-full.svg,Đà Nẵng,0.2798415285635571,0,-0.8505661263381158,0
2025-05-26 07:00:00+07:00,62.0,9.2,89.0,/dl/web/weather/ic-w-04-scattered-clouds-full.svg,Đà Nẵng,0.34820317529777406,0,0.20238059937047623,0
2025-05-26 08:00:00+07:00,66.0,11.1,89.0,/dl/web/weather/ic-w-02-new-clouds-full.svg,Đà Nẵng,0.48492646876620793,0,0.5661258318879899,0
2025-05-26 09:00:00+07:00,75.0,13.0,83.0,/dl/web/weather/ic-w-04-scattered-clouds-full.svg,Đà Nẵng,0.7925538790701842,0,0.9298710644055037,0
2025-05-26 10:00:00+07:00,39.0,14.8,74.0,/dl/web/weather/ic-w-04-scattered-clouds-full.svg,Đà Nẵng,-0.4379557621457208,0,1.2744718110010431,0
2025-05-26 11:00:00+07:00,39.0,18.5,70.0,/dl/web/weather/ic-w-02-new-clouds-full.svg,Đà Nẵng,-0.4379557621457208,0,1.9828177901140958,0
2025-05-26 12:00:00+07:00,66.0,18.5,79.0,/dl/web/weather/ic-w-04-scattered-clouds-full.svg,Đà Nẵng,0.48492646876620793,0,1.9828177901140958,0
2025-05-26 13:00:00+07:00,42.0,20.4,70.0,/dl/web/weather/ic-w-06-rain-full.svg,Đà Nẵng,-0.33541329204439535,0,2.346563022631609,0
2025-05-26 14:00:00+07:00,42.0,20.4,70.0,/dl/web/weather/ic-w-06-rain-full.svg,Đà Nẵng,-0.33541329204439535,0,2.346563022631609,0
2025-05-26 15:00:00+07:00,37.0,22.2,70.0,/dl/web/weather/ic-w-02-new-clouds-full.svg,Đà Nẵng,-0.5063174088799377,0,2.6911637692271486,0
2025-05-26 17:00:00+07:00,37.0,22.2,83.0,/dl/web/weather/ic-w-02-new-clouds-full.svg,Đà Nẵng,-0.5063174088799377,0,2.6911637692271486,0
2025-05-26 18:00:00+07:00,37.0,22.2,83.0,/dl/web/weather/ic-w-02-new-clouds-full.svg,Đà Nẵng,-0.5063174088799377,0,2.6911637692271486,0
2025-05-26 19:00:00+07:00,29.0,13.0,89.0,/dl/web/weather/ic-w-04-scattered-clouds-full.svg,Đà Nẵng,-0.7797639958168054,0,0.9298710644055037,0
2025-05-26 20:00:00+07:00,25.0,7.4,89.0,/dl/web/weather/ic-w-04-scattered-clouds-full.svg,Đà Nẵng,-0.9164872892852394,0,-0.14222014722506282,0
2025-05-26 21:00:00+07:00,25.0,5.5,89.0,/dl/web/weather/ic-w-12-night-rain-full.svg,Đà Nẵng,-0.9164872892852394,0,-0.5059653797425765,0
2025-05-26 22:00:00+07:00,22.0,5.5,89.0,/dl/web/weather/ic-w-04-scattered-clouds-full.svg,Đà Nẵng,-1.0190297593865647,0,-0.5059653797425765,0
2025-05-26 23:00:00+07:00,24.0,5.5,89.0,/dl/web/weather/ic-w-04-scattered-clouds-full.svg,Đà Nẵng,-0.9506681126523479,0,-0.5059653797425765,0
2025-05-27 00:00:00+07:00,22.0,5.5,89.0,/dl/web/weather/ic-w-04-scattered-clouds-full.svg,Đà Nẵng,-1.0190297593865647,0,-0.5059653797425765,0
2025-05-27 01:00:00+07:00,19.0,3.7,83.0,/dl/web/weather/ic-w-11-night-few-clouds-full.svg,Đà Nẵng,-1.1215722294878903,0,-0.8505661263381158,0
2025-05-27 02:00:00+07:00,19.0,3.7,83.0,/dl/web/weather/ic-w-11-night-few-clouds-full.svg,Đà Nẵng,-1.1215722294878903,0,-0.8505661263381158,0
2025-05-27 03:00:00+07:00,19.0,9.2,94.0,/dl/web/weather/ic-w-12-night-rain-full.svg,Đà Nẵng,-1.1215722294878903,0,0.20238059937047623,0
2025-05-27 04:00:00+07:00,19.0,1.8,94.0,/dl/web/weather/ic-w-12-night-rain-full.svg,Đà Nẵng,-1.1215722294878903,0,-1.2143113588556296,0
2025-05-27 05:00:00+07:00,19.0,5.5,94.0,/dl/web/weather/ic-w-11-night-few-clouds-full.svg,Đà Nẵng,-1.1215722294878903,0,-0.5059653797425765,0
2025-05-27 06:00:00+07:00,19.0,7.4,94.0,/dl/web/weather/ic-w-12-night-rain-full.svg,Đà Nẵng,-1.1215722294878903,0,-0.14222014722506282,0
2025-05-27 07:00:00+07:00,52.0,9.2,94.0,/dl/web/weather/ic-w-06-rain-full.svg,Đà Nẵng,0.006394941626689343,0,0.20238059937047623,0
2025-05-27 08:00:00+07:00,51.0,3.7,89.0,/dl/web/weather/ic-w-04-scattered-clouds-full.svg,Đà Nẵng,-0.027785881740419127,0,-0.8505661263381158,0
2025-05-27 09:00:00+07:00,56.0,5.5,83.0,/dl/web/weather/ic-w-04-scattered-clouds-full.svg,Đà Nẵng,0.14311823509512323,0,-0.5059653797425765,0
2025-05-27 10:00:00+07:00,49.0,3.7,79.0,/dl/web/weather/ic-w-04-scattered-clouds-full.svg,Đà Nẵng,-0.09614752847463608,0,-0.8505661263381158,0
2025-05-27 11:00:00+07:00,49.0,1.8,74.0,/dl/web/weather/ic-w-04-scattered-clouds-full.svg,Đà Nẵng,-0.09614752847463608,0,-1.2143113588556296,0
2025-05-27 12:00:00+07:00,58.0,1.8,74.0,/dl/web/weather/ic-w-04-scattered-clouds-full.svg,Đà Nẵng,0.21147988182934016,0,-1.2143113588556296,0
2025-05-27 13:00:00+07:00,53.0,13.0,70.0,/dl/web/weather/ic-w-04-scattered-clouds-full.svg,Đà Nẵng,0.040575764993797815,0,0.9298710644055037,0
2025-05-27 14:00:00+07:00,53.0,13.0,70.0,/dl/web/weather/ic-w-04-scattered-clouds-full.svg,Đà Nẵng,0.040575764993797815,0,0.9298710644055037,0
2025-05-27 15:00:00+07:00,53.0,9.2,62.0,/dl/web/weather/ic-w-06-rain-full.svg,Đà Nẵng,0.040575764993797815,0,0.20238059937047623,0
2025-05-27 16:00:00+07:00,47.0,13.0,66.0,/dl/web/weather/ic-w-06-rain-full.svg,Đà Nẵng,-0.164509175208853,0,0.9298710644055037,0
2025-05-27 17:00:00+07:00,46.0,5.5,70.0,/dl/web/weather/ic-w-06-rain-full.svg,Đà Nẵng,-0.19868999857596148,0,-0.5059653797425765,0
2025-05-27 18:00:00+07:00,46.0,9.2,79.0,/dl/web/weather/ic-w-02-new-clouds-full.svg,Đà Nẵng,-0.19868999857596148,0,0.20238059937047623,0
2025-05-27 19:00:00+07:00,47.0,3.7,83.0,/dl/web/weather/ic-w-11-night-few-clouds-full.svg,Đà Nẵng,-0.164509175208853,0,-0.8505661263381158,0
2025-05-27 20:00:00+07:00,55.0,3.7,78.0,/dl/web/weather/ic-w-11-night-few-clouds-full.svg,Đà Nẵng,0.10893741172801476,0,-0.8505661263381158,0
2025-05-27 21:00:00+07:00,43.0,3.7,78.0,/dl/web/weather/ic-w-11-night-few-clouds-full.svg,Đà Nẵng,-0.30123246867728687,0,-0.8505661263381158,0
2025-05-27 22:00:00+07:00,54.0,1.8,83.0,/dl/web/weather/ic-w-04-scattered-clouds-full.svg,Đà Nẵng,0.07475658836090629,0,-1.2143113588556296,0
2025-05-27 23:00:00+07:00,42.0,3.7,83.0,/dl/web/weather/ic-w-04-scattered-clouds-full.svg,Đà Nẵng,-0.33541329204439535,0,-0.8505661263381158,0
2025-05-28 00:00:00+07:00,60.0,3.7,83.0,/dl/web/weather/ic-w-04-scattered-clouds-full.svg,Đà Nẵng,0.2798415285635571,0,-0.8505661263381158,0
2025-05-28 01:00:00+07:00,52.0,3.7,83.0,/dl/web/weather/ic-w-04-scattered-clouds-full.svg,Đà Nẵng,0.006394941626689343,0,-0.8505661263381158,0
2025-05-28 02:00:00+07:00,46.0,5.5,83.0,/dl/web/weather/ic-w-12-night-rain-full.svg,Đà Nẵng,-0.19868999857596148,0,-0.5059653797425765,0
2025-05-28 03:00:00+07:00,48.0,1.8,94.0,/dl/web/weather/ic-w-04-scattered-clouds-full.svg,Đà Nẵng,-0.13032835184174454,0,-1.2143113588556296,0
2025-05-28 04:00:00+07:00,41.0,1.8,94.0,/dl/web/weather/ic-w-04-scattered-clouds-full.svg,Đà Nẵng,-0.36959411541150383,0,-1.2143113588556296,0
2025-05-28 05:00:00+07:00,40.0,1.8,94.0,/dl/web/weather/ic-w-04-scattered-clouds-full.svg,Đà Nẵng,-0.4037749387786123,0,-1.2143113588556296,0
2025-05-28 06:00:00+07:00,46.0,3.7,89.0,/dl/web/weather/ic-w-11-night-few-clouds-full.svg,Đà Nẵng,-0.19868999857596148,0,-0.8505661263381158,0
2025-05-28 07:00:00+07:00,53.0,1.8,89.0,/dl/web/weather/ic-w-02-new-clouds-full.svg,Đà Nẵng,0.040575764993797815,0,-1.2143113588556296,0
2025-05-28 08:00:00+07:00,58.0,1.8,79.0,/dl/web/weather/ic-w-02-new-clouds-full.svg,Đà Nẵng,0.21147988182934016,0,-1.2143113588556296,0
2025-05-28 09:00:00+07:00,56.0,7.4,79.0,/dl/web/weather/ic-w-04-scattered-clouds-full.svg,Đà Nẵng,0.14311823509512323,0,-0.14222014722506282,0
2025-05-28 10:00:00+07:00,55.0,3.7,74.0,/dl/web/weather/ic-w-04-scattered-clouds-full.svg,Đà Nẵng,0.10893741172801476,0,-0.8505661263381158,0
2025-05-28 11:00:00+07:00,55.0,1.8,74.0,/dl/web/weather/ic-w-04-scattered-clouds-full.svg,Đà Nẵng,0.10893741172801476,0,-1.2143113588556296,0
2025-05-28 12:00:00+07:00,63.0,13.0,66.0,/dl/web/weather/ic-w-02-new-clouds-full.svg,Đà Nẵng,0.38238399866488254,0,0.9298710644055037,0
2025-05-28 13:00:00+07:00,64.0,9.2,66.0,/dl/web/weather/ic-w-02-new-clouds-full.svg,Đà Nẵng,0.416564822031991,0,0.20238059937047623,0
2025-05-28 14:00:00+07:00,55.0,9.2,66.0,/dl/web/weather/ic-w-02-new-clouds-full.svg,Đà Nẵng,0.10893741172801476,0,0.20238059937047623,0
2025-05-28 15:00:00+07:00,51.0,11.1,66.0,/dl/web/weather/ic-w-02-new-clouds-full.svg,Đà Nẵng,-0.027785881740419127,0,0.5661258318879899,0
2025-05-28 16:00:00+07:00,64.0,9.2,62.0,/dl/web/weather/ic-w-02-new-clouds-full.svg,Đà Nẵng,0.416564822031991,0,0.20238059937047623,0
2025-05-28 17:00:00+07:00,53.0,11.1,66.0,/dl/web/weather/ic-w-02-new-clouds-full.svg,Đà Nẵng,0.040575764993797815,0,0.5661258318879899,0
2025-05-28 18:00:00+07:00,50.0,11.1,66.0,/dl/web/weather/ic-w-02-new-clouds-full.svg,Đà Nẵng,-0.0619667051075276,0,0.5661258318879899,0
2025-05-28 19:00:00+07:00,41.0,5.5,79.0,/dl/web/weather/ic-w-11-night-few-clouds-full.svg,Đà Nẵng,-0.36959411541150383,0,-0.5059653797425765,0
2025-05-28 20:00:00+07:00,41.0,3.7,84.0,/dl/web/weather/ic-w-12-night-rain-full.svg,Đà Nẵng,-0.36959411541150383,0,-0.8505661263381158,0
2025-05-28 21:00:00+07:00,34.0,3.7,84.0,/dl/web/weather/ic-w-12-night-rain-full.svg,Đà Nẵng,-0.6088598789812631,0,-0.8505661263381158,0
2025-05-28 22:00:00+07:00,34.0,1.8,84.0,/dl/web/weather/ic-w-12-night-rain-full.svg,Đà Nẵng,-0.6088598789812631,0,-1.2143113588556296,0
2025-05-28 23:00:00+07:00,39.0,5.5,84.0,/dl/web/weather/ic-w-04-scattered-clouds-full.svg,Đà Nẵng,-0.4379557621457208,0,-0.5059653797425765,0
2025-05-29 00:00:00+07:00,46.0,1.8,83.0,/dl/web/weather/ic-w-11-night-few-clouds-full.svg,Đà Nẵng,-0.19868999857596148,0,-1.2143113588556296,0
2025-05-29 01:00:00+07:00,46.0,3.7,83.0,/dl/web/weather/ic-w-11-night-few-clouds-full.svg,Đà Nẵng,-0.19868999857596148,0,-0.8505661263381158,0
2025-05-29 02:00:00+07:00,46.0,3.7,83.0,/dl/web/weather/ic-w-11-night-few-clouds-full.svg,Đà Nẵng,-0.19868999857596148,0,-0.8505661263381158,0
2025-05-29 03:00:00+07:00,53.0,3.7,89.0,/dl/web/weather/ic-w-11-night-few-clouds-full.svg,Đà Nẵng,0.040575764993797815,0,-0.8505661263381158,0
2025-05-29 04:00:00+07:00,40.0,1.8,89.0,/dl/web/weather/ic-w-11-night-few-clouds-full.svg,Đà Nẵng,-0.4037749387786123,0,-1.2143113588556296,0
2025-05-29 05:00:00+07:00,54.0,1.8,89.0,/dl/web/weather/ic-w-11-night-few-clouds-full.svg,Đà Nẵng,0.07475658836090629,0,-1.2143113588556296,0
2025-05-29 06:00:00+07:00,51.0,1.8,89.0,/dl/web/weather/ic-w-11-night-few-clouds-full.svg,Đà Nẵng,-0.027785881740419127,0,-1.2143113588556296,0
2025-05-29 07:00:00+07:00,50.0,3.7,89.0,/dl/web/weather/ic-w-02-new-clouds-full.svg,Đà Nẵng,-0.0619667051075276,0,-0.8505661263381158,0
2025-05-29 08:00:00+07:00,58.0,3.7,79.0,/dl/web/weather/ic-w-02-new-clouds-full.svg,Đà Nẵng,0.21147988182934016,0,-0.8505661263381158,0
2025-05-29 09:00:00+07:00,56.0,11.1,74.0,/dl/web/weather/ic-w-02-new-clouds-full.svg,Đà Nẵng,0.14311823509512323,0,0.5661258318879899,0
2025-05-29 10:00:00+07:00,61.0,7.4,70.0,/dl/web/weather/ic-w-02-new-clouds-full.svg,Đà Nẵng,0.3140223519306656,0,-0.14222014722506282,0
2025-05-29 11:00:00+07:00,61.0,11.1,66.0,/dl/web/weather/ic-w-02-new-clouds-full.svg,Đà Nẵng,0.3140223519306656,0,0.5661258318879899,0
2025-05-29 12:00:00+07:00,55.0,18.5,66.0,/dl/web/weather/ic-w-02-new-clouds-full.svg,Đà Nẵng,0.10893741172801476,0,1.9828177901140958,0
2025-05-29 13:00:00+07:00,55.0,13.0,62.0,/dl/web/weather/ic-w-02-new-clouds-full.svg,Đà Nẵng,0.10893741172801476,0,0.9298710644055037,0
2025-05-29 14:00:00+07:00,48.0,13.0,62.0,/dl/web/weather/ic-w-02-new-clouds-full.svg,Đà Nẵng,-0.13032835184174454,0,0.9298710644055037,0
2025-05-29 15:00:00+07:00,38.0,7.4,62.0,/dl/web/weather/ic-w-06-rain-full.svg,Đà Nẵng,-0.4721365855128293,0,-0.14222014722506282,0
2025-05-29 16:00:00+07:00,33.0,13.0,62.0,/dl/web/weather/ic-w-06-rain-full.svg,Đà Nẵng,-0.6430407023483716,0,0.9298710644055037,0
2025-05-29 17:00:00+07:00,33.0,16.7,74.0,/dl/web/weather/ic-w-04-scattered-clouds-full.svg,Đà Nẵng,-0.6430407023483716,0,1.6382170435185563,0
2025-05-29 18:00:00+07:00,31.0,18.5,83.0,/dl/web/weather/ic-w-04-scattered-clouds-full.svg,Đà Nẵng,-0.7114023490825886,0,1.9828177901140958,0
2025-05-29 19:00:00+07:00,31.0,11.1,83.0,/dl/web/weather/ic-w-11-night-few-clouds-full.svg,Đà Nẵng,-0.7114023490825886,0,0.5661258318879899,0
2025-05-29 20:00:00+07:00,31.0,9.2,83.0,/dl/web/weather/ic-w-04-scattered-clouds-full.svg,Đà Nẵng,-0.7114023490825886,0,0.20238059937047623,0
2025-05-29 21:00:00+07:00,31.0,13.0,83.0,/dl/web/weather/ic-w-04-scattered-clouds-full.svg,Đà Nẵng,-0.7114023490825886,0,0.9298710644055037,0
2025-05-29 22:00:00+07:00,31.0,3.7,83.0,/dl/web/weather/ic-w-11-night-few-clouds-full.svg,Đà Nẵng,-0.7114023490825886,0,-0.8505661263381158,0
2025-05-29 23:00:00+07:00,31.0,3.7,83.0,/dl/web/weather/ic-w-11-night-few-clouds-full.svg,Đà Nẵng,-0.7114023490825886,0,-0.8505661263381158,0
2025-05-30 00:00:00+07:00,36.0,5.5,89.0,/dl/web/weather/ic-w-11-night-few-clouds-full.svg,Đà Nẵng,-0.5404982322470462,0,-0.5059653797425765,0
2025-05-30 01:00:00+07:00,36.0,7.4,89.0,/dl/web/weather/ic-w-11-night-few-clouds-full.svg,Đà Nẵng,-0.5404982322470462,0,-0.14222014722506282,0
2025-05-30 02:00:00+07:00,30.0,1.8,89.0,/dl/web/weather/ic-w-11-night-few-clouds-full.svg,Đà Nẵng,-0.7455831724496971,0,-1.2143113588556296,0
2025-05-30 03:00:00+07:00,28.0,7.4,89.0,/dl/web/weather/ic-w-11-night-few-clouds-full.svg,Đà Nẵng,-0.8139448191839139,0,-0.14222014722506282,0
2025-05-30 04:00:00+07:00,32.0,7.4,89.0,/dl/web/weather/ic-w-11-night-few-clouds-full.svg,Đà Nẵng,-0.6772215257154801,0,-0.14222014722506282,0
2025-05-30 05:00:00+07:00,31.0,0.0,89.0,/dl/web/weather/ic-w-12-night-rain-full.svg,Đà Nẵng,-0.7114023490825886,0,-1.5589121054511688,0
2025-05-30 06:00:00+07:00,31.0,0.0,83.0,/dl/web/weather/ic-w-12-night-rain-full.svg,Đà Nẵng,-0.7114023490825886,0,-1.5589121054511688,0
2025-05-30 07:00:00+07:00,31.0,1.8,78.0,/dl/web/weather/ic-w-06-rain-full.svg,Đà Nẵng,-0.7114023490825886,0,-1.2143113588556296,0
2025-05-30 08:00:00+07:00,40.0,3.7,70.0,/dl/web/weather/ic-w-04-scattered-clouds-full.svg,Đà Nẵng,-0.4037749387786123,0,-0.8505661263381158,0
2025-05-30 09:00:00+07:00,41.0,1.8,62.0,/dl/web/weather/ic-w-04-scattered-clouds-full.svg,Đà Nẵng,-0.36959411541150383,0,-1.2143113588556296,0
2025-05-30 10:00:00+07:00,48.0,5.5,74.0,/dl/web/weather/ic-w-04-scattered-clouds-full.svg,Đà Nẵng,-0.13032835184174454,0,-0.5059653797425765,0
2025-05-30 11:00:00+07:00,48.0,5.5,70.0,/dl/web/weather/ic-w-04-scattered-clouds-full.svg,Đà Nẵng,-0.13032835184174454,0,-0.5059653797425765,0
2025-05-30 12:00:00+07:00,50.0,5.5,70.0,/dl/web/weather/ic-w-04-scattered-clouds-full.svg,Đà Nẵng,-0.0619667051075276,0,-0.5059653797425765,0
2025-05-30 13:00:00+07:00,41.0,3.7,58.0,/dl/web/weather/ic-w-04-scattered-clouds-full.svg,Đà Nẵng,-0.36959411541150383,0,-0.8505661263381158,0
2025-05-30 14:00:00+07:00,38.0,3.7,58.0,/dl/web/weather/ic-w-04-scattered-clouds-full.svg,Đà Nẵng,-0.4721365855128293,0,-0.8505661263381158,0
2025-05-30 15:00:00+07:00,38.0,13.0,62.0,/dl/web/weather/ic-w-04-scattered-clouds-full.svg,Đà Nẵng,-0.4721365855128293,0,0.9298710644055037,0
2025-05-30 16:00:00+07:00,42.0,13.0,66.0,/dl/web/weather/ic-w-04-scattered-clouds-full.svg,Đà Nẵng,-0.33541329204439535,0,0.9298710644055037,0
2025-05-30 17:00:00+07:00,37.0,13.0,84.0,/dl/web/weather/ic-w-04-scattered-clouds-full.svg,Đà Nẵng,-0.5063174088799377,0,0.9298710644055037,0
2025-05-30 18:00:00+07:00,36.0,13.0,84.0,/dl/web/weather/ic-w-04-scattered-clouds-full.svg,Đà Nẵng,-0.5404982322470462,0,0.9298710644055037,0
2025-05-30 19:00:00+07:00,32.0,7.4,84.0,/dl/web/weather/ic-w-04-scattered-clouds-full.svg,Đà Nẵng,-0.6772215257154801,0,-0.14222014722506282,0
2025-05-30 20:00:00+07:00,30.0,3.7,84.0,/dl/web/weather/ic-w-04-scattered-clouds-full.svg,Đà Nẵng,-0.7455831724496971,0,-0.8505661263381158,0
2025-05-30 21:00:00+07:00,29.0,5.5,79.0,/dl/web/weather/ic-w-12-night-rain-full.svg,Đà Nẵng,-0.7797639958168054,0,-0.5059653797425765,0
2025-05-30 22:00:00+07:00,37.0,3.7,89.0,/dl/web/weather/ic-w-12-night-rain-full.svg,Đà Nẵng,-0.5063174088799377,0,-0.8505661263381158,0
2025-05-30 23:00:00+07:00,34.0,1.8,89.0,/dl/web/weather/ic-w-12-night-rain-full.svg,Đà Nẵng,-0.6088598789812631,0,-1.2143113588556296,0
2025-05-31 00:00:00+07:00,34.0,1.8,89.0,/dl/web/weather/ic-w-12-night-rain-full.svg,Đà Nẵng,-0.6088598789812631,0,-1.2143113588556296,0
2025-05-31 01:00:00+07:00,34.0,5.5,89.0,/dl/web/weather/ic-w-04-scattered-clouds-full.svg,Đà Nẵng,-0.6088598789812631,0,-0.5059653797425765,0
2025-05-31 02:00:00+07:00,34.0,5.5,89.0,/dl/web/weather/ic-w-04-scattered-clouds-full.svg,Đà Nẵng,-0.6088598789812631,0,-0.5059653797425765,0
2025-05-31 03:00:00+07:00,45.0,5.5,94.0,/dl/web/weather/ic-w-04-scattered-clouds-full.svg,Đà Nẵng,-0.23287082194306996,0,-0.5059653797425765,0
2025-05-31 04:00:00+07:00,39.0,5.5,94.0,/dl/web/weather/ic-w-04-scattered-clouds-full.svg,Đà Nẵng,-0.4379557621457208,0,-0.5059653797425765,0
2025-05-31 05:00:00+07:00,44.0,3.7,94.0,/dl/web/weather/ic-w-04-scattered-clouds-full.svg,Đà Nẵng,-0.26705164531017844,0,-0.8505661263381158,0
2025-05-31 06:00:00+07:00,42.0,0.0,89.0,/dl/web/weather/ic-w-04-scattered-clouds-full.svg,Đà Nẵng,-0.33541329204439535,0,-1.5589121054511688,0
2025-05-31 07:00:00+07:00,48.0,1.8,83.0,/dl/web/weather/ic-w-04-scattered-clouds-full.svg,Đà Nẵng,-0.13032835184174454,0,-1.2143113588556296,0
2025-05-31 08:00:00+07:00,48.0,1.8,74.0,/dl/web/weather/ic-w-04-scattered-clouds-full.svg,Đà Nẵng,-0.13032835184174454,0,-1.2143113588556296,0
2025-05-31 09:00:00+07:00,48.0,1.8,70.0,/dl/web/weather/ic-w-04-scattered-clouds-full.svg,Đà Nẵng,-0.13032835184174454,0,-1.2143113588556296,0
2025-05-31 10:00:00+07:00,40.0,1.8,55.0,/dl/web/weather/ic-w-04-scattered-clouds-full.svg,Đà Nẵng,-0.4037749387786123,0,-1.2143113588556296,0
2025-05-31 11:00:00+07:00,40.0,3.7,49.0,/dl/web/weather/ic-w-02-new-clouds-full.svg,Đà Nẵng,-0.4037749387786123,0,-0.8505661263381158,0
2025-05-31 12:00:00+07:00,33.0,3.7,49.0,/dl/web/weather/ic-w-02-new-clouds-full.svg,Đà Nẵng,-0.6430407023483716,0,-0.8505661263381158,0
2025-05-31 13:00:00+07:00,31.0,13.0,59.0,/dl/web/weather/ic-w-04-scattered-clouds-full.svg,Đà Nẵng,-0.7114023490825886,0,0.9298710644055037,0
2025-05-31 14:00:00+07:00,34.0,13.0,59.0,/dl/web/weather/ic-w-04-scattered-clouds-full.svg,Đà Nẵng,-0.6088598789812631,0,0.9298710644055037,0
2025-05-31 15:00:00+07:00,34.0,11.1,74.0,/dl/web/weather/ic-w-04-scattered-clouds-full.svg,Đà Nẵng,-0.6088598789812631,0,0.5661258318879899,0
2025-05-31 16:00:00+07:00,36.0,3.7,84.0,/dl/web/weather/ic-w-07-thunderstorms-full.svg,Đà Nẵng,-0.5404982322470462,0,-0.8505661263381158,0
2025-05-31 17:00:00+07:00,37.0,3.7,84.0,/dl/web/weather/ic-w-07-thunderstorms-full.svg,Đà Nẵng,-0.5063174088799377,0,-0.8505661263381158,0
2025-05-31 18:00:00+07:00,33.0,3.7,89.0,/dl/web/weather/ic-w-07-thunderstorms-full.svg,Đà Nẵng,-0.6430407023483716,0,-0.8505661263381158,0
2025-05-31 19:00:00+07:00,27.0,1.8,94.0,/dl/web/weather/ic-w-04-scattered-clouds-full.svg,Đà Nẵng,-0.8481256425510224,0,-1.2143113588556296,0
2025-05-31 20:00:00+07:00,29.0,3.7,94.0,/dl/web/weather/ic-w-11-night-few-clouds-full.svg,Đà Nẵng,-0.7797639958168054,0,-0.8505661263381158,0
2025-05-31 21:00:00+07:00,31.0,3.7,94.0,/dl/web/weather/ic-w-11-night-few-clouds-full.svg,Đà Nẵng,-0.7114023490825886,0,-0.8505661263381158,0
2025-05-31 22:00:00+07:00,34.0,1.8,94.0,/dl/web/weather/ic-w-11-night-few-clouds-full.svg,Đà Nẵng,-0.6088598789812631,0,-1.2143113588556296,0
2025-05-31 23:00:00+07:00,40.0,1.8,94.0,/dl/web/weather/ic-w-11-night-few-clouds-full.svg,Đà Nẵng,-0.4037749387786123,0,-1.2143113588556296,0
2025-06-01 00:00:00+07:00,51.0,3.7,94.0,/dl/web/weather/ic-w-11-night-few-clouds-full.svg,Đà Nẵng,-0.027785881740419127,0,-0.8505661263381158,0
2025-06-01 01:00:00+07:00,55.0,3.7,94.0,/dl/web/weather/ic-w-11-night-few-clouds-full.svg,Đà Nẵng,0.10893741172801476,0,-0.8505661263381158,0
2025-06-01 02:00:00+07:00,54.0,3.7,94.0,/dl/web/weather/ic-w-11-night-few-clouds-full.svg,Đà Nẵng,0.07475658836090629,0,-0.8505661263381158,0
2025-06-01 03:00:00+07:00,54.0,1.8,94.0,/dl/web/weather/ic-w-11-night-few-clouds-full.svg,Đà Nẵng,0.07475658836090629,0,-1.2143113588556296,0
2025-06-01 04:00:00+07:00,51.0,5.5,94.0,/dl/web/weather/ic-w-11-night-few-clouds-full.svg,Đà Nẵng,-0.027785881740419127,0,-0.5059653797425765,0
2025-06-01 05:00:00+07:00,52.0,3.7,94.0,/dl/web/weather/ic-w-11-night-few-clouds-full.svg,Đà Nẵng,0.006394941626689343,0,-0.8505661263381158,0
2025-06-01 06:00:00+07:00,52.0,3.7,94.0,/dl/web/weather/ic-w-11-night-few-clouds-full.svg,Đà Nẵng,0.006394941626689343,0,-0.8505661263381158,0
2025-06-01 07:00:00+07:00,52.0,1.8,70.0,/dl/web/weather/ic-w-02-new-clouds-full.svg,Đà Nẵng,0.006394941626689343,0,-1.2143113588556296,0
2025-06-01 08:00:00+07:00,51.0,3.7,70.0,/dl/web/weather/ic-w-04-scattered-clouds-full.svg,Đà Nẵng,-0.027785881740419127,0,-0.8505661263381158,0
2025-06-01 09:00:00+07:00,42.0,1.8,52.0,/dl/web/weather/ic-w-04-scattered-clouds-full.svg,Đà Nẵng,-0.33541329204439535,0,-1.2143113588556296,0
2025-06-01 10:00:00+07:00,46.0,13.0,52.0,/dl/web/weather/ic-w-04-scattered-clouds-full.svg,Đà Nẵng,-0.19868999857596148,0,0.9298710644055037,0
2025-06-01 11:00:00+07:00,31.0,13.0,52.0,/dl/web/weather/ic-w-02-new-clouds-full.svg,Đà Nẵng,-0.7114023490825886,0,0.9298710644055037,0
2025-06-01 12:00:00+07:00,31.0,11.1,46.0,/dl/web/weather/ic-w-01-clear-sky-full.svg,Đà Nẵng,-0.7114023490825886,0,0.5661258318879899,0
2025-06-01 13:00:00+07:00,22.0,13.0,44.0,/dl/web/weather/ic-w-01-clear-sky-full.svg,Đà Nẵng,-1.0190297593865647,0,0.9298710644055037,0
2025-06-01 14:00:00+07:00,19.0,18.5,46.0,/dl/web/weather/ic-w-02-new-clouds-full.svg,Đà Nẵng,-1.1215722294878903,0,1.9828177901140958,0
2025-06-01 15:00:00+07:00,19.0,18.5,58.0,/dl/web/weather/ic-w-04-scattered-clouds-full.svg,Đà Nẵng,-1.1215722294878903,0,1.9828177901140958,0
2025-06-01 16:00:00+07:00,19.0,14.8,58.0,/dl/web/weather/ic-w-04-scattered-clouds-full.svg,Đà Nẵng,-1.1215722294878903,0,1.2744718110010431,0
2025-06-01 17:00:00+07:00,19.0,9.2,55.0,/dl/web/weather/ic-w-04-scattered-clouds-full.svg,Đà Nẵng,-1.1215722294878903,0,0.20238059937047623,0
2025-06-01 18:00:00+07:00,23.0,9.2,55.0,/dl/web/weather/ic-w-04-scattered-clouds-full.svg,Đà Nẵng,-0.9848489360194563,0,0.20238059937047623,0
2025-06-01 19:00:00+07:00,27.0,7.4,66.0,/dl/web/weather/ic-w-10-night-clear-sky-full.svg,Đà Nẵng,-0.8481256425510224,0,-0.14222014722506282,0
2025-06-01 20:00:00+07:00,22.0,1.8,66.0,/dl/web/weather/ic-w-10-night-clear-sky-full.svg,Đà Nẵng,-1.0190297593865647,0,-1.2143113588556296,0
2025-06-01 21:00:00+07:00,22.0,0.0,70.0,/dl/web/weather/ic-w-10-night-clear-sky-full.svg,Đà Nẵng,-1.0190297593865647,0,-1.5589121054511688,0
2025-06-01 22:00:00+07:00,25.0,0.0,70.0,/dl/web/weather/ic-w-10-night-clear-sky-full.svg,Đà Nẵng,-0.9164872892852394,0,-1.5589121054511688,0
2025-06-01 23:00:00+07:00,39.0,3.7,62.0,/dl/web/weather/ic-w-10-night-clear-sky-full.svg,Đà Nẵng,-0.4379557621457208,0,-0.8505661263381158,0
2025-06-02 00:00:00+07:00,33.0,3.7,70.0,/dl/web/weather/ic-w-10-night-clear-sky-full.svg,Đà Nẵng,-0.6430407023483716,0,-0.8505661263381158,0
2025-06-02 01:00:00+07:00,33.0,5.5,70.0,/dl/web/weather/ic-w-10-night-clear-sky-full.svg,Đà Nẵng,-0.6430407023483716,0,-0.5059653797425765,0
2025-06-02 02:00:00+07:00,34.0,1.8,62.0,/dl/web/weather/ic-w-10-night-clear-sky-full.svg,Đà Nẵng,-0.6088598789812631,0,-1.2143113588556296,0
2025-06-02 03:00:00+07:00,34.0,1.8,70.0,/dl/web/weather/ic-w-10-night-clear-sky-full.svg,Đà Nẵng,-0.6088598789812631,0,-1.2143113588556296,0
2025-06-02 04:00:00+07:00,30.0,1.8,70.0,/dl/web/weather/ic-w-10-night-clear-sky-full.svg,Đà Nẵng,-0.7455831724496971,0,-1.2143113588556296,0
2025-06-02 05:00:00+07:00,29.0,1.8,70.0,/dl/web/weather/ic-w-10-night-clear-sky-full.svg,Đà Nẵng,-0.7797639958168054,0,-1.2143113588556296,0
2025-06-02 06:00:00+07:00,32.0,1.8,70.0,/dl/web/weather/ic-w-10-night-clear-sky-full.svg,Đà Nẵng,-0.6772215257154801,0,-1.2143113588556296,0
2025-06-02 07:00:00+07:00,33.0,5.5,62.0,/dl/web/weather/ic-w-01-clear-sky-full.svg,Đà Nẵng,-0.6430407023483716,0,-0.5059653797425765,0
2025-06-02 08:00:00+07:00,34.0,1.8,52.0,/dl/web/weather/ic-w-01-clear-sky-full.svg,Đà Nẵng,-0.6088598789812631,0,-1.2143113588556296,0
2025-06-02 09:00:00+07:00,34.0,1.8,49.0,/dl/web/weather/ic-w-01-clear-sky-full.svg,Đà Nẵng,-0.6088598789812631,0,-1.2143113588556296,0
2025-06-02 10:00:00+07:00,34.0,18.5,47.0,/dl/web/weather/ic-w-01-clear-sky-full.svg,Đà Nẵng,-0.6088598789812631,0,1.9828177901140958,0
2025-06-02 11:00:00+07:00,34.0,18.5,44.0,/dl/web/weather/ic-w-02-new-clouds-full.svg,Đà Nẵng,-0.6088598789812631,0,1.9828177901140958,0
2025-06-02 12:00:00+07:00,34.0,18.5,41.0,/dl/web/weather/ic-w-02-new-clouds-full.svg,Đà Nẵng,-0.6088598789812631,0,1.9828177901140958,0
2025-06-02 13:00:00+07:00,24.0,7.4,47.0,/dl/web/weather/ic-w-02-new-clouds-full.svg,Đà Nẵng,-0.9506681126523479,0,-0.14222014722506282,0
2025-06-02 14:00:00+07:00,24.0,20.4,41.0,/dl/web/weather/ic-w-02-new-clouds-full.svg,Đà Nẵng,-0.9506681126523479,0,2.346563022631609,0
2025-06-02 15:00:00+07:00,23.0,13.0,49.0,/dl/web/weather/ic-w-02-new-clouds-full.svg,Đà Nẵng,-0.9848489360194563,0,0.9298710644055037,0
2025-06-02 16:00:00+07:00,23.0,9.2,46.0,/dl/web/weather/ic-w-02-new-clouds-full.svg,Đà Nẵng,-0.9848489360194563,0,0.20238059937047623,0
2025-06-02 17:00:00+07:00,31.0,9.2,46.0,/dl/web/weather/ic-w-02-new-clouds-full.svg,Đà Nẵng,-0.7114023490825886,0,0.20238059937047623,0
2025-06-02 18:00:00+07:00,31.0,7.4,55.0,/dl/web/weather/ic-w-02-new-clouds-full.svg,Đà Nẵng,-0.7114023490825886,0,-0.14222014722506282,0
2025-06-02 19:00:00+07:00,28.0,7.4,66.0,/dl/web/weather/ic-w-11-night-few-clouds-full.svg,Đà Nẵng,-0.8139448191839139,0,-0.14222014722506282,0
2025-06-02 20:00:00+07:00,40.0,1.8,66.0,/dl/web/weather/ic-w-10-night-clear-sky-full.svg,Đà Nẵng,-0.4037749387786123,0,-1.2143113588556296,0
2025-06-02 21:00:00+07:00,40.0,1.8,66.0,/dl/web/weather/ic-w-10-night-clear-sky-full.svg,Đà Nẵng,-0.4037749387786123,0,-1.2143113588556296,0
2025-06-02 22:00:00+07:00,40.0,3.7,62.0,/dl/web/weather/ic-w-10-night-clear-sky-full.svg,Đà Nẵng,-0.4037749387786123,0,-0.8505661263381158,0
2025-06-02 23:00:00+07:00,42.0,9.2,62.0,/dl/web/weather/ic-w-10-night-clear-sky-full.svg,Đà Nẵng,-0.33541329204439535,0,0.20238059937047623,0
2025-06-03 00:00:00+07:00,39.0,7.4,66.0,/dl/web/weather/ic-w-10-night-clear-sky-full.svg,Đà Nẵng,-0.4379557621457208,0,-0.14222014722506282,0
2025-06-03 01:00:00+07:00,29.0,3.7,66.0,/dl/web/weather/ic-w-10-night-clear-sky-full.svg,Đà Nẵng,-0.7797639958168054,0,-0.8505661263381158,0
2025-06-03 02:00:00+07:00,24.0,3.7,66.0,/dl/web/weather/ic-w-10-night-clear-sky-full.svg,Đà Nẵng,-0.9506681126523479,0,-0.8505661263381158,0
2025-06-03 03:00:00+07:00,22.0,1.8,65.0,/dl/web/weather/ic-w-10-night-clear-sky-full.svg,Đà Nẵng,-1.0190297593865647,0,-1.2143113588556296,0
2025-06-03 04:00:00+07:00,23.0,1.8,65.0,/dl/web/weather/ic-w-10-night-clear-sky-full.svg,Đà Nẵng,-0.9848489360194563,0,-1.2143113588556296,0
2025-06-03 05:00:00+07:00,20.0,1.8,65.0,/dl/web/weather/ic-w-10-night-clear-sky-full.svg,Đà Nẵng,-1.0873914061207817,0,-1.2143113588556296,0
2025-06-03 06:00:00+07:00,20.0,1.8,65.0,/dl/web/weather/ic-w-10-night-clear-sky-full.svg,Đà Nẵng,-1.0873914061207817,0,-1.2143113588556296,0
2025-06-03 07:00:00+07:00,37.0,1.8,58.0,/dl/web/weather/ic-w-01-clear-sky-full.svg,Đà Nẵng,-0.5063174088799377,0,-1.2143113588556296,0
2025-06-03 08:00:00+07:00,25.0,1.8,52.0,/dl/web/weather/ic-w-02-new-clouds-full.svg,Đà Nẵng,-0.9164872892852394,0,-1.2143113588556296,0
2025-06-03 09:00:00+07:00,24.0,1.8,49.0,/dl/web/weather/ic-w-02-new-clouds-full.svg,Đà Nẵng,-0.9506681126523479,0,-1.2143113588556296,0
2025-06-03 10:00:00+07:00,24.0,7.4,49.0,/dl/web/weather/ic-w-02-new-clouds-full.svg,Đà Nẵng,-0.9506681126523479,0,-0.14222014722506282,0
2025-06-03 11:00:00+07:00,24.0,5.5,46.0,/dl/web/weather/ic-w-02-new-clouds-full.svg,Đà Nẵng,-0.9506681126523479,0,-0.5059653797425765,0
2025-06-03 12:00:00+07:00,29.0,7.4,47.0,/dl/web/weather/ic-w-02-new-clouds-full.svg,Đà Nẵng,-0.7797639958168054,0,-0.14222014722506282,0
2025-06-03 13:00:00+07:00,29.0,7.4,44.0,/dl/web/weather/ic-w-02-new-clouds-full.svg,Đà Nẵng,-0.7797639958168054,0,-0.14222014722506282,0
2025-06-03 14:00:00+07:00,29.0,9.2,56.0,/dl/web/weather/ic-w-02-new-clouds-full.svg,Đà Nẵng,-0.7797639958168054,0,0.20238059937047623,0
2025-06-03 15:00:00+07:00,24.0,14.8,59.0,/dl/web/weather/ic-w-06-rain-full.svg,Đà Nẵng,-0.9506681126523479,0,1.2744718110010431,0
2025-06-03 16:00:00+07:00,23.0,16.7,78.0,/dl/web/weather/ic-w-07-thunderstorms-full.svg,Đà Nẵng,-0.9848489360194563,0,1.6382170435185563,0
2025-06-03 17:00:00+07:00,23.0,1.8,78.0,/dl/web/weather/ic-w-06-rain-full.svg,Đà Nẵng,-0.9848489360194563,0,-1.2143113588556296,0
2025-06-03 18:00:00+07:00,23.0,1.8,78.0,/dl/web/weather/ic-w-06-rain-full.svg,Đà Nẵng,-0.9848489360194563,0,-1.2143113588556296,0
2025-06-03 19:00:00+07:00,28.0,1.8,78.0,/dl/web/weather/ic-w-04-scattered-clouds-full.svg,Đà Nẵng,-0.8139448191839139,0,-1.2143113588556296,0
2025-06-03 20:00:00+07:00,33.0,1.8,89.0,/dl/web/weather/ic-w-12-night-rain-full.svg,Đà Nẵng,-0.6430407023483716,0,-1.2143113588556296,0
2025-06-03 21:00:00+07:00,33.0,3.7,83.0,/dl/web/weather/ic-w-04-scattered-clouds-full.svg,Đà Nẵng,-0.6430407023483716,0,-0.8505661263381158,0
2025-06-03 22:00:00+07:00,32.0,1.8,83.0,/dl/web/weather/ic-w-11-night-few-clouds-full.svg,Đà Nẵng,-0.6772215257154801,0,-1.2143113588556296,0
2025-06-03 23:00:00+07:00,48.0,7.4,83.0,/dl/web/weather/ic-w-11-night-few-clouds-full.svg,Đà Nẵng,-0.13032835184174454,0,-0.14222014722506282,0
2025-06-04 00:00:00+07:00,52.0,3.7,89.0,/dl/web/weather/ic-w-11-night-few-clouds-full.svg,Đà Nẵng,0.006394941626689343,0,-0.8505661263381158,0
2025-06-04 01:00:00+07:00,52.0,1.8,78.0,/dl/web/weather/ic-w-11-night-few-clouds-full.svg,Đà Nẵng,0.006394941626689343,0,-1.2143113588556296,0
2025-06-04 02:00:00+07:00,52.0,1.8,78.0,/dl/web/weather/ic-w-11-night-few-clouds-full.svg,Đà Nẵng,0.006394941626689343,0,-1.2143113588556296,0
2025-06-04 03:00:00+07:00,38.0,3.7,89.0,/dl/web/weather/ic-w-11-night-few-clouds-full.svg,Đà Nẵng,-0.4721365855128293,0,-0.8505661263381158,0
2025-06-04 04:00:00+07:00,36.0,1.8,89.0,/dl/web/weather/ic-w-11-night-few-clouds-full.svg,Đà Nẵng,-0.5404982322470462,0,-1.2143113588556296,0
2025-06-04 05:00:00+07:00,42.0,1.8,83.0,/dl/web/weather/ic-w-10-night-clear-sky-full.svg,Đà Nẵng,-0.33541329204439535,0,-1.2143113588556296,0
2025-06-04 06:00:00+07:00,42.0,1.8,83.0,/dl/web/weather/ic-w-10-night-clear-sky-full.svg,Đà Nẵng,-0.33541329204439535,0,-1.2143113588556296,0
2025-06-04 07:00:00+07:00,42.0,0.0,78.0,/dl/web/weather/ic-w-01-clear-sky-full.svg,Đà Nẵng,-0.33541329204439535,0,-1.5589121054511688,0
2025-06-04 08:00:00+07:00,54.0,1.8,74.0,/dl/web/weather/ic-w-01-clear-sky-full.svg,Đà Nẵng,0.07475658836090629,0,-1.2143113588556296,0
2025-06-04 09:00:00+07:00,49.0,0.0,58.0,/dl/web/weather/ic-w-01-clear-sky-full.svg,Đà Nẵng,-0.09614752847463608,0,-1.5589121054511688,0
2025-06-04 10:00:00+07:00,54.0,5.5,55.0,/dl/web/weather/ic-w-02-new-clouds-full.svg,Đà Nẵng,0.07475658836090629,0,-0.5059653797425765,0
2025-06-04 11:00:00+07:00,54.0,7.4,58.0,/dl/web/weather/ic-w-02-new-clouds-full.svg,Đà Nẵng,0.07475658836090629,0,-0.14222014722506282,0
2025-06-04 12:00:00+07:00,54.0,5.5,52.0,/dl/web/weather/ic-w-02-new-clouds-full.svg,Đà Nẵng,0.07475658836090629,0,-0.5059653797425765,0
2025-06-04 13:00:00+07:00,46.0,11.1,59.0,/dl/web/weather/ic-w-02-new-clouds-full.svg,Đà Nẵng,-0.19868999857596148,0,0.5661258318879899,0
2025-06-04 14:00:00+07:00,46.0,11.1,59.0,/dl/web/weather/ic-w-02-new-clouds-full.svg,Đà Nẵng,-0.19868999857596148,0,0.5661258318879899,0
2025-06-04 15:00:00+07:00,46.0,13.0,62.0,/dl/web/weather/ic-w-02-new-clouds-full.svg,Đà Nẵng,-0.19868999857596148,0,0.9298710644055037,0
2025-06-04 16:00:00+07:00,41.0,11.1,55.0,/dl/web/weather/ic-w-02-new-clouds-full.svg,Đà Nẵng,-0.36959411541150383,0,0.5661258318879899,0
2025-06-04 17:00:00+07:00,37.0,13.0,62.0,/dl/web/weather/ic-w-02-new-clouds-full.svg,Đà Nẵng,-0.5063174088799377,0,0.9298710644055037,0
2025-06-04 18:00:00+07:00,36.0,9.2,74.0,/dl/web/weather/ic-w-02-new-clouds-full.svg,Đà Nẵng,-0.5404982322470462,0,0.20238059937047623,0
2025-06-04 19:00:00+07:00,36.0,3.7,74.0,/dl/web/weather/ic-w-11-night-few-clouds-full.svg,Đà Nẵng,-0.5404982322470462,0,-0.8505661263381158,0
2025-06-04 20:00:00+07:00,37.0,5.5,74.0,/dl/web/weather/ic-w-11-night-few-clouds-full.svg,Đà Nẵng,-0.5063174088799377,0,-0.5059653797425765,0
2025-06-04 21:00:00+07:00,37.0,7.4,79.0,/dl/web/weather/ic-w-11-night-few-clouds-full.svg,Đà Nẵng,-0.5063174088799377,0,-0.14222014722506282,0
2025-06-04 22:00:00+07:00,33.0,3.7,84.0,/dl/web/weather/ic-w-11-night-few-clouds-full.svg,Đà Nẵng,-0.6430407023483716,0,-0.8505661263381158,0
2025-06-04 23:00:00+07:00,33.0,5.5,79.0,/dl/web/weather/ic-w-11-night-few-clouds-full.svg,Đà Nẵng,-0.6430407023483716,0,-0.5059653797425765,0
2025-06-05 00:00:00+07:00,41.0,3.7,84.0,/dl/web/weather/ic-w-11-night-few-clouds-full.svg,Đà Nẵng,-0.36959411541150383,0,-0.8505661263381158,0
2025-06-05 01:00:00+07:00,47.0,1.8,79.0,/dl/web/weather/ic-w-11-night-few-clouds-full.svg,Đà Nẵng,-0.164509175208853,0,-1.2143113588556296,0
2025-06-05 02:00:00+07:00,53.0,1.8,79.0,/dl/web/weather/ic-w-11-night-few-clouds-full.svg,Đà Nẵng,0.040575764993797815,0,-1.2143113588556296,0
2025-06-05 03:00:00+07:00,53.0,5.5,83.0,/dl/web/weather/ic-w-11-night-few-clouds-full.svg,Đà Nẵng,0.040575764993797815,0,-0.5059653797425765,0
2025-06-05 04:00:00+07:00,43.0,3.7,78.0,/dl/web/weather/ic-w-11-night-few-clouds-full.svg,Đà Nẵng,-0.30123246867728687,0,-0.8505661263381158,0
2025-06-05 05:00:00+07:00,43.0,3.7,78.0,/dl/web/weather/ic-w-11-night-few-clouds-full.svg,Đà Nẵng,-0.30123246867728687,0,-0.8505661263381158,0
2025-06-05 06:00:00+07:00,53.0,7.4,89.0,/dl/web/weather/ic-w-02-new-clouds-full.svg,Đà Nẵng,0.040575764993797815,0,-0.14222014722506282,0
2025-06-05 08:00:00+07:00,48.0,1.8,74.0,/dl/web/weather/ic-w-02-new-clouds-full.svg,Đà Nẵng,-0.13032835184174454,0,-1.2143113588556296,0
2025-06-05 09:00:00+07:00,55.0,3.7,66.0,/dl/web/weather/ic-w-02-new-clouds-full.svg,Đà Nẵng,0.10893741172801476,0,-0.8505661263381158,0
2025-06-05 10:00:00+07:00,55.0,9.2,70.0,/dl/web/weather/ic-w-02-new-clouds-full.svg,Đà Nẵng,0.10893741172801476,0,0.20238059937047623,0
2025-06-05 11:00:00+07:00,55.0,9.2,74.0,/dl/web/weather/ic-w-04-scattered-clouds-full.svg,Đà Nẵng,0.10893741172801476,0,0.20238059937047623,0
2025-06-05 12:00:00+07:00,44.0,13.0,70.0,/dl/web/weather/ic-w-04-scattered-clouds-full.svg,Đà Nẵng,-0.26705164531017844,0,0.9298710644055037,0
2025-06-05 13:00:00+07:00,31.0,13.0,62.0,/dl/web/weather/ic-w-02-new-clouds-full.svg,Đà Nẵng,-0.7114023490825886,0,0.9298710644055037,0
2025-06-05 14:00:00+07:00,31.0,14.8,62.0,/dl/web/weather/ic-w-04-scattered-clouds-full.svg,Đà Nẵng,-0.7114023490825886,0,1.2744718110010431,0
2025-06-05 15:00:00+07:00,31.0,14.8,62.0,/dl/web/weather/ic-w-02-new-clouds-full.svg,Đà Nẵng,-0.7114023490825886,0,1.2744718110010431,0
2025-06-05 16:00:00+07:00,34.0,13.0,58.0,/dl/web/weather/ic-w-02-new-clouds-full.svg,Đà Nẵng,-0.6088598789812631,0,0.9298710644055037,0
2025-06-05 17:00:00+07:00,28.0,9.2,62.0,/dl/web/weather/ic-w-02-new-clouds-full.svg,Đà Nẵng,-0.8139448191839139,0,0.20238059937047623,0
2025-06-05 18:00:00+07:00,30.0,13.0,74.0,/dl/web/weather/ic-w-02-new-clouds-full.svg,Đà Nẵng,-0.7455831724496971,0,0.9298710644055037,0
2025-06-05 19:00:00+07:00,30.0,7.4,79.0,/dl/web/weather/ic-w-11-night-few-clouds-full.svg,Đà Nẵng,-0.7455831724496971,0,-0.14222014722506282,0
2025-06-05 20:00:00+07:00,37.0,5.5,84.0,/dl/web/weather/ic-w-04-scattered-clouds-full.svg,Đà Nẵng,-0.5063174088799377,0,-0.5059653797425765,0
2025-06-05 21:00:00+07:00,41.0,5.5,84.0,/dl/web/weather/ic-w-11-night-few-clouds-full.svg,Đà Nẵng,-0.36959411541150383,0,-0.5059653797425765,0
2025-06-05 22:00:00+07:00,47.0,3.7,79.0,/dl/web/weather/ic-w-11-night-few-clouds-full.svg,Đà Nẵng,-0.164509175208853,0,-0.8505661263381158,0
2025-06-05 23:00:00+07:00,52.0,1.8,79.0,/dl/web/weather/ic-w-11-night-few-clouds-full.svg,Đà Nẵng,0.006394941626689343,0,-1.2143113588556296,0
2025-06-06 00:00:00+07:00,52.0,3.7,79.0,/dl/web/weather/ic-w-04-scattered-clouds-full.svg,Đà Nẵng,0.006394941626689343,0,-0.8505661263381158,0
2025-06-06 02:00:00+07:00,56.0,5.5,83.0,/dl/web/weather/ic-w-04-scattered-clouds-full.svg,Đà Nẵng,0.14311823509512323,0,-0.5059653797425765,0
2025-06-06 03:00:00+07:00,56.0,1.8,83.0,/dl/web/weather/ic-w-11-night-few-clouds-full.svg,Đà Nẵng,0.14311823509512323,0,-1.2143113588556296,0
2025-06-06 04:00:00+07:00,53.0,1.8,83.0,/dl/web/weather/ic-w-11-night-few-clouds-full.svg,Đà Nẵng,0.040575764993797815,0,-1.2143113588556296,0
2025-06-06 05:00:00+07:00,47.0,1.8,83.0,/dl/web/weather/ic-w-11-night-few-clouds-full.svg,Đà Nẵng,-0.164509175208853,0,-1.2143113588556296,0
2025-06-06 06:00:00+07:00,47.0,11.1,89.0,/dl/web/weather/ic-w-11-night-few-clouds-full.svg,Đà Nẵng,-0.164509175208853,0,0.5661258318879899,0
2025-06-06 07:00:00+07:00,35.0,7.4,83.0,/dl/web/weather/ic-w-02-new-clouds-full.svg,Đà Nẵng,-0.5746790556141547,0,-0.14222014722506282,0
2025-06-06 08:00:00+07:00,39.0,7.4,70.0,/dl/web/weather/ic-w-02-new-clouds-full.svg,Đà Nẵng,-0.4379557621457208,0,-0.14222014722506282,0
2025-06-06 09:00:00+07:00,39.0,5.5,66.0,/dl/web/weather/ic-w-02-new-clouds-full.svg,Đà Nẵng,-0.4379557621457208,0,-0.5059653797425765,0
2025-06-06 10:00:00+07:00,48.0,11.1,58.0,/dl/web/weather/ic-w-02-new-clouds-full.svg,Đà Nẵng,-0.13032835184174454,0,0.5661258318879899,0
2025-06-06 11:00:00+07:00,48.0,5.5,55.0,/dl/web/weather/ic-w-02-new-clouds-full.svg,Đà Nẵng,-0.13032835184174454,0,-0.5059653797425765,0
2025-06-06 12:00:00+07:00,52.0,20.4,62.0,/dl/web/weather/ic-w-02-new-clouds-full.svg,Đà Nẵng,0.006394941626689343,0,2.346563022631609,0
2025-06-06 13:00:00+07:00,46.0,20.4,52.0,/dl/web/weather/ic-w-02-new-clouds-full.svg,Đà Nẵng,-0.19868999857596148,0,2.346563022631609,0
2025-06-06 14:00:00+07:00,46.0,11.1,55.0,/dl/web/weather/ic-w-02-new-clouds-full.svg,Đà Nẵng,-0.19868999857596148,0,0.5661258318879899,0
2025-06-06 15:00:00+07:00,46.0,14.8,52.0,/dl/web/weather/ic-w-02-new-clouds-full.svg,Đà Nẵng,-0.19868999857596148,0,1.2744718110010431,0
2025-06-06 16:00:00+07:00,41.0,16.7,58.0,/dl/web/weather/ic-w-02-new-clouds-full.svg,Đà Nẵng,-0.36959411541150383,0,1.6382170435185563,0
2025-06-06 17:00:00+07:00,39.0,14.8,70.0,/dl/web/weather/ic-w-02-new-clouds-full.svg,Đà Nẵng,-0.4379557621457208,0,1.2744718110010431,0
2025-06-06 18:00:00+07:00,36.0,14.8,70.0,/dl/web/weather/ic-w-02-new-clouds-full.svg,Đà Nẵng,-0.5404982322470462,0,1.2744718110010431,0
2025-06-06 19:00:00+07:00,40.0,5.5,79.0,/dl/web/weather/ic-w-12-night-rain-full.svg,Đà Nẵng,-0.4037749387786123,0,-0.5059653797425765,0
2025-06-06 20:00:00+07:00,41.0,9.2,74.0,/dl/web/weather/ic-w-11-night-few-clouds-full.svg,Đà Nẵng,-0.36959411541150383,0,0.20238059937047623,0
2025-06-06 21:00:00+07:00,48.0,1.8,70.0,/dl/web/weather/ic-w-11-night-few-clouds-full.svg,Đà Nẵng,-0.13032835184174454,0,-1.2143113588556296,0
2025-06-06 22:00:00+07:00,52.0,7.4,78.0,/dl/web/weather/ic-w-11-night-few-clouds-full.svg,Đà Nẵng,0.006394941626689343,0,-0.14222014722506282,0
2025-06-06 23:00:00+07:00,52.0,7.4,78.0,/dl/web/weather/ic-w-11-night-few-clouds-full.svg,Đà Nẵng,0.006394941626689343,0,-0.14222014722506282,0
2025-06-07 00:00:00+07:00,32.0,7.4,78.0,/dl/web/weather/ic-w-11-night-few-clouds-full.svg,Đà Nẵng,-0.6772215257154801,0,-0.14222014722506282,0
2025-06-07 01:00:00+07:00,33.0,3.7,78.0,/dl/web/weather/ic-w-10-night-clear-sky-full.svg,Đà Nẵng,-0.6430407023483716,0,-0.8505661263381158,0
2025-06-07 02:00:00+07:00,37.0,7.4,78.0,/dl/web/weather/ic-w-10-night-clear-sky-full.svg,Đà Nẵng,-0.5063174088799377,0,-0.14222014722506282,0
2025-06-07 03:00:00+07:00,37.0,7.4,89.0,/dl/web/weather/ic-w-10-night-clear-sky-full.svg,Đà Nẵng,-0.5063174088799377,0,-0.14222014722506282,0
2025-06-07 04:00:00+07:00,34.0,7.4,89.0,/dl/web/weather/ic-w-10-night-clear-sky-full.svg,Đà Nẵng,-0.6088598789812631,0,-0.14222014722506282,0
2025-06-07 05:00:00+07:00,34.0,7.4,89.0,/dl/web/weather/ic-w-10-night-clear-sky-full.svg,Đà Nẵng,-0.6088598789812631,0,-0.14222014722506282,0
2025-06-07 06:00:00+07:00,38.0,7.4,89.0,/dl/web/weather/ic-w-10-night-clear-sky-full.svg,Đà Nẵng,-0.4721365855128293,0,-0.14222014722506282,0
2025-06-07 07:00:00+07:00,38.0,7.4,89.0,/dl/web/weather/ic-w-02-new-clouds-full.svg,Đà Nẵng,-0.4721365855128293,0,-0.14222014722506282,0
2025-06-07 08:00:00+07:00,48.0,5.5,79.0,/dl/web/weather/ic-w-02-new-clouds-full.svg,Đà Nẵng,-0.13032835184174454,0,-0.5059653797425765,0
2025-06-07 09:00:00+07:00,53.0,3.7,62.0,/dl/web/weather/ic-w-01-clear-sky-full.svg,Đà Nẵng,0.040575764993797815,0,-0.8505661263381158,0
2025-06-07 10:00:00+07:00,53.0,3.7,58.0,/dl/web/weather/ic-w-01-clear-sky-full.svg,Đà Nẵng,0.040575764993797815,0,-0.8505661263381158,0
2025-06-07 11:00:00+07:00,53.0,3.7,59.0,/dl/web/weather/ic-w-02-new-clouds-full.svg,Đà Nẵng,0.040575764993797815,0,-0.8505661263381158,0
2025-06-07 12:00:00+07:00,53.0,9.2,55.0,/dl/web/weather/ic-w-02-new-clouds-full.svg,Đà Nẵng,0.040575764993797815,0,0.20238059937047623,0
2025-06-07 13:00:00+07:00,55.0,9.2,49.0,/dl/web/weather/ic-w-02-new-clouds-full.svg,Đà Nẵng,0.10893741172801476,0,0.20238059937047623,0
2025-06-07 14:00:00+07:00,56.0,9.2,49.0,/dl/web/weather/ic-w-02-new-clouds-full.svg,Đà Nẵng,0.14311823509512323,0,0.20238059937047623,0
2025-06-07 15:00:00+07:00,55.0,13.0,52.0,/dl/web/weather/ic-w-02-new-clouds-full.svg,Đà Nẵng,0.10893741172801476,0,0.9298710644055037,0
2025-06-07 16:00:00+07:00,51.0,16.7,66.0,/dl/web/weather/ic-w-02-new-clouds-full.svg,Đà Nẵng,-0.027785881740419127,0,1.6382170435185563,0
2025-06-07 17:00:00+07:00,51.0,14.8,66.0,/dl/web/weather/ic-w-02-new-clouds-full.svg,Đà Nẵng,-0.027785881740419127,0,1.2744718110010431,0
2025-06-07 18:00:00+07:00,50.0,14.8,66.0,/dl/web/weather/ic-w-02-new-clouds-full.svg,Đà Nẵng,-0.0619667051075276,0,1.2744718110010431,0
2025-06-07 19:00:00+07:00,50.0,9.2,79.0,/dl/web/weather/ic-w-11-night-few-clouds-full.svg,Đà Nẵng,-0.0619667051075276,0,0.20238059937047623,0
2025-06-07 20:00:00+07:00,52.0,7.4,74.0,/dl/web/weather/ic-w-11-night-few-clouds-full.svg,Đà Nẵng,0.006394941626689343,0,-0.14222014722506282,0
2025-06-07 21:00:00+07:00,53.0,7.4,74.0,/dl/web/weather/ic-w-11-night-few-clouds-full.svg,Đà Nẵng,0.040575764993797815,0,-0.14222014722506282,0
2025-06-07 22:00:00+07:00,55.0,5.5,79.0,/dl/web/weather/ic-w-11-night-few-clouds-full.svg,Đà Nẵng,0.10893741172801476,0,-0.5059653797425765,0
2025-06-07 23:00:00+07:00,55.0,5.5,84.0,/dl/web/weather/ic-w-04-scattered-clouds-full.svg,Đà Nẵng,0.10893741172801476,0,-0.5059653797425765,0
2025-06-08 00:00:00+07:00,53.0,5.5,84.0,/dl/web/weather/ic-w-04-scattered-clouds-full.svg,Đà Nẵng,0.040575764993797815,0,-0.5059653797425765,0
2025-06-08 01:00:00+07:00,52.0,9.2,83.0,/dl/web/weather/ic-w-11-night-few-clouds-full.svg,Đà Nẵng,0.006394941626689343,0,0.20238059937047623,0
2025-06-08 02:00:00+07:00,53.0,3.7,83.0,/dl/web/weather/ic-w-11-night-few-clouds-full.svg,Đà Nẵng,0.040575764993797815,0,-0.8505661263381158,0
2025-06-08 03:00:00+07:00,52.0,7.4,89.0,/dl/web/weather/ic-w-10-night-clear-sky-full.svg,Đà Nẵng,0.006394941626689343,0,-0.14222014722506282,0
2025-06-08 04:00:00+07:00,54.0,5.5,83.0,/dl/web/weather/ic-w-10-night-clear-sky-full.svg,Đà Nẵng,0.07475658836090629,0,-0.5059653797425765,0
2025-06-08 05:00:00+07:00,52.0,3.7,83.0,/dl/web/weather/ic-w-10-night-clear-sky-full.svg,Đà Nẵng,0.006394941626689343,0,-0.8505661263381158,0
2025-06-08 06:00:00+07:00,51.0,5.5,83.0,/dl/web/weather/ic-w-02-new-clouds-full.svg,Đà Nẵng,-0.027785881740419127,0,-0.5059653797425765,0
2025-06-08 07:00:00+07:00,51.0,3.7,79.0,/dl/web/weather/ic-w-02-new-clouds-full.svg,Đà Nẵng,-0.027785881740419127,0,-0.8505661263381158,0
2025-06-08 08:00:00+07:00,52.0,1.8,70.0,/dl/web/weather/ic-w-01-clear-sky-full.svg,Đà Nẵng,0.006394941626689343,0,-1.2143113588556296,0
2025-06-08 09:00:00+07:00,55.0,1.8,66.0,/dl/web/weather/ic-w-01-clear-sky-full.svg,Đà Nẵng,0.10893741172801476,0,-1.2143113588556296,0
2025-06-08 10:00:00+07:00,57.0,5.5,59.0,/dl/web/weather/ic-w-02-new-clouds-full.svg,Đà Nẵng,0.1772990584622317,0,-0.5059653797425765,0
2025-06-08 11:00:00+07:00,57.0,5.5,55.0,/dl/web/weather/ic-w-02-new-clouds-full.svg,Đà Nẵng,0.1772990584622317,0,-0.5059653797425765,0
2025-06-08 12:00:00+07:00,57.0,5.5,55.0,/dl/web/weather/ic-w-02-new-clouds-full.svg,Đà Nẵng,0.1772990584622317,0,-0.5059653797425765,0
2025-06-08 13:00:00+07:00,55.0,9.2,49.0,/dl/web/weather/ic-w-02-new-clouds-full.svg,Đà Nẵng,0.10893741172801476,0,0.20238059937047623,0
2025-06-08 14:00:00+07:00,53.0,9.2,49.0,/dl/web/weather/ic-w-02-new-clouds-full.svg,Đà Nẵng,0.040575764993797815,0,0.20238059937047623,0
2025-06-08 15:00:00+07:00,52.0,20.4,62.0,/dl/web/weather/ic-w-02-new-clouds-full.svg,Đà Nẵng,0.006394941626689343,0,2.346563022631609,0
2025-06-08 16:00:00+07:00,41.0,20.4,62.0,/dl/web/weather/ic-w-02-new-clouds-full.svg,Đà Nẵng,-0.36959411541150383,0,2.346563022631609,0
2025-06-08 17:00:00+07:00,46.0,24.1,66.0,/dl/web/weather/ic-w-06-rain-full.svg,Đà Nẵng,-0.19868999857596148,0,3.0549090017446625,-1
2025-06-08 18:00:00+07:00,46.0,20.4,70.0,/dl/web/weather/ic-w-04-scattered-clouds-full.svg,Đà Nẵng,-0.19868999857596148,0,2.346563022631609,0
2025-06-08 19:00:00+07:00,42.0,16.7,78.0,/dl/web/weather/ic-w-04-scattered-clouds-full.svg,Đà Nẵng,-0.33541329204439535,0,1.6382170435185563,0
2025-06-08 20:00:00+07:00,42.0,11.1,83.0,/dl/web/weather/ic-w-11-night-few-clouds-full.svg,Đà Nẵng,-0.33541329204439535,0,0.5661258318879899,0
2025-06-08 21:00:00+07:00,36.0,11.1,83.0,/dl/web/weather/ic-w-11-night-few-clouds-full.svg,Đà Nẵng,-0.5404982322470462,0,0.5661258318879899,0
2025-06-08 22:00:00+07:00,29.0,5.5,78.0,/dl/web/weather/ic-w-04-scattered-clouds-full.svg,Đà Nẵng,-0.7797639958168054,0,-0.5059653797425765,0
2025-06-08 23:00:00+07:00,29.0,7.4,83.0,/dl/web/weather/ic-w-11-night-few-clouds-full.svg,Đà Nẵng,-0.7797639958168054,0,-0.14222014722506282,0
2025-06-09 00:00:00+07:00,29.0,7.4,83.0,/dl/web/weather/ic-w-11-night-few-clouds-full.svg,Đà Nẵng,-0.7797639958168054,0,-0.14222014722506282,0
2025-06-09 01:00:00+07:00,30.0,5.5,89.0,/dl/web/weather/ic-w-11-night-few-clouds-full.svg,Đà Nẵng,-0.7455831724496971,0,-0.5059653797425765,0
2025-06-09 02:00:00+07:00,29.0,5.5,89.0,/dl/web/weather/ic-w-11-night-few-clouds-full.svg,Đà Nẵng,-0.7797639958168054,0,-0.5059653797425765,0
2025-06-09 03:00:00+07:00,32.0,7.4,89.0,/dl/web/weather/ic-w-11-night-few-clouds-full.svg,Đà Nẵng,-0.6772215257154801,0,-0.14222014722506282,0
2025-06-09 04:00:00+07:00,24.0,3.7,83.0,/dl/web/weather/ic-w-11-night-few-clouds-full.svg,Đà Nẵng,-0.9506681126523479,0,-0.8505661263381158,0
2025-06-09 05:00:00+07:00,24.0,3.7,83.0,/dl/web/weather/ic-w-11-night-few-clouds-full.svg,Đà Nẵng,-0.9506681126523479,0,-0.8505661263381158,0
2025-06-09 06:00:00+07:00,27.0,1.8,89.0,/dl/web/weather/ic-w-02-new-clouds-full.svg,Đà Nẵng,-0.8481256425510224,0,-1.2143113588556296,0
2025-06-09 07:00:00+07:00,41.0,1.8,70.0,/dl/web/weather/ic-w-01-clear-sky-full.svg,Đà Nẵng,-0.36959411541150383,0,-1.2143113588556296,0
2025-06-09 08:00:00+07:00,54.0,1.8,58.0,/dl/web/weather/ic-w-01-clear-sky-full.svg,Đà Nẵng,0.07475658836090629,0,-1.2143113588556296,0
2025-06-09 09:00:00+07:00,55.0,3.7,55.0,/dl/web/weather/ic-w-01-clear-sky-full.svg,Đà Nẵng,0.10893741172801476,0,-0.8505661263381158,0
2025-06-09 10:00:00+07:00,55.0,5.5,52.0,/dl/web/weather/ic-w-02-new-clouds-full.svg,Đà Nẵng,0.10893741172801476,0,-0.5059653797425765,0
2025-06-09 11:00:00+07:00,55.0,9.2,55.0,/dl/web/weather/ic-w-02-new-clouds-full.svg,Đà Nẵng,0.10893741172801476,0,0.20238059937047623,0
2025-06-09 12:00:00+07:00,43.0,5.5,49.0,/dl/web/weather/ic-w-02-new-clouds-full.svg,Đà Nẵng,-0.30123246867728687,0,-0.5059653797425765,0
2025-06-09 13:00:00+07:00,43.0,14.8,52.0,/dl/web/weather/ic-w-02-new-clouds-full.svg,Đà Nẵng,-0.30123246867728687,0,1.2744718110010431,0
2025-06-09 14:00:00+07:00,39.0,18.5,55.0,/dl/web/weather/ic-w-06-rain-full.svg,Đà Nẵng,-0.4379557621457208,0,1.9828177901140958,0
2025-06-09 15:00:00+07:00,41.0,14.8,62.0,/dl/web/weather/ic-w-04-scattered-clouds-full.svg,Đà Nẵng,-0.36959411541150383,0,1.2744718110010431,0
2025-06-09 16:00:00+07:00,39.0,13.0,55.0,/dl/web/weather/ic-w-02-new-clouds-full.svg,Đà Nẵng,-0.4379557621457208,0,0.9298710644055037,0
2025-06-09 17:00:00+07:00,41.0,11.1,62.0,/dl/web/weather/ic-w-04-scattered-clouds-full.svg,Đà Nẵng,-0.36959411541150383,0,0.5661258318879899,0
2025-06-09 18:00:00+07:00,33.0,11.1,62.0,/dl/web/weather/ic-w-04-scattered-clouds-full.svg,Đà Nẵng,-0.6430407023483716,0,0.5661258318879899,0
2025-06-09 19:00:00+07:00,39.0,1.8,66.0,/dl/web/weather/ic-w-11-night-few-clouds-full.svg,Đà Nẵng,-0.4379557621457208,0,-1.2143113588556296,0
2025-06-09 20:00:00+07:00,50.0,5.5,70.0,/dl/web/weather/ic-w-10-night-clear-sky-full.svg,Đà Nẵng,-0.0619667051075276,0,-0.5059653797425765,0
2025-06-09 21:00:00+07:00,50.0,3.7,66.0,/dl/web/weather/ic-w-04-scattered-clouds-full.svg,Đà Nẵng,-0.0619667051075276,0,-0.8505661263381158,0
2025-06-09 22:00:00+07:00,52.0,5.5,66.0,/dl/web/weather/ic-w-04-scattered-clouds-full.svg,Đà Nẵng,0.006394941626689343,0,-0.5059653797425765,0
2025-06-09 23:00:00+07:00,62.0,3.7,79.0,/dl/web/weather/ic-w-11-night-few-clouds-full.svg,Đà Nẵng,0.34820317529777406,0,-0.8505661263381158,0
2025-06-10 00:00:00+07:00,62.0,7.4,79.0,/dl/web/weather/ic-w-04-scattered-clouds-full.svg,Đà Nẵng,0.34820317529777406,0,-0.14222014722506282,0
2025-06-10 01:00:00+07:00,53.0,1.8,79.0,/dl/web/weather/ic-w-04-scattered-clouds-full.svg,Đà Nẵng,0.040575764993797815,0,-1.2143113588556296,0
2025-06-10 02:00:00+07:00,56.0,1.8,79.0,/dl/web/weather/ic-w-04-scattered-clouds-full.svg,Đà Nẵng,0.14311823509512323,0,-1.2143113588556296,0
2025-06-10 03:00:00+07:00,60.0,5.5,83.0,/dl/web/weather/ic-w-11-night-few-clouds-full.svg,Đà Nẵng,0.2798415285635571,0,-0.5059653797425765,0
2025-06-10 04:00:00+07:00,59.0,5.5,83.0,/dl/web/weather/ic-w-11-night-few-clouds-full.svg,Đà Nẵng,0.24566070519644864,0,-0.5059653797425765,0
2025-06-10 05:00:00+07:00,58.0,3.7,83.0,/dl/web/weather/ic-w-11-night-few-clouds-full.svg,Đà Nẵng,0.21147988182934016,0,-0.8505661263381158,0
2025-06-10 06:00:00+07:00,55.0,0.0,78.0,/dl/web/weather/ic-w-02-new-clouds-full.svg,Đà Nẵng,0.10893741172801476,0,-1.5589121054511688,0
2025-06-10 07:00:00+07:00,56.0,0.0,74.0,/dl/web/weather/ic-w-06-rain-full.svg,Đà Nẵng,0.14311823509512323,0,-1.5589121054511688,0
2025-06-10 08:00:00+07:00,64.0,7.4,79.0,/dl/web/weather/ic-w-04-scattered-clouds-full.svg,Đà Nẵng,0.416564822031991,0,-0.14222014722506282,0
2025-06-10 09:00:00+07:00,75.0,5.5,70.0,/dl/web/weather/ic-w-06-rain-full.svg,Đà Nẵng,0.7925538790701842,0,-0.5059653797425765,0
2025-06-10 10:00:00+07:00,64.0,9.2,74.0,/dl/web/weather/ic-w-06-rain-full.svg,Đà Nẵng,0.416564822031991,0,0.20238059937047623,0
2025-06-10 11:00:00+07:00,64.0,3.7,74.0,/dl/web/weather/ic-w-06-rain-full.svg,Đà Nẵng,0.416564822031991,0,-0.8505661263381158,0
2025-06-10 12:00:00+07:00,69.0,1.8,74.0,/dl/web/weather/ic-w-06-rain-full.svg,Đà Nẵng,0.5874689388675334,0,-1.2143113588556296,0
2025-06-10 13:00:00+07:00,60.0,3.7,84.0,/dl/web/weather/ic-w-06-rain-full.svg,Đà Nẵng,0.2798415285635571,0,-0.8505661263381158,0
2025-06-10 14:00:00+07:00,66.0,0.0,84.0,/dl/web/weather/ic-w-06-rain-full.svg,Đà Nẵng,0.48492646876620793,0,-1.5589121054511688,0
2025-06-10 15:00:00+07:00,77.0,0.0,89.0,/dl/web/weather/ic-w-06-rain-full.svg,Đà Nẵng,0.8609155258044011,0,-1.5589121054511688,0
2025-06-10 16:00:00+07:00,56.0,3.7,84.0,/dl/web/weather/ic-w-06-rain-full.svg,Đà Nẵng,0.14311823509512323,0,-0.8505661263381158,0
2025-06-10 17:00:00+07:00,92.0,3.7,89.0,/dl/web/weather/ic-w-06-rain-full.svg,Đà Nẵng,1.3736278763110281,0,-0.8505661263381158,0
2025-06-10 18:00:00+07:00,92.0,3.7,89.0,/dl/web/weather/ic-w-06-rain-full.svg,Đà Nẵng,1.3736278763110281,0,-0.8505661263381158,0
2025-06-10 19:00:00+07:00,84.0,1.8,94.0,/dl/web/weather/ic-w-12-night-rain-full.svg,Đà Nẵng,1.1001812893741605,0,-1.2143113588556296,0
2025-06-10 20:00:00+07:00,99.0,3.7,94.0,/dl/web/weather/ic-w-12-night-rain-full.svg,Đà Nẵng,1.6128936398807874,0,-0.8505661263381158,0
2025-06-10 21:00:00+07:00,99.0,1.8,94.0,/dl/web/weather/ic-w-09-mist-full.svg,Đà Nẵng,1.6128936398807874,0,-1.2143113588556296,0
2025-06-10 22:00:00+07:00,95.0,0.0,94.0,/dl/web/weather/ic-w-12-night-rain-full.svg,Đà Nẵng,1.4761703464123537,0,-1.5589121054511688,0
2025-06-10 23:00:00+07:00,152.0,1.8,94.0,/dl/web/weather/ic-w-12-night-rain-full.svg,Đà Nẵng,3.424477278337536,-1,-1.2143113588556296,0
2025-06-11 00:00:00+07:00,151.0,3.7,89.0,/dl/web/weather/ic-w-07-thunderstorms-full.svg,Đà Nẵng,3.3902964549704278,-1,-0.8505661263381158,0
2025-06-11 01:00:00+07:00,101.0,9.2,94.0,/dl/web/weather/ic-w-04-scattered-clouds-full.svg,Đà Nẵng,1.6812552866150043,0,0.20238059937047623,0
2025-06-11 02:00:00+07:00,96.0,9.2,94.0,/dl/web/weather/ic-w-04-scattered-clouds-full.svg,Đà Nẵng,1.510351169779462,0,0.20238059937047623,0
2025-06-11 03:00:00+07:00,62.0,0.0,94.0,/dl/web/weather/ic-w-04-scattered-clouds-full.svg,Đà Nẵng,0.34820317529777406,0,-1.5589121054511688,0
2025-06-11 04:00:00+07:00,57.0,0.0,94.0,/dl/web/weather/ic-w-04-scattered-clouds-full.svg,Đà Nẵng,0.1772990584622317,0,-1.5589121054511688,0
2025-06-11 05:00:00+07:00,44.0,0.0,94.0,/dl/web/weather/ic-w-04-scattered-clouds-full.svg,Đà Nẵng,-0.26705164531017844,0,-1.5589121054511688,0
2025-06-11 06:00:00+07:00,44.0,9.2,89.0,/dl/web/weather/ic-w-06-rain-full.svg,Đà Nẵng,-0.26705164531017844,0,0.20238059937047623,0
2025-06-11 07:00:00+07:00,50.0,1.8,83.0,/dl/web/weather/ic-w-06-rain-full.svg,Đà Nẵng,-0.0619667051075276,0,-1.2143113588556296,0
2025-06-11 08:00:00+07:00,39.0,7.4,89.0,/dl/web/weather/ic-w-06-rain-full.svg,Đà Nẵng,-0.4379557621457208,0,-0.14222014722506282,0
2025-06-11 09:00:00+07:00,42.0,11.1,74.0,/dl/web/weather/ic-w-06-rain-full.svg,Đà Nẵng,-0.33541329204439535,0,0.5661258318879899,0
2025-06-11 10:00:00+07:00,33.0,5.5,83.0,/dl/web/weather/ic-w-07-thunderstorms-full.svg,Đà Nẵng,-0.6430407023483716,0,-0.5059653797425765,0
2025-06-11 11:00:00+07:00,33.0,7.4,89.0,/dl/web/weather/ic-w-06-rain-full.svg,Đà Nẵng,-0.6430407023483716,0,-0.14222014722506282,0
2025-06-11 12:00:00+07:00,53.0,9.2,100.0,/dl/web/weather/ic-w-07-thunderstorms-full.svg,Đà Nẵng,0.040575764993797815,0,0.20238059937047623,0
2025-06-11 13:00:00+07:00,53.0,7.4,100.0,/dl/web/weather/ic-w-07-thunderstorms-full.svg,Đà Nẵng,0.040575764993797815,0,-0.14222014722506282,0
2025-06-11 14:00:00+07:00,50.0,5.5,100.0,/dl/web/weather/ic-w-07-thunderstorms-full.svg,Đà Nẵng,-0.0619667051075276,0,-0.5059653797425765,0
2025-06-11 15:00:00+07:00,50.0,5.5,100.0,/dl/web/weather/ic-w-06-rain-full.svg,Đà Nẵng,-0.0619667051075276,0,-0.5059653797425765,0
2025-06-11 16:00:00+07:00,50.0,3.7,94.0,/dl/web/weather/ic-w-06-rain-full.svg,Đà Nẵng,-0.0619667051075276,0,-0.8505661263381158,0
2025-06-11 17:00:00+07:00,50.0,9.2,94.0,/dl/web/weather/ic-w-06-rain-full.svg,Đà Nẵng,-0.0619667051075276,0,0.20238059937047623,0
2025-06-11 18:00:00+07:00,44.0,9.2,94.0,/dl/web/weather/ic-w-06-rain-full.svg,Đà Nẵng,-0.26705164531017844,0,0.20238059937047623,0
2025-06-11 19:00:00+07:00,44.0,9.2,94.0,/dl/web/weather/ic-w-06-rain-full.svg,Đà Nẵng,-0.26705164531017844,0,0.20238059937047623,0
2025-06-11 20:00:00+07:00,28.0,16.7,94.0,/dl/web/weather/ic-w-07-thunderstorms-full.svg,Đà Nẵng,-0.8139448191839139,0,1.6382170435185563,0
2025-06-11 21:00:00+07:00,39.0,16.7,94.0,/dl/web/weather/ic-w-07-thunderstorms-full.svg,Đà Nẵng,-0.4379557621457208,0,1.6382170435185563,0
2025-06-11 22:00:00+07:00,19.0,14.8,100.0,/dl/web/weather/ic-w-07-thunderstorms-full.svg,Đà Nẵng,-1.1215722294878903,0,1.2744718110010431,0
2025-06-11 23:00:00+07:00,19.0,9.2,100.0,/dl/web/weather/ic-w-07-thunderstorms-full.svg,Đà Nẵng,-1.1215722294878903,0,0.20238059937047623,0
2025-06-12 00:00:00+07:00,19.0,16.7,100.0,/dl/web/weather/ic-w-07-thunderstorms-full.svg,Đà Nẵng,-1.1215722294878903,0,1.6382170435185563,0
2025-06-12 01:00:00+07:00,19.0,14.8,100.0,/dl/web/weather/ic-w-07-thunderstorms-full.svg,Đà Nẵng,-1.1215722294878903,0,1.2744718110010431,0
2025-06-12 02:00:00+07:00,19.0,18.5,100.0,/dl/web/weather/ic-w-07-thunderstorms-full.svg,Đà Nẵng,-1.1215722294878903,0,1.9828177901140958,0
2025-06-12 03:00:00+07:00,19.0,13.0,100.0,/dl/web/weather/ic-w-06-rain-full.svg,Đà Nẵng,-1.1215722294878903,0,0.9298710644055037,0
2025-06-12 04:00:00+07:00,19.0,13.0,100.0,/dl/web/weather/ic-w-06-rain-full.svg,Đà Nẵng,-1.1215722294878903,0,0.9298710644055037,0
2025-06-12 05:00:00+07:00,19.0,9.2,94.0,/dl/web/weather/ic-w-12-night-rain-full.svg,Đà Nẵng,-1.1215722294878903,0,0.20238059937047623,0
2025-06-12 06:00:00+07:00,19.0,9.2,94.0,/dl/web/weather/ic-w-12-night-rain-full.svg,Đà Nẵng,-1.1215722294878903,0,0.20238059937047623,0
2025-06-12 07:00:00+07:00,19.0,16.7,100.0,/dl/web/weather/ic-w-06-rain-full.svg,Đà Nẵng,-1.1215722294878903,0,1.6382170435185563,0
2025-06-12 08:00:00+07:00,19.0,22.2,100.0,/dl/web/weather/ic-w-06-rain-full.svg,Đà Nẵng,-1.1215722294878903,0,2.6911637692271486,0
2025-06-12 09:00:00+07:00,19.0,16.7,100.0,/dl/web/weather/ic-w-06-rain-full.svg,Đà Nẵng,-1.1215722294878903,0,1.6382170435185563,0
2025-06-12 10:00:00+07:00,19.0,16.7,100.0,/dl/web/weather/ic-w-06-rain-full.svg,Đà Nẵng,-1.1215722294878903,0,1.6382170435185563,0
2025-06-12 11:00:00+07:00,19.0,16.7,100.0,/dl/web/weather/ic-w-06-rain-full.svg,Đà Nẵng,-1.1215722294878903,0,1.6382170435185563,0
2025-06-12 12:00:00+07:00,19.0,18.5,94.0,/dl/web/weather/ic-w-06-rain-full.svg,Đà Nẵng,-1.1215722294878903,0,1.9828177901140958,0
2025-06-12 13:00:00+07:00,6.0,22.2,88.0,/dl/web/weather/ic-w-06-rain-full.svg,Đà Nẵng,-1.5659229332603004,0,2.6911637692271486,0
2025-06-12 14:00:00+07:00,0.0,7.4,94.0,/dl/web/weather/ic-w-06-rain-full.svg,Đà Nẵng,-1.771007873462951,0,-0.14222014722506282,0
2025-06-12 15:00:00+07:00,0.0,11.1,94.0,/dl/web/weather/ic-w-06-rain-full.svg,Đà Nẵng,-1.771007873462951,0,0.5661258318879899,0
2025-06-12 16:00:00+07:00,0.0,16.7,94.0,/dl/web/weather/ic-w-06-rain-full.svg,Đà Nẵng,-1.771007873462951,0,1.6382170435185563,0
2025-06-12 17:00:00+07:00,3.0,13.0,94.0,/dl/web/weather/ic-w-06-rain-full.svg,Đà Nẵng,-1.6684654033616257,0,0.9298710644055037,0
2025-06-12 18:00:00+07:00,3.0,13.0,94.0,/dl/web/weather/ic-w-06-rain-full.svg,Đà Nẵng,-1.6684654033616257,0,0.9298710644055037,0
2025-06-12 19:00:00+07:00,3.0,9.2,94.0,/dl/web/weather/ic-w-12-night-rain-full.svg,Đà Nẵng,-1.6684654033616257,0,0.20238059937047623,0
2025-06-12 20:00:00+07:00,6.0,14.8,94.0,/dl/web/weather/ic-w-06-rain-full.svg,Đà Nẵng,-1.5659229332603004,0,1.2744718110010431,0
2025-06-12 21:00:00+07:00,6.0,14.8,94.0,/dl/web/weather/ic-w-06-rain-full.svg,Đà Nẵng,-1.5659229332603004,0,1.2744718110010431,0
2025-06-12 22:00:00+07:00,6.0,5.5,94.0,/dl/web/weather/ic-w-06-rain-full.svg,Đà Nẵng,-1.5659229332603004,0,-0.5059653797425765,0
2025-06-12 23:00:00+07:00,6.0,13.0,94.0,/dl/web/weather/ic-w-12-night-rain-full.svg,Đà Nẵng,-1.5659229332603004,0,0.9298710644055037,0
2025-06-13 00:00:00+07:00,6.0,9.2,100.0,/dl/web/weather/ic-w-12-night-rain-full.svg,Đà Nẵng,-1.5659229332603004,0,0.20238059937047623,0
2025-06-13 01:00:00+07:00,8.0,5.5,83.0,/dl/web/weather/ic-w-12-night-rain-full.svg,Đà Nẵng,-1.4975612865260834,0,-0.5059653797425765,0
2025-06-13 02:00:00+07:00,11.0,5.5,83.0,/dl/web/weather/ic-w-12-night-rain-full.svg,Đà Nẵng,-1.395018816424758,0,-0.5059653797425765,0
2025-06-13 03:00:00+07:00,11.0,9.2,94.0,/dl/web/weather/ic-w-12-night-rain-full.svg,Đà Nẵng,-1.395018816424758,0,0.20238059937047623,0
2025-06-13 04:00:00+07:00,19.0,7.4,94.0,/dl/web/weather/ic-w-12-night-rain-full.svg,Đà Nẵng,-1.1215722294878903,0,-0.14222014722506282,0
2025-06-13 05:00:00+07:00,28.0,7.4,94.0,/dl/web/weather/ic-w-12-night-rain-full.svg,Đà Nẵng,-0.8139448191839139,0,-0.14222014722506282,0
2025-06-13 06:00:00+07:00,28.0,5.5,94.0,/dl/web/weather/ic-w-12-night-rain-full.svg,Đà Nẵng,-0.8139448191839139,0,-0.5059653797425765,0
2025-06-13 07:00:00+07:00,25.0,3.7,94.0,/dl/web/weather/ic-w-06-rain-full.svg,Đà Nẵng,-0.9164872892852394,0,-0.8505661263381158,0
2025-06-13 08:00:00+07:00,33.0,3.7,94.0,/dl/web/weather/ic-w-06-rain-full.svg,Đà Nẵng,-0.6430407023483716,0,-0.8505661263381158,0
2025-06-13 09:00:00+07:00,25.0,3.7,89.0,/dl/web/weather/ic-w-06-rain-full.svg,Đà Nẵng,-0.9164872892852394,0,-0.8505661263381158,0
2025-06-13 10:00:00+07:00,25.0,5.5,89.0,/dl/web/weather/ic-w-06-rain-full.svg,Đà Nẵng,-0.9164872892852394,0,-0.5059653797425765,0
2025-06-13 11:00:00+07:00,25.0,14.8,70.0,/dl/web/weather/ic-w-06-rain-full.svg,Đà Nẵng,-0.9164872892852394,0,1.2744718110010431,0
2025-06-13 12:00:00+07:00,22.0,29.6,65.0,/dl/web/weather/ic-w-06-rain-full.svg,Đà Nẵng,-1.0190297593865647,0,4.107855727453255,-1
2025-06-13 13:00:00+07:00,30.0,11.1,62.0,/dl/web/weather/ic-w-06-rain-full.svg,Đà Nẵng,-0.7455831724496971,0,0.5661258318879899,0
2025-06-13 14:00:00+07:00,19.0,1.8,70.0,/dl/web/weather/ic-w-06-rain-full.svg,Đà Nẵng,-1.1215722294878903,0,-1.2143113588556296,0
2025-06-13 15:00:00+07:00,19.0,1.8,88.0,/dl/web/weather/ic-w-06-rain-full.svg,Đà Nẵng,-1.1215722294878903,0,-1.2143113588556296,0
2025-06-13 16:00:00+07:00,26.0,1.8,88.0,/dl/web/weather/ic-w-06-rain-full.svg,Đà Nẵng,-0.8823064659181309,0,-1.2143113588556296,0
2025-06-13 17:00:00+07:00,21.0,3.7,89.0,/dl/web/weather/ic-w-06-rain-full.svg,Đà Nẵng,-1.0532105827536733,0,-0.8505661263381158,0
2025-06-13 18:00:00+07:00,44.0,0.0,94.0,/dl/web/weather/ic-w-06-rain-full.svg,Đà Nẵng,-0.26705164531017844,0,-1.5589121054511688,0
2025-06-13 19:00:00+07:00,19.0,1.8,89.0,/dl/web/weather/ic-w-12-night-rain-full.svg,Đà Nẵng,-1.1215722294878903,0,-1.2143113588556296,0
2025-06-13 20:00:00+07:00,42.0,0.0,94.0,/dl/web/weather/ic-w-12-night-rain-full.svg,Đà Nẵng,-0.33541329204439535,0,-1.5589121054511688,0
2025-06-13 21:00:00+07:00,51.0,1.8,94.0,/dl/web/weather/ic-w-12-night-rain-full.svg,Đà Nẵng,-0.027785881740419127,0,-1.2143113588556296,0
2025-06-13 22:00:00+07:00,28.0,3.7,94.0,/dl/web/weather/ic-w-12-night-rain-full.svg,Đà Nẵng,-0.8139448191839139,0,-0.8505661263381158,0
2025-06-13 23:00:00+07:00,50.0,3.7,94.0,/dl/web/weather/ic-w-12-night-rain-full.svg,Đà Nẵng,-0.0619667051075276,0,-0.8505661263381158,0
2025-06-14 00:00:00+07:00,39.0,3.7,94.0,/dl/web/weather/ic-w-12-night-rain-full.svg,Đà Nẵng,-0.4379557621457208,0,-0.8505661263381158,0
2025-06-14 01:00:00+07:00,66.0,0.0,83.0,/dl/web/weather/ic-w-12-night-rain-full.svg,Đà Nẵng,0.48492646876620793,0,-1.5589121054511688,0
2025-06-14 02:00:00+07:00,31.0,3.7,94.0,/dl/web/weather/ic-w-12-night-rain-full.svg,Đà Nẵng,-0.7114023490825886,0,-0.8505661263381158,0
2025-06-14 03:00:00+07:00,22.0,3.7,94.0,/dl/web/weather/ic-w-12-night-rain-full.svg,Đà Nẵng,-1.0190297593865647,0,-0.8505661263381158,0
2025-06-14 04:00:00+07:00,22.0,3.7,83.0,/dl/web/weather/ic-w-12-night-rain-full.svg,Đà Nẵng,-1.0190297593865647,0,-0.8505661263381158,0
2025-06-14 05:00:00+07:00,31.0,5.5,94.0,/dl/web/weather/ic-w-04-scattered-clouds-full.svg,Đà Nẵng,-0.7114023490825886,0,-0.5059653797425765,0
2025-06-14 06:00:00+07:00,28.0,3.7,83.0,/dl/web/weather/ic-w-12-night-rain-full.svg,Đà Nẵng,-0.8139448191839139,0,-0.8505661263381158,0
2025-06-14 07:00:00+07:00,32.0,0.0,89.0,/dl/web/weather/ic-w-06-rain-full.svg,Đà Nẵng,-0.6772215257154801,0,-1.5589121054511688,0
2025-06-14 08:00:00+07:00,38.0,11.1,74.0,/dl/web/weather/ic-w-06-rain-full.svg,Đà Nẵng,-0.4721365855128293,0,0.5661258318879899,0
2025-06-14 09:00:00+07:00,25.0,13.0,83.0,/dl/web/weather/ic-w-06-rain-full.svg,Đà Nẵng,-0.9164872892852394,0,0.9298710644055037,0
2025-06-14 10:00:00+07:00,22.0,13.0,74.0,/dl/web/weather/ic-w-06-rain-full.svg,Đà Nẵng,-1.0190297593865647,0,0.9298710644055037,0
2025-06-14 11:00:00+07:00,22.0,11.1,66.0,/dl/web/weather/ic-w-04-scattered-clouds-full.svg,Đà Nẵng,-1.0190297593865647,0,0.5661258318879899,0
2025-06-14 12:00:00+07:00,19.0,11.1,66.0,/dl/web/weather/ic-w-04-scattered-clouds-full.svg,Đà Nẵng,-1.1215722294878903,0,0.5661258318879899,0
2025-06-14 13:00:00+07:00,19.0,13.0,62.0,/dl/web/weather/ic-w-04-scattered-clouds-full.svg,Đà Nẵng,-1.1215722294878903,0,0.9298710644055037,0
2025-06-14 14:00:00+07:00,19.0,13.0,62.0,/dl/web/weather/ic-w-04-scattered-clouds-full.svg,Đà Nẵng,-1.1215722294878903,0,0.9298710644055037,0
2025-06-14 15:00:00+07:00,19.0,13.0,62.0,/dl/web/weather/ic-w-04-scattered-clouds-full.svg,Đà Nẵng,-1.1215722294878903,0,0.9298710644055037,0
2025-06-14 16:00:00+07:00,19.0,18.5,55.0,/dl/web/weather/ic-w-04-scattered-clouds-full.svg,Đà Nẵng,-1.1215722294878903,0,1.9828177901140958,0
2025-06-14 17:00:00+07:00,19.0,7.4,62.0,/dl/web/weather/ic-w-02-new-clouds-full.svg,Đà Nẵng,-1.1215722294878903,0,-0.14222014722506282,0
2025-06-14 18:00:00+07:00,19.0,7.4,62.0,/dl/web/weather/ic-w-02-new-clouds-full.svg,Đà Nẵng,-1.1215722294878903,0,-0.14222014722506282,0
2025-06-14 19:00:00+07:00,19.0,7.4,79.0,/dl/web/weather/ic-w-11-night-few-clouds-full.svg,Đà Nẵng,-1.1215722294878903,0,-0.14222014722506282,0
2025-06-14 20:00:00+07:00,38.0,0.0,89.0,/dl/web/weather/ic-w-11-night-few-clouds-full.svg,Đà Nẵng,-0.4721365855128293,0,-1.5589121054511688,0
2025-06-14 21:00:00+07:00,38.0,0.0,89.0,/dl/web/weather/ic-w-11-night-few-clouds-full.svg,Đà Nẵng,-0.4721365855128293,0,-1.5589121054511688,0
2025-06-14 22:00:00+07:00,39.0,5.5,78.0,/dl/web/weather/ic-w-11-night-few-clouds-full.svg,Đà Nẵng,-0.4379557621457208,0,-0.5059653797425765,0
2025-06-14 23:00:00+07:00,39.0,5.5,78.0,/dl/web/weather/ic-w-11-night-few-clouds-full.svg,Đà Nẵng,-0.4379557621457208,0,-0.5059653797425765,0
2025-06-15 00:00:00+07:00,39.0,3.7,70.0,/dl/web/weather/ic-w-11-night-few-clouds-full.svg,Đà Nẵng,-0.4379557621457208,0,-0.8505661263381158,0
2025-06-15 01:00:00+07:00,22.0,5.5,78.0,/dl/web/weather/ic-w-11-night-few-clouds-full.svg,Đà Nẵng,-1.0190297593865647,0,-0.5059653797425765,0
2025-06-15 02:00:00+07:00,22.0,5.5,78.0,/dl/web/weather/ic-w-11-night-few-clouds-full.svg,Đà Nẵng,-1.0190297593865647,0,-0.5059653797425765,0
2025-06-15 03:00:00+07:00,19.0,3.7,83.0,/dl/web/weather/ic-w-10-night-clear-sky-full.svg,Đà Nẵng,-1.1215722294878903,0,-0.8505661263381158,0
2025-06-15 04:00:00+07:00,33.0,0.0,83.0,/dl/web/weather/ic-w-10-night-clear-sky-full.svg,Đà Nẵng,-0.6430407023483716,0,-1.5589121054511688,0
2025-06-15 05:00:00+07:00,33.0,0.0,83.0,/dl/web/weather/ic-w-10-night-clear-sky-full.svg,Đà Nẵng,-0.6430407023483716,0,-1.5589121054511688,0
2025-06-15 06:00:00+07:00,22.0,0.0,89.0,/dl/web/weather/ic-w-11-night-few-clouds-full.svg,Đà Nẵng,-1.0190297593865647,0,-1.5589121054511688,0
2025-06-15 07:00:00+07:00,19.0,5.5,83.0,/dl/web/weather/ic-w-02-new-clouds-full.svg,Đà Nẵng,-1.1215722294878903,0,-0.5059653797425765,0
2025-06-15 08:00:00+07:00,19.0,5.5,70.0,/dl/web/weather/ic-w-02-new-clouds-full.svg,Đà Nẵng,-1.1215722294878903,0,-0.5059653797425765,0
2025-06-15 09:00:00+07:00,19.0,5.5,58.0,/dl/web/weather/ic-w-02-new-clouds-full.svg,Đà Nẵng,-1.1215722294878903,0,-0.5059653797425765,0
2025-06-15 10:00:00+07:00,19.0,9.2,62.0,/dl/web/weather/ic-w-02-new-clouds-full.svg,Đà Nẵng,-1.1215722294878903,0,0.20238059937047623,0
2025-06-15 11:00:00+07:00,19.0,9.2,58.0,/dl/web/weather/ic-w-02-new-clouds-full.svg,Đà Nẵng,-1.1215722294878903,0,0.20238059937047623,0
2025-06-15 12:00:00+07:00,19.0,11.1,55.0,/dl/web/weather/ic-w-02-new-clouds-full.svg,Đà Nẵng,-1.1215722294878903,0,0.5661258318879899,0
2025-06-15 13:00:00+07:00,19.0,11.1,55.0,/dl/web/weather/ic-w-02-new-clouds-full.svg,Đà Nẵng,-1.1215722294878903,0,0.5661258318879899,0
2025-06-15 14:00:00+07:00,19.0,13.0,55.0,/dl/web/weather/ic-w-02-new-clouds-full.svg,Đà Nẵng,-1.1215722294878903,0,0.9298710644055037,0
2025-06-15 15:00:00+07:00,19.0,9.2,55.0,/dl/web/weather/ic-w-02-new-clouds-full.svg,Đà Nẵng,-1.1215722294878903,0,0.20238059937047623,0
2025-06-15 16:00:00+07:00,19.0,13.0,52.0,/dl/web/weather/ic-w-02-new-clouds-full.svg,Đà Nẵng,-1.1215722294878903,0,0.9298710644055037,0
2025-06-15 17:00:00+07:00,19.0,13.0,52.0,/dl/web/weather/ic-w-02-new-clouds-full.svg,Đà Nẵng,-1.1215722294878903,0,0.9298710644055037,0
2025-06-15 18:00:00+07:00,22.0,5.5,62.0,/dl/web/weather/ic-w-02-new-clouds-full.svg,Đà Nẵng,-1.0190297593865647,0,-0.5059653797425765,0
2025-06-15 19:00:00+07:00,39.0,3.7,84.0,/dl/web/weather/ic-w-10-night-clear-sky-full.svg,Đà Nẵng,-0.4379557621457208,0,-0.8505661263381158,0
2025-06-15 20:00:00+07:00,39.0,1.8,84.0,/dl/web/weather/ic-w-10-night-clear-sky-full.svg,Đà Nẵng,-0.4379557621457208,0,-1.2143113588556296,0
2025-06-15 21:00:00+07:00,33.0,1.8,84.0,/dl/web/weather/ic-w-10-night-clear-sky-full.svg,Đà Nẵng,-0.6430407023483716,0,-1.2143113588556296,0
2025-06-15 22:00:00+07:00,22.0,3.7,74.0,/dl/web/weather/ic-w-10-night-clear-sky-full.svg,Đà Nẵng,-1.0190297593865647,0,-0.8505661263381158,0
2025-06-15 23:00:00+07:00,33.0,3.7,84.0,/dl/web/weather/ic-w-10-night-clear-sky-full.svg,Đà Nẵng,-0.6430407023483716,0,-0.8505661263381158,0
2025-06-16 00:00:00+07:00,39.0,3.7,84.0,/dl/web/weather/ic-w-10-night-clear-sky-full.svg,Đà Nẵng,-0.4379557621457208,0,-0.8505661263381158,0
2025-06-16 01:00:00+07:00,33.0,3.7,83.0,/dl/web/weather/ic-w-11-night-few-clouds-full.svg,Đà Nẵng,-0.6430407023483716,0,-0.8505661263381158,0
2025-06-16 02:00:00+07:00,33.0,3.7,83.0,/dl/web/weather/ic-w-11-night-few-clouds-full.svg,Đà Nẵng,-0.6430407023483716,0,-0.8505661263381158,0
2025-06-16 03:00:00+07:00,19.0,1.8,83.0,/dl/web/weather/ic-w-11-night-few-clouds-full.svg,Đà Nẵng,-1.1215722294878903,0,-1.2143113588556296,0
2025-06-16 04:00:00+07:00,33.0,1.8,83.0,/dl/web/weather/ic-w-11-night-few-clouds-full.svg,Đà Nẵng,-0.6430407023483716,0,-1.2143113588556296,0
2025-06-16 05:00:00+07:00,33.0,5.5,83.0,/dl/web/weather/ic-w-10-night-clear-sky-full.svg,Đà Nẵng,-0.6430407023483716,0,-0.5059653797425765,0
2025-06-16 06:00:00+07:00,53.0,3.7,89.0,/dl/web/weather/ic-w-01-clear-sky-full.svg,Đà Nẵng,0.040575764993797815,0,-0.8505661263381158,0
2025-06-16 07:00:00+07:00,44.0,3.7,89.0,/dl/web/weather/ic-w-01-clear-sky-full.svg,Đà Nẵng,-0.26705164531017844,0,-0.8505661263381158,0
2025-06-16 08:00:00+07:00,39.0,3.7,79.0,/dl/web/weather/ic-w-01-clear-sky-full.svg,Đà Nẵng,-0.4379557621457208,0,-0.8505661263381158,0
2025-06-16 09:00:00+07:00,33.0,0.0,66.0,/dl/web/weather/ic-w-01-clear-sky-full.svg,Đà Nẵng,-0.6430407023483716,0,-1.5589121054511688,0
2025-06-16 10:00:00+07:00,22.0,5.5,58.0,/dl/web/weather/ic-w-01-clear-sky-full.svg,Đà Nẵng,-1.0190297593865647,0,-0.5059653797425765,0
2025-06-16 11:00:00+07:00,22.0,14.8,52.0,/dl/web/weather/ic-w-01-clear-sky-full.svg,Đà Nẵng,-1.0190297593865647,0,1.2744718110010431,0
2025-06-16 12:00:00+07:00,22.0,11.1,49.0,/dl/web/weather/ic-w-02-new-clouds-full.svg,Đà Nẵng,-1.0190297593865647,0,0.5661258318879899,0
2025-06-16 13:00:00+07:00,22.0,7.4,59.0,/dl/web/weather/ic-w-02-new-clouds-full.svg,Đà Nẵng,-1.0190297593865647,0,-0.14222014722506282,0
2025-06-16 14:00:00+07:00,33.0,14.8,62.0,/dl/web/weather/ic-w-02-new-clouds-full.svg,Đà Nẵng,-0.6430407023483716,0,1.2744718110010431,0
2025-06-16 15:00:00+07:00,44.0,14.8,66.0,/dl/web/weather/ic-w-02-new-clouds-full.svg,Đà Nẵng,-0.26705164531017844,0,1.2744718110010431,0
2025-06-16 16:00:00+07:00,36.0,13.0,70.0,/dl/web/weather/ic-w-02-new-clouds-full.svg,Đà Nẵng,-0.5404982322470462,0,0.9298710644055037,0
2025-06-16 17:00:00+07:00,33.0,13.0,70.0,/dl/web/weather/ic-w-02-new-clouds-full.svg,Đà Nẵng,-0.6430407023483716,0,0.9298710644055037,0
2025-06-16 18:00:00+07:00,44.0,13.0,74.0,/dl/web/weather/ic-w-02-new-clouds-full.svg,Đà Nẵng,-0.26705164531017844,0,0.9298710644055037,0
2025-06-16 19:00:00+07:00,44.0,9.2,79.0,/dl/web/weather/ic-w-04-scattered-clouds-full.svg,Đà Nẵng,-0.26705164531017844,0,0.20238059937047623,0
2025-06-16 20:00:00+07:00,47.0,1.8,74.0,/dl/web/weather/ic-w-11-night-few-clouds-full.svg,Đà Nẵng,-0.164509175208853,0,-1.2143113588556296,0
2025-06-17 04:00:00+07:00,28.0,7.4,89.0,/dl/web/weather/ic-w-11-night-few-clouds-full.svg,Đà Nẵng,-0.8139448191839139,0,-0.14222014722506282,0
2025-06-17 05:00:00+07:00,24.0,7.4,89.0,/dl/web/weather/ic-w-11-night-few-clouds-full.svg,Đà Nẵng,-0.9506681126523479,0,-0.14222014722506282,0
2025-06-17 06:00:00+07:00,28.0,7.4,89.0,/dl/web/weather/ic-w-02-new-clouds-full.svg,Đà Nẵng,-0.8139448191839139,0,-0.14222014722506282,0
2025-06-17 07:00:00+07:00,33.0,9.2,89.0,/dl/web/weather/ic-w-02-new-clouds-full.svg,Đà Nẵng,-0.6430407023483716,0,0.20238059937047623,0
2025-06-17 08:00:00+07:00,27.0,3.7,79.0,/dl/web/weather/ic-w-02-new-clouds-full.svg,Đà Nẵng,-0.8481256425510224,0,-0.8505661263381158,0
2025-06-17 09:00:00+07:00,44.0,9.2,70.0,/dl/web/weather/ic-w-04-scattered-clouds-full.svg,Đà Nẵng,-0.26705164531017844,0,0.20238059937047623,0
2025-06-17 10:00:00+07:00,28.0,9.1,66.0,/dl/web/weather/ic-w-04-scattered-clouds-full.svg,Đà Nẵng,-0.8139448191839139,0,0.18323611344850188,0
2025-06-17 11:00:00+07:00,46.0,11.3,65.0,/dl/web/weather/ic-w-04-scattered-clouds-full.svg,Đà Nẵng,-0.19868999857596148,0,0.604414803731939,0
2025-06-17 12:00:00+07:00,44.0,13.0,66.0,/dl/web/weather/ic-w-02-new-clouds-full.svg,Đà Nẵng,-0.26705164531017844,0,0.9298710644055037,0
2025-06-17 13:00:00+07:00,44.0,11.1,66.0,/dl/web/weather/ic-w-02-new-clouds-full.svg,Đà Nẵng,-0.26705164531017844,0,0.5661258318879899,0
2025-06-17 14:00:00+07:00,56.0,14.8,70.0,/dl/web/weather/ic-w-02-new-clouds-full.svg,Đà Nẵng,0.14311823509512323,0,1.2744718110010431,0
2025-06-17 15:00:00+07:00,56.0,14.8,74.0,/dl/web/weather/ic-w-02-new-clouds-full.svg,Đà Nẵng,0.14311823509512323,0,1.2744718110010431,0
2025-06-17 16:00:00+07:00,62.0,13.0,74.0,/dl/web/weather/ic-w-02-new-clouds-full.svg,Đà Nẵng,0.34820317529777406,0,0.9298710644055037,0
2025-06-17 17:00:00+07:00,62.0,11.1,74.0,/dl/web/weather/ic-w-02-new-clouds-full.svg,Đà Nẵng,0.34820317529777406,0,0.5661258318879899,0
2025-06-17 18:00:00+07:00,62.0,11.1,74.0,/dl/web/weather/ic-w-02-new-clouds-full.svg,Đà Nẵng,0.34820317529777406,0,0.5661258318879899,0
2025-06-17 19:00:00+07:00,62.0,7.4,79.0,/dl/web/weather/ic-w-11-night-few-clouds-full.svg,Đà Nẵng,0.34820317529777406,0,-0.14222014722506282,0
2025-06-17 20:00:00+07:00,64.0,5.5,89.0,/dl/web/weather/ic-w-11-night-few-clouds-full.svg,Đà Nẵng,0.416564822031991,0,-0.5059653797425765,0
2025-06-17 22:00:00+07:00,64.0,9.2,78.0,/dl/web/weather/ic-w-11-night-few-clouds-full.svg,Đà Nẵng,0.416564822031991,0,0.20238059937047623,0
2025-06-17 23:00:00+07:00,64.0,11.1,78.0,/dl/web/weather/ic-w-04-scattered-clouds-full.svg,Đà Nẵng,0.416564822031991,0,0.5661258318879899,0
2025-06-18 00:00:00+07:00,19.0,11.1,78.0,/dl/web/weather/ic-w-04-scattered-clouds-full.svg,Đà Nẵng,-1.1215722294878903,0,0.5661258318879899,0
2025-06-18 03:00:00+07:00,19.0,5.5,94.0,/dl/web/weather/ic-w-12-night-rain-full.svg,Đà Nẵng,-1.1215722294878903,0,-0.5059653797425765,0
2025-06-18 04:00:00+07:00,31.0,3.7,94.0,/dl/web/weather/ic-w-04-scattered-clouds-full.svg,Đà Nẵng,-0.7114023490825886,0,-0.8505661263381158,0
2025-06-18 05:00:00+07:00,22.0,5.5,94.0,/dl/web/weather/ic-w-11-night-few-clouds-full.svg,Đà Nẵng,-1.0190297593865647,0,-0.5059653797425765,0
2025-06-18 06:00:00+07:00,44.0,5.5,94.0,/dl/web/weather/ic-w-11-night-few-clouds-full.svg,Đà Nẵng,-0.26705164531017844,0,-0.5059653797425765,0
2025-06-18 07:00:00+07:00,33.0,7.4,89.0,/dl/web/weather/ic-w-02-new-clouds-full.svg,Đà Nẵng,-0.6430407023483716,0,-0.14222014722506282,0
2025-06-18 08:00:00+07:00,33.0,13.0,78.0,/dl/web/weather/ic-w-02-new-clouds-full.svg,Đà Nẵng,-0.6430407023483716,0,0.9298710644055037,0
2025-06-18 09:00:00+07:00,22.0,9.2,70.0,/dl/web/weather/ic-w-02-new-clouds-full.svg,Đà Nẵng,-1.0190297593865647,0,0.20238059937047623,0
2025-06-18 11:00:00+07:00,39.0,7.4,62.0,/dl/web/weather/ic-w-02-new-clouds-full.svg,Đà Nẵng,-0.4379557621457208,0,-0.14222014722506282,0
2025-06-18 12:00:00+07:00,39.0,9.2,66.0,/dl/web/weather/ic-w-02-new-clouds-full.svg,Đà Nẵng,-0.4379557621457208,0,0.20238059937047623,0
2025-06-18 13:00:00+07:00,39.0,11.1,66.0,/dl/web/weather/ic-w-02-new-clouds-full.svg,Đà Nẵng,-0.4379557621457208,0,0.5661258318879899,0
2025-06-18 14:00:00+07:00,33.0,13.0,66.0,/dl/web/weather/ic-w-02-new-clouds-full.svg,Đà Nẵng,-0.6430407023483716,0,0.9298710644055037,0
2025-06-18 15:00:00+07:00,44.0,14.8,70.0,/dl/web/weather/ic-w-02-new-clouds-full.svg,Đà Nẵng,-0.26705164531017844,0,1.2744718110010431,0
2025-06-18 16:00:00+07:00,55.0,16.7,74.0,/dl/web/weather/ic-w-02-new-clouds-full.svg,Đà Nẵng,0.10893741172801476,0,1.6382170435185563,0
2025-06-18 17:00:00+07:00,56.0,14.8,79.0,/dl/web/weather/ic-w-04-scattered-clouds-full.svg,Đà Nẵng,0.14311823509512323,0,1.2744718110010431,0
2025-06-18 18:00:00+07:00,55.0,14.8,79.0,/dl/web/weather/ic-w-04-scattered-clouds-full.svg,Đà Nẵng,0.10893741172801476,0,1.2744718110010431,0
2025-06-18 19:00:00+07:00,53.0,7.4,79.0,/dl/web/weather/ic-w-11-night-few-clouds-full.svg,Đà Nẵng,0.040575764993797815,0,-0.14222014722506282,0
2025-06-18 20:00:00+07:00,60.0,3.7,89.0,/dl/web/weather/ic-w-11-night-few-clouds-full.svg,Đà Nẵng,0.2798415285635571,0,-0.8505661263381158,0
2025-06-18 22:00:00+07:00,60.0,5.5,79.0,/dl/web/weather/ic-w-11-night-few-clouds-full.svg,Đà Nẵng,0.2798415285635571,0,-0.5059653797425765,0
2025-06-18 23:00:00+07:00,56.0,5.5,79.0,/dl/web/weather/ic-w-11-night-few-clouds-full.svg,Đà Nẵng,0.14311823509512323,0,-0.5059653797425765,0
2025-06-19 00:00:00+07:00,44.0,5.5,89.0,/dl/web/weather/ic-w-11-night-few-clouds-full.svg,Đà Nẵng,-0.26705164531017844,0,-0.5059653797425765,0
2025-06-19 01:00:00+07:00,48.0,5.5,89.0,/dl/web/weather/ic-w-11-night-few-clouds-full.svg,Đà Nẵng,-0.13032835184174454,0,-0.5059653797425765,0
2025-06-19 02:00:00+07:00,48.0,5.5,89.0,/dl/web/weather/ic-w-11-night-few-clouds-full.svg,Đà Nẵng,-0.13032835184174454,0,-0.5059653797425765,0
2025-06-19 03:00:00+07:00,33.0,3.7,94.0,/dl/web/weather/ic-w-11-night-few-clouds-full.svg,Đà Nẵng,-0.6430407023483716,0,-0.8505661263381158,0
2025-06-19 04:00:00+07:00,33.0,3.7,94.0,/dl/web/weather/ic-w-11-night-few-clouds-full.svg,Đà Nẵng,-0.6430407023483716,0,-0.8505661263381158,0
2025-06-19 05:00:00+07:00,33.0,5.5,94.0,/dl/web/weather/ic-w-11-night-few-clouds-full.svg,Đà Nẵng,-0.6430407023483716,0,-0.5059653797425765,0
2025-06-19 06:00:00+07:00,39.0,5.5,88.0,/dl/web/weather/ic-w-01-clear-sky-full.svg,Đà Nẵng,-0.4379557621457208,0,-0.5059653797425765,0
2025-06-19 07:00:00+07:00,33.0,7.4,89.0,/dl/web/weather/ic-w-01-clear-sky-full.svg,Đà Nẵng,-0.6430407023483716,0,-0.14222014722506282,0
2025-06-19 08:00:00+07:00,39.0,1.8,74.0,/dl/web/weather/ic-w-01-clear-sky-full.svg,Đà Nẵng,-0.4379557621457208,0,-1.2143113588556296,0
2025-06-19 09:00:00+07:00,39.0,1.8,70.0,/dl/web/weather/ic-w-01-clear-sky-full.svg,Đà Nẵng,-0.4379557621457208,0,-1.2143113588556296,0
2025-06-19 10:00:00+07:00,54.0,1.8,62.0,/dl/web/weather/ic-w-01-clear-sky-full.svg,Đà Nẵng,0.07475658836090629,0,-1.2143113588556296,0
2025-06-19 11:00:00+07:00,54.0,11.1,70.0,/dl/web/weather/ic-w-02-new-clouds-full.svg,Đà Nẵng,0.07475658836090629,0,0.5661258318879899,0
2025-06-19 12:00:00+07:00,55.0,7.4,66.0,/dl/web/weather/ic-w-02-new-clouds-full.svg,Đà Nẵng,0.10893741172801476,0,-0.14222014722506282,0
2025-06-19 13:00:00+07:00,55.0,9.2,62.0,/dl/web/weather/ic-w-02-new-clouds-full.svg,Đà Nẵng,0.10893741172801476,0,0.20238059937047623,0
2025-06-19 14:00:00+07:00,52.0,11.1,66.0,/dl/web/weather/ic-w-02-new-clouds-full.svg,Đà Nẵng,0.006394941626689343,0,0.5661258318879899,0
2025-06-19 15:00:00+07:00,50.0,13.0,66.0,/dl/web/weather/ic-w-02-new-clouds-full.svg,Đà Nẵng,-0.0619667051075276,0,0.9298710644055037,0
2025-06-19 16:00:00+07:00,55.0,14.8,74.0,/dl/web/weather/ic-w-02-new-clouds-full.svg,Đà Nẵng,0.10893741172801476,0,1.2744718110010431,0
2025-06-19 17:00:00+07:00,55.0,14.8,70.0,/dl/web/weather/ic-w-02-new-clouds-full.svg,Đà Nẵng,0.10893741172801476,0,1.2744718110010431,0
2025-06-19 18:00:00+07:00,53.0,11.1,74.0,/dl/web/weather/ic-w-02-new-clouds-full.svg,Đà Nẵng,0.040575764993797815,0,0.5661258318879899,0
2025-06-19 19:00:00+07:00,50.0,7.4,79.0,/dl/web/weather/ic-w-11-night-few-clouds-full.svg,Đà Nẵng,-0.0619667051075276,0,-0.14222014722506282,0
2025-06-19 20:00:00+07:00,39.0,5.5,84.0,/dl/web/weather/ic-w-11-night-few-clouds-full.svg,Đà Nẵng,-0.4379557621457208,0,-0.5059653797425765,0
2025-06-19 21:00:00+07:00,39.0,5.5,84.0,/dl/web/weather/ic-w-11-night-few-clouds-full.svg,Đà Nẵng,-0.4379557621457208,0,-0.5059653797425765,0
2025-06-19 22:00:00+07:00,44.0,5.5,84.0,/dl/web/weather/ic-w-04-scattered-clouds-full.svg,Đà Nẵng,-0.26705164531017844,0,-0.5059653797425765,0
2025-06-20 00:00:00+07:00,50.0,5.5,83.0,/dl/web/weather/ic-w-04-scattered-clouds-full.svg,Đà Nẵng,-0.0619667051075276,0,-0.5059653797425765,0
2025-06-20 01:00:00+07:00,50.0,7.4,83.0,/dl/web/weather/ic-w-11-night-few-clouds-full.svg,Đà Nẵng,-0.0619667051075276,0,-0.14222014722506282,0
2025-06-20 02:00:00+07:00,42.0,7.4,83.0,/dl/web/weather/ic-w-11-night-few-clouds-full.svg,Đà Nẵng,-0.33541329204439535,0,-0.14222014722506282,0
2025-06-20 03:00:00+07:00,28.0,7.4,89.0,/dl/web/weather/ic-w-11-night-few-clouds-full.svg,Đà Nẵng,-0.8139448191839139,0,-0.14222014722506282,0
2025-06-20 04:00:00+07:00,39.0,5.5,89.0,/dl/web/weather/ic-w-11-night-few-clouds-full.svg,Đà Nẵng,-0.4379557621457208,0,-0.5059653797425765,0
2025-06-20 05:00:00+07:00,39.0,5.5,89.0,/dl/web/weather/ic-w-11-night-few-clouds-full.svg,Đà Nẵng,-0.4379557621457208,0,-0.5059653797425765,0
2025-06-20 06:00:00+07:00,33.0,7.4,83.0,/dl/web/weather/ic-w-02-new-clouds-full.svg,Đà Nẵng,-0.6430407023483716,0,-0.14222014722506282,0
2025-06-20 07:00:00+07:00,39.0,13.0,83.0,/dl/web/weather/ic-w-02-new-clouds-full.svg,Đà Nẵng,-0.4379557621457208,0,0.9298710644055037,0
2025-06-20 08:00:00+07:00,55.0,9.2,78.0,/dl/web/weather/ic-w-02-new-clouds-full.svg,Đà Nẵng,0.10893741172801476,0,0.20238059937047623,0
2025-06-20 09:00:00+07:00,33.0,7.7,70.0,/dl/web/weather/ic-w-04-scattered-clouds-full.svg,Đà Nẵng,-0.6430407023483716,0,-0.08478668945913964,0
2025-06-20 10:00:00+07:00,44.0,6.1,63.0,/dl/web/weather/ic-w-04-scattered-clouds-full.svg,Đà Nẵng,-0.26705164531017844,0,-0.3910984642107302,0
2025-06-20 11:00:00+07:00,44.0,10.8,69.0,/dl/web/weather/ic-w-04-scattered-clouds-full.svg,Đà Nẵng,-0.26705164531017844,0,0.5086923741220669,0
2025-06-20 12:00:00+07:00,56.0,12.2,63.0,/dl/web/weather/ic-w-04-scattered-clouds-full.svg,Đà Nẵng,0.14311823509512323,0,0.7767151770297083,0
2025-06-20 13:00:00+07:00,56.0,14.0,70.0,/dl/web/weather/ic-w-04-scattered-clouds-full.svg,Đà Nẵng,0.14311823509512323,0,1.1213159236252477,0
2025-06-20 14:00:00+07:00,60.0,14.8,70.0,/dl/web/weather/ic-w-04-scattered-clouds-full.svg,Đà Nẵng,0.2798415285635571,0,1.2744718110010431,0
2025-06-20 15:00:00+07:00,62.0,14.0,71.0,/dl/web/weather/ic-w-04-scattered-clouds-full.svg,Đà Nẵng,0.34820317529777406,0,1.1213159236252477,0
2025-06-20 16:00:00+07:00,62.0,14.0,71.0,/dl/web/weather/ic-w-04-scattered-clouds-full.svg,Đà Nẵng,0.34820317529777406,0,1.1213159236252477,0
2025-06-20 17:00:00+07:00,56.0,10.5,72.0,/dl/web/weather/ic-w-04-scattered-clouds-full.svg,Đà Nẵng,0.14311823509512323,0,0.4512589163561436,0
2025-06-20 18:00:00+07:00,56.0,10.5,75.0,/dl/web/weather/ic-w-04-scattered-clouds-full.svg,Đà Nẵng,0.14311823509512323,0,0.4512589163561436,0
2025-06-20 19:00:00+07:00,58.0,8.2,81.0,/dl/web/weather/ic-w-04-scattered-clouds-full.svg,Đà Nẵng,0.21147988182934016,0,0.010935740150732199,0
2025-06-20 20:00:00+07:00,66.0,10.8,76.0,/dl/web/weather/ic-w-04-scattered-clouds-full.svg,Đà Nẵng,0.48492646876620793,0,0.5086923741220669,0
2025-06-20 21:00:00+07:00,66.0,9.7,83.0,/dl/web/weather/ic-w-04-scattered-clouds-full.svg,Đà Nẵng,0.48492646876620793,0,0.29810302898034824,0
2025-06-20 22:00:00+07:00,50.0,8.5,89.0,/dl/web/weather/ic-w-04-scattered-clouds-full.svg,Đà Nẵng,-0.0619667051075276,0,0.06836919791665555,0
2025-06-20 23:00:00+07:00,50.0,4.0,84.0,/dl/web/weather/ic-w-04-scattered-clouds-full.svg,Đà Nẵng,-0.0619667051075276,0,-0.7931326685721926,0
2025-06-21 00:00:00+07:00,39.0,4.0,84.0,/dl/web/weather/ic-w-04-scattered-clouds-full.svg,Đà Nẵng,-0.4379557621457208,0,-0.7931326685721926,0
2025-06-21 02:00:00+07:00,33.0,6.8,90.0,/dl/web/weather/ic-w-04-scattered-clouds-full.svg,Đà Nẵng,-0.6430407023483716,0,-0.25708706275690935,0
2025-06-21 03:00:00+07:00,33.0,10.3,93.0,/dl/web/weather/ic-w-04-scattered-clouds-full.svg,Đà Nẵng,-0.6430407023483716,0,0.41296994451219493,0
2025-06-21 04:00:00+07:00,42.0,10.3,93.0,/dl/web/weather/ic-w-04-scattered-clouds-full.svg,Đà Nẵng,-0.33541329204439535,0,0.41296994451219493,0
2025-06-21 05:00:00+07:00,42.0,8.5,89.0,/dl/web/weather/ic-w-04-scattered-clouds-full.svg,Đà Nẵng,-0.33541329204439535,0,0.06836919791665555,0
2025-06-21 06:00:00+07:00,33.0,8.7,89.0,/dl/web/weather/ic-w-04-scattered-clouds-full.svg,Đà Nẵng,-0.6430407023483716,0,0.10665816976060422,0
2025-06-21 07:00:00+07:00,55.0,8.5,84.0,/dl/web/weather/ic-w-04-scattered-clouds-full.svg,Đà Nẵng,0.10893741172801476,0,0.06836919791665555,0
2025-06-21 08:00:00+07:00,55.0,8.2,78.0,/dl/web/weather/ic-w-04-scattered-clouds-full.svg,Đà Nẵng,0.10893741172801476,0,0.010935740150732199,0
2025-06-21 09:00:00+07:00,53.0,8.5,70.0,/dl/web/weather/ic-w-04-scattered-clouds-full.svg,Đà Nẵng,0.040575764993797815,0,0.06836919791665555,0
2025-06-21 10:00:00+07:00,58.0,10.5,66.0,/dl/web/weather/ic-w-04-scattered-clouds-full.svg,Đà Nẵng,0.21147988182934016,0,0.4512589163561436,0
2025-06-21 11:00:00+07:00,58.0,9.7,66.0,/dl/web/weather/ic-w-04-scattered-clouds-full.svg,Đà Nẵng,0.21147988182934016,0,0.29810302898034824,0
2025-06-21 12:00:00+07:00,63.0,9.7,66.0,/dl/web/weather/ic-w-04-scattered-clouds-full.svg,Đà Nẵng,0.38238399866488254,0,0.29810302898034824,0
2025-06-21 13:00:00+07:00,60.0,14.2,71.0,/dl/web/weather/ic-w-04-scattered-clouds-full.svg,Đà Nẵng,0.2798415285635571,0,1.1596048954691964,0
2025-06-21 14:00:00+07:00,55.0,14.2,71.0,/dl/web/weather/ic-w-04-scattered-clouds-full.svg,Đà Nẵng,0.10893741172801476,0,1.1596048954691964,0
2025-06-21 15:00:00+07:00,53.0,13.4,74.0,/dl/web/weather/ic-w-04-scattered-clouds-full.svg,Đà Nẵng,0.040575764993797815,0,1.0064490080934014,0
2025-06-21 16:00:00+07:00,53.0,13.4,74.0,/dl/web/weather/ic-w-04-scattered-clouds-full.svg,Đà Nẵng,0.040575764993797815,0,1.0064490080934014,0
2025-06-21 17:00:00+07:00,53.0,10.5,71.0,/dl/web/weather/ic-w-04-scattered-clouds-full.svg,Đà Nẵng,0.040575764993797815,0,0.4512589163561436,0
2025-06-21 18:00:00+07:00,58.0,6.4,80.0,/dl/web/weather/ic-w-04-scattered-clouds-full.svg,Đà Nẵng,0.21147988182934016,0,-0.33366500644480684,0
2025-06-21 19:00:00+07:00,58.0,4.5,83.0,/dl/web/weather/ic-w-04-scattered-clouds-full.svg,Đà Nẵng,0.21147988182934016,0,-0.6974102389623206,0
2025-06-21 20:00:00+07:00,56.0,6.0,84.0,/dl/web/weather/ic-w-04-scattered-clouds-full.svg,Đà Nẵng,0.14311823509512323,0,-0.4102429501327045,0
2025-06-21 21:00:00+07:00,56.0,6.0,84.0,/dl/web/weather/ic-w-04-scattered-clouds-full.svg,Đà Nẵng,0.14311823509512323,0,-0.4102429501327045,0
2025-06-21 22:00:00+07:00,56.0,6.9,80.0,/dl/web/weather/ic-w-04-scattered-clouds-full.svg,Đà Nẵng,0.14311823509512323,0,-0.23794257683493483,0
2025-06-21 23:00:00+07:00,55.0,6.1,84.0,/dl/web/weather/ic-w-04-scattered-clouds-full.svg,Đà Nẵng,0.10893741172801476,0,-0.3910984642107302,0
2025-06-22 00:00:00+07:00,55.0,6.1,84.0,/dl/web/weather/ic-w-04-scattered-clouds-full.svg,Đà Nẵng,0.10893741172801476,0,-0.3910984642107302,0
2025-06-22 01:00:00+07:00,50.0,4.7,86.0,/dl/web/weather/ic-w-04-scattered-clouds-full.svg,Đà Nẵng,-0.0619667051075276,0,-0.6591212671183717,0
2025-06-22 02:00:00+07:00,47.0,4.6,86.0,/dl/web/weather/ic-w-04-scattered-clouds-full.svg,Đà Nẵng,-0.164509175208853,0,-0.6782657530403462,0
2025-06-22 03:00:00+07:00,51.0,8.7,89.0,/dl/web/weather/ic-w-04-scattered-clouds-full.svg,Đà Nẵng,-0.027785881740419127,0,0.10665816976060422,0
2025-06-22 04:00:00+07:00,52.0,8.7,89.0,/dl/web/weather/ic-w-04-scattered-clouds-full.svg,Đà Nẵng,0.006394941626689343,0,0.10665816976060422,0
2025-06-22 05:00:00+07:00,53.0,8.2,89.0,/dl/web/weather/ic-w-04-scattered-clouds-full.svg,Đà Nẵng,0.040575764993797815,0,0.010935740150732199,0
2025-06-22 06:00:00+07:00,60.0,8.3,89.0,/dl/web/weather/ic-w-04-scattered-clouds-full.svg,Đà Nẵng,0.2798415285635571,0,0.030080226072706873,0
2025-06-22 07:00:00+07:00,62.0,6.8,88.0,/dl/web/weather/ic-w-04-scattered-clouds-full.svg,Đà Nẵng,0.34820317529777406,0,-0.25708706275690935,0
2025-06-22 08:00:00+07:00,55.0,7.4,79.0,/dl/web/weather/ic-w-04-scattered-clouds-full.svg,Đà Nẵng,0.10893741172801476,0,-0.14222014722506282,0
2025-06-22 09:00:00+07:00,55.0,7.4,74.0,/dl/web/weather/ic-w-04-scattered-clouds-full.svg,Đà Nẵng,0.10893741172801476,0,-0.14222014722506282,0
2025-06-22 10:00:00+07:00,59.0,8.2,73.0,/dl/web/weather/ic-w-04-scattered-clouds-full.svg,Đà Nẵng,0.24566070519644864,0,0.010935740150732199,0
2025-06-22 11:00:00+07:00,59.0,11.3,66.0,/dl/web/weather/ic-w-04-scattered-clouds-full.svg,Đà Nẵng,0.24566070519644864,0,0.604414803731939,0
2025-06-22 12:00:00+07:00,58.0,14.3,70.0,/dl/web/weather/ic-w-04-scattered-clouds-full.svg,Đà Nẵng,0.21147988182934016,0,1.1787493813911711,0
2025-06-22 13:00:00+07:00,53.0,16.9,73.0,/dl/web/weather/ic-w-04-scattered-clouds-full.svg,Đà Nẵng,0.040575764993797815,0,1.676506015362505,0
2025-06-22 14:00:00+07:00,52.0,16.9,73.0,/dl/web/weather/ic-w-04-scattered-clouds-full.svg,Đà Nẵng,0.006394941626689343,0,1.676506015362505,0
2025-06-22 15:00:00+07:00,47.0,13.0,64.0,/dl/web/weather/ic-w-04-scattered-clouds-full.svg,Đà Nẵng,-0.164509175208853,0,0.9298710644055037,0
2025-06-22 16:00:00+07:00,47.0,12.1,74.0,/dl/web/weather/ic-w-04-scattered-clouds-full.svg,Đà Nẵng,-0.164509175208853,0,0.757570691107734,0
2025-06-22 17:00:00+07:00,39.0,11.4,79.0,/dl/web/weather/ic-w-04-scattered-clouds-full.svg,Đà Nẵng,-0.4379557621457208,0,0.6235592896539133,0
2025-06-22 18:00:00+07:00,39.0,11.4,79.0,/dl/web/weather/ic-w-04-scattered-clouds-full.svg,Đà Nẵng,-0.4379557621457208,0,0.6235592896539133,0
2025-06-22 19:00:00+07:00,39.0,8.2,79.0,/dl/web/weather/ic-w-04-scattered-clouds-full.svg,Đà Nẵng,-0.4379557621457208,0,0.010935740150732199,0
2025-06-22 20:00:00+07:00,39.0,7.1,84.0,/dl/web/weather/ic-w-04-scattered-clouds-full.svg,Đà Nẵng,-0.4379557621457208,0,-0.19965360499098617,0
2025-06-22 21:00:00+07:00,39.0,7.1,84.0,/dl/web/weather/ic-w-04-scattered-clouds-full.svg,Đà Nẵng,-0.4379557621457208,0,-0.19965360499098617,0
2025-06-22 22:00:00+07:00,50.0,6.0,85.0,/dl/web/weather/ic-w-04-scattered-clouds-full.svg,Đà Nẵng,-0.0619667051075276,0,-0.4102429501327045,0
2025-06-22 23:00:00+07:00,53.0,6.0,86.0,/dl/web/weather/ic-w-04-scattered-clouds-full.svg,Đà Nẵng,0.040575764993797815,0,-0.4102429501327045,0
2025-06-23 00:00:00+07:00,53.0,6.3,84.0,/dl/web/weather/ic-w-04-scattered-clouds-full.svg,Đà Nẵng,0.040575764993797815,0,-0.35280949236678133,0
2025-06-23 01:00:00+07:00,33.0,7.2,83.0,/dl/web/weather/ic-w-04-scattered-clouds-full.svg,Đà Nẵng,-0.6430407023483716,0,-0.18050911906901165,0
2025-06-23 02:00:00+07:00,37.0,7.2,88.0,/dl/web/weather/ic-w-04-scattered-clouds-full.svg,Đà Nẵng,-0.5063174088799377,0,-0.18050911906901165,0
2025-06-23 03:00:00+07:00,32.0,7.2,88.0,/dl/web/weather/ic-w-04-scattered-clouds-full.svg,Đà Nẵng,-0.6772215257154801,0,-0.18050911906901165,0
2025-06-23 04:00:00+07:00,39.0,7.6,84.0,/dl/web/weather/ic-w-04-scattered-clouds-full.svg,Đà Nẵng,-0.4379557621457208,0,-0.10393117538111415,0
2025-06-23 05:00:00+07:00,39.0,8.7,93.0,/dl/web/weather/ic-w-04-scattered-clouds-full.svg,Đà Nẵng,-0.4379557621457208,0,0.10665816976060422,0
2025-06-23 06:00:00+07:00,39.0,7.9,93.0,/dl/web/weather/ic-w-04-scattered-clouds-full.svg,Đà Nẵng,-0.4379557621457208,0,-0.0464977176151908,0
2025-06-23 07:00:00+07:00,44.0,7.2,84.0,/dl/web/weather/ic-w-04-scattered-clouds-full.svg,Đà Nẵng,-0.26705164531017844,0,-0.18050911906901165,0
2025-06-23 08:00:00+07:00,53.0,4.3,77.0,/dl/web/weather/ic-w-04-scattered-clouds-full.svg,Đà Nẵng,0.040575764993797815,0,-0.7356992108062694,0
2025-06-23 09:00:00+07:00,53.0,1.8,66.0,/dl/web/weather/ic-w-04-scattered-clouds-full.svg,Đà Nẵng,0.040575764993797815,0,-1.2143113588556296,0
2025-06-23 10:00:00+07:00,64.0,5.1,66.0,/dl/web/weather/ic-w-04-scattered-clouds-full.svg,Đà Nẵng,0.416564822031991,0,-0.5825433234304742,0
2025-06-23 11:00:00+07:00,58.0,9.3,63.0,/dl/web/weather/ic-w-04-scattered-clouds-full.svg,Đà Nẵng,0.21147988182934016,0,0.2215250852924509,0
2025-06-23 12:00:00+07:00,58.0,10.9,63.0,/dl/web/weather/ic-w-04-scattered-clouds-full.svg,Đà Nẵng,0.21147988182934016,0,0.5278368600440413,0
2025-06-23 13:00:00+07:00,55.0,12.1,67.0,/dl/web/weather/ic-w-04-scattered-clouds-full.svg,Đà Nẵng,0.10893741172801476,0,0.757570691107734,0
2025-06-23 14:00:00+07:00,50.0,11.4,56.0,/dl/web/weather/ic-w-04-scattered-clouds-full.svg,Đà Nẵng,-0.0619667051075276,0,0.6235592896539133,0
2025-06-23 15:00:00+07:00,47.0,11.5,56.0,/dl/web/weather/ic-w-04-scattered-clouds-full.svg,Đà Nẵng,-0.164509175208853,0,0.6427037755758876,0
2025-06-23 16:00:00+07:00,39.0,11.3,61.0,/dl/web/weather/ic-w-04-scattered-clouds-full.svg,Đà Nẵng,-0.4379557621457208,0,0.604414803731939,0
2025-06-23 17:00:00+07:00,39.0,9.2,71.0,/dl/web/weather/ic-w-04-scattered-clouds-full.svg,Đà Nẵng,-0.4379557621457208,0,0.20238059937047623,0
2025-06-23 18:00:00+07:00,39.0,7.6,75.0,/dl/web/weather/ic-w-04-scattered-clouds-full.svg,Đà Nẵng,-0.4379557621457208,0,-0.10393117538111415,0
2025-06-23 19:00:00+07:00,33.0,6.1,79.0,/dl/web/weather/ic-w-04-scattered-clouds-full.svg,Đà Nẵng,-0.6430407023483716,0,-0.3910984642107302,0
2025-06-23 20:00:00+07:00,43.0,4.5,80.0,/dl/web/weather/ic-w-04-scattered-clouds-full.svg,Đà Nẵng,-0.30123246867728687,0,-0.6974102389623206,0
2025-06-23 21:00:00+07:00,44.0,6.1,80.0,/dl/web/weather/ic-w-04-scattered-clouds-full.svg,Đà Nẵng,-0.26705164531017844,0,-0.3910984642107302,0
2025-06-23 22:00:00+07:00,44.0,8.4,83.0,/dl/web/weather/ic-w-04-scattered-clouds-full.svg,Đà Nẵng,-0.26705164531017844,0,0.04922471199468121,0
2025-06-23 23:00:00+07:00,53.0,8.2,83.0,/dl/web/weather/ic-w-04-scattered-clouds-full.svg,Đà Nẵng,0.040575764993797815,0,0.010935740150732199,0
2025-06-24 00:00:00+07:00,53.0,7.9,84.0,/dl/web/weather/ic-w-04-scattered-clouds-full.svg,Đà Nẵng,0.040575764993797815,0,-0.0464977176151908,0
2025-06-24 01:00:00+07:00,55.0,7.2,85.0,/dl/web/weather/ic-w-04-scattered-clouds-full.svg,Đà Nẵng,0.10893741172801476,0,-0.18050911906901165,0
2025-06-24 02:00:00+07:00,50.0,8.5,88.0,/dl/web/weather/ic-w-04-scattered-clouds-full.svg,Đà Nẵng,-0.0619667051075276,0,0.06836919791665555,0
2025-06-24 03:00:00+07:00,51.0,8.5,89.0,/dl/web/weather/ic-w-04-scattered-clouds-full.svg,Đà Nẵng,-0.027785881740419127,0,0.06836919791665555,0
2025-06-24 04:00:00+07:00,39.0,8.5,89.0,/dl/web/weather/ic-w-04-scattered-clouds-full.svg,Đà Nẵng,-0.4379557621457208,0,0.06836919791665555,0
2025-06-24 05:00:00+07:00,44.0,8.0,89.0,/dl/web/weather/ic-w-04-scattered-clouds-full.svg,Đà Nẵng,-0.26705164531017844,0,-0.02735323169321647,0
2025-06-24 06:00:00+07:00,44.0,8.0,93.0,/dl/web/weather/ic-w-04-scattered-clouds-full.svg,Đà Nẵng,-0.26705164531017844,0,-0.02735323169321647,0
2025-06-24 07:00:00+07:00,41.0,7.6,84.0,/dl/web/weather/ic-w-04-scattered-clouds-full.svg,Đà Nẵng,-0.36959411541150383,0,-0.10393117538111415,0
2025-06-24 08:00:00+07:00,42.0,6.4,74.0,/dl/web/weather/ic-w-04-scattered-clouds-full.svg,Đà Nẵng,-0.33541329204439535,0,-0.33366500644480684,0
2025-06-24 09:00:00+07:00,42.0,3.2,70.0,/dl/web/weather/ic-w-04-scattered-clouds-full.svg,Đà Nẵng,-0.33541329204439535,0,-0.9462885559479878,0
2025-06-24 10:00:00+07:00,44.0,6.3,66.0,/dl/web/weather/ic-w-04-scattered-clouds-full.svg,Đà Nẵng,-0.26705164531017844,0,-0.35280949236678133,0
2025-06-24 11:00:00+07:00,44.0,9.2,67.0,/dl/web/weather/ic-w-04-scattered-clouds-full.svg,Đà Nẵng,-0.26705164531017844,0,0.20238059937047623,0
2025-06-24 12:00:00+07:00,42.0,10.1,67.0,/dl/web/weather/ic-w-04-scattered-clouds-full.svg,Đà Nẵng,-0.33541329204439535,0,0.3746809726682459,0
2025-06-24 13:00:00+07:00,33.0,12.2,67.0,/dl/web/weather/ic-w-04-scattered-clouds-full.svg,Đà Nẵng,-0.6430407023483716,0,0.7767151770297083,0
2025-06-24 14:00:00+07:00,31.0,11.1,64.0,/dl/web/weather/ic-w-04-scattered-clouds-full.svg,Đà Nẵng,-0.7114023490825886,0,0.5661258318879899,0
2025-06-24 15:00:00+07:00,33.0,11.4,63.0,/dl/web/weather/ic-w-04-scattered-clouds-full.svg,Đà Nẵng,-0.6430407023483716,0,0.6235592896539133,0
2025-06-24 16:00:00+07:00,33.0,11.4,63.0,/dl/web/weather/ic-w-04-scattered-clouds-full.svg,Đà Nẵng,-0.6430407023483716,0,0.6235592896539133,0
2025-06-24 17:00:00+07:00,33.0,8.5,71.0,/dl/web/weather/ic-w-04-scattered-clouds-full.svg,Đà Nẵng,-0.6430407023483716,0,0.06836919791665555,0
2025-06-24 18:00:00+07:00,28.0,8.5,71.0,/dl/web/weather/ic-w-04-scattered-clouds-full.svg,Đà Nẵng,-0.8139448191839139,0,0.06836919791665555,0
2025-06-24 19:00:00+07:00,28.0,7.3,79.0,/dl/web/weather/ic-w-04-scattered-clouds-full.svg,Đà Nẵng,-0.8139448191839139,0,-0.16136463314703733,0
2025-06-24 20:00:00+07:00,32.0,3.9,80.0,/dl/web/weather/ic-w-04-scattered-clouds-full.svg,Đà Nẵng,-0.6772215257154801,0,-0.8122771544941669,0
2025-06-24 22:00:00+07:00,30.0,4.5,80.0,/dl/web/weather/ic-w-04-scattered-clouds-full.svg,Đà Nẵng,-0.7455831724496971,0,-0.6974102389623206,0
2025-06-25 00:00:00+07:00,28.0,5.6,79.0,/dl/web/weather/ic-w-04-scattered-clouds-full.svg,Đà Nẵng,-0.8139448191839139,0,-0.48682089382060223,0
2025-06-25 01:00:00+07:00,28.0,7.6,86.0,/dl/web/weather/ic-w-04-scattered-clouds-full.svg,Đà Nẵng,-0.8139448191839139,0,-0.10393117538111415,0
2025-06-25 02:00:00+07:00,28.0,7.6,86.0,/dl/web/weather/ic-w-04-scattered-clouds-full.svg,Đà Nẵng,-0.8139448191839139,0,-0.10393117538111415,0
2025-06-25 03:00:00+07:00,19.0,7.6,89.0,/dl/web/weather/ic-w-04-scattered-clouds-full.svg,Đà Nẵng,-1.1215722294878903,0,-0.10393117538111415,0
2025-06-25 04:00:00+07:00,19.0,7.6,89.0,/dl/web/weather/ic-w-04-scattered-clouds-full.svg,Đà Nẵng,-1.1215722294878903,0,-0.10393117538111415,0
2025-06-25 05:00:00+07:00,19.0,6.3,93.0,/dl/web/weather/ic-w-11-night-few-clouds-full.svg,Đà Nẵng,-1.1215722294878903,0,-0.35280949236678133,0
2025-06-25 06:00:00+07:00,33.0,6.3,93.0,/dl/web/weather/ic-w-11-night-few-clouds-full.svg,Đà Nẵng,-0.6430407023483716,0,-0.35280949236678133,0
2025-06-25 07:00:00+07:00,39.0,6.1,84.0,/dl/web/weather/ic-w-02-new-clouds-full.svg,Đà Nẵng,-0.4379557621457208,0,-0.3910984642107302,0
2025-06-25 08:00:00+07:00,44.0,4.5,79.0,/dl/web/weather/ic-w-01-clear-sky-full.svg,Đà Nẵng,-0.26705164531017844,0,-0.6974102389623206,0
2025-06-25 09:00:00+07:00,44.0,1.1,70.0,/dl/web/weather/ic-w-01-clear-sky-full.svg,Đà Nẵng,-0.26705164531017844,0,-1.3483227603094503,0
2025-06-25 10:00:00+07:00,50.0,7.6,66.0,/dl/web/weather/ic-w-01-clear-sky-full.svg,Đà Nẵng,-0.0619667051075276,0,-0.10393117538111415,0
2025-06-25 11:00:00+07:00,50.0,11.7,59.0,/dl/web/weather/ic-w-01-clear-sky-full.svg,Đà Nẵng,-0.0619667051075276,0,0.6809927474198363,0
2025-06-25 12:00:00+07:00,28.0,15.1,63.0,/dl/web/weather/ic-w-01-clear-sky-full.svg,Đà Nẵng,-0.8139448191839139,0,1.3319052687669661,0
2025-06-25 13:00:00+07:00,28.0,15.1,60.0,/dl/web/weather/ic-w-01-clear-sky-full.svg,Đà Nẵng,-0.8139448191839139,0,1.3319052687669661,0
2025-06-25 14:00:00+07:00,28.0,13.2,63.0,/dl/web/weather/ic-w-02-new-clouds-full.svg,Đà Nẵng,-0.8139448191839139,0,0.9681600362494523,0
2025-06-25 15:00:00+07:00,22.0,11.9,66.0,/dl/web/weather/ic-w-02-new-clouds-full.svg,Đà Nẵng,-1.0190297593865647,0,0.7192817192637853,0
2025-06-25 16:00:00+07:00,19.0,11.6,64.0,/dl/web/weather/ic-w-02-new-clouds-full.svg,Đà Nẵng,-1.1215722294878903,0,0.6618482614978619,0
2025-06-25 17:00:00+07:00,19.0,10.8,67.0,/dl/web/weather/ic-w-06-rain-full.svg,Đà Nẵng,-1.1215722294878903,0,0.5086923741220669,0
2025-06-25 18:00:00+07:00,19.0,10.8,67.0,/dl/web/weather/ic-w-06-rain-full.svg,Đà Nẵng,-1.1215722294878903,0,0.5086923741220669,0
2025-06-25 19:00:00+07:00,19.0,5.0,82.0,/dl/web/weather/ic-w-11-night-few-clouds-full.svg,Đà Nẵng,-1.1215722294878903,0,-0.6016878093524486,0
2025-06-25 20:00:00+07:00,28.0,3.7,80.0,/dl/web/weather/ic-w-04-scattered-clouds-full.svg,Đà Nẵng,-0.8139448191839139,0,-0.8505661263381158,0
2025-06-25 21:00:00+07:00,22.0,5.1,76.0,/dl/web/weather/ic-w-04-scattered-clouds-full.svg,Đà Nẵng,-1.0190297593865647,0,-0.5825433234304742,0
2025-06-25 22:00:00+07:00,22.0,6.4,84.0,/dl/web/weather/ic-w-04-scattered-clouds-full.svg,Đà Nẵng,-1.0190297593865647,0,-0.33366500644480684,0
2025-06-26 00:00:00+07:00,32.0,9.3,84.0,/dl/web/weather/ic-w-04-scattered-clouds-full.svg,Đà Nẵng,-0.6772215257154801,0,0.2215250852924509,0
2025-06-26 01:00:00+07:00,19.0,8.2,89.0,/dl/web/weather/ic-w-04-scattered-clouds-full.svg,Đà Nẵng,-1.1215722294878903,0,0.010935740150732199,0
2025-06-26 02:00:00+07:00,22.0,8.9,84.0,/dl/web/weather/ic-w-04-scattered-clouds-full.svg,Đà Nẵng,-1.0190297593865647,0,0.14494714160455321,0
2025-06-26 03:00:00+07:00,28.0,7.7,88.0,/dl/web/weather/ic-w-04-scattered-clouds-full.svg,Đà Nẵng,-0.8139448191839139,0,-0.08478668945913964,0
2025-06-26 04:00:00+07:00,19.0,7.6,87.0,/dl/web/weather/ic-w-04-scattered-clouds-full.svg,Đà Nẵng,-1.1215722294878903,0,-0.10393117538111415,0
2025-06-26 05:00:00+07:00,22.0,7.6,87.0,/dl/web/weather/ic-w-04-scattered-clouds-full.svg,Đà Nẵng,-1.0190297593865647,0,-0.10393117538111415,0
2025-06-26 06:00:00+07:00,28.0,5.6,88.0,/dl/web/weather/ic-w-04-scattered-clouds-full.svg,Đà Nẵng,-0.8139448191839139,0,-0.48682089382060223,0
2025-06-26 07:00:00+07:00,28.0,2.3,78.0,/dl/web/weather/ic-w-04-scattered-clouds-full.svg,Đà Nẵng,-0.8139448191839139,0,-1.1185889292457574,0
2025-06-26 08:00:00+07:00,55.0,3.7,78.0,/dl/web/weather/ic-w-04-scattered-clouds-full.svg,Đà Nẵng,0.10893741172801476,0,-0.8505661263381158,0
2025-06-26 09:00:00+07:00,52.0,4.7,70.0,/dl/web/weather/ic-w-04-scattered-clouds-full.svg,Đà Nẵng,0.006394941626689343,0,-0.6591212671183717,0
2025-06-26 10:00:00+07:00,39.0,6.0,67.0,/dl/web/weather/ic-w-04-scattered-clouds-full.svg,Đà Nẵng,-0.4379557621457208,0,-0.4102429501327045,0
2025-06-26 11:00:00+07:00,39.0,8.9,66.0,/dl/web/weather/ic-w-04-scattered-clouds-full.svg,Đà Nẵng,-0.4379557621457208,0,0.14494714160455321,0
2025-06-26 12:00:00+07:00,39.0,10.9,63.0,/dl/web/weather/ic-w-04-scattered-clouds-full.svg,Đà Nẵng,-0.4379557621457208,0,0.5278368600440413,0
2025-06-26 13:00:00+07:00,28.0,13.4,60.0,/dl/web/weather/ic-w-04-scattered-clouds-full.svg,Đà Nẵng,-0.8139448191839139,0,1.0064490080934014,0
2025-06-26 14:00:00+07:00,28.0,10.9,67.0,/dl/web/weather/ic-w-04-scattered-clouds-full.svg,Đà Nẵng,-0.8139448191839139,0,0.5278368600440413,0
2025-06-26 15:00:00+07:00,28.0,9.0,71.0,/dl/web/weather/ic-w-04-scattered-clouds-full.svg,Đà Nẵng,-0.8139448191839139,0,0.16409162752652756,0
2025-06-26 16:00:00+07:00,28.0,8.2,75.0,/dl/web/weather/ic-w-04-scattered-clouds-full.svg,Đà Nẵng,-0.8139448191839139,0,0.010935740150732199,0
2025-06-26 17:00:00+07:00,28.0,7.1,71.0,/dl/web/weather/ic-w-04-scattered-clouds-full.svg,Đà Nẵng,-0.8139448191839139,0,-0.19965360499098617,0
2025-06-26 18:00:00+07:00,28.0,7.1,71.0,/dl/web/weather/ic-w-04-scattered-clouds-full.svg,Đà Nẵng,-0.8139448191839139,0,-0.19965360499098617,0
2025-06-26 19:00:00+07:00,28.0,5.8,78.0,/dl/web/weather/ic-w-04-scattered-clouds-full.svg,Đà Nẵng,-0.8139448191839139,0,-0.44853192197665337,0
2025-06-26 20:00:00+07:00,54.0,6.3,75.0,/dl/web/weather/ic-w-04-scattered-clouds-full.svg,Đà Nẵng,0.07475658836090629,0,-0.35280949236678133,0
2025-06-26 21:00:00+07:00,27.0,6.6,80.0,/dl/web/weather/ic-w-04-scattered-clouds-full.svg,Đà Nẵng,-0.8481256425510224,0,-0.29537603460085815,0
2025-06-26 22:00:00+07:00,50.0,7.2,80.0,/dl/web/weather/ic-w-04-scattered-clouds-full.svg,Đà Nẵng,-0.0619667051075276,0,-0.18050911906901165,0
2025-06-26 23:00:00+07:00,50.0,7.6,83.0,/dl/web/weather/ic-w-04-scattered-clouds-full.svg,Đà Nẵng,-0.0619667051075276,0,-0.10393117538111415,0
2025-06-27 00:00:00+07:00,44.0,7.1,88.0,/dl/web/weather/ic-w-04-scattered-clouds-full.svg,Đà Nẵng,-0.26705164531017844,0,-0.19965360499098617,0
2025-06-27 01:00:00+07:00,39.0,8.5,89.0,/dl/web/weather/ic-w-04-scattered-clouds-full.svg,Đà Nẵng,-0.4379557621457208,0,0.06836919791665555,0
2025-06-27 03:00:00+07:00,19.0,10.3,88.0,/dl/web/weather/ic-w-04-scattered-clouds-full.svg,Đà Nẵng,-1.1215722294878903,0,0.41296994451219493,0
2025-06-27 04:00:00+07:00,28.0,9.2,91.0,/dl/web/weather/ic-w-04-scattered-clouds-full.svg,Đà Nẵng,-0.8139448191839139,0,0.20238059937047623,0
2025-06-27 05:00:00+07:00,28.0,10.1,92.0,/dl/web/weather/ic-w-04-scattered-clouds-full.svg,Đà Nẵng,-0.8139448191839139,0,0.3746809726682459,0
2025-06-27 06:00:00+07:00,39.0,8.9,92.0,/dl/web/weather/ic-w-04-scattered-clouds-full.svg,Đà Nẵng,-0.4379557621457208,0,0.14494714160455321,0
2025-06-27 07:00:00+07:00,33.0,8.2,85.0,/dl/web/weather/ic-w-04-scattered-clouds-full.svg,Đà Nẵng,-0.6430407023483716,0,0.010935740150732199,0
2025-06-27 08:00:00+07:00,33.0,5.6,67.0,/dl/web/weather/ic-w-04-scattered-clouds-full.svg,Đà Nẵng,-0.6430407023483716,0,-0.48682089382060223,0
2025-06-27 09:00:00+07:00,33.0,4.8,63.0,/dl/web/weather/ic-w-04-scattered-clouds-full.svg,Đà Nẵng,-0.6430407023483716,0,-0.6399767811963973,0
2025-06-27 10:00:00+07:00,24.0,9.0,57.0,/dl/web/weather/ic-w-04-scattered-clouds-full.svg,Đà Nẵng,-0.9506681126523479,0,0.16409162752652756,0
2025-06-27 11:00:00+07:00,24.0,11.9,60.0,/dl/web/weather/ic-w-04-scattered-clouds-full.svg,Đà Nẵng,-0.9506681126523479,0,0.7192817192637853,0
2025-06-27 12:00:00+07:00,19.0,15.6,60.0,/dl/web/weather/ic-w-04-scattered-clouds-full.svg,Đà Nẵng,-1.1215722294878903,0,1.4276276983768381,0
2025-06-27 13:00:00+07:00,33.0,16.3,68.0,/dl/web/weather/ic-w-04-scattered-clouds-full.svg,Đà Nẵng,-0.6430407023483716,0,1.561639099830659,0
2025-06-27 14:00:00+07:00,27.0,2.7,72.0,/dl/web/weather/ic-w-04-scattered-clouds-full.svg,Đà Nẵng,-0.8481256425510224,0,-1.0420109855578599,0
2025-06-27 15:00:00+07:00,28.0,4.7,78.0,/dl/web/weather/ic-w-06-rain-full.svg,Đà Nẵng,-0.8139448191839139,0,-0.6591212671183717,0
2025-06-27 16:00:00+07:00,28.0,5.1,91.0,/dl/web/weather/ic-w-06-rain-full.svg,Đà Nẵng,-0.8139448191839139,0,-0.5825433234304742,0
2025-06-27 17:00:00+07:00,19.0,4.0,91.0,/dl/web/weather/ic-w-06-rain-full.svg,Đà Nẵng,-1.1215722294878903,0,-0.7931326685721926,0
2025-06-27 18:00:00+07:00,19.0,4.5,92.0,/dl/web/weather/ic-w-04-scattered-clouds-full.svg,Đà Nẵng,-1.1215722294878903,0,-0.6974102389623206,0
2025-06-27 19:00:00+07:00,19.0,14.2,87.0,/dl/web/weather/ic-w-04-scattered-clouds-full.svg,Đà Nẵng,-1.1215722294878903,0,1.1596048954691964,0
2025-06-27 20:00:00+07:00,22.0,10.6,93.0,/dl/web/weather/ic-w-04-scattered-clouds-full.svg,Đà Nẵng,-1.0190297593865647,0,0.47040340227811794,0
2025-06-27 21:00:00+07:00,20.0,11.4,89.0,/dl/web/weather/ic-w-04-scattered-clouds-full.svg,Đà Nẵng,-1.0873914061207817,0,0.6235592896539133,0
2025-06-27 22:00:00+07:00,27.0,10.9,89.0,/dl/web/weather/ic-w-04-scattered-clouds-full.svg,Đà Nẵng,-0.8481256425510224,0,0.5278368600440413,0
2025-06-27 23:00:00+07:00,19.0,11.1,89.0,/dl/web/weather/ic-w-04-scattered-clouds-full.svg,Đà Nẵng,-1.1215722294878903,0,0.5661258318879899,0
2025-06-28 00:00:00+07:00,27.0,11.1,89.0,/dl/web/weather/ic-w-04-scattered-clouds-full.svg,Đà Nẵng,-0.8481256425510224,0,0.5661258318879899,0
2025-06-28 01:00:00+07:00,21.0,10.0,91.0,/dl/web/weather/ic-w-04-scattered-clouds-full.svg,Đà Nẵng,-1.0532105827536733,0,0.3555364867462716,0
2025-06-28 02:00:00+07:00,21.0,9.7,89.0,/dl/web/weather/ic-w-04-scattered-clouds-full.svg,Đà Nẵng,-1.0532105827536733,0,0.29810302898034824,0
2025-06-28 03:00:00+07:00,21.0,9.0,88.0,/dl/web/weather/ic-w-04-scattered-clouds-full.svg,Đà Nẵng,-1.0532105827536733,0,0.16409162752652756,0
2025-06-28 04:00:00+07:00,20.0,8.7,88.0,/dl/web/weather/ic-w-04-scattered-clouds-full.svg,Đà Nẵng,-1.0873914061207817,0,0.10665816976060422,0
2025-06-28 06:00:00+07:00,28.0,6.4,88.0,/dl/web/weather/ic-w-04-scattered-clouds-full.svg,Đà Nẵng,-0.8139448191839139,0,-0.33366500644480684,0
2025-06-28 07:00:00+07:00,28.0,5.5,86.0,/dl/web/weather/ic-w-04-scattered-clouds-full.svg,Đà Nẵng,-0.8139448191839139,0,-0.5059653797425765,0
2025-06-28 08:00:00+07:00,44.0,4.5,74.0,/dl/web/weather/ic-w-04-scattered-clouds-full.svg,Đà Nẵng,-0.26705164531017844,0,-0.6974102389623206,0
2025-06-28 09:00:00+07:00,53.0,2.6,67.0,/dl/web/weather/ic-w-04-scattered-clouds-full.svg,Đà Nẵng,0.040575764993797815,0,-1.0611554714798344,0
2025-06-28 10:00:00+07:00,44.0,2.4,59.0,/dl/web/weather/ic-w-04-scattered-clouds-full.svg,Đà Nẵng,-0.26705164531017844,0,-1.0994444433237829,0
2025-06-28 11:00:00+07:00,44.0,5.8,56.0,/dl/web/weather/ic-w-04-scattered-clouds-full.svg,Đà Nẵng,-0.26705164531017844,0,-0.44853192197665337,0
2025-06-28 12:00:00+07:00,33.0,11.6,55.0,/dl/web/weather/ic-w-04-scattered-clouds-full.svg,Đà Nẵng,-0.6430407023483716,0,0.6618482614978619,0
2025-06-28 13:00:00+07:00,28.0,11.6,56.0,/dl/web/weather/ic-w-04-scattered-clouds-full.svg,Đà Nẵng,-0.8139448191839139,0,0.6618482614978619,0
2025-06-28 14:00:00+07:00,28.0,12.4,64.0,/dl/web/weather/ic-w-04-scattered-clouds-full.svg,Đà Nẵng,-0.8139448191839139,0,0.8150041488736574,0
2025-06-28 15:00:00+07:00,33.0,11.1,67.0,/dl/web/weather/ic-w-04-scattered-clouds-full.svg,Đà Nẵng,-0.6430407023483716,0,0.5661258318879899,0
2025-06-28 16:00:00+07:00,28.0,11.1,70.0,/dl/web/weather/ic-w-04-scattered-clouds-full.svg,Đà Nẵng,-0.8139448191839139,0,0.5661258318879899,0
2025-06-28 17:00:00+07:00,27.0,9.7,71.0,/dl/web/weather/ic-w-06-rain-full.svg,Đà Nẵng,-0.8481256425510224,0,0.29810302898034824,0
2025-06-28 18:00:00+07:00,32.0,7.7,71.0,/dl/web/weather/ic-w-04-scattered-clouds-full.svg,Đà Nẵng,-0.6772215257154801,0,-0.08478668945913964,0
2025-06-28 19:00:00+07:00,19.0,4.0,78.0,/dl/web/weather/ic-w-04-scattered-clouds-full.svg,Đà Nẵng,-1.1215722294878903,0,-0.7931326685721926,0
2025-06-28 20:00:00+07:00,39.0,4.0,80.0,/dl/web/weather/ic-w-04-scattered-clouds-full.svg,Đà Nẵng,-0.4379557621457208,0,-0.7931326685721926,0
2025-06-28 22:00:00+07:00,26.0,8.2,92.0,/dl/web/weather/ic-w-12-night-rain-full.svg,Đà Nẵng,-0.8823064659181309,0,0.010935740150732199,0
2025-06-28 23:00:00+07:00,33.0,8.2,93.0,/dl/web/weather/ic-w-04-scattered-clouds-full.svg,Đà Nẵng,-0.6430407023483716,0,0.010935740150732199,0
2025-06-29 00:00:00+07:00,23.0,8.9,93.0,/dl/web/weather/ic-w-04-scattered-clouds-full.svg,Đà Nẵng,-0.9848489360194563,0,0.14494714160455321,0
2025-06-29 01:00:00+07:00,19.0,8.4,91.0,/dl/web/weather/ic-w-04-scattered-clouds-full.svg,Đà Nẵng,-1.1215722294878903,0,0.04922471199468121,0
2025-06-29 02:00:00+07:00,22.0,9.0,93.0,/dl/web/weather/ic-w-04-scattered-clouds-full.svg,Đà Nẵng,-1.0190297593865647,0,0.16409162752652756,0
2025-06-29 03:00:00+07:00,28.0,9.0,89.0,/dl/web/weather/ic-w-04-scattered-clouds-full.svg,Đà Nẵng,-0.8139448191839139,0,0.16409162752652756,0
2025-06-29 04:00:00+07:00,44.0,8.5,92.0,/dl/web/weather/ic-w-04-scattered-clouds-full.svg,Đà Nẵng,-0.26705164531017844,0,0.06836919791665555,0
2025-06-29 05:00:00+07:00,44.0,9.7,84.0,/dl/web/weather/ic-w-04-scattered-clouds-full.svg,Đà Nẵng,-0.26705164531017844,0,0.29810302898034824,0
2025-06-29 06:00:00+07:00,39.0,9.3,88.0,/dl/web/weather/ic-w-04-scattered-clouds-full.svg,Đà Nẵng,-0.4379557621457208,0,0.2215250852924509,0
2025-06-29 07:00:00+07:00,39.0,7.9,87.0,/dl/web/weather/ic-w-04-scattered-clouds-full.svg,Đà Nẵng,-0.4379557621457208,0,-0.0464977176151908,0
2025-06-29 08:00:00+07:00,39.0,8.7,81.0,/dl/web/weather/ic-w-04-scattered-clouds-full.svg,Đà Nẵng,-0.4379557621457208,0,0.10665816976060422,0
2025-06-29 09:00:00+07:00,44.0,8.5,63.0,/dl/web/weather/ic-w-04-scattered-clouds-full.svg,Đà Nẵng,-0.26705164531017844,0,0.06836919791665555,0
2025-06-29 10:00:00+07:00,22.0,9.5,54.0,/dl/web/weather/ic-w-04-scattered-clouds-full.svg,Đà Nẵng,-1.0190297593865647,0,0.25981405713639955,0
2025-06-29 11:00:00+07:00,19.0,9.0,56.0,/dl/web/weather/ic-w-04-scattered-clouds-full.svg,Đà Nẵng,-1.1215722294878903,0,0.16409162752652756,0
2025-06-29 12:00:00+07:00,19.0,7.6,56.0,/dl/web/weather/ic-w-06-rain-full.svg,Đà Nẵng,-1.1215722294878903,0,-0.10393117538111415,0
2025-06-29 13:00:00+07:00,28.0,14.8,63.0,/dl/web/weather/ic-w-04-scattered-clouds-full.svg,Đà Nẵng,-0.8139448191839139,0,1.2744718110010431,0
2025-06-29 14:00:00+07:00,24.0,12.4,66.0,/dl/web/weather/ic-w-06-rain-full.svg,Đà Nẵng,-0.9506681126523479,0,0.8150041488736574,0
2025-06-29 15:00:00+07:00,24.0,11.6,77.0,/dl/web/weather/ic-w-06-rain-full.svg,Đà Nẵng,-0.9506681126523479,0,0.6618482614978619,0
2025-06-29 16:00:00+07:00,22.0,11.1,70.0,/dl/web/weather/ic-w-04-scattered-clouds-full.svg,Đà Nẵng,-1.0190297593865647,0,0.5661258318879899,0
2025-06-29 17:00:00+07:00,19.0,8.7,81.0,/dl/web/weather/ic-w-04-scattered-clouds-full.svg,Đà Nẵng,-1.1215722294878903,0,0.10665816976060422,0
2025-06-29 18:00:00+07:00,19.0,6.9,82.0,/dl/web/weather/ic-w-04-scattered-clouds-full.svg,Đà Nẵng,-1.1215722294878903,0,-0.23794257683493483,0
2025-06-29 19:00:00+07:00,22.0,6.9,82.0,/dl/web/weather/ic-w-04-scattered-clouds-full.svg,Đà Nẵng,-1.0190297593865647,0,-0.23794257683493483,0
2025-06-29 20:00:00+07:00,73.0,2.6,84.0,/dl/web/weather/ic-w-04-scattered-clouds-full.svg,Đà Nẵng,0.7241922323359672,0,-1.0611554714798344,0
2025-06-29 21:00:00+07:00,62.0,1.6,88.0,/dl/web/weather/ic-w-04-scattered-clouds-full.svg,Đà Nẵng,0.34820317529777406,0,-1.2526003306995783,0
2025-06-29 22:00:00+07:00,55.0,4.5,84.0,/dl/web/weather/ic-w-04-scattered-clouds-full.svg,Đà Nẵng,0.10893741172801476,0,-0.6974102389623206,0
2025-06-29 23:00:00+07:00,39.0,8.0,88.0,/dl/web/weather/ic-w-04-scattered-clouds-full.svg,Đà Nẵng,-0.4379557621457208,0,-0.02735323169321647,0
2025-06-30 00:00:00+07:00,39.0,9.7,88.0,/dl/web/weather/ic-w-04-scattered-clouds-full.svg,Đà Nẵng,-0.4379557621457208,0,0.29810302898034824,0
2025-06-30 01:00:00+07:00,28.0,8.9,88.0,/dl/web/weather/ic-w-04-scattered-clouds-full.svg,Đà Nẵng,-0.8139448191839139,0,0.14494714160455321,0
2025-06-30 02:00:00+07:00,47.0,9.3,86.0,/dl/web/weather/ic-w-04-scattered-clouds-full.svg,Đà Nẵng,-0.164509175208853,0,0.2215250852924509,0
2025-06-30 03:00:00+07:00,36.0,9.7,92.0,/dl/web/weather/ic-w-04-scattered-clouds-full.svg,Đà Nẵng,-0.5404982322470462,0,0.29810302898034824,0
2025-06-30 04:00:00+07:00,44.0,9.8,92.0,/dl/web/weather/ic-w-04-scattered-clouds-full.svg,Đà Nẵng,-0.26705164531017844,0,0.3172475149023229,0
2025-06-30 05:00:00+07:00,43.0,9.0,92.0,/dl/web/weather/ic-w-04-scattered-clouds-full.svg,Đà Nẵng,-0.30123246867728687,0,0.16409162752652756,0
2025-06-30 06:00:00+07:00,41.0,6.8,91.0,/dl/web/weather/ic-w-04-scattered-clouds-full.svg,Đà Nẵng,-0.36959411541150383,0,-0.25708706275690935,0
2025-06-30 07:00:00+07:00,44.0,6.6,85.0,/dl/web/weather/ic-w-04-scattered-clouds-full.svg,Đà Nẵng,-0.26705164531017844,0,-0.29537603460085815,0
2025-06-30 08:00:00+07:00,44.0,5.5,74.0,/dl/web/weather/ic-w-04-scattered-clouds-full.svg,Đà Nẵng,-0.26705164531017844,0,-0.5059653797425765,0
2025-06-30 09:00:00+07:00,33.0,4.2,70.0,/dl/web/weather/ic-w-06-rain-full.svg,Đà Nẵng,-0.6430407023483716,0,-0.7548436967282437,0
2025-06-30 10:00:00+07:00,33.0,1.0,59.0,/dl/web/weather/ic-w-06-rain-full.svg,Đà Nẵng,-0.6430407023483716,0,-1.3674672462314246,0
2025-06-30 11:00:00+07:00,34.0,5.1,56.0,/dl/web/weather/ic-w-04-scattered-clouds-full.svg,Đà Nẵng,-0.6088598789812631,0,-0.5825433234304742,0
2025-06-30 12:00:00+07:00,28.0,15.0,60.0,/dl/web/weather/ic-w-04-scattered-clouds-full.svg,Đà Nẵng,-0.8139448191839139,0,1.3127607828449916,0
2025-06-30 13:00:00+07:00,22.0,16.1,63.0,/dl/web/weather/ic-w-04-scattered-clouds-full.svg,Đà Nẵng,-1.0190297593865647,0,1.5233501279867103,0
2025-06-30 14:00:00+07:00,22.0,15.1,58.0,/dl/web/weather/ic-w-04-scattered-clouds-full.svg,Đà Nẵng,-1.0190297593865647,0,1.3319052687669661,0
2025-06-30 15:00:00+07:00,28.0,14.6,64.0,/dl/web/weather/ic-w-04-scattered-clouds-full.svg,Đà Nẵng,-0.8139448191839139,0,1.2361828391570941,0
2025-06-30 16:00:00+07:00,28.0,14.5,67.0,/dl/web/weather/ic-w-04-scattered-clouds-full.svg,Đà Nẵng,-0.8139448191839139,0,1.2170383532351197,0
2025-06-30 17:00:00+07:00,28.0,10.3,71.0,/dl/web/weather/ic-w-04-scattered-clouds-full.svg,Đà Nẵng,-0.8139448191839139,0,0.41296994451219493,0
2025-06-30 18:00:00+07:00,32.0,8.9,82.0,/dl/web/weather/ic-w-04-scattered-clouds-full.svg,Đà Nẵng,-0.6772215257154801,0,0.14494714160455321,0
2025-06-30 19:00:00+07:00,32.0,5.3,84.0,/dl/web/weather/ic-w-04-scattered-clouds-full.svg,Đà Nẵng,-0.6772215257154801,0,-0.5442543515865254,0
2025-06-30 21:00:00+07:00,36.0,8.4,83.0,/dl/web/weather/ic-w-12-night-rain-full.svg,Đà Nẵng,-0.5404982322470462,0,0.04922471199468121,0
2025-07-01 00:00:00+07:00,22.0,8.0,92.0,/dl/web/weather/ic-w-04-scattered-clouds-full.svg,Đà Nẵng,-1.0190297593865647,0,-0.02735323169321647,0
2025-07-01 01:00:00+07:00,19.0,9.7,89.0,/dl/web/weather/ic-w-04-scattered-clouds-full.svg,Đà Nẵng,-1.1215722294878903,0,0.29810302898034824,0
2025-07-01 02:00:00+07:00,19.0,8.5,91.0,/dl/web/weather/ic-w-04-scattered-clouds-full.svg,Đà Nẵng,-1.1215722294878903,0,0.06836919791665555,0
2025-07-01 03:00:00+07:00,19.0,8.2,92.0,/dl/web/weather/ic-w-04-scattered-clouds-full.svg,Đà Nẵng,-1.1215722294878903,0,0.010935740150732199,0
2025-07-01 04:00:00+07:00,19.0,8.5,92.0,/dl/web/weather/ic-w-04-scattered-clouds-full.svg,Đà Nẵng,-1.1215722294878903,0,0.06836919791665555,0
2025-07-01 06:00:00+07:00,19.0,8.5,93.0,/dl/web/weather/ic-w-04-scattered-clouds-full.svg,Đà Nẵng,-1.1215722294878903,0,0.06836919791665555,0
2025-07-01 07:00:00+07:00,22.0,6.6,87.0,/dl/web/weather/ic-w-04-scattered-clouds-full.svg,Đà Nẵng,-1.0190297593865647,0,-0.29537603460085815,0
2025-07-01 08:00:00+07:00,26.0,6.4,78.0,/dl/web/weather/ic-w-04-scattered-clouds-full.svg,Đà Nẵng,-0.8823064659181309,0,-0.33366500644480684,0
2025-07-01 09:00:00+07:00,34.0,4.7,78.0,/dl/web/weather/ic-w-04-scattered-clouds-full.svg,Đà Nẵng,-0.6088598789812631,0,-0.6591212671183717,0
2025-07-01 10:00:00+07:00,34.0,0.6,70.0,/dl/web/weather/ic-w-06-rain-full.svg,Đà Nẵng,-0.6088598789812631,0,-1.4440451899193223,0
2025-07-01 11:00:00+07:00,33.0,6.4,63.0,/dl/web/weather/ic-w-04-scattered-clouds-full.svg,Đà Nẵng,-0.6430407023483716,0,-0.33366500644480684,0
2025-07-01 12:00:00+07:00,33.0,6.4,63.0,/dl/web/weather/ic-w-04-scattered-clouds-full.svg,Đà Nẵng,-0.6430407023483716,0,-0.33366500644480684,0
2025-07-01 13:00:00+07:00,28.0,12.1,69.0,/dl/web/weather/ic-w-06-rain-full.svg,Đà Nẵng,-0.8139448191839139,0,0.757570691107734,0
2025-07-01 14:00:00+07:00,28.0,11.9,64.0,/dl/web/weather/ic-w-04-scattered-clouds-full.svg,Đà Nẵng,-0.8139448191839139,0,0.7192817192637853,0
2025-07-01 15:00:00+07:00,22.0,13.0,59.0,/dl/web/weather/ic-w-04-scattered-clouds-full.svg,Đà Nẵng,-1.0190297593865647,0,0.9298710644055037,0
2025-07-01 16:00:00+07:00,22.0,10.3,68.0,/dl/web/weather/ic-w-04-scattered-clouds-full.svg,Đà Nẵng,-1.0190297593865647,0,0.41296994451219493,0
2025-07-01 17:00:00+07:00,22.0,8.9,92.0,/dl/web/weather/ic-w-06-rain-full.svg,Đà Nẵng,-1.0190297593865647,0,0.14494714160455321,0
2025-07-01 18:00:00+07:00,28.0,9.2,87.0,/dl/web/weather/ic-w-06-rain-full.svg,Đà Nẵng,-0.8139448191839139,0,0.20238059937047623,0
2025-07-01 19:00:00+07:00,28.0,6.1,91.0,/dl/web/weather/ic-w-04-scattered-clouds-full.svg,Đà Nẵng,-0.8139448191839139,0,-0.3910984642107302,0
2025-07-01 20:00:00+07:00,19.0,3.1,87.0,/dl/web/weather/ic-w-04-scattered-clouds-full.svg,Đà Nẵng,-1.1215722294878903,0,-0.9654330418699623,0
2025-07-01 21:00:00+07:00,19.0,7.7,91.0,/dl/web/weather/ic-w-04-scattered-clouds-full.svg,Đà Nẵng,-1.1215722294878903,0,-0.08478668945913964,0
2025-07-01 23:00:00+07:00,19.0,6.8,93.0,/dl/web/weather/ic-w-04-scattered-clouds-full.svg,Đà Nẵng,-1.1215722294878903,0,-0.25708706275690935,0
2025-07-02 00:00:00+07:00,22.0,6.9,93.0,/dl/web/weather/ic-w-04-scattered-clouds-full.svg,Đà Nẵng,-1.0190297593865647,0,-0.23794257683493483,0
2025-07-02 02:00:00+07:00,19.0,9.3,93.0,/dl/web/weather/ic-w-12-night-rain-full.svg,Đà Nẵng,-1.1215722294878903,0,0.2215250852924509,0
2025-07-02 03:00:00+07:00,19.0,9.3,89.0,/dl/web/weather/ic-w-12-night-rain-full.svg,Đà Nẵng,-1.1215722294878903,0,0.2215250852924509,0
2025-07-02 05:00:00+07:00,22.0,7.6,93.0,/dl/web/weather/ic-w-04-scattered-clouds-full.svg,Đà Nẵng,-1.0190297593865647,0,-0.10393117538111415,0
2025-07-02 06:00:00+07:00,29.0,6.8,89.0,/dl/web/weather/ic-w-06-rain-full.svg,Đà Nẵng,-0.7797639958168054,0,-0.25708706275690935,0
2025-07-02 07:00:00+07:00,27.0,4.8,87.0,/dl/web/weather/ic-w-04-scattered-clouds-full.svg,Đà Nẵng,-0.8481256425510224,0,-0.6399767811963973,0
2025-07-02 08:00:00+07:00,31.0,2.6,78.0,/dl/web/weather/ic-w-04-scattered-clouds-full.svg,Đà Nẵng,-0.7114023490825886,0,-1.0611554714798344,0
2025-07-02 09:00:00+07:00,44.0,3.5,74.0,/dl/web/weather/ic-w-04-scattered-clouds-full.svg,Đà Nẵng,-0.26705164531017844,0,-0.8888550981820645,0
2025-07-02 10:00:00+07:00,39.0,7.9,64.0,/dl/web/weather/ic-w-04-scattered-clouds-full.svg,Đà Nẵng,-0.4379557621457208,0,-0.0464977176151908,0
2025-07-02 11:00:00+07:00,39.0,8.0,68.0,/dl/web/weather/ic-w-06-rain-full.svg,Đà Nẵng,-0.4379557621457208,0,-0.02735323169321647,0
2025-07-02 12:00:00+07:00,38.0,7.9,61.0,/dl/web/weather/ic-w-04-scattered-clouds-full.svg,Đà Nẵng,-0.4721365855128293,0,-0.0464977176151908,0
2025-07-02 13:00:00+07:00,33.0,9.3,60.0,/dl/web/weather/ic-w-04-scattered-clouds-full.svg,Đà Nẵng,-0.6430407023483716,0,0.2215250852924509,0
2025-07-02 14:00:00+07:00,33.0,9.7,60.0,/dl/web/weather/ic-w-04-scattered-clouds-full.svg,Đà Nẵng,-0.6430407023483716,0,0.29810302898034824,0
2025-07-02 15:00:00+07:00,22.0,12.2,67.0,/dl/web/weather/ic-w-04-scattered-clouds-full.svg,Đà Nẵng,-1.0190297593865647,0,0.7767151770297083,0
2025-07-02 16:00:00+07:00,22.0,10.6,70.0,/dl/web/weather/ic-w-04-scattered-clouds-full.svg,Đà Nẵng,-1.0190297593865647,0,0.47040340227811794,0
2025-07-02 17:00:00+07:00,19.0,4.8,68.0,/dl/web/weather/ic-w-04-scattered-clouds-full.svg,Đà Nẵng,-1.1215722294878903,0,-0.6399767811963973,0
2025-07-02 19:00:00+07:00,19.0,9.3,78.0,/dl/web/weather/ic-w-04-scattered-clouds-full.svg,Đà Nẵng,-1.1215722294878903,0,0.2215250852924509,0
2025-07-02 20:00:00+07:00,21.0,11.4,84.0,/dl/web/weather/ic-w-04-scattered-clouds-full.svg,Đà Nẵng,-1.0532105827536733,0,0.6235592896539133,0
2025-07-02 21:00:00+07:00,21.0,11.9,84.0,/dl/web/weather/ic-w-12-night-rain-full.svg,Đà Nẵng,-1.0532105827536733,0,0.7192817192637853,0
2025-07-02 22:00:00+07:00,19.0,12.7,93.0,/dl/web/weather/ic-w-04-scattered-clouds-full.svg,Đà Nẵng,-1.1215722294878903,0,0.8724376066395804,0
2025-07-02 23:00:00+07:00,19.0,13.4,88.0,/dl/web/weather/ic-w-04-scattered-clouds-full.svg,Đà Nẵng,-1.1215722294878903,0,1.0064490080934014,0
2025-07-03 03:00:00+07:00,19.0,8.2,93.0,/dl/web/weather/ic-w-12-night-rain-full.svg,Đà Nẵng,-1.1215722294878903,0,0.010935740150732199,0
2025-07-03 04:00:00+07:00,19.0,6.6,89.0,/dl/web/weather/ic-w-12-night-rain-full.svg,Đà Nẵng,-1.1215722294878903,0,-0.29537603460085815,0
2025-07-03 05:00:00+07:00,19.0,7.2,92.0,/dl/web/weather/ic-w-04-scattered-clouds-full.svg,Đà Nẵng,-1.1215722294878903,0,-0.18050911906901165,0
2025-07-03 06:00:00+07:00,26.0,5.8,93.0,/dl/web/weather/ic-w-04-scattered-clouds-full.svg,Đà Nẵng,-0.8823064659181309,0,-0.44853192197665337,0
2025-07-03 07:00:00+07:00,22.0,5.1,92.0,/dl/web/weather/ic-w-04-scattered-clouds-full.svg,Đà Nẵng,-1.0190297593865647,0,-0.5825433234304742,0
2025-07-03 08:00:00+07:00,29.0,5.5,86.0,/dl/web/weather/ic-w-04-scattered-clouds-full.svg,Đà Nẵng,-0.7797639958168054,0,-0.5059653797425765,0
2025-07-03 09:00:00+07:00,39.0,4.0,78.0,/dl/web/weather/ic-w-04-scattered-clouds-full.svg,Đà Nẵng,-0.4379557621457208,0,-0.7931326685721926,0
2025-07-03 10:00:00+07:00,39.0,1.1,73.0,/dl/web/weather/ic-w-04-scattered-clouds-full.svg,Đà Nẵng,-0.4379557621457208,0,-1.3483227603094503,0
2025-07-03 11:00:00+07:00,39.0,4.8,66.0,/dl/web/weather/ic-w-04-scattered-clouds-full.svg,Đà Nẵng,-0.4379557621457208,0,-0.6399767811963973,0
2025-07-03 12:00:00+07:00,28.0,12.6,70.0,/dl/web/weather/ic-w-04-scattered-clouds-full.svg,Đà Nẵng,-0.8139448191839139,0,0.853293120717606,0
2025-07-03 13:00:00+07:00,19.0,11.6,77.0,/dl/web/weather/ic-w-04-scattered-clouds-full.svg,Đà Nẵng,-1.1215722294878903,0,0.6618482614978619,0
2025-07-03 14:00:00+07:00,22.0,14.6,79.0,/dl/web/weather/ic-w-04-scattered-clouds-full.svg,Đà Nẵng,-1.0190297593865647,0,1.2361828391570941,0
2025-07-03 15:00:00+07:00,24.0,13.7,96.0,/dl/web/weather/ic-w-04-scattered-clouds-full.svg,Đà Nẵng,-0.9506681126523479,0,1.0638824658593244,0
2025-07-03 16:00:00+07:00,22.0,10.0,91.0,/dl/web/weather/ic-w-04-scattered-clouds-full.svg,Đà Nẵng,-1.0190297593865647,0,0.3555364867462716,0
2025-07-03 17:00:00+07:00,22.0,9.2,92.0,/dl/web/weather/ic-w-04-scattered-clouds-full.svg,Đà Nẵng,-1.0190297593865647,0,0.20238059937047623,0
2025-07-03 19:00:00+07:00,25.0,6.3,90.0,/dl/web/weather/ic-w-04-scattered-clouds-full.svg,Đà Nẵng,-0.9164872892852394,0,-0.35280949236678133,0
2025-07-03 21:00:00+07:00,36.0,5.8,92.0,/dl/web/weather/ic-w-04-scattered-clouds-full.svg,Đà Nẵng,-0.5404982322470462,0,-0.44853192197665337,0
2025-07-03 22:00:00+07:00,55.0,7.7,93.0,/dl/web/weather/ic-w-04-scattered-clouds-full.svg,Đà Nẵng,0.10893741172801476,0,-0.08478668945913964,0
2025-07-03 23:00:00+07:00,31.0,8.2,88.0,/dl/web/weather/ic-w-04-scattered-clouds-full.svg,Đà Nẵng,-0.7114023490825886,0,0.010935740150732199,0
2025-07-04 00:00:00+07:00,25.0,8.2,88.0,/dl/web/weather/ic-w-04-scattered-clouds-full.svg,Đà Nẵng,-0.9164872892852394,0,0.010935740150732199,0
2025-07-04 01:00:00+07:00,39.0,8.9,86.0,/dl/web/weather/ic-w-04-scattered-clouds-full.svg,Đà Nẵng,-0.4379557621457208,0,0.14494714160455321,0
2025-07-04 02:00:00+07:00,42.0,8.4,85.0,/dl/web/weather/ic-w-04-scattered-clouds-full.svg,Đà Nẵng,-0.33541329204439535,0,0.04922471199468121,0
2025-07-04 03:00:00+07:00,39.0,8.2,93.0,/dl/web/weather/ic-w-04-scattered-clouds-full.svg,Đà Nẵng,-0.4379557621457208,0,0.010935740150732199,0
2025-07-04 04:00:00+07:00,42.0,7.1,93.0,/dl/web/weather/ic-w-04-scattered-clouds-full.svg,Đà Nẵng,-0.33541329204439535,0,-0.19965360499098617,0
2025-07-04 05:00:00+07:00,22.0,7.1,97.0,/dl/web/weather/ic-w-04-scattered-clouds-full.svg,Đà Nẵng,-1.0190297593865647,0,-0.19965360499098617,0
2025-07-04 06:00:00+07:00,25.0,7.2,97.0,/dl/web/weather/ic-w-04-scattered-clouds-full.svg,Đà Nẵng,-0.9164872892852394,0,-0.18050911906901165,0
2025-07-04 07:00:00+07:00,36.0,6.3,88.0,/dl/web/weather/ic-w-04-scattered-clouds-full.svg,Đà Nẵng,-0.5404982322470462,0,-0.35280949236678133,0
2025-07-04 08:00:00+07:00,42.0,3.2,81.0,/dl/web/weather/ic-w-04-scattered-clouds-full.svg,Đà Nẵng,-0.33541329204439535,0,-0.9462885559479878,0
2025-07-04 09:00:00+07:00,33.0,2.3,70.0,/dl/web/weather/ic-w-04-scattered-clouds-full.svg,Đà Nẵng,-0.6430407023483716,0,-1.1185889292457574,0
2025-07-04 10:00:00+07:00,33.0,2.6,63.0,/dl/web/weather/ic-w-04-scattered-clouds-full.svg,Đà Nẵng,-0.6430407023483716,0,-1.0611554714798344,0
2025-07-04 11:00:00+07:00,33.0,3.1,62.0,/dl/web/weather/ic-w-04-scattered-clouds-full.svg,Đà Nẵng,-0.6430407023483716,0,-0.9654330418699623,0
2025-07-04 12:00:00+07:00,31.0,11.6,66.0,/dl/web/weather/ic-w-04-scattered-clouds-full.svg,Đà Nẵng,-0.7114023490825886,0,0.6618482614978619,0
2025-07-04 13:00:00+07:00,25.0,15.6,68.0,/dl/web/weather/ic-w-04-scattered-clouds-full.svg,Đà Nẵng,-0.9164872892852394,0,1.4276276983768381,0
2025-07-04 14:00:00+07:00,11.0,13.4,72.0,/dl/web/weather/ic-w-04-scattered-clouds-full.svg,Đà Nẵng,-1.395018816424758,0,1.0064490080934014,0
2025-07-04 15:00:00+07:00,11.0,9.3,75.0,/dl/web/weather/ic-w-06-rain-full.svg,Đà Nẵng,-1.395018816424758,0,0.2215250852924509,0
2025-07-04 16:00:00+07:00,14.0,6.4,79.0,/dl/web/weather/ic-w-06-rain-full.svg,Đà Nẵng,-1.2924763463234326,0,-0.33366500644480684,0
2025-07-04 17:00:00+07:00,17.0,5.6,92.0,/dl/web/weather/ic-w-06-rain-full.svg,Đà Nẵng,-1.1899338762221072,0,-0.48682089382060223,0
2025-07-04 18:00:00+07:00,28.0,7.7,92.0,/dl/web/weather/ic-w-06-rain-full.svg,Đà Nẵng,-0.8139448191839139,0,-0.08478668945913964,0
2025-07-04 19:00:00+07:00,22.0,3.9,91.0,/dl/web/weather/ic-w-12-night-rain-full.svg,Đà Nẵng,-1.0190297593865647,0,-0.8122771544941669,0
2025-07-04 20:00:00+07:00,36.0,5.3,93.0,/dl/web/weather/ic-w-04-scattered-clouds-full.svg,Đà Nẵng,-0.5404982322470462,0,-0.5442543515865254,0
2025-07-04 21:00:00+07:00,22.0,5.5,93.0,/dl/web/weather/ic-w-04-scattered-clouds-full.svg,Đà Nẵng,-1.0190297593865647,0,-0.5059653797425765,0
2025-07-04 22:00:00+07:00,42.0,6.4,89.0,/dl/web/weather/ic-w-04-scattered-clouds-full.svg,Đà Nẵng,-0.33541329204439535,0,-0.33366500644480684,0
2025-07-04 23:00:00+07:00,33.0,7.4,93.0,/dl/web/weather/ic-w-04-scattered-clouds-full.svg,Đà Nẵng,-0.6430407023483716,0,-0.14222014722506282,0
2025-07-05 00:00:00+07:00,44.0,7.9,93.0,/dl/web/weather/ic-w-04-scattered-clouds-full.svg,Đà Nẵng,-0.26705164531017844,0,-0.0464977176151908,0
2025-07-05 01:00:00+07:00,19.0,8.2,93.0,/dl/web/weather/ic-w-04-scattered-clouds-full.svg,Đà Nẵng,-1.1215722294878903,0,0.010935740150732199,0
2025-07-05 02:00:00+07:00,17.0,7.2,92.0,/dl/web/weather/ic-w-04-scattered-clouds-full.svg,Đà Nẵng,-1.1899338762221072,0,-0.18050911906901165,0
2025-07-05 03:00:00+07:00,19.0,7.4,93.0,/dl/web/weather/ic-w-04-scattered-clouds-full.svg,Đà Nẵng,-1.1215722294878903,0,-0.14222014722506282,0
2025-07-05 04:00:00+07:00,28.0,7.1,93.0,/dl/web/weather/ic-w-04-scattered-clouds-full.svg,Đà Nẵng,-0.8139448191839139,0,-0.19965360499098617,0
2025-07-05 05:00:00+07:00,44.0,6.8,89.0,/dl/web/weather/ic-w-04-scattered-clouds-full.svg,Đà Nẵng,-0.26705164531017844,0,-0.25708706275690935,0
2025-07-05 06:00:00+07:00,52.0,6.9,93.0,/dl/web/weather/ic-w-04-scattered-clouds-full.svg,Đà Nẵng,0.006394941626689343,0,-0.23794257683493483,0
2025-07-05 07:00:00+07:00,61.0,8.9,89.0,/dl/web/weather/ic-w-04-scattered-clouds-full.svg,Đà Nẵng,0.3140223519306656,0,0.14494714160455321,0
2025-07-05 08:00:00+07:00,50.0,7.7,83.0,/dl/web/weather/ic-w-04-scattered-clouds-full.svg,Đà Nẵng,-0.0619667051075276,0,-0.08478668945913964,0
2025-07-05 09:00:00+07:00,33.0,6.4,78.0,/dl/web/weather/ic-w-04-scattered-clouds-full.svg,Đà Nẵng,-0.6430407023483716,0,-0.33366500644480684,0
2025-07-05 10:00:00+07:00,25.0,4.0,70.0,/dl/web/weather/ic-w-04-scattered-clouds-full.svg,Đà Nẵng,-0.9164872892852394,0,-0.7931326685721926,0
2025-07-05 11:00:00+07:00,25.0,6.4,69.0,/dl/web/weather/ic-w-04-scattered-clouds-full.svg,Đà Nẵng,-0.9164872892852394,0,-0.33366500644480684,0
2025-07-05 12:00:00+07:00,19.0,11.9,62.0,/dl/web/weather/ic-w-04-scattered-clouds-full.svg,Đà Nẵng,-1.1215722294878903,0,0.7192817192637853,0
2025-07-05 13:00:00+07:00,19.0,15.3,71.0,/dl/web/weather/ic-w-04-scattered-clouds-full.svg,Đà Nẵng,-1.1215722294878903,0,1.370194240610915,0
2025-07-05 14:00:00+07:00,22.0,13.2,61.0,/dl/web/weather/ic-w-04-scattered-clouds-full.svg,Đà Nẵng,-1.0190297593865647,0,0.9681600362494523,0
2025-07-05 15:00:00+07:00,25.0,13.2,61.0,/dl/web/weather/ic-w-04-scattered-clouds-full.svg,Đà Nẵng,-0.9164872892852394,0,0.9681600362494523,0
2025-07-05 16:00:00+07:00,25.0,8.4,68.0,/dl/web/weather/ic-w-04-scattered-clouds-full.svg,Đà Nẵng,-0.9164872892852394,0,0.04922471199468121,0
2025-07-05 17:00:00+07:00,22.0,8.4,76.0,/dl/web/weather/ic-w-04-scattered-clouds-full.svg,Đà Nẵng,-1.0190297593865647,0,0.04922471199468121,0
2025-07-05 18:00:00+07:00,23.0,7.9,76.0,/dl/web/weather/ic-w-06-rain-full.svg,Đà Nẵng,-0.9848489360194563,0,-0.0464977176151908,0
2025-07-05 19:00:00+07:00,24.0,2.9,89.0,/dl/web/weather/ic-w-12-night-rain-full.svg,Đà Nẵng,-0.9506681126523479,0,-1.003722013713911,0
2025-07-05 20:00:00+07:00,19.0,3.5,93.0,/dl/web/weather/ic-w-12-night-rain-full.svg,Đà Nẵng,-1.1215722294878903,0,-0.8888550981820645,0
2025-07-05 21:00:00+07:00,19.0,5.3,94.0,/dl/web/weather/ic-w-12-night-rain-full.svg,Đà Nẵng,-1.1215722294878903,0,-0.5442543515865254,0
2025-07-05 22:00:00+07:00,19.0,6.4,99.0,/dl/web/weather/ic-w-12-night-rain-full.svg,Đà Nẵng,-1.1215722294878903,0,-0.33366500644480684,0
2025-07-05 23:00:00+07:00,55.0,5.5,94.0,/dl/web/weather/ic-w-12-night-rain-full.svg,Đà Nẵng,0.10893741172801476,0,-0.5059653797425765,0
2025-07-06 00:00:00+07:00,19.0,5.8,94.0,/dl/web/weather/ic-w-12-night-rain-full.svg,Đà Nẵng,-1.1215722294878903,0,-0.44853192197665337,0
2025-07-06 01:00:00+07:00,19.0,7.6,94.0,/dl/web/weather/ic-w-04-scattered-clouds-full.svg,Đà Nẵng,-1.1215722294878903,0,-0.10393117538111415,0
2025-07-06 02:00:00+07:00,28.0,7.4,93.0,/dl/web/weather/ic-w-04-scattered-clouds-full.svg,Đà Nẵng,-0.8139448191839139,0,-0.14222014722506282,0
2025-07-06 03:00:00+07:00,33.0,7.4,94.0,/dl/web/weather/ic-w-04-scattered-clouds-full.svg,Đà Nẵng,-0.6430407023483716,0,-0.14222014722506282,0
2025-07-06 04:00:00+07:00,39.0,7.9,98.0,/dl/web/weather/ic-w-04-scattered-clouds-full.svg,Đà Nẵng,-0.4379557621457208,0,-0.0464977176151908,0
2025-07-06 05:00:00+07:00,50.0,6.6,89.0,/dl/web/weather/ic-w-04-scattered-clouds-full.svg,Đà Nẵng,-0.0619667051075276,0,-0.29537603460085815,0
2025-07-06 06:00:00+07:00,39.0,6.0,93.0,/dl/web/weather/ic-w-04-scattered-clouds-full.svg,Đà Nẵng,-0.4379557621457208,0,-0.4102429501327045,0
2025-07-06 07:00:00+07:00,44.0,7.4,89.0,/dl/web/weather/ic-w-04-scattered-clouds-full.svg,Đà Nẵng,-0.26705164531017844,0,-0.14222014722506282,0
2025-07-06 08:00:00+07:00,31.0,6.1,85.0,/dl/web/weather/ic-w-04-scattered-clouds-full.svg,Đà Nẵng,-0.7114023490825886,0,-0.3910984642107302,0
2025-07-06 09:00:00+07:00,32.0,4.7,78.0,/dl/web/weather/ic-w-04-scattered-clouds-full.svg,Đà Nẵng,-0.6772215257154801,0,-0.6591212671183717,0
2025-07-06 10:00:00+07:00,33.0,3.5,77.0,/dl/web/weather/ic-w-04-scattered-clouds-full.svg,Đà Nẵng,-0.6430407023483716,0,-0.8888550981820645,0
2025-07-06 11:00:00+07:00,44.0,3.4,70.0,/dl/web/weather/ic-w-04-scattered-clouds-full.svg,Đà Nẵng,-0.26705164531017844,0,-0.9079995841040389,0
2025-07-06 12:00:00+07:00,32.0,7.9,67.0,/dl/web/weather/ic-w-04-scattered-clouds-full.svg,Đà Nẵng,-0.6772215257154801,0,-0.0464977176151908,0
2025-07-06 13:00:00+07:00,33.0,12.4,69.0,/dl/web/weather/ic-w-04-scattered-clouds-full.svg,Đà Nẵng,-0.6430407023483716,0,0.8150041488736574,0
2025-07-06 14:00:00+07:00,28.0,11.9,73.0,/dl/web/weather/ic-w-04-scattered-clouds-full.svg,Đà Nẵng,-0.8139448191839139,0,0.7192817192637853,0
2025-07-06 15:00:00+07:00,22.0,11.6,68.0,/dl/web/weather/ic-w-06-rain-full.svg,Đà Nẵng,-1.0190297593865647,0,0.6618482614978619,0
2025-07-06 16:00:00+07:00,19.0,9.5,92.0,/dl/web/weather/ic-w-06-rain-full.svg,Đà Nẵng,-1.1215722294878903,0,0.25981405713639955,0
2025-07-06 17:00:00+07:00,19.0,7.1,88.0,/dl/web/weather/ic-w-06-rain-full.svg,Đà Nẵng,-1.1215722294878903,0,-0.19965360499098617,0
2025-07-06 18:00:00+07:00,24.0,5.8,83.0,/dl/web/weather/ic-w-06-rain-full.svg,Đà Nẵng,-0.9506681126523479,0,-0.44853192197665337,0
2025-07-06 19:00:00+07:00,21.0,2.7,88.0,/dl/web/weather/ic-w-04-scattered-clouds-full.svg,Đà Nẵng,-1.0532105827536733,0,-1.0420109855578599,0
2025-07-06 20:00:00+07:00,31.0,3.4,92.0,/dl/web/weather/ic-w-04-scattered-clouds-full.svg,Đà Nẵng,-0.7114023490825886,0,-0.9079995841040389,0
2025-07-06 21:00:00+07:00,22.0,6.8,89.0,/dl/web/weather/ic-w-04-scattered-clouds-full.svg,Đà Nẵng,-1.0190297593865647,0,-0.25708706275690935,0
2025-07-06 22:00:00+07:00,50.0,9.3,93.0,/dl/web/weather/ic-w-04-scattered-clouds-full.svg,Đà Nẵng,-0.0619667051075276,0,0.2215250852924509,0
2025-07-06 23:00:00+07:00,50.0,10.5,89.0,/dl/web/weather/ic-w-04-scattered-clouds-full.svg,Đà Nẵng,-0.0619667051075276,0,0.4512589163561436,0
2025-07-07 00:00:00+07:00,50.0,9.2,89.0,/dl/web/weather/ic-w-04-scattered-clouds-full.svg,Đà Nẵng,-0.0619667051075276,0,0.20238059937047623,0
2025-07-07 01:00:00+07:00,50.0,10.0,86.0,/dl/web/weather/ic-w-04-scattered-clouds-full.svg,Đà Nẵng,-0.0619667051075276,0,0.3555364867462716,0
2025-07-07 02:00:00+07:00,44.0,10.6,84.0,/dl/web/weather/ic-w-04-scattered-clouds-full.svg,Đà Nẵng,-0.26705164531017844,0,0.47040340227811794,0
2025-07-07 03:00:00+07:00,44.0,10.6,84.0,/dl/web/weather/ic-w-04-scattered-clouds-full.svg,Đà Nẵng,-0.26705164531017844,0,0.47040340227811794,0
2025-07-07 04:00:00+07:00,44.0,8.4,88.0,/dl/web/weather/ic-w-04-scattered-clouds-full.svg,Đà Nẵng,-0.26705164531017844,0,0.04922471199468121,0
2025-07-07 05:00:00+07:00,33.0,8.5,92.0,/dl/web/weather/ic-w-12-night-rain-full.svg,Đà Nẵng,-0.6430407023483716,0,0.06836919791665555,0
2025-07-07 06:00:00+07:00,39.0,7.6,92.0,/dl/web/weather/ic-w-04-scattered-clouds-full.svg,Đà Nẵng,-0.4379557621457208,0,-0.10393117538111415,0
2025-07-07 07:00:00+07:00,44.0,4.5,82.0,/dl/web/weather/ic-w-06-rain-full.svg,Đà Nẵng,-0.26705164531017844,0,-0.6974102389623206,0
2025-07-07 08:00:00+07:00,47.0,1.6,76.0,/dl/web/weather/ic-w-06-rain-full.svg,Đà Nẵng,-0.164509175208853,0,-1.2526003306995783,0
2025-07-07 09:00:00+07:00,42.0,2.3,57.0,/dl/web/weather/ic-w-06-rain-full.svg,Đà Nẵng,-0.33541329204439535,0,-1.1185889292457574,0
2025-07-07 10:00:00+07:00,31.0,0.8,56.0,/dl/web/weather/ic-w-04-scattered-clouds-full.svg,Đà Nẵng,-0.7114023490825886,0,-1.4057562180753735,0
2025-07-07 11:00:00+07:00,28.0,6.1,54.0,/dl/web/weather/ic-w-06-rain-full.svg,Đà Nẵng,-0.8139448191839139,0,-0.3910984642107302,0
2025-07-07 12:00:00+07:00,31.0,13.2,57.0,/dl/web/weather/ic-w-04-scattered-clouds-full.svg,Đà Nẵng,-0.7114023490825886,0,0.9681600362494523,0
2025-07-07 13:00:00+07:00,22.0,19.0,60.0,/dl/web/weather/ic-w-04-scattered-clouds-full.svg,Đà Nẵng,-1.0190297593865647,0,2.0785402197239677,0
2025-07-07 14:00:00+07:00,25.0,15.6,68.0,/dl/web/weather/ic-w-04-scattered-clouds-full.svg,Đà Nẵng,-0.9164872892852394,0,1.4276276983768381,0
2025-07-07 15:00:00+07:00,28.0,12.9,64.0,/dl/web/weather/ic-w-04-scattered-clouds-full.svg,Đà Nẵng,-0.8139448191839139,0,0.9107265784835293,0
2025-07-07 16:00:00+07:00,22.0,10.0,71.0,/dl/web/weather/ic-w-04-scattered-clouds-full.svg,Đà Nẵng,-1.0190297593865647,0,0.3555364867462716,0
2025-07-07 17:00:00+07:00,22.0,8.9,71.0,/dl/web/weather/ic-w-04-scattered-clouds-full.svg,Đà Nẵng,-1.0190297593865647,0,0.14494714160455321,0
2025-07-07 18:00:00+07:00,25.0,6.9,72.0,/dl/web/weather/ic-w-04-scattered-clouds-full.svg,Đà Nẵng,-0.9164872892852394,0,-0.23794257683493483,0
2025-07-07 19:00:00+07:00,28.0,6.3,78.0,/dl/web/weather/ic-w-04-scattered-clouds-full.svg,Đà Nẵng,-0.8139448191839139,0,-0.35280949236678133,0
2025-07-07 20:00:00+07:00,33.0,6.8,80.0,/dl/web/weather/ic-w-11-night-few-clouds-full.svg,Đà Nẵng,-0.6430407023483716,0,-0.25708706275690935,0
2025-07-07 21:00:00+07:00,36.0,10.0,80.0,/dl/web/weather/ic-w-04-scattered-clouds-full.svg,Đà Nẵng,-0.5404982322470462,0,0.3555364867462716,0
2025-07-08 01:00:00+07:00,58.0,10.0,87.0,/dl/web/weather/ic-w-04-scattered-clouds-full.svg,Đà Nẵng,0.21147988182934016,0,0.3555364867462716,0
2025-07-08 02:00:00+07:00,65.0,9.3,83.0,/dl/web/weather/ic-w-04-scattered-clouds-full.svg,Đà Nẵng,0.45074564539909945,0,0.2215250852924509,0
2025-07-08 03:00:00+07:00,55.0,9.7,87.0,/dl/web/weather/ic-w-04-scattered-clouds-full.svg,Đà Nẵng,0.10893741172801476,0,0.29810302898034824,0
2025-07-08 05:00:00+07:00,44.0,9.7,87.0,/dl/web/weather/ic-w-04-scattered-clouds-full.svg,Đà Nẵng,-0.26705164531017844,0,0.29810302898034824,0
2025-07-08 06:00:00+07:00,39.0,9.3,82.0,/dl/web/weather/ic-w-04-scattered-clouds-full.svg,Đà Nẵng,-0.4379557621457208,0,0.2215250852924509,0
2025-07-08 07:00:00+07:00,47.0,10.5,74.0,/dl/web/weather/ic-w-04-scattered-clouds-full.svg,Đà Nẵng,-0.164509175208853,0,0.4512589163561436,0
2025-07-08 08:00:00+07:00,39.0,11.3,69.0,/dl/web/weather/ic-w-04-scattered-clouds-full.svg,Đà Nẵng,-0.4379557621457208,0,0.604414803731939,0
2025-07-08 09:00:00+07:00,53.0,13.8,57.0,/dl/web/weather/ic-w-04-scattered-clouds-full.svg,Đà Nẵng,0.040575764993797815,0,1.083026951781299,0
2025-07-08 10:00:00+07:00,50.0,13.4,54.0,/dl/web/weather/ic-w-04-scattered-clouds-full.svg,Đà Nẵng,-0.0619667051075276,0,1.0064490080934014,0
2025-07-08 11:00:00+07:00,17.0,7.9,55.0,/dl/web/weather/ic-w-06-rain-full.svg,Đà Nẵng,-1.1899338762221072,0,-0.0464977176151908,0
2025-07-08 12:00:00+07:00,17.0,1.6,55.0,/dl/web/weather/ic-w-06-rain-full.svg,Đà Nẵng,-1.1899338762221072,0,-1.2526003306995783,0
2025-07-08 13:00:00+07:00,11.0,4.5,56.0,/dl/web/weather/ic-w-04-scattered-clouds-full.svg,Đà Nẵng,-1.395018816424758,0,-0.6974102389623206,0
2025-07-08 14:00:00+07:00,8.0,16.1,59.0,/dl/web/weather/ic-w-04-scattered-clouds-full.svg,Đà Nẵng,-1.4975612865260834,0,1.5233501279867103,0
2025-07-08 15:00:00+07:00,8.0,16.9,61.0,/dl/web/weather/ic-w-04-scattered-clouds-full.svg,Đà Nẵng,-1.4975612865260834,0,1.676506015362505,0
2025-07-08 16:00:00+07:00,8.0,12.6,66.0,/dl/web/weather/ic-w-04-scattered-clouds-full.svg,Đà Nẵng,-1.4975612865260834,0,0.853293120717606,0
2025-07-08 17:00:00+07:00,22.0,8.7,61.0,/dl/web/weather/ic-w-04-scattered-clouds-full.svg,Đà Nẵng,-1.0190297593865647,0,0.10665816976060422,0
2025-07-08 18:00:00+07:00,33.0,7.6,64.0,/dl/web/weather/ic-w-04-scattered-clouds-full.svg,Đà Nẵng,-0.6430407023483716,0,-0.10393117538111415,0
2025-07-08 19:00:00+07:00,60.0,5.5,77.0,/dl/web/weather/ic-w-04-scattered-clouds-full.svg,Đà Nẵng,0.2798415285635571,0,-0.5059653797425765,0
2025-07-08 21:00:00+07:00,78.0,7.4,71.0,/dl/web/weather/ic-w-04-scattered-clouds-full.svg,Đà Nẵng,0.8950963491715096,0,-0.14222014722506282,0
2025-07-08 23:00:00+07:00,47.0,9.8,67.0,/dl/web/weather/ic-w-04-scattered-clouds-full.svg,Đà Nẵng,-0.164509175208853,0,0.3172475149023229,0
2025-07-09 00:00:00+07:00,31.0,10.0,64.0,/dl/web/weather/ic-w-04-scattered-clouds-full.svg,Đà Nẵng,-0.7114023490825886,0,0.3555364867462716,0
2025-07-09 01:00:00+07:00,28.0,11.1,70.0,/dl/web/weather/ic-w-04-scattered-clouds-full.svg,Đà Nẵng,-0.8139448191839139,0,0.5661258318879899,0
2025-07-09 02:00:00+07:00,19.0,11.9,70.0,/dl/web/weather/ic-w-04-scattered-clouds-full.svg,Đà Nẵng,-1.1215722294878903,0,0.7192817192637853,0
2025-07-09 03:00:00+07:00,14.0,13.4,66.0,/dl/web/weather/ic-w-04-scattered-clouds-full.svg,Đà Nẵng,-1.2924763463234326,0,1.0064490080934014,0
2025-07-09 04:00:00+07:00,14.0,12.9,73.0,/dl/web/weather/ic-w-04-scattered-clouds-full.svg,Đà Nẵng,-1.2924763463234326,0,0.9107265784835293,0
2025-07-09 05:00:00+07:00,14.0,10.9,73.0,/dl/web/weather/ic-w-04-scattered-clouds-full.svg,Đà Nẵng,-1.2924763463234326,0,0.5278368600440413,0
2025-07-09 06:00:00+07:00,19.0,10.1,74.0,/dl/web/weather/ic-w-04-scattered-clouds-full.svg,Đà Nẵng,-1.1215722294878903,0,0.3746809726682459,0
2025-07-09 07:00:00+07:00,25.0,12.4,73.0,/dl/web/weather/ic-w-04-scattered-clouds-full.svg,Đà Nẵng,-0.9164872892852394,0,0.8150041488736574,0
2025-07-09 08:00:00+07:00,36.0,14.2,63.0,/dl/web/weather/ic-w-04-scattered-clouds-full.svg,Đà Nẵng,-0.5404982322470462,0,1.1596048954691964,0
2025-07-09 09:00:00+07:00,33.0,16.1,59.0,/dl/web/weather/ic-w-04-scattered-clouds-full.svg,Đà Nẵng,-0.6430407023483716,0,1.5233501279867103,0
2025-07-09 10:00:00+07:00,42.0,15.1,54.0,/dl/web/weather/ic-w-04-scattered-clouds-full.svg,Đà Nẵng,-0.33541329204439535,0,1.3319052687669661,0
2025-07-09 11:00:00+07:00,39.0,8.7,61.0,/dl/web/weather/ic-w-06-rain-full.svg,Đà Nẵng,-0.4379557621457208,0,0.10665816976060422,0
2025-07-09 12:00:00+07:00,33.0,7.2,62.0,/dl/web/weather/ic-w-06-rain-full.svg,Đà Nẵng,-0.6430407023483716,0,-0.18050911906901165,0
2025-07-09 13:00:00+07:00,31.0,3.4,66.0,/dl/web/weather/ic-w-06-rain-full.svg,Đà Nẵng,-0.7114023490825886,0,-0.9079995841040389,0
2025-07-09 14:00:00+07:00,17.0,14.3,64.0,/dl/web/weather/ic-w-06-rain-full.svg,Đà Nẵng,-1.1899338762221072,0,1.1787493813911711,0
2025-07-09 15:00:00+07:00,14.0,9.7,59.0,/dl/web/weather/ic-w-04-scattered-clouds-full.svg,Đà Nẵng,-1.2924763463234326,0,0.29810302898034824,0
2025-07-09 16:00:00+07:00,17.0,9.6,59.0,/dl/web/weather/ic-w-04-scattered-clouds-full.svg,Đà Nẵng,-1.1899338762221072,0,0.2789585430583739,0
2025-07-09 17:00:00+07:00,28.0,4.5,59.0,/dl/web/weather/ic-w-04-scattered-clouds-full.svg,Đà Nẵng,-0.8139448191839139,0,-0.6974102389623206,0
2025-07-09 18:00:00+07:00,44.0,6.3,63.0,/dl/web/weather/ic-w-04-scattered-clouds-full.svg,Đà Nẵng,-0.26705164531017844,0,-0.35280949236678133,0
2025-07-09 19:00:00+07:00,56.0,3.5,68.0,/dl/web/weather/ic-w-04-scattered-clouds-full.svg,Đà Nẵng,0.14311823509512323,0,-0.8888550981820645,0
2025-07-09 20:00:00+07:00,62.0,6.6,66.0,/dl/web/weather/ic-w-04-scattered-clouds-full.svg,Đà Nẵng,0.34820317529777406,0,-0.29537603460085815,0
2025-07-09 21:00:00+07:00,58.0,9.5,66.0,/dl/web/weather/ic-w-04-scattered-clouds-full.svg,Đà Nẵng,0.21147988182934016,0,0.25981405713639955,0
2025-07-09 22:00:00+07:00,50.0,10.1,66.0,/dl/web/weather/ic-w-04-scattered-clouds-full.svg,Đà Nẵng,-0.0619667051075276,0,0.3746809726682459,0
2025-07-09 23:00:00+07:00,39.0,12.2,66.0,/dl/web/weather/ic-w-04-scattered-clouds-full.svg,Đà Nẵng,-0.4379557621457208,0,0.7767151770297083,0
2025-07-10 00:00:00+07:00,33.0,13.7,63.0,/dl/web/weather/ic-w-04-scattered-clouds-full.svg,Đà Nẵng,-0.6430407023483716,0,1.0638824658593244,0
2025-07-10 01:00:00+07:00,31.0,13.8,65.0,/dl/web/weather/ic-w-04-scattered-clouds-full.svg,Đà Nẵng,-0.7114023490825886,0,1.083026951781299,0
2025-07-10 02:00:00+07:00,25.0,14.6,68.0,/dl/web/weather/ic-w-04-scattered-clouds-full.svg,Đà Nẵng,-0.9164872892852394,0,1.2361828391570941,0
2025-07-10 03:00:00+07:00,19.0,14.8,66.0,/dl/web/weather/ic-w-04-scattered-clouds-full.svg,Đà Nẵng,-1.1215722294878903,0,1.2744718110010431,0
2025-07-10 04:00:00+07:00,25.0,14.3,67.0,/dl/web/weather/ic-w-04-scattered-clouds-full.svg,Đà Nẵng,-0.9164872892852394,0,1.1787493813911711,0
2025-07-10 06:00:00+07:00,31.0,12.6,68.0,/dl/web/weather/ic-w-06-rain-full.svg,Đà Nẵng,-0.7114023490825886,0,0.853293120717606,0
2025-07-10 07:00:00+07:00,39.0,14.8,73.0,/dl/web/weather/ic-w-04-scattered-clouds-full.svg,Đà Nẵng,-0.4379557621457208,0,1.2744718110010431,0
2025-07-10 08:00:00+07:00,44.0,15.8,68.0,/dl/web/weather/ic-w-04-scattered-clouds-full.svg,Đà Nẵng,-0.26705164531017844,0,1.465916670220787,0
2025-07-10 09:00:00+07:00,39.0,14.8,61.0,/dl/web/weather/ic-w-04-scattered-clouds-full.svg,Đà Nẵng,-0.4379557621457208,0,1.2744718110010431,0
2025-07-10 10:00:00+07:00,33.0,12.2,55.0,/dl/web/weather/ic-w-04-scattered-clouds-full.svg,Đà Nẵng,-0.6430407023483716,0,0.7767151770297083,0
2025-07-10 11:00:00+07:00,33.0,10.8,56.0,/dl/web/weather/ic-w-04-scattered-clouds-full.svg,Đà Nẵng,-0.6430407023483716,0,0.5086923741220669,0
2025-07-10 12:00:00+07:00,42.0,13.8,56.0,/dl/web/weather/ic-w-04-scattered-clouds-full.svg,Đà Nẵng,-0.33541329204439535,0,1.083026951781299,0
2025-07-10 13:00:00+07:00,36.0,15.9,63.0,/dl/web/weather/ic-w-04-scattered-clouds-full.svg,Đà Nẵng,-0.5404982322470462,0,1.4850611561427614,0
2025-07-10 14:00:00+07:00,28.0,11.9,59.0,/dl/web/weather/ic-w-04-scattered-clouds-full.svg,Đà Nẵng,-0.8139448191839139,0,0.7192817192637853,0
2025-07-10 15:00:00+07:00,25.0,6.9,53.0,/dl/web/weather/ic-w-04-scattered-clouds-full.svg,Đà Nẵng,-0.9164872892852394,0,-0.23794257683493483,0
2025-07-10 16:00:00+07:00,25.0,6.3,58.0,/dl/web/weather/ic-w-04-scattered-clouds-full.svg,Đà Nẵng,-0.9164872892852394,0,-0.35280949236678133,0
2025-07-10 17:00:00+07:00,36.0,11.3,62.0,/dl/web/weather/ic-w-04-scattered-clouds-full.svg,Đà Nẵng,-0.5404982322470462,0,0.604414803731939,0
2025-07-10 18:00:00+07:00,36.0,10.3,63.0,/dl/web/weather/ic-w-04-scattered-clouds-full.svg,Đà Nẵng,-0.5404982322470462,0,0.41296994451219493,0
2025-07-10 19:00:00+07:00,41.0,4.5,71.0,/dl/web/weather/ic-w-04-scattered-clouds-full.svg,Đà Nẵng,-0.36959411541150383,0,-0.6974102389623206,0
2025-07-10 21:00:00+07:00,58.0,5.5,71.0,/dl/web/weather/ic-w-04-scattered-clouds-full.svg,Đà Nẵng,0.21147988182934016,0,-0.5059653797425765,0
2025-07-11 00:00:00+07:00,62.0,11.7,70.0,/dl/web/weather/ic-w-04-scattered-clouds-full.svg,Đà Nẵng,0.34820317529777406,0,0.6809927474198363,0
2025-07-11 01:00:00+07:00,56.0,13.0,68.0,/dl/web/weather/ic-w-04-scattered-clouds-full.svg,Đà Nẵng,0.14311823509512323,0,0.9298710644055037,0
2025-07-11 02:00:00+07:00,53.0,12.2,66.0,/dl/web/weather/ic-w-04-scattered-clouds-full.svg,Đà Nẵng,0.040575764993797815,0,0.7767151770297083,0
2025-07-11 03:00:00+07:00,54.0,10.5,74.0,/dl/web/weather/ic-w-04-scattered-clouds-full.svg,Đà Nẵng,0.07475658836090629,0,0.4512589163561436,0
2025-07-11 04:00:00+07:00,54.0,11.1,67.0,/dl/web/weather/ic-w-04-scattered-clouds-full.svg,Đà Nẵng,0.07475658836090629,0,0.5661258318879899,0
2025-07-11 05:00:00+07:00,54.0,11.1,66.0,/dl/web/weather/ic-w-04-scattered-clouds-full.svg,Đà Nẵng,0.07475658836090629,0,0.5661258318879899,0
2025-07-11 06:00:00+07:00,55.0,10.3,70.0,/dl/web/weather/ic-w-04-scattered-clouds-full.svg,Đà Nẵng,0.10893741172801476,0,0.41296994451219493,0
2025-07-11 07:00:00+07:00,56.0,10.3,71.0,/dl/web/weather/ic-w-04-scattered-clouds-full.svg,Đà Nẵng,0.14311823509512323,0,0.41296994451219493,0
2025-07-11 08:00:00+07:00,57.0,10.3,63.0,/dl/web/weather/ic-w-04-scattered-clouds-full.svg,Đà Nẵng,0.1772990584622317,0,0.41296994451219493,0
2025-07-11 09:00:00+07:00,57.0,12.7,59.0,/dl/web/weather/ic-w-04-scattered-clouds-full.svg,Đà Nẵng,0.1772990584622317,0,0.8724376066395804,0
2025-07-11 10:00:00+07:00,71.0,13.4,58.0,/dl/web/weather/ic-w-04-scattered-clouds-full.svg,Đà Nẵng,0.6558305856017503,0,1.0064490080934014,0
2025-07-11 11:00:00+07:00,63.0,6.3,57.0,/dl/web/weather/ic-w-04-scattered-clouds-full.svg,Đà Nẵng,0.38238399866488254,0,-0.35280949236678133,0
2025-07-11 12:00:00+07:00,68.0,4.0,61.0,/dl/web/weather/ic-w-04-scattered-clouds-full.svg,Đà Nẵng,0.5532881155004249,0,-0.7931326685721926,0
2025-07-11 13:00:00+07:00,55.0,10.5,58.0,/dl/web/weather/ic-w-04-scattered-clouds-full.svg,Đà Nẵng,0.10893741172801476,0,0.4512589163561436,0
2025-07-11 14:00:00+07:00,55.0,17.1,61.0,/dl/web/weather/ic-w-04-scattered-clouds-full.svg,Đà Nẵng,0.10893741172801476,0,1.7147949872064545,0
2025-07-11 15:00:00+07:00,44.0,12.2,70.0,/dl/web/weather/ic-w-04-scattered-clouds-full.svg,Đà Nẵng,-0.26705164531017844,0,0.7767151770297083,0
2025-07-11 16:00:00+07:00,22.0,12.9,70.0,/dl/web/weather/ic-w-04-scattered-clouds-full.svg,Đà Nẵng,-1.0190297593865647,0,0.9107265784835293,0
2025-07-11 17:00:00+07:00,22.0,10.9,68.0,/dl/web/weather/ic-w-04-scattered-clouds-full.svg,Đà Nẵng,-1.0190297593865647,0,0.5278368600440413,0
2025-07-11 18:00:00+07:00,39.0,5.6,68.0,/dl/web/weather/ic-w-04-scattered-clouds-full.svg,Đà Nẵng,-0.4379557621457208,0,-0.48682089382060223,0
2025-07-11 19:00:00+07:00,37.0,3.9,76.0,/dl/web/weather/ic-w-04-scattered-clouds-full.svg,Đà Nẵng,-0.5063174088799377,0,-0.8122771544941669,0
2025-07-11 20:00:00+07:00,33.0,6.1,75.0,/dl/web/weather/ic-w-04-scattered-clouds-full.svg,Đà Nẵng,-0.6430407023483716,0,-0.3910984642107302,0
2025-07-11 21:00:00+07:00,33.0,6.1,75.0,/dl/web/weather/ic-w-04-scattered-clouds-full.svg,Đà Nẵng,-0.6430407023483716,0,-0.3910984642107302,0
2025-07-11 23:00:00+07:00,44.0,7.9,83.0,/dl/web/weather/ic-w-04-scattered-clouds-full.svg,Đà Nẵng,-0.26705164531017844,0,-0.0464977176151908,0
2025-07-12 00:00:00+07:00,58.0,7.9,84.0,/dl/web/weather/ic-w-04-scattered-clouds-full.svg,Đà Nẵng,0.21147988182934016,0,-0.0464977176151908,0
2025-07-12 01:00:00+07:00,58.0,9.2,83.0,/dl/web/weather/ic-w-04-scattered-clouds-full.svg,Đà Nẵng,0.21147988182934016,0,0.20238059937047623,0
2025-07-12 02:00:00+07:00,44.0,9.5,82.0,/dl/web/weather/ic-w-04-scattered-clouds-full.svg,Đà Nẵng,-0.26705164531017844,0,0.25981405713639955,0
2025-07-12 03:00:00+07:00,44.0,8.9,82.0,/dl/web/weather/ic-w-04-scattered-clouds-full.svg,Đà Nẵng,-0.26705164531017844,0,0.14494714160455321,0
2025-07-12 04:00:00+07:00,55.0,10.1,82.0,/dl/web/weather/ic-w-04-scattered-clouds-full.svg,Đà Nẵng,0.10893741172801476,0,0.3746809726682459,0
2025-07-12 05:00:00+07:00,54.0,9.7,78.0,/dl/web/weather/ic-w-04-scattered-clouds-full.svg,Đà Nẵng,0.07475658836090629,0,0.29810302898034824,0
2025-07-12 06:00:00+07:00,55.0,9.2,75.0,/dl/web/weather/ic-w-04-scattered-clouds-full.svg,Đà Nẵng,0.10893741172801476,0,0.20238059937047623,0
2025-07-12 07:00:00+07:00,64.0,9.2,75.0,/dl/web/weather/ic-w-04-scattered-clouds-full.svg,Đà Nẵng,0.416564822031991,0,0.20238059937047623,0
2025-07-12 08:00:00+07:00,58.0,6.9,64.0,/dl/web/weather/ic-w-04-scattered-clouds-full.svg,Đà Nẵng,0.21147988182934016,0,-0.23794257683493483,0
2025-07-12 09:00:00+07:00,59.0,5.5,59.0,/dl/web/weather/ic-w-04-scattered-clouds-full.svg,Đà Nẵng,0.24566070519644864,0,-0.5059653797425765,0
2025-07-12 10:00:00+07:00,39.0,6.6,54.0,/dl/web/weather/ic-w-04-scattered-clouds-full.svg,Đà Nẵng,-0.4379557621457208,0,-0.29537603460085815,0
2025-07-12 11:00:00+07:00,40.0,12.6,57.0,/dl/web/weather/ic-w-04-scattered-clouds-full.svg,Đà Nẵng,-0.4037749387786123,0,0.853293120717606,0
2025-07-12 12:00:00+07:00,28.0,17.7,70.0,/dl/web/weather/ic-w-04-scattered-clouds-full.svg,Đà Nẵng,-0.8139448191839139,0,1.8296619027383005,0
2025-07-12 13:00:00+07:00,22.0,19.0,64.0,/dl/web/weather/ic-w-04-scattered-clouds-full.svg,Đà Nẵng,-1.0190297593865647,0,2.0785402197239677,0
2025-07-12 14:00:00+07:00,39.0,16.4,71.0,/dl/web/weather/ic-w-04-scattered-clouds-full.svg,Đà Nẵng,-0.4379557621457208,0,1.5807835857526331,0
2025-07-12 15:00:00+07:00,47.0,15.1,82.0,/dl/web/weather/ic-w-04-scattered-clouds-full.svg,Đà Nẵng,-0.164509175208853,0,1.3319052687669661,0
2025-07-12 16:00:00+07:00,44.0,9.3,86.0,/dl/web/weather/ic-w-04-scattered-clouds-full.svg,Đà Nẵng,-0.26705164531017844,0,0.2215250852924509,0
2025-07-12 17:00:00+07:00,39.0,7.9,79.0,/dl/web/weather/ic-w-04-scattered-clouds-full.svg,Đà Nẵng,-0.4379557621457208,0,-0.0464977176151908,0
2025-07-12 18:00:00+07:00,39.0,4.8,79.0,/dl/web/weather/ic-w-04-scattered-clouds-full.svg,Đà Nẵng,-0.4379557621457208,0,-0.6399767811963973,0
2025-07-12 19:00:00+07:00,39.0,2.1,84.0,/dl/web/weather/ic-w-04-scattered-clouds-full.svg,Đà Nẵng,-0.4379557621457208,0,-1.1568779010897063,0
2025-07-12 20:00:00+07:00,39.0,4.5,85.0,/dl/web/weather/ic-w-04-scattered-clouds-full.svg,Đà Nẵng,-0.4379557621457208,0,-0.6974102389623206,0
2025-07-12 21:00:00+07:00,62.0,6.8,83.0,/dl/web/weather/ic-w-04-scattered-clouds-full.svg,Đà Nẵng,0.34820317529777406,0,-0.25708706275690935,0
2025-07-12 22:00:00+07:00,62.0,8.5,88.0,/dl/web/weather/ic-w-04-scattered-clouds-full.svg,Đà Nẵng,0.34820317529777406,0,0.06836919791665555,0
2025-07-12 23:00:00+07:00,64.0,9.2,92.0,/dl/web/weather/ic-w-04-scattered-clouds-full.svg,Đà Nẵng,0.416564822031991,0,0.20238059937047623,0
2025-07-13 00:00:00+07:00,56.0,9.5,89.0,/dl/web/weather/ic-w-04-scattered-clouds-full.svg,Đà Nẵng,0.14311823509512323,0,0.25981405713639955,0
2025-07-13 01:00:00+07:00,56.0,9.5,89.0,/dl/web/weather/ic-w-04-scattered-clouds-full.svg,Đà Nẵng,0.14311823509512323,0,0.25981405713639955,0
2025-07-13 02:00:00+07:00,66.0,7.6,89.0,/dl/web/weather/ic-w-04-scattered-clouds-full.svg,Đà Nẵng,0.48492646876620793,0,-0.10393117538111415,0
2025-07-13 03:00:00+07:00,58.0,7.9,89.0,/dl/web/weather/ic-w-04-scattered-clouds-full.svg,Đà Nẵng,0.21147988182934016,0,-0.0464977176151908,0
2025-07-13 04:00:00+07:00,58.0,6.9,89.0,/dl/web/weather/ic-w-04-scattered-clouds-full.svg,Đà Nẵng,0.21147988182934016,0,-0.23794257683493483,0
2025-07-13 05:00:00+07:00,60.0,6.8,84.0,/dl/web/weather/ic-w-04-scattered-clouds-full.svg,Đà Nẵng,0.2798415285635571,0,-0.25708706275690935,0
2025-07-13 06:00:00+07:00,56.0,6.8,88.0,/dl/web/weather/ic-w-04-scattered-clouds-full.svg,Đà Nẵng,0.14311823509512323,0,-0.25708706275690935,0
2025-07-13 07:00:00+07:00,64.0,7.6,86.0,/dl/web/weather/ic-w-04-scattered-clouds-full.svg,Đà Nẵng,0.416564822031991,0,-0.10393117538111415,0
2025-07-13 08:00:00+07:00,68.0,5.6,74.0,/dl/web/weather/ic-w-02-new-clouds-full.svg,Đà Nẵng,0.5532881155004249,0,-0.48682089382060223,0
2025-07-13 09:00:00+07:00,68.0,4.5,73.0,/dl/web/weather/ic-w-02-new-clouds-full.svg,Đà Nẵng,0.5532881155004249,0,-0.6974102389623206,0
2025-07-13 10:00:00+07:00,59.0,4.2,66.0,/dl/web/weather/ic-w-04-scattered-clouds-full.svg,Đà Nẵng,0.24566070519644864,0,-0.7548436967282437,0
2025-07-13 11:00:00+07:00,59.0,6.3,56.0,/dl/web/weather/ic-w-04-scattered-clouds-full.svg,Đà Nẵng,0.24566070519644864,0,-0.35280949236678133,0
2025-07-13 12:00:00+07:00,59.0,11.1,60.0,/dl/web/weather/ic-w-04-scattered-clouds-full.svg,Đà Nẵng,0.24566070519644864,0,0.5661258318879899,0
2025-07-13 13:00:00+07:00,59.0,13.4,63.0,/dl/web/weather/ic-w-04-scattered-clouds-full.svg,Đà Nẵng,0.24566070519644864,0,1.0064490080934014,0
2025-07-13 14:00:00+07:00,55.0,12.4,67.0,/dl/web/weather/ic-w-04-scattered-clouds-full.svg,Đà Nẵng,0.10893741172801476,0,0.8150041488736574,0
2025-07-13 15:00:00+07:00,55.0,12.4,66.0,/dl/web/weather/ic-w-06-rain-full.svg,Đà Nẵng,0.10893741172801476,0,0.8150041488736574,0
2025-07-13 16:00:00+07:00,53.0,11.3,63.0,/dl/web/weather/ic-w-04-scattered-clouds-full.svg,Đà Nẵng,0.040575764993797815,0,0.604414803731939,0
2025-07-13 17:00:00+07:00,53.0,9.2,70.0,/dl/web/weather/ic-w-04-scattered-clouds-full.svg,Đà Nẵng,0.040575764993797815,0,0.20238059937047623,0
2025-07-13 18:00:00+07:00,55.0,6.4,68.0,/dl/web/weather/ic-w-04-scattered-clouds-full.svg,Đà Nẵng,0.10893741172801476,0,-0.33366500644480684,0
2025-07-13 19:00:00+07:00,54.0,5.1,78.0,/dl/web/weather/ic-w-04-scattered-clouds-full.svg,Đà Nẵng,0.07475658836090629,0,-0.5825433234304742,0
2025-07-13 20:00:00+07:00,53.0,6.1,82.0,/dl/web/weather/ic-w-04-scattered-clouds-full.svg,Đà Nẵng,0.040575764993797815,0,-0.3910984642107302,0
2025-07-13 21:00:00+07:00,53.0,7.6,82.0,/dl/web/weather/ic-w-04-scattered-clouds-full.svg,Đà Nẵng,0.040575764993797815,0,-0.10393117538111415,0
2025-07-13 22:00:00+07:00,44.0,8.4,88.0,/dl/web/weather/ic-w-04-scattered-clouds-full.svg,Đà Nẵng,-0.26705164531017844,0,0.04922471199468121,0
2025-07-13 23:00:00+07:00,39.0,8.9,87.0,/dl/web/weather/ic-w-04-scattered-clouds-full.svg,Đà Nẵng,-0.4379557621457208,0,0.14494714160455321,0
2025-07-14 00:00:00+07:00,39.0,8.5,93.0,/dl/web/weather/ic-w-04-scattered-clouds-full.svg,Đà Nẵng,-0.4379557621457208,0,0.06836919791665555,0
2025-07-14 01:00:00+07:00,28.0,8.9,88.0,/dl/web/weather/ic-w-04-scattered-clouds-full.svg,Đà Nẵng,-0.8139448191839139,0,0.14494714160455321,0
2025-07-14 02:00:00+07:00,22.0,8.4,88.0,/dl/web/weather/ic-w-04-scattered-clouds-full.svg,Đà Nẵng,-1.0190297593865647,0,0.04922471199468121,0
2025-07-14 03:00:00+07:00,22.0,9.3,92.0,/dl/web/weather/ic-w-04-scattered-clouds-full.svg,Đà Nẵng,-1.0190297593865647,0,0.2215250852924509,0
2025-07-14 04:00:00+07:00,38.0,6.9,92.0,/dl/web/weather/ic-w-04-scattered-clouds-full.svg,Đà Nẵng,-0.4721365855128293,0,-0.23794257683493483,0
2025-07-14 05:00:00+07:00,38.0,7.1,88.0,/dl/web/weather/ic-w-04-scattered-clouds-full.svg,Đà Nẵng,-0.4721365855128293,0,-0.19965360499098617,0
2025-07-14 06:00:00+07:00,38.0,6.1,92.0,/dl/web/weather/ic-w-04-scattered-clouds-full.svg,Đà Nẵng,-0.4721365855128293,0,-0.3910984642107302,0
2025-07-14 07:00:00+07:00,35.0,5.1,90.0,/dl/web/weather/ic-w-04-scattered-clouds-full.svg,Đà Nẵng,-0.5746790556141547,0,-0.5825433234304742,0
2025-07-14 08:00:00+07:00,43.0,3.5,78.0,/dl/web/weather/ic-w-04-scattered-clouds-full.svg,Đà Nẵng,-0.30123246867728687,0,-0.8888550981820645,0
2025-07-14 09:00:00+07:00,43.0,2.9,67.0,/dl/web/weather/ic-w-04-scattered-clouds-full.svg,Đà Nẵng,-0.30123246867728687,0,-1.003722013713911,0
2025-07-14 10:00:00+07:00,50.0,5.1,63.0,/dl/web/weather/ic-w-04-scattered-clouds-full.svg,Đà Nẵng,-0.0619667051075276,0,-0.5825433234304742,0
2025-07-14 11:00:00+07:00,39.0,7.9,60.0,/dl/web/weather/ic-w-04-scattered-clouds-full.svg,Đà Nẵng,-0.4379557621457208,0,-0.0464977176151908,0
2025-07-14 12:00:00+07:00,39.0,10.8,57.0,/dl/web/weather/ic-w-04-scattered-clouds-full.svg,Đà Nẵng,-0.4379557621457208,0,0.5086923741220669,0
2025-07-14 13:00:00+07:00,44.0,12.4,65.0,/dl/web/weather/ic-w-04-scattered-clouds-full.svg,Đà Nẵng,-0.26705164531017844,0,0.8150041488736574,0
2025-07-14 14:00:00+07:00,44.0,11.3,66.0,/dl/web/weather/ic-w-04-scattered-clouds-full.svg,Đà Nẵng,-0.26705164531017844,0,0.604414803731939,0
2025-07-14 15:00:00+07:00,41.0,8.2,63.0,/dl/web/weather/ic-w-04-scattered-clouds-full.svg,Đà Nẵng,-0.36959411541150383,0,0.010935740150732199,0
2025-07-14 16:00:00+07:00,40.0,7.1,69.0,/dl/web/weather/ic-w-04-scattered-clouds-full.svg,Đà Nẵng,-0.4037749387786123,0,-0.19965360499098617,0
2025-07-14 17:00:00+07:00,44.0,6.9,70.0,/dl/web/weather/ic-w-04-scattered-clouds-full.svg,Đà Nẵng,-0.26705164531017844,0,-0.23794257683493483,0
2025-07-14 18:00:00+07:00,46.0,6.4,74.0,/dl/web/weather/ic-w-04-scattered-clouds-full.svg,Đà Nẵng,-0.19868999857596148,0,-0.33366500644480684,0
2025-07-14 19:00:00+07:00,50.0,5.3,65.0,/dl/web/weather/ic-w-04-scattered-clouds-full.svg,Đà Nẵng,-0.0619667051075276,0,-0.5442543515865254,0
2025-07-14 20:00:00+07:00,50.0,7.2,88.0,/dl/web/weather/ic-w-04-scattered-clouds-full.svg,Đà Nẵng,-0.0619667051075276,0,-0.18050911906901165,0
2025-07-14 21:00:00+07:00,33.0,7.4,88.0,/dl/web/weather/ic-w-04-scattered-clouds-full.svg,Đà Nẵng,-0.6430407023483716,0,-0.14222014722506282,0
2025-07-14 22:00:00+07:00,28.0,6.9,83.0,/dl/web/weather/ic-w-04-scattered-clouds-full.svg,Đà Nẵng,-0.8139448191839139,0,-0.23794257683493483,0
2025-07-14 23:00:00+07:00,22.0,7.6,88.0,/dl/web/weather/ic-w-04-scattered-clouds-full.svg,Đà Nẵng,-1.0190297593865647,0,-0.10393117538111415,0
2025-07-15 00:00:00+07:00,20.0,6.9,88.0,/dl/web/weather/ic-w-04-scattered-clouds-full.svg,Đà Nẵng,-1.0873914061207817,0,-0.23794257683493483,0
2025-07-15 01:00:00+07:00,19.0,7.6,89.0,/dl/web/weather/ic-w-04-scattered-clouds-full.svg,Đà Nẵng,-1.1215722294878903,0,-0.10393117538111415,0
2025-07-15 02:00:00+07:00,19.0,8.2,88.0,/dl/web/weather/ic-w-04-scattered-clouds-full.svg,Đà Nẵng,-1.1215722294878903,0,0.010935740150732199,0
2025-07-15 04:00:00+07:00,22.0,9.8,88.0,/dl/web/weather/ic-w-04-scattered-clouds-full.svg,Đà Nẵng,-1.0190297593865647,0,0.3172475149023229,0
2025-07-15 05:00:00+07:00,26.0,9.7,92.0,/dl/web/weather/ic-w-04-scattered-clouds-full.svg,Đà Nẵng,-0.8823064659181309,0,0.29810302898034824,0
2025-07-15 06:00:00+07:00,22.0,9.0,88.0,/dl/web/weather/ic-w-04-scattered-clouds-full.svg,Đà Nẵng,-1.0190297593865647,0,0.16409162752652756,0
2025-07-15 07:00:00+07:00,27.0,8.0,87.0,/dl/web/weather/ic-w-04-scattered-clouds-full.svg,Đà Nẵng,-0.8481256425510224,0,-0.02735323169321647,0
2025-07-15 08:00:00+07:00,34.0,6.8,78.0,/dl/web/weather/ic-w-04-scattered-clouds-full.svg,Đà Nẵng,-0.6088598789812631,0,-0.25708706275690935,0
2025-07-15 09:00:00+07:00,44.0,3.4,65.0,/dl/web/weather/ic-w-04-scattered-clouds-full.svg,Đà Nẵng,-0.26705164531017844,0,-0.9079995841040389,0
2025-07-15 10:00:00+07:00,53.0,4.2,64.0,/dl/web/weather/ic-w-04-scattered-clouds-full.svg,Đà Nẵng,0.040575764993797815,0,-0.7548436967282437,0
2025-07-15 11:00:00+07:00,44.0,8.5,65.0,/dl/web/weather/ic-w-04-scattered-clouds-full.svg,Đà Nẵng,-0.26705164531017844,0,0.06836919791665555,0
2025-07-15 12:00:00+07:00,44.0,11.3,66.0,/dl/web/weather/ic-w-04-scattered-clouds-full.svg,Đà Nẵng,-0.26705164531017844,0,0.604414803731939,0
2025-07-15 13:00:00+07:00,44.0,13.4,68.0,/dl/web/weather/ic-w-04-scattered-clouds-full.svg,Đà Nẵng,-0.26705164531017844,0,1.0064490080934014,0
2025-07-15 14:00:00+07:00,44.0,14.0,71.0,/dl/web/weather/ic-w-04-scattered-clouds-full.svg,Đà Nẵng,-0.26705164531017844,0,1.1213159236252477,0
2025-07-15 15:00:00+07:00,41.0,14.0,76.0,/dl/web/weather/ic-w-04-scattered-clouds-full.svg,Đà Nẵng,-0.36959411541150383,0,1.1213159236252477,0
2025-07-15 16:00:00+07:00,33.0,11.9,64.0,/dl/web/weather/ic-w-04-scattered-clouds-full.svg,Đà Nẵng,-0.6430407023483716,0,0.7192817192637853,0
2025-07-15 17:00:00+07:00,31.0,9.7,72.0,/dl/web/weather/ic-w-04-scattered-clouds-full.svg,Đà Nẵng,-0.7114023490825886,0,0.29810302898034824,0
2025-07-15 18:00:00+07:00,31.0,6.6,72.0,/dl/web/weather/ic-w-04-scattered-clouds-full.svg,Đà Nẵng,-0.7114023490825886,0,-0.29537603460085815,0
2025-07-15 19:00:00+07:00,31.0,4.2,83.0,/dl/web/weather/ic-w-04-scattered-clouds-full.svg,Đà Nẵng,-0.7114023490825886,0,-0.7548436967282437,0
2025-07-15 21:00:00+07:00,34.0,7.1,83.0,/dl/web/weather/ic-w-04-scattered-clouds-full.svg,Đà Nẵng,-0.6088598789812631,0,-0.19965360499098617,0
2025-07-15 22:00:00+07:00,34.0,9.0,83.0,/dl/web/weather/ic-w-04-scattered-clouds-full.svg,Đà Nẵng,-0.6088598789812631,0,0.16409162752652756,0
2025-07-15 23:00:00+07:00,22.0,9.7,88.0,/dl/web/weather/ic-w-04-scattered-clouds-full.svg,Đà Nẵng,-1.0190297593865647,0,0.29810302898034824,0
2025-07-16 00:00:00+07:00,19.0,10.3,88.0,/dl/web/weather/ic-w-04-scattered-clouds-full.svg,Đà Nẵng,-1.1215722294878903,0,0.41296994451219493,0
2025-07-16 01:00:00+07:00,19.0,10.3,89.0,/dl/web/weather/ic-w-04-scattered-clouds-full.svg,Đà Nẵng,-1.1215722294878903,0,0.41296994451219493,0
2025-07-16 02:00:00+07:00,22.0,11.3,89.0,/dl/web/weather/ic-w-04-scattered-clouds-full.svg,Đà Nẵng,-1.0190297593865647,0,0.604414803731939,0
2025-07-16 03:00:00+07:00,19.0,11.3,89.0,/dl/web/weather/ic-w-04-scattered-clouds-full.svg,Đà Nẵng,-1.1215722294878903,0,0.604414803731939,0
2025-07-16 04:00:00+07:00,19.0,8.5,88.0,/dl/web/weather/ic-w-04-scattered-clouds-full.svg,Đà Nẵng,-1.1215722294878903,0,0.06836919791665555,0
2025-07-16 05:00:00+07:00,23.0,7.4,88.0,/dl/web/weather/ic-w-04-scattered-clouds-full.svg,Đà Nẵng,-0.9848489360194563,0,-0.14222014722506282,0
2025-07-16 06:00:00+07:00,22.0,9.7,92.0,/dl/web/weather/ic-w-04-scattered-clouds-full.svg,Đà Nẵng,-1.0190297593865647,0,0.29810302898034824,0
2025-07-16 07:00:00+07:00,23.0,9.3,83.0,/dl/web/weather/ic-w-04-scattered-clouds-full.svg,Đà Nẵng,-0.9848489360194563,0,0.2215250852924509,0
2025-07-16 08:00:00+07:00,33.0,10.1,74.0,/dl/web/weather/ic-w-04-scattered-clouds-full.svg,Đà Nẵng,-0.6430407023483716,0,0.3746809726682459,0
2025-07-16 09:00:00+07:00,39.0,9.8,66.0,/dl/web/weather/ic-w-04-scattered-clouds-full.svg,Đà Nẵng,-0.4379557621457208,0,0.3172475149023229,0
2025-07-16 10:00:00+07:00,19.0,6.4,56.0,/dl/web/weather/ic-w-04-scattered-clouds-full.svg,Đà Nẵng,-1.1215722294878903,0,-0.33366500644480684,0
2025-07-16 11:00:00+07:00,19.0,2.6,51.0,/dl/web/weather/ic-w-04-scattered-clouds-full.svg,Đà Nẵng,-1.1215722294878903,0,-1.0611554714798344,0
2025-07-16 12:00:00+07:00,19.0,9.5,56.0,/dl/web/weather/ic-w-04-scattered-clouds-full.svg,Đà Nẵng,-1.1215722294878903,0,0.25981405713639955,0
2025-07-16 13:00:00+07:00,19.0,16.4,59.0,/dl/web/weather/ic-w-04-scattered-clouds-full.svg,Đà Nẵng,-1.1215722294878903,0,1.5807835857526331,0
2025-07-16 14:00:00+07:00,19.0,19.5,64.0,/dl/web/weather/ic-w-04-scattered-clouds-full.svg,Đà Nẵng,-1.1215722294878903,0,2.1742626493338397,0
2025-07-16 16:00:00+07:00,22.0,18.0,61.0,/dl/web/weather/ic-w-04-scattered-clouds-full.svg,Đà Nẵng,-1.0190297593865647,0,1.8870953605042238,0
2025-07-16 17:00:00+07:00,24.0,16.9,62.0,/dl/web/weather/ic-w-04-scattered-clouds-full.svg,Đà Nẵng,-0.9506681126523479,0,1.676506015362505,0
2025-07-16 18:00:00+07:00,24.0,11.9,69.0,/dl/web/weather/ic-w-04-scattered-clouds-full.svg,Đà Nẵng,-0.9506681126523479,0,0.7192817192637853,0
2025-07-16 19:00:00+07:00,25.0,7.2,74.0,/dl/web/weather/ic-w-04-scattered-clouds-full.svg,Đà Nẵng,-0.9164872892852394,0,-0.18050911906901165,0
2025-07-16 20:00:00+07:00,33.0,8.9,79.0,/dl/web/weather/ic-w-04-scattered-clouds-full.svg,Đà Nẵng,-0.6430407023483716,0,0.14494714160455321,0
2025-07-16 21:00:00+07:00,33.0,6.0,80.0,/dl/web/weather/ic-w-04-scattered-clouds-full.svg,Đà Nẵng,-0.6430407023483716,0,-0.4102429501327045,0
2025-07-16 22:00:00+07:00,28.0,3.7,83.0,/dl/web/weather/ic-w-12-night-rain-full.svg,Đà Nẵng,-0.8139448191839139,0,-0.8505661263381158,0
2025-07-16 23:00:00+07:00,28.0,9.3,88.0,/dl/web/weather/ic-w-12-night-rain-full.svg,Đà Nẵng,-0.8139448191839139,0,0.2215250852924509,0
2025-07-17 00:00:00+07:00,19.0,10.3,89.0,/dl/web/weather/ic-w-12-night-rain-full.svg,Đà Nẵng,-1.1215722294878903,0,0.41296994451219493,0
2025-07-17 01:00:00+07:00,22.0,11.6,88.0,/dl/web/weather/ic-w-12-night-rain-full.svg,Đà Nẵng,-1.0190297593865647,0,0.6618482614978619,0
2025-07-17 02:00:00+07:00,22.0,12.2,88.0,/dl/web/weather/ic-w-12-night-rain-full.svg,Đà Nẵng,-1.0190297593865647,0,0.7767151770297083,0
2025-07-17 03:00:00+07:00,22.0,12.4,97.0,/dl/web/weather/ic-weather-night-few-clouds.svg,Đà Nẵng,-1.0190297593865647,0,0.8150041488736574,0
2025-07-17 05:00:00+07:00,19.0,10.6,97.0,/dl/web/weather/ic-weather-03n.svg,Đà Nẵng,-1.1215722294878903,0,0.47040340227811794,0
2025-07-17 06:00:00+07:00,22.0,9.3,92.0,/dl/web/weather/ic-weather-03d.svg,Đà Nẵng,-1.0190297593865647,0,0.2215250852924509,0
2025-07-17 07:00:00+07:00,28.0,6.4,87.0,/dl/web/weather/ic-weather-03d.svg,Đà Nẵng,-0.8139448191839139,0,-0.33366500644480684,0
2025-07-17 08:00:00+07:00,50.0,6.3,80.0,/dl/web/weather/ic-weather-01d.svg,Đà Nẵng,-0.0619667051075276,0,-0.35280949236678133,0
2025-07-17 09:00:00+07:00,34.0,2.9,59.0,/dl/web/weather/ic-weather-01d.svg,Đà Nẵng,-0.6088598789812631,0,-1.003722013713911,0
2025-07-17 10:00:00+07:00,36.0,1.9,62.0,/dl/web/weather/ic-weather-02d.svg,Đà Nẵng,-0.5404982322470462,0,-1.1951668729336549,0
2025-07-17 11:00:00+07:00,39.0,6.4,58.0,/dl/web/weather/ic-weather-03d.svg,Đà Nẵng,-0.4379557621457208,0,-0.33366500644480684,0
2025-07-17 12:00:00+07:00,39.0,12.6,56.0,/dl/web/weather/ic-weather-03d.svg,Đà Nẵng,-0.4379557621457208,0,0.853293120717606,0
2025-07-17 13:00:00+07:00,39.0,14.2,60.0,/dl/web/weather/ic-weather-03d.svg,Đà Nẵng,-0.4379557621457208,0,1.1596048954691964,0
2025-07-17 14:00:00+07:00,33.0,15.9,57.0,/dl/web/weather/ic-weather-02d.svg,Đà Nẵng,-0.6430407023483716,0,1.4850611561427614,0
2025-07-17 15:00:00+07:00,28.0,14.3,66.0,/dl/web/weather/ic-weather-02d.svg,Đà Nẵng,-0.8139448191839139,0,1.1787493813911711,0
2025-07-17 16:00:00+07:00,28.0,12.2,70.0,/dl/web/weather/ic-weather-02d.svg,Đà Nẵng,-0.8139448191839139,0,0.7767151770297083,0
2025-07-17 17:00:00+07:00,22.0,9.5,68.0,/dl/web/weather/ic-weather-03d.svg,Đà Nẵng,-1.0190297593865647,0,0.25981405713639955,0
2025-07-17 18:00:00+07:00,22.0,7.6,77.0,/dl/web/weather/ic-weather-03d.svg,Đà Nẵng,-1.0190297593865647,0,-0.10393117538111415,0
2025-07-17 19:00:00+07:00,22.0,5.1,77.0,/dl/web/weather/ic-weather-03n.svg,Đà Nẵng,-1.0190297593865647,0,-0.5825433234304742,0
2025-07-17 20:00:00+07:00,22.0,6.4,75.0,/dl/web/weather/ic-weather-01n.svg,Đà Nẵng,-1.0190297593865647,0,-0.33366500644480684,0
2025-07-17 21:00:00+07:00,22.0,8.7,80.0,/dl/web/weather/ic-weather-01n.svg,Đà Nẵng,-1.0190297593865647,0,0.10665816976060422,0
2025-07-18 00:00:00+07:00,22.0,11.3,83.0,/dl/web/weather/ic-weather-01n.svg,Đà Nẵng,-1.0190297593865647,0,0.604414803731939,0
2025-07-18 01:00:00+07:00,19.0,11.9,85.0,/dl/web/weather/ic-weather-02n.svg,Đà Nẵng,-1.1215722294878903,0,0.7192817192637853,0
2025-07-18 02:00:00+07:00,22.0,10.6,88.0,/dl/web/weather/ic-weather-03n.svg,Đà Nẵng,-1.0190297593865647,0,0.47040340227811794,0
2025-07-18 04:00:00+07:00,22.0,8.9,88.0,/dl/web/weather/ic-weather-03n.svg,Đà Nẵng,-1.0190297593865647,0,0.14494714160455321,0
2025-07-18 05:00:00+07:00,25.0,7.4,87.0,/dl/web/weather/ic-weather-04n.svg,Đà Nẵng,-0.9164872892852394,0,-0.14222014722506282,0
2025-07-18 06:00:00+07:00,47.0,6.8,87.0,/dl/web/weather/ic-weather-04d.svg,Đà Nẵng,-0.164509175208853,0,-0.25708706275690935,0
2025-07-18 07:00:00+07:00,44.0,5.6,81.0,/dl/web/weather/ic-weather-04d.svg,Đà Nẵng,-0.26705164531017844,0,-0.48682089382060223,0
2025-07-18 08:00:00+07:00,50.0,4.8,66.0,/dl/web/weather/ic-weather-04d.svg,Đà Nẵng,-0.0619667051075276,0,-0.6399767811963973,0
2025-07-18 09:00:00+07:00,33.0,6.4,59.0,/dl/web/weather/ic-weather-04d.svg,Đà Nẵng,-0.6430407023483716,0,-0.33366500644480684,0
2025-07-18 10:00:00+07:00,33.0,7.6,53.0,/dl/web/weather/ic-weather-04d.svg,Đà Nẵng,-0.6430407023483716,0,-0.10393117538111415,0
2025-07-18 11:00:00+07:00,26.0,5.0,48.0,/dl/web/weather/ic-weather-04d.svg,Đà Nẵng,-0.8823064659181309,0,-0.6016878093524486,0
2025-07-18 12:00:00+07:00,19.0,3.4,55.0,/dl/web/weather/ic-weather-04d.svg,Đà Nẵng,-1.1215722294878903,0,-0.9079995841040389,0
2025-07-18 13:00:00+07:00,19.0,14.2,60.0,/dl/web/weather/ic-weather-04d.svg,Đà Nẵng,-1.1215722294878903,0,1.1596048954691964,0
2025-07-18 14:00:00+07:00,22.0,22.0,59.0,/dl/web/weather/ic-weather-04d.svg,Đà Nẵng,-1.0190297593865647,0,2.6528747973832,0
2025-07-18 15:00:00+07:00,22.0,16.4,65.0,/dl/web/weather/ic-weather-04d.svg,Đà Nẵng,-1.0190297593865647,0,1.5807835857526331,0
2025-07-18 16:00:00+07:00,25.0,13.2,60.0,/dl/web/weather/ic-weather-04d.svg,Đà Nẵng,-0.9164872892852394,0,0.9681600362494523,0
2025-07-18 17:00:00+07:00,24.0,13.2,60.0,/dl/web/weather/ic-weather-04d.svg,Đà Nẵng,-0.9506681126523479,0,0.9681600362494523,0
2025-07-18 18:00:00+07:00,24.0,12.6,67.0,/dl/web/weather/ic-weather-04d.svg,Đà Nẵng,-0.9506681126523479,0,0.853293120717606,0
2025-07-18 19:00:00+07:00,22.0,13.0,71.0,/dl/web/weather/ic-weather-04n.svg,Đà Nẵng,-1.0190297593865647,0,0.9298710644055037,0
2025-07-18 20:00:00+07:00,50.0,9.8,76.0,/dl/web/weather/ic-weather-04n.svg,Đà Nẵng,-0.0619667051075276,0,0.3172475149023229,0
2025-07-18 21:00:00+07:00,50.0,11.6,74.0,/dl/web/weather/ic-weather-04n.svg,Đà Nẵng,-0.0619667051075276,0,0.6618482614978619,0
2025-07-18 22:00:00+07:00,44.0,11.3,78.0,/dl/web/weather/ic-weather-04n.svg,Đà Nẵng,-0.26705164531017844,0,0.604414803731939,0
2025-07-18 23:00:00+07:00,50.0,10.9,81.0,/dl/web/weather/ic-weather-04n.svg,Đà Nẵng,-0.0619667051075276,0,0.5278368600440413,0
2025-07-19 00:00:00+07:00,52.0,14.0,77.0,/dl/web/weather/ic-weather-04n.svg,Đà Nẵng,0.006394941626689343,0,1.1213159236252477,0
2025-07-19 01:00:00+07:00,44.0,14.6,80.0,/dl/web/weather/ic-weather-04n.svg,Đà Nẵng,-0.26705164531017844,0,1.2361828391570941,0
2025-07-19 03:00:00+07:00,19.0,12.1,73.0,/dl/web/weather/ic-weather-04n.svg,Đà Nẵng,-1.1215722294878903,0,0.757570691107734,0
2025-07-19 04:00:00+07:00,19.0,11.4,73.0,/dl/web/weather/ic-weather-04n.svg,Đà Nẵng,-1.1215722294878903,0,0.6235592896539133,0
2025-07-19 05:00:00+07:00,19.0,13.7,70.0,/dl/web/weather/ic-weather-04n.svg,Đà Nẵng,-1.1215722294878903,0,1.0638824658593244,0
2025-07-19 06:00:00+07:00,19.0,14.8,76.0,/dl/web/weather/ic-weather-04d.svg,Đà Nẵng,-1.1215722294878903,0,1.2744718110010431,0
2025-07-19 07:00:00+07:00,19.0,12.9,70.0,/dl/web/weather/ic-weather-04d.svg,Đà Nẵng,-1.1215722294878903,0,0.9107265784835293,0
2025-07-19 08:00:00+07:00,19.0,11.7,65.0,/dl/web/weather/ic-weather-04d.svg,Đà Nẵng,-1.1215722294878903,0,0.6809927474198363,0
2025-07-19 09:00:00+07:00,28.0,12.2,55.0,/dl/web/weather/ic-weather-04d.svg,Đà Nẵng,-0.8139448191839139,0,0.7767151770297083,0
2025-07-19 10:00:00+07:00,28.0,7.7,50.0,/dl/web/weather/ic-weather-04d.svg,Đà Nẵng,-0.8139448191839139,0,-0.08478668945913964,0
2025-07-19 11:00:00+07:00,28.0,6.1,49.0,/dl/web/weather/ic-weather-04d.svg,Đà Nẵng,-0.8139448191839139,0,-0.3910984642107302,0
2025-07-19 12:00:00+07:00,28.0,15.1,51.0,/dl/web/weather/ic-weather-04d.svg,Đà Nẵng,-0.8139448191839139,0,1.3319052687669661,0
2025-07-19 13:00:00+07:00,19.0,14.5,54.0,/dl/web/weather/ic-weather-04d.svg,Đà Nẵng,-1.1215722294878903,0,1.2170383532351197,0
2025-07-19 14:00:00+07:00,19.0,18.5,53.0,/dl/web/weather/ic-weather-04d.svg,Đà Nẵng,-1.1215722294878903,0,1.9828177901140958,0
2025-07-19 15:00:00+07:00,19.0,10.8,49.0,/dl/web/weather/ic-weather-04d.svg,Đà Nẵng,-1.1215722294878903,0,0.5086923741220669,0
2025-07-19 16:00:00+07:00,19.0,7.7,49.0,/dl/web/weather/ic-weather-04d.svg,Đà Nẵng,-1.1215722294878903,0,-0.08478668945913964,0
2025-07-19 17:00:00+07:00,19.0,4.3,55.0,/dl/web/weather/ic-weather-10d.svg,Đà Nẵng,-1.1215722294878903,0,-0.7356992108062694,0
2025-07-19 18:00:00+07:00,50.0,4.7,58.0,/dl/web/weather/ic-weather-04d.svg,Đà Nẵng,-0.0619667051075276,0,-0.6591212671183717,0
2025-07-19 19:00:00+07:00,59.0,10.5,67.0,/dl/web/weather/ic-weather-04n.svg,Đà Nẵng,0.24566070519644864,0,0.4512589163561436,0
2025-07-19 20:00:00+07:00,66.0,10.8,58.0,/dl/web/weather/ic-weather-04n.svg,Đà Nẵng,0.48492646876620793,0,0.5086923741220669,0
2025-07-19 21:00:00+07:00,56.0,10.8,58.0,/dl/web/weather/ic-weather-04n.svg,Đà Nẵng,0.14311823509512323,0,0.5086923741220669,0
2025-07-19 22:00:00+07:00,19.0,17.4,59.0,/dl/web/weather/ic-weather-04n.svg,Đà Nẵng,-1.1215722294878903,0,1.772228444972377,0
2025-07-19 23:00:00+07:00,14.0,18.5,59.0,/dl/web/weather/ic-weather-04n.svg,Đà Nẵng,-1.2924763463234326,0,1.9828177901140958,0
2025-07-20 00:00:00+07:00,8.0,15.8,63.0,/dl/web/weather/ic-weather-04n.svg,Đà Nẵng,-1.4975612865260834,0,1.465916670220787,0
2025-07-20 01:00:00+07:00,19.0,15.9,66.0,/dl/web/weather/ic-weather-04n.svg,Đà Nẵng,-1.1215722294878903,0,1.4850611561427614,0
2025-07-20 02:00:00+07:00,19.0,15.8,65.0,/dl/web/weather/ic-weather-04n.svg,Đà Nẵng,-1.1215722294878903,0,1.465916670220787,0
2025-07-20 03:00:00+07:00,19.0,15.4,69.0,/dl/web/weather/ic-weather-04n.svg,Đà Nẵng,-1.1215722294878903,0,1.3893387265328894,0
2025-07-20 04:00:00+07:00,19.0,14.5,65.0,/dl/web/weather/ic-weather-04n.svg,Đà Nẵng,-1.1215722294878903,0,1.2170383532351197,0
2025-07-20 05:00:00+07:00,19.0,13.7,65.0,/dl/web/weather/ic-weather-04n.svg,Đà Nẵng,-1.1215722294878903,0,1.0638824658593244,0
2025-07-20 06:00:00+07:00,19.0,12.9,65.0,/dl/web/weather/ic-weather-10d.svg,Đà Nẵng,-1.1215722294878903,0,0.9107265784835293,0
2025-07-20 07:00:00+07:00,19.0,12.7,71.0,/dl/web/weather/ic-weather-10d.svg,Đà Nẵng,-1.1215722294878903,0,0.8724376066395804,0
2025-07-20 08:00:00+07:00,19.0,13.4,74.0,/dl/web/weather/ic-weather-10d.svg,Đà Nẵng,-1.1215722294878903,0,1.0064490080934014,0
2025-07-20 09:00:00+07:00,22.0,15.0,80.0,/dl/web/weather/ic-weather-10d.svg,Đà Nẵng,-1.0190297593865647,0,1.3127607828449916,0
2025-07-20 10:00:00+07:00,23.0,14.0,76.0,/dl/web/weather/ic-weather-10d.svg,Đà Nẵng,-0.9848489360194563,0,1.1213159236252477,0
2025-07-20 11:00:00+07:00,23.0,16.4,65.0,/dl/web/weather/ic-weather-04d.svg,Đà Nẵng,-0.9848489360194563,0,1.5807835857526331,0
2025-07-20 12:00:00+07:00,23.0,18.8,58.0,/dl/web/weather/ic-weather-04d.svg,Đà Nẵng,-0.9848489360194563,0,2.040251247880019,0
2025-07-20 13:00:00+07:00,19.0,20.9,61.0,/dl/web/weather/ic-weather-10d.svg,Đà Nẵng,-1.1215722294878903,0,2.442285452241481,0
2025-07-20 14:00:00+07:00,19.0,18.5,56.0,/dl/web/weather/ic-weather-04d.svg,Đà Nẵng,-1.1215722294878903,0,1.9828177901140958,0
2025-07-20 15:00:00+07:00,19.0,16.7,62.0,/dl/web/weather/ic-weather-04d.svg,Đà Nẵng,-1.1215722294878903,0,1.6382170435185563,0
2025-07-20 16:00:00+07:00,19.0,16.9,62.0,/dl/web/weather/ic-weather-04d.svg,Đà Nẵng,-1.1215722294878903,0,1.676506015362505,0
2025-07-20 17:00:00+07:00,19.0,15.8,59.0,/dl/web/weather/ic-weather-04d.svg,Đà Nẵng,-1.1215722294878903,0,1.465916670220787,0
2025-07-20 18:00:00+07:00,19.0,15.4,66.0,/dl/web/weather/ic-weather-04d.svg,Đà Nẵng,-1.1215722294878903,0,1.3893387265328894,0
2025-07-20 19:00:00+07:00,33.0,16.1,66.0,/dl/web/weather/ic-weather-04n.svg,Đà Nẵng,-0.6430407023483716,0,1.5233501279867103,0
2025-07-20 20:00:00+07:00,19.0,16.4,66.0,/dl/web/weather/ic-weather-04n.svg,Đà Nẵng,-1.1215722294878903,0,1.5807835857526331,0
2025-07-20 21:00:00+07:00,22.0,14.0,66.0,/dl/web/weather/ic-weather-04n.svg,Đà Nẵng,-1.0190297593865647,0,1.1213159236252477,0
2025-07-20 22:00:00+07:00,22.0,14.8,63.0,/dl/web/weather/ic-weather-04n.svg,Đà Nẵng,-1.0190297593865647,0,1.2744718110010431,0
2025-07-20 23:00:00+07:00,22.0,14.6,62.0,/dl/web/weather/ic-weather-04n.svg,Đà Nẵng,-1.0190297593865647,0,1.2361828391570941,0
2025-07-21 00:00:00+07:00,19.0,14.5,63.0,/dl/web/weather/ic-weather-04n.svg,Đà Nẵng,-1.1215722294878903,0,1.2170383532351197,0
2025-07-21 01:00:00+07:00,19.0,12.1,63.0,/dl/web/weather/ic-weather-04n.svg,Đà Nẵng,-1.1215722294878903,0,0.757570691107734,0
2025-07-21 02:00:00+07:00,19.0,12.9,60.0,/dl/web/weather/ic-weather-10n.svg,Đà Nẵng,-1.1215722294878903,0,0.9107265784835293,0
2025-07-21 03:00:00+07:00,19.0,13.0,73.0,/dl/web/weather/ic-weather-10n.svg,Đà Nẵng,-1.1215722294878903,0,0.9298710644055037,0
2025-07-21 04:00:00+07:00,19.0,16.1,72.0,/dl/web/weather/ic-weather-10n.svg,Đà Nẵng,-1.1215722294878903,0,1.5233501279867103,0
2025-07-21 05:00:00+07:00,19.0,16.9,72.0,/dl/web/weather/ic-weather-04n.svg,Đà Nẵng,-1.1215722294878903,0,1.676506015362505,0
2025-07-21 06:00:00+07:00,19.0,16.9,72.0,/dl/web/weather/ic-weather-10d.svg,Đà Nẵng,-1.1215722294878903,0,1.676506015362505,0
2025-07-21 07:00:00+07:00,19.0,11.7,68.0,/dl/web/weather/ic-weather-10d.svg,Đà Nẵng,-1.1215722294878903,0,0.6809927474198363,0
2025-07-21 08:00:00+07:00,19.0,10.6,64.0,/dl/web/weather/ic-weather-10d.svg,Đà Nẵng,-1.1215722294878903,0,0.47040340227811794,0
2025-07-21 09:00:00+07:00,23.0,9.5,67.0,/dl/web/weather/ic-weather-04d.svg,Đà Nẵng,-0.9848489360194563,0,0.25981405713639955,0
2025-07-21 10:00:00+07:00,22.0,12.9,60.0,/dl/web/weather/ic-weather-10d.svg,Đà Nẵng,-1.0190297593865647,0,0.9107265784835293,0
2025-07-21 11:00:00+07:00,20.0,16.7,65.0,/dl/web/weather/ic-weather-04d.svg,Đà Nẵng,-1.0873914061207817,0,1.6382170435185563,0
2025-07-21 12:00:00+07:00,22.0,15.0,56.0,/dl/web/weather/ic-weather-10d.svg,Đà Nẵng,-1.0190297593865647,0,1.3127607828449916,0
2025-07-21 13:00:00+07:00,19.0,17.9,58.0,/dl/web/weather/ic-weather-04d.svg,Đà Nẵng,-1.1215722294878903,0,1.867950874582249,0
2025-07-21 14:00:00+07:00,19.0,17.2,53.0,/dl/web/weather/ic-weather-04d.svg,Đà Nẵng,-1.1215722294878903,0,1.7339394731284286,0
2025-07-21 15:00:00+07:00,19.0,17.2,53.0,/dl/web/weather/ic-weather-04d.svg,Đà Nẵng,-1.1215722294878903,0,1.7339394731284286,0
2025-07-21 16:00:00+07:00,19.0,15.4,56.0,/dl/web/weather/ic-weather-04d.svg,Đà Nẵng,-1.1215722294878903,0,1.3893387265328894,0
2025-07-21 17:00:00+07:00,19.0,16.1,59.0,/dl/web/weather/ic-weather-04d.svg,Đà Nẵng,-1.1215722294878903,0,1.5233501279867103,0
2025-07-21 18:00:00+07:00,23.0,13.8,63.0,/dl/web/weather/ic-weather-04d.svg,Đà Nẵng,-0.9848489360194563,0,1.083026951781299,0
2025-07-21 19:00:00+07:00,27.0,13.7,63.0,/dl/web/weather/ic-weather-04n.svg,Đà Nẵng,-0.8481256425510224,0,1.0638824658593244,0
2025-07-21 20:00:00+07:00,33.0,14.5,62.0,/dl/web/weather/ic-weather-04n.svg,Đà Nẵng,-0.6430407023483716,0,1.2170383532351197,0
2025-07-21 21:00:00+07:00,33.0,15.0,60.0,/dl/web/weather/ic-weather-04n.svg,Đà Nẵng,-0.6430407023483716,0,1.3127607828449916,0
2025-07-21 22:00:00+07:00,34.0,11.7,60.0,/dl/web/weather/ic-weather-04n.svg,Đà Nẵng,-0.6088598789812631,0,0.6809927474198363,0
2025-07-21 23:00:00+07:00,32.0,11.6,59.0,/dl/web/weather/ic-weather-04n.svg,Đà Nẵng,-0.6772215257154801,0,0.6618482614978619,0
2025-07-22 00:00:00+07:00,30.0,12.9,62.0,/dl/web/weather/ic-weather-10n.svg,Đà Nẵng,-0.7455831724496971,0,0.9107265784835293,0
2025-07-22 01:00:00+07:00,19.0,13.4,61.0,/dl/web/weather/ic-weather-10n.svg,Đà Nẵng,-1.1215722294878903,0,1.0064490080934014,0
2025-07-22 02:00:00+07:00,19.0,12.7,57.0,/dl/web/weather/ic-weather-04n.svg,Đà Nẵng,-1.1215722294878903,0,0.8724376066395804,0
2025-07-22 03:00:00+07:00,19.0,10.5,70.0,/dl/web/weather/ic-weather-04n.svg,Đà Nẵng,-1.1215722294878903,0,0.4512589163561436,0
2025-07-22 05:00:00+07:00,19.0,15.8,59.0,/dl/web/weather/ic-weather-04n.svg,Đà Nẵng,-1.1215722294878903,0,1.465916670220787,0
2025-07-22 06:00:00+07:00,19.0,12.7,59.0,/dl/web/weather/ic-weather-04d.svg,Đà Nẵng,-1.1215722294878903,0,0.8724376066395804,0
2025-07-22 07:00:00+07:00,19.0,12.2,59.0,/dl/web/weather/ic-weather-04d.svg,Đà Nẵng,-1.1215722294878903,0,0.7767151770297083,0
2025-07-22 08:00:00+07:00,19.0,12.6,59.0,/dl/web/weather/ic-weather-10d.svg,Đà Nẵng,-1.1215722294878903,0,0.853293120717606,0
2025-07-22 09:00:00+07:00,18.0,13.0,59.0,/dl/web/weather/ic-weather-04d.svg,Đà Nẵng,-1.1557530528549986,0,0.9298710644055037,0
2025-07-22 10:00:00+07:00,33.0,16.4,59.0,/dl/web/weather/ic-weather-10d.svg,Đà Nẵng,-0.6430407023483716,0,1.5807835857526331,0
2025-07-22 11:00:00+07:00,33.0,17.2,56.0,/dl/web/weather/ic-weather-04d.svg,Đà Nẵng,-0.6430407023483716,0,1.7339394731284286,0
2025-07-22 12:00:00+07:00,33.0,16.3,58.0,/dl/web/weather/ic-weather-04d.svg,Đà Nẵng,-0.6430407023483716,0,1.561639099830659,0
2025-07-22 13:00:00+07:00,22.0,16.4,53.0,/dl/web/weather/ic-weather-04d.svg,Đà Nẵng,-1.0190297593865647,0,1.5807835857526331,0
2025-07-22 14:00:00+07:00,19.0,19.5,52.0,/dl/web/weather/ic-weather-04d.svg,Đà Nẵng,-1.1215722294878903,0,2.1742626493338397,0
2025-07-22 15:00:00+07:00,19.0,16.1,53.0,/dl/web/weather/ic-weather-04d.svg,Đà Nẵng,-1.1215722294878903,0,1.5233501279867103,0
2025-07-22 16:00:00+07:00,19.0,15.0,56.0,/dl/web/weather/ic-weather-04d.svg,Đà Nẵng,-1.1215722294878903,0,1.3127607828449916,0
2025-07-22 18:00:00+07:00,19.0,13.2,59.0,/dl/web/weather/ic-weather-04d.svg,Đà Nẵng,-1.1215722294878903,0,0.9681600362494523,0
2025-07-22 19:00:00+07:00,33.0,13.5,64.0,/dl/web/weather/ic-weather-04n.svg,Đà Nẵng,-0.6430407023483716,0,1.0255934940153757,0
2025-07-22 21:00:00+07:00,50.0,12.1,68.0,/dl/web/weather/ic-weather-04n.svg,Đà Nẵng,-0.0619667051075276,0,0.757570691107734,0
2025-07-22 22:00:00+07:00,53.0,11.4,72.0,/dl/web/weather/ic-weather-04n.svg,Đà Nẵng,0.040575764993797815,0,0.6235592896539133,0
2025-07-22 23:00:00+07:00,54.0,14.5,69.0,/dl/web/weather/ic-weather-04n.svg,Đà Nẵng,0.07475658836090629,0,1.2170383532351197,0
2025-07-23 00:00:00+07:00,54.0,16.4,71.0,/dl/web/weather/ic-weather-04n.svg,Đà Nẵng,0.07475658836090629,0,1.5807835857526331,0
2025-07-23 01:00:00+07:00,55.0,14.2,71.0,/dl/web/weather/ic-weather-04n.svg,Đà Nẵng,0.10893741172801476,0,1.1596048954691964,0
2025-07-23 02:00:00+07:00,22.0,14.2,70.0,/dl/web/weather/ic-weather-04n.svg,Đà Nẵng,-1.0190297593865647,0,1.1596048954691964,0
2025-07-23 03:00:00+07:00,19.0,14.6,66.0,/dl/web/weather/ic-weather-10n.svg,Đà Nẵng,-1.1215722294878903,0,1.2361828391570941,0
2025-07-23 04:00:00+07:00,22.0,12.7,67.0,/dl/web/weather/ic-weather-10n.svg,Đà Nẵng,-1.0190297593865647,0,0.8724376066395804,0
2025-07-23 05:00:00+07:00,19.0,12.2,66.0,/dl/web/weather/ic-weather-04n.svg,Đà Nẵng,-1.1215722294878903,0,0.7767151770297083,0
2025-07-23 06:00:00+07:00,19.0,11.9,74.0,/dl/web/weather/ic-weather-04d.svg,Đà Nẵng,-1.1215722294878903,0,0.7192817192637853,0
2025-07-23 07:00:00+07:00,27.0,10.6,74.0,/dl/web/weather/ic-weather-04d.svg,Đà Nẵng,-0.8481256425510224,0,0.47040340227811794,0
2025-07-23 08:00:00+07:00,33.0,13.0,73.0,/dl/web/weather/ic-weather-04d.svg,Đà Nẵng,-0.6430407023483716,0,0.9298710644055037,0
2025-07-23 09:00:00+07:00,32.0,14.0,66.0,/dl/web/weather/ic-weather-04d.svg,Đà Nẵng,-0.6772215257154801,0,1.1213159236252477,0
2025-07-23 10:00:00+07:00,19.0,12.2,67.0,/dl/web/weather/ic-weather-04d.svg,Đà Nẵng,-1.1215722294878903,0,0.7767151770297083,0
2025-07-23 11:00:00+07:00,19.0,13.7,52.0,/dl/web/weather/ic-weather-04d.svg,Đà Nẵng,-1.1215722294878903,0,1.0638824658593244,0
2025-07-23 12:00:00+07:00,19.0,14.2,52.0,/dl/web/weather/ic-weather-04d.svg,Đà Nẵng,-1.1215722294878903,0,1.1596048954691964,0
2025-07-23 13:00:00+07:00,19.0,9.7,54.0,/dl/web/weather/ic-weather-04d.svg,Đà Nẵng,-1.1215722294878903,0,0.29810302898034824,0
2025-07-23 14:00:00+07:00,19.0,4.7,55.0,/dl/web/weather/ic-weather-04d.svg,Đà Nẵng,-1.1215722294878903,0,-0.6591212671183717,0
2025-07-23 15:00:00+07:00,19.0,1.9,55.0,/dl/web/weather/ic-weather-04d.svg,Đà Nẵng,-1.1215722294878903,0,-1.1951668729336549,0
2025-07-23 16:00:00+07:00,19.0,1.8,56.0,/dl/web/weather/ic-weather-04d.svg,Đà Nẵng,-1.1215722294878903,0,-1.2143113588556296,0
2025-07-23 17:00:00+07:00,19.0,3.4,62.0,/dl/web/weather/ic-weather-04d.svg,Đà Nẵng,-1.1215722294878903,0,-0.9079995841040389,0
2025-07-23 18:00:00+07:00,19.0,11.6,64.0,/dl/web/weather/ic-weather-04d.svg,Đà Nẵng,-1.1215722294878903,0,0.6618482614978619,0
2025-07-23 19:00:00+07:00,19.0,10.1,71.0,/dl/web/weather/ic-weather-04n.svg,Đà Nẵng,-1.1215722294878903,0,0.3746809726682459,0
2025-07-23 20:00:00+07:00,21.0,7.1,68.0,/dl/web/weather/ic-weather-04n.svg,Đà Nẵng,-1.0532105827536733,0,-0.19965360499098617,0
2025-07-23 22:00:00+07:00,22.0,8.2,74.0,/dl/web/weather/ic-weather-04n.svg,Đà Nẵng,-1.0190297593865647,0,0.010935740150732199,0
2025-07-23 23:00:00+07:00,64.0,8.5,78.0,/dl/web/weather/ic-weather-04n.svg,Đà Nẵng,0.416564822031991,0,0.06836919791665555,0
2025-07-24 00:00:00+07:00,64.0,9.2,78.0,/dl/web/weather/ic-weather-04n.svg,Đà Nẵng,0.416564822031991,0,0.20238059937047623,0
2025-07-24 01:00:00+07:00,50.0,10.9,76.0,/dl/web/weather/ic-weather-04n.svg,Đà Nẵng,-0.0619667051075276,0,0.5278368600440413,0
2025-07-24 02:00:00+07:00,50.0,10.0,72.0,/dl/web/weather/ic-weather-04n.svg,Đà Nẵng,-0.0619667051075276,0,0.3555364867462716,0
2025-07-24 03:00:00+07:00,28.0,9.3,72.0,/dl/web/weather/ic-weather-04n.svg,Đà Nẵng,-0.8139448191839139,0,0.2215250852924509,0
2025-07-24 04:00:00+07:00,28.0,8.5,78.0,/dl/web/weather/ic-weather-04n.svg,Đà Nẵng,-0.8139448191839139,0,0.06836919791665555,0
2025-07-24 05:00:00+07:00,19.0,8.0,77.0,/dl/web/weather/ic-weather-04n.svg,Đà Nẵng,-1.1215722294878903,0,-0.02735323169321647,0
2025-07-24 06:00:00+07:00,22.0,6.4,77.0,/dl/web/weather/ic-weather-10d.svg,Đà Nẵng,-1.0190297593865647,0,-0.33366500644480684,0
2025-07-24 07:00:00+07:00,28.0,6.6,74.0,/dl/web/weather/ic-weather-04d.svg,Đà Nẵng,-0.8139448191839139,0,-0.29537603460085815,0
2025-07-24 08:00:00+07:00,33.0,9.8,73.0,/dl/web/weather/ic-weather-04d.svg,Đà Nẵng,-0.6430407023483716,0,0.3172475149023229,0
2025-07-24 09:00:00+07:00,39.0,10.5,63.0,/dl/web/weather/ic-weather-10d.svg,Đà Nẵng,-0.4379557621457208,0,0.4512589163561436,0
2025-07-24 10:00:00+07:00,28.0,10.3,64.0,/dl/web/weather/ic-weather-10d.svg,Đà Nẵng,-0.8139448191839139,0,0.41296994451219493,0
2025-07-24 11:00:00+07:00,38.0,9.2,60.0,/dl/web/weather/ic-weather-04d.svg,Đà Nẵng,-0.4721365855128293,0,0.20238059937047623,0
2025-07-24 12:00:00+07:00,22.0,9.2,54.0,/dl/web/weather/ic-weather-04d.svg,Đà Nẵng,-1.0190297593865647,0,0.20238059937047623,0
2025-07-24 13:00:00+07:00,22.0,6.9,58.0,/dl/web/weather/ic-weather-10d.svg,Đà Nẵng,-1.0190297593865647,0,-0.23794257683493483,0
2025-07-24 14:00:00+07:00,19.0,5.8,57.0,/dl/web/weather/ic-weather-10d.svg,Đà Nẵng,-1.1215722294878903,0,-0.44853192197665337,0
2025-07-24 15:00:00+07:00,19.0,5.9,57.0,/dl/web/weather/ic-weather-10d.svg,Đà Nẵng,-1.1215722294878903,0,-0.4293874360546789,0
2025-07-24 16:00:00+07:00,22.0,2.6,77.0,/dl/web/weather/ic-weather-10d.svg,Đà Nẵng,-1.0190297593865647,0,-1.0611554714798344,0
2025-07-24 17:00:00+07:00,28.0,2.3,77.0,/dl/web/weather/ic-weather-10d.svg,Đà Nẵng,-0.8139448191839139,0,-1.1185889292457574,0
2025-07-24 18:00:00+07:00,26.0,3.4,74.0,/dl/web/weather/ic-weather-10d.svg,Đà Nẵng,-0.8823064659181309,0,-0.9079995841040389,0
2025-07-24 19:00:00+07:00,31.0,5.1,74.0,/dl/web/weather/ic-weather-10n.svg,Đà Nẵng,-0.7114023490825886,0,-0.5825433234304742,0
2025-07-24 20:00:00+07:00,29.0,5.1,74.0,/dl/web/weather/ic-weather-04n.svg,Đà Nẵng,-0.7797639958168054,0,-0.5825433234304742,0
2025-07-24 21:00:00+07:00,31.0,7.2,82.0,/dl/web/weather/ic-weather-04n.svg,Đà Nẵng,-0.7114023490825886,0,-0.18050911906901165,0
2025-07-24 22:00:00+07:00,31.0,7.2,82.0,/dl/web/weather/ic-weather-04n.svg,Đà Nẵng,-0.7114023490825886,0,-0.18050911906901165,0
2025-07-24 23:00:00+07:00,31.0,11.3,82.0,/dl/web/weather/ic-weather-04n.svg,Đà Nẵng,-0.7114023490825886,0,0.604414803731939,0
2025-07-25 00:00:00+07:00,26.0,11.1,78.0,/dl/web/weather/ic-weather-04n.svg,Đà Nẵng,-0.8823064659181309,0,0.5661258318879899,0
2025-07-25 01:00:00+07:00,26.0,12.1,77.0,/dl/web/weather/ic-weather-04n.svg,Đà Nẵng,-0.8823064659181309,0,0.757570691107734,0
2025-07-25 02:00:00+07:00,44.0,8.2,70.0,/dl/web/weather/ic-weather-10n.svg,Đà Nẵng,-0.26705164531017844,0,0.010935740150732199,0
2025-07-25 03:00:00+07:00,44.0,7.6,71.0,/dl/web/weather/ic-weather-10n.svg,Đà Nẵng,-0.26705164531017844,0,-0.10393117538111415,0
2025-07-25 04:00:00+07:00,33.0,7.5,71.0,/dl/web/weather/ic-weather-10n.svg,Đà Nẵng,-0.6430407023483716,0,-0.12307566130308849,0
2025-07-25 05:00:00+07:00,55.0,10.3,76.0,/dl/web/weather/ic-weather-10n.svg,Đà Nẵng,0.10893741172801476,0,0.41296994451219493,0
2025-07-25 06:00:00+07:00,44.0,5.3,84.0,/dl/web/weather/ic-weather-04d.svg,Đà Nẵng,-0.26705164531017844,0,-0.5442543515865254,0
2025-07-25 07:00:00+07:00,28.0,3.5,84.0,/dl/web/weather/ic-weather-10d.svg,Đà Nẵng,-0.8139448191839139,0,-0.8888550981820645,0
2025-07-25 08:00:00+07:00,39.0,3.2,75.0,/dl/web/weather/ic-weather-10d.svg,Đà Nẵng,-0.4379557621457208,0,-0.9462885559479878,0
2025-07-25 09:00:00+07:00,33.0,3.5,82.0,/dl/web/weather/ic-weather-10d.svg,Đà Nẵng,-0.6430407023483716,0,-0.8888550981820645,0
2025-07-25 10:00:00+07:00,22.0,1.9,90.0,/dl/web/weather/ic-weather-10d.svg,Đà Nẵng,-1.0190297593865647,0,-1.1951668729336549,0
2025-07-25 11:00:00+07:00,27.0,5.6,86.0,/dl/web/weather/ic-weather-10d.svg,Đà Nẵng,-0.8481256425510224,0,-0.48682089382060223,0
2025-07-25 12:00:00+07:00,22.0,5.3,85.0,/dl/web/weather/ic-weather-10d.svg,Đà Nẵng,-1.0190297593865647,0,-0.5442543515865254,0
2025-07-25 13:00:00+07:00,22.0,7.4,78.0,/dl/web/weather/ic-weather-04d.svg,Đà Nẵng,-1.0190297593865647,0,-0.14222014722506282,0
2025-07-25 14:00:00+07:00,22.0,10.0,77.0,/dl/web/weather/ic-weather-10d.svg,Đà Nẵng,-1.0190297593865647,0,0.3555364867462716,0
2025-07-25 15:00:00+07:00,34.0,8.5,74.0,/dl/web/weather/ic-weather-10d.svg,Đà Nẵng,-0.6088598789812631,0,0.06836919791665555,0
2025-07-25 16:00:00+07:00,32.0,3.7,71.0,/dl/web/weather/ic-weather-10d.svg,Đà Nẵng,-0.6772215257154801,0,-0.8505661263381158,0
2025-07-25 17:00:00+07:00,40.0,6.4,75.0,/dl/web/weather/ic-weather-10d.svg,Đà Nẵng,-0.4037749387786123,0,-0.33366500644480684,0
2025-07-25 18:00:00+07:00,33.0,6.8,65.0,/dl/web/weather/ic-weather-10d.svg,Đà Nẵng,-0.6430407023483716,0,-0.25708706275690935,0
2025-07-25 19:00:00+07:00,42.0,9.3,80.0,/dl/web/weather/ic-weather-04n.svg,Đà Nẵng,-0.33541329204439535,0,0.2215250852924509,0
2025-07-25 20:00:00+07:00,50.0,7.9,83.0,/dl/web/weather/ic-weather-04n.svg,Đà Nẵng,-0.0619667051075276,0,-0.0464977176151908,0
2025-07-25 21:00:00+07:00,44.0,6.9,82.0,/dl/web/weather/ic-weather-04n.svg,Đà Nẵng,-0.26705164531017844,0,-0.23794257683493483,0
2025-07-25 22:00:00+07:00,44.0,8.7,78.0,/dl/web/weather/ic-weather-04n.svg,Đà Nẵng,-0.26705164531017844,0,0.10665816976060422,0
2025-07-25 23:00:00+07:00,45.0,9.3,87.0,/dl/web/weather/ic-weather-04n.svg,Đà Nẵng,-0.23287082194306996,0,0.2215250852924509,0
2025-07-26 00:00:00+07:00,48.0,9.5,79.0,/dl/web/weather/ic-weather-10n.svg,Đà Nẵng,-0.13032835184174454,0,0.25981405713639955,0
2025-07-26 01:00:00+07:00,50.0,9.7,84.0,/dl/web/weather/ic-weather-10n.svg,Đà Nẵng,-0.0619667051075276,0,0.29810302898034824,0
2025-07-26 02:00:00+07:00,33.0,10.0,92.0,/dl/web/weather/ic-weather-10n.svg,Đà Nẵng,-0.6430407023483716,0,0.3555364867462716,0
2025-07-26 03:00:00+07:00,22.0,9.2,97.0,/dl/web/weather/ic-weather-10n.svg,Đà Nẵng,-1.0190297593865647,0,0.20238059937047623,0
2025-07-26 04:00:00+07:00,19.0,7.6,92.0,/dl/web/weather/ic-weather-10n.svg,Đà Nẵng,-1.1215722294878903,0,-0.10393117538111415,0
2025-07-26 05:00:00+07:00,22.0,7.4,92.0,/dl/web/weather/ic-weather-10n.svg,Đà Nẵng,-1.0190297593865647,0,-0.14222014722506282,0
2025-07-26 06:00:00+07:00,28.0,7.7,91.0,/dl/web/weather/ic-weather-10d.svg,Đà Nẵng,-0.8139448191839139,0,-0.08478668945913964,0
2025-07-26 07:00:00+07:00,19.0,9.0,88.0,/dl/web/weather/ic-weather-10d.svg,Đà Nẵng,-1.1215722294878903,0,0.16409162752652756,0
2025-07-26 08:00:00+07:00,20.0,14.3,87.0,/dl/web/weather/ic-weather-04d.svg,Đà Nẵng,-1.0873914061207817,0,1.1787493813911711,0
2025-07-26 09:00:00+07:00,20.0,19.0,82.0,/dl/web/weather/ic-weather-04d.svg,Đà Nẵng,-1.0873914061207817,0,2.0785402197239677,0
2025-07-26 10:00:00+07:00,33.0,18.2,78.0,/dl/web/weather/ic-weather-04d.svg,Đà Nẵng,-0.6430407023483716,0,1.9253843323481725,0
2025-07-26 11:00:00+07:00,40.0,16.6,77.0,/dl/web/weather/ic-weather-04d.svg,Đà Nẵng,-0.4037749387786123,0,1.6190725575965825,0
2025-07-26 12:00:00+07:00,33.0,15.0,69.0,/dl/web/weather/ic-weather-04d.svg,Đà Nẵng,-0.6430407023483716,0,1.3127607828449916,0
2025-07-26 13:00:00+07:00,22.0,11.3,62.0,/dl/web/weather/ic-weather-04d.svg,Đà Nẵng,-1.0190297593865647,0,0.604414803731939,0
2025-07-26 14:00:00+07:00,22.0,7.2,58.0,/dl/web/weather/ic-weather-04d.svg,Đà Nẵng,-1.0190297593865647,0,-0.18050911906901165,0
2025-07-26 15:00:00+07:00,22.0,5.3,61.0,/dl/web/weather/ic-weather-04d.svg,Đà Nẵng,-1.0190297593865647,0,-0.5442543515865254,0
2025-07-26 16:00:00+07:00,22.0,5.6,74.0,/dl/web/weather/ic-weather-10d.svg,Đà Nẵng,-1.0190297593865647,0,-0.48682089382060223,0
2025-07-26 17:00:00+07:00,22.0,7.7,79.0,/dl/web/weather/ic-weather-04d.svg,Đà Nẵng,-1.0190297593865647,0,-0.08478668945913964,0
2025-07-26 18:00:00+07:00,22.0,8.0,79.0,/dl/web/weather/ic-weather-04d.svg,Đà Nẵng,-1.0190297593865647,0,-0.02735323169321647,0
2025-07-26 19:00:00+07:00,22.0,7.6,81.0,/dl/web/weather/ic-weather-04n.svg,Đà Nẵng,-1.0190297593865647,0,-0.10393117538111415,0
2025-07-26 20:00:00+07:00,19.0,9.2,84.0,/dl/web/weather/ic-weather-10n.svg,Đà Nẵng,-1.1215722294878903,0,0.20238059937047623,0
2025-07-26 21:00:00+07:00,26.0,9.7,88.0,/dl/web/weather/ic-weather-04n.svg,Đà Nẵng,-0.8823064659181309,0,0.29810302898034824,0
2025-07-26 22:00:00+07:00,19.0,13.0,92.0,/dl/web/weather/ic-weather-04n.svg,Đà Nẵng,-1.1215722294878903,0,0.9298710644055037,0
2025-07-26 23:00:00+07:00,22.0,14.0,91.0,/dl/web/weather/ic-weather-04n.svg,Đà Nẵng,-1.0190297593865647,0,1.1213159236252477,0
2025-07-27 00:00:00+07:00,19.0,14.1,91.0,/dl/web/weather/ic-weather-04n.svg,Đà Nẵng,-1.1215722294878903,0,1.140460409547222,0
2025-07-27 01:00:00+07:00,27.0,11.6,90.0,/dl/web/weather/ic-weather-04n.svg,Đà Nẵng,-0.8481256425510224,0,0.6618482614978619,0
2025-07-27 02:00:00+07:00,24.0,10.1,92.0,/dl/web/weather/ic-weather-04n.svg,Đà Nẵng,-0.9506681126523479,0,0.3746809726682459,0
2025-07-27 03:00:00+07:00,25.0,7.2,89.0,/dl/web/weather/ic-weather-04n.svg,Đà Nẵng,-0.9164872892852394,0,-0.18050911906901165,0
2025-07-27 04:00:00+07:00,19.0,8.9,92.0,/dl/web/weather/ic-weather-04n.svg,Đà Nẵng,-1.1215722294878903,0,0.14494714160455321,0
2025-07-27 05:00:00+07:00,19.0,9.5,92.0,/dl/web/weather/ic-weather-04n.svg,Đà Nẵng,-1.1215722294878903,0,0.25981405713639955,0
2025-07-27 06:00:00+07:00,22.0,10.9,88.0,/dl/web/weather/ic-weather-04d.svg,Đà Nẵng,-1.0190297593865647,0,0.5278368600440413,0
2025-07-27 07:00:00+07:00,34.0,11.7,87.0,/dl/web/weather/ic-weather-04d.svg,Đà Nẵng,-0.6088598789812631,0,0.6809927474198363,0
2025-07-27 08:00:00+07:00,19.0,13.0,82.0,/dl/web/weather/ic-weather-10d.svg,Đà Nẵng,-1.1215722294878903,0,0.9298710644055037,0
2025-07-27 09:00:00+07:00,19.0,13.7,83.0,/dl/web/weather/ic-weather-04d.svg,Đà Nẵng,-1.1215722294878903,0,1.0638824658593244,0
2025-07-27 10:00:00+07:00,22.0,10.6,84.0,/dl/web/weather/ic-weather-10d.svg,Đà Nẵng,-1.0190297593865647,0,0.47040340227811794,0
2025-07-27 11:00:00+07:00,19.0,7.6,69.0,/dl/web/weather/ic-weather-04d.svg,Đà Nẵng,-1.1215722294878903,0,-0.10393117538111415,0
2025-07-27 12:00:00+07:00,19.0,6.4,66.0,/dl/web/weather/ic-weather-04d.svg,Đà Nẵng,-1.1215722294878903,0,-0.33366500644480684,0
2025-07-27 13:00:00+07:00,19.0,2.3,68.0,/dl/web/weather/ic-weather-10d.svg,Đà Nẵng,-1.1215722294878903,0,-1.1185889292457574,0
2025-07-27 14:00:00+07:00,19.0,2.1,67.0,/dl/web/weather/ic-weather-10d.svg,Đà Nẵng,-1.1215722294878903,0,-1.1568779010897063,0
2025-07-27 15:00:00+07:00,19.0,4.0,67.0,/dl/web/weather/ic-weather-04d.svg,Đà Nẵng,-1.1215722294878903,0,-0.7931326685721926,0
2025-07-27 16:00:00+07:00,19.0,9.0,71.0,/dl/web/weather/ic-weather-04d.svg,Đà Nẵng,-1.1215722294878903,0,0.16409162752652756,0
2025-07-27 17:00:00+07:00,14.0,9.0,71.0,/dl/web/weather/ic-weather-04d.svg,Đà Nẵng,-1.2924763463234326,0,0.16409162752652756,0
2025-07-27 18:00:00+07:00,19.0,7.9,70.0,/dl/web/weather/ic-weather-04d.svg,Đà Nẵng,-1.1215722294878903,0,-0.0464977176151908,0
2025-07-27 19:00:00+07:00,22.0,4.3,72.0,/dl/web/weather/ic-weather-04n.svg,Đà Nẵng,-1.0190297593865647,0,-0.7356992108062694,0
2025-07-27 20:00:00+07:00,53.0,6.0,71.0,/dl/web/weather/ic-weather-04n.svg,Đà Nẵng,0.040575764993797815,0,-0.4102429501327045,0
2025-07-27 21:00:00+07:00,39.0,8.9,78.0,/dl/web/weather/ic-weather-04n.svg,Đà Nẵng,-0.4379557621457208,0,0.14494714160455321,0
2025-07-27 22:00:00+07:00,28.0,10.0,82.0,/dl/web/weather/ic-weather-04n.svg,Đà Nẵng,-0.8139448191839139,0,0.3555364867462716,0
2025-07-27 23:00:00+07:00,25.0,11.9,82.0,/dl/web/weather/ic-weather-04n.svg,Đà Nẵng,-0.9164872892852394,0,0.7192817192637853,0
2025-07-28 00:00:00+07:00,22.0,11.7,86.0,/dl/web/weather/ic-weather-04n.svg,Đà Nẵng,-1.0190297593865647,0,0.6809927474198363,0
2025-07-28 01:00:00+07:00,14.0,12.2,82.0,/dl/web/weather/ic-weather-04n.svg,Đà Nẵng,-1.2924763463234326,0,0.7767151770297083,0
2025-07-28 02:00:00+07:00,11.0,14.0,83.0,/dl/web/weather/ic-weather-04n.svg,Đà Nẵng,-1.395018816424758,0,1.1213159236252477,0
2025-07-28 03:00:00+07:00,8.0,12.4,87.0,/dl/web/weather/ic-weather-10n.svg,Đà Nẵng,-1.4975612865260834,0,0.8150041488736574,0
2025-07-28 04:00:00+07:00,11.0,11.6,87.0,/dl/web/weather/ic-weather-04n.svg,Đà Nẵng,-1.395018816424758,0,0.6618482614978619,0
2025-07-28 05:00:00+07:00,28.0,12.6,78.0,/dl/web/weather/ic-weather-10n.svg,Đà Nẵng,-0.8139448191839139,0,0.853293120717606,0
2025-07-28 06:00:00+07:00,19.0,14.8,87.0,/dl/web/weather/ic-weather-10d.svg,Đà Nẵng,-1.1215722294878903,0,1.2744718110010431,0
2025-07-28 07:00:00+07:00,28.0,16.3,87.0,/dl/web/weather/ic-weather-10d.svg,Đà Nẵng,-0.8139448191839139,0,1.561639099830659,0
2025-07-28 08:00:00+07:00,17.0,15.4,87.0,/dl/web/weather/ic-weather-04d.svg,Đà Nẵng,-1.1899338762221072,0,1.3893387265328894,0
2025-07-28 09:00:00+07:00,25.0,17.5,74.0,/dl/web/weather/ic-weather-04d.svg,Đà Nẵng,-0.9164872892852394,0,1.7913729308943518,0
2025-07-28 10:00:00+07:00,11.0,12.1,69.0,/dl/web/weather/ic-weather-04d.svg,Đà Nẵng,-1.395018816424758,0,0.757570691107734,0
2025-07-28 11:00:00+07:00,8.0,10.0,62.0,/dl/web/weather/ic-weather-04d.svg,Đà Nẵng,-1.4975612865260834,0,0.3555364867462716,0
2025-07-28 12:00:00+07:00,8.0,1.8,56.0,/dl/web/weather/ic-weather-04d.svg,Đà Nẵng,-1.4975612865260834,0,-1.2143113588556296,0
2025-07-28 13:00:00+07:00,14.0,6.8,55.0,/dl/web/weather/ic-weather-04d.svg,Đà Nẵng,-1.2924763463234326,0,-0.25708706275690935,0
2025-07-28 14:00:00+07:00,14.0,8.7,54.0,/dl/web/weather/ic-weather-10d.svg,Đà Nẵng,-1.2924763463234326,0,0.10665816976060422,0
2025-07-28 15:00:00+07:00,11.0,14.6,60.0,/dl/web/weather/ic-weather-04d.svg,Đà Nẵng,-1.395018816424758,0,1.2361828391570941,0
2025-07-28 16:00:00+07:00,17.0,7.2,73.0,/dl/web/weather/ic-weather-04d.svg,Đà Nẵng,-1.1899338762221072,0,-0.18050911906901165,0
2025-07-28 17:00:00+07:00,17.0,6.4,74.0,/dl/web/weather/ic-weather-04d.svg,Đà Nẵng,-1.1899338762221072,0,-0.33366500644480684,0
2025-07-28 18:00:00+07:00,13.0,4.3,74.0,/dl/web/weather/ic-weather-04d.svg,Đà Nẵng,-1.326657169690541,0,-0.7356992108062694,0
2025-07-28 19:00:00+07:00,13.0,4.3,74.0,/dl/web/weather/ic-weather-04d.svg,Đà Nẵng,-1.326657169690541,0,-0.7356992108062694,0
2025-07-28 20:00:00+07:00,19.0,3.7,79.0,/dl/web/weather/ic-weather-04n.svg,Đà Nẵng,-1.1215722294878903,0,-0.8505661263381158,0
2025-07-28 21:00:00+07:00,19.0,7.7,78.0,/dl/web/weather/ic-weather-04n.svg,Đà Nẵng,-1.1215722294878903,0,-0.08478668945913964,0
2025-07-28 22:00:00+07:00,19.0,10.6,78.0,/dl/web/weather/ic-weather-04n.svg,Đà Nẵng,-1.1215722294878903,0,0.47040340227811794,0
2025-07-28 23:00:00+07:00,19.0,12.7,87.0,/dl/web/weather/ic-weather-04n.svg,Đà Nẵng,-1.1215722294878903,0,0.8724376066395804,0
2025-07-29 00:00:00+07:00,44.0,12.9,83.0,/dl/web/weather/ic-weather-04n.svg,Đà Nẵng,-0.26705164531017844,0,0.9107265784835293,0
2025-07-29 01:00:00+07:00,50.0,12.1,86.0,/dl/web/weather/ic-weather-04n.svg,Đà Nẵng,-0.0619667051075276,0,0.757570691107734,0
2025-07-29 02:00:00+07:00,24.0,12.2,81.0,/dl/web/weather/ic-weather-04n.svg,Đà Nẵng,-0.9506681126523479,0,0.7767151770297083,0
2025-07-29 03:00:00+07:00,22.0,14.0,78.0,/dl/web/weather/ic-weather-04n.svg,Đà Nẵng,-1.0190297593865647,0,1.1213159236252477,0
2025-07-29 04:00:00+07:00,28.0,15.8,71.0,/dl/web/weather/ic-weather-04n.svg,Đà Nẵng,-0.8139448191839139,0,1.465916670220787,0
2025-07-29 05:00:00+07:00,28.0,15.9,78.0,/dl/web/weather/ic-weather-04n.svg,Đà Nẵng,-0.8139448191839139,0,1.4850611561427614,0
2025-07-29 06:00:00+07:00,28.0,14.2,82.0,/dl/web/weather/ic-weather-04d.svg,Đà Nẵng,-0.8139448191839139,0,1.1596048954691964,0
2025-07-29 07:00:00+07:00,33.0,14.0,80.0,/dl/web/weather/ic-weather-04d.svg,Đà Nẵng,-0.6430407023483716,0,1.1213159236252477,0
2025-07-29 08:00:00+07:00,33.0,12.2,67.0,/dl/web/weather/ic-weather-04d.svg,Đà Nẵng,-0.6430407023483716,0,0.7767151770297083,0
2025-07-29 09:00:00+07:00,39.0,10.0,61.0,/dl/web/weather/ic-weather-04d.svg,Đà Nẵng,-0.4379557621457208,0,0.3555364867462716,0
2025-07-29 10:00:00+07:00,39.0,9.5,56.0,/dl/web/weather/ic-weather-04d.svg,Đà Nẵng,-0.4379557621457208,0,0.25981405713639955,0
2025-07-29 11:00:00+07:00,39.0,12.2,63.0,/dl/web/weather/ic-weather-04d.svg,Đà Nẵng,-0.4379557621457208,0,0.7767151770297083,0
2025-07-29 12:00:00+07:00,39.0,11.3,67.0,/dl/web/weather/ic-weather-10d.svg,Đà Nẵng,-0.4379557621457208,0,0.604414803731939,0
2025-07-29 13:00:00+07:00,39.0,10.1,69.0,/dl/web/weather/ic-weather-04d.svg,Đà Nẵng,-0.4379557621457208,0,0.3746809726682459,0
2025-07-29 14:00:00+07:00,22.0,9.0,63.0,/dl/web/weather/ic-weather-04d.svg,Đà Nẵng,-1.0190297593865647,0,0.16409162752652756,0
2025-07-29 15:00:00+07:00,22.0,9.7,68.0,/dl/web/weather/ic-weather-04d.svg,Đà Nẵng,-1.0190297593865647,0,0.29810302898034824,0
2025-07-29 16:00:00+07:00,28.0,9.8,71.0,/dl/web/weather/ic-weather-04d.svg,Đà Nẵng,-0.8139448191839139,0,0.3172475149023229,0
2025-07-29 17:00:00+07:00,22.0,8.7,68.0,/dl/web/weather/ic-weather-04d.svg,Đà Nẵng,-1.0190297593865647,0,0.10665816976060422,0
2025-07-29 18:00:00+07:00,22.0,9.0,68.0,/dl/web/weather/ic-weather-04d.svg,Đà Nẵng,-1.0190297593865647,0,0.16409162752652756,0
2025-07-29 19:00:00+07:00,22.0,6.9,74.0,/dl/web/weather/ic-weather-04n.svg,Đà Nẵng,-1.0190297593865647,0,-0.23794257683493483,0
2025-07-29 20:00:00+07:00,27.0,7.9,69.0,/dl/web/weather/ic-weather-04n.svg,Đà Nẵng,-0.8481256425510224,0,-0.0464977176151908,0
2025-07-29 21:00:00+07:00,27.0,10.6,78.0,/dl/web/weather/ic-weather-04n.svg,Đà Nẵng,-0.8481256425510224,0,0.47040340227811794,0
2025-07-29 22:00:00+07:00,27.0,12.9,74.0,/dl/web/weather/ic-weather-04n.svg,Đà Nẵng,-0.8481256425510224,0,0.9107265784835293,0
2025-07-29 23:00:00+07:00,58.0,15.3,74.0,/dl/web/weather/ic-weather-10n.svg,Đà Nẵng,0.21147988182934016,0,1.370194240610915,0
2025-07-30 00:00:00+07:00,53.0,18.7,81.0,/dl/web/weather/ic-weather-04n.svg,Đà Nẵng,0.040575764993797815,0,2.0211067619580443,0
2025-07-30 01:00:00+07:00,19.0,15.4,81.0,/dl/web/weather/ic-weather-04n.svg,Đà Nẵng,-1.1215722294878903,0,1.3893387265328894,0
2025-07-30 02:00:00+07:00,19.0,11.4,74.0,/dl/web/weather/ic-weather-04n.svg,Đà Nẵng,-1.1215722294878903,0,0.6235592896539133,0
2025-07-30 03:00:00+07:00,19.0,12.4,61.0,/dl/web/weather/ic-weather-04n.svg,Đà Nẵng,-1.1215722294878903,0,0.8150041488736574,0
2025-07-30 04:00:00+07:00,19.0,13.5,70.0,/dl/web/weather/ic-weather-04n.svg,Đà Nẵng,-1.1215722294878903,0,1.0255934940153757,0
2025-07-30 05:00:00+07:00,19.0,14.0,61.0,/dl/web/weather/ic-weather-04n.svg,Đà Nẵng,-1.1215722294878903,0,1.1213159236252477,0
2025-07-30 06:00:00+07:00,19.0,14.8,62.0,/dl/web/weather/ic-weather-04d.svg,Đà Nẵng,-1.1215722294878903,0,1.2744718110010431,0
2025-07-30 07:00:00+07:00,19.0,13.4,67.0,/dl/web/weather/ic-weather-04d.svg,Đà Nẵng,-1.1215722294878903,0,1.0064490080934014,0
2025-07-30 08:00:00+07:00,19.0,10.3,62.0,/dl/web/weather/ic-weather-04d.svg,Đà Nẵng,-1.1215722294878903,0,0.41296994451219493,0
2025-07-30 09:00:00+07:00,19.0,9.0,61.0,/dl/web/weather/ic-weather-10d.svg,Đà Nẵng,-1.1215722294878903,0,0.16409162752652756,0
2025-07-30 10:00:00+07:00,19.0,10.3,60.0,/dl/web/weather/ic-weather-10d.svg,Đà Nẵng,-1.1215722294878903,0,0.41296994451219493,0
2025-07-30 11:00:00+07:00,19.0,12.4,70.0,/dl/web/weather/ic-weather-10d.svg,Đà Nẵng,-1.1215722294878903,0,0.8150041488736574,0
2025-07-30 12:00:00+07:00,22.0,14.5,65.0,/dl/web/weather/ic-weather-10d.svg,Đà Nẵng,-1.0190297593865647,0,1.2170383532351197,0
2025-07-30 13:00:00+07:00,27.0,8.2,62.0,/dl/web/weather/ic-weather-10d.svg,Đà Nẵng,-0.8481256425510224,0,0.010935740150732199,0
2025-07-30 14:00:00+07:00,33.0,6.0,58.0,/dl/web/weather/ic-weather-10d.svg,Đà Nẵng,-0.6430407023483716,0,-0.4102429501327045,0
2025-07-30 15:00:00+07:00,33.0,4.0,58.0,/dl/web/weather/ic-weather-10d.svg,Đà Nẵng,-0.6430407023483716,0,-0.7931326685721926,0
2025-07-30 16:00:00+07:00,22.0,2.3,59.0,/dl/web/weather/ic-weather-04d.svg,Đà Nẵng,-1.0190297593865647,0,-1.1185889292457574,0
2025-07-30 17:00:00+07:00,22.0,7.7,63.0,/dl/web/weather/ic-weather-04d.svg,Đà Nẵng,-1.0190297593865647,0,-0.08478668945913964,0
2025-07-30 18:00:00+07:00,21.0,11.1,60.0,/dl/web/weather/ic-weather-10d.svg,Đà Nẵng,-1.0532105827536733,0,0.5661258318879899,0
2025-07-30 19:00:00+07:00,29.0,13.0,63.0,/dl/web/weather/ic-weather-04n.svg,Đà Nẵng,-0.7797639958168054,0,0.9298710644055037,0
2025-07-30 20:00:00+07:00,44.0,13.4,62.0,/dl/web/weather/ic-weather-04n.svg,Đà Nẵng,-0.26705164531017844,0,1.0064490080934014,0
2025-07-30 21:00:00+07:00,44.0,11.9,63.0,/dl/web/weather/ic-weather-04n.svg,Đà Nẵng,-0.26705164531017844,0,0.7192817192637853,0
2025-07-30 22:00:00+07:00,28.0,13.5,59.0,/dl/web/weather/ic-weather-04n.svg,Đà Nẵng,-0.8139448191839139,0,1.0255934940153757,0
2025-07-30 23:00:00+07:00,22.0,15.8,63.0,/dl/web/weather/ic-weather-04n.svg,Đà Nẵng,-1.0190297593865647,0,1.465916670220787,0
2025-07-31 00:00:00+07:00,22.0,13.5,63.0,/dl/web/weather/ic-weather-04n.svg,Đà Nẵng,-1.0190297593865647,0,1.0255934940153757,0
2025-07-31 01:00:00+07:00,22.0,11.1,66.0,/dl/web/weather/ic-weather-04n.svg,Đà Nẵng,-1.0190297593865647,0,0.5661258318879899,0
2025-07-31 02:00:00+07:00,28.0,9.8,63.0,/dl/web/weather/ic-weather-04n.svg,Đà Nẵng,-0.8139448191839139,0,0.3172475149023229,0
2025-07-31 03:00:00+07:00,22.0,9.8,63.0,/dl/web/weather/ic-weather-04n.svg,Đà Nẵng,-1.0190297593865647,0,0.3172475149023229,0
2025-07-31 04:00:00+07:00,22.0,10.0,63.0,/dl/web/weather/ic-weather-04n.svg,Đà Nẵng,-1.0190297593865647,0,0.3555364867462716,0
2025-07-31 05:00:00+07:00,22.0,11.9,70.0,/dl/web/weather/ic-weather-04n.svg,Đà Nẵng,-1.0190297593865647,0,0.7192817192637853,0
2025-07-31 06:00:00+07:00,28.0,14.5,74.0,/dl/web/weather/ic-weather-10d.svg,Đà Nẵng,-0.8139448191839139,0,1.2170383532351197,0
2025-07-31 07:00:00+07:00,37.0,16.7,66.0,/dl/web/weather/ic-weather-04d.svg,Đà Nẵng,-0.5063174088799377,0,1.6382170435185563,0
2025-07-31 08:00:00+07:00,47.0,15.4,65.0,/dl/web/weather/ic-weather-04d.svg,Đà Nẵng,-0.164509175208853,0,1.3893387265328894,0
2025-07-31 09:00:00+07:00,53.0,15.8,56.0,/dl/web/weather/ic-weather-04d.svg,Đà Nẵng,0.040575764993797815,0,1.465916670220787,0
2025-07-31 10:00:00+07:00,50.0,11.7,56.0,/dl/web/weather/ic-weather-04d.svg,Đà Nẵng,-0.0619667051075276,0,0.6809927474198363,0
2025-07-31 11:00:00+07:00,47.0,13.2,53.0,/dl/web/weather/ic-weather-04d.svg,Đà Nẵng,-0.164509175208853,0,0.9681600362494523,0
2025-07-31 12:00:00+07:00,44.0,13.7,51.0,/dl/web/weather/ic-weather-04d.svg,Đà Nẵng,-0.26705164531017844,0,1.0638824658593244,0
2025-07-31 13:00:00+07:00,39.0,15.0,52.0,/dl/web/weather/ic-weather-04d.svg,Đà Nẵng,-0.4379557621457208,0,1.3127607828449916,0
2025-07-31 14:00:00+07:00,33.0,16.1,47.0,/dl/web/weather/ic-weather-04d.svg,Đà Nẵng,-0.6430407023483716,0,1.5233501279867103,0
2025-07-31 15:00:00+07:00,37.0,12.7,48.0,/dl/web/weather/ic-weather-04d.svg,Đà Nẵng,-0.5063174088799377,0,0.8724376066395804,0
2025-07-31 16:00:00+07:00,37.0,10.9,54.0,/dl/web/weather/ic-weather-04d.svg,Đà Nẵng,-0.5063174088799377,0,0.5278368600440413,0
2025-07-31 17:00:00+07:00,50.0,10.6,52.0,/dl/web/weather/ic-weather-04d.svg,Đà Nẵng,-0.0619667051075276,0,0.47040340227811794,0
2025-07-31 18:00:00+07:00,60.0,12.4,54.0,/dl/web/weather/ic-weather-04d.svg,Đà Nẵng,0.2798415285635571,0,0.8150041488736574,0
2025-07-31 19:00:00+07:00,69.0,13.2,57.0,/dl/web/weather/ic-weather-04n.svg,Đà Nẵng,0.5874689388675334,0,0.9681600362494523,0
2025-07-31 20:00:00+07:00,64.0,13.0,63.0,/dl/web/weather/ic-weather-04n.svg,Đà Nẵng,0.416564822031991,0,0.9298710644055037,0
2025-07-31 21:00:00+07:00,64.0,12.9,67.0,/dl/web/weather/ic-weather-04n.svg,Đà Nẵng,0.416564822031991,0,0.9107265784835293,0
2025-07-31 22:00:00+07:00,61.0,13.4,65.0,/dl/web/weather/ic-weather-04n.svg,Đà Nẵng,0.3140223519306656,0,1.0064490080934014,0
2025-07-31 23:00:00+07:00,64.0,12.4,63.0,/dl/web/weather/ic-weather-04n.svg,Đà Nẵng,0.416564822031991,0,0.8150041488736574,0
2025-08-01 00:00:00+07:00,53.0,12.7,60.0,/dl/web/weather/ic-weather-04n.svg,Đà Nẵng,0.040575764993797815,0,0.8724376066395804,0
2025-08-01 01:00:00+07:00,53.0,13.0,71.0,/dl/web/weather/ic-weather-04n.svg,Đà Nẵng,0.040575764993797815,0,0.9298710644055037,0
2025-08-01 02:00:00+07:00,50.0,11.6,66.0,/dl/web/weather/ic-weather-04n.svg,Đà Nẵng,-0.0619667051075276,0,0.6618482614978619,0
2025-08-01 03:00:00+07:00,50.0,10.3,67.0,/dl/web/weather/ic-weather-04n.svg,Đà Nẵng,-0.0619667051075276,0,0.41296994451219493,0
2025-08-01 04:00:00+07:00,53.0,11.7,70.0,/dl/web/weather/ic-weather-04n.svg,Đà Nẵng,0.040575764993797815,0,0.6809927474198363,0
2025-08-01 05:00:00+07:00,55.0,12.7,73.0,/dl/web/weather/ic-weather-04n.svg,Đà Nẵng,0.10893741172801476,0,0.8724376066395804,0
2025-08-01 06:00:00+07:00,54.0,13.7,73.0,/dl/web/weather/ic-weather-04d.svg,Đà Nẵng,0.07475658836090629,0,1.0638824658593244,0
2025-08-01 07:00:00+07:00,55.0,11.4,70.0,/dl/web/weather/ic-weather-04d.svg,Đà Nẵng,0.10893741172801476,0,0.6235592896539133,0
2025-08-01 08:00:00+07:00,62.0,14.2,60.0,/dl/web/weather/ic-weather-04d.svg,Đà Nẵng,0.34820317529777406,0,1.1596048954691964,0
2025-08-01 09:00:00+07:00,60.0,15.1,56.0,/dl/web/weather/ic-weather-04d.svg,Đà Nẵng,0.2798415285635571,0,1.3319052687669661,0
2025-08-01 10:00:00+07:00,60.0,13.0,53.0,/dl/web/weather/ic-weather-04d.svg,Đà Nẵng,0.2798415285635571,0,0.9298710644055037,0
2025-08-01 11:00:00+07:00,50.0,10.0,53.0,/dl/web/weather/ic-weather-04d.svg,Đà Nẵng,-0.0619667051075276,0,0.3555364867462716,0
2025-08-01 12:00:00+07:00,50.0,6.4,45.0,/dl/web/weather/ic-weather-04d.svg,Đà Nẵng,-0.0619667051075276,0,-0.33366500644480684,0
2025-08-01 13:00:00+07:00,50.0,5.0,47.0,/dl/web/weather/ic-weather-04d.svg,Đà Nẵng,-0.0619667051075276,0,-0.6016878093524486,0
2025-08-13 15:00:00+07:00,22.0,22.0,22.0,/dl/web/weather/ic-weather-10d.svg,Đà Nẵng,-1.0190297593865647,0,2.6528747973832,0
2025-08-13 16:00:00+07:00,30.0,30.0,30.0,/dl/web/weather/ic-weather-03d.svg,Đà Nẵng,-0.7455831724496971,0,4.184433671141152,-1
2025-08-13 17:00:00+07:00,22.0,22.0,22.0,/dl/web/weather/ic-weather-03d.svg,Đà Nẵng,-1.0190297593865647,0,2.6528747973832,0
2025-08-13 18:00:00+07:00,34.0,34.0,34.0,/dl/web/weather/ic-weather-03d.svg,Đà Nẵng,-0.6088598789812631,0,4.950213108020129,-1
2025-08-13 19:00:00+07:00,22.0,22.0,22.0,/dl/web/weather/ic-weather-03n.svg,Đà Nẵng,-1.0190297593865647,0,2.6528747973832,0
2025-08-13 20:00:00+07:00,19.0,19.0,19.0,/dl/web/weather/ic-weather-02n.svg,Đà Nẵng,-1.1215722294878903,0,2.0785402197239677,0
2025-08-13 21:00:00+07:00,19.0,19.0,19.0,/dl/web/weather/ic-weather-02n.svg,Đà Nẵng,-1.1215722294878903,0,2.0785402197239677,0
2025-08-13 22:00:00+07:00,19.0,19.0,19.0,/dl/web/weather/ic-weather-02n.svg,Đà Nẵng,-1.1215722294878903,0,2.0785402197239677,0
2025-08-13 23:00:00+07:00,19.0,19.0,19.0,/dl/web/weather/ic-weather-02n.svg,Đà Nẵng,-1.1215722294878903,0,2.0785402197239677,0
2025-08-14 00:00:00+07:00,19.0,19.0,19.0,/dl/web/weather/ic-weather-02n.svg,Đà Nẵng,-1.1215722294878903,0,2.0785402197239677,0
2025-08-14 01:00:00+07:00,19.0,19.0,19.0,/dl/web/weather/ic-weather-03n.svg,Đà Nẵng,-1.1215722294878903,0,2.0785402197239677,0
2025-08-14 02:00:00+07:00,19.0,19.0,19.0,/dl/web/weather/ic-weather-04n.svg,Đà Nẵng,-1.1215722294878903,0,2.0785402197239677,0
2025-08-14 03:00:00+07:00,24.0,24.0,24.0,/dl/web/weather/ic-weather-04n.svg,Đà Nẵng,-0.9506681126523479,0,3.035764515822688,-1
2025-08-14 04:00:00+07:00,19.0,19.0,19.0,/dl/web/weather/ic-weather-04n.svg,Đà Nẵng,-1.1215722294878903,0,2.0785402197239677,0
2025-08-14 05:00:00+07:00,21.0,21.0,21.0,/dl/web/weather/ic-weather-04n.svg,Đà Nẵng,-1.0532105827536733,0,2.4614299381634557,0
2025-08-14 06:00:00+07:00,19.0,19.0,19.0,/dl/web/weather/ic-weather-04d.svg,Đà Nẵng,-1.1215722294878903,0,2.0785402197239677,0
2025-08-14 07:00:00+07:00,22.0,22.0,22.0,/dl/web/weather/ic-weather-04d.svg,Đà Nẵng,-1.0190297593865647,0,2.6528747973832,0
2025-08-14 09:00:00+07:00,39.0,39.0,39.0,/dl/web/weather/ic-weather-04d.svg,Đà Nẵng,-0.4379557621457208,0,5.907437404118848,-1
2025-08-14 10:00:00+07:00,28.0,28.0,28.0,/dl/web/weather/ic-weather-04d.svg,Đà Nẵng,-0.8139448191839139,0,3.801543952701664,-1
2025-08-14 11:00:00+07:00,22.0,22.0,22.0,/dl/web/weather/ic-weather-04d.svg,Đà Nẵng,-1.0190297593865647,0,2.6528747973832,0
2025-08-14 12:00:00+07:00,28.0,28.0,28.0,/dl/web/weather/ic-weather-04d.svg,Đà Nẵng,-0.8139448191839139,0,3.801543952701664,-1
2025-08-14 13:00:00+07:00,25.0,25.0,25.0,/dl/web/weather/ic-weather-04d.svg,Đà Nẵng,-0.9164872892852394,0,3.227209375042432,-1
2025-08-14 14:00:00+07:00,22.0,14.08,54.0,/dl/web/weather/ic-weather-04d.svg,Đà Nẵng,-1.0190297593865647,0,1.1366315123628272,0
2025-08-14 15:00:00+07:00,22.0,8.5,62.0,/dl/web/weather/ic-weather-04d.svg,Đà Nẵng,-1.0190297593865647,0,0.06836919791665555,0
2025-08-14 16:00:00+07:00,19.0,8.0,59.0,/dl/web/weather/ic-weather-10d.svg,Đà Nẵng,-1.1215722294878903,0,-0.02735323169321647,0
2025-08-14 17:00:00+07:00,23.0,6.4,64.0,/dl/web/weather/ic-weather-04d.svg,Đà Nẵng,-0.9848489360194563,0,-0.33366500644480684,0
2025-08-14 18:00:00+07:00,22.0,10.4,61.0,/dl/web/weather/ic-weather-04d.svg,Đà Nẵng,-1.0190297593865647,0,0.43211443043416925,0
2025-08-14 19:00:00+07:00,56.0,8.7,75.0,/dl/web/weather/ic-weather-04n.svg,Đà Nẵng,0.14311823509512323,0,0.10665816976060422,0
2025-08-14 20:00:00+07:00,53.0,9.3,82.0,/dl/web/weather/ic-weather-04n.svg,Đà Nẵng,0.040575764993797815,0,0.2215250852924509,0
2025-08-14 21:00:00+07:00,46.0,7.8,79.0,/dl/web/weather/ic-weather-04n.svg,Đà Nẵng,-0.19868999857596148,0,-0.06564220353716531,0
2025-08-14 22:00:00+07:00,28.0,9.0,83.0,/dl/web/weather/ic-weather-04n.svg,Đà Nẵng,-0.8139448191839139,0,0.16409162752652756,0
2025-08-14 23:00:00+07:00,41.0,9.7,83.0,/dl/web/weather/ic-weather-04n.svg,Đà Nẵng,-0.36959411541150383,0,0.29810302898034824,0
2025-08-15 00:00:00+07:00,35.0,8.1,87.0,/dl/web/weather/ic-weather-04n.svg,Đà Nẵng,-0.5746790556141547,0,-0.008208745771242136,0
2025-08-15 01:00:00+07:00,19.0,7.5,86.0,/dl/web/weather/ic-weather-04n.svg,Đà Nẵng,-1.1215722294878903,0,-0.12307566130308849,0
2025-08-15 02:00:00+07:00,19.0,6.6,87.0,/dl/web/weather/ic-weather-10n.svg,Đà Nẵng,-1.1215722294878903,0,-0.29537603460085815,0
2025-08-15 03:00:00+07:00,34.0,5.6,86.0,/dl/web/weather/ic-weather-04n.svg,Đà Nẵng,-0.6088598789812631,0,-0.48682089382060223,0
2025-08-15 04:00:00+07:00,24.0,6.9,87.0,/dl/web/weather/ic-weather-04n.svg,Đà Nẵng,-0.9506681126523479,0,-0.23794257683493483,0
2025-08-15 05:00:00+07:00,31.0,6.9,87.0,/dl/web/weather/ic-weather-04n.svg,Đà Nẵng,-0.7114023490825886,0,-0.23794257683493483,0
2025-08-15 06:00:00+07:00,28.0,6.1,87.0,/dl/web/weather/ic-weather-04d.svg,Đà Nẵng,-0.8139448191839139,0,-0.3910984642107302,0
2025-08-15 07:00:00+07:00,39.0,5.5,85.0,/dl/web/weather/ic-weather-04d.svg,Đà Nẵng,-0.4379557621457208,0,-0.5059653797425765,0
2025-08-15 09:00:00+07:00,44.0,4.5,72.0,/dl/web/weather/ic-weather-04d.svg,Đà Nẵng,-0.26705164531017844,0,-0.6974102389623206,0
2025-08-15 10:00:00+07:00,22.0,4.3,56.0,/dl/web/weather/ic-weather-04d.svg,Đà Nẵng,-1.0190297593865647,0,-0.7356992108062694,0
2025-08-15 11:00:00+07:00,53.0,7.5,54.0,/dl/web/weather/ic-weather-04d.svg,Đà Nẵng,0.040575764993797815,0,-0.12307566130308849,0
2025-08-15 12:00:00+07:00,39.0,9.1,51.0,/dl/web/weather/ic-weather-04d.svg,Đà Nẵng,-0.4379557621457208,0,0.18323611344850188,0
2025-08-15 13:00:00+07:00,33.0,9.5,60.0,/dl/web/weather/ic-weather-04d.svg,Đà Nẵng,-0.6430407023483716,0,0.25981405713639955,0
2025-08-15 14:00:00+07:00,33.0,9.7,65.0,/dl/web/weather/ic-weather-04d.svg,Đà Nẵng,-0.6430407023483716,0,0.29810302898034824,0
2025-08-15 15:00:00+07:00,22.0,9.4,60.0,/dl/web/weather/ic-weather-04d.svg,Đà Nẵng,-1.0190297593865647,0,0.24066957121442523,0
2025-08-15 16:00:00+07:00,34.0,9.8,61.0,/dl/web/weather/ic-weather-04d.svg,Đà Nẵng,-0.6088598789812631,0,0.3172475149023229,0
2025-08-15 17:00:00+07:00,39.0,6.0,74.0,/dl/web/weather/ic-weather-04d.svg,Đà Nẵng,-0.4379557621457208,0,-0.4102429501327045,0
2025-08-15 18:00:00+07:00,34.0,4.8,75.0,/dl/web/weather/ic-weather-04d.svg,Đà Nẵng,-0.6088598789812631,0,-0.6399767811963973,0
2025-08-15 19:00:00+07:00,22.0,3.3,82.0,/dl/web/weather/ic-weather-04n.svg,Đà Nẵng,-1.0190297593865647,0,-0.9271440700260134,0
2025-08-15 20:00:00+07:00,22.0,2.2,83.0,/dl/web/weather/ic-weather-04n.svg,Đà Nẵng,-1.0190297593865647,0,-1.1377334151677319,0
2025-08-15 21:00:00+07:00,22.0,2.9,80.0,/dl/web/weather/ic-weather-04n.svg,Đà Nẵng,-1.0190297593865647,0,-1.003722013713911,0
2025-08-15 22:00:00+07:00,28.0,3.6,83.0,/dl/web/weather/ic-weather-04n.svg,Đà Nẵng,-0.8139448191839139,0,-0.8697106122600903,0
2025-08-15 23:00:00+07:00,29.0,3.7,79.0,/dl/web/weather/ic-weather-04n.svg,Đà Nẵng,-0.7797639958168054,0,-0.8505661263381158,0
2025-08-16 00:00:00+07:00,50.0,4.5,80.0,/dl/web/weather/ic-weather-04n.svg,Đà Nẵng,-0.0619667051075276,0,-0.6974102389623206,0
2025-08-16 01:00:00+07:00,44.0,4.5,83.0,/dl/web/weather/ic-weather-04n.svg,Đà Nẵng,-0.26705164531017844,0,-0.6974102389623206,0
2025-08-16 02:00:00+07:00,44.0,4.7,85.0,/dl/web/weather/ic-weather-04n.svg,Đà Nẵng,-0.26705164531017844,0,-0.6591212671183717,0
2025-08-16 03:00:00+07:00,55.0,4.1,93.0,/dl/web/weather/ic-weather-04n.svg,Đà Nẵng,0.10893741172801476,0,-0.7739881826502183,0
2025-08-16 04:00:00+07:00,55.0,4.9,93.0,/dl/web/weather/ic-weather-04n.svg,Đà Nẵng,0.10893741172801476,0,-0.6208322952744229,0
2025-08-16 05:00:00+07:00,51.0,3.9,89.0,/dl/web/weather/ic-weather-04n.svg,Đà Nẵng,-0.027785881740419127,0,-0.8122771544941669,0
2025-08-16 06:00:00+07:00,48.0,3.9,93.0,/dl/web/weather/ic-weather-04d.svg,Đà Nẵng,-0.13032835184174454,0,-0.8122771544941669,0
2025-08-16 07:00:00+07:00,59.0,3.5,87.0,/dl/web/weather/ic-weather-04d.svg,Đà Nẵng,0.24566070519644864,0,-0.8888550981820645,0
2025-08-16 09:00:00+07:00,59.0,1.0,70.0,/dl/web/weather/ic-weather-10d.svg,Đà Nẵng,0.24566070519644864,0,-1.3674672462314246,0
2025-08-16 10:00:00+07:00,50.0,4.4,69.0,/dl/web/weather/ic-weather-10d.svg,Đà Nẵng,-0.0619667051075276,0,-0.716554724884295,0
2025-08-16 11:00:00+07:00,28.0,7.2,77.0,/dl/web/weather/ic-weather-10d.svg,Đà Nẵng,-0.8139448191839139,0,-0.18050911906901165,0
2025-08-16 12:00:00+07:00,27.0,9.3,81.0,/dl/web/weather/ic-weather-10d.svg,Đà Nẵng,-0.8481256425510224,0,0.2215250852924509,0
2025-08-16 13:00:00+07:00,19.0,11.4,73.0,/dl/web/weather/ic-weather-10d.svg,Đà Nẵng,-1.1215722294878903,0,0.6235592896539133,0
2025-08-16 14:00:00+07:00,19.0,14.2,71.0,/dl/web/weather/ic-weather-10d.svg,Đà Nẵng,-1.1215722294878903,0,1.1596048954691964,0
2025-08-16 16:00:00+07:00,19.0,14.0,74.0,/dl/web/weather/ic-weather-04d.svg,Đà Nẵng,-1.1215722294878903,0,1.1213159236252477,0
2025-08-16 17:00:00+07:00,19.0,12.0,74.0,/dl/web/weather/ic-weather-04d.svg,Đà Nẵng,-1.1215722294878903,0,0.7384262051857596,0
2025-08-16 18:00:00+07:00,19.0,10.6,79.0,/dl/web/weather/ic-weather-04d.svg,Đà Nẵng,-1.1215722294878903,0,0.47040340227811794,0
2025-08-16 19:00:00+07:00,19.0,9.2,93.0,/dl/web/weather/ic-weather-10n.svg,Đà Nẵng,-1.1215722294878903,0,0.20238059937047623,0
2025-08-16 20:00:00+07:00,19.0,8.0,90.0,/dl/web/weather/ic-weather-10n.svg,Đà Nẵng,-1.1215722294878903,0,-0.02735323169321647,0
2025-08-16 21:00:00+07:00,19.0,6.8,93.0,/dl/web/weather/ic-weather-10n.svg,Đà Nẵng,-1.1215722294878903,0,-0.25708706275690935,0
2025-08-16 22:00:00+07:00,28.0,6.3,88.0,/dl/web/weather/ic-weather-10n.svg,Đà Nẵng,-0.8139448191839139,0,-0.35280949236678133,0
2025-08-16 23:00:00+07:00,19.0,5.2,93.0,/dl/web/weather/ic-weather-10n.svg,Đà Nẵng,-1.1215722294878903,0,-0.5633988375084997,0
2025-08-17 00:00:00+07:00,32.0,4.7,93.0,/dl/web/weather/ic-weather-10n.svg,Đà Nẵng,-0.6772215257154801,0,-0.6591212671183717,0
2025-08-17 01:00:00+07:00,23.0,6.8,91.0,/dl/web/weather/ic-weather-10n.svg,Đà Nẵng,-0.9848489360194563,0,-0.25708706275690935,0
2025-08-17 02:00:00+07:00,22.0,6.7,93.0,/dl/web/weather/ic-weather-10n.svg,Đà Nẵng,-1.0190297593865647,0,-0.27623154867888366,0
2025-08-17 03:00:00+07:00,22.0,6.0,93.0,/dl/web/weather/ic-weather-10n.svg,Đà Nẵng,-1.0190297593865647,0,-0.4102429501327045,0
2025-08-17 04:00:00+07:00,22.0,5.9,93.0,/dl/web/weather/ic-weather-10n.svg,Đà Nẵng,-1.0190297593865647,0,-0.4293874360546789,0
2025-08-17 05:00:00+07:00,31.0,5.8,93.0,/dl/web/weather/ic-weather-10n.svg,Đà Nẵng,-0.7114023490825886,0,-0.44853192197665337,0
2025-08-17 06:00:00+07:00,32.0,6.3,93.0,/dl/web/weather/ic-weather-10d.svg,Đà Nẵng,-0.6772215257154801,0,-0.35280949236678133,0
2025-08-17 07:00:00+07:00,33.0,6.2,91.0,/dl/web/weather/ic-weather-10d.svg,Đà Nẵng,-0.6430407023483716,0,-0.3719539782887557,0
2025-08-17 09:00:00+07:00,33.0,4.7,93.0,/dl/web/weather/ic-weather-10d.svg,Đà Nẵng,-0.6430407023483716,0,-0.6591212671183717,0
2025-08-17 10:00:00+07:00,28.0,4.0,84.0,/dl/web/weather/ic-weather-04d.svg,Đà Nẵng,-0.8139448191839139,0,-0.7931326685721926,0
2025-08-17 11:00:00+07:00,25.0,3.2,79.0,/dl/web/weather/ic-weather-04d.svg,Đà Nẵng,-0.9164872892852394,0,-0.9462885559479878,0
2025-08-17 12:00:00+07:00,25.0,4.2,75.0,/dl/web/weather/ic-weather-04d.svg,Đà Nẵng,-0.9164872892852394,0,-0.7548436967282437,0
2025-08-17 13:00:00+07:00,19.0,2.2,73.0,/dl/web/weather/ic-weather-04d.svg,Đà Nẵng,-1.1215722294878903,0,-1.1377334151677319,0
2025-08-17 14:00:00+07:00,19.0,0.1,73.0,/dl/web/weather/ic-weather-04d.svg,Đà Nẵng,-1.1215722294878903,0,-1.5397676195291943,0
2025-08-17 15:00:00+07:00,19.0,2.2,72.0,/dl/web/weather/ic-weather-04d.svg,Đà Nẵng,-1.1215722294878903,0,-1.1377334151677319,0
2025-08-17 16:00:00+07:00,6.0,1.8,72.0,/dl/web/weather/ic-weather-04d.svg,Đà Nẵng,-1.5659229332603004,0,-1.2143113588556296,0
2025-08-17 17:00:00+07:00,6.0,1.5,72.0,/dl/web/weather/ic-weather-04d.svg,Đà Nẵng,-1.5659229332603004,0,-1.2717448166215526,0
2025-08-17 18:00:00+07:00,8.0,3.0,75.0,/dl/web/weather/ic-weather-04d.svg,Đà Nẵng,-1.4975612865260834,0,-0.9845775277919366,0
2025-08-17 20:00:00+07:00,19.0,4.7,80.0,/dl/web/weather/ic-weather-04n.svg,Đà Nẵng,-1.1215722294878903,0,-0.6591212671183717,0
2025-08-17 21:00:00+07:00,22.0,5.6,80.0,/dl/web/weather/ic-weather-10n.svg,Đà Nẵng,-1.0190297593865647,0,-0.48682089382060223,0
2025-08-17 22:00:00+07:00,28.0,5.2,84.0,/dl/web/weather/ic-weather-10n.svg,Đà Nẵng,-0.8139448191839139,0,-0.5633988375084997,0
2025-08-17 23:00:00+07:00,22.5,4.3,84.0,/dl/web/weather/ic-weather-10n.svg,Đà Nẵng,-1.0019393477030105,0,-0.7356992108062694,0
2025-08-18 00:00:00+07:00,17.0,4.4,89.0,/dl/web/weather/ic-weather-10n.svg,Đà Nẵng,-1.1899338762221072,0,-0.716554724884295,0
2025-08-18 01:00:00+07:00,11.0,3.0,89.0,/dl/web/weather/ic-weather-10n.svg,Đà Nẵng,-1.395018816424758,0,-0.9845775277919366,0
2025-08-18 02:00:00+07:00,22.0,4.5,88.0,/dl/web/weather/ic-weather-10n.svg,Đà Nẵng,-1.0190297593865647,0,-0.6974102389623206,0
2025-08-18 03:00:00+07:00,17.0,4.6,89.0,/dl/web/weather/ic-weather-10n.svg,Đà Nẵng,-1.1899338762221072,0,-0.6782657530403462,0
2025-08-18 04:00:00+07:00,17.0,4.0,93.0,/dl/web/weather/ic-weather-04n.svg,Đà Nẵng,-1.1899338762221072,0,-0.7931326685721926,0
2025-08-18 05:00:00+07:00,28.0,4.6,93.0,/dl/web/weather/ic-weather-04n.svg,Đà Nẵng,-0.8139448191839139,0,-0.6782657530403462,0
2025-08-18 06:00:00+07:00,22.0,4.9,88.0,/dl/web/weather/ic-weather-04d.svg,Đà Nẵng,-1.0190297593865647,0,-0.6208322952744229,0
2025-08-18 07:00:00+07:00,44.0,3.4,85.0,/dl/web/weather/ic-weather-04d.svg,Đà Nẵng,-0.26705164531017844,0,-0.9079995841040389,0
2025-08-18 09:00:00+07:00,39.0,1.8,69.0,/dl/web/weather/ic-weather-04d.svg,Đà Nẵng,-0.4379557621457208,0,-1.2143113588556296,0
2025-08-18 10:00:00+07:00,36.0,4.5,66.0,/dl/web/weather/ic-weather-10d.svg,Đà Nẵng,-0.5404982322470462,0,-0.6974102389623206,0
2025-08-18 11:00:00+07:00,19.0,8.0,69.0,/dl/web/weather/ic-weather-10d.svg,Đà Nẵng,-1.1215722294878903,0,-0.02735323169321647,0
2025-08-18 12:00:00+07:00,11.0,9.7,71.0,/dl/web/weather/ic-weather-10d.svg,Đà Nẵng,-1.395018816424758,0,0.29810302898034824,0
2025-08-18 13:00:00+07:00,14.0,3.5,76.0,/dl/web/weather/ic-weather-10d.svg,Đà Nẵng,-1.2924763463234326,0,-0.8888550981820645,0
2025-08-18 14:00:00+07:00,17.0,8.0,80.0,/dl/web/weather/ic-weather-10d.svg,Đà Nẵng,-1.1899338762221072,0,-0.02735323169321647,0
2025-08-18 15:00:00+07:00,24.0,8.1,74.0,/dl/web/weather/ic-weather-10d.svg,Đà Nẵng,-0.9506681126523479,0,-0.008208745771242136,0
2025-08-18 16:00:00+07:00,21.5,8.2,75.0,/dl/web/weather/ic-weather-10d.svg,Đà Nẵng,-1.0361201710701191,0,0.010935740150732199,0
2025-08-18 17:00:00+07:00,19.0,5.9,97.0,/dl/web/weather/ic-weather-10d.svg,Đà Nẵng,-1.1215722294878903,0,-0.4293874360546789,0
2025-08-18 18:00:00+07:00,19.0,3.6,97.0,/dl/web/weather/ic-weather-10d.svg,Đà Nẵng,-1.1215722294878903,0,-0.8697106122600903,0
2025-08-18 19:00:00+07:00,20.5,5.7,91.0,/dl/web/weather/ic-weather-10n.svg,Đà Nẵng,-1.0703009944372275,0,-0.4676764078986277,0
2025-08-18 20:00:00+07:00,19.0,4.8,90.0,/dl/web/weather/ic-weather-04n.svg,Đà Nẵng,-1.1215722294878903,0,-0.6399767811963973,0
2025-08-18 21:00:00+07:00,22.0,4.3,93.0,/dl/web/weather/ic-weather-04n.svg,Đà Nẵng,-1.0190297593865647,0,-0.7356992108062694,0
2025-08-18 22:00:00+07:00,22.0,7.6,93.0,/dl/web/weather/ic-weather-04n.svg,Đà Nẵng,-1.0190297593865647,0,-0.10393117538111415,0
2025-08-18 23:00:00+07:00,19.0,4.8,93.0,/dl/web/weather/ic-weather-04n.svg,Đà Nẵng,-1.1215722294878903,0,-0.6399767811963973,0
2025-08-19 00:00:00+07:00,19.0,4.9,93.0,/dl/web/weather/ic-weather-04n.svg,Đà Nẵng,-1.1215722294878903,0,-0.6208322952744229,0
2025-08-19 01:00:00+07:00,19.0,6.0,92.0,/dl/web/weather/ic-weather-04n.svg,Đà Nẵng,-1.1215722294878903,0,-0.4102429501327045,0
2025-08-19 02:00:00+07:00,19.0,7.0,91.0,/dl/web/weather/ic-weather-04n.svg,Đà Nẵng,-1.1215722294878903,0,-0.21879809091296049,0
2025-08-19 03:00:00+07:00,28.0,6.7,93.0,/dl/web/weather/ic-weather-04n.svg,Đà Nẵng,-0.8139448191839139,0,-0.27623154867888366,0
2025-08-19 04:00:00+07:00,19.0,6.5,93.0,/dl/web/weather/ic-weather-04n.svg,Đà Nẵng,-1.1215722294878903,0,-0.3145205205228325,0
2025-08-19 05:00:00+07:00,22.0,7.1,93.0,/dl/web/weather/ic-weather-04n.svg,Đà Nẵng,-1.0190297593865647,0,-0.19965360499098617,0
2025-08-19 06:00:00+07:00,28.0,5.6,94.0,/dl/web/weather/ic-weather-04d.svg,Đà Nẵng,-0.8139448191839139,0,-0.48682089382060223,0
2025-08-19 09:00:00+07:00,55.0,4.8,82.0,/dl/web/weather/ic-weather-04d.svg,Đà Nẵng,0.10893741172801476,0,-0.6399767811963973,0
2025-08-19 10:00:00+07:00,19.0,1.5,69.0,/dl/web/weather/ic-weather-04d.svg,Đà Nẵng,-1.1215722294878903,0,-1.2717448166215526,0
2025-08-19 11:00:00+07:00,19.0,3.9,59.0,/dl/web/weather/ic-weather-04d.svg,Đà Nẵng,-1.1215722294878903,0,-0.8122771544941669,0
2025-08-19 12:00:00+07:00,19.0,10.5,57.0,/dl/web/weather/ic-weather-04d.svg,Đà Nẵng,-1.1215722294878903,0,0.4512589163561436,0
2025-08-19 13:00:00+07:00,19.0,12.1,62.0,/dl/web/weather/ic-weather-04d.svg,Đà Nẵng,-1.1215722294878903,0,0.757570691107734,0
2025-08-19 14:00:00+07:00,19.0,10.2,63.0,/dl/web/weather/ic-weather-03d.svg,Đà Nẵng,-1.1215722294878903,0,0.3938254585902203,0
2025-08-19 15:00:00+07:00,22.0,8.3,63.0,/dl/web/weather/ic-weather-03d.svg,Đà Nẵng,-1.0190297593865647,0,0.030080226072706873,0
2025-08-19 16:00:00+07:00,21.0,8.1,67.0,/dl/web/weather/ic-weather-04d.svg,Đà Nẵng,-1.0532105827536733,0,-0.008208745771242136,0
2025-08-19 17:00:00+07:00,19.0,5.4,71.0,/dl/web/weather/ic-weather-04d.svg,Đà Nẵng,-1.1215722294878903,0,-0.5251098656645509,0
2025-08-19 18:00:00+07:00,19.0,3.4,72.0,/dl/web/weather/ic-weather-04d.svg,Đà Nẵng,-1.1215722294878903,0,-0.9079995841040389,0
2025-08-19 20:00:00+07:00,19.0,1.9,81.0,/dl/web/weather/ic-weather-01n.svg,Đà Nẵng,-1.1215722294878903,0,-1.1951668729336549,0
2025-08-19 21:00:00+07:00,19.0,4.0,77.0,/dl/web/weather/ic-weather-04n.svg,Đà Nẵng,-1.1215722294878903,0,-0.7931326685721926,0
2025-08-19 22:00:00+07:00,19.0,5.8,84.0,/dl/web/weather/ic-weather-04n.svg,Đà Nẵng,-1.1215722294878903,0,-0.44853192197665337,0
2025-08-20 00:00:00+07:00,55.0,5.4,87.0,/dl/web/weather/ic-weather-04n.svg,Đà Nẵng,0.10893741172801476,0,-0.5251098656645509,0
2025-08-20 01:00:00+07:00,50.0,5.7,88.0,/dl/web/weather/ic-weather-04n.svg,Đà Nẵng,-0.0619667051075276,0,-0.4676764078986277,0
2025-08-20 02:00:00+07:00,50.0,5.3,84.0,/dl/web/weather/ic-weather-04n.svg,Đà Nẵng,-0.0619667051075276,0,-0.5442543515865254,0
2025-08-20 03:00:00+07:00,55.0,5.1,88.0,/dl/web/weather/ic-weather-04n.svg,Đà Nẵng,0.10893741172801476,0,-0.5825433234304742,0
2025-08-20 04:00:00+07:00,53.0,4.8,88.0,/dl/web/weather/ic-weather-04n.svg,Đà Nẵng,0.040575764993797815,0,-0.6399767811963973,0
2025-08-20 05:00:00+07:00,53.0,3.6,89.0,/dl/web/weather/ic-weather-04n.svg,Đà Nẵng,0.040575764993797815,0,-0.8697106122600903,0
2025-08-20 06:00:00+07:00,60.0,3.6,89.0,/dl/web/weather/ic-weather-04d.svg,Đà Nẵng,0.2798415285635571,0,-0.8697106122600903,0
2025-08-20 08:00:00+07:00,50.0,1.4,77.0,/dl/web/weather/ic-weather-04d.svg,Đà Nẵng,-0.0619667051075276,0,-1.290889302543527,0
2025-08-20 10:00:00+07:00,50.0,5.1,64.0,/dl/web/weather/ic-weather-04d.svg,Đà Nẵng,-0.0619667051075276,0,-0.5825433234304742,0
2025-08-20 11:00:00+07:00,50.0,5.9,63.0,/dl/web/weather/ic-weather-04d.svg,Đà Nẵng,-0.0619667051075276,0,-0.4293874360546789,0
2025-08-20 12:00:00+07:00,53.0,7.9,67.0,/dl/web/weather/ic-weather-04d.svg,Đà Nẵng,0.040575764993797815,0,-0.0464977176151908,0
2025-08-20 13:00:00+07:00,56.0,9.9,67.0,/dl/web/weather/ic-weather-04d.svg,Đà Nẵng,0.14311823509512323,0,0.33639200082429727,0
2025-08-20 14:00:00+07:00,56.0,10.5,67.0,/dl/web/weather/ic-weather-04d.svg,Đà Nẵng,0.14311823509512323,0,0.4512589163561436,0
2025-08-20 15:00:00+07:00,52.0,10.0,69.0,/dl/web/weather/ic-weather-04d.svg,Đà Nẵng,0.006394941626689343,0,0.3555364867462716,0
2025-08-20 16:00:00+07:00,52.0,8.5,72.0,/dl/web/weather/ic-weather-04d.svg,Đà Nẵng,0.006394941626689343,0,0.06836919791665555,0
2025-08-20 17:00:00+07:00,52.0,8.2,75.0,/dl/web/weather/ic-weather-04d.svg,Đà Nẵng,0.006394941626689343,0,0.010935740150732199,0
2025-08-20 18:00:00+07:00,52.0,7.2,80.0,/dl/web/weather/ic-weather-04d.svg,Đà Nẵng,0.006394941626689343,0,-0.18050911906901165,0
2025-08-20 19:00:00+07:00,44.0,6.1,83.0,/dl/web/weather/ic-weather-04n.svg,Đà Nẵng,-0.26705164531017844,0,-0.3910984642107302,0
2025-08-20 20:00:00+07:00,28.0,4.6,88.0,/dl/web/weather/ic-weather-04n.svg,Đà Nẵng,-0.8139448191839139,0,-0.6782657530403462,0
2025-08-20 21:00:00+07:00,34.0,3.7,88.0,/dl/web/weather/ic-weather-04n.svg,Đà Nẵng,-0.6088598789812631,0,-0.8505661263381158,0
2025-08-20 22:00:00+07:00,33.0,4.0,89.0,/dl/web/weather/ic-weather-04n.svg,Đà Nẵng,-0.6430407023483716,0,-0.7931326685721926,0
2025-08-21 00:00:00+07:00,28.0,4.8,91.0,/dl/web/weather/ic-weather-04n.svg,Đà Nẵng,-0.8139448191839139,0,-0.6399767811963973,0
2025-08-21 01:00:00+07:00,28.0,4.0,92.0,/dl/web/weather/ic-weather-04n.svg,Đà Nẵng,-0.8139448191839139,0,-0.7931326685721926,0
2025-08-21 02:00:00+07:00,28.0,7.0,92.0,/dl/web/weather/ic-weather-04n.svg,Đà Nẵng,-0.8139448191839139,0,-0.21879809091296049,0
2025-08-21 03:00:00+07:00,28.0,4.9,90.0,/dl/web/weather/ic-weather-04n.svg,Đà Nẵng,-0.8139448191839139,0,-0.6208322952744229,0
2025-08-21 04:00:00+07:00,28.0,5.5,91.0,/dl/web/weather/ic-weather-04n.svg,Đà Nẵng,-0.8139448191839139,0,-0.5059653797425765,0
2025-08-21 05:00:00+07:00,33.0,2.7,92.0,/dl/web/weather/ic-weather-04n.svg,Đà Nẵng,-0.6430407023483716,0,-1.0420109855578599,0
2025-08-21 06:00:00+07:00,39.0,4.7,93.0,/dl/web/weather/ic-weather-04d.svg,Đà Nẵng,-0.4379557621457208,0,-0.6591212671183717,0
2025-08-21 08:00:00+07:00,44.0,4.5,83.0,/dl/web/weather/ic-weather-04d.svg,Đà Nẵng,-0.26705164531017844,0,-0.6974102389623206,0
2025-08-21 10:00:00+07:00,54.0,7.0,70.0,/dl/web/weather/ic-weather-04d.svg,Đà Nẵng,0.07475658836090629,0,-0.21879809091296049,0
2025-08-21 11:00:00+07:00,53.0,9.4,62.0,/dl/web/weather/ic-weather-04d.svg,Đà Nẵng,0.040575764993797815,0,0.24066957121442523,0
2025-08-21 12:00:00+07:00,55.0,9.8,60.0,/dl/web/weather/ic-weather-04d.svg,Đà Nẵng,0.10893741172801476,0,0.3172475149023229,0
2025-08-21 13:00:00+07:00,50.0,10.1,65.0,/dl/web/weather/ic-weather-04d.svg,Đà Nẵng,-0.0619667051075276,0,0.3746809726682459,0
2025-08-21 14:00:00+07:00,50.0,11.9,61.0,/dl/web/weather/ic-weather-04d.svg,Đà Nẵng,-0.0619667051075276,0,0.7192817192637853,0
2025-08-21 15:00:00+07:00,44.0,11.6,65.0,/dl/web/weather/ic-weather-04d.svg,Đà Nẵng,-0.26705164531017844,0,0.6618482614978619,0
2025-08-21 16:00:00+07:00,39.0,11.9,67.0,/dl/web/weather/ic-weather-04d.svg,Đà Nẵng,-0.4379557621457208,0,0.7192817192637853,0
2025-08-21 17:00:00+07:00,19.0,10.2,61.0,/dl/web/weather/ic-weather-04d.svg,Đà Nẵng,-1.1215722294878903,0,0.3938254585902203,0
2025-08-21 18:00:00+07:00,33.0,9.8,75.0,/dl/web/weather/ic-weather-04d.svg,Đà Nẵng,-0.6430407023483716,0,0.3172475149023229,0
2025-08-21 19:00:00+07:00,28.0,10.3,72.0,/dl/web/weather/ic-weather-04n.svg,Đà Nẵng,-0.8139448191839139,0,0.41296994451219493,0
2025-08-21 20:00:00+07:00,33.0,8.9,76.0,/dl/web/weather/ic-weather-04n.svg,Đà Nẵng,-0.6430407023483716,0,0.14494714160455321,0
2025-08-21 21:00:00+07:00,39.0,8.3,78.0,/dl/web/weather/ic-weather-04n.svg,Đà Nẵng,-0.4379557621457208,0,0.030080226072706873,0
2025-08-21 22:00:00+07:00,44.0,7.2,78.0,/dl/web/weather/ic-weather-04n.svg,Đà Nẵng,-0.26705164531017844,0,-0.18050911906901165,0
2025-08-21 23:00:00+07:00,31.0,5.2,79.0,/dl/web/weather/ic-weather-04n.svg,Đà Nẵng,-0.7114023490825886,0,-0.5633988375084997,0
2025-08-22 00:00:00+07:00,35.0,4.3,80.0,/dl/web/weather/ic-weather-04n.svg,Đà Nẵng,-0.5746790556141547,0,-0.7356992108062694,0
2025-08-22 01:00:00+07:00,35.0,3.9,84.0,/dl/web/weather/ic-weather-04n.svg,Đà Nẵng,-0.5746790556141547,0,-0.8122771544941669,0
2025-08-22 02:00:00+07:00,50.0,3.4,86.0,/dl/web/weather/ic-weather-04n.svg,Đà Nẵng,-0.0619667051075276,0,-0.9079995841040389,0
2025-08-22 03:00:00+07:00,44.0,2.9,85.0,/dl/web/weather/ic-weather-04n.svg,Đà Nẵng,-0.26705164531017844,0,-1.003722013713911,0
2025-08-22 04:00:00+07:00,44.0,3.5,88.0,/dl/web/weather/ic-weather-04n.svg,Đà Nẵng,-0.26705164531017844,0,-0.8888550981820645,0
2025-08-22 05:00:00+07:00,53.0,3.3,91.0,/dl/web/weather/ic-weather-04n.svg,Đà Nẵng,0.040575764993797815,0,-0.9271440700260134,0
2025-08-22 06:00:00+07:00,58.0,3.5,89.0,/dl/web/weather/ic-weather-04d.svg,Đà Nẵng,0.21147988182934016,0,-0.8888550981820645,0
2025-08-22 08:00:00+07:00,58.0,3.6,77.0,/dl/web/weather/ic-weather-04d.svg,Đà Nẵng,0.21147988182934016,0,-0.8697106122600903,0
2025-08-22 10:00:00+07:00,44.0,4.9,63.0,/dl/web/weather/ic-weather-04d.svg,Đà Nẵng,-0.26705164531017844,0,-0.6208322952744229,0
2025-08-22 11:00:00+07:00,33.0,8.4,66.0,/dl/web/weather/ic-weather-04d.svg,Đà Nẵng,-0.6430407023483716,0,0.04922471199468121,0
2025-08-22 12:00:00+07:00,28.0,10.1,62.0,/dl/web/weather/ic-weather-04d.svg,Đà Nẵng,-0.8139448191839139,0,0.3746809726682459,0
2025-08-22 13:00:00+07:00,28.0,17.4,64.0,/dl/web/weather/ic-weather-04d.svg,Đà Nẵng,-0.8139448191839139,0,1.772228444972377,0
2025-08-22 14:00:00+07:00,19.0,10.2,59.0,/dl/web/weather/ic-weather-04d.svg,Đà Nẵng,-1.1215722294878903,0,0.3938254585902203,0
2025-08-22 15:00:00+07:00,19.0,10.2,65.0,/dl/web/weather/ic-weather-04d.svg,Đà Nẵng,-1.1215722294878903,0,0.3938254585902203,0
2025-08-22 16:00:00+07:00,19.0,9.2,64.0,/dl/web/weather/ic-weather-04d.svg,Đà Nẵng,-1.1215722294878903,0,0.20238059937047623,0
2025-08-22 17:00:00+07:00,19.0,7.1,68.0,/dl/web/weather/ic-weather-04d.svg,Đà Nẵng,-1.1215722294878903,0,-0.19965360499098617,0
2025-08-22 18:00:00+07:00,19.0,5.8,77.0,/dl/web/weather/ic-weather-04d.svg,Đà Nẵng,-1.1215722294878903,0,-0.44853192197665337,0
2025-08-22 19:00:00+07:00,19.0,4.2,83.0,/dl/web/weather/ic-weather-04n.svg,Đà Nẵng,-1.1215722294878903,0,-0.7548436967282437,0
2025-08-22 20:00:00+07:00,19.0,5.0,77.0,/dl/web/weather/ic-weather-04n.svg,Đà Nẵng,-1.1215722294878903,0,-0.6016878093524486,0
2025-08-22 21:00:00+07:00,19.0,4.5,82.0,/dl/web/weather/ic-weather-04n.svg,Đà Nẵng,-1.1215722294878903,0,-0.6974102389623206,0
2025-08-22 22:00:00+07:00,19.0,4.1,82.0,/dl/web/weather/ic-weather-04n.svg,Đà Nẵng,-1.1215722294878903,0,-0.7739881826502183,0
2025-08-22 23:00:00+07:00,22.0,4.6,85.0,/dl/web/weather/ic-weather-04n.svg,Đà Nẵng,-1.0190297593865647,0,-0.6782657530403462,0
2025-08-23 00:00:00+07:00,22.0,5.1,84.0,/dl/web/weather/ic-weather-04n.svg,Đà Nẵng,-1.0190297593865647,0,-0.5825433234304742,0
2025-08-23 01:00:00+07:00,22.0,4.1,86.0,/dl/web/weather/ic-weather-04n.svg,Đà Nẵng,-1.0190297593865647,0,-0.7739881826502183,0
2025-08-23 02:00:00+07:00,44.0,5.0,85.0,/dl/web/weather/ic-weather-04n.svg,Đà Nẵng,-0.26705164531017844,0,-0.6016878093524486,0
2025-08-23 03:00:00+07:00,44.0,4.7,89.0,/dl/web/weather/ic-weather-04n.svg,Đà Nẵng,-0.26705164531017844,0,-0.6591212671183717,0
2025-08-23 04:00:00+07:00,50.0,4.7,89.0,/dl/web/weather/ic-weather-04n.svg,Đà Nẵng,-0.0619667051075276,0,-0.6591212671183717,0
2025-08-23 05:00:00+07:00,50.0,4.8,84.0,/dl/web/weather/ic-weather-04n.svg,Đà Nẵng,-0.0619667051075276,0,-0.6399767811963973,0
2025-08-23 06:00:00+07:00,55.0,4.6,89.0,/dl/web/weather/ic-weather-04d.svg,Đà Nẵng,0.10893741172801476,0,-0.6782657530403462,0
2025-08-23 08:00:00+07:00,55.0,3.1,79.0,/dl/web/weather/ic-weather-02d.svg,Đà Nẵng,0.10893741172801476,0,-0.9654330418699623,0
2025-08-23 10:00:00+07:00,55.0,7.7,70.0,/dl/web/weather/ic-weather-02d.svg,Đà Nẵng,0.10893741172801476,0,-0.08478668945913964,0
2025-08-23 11:00:00+07:00,33.0,10.6,62.0,/dl/web/weather/ic-weather-02d.svg,Đà Nẵng,-0.6430407023483716,0,0.47040340227811794,0
2025-08-23 12:00:00+07:00,33.0,10.2,78.0,/dl/web/weather/ic-weather-02d.svg,Đà Nẵng,-0.6430407023483716,0,0.3938254585902203,0
2025-08-23 13:00:00+07:00,39.0,8.9,67.0,/dl/web/weather/ic-weather-02d.svg,Đà Nẵng,-0.4379557621457208,0,0.14494714160455321,0
2025-08-23 14:00:00+07:00,38.0,10.1,67.0,/dl/web/weather/ic-weather-01d.svg,Đà Nẵng,-0.4721365855128293,0,0.3746809726682459,0
2025-08-23 15:00:00+07:00,33.0,11.2,73.0,/dl/web/weather/ic-weather-02d.svg,Đà Nẵng,-0.6430407023483716,0,0.5852703178099643,0
2025-08-23 16:00:00+07:00,28.0,11.4,77.0,/dl/web/weather/ic-weather-03d.svg,Đà Nẵng,-0.8139448191839139,0,0.6235592896539133,0
2025-08-23 17:00:00+07:00,23.0,10.1,75.0,/dl/web/weather/ic-weather-04d.svg,Đà Nẵng,-0.9848489360194563,0,0.3746809726682459,0
2025-08-23 18:00:00+07:00,23.0,8.9,76.0,/dl/web/weather/ic-weather-04d.svg,Đà Nẵng,-0.9848489360194563,0,0.14494714160455321,0
2025-08-23 19:00:00+07:00,19.0,8.5,81.0,/dl/web/weather/ic-weather-04n.svg,Đà Nẵng,-1.1215722294878903,0,0.06836919791665555,0
2025-08-23 20:00:00+07:00,19.0,7.1,79.0,/dl/web/weather/ic-weather-04n.svg,Đà Nẵng,-1.1215722294878903,0,-0.19965360499098617,0
2025-08-23 21:00:00+07:00,33.0,6.6,80.0,/dl/web/weather/ic-weather-04n.svg,Đà Nẵng,-0.6430407023483716,0,-0.29537603460085815,0
2025-08-23 22:00:00+07:00,50.0,5.5,84.0,/dl/web/weather/ic-weather-04n.svg,Đà Nẵng,-0.0619667051075276,0,-0.5059653797425765,0
2025-08-23 23:00:00+07:00,39.0,3.8,89.0,/dl/web/weather/ic-weather-10n.svg,Đà Nẵng,-0.4379557621457208,0,-0.8314216404161414,0
2025-08-24 00:00:00+07:00,33.0,4.0,87.0,/dl/web/weather/ic-weather-04n.svg,Đà Nẵng,-0.6430407023483716,0,-0.7931326685721926,0
2025-08-24 01:00:00+07:00,44.0,5.4,86.0,/dl/web/weather/ic-weather-10n.svg,Đà Nẵng,-0.26705164531017844,0,-0.5251098656645509,0
2025-08-24 02:00:00+07:00,51.0,5.2,85.0,/dl/web/weather/ic-weather-10n.svg,Đà Nẵng,-0.027785881740419127,0,-0.5633988375084997,0
2025-08-24 03:00:00+07:00,50.0,5.8,93.0,/dl/web/weather/ic-weather-04n.svg,Đà Nẵng,-0.0619667051075276,0,-0.44853192197665337,0
2025-08-24 04:00:00+07:00,44.0,5.1,92.0,/dl/web/weather/ic-weather-04n.svg,Đà Nẵng,-0.26705164531017844,0,-0.5825433234304742,0
2025-08-24 05:00:00+07:00,46.0,7.9,89.0,/dl/web/weather/ic-weather-04n.svg,Đà Nẵng,-0.19868999857596148,0,-0.0464977176151908,0
2025-08-24 06:00:00+07:00,39.0,7.4,87.0,/dl/web/weather/ic-weather-10d.svg,Đà Nẵng,-0.4379557621457208,0,-0.14222014722506282,0
2025-08-24 09:00:00+07:00,99.0,6.8,79.0,/dl/web/weather/ic-weather-10d.svg,Đà Nẵng,1.6128936398807874,0,-0.25708706275690935,0
2025-08-24 10:00:00+07:00,75.0,6.3,85.0,/dl/web/weather/ic-weather-04d.svg,Đà Nẵng,0.7925538790701842,0,-0.35280949236678133,0
2025-08-24 11:00:00+07:00,92.0,8.2,80.0,/dl/web/weather/ic-weather-04d.svg,Đà Nẵng,1.3736278763110281,0,0.010935740150732199,0
2025-08-24 12:00:00+07:00,55.0,11.1,74.0,/dl/web/weather/ic-weather-04d.svg,Đà Nẵng,0.10893741172801476,0,0.5661258318879899,0
2025-08-24 13:00:00+07:00,33.0,10.7,71.0,/dl/web/weather/ic-weather-10d.svg,Đà Nẵng,-0.6430407023483716,0,0.48954788820009226,0
2025-08-24 14:00:00+07:00,25.0,9.8,83.0,/dl/web/weather/ic-weather-10d.svg,Đà Nẵng,-0.9164872892852394,0,0.3172475149023229,0
2025-08-24 15:00:00+07:00,25.0,8.3,83.0,/dl/web/weather/ic-weather-10d.svg,Đà Nẵng,-0.9164872892852394,0,0.030080226072706873,0
2025-08-24 16:00:00+07:00,24.0,9.6,87.0,/dl/web/weather/ic-weather-10d.svg,Đà Nẵng,-0.9506681126523479,0,0.2789585430583739,0
2025-08-24 17:00:00+07:00,28.0,9.3,85.0,/dl/web/weather/ic-weather-10d.svg,Đà Nẵng,-0.8139448191839139,0,0.2215250852924509,0
2025-08-24 18:00:00+07:00,22.0,10.1,89.0,/dl/web/weather/ic-weather-10d.svg,Đà Nẵng,-1.0190297593865647,0,0.3746809726682459,0
2025-08-24 19:00:00+07:00,22.0,10.5,89.0,/dl/web/weather/ic-weather-10n.svg,Đà Nẵng,-1.0190297593865647,0,0.4512589163561436,0
2025-08-24 20:00:00+07:00,33.0,9.8,80.0,/dl/web/weather/ic-weather-10n.svg,Đà Nẵng,-0.6430407023483716,0,0.3172475149023229,0
2025-08-24 21:00:00+07:00,28.0,10.9,83.0,/dl/web/weather/ic-weather-10n.svg,Đà Nẵng,-0.8139448191839139,0,0.5278368600440413,0
2025-08-24 22:00:00+07:00,28.0,9.3,85.0,/dl/web/weather/ic-weather-10n.svg,Đà Nẵng,-0.8139448191839139,0,0.2215250852924509,0
2025-08-24 23:00:00+07:00,44.0,10.6,88.0,/dl/web/weather/ic-weather-10n.svg,Đà Nẵng,-0.26705164531017844,0,0.47040340227811794,0
2025-08-25 00:00:00+07:00,42.0,10.3,83.0,/dl/web/weather/ic-weather-10n.svg,Đà Nẵng,-0.33541329204439535,0,0.41296994451219493,0
2025-08-25 01:00:00+07:00,33.0,8.9,86.0,/dl/web/weather/ic-weather-10n.svg,Đà Nẵng,-0.6430407023483716,0,0.14494714160455321,0
2025-08-25 02:00:00+07:00,28.0,9.2,84.0,/dl/web/weather/ic-weather-10n.svg,Đà Nẵng,-0.8139448191839139,0,0.20238059937047623,0
2025-08-25 03:00:00+07:00,28.0,10.0,90.0,/dl/web/weather/ic-weather-10n.svg,Đà Nẵng,-0.8139448191839139,0,0.3555364867462716,0
2025-08-25 04:00:00+07:00,22.0,10.8,82.0,/dl/web/weather/ic-weather-10n.svg,Đà Nẵng,-1.0190297593865647,0,0.5086923741220669,0
2025-08-25 05:00:00+07:00,32.0,10.1,90.0,/dl/web/weather/ic-weather-10n.svg,Đà Nẵng,-0.6772215257154801,0,0.3746809726682459,0
2025-08-25 06:00:00+07:00,33.0,12.9,92.0,/dl/web/weather/ic-weather-10d.svg,Đà Nẵng,-0.6430407023483716,0,0.9107265784835293,0
2025-08-25 09:00:00+07:00,33.0,8.6,91.0,/dl/web/weather/ic-weather-04d.svg,Đà Nẵng,-0.6430407023483716,0,0.08751368383862988,0
2025-08-25 10:00:00+07:00,19.0,9.2,84.0,/dl/web/weather/ic-weather-04d.svg,Đà Nẵng,-1.1215722294878903,0,0.20238059937047623,0
2025-08-25 11:00:00+07:00,19.0,10.0,92.0,/dl/web/weather/ic-weather-04d.svg,Đà Nẵng,-1.1215722294878903,0,0.3555364867462716,0
2025-08-25 12:00:00+07:00,19.0,11.5,77.0,/dl/web/weather/ic-weather-04d.svg,Đà Nẵng,-1.1215722294878903,0,0.6427037755758876,0
2025-08-25 13:00:00+07:00,19.0,10.6,80.0,/dl/web/weather/ic-weather-04d.svg,Đà Nẵng,-1.1215722294878903,0,0.47040340227811794,0
2025-08-25 14:00:00+07:00,19.0,10.2,72.0,/dl/web/weather/ic-weather-04d.svg,Đà Nẵng,-1.1215722294878903,0,0.3938254585902203,0
2025-08-25 15:00:00+07:00,28.0,10.4,69.0,/dl/web/weather/ic-weather-04d.svg,Đà Nẵng,-0.8139448191839139,0,0.43211443043416925,0
2025-08-25 16:00:00+07:00,22.0,8.6,72.0,/dl/web/weather/ic-weather-04d.svg,Đà Nẵng,-1.0190297593865647,0,0.08751368383862988,0
2025-08-25 17:00:00+07:00,25.0,4.9,78.0,/dl/web/weather/ic-weather-04d.svg,Đà Nẵng,-0.9164872892852394,0,-0.6208322952744229,0
2025-08-25 18:00:00+07:00,28.0,4.3,79.0,/dl/web/weather/ic-weather-04d.svg,Đà Nẵng,-0.8139448191839139,0,-0.7356992108062694,0
2025-08-25 19:00:00+07:00,53.0,5.3,80.0,/dl/web/weather/ic-weather-04n.svg,Đà Nẵng,0.040575764993797815,0,-0.5442543515865254,0
2025-08-25 20:00:00+07:00,72.0,6.2,73.0,/dl/web/weather/ic-weather-04n.svg,Đà Nẵng,0.6900114089688588,0,-0.3719539782887557,0
2025-08-25 21:00:00+07:00,62.0,5.9,87.0,/dl/web/weather/ic-weather-04n.svg,Đà Nẵng,0.34820317529777406,0,-0.4293874360546789,0
2025-08-25 22:00:00+07:00,58.0,6.6,79.0,/dl/web/weather/ic-weather-04n.svg,Đà Nẵng,0.21147988182934016,0,-0.29537603460085815,0
2025-08-25 23:00:00+07:00,53.0,6.9,76.0,/dl/web/weather/ic-weather-04n.svg,Đà Nẵng,0.040575764993797815,0,-0.23794257683493483,0
2025-08-26 00:00:00+07:00,50.0,7.2,72.0,/dl/web/weather/ic-weather-04n.svg,Đà Nẵng,-0.0619667051075276,0,-0.18050911906901165,0
2025-08-26 01:00:00+07:00,25.0,11.8,72.0,/dl/web/weather/ic-weather-04n.svg,Đà Nẵng,-0.9164872892852394,0,0.700137233341811,0
2025-08-26 02:00:00+07:00,28.0,7.3,90.0,/dl/web/weather/ic-weather-04n.svg,Đà Nẵng,-0.8139448191839139,0,-0.16136463314703733,0
2025-08-26 03:00:00+07:00,22.0,7.4,70.0,/dl/web/weather/ic-weather-04n.svg,Đà Nẵng,-1.0190297593865647,0,-0.14222014722506282,0
2025-08-26 04:00:00+07:00,22.0,8.4,87.0,/dl/web/weather/ic-weather-04n.svg,Đà Nẵng,-1.0190297593865647,0,0.04922471199468121,0
2025-08-26 05:00:00+07:00,22.0,7.5,86.0,/dl/web/weather/ic-weather-04n.svg,Đà Nẵng,-1.0190297593865647,0,-0.12307566130308849,0
2025-08-26 06:00:00+07:00,33.0,8.0,86.0,/dl/web/weather/ic-weather-04d.svg,Đà Nẵng,-0.6430407023483716,0,-0.02735323169321647,0
2025-08-26 08:00:00+07:00,28.0,7.9,79.0,/dl/web/weather/ic-weather-04d.svg,Đà Nẵng,-0.8139448191839139,0,-0.0464977176151908,0
2025-08-26 10:00:00+07:00,29.0,6.2,59.0,/dl/web/weather/ic-weather-04d.svg,Đà Nẵng,-0.7797639958168054,0,-0.3719539782887557,0
2025-08-26 11:00:00+07:00,19.0,5.4,53.0,/dl/web/weather/ic-weather-04d.svg,Đà Nẵng,-1.1215722294878903,0,-0.5251098656645509,0
2025-08-26 12:00:00+07:00,19.0,3.7,55.0,/dl/web/weather/ic-weather-04d.svg,Đà Nẵng,-1.1215722294878903,0,-0.8505661263381158,0
2025-08-26 13:00:00+07:00,19.0,4.3,59.0,/dl/web/weather/ic-weather-04d.svg,Đà Nẵng,-1.1215722294878903,0,-0.7356992108062694,0
2025-08-26 14:00:00+07:00,19.0,9.2,62.0,/dl/web/weather/ic-weather-04d.svg,Đà Nẵng,-1.1215722294878903,0,0.20238059937047623,0
2025-08-26 15:00:00+07:00,19.0,14.2,68.0,/dl/web/weather/ic-weather-04d.svg,Đà Nẵng,-1.1215722294878903,0,1.1596048954691964,0
2025-08-26 16:00:00+07:00,19.0,14.1,73.0,/dl/web/weather/ic-weather-04d.svg,Đà Nẵng,-1.1215722294878903,0,1.140460409547222,0
2025-08-26 17:00:00+07:00,19.0,12.4,77.0,/dl/web/weather/ic-weather-04d.svg,Đà Nẵng,-1.1215722294878903,0,0.8150041488736574,0
2025-08-26 18:00:00+07:00,19.0,12.1,79.0,/dl/web/weather/ic-weather-04d.svg,Đà Nẵng,-1.1215722294878903,0,0.757570691107734,0
2025-08-26 19:00:00+07:00,19.0,7.4,79.0,/dl/web/weather/ic-weather-04n.svg,Đà Nẵng,-1.1215722294878903,0,-0.14222014722506282,0
2025-08-26 20:00:00+07:00,22.0,5.1,82.0,/dl/web/weather/ic-weather-04n.svg,Đà Nẵng,-1.0190297593865647,0,-0.5825433234304742,0
2025-08-26 21:00:00+07:00,22.0,1.7,83.0,/dl/web/weather/ic-weather-04n.svg,Đà Nẵng,-1.0190297593865647,0,-1.2334558447776038,0
2025-08-26 22:00:00+07:00,39.0,2.9,84.0,/dl/web/weather/ic-weather-10n.svg,Đà Nẵng,-0.4379557621457208,0,-1.003722013713911,0
2025-08-26 23:00:00+07:00,19.0,4.7,98.0,/dl/web/weather/ic-weather-10n.svg,Đà Nẵng,-1.1215722294878903,0,-0.6591212671183717,0
2025-08-27 00:00:00+07:00,19.0,5.3,98.0,/dl/web/weather/ic-weather-10n.svg,Đà Nẵng,-1.1215722294878903,0,-0.5442543515865254,0
2025-08-27 01:00:00+07:00,19.0,6.6,95.0,/dl/web/weather/ic-weather-10n.svg,Đà Nẵng,-1.1215722294878903,0,-0.29537603460085815,0
2025-08-27 02:00:00+07:00,19.0,6.0,88.0,/dl/web/weather/ic-weather-10n.svg,Đà Nẵng,-1.1215722294878903,0,-0.4102429501327045,0
2025-08-27 03:00:00+07:00,19.0,6.1,95.0,/dl/web/weather/ic-weather-10n.svg,Đà Nẵng,-1.1215722294878903,0,-0.3910984642107302,0
2025-08-27 04:00:00+07:00,19.0,6.0,98.0,/dl/web/weather/ic-weather-10n.svg,Đà Nẵng,-1.1215722294878903,0,-0.4102429501327045,0
2025-08-27 05:00:00+07:00,22.0,5.5,89.0,/dl/web/weather/ic-weather-04n.svg,Đà Nẵng,-1.0190297593865647,0,-0.5059653797425765,0
2025-08-27 06:00:00+07:00,19.0,4.7,86.0,/dl/web/weather/ic-weather-04d.svg,Đà Nẵng,-1.1215722294878903,0,-0.6591212671183717,0
2025-08-27 08:00:00+07:00,52.0,3.1,89.0,/dl/web/weather/ic-weather-04d.svg,Đà Nẵng,0.006394941626689343,0,-0.9654330418699623,0
2025-08-27 10:00:00+07:00,50.0,2.6,89.0,/dl/web/weather/ic-weather-04d.svg,Đà Nẵng,-0.0619667051075276,0,-1.0611554714798344,0
2025-08-27 11:00:00+07:00,25.0,5.7,81.0,/dl/web/weather/ic-weather-04d.svg,Đà Nẵng,-0.9164872892852394,0,-0.4676764078986277,0
2025-08-27 12:00:00+07:00,28.0,8.4,70.0,/dl/web/weather/ic-weather-04d.svg,Đà Nẵng,-0.8139448191839139,0,0.04922471199468121,0
2025-08-27 13:00:00+07:00,22.0,9.2,74.0,/dl/web/weather/ic-weather-04d.svg,Đà Nẵng,-1.0190297593865647,0,0.20238059937047623,0
2025-08-27 14:00:00+07:00,22.0,10.2,76.0,/dl/web/weather/ic-weather-04d.svg,Đà Nẵng,-1.0190297593865647,0,0.3938254585902203,0
2025-08-27 15:00:00+07:00,19.0,10.2,76.0,/dl/web/weather/ic-weather-04d.svg,Đà Nẵng,-1.1215722294878903,0,0.3938254585902203,0
2025-08-27 16:00:00+07:00,19.0,10.2,75.0,/dl/web/weather/ic-weather-04d.svg,Đà Nẵng,-1.1215722294878903,0,0.3938254585902203,0
2025-08-27 17:00:00+07:00,19.0,9.6,78.0,/dl/web/weather/ic-weather-10d.svg,Đà Nẵng,-1.1215722294878903,0,0.2789585430583739,0
2025-08-27 18:00:00+07:00,19.0,7.8,79.0,/dl/web/weather/ic-weather-10d.svg,Đà Nẵng,-1.1215722294878903,0,-0.06564220353716531,0
2025-08-27 19:00:00+07:00,19.0,5.3,83.0,/dl/web/weather/ic-weather-04n.svg,Đà Nẵng,-1.1215722294878903,0,-0.5442543515865254,0
2025-08-27 20:00:00+07:00,33.0,4.5,88.0,/dl/web/weather/ic-weather-04n.svg,Đà Nẵng,-0.6430407023483716,0,-0.6974102389623206,0
2025-08-27 21:00:00+07:00,19.0,5.2,85.0,/dl/web/weather/ic-weather-04n.svg,Đà Nẵng,-1.1215722294878903,0,-0.5633988375084997,0
2025-08-27 22:00:00+07:00,44.0,7.1,89.0,/dl/web/weather/ic-weather-04n.svg,Đà Nẵng,-0.26705164531017844,0,-0.19965360499098617,0
2025-08-27 23:00:00+07:00,28.0,8.2,88.0,/dl/web/weather/ic-weather-04n.svg,Đà Nẵng,-0.8139448191839139,0,0.010935740150732199,0
2025-08-28 00:00:00+07:00,22.0,7.7,88.0,/dl/web/weather/ic-weather-04n.svg,Đà Nẵng,-1.0190297593865647,0,-0.08478668945913964,0
2025-08-28 01:00:00+07:00,22.0,6.7,92.0,/dl/web/weather/ic-weather-04n.svg,Đà Nẵng,-1.0190297593865647,0,-0.27623154867888366,0
2025-08-28 02:00:00+07:00,19.0,5.1,91.0,/dl/web/weather/ic-weather-04n.svg,Đà Nẵng,-1.1215722294878903,0,-0.5825433234304742,0
2025-08-28 03:00:00+07:00,19.0,4.3,88.0,/dl/web/weather/ic-weather-04n.svg,Đà Nẵng,-1.1215722294878903,0,-0.7356992108062694,0
2025-08-28 04:00:00+07:00,28.0,3.7,93.0,/dl/web/weather/ic-weather-04n.svg,Đà Nẵng,-0.8139448191839139,0,-0.8505661263381158,0
2025-08-28 05:00:00+07:00,22.0,3.9,93.0,/dl/web/weather/ic-weather-04n.svg,Đà Nẵng,-1.0190297593865647,0,-0.8122771544941669,0
2025-08-28 06:00:00+07:00,28.0,3.7,93.0,/dl/web/weather/ic-weather-04d.svg,Đà Nẵng,-0.8139448191839139,0,-0.8505661263381158,0
2025-08-28 08:00:00+07:00,39.0,4.1,75.0,/dl/web/weather/ic-weather-04d.svg,Đà Nẵng,-0.4379557621457208,0,-0.7739881826502183,0
2025-08-28 11:00:00+07:00,28.0,9.0,67.0,/dl/web/weather/ic-weather-04d.svg,Đà Nẵng,-0.8139448191839139,0,0.16409162752652756,0
2025-08-28 12:00:00+07:00,22.0,10.9,74.0,/dl/web/weather/ic-weather-04d.svg,Đà Nẵng,-1.0190297593865647,0,0.5278368600440413,0
2025-08-28 13:00:00+07:00,19.0,9.2,70.0,/dl/web/weather/ic-weather-03d.svg,Đà Nẵng,-1.1215722294878903,0,0.20238059937047623,0
2025-08-28 14:00:00+07:00,19.0,10.1,70.0,/dl/web/weather/ic-weather-01d.svg,Đà Nẵng,-1.1215722294878903,0,0.3746809726682459,0
2025-08-28 15:00:00+07:00,19.0,10.7,73.0,/dl/web/weather/ic-weather-02d.svg,Đà Nẵng,-1.1215722294878903,0,0.48954788820009226,0
2025-08-28 16:00:00+07:00,22.0,10.7,74.0,/dl/web/weather/ic-weather-02d.svg,Đà Nẵng,-1.0190297593865647,0,0.48954788820009226,0
2025-08-28 17:00:00+07:00,19.0,10.1,75.0,/dl/web/weather/ic-weather-03d.svg,Đà Nẵng,-1.1215722294878903,0,0.3746809726682459,0
2025-08-28 18:00:00+07:00,19.0,8.3,80.0,/dl/web/weather/ic-weather-03d.svg,Đà Nẵng,-1.1215722294878903,0,0.030080226072706873,0
2025-08-28 19:00:00+07:00,19.0,5.9,82.0,/dl/web/weather/ic-weather-04n.svg,Đà Nẵng,-1.1215722294878903,0,-0.4293874360546789,0
2025-08-28 20:00:00+07:00,33.0,3.7,80.0,/dl/web/weather/ic-weather-04n.svg,Đà Nẵng,-0.6430407023483716,0,-0.8505661263381158,0
2025-08-28 21:00:00+07:00,19.0,7.7,83.0,/dl/web/weather/ic-weather-04n.svg,Đà Nẵng,-1.1215722294878903,0,-0.08478668945913964,0
2025-08-28 22:00:00+07:00,22.0,5.7,88.0,/dl/web/weather/ic-weather-04n.svg,Đà Nẵng,-1.0190297593865647,0,-0.4676764078986277,0
2025-08-28 23:00:00+07:00,26.0,6.2,85.0,/dl/web/weather/ic-weather-04n.svg,Đà Nẵng,-0.8823064659181309,0,-0.3719539782887557,0
2025-08-29 00:00:00+07:00,33.0,4.5,84.0,/dl/web/weather/ic-weather-04n.svg,Đà Nẵng,-0.6430407023483716,0,-0.6974102389623206,0
2025-08-29 01:00:00+07:00,33.0,4.9,85.0,/dl/web/weather/ic-weather-04n.svg,Đà Nẵng,-0.6430407023483716,0,-0.6208322952744229,0
2025-08-29 02:00:00+07:00,39.0,5.2,92.0,/dl/web/weather/ic-weather-04n.svg,Đà Nẵng,-0.4379557621457208,0,-0.5633988375084997,0
2025-08-29 03:00:00+07:00,28.0,6.6,89.0,/dl/web/weather/ic-weather-04n.svg,Đà Nẵng,-0.8139448191839139,0,-0.29537603460085815,0
2025-08-29 04:00:00+07:00,28.0,5.5,88.0,/dl/web/weather/ic-weather-04n.svg,Đà Nẵng,-0.8139448191839139,0,-0.5059653797425765,0
2025-08-29 05:00:00+07:00,28.0,5.3,92.0,/dl/web/weather/ic-weather-04n.svg,Đà Nẵng,-0.8139448191839139,0,-0.5442543515865254,0
2025-08-29 06:00:00+07:00,50.0,5.2,87.0,/dl/web/weather/ic-weather-04d.svg,Đà Nẵng,-0.0619667051075276,0,-0.5633988375084997,0
2025-08-29 08:00:00+07:00,52.0,5.3,79.0,/dl/web/weather/ic-weather-10d.svg,Đà Nẵng,0.006394941626689343,0,-0.5442543515865254,0
2025-08-29 10:00:00+07:00,58.0,5.2,93.0,/dl/web/weather/ic-weather-10d.svg,Đà Nẵng,0.21147988182934016,0,-0.5633988375084997,0
2025-08-29 11:00:00+07:00,33.0,4.0,98.0,/dl/web/weather/ic-weather-10d.svg,Đà Nẵng,-0.6430407023483716,0,-0.7931326685721926,0
2025-08-29 12:00:00+07:00,44.0,4.8,80.0,/dl/web/weather/ic-weather-10d.svg,Đà Nẵng,-0.26705164531017844,0,-0.6399767811963973,0
2025-08-29 13:00:00+07:00,36.0,11.4,90.0,/dl/web/weather/ic-weather-10d.svg,Đà Nẵng,-0.5404982322470462,0,0.6235592896539133,0
2025-08-29 14:00:00+07:00,44.0,8.9,89.0,/dl/web/weather/ic-weather-10d.svg,Đà Nẵng,-0.26705164531017844,0,0.14494714160455321,0
2025-08-29 15:00:00+07:00,50.0,6.8,84.0,/dl/web/weather/ic-weather-10d.svg,Đà Nẵng,-0.0619667051075276,0,-0.25708706275690935,0
2025-08-29 16:00:00+07:00,28.0,5.9,90.0,/dl/web/weather/ic-weather-10d.svg,Đà Nẵng,-0.8139448191839139,0,-0.4293874360546789,0
2025-08-29 17:00:00+07:00,20.0,7.1,95.0,/dl/web/weather/ic-weather-10d.svg,Đà Nẵng,-1.0873914061207817,0,-0.19965360499098617,0
2025-08-29 18:00:00+07:00,22.0,5.3,96.0,/dl/web/weather/ic-weather-10d.svg,Đà Nẵng,-1.0190297593865647,0,-0.5442543515865254,0
2025-08-29 19:00:00+07:00,19.0,6.1,95.0,/dl/web/weather/ic-weather-10n.svg,Đà Nẵng,-1.1215722294878903,0,-0.3910984642107302,0
2025-08-29 20:00:00+07:00,31.0,5.1,85.0,/dl/web/weather/ic-weather-10n.svg,Đà Nẵng,-0.7114023490825886,0,-0.5825433234304742,0
2025-08-29 21:00:00+07:00,60.0,4.7,94.0,/dl/web/weather/ic-weather-04n.svg,Đà Nẵng,0.2798415285635571,0,-0.6591212671183717,0
2025-08-29 22:00:00+07:00,60.0,4.8,94.0,/dl/web/weather/ic-weather-10n.svg,Đà Nẵng,0.2798415285635571,0,-0.6399767811963973,0
2025-08-29 23:00:00+07:00,53.0,8.9,94.0,/dl/web/weather/ic-weather-10n.svg,Đà Nẵng,0.040575764993797815,0,0.14494714160455321,0
2025-08-30 00:00:00+07:00,36.0,8.5,95.0,/dl/web/weather/ic-weather-10n.svg,Đà Nẵng,-0.5404982322470462,0,0.06836919791665555,0
2025-08-30 01:00:00+07:00,39.0,15.8,94.0,/dl/web/weather/ic-weather-10n.svg,Đà Nẵng,-0.4379557621457208,0,1.465916670220787,0
2025-08-30 02:00:00+07:00,22.0,6.4,93.0,/dl/web/weather/ic-weather-10n.svg,Đà Nẵng,-1.0190297593865647,0,-0.33366500644480684,0
2025-08-30 03:00:00+07:00,22.0,7.8,98.0,/dl/web/weather/ic-weather-04n.svg,Đà Nẵng,-1.0190297593865647,0,-0.06564220353716531,0
2025-08-30 04:00:00+07:00,28.0,7.0,92.0,/dl/web/weather/ic-weather-10n.svg,Đà Nẵng,-0.8139448191839139,0,-0.21879809091296049,0
2025-08-30 05:00:00+07:00,36.0,5.5,97.0,/dl/web/weather/ic-weather-10n.svg,Đà Nẵng,-0.5404982322470462,0,-0.5059653797425765,0
2025-08-30 06:00:00+07:00,21.0,5.0,93.0,/dl/web/weather/ic-weather-10d.svg,Đà Nẵng,-1.0532105827536733,0,-0.6016878093524486,0
2025-08-30 08:00:00+07:00,28.0,6.0,93.0,/dl/web/weather/ic-weather-10d.svg,Đà Nẵng,-0.8139448191839139,0,-0.4102429501327045,0
2025-08-30 10:00:00+07:00,43.5,6.95,88.5,/dl/web/weather/ic-weather-04d.svg,Đà Nẵng,-0.2841420569937327,0,-0.22837033387394767,0
2025-08-30 11:00:00+07:00,53.0,7.9,87.0,/dl/web/weather/ic-weather-04d.svg,Đà Nẵng,0.040575764993797815,0,-0.0464977176151908,0
2025-08-30 12:00:00+07:00,52.0,8.9,77.0,/dl/web/weather/ic-weather-04d.svg,Đà Nẵng,0.006394941626689343,0,0.14494714160455321,0
2025-08-30 13:00:00+07:00,55.0,6.9,72.0,/dl/web/weather/ic-weather-04d.svg,Đà Nẵng,0.10893741172801476,0,-0.23794257683493483,0
2025-08-30 14:00:00+07:00,44.0,5.3,78.0,/dl/web/weather/ic-weather-04d.svg,Đà Nẵng,-0.26705164531017844,0,-0.5442543515865254,0
2025-08-30 15:00:00+07:00,44.0,4.5,73.0,/dl/web/weather/ic-weather-04d.svg,Đà Nẵng,-0.26705164531017844,0,-0.6974102389623206,0
2025-08-30 16:00:00+07:00,33.0,4.4,74.0,/dl/web/weather/ic-weather-04d.svg,Đà Nẵng,-0.6430407023483716,0,-0.716554724884295,0
2025-08-30 17:00:00+07:00,28.0,4.9,78.0,/dl/web/weather/ic-weather-04d.svg,Đà Nẵng,-0.8139448191839139,0,-0.6208322952744229,0
2025-08-30 18:00:00+07:00,22.0,3.2,92.0,/dl/web/weather/ic-weather-04d.svg,Đà Nẵng,-1.0190297593865647,0,-0.9462885559479878,0
2025-08-30 19:00:00+07:00,24.0,4.6,88.0,/dl/web/weather/ic-weather-04n.svg,Đà Nẵng,-0.9506681126523479,0,-0.6782657530403462,0
2025-08-30 20:00:00+07:00,21.0,3.8,88.0,/dl/web/weather/ic-weather-04n.svg,Đà Nẵng,-1.0532105827536733,0,-0.8314216404161414,0
2025-08-30 21:00:00+07:00,26.0,4.1,93.0,/dl/web/weather/ic-weather-04n.svg,Đà Nẵng,-0.8823064659181309,0,-0.7739881826502183,0
2025-08-30 22:00:00+07:00,23.0,5.4,93.0,/dl/web/weather/ic-weather-04n.svg,Đà Nẵng,-0.9848489360194563,0,-0.5251098656645509,0
2025-08-30 23:00:00+07:00,39.0,4.7,87.0,/dl/web/weather/ic-weather-10n.svg,Đà Nẵng,-0.4379557621457208,0,-0.6591212671183717,0
2025-08-31 00:00:00+07:00,39.0,4.4,92.0,/dl/web/weather/ic-weather-04n.svg,Đà Nẵng,-0.4379557621457208,0,-0.716554724884295,0
2025-08-31 01:00:00+07:00,39.0,3.4,91.0,/dl/web/weather/ic-weather-04n.svg,Đà Nẵng,-0.4379557621457208,0,-0.9079995841040389,0
2025-08-31 02:00:00+07:00,44.0,2.6,92.0,/dl/web/weather/ic-weather-02n.svg,Đà Nẵng,-0.26705164531017844,0,-1.0611554714798344,0
2025-08-31 03:00:00+07:00,53.0,3.1,93.0,/dl/web/weather/ic-weather-02n.svg,Đà Nẵng,0.040575764993797815,0,-0.9654330418699623,0
2025-08-31 04:00:00+07:00,55.0,4.6,88.0,/dl/web/weather/ic-weather-03n.svg,Đà Nẵng,0.10893741172801476,0,-0.6782657530403462,0
2025-08-31 05:00:00+07:00,22.0,4.6,87.0,/dl/web/weather/ic-weather-04n.svg,Đà Nẵng,-1.0190297593865647,0,-0.6782657530403462,0
2025-08-31 06:00:00+07:00,22.0,4.7,85.0,/dl/web/weather/ic-weather-04d.svg,Đà Nẵng,-1.0190297593865647,0,-0.6591212671183717,0
2025-08-31 09:00:00+07:00,29.0,4.0,87.0,/dl/web/weather/ic-weather-04d.svg,Đà Nẵng,-0.7797639958168054,0,-0.7931326685721926,0
2025-08-31 10:00:00+07:00,36.0,5.0,83.0,/dl/web/weather/ic-weather-04d.svg,Đà Nẵng,-0.5404982322470462,0,-0.6016878093524486,0
2025-08-31 11:00:00+07:00,29.0,6.6,76.0,/dl/web/weather/ic-weather-04d.svg,Đà Nẵng,-0.7797639958168054,0,-0.29537603460085815,0
2025-08-31 12:00:00+07:00,28.0,7.1,74.0,/dl/web/weather/ic-weather-04d.svg,Đà Nẵng,-0.8139448191839139,0,-0.19965360499098617,0
2025-08-31 13:00:00+07:00,22.0,7.1,75.0,/dl/web/weather/ic-weather-04d.svg,Đà Nẵng,-1.0190297593865647,0,-0.19965360499098617,0
2025-08-31 14:00:00+07:00,22.0,7.2,71.0,/dl/web/weather/ic-weather-02d.svg,Đà Nẵng,-1.0190297593865647,0,-0.18050911906901165,0
2025-08-31 15:00:00+07:00,19.0,8.6,75.0,/dl/web/weather/ic-weather-02d.svg,Đà Nẵng,-1.1215722294878903,0,0.08751368383862988,0
2025-08-31 16:00:00+07:00,19.0,9.2,75.0,/dl/web/weather/ic-weather-03d.svg,Đà Nẵng,-1.1215722294878903,0,0.20238059937047623,0
2025-08-31 17:00:00+07:00,19.0,7.9,84.0,/dl/web/weather/ic-weather-03d.svg,Đà Nẵng,-1.1215722294878903,0,-0.0464977176151908,0
2025-08-31 18:00:00+07:00,19.0,6.6,83.0,/dl/web/weather/ic-weather-03n.svg,Đà Nẵng,-1.1215722294878903,0,-0.29537603460085815,0
2025-08-31 19:00:00+07:00,19.0,6.2,84.0,/dl/web/weather/ic-weather-03n.svg,Đà Nẵng,-1.1215722294878903,0,-0.3719539782887557,0
2025-08-31 20:00:00+07:00,19.0,4.3,83.0,/dl/web/weather/ic-weather-04n.svg,Đà Nẵng,-1.1215722294878903,0,-0.7356992108062694,0
2025-08-31 21:00:00+07:00,19.0,2.8,85.0,/dl/web/weather/ic-weather-04n.svg,Đà Nẵng,-1.1215722294878903,0,-1.0228664996358854,0
2025-08-31 22:00:00+07:00,19.0,3.6,89.0,/dl/web/weather/ic-weather-04n.svg,Đà Nẵng,-1.1215722294878903,0,-0.8697106122600903,0
2025-08-31 23:00:00+07:00,28.0,4.7,89.0,/dl/web/weather/ic-weather-04n.svg,Đà Nẵng,-0.8139448191839139,0,-0.6591212671183717,0
2025-09-01 00:00:00+07:00,28.0,5.4,90.0,/dl/web/weather/ic-weather-04n.svg,Đà Nẵng,-0.8139448191839139,0,-0.5251098656645509,0
2025-09-01 01:00:00+07:00,44.0,5.1,90.0,/dl/web/weather/ic-weather-04n.svg,Đà Nẵng,-0.26705164531017844,0,-0.5825433234304742,0
2025-09-01 02:00:00+07:00,58.0,4.7,91.0,/dl/web/weather/ic-weather-04n.svg,Đà Nẵng,0.21147988182934016,0,-0.6591212671183717,0
2025-09-01 03:00:00+07:00,39.0,4.7,89.0,/dl/web/weather/ic-weather-10n.svg,Đà Nẵng,-0.4379557621457208,0,-0.6591212671183717,0
2025-09-01 04:00:00+07:00,33.0,4.8,89.0,/dl/web/weather/ic-weather-04n.svg,Đà Nẵng,-0.6430407023483716,0,-0.6399767811963973,0
2025-09-01 05:00:00+07:00,47.0,4.6,89.0,/dl/web/weather/ic-weather-04n.svg,Đà Nẵng,-0.164509175208853,0,-0.6782657530403462,0
2025-09-01 06:00:00+07:00,53.0,3.8,89.0,/dl/web/weather/ic-weather-04d.svg,Đà Nẵng,0.040575764993797815,0,-0.8314216404161414,0
2025-09-01 09:00:00+07:00,44.0,2.8,74.0,/dl/web/weather/ic-weather-04d.svg,Đà Nẵng,-0.26705164531017844,0,-1.0228664996358854,0
2025-09-01 10:00:00+07:00,26.0,4.7,75.0,/dl/web/weather/ic-weather-04d.svg,Đà Nẵng,-0.8823064659181309,0,-0.6591212671183717,0
2025-09-01 11:00:00+07:00,22.0,8.3,73.0,/dl/web/weather/ic-weather-04d.svg,Đà Nẵng,-1.0190297593865647,0,0.030080226072706873,0
2025-09-01 12:00:00+07:00,22.0,9.9,73.0,/dl/web/weather/ic-weather-04d.svg,Đà Nẵng,-1.0190297593865647,0,0.33639200082429727,0
2025-09-01 13:00:00+07:00,19.0,10.4,74.0,/dl/web/weather/ic-weather-04d.svg,Đà Nẵng,-1.1215722294878903,0,0.43211443043416925,0
2025-09-01 14:00:00+07:00,19.0,11.2,75.0,/dl/web/weather/ic-weather-10d.svg,Đà Nẵng,-1.1215722294878903,0,0.5852703178099643,0
2025-09-01 15:00:00+07:00,19.0,11.0,77.0,/dl/web/weather/ic-weather-03d.svg,Đà Nẵng,-1.1215722294878903,0,0.5469813459660157,0
2025-09-01 16:00:00+07:00,19.0,10.4,79.0,/dl/web/weather/ic-weather-03d.svg,Đà Nẵng,-1.1215722294878903,0,0.43211443043416925,0
2025-09-01 17:00:00+07:00,19.0,14.0,82.0,/dl/web/weather/ic-weather-03d.svg,Đà Nẵng,-1.1215722294878903,0,1.1213159236252477,0
2025-09-01 18:00:00+07:00,19.0,7.2,84.0,/dl/web/weather/ic-weather-10n.svg,Đà Nẵng,-1.1215722294878903,0,-0.18050911906901165,0
2025-09-01 19:00:00+07:00,19.0,5.2,83.0,/dl/web/weather/ic-weather-02n.svg,Đà Nẵng,-1.1215722294878903,0,-0.5633988375084997,0
2025-09-01 20:00:00+07:00,19.0,3.3,82.0,/dl/web/weather/ic-weather-03n.svg,Đà Nẵng,-1.1215722294878903,0,-0.9271440700260134,0
2025-09-01 21:00:00+07:00,19.0,2.6,82.0,/dl/web/weather/ic-weather-03n.svg,Đà Nẵng,-1.1215722294878903,0,-1.0611554714798344,0
2025-09-01 22:00:00+07:00,19.0,3.9,91.0,/dl/web/weather/ic-weather-04n.svg,Đà Nẵng,-1.1215722294878903,0,-0.8122771544941669,0
2025-09-01 23:00:00+07:00,19.0,4.7,92.0,/dl/web/weather/ic-weather-04n.svg,Đà Nẵng,-1.1215722294878903,0,-0.6591212671183717,0
2025-09-02 00:00:00+07:00,22.0,5.1,85.0,/dl/web/weather/ic-weather-04n.svg,Đà Nẵng,-1.0190297593865647,0,-0.5825433234304742,0
2025-09-02 01:00:00+07:00,19.0,5.1,91.0,/dl/web/weather/ic-weather-04n.svg,Đà Nẵng,-1.1215722294878903,0,-0.5825433234304742,0
2025-09-02 02:00:00+07:00,19.0,4.5,93.0,/dl/web/weather/ic-weather-10n.svg,Đà Nẵng,-1.1215722294878903,0,-0.6974102389623206,0
2025-09-02 03:00:00+07:00,19.0,4.0,90.0,/dl/web/weather/ic-weather-10n.svg,Đà Nẵng,-1.1215722294878903,0,-0.7931326685721926,0
2025-09-02 04:00:00+07:00,19.0,3.5,93.0,/dl/web/weather/ic-weather-04n.svg,Đà Nẵng,-1.1215722294878903,0,-0.8888550981820645,0
2025-09-02 05:00:00+07:00,28.0,3.1,93.0,/dl/web/weather/ic-weather-04n.svg,Đà Nẵng,-0.8139448191839139,0,-0.9654330418699623,0
2025-09-02 06:00:00+07:00,50.0,2.9,96.0,/dl/web/weather/ic-weather-04d.svg,Đà Nẵng,-0.0619667051075276,0,-1.003722013713911,0
2025-09-02 08:00:00+07:00,33.0,1.8,83.0,/dl/web/weather/ic-weather-04d.svg,Đà Nẵng,-0.6430407023483716,0,-1.2143113588556296,0
2025-09-02 10:00:00+07:00,28.0,5.7,71.0,/dl/web/weather/ic-weather-04d.svg,Đà Nẵng,-0.8139448191839139,0,-0.4676764078986277,0
2025-09-02 11:00:00+07:00,19.0,9.0,78.0,/dl/web/weather/ic-weather-04d.svg,Đà Nẵng,-1.1215722294878903,0,0.16409162752652756,0
2025-09-02 12:00:00+07:00,19.0,9.4,75.0,/dl/web/weather/ic-weather-04d.svg,Đà Nẵng,-1.1215722294878903,0,0.24066957121442523,0
2025-09-02 13:00:00+07:00,19.0,9.4,76.0,/dl/web/weather/ic-weather-04d.svg,Đà Nẵng,-1.1215722294878903,0,0.24066957121442523,0
2025-09-02 14:00:00+07:00,19.0,10.5,81.0,/dl/web/weather/ic-weather-04d.svg,Đà Nẵng,-1.1215722294878903,0,0.4512589163561436,0
2025-09-02 15:00:00+07:00,19.0,9.9,80.0,/dl/web/weather/ic-weather-04d.svg,Đà Nẵng,-1.1215722294878903,0,0.33639200082429727,0
2025-09-02 16:00:00+07:00,19.0,8.7,79.0,/dl/web/weather/ic-weather-04d.svg,Đà Nẵng,-1.1215722294878903,0,0.10665816976060422,0
2025-09-02 17:00:00+07:00,19.0,7.5,82.0,/dl/web/weather/ic-weather-04d.svg,Đà Nẵng,-1.1215722294878903,0,-0.12307566130308849,0
2025-09-02 18:00:00+07:00,19.0,5.9,78.0,/dl/web/weather/ic-weather-04n.svg,Đà Nẵng,-1.1215722294878903,0,-0.4293874360546789,0
2025-09-02 19:00:00+07:00,19.0,3.2,86.0,/dl/web/weather/ic-weather-04n.svg,Đà Nẵng,-1.1215722294878903,0,-0.9462885559479878,0
2025-09-02 20:00:00+07:00,19.0,1.3,80.0,/dl/web/weather/ic-weather-04n.svg,Đà Nẵng,-1.1215722294878903,0,-1.3100337884655016,0
2025-09-02 21:00:00+07:00,19.0,2.7,81.0,/dl/web/weather/ic-weather-04n.svg,Đà Nẵng,-1.1215722294878903,0,-1.0420109855578599,0
2025-09-02 22:00:00+07:00,19.0,3.8,90.0,/dl/web/weather/ic-weather-04n.svg,Đà Nẵng,-1.1215722294878903,0,-0.8314216404161414,0
2025-09-02 23:00:00+07:00,22.0,5.1,93.0,/dl/web/weather/ic-weather-04n.svg,Đà Nẵng,-1.0190297593865647,0,-0.5825433234304742,0
2025-09-03 00:00:00+07:00,22.0,4.8,93.0,/dl/web/weather/ic-weather-04n.svg,Đà Nẵng,-1.0190297593865647,0,-0.6399767811963973,0
2025-09-03 01:00:00+07:00,28.0,4.7,91.0,/dl/web/weather/ic-weather-04n.svg,Đà Nẵng,-0.8139448191839139,0,-0.6591212671183717,0
2025-09-03 02:00:00+07:00,28.0,5.3,94.0,/dl/web/weather/ic-weather-04n.svg,Đà Nẵng,-0.8139448191839139,0,-0.5442543515865254,0
2025-09-03 03:00:00+07:00,39.0,4.9,98.0,/dl/web/weather/ic-weather-04n.svg,Đà Nẵng,-0.4379557621457208,0,-0.6208322952744229,0
2025-09-03 04:00:00+07:00,53.0,4.2,93.0,/dl/web/weather/ic-weather-04n.svg,Đà Nẵng,0.040575764993797815,0,-0.7548436967282437,0
2025-09-03 05:00:00+07:00,65.0,5.7,92.0,/dl/web/weather/ic-weather-04n.svg,Đà Nẵng,0.45074564539909945,0,-0.4676764078986277,0
2025-09-03 06:00:00+07:00,58.0,3.6,88.0,/dl/web/weather/ic-weather-04d.svg,Đà Nẵng,0.21147988182934016,0,-0.8697106122600903,0
2025-09-03 08:00:00+07:00,55.0,3.0,83.0,/dl/web/weather/ic-weather-02d.svg,Đà Nẵng,0.10893741172801476,0,-0.9845775277919366,0
2025-09-03 09:00:00+07:00,57.0,1.3,81.0,/dl/web/weather/ic-weather-04d.svg,Đà Nẵng,0.1772990584622317,0,-1.3100337884655016,0
2025-09-03 10:00:00+07:00,53.0,4.0,77.0,/dl/web/weather/ic-weather-04d.svg,Đà Nẵng,0.040575764993797815,0,-0.7931326685721926,0
2025-09-03 11:00:00+07:00,44.0,3.6,72.0,/dl/web/weather/ic-weather-04d.svg,Đà Nẵng,-0.26705164531017844,0,-0.8697106122600903,0
2025-09-03 12:00:00+07:00,42.0,3.0,65.0,/dl/web/weather/ic-weather-04d.svg,Đà Nẵng,-0.33541329204439535,0,-0.9845775277919366,0
2025-09-03 13:00:00+07:00,44.0,6.2,71.0,/dl/web/weather/ic-weather-04d.svg,Đà Nẵng,-0.26705164531017844,0,-0.3719539782887557,0
2025-09-03 14:00:00+07:00,33.0,5.6,64.0,/dl/web/weather/ic-weather-04d.svg,Đà Nẵng,-0.6430407023483716,0,-0.48682089382060223,0
2025-09-03 15:00:00+07:00,39.0,4.7,77.0,/dl/web/weather/ic-weather-04d.svg,Đà Nẵng,-0.4379557621457208,0,-0.6591212671183717,0
2025-09-03 16:00:00+07:00,25.0,3.6,72.0,/dl/web/weather/ic-weather-04d.svg,Đà Nẵng,-0.9164872892852394,0,-0.8697106122600903,0
2025-09-03 17:00:00+07:00,19.0,2.6,72.0,/dl/web/weather/ic-weather-04d.svg,Đà Nẵng,-1.1215722294878903,0,-1.0611554714798344,0
2025-09-03 18:00:00+07:00,19.0,1.8,75.0,/dl/web/weather/ic-weather-04n.svg,Đà Nẵng,-1.1215722294878903,0,-1.2143113588556296,0
2025-09-03 19:00:00+07:00,22.0,3.6,81.0,/dl/web/weather/ic-weather-04n.svg,Đà Nẵng,-1.0190297593865647,0,-0.8697106122600903,0
2025-09-03 20:00:00+07:00,22.0,2.1,80.0,/dl/web/weather/ic-weather-03n.svg,Đà Nẵng,-1.0190297593865647,0,-1.1568779010897063,0
2025-09-03 21:00:00+07:00,22.0,1.4,84.0,/dl/web/weather/ic-weather-03n.svg,Đà Nẵng,-1.0190297593865647,0,-1.290889302543527,0
2025-09-03 22:00:00+07:00,21.0,2.6,89.0,/dl/web/weather/ic-weather-03n.svg,Đà Nẵng,-1.0532105827536733,0,-1.0611554714798344,0
2025-09-03 23:00:00+07:00,28.0,2.2,85.0,/dl/web/weather/ic-weather-10n.svg,Đà Nẵng,-0.8139448191839139,0,-1.1377334151677319,0
2025-09-04 00:00:00+07:00,44.0,4.1,85.0,/dl/web/weather/ic-weather-03n.svg,Đà Nẵng,-0.26705164531017844,0,-0.7739881826502183,0
2025-09-04 01:00:00+07:00,34.0,4.2,89.0,/dl/web/weather/ic-weather-03n.svg,Đà Nẵng,-0.6088598789812631,0,-0.7548436967282437,0
2025-09-04 02:00:00+07:00,34.0,4.0,89.0,/dl/web/weather/ic-weather-02n.svg,Đà Nẵng,-0.6088598789812631,0,-0.7931326685721926,0
2025-09-04 03:00:00+07:00,44.0,3.6,89.0,/dl/web/weather/ic-weather-03n.svg,Đà Nẵng,-0.26705164531017844,0,-0.8697106122600903,0
2025-09-04 04:00:00+07:00,50.0,4.5,89.0,/dl/web/weather/ic-weather-03n.svg,Đà Nẵng,-0.0619667051075276,0,-0.6974102389623206,0
2025-09-04 05:00:00+07:00,33.0,3.5,89.0,/dl/web/weather/ic-weather-03n.svg,Đà Nẵng,-0.6430407023483716,0,-0.8888550981820645,0
2025-09-04 06:00:00+07:00,28.0,2.7,93.0,/dl/web/weather/ic-weather-03d.svg,Đà Nẵng,-0.8139448191839139,0,-1.0420109855578599,0
2025-09-04 08:00:00+07:00,44.0,1.2,87.0,/dl/web/weather/ic-weather-01d.svg,Đà Nẵng,-0.26705164531017844,0,-1.3291782743874758,0
2025-09-04 09:00:00+07:00,44.0,1.6,74.0,/dl/web/weather/ic-weather-01d.svg,Đà Nẵng,-0.26705164531017844,0,-1.2526003306995783,0
2025-09-04 10:00:00+07:00,48.0,3.8,70.0,/dl/web/weather/ic-weather-01d.svg,Đà Nẵng,-0.13032835184174454,0,-0.8314216404161414,0
2025-09-04 11:00:00+07:00,28.0,5.4,74.0,/dl/web/weather/ic-weather-01d.svg,Đà Nẵng,-0.8139448191839139,0,-0.5251098656645509,0
2025-09-04 12:00:00+07:00,22.0,6.5,74.0,/dl/web/weather/ic-weather-02d.svg,Đà Nẵng,-1.0190297593865647,0,-0.3145205205228325,0
2025-09-04 13:00:00+07:00,19.0,7.4,74.0,/dl/web/weather/ic-weather-02d.svg,Đà Nẵng,-1.1215722294878903,0,-0.14222014722506282,0
2025-09-04 14:00:00+07:00,19.0,7.5,73.0,/dl/web/weather/ic-weather-02d.svg,Đà Nẵng,-1.1215722294878903,0,-0.12307566130308849,0
2025-09-04 15:00:00+07:00,19.0,12.2,71.0,/dl/web/weather/ic-weather-03d.svg,Đà Nẵng,-1.1215722294878903,0,0.7767151770297083,0
2025-09-04 16:00:00+07:00,19.0,7.9,68.0,/dl/web/weather/ic-weather-04d.svg,Đà Nẵng,-1.1215722294878903,0,-0.0464977176151908,0
2025-09-04 17:00:00+07:00,19.0,8.5,65.0,/dl/web/weather/ic-weather-04d.svg,Đà Nẵng,-1.1215722294878903,0,0.06836919791665555,0
2025-09-04 18:00:00+07:00,19.0,7.1,79.0,/dl/web/weather/ic-weather-10d.svg,Đà Nẵng,-1.1215722294878903,0,-0.19965360499098617,0
2025-09-04 19:00:00+07:00,19.0,4.3,81.0,/dl/web/weather/ic-weather-04n.svg,Đà Nẵng,-1.1215722294878903,0,-0.7356992108062694,0
2025-09-04 20:00:00+07:00,19.0,2.6,80.0,/dl/web/weather/ic-weather-04n.svg,Đà Nẵng,-1.1215722294878903,0,-1.0611554714798344,0
2025-09-04 21:00:00+07:00,19.0,2.6,80.0,/dl/web/weather/ic-weather-04n.svg,Đà Nẵng,-1.1215722294878903,0,-1.0611554714798344,0
2025-09-04 22:00:00+07:00,39.0,4.0,82.0,/dl/web/weather/ic-weather-04n.svg,Đà Nẵng,-0.4379557621457208,0,-0.7931326685721926,0
2025-09-04 23:00:00+07:00,66.0,4.4,84.0,/dl/web/weather/ic-weather-04n.svg,Đà Nẵng,0.48492646876620793,0,-0.716554724884295,0
2025-09-05 00:00:00+07:00,60.0,5.2,84.0,/dl/web/weather/ic-weather-04n.svg,Đà Nẵng,0.2798415285635571,0,-0.5633988375084997,0
2025-09-05 01:00:00+07:00,69.0,5.6,89.0,/dl/web/weather/ic-weather-04n.svg,Đà Nẵng,0.5874689388675334,0,-0.48682089382060223,0
2025-09-05 02:00:00+07:00,66.0,5.6,89.0,/dl/web/weather/ic-weather-04n.svg,Đà Nẵng,0.48492646876620793,0,-0.48682089382060223,0
2025-09-05 03:00:00+07:00,58.0,5.4,89.0,/dl/web/weather/ic-weather-04n.svg,Đà Nẵng,0.21147988182934016,0,-0.5251098656645509,0
2025-09-05 04:00:00+07:00,56.0,5.0,89.0,/dl/web/weather/ic-weather-04n.svg,Đà Nẵng,0.14311823509512323,0,-0.6016878093524486,0
2025-09-05 05:00:00+07:00,56.0,6.6,89.0,/dl/web/weather/ic-weather-04n.svg,Đà Nẵng,0.14311823509512323,0,-0.29537603460085815,0
2025-09-05 06:00:00+07:00,58.0,3.8,88.0,/dl/web/weather/ic-weather-04d.svg,Đà Nẵng,0.21147988182934016,0,-0.8314216404161414,0
2025-09-05 08:00:00+07:00,53.0,1.7,75.0,/dl/web/weather/ic-weather-10d.svg,Đà Nẵng,0.040575764993797815,0,-1.2334558447776038,0
2025-09-05 10:00:00+07:00,53.0,5.8,73.0,/dl/web/weather/ic-weather-03d.svg,Đà Nẵng,0.040575764993797815,0,-0.44853192197665337,0
2025-09-05 11:00:00+07:00,42.0,8.1,67.0,/dl/web/weather/ic-weather-03d.svg,Đà Nẵng,-0.33541329204439535,0,-0.008208745771242136,0
2025-09-05 12:00:00+07:00,28.0,8.1,68.0,/dl/web/weather/ic-weather-03d.svg,Đà Nẵng,-0.8139448191839139,0,-0.008208745771242136,0
2025-09-05 13:00:00+07:00,28.0,7.1,69.0,/dl/web/weather/ic-weather-04d.svg,Đà Nẵng,-0.8139448191839139,0,-0.19965360499098617,0
2025-09-05 14:00:00+07:00,22.0,8.0,70.0,/dl/web/weather/ic-weather-10d.svg,Đà Nẵng,-1.0190297593865647,0,-0.02735323169321647,0
2025-09-05 15:00:00+07:00,19.0,8.9,74.0,/dl/web/weather/ic-weather-04d.svg,Đà Nẵng,-1.1215722294878903,0,0.14494714160455321,0
2025-09-05 16:00:00+07:00,19.0,8.1,75.0,/dl/web/weather/ic-weather-04d.svg,Đà Nẵng,-1.1215722294878903,0,-0.008208745771242136,0
2025-09-05 17:00:00+07:00,19.0,7.0,75.0,/dl/web/weather/ic-weather-04d.svg,Đà Nẵng,-1.1215722294878903,0,-0.21879809091296049,0
2025-09-05 18:00:00+07:00,19.0,5.7,78.0,/dl/web/weather/ic-weather-04n.svg,Đà Nẵng,-1.1215722294878903,0,-0.4676764078986277,0
2025-09-05 19:00:00+07:00,19.0,5.3,78.0,/dl/web/weather/ic-weather-04n.svg,Đà Nẵng,-1.1215722294878903,0,-0.5442543515865254,0
2025-09-05 20:00:00+07:00,19.0,3.1,80.0,/dl/web/weather/ic-weather-04n.svg,Đà Nẵng,-1.1215722294878903,0,-0.9654330418699623,0
2025-09-05 21:00:00+07:00,19.0,1.8,80.0,/dl/web/weather/ic-weather-04n.svg,Đà Nẵng,-1.1215722294878903,0,-1.2143113588556296,0
2025-09-05 22:00:00+07:00,19.0,3.6,85.0,/dl/web/weather/ic-weather-04n.svg,Đà Nẵng,-1.1215722294878903,0,-0.8697106122600903,0
2025-09-05 23:00:00+07:00,19.0,4.3,86.0,/dl/web/weather/ic-weather-04n.svg,Đà Nẵng,-1.1215722294878903,0,-0.7356992108062694,0
2025-09-06 00:00:00+07:00,58.0,4.9,89.0,/dl/web/weather/ic-weather-04n.svg,Đà Nẵng,0.21147988182934016,0,-0.6208322952744229,0
2025-09-06 01:00:00+07:00,33.0,3.4,92.0,/dl/web/weather/ic-weather-04n.svg,Đà Nẵng,-0.6430407023483716,0,-0.9079995841040389,0
2025-09-06 02:00:00+07:00,24.0,3.6,92.0,/dl/web/weather/ic-weather-04n.svg,Đà Nẵng,-0.9506681126523479,0,-0.8697106122600903,0
2025-09-06 03:00:00+07:00,28.0,3.9,89.0,/dl/web/weather/ic-weather-04n.svg,Đà Nẵng,-0.8139448191839139,0,-0.8122771544941669,0
2025-09-06 04:00:00+07:00,22.0,3.7,93.0,/dl/web/weather/ic-weather-04n.svg,Đà Nẵng,-1.0190297593865647,0,-0.8505661263381158,0
2025-09-06 05:00:00+07:00,27.0,4.7,94.0,/dl/web/weather/ic-weather-04n.svg,Đà Nẵng,-0.8481256425510224,0,-0.6591212671183717,0
2025-09-06 06:00:00+07:00,24.0,4.5,91.0,/dl/web/weather/ic-weather-04d.svg,Đà Nẵng,-0.9506681126523479,0,-0.6974102389623206,0
2025-09-06 08:00:00+07:00,39.0,3.4,88.0,/dl/web/weather/ic-weather-04d.svg,Đà Nẵng,-0.4379557621457208,0,-0.9079995841040389,0
2025-09-06 09:00:00+07:00,33.0,3.5,76.0,/dl/web/weather/ic-weather-04d.svg,Đà Nẵng,-0.6430407023483716,0,-0.8888550981820645,0
2025-09-06 10:00:00+07:00,44.0,5.1,73.0,/dl/web/weather/ic-weather-04d.svg,Đà Nẵng,-0.26705164531017844,0,-0.5825433234304742,0
2025-09-06 11:00:00+07:00,33.0,8.6,74.0,/dl/web/weather/ic-weather-04d.svg,Đà Nẵng,-0.6430407023483716,0,0.08751368383862988,0
2025-09-06 12:00:00+07:00,22.0,9.0,75.0,/dl/web/weather/ic-weather-04d.svg,Đà Nẵng,-1.0190297593865647,0,0.16409162752652756,0
2025-09-06 13:00:00+07:00,19.0,9.1,76.0,/dl/web/weather/ic-weather-04d.svg,Đà Nẵng,-1.1215722294878903,0,0.18323611344850188,0
2025-09-06 14:00:00+07:00,19.0,10.9,77.0,/dl/web/weather/ic-weather-04d.svg,Đà Nẵng,-1.1215722294878903,0,0.5278368600440413,0
2025-09-06 15:00:00+07:00,19.0,11.4,78.0,/dl/web/weather/ic-weather-04d.svg,Đà Nẵng,-1.1215722294878903,0,0.6235592896539133,0
2025-09-06 16:00:00+07:00,24.0,11.3,79.0,/dl/web/weather/ic-weather-04d.svg,Đà Nẵng,-0.9506681126523479,0,0.604414803731939,0
2025-09-06 17:00:00+07:00,19.0,10.6,79.0,/dl/web/weather/ic-weather-04d.svg,Đà Nẵng,-1.1215722294878903,0,0.47040340227811794,0
2025-09-06 18:00:00+07:00,19.0,9.5,83.0,/dl/web/weather/ic-weather-04n.svg,Đà Nẵng,-1.1215722294878903,0,0.25981405713639955,0
2025-09-06 19:00:00+07:00,19.0,8.0,85.0,/dl/web/weather/ic-weather-04n.svg,Đà Nẵng,-1.1215722294878903,0,-0.02735323169321647,0
2025-09-06 20:00:00+07:00,19.0,7.7,86.0,/dl/web/weather/ic-weather-04n.svg,Đà Nẵng,-1.1215722294878903,0,-0.08478668945913964,0
2025-09-06 21:00:00+07:00,19.0,6.5,90.0,/dl/web/weather/ic-weather-04n.svg,Đà Nẵng,-1.1215722294878903,0,-0.3145205205228325,0
2025-09-06 22:00:00+07:00,19.0,4.7,91.0,/dl/web/weather/ic-weather-04n.svg,Đà Nẵng,-1.1215722294878903,0,-0.6591212671183717,0
2025-09-06 23:00:00+07:00,19.0,3.8,91.0,/dl/web/weather/ic-weather-04n.svg,Đà Nẵng,-1.1215722294878903,0,-0.8314216404161414,0
2025-09-07 00:00:00+07:00,19.0,4.7,94.0,/dl/web/weather/ic-weather-04n.svg,Đà Nẵng,-1.1215722294878903,0,-0.6591212671183717,0
2025-09-07 01:00:00+07:00,19.0,4.7,92.0,/dl/web/weather/ic-weather-04n.svg,Đà Nẵng,-1.1215722294878903,0,-0.6591212671183717,0
2025-09-07 02:00:00+07:00,19.0,4.9,92.0,/dl/web/weather/ic-weather-04n.svg,Đà Nẵng,-1.1215722294878903,0,-0.6208322952744229,0
2025-09-07 03:00:00+07:00,19.0,4.1,98.0,/dl/web/weather/ic-weather-04n.svg,Đà Nẵng,-1.1215722294878903,0,-0.7739881826502183,0
2025-09-07 04:00:00+07:00,33.0,3.8,91.0,/dl/web/weather/ic-weather-04n.svg,Đà Nẵng,-0.6430407023483716,0,-0.8314216404161414,0
2025-09-07 05:00:00+07:00,50.0,4.2,91.0,/dl/web/weather/ic-weather-04n.svg,Đà Nẵng,-0.0619667051075276,0,-0.7548436967282437,0
2025-09-07 06:00:00+07:00,50.0,4.6,94.0,/dl/web/weather/ic-weather-04d.svg,Đà Nẵng,-0.0619667051075276,0,-0.6782657530403462,0
2025-09-07 08:00:00+07:00,50.0,4.7,81.0,/dl/web/weather/ic-weather-04d.svg,Đà Nẵng,-0.0619667051075276,0,-0.6591212671183717,0
2025-09-07 10:00:00+07:00,19.0,0.5,66.0,/dl/web/weather/ic-weather-04d.svg,Đà Nẵng,-1.1215722294878903,0,-1.4631896758412968,0
2025-09-07 11:00:00+07:00,22.0,5.7,63.0,/dl/web/weather/ic-weather-04d.svg,Đà Nẵng,-1.0190297593865647,0,-0.4676764078986277,0
2025-09-07 12:00:00+07:00,32.0,8.4,71.0,/dl/web/weather/ic-weather-04d.svg,Đà Nẵng,-0.6772215257154801,0,0.04922471199468121,0
2025-09-07 13:00:00+07:00,19.0,7.8,75.0,/dl/web/weather/ic-weather-04d.svg,Đà Nẵng,-1.1215722294878903,0,-0.06564220353716531,0
2025-09-07 14:00:00+07:00,19.0,6.5,76.0,/dl/web/weather/ic-weather-04d.svg,Đà Nẵng,-1.1215722294878903,0,-0.3145205205228325,0
2025-09-07 15:00:00+07:00,19.0,6.6,75.0,/dl/web/weather/ic-weather-04d.svg,Đà Nẵng,-1.1215722294878903,0,-0.29537603460085815,0
2025-09-07 16:00:00+07:00,17.0,5.8,78.0,/dl/web/weather/ic-weather-04d.svg,Đà Nẵng,-1.1899338762221072,0,-0.44853192197665337,0
2025-09-07 17:00:00+07:00,22.0,4.5,78.0,/dl/web/weather/ic-weather-04d.svg,Đà Nẵng,-1.0190297593865647,0,-0.6974102389623206,0
2025-09-07 18:00:00+07:00,27.0,2.8,82.0,/dl/web/weather/ic-weather-04n.svg,Đà Nẵng,-0.8481256425510224,0,-1.0228664996358854,0
2025-09-07 19:00:00+07:00,33.0,0.4,83.0,/dl/web/weather/ic-weather-04n.svg,Đà Nẵng,-0.6430407023483716,0,-1.482334161763271,0
2025-09-07 20:00:00+07:00,34.0,0.4,86.0,/dl/web/weather/ic-weather-04n.svg,Đà Nẵng,-0.6088598789812631,0,-1.482334161763271,0
2025-09-07 21:00:00+07:00,52.0,1.8,84.0,/dl/web/weather/ic-weather-04n.svg,Đà Nẵng,0.006394941626689343,0,-1.2143113588556296,0
2025-09-07 22:00:00+07:00,33.0,3.9,92.0,/dl/web/weather/ic-weather-04n.svg,Đà Nẵng,-0.6430407023483716,0,-0.8122771544941669,0
2025-09-07 23:00:00+07:00,19.0,4.5,91.0,/dl/web/weather/ic-weather-04n.svg,Đà Nẵng,-1.1215722294878903,0,-0.6974102389623206,0
2025-09-08 00:00:00+07:00,19.0,5.5,92.0,/dl/web/weather/ic-weather-04n.svg,Đà Nẵng,-1.1215722294878903,0,-0.5059653797425765,0
2025-09-08 01:00:00+07:00,19.0,5.5,92.0,/dl/web/weather/ic-weather-04n.svg,Đà Nẵng,-1.1215722294878903,0,-0.5059653797425765,0
2025-09-08 02:00:00+07:00,19.0,4.8,91.0,/dl/web/weather/ic-weather-04n.svg,Đà Nẵng,-1.1215722294878903,0,-0.6399767811963973,0
2025-09-08 03:00:00+07:00,19.0,5.5,89.0,/dl/web/weather/ic-weather-04n.svg,Đà Nẵng,-1.1215722294878903,0,-0.5059653797425765,0
2025-09-08 04:00:00+07:00,28.0,5.5,89.0,/dl/web/weather/ic-weather-04n.svg,Đà Nẵng,-0.8139448191839139,0,-0.5059653797425765,0
2025-09-08 05:00:00+07:00,22.0,5.1,88.0,/dl/web/weather/ic-weather-04n.svg,Đà Nẵng,-1.0190297593865647,0,-0.5825433234304742,0
2025-09-08 06:00:00+07:00,22.0,4.3,88.0,/dl/web/weather/ic-weather-04d.svg,Đà Nẵng,-1.0190297593865647,0,-0.7356992108062694,0
2025-09-08 08:00:00+07:00,36.0,5.3,72.0,/dl/web/weather/ic-weather-04d.svg,Đà Nẵng,-0.5404982322470462,0,-0.5442543515865254,0
2025-09-08 10:00:00+07:00,22.0,6.0,61.0,/dl/web/weather/ic-weather-04d.svg,Đà Nẵng,-1.0190297593865647,0,-0.4102429501327045,0
2025-09-08 11:00:00+07:00,19.0,4.0,59.0,/dl/web/weather/ic-weather-04d.svg,Đà Nẵng,-1.1215722294878903,0,-0.7931326685721926,0
2025-09-08 12:00:00+07:00,19.0,2.9,59.0,/dl/web/weather/ic-weather-04d.svg,Đà Nẵng,-1.1215722294878903,0,-1.003722013713911,0
2025-09-08 13:00:00+07:00,22.0,7.6,64.0,/dl/web/weather/ic-weather-04d.svg,Đà Nẵng,-1.0190297593865647,0,-0.10393117538111415,0
2025-09-08 14:00:00+07:00,22.0,11.6,66.0,/dl/web/weather/ic-weather-04d.svg,Đà Nẵng,-1.0190297593865647,0,0.6618482614978619,0
2025-09-08 15:00:00+07:00,19.0,10.5,74.0,/dl/web/weather/ic-weather-04d.svg,Đà Nẵng,-1.1215722294878903,0,0.4512589163561436,0
2025-09-08 16:00:00+07:00,25.0,8.3,87.0,/dl/web/weather/ic-weather-04d.svg,Đà Nẵng,-0.9164872892852394,0,0.030080226072706873,0
2025-09-08 17:00:00+07:00,19.0,5.0,87.0,/dl/web/weather/ic-weather-04d.svg,Đà Nẵng,-1.1215722294878903,0,-0.6016878093524486,0
2025-09-08 18:00:00+07:00,20.0,3.7,83.0,/dl/web/weather/ic-weather-04n.svg,Đà Nẵng,-1.0873914061207817,0,-0.8505661263381158,0
2025-09-08 19:00:00+07:00,53.0,4.9,83.0,/dl/web/weather/ic-weather-04n.svg,Đà Nẵng,0.040575764993797815,0,-0.6208322952744229,0
2025-09-08 20:00:00+07:00,56.0,4.7,84.0,/dl/web/weather/ic-weather-04n.svg,Đà Nẵng,0.14311823509512323,0,-0.6591212671183717,0
2025-09-08 21:00:00+07:00,71.0,7.1,83.0,/dl/web/weather/ic-weather-04n.svg,Đà Nẵng,0.6558305856017503,0,-0.19965360499098617,0
2025-09-08 22:00:00+07:00,53.0,6.7,88.0,/dl/web/weather/ic-weather-04n.svg,Đà Nẵng,0.040575764993797815,0,-0.27623154867888366,0
2025-09-08 23:00:00+07:00,55.0,5.2,88.0,/dl/web/weather/ic-weather-04n.svg,Đà Nẵng,0.10893741172801476,0,-0.5633988375084997,0
2025-09-09 00:00:00+07:00,56.0,5.7,90.0,/dl/web/weather/ic-weather-04n.svg,Đà Nẵng,0.14311823509512323,0,-0.4676764078986277,0
2025-09-09 01:00:00+07:00,28.0,5.9,86.0,/dl/web/weather/ic-weather-04n.svg,Đà Nẵng,-0.8139448191839139,0,-0.4293874360546789,0
2025-09-09 02:00:00+07:00,19.0,5.6,81.0,/dl/web/weather/ic-weather-04n.svg,Đà Nẵng,-1.1215722294878903,0,-0.48682089382060223,0
2025-09-09 03:00:00+07:00,28.0,5.4,76.0,/dl/web/weather/ic-weather-04n.svg,Đà Nẵng,-0.8139448191839139,0,-0.5251098656645509,0
2025-09-09 04:00:00+07:00,29.0,6.3,72.0,/dl/web/weather/ic-weather-04n.svg,Đà Nẵng,-0.7797639958168054,0,-0.35280949236678133,0
2025-09-09 05:00:00+07:00,19.0,6.9,76.0,/dl/web/weather/ic-weather-04n.svg,Đà Nẵng,-1.1215722294878903,0,-0.23794257683493483,0
2025-09-09 06:00:00+07:00,22.0,7.3,79.0,/dl/web/weather/ic-weather-04d.svg,Đà Nẵng,-1.0190297593865647,0,-0.16136463314703733,0
2025-09-09 08:00:00+07:00,45.0,7.5,80.0,/dl/web/weather/ic-weather-04d.svg,Đà Nẵng,-0.23287082194306996,0,-0.12307566130308849,0
2025-09-09 10:00:00+07:00,33.0,4.1,64.0,/dl/web/weather/ic-weather-04d.svg,Đà Nẵng,-0.6430407023483716,0,-0.7739881826502183,0
2025-09-09 11:00:00+07:00,22.0,3.3,67.0,/dl/web/weather/ic-weather-04d.svg,Đà Nẵng,-1.0190297593865647,0,-0.9271440700260134,0
2025-09-09 12:00:00+07:00,22.0,3.4,60.0,/dl/web/weather/ic-weather-04d.svg,Đà Nẵng,-1.0190297593865647,0,-0.9079995841040389,0
2025-09-09 13:00:00+07:00,22.0,2.9,62.0,/dl/web/weather/ic-weather-10d.svg,Đà Nẵng,-1.0190297593865647,0,-1.003722013713911,0
2025-09-09 14:00:00+07:00,19.0,4.5,61.0,/dl/web/weather/ic-weather-10d.svg,Đà Nẵng,-1.1215722294878903,0,-0.6974102389623206,0
2025-09-09 15:00:00+07:00,22.0,4.3,68.0,/dl/web/weather/ic-weather-10d.svg,Đà Nẵng,-1.0190297593865647,0,-0.7356992108062694,0
2025-09-09 16:00:00+07:00,19.0,3.3,73.0,/dl/web/weather/ic-weather-04d.svg,Đà Nẵng,-1.1215722294878903,0,-0.9271440700260134,0
2025-09-09 17:00:00+07:00,19.0,2.6,73.0,/dl/web/weather/ic-weather-04d.svg,Đà Nẵng,-1.1215722294878903,0,-1.0611554714798344,0
2025-09-09 18:00:00+07:00,19.0,3.1,75.0,/dl/web/weather/ic-weather-04n.svg,Đà Nẵng,-1.1215722294878903,0,-0.9654330418699623,0
2025-09-09 19:00:00+07:00,19.0,3.3,81.0,/dl/web/weather/ic-weather-04n.svg,Đà Nẵng,-1.1215722294878903,0,-0.9271440700260134,0
2025-09-09 20:00:00+07:00,19.0,4.1,82.0,/dl/web/weather/ic-weather-04n.svg,Đà Nẵng,-1.1215722294878903,0,-0.7739881826502183,0
2025-09-09 21:00:00+07:00,19.0,5.7,79.0,/dl/web/weather/ic-weather-04n.svg,Đà Nẵng,-1.1215722294878903,0,-0.4676764078986277,0
2025-09-09 22:00:00+07:00,22.0,5.7,80.0,/dl/web/weather/ic-weather-04n.svg,Đà Nẵng,-1.0190297593865647,0,-0.4676764078986277,0
2025-09-09 23:00:00+07:00,56.0,5.5,84.0,/dl/web/weather/ic-weather-04n.svg,Đà Nẵng,0.14311823509512323,0,-0.5059653797425765,0
2025-09-10 00:00:00+07:00,60.0,5.5,84.0,/dl/web/weather/ic-weather-04n.svg,Đà Nẵng,0.2798415285635571,0,-0.5059653797425765,0
2025-09-10 01:00:00+07:00,58.0,5.3,85.0,/dl/web/weather/ic-weather-04n.svg,Đà Nẵng,0.21147988182934016,0,-0.5442543515865254,0
2025-09-10 02:00:00+07:00,44.0,5.5,83.0,/dl/web/weather/ic-weather-04n.svg,Đà Nẵng,-0.26705164531017844,0,-0.5059653797425765,0
2025-09-10 03:00:00+07:00,31.0,5.7,79.0,/dl/web/weather/ic-weather-04n.svg,Đà Nẵng,-0.7114023490825886,0,-0.4676764078986277,0
2025-09-10 04:00:00+07:00,39.0,4.7,83.0,/dl/web/weather/ic-weather-04n.svg,Đà Nẵng,-0.4379557621457208,0,-0.6591212671183717,0
2025-09-10 05:00:00+07:00,55.0,4.4,87.0,/dl/web/weather/ic-weather-04n.svg,Đà Nẵng,0.10893741172801476,0,-0.716554724884295,0
2025-09-10 06:00:00+07:00,53.0,4.9,86.0,/dl/web/weather/ic-weather-04d.svg,Đà Nẵng,0.040575764993797815,0,-0.6208322952744229,0
2025-09-10 09:00:00+07:00,28.0,0.7,66.0,/dl/web/weather/ic-weather-04d.svg,Đà Nẵng,-0.8139448191839139,0,-1.4249007039973478,0
2025-09-10 10:00:00+07:00,39.0,3.4,59.0,/dl/web/weather/ic-weather-04d.svg,Đà Nẵng,-0.4379557621457208,0,-0.9079995841040389,0
2025-09-10 11:00:00+07:00,50.0,5.8,66.0,/dl/web/weather/ic-weather-04d.svg,Đà Nẵng,-0.0619667051075276,0,-0.44853192197665337,0
2025-09-10 12:00:00+07:00,39.0,6.4,69.0,/dl/web/weather/ic-weather-04d.svg,Đà Nẵng,-0.4379557621457208,0,-0.33366500644480684,0
2025-09-10 13:00:00+07:00,28.0,6.7,70.0,/dl/web/weather/ic-weather-04d.svg,Đà Nẵng,-0.8139448191839139,0,-0.27623154867888366,0
2025-09-10 14:00:00+07:00,25.0,5.2,71.0,/dl/web/weather/ic-weather-04d.svg,Đà Nẵng,-0.9164872892852394,0,-0.5633988375084997,0
2025-09-10 15:00:00+07:00,33.0,5.7,74.0,/dl/web/weather/ic-weather-04d.svg,Đà Nẵng,-0.6430407023483716,0,-0.4676764078986277,0
2025-09-10 16:00:00+07:00,28.0,4.7,61.0,/dl/web/weather/ic-weather-04d.svg,Đà Nẵng,-0.8139448191839139,0,-0.6591212671183717,0
2025-09-10 17:00:00+07:00,23.0,4.7,76.0,/dl/web/weather/ic-weather-04d.svg,Đà Nẵng,-0.9848489360194563,0,-0.6591212671183717,0
2025-09-10 18:00:00+07:00,24.0,4.0,69.0,/dl/web/weather/ic-weather-04n.svg,Đà Nẵng,-0.9506681126523479,0,-0.7931326685721926,0
2025-09-10 19:00:00+07:00,44.0,4.3,76.0,/dl/web/weather/ic-weather-04n.svg,Đà Nẵng,-0.26705164531017844,0,-0.7356992108062694,0
2025-09-10 20:00:00+07:00,22.0,3.5,88.0,/dl/web/weather/ic-weather-04n.svg,Đà Nẵng,-1.0190297593865647,0,-0.8888550981820645,0
2025-09-10 21:00:00+07:00,19.0,3.6,88.0,/dl/web/weather/ic-weather-04n.svg,Đà Nẵng,-1.1215722294878903,0,-0.8697106122600903,0
2025-09-10 22:00:00+07:00,19.0,4.8,89.0,/dl/web/weather/ic-weather-04n.svg,Đà Nẵng,-1.1215722294878903,0,-0.6399767811963973,0
2025-09-10 23:00:00+07:00,19.0,5.6,95.0,/dl/web/weather/ic-weather-04n.svg,Đà Nẵng,-1.1215722294878903,0,-0.48682089382060223,0
2025-09-11 00:00:00+07:00,22.0,6.1,92.0,/dl/web/weather/ic-weather-04n.svg,Đà Nẵng,-1.0190297593865647,0,-0.3910984642107302,0
2025-09-11 01:00:00+07:00,19.0,9.5,92.0,/dl/web/weather/ic-weather-04n.svg,Đà Nẵng,-1.1215722294878903,0,0.25981405713639955,0
2025-09-11 02:00:00+07:00,19.0,5.7,93.0,/dl/web/weather/ic-weather-04n.svg,Đà Nẵng,-1.1215722294878903,0,-0.4676764078986277,0
2025-09-11 03:00:00+07:00,19.0,5.7,91.0,/dl/web/weather/ic-weather-04n.svg,Đà Nẵng,-1.1215722294878903,0,-0.4676764078986277,0
2025-09-11 04:00:00+07:00,22.0,10.5,92.0,/dl/web/weather/ic-weather-04n.svg,Đà Nẵng,-1.0190297593865647,0,0.4512589163561436,0
2025-09-11 05:00:00+07:00,19.0,5.2,91.0,/dl/web/weather/ic-weather-04n.svg,Đà Nẵng,-1.1215722294878903,0,-0.5633988375084997,0
2025-09-11 06:00:00+07:00,22.0,5.1,97.0,/dl/web/weather/ic-weather-04d.svg,Đà Nẵng,-1.0190297593865647,0,-0.5825433234304742,0
2025-09-11 08:00:00+07:00,22.0,4.7,78.0,/dl/web/weather/ic-weather-04d.svg,Đà Nẵng,-1.0190297593865647,0,-0.6591212671183717,0
2025-09-11 10:00:00+07:00,22.0,5.5,62.0,/dl/web/weather/ic-weather-03d.svg,Đà Nẵng,-1.0190297593865647,0,-0.5059653797425765,0
2025-09-11 11:00:00+07:00,33.0,8.2,62.0,/dl/web/weather/ic-weather-03d.svg,Đà Nẵng,-0.6430407023483716,0,0.010935740150732199,0
2025-09-11 12:00:00+07:00,32.0,10.2,66.0,/dl/web/weather/ic-weather-02d.svg,Đà Nẵng,-0.6772215257154801,0,0.3938254585902203,0
2025-09-11 13:00:00+07:00,33.0,10.2,65.0,/dl/web/weather/ic-weather-03d.svg,Đà Nẵng,-0.6430407023483716,0,0.3938254585902203,0
2025-09-11 14:00:00+07:00,31.0,9.4,68.0,/dl/web/weather/ic-weather-02d.svg,Đà Nẵng,-0.7114023490825886,0,0.24066957121442523,0
2025-09-11 15:00:00+07:00,28.0,9.2,66.0,/dl/web/weather/ic-weather-01d.svg,Đà Nẵng,-0.8139448191839139,0,0.20238059937047623,0
2025-09-11 16:00:00+07:00,28.0,9.3,70.0,/dl/web/weather/ic-weather-03d.svg,Đà Nẵng,-0.8139448191839139,0,0.2215250852924509,0
2025-09-11 17:00:00+07:00,28.0,8.4,71.0,/dl/web/weather/ic-weather-03d.svg,Đà Nẵng,-0.8139448191839139,0,0.04922471199468121,0
2025-09-11 18:00:00+07:00,28.0,7.2,75.0,/dl/web/weather/ic-weather-04n.svg,Đà Nẵng,-0.8139448191839139,0,-0.18050911906901165,0
2025-09-11 19:00:00+07:00,28.0,7.1,80.0,/dl/web/weather/ic-weather-04n.svg,Đà Nẵng,-0.8139448191839139,0,-0.19965360499098617,0
2025-09-11 20:00:00+07:00,28.0,7.5,79.0,/dl/web/weather/ic-weather-04n.svg,Đà Nẵng,-0.8139448191839139,0,-0.12307566130308849,0
2025-09-11 21:00:00+07:00,26.0,7.1,82.0,/dl/web/weather/ic-weather-04n.svg,Đà Nẵng,-0.8823064659181309,0,-0.19965360499098617,0
2025-09-11 22:00:00+07:00,24.0,5.7,82.0,/dl/web/weather/ic-weather-04n.svg,Đà Nẵng,-0.9506681126523479,0,-0.4676764078986277,0
2025-09-11 23:00:00+07:00,28.0,5.3,84.0,/dl/web/weather/ic-weather-04n.svg,Đà Nẵng,-0.8139448191839139,0,-0.5442543515865254,0
2025-09-12 00:00:00+07:00,50.0,4.2,85.0,/dl/web/weather/ic-weather-04n.svg,Đà Nẵng,-0.0619667051075276,0,-0.7548436967282437,0
2025-09-12 01:00:00+07:00,58.0,3.5,86.0,/dl/web/weather/ic-weather-04n.svg,Đà Nẵng,0.21147988182934016,0,-0.8888550981820645,0
2025-09-12 02:00:00+07:00,56.0,3.8,89.0,/dl/web/weather/ic-weather-03n.svg,Đà Nẵng,0.14311823509512323,0,-0.8314216404161414,0
2025-09-12 03:00:00+07:00,56.0,3.9,89.0,/dl/web/weather/ic-weather-03n.svg,Đà Nẵng,0.14311823509512323,0,-0.8122771544941669,0
2025-09-12 04:00:00+07:00,69.0,3.8,90.0,/dl/web/weather/ic-weather-03n.svg,Đà Nẵng,0.5874689388675334,0,-0.8314216404161414,0
2025-09-12 05:00:00+07:00,77.0,3.9,94.0,/dl/web/weather/ic-weather-03n.svg,Đà Nẵng,0.8609155258044011,0,-0.8122771544941669,0
2025-09-12 06:00:00+07:00,115.0,3.9,92.0,/dl/web/weather/ic-weather-03d.svg,Đà Nẵng,2.159786813754523,0,-0.8122771544941669,0
2025-09-12 08:00:00+07:00,75.0,4.3,77.0,/dl/web/weather/ic-weather-04d.svg,Đà Nẵng,0.7925538790701842,0,-0.7356992108062694,0
2025-09-12 09:00:00+07:00,66.0,4.7,73.0,/dl/web/weather/ic-weather-04d.svg,Đà Nẵng,0.48492646876620793,0,-0.6591212671183717,0
2025-09-12 10:00:00+07:00,58.0,6.1,63.0,/dl/web/weather/ic-weather-04d.svg,Đà Nẵng,0.21147988182934016,0,-0.3910984642107302,0
2025-09-12 11:00:00+07:00,55.0,7.9,59.0,/dl/web/weather/ic-weather-04d.svg,Đà Nẵng,0.10893741172801476,0,-0.0464977176151908,0
2025-09-12 12:00:00+07:00,39.0,9.4,63.0,/dl/web/weather/ic-weather-04d.svg,Đà Nẵng,-0.4379557621457208,0,0.24066957121442523,0
2025-09-12 13:00:00+07:00,44.0,9.5,66.0,/dl/web/weather/ic-weather-04d.svg,Đà Nẵng,-0.26705164531017844,0,0.25981405713639955,0
2025-09-12 14:00:00+07:00,33.0,10.1,67.0,/dl/web/weather/ic-weather-04d.svg,Đà Nẵng,-0.6430407023483716,0,0.3746809726682459,0
2025-09-12 15:00:00+07:00,25.0,9.3,70.0,/dl/web/weather/ic-weather-04d.svg,Đà Nẵng,-0.9164872892852394,0,0.2215250852924509,0
2025-09-12 16:00:00+07:00,19.0,8.6,70.0,/dl/web/weather/ic-weather-04d.svg,Đà Nẵng,-1.1215722294878903,0,0.08751368383862988,0
2025-09-12 17:00:00+07:00,20.0,7.2,71.0,/dl/web/weather/ic-weather-04d.svg,Đà Nẵng,-1.0873914061207817,0,-0.18050911906901165,0
2025-09-12 18:00:00+07:00,19.0,5.9,72.0,/dl/web/weather/ic-weather-04n.svg,Đà Nẵng,-1.1215722294878903,0,-0.4293874360546789,0
2025-09-12 19:00:00+07:00,19.0,4.0,75.0,/dl/web/weather/ic-weather-03n.svg,Đà Nẵng,-1.1215722294878903,0,-0.7931326685721926,0
2025-09-12 20:00:00+07:00,19.0,3.2,78.0,/dl/web/weather/ic-weather-03n.svg,Đà Nẵng,-1.1215722294878903,0,-0.9462885559479878,0
2025-09-12 21:00:00+07:00,20.0,3.6,84.0,/dl/web/weather/ic-weather-04n.svg,Đà Nẵng,-1.0873914061207817,0,-0.8697106122600903,0
2025-09-12 22:00:00+07:00,53.0,5.0,87.0,/dl/web/weather/ic-weather-04n.svg,Đà Nẵng,0.040575764993797815,0,-0.6016878093524486,0
2025-09-12 23:00:00+07:00,72.0,5.4,86.0,/dl/web/weather/ic-weather-04n.svg,Đà Nẵng,0.6900114089688588,0,-0.5251098656645509,0
2025-09-13 00:00:00+07:00,97.0,5.5,89.0,/dl/web/weather/ic-weather-04n.svg,Đà Nẵng,1.5445319931465706,0,-0.5059653797425765,0
2025-09-13 01:00:00+07:00,75.0,5.4,86.0,/dl/web/weather/ic-weather-04n.svg,Đà Nẵng,0.7925538790701842,0,-0.5251098656645509,0
2025-09-13 02:00:00+07:00,64.0,5.3,89.0,/dl/web/weather/ic-weather-04n.svg,Đà Nẵng,0.416564822031991,0,-0.5442543515865254,0
2025-09-13 03:00:00+07:00,68.0,5.3,89.0,/dl/web/weather/ic-weather-04n.svg,Đà Nẵng,0.5532881155004249,0,-0.5442543515865254,0
2025-09-13 04:00:00+07:00,73.0,5.2,93.0,/dl/web/weather/ic-weather-04n.svg,Đà Nẵng,0.7241922323359672,0,-0.5633988375084997,0
2025-09-13 05:00:00+07:00,66.0,5.2,93.0,/dl/web/weather/ic-weather-04n.svg,Đà Nẵng,0.48492646876620793,0,-0.5633988375084997,0
2025-09-13 06:00:00+07:00,58.0,5.3,88.0,/dl/web/weather/ic-weather-04d.svg,Đà Nẵng,0.21147988182934016,0,-0.5442543515865254,0
2025-09-13 08:00:00+07:00,69.0,2.0,82.0,/dl/web/weather/ic-weather-01d.svg,Đà Nẵng,0.5874689388675334,0,-1.1760223870116806,0
2025-09-13 09:00:00+07:00,68.0,1.3,76.0,/dl/web/weather/ic-weather-01d.svg,Đà Nẵng,0.5532881155004249,0,-1.3100337884655016,0
2025-09-13 10:00:00+07:00,69.0,3.9,69.0,/dl/web/weather/ic-weather-01d.svg,Đà Nẵng,0.5874689388675334,0,-0.8122771544941669,0
2025-09-13 11:00:00+07:00,64.0,6.2,66.0,/dl/web/weather/ic-weather-01d.svg,Đà Nẵng,0.416564822031991,0,-0.3719539782887557,0
2025-09-13 12:00:00+07:00,62.0,7.8,61.0,/dl/web/weather/ic-weather-01d.svg,Đà Nẵng,0.34820317529777406,0,-0.06564220353716531,0
2025-09-13 13:00:00+07:00,44.0,8.4,68.0,/dl/web/weather/ic-weather-02d.svg,Đà Nẵng,-0.26705164531017844,0,0.04922471199468121,0
2025-09-13 14:00:00+07:00,57.0,8.4,66.0,/dl/web/weather/ic-weather-02d.svg,Đà Nẵng,0.1772990584622317,0,0.04922471199468121,0
2025-09-13 15:00:00+07:00,28.0,7.9,67.0,/dl/web/weather/ic-weather-03d.svg,Đà Nẵng,-0.8139448191839139,0,-0.0464977176151908,0
2025-09-13 16:00:00+07:00,25.0,7.3,72.0,/dl/web/weather/ic-weather-04d.svg,Đà Nẵng,-0.9164872892852394,0,-0.16136463314703733,0
2025-09-13 17:00:00+07:00,19.0,5.1,74.0,/dl/web/weather/ic-weather-04d.svg,Đà Nẵng,-1.1215722294878903,0,-0.5825433234304742,0
2025-09-13 18:00:00+07:00,19.0,4.3,80.0,/dl/web/weather/ic-weather-04n.svg,Đà Nẵng,-1.1215722294878903,0,-0.7356992108062694,0
2025-09-13 19:00:00+07:00,19.0,3.3,77.0,/dl/web/weather/ic-weather-04n.svg,Đà Nẵng,-1.1215722294878903,0,-0.9271440700260134,0
2025-09-13 20:00:00+07:00,19.0,3.5,80.0,/dl/web/weather/ic-weather-04n.svg,Đà Nẵng,-1.1215722294878903,0,-0.8888550981820645,0
2025-09-13 21:00:00+07:00,23.0,3.9,82.0,/dl/web/weather/ic-weather-04n.svg,Đà Nẵng,-0.9848489360194563,0,-0.8122771544941669,0
2025-09-13 22:00:00+07:00,19.0,4.7,80.0,/dl/web/weather/ic-weather-04n.svg,Đà Nẵng,-1.1215722294878903,0,-0.6591212671183717,0
2025-09-13 23:00:00+07:00,22.0,7.6,85.0,/dl/web/weather/ic-weather-04n.svg,Đà Nẵng,-1.0190297593865647,0,-0.10393117538111415,0
2025-09-14 00:00:00+07:00,39.0,4.3,88.0,/dl/web/weather/ic-weather-04n.svg,Đà Nẵng,-0.4379557621457208,0,-0.7356992108062694,0
2025-09-14 01:00:00+07:00,39.0,4.7,88.0,/dl/web/weather/ic-weather-03n.svg,Đà Nẵng,-0.4379557621457208,0,-0.6591212671183717,0
2025-09-14 02:00:00+07:00,71.0,4.9,88.0,/dl/web/weather/ic-weather-04n.svg,Đà Nẵng,0.6558305856017503,0,-0.6208322952744229,0
2025-09-14 03:00:00+07:00,56.0,5.1,93.0,/dl/web/weather/ic-weather-04n.svg,Đà Nẵng,0.14311823509512323,0,-0.5825433234304742,0
2025-09-14 04:00:00+07:00,50.0,5.1,90.0,/dl/web/weather/ic-weather-04n.svg,Đà Nẵng,-0.0619667051075276,0,-0.5825433234304742,0
2025-09-14 05:00:00+07:00,41.0,4.5,90.0,/dl/web/weather/ic-weather-10n.svg,Đà Nẵng,-0.36959411541150383,0,-0.6974102389623206,0
2025-09-14 06:00:00+07:00,52.0,4.8,88.0,/dl/web/weather/ic-weather-10d.svg,Đà Nẵng,0.006394941626689343,0,-0.6399767811963973,0
2025-09-14 08:00:00+07:00,58.0,6.4,75.0,/dl/web/weather/ic-weather-04d.svg,Đà Nẵng,0.21147988182934016,0,-0.33366500644480684,0
2025-09-14 10:00:00+07:00,58.0,3.6,66.0,/dl/web/weather/ic-weather-04d.svg,Đà Nẵng,0.21147988182934016,0,-0.8697106122600903,0
2025-09-14 11:00:00+07:00,53.0,6.3,63.0,/dl/web/weather/ic-weather-04d.svg,Đà Nẵng,0.040575764993797815,0,-0.35280949236678133,0
2025-09-14 12:00:00+07:00,44.0,8.5,65.0,/dl/web/weather/ic-weather-04d.svg,Đà Nẵng,-0.26705164531017844,0,0.06836919791665555,0
2025-09-14 13:00:00+07:00,44.0,9.2,71.0,/dl/web/weather/ic-weather-04d.svg,Đà Nẵng,-0.26705164531017844,0,0.20238059937047623,0
2025-09-14 14:00:00+07:00,39.0,9.4,72.0,/dl/web/weather/ic-weather-04d.svg,Đà Nẵng,-0.4379557621457208,0,0.24066957121442523,0
2025-09-14 15:00:00+07:00,39.0,7.9,71.0,/dl/web/weather/ic-weather-10d.svg,Đà Nẵng,-0.4379557621457208,0,-0.0464977176151908,0
2025-09-14 16:00:00+07:00,33.0,7.4,76.0,/dl/web/weather/ic-weather-04d.svg,Đà Nẵng,-0.6430407023483716,0,-0.14222014722506282,0
2025-09-14 17:00:00+07:00,28.0,6.5,79.0,/dl/web/weather/ic-weather-04d.svg,Đà Nẵng,-0.8139448191839139,0,-0.3145205205228325,0
2025-09-14 18:00:00+07:00,33.0,6.1,87.0,/dl/web/weather/ic-weather-10n.svg,Đà Nẵng,-0.6430407023483716,0,-0.3910984642107302,0
2025-09-14 19:00:00+07:00,19.0,5.8,87.0,/dl/web/weather/ic-weather-10n.svg,Đà Nẵng,-1.1215722294878903,0,-0.44853192197665337,0
2025-09-14 20:00:00+07:00,19.0,5.1,89.0,/dl/web/weather/ic-weather-10n.svg,Đà Nẵng,-1.1215722294878903,0,-0.5825433234304742,0
2025-09-14 21:00:00+07:00,26.0,5.9,93.0,/dl/web/weather/ic-weather-04n.svg,Đà Nẵng,-0.8823064659181309,0,-0.4293874360546789,0
2025-09-14 22:00:00+07:00,56.0,6.5,94.0,/dl/web/weather/ic-weather-04n.svg,Đà Nẵng,0.14311823509512323,0,-0.3145205205228325,0
2025-09-14 23:00:00+07:00,54.0,5.4,92.0,/dl/web/weather/ic-weather-04n.svg,Đà Nẵng,0.07475658836090629,0,-0.5251098656645509,0
2025-09-15 00:00:00+07:00,54.0,4.9,93.0,/dl/web/weather/ic-weather-10n.svg,Đà Nẵng,0.07475658836090629,0,-0.6208322952744229,0
2025-09-15 01:00:00+07:00,64.0,6.4,93.0,/dl/web/weather/ic-weather-04n.svg,Đà Nẵng,0.416564822031991,0,-0.33366500644480684,0
2025-09-15 02:00:00+07:00,39.0,5.5,93.0,/dl/web/weather/ic-weather-04n.svg,Đà Nẵng,-0.4379557621457208,0,-0.5059653797425765,0
2025-09-15 03:00:00+07:00,55.0,4.3,97.0,/dl/web/weather/ic-weather-04n.svg,Đà Nẵng,0.10893741172801476,0,-0.7356992108062694,0
2025-09-15 04:00:00+07:00,50.0,4.0,93.0,/dl/web/weather/ic-weather-04n.svg,Đà Nẵng,-0.0619667051075276,0,-0.7931326685721926,0
2025-09-15 05:00:00+07:00,44.0,3.9,93.0,/dl/web/weather/ic-weather-04n.svg,Đà Nẵng,-0.26705164531017844,0,-0.8122771544941669,0
2025-09-15 06:00:00+07:00,53.0,3.9,93.0,/dl/web/weather/ic-weather-04d.svg,Đà Nẵng,0.040575764993797815,0,-0.8122771544941669,0
2025-09-15 08:00:00+07:00,50.0,3.8,78.0,/dl/web/weather/ic-weather-02d.svg,Đà Nẵng,-0.0619667051075276,0,-0.8314216404161414,0
2025-09-15 10:00:00+07:00,53.0,7.2,67.0,/dl/web/weather/ic-weather-02d.svg,Đà Nẵng,0.040575764993797815,0,-0.18050911906901165,0
2025-09-15 11:00:00+07:00,54.0,7.5,67.0,/dl/web/weather/ic-weather-02d.svg,Đà Nẵng,0.07475658836090629,0,-0.12307566130308849,0
2025-09-15 12:00:00+07:00,44.0,9.9,67.0,/dl/web/weather/ic-weather-02d.svg,Đà Nẵng,-0.26705164531017844,0,0.33639200082429727,0
2025-09-15 13:00:00+07:00,22.0,9.1,72.0,/dl/web/weather/ic-weather-01d.svg,Đà Nẵng,-1.0190297593865647,0,0.18323611344850188,0
2025-09-15 14:00:00+07:00,33.0,8.3,74.0,/dl/web/weather/ic-weather-02d.svg,Đà Nẵng,-0.6430407023483716,0,0.030080226072706873,0
2025-09-15 15:00:00+07:00,22.0,7.8,72.0,/dl/web/weather/ic-weather-02d.svg,Đà Nẵng,-1.0190297593865647,0,-0.06564220353716531,0
2025-09-15 16:00:00+07:00,16.0,6.4,74.0,/dl/web/weather/ic-weather-02d.svg,Đà Nẵng,-1.2241146995892156,0,-0.33366500644480684,0
2025-09-15 17:00:00+07:00,19.0,6.2,83.0,/dl/web/weather/ic-weather-02d.svg,Đà Nẵng,-1.1215722294878903,0,-0.3719539782887557,0
2025-09-15 18:00:00+07:00,19.0,5.6,81.0,/dl/web/weather/ic-weather-02n.svg,Đà Nẵng,-1.1215722294878903,0,-0.48682089382060223,0
2025-09-15 19:00:00+07:00,19.0,5.1,81.0,/dl/web/weather/ic-weather-03n.svg,Đà Nẵng,-1.1215722294878903,0,-0.5825433234304742,0
2025-09-15 20:00:00+07:00,19.0,5.5,80.0,/dl/web/weather/ic-weather-04n.svg,Đà Nẵng,-1.1215722294878903,0,-0.5059653797425765,0
2025-09-15 21:00:00+07:00,39.0,3.7,79.0,/dl/web/weather/ic-weather-04n.svg,Đà Nẵng,-0.4379557621457208,0,-0.8505661263381158,0
2025-09-15 22:00:00+07:00,22.0,3.7,88.0,/dl/web/weather/ic-weather-04n.svg,Đà Nẵng,-1.0190297593865647,0,-0.8505661263381158,0
2025-09-15 23:00:00+07:00,22.0,4.2,91.0,/dl/web/weather/ic-weather-04n.svg,Đà Nẵng,-1.0190297593865647,0,-0.7548436967282437,0
2025-09-16 00:00:00+07:00,50.0,4.3,93.0,/dl/web/weather/ic-weather-04n.svg,Đà Nẵng,-0.0619667051075276,0,-0.7356992108062694,0
2025-09-16 01:00:00+07:00,39.0,4.7,93.0,/dl/web/weather/ic-weather-04n.svg,Đà Nẵng,-0.4379557621457208,0,-0.6591212671183717,0
2025-09-16 02:00:00+07:00,28.0,7.3,93.0,/dl/web/weather/ic-weather-04n.svg,Đà Nẵng,-0.8139448191839139,0,-0.16136463314703733,0
2025-09-16 03:00:00+07:00,33.0,5.0,92.0,/dl/web/weather/ic-weather-04n.svg,Đà Nẵng,-0.6430407023483716,0,-0.6016878093524486,0
2025-09-16 04:00:00+07:00,37.0,5.3,93.0,/dl/web/weather/ic-weather-04n.svg,Đà Nẵng,-0.5063174088799377,0,-0.5442543515865254,0
2025-09-16 05:00:00+07:00,38.0,4.7,93.0,/dl/web/weather/ic-weather-04n.svg,Đà Nẵng,-0.4721365855128293,0,-0.6591212671183717,0
2025-09-16 06:00:00+07:00,53.0,4.5,93.0,/dl/web/weather/ic-weather-04d.svg,Đà Nẵng,0.040575764993797815,0,-0.6974102389623206,0
2025-09-16 08:00:00+07:00,42.0,3.1,84.0,/dl/web/weather/ic-weather-04d.svg,Đà Nẵng,-0.33541329204439535,0,-0.9654330418699623,0
2025-09-16 10:00:00+07:00,35.0,4.45,77.0,/dl/web/weather/ic-weather-04d.svg,Đà Nẵng,-0.5746790556141547,0,-0.7069824819233077,0
2025-09-16 11:00:00+07:00,44.0,7.4,71.0,/dl/web/weather/ic-weather-10d.svg,Đà Nẵng,-0.26705164531017844,0,-0.14222014722506282,0
2025-09-16 12:00:00+07:00,22.0,9.6,70.0,/dl/web/weather/ic-weather-10d.svg,Đà Nẵng,-1.0190297593865647,0,0.2789585430583739,0
2025-09-16 13:00:00+07:00,20.0,10.6,68.0,/dl/web/weather/ic-weather-04d.svg,Đà Nẵng,-1.0873914061207817,0,0.47040340227811794,0
2025-09-16 14:00:00+07:00,19.0,11.1,74.0,/dl/web/weather/ic-weather-04d.svg,Đà Nẵng,-1.1215722294878903,0,0.5661258318879899,0
2025-09-16 15:00:00+07:00,19.0,11.2,71.0,/dl/web/weather/ic-weather-10d.svg,Đà Nẵng,-1.1215722294878903,0,0.5852703178099643,0
2025-09-16 16:00:00+07:00,26.0,10.9,71.0,/dl/web/weather/ic-weather-10d.svg,Đà Nẵng,-0.8823064659181309,0,0.5278368600440413,0
2025-09-16 17:00:00+07:00,17.0,9.1,76.0,/dl/web/weather/ic-weather-04d.svg,Đà Nẵng,-1.1899338762221072,0,0.18323611344850188,0
2025-09-16 18:00:00+07:00,19.0,13.3,75.0,/dl/web/weather/ic-weather-04n.svg,Đà Nẵng,-1.1215722294878903,0,0.9873045221714271,0
2025-09-16 19:00:00+07:00,19.0,5.9,77.0,/dl/web/weather/ic-weather-04n.svg,Đà Nẵng,-1.1215722294878903,0,-0.4293874360546789,0
2025-09-16 20:00:00+07:00,19.0,4.4,77.0,/dl/web/weather/ic-weather-04n.svg,Đà Nẵng,-1.1215722294878903,0,-0.716554724884295,0
2025-09-16 21:00:00+07:00,19.0,4.9,80.0,/dl/web/weather/ic-weather-04n.svg,Đà Nẵng,-1.1215722294878903,0,-0.6208322952744229,0
2025-09-16 22:00:00+07:00,19.0,4.7,93.0,/dl/web/weather/ic-weather-10n.svg,Đà Nẵng,-1.1215722294878903,0,-0.6591212671183717,0
2025-09-16 23:00:00+07:00,19.0,4.8,93.0,/dl/web/weather/ic-weather-10n.svg,Đà Nẵng,-1.1215722294878903,0,-0.6399767811963973,0
2025-09-17 00:00:00+07:00,19.0,4.9,94.0,/dl/web/weather/ic-weather-10n.svg,Đà Nẵng,-1.1215722294878903,0,-0.6208322952744229,0
2025-09-17 01:00:00+07:00,19.0,2.9,94.0,/dl/web/weather/ic-weather-04n.svg,Đà Nẵng,-1.1215722294878903,0,-1.003722013713911,0
2025-09-17 02:00:00+07:00,19.0,3.9,91.0,/dl/web/weather/ic-weather-04n.svg,Đà Nẵng,-1.1215722294878903,0,-0.8122771544941669,0
2025-09-17 03:00:00+07:00,19.0,4.7,93.0,/dl/web/weather/ic-weather-10n.svg,Đà Nẵng,-1.1215722294878903,0,-0.6591212671183717,0
2025-09-17 04:00:00+07:00,20.0,5.3,93.0,/dl/web/weather/ic-weather-10n.svg,Đà Nẵng,-1.0873914061207817,0,-0.5442543515865254,0
2025-09-17 05:00:00+07:00,24.0,5.8,93.0,/dl/web/weather/ic-weather-10n.svg,Đà Nẵng,-0.9506681126523479,0,-0.44853192197665337,0
2025-09-17 06:00:00+07:00,28.0,4.9,93.0,/dl/web/weather/ic-weather-10d.svg,Đà Nẵng,-0.8139448191839139,0,-0.6208322952744229,0
2025-09-17 08:00:00+07:00,53.0,3.7,90.0,/dl/web/weather/ic-weather-10d.svg,Đà Nẵng,0.040575764993797815,0,-0.8505661263381158,0
2025-09-17 09:00:00+07:00,62.0,2.8,82.0,/dl/web/weather/ic-weather-04d.svg,Đà Nẵng,0.34820317529777406,0,-1.0228664996358854,0
2025-09-17 10:00:00+07:00,62.0,2.6,81.0,/dl/web/weather/ic-weather-10d.svg,Đà Nẵng,0.34820317529777406,0,-1.0611554714798344,0
2025-09-17 11:00:00+07:00,39.0,4.1,86.0,/dl/web/weather/ic-weather-10d.svg,Đà Nẵng,-0.4379557621457208,0,-0.7739881826502183,0
2025-09-17 12:00:00+07:00,21.0,5.7,86.0,/dl/web/weather/ic-weather-10d.svg,Đà Nẵng,-1.0532105827536733,0,-0.4676764078986277,0
2025-09-17 13:00:00+07:00,23.0,4.3,93.0,/dl/web/weather/ic-weather-04d.svg,Đà Nẵng,-0.9848489360194563,0,-0.7356992108062694,0
2025-09-17 14:00:00+07:00,19.0,5.5,87.0,/dl/web/weather/ic-weather-04d.svg,Đà Nẵng,-1.1215722294878903,0,-0.5059653797425765,0
2025-09-17 15:00:00+07:00,19.0,5.6,83.0,/dl/web/weather/ic-weather-04d.svg,Đà Nẵng,-1.1215722294878903,0,-0.48682089382060223,0
2025-09-17 16:00:00+07:00,15.0,6.2,75.0,/dl/web/weather/ic-weather-04d.svg,Đà Nẵng,-1.2582955229563242,0,-0.3719539782887557,0
2025-09-17 17:00:00+07:00,22.0,5.9,79.0,/dl/web/weather/ic-weather-04d.svg,Đà Nẵng,-1.0190297593865647,0,-0.4293874360546789,0
2025-09-17 18:00:00+07:00,19.0,5.1,80.0,/dl/web/weather/ic-weather-04n.svg,Đà Nẵng,-1.1215722294878903,0,-0.5825433234304742,0
2025-09-17 19:00:00+07:00,28.0,5.7,81.0,/dl/web/weather/ic-weather-04n.svg,Đà Nẵng,-0.8139448191839139,0,-0.4676764078986277,0
2025-09-17 20:00:00+07:00,28.0,5.4,80.0,/dl/web/weather/ic-weather-04n.svg,Đà Nẵng,-0.8139448191839139,0,-0.5251098656645509,0
2025-09-17 21:00:00+07:00,22.0,5.4,89.0,/dl/web/weather/ic-weather-04n.svg,Đà Nẵng,-1.0190297593865647,0,-0.5251098656645509,0
2025-09-17 22:00:00+07:00,39.0,5.5,88.0,/dl/web/weather/ic-weather-04n.svg,Đà Nẵng,-0.4379557621457208,0,-0.5059653797425765,0
2025-09-17 23:00:00+07:00,60.0,5.1,90.0,/dl/web/weather/ic-weather-04n.svg,Đà Nẵng,0.2798415285635571,0,-0.5825433234304742,0
2025-09-18 00:00:00+07:00,84.0,4.6,89.0,/dl/web/weather/ic-weather-10n.svg,Đà Nẵng,1.1001812893741605,0,-0.6782657530403462,0
2025-09-18 01:00:00+07:00,51.0,4.7,91.0,/dl/web/weather/ic-weather-10n.svg,Đà Nẵng,-0.027785881740419127,0,-0.6591212671183717,0
2025-09-18 02:00:00+07:00,44.0,4.7,93.0,/dl/web/weather/ic-weather-10n.svg,Đà Nẵng,-0.26705164531017844,0,-0.6591212671183717,0
2025-09-18 03:00:00+07:00,43.0,3.8,93.0,/dl/web/weather/ic-weather-10n.svg,Đà Nẵng,-0.30123246867728687,0,-0.8314216404161414,0
2025-09-18 04:00:00+07:00,37.0,5.1,92.0,/dl/web/weather/ic-weather-10n.svg,Đà Nẵng,-0.5063174088799377,0,-0.5825433234304742,0
2025-09-18 05:00:00+07:00,50.0,5.5,93.0,/dl/web/weather/ic-weather-10n.svg,Đà Nẵng,-0.0619667051075276,0,-0.5059653797425765,0
2025-09-18 06:00:00+07:00,53.0,4.7,93.0,/dl/web/weather/ic-weather-10d.svg,Đà Nẵng,0.040575764993797815,0,-0.6591212671183717,0
2025-09-18 08:00:00+07:00,53.0,4.4,87.0,/dl/web/weather/ic-weather-04d.svg,Đà Nẵng,0.040575764993797815,0,-0.716554724884295,0
2025-09-18 10:00:00+07:00,44.0,3.8,84.0,/dl/web/weather/ic-weather-04d.svg,Đà Nẵng,-0.26705164531017844,0,-0.8314216404161414,0
2025-09-18 11:00:00+07:00,23.0,5.7,76.0,/dl/web/weather/ic-weather-04d.svg,Đà Nẵng,-0.9848489360194563,0,-0.4676764078986277,0
2025-09-18 12:00:00+07:00,19.0,6.9,70.0,/dl/web/weather/ic-weather-04d.svg,Đà Nẵng,-1.1215722294878903,0,-0.23794257683493483,0
2025-09-18 13:00:00+07:00,17.0,9.5,77.0,/dl/web/weather/ic-weather-04d.svg,Đà Nẵng,-1.1899338762221072,0,0.25981405713639955,0
2025-09-18 14:00:00+07:00,22.0,11.2,79.0,/dl/web/weather/ic-weather-04d.svg,Đà Nẵng,-1.0190297593865647,0,0.5852703178099643,0
2025-09-18 15:00:00+07:00,18.0,11.5,72.0,/dl/web/weather/ic-weather-04d.svg,Đà Nẵng,-1.1557530528549986,0,0.6427037755758876,0
2025-09-18 16:00:00+07:00,18.0,11.0,75.0,/dl/web/weather/ic-weather-04d.svg,Đà Nẵng,-1.1557530528549986,0,0.5469813459660157,0
2025-09-18 17:00:00+07:00,18.0,9.2,80.0,/dl/web/weather/ic-weather-04d.svg,Đà Nẵng,-1.1557530528549986,0,0.20238059937047623,0
2025-09-18 18:00:00+07:00,19.0,7.7,89.0,/dl/web/weather/ic-weather-04n.svg,Đà Nẵng,-1.1215722294878903,0,-0.08478668945913964,0
2025-09-18 19:00:00+07:00,19.0,6.0,91.0,/dl/web/weather/ic-weather-04n.svg,Đà Nẵng,-1.1215722294878903,0,-0.4102429501327045,0
2025-09-18 20:00:00+07:00,19.0,4.7,90.0,/dl/web/weather/ic-weather-04n.svg,Đà Nẵng,-1.1215722294878903,0,-0.6591212671183717,0
2025-09-18 21:00:00+07:00,19.0,4.7,89.0,/dl/web/weather/ic-weather-04n.svg,Đà Nẵng,-1.1215722294878903,0,-0.6591212671183717,0
2025-09-18 22:00:00+07:00,19.0,5.1,92.0,/dl/web/weather/ic-weather-10n.svg,Đà Nẵng,-1.1215722294878903,0,-0.5825433234304742,0
2025-09-18 23:00:00+07:00,19.0,5.1,92.0,/dl/web/weather/ic-weather-10n.svg,Đà Nẵng,-1.1215722294878903,0,-0.5825433234304742,0
2025-09-19 00:00:00+07:00,22.0,4.2,93.0,/dl/web/weather/ic-weather-10n.svg,Đà Nẵng,-1.0190297593865647,0,-0.7548436967282437,0
2025-09-19 01:00:00+07:00,25.0,3.9,92.0,/dl/web/weather/ic-weather-04n.svg,Đà Nẵng,-0.9164872892852394,0,-0.8122771544941669,0
2025-09-19 02:00:00+07:00,44.0,4.2,93.0,/dl/web/weather/ic-weather-04n.svg,Đà Nẵng,-0.26705164531017844,0,-0.7548436967282437,0
2025-09-19 03:00:00+07:00,50.0,4.3,98.0,/dl/web/weather/ic-weather-04n.svg,Đà Nẵng,-0.0619667051075276,0,-0.7356992108062694,0
2025-09-19 04:00:00+07:00,56.0,4.2,98.0,/dl/web/weather/ic-weather-04n.svg,Đà Nẵng,0.14311823509512323,0,-0.7548436967282437,0
2025-09-19 05:00:00+07:00,69.0,3.6,93.0,/dl/web/weather/ic-weather-04n.svg,Đà Nẵng,0.5874689388675334,0,-0.8697106122600903,0
2025-09-19 06:00:00+07:00,60.0,3.3,91.0,/dl/web/weather/ic-weather-04d.svg,Đà Nẵng,0.2798415285635571,0,-0.9271440700260134,0
2025-09-19 08:00:00+07:00,50.0,3.2,83.0,/dl/web/weather/ic-weather-04d.svg,Đà Nẵng,-0.0619667051075276,0,-0.9462885559479878,0
2025-09-19 10:00:00+07:00,44.0,3.0,74.0,/dl/web/weather/ic-weather-04d.svg,Đà Nẵng,-0.26705164531017844,0,-0.9845775277919366,0
2025-09-19 11:00:00+07:00,19.0,5.6,71.0,/dl/web/weather/ic-weather-04d.svg,Đà Nẵng,-1.1215722294878903,0,-0.48682089382060223,0
2025-09-19 12:00:00+07:00,19.0,7.3,75.0,/dl/web/weather/ic-weather-04d.svg,Đà Nẵng,-1.1215722294878903,0,-0.16136463314703733,0
2025-09-19 13:00:00+07:00,22.0,7.8,77.0,/dl/web/weather/ic-weather-04d.svg,Đà Nẵng,-1.0190297593865647,0,-0.06564220353716531,0
2025-09-19 14:00:00+07:00,20.0,8.7,75.0,/dl/web/weather/ic-weather-10d.svg,Đà Nẵng,-1.0873914061207817,0,0.10665816976060422,0
2025-09-19 15:00:00+07:00,18.0,8.1,75.0,/dl/web/weather/ic-weather-04d.svg,Đà Nẵng,-1.1557530528549986,0,-0.008208745771242136,0
2025-09-19 16:00:00+07:00,20.0,10.15,79.0,/dl/web/weather/ic-weather-03d.svg,Đà Nẵng,-1.0873914061207817,0,0.38425321562923326,0
2025-09-19 17:00:00+07:00,21.0,7.0,85.0,/dl/web/weather/ic-weather-04d.svg,Đà Nẵng,-1.0532105827536733,0,-0.21879809091296049,0
2025-09-19 18:00:00+07:00,19.0,10.7,82.0,/dl/web/weather/ic-weather-04n.svg,Đà Nẵng,-1.1215722294878903,0,0.48954788820009226,0
2025-09-19 19:00:00+07:00,19.0,4.9,81.0,/dl/web/weather/ic-weather-04n.svg,Đà Nẵng,-1.1215722294878903,0,-0.6208322952744229,0
2025-09-19 20:00:00+07:00,28.0,4.8,84.0,/dl/web/weather/ic-weather-04n.svg,Đà Nẵng,-0.8139448191839139,0,-0.6399767811963973,0
2025-09-19 21:00:00+07:00,44.0,3.7,84.0,/dl/web/weather/ic-weather-04n.svg,Đà Nẵng,-0.26705164531017844,0,-0.8505661263381158,0
2025-09-19 22:00:00+07:00,33.0,2.7,85.0,/dl/web/weather/ic-weather-10n.svg,Đà Nẵng,-0.6430407023483716,0,-1.0420109855578599,0
2025-09-19 23:00:00+07:00,48.0,4.8,84.0,/dl/web/weather/ic-weather-10n.svg,Đà Nẵng,-0.13032835184174454,0,-0.6399767811963973,0
2025-09-20 00:00:00+07:00,39.0,4.9,88.0,/dl/web/weather/ic-weather-10n.svg,Đà Nẵng,-0.4379557621457208,0,-0.6208322952744229,0
2025-09-20 01:00:00+07:00,31.0,5.7,93.0,/dl/web/weather/ic-weather-10n.svg,Đà Nẵng,-0.7114023490825886,0,-0.4676764078986277,0
2025-09-20 02:00:00+07:00,19.0,5.3,92.0,/dl/web/weather/ic-weather-04n.svg,Đà Nẵng,-1.1215722294878903,0,-0.5442543515865254,0
2025-09-20 03:00:00+07:00,28.0,4.9,93.0,/dl/web/weather/ic-weather-04n.svg,Đà Nẵng,-0.8139448191839139,0,-0.6208322952744229,0
2025-09-20 04:00:00+07:00,35.0,4.8,91.0,/dl/web/weather/ic-weather-04n.svg,Đà Nẵng,-0.5746790556141547,0,-0.6399767811963973,0
2025-09-20 05:00:00+07:00,38.0,4.8,91.0,/dl/web/weather/ic-weather-04n.svg,Đà Nẵng,-0.4721365855128293,0,-0.6399767811963973,0
2025-09-20 06:00:00+07:00,39.0,4.5,88.0,/dl/web/weather/ic-weather-04d.svg,Đà Nẵng,-0.4379557621457208,0,-0.6974102389623206,0
2025-09-20 08:00:00+07:00,50.0,2.3,82.0,/dl/web/weather/ic-weather-04d.svg,Đà Nẵng,-0.0619667051075276,0,-1.1185889292457574,0
2025-09-20 09:00:00+07:00,33.0,1.8,72.0,/dl/web/weather/ic-weather-04d.svg,Đà Nẵng,-0.6430407023483716,0,-1.2143113588556296,0
2025-09-20 10:00:00+07:00,53.0,1.9,67.0,/dl/web/weather/ic-weather-04d.svg,Đà Nẵng,0.040575764993797815,0,-1.1951668729336549,0
2025-09-20 11:00:00+07:00,33.0,4.7,67.0,/dl/web/weather/ic-weather-04d.svg,Đà Nẵng,-0.6430407023483716,0,-0.6591212671183717,0
2025-09-20 12:00:00+07:00,19.0,7.2,63.0,/dl/web/weather/ic-weather-04d.svg,Đà Nẵng,-1.1215722294878903,0,-0.18050911906901165,0
2025-09-20 13:00:00+07:00,19.0,7.4,69.0,/dl/web/weather/ic-weather-04d.svg,Đà Nẵng,-1.1215722294878903,0,-0.14222014722506282,0
2025-09-20 14:00:00+07:00,17.0,7.0,68.0,/dl/web/weather/ic-weather-04d.svg,Đà Nẵng,-1.1899338762221072,0,-0.21879809091296049,0
2025-09-20 15:00:00+07:00,18.0,6.1,71.0,/dl/web/weather/ic-weather-04d.svg,Đà Nẵng,-1.1557530528549986,0,-0.3910984642107302,0
2025-09-20 16:00:00+07:00,20.0,4.7,75.0,/dl/web/weather/ic-weather-10d.svg,Đà Nẵng,-1.0873914061207817,0,-0.6591212671183717,0
2025-09-20 17:00:00+07:00,33.0,3.4,83.0,/dl/web/weather/ic-weather-10d.svg,Đà Nẵng,-0.6430407023483716,0,-0.9079995841040389,0
2025-09-20 18:00:00+07:00,42.0,2.7,83.0,/dl/web/weather/ic-weather-04n.svg,Đà Nẵng,-0.33541329204439535,0,-1.0420109855578599,0
2025-09-20 19:00:00+07:00,22.0,1.7,87.0,/dl/web/weather/ic-weather-04n.svg,Đà Nẵng,-1.0190297593865647,0,-1.2334558447776038,0
2025-09-20 20:00:00+07:00,19.0,2.9,87.0,/dl/web/weather/ic-weather-10n.svg,Đà Nẵng,-1.1215722294878903,0,-1.003722013713911,0
2025-09-20 21:00:00+07:00,22.0,2.3,93.0,/dl/web/weather/ic-weather-10n.svg,Đà Nẵng,-1.0190297593865647,0,-1.1185889292457574,0
2025-09-20 22:00:00+07:00,26.0,1.4,92.0,/dl/web/weather/ic-weather-10n.svg,Đà Nẵng,-0.8823064659181309,0,-1.290889302543527,0
2025-09-20 23:00:00+07:00,25.0,3.1,93.0,/dl/web/weather/ic-weather-10n.svg,Đà Nẵng,-0.9164872892852394,0,-0.9654330418699623,0
2025-09-21 00:00:00+07:00,39.0,4.1,93.0,/dl/web/weather/ic-weather-04n.svg,Đà Nẵng,-0.4379557621457208,0,-0.7739881826502183,0
2025-09-21 01:00:00+07:00,33.0,5.2,93.0,/dl/web/weather/ic-weather-04n.svg,Đà Nẵng,-0.6430407023483716,0,-0.5633988375084997,0
2025-09-21 02:00:00+07:00,33.0,5.3,93.0,/dl/web/weather/ic-weather-04n.svg,Đà Nẵng,-0.6430407023483716,0,-0.5442543515865254,0
2025-09-21 03:00:00+07:00,33.0,5.8,98.0,/dl/web/weather/ic-weather-04n.svg,Đà Nẵng,-0.6430407023483716,0,-0.44853192197665337,0
2025-09-21 04:00:00+07:00,39.0,5.3,98.0,/dl/web/weather/ic-weather-04n.svg,Đà Nẵng,-0.4379557621457208,0,-0.5442543515865254,0
2025-09-21 05:00:00+07:00,22.0,5.3,93.0,/dl/web/weather/ic-weather-04n.svg,Đà Nẵng,-1.0190297593865647,0,-0.5442543515865254,0
2025-09-21 06:00:00+07:00,34.0,5.7,90.0,/dl/web/weather/ic-weather-04d.svg,Đà Nẵng,-0.6088598789812631,0,-0.4676764078986277,0
2025-09-21 09:00:00+07:00,28.0,2.6,80.0,/dl/web/weather/ic-weather-04d.svg,Đà Nẵng,-0.8139448191839139,0,-1.0611554714798344,0
2025-09-21 10:00:00+07:00,19.0,2.7,68.0,/dl/web/weather/ic-weather-04d.svg,Đà Nẵng,-1.1215722294878903,0,-1.0420109855578599,0
2025-09-21 11:00:00+07:00,19.0,5.7,65.0,/dl/web/weather/ic-weather-04d.svg,Đà Nẵng,-1.1215722294878903,0,-0.4676764078986277,0
2025-09-21 12:00:00+07:00,19.0,7.2,70.0,/dl/web/weather/ic-weather-04d.svg,Đà Nẵng,-1.1215722294878903,0,-0.18050911906901165,0
2025-09-21 13:00:00+07:00,23.0,7.9,68.0,/dl/web/weather/ic-weather-04d.svg,Đà Nẵng,-0.9848489360194563,0,-0.0464977176151908,0
2025-09-21 14:00:00+07:00,23.0,7.4,71.0,/dl/web/weather/ic-weather-10d.svg,Đà Nẵng,-0.9848489360194563,0,-0.14222014722506282,0
2025-09-21 15:00:00+07:00,21.0,7.3,68.0,/dl/web/weather/ic-weather-10d.svg,Đà Nẵng,-1.0532105827536733,0,-0.16136463314703733,0
2025-09-21 16:00:00+07:00,21.0,6.5,71.0,/dl/web/weather/ic-weather-04d.svg,Đà Nẵng,-1.0532105827536733,0,-0.3145205205228325,0
2025-09-21 17:00:00+07:00,18.0,6.4,75.0,/dl/web/weather/ic-weather-04d.svg,Đà Nẵng,-1.1557530528549986,0,-0.33366500644480684,0
2025-09-21 18:00:00+07:00,29.0,4.5,76.0,/dl/web/weather/ic-weather-04n.svg,Đà Nẵng,-0.7797639958168054,0,-0.6974102389623206,0
2025-09-21 19:00:00+07:00,28.0,3.0,85.0,/dl/web/weather/ic-weather-04n.svg,Đà Nẵng,-0.8139448191839139,0,-0.9845775277919366,0
2025-09-21 20:00:00+07:00,22.0,0.8,85.0,/dl/web/weather/ic-weather-04n.svg,Đà Nẵng,-1.0190297593865647,0,-1.4057562180753735,0
2025-09-21 21:00:00+07:00,22.0,4.6,89.0,/dl/web/weather/ic-weather-04n.svg,Đà Nẵng,-1.0190297593865647,0,-0.6782657530403462,0
2025-09-21 22:00:00+07:00,22.0,5.3,92.0,/dl/web/weather/ic-weather-04n.svg,Đà Nẵng,-1.0190297593865647,0,-0.5442543515865254,0
2025-09-21 23:00:00+07:00,19.0,4.8,92.0,/dl/web/weather/ic-weather-04n.svg,Đà Nẵng,-1.1215722294878903,0,-0.6399767811963973,0
2025-09-22 00:00:00+07:00,22.0,6.1,92.0,/dl/web/weather/ic-weather-04n.svg,Đà Nẵng,-1.0190297593865647,0,-0.3910984642107302,0
2025-09-22 01:00:00+07:00,22.0,6.4,92.0,/dl/web/weather/ic-weather-04n.svg,Đà Nẵng,-1.0190297593865647,0,-0.33366500644480684,0
2025-09-22 02:00:00+07:00,27.0,5.2,91.0,/dl/web/weather/ic-weather-04n.svg,Đà Nẵng,-0.8481256425510224,0,-0.5633988375084997,0
2025-09-22 03:00:00+07:00,22.0,4.7,93.0,/dl/web/weather/ic-weather-04n.svg,Đà Nẵng,-1.0190297593865647,0,-0.6591212671183717,0
2025-09-22 04:00:00+07:00,28.0,3.7,93.0,/dl/web/weather/ic-weather-04n.svg,Đà Nẵng,-0.8139448191839139,0,-0.8505661263381158,0
2025-09-22 05:00:00+07:00,32.0,3.2,93.0,/dl/web/weather/ic-weather-04n.svg,Đà Nẵng,-0.6772215257154801,0,-0.9462885559479878,0
2025-09-22 06:00:00+07:00,39.0,4.5,93.0,/dl/web/weather/ic-weather-04d.svg,Đà Nẵng,-0.4379557621457208,0,-0.6974102389623206,0
2025-09-22 09:00:00+07:00,33.0,2.3,77.0,/dl/web/weather/ic-weather-04d.svg,Đà Nẵng,-0.6430407023483716,0,-1.1185889292457574,0
2025-09-22 10:00:00+07:00,39.0,3.1,63.0,/dl/web/weather/ic-weather-04d.svg,Đà Nẵng,-0.4379557621457208,0,-0.9654330418699623,0
2025-09-22 11:00:00+07:00,50.0,4.9,72.0,/dl/web/weather/ic-weather-04d.svg,Đà Nẵng,-0.0619667051075276,0,-0.6208322952744229,0
2025-09-22 12:00:00+07:00,20.0,6.2,66.0,/dl/web/weather/ic-weather-04d.svg,Đà Nẵng,-1.0873914061207817,0,-0.3719539782887557,0
2025-09-22 13:00:00+07:00,17.0,7.8,74.0,/dl/web/weather/ic-weather-04d.svg,Đà Nẵng,-1.1899338762221072,0,-0.06564220353716531,0
2025-09-22 14:00:00+07:00,19.0,8.6,64.0,/dl/web/weather/ic-weather-02d.svg,Đà Nẵng,-1.1215722294878903,0,0.08751368383862988,0
2025-09-22 15:00:00+07:00,19.0,8.2,67.0,/dl/web/weather/ic-weather-10d.svg,Đà Nẵng,-1.1215722294878903,0,0.010935740150732199,0
2025-09-22 16:00:00+07:00,19.0,8.6,74.0,/dl/web/weather/ic-weather-02d.svg,Đà Nẵng,-1.1215722294878903,0,0.08751368383862988,0
2025-09-22 17:00:00+07:00,20.0,8.8,75.0,/dl/web/weather/ic-weather-02d.svg,Đà Nẵng,-1.0873914061207817,0,0.1258026556825789,0
2025-09-22 18:00:00+07:00,19.0,8.3,79.0,/dl/web/weather/ic-weather-03n.svg,Đà Nẵng,-1.1215722294878903,0,0.030080226072706873,0
2025-09-22 19:00:00+07:00,19.0,7.5,82.0,/dl/web/weather/ic-weather-03n.svg,Đà Nẵng,-1.1215722294878903,0,-0.12307566130308849,0
2025-09-22 20:00:00+07:00,19.0,11.3,81.0,/dl/web/weather/ic-weather-03n.svg,Đà Nẵng,-1.1215722294878903,0,0.604414803731939,0
2025-09-22 21:00:00+07:00,19.0,6.5,84.0,/dl/web/weather/ic-weather-03n.svg,Đà Nẵng,-1.1215722294878903,0,-0.3145205205228325,0
2025-09-22 22:00:00+07:00,33.0,6.6,84.0,/dl/web/weather/ic-weather-02n.svg,Đà Nẵng,-0.6430407023483716,0,-0.29537603460085815,0
2025-09-22 23:00:00+07:00,28.0,5.1,89.0,/dl/web/weather/ic-weather-03n.svg,Đà Nẵng,-0.8139448191839139,0,-0.5825433234304742,0
2025-09-23 00:00:00+07:00,33.0,5.4,92.0,/dl/web/weather/ic-weather-03n.svg,Đà Nẵng,-0.6430407023483716,0,-0.5251098656645509,0
2025-09-23 01:00:00+07:00,33.0,3.7,89.0,/dl/web/weather/ic-weather-03n.svg,Đà Nẵng,-0.6430407023483716,0,-0.8505661263381158,0
2025-09-23 02:00:00+07:00,33.0,5.8,88.0,/dl/web/weather/ic-weather-04n.svg,Đà Nẵng,-0.6430407023483716,0,-0.44853192197665337,0
2025-09-23 03:00:00+07:00,33.0,5.3,88.0,/dl/web/weather/ic-weather-04n.svg,Đà Nẵng,-0.6430407023483716,0,-0.5442543515865254,0
2025-09-23 04:00:00+07:00,39.0,3.6,88.0,/dl/web/weather/ic-weather-04n.svg,Đà Nẵng,-0.4379557621457208,0,-0.8697106122600903,0
2025-09-23 05:00:00+07:00,39.0,4.5,91.0,/dl/web/weather/ic-weather-04n.svg,Đà Nẵng,-0.4379557621457208,0,-0.6974102389623206,0
2025-09-23 06:00:00+07:00,46.0,5.3,89.0,/dl/web/weather/ic-weather-04d.svg,Đà Nẵng,-0.19868999857596148,0,-0.5442543515865254,0
2025-09-23 08:00:00+07:00,56.0,4.5,87.0,/dl/web/weather/ic-weather-04d.svg,Đà Nẵng,0.14311823509512323,0,-0.6974102389623206,0
2025-09-23 10:00:00+07:00,57.0,4.0,78.0,/dl/web/weather/ic-weather-10d.svg,Đà Nẵng,0.1772990584622317,0,-0.7931326685721926,0
2025-09-23 11:00:00+07:00,71.0,3.6,81.0,/dl/web/weather/ic-weather-10d.svg,Đà Nẵng,0.6558305856017503,0,-0.8697106122600903,0
2025-09-23 12:00:00+07:00,92.0,7.0,76.0,/dl/web/weather/ic-weather-04d.svg,Đà Nẵng,1.3736278763110281,0,-0.21879809091296049,0
2025-09-23 13:00:00+07:00,77.0,10.0,72.0,/dl/web/weather/ic-weather-04d.svg,Đà Nẵng,0.8609155258044011,0,0.3555364867462716,0
2025-09-23 14:00:00+07:00,56.0,8.4,70.0,/dl/web/weather/ic-weather-04d.svg,Đà Nẵng,0.14311823509512323,0,0.04922471199468121,0
2025-09-23 15:00:00+07:00,53.0,9.3,70.0,/dl/web/weather/ic-weather-04d.svg,Đà Nẵng,0.040575764993797815,0,0.2215250852924509,0
2025-09-23 16:00:00+07:00,55.0,8.9,64.0,/dl/web/weather/ic-weather-04d.svg,Đà Nẵng,0.10893741172801476,0,0.14494714160455321,0
2025-09-23 17:00:00+07:00,53.0,8.4,68.0,/dl/web/weather/ic-weather-04d.svg,Đà Nẵng,0.040575764993797815,0,0.04922471199468121,0
2025-09-23 18:00:00+07:00,62.0,8.4,75.0,/dl/web/weather/ic-weather-04n.svg,Đà Nẵng,0.34820317529777406,0,0.04922471199468121,0
2025-09-23 19:00:00+07:00,68.0,8.3,82.0,/dl/web/weather/ic-weather-04n.svg,Đà Nẵng,0.5532881155004249,0,0.030080226072706873,0
2025-09-23 20:00:00+07:00,64.0,7.3,80.0,/dl/web/weather/ic-weather-04n.svg,Đà Nẵng,0.416564822031991,0,-0.16136463314703733,0
2025-09-23 21:00:00+07:00,94.0,6.2,84.0,/dl/web/weather/ic-weather-04n.svg,Đà Nẵng,1.441989523045245,0,-0.3719539782887557,0
2025-09-23 22:00:00+07:00,142.0,5.0,85.0,/dl/web/weather/ic-weather-04n.svg,Đà Nẵng,3.0826690446664515,-1,-0.6016878093524486,0
2025-09-23 23:00:00+07:00,153.0,4.0,88.0,/dl/web/weather/ic-weather-04n.svg,Đà Nẵng,3.4586581017046445,-1,-0.7931326685721926,0
2025-09-24 00:00:00+07:00,142.0,4.7,85.0,/dl/web/weather/ic-weather-04n.svg,Đà Nẵng,3.0826690446664515,-1,-0.6591212671183717,0
2025-09-24 01:00:00+07:00,88.0,5.8,85.0,/dl/web/weather/ic-weather-04n.svg,Đà Nẵng,1.2369045828425942,0,-0.44853192197665337,0
2025-09-24 02:00:00+07:00,88.0,5.9,88.0,/dl/web/weather/ic-weather-04n.svg,Đà Nẵng,1.2369045828425942,0,-0.4293874360546789,0
2025-09-24 03:00:00+07:00,105.0,5.1,92.0,/dl/web/weather/ic-weather-04n.svg,Đà Nẵng,1.8179785800834383,0,-0.5825433234304742,0
2025-09-24 04:00:00+07:00,81.0,5.1,89.0,/dl/web/weather/ic-weather-04n.svg,Đà Nẵng,0.997638819272835,0,-0.5825433234304742,0
2025-09-24 05:00:00+07:00,71.0,4.8,88.0,/dl/web/weather/ic-weather-04n.svg,Đà Nẵng,0.6558305856017503,0,-0.6399767811963973,0
2025-09-24 06:00:00+07:00,88.0,5.1,92.0,/dl/web/weather/ic-weather-04d.svg,Đà Nẵng,1.2369045828425942,0,-0.5825433234304742,0
2025-09-24 08:00:00+07:00,60.0,5.1,78.0,/dl/web/weather/ic-weather-04d.svg,Đà Nẵng,0.2798415285635571,0,-0.5825433234304742,0
2025-09-24 10:00:00+07:00,59.0,4.9,69.0,/dl/web/weather/ic-weather-04d.svg,Đà Nẵng,0.24566070519644864,0,-0.6208322952744229,0
2025-09-24 11:00:00+07:00,33.0,6.1,67.0,/dl/web/weather/ic-weather-04d.svg,Đà Nẵng,-0.6430407023483716,0,-0.3910984642107302,0
2025-09-24 12:00:00+07:00,28.0,9.6,66.0,/dl/web/weather/ic-weather-04d.svg,Đà Nẵng,-0.8139448191839139,0,0.2789585430583739,0
2025-09-24 13:00:00+07:00,28.0,7.2,75.0,/dl/web/weather/ic-weather-04d.svg,Đà Nẵng,-0.8139448191839139,0,-0.18050911906901165,0
2025-09-24 14:00:00+07:00,33.0,7.6,59.0,/dl/web/weather/ic-weather-04d.svg,Đà Nẵng,-0.6430407023483716,0,-0.10393117538111415,0
2025-09-24 15:00:00+07:00,25.0,8.3,60.0,/dl/web/weather/ic-weather-04d.svg,Đà Nẵng,-0.9164872892852394,0,0.030080226072706873,0
2025-09-24 16:00:00+07:00,33.0,8.7,64.0,/dl/web/weather/ic-weather-04d.svg,Đà Nẵng,-0.6430407023483716,0,0.10665816976060422,0
2025-09-24 17:00:00+07:00,50.0,6.4,78.0,/dl/web/weather/ic-weather-04d.svg,Đà Nẵng,-0.0619667051075276,0,-0.33366500644480684,0
2025-09-24 18:00:00+07:00,53.0,10.2,79.0,/dl/web/weather/ic-weather-04n.svg,Đà Nẵng,0.040575764993797815,0,0.3938254585902203,0
2025-09-24 19:00:00+07:00,44.0,5.6,74.0,/dl/web/weather/ic-weather-04n.svg,Đà Nẵng,-0.26705164531017844,0,-0.48682089382060223,0
2025-09-24 20:00:00+07:00,44.0,7.2,75.0,/dl/web/weather/ic-weather-04n.svg,Đà Nẵng,-0.26705164531017844,0,-0.18050911906901165,0
2025-09-24 21:00:00+07:00,39.0,7.1,79.0,/dl/web/weather/ic-weather-04n.svg,Đà Nẵng,-0.4379557621457208,0,-0.19965360499098617,0
2025-09-24 22:00:00+07:00,44.0,7.3,79.0,/dl/web/weather/ic-weather-04n.svg,Đà Nẵng,-0.26705164531017844,0,-0.16136463314703733,0
2025-09-24 23:00:00+07:00,53.0,6.5,79.0,/dl/web/weather/ic-weather-04n.svg,Đà Nẵng,0.040575764993797815,0,-0.3145205205228325,0
2025-09-25 00:00:00+07:00,60.0,7.1,79.0,/dl/web/weather/ic-weather-04n.svg,Đà Nẵng,0.2798415285635571,0,-0.19965360499098617,0
2025-09-25 01:00:00+07:00,58.0,7.2,84.0,/dl/web/weather/ic-weather-04n.svg,Đà Nẵng,0.21147988182934016,0,-0.18050911906901165,0
2025-09-25 02:00:00+07:00,32.0,6.7,84.0,/dl/web/weather/ic-weather-04n.svg,Đà Nẵng,-0.6772215257154801,0,-0.27623154867888366,0
2025-09-25 03:00:00+07:00,28.0,6.7,91.0,/dl/web/weather/ic-weather-04n.svg,Đà Nẵng,-0.8139448191839139,0,-0.27623154867888366,0
2025-09-25 04:00:00+07:00,50.0,7.1,91.0,/dl/web/weather/ic-weather-04n.svg,Đà Nẵng,-0.0619667051075276,0,-0.19965360499098617,0
2025-09-25 05:00:00+07:00,50.0,6.3,82.0,/dl/web/weather/ic-weather-04n.svg,Đà Nẵng,-0.0619667051075276,0,-0.35280949236678133,0
2025-09-25 06:00:00+07:00,44.0,5.1,87.0,/dl/web/weather/ic-weather-04d.svg,Đà Nẵng,-0.26705164531017844,0,-0.5825433234304742,0
2025-09-25 08:00:00+07:00,43.0,6.0,78.0,/dl/web/weather/ic-weather-04d.svg,Đà Nẵng,-0.30123246867728687,0,-0.4102429501327045,0
2025-09-25 10:00:00+07:00,39.0,4.9,65.0,/dl/web/weather/ic-weather-04d.svg,Đà Nẵng,-0.4379557621457208,0,-0.6208322952744229,0
2025-09-25 11:00:00+07:00,50.0,5.5,64.0,/dl/web/weather/ic-weather-10d.svg,Đà Nẵng,-0.0619667051075276,0,-0.5059653797425765,0
2025-09-25 12:00:00+07:00,22.0,4.7,70.0,/dl/web/weather/ic-weather-04d.svg,Đà Nẵng,-1.0190297593865647,0,-0.6591212671183717,0
2025-09-25 13:00:00+07:00,33.0,2.5,71.0,/dl/web/weather/ic-weather-04d.svg,Đà Nẵng,-0.6430407023483716,0,-1.0802999574018086,0
2025-09-25 14:00:00+07:00,37.0,3.6,73.0,/dl/web/weather/ic-weather-04d.svg,Đà Nẵng,-0.5063174088799377,0,-0.8697106122600903,0
2025-09-25 15:00:00+07:00,28.0,4.3,71.0,/dl/web/weather/ic-weather-04d.svg,Đà Nẵng,-0.8139448191839139,0,-0.7356992108062694,0
2025-09-25 16:00:00+07:00,41.0,4.7,71.0,/dl/web/weather/ic-weather-04d.svg,Đà Nẵng,-0.36959411541150383,0,-0.6591212671183717,0
2025-09-25 17:00:00+07:00,54.0,4.9,62.0,/dl/web/weather/ic-weather-04d.svg,Đà Nẵng,0.07475658836090629,0,-0.6208322952744229,0
2025-09-25 18:00:00+07:00,33.0,3.8,72.0,/dl/web/weather/ic-weather-04n.svg,Đà Nẵng,-0.6430407023483716,0,-0.8314216404161414,0
2025-09-25 19:00:00+07:00,39.0,3.0,78.0,/dl/web/weather/ic-weather-04n.svg,Đà Nẵng,-0.4379557621457208,0,-0.9845775277919366,0
