timestamp,aqi,wind_speed,humidity,weather_icon,city,zscore_aqi,zscore_flag_aqi,zscore_wind,zscore_flag_wind
2025-01-20 22:00:00+07:00,237.0,13.7,47.0,/dl/web/weather/ic-w-10-night-clear-sky-full.svg,Hà Nội,3.0415396517160262,-1,0.4559853334167401,0
2025-01-20 23:00:00+07:00,236.33,13.0,47.67,/dl/web/weather/ic-w-10-night-clear-sky-full.svg,Hà Nội,3.026239074721827,-1,0.34923005662366574,0
2025-01-21 03:00:00+07:00,256.0,9.2,55.0,/dl/web/weather/ic-w-10-night-clear-sky-full.svg,Hà Nội,3.4754366112530364,-1,-0.23029858882445278,0
2025-01-21 07:00:00+07:00,263.0,6.8,66.0,/dl/web/weather/ic-w-01-clear-sky-full.svg,Hà Nội,3.635293385819303,-1,-0.5963166806864223,0
2025-01-21 11:00:00+07:00,231.0,10.3,41.0,/dl/web/weather/ic-w-01-clear-sky-full.svg,Hà Nội,2.9045195592306547,0,-0.06254029672104987,0
2025-01-21 14:00:00+07:00,163.0,11.3,29.0,/dl/web/weather/ic-w-01-clear-sky-full.svg,Hà Nội,1.3516251777297772,0,0.08996724155477077,0
2025-01-21 15:00:00+07:00,158.0,12.1,28.0,/dl/web/weather/ic-w-01-clear-sky-full.svg,Hà Nội,1.2374417673253009,0,0.21197327217542714,0
2025-01-21 16:00:00+07:00,156.0,14.0,28.0,/dl/web/weather/ic-w-01-clear-sky-full.svg,Hà Nội,1.1917684031635103,0,0.5017375948994864,0
2025-01-21 17:00:00+07:00,153.0,17.2,29.0,/dl/web/weather/ic-w-01-clear-sky-full.svg,Hà Nội,1.1232583569208245,0,0.9897617173821124,0
2025-01-21 18:00:00+07:00,153.0,20.8,33.0,/dl/web/weather/ic-w-01-clear-sky-full.svg,Hà Nội,1.1232583569208245,0,1.5387888551750668,0
2025-01-21 19:00:00+07:00,161.0,22.55,43.5,/dl/web/weather/ic-w-10-night-clear-sky-full.svg,Hà Nội,1.3059518135679866,0,1.805677047157753,0
2025-01-21 20:00:00+07:00,167.0,18.2,54.0,/dl/web/weather/ic-w-11-night-few-clouds-full.svg,Hà Nội,1.4429719060533581,0,1.142269255657933,0
2025-01-21 21:00:00+07:00,186.0,18.2,54.0,/dl/web/weather/ic-w-11-night-few-clouds-full.svg,Hà Nội,1.876868865590368,0,1.142269255657933,0
2025-01-21 22:00:00+07:00,189.0,15.3,62.0,/dl/web/weather/ic-w-04-scattered-clouds-full.svg,Hà Nội,1.945378911833054,0,0.6999973946580533,0
2025-01-21 23:00:00+07:00,181.0,12.6,69.0,/dl/web/weather/ic-w-04-scattered-clouds-full.svg,Hà Nội,1.7626854551858917,0,0.28822704131333743,0
2025-01-22 00:00:00+07:00,174.0,10.3,73.0,/dl/web/weather/ic-w-04-scattered-clouds-full.svg,Hà Nội,1.602828680619625,0,-0.06254029672104987,0
2025-01-22 01:00:00+07:00,171.0,9.7,77.0,/dl/web/weather/ic-w-04-scattered-clouds-full.svg,Hà Nội,1.5343186343769393,0,-0.15404481968654246,0
2025-01-22 02:00:00+07:00,174.0,8.4,80.0,/dl/web/weather/ic-w-04-scattered-clouds-full.svg,Hà Nội,1.602828680619625,0,-0.35230461944510916,0
2025-01-22 03:00:00+07:00,173.0,7.6,84.0,/dl/web/weather/ic-w-10-night-clear-sky-full.svg,Hà Nội,1.5799919985387296,0,-0.4743106500657658,0
2025-01-22 04:00:00+07:00,169.0,7.4,86.0,/dl/web/weather/ic-w-10-night-clear-sky-full.svg,Hà Nội,1.4886452702151487,0,-0.5048121577209298,0
2025-01-22 05:00:00+07:00,171.0,7.7,87.0,/dl/web/weather/ic-w-10-night-clear-sky-full.svg,Hà Nội,1.5343186343769393,0,-0.4590598962381836,0
2025-01-22 06:00:00+07:00,183.0,7.7,86.0,/dl/web/weather/ic-w-10-night-clear-sky-full.svg,Hà Nội,1.8083588193476823,0,-0.4590598962381836,0
2025-01-22 07:00:00+07:00,174.0,6.1,80.0,/dl/web/weather/ic-w-02-new-clouds-full.svg,Hà Nội,1.602828680619625,0,-0.7030719574794967,0
2025-01-22 11:00:00+07:00,193.0,6.4,58.0,/dl/web/weather/ic-w-04-scattered-clouds-full.svg,Hà Nội,2.036725640156635,0,-0.6573196959967504,0
2025-01-22 12:00:00+07:00,181.0,5.6,56.0,/dl/web/weather/ic-w-04-scattered-clouds-full.svg,Hà Nội,1.7626854551858917,0,-0.7793257266174071,0
2025-01-22 13:00:00+07:00,188.0,7.9,52.0,/dl/web/weather/ic-w-04-scattered-clouds-full.svg,Hà Nội,1.9225422297521586,0,-0.4285583885830195,0
2025-01-22 14:00:00+07:00,197.0,9.2,52.0,/dl/web/weather/ic-w-04-scattered-clouds-full.svg,Hà Nội,2.128072368480216,0,-0.23029858882445278,0
2025-01-22 15:00:00+07:00,220.0,8.9,51.0,/dl/web/weather/ic-w-04-scattered-clouds-full.svg,Hà Nội,2.653316056340807,0,-0.27605085030719884,0
2025-01-22 16:00:00+07:00,203.0,11.1,49.0,/dl/web/weather/ic-w-04-scattered-clouds-full.svg,Hà Nội,2.2650924609655876,0,0.059465733899606486,0
2025-01-22 17:00:00+07:00,184.0,11.7,50.0,/dl/web/weather/ic-w-04-scattered-clouds-full.svg,Hà Nội,1.8311955014285777,0,0.15097025686509882,0
2025-01-22 18:00:00+07:00,182.0,13.8,52.0,/dl/web/weather/ic-w-04-scattered-clouds-full.svg,Hà Nội,1.785522137266787,0,0.47123608724432237,0
2025-01-22 19:00:00+07:00,186.0,13.4,56.0,/dl/web/weather/ic-w-04-scattered-clouds-full.svg,Hà Nội,1.876868865590368,0,0.41023307193399405,0
2025-01-22 20:00:00+07:00,176.0,11.4,66.0,/dl/web/weather/ic-w-10-night-clear-sky-full.svg,Hà Nội,1.6485020447814156,0,0.10521799538235278,0
2025-01-22 21:00:00+07:00,174.0,11.4,66.0,/dl/web/weather/ic-w-10-night-clear-sky-full.svg,Hà Nội,1.602828680619625,0,0.10521799538235278,0
2025-01-22 22:00:00+07:00,175.0,11.6,70.0,/dl/web/weather/ic-w-11-night-few-clouds-full.svg,Hà Nội,1.6256653627005202,0,0.13571950303751681,0
2025-01-22 23:00:00+07:00,161.0,11.3,76.0,/dl/web/weather/ic-w-11-night-few-clouds-full.svg,Hà Nội,1.3059518135679866,0,0.08996724155477077,0
2025-01-23 00:00:00+07:00,159.0,10.5,80.0,/dl/web/weather/ic-w-04-scattered-clouds-full.svg,Hà Nội,1.260278449406196,0,-0.03203878906588584,0
2025-01-23 01:00:00+07:00,157.0,9.7,83.0,/dl/web/weather/ic-w-04-scattered-clouds-full.svg,Hà Nội,1.2146050852444055,0,-0.15404481968654246,0
2025-01-23 02:00:00+07:00,154.0,9.0,85.0,/dl/web/weather/ic-w-04-scattered-clouds-full.svg,Hà Nội,1.1460950390017197,0,-0.2608000964796168,0
2025-01-23 03:00:00+07:00,152.0,8.9,88.0,/dl/web/weather/ic-w-04-scattered-clouds-full.svg,Hà Nội,1.1004216748399291,0,-0.27605085030719884,0
2025-01-23 04:00:00+07:00,153.0,8.7,88.0,/dl/web/weather/ic-w-04-scattered-clouds-full.svg,Hà Nội,1.1232583569208245,0,-0.30655235796236313,0
2025-01-23 05:00:00+07:00,155.0,8.5,89.0,/dl/web/weather/ic-w-04-scattered-clouds-full.svg,Hà Nội,1.1689317210826151,0,-0.33705386561752715,0
2025-01-23 06:00:00+07:00,152.0,9.0,90.0,/dl/web/weather/ic-w-04-scattered-clouds-full.svg,Hà Nội,1.1004216748399291,0,-0.2608000964796168,0
2025-01-23 07:00:00+07:00,151.0,8.4,91.0,/dl/web/weather/ic-w-04-scattered-clouds-full.svg,Hà Nội,1.077584992759034,0,-0.35230461944510916,0
2025-01-23 08:00:00+07:00,155.0,9.7,85.0,/dl/web/weather/ic-w-04-scattered-clouds-full.svg,Hà Nội,1.1689317210826151,0,-0.15404481968654246,0
2025-01-23 10:00:00+07:00,158.0,8.9,81.0,/dl/web/weather/ic-w-04-scattered-clouds-full.svg,Hà Nội,1.2374417673253009,0,-0.27605085030719884,0
2025-01-23 11:00:00+07:00,163.0,8.2,76.0,/dl/web/weather/ic-w-04-scattered-clouds-full.svg,Hà Nội,1.3516251777297772,0,-0.38280612710027345,0
2025-01-23 12:00:00+07:00,166.0,7.7,71.0,/dl/web/weather/ic-w-04-scattered-clouds-full.svg,Hà Nội,1.420135223972463,0,-0.4590598962381836,0
2025-01-23 13:00:00+07:00,174.0,8.7,65.0,/dl/web/weather/ic-w-04-scattered-clouds-full.svg,Hà Nội,1.602828680619625,0,-0.30655235796236313,0
2025-01-23 14:00:00+07:00,177.0,9.8,60.0,/dl/web/weather/ic-w-04-scattered-clouds-full.svg,Hà Nội,1.6713387268623108,0,-0.13879406585896018,0
2025-01-23 15:00:00+07:00,174.0,13.2,54.0,/dl/web/weather/ic-w-04-scattered-clouds-full.svg,Hà Nội,1.602828680619625,0,0.37973156427882976,0
2025-01-23 16:00:00+07:00,170.0,13.4,49.0,/dl/web/weather/ic-w-04-scattered-clouds-full.svg,Hà Nội,1.5114819522960439,0,0.41023307193399405,0
2025-01-23 17:00:00+07:00,169.0,14.5,49.0,/dl/web/weather/ic-w-04-scattered-clouds-full.svg,Hà Nội,1.4886452702151487,0,0.5779913640373967,0
2025-01-23 18:00:00+07:00,167.0,14.0,50.0,/dl/web/weather/ic-w-04-scattered-clouds-full.svg,Hà Nội,1.4429719060533581,0,0.5017375948994864,0
2025-01-23 19:00:00+07:00,167.0,12.1,55.0,/dl/web/weather/ic-w-04-scattered-clouds-full.svg,Hà Nội,1.4429719060533581,0,0.21197327217542714,0
2025-01-23 20:00:00+07:00,173.0,16.6,71.0,/dl/web/weather/ic-w-04-scattered-clouds-full.svg,Hà Nội,1.5799919985387296,0,0.8982571944166203,0
2025-01-23 21:00:00+07:00,174.0,16.6,71.0,/dl/web/weather/ic-w-04-scattered-clouds-full.svg,Hà Nội,1.602828680619625,0,0.8982571944166203,0
2025-01-23 22:00:00+07:00,175.0,13.8,77.0,/dl/web/weather/ic-w-04-scattered-clouds-full.svg,Hà Nội,1.6256653627005202,0,0.47123608724432237,0
2025-01-23 23:00:00+07:00,168.0,13.2,81.0,/dl/web/weather/ic-w-11-night-few-clouds-full.svg,Hà Nội,1.4658085881342535,0,0.37973156427882976,0
2025-01-24 00:00:00+07:00,158.0,11.9,84.0,/dl/web/weather/ic-w-11-night-few-clouds-full.svg,Hà Nội,1.2374417673253009,0,0.18147176452026312,0
2025-01-24 01:00:00+07:00,155.0,10.9,86.0,/dl/web/weather/ic-w-11-night-few-clouds-full.svg,Hà Nội,1.1689317210826151,0,0.028964226244442465,0
2025-01-24 02:00:00+07:00,156.0,10.6,89.0,/dl/web/weather/ic-w-11-night-few-clouds-full.svg,Hà Nội,1.1917684031635103,0,-0.016788035238303835,0
2025-01-24 03:00:00+07:00,156.0,10.1,91.0,/dl/web/weather/ic-w-10-night-clear-sky-full.svg,Hà Nội,1.1917684031635103,0,-0.09304180437621416,0
2025-01-24 04:00:00+07:00,151.0,11.1,91.0,/dl/web/weather/ic-w-10-night-clear-sky-full.svg,Hà Nội,1.077584992759034,0,0.059465733899606486,0
2025-01-24 05:00:00+07:00,155.0,10.1,93.0,/dl/web/weather/ic-w-10-night-clear-sky-full.svg,Hà Nội,1.1689317210826151,0,-0.09304180437621416,0
2025-01-24 06:00:00+07:00,152.0,9.2,94.0,/dl/web/weather/ic-w-10-night-clear-sky-full.svg,Hà Nội,1.1004216748399291,0,-0.23029858882445278,0
2025-01-24 07:00:00+07:00,154.0,8.5,95.0,/dl/web/weather/ic-w-10-night-clear-sky-full.svg,Hà Nội,1.1460950390017197,0,-0.33705386561752715,0
2025-01-24 08:00:00+07:00,169.0,8.5,88.0,/dl/web/weather/ic-w-04-scattered-clouds-full.svg,Hà Nội,1.4886452702151487,0,-0.33705386561752715,0
2025-01-24 09:00:00+07:00,169.0,10.5,78.0,/dl/web/weather/ic-w-04-scattered-clouds-full.svg,Hà Nội,1.4886452702151487,0,-0.03203878906588584,0
2025-01-24 10:00:00+07:00,168.0,10.5,78.0,/dl/web/weather/ic-w-04-scattered-clouds-full.svg,Hà Nội,1.4658085881342535,0,-0.03203878906588584,0
2025-01-24 11:00:00+07:00,163.0,12.9,69.0,/dl/web/weather/ic-w-04-scattered-clouds-full.svg,Hà Nội,1.3516251777297772,0,0.33397930279608373,0
2025-01-24 12:00:00+07:00,166.0,13.0,60.0,/dl/web/weather/ic-w-04-scattered-clouds-full.svg,Hà Nội,1.420135223972463,0,0.34923005662366574,0
2025-01-24 13:00:00+07:00,170.0,11.7,57.0,/dl/web/weather/ic-w-04-scattered-clouds-full.svg,Hà Nội,1.5114819522960439,0,0.15097025686509882,0
2025-01-24 14:00:00+07:00,174.0,11.1,52.0,/dl/web/weather/ic-w-04-scattered-clouds-full.svg,Hà Nội,1.602828680619625,0,0.059465733899606486,0
2025-01-24 15:00:00+07:00,171.0,10.9,48.0,/dl/web/weather/ic-w-04-scattered-clouds-full.svg,Hà Nội,1.5343186343769393,0,0.028964226244442465,0
2025-01-24 16:00:00+07:00,158.0,13.0,41.0,/dl/web/weather/ic-w-04-scattered-clouds-full.svg,Hà Nội,1.2374417673253009,0,0.34923005662366574,0
2025-01-24 17:00:00+07:00,153.0,20.6,43.0,/dl/web/weather/ic-w-04-scattered-clouds-full.svg,Hà Nội,1.1232583569208245,0,1.5082873475199028,0
2025-01-24 18:00:00+07:00,151.0,22.7,50.0,/dl/web/weather/ic-w-02-new-clouds-full.svg,Hà Nội,1.077584992759034,0,1.828553177899126,0
2025-01-24 19:00:00+07:00,151.0,21.4,59.0,/dl/web/weather/ic-w-11-night-few-clouds-full.svg,Hà Nội,1.077584992759034,0,1.6302933781405589,0
2025-01-24 20:00:00+07:00,158.0,18.7,72.0,/dl/web/weather/ic-w-10-night-clear-sky-full.svg,Hà Nội,1.2374417673253009,0,1.2185230247958434,0
2025-01-24 21:00:00+07:00,159.0,18.7,72.0,/dl/web/weather/ic-w-10-night-clear-sky-full.svg,Hà Nội,1.260278449406196,0,1.2185230247958434,0
2025-01-24 22:00:00+07:00,160.0,16.3,78.0,/dl/web/weather/ic-w-10-night-clear-sky-full.svg,Hà Nội,1.2831151314870912,0,0.852504932933874,0
2025-01-24 23:00:00+07:00,158.0,15.3,82.0,/dl/web/weather/ic-w-10-night-clear-sky-full.svg,Hà Nội,1.2374417673253009,0,0.6999973946580533,0
2025-01-25 00:00:00+07:00,155.0,13.4,86.0,/dl/web/weather/ic-w-10-night-clear-sky-full.svg,Hà Nội,1.1689317210826151,0,0.41023307193399405,0
2025-01-25 01:00:00+07:00,154.0,11.4,90.0,/dl/web/weather/ic-w-10-night-clear-sky-full.svg,Hà Nội,1.1460950390017197,0,0.10521799538235278,0
2025-01-25 02:00:00+07:00,149.0,10.0,93.0,/dl/web/weather/ic-w-10-night-clear-sky-full.svg,Hà Nội,1.0319116285972434,0,-0.10829255820379617,0
2025-01-25 03:00:00+07:00,149.0,7.9,95.0,/dl/web/weather/ic-w-11-night-few-clouds-full.svg,Hà Nội,1.0319116285972434,0,-0.4285583885830195,0
2025-01-25 04:00:00+07:00,140.0,6.8,95.0,/dl/web/weather/ic-w-11-night-few-clouds-full.svg,Hà Nội,0.8263814898691861,0,-0.5963166806864223,0
2025-01-25 05:00:00+07:00,149.0,4.8,96.0,/dl/web/weather/ic-w-11-night-few-clouds-full.svg,Hà Nội,1.0319116285972434,0,-0.9013317572380636,0
2025-01-25 06:00:00+07:00,154.0,4.5,95.0,/dl/web/weather/ic-w-04-scattered-clouds-full.svg,Hà Nội,1.1460950390017197,0,-0.9470840187208097,0
2025-01-25 07:00:00+07:00,157.0,4.2,92.0,/dl/web/weather/ic-w-04-scattered-clouds-full.svg,Hà Nội,1.2146050852444055,0,-0.9928362802035559,0
2025-01-25 08:00:00+07:00,152.0,4.5,90.0,/dl/web/weather/ic-w-04-scattered-clouds-full.svg,Hà Nội,1.1004216748399291,0,-0.9470840187208097,0
2025-01-25 09:00:00+07:00,139.0,7.2,87.0,/dl/web/weather/ic-w-04-scattered-clouds-full.svg,Hà Nội,0.8035448077882908,0,-0.5353136653760939,0
2025-01-25 10:00:00+07:00,147.0,7.2,87.0,/dl/web/weather/ic-w-04-scattered-clouds-full.svg,Hà Nội,0.9862382644354529,0,-0.5353136653760939,0
2025-01-25 11:00:00+07:00,129.0,7.9,85.0,/dl/web/weather/ic-w-04-scattered-clouds-full.svg,Hà Nội,0.5751779869793382,0,-0.4285583885830195,0
2025-01-25 12:00:00+07:00,116.0,8.2,83.0,/dl/web/weather/ic-w-04-scattered-clouds-full.svg,Hà Nội,0.2783011199276998,0,-0.38280612710027345,0
2025-01-25 13:00:00+07:00,116.0,8.4,82.0,/dl/web/weather/ic-w-04-scattered-clouds-full.svg,Hà Nội,0.2783011199276998,0,-0.35230461944510916,0
2025-01-25 14:00:00+07:00,138.0,8.0,80.0,/dl/web/weather/ic-w-04-scattered-clouds-full.svg,Hà Nội,0.7807081257073956,0,-0.41330763475543747,0
2025-01-25 15:00:00+07:00,138.0,6.9,79.0,/dl/web/weather/ic-w-04-scattered-clouds-full.svg,Hà Nội,0.7807081257073956,0,-0.5810659268588401,0
2025-01-25 16:00:00+07:00,111.0,6.4,79.0,/dl/web/weather/ic-w-04-scattered-clouds-full.svg,Hà Nội,0.1641177095232235,0,-0.6573196959967504,0
2025-01-25 17:00:00+07:00,102.0,7.6,79.0,/dl/web/weather/ic-w-04-scattered-clouds-full.svg,Hà Nội,-0.04141242920483386,0,-0.4743106500657658,0
2025-01-25 18:00:00+07:00,106.0,7.9,79.0,/dl/web/weather/ic-w-04-scattered-clouds-full.svg,Hà Nội,0.04993429911874719,0,-0.4285583885830195,0
2025-01-25 19:00:00+07:00,116.0,6.8,79.0,/dl/web/weather/ic-w-04-scattered-clouds-full.svg,Hà Nội,0.2783011199276998,0,-0.5963166806864223,0
2025-01-25 20:00:00+07:00,118.0,6.4,80.0,/dl/web/weather/ic-w-04-scattered-clouds-full.svg,Hà Nội,0.3239744840894903,0,-0.6573196959967504,0
2025-01-25 21:00:00+07:00,132.0,6.1,81.0,/dl/web/weather/ic-w-04-scattered-clouds-full.svg,Hà Nội,0.643688033222024,0,-0.7030719574794967,0
2025-01-25 22:00:00+07:00,127.0,6.0,82.0,/dl/web/weather/ic-w-04-scattered-clouds-full.svg,Hà Nội,0.5295046228175477,0,-0.7183227113070787,0
2025-01-25 23:00:00+07:00,137.0,5.6,85.0,/dl/web/weather/ic-w-12-night-rain-full.svg,Hà Nội,0.7578714436265003,0,-0.7793257266174071,0
2025-01-26 00:00:00+07:00,149.0,5.3,87.0,/dl/web/weather/ic-w-04-scattered-clouds-full.svg,Hà Nội,1.0319116285972434,0,-0.8250779881001532,0
2025-01-26 01:00:00+07:00,153.0,3.2,87.0,/dl/web/weather/ic-w-04-scattered-clouds-full.svg,Hà Nội,1.1232583569208245,0,-1.1453438184793765,0
2025-01-26 02:00:00+07:00,156.0,2.9,87.0,/dl/web/weather/ic-w-04-scattered-clouds-full.svg,Hà Nội,1.1917684031635103,0,-1.1910960799621226,0
2025-01-26 03:00:00+07:00,158.0,23.7,84.0,/dl/web/weather/ic-w-04-scattered-clouds-full.svg,Hà Nội,1.2374417673253009,0,1.9810607161749465,0
2025-01-26 04:00:00+07:00,158.0,28.0,61.0,/dl/web/weather/ic-w-04-scattered-clouds-full.svg,Hà Nội,1.2374417673253009,0,2.636843130760975,0
2025-01-26 05:00:00+07:00,99.0,30.9,62.0,/dl/web/weather/ic-w-04-scattered-clouds-full.svg,Hà Nội,-0.10992247544751964,0,3.079114991760855,-1
2025-01-26 06:00:00+07:00,76.0,28.3,64.0,/dl/web/weather/ic-w-04-scattered-clouds-full.svg,Hà Nội,-0.6351661633081107,0,2.6825953922437216,0
2025-01-26 07:00:00+07:00,65.0,27.0,60.0,/dl/web/weather/ic-w-04-scattered-clouds-full.svg,Hà Nội,-0.8863696661979585,0,2.484335592485155,0
2025-01-26 08:00:00+07:00,58.0,28.6,59.0,/dl/web/weather/ic-w-04-scattered-clouds-full.svg,Hà Nội,-1.0462264407642254,0,2.728347653726468,0
2025-01-26 09:00:00+07:00,58.0,28.0,61.0,/dl/web/weather/ic-w-04-scattered-clouds-full.svg,Hà Nội,-1.0462264407642254,0,2.636843130760975,0
2025-01-26 10:00:00+07:00,60.0,28.0,61.0,/dl/web/weather/ic-w-04-scattered-clouds-full.svg,Hà Nội,-1.0005530766024349,0,2.636843130760975,0
2025-01-26 11:00:00+07:00,53.0,25.6,67.0,/dl/web/weather/ic-w-04-scattered-clouds-full.svg,Hà Nội,-1.1604098511687018,0,2.270825038899006,0
2025-01-26 12:00:00+07:00,60.0,28.3,51.0,/dl/web/weather/ic-w-04-scattered-clouds-full.svg,Hà Nội,-1.0005530766024349,0,2.6825953922437216,0
2025-01-26 13:00:00+07:00,64.0,29.8,49.0,/dl/web/weather/ic-w-04-scattered-clouds-full.svg,Hà Nội,-0.9092063482788538,0,2.9113566996574525,0
2025-01-26 14:00:00+07:00,59.0,29.9,46.0,/dl/web/weather/ic-w-04-scattered-clouds-full.svg,Hà Nội,-1.02338975868333,0,2.926607453485034,0
2025-01-26 15:00:00+07:00,60.0,31.1,53.0,/dl/web/weather/ic-w-04-scattered-clouds-full.svg,Hà Nội,-1.0005530766024349,0,3.1096164994160196,-1
2025-01-26 16:00:00+07:00,58.0,29.8,53.0,/dl/web/weather/ic-w-04-scattered-clouds-full.svg,Hà Nội,-1.0462264407642254,0,2.9113566996574525,0
2025-01-26 17:00:00+07:00,56.0,28.8,50.0,/dl/web/weather/ic-w-04-scattered-clouds-full.svg,Hà Nội,-1.0918998049260158,0,2.758849161381632,0
2025-01-26 18:00:00+07:00,58.0,28.3,52.0,/dl/web/weather/ic-w-04-scattered-clouds-full.svg,Hà Nội,-1.0462264407642254,0,2.6825953922437216,0
2025-01-26 19:00:00+07:00,62.0,22.5,50.0,/dl/web/weather/ic-w-04-scattered-clouds-full.svg,Hà Nội,-0.9548797124406443,0,1.798051670243962,0
2025-01-26 20:00:00+07:00,66.0,20.4,48.0,/dl/web/weather/ic-w-04-scattered-clouds-full.svg,Hà Nội,-0.8635329841170633,0,1.4777858398647383,0
2025-01-26 21:00:00+07:00,66.0,17.9,52.0,/dl/web/weather/ic-w-04-scattered-clouds-full.svg,Hà Nội,-0.8635329841170633,0,1.0965169941751867,0
2025-01-26 22:00:00+07:00,64.0,16.6,56.0,/dl/web/weather/ic-w-04-scattered-clouds-full.svg,Hà Nội,-0.9092063482788538,0,0.8982571944166203,0
2025-01-26 23:00:00+07:00,64.0,15.4,58.0,/dl/web/weather/ic-w-04-scattered-clouds-full.svg,Hà Nội,-0.9092063482788538,0,0.7152481484856353,0
2025-01-27 00:00:00+07:00,66.0,16.6,56.0,/dl/web/weather/ic-w-04-scattered-clouds-full.svg,Hà Nội,-0.8635329841170633,0,0.8982571944166203,0
2025-01-27 01:00:00+07:00,66.0,16.3,56.0,/dl/web/weather/ic-w-04-scattered-clouds-full.svg,Hà Nội,-0.8635329841170633,0,0.852504932933874,0
2025-01-27 02:00:00+07:00,66.0,17.5,58.0,/dl/web/weather/ic-w-04-scattered-clouds-full.svg,Hà Nội,-0.8635329841170633,0,1.0355139788648586,0
2025-01-27 03:00:00+07:00,64.0,14.6,59.0,/dl/web/weather/ic-w-04-scattered-clouds-full.svg,Hà Nội,-0.9092063482788538,0,0.5932421178649787,0
2025-01-27 04:00:00+07:00,66.0,11.4,58.0,/dl/web/weather/ic-w-04-scattered-clouds-full.svg,Hà Nội,-0.8635329841170633,0,0.10521799538235278,0
2025-01-27 05:00:00+07:00,66.0,14.0,58.0,/dl/web/weather/ic-w-04-scattered-clouds-full.svg,Hà Nội,-0.8635329841170633,0,0.5017375948994864,0
2025-01-27 06:00:00+07:00,69.0,13.7,58.0,/dl/web/weather/ic-w-04-scattered-clouds-full.svg,Hà Nội,-0.7950229378743775,0,0.4559853334167401,0
2025-01-27 07:00:00+07:00,75.0,13.4,58.0,/dl/web/weather/ic-w-04-scattered-clouds-full.svg,Hà Nội,-0.6580028453890059,0,0.41023307193399405,0
2025-01-27 08:00:00+07:00,82.0,12.2,57.0,/dl/web/weather/ic-w-04-scattered-clouds-full.svg,Hà Nội,-0.4981460708227391,0,0.22722402600300914,0
2025-01-27 09:00:00+07:00,92.0,12.1,53.0,/dl/web/weather/ic-w-04-scattered-clouds-full.svg,Hà Nội,-0.2697792500137865,0,0.21197327217542714,0
2025-01-27 10:00:00+07:00,92.0,12.1,53.0,/dl/web/weather/ic-w-04-scattered-clouds-full.svg,Hà Nội,-0.2697792500137865,0,0.21197327217542714,0
2025-01-27 11:00:00+07:00,73.0,10.8,45.0,/dl/web/weather/ic-w-04-scattered-clouds-full.svg,Hà Nội,-0.7036762095507965,0,0.013713472416860455,0
2025-01-27 12:00:00+07:00,71.0,11.1,36.0,/dl/web/weather/ic-w-04-scattered-clouds-full.svg,Hà Nội,-0.7493495737125869,0,0.059465733899606486,0
2025-01-27 13:00:00+07:00,75.0,10.0,30.0,/dl/web/weather/ic-w-04-scattered-clouds-full.svg,Hà Nội,-0.6580028453890059,0,-0.10829255820379617,0
2025-01-27 14:00:00+07:00,82.0,8.9,27.0,/dl/web/weather/ic-w-04-scattered-clouds-full.svg,Hà Nội,-0.4981460708227391,0,-0.27605085030719884,0
2025-01-27 15:00:00+07:00,82.0,9.0,24.0,/dl/web/weather/ic-w-04-scattered-clouds-full.svg,Hà Nội,-0.4981460708227391,0,-0.2608000964796168,0
2025-01-27 16:00:00+07:00,84.0,8.7,23.0,/dl/web/weather/ic-w-04-scattered-clouds-full.svg,Hà Nội,-0.4524727066609486,0,-0.30655235796236313,0
2025-01-27 17:00:00+07:00,83.0,6.1,22.0,/dl/web/weather/ic-w-04-scattered-clouds-full.svg,Hà Nội,-0.4753093887418438,0,-0.7030719574794967,0
2025-01-27 18:00:00+07:00,88.0,3.9,22.0,/dl/web/weather/ic-w-04-scattered-clouds-full.svg,Hà Nội,-0.36112597833736754,0,-1.038588541686302,0
2025-01-27 19:00:00+07:00,104.0,4.5,26.0,/dl/web/weather/ic-w-04-scattered-clouds-full.svg,Hà Nội,0.004260934956956666,0,-0.9470840187208097,0
2025-01-27 20:00:00+07:00,127.0,8.5,29.0,/dl/web/weather/ic-w-10-night-clear-sky-full.svg,Hà Nội,0.5295046228175477,0,-0.33705386561752715,0
2025-01-27 21:00:00+07:00,147.0,8.5,29.0,/dl/web/weather/ic-w-10-night-clear-sky-full.svg,Hà Nội,0.9862382644354529,0,-0.33705386561752715,0
2025-01-27 22:00:00+07:00,165.0,13.7,36.0,/dl/web/weather/ic-w-04-scattered-clouds-full.svg,Hà Nội,1.3972985418915675,0,0.4559853334167401,0
2025-01-27 23:00:00+07:00,172.0,11.7,42.0,/dl/web/weather/ic-w-04-scattered-clouds-full.svg,Hà Nội,1.5571553164578344,0,0.15097025686509882,0
2025-01-28 00:00:00+07:00,197.0,9.5,44.0,/dl/web/weather/ic-w-04-scattered-clouds-full.svg,Hà Nội,2.128072368480216,0,-0.18454632734170648,0
2025-01-28 01:00:00+07:00,177.0,8.7,45.0,/dl/web/weather/ic-w-04-scattered-clouds-full.svg,Hà Nội,1.6713387268623108,0,-0.30655235796236313,0
2025-01-28 02:00:00+07:00,156.0,6.6,45.0,/dl/web/weather/ic-w-04-scattered-clouds-full.svg,Hà Nội,1.1917684031635103,0,-0.6268181883415864,0
2025-01-28 03:00:00+07:00,159.0,6.1,45.0,/dl/web/weather/ic-w-04-scattered-clouds-full.svg,Hà Nội,1.260278449406196,0,-0.7030719574794967,0
2025-01-28 04:00:00+07:00,159.0,9.2,44.0,/dl/web/weather/ic-w-04-scattered-clouds-full.svg,Hà Nội,1.260278449406196,0,-0.23029858882445278,0
2025-01-28 05:00:00+07:00,105.0,10.1,38.0,/dl/web/weather/ic-w-04-scattered-clouds-full.svg,Hà Nội,0.027097617037851927,0,-0.09304180437621416,0
2025-01-28 06:00:00+07:00,88.0,10.1,32.0,/dl/web/weather/ic-w-04-scattered-clouds-full.svg,Hà Nội,-0.36112597833736754,0,-0.09304180437621416,0
2025-01-28 07:00:00+07:00,82.0,8.7,30.0,/dl/web/weather/ic-w-02-new-clouds-full.svg,Hà Nội,-0.4981460708227391,0,-0.30655235796236313,0
2025-01-28 08:00:00+07:00,86.0,10.3,27.0,/dl/web/weather/ic-w-04-scattered-clouds-full.svg,Hà Nội,-0.40679934249915806,0,-0.06254029672104987,0
2025-01-28 09:00:00+07:00,90.0,10.8,26.0,/dl/web/weather/ic-w-04-scattered-clouds-full.svg,Hà Nội,-0.315452614175577,0,0.013713472416860455,0
2025-01-28 10:00:00+07:00,90.0,10.8,26.0,/dl/web/weather/ic-w-04-scattered-clouds-full.svg,Hà Nội,-0.315452614175577,0,0.013713472416860455,0
2025-01-28 11:00:00+07:00,96.0,14.3,19.0,/dl/web/weather/ic-w-04-scattered-clouds-full.svg,Hà Nội,-0.17843252169020543,0,0.5474898563822327,0
2025-01-28 12:00:00+07:00,97.0,13.8,18.0,/dl/web/weather/ic-w-04-scattered-clouds-full.svg,Hà Nội,-0.15559583960931017,0,0.47123608724432237,0
2025-01-28 13:00:00+07:00,92.0,12.9,18.0,/dl/web/weather/ic-w-04-scattered-clouds-full.svg,Hà Nội,-0.2697792500137865,0,0.33397930279608373,0
2025-01-28 14:00:00+07:00,86.0,11.6,18.0,/dl/web/weather/ic-w-04-scattered-clouds-full.svg,Hà Nội,-0.40679934249915806,0,0.13571950303751681,0
2025-01-28 15:00:00+07:00,90.0,8.7,19.0,/dl/web/weather/ic-w-04-scattered-clouds-full.svg,Hà Nội,-0.315452614175577,0,-0.30655235796236313,0
2025-01-28 16:00:00+07:00,85.0,8.0,19.0,/dl/web/weather/ic-w-04-scattered-clouds-full.svg,Hà Nội,-0.4296360245800533,0,-0.41330763475543747,0
2025-01-28 17:00:00+07:00,92.0,8.0,19.0,/dl/web/weather/ic-w-04-scattered-clouds-full.svg,Hà Nội,-0.2697792500137865,0,-0.41330763475543747,0
2025-01-28 18:00:00+07:00,94.0,4.8,20.0,/dl/web/weather/ic-w-04-scattered-clouds-full.svg,Hà Nội,-0.22410588585199595,0,-0.9013317572380636,0
2025-01-28 19:00:00+07:00,97.0,5.5,22.0,/dl/web/weather/ic-w-04-scattered-clouds-full.svg,Hà Nội,-0.15559583960931017,0,-0.7945764804449891,0
2025-01-28 20:00:00+07:00,117.0,5.8,26.0,/dl/web/weather/ic-w-10-night-clear-sky-full.svg,Hà Nội,0.3011378020085951,0,-0.7488242189622429,0
2025-01-28 21:00:00+07:00,154.0,5.8,26.0,/dl/web/weather/ic-w-10-night-clear-sky-full.svg,Hà Nội,1.1460950390017197,0,-0.7488242189622429,0
2025-01-28 22:00:00+07:00,161.0,4.5,26.0,/dl/web/weather/ic-w-10-night-clear-sky-full.svg,Hà Nội,1.3059518135679866,0,-0.9470840187208097,0
2025-01-28 23:00:00+07:00,170.0,0.6,29.0,/dl/web/weather/ic-w-10-night-clear-sky-full.svg,Hà Nội,1.5114819522960439,0,-1.5418634179965103,0
2025-01-29 00:00:00+07:00,186.0,5.0,33.0,/dl/web/weather/ic-w-10-night-clear-sky-full.svg,Hà Nội,1.876868865590368,0,-0.8708302495828993,0
2025-01-29 01:00:00+07:00,187.0,7.1,39.0,/dl/web/weather/ic-w-10-night-clear-sky-full.svg,Hà Nội,1.8997055476712634,0,-0.550564419203676,0
2025-01-29 02:00:00+07:00,201.0,6.4,45.0,/dl/web/weather/ic-w-10-night-clear-sky-full.svg,Hà Nội,2.2194190968037972,0,-0.6573196959967504,0
2025-01-29 03:00:00+07:00,218.0,6.0,31.0,/dl/web/weather/ic-w-11-night-few-clouds-full.svg,Hà Nội,2.6076426921790166,0,-0.7183227113070787,0
2025-01-29 04:00:00+07:00,220.0,6.1,33.0,/dl/web/weather/ic-w-10-night-clear-sky-full.svg,Hà Nội,2.653316056340807,0,-0.7030719574794967,0
2025-01-29 05:00:00+07:00,210.0,7.7,35.0,/dl/web/weather/ic-w-11-night-few-clouds-full.svg,Hà Nội,2.4249492355318543,0,-0.4590598962381836,0
2025-01-29 06:00:00+07:00,200.0,8.2,36.0,/dl/web/weather/ic-w-11-night-few-clouds-full.svg,Hà Nội,2.1965824147229016,0,-0.38280612710027345,0
2025-01-29 07:00:00+07:00,210.0,8.9,38.0,/dl/web/weather/ic-w-01-clear-sky-full.svg,Hà Nội,2.4249492355318543,0,-0.27605085030719884,0
2025-01-29 08:00:00+07:00,192.0,9.7,33.0,/dl/web/weather/ic-w-02-new-clouds-full.svg,Hà Nội,2.0138889580757398,0,-0.15404481968654246,0
2025-01-29 09:00:00+07:00,193.0,9.2,29.0,/dl/web/weather/ic-w-04-scattered-clouds-full.svg,Hà Nội,2.036725640156635,0,-0.23029858882445278,0
2025-01-29 10:00:00+07:00,193.0,9.2,29.0,/dl/web/weather/ic-w-04-scattered-clouds-full.svg,Hà Nội,2.036725640156635,0,-0.23029858882445278,0
2025-01-29 11:00:00+07:00,175.0,7.7,26.0,/dl/web/weather/ic-w-04-scattered-clouds-full.svg,Hà Nội,1.6256653627005202,0,-0.4590598962381836,0
2025-01-29 12:00:00+07:00,168.0,5.3,24.0,/dl/web/weather/ic-w-04-scattered-clouds-full.svg,Hà Nội,1.4658085881342535,0,-0.8250779881001532,0
2025-01-29 13:00:00+07:00,163.0,1.3,22.0,/dl/web/weather/ic-w-04-scattered-clouds-full.svg,Hà Nội,1.3516251777297772,0,-1.4351081412034357,0
2025-01-29 14:00:00+07:00,157.0,3.9,22.0,/dl/web/weather/ic-w-04-scattered-clouds-full.svg,Hà Nội,1.2146050852444055,0,-1.038588541686302,0
2025-01-29 15:00:00+07:00,149.0,6.4,22.0,/dl/web/weather/ic-w-04-scattered-clouds-full.svg,Hà Nội,1.0319116285972434,0,-0.6573196959967504,0
2025-01-29 16:00:00+07:00,117.0,7.4,23.0,/dl/web/weather/ic-w-04-scattered-clouds-full.svg,Hà Nội,0.3011378020085951,0,-0.5048121577209298,0
2025-01-29 17:00:00+07:00,113.0,7.1,24.0,/dl/web/weather/ic-w-04-scattered-clouds-full.svg,Hà Nội,0.209791073685014,0,-0.550564419203676,0
2025-01-29 18:00:00+07:00,102.0,6.1,26.0,/dl/web/weather/ic-w-04-scattered-clouds-full.svg,Hà Nội,-0.04141242920483386,0,-0.7030719574794967,0
2025-01-29 19:00:00+07:00,108.0,6.9,30.0,/dl/web/weather/ic-w-04-scattered-clouds-full.svg,Hà Nội,0.09560766328053771,0,-0.5810659268588401,0
2025-01-29 20:00:00+07:00,119.0,11.3,39.0,/dl/web/weather/ic-w-10-night-clear-sky-full.svg,Hà Nội,0.3468111661703856,0,0.08996724155477077,0
2025-01-29 21:00:00+07:00,152.0,11.3,39.0,/dl/web/weather/ic-w-10-night-clear-sky-full.svg,Hà Nội,1.1004216748399291,0,0.08996724155477077,0
2025-01-29 22:00:00+07:00,156.0,13.5,50.0,/dl/web/weather/ic-w-10-night-clear-sky-full.svg,Hà Nội,1.1917684031635103,0,0.42548382576157606,0
2025-01-29 23:00:00+07:00,166.0,10.5,55.0,/dl/web/weather/ic-w-10-night-clear-sky-full.svg,Hà Nội,1.420135223972463,0,-0.03203878906588584,0
2025-01-30 00:00:00+07:00,172.0,10.8,57.0,/dl/web/weather/ic-w-10-night-clear-sky-full.svg,Hà Nội,1.5571553164578344,0,0.013713472416860455,0
2025-01-30 01:00:00+07:00,179.0,10.3,60.0,/dl/web/weather/ic-w-10-night-clear-sky-full.svg,Hà Nội,1.7170120910241014,0,-0.06254029672104987,0
2025-01-30 02:00:00+07:00,180.0,10.5,63.0,/dl/web/weather/ic-w-10-night-clear-sky-full.svg,Hà Nội,1.7398487731049965,0,-0.03203878906588584,0
2025-01-30 03:00:00+07:00,186.0,8.5,57.0,/dl/web/weather/ic-w-04-scattered-clouds-full.svg,Hà Nội,1.876868865590368,0,-0.33705386561752715,0
2025-01-30 04:00:00+07:00,184.0,9.2,60.0,/dl/web/weather/ic-w-04-scattered-clouds-full.svg,Hà Nội,1.8311955014285777,0,-0.23029858882445278,0
2025-01-30 05:00:00+07:00,172.0,8.9,64.0,/dl/web/weather/ic-w-04-scattered-clouds-full.svg,Hà Nội,1.5571553164578344,0,-0.27605085030719884,0
2025-01-30 06:00:00+07:00,173.0,8.4,66.0,/dl/web/weather/ic-w-04-scattered-clouds-full.svg,Hà Nội,1.5799919985387296,0,-0.35230461944510916,0
2025-01-30 07:00:00+07:00,180.0,7.2,69.0,/dl/web/weather/ic-w-04-scattered-clouds-full.svg,Hà Nội,1.7398487731049965,0,-0.5353136653760939,0
2025-01-30 08:00:00+07:00,186.0,7.1,63.0,/dl/web/weather/ic-w-01-clear-sky-full.svg,Hà Nội,1.876868865590368,0,-0.550564419203676,0
2025-01-30 09:00:00+07:00,181.0,8.2,59.0,/dl/web/weather/ic-w-04-scattered-clouds-full.svg,Hà Nội,1.7626854551858917,0,-0.38280612710027345,0
2025-01-30 10:00:00+07:00,177.0,8.2,59.0,/dl/web/weather/ic-w-04-scattered-clouds-full.svg,Hà Nội,1.6713387268623108,0,-0.38280612710027345,0
2025-01-30 11:00:00+07:00,177.0,11.3,54.0,/dl/web/weather/ic-w-04-scattered-clouds-full.svg,Hà Nội,1.6713387268623108,0,0.08996724155477077,0
2025-01-30 12:00:00+07:00,173.0,12.7,50.0,/dl/web/weather/ic-w-04-scattered-clouds-full.svg,Hà Nội,1.5799919985387296,0,0.30347779514091944,0
2025-01-30 13:00:00+07:00,161.0,15.0,49.0,/dl/web/weather/ic-w-04-scattered-clouds-full.svg,Hà Nội,1.3059518135679866,0,0.6542451331753071,0
2025-01-30 14:00:00+07:00,144.0,17.4,49.0,/dl/web/weather/ic-w-04-scattered-clouds-full.svg,Hà Nội,0.9177282181927672,0,1.0202632250372763,0
2025-01-30 15:00:00+07:00,124.0,23.2,51.0,/dl/web/weather/ic-w-04-scattered-clouds-full.svg,Hà Nội,0.4609945765748619,0,1.9048069470370361,0
2025-01-30 16:00:00+07:00,110.0,24.1,53.0,/dl/web/weather/ic-w-04-scattered-clouds-full.svg,Hà Nội,0.14128102744232823,0,2.042063731485275,0
2025-01-30 17:00:00+07:00,105.0,21.4,55.0,/dl/web/weather/ic-w-04-scattered-clouds-full.svg,Hà Nội,0.027097617037851927,0,1.6302933781405589,0
2025-01-30 18:00:00+07:00,110.0,20.3,53.0,/dl/web/weather/ic-w-04-scattered-clouds-full.svg,Hà Nội,0.14128102744232823,0,1.4625350860371567,0
2025-01-30 19:00:00+07:00,110.0,19.2,57.0,/dl/web/weather/ic-w-04-scattered-clouds-full.svg,Hà Nội,0.14128102744232823,0,1.2947767939337536,0
2025-01-30 20:00:00+07:00,115.0,19.5,74.0,/dl/web/weather/ic-w-10-night-clear-sky-full.svg,Hà Nội,0.25546443784680456,0,1.3405290554165,0
2025-01-30 21:00:00+07:00,139.0,19.5,74.0,/dl/web/weather/ic-w-10-night-clear-sky-full.svg,Hà Nội,0.8035448077882908,0,1.3405290554165,0
2025-01-30 22:00:00+07:00,151.0,16.4,80.0,/dl/web/weather/ic-w-10-night-clear-sky-full.svg,Hà Nội,1.077584992759034,0,0.8677556867614558,0
2025-01-30 23:00:00+07:00,151.0,15.6,84.0,/dl/web/weather/ic-w-10-night-clear-sky-full.svg,Hà Nội,1.077584992759034,0,0.7457496561407994,0
2025-01-31 00:00:00+07:00,124.0,14.6,88.0,/dl/web/weather/ic-w-10-night-clear-sky-full.svg,Hà Nội,0.4609945765748619,0,0.5932421178649787,0
2025-01-31 01:00:00+07:00,117.0,14.0,90.0,/dl/web/weather/ic-w-11-night-few-clouds-full.svg,Hà Nội,0.3011378020085951,0,0.5017375948994864,0
2025-01-31 02:00:00+07:00,117.0,14.3,88.0,/dl/web/weather/ic-w-04-scattered-clouds-full.svg,Hà Nội,0.3011378020085951,0,0.5474898563822327,0
2025-01-31 03:00:00+07:00,112.0,13.7,89.0,/dl/web/weather/ic-w-04-scattered-clouds-full.svg,Hà Nội,0.18695439160411875,0,0.4559853334167401,0
2025-01-31 04:00:00+07:00,115.0,11.9,89.0,/dl/web/weather/ic-w-04-scattered-clouds-full.svg,Hà Nội,0.25546443784680456,0,0.18147176452026312,0
2025-01-31 05:00:00+07:00,107.0,10.9,89.0,/dl/web/weather/ic-w-04-scattered-clouds-full.svg,Hà Nội,0.07277098119964245,0,0.028964226244442465,0
2025-01-31 06:00:00+07:00,111.0,10.5,89.0,/dl/web/weather/ic-w-04-scattered-clouds-full.svg,Hà Nội,0.1641177095232235,0,-0.03203878906588584,0
2025-01-31 07:00:00+07:00,124.0,7.1,89.0,/dl/web/weather/ic-w-04-scattered-clouds-full.svg,Hà Nội,0.4609945765748619,0,-0.550564419203676,0
2025-01-31 08:00:00+07:00,139.0,7.1,88.0,/dl/web/weather/ic-w-04-scattered-clouds-full.svg,Hà Nội,0.8035448077882908,0,-0.550564419203676,0
2025-01-31 09:00:00+07:00,149.0,7.7,83.0,/dl/web/weather/ic-w-04-scattered-clouds-full.svg,Hà Nội,1.0319116285972434,0,-0.4590598962381836,0
2025-01-31 10:00:00+07:00,149.0,7.7,83.0,/dl/web/weather/ic-w-04-scattered-clouds-full.svg,Hà Nội,1.0319116285972434,0,-0.4590598962381836,0
2025-01-31 11:00:00+07:00,153.0,11.1,75.0,/dl/web/weather/ic-w-04-scattered-clouds-full.svg,Hà Nội,1.1232583569208245,0,0.059465733899606486,0
2025-01-31 12:00:00+07:00,144.0,14.6,67.0,/dl/web/weather/ic-w-04-scattered-clouds-full.svg,Hà Nội,0.9177282181927672,0,0.5932421178649787,0
2025-01-31 13:00:00+07:00,142.0,17.2,64.0,/dl/web/weather/ic-w-04-scattered-clouds-full.svg,Hà Nội,0.8720548540309766,0,0.9897617173821124,0
2025-01-31 14:00:00+07:00,118.0,18.2,59.0,/dl/web/weather/ic-w-04-scattered-clouds-full.svg,Hà Nội,0.3239744840894903,0,1.142269255657933,0
2025-01-31 15:00:00+07:00,112.0,20.8,54.0,/dl/web/weather/ic-w-04-scattered-clouds-full.svg,Hà Nội,0.18695439160411875,0,1.5387888551750668,0
2025-01-31 16:00:00+07:00,112.0,19.5,49.0,/dl/web/weather/ic-w-04-scattered-clouds-full.svg,Hà Nội,0.18695439160411875,0,1.3405290554165,0
2025-01-31 17:00:00+07:00,105.0,22.0,47.0,/dl/web/weather/ic-w-04-scattered-clouds-full.svg,Hà Nội,0.027097617037851927,0,1.7217979011060516,0
2025-01-31 18:00:00+07:00,96.0,22.2,53.0,/dl/web/weather/ic-w-04-scattered-clouds-full.svg,Hà Nội,-0.17843252169020543,0,1.7522994087612156,0
2025-01-31 19:00:00+07:00,82.0,18.8,59.0,/dl/web/weather/ic-w-04-scattered-clouds-full.svg,Hà Nội,-0.4981460708227391,0,1.2337737786234255,0
2025-01-31 20:00:00+07:00,82.0,16.7,73.0,/dl/web/weather/ic-w-10-night-clear-sky-full.svg,Hà Nội,-0.4981460708227391,0,0.913507948244202,0
2025-01-31 21:00:00+07:00,82.0,16.7,73.0,/dl/web/weather/ic-w-10-night-clear-sky-full.svg,Hà Nội,-0.4981460708227391,0,0.913507948244202,0
2025-01-31 22:00:00+07:00,89.0,15.6,81.0,/dl/web/weather/ic-w-11-night-few-clouds-full.svg,Hà Nội,-0.33828929625647225,0,0.7457496561407994,0
2025-01-31 23:00:00+07:00,91.0,14.0,86.0,/dl/web/weather/ic-w-04-scattered-clouds-full.svg,Hà Nội,-0.29261593209468173,0,0.5017375948994864,0
2025-02-01 00:00:00+07:00,99.0,12.1,89.0,/dl/web/weather/ic-w-04-scattered-clouds-full.svg,Hà Nội,-0.10992247544751964,0,0.21197327217542714,0
2025-02-01 01:00:00+07:00,101.0,11.1,92.0,/dl/web/weather/ic-w-04-scattered-clouds-full.svg,Hà Nội,-0.06424911128572912,0,0.059465733899606486,0
2025-02-01 02:00:00+07:00,106.0,10.5,93.0,/dl/web/weather/ic-w-04-scattered-clouds-full.svg,Hà Nội,0.04993429911874719,0,-0.03203878906588584,0
2025-02-01 03:00:00+07:00,99.0,9.7,96.0,/dl/web/weather/ic-w-04-scattered-clouds-full.svg,Hà Nội,-0.10992247544751964,0,-0.15404481968654246,0
2025-02-01 04:00:00+07:00,97.0,8.9,96.0,/dl/web/weather/ic-w-04-scattered-clouds-full.svg,Hà Nội,-0.15559583960931017,0,-0.27605085030719884,0
2025-02-01 05:00:00+07:00,107.0,8.9,94.0,/dl/web/weather/ic-w-04-scattered-clouds-full.svg,Hà Nội,0.07277098119964245,0,-0.27605085030719884,0
2025-02-01 06:00:00+07:00,102.0,10.1,91.0,/dl/web/weather/ic-w-04-scattered-clouds-full.svg,Hà Nội,-0.04141242920483386,0,-0.09304180437621416,0
2025-02-01 07:00:00+07:00,96.0,11.4,90.0,/dl/web/weather/ic-w-04-scattered-clouds-full.svg,Hà Nội,-0.17843252169020543,0,0.10521799538235278,0
2025-02-01 08:00:00+07:00,93.0,12.6,88.0,/dl/web/weather/ic-w-04-scattered-clouds-full.svg,Hà Nội,-0.2469425679328912,0,0.28822704131333743,0
2025-02-01 09:00:00+07:00,96.0,12.9,85.0,/dl/web/weather/ic-w-04-scattered-clouds-full.svg,Hà Nội,-0.17843252169020543,0,0.33397930279608373,0
2025-02-01 10:00:00+07:00,96.0,13.2,78.0,/dl/web/weather/ic-w-04-scattered-clouds-full.svg,Hà Nội,-0.17843252169020543,0,0.37973156427882976,0
2025-02-01 11:00:00+07:00,97.0,13.2,78.0,/dl/web/weather/ic-w-04-scattered-clouds-full.svg,Hà Nội,-0.15559583960931017,0,0.37973156427882976,0
2025-02-01 12:00:00+07:00,105.0,14.0,70.0,/dl/web/weather/ic-w-04-scattered-clouds-full.svg,Hà Nội,0.027097617037851927,0,0.5017375948994864,0
2025-02-01 13:00:00+07:00,110.0,13.7,61.0,/dl/web/weather/ic-w-04-scattered-clouds-full.svg,Hà Nội,0.14128102744232823,0,0.4559853334167401,0
2025-02-01 14:00:00+07:00,112.0,15.4,60.0,/dl/web/weather/ic-w-04-scattered-clouds-full.svg,Hà Nội,0.18695439160411875,0,0.7152481484856353,0
2025-02-01 15:00:00+07:00,117.0,17.2,62.0,/dl/web/weather/ic-w-04-scattered-clouds-full.svg,Hà Nội,0.3011378020085951,0,0.9897617173821124,0
2025-02-01 16:00:00+07:00,105.0,16.3,61.0,/dl/web/weather/ic-w-04-scattered-clouds-full.svg,Hà Nội,0.027097617037851927,0,0.852504932933874,0
2025-02-01 17:00:00+07:00,102.0,18.3,56.0,/dl/web/weather/ic-w-04-scattered-clouds-full.svg,Hà Nội,-0.04141242920483386,0,1.1575200094855154,0
2025-02-01 18:00:00+07:00,88.0,17.4,59.0,/dl/web/weather/ic-w-04-scattered-clouds-full.svg,Hà Nội,-0.36112597833736754,0,1.0202632250372763,0
2025-02-01 19:00:00+07:00,90.0,15.9,64.0,/dl/web/weather/ic-w-04-scattered-clouds-full.svg,Hà Nội,-0.315452614175577,0,0.7915019176235457,0
2025-02-01 20:00:00+07:00,98.0,15.9,73.0,/dl/web/weather/ic-w-04-scattered-clouds-full.svg,Hà Nội,-0.1327591575284149,0,0.7915019176235457,0
2025-02-01 21:00:00+07:00,94.0,14.8,80.0,/dl/web/weather/ic-w-04-scattered-clouds-full.svg,Hà Nội,-0.22410588585199595,0,0.6237436255201431,0
2025-02-01 22:00:00+07:00,96.0,13.2,85.0,/dl/web/weather/ic-w-04-scattered-clouds-full.svg,Hà Nội,-0.17843252169020543,0,0.37973156427882976,0
2025-02-01 23:00:00+07:00,96.0,11.9,88.0,/dl/web/weather/ic-w-04-scattered-clouds-full.svg,Hà Nội,-0.17843252169020543,0,0.18147176452026312,0
2025-02-02 00:00:00+07:00,88.0,10.9,91.0,/dl/web/weather/ic-w-04-scattered-clouds-full.svg,Hà Nội,-0.36112597833736754,0,0.028964226244442465,0
2025-02-02 01:00:00+07:00,83.0,10.3,94.0,/dl/web/weather/ic-w-04-scattered-clouds-full.svg,Hà Nội,-0.4753093887418438,0,-0.06254029672104987,0
2025-02-02 02:00:00+07:00,82.0,9.8,95.0,/dl/web/weather/ic-w-04-scattered-clouds-full.svg,Hà Nội,-0.4981460708227391,0,-0.13879406585896018,0
2025-02-02 03:00:00+07:00,84.0,9.2,93.0,/dl/web/weather/ic-w-04-scattered-clouds-full.svg,Hà Nội,-0.4524727066609486,0,-0.23029858882445278,0
2025-02-02 04:00:00+07:00,89.0,8.7,90.0,/dl/web/weather/ic-w-04-scattered-clouds-full.svg,Hà Nội,-0.33828929625647225,0,-0.30655235796236313,0
2025-02-02 05:00:00+07:00,92.0,8.4,89.0,/dl/web/weather/ic-w-04-scattered-clouds-full.svg,Hà Nội,-0.2697792500137865,0,-0.35230461944510916,0
2025-02-02 06:00:00+07:00,91.0,7.6,88.0,/dl/web/weather/ic-w-04-scattered-clouds-full.svg,Hà Nội,-0.29261593209468173,0,-0.4743106500657658,0
2025-02-02 07:00:00+07:00,94.0,8.4,86.0,/dl/web/weather/ic-w-04-scattered-clouds-full.svg,Hà Nội,-0.22410588585199595,0,-0.35230461944510916,0
2025-02-02 08:00:00+07:00,85.0,12.4,84.0,/dl/web/weather/ic-w-04-scattered-clouds-full.svg,Hà Nội,-0.4296360245800533,0,0.2577255336581734,0
2025-02-02 09:00:00+07:00,79.0,14.0,82.0,/dl/web/weather/ic-w-04-scattered-clouds-full.svg,Hà Nội,-0.5666561170654248,0,0.5017375948994864,0
2025-02-02 10:00:00+07:00,78.0,14.0,82.0,/dl/web/weather/ic-w-04-scattered-clouds-full.svg,Hà Nội,-0.5894927991463201,0,0.5017375948994864,0
2025-02-02 11:00:00+07:00,75.0,14.0,80.0,/dl/web/weather/ic-w-04-scattered-clouds-full.svg,Hà Nội,-0.6580028453890059,0,0.5017375948994864,0
2025-02-02 12:00:00+07:00,75.0,13.7,78.0,/dl/web/weather/ic-w-04-scattered-clouds-full.svg,Hà Nội,-0.6580028453890059,0,0.4559853334167401,0
2025-02-02 13:00:00+07:00,79.0,13.4,76.0,/dl/web/weather/ic-w-04-scattered-clouds-full.svg,Hà Nội,-0.5666561170654248,0,0.41023307193399405,0
2025-02-02 14:00:00+07:00,89.0,12.7,73.0,/dl/web/weather/ic-w-04-scattered-clouds-full.svg,Hà Nội,-0.33828929625647225,0,0.30347779514091944,0
2025-02-02 15:00:00+07:00,96.0,12.6,72.0,/dl/web/weather/ic-w-04-scattered-clouds-full.svg,Hà Nội,-0.17843252169020543,0,0.28822704131333743,0
2025-02-02 16:00:00+07:00,89.0,17.1,70.0,/dl/web/weather/ic-w-04-scattered-clouds-full.svg,Hà Nội,-0.33828929625647225,0,0.9745109635545306,0
2025-02-02 17:00:00+07:00,85.0,16.9,66.0,/dl/web/weather/ic-w-04-scattered-clouds-full.svg,Hà Nội,-0.4296360245800533,0,0.944009455899366,0
2025-02-02 18:00:00+07:00,82.0,15.9,67.0,/dl/web/weather/ic-w-04-scattered-clouds-full.svg,Hà Nội,-0.4981460708227391,0,0.7915019176235457,0
2025-02-02 19:00:00+07:00,88.0,13.2,70.0,/dl/web/weather/ic-w-04-scattered-clouds-full.svg,Hà Nội,-0.36112597833736754,0,0.37973156427882976,0
2025-02-02 20:00:00+07:00,95.0,13.2,74.0,/dl/web/weather/ic-w-04-scattered-clouds-full.svg,Hà Nội,-0.2012692037711007,0,0.37973156427882976,0
2025-02-02 21:00:00+07:00,108.0,13.5,78.0,/dl/web/weather/ic-w-04-scattered-clouds-full.svg,Hà Nội,0.09560766328053771,0,0.42548382576157606,0
2025-02-02 22:00:00+07:00,112.0,12.4,81.0,/dl/web/weather/ic-w-04-scattered-clouds-full.svg,Hà Nội,0.18695439160411875,0,0.2577255336581734,0
2025-02-02 23:00:00+07:00,103.0,11.7,81.0,/dl/web/weather/ic-w-04-scattered-clouds-full.svg,Hà Nội,-0.018575747123938596,0,0.15097025686509882,0
2025-02-03 00:00:00+07:00,98.0,12.9,79.0,/dl/web/weather/ic-w-04-scattered-clouds-full.svg,Hà Nội,-0.1327591575284149,0,0.33397930279608373,0
2025-02-03 01:00:00+07:00,105.0,16.9,71.0,/dl/web/weather/ic-w-04-scattered-clouds-full.svg,Hà Nội,0.027097617037851927,0,0.944009455899366,0
2025-02-03 02:00:00+07:00,108.0,19.5,66.0,/dl/web/weather/ic-w-04-scattered-clouds-full.svg,Hà Nội,0.09560766328053771,0,1.3405290554165,0
2025-02-03 03:00:00+07:00,88.0,20.1,67.0,/dl/web/weather/ic-w-04-scattered-clouds-full.svg,Hà Nội,-0.36112597833736754,0,1.4320335783819926,0
2025-02-03 04:00:00+07:00,72.0,20.4,70.0,/dl/web/weather/ic-w-04-scattered-clouds-full.svg,Hà Nội,-0.7265128916316917,0,1.4777858398647383,0
2025-02-03 05:00:00+07:00,62.0,21.7,71.0,/dl/web/weather/ic-w-04-scattered-clouds-full.svg,Hà Nội,-0.9548797124406443,0,1.6760456396233052,0
2025-02-03 06:00:00+07:00,57.0,23.2,72.0,/dl/web/weather/ic-w-04-scattered-clouds-full.svg,Hà Nội,-1.0690631228451206,0,1.9048069470370361,0
2025-02-03 07:00:00+07:00,56.0,23.7,72.0,/dl/web/weather/ic-w-04-scattered-clouds-full.svg,Hà Nội,-1.0918998049260158,0,1.9810607161749465,0
2025-02-03 08:00:00+07:00,58.0,23.8,70.0,/dl/web/weather/ic-w-04-scattered-clouds-full.svg,Hà Nội,-1.0462264407642254,0,1.9963114700025288,0
2025-02-03 09:00:00+07:00,55.0,23.8,66.0,/dl/web/weather/ic-w-04-scattered-clouds-full.svg,Hà Nội,-1.1147364870069112,0,1.9963114700025288,0
2025-02-03 10:00:00+07:00,55.0,23.8,66.0,/dl/web/weather/ic-w-04-scattered-clouds-full.svg,Hà Nội,-1.1147364870069112,0,1.9963114700025288,0
2025-02-03 11:00:00+07:00,66.0,24.0,66.0,/dl/web/weather/ic-w-04-scattered-clouds-full.svg,Hà Nội,-0.8635329841170633,0,2.0268129776576926,0
2025-02-03 12:00:00+07:00,66.0,24.0,64.0,/dl/web/weather/ic-w-04-scattered-clouds-full.svg,Hà Nội,-0.8635329841170633,0,2.0268129776576926,0
2025-02-03 13:00:00+07:00,69.0,23.7,61.0,/dl/web/weather/ic-w-04-scattered-clouds-full.svg,Hà Nội,-0.7950229378743775,0,1.9810607161749465,0
2025-02-03 14:00:00+07:00,69.0,22.2,58.0,/dl/web/weather/ic-w-04-scattered-clouds-full.svg,Hà Nội,-0.7950229378743775,0,1.7522994087612156,0
2025-02-03 15:00:00+07:00,65.0,22.5,54.0,/dl/web/weather/ic-w-04-scattered-clouds-full.svg,Hà Nội,-0.8863696661979585,0,1.798051670243962,0
2025-02-03 16:00:00+07:00,62.0,22.5,51.0,/dl/web/weather/ic-w-04-scattered-clouds-full.svg,Hà Nội,-0.9548797124406443,0,1.798051670243962,0
2025-02-03 17:00:00+07:00,62.0,22.7,49.0,/dl/web/weather/ic-w-04-scattered-clouds-full.svg,Hà Nội,-0.9548797124406443,0,1.828553177899126,0
2025-02-03 18:00:00+07:00,66.0,22.9,48.0,/dl/web/weather/ic-w-04-scattered-clouds-full.svg,Hà Nội,-0.8635329841170633,0,1.85905468555429,0
2025-02-03 19:00:00+07:00,73.0,22.9,48.0,/dl/web/weather/ic-w-04-scattered-clouds-full.svg,Hà Nội,-0.7036762095507965,0,1.85905468555429,0
2025-02-03 20:00:00+07:00,73.0,20.4,47.0,/dl/web/weather/ic-w-04-scattered-clouds-full.svg,Hà Nội,-0.7036762095507965,0,1.4777858398647383,0
2025-02-03 21:00:00+07:00,77.0,20.4,47.0,/dl/web/weather/ic-w-04-scattered-clouds-full.svg,Hà Nội,-0.6123294812272154,0,1.4777858398647383,0
2025-02-03 22:00:00+07:00,76.0,18.8,47.0,/dl/web/weather/ic-w-04-scattered-clouds-full.svg,Hà Nội,-0.6351661633081107,0,1.2337737786234255,0
2025-02-03 23:00:00+07:00,79.0,16.6,47.0,/dl/web/weather/ic-w-04-scattered-clouds-full.svg,Hà Nội,-0.5666561170654248,0,0.8982571944166203,0
2025-02-04 00:00:00+07:00,69.0,15.4,47.0,/dl/web/weather/ic-w-04-scattered-clouds-full.svg,Hà Nội,-0.7950229378743775,0,0.7152481484856353,0
2025-02-04 01:00:00+07:00,69.0,15.8,47.0,/dl/web/weather/ic-w-04-scattered-clouds-full.svg,Hà Nội,-0.7950229378743775,0,0.7762511637959637,0
2025-02-04 02:00:00+07:00,71.0,15.3,47.0,/dl/web/weather/ic-w-04-scattered-clouds-full.svg,Hà Nội,-0.7493495737125869,0,0.6999973946580533,0
2025-02-04 03:00:00+07:00,71.0,16.4,49.0,/dl/web/weather/ic-w-04-scattered-clouds-full.svg,Hà Nội,-0.7493495737125869,0,0.8677556867614558,0
2025-02-04 04:00:00+07:00,73.0,17.4,49.0,/dl/web/weather/ic-w-04-scattered-clouds-full.svg,Hà Nội,-0.7036762095507965,0,1.0202632250372763,0
2025-02-04 05:00:00+07:00,73.0,17.1,49.0,/dl/web/weather/ic-w-04-scattered-clouds-full.svg,Hà Nội,-0.7036762095507965,0,0.9745109635545306,0
2025-02-04 06:00:00+07:00,75.0,17.2,49.0,/dl/web/weather/ic-w-04-scattered-clouds-full.svg,Hà Nội,-0.6580028453890059,0,0.9897617173821124,0
2025-02-04 07:00:00+07:00,78.0,17.5,48.0,/dl/web/weather/ic-w-04-scattered-clouds-full.svg,Hà Nội,-0.5894927991463201,0,1.0355139788648586,0
2025-02-04 08:00:00+07:00,85.0,16.1,47.0,/dl/web/weather/ic-w-04-scattered-clouds-full.svg,Hà Nội,-0.4296360245800533,0,0.82200342527871,0
2025-02-04 09:00:00+07:00,82.0,16.7,47.0,/dl/web/weather/ic-w-04-scattered-clouds-full.svg,Hà Nội,-0.4981460708227391,0,0.913507948244202,0
2025-02-04 10:00:00+07:00,84.0,16.7,47.0,/dl/web/weather/ic-w-04-scattered-clouds-full.svg,Hà Nội,-0.4524727066609486,0,0.913507948244202,0
2025-02-04 11:00:00+07:00,85.0,18.8,45.0,/dl/web/weather/ic-w-04-scattered-clouds-full.svg,Hà Nội,-0.4296360245800533,0,1.2337737786234255,0
2025-02-04 12:00:00+07:00,82.0,19.5,43.0,/dl/web/weather/ic-w-04-scattered-clouds-full.svg,Hà Nội,-0.4981460708227391,0,1.3405290554165,0
2025-02-04 13:00:00+07:00,88.0,18.3,40.0,/dl/web/weather/ic-w-04-scattered-clouds-full.svg,Hà Nội,-0.36112597833736754,0,1.1575200094855154,0
2025-02-04 14:00:00+07:00,89.0,16.1,40.0,/dl/web/weather/ic-w-04-scattered-clouds-full.svg,Hà Nội,-0.33828929625647225,0,0.82200342527871,0
2025-02-04 15:00:00+07:00,90.0,14.0,40.0,/dl/web/weather/ic-w-04-scattered-clouds-full.svg,Hà Nội,-0.315452614175577,0,0.5017375948994864,0
2025-02-04 16:00:00+07:00,85.0,13.4,34.0,/dl/web/weather/ic-w-04-scattered-clouds-full.svg,Hà Nội,-0.4296360245800533,0,0.41023307193399405,0
2025-02-04 17:00:00+07:00,88.0,11.3,34.0,/dl/web/weather/ic-w-04-scattered-clouds-full.svg,Hà Nội,-0.36112597833736754,0,0.08996724155477077,0
2025-02-04 18:00:00+07:00,92.0,8.7,36.0,/dl/web/weather/ic-w-04-scattered-clouds-full.svg,Hà Nội,-0.2697792500137865,0,-0.30655235796236313,0
2025-02-04 19:00:00+07:00,105.0,6.3,41.0,/dl/web/weather/ic-w-04-scattered-clouds-full.svg,Hà Nội,0.027097617037851927,0,-0.6725704498243326,0
2025-02-04 20:00:00+07:00,124.0,9.0,49.0,/dl/web/weather/ic-w-11-night-few-clouds-full.svg,Hà Nội,0.4609945765748619,0,-0.2608000964796168,0
2025-02-04 21:00:00+07:00,155.0,9.0,49.0,/dl/web/weather/ic-w-11-night-few-clouds-full.svg,Hà Nội,1.1689317210826151,0,-0.2608000964796168,0
2025-02-04 22:00:00+07:00,158.0,10.0,52.0,/dl/web/weather/ic-w-04-scattered-clouds-full.svg,Hà Nội,1.2374417673253009,0,-0.10829255820379617,0
2025-02-04 23:00:00+07:00,155.0,11.9,58.0,/dl/web/weather/ic-w-04-scattered-clouds-full.svg,Hà Nội,1.1689317210826151,0,0.18147176452026312,0
2025-02-05 00:00:00+07:00,136.0,13.0,66.0,/dl/web/weather/ic-w-04-scattered-clouds-full.svg,Hà Nội,0.735034761545605,0,0.34923005662366574,0
2025-02-05 01:00:00+07:00,123.0,14.2,65.0,/dl/web/weather/ic-w-04-scattered-clouds-full.svg,Hà Nội,0.43815789449396664,0,0.5322391025546505,0
2025-02-05 02:00:00+07:00,126.0,11.1,67.0,/dl/web/weather/ic-w-04-scattered-clouds-full.svg,Hà Nội,0.5066679407366524,0,0.059465733899606486,0
2025-02-05 03:00:00+07:00,128.0,12.2,69.0,/dl/web/weather/ic-w-10-night-clear-sky-full.svg,Hà Nội,0.5523413048984429,0,0.22722402600300914,0
2025-02-05 04:00:00+07:00,132.0,10.0,71.0,/dl/web/weather/ic-w-10-night-clear-sky-full.svg,Hà Nội,0.643688033222024,0,-0.10829255820379617,0
2025-02-05 05:00:00+07:00,139.0,7.9,73.0,/dl/web/weather/ic-w-11-night-few-clouds-full.svg,Hà Nội,0.8035448077882908,0,-0.4285583885830195,0
2025-02-05 06:00:00+07:00,131.0,7.7,73.0,/dl/web/weather/ic-w-11-night-few-clouds-full.svg,Hà Nội,0.6208513511411288,0,-0.4590598962381836,0
2025-02-05 07:00:00+07:00,133.0,6.0,70.0,/dl/web/weather/ic-w-04-scattered-clouds-full.svg,Hà Nội,0.6665247153029192,0,-0.7183227113070787,0
2025-02-05 08:00:00+07:00,153.0,5.5,63.0,/dl/web/weather/ic-w-04-scattered-clouds-full.svg,Hà Nội,1.1232583569208245,0,-0.7945764804449891,0
2025-02-05 09:00:00+07:00,159.0,6.1,61.0,/dl/web/weather/ic-w-04-scattered-clouds-full.svg,Hà Nội,1.260278449406196,0,-0.7030719574794967,0
2025-02-05 10:00:00+07:00,159.0,6.1,61.0,/dl/web/weather/ic-w-04-scattered-clouds-full.svg,Hà Nội,1.260278449406196,0,-0.7030719574794967,0
2025-02-05 11:00:00+07:00,159.0,6.9,58.0,/dl/web/weather/ic-w-04-scattered-clouds-full.svg,Hà Nội,1.260278449406196,0,-0.5810659268588401,0
2025-02-05 12:00:00+07:00,155.0,8.4,56.0,/dl/web/weather/ic-w-04-scattered-clouds-full.svg,Hà Nội,1.1689317210826151,0,-0.35230461944510916,0
2025-02-05 13:00:00+07:00,148.0,8.9,56.0,/dl/web/weather/ic-w-04-scattered-clouds-full.svg,Hà Nội,1.0090749465163482,0,-0.27605085030719884,0
2025-02-05 14:00:00+07:00,153.0,8.2,55.0,/dl/web/weather/ic-w-04-scattered-clouds-full.svg,Hà Nội,1.1232583569208245,0,-0.38280612710027345,0
2025-02-05 15:00:00+07:00,156.0,8.4,63.0,/dl/web/weather/ic-w-04-scattered-clouds-full.svg,Hà Nội,1.1917684031635103,0,-0.35230461944510916,0
2025-02-05 16:00:00+07:00,158.0,7.2,64.0,/dl/web/weather/ic-w-04-scattered-clouds-full.svg,Hà Nội,1.2374417673253009,0,-0.5353136653760939,0
2025-02-05 17:00:00+07:00,161.0,4.5,63.0,/dl/web/weather/ic-w-04-scattered-clouds-full.svg,Hà Nội,1.3059518135679866,0,-0.9470840187208097,0
2025-02-05 18:00:00+07:00,161.0,4.5,64.0,/dl/web/weather/ic-w-04-scattered-clouds-full.svg,Hà Nội,1.3059518135679866,0,-0.9470840187208097,0
2025-02-05 19:00:00+07:00,158.0,7.1,65.0,/dl/web/weather/ic-w-04-scattered-clouds-full.svg,Hà Nội,1.2374417673253009,0,-0.550564419203676,0
2025-02-05 20:00:00+07:00,155.0,10.3,63.0,/dl/web/weather/ic-w-04-scattered-clouds-full.svg,Hà Nội,1.1689317210826151,0,-0.06254029672104987,0
2025-02-05 21:00:00+07:00,162.0,10.3,63.0,/dl/web/weather/ic-w-04-scattered-clouds-full.svg,Hà Nội,1.3287884956488818,0,-0.06254029672104987,0
2025-02-05 22:00:00+07:00,165.0,9.7,59.0,/dl/web/weather/ic-w-04-scattered-clouds-full.svg,Hà Nội,1.3972985418915675,0,-0.15404481968654246,0
2025-02-05 23:00:00+07:00,181.0,7.7,60.0,/dl/web/weather/ic-w-04-scattered-clouds-full.svg,Hà Nội,1.7626854551858917,0,-0.4590598962381836,0
2025-02-06 00:00:00+07:00,196.0,6.3,63.0,/dl/web/weather/ic-w-04-scattered-clouds-full.svg,Hà Nội,2.105235686399321,0,-0.6725704498243326,0
2025-02-06 01:00:00+07:00,204.0,5.1,67.0,/dl/web/weather/ic-w-04-scattered-clouds-full.svg,Hà Nội,2.2879291430464828,0,-0.8555794957553173,0
2025-02-06 02:00:00+07:00,203.0,4.5,70.0,/dl/web/weather/ic-w-04-scattered-clouds-full.svg,Hà Nội,2.2650924609655876,0,-0.9470840187208097,0
2025-02-06 03:00:00+07:00,205.0,5.1,74.0,/dl/web/weather/ic-w-04-scattered-clouds-full.svg,Hà Nội,2.310765825127378,0,-0.8555794957553173,0
2025-02-06 04:00:00+07:00,203.0,4.8,77.0,/dl/web/weather/ic-w-04-scattered-clouds-full.svg,Hà Nội,2.2650924609655876,0,-0.9013317572380636,0
2025-02-06 05:00:00+07:00,197.0,5.6,79.0,/dl/web/weather/ic-w-04-scattered-clouds-full.svg,Hà Nội,2.128072368480216,0,-0.7793257266174071,0
2025-02-06 06:00:00+07:00,194.0,5.8,80.0,/dl/web/weather/ic-w-04-scattered-clouds-full.svg,Hà Nội,2.05956232223753,0,-0.7488242189622429,0
2025-02-06 07:00:00+07:00,189.0,5.5,82.0,/dl/web/weather/ic-w-04-scattered-clouds-full.svg,Hà Nội,1.945378911833054,0,-0.7945764804449891,0
2025-02-06 08:00:00+07:00,175.0,4.8,84.0,/dl/web/weather/ic-w-04-scattered-clouds-full.svg,Hà Nội,1.6256653627005202,0,-0.9013317572380636,0
2025-02-06 09:00:00+07:00,169.0,5.1,84.0,/dl/web/weather/ic-w-04-scattered-clouds-full.svg,Hà Nội,1.4886452702151487,0,-0.8555794957553173,0
2025-02-06 10:00:00+07:00,169.0,5.1,84.0,/dl/web/weather/ic-w-04-scattered-clouds-full.svg,Hà Nội,1.4886452702151487,0,-0.8555794957553173,0
2025-02-06 11:00:00+07:00,165.0,4.8,83.0,/dl/web/weather/ic-w-04-scattered-clouds-full.svg,Hà Nội,1.3972985418915675,0,-0.9013317572380636,0
2025-02-06 12:00:00+07:00,159.0,4.7,81.0,/dl/web/weather/ic-w-04-scattered-clouds-full.svg,Hà Nội,1.260278449406196,0,-0.9165825110656456,0
2025-02-06 13:00:00+07:00,159.0,5.8,79.0,/dl/web/weather/ic-w-04-scattered-clouds-full.svg,Hà Nội,1.260278449406196,0,-0.7488242189622429,0
2025-02-06 14:00:00+07:00,159.0,6.8,78.0,/dl/web/weather/ic-w-04-scattered-clouds-full.svg,Hà Nội,1.260278449406196,0,-0.5963166806864223,0
2025-02-06 15:00:00+07:00,153.0,6.0,75.0,/dl/web/weather/ic-w-04-scattered-clouds-full.svg,Hà Nội,1.1232583569208245,0,-0.7183227113070787,0
2025-02-06 16:00:00+07:00,153.0,6.0,75.0,/dl/web/weather/ic-w-04-scattered-clouds-full.svg,Hà Nội,1.1232583569208245,0,-0.7183227113070787,0
2025-02-06 17:00:00+07:00,156.0,7.1,70.0,/dl/web/weather/ic-w-04-scattered-clouds-full.svg,Hà Nội,1.1917684031635103,0,-0.550564419203676,0
2025-02-06 18:00:00+07:00,155.0,9.3,70.0,/dl/web/weather/ic-w-04-scattered-clouds-full.svg,Hà Nội,1.1689317210826151,0,-0.2150478349968705,0
2025-02-06 19:00:00+07:00,145.0,10.8,71.0,/dl/web/weather/ic-w-04-scattered-clouds-full.svg,Hà Nội,0.9405649002736624,0,0.013713472416860455,0
2025-02-06 20:00:00+07:00,129.0,13.2,79.0,/dl/web/weather/ic-w-04-scattered-clouds-full.svg,Hà Nội,0.5751779869793382,0,0.37973156427882976,0
2025-02-06 21:00:00+07:00,98.0,13.2,79.0,/dl/web/weather/ic-w-04-scattered-clouds-full.svg,Hà Nội,-0.1327591575284149,0,0.37973156427882976,0
2025-02-06 22:00:00+07:00,83.0,11.7,80.0,/dl/web/weather/ic-w-04-scattered-clouds-full.svg,Hà Nội,-0.4753093887418438,0,0.15097025686509882,0
2025-02-06 23:00:00+07:00,73.0,11.6,81.0,/dl/web/weather/ic-w-04-scattered-clouds-full.svg,Hà Nội,-0.7036762095507965,0,0.13571950303751681,0
2025-02-07 00:00:00+07:00,69.0,12.6,81.0,/dl/web/weather/ic-w-04-scattered-clouds-full.svg,Hà Nội,-0.7950229378743775,0,0.28822704131333743,0
2025-02-07 01:00:00+07:00,51.0,13.0,79.0,/dl/web/weather/ic-w-04-scattered-clouds-full.svg,Hà Nội,-1.2060832153304921,0,0.34923005662366574,0
2025-02-07 02:00:00+07:00,44.0,14.0,77.0,/dl/web/weather/ic-w-04-scattered-clouds-full.svg,Hà Nội,-1.365939989896759,0,0.5017375948994864,0
2025-02-07 03:00:00+07:00,44.0,17.9,78.0,/dl/web/weather/ic-w-04-scattered-clouds-full.svg,Hà Nội,-1.365939989896759,0,1.0965169941751867,0
2025-02-07 04:00:00+07:00,43.0,19.6,81.0,/dl/web/weather/ic-w-04-scattered-clouds-full.svg,Hà Nội,-1.3887766719776542,0,1.3557798092440823,0
2025-02-07 05:00:00+07:00,43.0,21.6,80.0,/dl/web/weather/ic-w-04-scattered-clouds-full.svg,Hà Nội,-1.3887766719776542,0,1.6607948857957235,0
2025-02-07 06:00:00+07:00,43.0,22.2,78.0,/dl/web/weather/ic-w-04-scattered-clouds-full.svg,Hà Nội,-1.3887766719776542,0,1.7522994087612156,0
2025-02-07 07:00:00+07:00,45.0,21.2,77.0,/dl/web/weather/ic-w-04-scattered-clouds-full.svg,Hà Nội,-1.3431033078158638,0,1.5997918704853948,0
2025-02-07 08:00:00+07:00,44.0,21.1,74.0,/dl/web/weather/ic-w-04-scattered-clouds-full.svg,Hà Nội,-1.365939989896759,0,1.5845411166578132,0
2025-02-07 09:00:00+07:00,44.0,20.8,72.0,/dl/web/weather/ic-w-04-scattered-clouds-full.svg,Hà Nội,-1.365939989896759,0,1.5387888551750668,0
2025-02-07 10:00:00+07:00,44.0,20.3,72.0,/dl/web/weather/ic-w-04-scattered-clouds-full.svg,Hà Nội,-1.365939989896759,0,1.4625350860371567,0
2025-02-07 11:00:00+07:00,44.0,20.3,72.0,/dl/web/weather/ic-w-04-scattered-clouds-full.svg,Hà Nội,-1.365939989896759,0,1.4625350860371567,0
2025-02-07 12:00:00+07:00,43.0,20.4,70.0,/dl/web/weather/ic-w-04-scattered-clouds-full.svg,Hà Nội,-1.3887766719776542,0,1.4777858398647383,0
2025-02-07 13:00:00+07:00,46.0,20.9,68.0,/dl/web/weather/ic-w-04-scattered-clouds-full.svg,Hà Nội,-1.3202666257349684,0,1.5540396090026487,0
2025-02-07 14:00:00+07:00,43.0,20.9,66.0,/dl/web/weather/ic-w-04-scattered-clouds-full.svg,Hà Nội,-1.3887766719776542,0,1.5540396090026487,0
2025-02-07 15:00:00+07:00,43.0,21.4,65.0,/dl/web/weather/ic-w-04-scattered-clouds-full.svg,Hà Nội,-1.3887766719776542,0,1.6302933781405589,0
2025-02-07 16:00:00+07:00,44.0,20.1,62.0,/dl/web/weather/ic-w-04-scattered-clouds-full.svg,Hà Nội,-1.365939989896759,0,1.4320335783819926,0
2025-02-07 17:00:00+07:00,44.0,19.3,63.0,/dl/web/weather/ic-w-04-scattered-clouds-full.svg,Hà Nội,-1.365939989896759,0,1.310027547761336,0
2025-02-07 18:00:00+07:00,50.0,18.5,64.0,/dl/web/weather/ic-w-04-scattered-clouds-full.svg,Hà Nội,-1.2289198974113875,0,1.1880215171406794,0
2025-02-07 19:00:00+07:00,60.0,18.7,65.0,/dl/web/weather/ic-w-04-scattered-clouds-full.svg,Hà Nội,-1.0005530766024349,0,1.2185230247958434,0
2025-02-07 20:00:00+07:00,64.0,21.1,68.0,/dl/web/weather/ic-w-04-scattered-clouds-full.svg,Hà Nội,-0.9092063482788538,0,1.5845411166578132,0
2025-02-07 21:00:00+07:00,71.0,21.1,68.0,/dl/web/weather/ic-w-04-scattered-clouds-full.svg,Hà Nội,-0.7493495737125869,0,1.5845411166578132,0
2025-02-07 22:00:00+07:00,69.0,20.6,66.0,/dl/web/weather/ic-w-04-scattered-clouds-full.svg,Hà Nội,-0.7950229378743775,0,1.5082873475199028,0
2025-02-07 23:00:00+07:00,65.0,20.4,68.0,/dl/web/weather/ic-w-04-scattered-clouds-full.svg,Hà Nội,-0.8863696661979585,0,1.4777858398647383,0
2025-02-08 00:00:00+07:00,56.0,20.1,67.0,/dl/web/weather/ic-w-04-scattered-clouds-full.svg,Hà Nội,-1.0918998049260158,0,1.4320335783819926,0
2025-02-08 01:00:00+07:00,55.0,20.1,67.0,/dl/web/weather/ic-w-04-scattered-clouds-full.svg,Hà Nội,-1.1147364870069112,0,1.4320335783819926,0
2025-02-08 02:00:00+07:00,57.0,20.0,67.0,/dl/web/weather/ic-w-04-scattered-clouds-full.svg,Hà Nội,-1.0690631228451206,0,1.4167828245544103,0
2025-02-08 03:00:00+07:00,55.0,18.0,68.0,/dl/web/weather/ic-w-04-scattered-clouds-full.svg,Hà Nội,-1.1147364870069112,0,1.111767748002769,0
2025-02-08 04:00:00+07:00,53.0,18.2,67.0,/dl/web/weather/ic-w-04-scattered-clouds-full.svg,Hà Nội,-1.1604098511687018,0,1.142269255657933,0
2025-02-08 05:00:00+07:00,44.0,19.8,66.0,/dl/web/weather/ic-w-04-scattered-clouds-full.svg,Hà Nội,-1.365939989896759,0,1.3862813168992463,0
2025-02-08 06:00:00+07:00,43.0,20.4,69.0,/dl/web/weather/ic-w-04-scattered-clouds-full.svg,Hà Nội,-1.3887766719776542,0,1.4777858398647383,0
2025-02-08 07:00:00+07:00,42.0,19.6,67.0,/dl/web/weather/ic-w-04-scattered-clouds-full.svg,Hà Nội,-1.4116133540585496,0,1.3557798092440823,0
2025-02-08 08:00:00+07:00,46.0,19.6,68.0,/dl/web/weather/ic-w-04-scattered-clouds-full.svg,Hà Nội,-1.3202666257349684,0,1.3557798092440823,0
2025-02-08 09:00:00+07:00,52.0,20.8,63.0,/dl/web/weather/ic-w-04-scattered-clouds-full.svg,Hà Nội,-1.183246533249597,0,1.5387888551750668,0
2025-02-08 10:00:00+07:00,52.0,20.8,63.0,/dl/web/weather/ic-w-04-scattered-clouds-full.svg,Hà Nội,-1.183246533249597,0,1.5387888551750668,0
2025-02-08 11:00:00+07:00,53.0,21.6,59.0,/dl/web/weather/ic-w-04-scattered-clouds-full.svg,Hà Nội,-1.1604098511687018,0,1.6607948857957235,0
2025-02-08 12:00:00+07:00,55.0,21.4,58.0,/dl/web/weather/ic-w-04-scattered-clouds-full.svg,Hà Nội,-1.1147364870069112,0,1.6302933781405589,0
2025-02-08 13:00:00+07:00,58.0,20.4,56.0,/dl/web/weather/ic-w-04-scattered-clouds-full.svg,Hà Nội,-1.0462264407642254,0,1.4777858398647383,0
2025-02-08 14:00:00+07:00,66.0,20.1,55.0,/dl/web/weather/ic-w-04-scattered-clouds-full.svg,Hà Nội,-0.8635329841170633,0,1.4320335783819926,0
2025-02-08 15:00:00+07:00,66.0,19.8,54.0,/dl/web/weather/ic-w-04-scattered-clouds-full.svg,Hà Nội,-0.8635329841170633,0,1.3862813168992463,0
2025-02-08 16:00:00+07:00,71.0,18.2,51.0,/dl/web/weather/ic-w-04-scattered-clouds-full.svg,Hà Nội,-0.7493495737125869,0,1.142269255657933,0
2025-02-08 17:00:00+07:00,73.0,16.6,52.0,/dl/web/weather/ic-w-04-scattered-clouds-full.svg,Hà Nội,-0.7036762095507965,0,0.8982571944166203,0
2025-02-08 18:00:00+07:00,79.0,14.8,52.0,/dl/web/weather/ic-w-04-scattered-clouds-full.svg,Hà Nội,-0.5666561170654248,0,0.6237436255201431,0
2025-02-08 19:00:00+07:00,87.0,13.0,54.0,/dl/web/weather/ic-w-04-scattered-clouds-full.svg,Hà Nội,-0.38396266041826277,0,0.34923005662366574,0
2025-02-08 20:00:00+07:00,94.0,12.1,55.0,/dl/web/weather/ic-w-04-scattered-clouds-full.svg,Hà Nội,-0.22410588585199595,0,0.21197327217542714,0
2025-02-08 21:00:00+07:00,107.0,12.6,53.0,/dl/web/weather/ic-w-04-scattered-clouds-full.svg,Hà Nội,0.07277098119964245,0,0.28822704131333743,0
2025-02-08 22:00:00+07:00,115.0,12.1,53.0,/dl/web/weather/ic-w-04-scattered-clouds-full.svg,Hà Nội,0.25546443784680456,0,0.21197327217542714,0
2025-02-08 23:00:00+07:00,103.0,11.9,53.0,/dl/web/weather/ic-w-04-scattered-clouds-full.svg,Hà Nội,-0.018575747123938596,0,0.18147176452026312,0
2025-02-09 00:00:00+07:00,110.0,12.1,53.0,/dl/web/weather/ic-w-04-scattered-clouds-full.svg,Hà Nội,0.14128102744232823,0,0.21197327217542714,0
2025-02-09 01:00:00+07:00,117.0,11.3,53.0,/dl/web/weather/ic-w-04-scattered-clouds-full.svg,Hà Nội,0.3011378020085951,0,0.08996724155477077,0
2025-02-09 02:00:00+07:00,117.0,12.2,54.0,/dl/web/weather/ic-w-04-scattered-clouds-full.svg,Hà Nội,0.3011378020085951,0,0.22722402600300914,0
2025-02-09 03:00:00+07:00,119.0,12.1,53.0,/dl/web/weather/ic-w-04-scattered-clouds-full.svg,Hà Nội,0.3468111661703856,0,0.21197327217542714,0
2025-02-09 04:00:00+07:00,115.0,13.0,57.0,/dl/web/weather/ic-w-04-scattered-clouds-full.svg,Hà Nội,0.25546443784680456,0,0.34923005662366574,0
2025-02-09 05:00:00+07:00,112.0,14.6,57.0,/dl/web/weather/ic-w-04-scattered-clouds-full.svg,Hà Nội,0.18695439160411875,0,0.5932421178649787,0
2025-02-09 06:00:00+07:00,119.0,14.2,57.0,/dl/web/weather/ic-w-04-scattered-clouds-full.svg,Hà Nội,0.3468111661703856,0,0.5322391025546505,0
2025-02-09 07:00:00+07:00,112.0,12.4,56.0,/dl/web/weather/ic-w-04-scattered-clouds-full.svg,Hà Nội,0.18695439160411875,0,0.2577255336581734,0
2025-02-09 08:00:00+07:00,107.0,12.7,55.0,/dl/web/weather/ic-w-04-scattered-clouds-full.svg,Hà Nội,0.07277098119964245,0,0.30347779514091944,0
2025-02-09 09:00:00+07:00,108.0,13.2,54.0,/dl/web/weather/ic-w-04-scattered-clouds-full.svg,Hà Nội,0.09560766328053771,0,0.37973156427882976,0
2025-02-09 10:00:00+07:00,124.0,10.9,53.0,/dl/web/weather/ic-w-04-scattered-clouds-full.svg,Hà Nội,0.4609945765748619,0,0.028964226244442465,0
2025-02-09 11:00:00+07:00,121.0,10.9,53.0,/dl/web/weather/ic-w-04-scattered-clouds-full.svg,Hà Nội,0.3924845303321761,0,0.028964226244442465,0
2025-02-09 12:00:00+07:00,124.0,9.8,52.0,/dl/web/weather/ic-w-04-scattered-clouds-full.svg,Hà Nội,0.4609945765748619,0,-0.13879406585896018,0
2025-02-09 13:00:00+07:00,124.0,8.4,50.0,/dl/web/weather/ic-w-04-scattered-clouds-full.svg,Hà Nội,0.4609945765748619,0,-0.35230461944510916,0
2025-02-09 14:00:00+07:00,132.0,6.9,49.0,/dl/web/weather/ic-w-04-scattered-clouds-full.svg,Hà Nội,0.643688033222024,0,-0.5810659268588401,0
2025-02-09 15:00:00+07:00,132.0,7.6,48.0,/dl/web/weather/ic-w-04-scattered-clouds-full.svg,Hà Nội,0.643688033222024,0,-0.4743106500657658,0
2025-02-09 16:00:00+07:00,132.0,6.3,46.0,/dl/web/weather/ic-w-04-scattered-clouds-full.svg,Hà Nội,0.643688033222024,0,-0.6725704498243326,0
2025-02-09 17:00:00+07:00,122.0,5.8,45.0,/dl/web/weather/ic-w-04-scattered-clouds-full.svg,Hà Nội,0.41532121241307135,0,-0.7488242189622429,0
2025-02-09 18:00:00+07:00,132.0,4.5,47.0,/dl/web/weather/ic-w-04-scattered-clouds-full.svg,Hà Nội,0.643688033222024,0,-0.9470840187208097,0
2025-02-09 19:00:00+07:00,147.0,5.1,50.0,/dl/web/weather/ic-w-04-scattered-clouds-full.svg,Hà Nội,0.9862382644354529,0,-0.8555794957553173,0
2025-02-09 20:00:00+07:00,155.0,7.1,51.0,/dl/web/weather/ic-w-04-scattered-clouds-full.svg,Hà Nội,1.1689317210826151,0,-0.550564419203676,0
2025-02-09 21:00:00+07:00,157.0,7.9,50.0,/dl/web/weather/ic-w-10-night-clear-sky-full.svg,Hà Nội,1.2146050852444055,0,-0.4285583885830195,0
2025-02-09 22:00:00+07:00,157.0,6.9,52.0,/dl/web/weather/ic-w-10-night-clear-sky-full.svg,Hà Nội,1.2146050852444055,0,-0.5810659268588401,0
2025-02-09 23:00:00+07:00,162.0,5.6,53.0,/dl/web/weather/ic-w-10-night-clear-sky-full.svg,Hà Nội,1.3287884956488818,0,-0.7793257266174071,0
2025-02-10 00:00:00+07:00,162.0,5.1,54.0,/dl/web/weather/ic-w-10-night-clear-sky-full.svg,Hà Nội,1.3287884956488818,0,-0.8555794957553173,0
2025-02-10 01:00:00+07:00,165.0,6.0,57.0,/dl/web/weather/ic-w-10-night-clear-sky-full.svg,Hà Nội,1.3972985418915675,0,-0.7183227113070787,0
2025-02-10 02:00:00+07:00,167.0,5.6,59.0,/dl/web/weather/ic-w-10-night-clear-sky-full.svg,Hà Nội,1.4429719060533581,0,-0.7793257266174071,0
2025-02-10 03:00:00+07:00,170.0,4.8,63.0,/dl/web/weather/ic-w-10-night-clear-sky-full.svg,Hà Nội,1.5114819522960439,0,-0.9013317572380636,0
2025-02-10 04:00:00+07:00,171.0,3.4,66.0,/dl/web/weather/ic-w-10-night-clear-sky-full.svg,Hà Nội,1.5343186343769393,0,-1.1148423108242123,0
2025-02-10 05:00:00+07:00,172.0,4.8,69.0,/dl/web/weather/ic-w-11-night-few-clouds-full.svg,Hà Nội,1.5571553164578344,0,-0.9013317572380636,0
2025-02-10 06:00:00+07:00,160.0,5.0,71.0,/dl/web/weather/ic-w-11-night-few-clouds-full.svg,Hà Nội,1.2831151314870912,0,-0.8708302495828993,0
2025-02-10 07:00:00+07:00,169.0,2.7,70.0,/dl/web/weather/ic-w-04-scattered-clouds-full.svg,Hà Nội,1.4886452702151487,0,-1.2215975876172869,0
2025-02-10 08:00:00+07:00,177.0,4.2,66.0,/dl/web/weather/ic-w-04-scattered-clouds-full.svg,Hà Nội,1.6713387268623108,0,-0.9928362802035559,0
2025-02-10 09:00:00+07:00,187.0,3.9,63.0,/dl/web/weather/ic-w-04-scattered-clouds-full.svg,Hà Nội,1.8997055476712634,0,-1.038588541686302,0
2025-02-10 10:00:00+07:00,179.0,3.9,63.0,/dl/web/weather/ic-w-04-scattered-clouds-full.svg,Hà Nội,1.7170120910241014,0,-1.038588541686302,0
2025-02-10 11:00:00+07:00,189.0,2.4,61.0,/dl/web/weather/ic-w-04-scattered-clouds-full.svg,Hà Nội,1.945378911833054,0,-1.267349849100033,0
2025-02-10 12:00:00+07:00,189.0,1.4,59.0,/dl/web/weather/ic-w-04-scattered-clouds-full.svg,Hà Nội,1.945378911833054,0,-1.4198573873758535,0
2025-02-10 13:00:00+07:00,184.0,2.9,57.0,/dl/web/weather/ic-w-04-scattered-clouds-full.svg,Hà Nội,1.8311955014285777,0,-1.1910960799621226,0
2025-02-10 14:00:00+07:00,184.0,7.6,55.0,/dl/web/weather/ic-w-04-scattered-clouds-full.svg,Hà Nội,1.8311955014285777,0,-0.4743106500657658,0
2025-02-10 15:00:00+07:00,192.0,7.7,55.0,/dl/web/weather/ic-w-04-scattered-clouds-full.svg,Hà Nội,2.0138889580757398,0,-0.4590598962381836,0
2025-02-10 16:00:00+07:00,194.0,8.4,53.0,/dl/web/weather/ic-w-04-scattered-clouds-full.svg,Hà Nội,2.05956232223753,0,-0.35230461944510916,0
2025-02-10 17:00:00+07:00,194.0,10.5,55.0,/dl/web/weather/ic-w-04-scattered-clouds-full.svg,Hà Nội,2.05956232223753,0,-0.03203878906588584,0
2025-02-10 18:00:00+07:00,195.0,14.0,60.0,/dl/web/weather/ic-w-04-scattered-clouds-full.svg,Hà Nội,2.0823990043184253,0,0.5017375948994864,0
2025-02-10 19:00:00+07:00,193.0,13.4,65.0,/dl/web/weather/ic-w-04-scattered-clouds-full.svg,Hà Nội,2.036725640156635,0,0.41023307193399405,0
2025-02-10 20:00:00+07:00,185.0,9.7,66.0,/dl/web/weather/ic-w-04-scattered-clouds-full.svg,Hà Nội,1.8540321835094729,0,-0.15404481968654246,0
2025-02-10 21:00:00+07:00,188.0,9.7,66.0,/dl/web/weather/ic-w-04-scattered-clouds-full.svg,Hà Nội,1.9225422297521586,0,-0.15404481968654246,0
2025-02-10 22:00:00+07:00,198.0,7.9,66.0,/dl/web/weather/ic-w-04-scattered-clouds-full.svg,Hà Nội,2.1509090505611113,0,-0.4285583885830195,0
2025-02-10 23:00:00+07:00,208.0,6.9,67.0,/dl/web/weather/ic-w-04-scattered-clouds-full.svg,Hà Nội,2.379275871370064,0,-0.5810659268588401,0
2025-02-11 00:00:00+07:00,208.0,6.9,69.0,/dl/web/weather/ic-w-04-scattered-clouds-full.svg,Hà Nội,2.379275871370064,0,-0.5810659268588401,0
2025-02-11 01:00:00+07:00,213.0,6.9,72.0,/dl/web/weather/ic-w-04-scattered-clouds-full.svg,Hà Nội,2.4934592817745402,0,-0.5810659268588401,0
2025-02-11 02:00:00+07:00,221.0,6.3,75.0,/dl/web/weather/ic-w-04-scattered-clouds-full.svg,Hà Nội,2.676152738421702,0,-0.6725704498243326,0
2025-02-11 03:00:00+07:00,228.0,6.1,77.0,/dl/web/weather/ic-w-04-scattered-clouds-full.svg,Hà Nội,2.836009512987969,0,-0.7030719574794967,0
2025-02-11 04:00:00+07:00,222.0,5.5,79.0,/dl/web/weather/ic-w-04-scattered-clouds-full.svg,Hà Nội,2.6989894205025977,0,-0.7945764804449891,0
2025-02-11 05:00:00+07:00,217.0,4.0,80.0,/dl/web/weather/ic-w-04-scattered-clouds-full.svg,Hà Nội,2.5848060100981214,0,-1.02333778785872,0
2025-02-11 06:00:00+07:00,215.0,2.6,81.0,/dl/web/weather/ic-w-04-scattered-clouds-full.svg,Hà Nội,2.5391326459363306,0,-1.236848341444869,0
2025-02-11 07:00:00+07:00,217.0,2.6,82.0,/dl/web/weather/ic-w-04-scattered-clouds-full.svg,Hà Nội,2.5848060100981214,0,-1.236848341444869,0
2025-02-11 08:00:00+07:00,222.0,2.4,80.0,/dl/web/weather/ic-w-04-scattered-clouds-full.svg,Hà Nội,2.6989894205025977,0,-1.267349849100033,0
2025-02-11 09:00:00+07:00,226.0,4.5,78.0,/dl/web/weather/ic-w-04-scattered-clouds-full.svg,Hà Nội,2.7903361488261784,0,-0.9470840187208097,0
2025-02-11 10:00:00+07:00,227.0,4.5,75.0,/dl/web/weather/ic-w-04-scattered-clouds-full.svg,Hà Nội,2.813172830907074,0,-0.9470840187208097,0
2025-02-11 11:00:00+07:00,233.0,4.5,75.0,/dl/web/weather/ic-w-04-scattered-clouds-full.svg,Hà Nội,2.9501929233924455,0,-0.9470840187208097,0
2025-02-11 12:00:00+07:00,234.0,5.5,73.0,/dl/web/weather/ic-w-04-scattered-clouds-full.svg,Hà Nội,2.9730296054733407,0,-0.7945764804449891,0
2025-02-11 13:00:00+07:00,221.0,5.8,72.0,/dl/web/weather/ic-w-04-scattered-clouds-full.svg,Hà Nội,2.676152738421702,0,-0.7488242189622429,0
2025-02-11 14:00:00+07:00,211.0,5.6,68.0,/dl/web/weather/ic-w-04-scattered-clouds-full.svg,Hà Nội,2.4477859176127494,0,-0.7793257266174071,0
2025-02-11 15:00:00+07:00,191.0,4.0,65.0,/dl/web/weather/ic-w-04-scattered-clouds-full.svg,Hà Nội,1.9910522759948444,0,-1.02333778785872,0
2025-02-11 16:00:00+07:00,184.0,6.9,58.0,/dl/web/weather/ic-w-04-scattered-clouds-full.svg,Hà Nội,1.8311955014285777,0,-0.5810659268588401,0
2025-02-11 17:00:00+07:00,174.0,6.3,54.0,/dl/web/weather/ic-w-04-scattered-clouds-full.svg,Hà Nội,1.602828680619625,0,-0.6725704498243326,0
2025-02-11 18:00:00+07:00,176.0,7.4,52.0,/dl/web/weather/ic-w-04-scattered-clouds-full.svg,Hà Nội,1.6485020447814156,0,-0.5048121577209298,0
2025-02-11 19:00:00+07:00,173.0,11.3,61.0,/dl/web/weather/ic-w-04-scattered-clouds-full.svg,Hà Nội,1.5799919985387296,0,0.08996724155477077,0
2025-02-11 20:00:00+07:00,166.0,18.5,78.0,/dl/web/weather/ic-w-10-night-clear-sky-full.svg,Hà Nội,1.420135223972463,0,1.1880215171406794,0
2025-02-11 21:00:00+07:00,165.0,18.5,78.0,/dl/web/weather/ic-w-10-night-clear-sky-full.svg,Hà Nội,1.3972985418915675,0,1.1880215171406794,0
2025-02-11 22:00:00+07:00,157.0,16.3,81.0,/dl/web/weather/ic-w-10-night-clear-sky-full.svg,Hà Nội,1.2146050852444055,0,0.852504932933874,0
2025-02-11 23:00:00+07:00,157.0,15.8,83.0,/dl/web/weather/ic-w-10-night-clear-sky-full.svg,Hà Nội,1.2146050852444055,0,0.7762511637959637,0
2025-02-12 00:00:00+07:00,159.0,15.0,84.0,/dl/web/weather/ic-w-10-night-clear-sky-full.svg,Hà Nội,1.260278449406196,0,0.6542451331753071,0
2025-02-12 01:00:00+07:00,166.0,12.7,84.0,/dl/web/weather/ic-w-04-scattered-clouds-full.svg,Hà Nội,1.420135223972463,0,0.30347779514091944,0
2025-02-12 02:00:00+07:00,164.0,10.3,85.0,/dl/web/weather/ic-w-04-scattered-clouds-full.svg,Hà Nội,1.3744618598106724,0,-0.06254029672104987,0
2025-02-12 03:00:00+07:00,159.0,8.9,86.0,/dl/web/weather/ic-w-04-scattered-clouds-full.svg,Hà Nội,1.260278449406196,0,-0.27605085030719884,0
2025-02-12 04:00:00+07:00,156.0,8.4,88.0,/dl/web/weather/ic-w-04-scattered-clouds-full.svg,Hà Nội,1.1917684031635103,0,-0.35230461944510916,0
2025-02-12 05:00:00+07:00,165.0,6.6,89.0,/dl/web/weather/ic-w-04-scattered-clouds-full.svg,Hà Nội,1.3972985418915675,0,-0.6268181883415864,0
2025-02-12 06:00:00+07:00,172.0,6.4,90.0,/dl/web/weather/ic-w-04-scattered-clouds-full.svg,Hà Nội,1.5571553164578344,0,-0.6573196959967504,0
2025-02-12 07:00:00+07:00,237.0,5.3,91.0,/dl/web/weather/ic-w-04-scattered-clouds-full.svg,Hà Nội,3.0415396517160262,-1,-0.8250779881001532,0
2025-02-12 08:00:00+07:00,247.0,6.0,91.0,/dl/web/weather/ic-w-04-scattered-clouds-full.svg,Hà Nội,3.269906472524979,-1,-0.7183227113070787,0
2025-02-12 09:00:00+07:00,240.0,5.6,90.0,/dl/web/weather/ic-w-04-scattered-clouds-full.svg,Hà Nội,3.1100496979587122,-1,-0.7793257266174071,0
2025-02-12 10:00:00+07:00,240.0,5.6,90.0,/dl/web/weather/ic-w-04-scattered-clouds-full.svg,Hà Nội,3.1100496979587122,-1,-0.7793257266174071,0
2025-02-12 11:00:00+07:00,235.0,3.4,88.0,/dl/web/weather/ic-w-04-scattered-clouds-full.svg,Hà Nội,2.995866287554236,0,-1.1148423108242123,0
2025-02-12 12:00:00+07:00,228.0,0.8,84.0,/dl/web/weather/ic-w-04-scattered-clouds-full.svg,Hà Nội,2.836009512987969,0,-1.511361910341346,0
2025-02-12 13:00:00+07:00,224.0,4.0,82.0,/dl/web/weather/ic-w-04-scattered-clouds-full.svg,Hà Nội,2.744662784664388,0,-1.02333778785872,0
2025-02-12 14:00:00+07:00,212.0,7.2,79.0,/dl/web/weather/ic-w-04-scattered-clouds-full.svg,Hà Nội,2.470622599693645,0,-0.5353136653760939,0
2025-02-12 15:00:00+07:00,198.0,3.2,63.0,/dl/web/weather/ic-w-04-scattered-clouds-full.svg,Hà Nội,2.1509090505611113,0,-1.1453438184793765,0
2025-02-12 16:00:00+07:00,192.0,4.0,60.0,/dl/web/weather/ic-w-04-scattered-clouds-full.svg,Hà Nội,2.0138889580757398,0,-1.02333778785872,0
2025-02-12 17:00:00+07:00,183.0,3.4,59.0,/dl/web/weather/ic-w-04-scattered-clouds-full.svg,Hà Nội,1.8083588193476823,0,-1.1148423108242123,0
2025-02-12 18:00:00+07:00,182.0,1.3,59.0,/dl/web/weather/ic-w-04-scattered-clouds-full.svg,Hà Nội,1.785522137266787,0,-1.4351081412034357,0
2025-02-12 19:00:00+07:00,185.0,2.9,61.0,/dl/web/weather/ic-w-04-scattered-clouds-full.svg,Hà Nội,1.8540321835094729,0,-1.1910960799621226,0
2025-02-12 20:00:00+07:00,190.0,3.1,65.0,/dl/web/weather/ic-w-04-scattered-clouds-full.svg,Hà Nội,1.9682155939139492,0,-1.1605945723069586,0
2025-02-12 21:00:00+07:00,199.0,3.1,65.0,/dl/web/weather/ic-w-04-scattered-clouds-full.svg,Hà Nội,2.1737457326420064,0,-1.1605945723069586,0
2025-02-12 22:00:00+07:00,203.0,7.6,68.0,/dl/web/weather/ic-w-04-scattered-clouds-full.svg,Hà Nội,2.2650924609655876,0,-0.4743106500657658,0
2025-02-12 23:00:00+07:00,204.0,12.2,73.0,/dl/web/weather/ic-w-04-scattered-clouds-full.svg,Hà Nội,2.2879291430464828,0,0.22722402600300914,0
2025-02-13 00:00:00+07:00,196.0,12.4,77.0,/dl/web/weather/ic-w-04-scattered-clouds-full.svg,Hà Nội,2.105235686399321,0,0.2577255336581734,0
2025-02-13 01:00:00+07:00,196.0,10.6,78.0,/dl/web/weather/ic-w-04-scattered-clouds-full.svg,Hà Nội,2.105235686399321,0,-0.016788035238303835,0
2025-02-13 02:00:00+07:00,191.0,10.0,80.0,/dl/web/weather/ic-w-04-scattered-clouds-full.svg,Hà Nội,1.9910522759948444,0,-0.10829255820379617,0
2025-02-13 03:00:00+07:00,190.0,2.9,82.0,/dl/web/weather/ic-w-04-scattered-clouds-full.svg,Hà Nội,1.9682155939139492,0,-1.1910960799621226,0
2025-02-13 04:00:00+07:00,189.0,2.6,83.0,/dl/web/weather/ic-w-04-scattered-clouds-full.svg,Hà Nội,1.945378911833054,0,-1.236848341444869,0
2025-02-13 05:00:00+07:00,192.0,2.7,83.0,/dl/web/weather/ic-w-04-scattered-clouds-full.svg,Hà Nội,2.0138889580757398,0,-1.2215975876172869,0
2025-02-13 06:00:00+07:00,187.0,5.3,82.0,/dl/web/weather/ic-w-04-scattered-clouds-full.svg,Hà Nội,1.8997055476712634,0,-0.8250779881001532,0
2025-02-13 08:00:00+07:00,199.0,13.7,68.0,/dl/web/weather/ic-w-04-scattered-clouds-full.svg,Hà Nội,2.1737457326420064,0,0.4559853334167401,0
2025-02-13 09:00:00+07:00,195.0,12.6,64.0,/dl/web/weather/ic-w-04-scattered-clouds-full.svg,Hà Nội,2.0823990043184253,0,0.28822704131333743,0
2025-02-13 10:00:00+07:00,195.0,12.6,64.0,/dl/web/weather/ic-w-04-scattered-clouds-full.svg,Hà Nội,2.0823990043184253,0,0.28822704131333743,0
2025-02-13 11:00:00+07:00,198.0,10.3,61.0,/dl/web/weather/ic-w-04-scattered-clouds-full.svg,Hà Nội,2.1509090505611113,0,-0.06254029672104987,0
2025-02-13 12:00:00+07:00,179.0,9.2,60.0,/dl/web/weather/ic-w-04-scattered-clouds-full.svg,Hà Nội,1.7170120910241014,0,-0.23029858882445278,0
2025-02-13 13:00:00+07:00,157.0,8.7,57.0,/dl/web/weather/ic-w-04-scattered-clouds-full.svg,Hà Nội,1.2146050852444055,0,-0.30655235796236313,0
2025-02-13 14:00:00+07:00,154.0,8.7,57.0,/dl/web/weather/ic-w-04-scattered-clouds-full.svg,Hà Nội,1.1460950390017197,0,-0.30655235796236313,0
2025-02-13 15:00:00+07:00,158.0,10.5,55.0,/dl/web/weather/ic-w-04-scattered-clouds-full.svg,Hà Nội,1.2374417673253009,0,-0.03203878906588584,0
2025-02-13 16:00:00+07:00,145.0,11.3,55.0,/dl/web/weather/ic-w-04-scattered-clouds-full.svg,Hà Nội,0.9405649002736624,0,0.08996724155477077,0
2025-02-13 17:00:00+07:00,132.0,13.7,56.0,/dl/web/weather/ic-w-04-scattered-clouds-full.svg,Hà Nội,0.643688033222024,0,0.4559853334167401,0
2025-02-13 18:00:00+07:00,123.0,16.4,58.0,/dl/web/weather/ic-w-04-scattered-clouds-full.svg,Hà Nội,0.43815789449396664,0,0.8677556867614558,0
2025-02-13 19:00:00+07:00,134.0,18.3,63.0,/dl/web/weather/ic-w-04-scattered-clouds-full.svg,Hà Nội,0.6893613973838145,0,1.1575200094855154,0
2025-02-13 20:00:00+07:00,139.0,16.7,63.0,/dl/web/weather/ic-w-04-scattered-clouds-full.svg,Hà Nội,0.8035448077882908,0,0.913507948244202,0
2025-02-13 21:00:00+07:00,153.0,16.7,63.0,/dl/web/weather/ic-w-04-scattered-clouds-full.svg,Hà Nội,1.1232583569208245,0,0.913507948244202,0
2025-02-13 22:00:00+07:00,160.0,14.3,64.0,/dl/web/weather/ic-w-04-scattered-clouds-full.svg,Hà Nội,1.2831151314870912,0,0.5474898563822327,0
2025-02-13 23:00:00+07:00,159.0,12.4,67.0,/dl/web/weather/ic-w-04-scattered-clouds-full.svg,Hà Nội,1.260278449406196,0,0.2577255336581734,0
2025-02-14 00:00:00+07:00,157.0,12.9,71.0,/dl/web/weather/ic-w-04-scattered-clouds-full.svg,Hà Nội,1.2146050852444055,0,0.33397930279608373,0
2025-02-14 01:00:00+07:00,155.0,12.6,75.0,/dl/web/weather/ic-w-04-scattered-clouds-full.svg,Hà Nội,1.1689317210826151,0,0.28822704131333743,0
2025-02-14 02:00:00+07:00,156.0,13.5,74.0,/dl/web/weather/ic-w-04-scattered-clouds-full.svg,Hà Nội,1.1917684031635103,0,0.42548382576157606,0
2025-02-14 03:00:00+07:00,159.0,12.1,76.0,/dl/web/weather/ic-w-04-scattered-clouds-full.svg,Hà Nội,1.260278449406196,0,0.21197327217542714,0
2025-02-14 04:00:00+07:00,158.0,11.4,77.0,/dl/web/weather/ic-w-04-scattered-clouds-full.svg,Hà Nội,1.2374417673253009,0,0.10521799538235278,0
2025-02-14 05:00:00+07:00,159.0,10.6,78.0,/dl/web/weather/ic-w-04-scattered-clouds-full.svg,Hà Nội,1.260278449406196,0,-0.016788035238303835,0
2025-02-14 06:00:00+07:00,158.0,10.0,78.0,/dl/web/weather/ic-w-04-scattered-clouds-full.svg,Hà Nội,1.2374417673253009,0,-0.10829255820379617,0
2025-02-14 07:00:00+07:00,162.0,10.9,76.0,/dl/web/weather/ic-w-04-scattered-clouds-full.svg,Hà Nội,1.3287884956488818,0,0.028964226244442465,0
2025-02-14 08:00:00+07:00,160.0,13.4,73.0,/dl/web/weather/ic-w-04-scattered-clouds-full.svg,Hà Nội,1.2831151314870912,0,0.41023307193399405,0
2025-02-14 09:00:00+07:00,162.0,13.5,74.0,/dl/web/weather/ic-w-04-scattered-clouds-full.svg,Hà Nội,1.3287884956488818,0,0.42548382576157606,0
2025-02-14 10:00:00+07:00,162.0,14.0,74.0,/dl/web/weather/ic-w-04-scattered-clouds-full.svg,Hà Nội,1.3287884956488818,0,0.5017375948994864,0
2025-02-14 11:00:00+07:00,171.0,14.0,74.0,/dl/web/weather/ic-w-04-scattered-clouds-full.svg,Hà Nội,1.5343186343769393,0,0.5017375948994864,0
2025-02-14 12:00:00+07:00,174.0,14.0,75.0,/dl/web/weather/ic-w-04-scattered-clouds-full.svg,Hà Nội,1.602828680619625,0,0.5017375948994864,0
2025-02-14 13:00:00+07:00,175.0,13.0,77.0,/dl/web/weather/ic-w-04-scattered-clouds-full.svg,Hà Nội,1.6256653627005202,0,0.34923005662366574,0
2025-02-14 14:00:00+07:00,176.0,12.4,74.0,/dl/web/weather/ic-w-04-scattered-clouds-full.svg,Hà Nội,1.6485020447814156,0,0.2577255336581734,0
2025-02-14 15:00:00+07:00,169.0,12.4,70.0,/dl/web/weather/ic-w-04-scattered-clouds-full.svg,Hà Nội,1.4886452702151487,0,0.2577255336581734,0
2025-02-14 16:00:00+07:00,166.0,12.9,66.0,/dl/web/weather/ic-w-04-scattered-clouds-full.svg,Hà Nội,1.420135223972463,0,0.33397930279608373,0
2025-02-14 17:00:00+07:00,176.0,15.8,64.0,/dl/web/weather/ic-w-04-scattered-clouds-full.svg,Hà Nội,1.6485020447814156,0,0.7762511637959637,0
2025-02-14 18:00:00+07:00,155.0,15.9,64.0,/dl/web/weather/ic-w-04-scattered-clouds-full.svg,Hà Nội,1.1689317210826151,0,0.7915019176235457,0
2025-02-14 19:00:00+07:00,148.0,11.7,70.0,/dl/web/weather/ic-w-04-scattered-clouds-full.svg,Hà Nội,1.0090749465163482,0,0.15097025686509882,0
2025-02-14 20:00:00+07:00,159.0,17.4,86.0,/dl/web/weather/ic-w-04-scattered-clouds-full.svg,Hà Nội,1.260278449406196,0,1.0202632250372763,0
2025-02-14 21:00:00+07:00,163.0,17.4,86.0,/dl/web/weather/ic-w-04-scattered-clouds-full.svg,Hà Nội,1.3516251777297772,0,1.0202632250372763,0
2025-02-14 22:00:00+07:00,151.0,13.4,89.0,/dl/web/weather/ic-w-04-scattered-clouds-full.svg,Hà Nội,1.077584992759034,0,0.41023307193399405,0
2025-02-14 23:00:00+07:00,126.0,11.9,89.0,/dl/web/weather/ic-w-04-scattered-clouds-full.svg,Hà Nội,0.5066679407366524,0,0.18147176452026312,0
2025-02-15 00:00:00+07:00,119.0,12.4,89.0,/dl/web/weather/ic-w-04-scattered-clouds-full.svg,Hà Nội,0.3468111661703856,0,0.2577255336581734,0
2025-02-15 01:00:00+07:00,119.0,11.1,89.0,/dl/web/weather/ic-w-04-scattered-clouds-full.svg,Hà Nội,0.3468111661703856,0,0.059465733899606486,0
2025-02-15 02:00:00+07:00,122.0,11.3,89.0,/dl/web/weather/ic-w-04-scattered-clouds-full.svg,Hà Nội,0.41532121241307135,0,0.08996724155477077,0
2025-02-15 03:00:00+07:00,134.0,9.3,91.0,/dl/web/weather/ic-w-04-scattered-clouds-full.svg,Hà Nội,0.6893613973838145,0,-0.2150478349968705,0
2025-02-15 04:00:00+07:00,148.0,8.7,92.0,/dl/web/weather/ic-w-04-scattered-clouds-full.svg,Hà Nội,1.0090749465163482,0,-0.30655235796236313,0
2025-02-15 05:00:00+07:00,148.0,8.9,92.0,/dl/web/weather/ic-w-04-scattered-clouds-full.svg,Hà Nội,1.0090749465163482,0,-0.27605085030719884,0
2025-02-15 06:00:00+07:00,148.0,7.4,93.0,/dl/web/weather/ic-w-04-scattered-clouds-full.svg,Hà Nội,1.0090749465163482,0,-0.5048121577209298,0
2025-02-15 07:00:00+07:00,153.0,9.2,93.0,/dl/web/weather/ic-w-04-scattered-clouds-full.svg,Hà Nội,1.1232583569208245,0,-0.23029858882445278,0
2025-02-15 08:00:00+07:00,155.0,10.6,91.0,/dl/web/weather/ic-w-04-scattered-clouds-full.svg,Hà Nội,1.1689317210826151,0,-0.016788035238303835,0
2025-02-15 09:00:00+07:00,156.0,11.6,90.0,/dl/web/weather/ic-w-04-scattered-clouds-full.svg,Hà Nội,1.1917684031635103,0,0.13571950303751681,0
2025-02-15 10:00:00+07:00,156.0,11.6,90.0,/dl/web/weather/ic-w-04-scattered-clouds-full.svg,Hà Nội,1.1917684031635103,0,0.13571950303751681,0
2025-02-15 11:00:00+07:00,158.0,11.1,88.0,/dl/web/weather/ic-w-04-scattered-clouds-full.svg,Hà Nội,1.2374417673253009,0,0.059465733899606486,0
2025-02-15 12:00:00+07:00,154.0,11.7,86.0,/dl/web/weather/ic-w-04-scattered-clouds-full.svg,Hà Nội,1.1460950390017197,0,0.15097025686509882,0
2025-02-15 13:00:00+07:00,161.0,13.0,84.0,/dl/web/weather/ic-w-04-scattered-clouds-full.svg,Hà Nội,1.3059518135679866,0,0.34923005662366574,0
2025-02-15 14:00:00+07:00,158.0,13.0,81.0,/dl/web/weather/ic-w-04-scattered-clouds-full.svg,Hà Nội,1.2374417673253009,0,0.34923005662366574,0
2025-02-15 15:00:00+07:00,158.0,12.7,79.0,/dl/web/weather/ic-w-04-scattered-clouds-full.svg,Hà Nội,1.2374417673253009,0,0.30347779514091944,0
2025-02-15 16:00:00+07:00,160.0,14.3,77.0,/dl/web/weather/ic-w-04-scattered-clouds-full.svg,Hà Nội,1.2831151314870912,0,0.5474898563822327,0
2025-02-15 17:00:00+07:00,158.0,17.1,76.0,/dl/web/weather/ic-w-04-scattered-clouds-full.svg,Hà Nội,1.2374417673253009,0,0.9745109635545306,0
2025-02-15 18:00:00+07:00,156.0,15.9,78.0,/dl/web/weather/ic-w-04-scattered-clouds-full.svg,Hà Nội,1.1917684031635103,0,0.7915019176235457,0
2025-02-15 19:00:00+07:00,154.0,12.9,82.0,/dl/web/weather/ic-w-04-scattered-clouds-full.svg,Hà Nội,1.1460950390017197,0,0.33397930279608373,0
2025-02-15 20:00:00+07:00,153.0,11.9,85.0,/dl/web/weather/ic-w-04-scattered-clouds-full.svg,Hà Nội,1.1232583569208245,0,0.18147176452026312,0
2025-02-15 21:00:00+07:00,145.0,10.1,86.0,/dl/web/weather/ic-w-04-scattered-clouds-full.svg,Hà Nội,0.9405649002736624,0,-0.09304180437621416,0
2025-02-15 22:00:00+07:00,128.0,9.8,88.0,/dl/web/weather/ic-w-04-scattered-clouds-full.svg,Hà Nội,0.5523413048984429,0,-0.13879406585896018,0
2025-02-15 23:00:00+07:00,124.0,8.5,89.0,/dl/web/weather/ic-w-04-scattered-clouds-full.svg,Hà Nội,0.4609945765748619,0,-0.33705386561752715,0
2025-02-16 00:00:00+07:00,139.0,9.3,90.0,/dl/web/weather/ic-w-04-scattered-clouds-full.svg,Hà Nội,0.8035448077882908,0,-0.2150478349968705,0
2025-02-16 01:00:00+07:00,151.0,10.0,90.0,/dl/web/weather/ic-w-04-scattered-clouds-full.svg,Hà Nội,1.077584992759034,0,-0.10829255820379617,0
2025-02-16 02:00:00+07:00,131.0,11.1,90.0,/dl/web/weather/ic-w-04-scattered-clouds-full.svg,Hà Nội,0.6208513511411288,0,0.059465733899606486,0
2025-02-16 03:00:00+07:00,106.0,11.7,91.0,/dl/web/weather/ic-w-04-scattered-clouds-full.svg,Hà Nội,0.04993429911874719,0,0.15097025686509882,0
2025-02-16 04:00:00+07:00,106.0,11.6,92.0,/dl/web/weather/ic-w-04-scattered-clouds-full.svg,Hà Nội,0.04993429911874719,0,0.13571950303751681,0
2025-02-16 05:00:00+07:00,93.0,9.3,91.0,/dl/web/weather/ic-w-04-scattered-clouds-full.svg,Hà Nội,-0.2469425679328912,0,-0.2150478349968705,0
2025-02-16 06:00:00+07:00,83.0,5.6,92.0,/dl/web/weather/ic-w-04-scattered-clouds-full.svg,Hà Nội,-0.4753093887418438,0,-0.7793257266174071,0
2025-02-16 07:00:00+07:00,73.0,7.6,91.0,/dl/web/weather/ic-w-04-scattered-clouds-full.svg,Hà Nội,-0.7036762095507965,0,-0.4743106500657658,0
2025-02-16 08:00:00+07:00,67.0,11.1,89.0,/dl/web/weather/ic-w-04-scattered-clouds-full.svg,Hà Nội,-0.840696302036168,0,0.059465733899606486,0
2025-02-16 09:00:00+07:00,53.0,9.8,88.0,/dl/web/weather/ic-w-04-scattered-clouds-full.svg,Hà Nội,-1.1604098511687018,0,-0.13879406585896018,0
2025-02-16 10:00:00+07:00,54.0,10.8,87.0,/dl/web/weather/ic-w-04-scattered-clouds-full.svg,Hà Nội,-1.1375731690878064,0,0.013713472416860455,0
2025-02-16 11:00:00+07:00,55.0,10.8,87.0,/dl/web/weather/ic-w-04-scattered-clouds-full.svg,Hà Nội,-1.1147364870069112,0,0.013713472416860455,0
2025-02-16 12:00:00+07:00,60.0,10.3,86.0,/dl/web/weather/ic-w-04-scattered-clouds-full.svg,Hà Nội,-1.0005530766024349,0,-0.06254029672104987,0
2025-02-16 13:00:00+07:00,62.0,10.6,85.0,/dl/web/weather/ic-w-04-scattered-clouds-full.svg,Hà Nội,-0.9548797124406443,0,-0.016788035238303835,0
2025-02-16 14:00:00+07:00,67.0,11.6,84.0,/dl/web/weather/ic-w-04-scattered-clouds-full.svg,Hà Nội,-0.840696302036168,0,0.13571950303751681,0
2025-02-16 15:00:00+07:00,70.0,13.2,82.0,/dl/web/weather/ic-w-04-scattered-clouds-full.svg,Hà Nội,-0.7721862557934822,0,0.37973156427882976,0
2025-02-16 16:00:00+07:00,69.0,12.2,81.0,/dl/web/weather/ic-w-04-scattered-clouds-full.svg,Hà Nội,-0.7950229378743775,0,0.22722402600300914,0
2025-02-16 17:00:00+07:00,73.0,13.7,79.0,/dl/web/weather/ic-w-04-scattered-clouds-full.svg,Hà Nội,-0.7036762095507965,0,0.4559853334167401,0
2025-02-16 18:00:00+07:00,68.0,11.9,78.0,/dl/web/weather/ic-w-04-scattered-clouds-full.svg,Hà Nội,-0.8178596199552728,0,0.18147176452026312,0
2025-02-16 19:00:00+07:00,69.0,11.1,77.0,/dl/web/weather/ic-w-04-scattered-clouds-full.svg,Hà Nội,-0.7950229378743775,0,0.059465733899606486,0
2025-02-16 20:00:00+07:00,73.0,8.9,77.0,/dl/web/weather/ic-w-04-scattered-clouds-full.svg,Hà Nội,-0.7036762095507965,0,-0.27605085030719884,0
2025-02-16 21:00:00+07:00,79.0,8.9,77.0,/dl/web/weather/ic-w-04-scattered-clouds-full.svg,Hà Nội,-0.5666561170654248,0,-0.27605085030719884,0
2025-02-16 22:00:00+07:00,79.0,8.5,77.0,/dl/web/weather/ic-w-04-scattered-clouds-full.svg,Hà Nội,-0.5666561170654248,0,-0.33705386561752715,0
2025-02-16 23:00:00+07:00,82.0,8.7,78.0,/dl/web/weather/ic-w-04-scattered-clouds-full.svg,Hà Nội,-0.4981460708227391,0,-0.30655235796236313,0
2025-02-17 00:00:00+07:00,81.0,8.7,78.0,/dl/web/weather/ic-w-04-scattered-clouds-full.svg,Hà Nội,-0.5209827529036344,0,-0.30655235796236313,0
2025-02-17 01:00:00+07:00,79.0,9.0,79.0,/dl/web/weather/ic-w-04-scattered-clouds-full.svg,Hà Nội,-0.5666561170654248,0,-0.2608000964796168,0
2025-02-17 02:00:00+07:00,77.0,8.9,80.0,/dl/web/weather/ic-w-04-scattered-clouds-full.svg,Hà Nội,-0.6123294812272154,0,-0.27605085030719884,0
2025-02-17 03:00:00+07:00,86.0,8.7,80.0,/dl/web/weather/ic-w-04-scattered-clouds-full.svg,Hà Nội,-0.40679934249915806,0,-0.30655235796236313,0
2025-02-17 04:00:00+07:00,92.0,6.4,80.0,/dl/web/weather/ic-w-04-scattered-clouds-full.svg,Hà Nội,-0.2697792500137865,0,-0.6573196959967504,0
2025-02-17 05:00:00+07:00,99.0,4.3,81.0,/dl/web/weather/ic-w-04-scattered-clouds-full.svg,Hà Nội,-0.10992247544751964,0,-0.9775855263759738,0
2025-02-17 06:00:00+07:00,97.0,5.5,82.0,/dl/web/weather/ic-w-04-scattered-clouds-full.svg,Hà Nội,-0.15559583960931017,0,-0.7945764804449891,0
2025-02-17 07:00:00+07:00,97.0,5.6,80.0,/dl/web/weather/ic-w-04-scattered-clouds-full.svg,Hà Nội,-0.15559583960931017,0,-0.7793257266174071,0
2025-02-17 08:00:00+07:00,110.0,5.5,79.0,/dl/web/weather/ic-w-04-scattered-clouds-full.svg,Hà Nội,0.14128102744232823,0,-0.7945764804449891,0
2025-02-17 09:00:00+07:00,134.0,5.3,78.0,/dl/web/weather/ic-w-04-scattered-clouds-full.svg,Hà Nội,0.6893613973838145,0,-0.8250779881001532,0
2025-02-17 10:00:00+07:00,134.0,5.3,78.0,/dl/web/weather/ic-w-04-scattered-clouds-full.svg,Hà Nội,0.6893613973838145,0,-0.8250779881001532,0
2025-02-17 11:00:00+07:00,154.0,5.6,77.0,/dl/web/weather/ic-w-04-scattered-clouds-full.svg,Hà Nội,1.1460950390017197,0,-0.7793257266174071,0
2025-02-17 12:00:00+07:00,161.0,5.8,77.0,/dl/web/weather/ic-w-04-scattered-clouds-full.svg,Hà Nội,1.3059518135679866,0,-0.7488242189622429,0
2025-02-17 13:00:00+07:00,164.0,5.8,76.0,/dl/web/weather/ic-w-04-scattered-clouds-full.svg,Hà Nội,1.3744618598106724,0,-0.7488242189622429,0
2025-02-17 14:00:00+07:00,166.0,6.0,75.0,/dl/web/weather/ic-w-04-scattered-clouds-full.svg,Hà Nội,1.420135223972463,0,-0.7183227113070787,0
2025-02-17 15:00:00+07:00,162.0,2.9,75.0,/dl/web/weather/ic-w-04-scattered-clouds-full.svg,Hà Nội,1.3287884956488818,0,-1.1910960799621226,0
2025-02-17 16:00:00+07:00,166.0,2.9,75.0,/dl/web/weather/ic-w-04-scattered-clouds-full.svg,Hà Nội,1.420135223972463,0,-1.1910960799621226,0
2025-02-17 17:00:00+07:00,171.0,5.8,75.0,/dl/web/weather/ic-w-04-scattered-clouds-full.svg,Hà Nội,1.5343186343769393,0,-0.7488242189622429,0
2025-02-17 18:00:00+07:00,171.0,7.7,77.0,/dl/web/weather/ic-w-04-scattered-clouds-full.svg,Hà Nội,1.5343186343769393,0,-0.4590598962381836,0
2025-02-17 19:00:00+07:00,169.0,9.3,79.0,/dl/web/weather/ic-w-04-scattered-clouds-full.svg,Hà Nội,1.4886452702151487,0,-0.2150478349968705,0
2025-02-17 20:00:00+07:00,161.0,5.6,81.0,/dl/web/weather/ic-w-04-scattered-clouds-full.svg,Hà Nội,1.3059518135679866,0,-0.7793257266174071,0
2025-02-17 21:00:00+07:00,167.0,5.6,81.0,/dl/web/weather/ic-w-04-scattered-clouds-full.svg,Hà Nội,1.4429719060533581,0,-0.7793257266174071,0
2025-02-17 22:00:00+07:00,162.0,6.1,83.0,/dl/web/weather/ic-w-04-scattered-clouds-full.svg,Hà Nội,1.3287884956488818,0,-0.7030719574794967,0
2025-02-17 23:00:00+07:00,156.0,5.5,83.0,/dl/web/weather/ic-w-04-scattered-clouds-full.svg,Hà Nội,1.1917684031635103,0,-0.7945764804449891,0
2025-02-18 00:00:00+07:00,153.0,4.5,84.0,/dl/web/weather/ic-w-04-scattered-clouds-full.svg,Hà Nội,1.1232583569208245,0,-0.9470840187208097,0
2025-02-18 01:00:00+07:00,147.0,4.2,85.0,/dl/web/weather/ic-w-04-scattered-clouds-full.svg,Hà Nội,0.9862382644354529,0,-0.9928362802035559,0
2025-02-18 02:00:00+07:00,124.0,4.3,85.0,/dl/web/weather/ic-w-04-scattered-clouds-full.svg,Hà Nội,0.4609945765748619,0,-0.9775855263759738,0
2025-02-18 03:00:00+07:00,105.0,7.2,91.0,/dl/web/weather/ic-w-04-scattered-clouds-full.svg,Hà Nội,0.027097617037851927,0,-0.5353136653760939,0
2025-02-18 04:00:00+07:00,88.0,8.4,91.0,/dl/web/weather/ic-w-04-scattered-clouds-full.svg,Hà Nội,-0.36112597833736754,0,-0.35230461944510916,0
2025-02-18 05:00:00+07:00,81.0,9.7,91.0,/dl/web/weather/ic-w-04-scattered-clouds-full.svg,Hà Nội,-0.5209827529036344,0,-0.15404481968654246,0
2025-02-18 06:00:00+07:00,75.0,10.5,90.0,/dl/web/weather/ic-w-04-scattered-clouds-full.svg,Hà Nội,-0.6580028453890059,0,-0.03203878906588584,0
2025-02-18 07:00:00+07:00,75.0,8.5,90.0,/dl/web/weather/ic-w-04-scattered-clouds-full.svg,Hà Nội,-0.6580028453890059,0,-0.33705386561752715,0
2025-02-18 08:00:00+07:00,75.0,7.4,88.0,/dl/web/weather/ic-w-04-scattered-clouds-full.svg,Hà Nội,-0.6580028453890059,0,-0.5048121577209298,0
2025-02-18 09:00:00+07:00,75.0,7.6,86.0,/dl/web/weather/ic-w-04-scattered-clouds-full.svg,Hà Nội,-0.6580028453890059,0,-0.4743106500657658,0
2025-02-18 10:00:00+07:00,77.0,7.6,86.0,/dl/web/weather/ic-w-04-scattered-clouds-full.svg,Hà Nội,-0.6123294812272154,0,-0.4743106500657658,0
2025-02-18 11:00:00+07:00,79.0,7.2,84.0,/dl/web/weather/ic-w-04-scattered-clouds-full.svg,Hà Nội,-0.5666561170654248,0,-0.5353136653760939,0
2025-02-18 12:00:00+07:00,73.0,6.8,82.0,/dl/web/weather/ic-w-04-scattered-clouds-full.svg,Hà Nội,-0.7036762095507965,0,-0.5963166806864223,0
2025-02-18 13:00:00+07:00,75.0,6.6,81.0,/dl/web/weather/ic-w-04-scattered-clouds-full.svg,Hà Nội,-0.6580028453890059,0,-0.6268181883415864,0
2025-02-18 14:00:00+07:00,77.0,7.1,79.0,/dl/web/weather/ic-w-04-scattered-clouds-full.svg,Hà Nội,-0.6123294812272154,0,-0.550564419203676,0
2025-02-18 15:00:00+07:00,79.0,7.2,75.0,/dl/web/weather/ic-w-04-scattered-clouds-full.svg,Hà Nội,-0.5666561170654248,0,-0.5353136653760939,0
2025-02-18 16:00:00+07:00,84.0,6.9,75.0,/dl/web/weather/ic-w-04-scattered-clouds-full.svg,Hà Nội,-0.4524727066609486,0,-0.5810659268588401,0
2025-02-18 17:00:00+07:00,90.0,5.6,74.0,/dl/web/weather/ic-w-04-scattered-clouds-full.svg,Hà Nội,-0.315452614175577,0,-0.7793257266174071,0
2025-02-18 18:00:00+07:00,86.0,5.8,74.0,/dl/web/weather/ic-w-04-scattered-clouds-full.svg,Hà Nội,-0.40679934249915806,0,-0.7488242189622429,0
2025-02-18 19:00:00+07:00,86.0,7.2,76.0,/dl/web/weather/ic-w-04-scattered-clouds-full.svg,Hà Nội,-0.40679934249915806,0,-0.5353136653760939,0
2025-02-18 20:00:00+07:00,88.0,5.8,74.0,/dl/web/weather/ic-w-04-scattered-clouds-full.svg,Hà Nội,-0.36112597833736754,0,-0.7488242189622429,0
2025-02-18 21:00:00+07:00,92.0,5.8,74.0,/dl/web/weather/ic-w-04-scattered-clouds-full.svg,Hà Nội,-0.2697792500137865,0,-0.7488242189622429,0
2025-02-18 22:00:00+07:00,107.0,5.1,74.0,/dl/web/weather/ic-w-04-scattered-clouds-full.svg,Hà Nội,0.07277098119964245,0,-0.8555794957553173,0
2025-02-18 23:00:00+07:00,110.0,5.0,75.0,/dl/web/weather/ic-w-04-scattered-clouds-full.svg,Hà Nội,0.14128102744232823,0,-0.8708302495828993,0
2025-02-19 00:00:00+07:00,107.0,4.5,75.0,/dl/web/weather/ic-w-04-scattered-clouds-full.svg,Hà Nội,0.07277098119964245,0,-0.9470840187208097,0
2025-02-19 01:00:00+07:00,117.0,4.7,76.0,/dl/web/weather/ic-w-04-scattered-clouds-full.svg,Hà Nội,0.3011378020085951,0,-0.9165825110656456,0
2025-02-19 02:00:00+07:00,122.0,4.7,76.0,/dl/web/weather/ic-w-04-scattered-clouds-full.svg,Hà Nội,0.41532121241307135,0,-0.9165825110656456,0
2025-02-19 03:00:00+07:00,134.0,2.7,75.0,/dl/web/weather/ic-w-04-scattered-clouds-full.svg,Hà Nội,0.6893613973838145,0,-1.2215975876172869,0
2025-02-19 04:00:00+07:00,153.0,3.1,76.0,/dl/web/weather/ic-w-04-scattered-clouds-full.svg,Hà Nội,1.1232583569208245,0,-1.1605945723069586,0
2025-02-19 05:00:00+07:00,157.0,4.8,77.0,/dl/web/weather/ic-w-04-scattered-clouds-full.svg,Hà Nội,1.2146050852444055,0,-0.9013317572380636,0
2025-02-19 06:00:00+07:00,158.0,6.4,78.0,/dl/web/weather/ic-w-04-scattered-clouds-full.svg,Hà Nội,1.2374417673253009,0,-0.6573196959967504,0
2025-02-19 07:00:00+07:00,156.0,5.6,80.0,/dl/web/weather/ic-w-04-scattered-clouds-full.svg,Hà Nội,1.1917684031635103,0,-0.7793257266174071,0
2025-02-19 08:00:00+07:00,117.0,4.2,80.0,/dl/web/weather/ic-w-04-scattered-clouds-full.svg,Hà Nội,0.3011378020085951,0,-0.9928362802035559,0
2025-02-19 10:00:00+07:00,122.0,3.2,82.0,/dl/web/weather/ic-w-04-scattered-clouds-full.svg,Hà Nội,0.41532121241307135,0,-1.1453438184793765,0
2025-02-19 11:00:00+07:00,119.0,3.2,81.0,/dl/web/weather/ic-w-04-scattered-clouds-full.svg,Hà Nội,0.3468111661703856,0,-1.1453438184793765,0
2025-02-19 12:00:00+07:00,144.0,3.4,81.0,/dl/web/weather/ic-w-04-scattered-clouds-full.svg,Hà Nội,0.9177282181927672,0,-1.1148423108242123,0
2025-02-19 13:00:00+07:00,155.0,3.5,81.0,/dl/web/weather/ic-w-04-scattered-clouds-full.svg,Hà Nội,1.1689317210826151,0,-1.0995915569966304,0
2025-02-19 14:00:00+07:00,155.0,3.4,80.0,/dl/web/weather/ic-w-04-scattered-clouds-full.svg,Hà Nội,1.1689317210826151,0,-1.1148423108242123,0
2025-02-19 15:00:00+07:00,149.0,3.2,81.0,/dl/web/weather/ic-w-04-scattered-clouds-full.svg,Hà Nội,1.0319116285972434,0,-1.1453438184793765,0
2025-03-15 17:00:00+07:00,144.0,20.0,70.0,/dl/web/weather/ic-w-04-scattered-clouds-full.svg,Hà Nội,0.9177282181927672,0,1.4167828245544103,0
2025-03-15 18:00:00+07:00,144.0,20.0,70.0,/dl/web/weather/ic-w-04-scattered-clouds-full.svg,Hà Nội,0.9177282181927672,0,1.4167828245544103,0
2025-03-15 19:00:00+07:00,152.0,26.6,69.0,/dl/web/weather/ic-w-04-scattered-clouds-full.svg,Hà Nội,1.1004216748399291,0,2.423332577174827,0
2025-03-15 20:00:00+07:00,142.0,30.1,69.0,/dl/web/weather/ic-w-04-scattered-clouds-full.svg,Hà Nội,0.8720548540309766,0,2.957108961140199,0
2025-03-15 21:00:00+07:00,90.0,30.1,69.0,/dl/web/weather/ic-w-04-scattered-clouds-full.svg,Hà Nội,-0.315452614175577,0,2.957108961140199,0
2025-03-15 22:00:00+07:00,76.0,25.9,67.0,/dl/web/weather/ic-w-04-scattered-clouds-full.svg,Hà Nội,-0.6351661633081107,0,2.316577300381752,0
2025-03-15 23:00:00+07:00,77.0,22.9,65.0,/dl/web/weather/ic-w-04-scattered-clouds-full.svg,Hà Nội,-0.6123294812272154,0,1.85905468555429,0
2025-03-16 00:00:00+07:00,77.0,22.7,62.0,/dl/web/weather/ic-w-04-scattered-clouds-full.svg,Hà Nội,-0.6123294812272154,0,1.828553177899126,0
2025-03-16 01:00:00+07:00,75.0,24.3,62.0,/dl/web/weather/ic-w-04-scattered-clouds-full.svg,Hà Nội,-0.6580028453890059,0,2.072565239140439,0
2025-03-16 03:00:00+07:00,68.0,24.6,59.0,/dl/web/weather/ic-w-04-scattered-clouds-full.svg,Hà Nội,-0.8178596199552728,0,2.1183175006231854,0
2025-03-16 04:00:00+07:00,66.0,22.5,64.0,/dl/web/weather/ic-w-04-scattered-clouds-full.svg,Hà Nội,-0.8635329841170633,0,1.798051670243962,0
2025-03-16 05:00:00+07:00,66.0,22.2,63.0,/dl/web/weather/ic-w-04-scattered-clouds-full.svg,Hà Nội,-0.8635329841170633,0,1.7522994087612156,0
2025-03-16 06:00:00+07:00,61.0,24.1,60.0,/dl/web/weather/ic-w-04-scattered-clouds-full.svg,Hà Nội,-0.9777163945215396,0,2.042063731485275,0
2025-03-16 07:00:00+07:00,63.0,22.9,58.0,/dl/web/weather/ic-w-04-scattered-clouds-full.svg,Hà Nội,-0.9320430303597491,0,1.85905468555429,0
2025-03-16 08:00:00+07:00,56.0,20.9,57.0,/dl/web/weather/ic-w-04-scattered-clouds-full.svg,Hà Nội,-1.0918998049260158,0,1.5540396090026487,0
2025-03-16 09:00:00+07:00,56.0,21.4,55.0,/dl/web/weather/ic-w-04-scattered-clouds-full.svg,Hà Nội,-1.0918998049260158,0,1.6302933781405589,0
2025-03-16 10:00:00+07:00,56.0,23.7,52.0,/dl/web/weather/ic-w-04-scattered-clouds-full.svg,Hà Nội,-1.0918998049260158,0,1.9810607161749465,0
2025-03-16 11:00:00+07:00,60.0,23.7,52.0,/dl/web/weather/ic-w-04-scattered-clouds-full.svg,Hà Nội,-1.0005530766024349,0,1.9810607161749465,0
2025-03-16 12:00:00+07:00,55.0,22.7,51.0,/dl/web/weather/ic-w-04-scattered-clouds-full.svg,Hà Nội,-1.1147364870069112,0,1.828553177899126,0
2025-03-16 13:00:00+07:00,54.0,21.4,51.0,/dl/web/weather/ic-w-04-scattered-clouds-full.svg,Hà Nội,-1.1375731690878064,0,1.6302933781405589,0
2025-03-16 14:00:00+07:00,55.0,20.0,50.0,/dl/web/weather/ic-w-04-scattered-clouds-full.svg,Hà Nội,-1.1147364870069112,0,1.4167828245544103,0
2025-03-16 15:00:00+07:00,55.0,21.4,45.0,/dl/web/weather/ic-w-04-scattered-clouds-full.svg,Hà Nội,-1.1147364870069112,0,1.6302933781405589,0
2025-03-16 16:00:00+07:00,57.0,19.2,45.0,/dl/web/weather/ic-w-04-scattered-clouds-full.svg,Hà Nội,-1.0690631228451206,0,1.2947767939337536,0
2025-03-16 17:00:00+07:00,63.0,18.0,44.0,/dl/web/weather/ic-w-04-scattered-clouds-full.svg,Hà Nội,-0.9320430303597491,0,1.111767748002769,0
2025-03-16 18:00:00+07:00,64.0,17.9,49.0,/dl/web/weather/ic-w-04-scattered-clouds-full.svg,Hà Nội,-0.9092063482788538,0,1.0965169941751867,0
2025-03-16 19:00:00+07:00,68.0,13.7,53.0,/dl/web/weather/ic-w-04-scattered-clouds-full.svg,Hà Nội,-0.8178596199552728,0,0.4559853334167401,0
2025-03-16 20:00:00+07:00,77.0,10.0,53.0,/dl/web/weather/ic-w-04-scattered-clouds-full.svg,Hà Nội,-0.6123294812272154,0,-0.10829255820379617,0
2025-03-16 21:00:00+07:00,83.0,10.0,53.0,/dl/web/weather/ic-w-04-scattered-clouds-full.svg,Hà Nội,-0.4753093887418438,0,-0.10829255820379617,0
2025-03-16 22:00:00+07:00,86.0,10.3,52.0,/dl/web/weather/ic-w-04-scattered-clouds-full.svg,Hà Nội,-0.40679934249915806,0,-0.06254029672104987,0
2025-03-16 23:00:00+07:00,99.0,9.7,57.0,/dl/web/weather/ic-w-04-scattered-clouds-full.svg,Hà Nội,-0.10992247544751964,0,-0.15404481968654246,0
2025-03-17 00:00:00+07:00,102.0,8.0,64.0,/dl/web/weather/ic-w-04-scattered-clouds-full.svg,Hà Nội,-0.04141242920483386,0,-0.41330763475543747,0
2025-03-17 01:00:00+07:00,82.0,7.7,71.0,/dl/web/weather/ic-w-04-scattered-clouds-full.svg,Hà Nội,-0.4981460708227391,0,-0.4590598962381836,0
2025-03-17 02:00:00+07:00,81.0,5.8,74.0,/dl/web/weather/ic-w-04-scattered-clouds-full.svg,Hà Nội,-0.5209827529036344,0,-0.7488242189622429,0
2025-03-17 03:00:00+07:00,93.0,5.8,75.0,/dl/web/weather/ic-w-04-scattered-clouds-full.svg,Hà Nội,-0.2469425679328912,0,-0.7488242189622429,0
2025-03-17 04:00:00+07:00,100.0,4.2,74.0,/dl/web/weather/ic-w-04-scattered-clouds-full.svg,Hà Nội,-0.08708579336662438,0,-0.9928362802035559,0
2025-03-17 06:00:00+07:00,103.0,3.1,72.0,/dl/web/weather/ic-w-04-scattered-clouds-full.svg,Hà Nội,-0.018575747123938596,0,-1.1605945723069586,0
2025-03-17 07:00:00+07:00,114.0,6.4,66.0,/dl/web/weather/ic-w-04-scattered-clouds-full.svg,Hà Nội,0.23262775576590927,0,-0.6573196959967504,0
2025-03-17 08:00:00+07:00,88.0,8.4,61.0,/dl/web/weather/ic-w-04-scattered-clouds-full.svg,Hà Nội,-0.36112597833736754,0,-0.35230461944510916,0
2025-03-17 09:00:00+07:00,96.0,10.1,56.0,/dl/web/weather/ic-w-04-scattered-clouds-full.svg,Hà Nội,-0.17843252169020543,0,-0.09304180437621416,0
2025-03-17 10:00:00+07:00,96.0,10.9,53.0,/dl/web/weather/ic-w-04-scattered-clouds-full.svg,Hà Nội,-0.17843252169020543,0,0.028964226244442465,0
2025-03-17 11:00:00+07:00,97.0,10.9,53.0,/dl/web/weather/ic-w-04-scattered-clouds-full.svg,Hà Nội,-0.15559583960931017,0,0.028964226244442465,0
2025-03-17 12:00:00+07:00,115.0,11.4,51.0,/dl/web/weather/ic-w-04-scattered-clouds-full.svg,Hà Nội,0.25546443784680456,0,0.10521799538235278,0
2025-03-17 13:00:00+07:00,124.0,10.5,50.0,/dl/web/weather/ic-w-04-scattered-clouds-full.svg,Hà Nội,0.4609945765748619,0,-0.03203878906588584,0
2025-03-17 14:00:00+07:00,122.0,7.2,49.0,/dl/web/weather/ic-w-04-scattered-clouds-full.svg,Hà Nội,0.41532121241307135,0,-0.5353136653760939,0
2025-03-17 15:00:00+07:00,124.0,4.8,48.0,/dl/web/weather/ic-w-04-scattered-clouds-full.svg,Hà Nội,0.4609945765748619,0,-0.9013317572380636,0
2025-03-17 16:00:00+07:00,119.0,4.2,45.0,/dl/web/weather/ic-w-04-scattered-clouds-full.svg,Hà Nội,0.3468111661703856,0,-0.9928362802035559,0
2025-03-17 17:00:00+07:00,122.0,3.2,46.0,/dl/web/weather/ic-w-04-scattered-clouds-full.svg,Hà Nội,0.41532121241307135,0,-1.1453438184793765,0
2025-03-17 18:00:00+07:00,129.0,5.0,49.0,/dl/web/weather/ic-w-04-scattered-clouds-full.svg,Hà Nội,0.5751779869793382,0,-0.8708302495828993,0
2025-03-17 19:00:00+07:00,145.0,5.3,53.0,/dl/web/weather/ic-w-04-scattered-clouds-full.svg,Hà Nội,0.9405649002736624,0,-0.8250779881001532,0
2025-03-17 20:00:00+07:00,149.0,10.3,54.0,/dl/web/weather/ic-w-04-scattered-clouds-full.svg,Hà Nội,1.0319116285972434,0,-0.06254029672104987,0
2025-03-17 21:00:00+07:00,152.0,10.3,54.0,/dl/web/weather/ic-w-04-scattered-clouds-full.svg,Hà Nội,1.1004216748399291,0,-0.06254029672104987,0
2025-03-17 22:00:00+07:00,158.0,9.3,54.0,/dl/web/weather/ic-w-04-scattered-clouds-full.svg,Hà Nội,1.2374417673253009,0,-0.2150478349968705,0
2025-03-17 23:00:00+07:00,156.0,8.9,58.0,/dl/web/weather/ic-w-04-scattered-clouds-full.svg,Hà Nội,1.1917684031635103,0,-0.27605085030719884,0
2025-03-18 00:00:00+07:00,139.0,7.7,63.0,/dl/web/weather/ic-w-04-scattered-clouds-full.svg,Hà Nội,0.8035448077882908,0,-0.4590598962381836,0
2025-03-18 01:00:00+07:00,151.0,6.8,66.0,/dl/web/weather/ic-w-04-scattered-clouds-full.svg,Hà Nội,1.077584992759034,0,-0.5963166806864223,0
2025-03-18 02:00:00+07:00,154.0,6.4,66.0,/dl/web/weather/ic-w-04-scattered-clouds-full.svg,Hà Nội,1.1460950390017197,0,-0.6573196959967504,0
2025-03-18 03:00:00+07:00,155.0,7.6,63.0,/dl/web/weather/ic-w-04-scattered-clouds-full.svg,Hà Nội,1.1689317210826151,0,-0.4743106500657658,0
2025-03-18 04:00:00+07:00,154.0,12.4,57.0,/dl/web/weather/ic-w-04-scattered-clouds-full.svg,Hà Nội,1.1460950390017197,0,0.2577255336581734,0
2025-03-18 05:00:00+07:00,153.0,18.0,52.0,/dl/web/weather/ic-w-04-scattered-clouds-full.svg,Hà Nội,1.1232583569208245,0,1.111767748002769,0
2025-03-18 06:00:00+07:00,153.0,19.8,54.0,/dl/web/weather/ic-w-04-scattered-clouds-full.svg,Hà Nội,1.1232583569208245,0,1.3862813168992463,0
2025-03-18 07:00:00+07:00,155.0,18.5,56.0,/dl/web/weather/ic-w-04-scattered-clouds-full.svg,Hà Nội,1.1689317210826151,0,1.1880215171406794,0
2025-03-18 08:00:00+07:00,153.0,17.1,54.0,/dl/web/weather/ic-w-04-scattered-clouds-full.svg,Hà Nội,1.1232583569208245,0,0.9745109635545306,0
2025-03-18 09:00:00+07:00,153.0,17.4,52.0,/dl/web/weather/ic-w-04-scattered-clouds-full.svg,Hà Nội,1.1232583569208245,0,1.0202632250372763,0
2025-03-18 10:00:00+07:00,134.0,17.1,52.0,/dl/web/weather/ic-w-04-scattered-clouds-full.svg,Hà Nội,0.6893613973838145,0,0.9745109635545306,0
2025-03-18 11:00:00+07:00,134.0,17.1,52.0,/dl/web/weather/ic-w-04-scattered-clouds-full.svg,Hà Nội,0.6893613973838145,0,0.9745109635545306,0
2025-03-18 12:00:00+07:00,115.0,19.5,51.0,/dl/web/weather/ic-w-04-scattered-clouds-full.svg,Hà Nội,0.25546443784680456,0,1.3405290554165,0
2025-03-18 13:00:00+07:00,84.0,19.6,49.0,/dl/web/weather/ic-w-04-scattered-clouds-full.svg,Hà Nội,-0.4524727066609486,0,1.3557798092440823,0
2025-03-18 14:00:00+07:00,86.0,19.0,48.0,/dl/web/weather/ic-w-04-scattered-clouds-full.svg,Hà Nội,-0.40679934249915806,0,1.2642752862785895,0
2025-03-18 15:00:00+07:00,82.0,18.5,48.0,/dl/web/weather/ic-w-04-scattered-clouds-full.svg,Hà Nội,-0.4981460708227391,0,1.1880215171406794,0
2025-03-18 17:00:00+07:00,88.0,14.5,47.0,/dl/web/weather/ic-w-04-scattered-clouds-full.svg,Hà Nội,-0.36112597833736754,0,0.5779913640373967,0
2025-03-18 18:00:00+07:00,84.0,11.1,50.0,/dl/web/weather/ic-w-04-scattered-clouds-full.svg,Hà Nội,-0.4524727066609486,0,0.059465733899606486,0
2025-03-18 19:00:00+07:00,85.0,9.8,54.0,/dl/web/weather/ic-w-04-scattered-clouds-full.svg,Hà Nội,-0.4296360245800533,0,-0.13879406585896018,0
2025-03-18 20:00:00+07:00,150.0,9.8,57.0,/dl/web/weather/ic-w-04-scattered-clouds-full.svg,Hà Nội,1.0547483106781388,0,-0.13879406585896018,0
2025-03-18 21:00:00+07:00,140.0,9.8,57.0,/dl/web/weather/ic-w-04-scattered-clouds-full.svg,Hà Nội,0.8263814898691861,0,-0.13879406585896018,0
2025-03-18 22:00:00+07:00,156.0,9.3,58.0,/dl/web/weather/ic-w-04-scattered-clouds-full.svg,Hà Nội,1.1917684031635103,0,-0.2150478349968705,0
2025-03-18 23:00:00+07:00,160.0,10.3,58.0,/dl/web/weather/ic-w-04-scattered-clouds-full.svg,Hà Nội,1.2831151314870912,0,-0.06254029672104987,0
2025-03-19 00:00:00+07:00,142.0,10.8,58.0,/dl/web/weather/ic-w-04-scattered-clouds-full.svg,Hà Nội,0.8720548540309766,0,0.013713472416860455,0
2025-03-19 01:00:00+07:00,99.0,11.7,56.0,/dl/web/weather/ic-w-04-scattered-clouds-full.svg,Hà Nội,-0.10992247544751964,0,0.15097025686509882,0
2025-03-19 02:00:00+07:00,94.0,12.2,55.0,/dl/web/weather/ic-w-04-scattered-clouds-full.svg,Hà Nội,-0.22410588585199595,0,0.22722402600300914,0
2025-03-19 03:00:00+07:00,96.0,11.4,54.0,/dl/web/weather/ic-w-04-scattered-clouds-full.svg,Hà Nội,-0.17843252169020543,0,0.10521799538235278,0
2025-03-19 04:00:00+07:00,86.0,10.8,61.0,/dl/web/weather/ic-w-04-scattered-clouds-full.svg,Hà Nội,-0.40679934249915806,0,0.013713472416860455,0
2025-03-19 05:00:00+07:00,86.0,10.5,61.0,/dl/web/weather/ic-w-04-scattered-clouds-full.svg,Hà Nội,-0.40679934249915806,0,-0.03203878906588584,0
2025-03-19 06:00:00+07:00,139.0,9.5,62.0,/dl/web/weather/ic-w-04-scattered-clouds-full.svg,Hà Nội,0.8035448077882908,0,-0.18454632734170648,0
2025-03-19 07:00:00+07:00,152.0,9.2,62.0,/dl/web/weather/ic-w-04-scattered-clouds-full.svg,Hà Nội,1.1004216748399291,0,-0.23029858882445278,0
2025-03-19 08:00:00+07:00,153.0,9.7,62.0,/dl/web/weather/ic-w-04-scattered-clouds-full.svg,Hà Nội,1.1232583569208245,0,-0.15404481968654246,0
2025-03-19 09:00:00+07:00,139.0,9.0,53.0,/dl/web/weather/ic-w-04-scattered-clouds-full.svg,Hà Nội,0.8035448077882908,0,-0.2608000964796168,0
2025-03-19 10:00:00+07:00,91.0,15.6,38.0,/dl/web/weather/ic-w-04-scattered-clouds-full.svg,Hà Nội,-0.29261593209468173,0,0.7457496561407994,0
2025-03-19 11:00:00+07:00,105.0,15.6,38.0,/dl/web/weather/ic-w-04-scattered-clouds-full.svg,Hà Nội,0.027097617037851927,0,0.7457496561407994,0
2025-03-19 12:00:00+07:00,73.0,16.6,34.0,/dl/web/weather/ic-w-04-scattered-clouds-full.svg,Hà Nội,-0.7036762095507965,0,0.8982571944166203,0
2025-03-19 13:00:00+07:00,75.0,16.4,33.0,/dl/web/weather/ic-w-04-scattered-clouds-full.svg,Hà Nội,-0.6580028453890059,0,0.8677556867614558,0
2025-03-19 14:00:00+07:00,79.0,17.7,33.0,/dl/web/weather/ic-w-04-scattered-clouds-full.svg,Hà Nội,-0.5666561170654248,0,1.0660154865200226,0
2025-03-19 15:00:00+07:00,78.0,15.0,32.0,/dl/web/weather/ic-w-04-scattered-clouds-full.svg,Hà Nội,-0.5894927991463201,0,0.6542451331753071,0
2025-03-19 16:00:00+07:00,84.0,13.0,32.0,/dl/web/weather/ic-w-04-scattered-clouds-full.svg,Hà Nội,-0.4524727066609486,0,0.34923005662366574,0
2025-03-19 17:00:00+07:00,96.0,11.1,32.0,/dl/web/weather/ic-w-04-scattered-clouds-full.svg,Hà Nội,-0.17843252169020543,0,0.059465733899606486,0
2025-03-19 18:00:00+07:00,99.0,10.9,33.0,/dl/web/weather/ic-w-04-scattered-clouds-full.svg,Hà Nội,-0.10992247544751964,0,0.028964226244442465,0
2025-03-19 19:00:00+07:00,105.0,9.5,40.0,/dl/web/weather/ic-w-04-scattered-clouds-full.svg,Hà Nội,0.027097617037851927,0,-0.18454632734170648,0
2025-03-19 20:00:00+07:00,122.0,10.8,42.0,/dl/web/weather/ic-w-04-scattered-clouds-full.svg,Hà Nội,0.41532121241307135,0,0.013713472416860455,0
2025-03-19 21:00:00+07:00,123.0,10.8,42.0,/dl/web/weather/ic-w-04-scattered-clouds-full.svg,Hà Nội,0.43815789449396664,0,0.013713472416860455,0
2025-03-19 22:00:00+07:00,135.0,10.9,44.0,/dl/web/weather/ic-w-04-scattered-clouds-full.svg,Hà Nội,0.7121980794647098,0,0.028964226244442465,0
2025-03-19 23:00:00+07:00,121.0,9.0,44.0,/dl/web/weather/ic-w-04-scattered-clouds-full.svg,Hà Nội,0.3924845303321761,0,-0.2608000964796168,0
2025-03-20 00:00:00+07:00,124.0,7.6,47.0,/dl/web/weather/ic-w-04-scattered-clouds-full.svg,Hà Nội,0.4609945765748619,0,-0.4743106500657658,0
2025-03-20 01:00:00+07:00,124.0,9.0,49.0,/dl/web/weather/ic-w-04-scattered-clouds-full.svg,Hà Nội,0.4609945765748619,0,-0.2608000964796168,0
2025-03-20 02:00:00+07:00,119.0,9.8,50.0,/dl/web/weather/ic-w-04-scattered-clouds-full.svg,Hà Nội,0.3468111661703856,0,-0.13879406585896018,0
2025-03-20 04:00:00+07:00,123.0,10.0,53.0,/dl/web/weather/ic-w-04-scattered-clouds-full.svg,Hà Nội,0.43815789449396664,0,-0.10829255820379617,0
2025-03-20 05:00:00+07:00,137.0,10.3,54.0,/dl/web/weather/ic-w-04-scattered-clouds-full.svg,Hà Nội,0.7578714436265003,0,-0.06254029672104987,0
2025-03-20 06:00:00+07:00,137.0,10.0,56.0,/dl/web/weather/ic-w-04-scattered-clouds-full.svg,Hà Nội,0.7578714436265003,0,-0.10829255820379617,0
2025-03-20 07:00:00+07:00,137.0,10.3,58.0,/dl/web/weather/ic-w-04-scattered-clouds-full.svg,Hà Nội,0.7578714436265003,0,-0.06254029672104987,0
2025-03-20 08:00:00+07:00,152.0,12.4,56.0,/dl/web/weather/ic-w-04-scattered-clouds-full.svg,Hà Nội,1.1004216748399291,0,0.2577255336581734,0
2025-03-20 09:00:00+07:00,152.0,12.4,51.0,/dl/web/weather/ic-w-04-scattered-clouds-full.svg,Hà Nội,1.1004216748399291,0,0.2577255336581734,0
2025-03-20 10:00:00+07:00,158.0,11.6,45.0,/dl/web/weather/ic-w-04-scattered-clouds-full.svg,Hà Nội,1.2374417673253009,0,0.13571950303751681,0
2025-03-20 11:00:00+07:00,151.0,11.6,45.0,/dl/web/weather/ic-w-04-scattered-clouds-full.svg,Hà Nội,1.077584992759034,0,0.13571950303751681,0
2025-03-20 12:00:00+07:00,132.0,10.8,40.0,/dl/web/weather/ic-w-04-scattered-clouds-full.svg,Hà Nội,0.643688033222024,0,0.013713472416860455,0
2025-03-20 13:00:00+07:00,107.0,9.2,35.0,/dl/web/weather/ic-w-04-scattered-clouds-full.svg,Hà Nội,0.07277098119964245,0,-0.23029858882445278,0
2025-03-20 14:00:00+07:00,86.0,8.5,30.0,/dl/web/weather/ic-w-04-scattered-clouds-full.svg,Hà Nội,-0.40679934249915806,0,-0.33705386561752715,0
2025-03-20 15:00:00+07:00,81.0,8.5,29.0,/dl/web/weather/ic-w-01-clear-sky-full.svg,Hà Nội,-0.5209827529036344,0,-0.33705386561752715,0
2025-03-20 16:00:00+07:00,88.0,8.0,29.0,/dl/web/weather/ic-w-04-scattered-clouds-full.svg,Hà Nội,-0.36112597833736754,0,-0.41330763475543747,0
2025-03-20 17:00:00+07:00,90.0,7.4,29.0,/dl/web/weather/ic-w-04-scattered-clouds-full.svg,Hà Nội,-0.315452614175577,0,-0.5048121577209298,0
2025-03-20 18:00:00+07:00,88.0,6.8,30.0,/dl/web/weather/ic-w-04-scattered-clouds-full.svg,Hà Nội,-0.36112597833736754,0,-0.5963166806864223,0
2025-03-20 19:00:00+07:00,107.0,9.7,37.0,/dl/web/weather/ic-w-04-scattered-clouds-full.svg,Hà Nội,0.07277098119964245,0,-0.15404481968654246,0
2025-03-20 20:00:00+07:00,151.0,15.9,41.0,/dl/web/weather/ic-w-11-night-few-clouds-full.svg,Hà Nội,1.077584992759034,0,0.7915019176235457,0
2025-03-20 21:00:00+07:00,170.0,15.9,41.0,/dl/web/weather/ic-w-11-night-few-clouds-full.svg,Hà Nội,1.5114819522960439,0,0.7915019176235457,0
2025-03-20 22:00:00+07:00,176.0,13.0,43.0,/dl/web/weather/ic-w-11-night-few-clouds-full.svg,Hà Nội,1.6485020447814156,0,0.34923005662366574,0
2025-03-20 23:00:00+07:00,176.0,10.6,46.0,/dl/web/weather/ic-w-11-night-few-clouds-full.svg,Hà Nội,1.6485020447814156,0,-0.016788035238303835,0
2025-03-21 00:00:00+07:00,175.0,10.1,48.0,/dl/web/weather/ic-w-11-night-few-clouds-full.svg,Hà Nội,1.6256653627005202,0,-0.09304180437621416,0
2025-03-21 01:00:00+07:00,178.0,10.0,51.0,/dl/web/weather/ic-w-10-night-clear-sky-full.svg,Hà Nội,1.694175408943206,0,-0.10829255820379617,0
2025-03-21 02:00:00+07:00,175.0,8.5,52.0,/dl/web/weather/ic-w-10-night-clear-sky-full.svg,Hà Nội,1.6256653627005202,0,-0.33705386561752715,0
2025-03-21 03:00:00+07:00,174.0,6.4,51.0,/dl/web/weather/ic-w-10-night-clear-sky-full.svg,Hà Nội,1.602828680619625,0,-0.6573196959967504,0
2025-03-21 04:00:00+07:00,173.0,4.8,51.0,/dl/web/weather/ic-w-04-scattered-clouds-full.svg,Hà Nội,1.5799919985387296,0,-0.9013317572380636,0
2025-03-21 05:00:00+07:00,185.0,3.7,51.0,/dl/web/weather/ic-w-04-scattered-clouds-full.svg,Hà Nội,1.8540321835094729,0,-1.0690900493414661,0
2025-03-21 06:00:00+07:00,198.0,5.8,51.0,/dl/web/weather/ic-w-04-scattered-clouds-full.svg,Hà Nội,2.1509090505611113,0,-0.7488242189622429,0
2025-03-21 08:00:00+07:00,219.0,5.8,43.0,/dl/web/weather/ic-w-01-clear-sky-full.svg,Hà Nội,2.6304793742599117,0,-0.7488242189622429,0
2025-03-21 09:00:00+07:00,233.0,5.6,38.0,/dl/web/weather/ic-w-02-new-clouds-full.svg,Hà Nội,2.9501929233924455,0,-0.7793257266174071,0
2025-03-21 10:00:00+07:00,199.0,6.4,33.0,/dl/web/weather/ic-w-04-scattered-clouds-full.svg,Hà Nội,2.1737457326420064,0,-0.6573196959967504,0
2025-03-21 11:00:00+07:00,199.0,6.4,33.0,/dl/web/weather/ic-w-04-scattered-clouds-full.svg,Hà Nội,2.1737457326420064,0,-0.6573196959967504,0
2025-03-21 12:00:00+07:00,188.0,7.9,30.0,/dl/web/weather/ic-w-04-scattered-clouds-full.svg,Hà Nội,1.9225422297521586,0,-0.4285583885830195,0
2025-03-21 13:00:00+07:00,179.0,8.9,28.0,/dl/web/weather/ic-w-02-new-clouds-full.svg,Hà Nội,1.7170120910241014,0,-0.27605085030719884,0
2025-03-21 14:00:00+07:00,180.0,9.7,27.0,/dl/web/weather/ic-w-02-new-clouds-full.svg,Hà Nội,1.7398487731049965,0,-0.15404481968654246,0
2025-03-21 15:00:00+07:00,175.0,10.6,27.0,/dl/web/weather/ic-w-02-new-clouds-full.svg,Hà Nội,1.6256653627005202,0,-0.016788035238303835,0
2025-03-21 16:00:00+07:00,167.0,11.7,27.0,/dl/web/weather/ic-w-01-clear-sky-full.svg,Hà Nội,1.4429719060533581,0,0.15097025686509882,0
2025-03-21 17:00:00+07:00,165.0,14.6,28.0,/dl/web/weather/ic-w-01-clear-sky-full.svg,Hà Nội,1.3972985418915675,0,0.5932421178649787,0
2025-03-21 18:00:00+07:00,173.0,21.1,33.0,/dl/web/weather/ic-w-01-clear-sky-full.svg,Hà Nội,1.5799919985387296,0,1.5845411166578132,0
2025-03-21 19:00:00+07:00,172.0,22.4,40.0,/dl/web/weather/ic-w-01-clear-sky-full.svg,Hà Nội,1.5571553164578344,0,1.7828009164163796,0
2025-03-21 20:00:00+07:00,176.0,18.5,43.0,/dl/web/weather/ic-w-04-scattered-clouds-full.svg,Hà Nội,1.6485020447814156,0,1.1880215171406794,0
2025-03-21 21:00:00+07:00,168.0,18.5,43.0,/dl/web/weather/ic-w-04-scattered-clouds-full.svg,Hà Nội,1.4658085881342535,0,1.1880215171406794,0
2025-03-21 22:00:00+07:00,160.0,15.9,48.0,/dl/web/weather/ic-w-04-scattered-clouds-full.svg,Hà Nội,1.2831151314870912,0,0.7915019176235457,0
2025-03-21 23:00:00+07:00,162.0,15.8,53.0,/dl/web/weather/ic-w-04-scattered-clouds-full.svg,Hà Nội,1.3287884956488818,0,0.7762511637959637,0
2025-03-22 00:00:00+07:00,164.0,14.6,56.0,/dl/web/weather/ic-w-04-scattered-clouds-full.svg,Hà Nội,1.3744618598106724,0,0.5932421178649787,0
2025-03-22 01:00:00+07:00,172.0,12.6,60.0,/dl/web/weather/ic-w-04-scattered-clouds-full.svg,Hà Nội,1.5571553164578344,0,0.28822704131333743,0
2025-03-22 02:00:00+07:00,177.0,9.8,63.0,/dl/web/weather/ic-w-04-scattered-clouds-full.svg,Hà Nội,1.6713387268623108,0,-0.13879406585896018,0
2025-03-22 03:00:00+07:00,180.0,10.1,66.0,/dl/web/weather/ic-w-04-scattered-clouds-full.svg,Hà Nội,1.7398487731049965,0,-0.09304180437621416,0
2025-03-22 04:00:00+07:00,183.0,10.0,69.0,/dl/web/weather/ic-w-04-scattered-clouds-full.svg,Hà Nội,1.8083588193476823,0,-0.10829255820379617,0
2025-03-22 05:00:00+07:00,188.0,8.9,72.0,/dl/web/weather/ic-w-04-scattered-clouds-full.svg,Hà Nội,1.9225422297521586,0,-0.27605085030719884,0
2025-03-22 06:00:00+07:00,194.0,8.9,73.0,/dl/web/weather/ic-w-04-scattered-clouds-full.svg,Hà Nội,2.05956232223753,0,-0.27605085030719884,0
2025-03-22 07:00:00+07:00,193.0,6.6,70.0,/dl/web/weather/ic-w-04-scattered-clouds-full.svg,Hà Nội,2.036725640156635,0,-0.6268181883415864,0
2025-03-22 08:00:00+07:00,215.0,8.0,59.0,/dl/web/weather/ic-w-02-new-clouds-full.svg,Hà Nội,2.5391326459363306,0,-0.41330763475543747,0
2025-03-22 10:00:00+07:00,169.0,10.0,41.0,/dl/web/weather/ic-w-04-scattered-clouds-full.svg,Hà Nội,1.4886452702151487,0,-0.10829255820379617,0
2025-03-22 11:00:00+07:00,168.0,10.0,41.0,/dl/web/weather/ic-w-04-scattered-clouds-full.svg,Hà Nội,1.4658085881342535,0,-0.10829255820379617,0
2025-03-22 12:00:00+07:00,157.0,10.3,38.0,/dl/web/weather/ic-w-04-scattered-clouds-full.svg,Hà Nội,1.2146050852444055,0,-0.06254029672104987,0
2025-03-22 13:00:00+07:00,157.0,11.4,37.0,/dl/web/weather/ic-w-04-scattered-clouds-full.svg,Hà Nội,1.2146050852444055,0,0.10521799538235278,0
2025-03-22 14:00:00+07:00,156.0,11.9,35.0,/dl/web/weather/ic-w-04-scattered-clouds-full.svg,Hà Nội,1.1917684031635103,0,0.18147176452026312,0
2025-03-22 15:00:00+07:00,151.0,11.7,34.0,/dl/web/weather/ic-w-01-clear-sky-full.svg,Hà Nội,1.077584992759034,0,0.15097025686509882,0
2025-03-22 16:00:00+07:00,153.0,13.0,34.0,/dl/web/weather/ic-w-01-clear-sky-full.svg,Hà Nội,1.1232583569208245,0,0.34923005662366574,0
2025-03-22 17:00:00+07:00,160.0,15.8,36.0,/dl/web/weather/ic-w-01-clear-sky-full.svg,Hà Nội,1.2831151314870912,0,0.7762511637959637,0
2025-03-22 18:00:00+07:00,165.0,18.5,40.0,/dl/web/weather/ic-w-01-clear-sky-full.svg,Hà Nội,1.3972985418915675,0,1.1880215171406794,0
2025-03-22 19:00:00+07:00,159.0,21.2,50.0,/dl/web/weather/ic-w-01-clear-sky-full.svg,Hà Nội,1.260278449406196,0,1.5997918704853948,0
2025-03-22 20:00:00+07:00,153.0,18.3,62.0,/dl/web/weather/ic-w-10-night-clear-sky-full.svg,Hà Nội,1.1232583569208245,0,1.1575200094855154,0
2025-03-22 21:00:00+07:00,158.0,18.3,62.0,/dl/web/weather/ic-w-10-night-clear-sky-full.svg,Hà Nội,1.2374417673253009,0,1.1575200094855154,0
2025-03-22 22:00:00+07:00,161.0,15.9,65.0,/dl/web/weather/ic-w-10-night-clear-sky-full.svg,Hà Nội,1.3059518135679866,0,0.7915019176235457,0
2025-03-22 23:00:00+07:00,171.0,14.5,68.0,/dl/web/weather/ic-w-10-night-clear-sky-full.svg,Hà Nội,1.5343186343769393,0,0.5779913640373967,0
2025-03-23 00:00:00+07:00,166.0,14.5,70.0,/dl/web/weather/ic-w-10-night-clear-sky-full.svg,Hà Nội,1.420135223972463,0,0.5779913640373967,0
2025-03-23 01:00:00+07:00,168.0,15.4,72.0,/dl/web/weather/ic-w-10-night-clear-sky-full.svg,Hà Nội,1.4658085881342535,0,0.7152481484856353,0
2025-03-23 02:00:00+07:00,177.0,15.4,74.0,/dl/web/weather/ic-w-11-night-few-clouds-full.svg,Hà Nội,1.6713387268623108,0,0.7152481484856353,0
2025-03-23 03:00:00+07:00,176.0,12.4,75.0,/dl/web/weather/ic-w-04-scattered-clouds-full.svg,Hà Nội,1.6485020447814156,0,0.2577255336581734,0
2025-03-23 04:00:00+07:00,177.0,10.8,79.0,/dl/web/weather/ic-w-04-scattered-clouds-full.svg,Hà Nội,1.6713387268623108,0,0.013713472416860455,0
2025-03-23 05:00:00+07:00,175.0,9.3,81.0,/dl/web/weather/ic-w-11-night-few-clouds-full.svg,Hà Nội,1.6256653627005202,0,-0.2150478349968705,0
2025-03-23 06:00:00+07:00,175.0,9.2,83.0,/dl/web/weather/ic-w-11-night-few-clouds-full.svg,Hà Nội,1.6256653627005202,0,-0.23029858882445278,0
2025-03-23 07:00:00+07:00,183.0,9.8,81.0,/dl/web/weather/ic-w-01-clear-sky-full.svg,Hà Nội,1.8083588193476823,0,-0.13879406585896018,0
2025-03-23 08:00:00+07:00,182.0,11.3,73.0,/dl/web/weather/ic-w-01-clear-sky-full.svg,Hà Nội,1.785522137266787,0,0.08996724155477077,0
2025-03-23 09:00:00+07:00,180.0,12.6,66.0,/dl/web/weather/ic-w-01-clear-sky-full.svg,Hà Nội,1.7398487731049965,0,0.28822704131333743,0
2025-03-23 10:00:00+07:00,185.0,14.5,59.0,/dl/web/weather/ic-w-02-new-clouds-full.svg,Hà Nội,1.8540321835094729,0,0.5779913640373967,0
2025-03-23 11:00:00+07:00,187.0,14.5,59.0,/dl/web/weather/ic-w-02-new-clouds-full.svg,Hà Nội,1.8997055476712634,0,0.5779913640373967,0
2025-03-23 12:00:00+07:00,182.0,14.5,52.0,/dl/web/weather/ic-w-04-scattered-clouds-full.svg,Hà Nội,1.785522137266787,0,0.5779913640373967,0
2025-03-23 13:00:00+07:00,179.0,14.3,48.0,/dl/web/weather/ic-w-04-scattered-clouds-full.svg,Hà Nội,1.7170120910241014,0,0.5474898563822327,0
2025-03-23 14:00:00+07:00,174.0,13.7,44.0,/dl/web/weather/ic-w-04-scattered-clouds-full.svg,Hà Nội,1.602828680619625,0,0.4559853334167401,0
2025-03-23 15:00:00+07:00,163.0,13.0,42.0,/dl/web/weather/ic-w-01-clear-sky-full.svg,Hà Nội,1.3516251777297772,0,0.34923005662366574,0
2025-03-23 16:00:00+07:00,164.0,14.3,41.0,/dl/web/weather/ic-w-01-clear-sky-full.svg,Hà Nội,1.3744618598106724,0,0.5474898563822327,0
2025-03-23 17:00:00+07:00,165.0,17.1,42.0,/dl/web/weather/ic-w-01-clear-sky-full.svg,Hà Nội,1.3972985418915675,0,0.9745109635545306,0
2025-03-23 18:00:00+07:00,159.0,22.2,45.0,/dl/web/weather/ic-w-01-clear-sky-full.svg,Hà Nội,1.260278449406196,0,1.7522994087612156,0
2025-03-23 19:00:00+07:00,157.0,24.3,52.0,/dl/web/weather/ic-w-01-clear-sky-full.svg,Hà Nội,1.2146050852444055,0,2.072565239140439,0
2025-03-23 20:00:00+07:00,158.0,22.2,65.0,/dl/web/weather/ic-w-10-night-clear-sky-full.svg,Hà Nội,1.2374417673253009,0,1.7522994087612156,0
2025-03-23 21:00:00+07:00,158.0,22.2,65.0,/dl/web/weather/ic-w-10-night-clear-sky-full.svg,Hà Nội,1.2374417673253009,0,1.7522994087612156,0
2025-03-23 22:00:00+07:00,156.0,20.1,70.0,/dl/web/weather/ic-w-10-night-clear-sky-full.svg,Hà Nội,1.1917684031635103,0,1.4320335783819926,0
2025-03-23 23:00:00+07:00,157.0,19.3,73.0,/dl/web/weather/ic-w-10-night-clear-sky-full.svg,Hà Nội,1.2146050852444055,0,1.310027547761336,0
2025-03-24 01:00:00+07:00,156.0,12.6,80.0,/dl/web/weather/ic-w-10-night-clear-sky-full.svg,Hà Nội,1.1917684031635103,0,0.28822704131333743,0
2025-03-24 02:00:00+07:00,159.0,11.6,82.0,/dl/web/weather/ic-w-10-night-clear-sky-full.svg,Hà Nội,1.260278449406196,0,0.13571950303751681,0
2025-03-24 03:00:00+07:00,161.0,10.3,83.0,/dl/web/weather/ic-w-10-night-clear-sky-full.svg,Hà Nội,1.3059518135679866,0,-0.06254029672104987,0
2025-03-24 04:00:00+07:00,173.0,8.5,84.0,/dl/web/weather/ic-w-10-night-clear-sky-full.svg,Hà Nội,1.5799919985387296,0,-0.33705386561752715,0
2025-03-24 05:00:00+07:00,177.0,6.6,86.0,/dl/web/weather/ic-w-10-night-clear-sky-full.svg,Hà Nội,1.6713387268623108,0,-0.6268181883415864,0
2025-03-24 06:00:00+07:00,181.0,5.8,87.0,/dl/web/weather/ic-w-10-night-clear-sky-full.svg,Hà Nội,1.7626854551858917,0,-0.7488242189622429,0
2025-03-24 07:00:00+07:00,188.0,5.3,87.0,/dl/web/weather/ic-w-01-clear-sky-full.svg,Hà Nội,1.9225422297521586,0,-0.8250779881001532,0
2025-03-24 08:00:00+07:00,189.0,6.4,73.0,/dl/web/weather/ic-w-01-clear-sky-full.svg,Hà Nội,1.945378911833054,0,-0.6573196959967504,0
2025-03-24 09:00:00+07:00,194.0,8.9,63.0,/dl/web/weather/ic-w-01-clear-sky-full.svg,Hà Nội,2.05956232223753,0,-0.27605085030719884,0
2025-03-24 10:00:00+07:00,186.0,8.9,63.0,/dl/web/weather/ic-w-01-clear-sky-full.svg,Hà Nội,1.876868865590368,0,-0.27605085030719884,0
2025-03-24 11:00:00+07:00,186.0,8.0,54.0,/dl/web/weather/ic-w-01-clear-sky-full.svg,Hà Nội,1.876868865590368,0,-0.41330763475543747,0
2025-03-24 12:00:00+07:00,185.0,7.6,47.0,/dl/web/weather/ic-w-01-clear-sky-full.svg,Hà Nội,1.8540321835094729,0,-0.4743106500657658,0
2025-03-24 13:00:00+07:00,174.0,8.5,43.0,/dl/web/weather/ic-w-01-clear-sky-full.svg,Hà Nội,1.602828680619625,0,-0.33705386561752715,0
2025-03-24 14:00:00+07:00,170.0,10.3,40.0,/dl/web/weather/ic-w-01-clear-sky-full.svg,Hà Nội,1.5114819522960439,0,-0.06254029672104987,0
2025-03-24 15:00:00+07:00,183.0,10.5,39.0,/dl/web/weather/ic-w-01-clear-sky-full.svg,Hà Nội,1.8083588193476823,0,-0.03203878906588584,0
2025-03-24 16:00:00+07:00,180.0,10.5,39.0,/dl/web/weather/ic-w-01-clear-sky-full.svg,Hà Nội,1.7398487731049965,0,-0.03203878906588584,0
2025-03-24 17:00:00+07:00,172.0,14.0,39.0,/dl/web/weather/ic-w-01-clear-sky-full.svg,Hà Nội,1.5571553164578344,0,0.5017375948994864,0
2025-03-24 18:00:00+07:00,163.0,19.3,43.0,/dl/web/weather/ic-w-01-clear-sky-full.svg,Hà Nội,1.3516251777297772,0,1.310027547761336,0
2025-03-24 19:00:00+07:00,169.0,23.5,55.0,/dl/web/weather/ic-w-01-clear-sky-full.svg,Hà Nội,1.4886452702151487,0,1.9505592085197825,0
2025-03-24 20:00:00+07:00,173.0,21.4,64.0,/dl/web/weather/ic-w-04-scattered-clouds-full.svg,Hà Nội,1.5799919985387296,0,1.6302933781405589,0
2025-03-24 21:00:00+07:00,181.0,21.4,64.0,/dl/web/weather/ic-w-04-scattered-clouds-full.svg,Hà Nội,1.7626854551858917,0,1.6302933781405589,0
2025-03-24 22:00:00+07:00,172.0,21.7,71.0,/dl/web/weather/ic-w-11-night-few-clouds-full.svg,Hà Nội,1.5571553164578344,0,1.6760456396233052,0
2025-03-24 23:00:00+07:00,174.0,21.1,75.0,/dl/web/weather/ic-w-11-night-few-clouds-full.svg,Hà Nội,1.602828680619625,0,1.5845411166578132,0
2025-03-25 00:00:00+07:00,166.0,20.1,79.0,/dl/web/weather/ic-w-11-night-few-clouds-full.svg,Hà Nội,1.420135223972463,0,1.4320335783819926,0
2025-03-25 01:00:00+07:00,162.0,17.4,81.0,/dl/web/weather/ic-w-10-night-clear-sky-full.svg,Hà Nội,1.3287884956488818,0,1.0202632250372763,0
2025-03-25 02:00:00+07:00,159.0,15.8,84.0,/dl/web/weather/ic-w-10-night-clear-sky-full.svg,Hà Nội,1.260278449406196,0,0.7762511637959637,0
2025-03-25 03:00:00+07:00,156.0,12.1,84.0,/dl/web/weather/ic-w-10-night-clear-sky-full.svg,Hà Nội,1.1917684031635103,0,0.21197327217542714,0
2025-03-25 04:00:00+07:00,154.0,10.8,87.0,/dl/web/weather/ic-w-10-night-clear-sky-full.svg,Hà Nội,1.1460950390017197,0,0.013713472416860455,0
2025-03-25 05:00:00+07:00,155.0,9.2,89.0,/dl/web/weather/ic-w-10-night-clear-sky-full.svg,Hà Nội,1.1689317210826151,0,-0.23029858882445278,0
2025-03-25 06:00:00+07:00,156.0,8.9,91.0,/dl/web/weather/ic-w-10-night-clear-sky-full.svg,Hà Nội,1.1917684031635103,0,-0.27605085030719884,0
2025-03-25 07:00:00+07:00,157.0,9.3,92.0,/dl/web/weather/ic-w-01-clear-sky-full.svg,Hà Nội,1.2146050852444055,0,-0.2150478349968705,0
2025-03-25 08:00:00+07:00,166.0,11.3,72.0,/dl/web/weather/ic-w-06-rain-full.svg,Hà Nội,1.420135223972463,0,0.08996724155477077,0
2025-03-25 09:00:00+07:00,176.0,11.3,72.0,/dl/web/weather/ic-w-06-rain-full.svg,Hà Nội,1.6485020447814156,0,0.08996724155477077,0
2025-03-25 10:00:00+07:00,183.0,11.3,72.0,/dl/web/weather/ic-w-06-rain-full.svg,Hà Nội,1.8083588193476823,0,0.08996724155477077,0
2025-03-25 11:00:00+07:00,184.0,10.0,54.0,/dl/web/weather/ic-w-01-clear-sky-full.svg,Hà Nội,1.8311955014285777,0,-0.10829255820379617,0
2025-03-25 12:00:00+07:00,195.0,10.0,48.0,/dl/web/weather/ic-w-01-clear-sky-full.svg,Hà Nội,2.0823990043184253,0,-0.10829255820379617,0
2025-03-25 13:00:00+07:00,198.0,10.3,43.0,/dl/web/weather/ic-w-01-clear-sky-full.svg,Hà Nội,2.1509090505611113,0,-0.06254029672104987,0
2025-03-25 14:00:00+07:00,202.0,10.8,39.0,/dl/web/weather/ic-w-01-clear-sky-full.svg,Hà Nội,2.2422557788846924,0,0.013713472416860455,0
2025-03-25 15:00:00+07:00,199.0,10.8,39.0,/dl/web/weather/ic-w-01-clear-sky-full.svg,Hà Nội,2.1737457326420064,0,0.013713472416860455,0
2025-03-25 16:00:00+07:00,200.0,15.8,34.0,/dl/web/weather/ic-w-01-clear-sky-full.svg,Hà Nội,2.1965824147229016,0,0.7762511637959637,0
2025-03-25 17:00:00+07:00,195.0,23.5,38.0,/dl/web/weather/ic-w-01-clear-sky-full.svg,Hà Nội,2.0823990043184253,0,1.9505592085197825,0
2025-03-25 18:00:00+07:00,195.0,24.9,45.0,/dl/web/weather/ic-w-01-clear-sky-full.svg,Hà Nội,2.0823990043184253,0,2.1640697621059313,0
2025-03-25 19:00:00+07:00,190.0,23.2,46.0,/dl/web/weather/ic-w-01-clear-sky-full.svg,Hà Nội,1.9682155939139492,0,1.9048069470370361,0
2025-03-25 20:00:00+07:00,174.0,23.7,62.0,/dl/web/weather/ic-w-10-night-clear-sky-full.svg,Hà Nội,1.602828680619625,0,1.9810607161749465,0
2025-03-25 21:00:00+07:00,179.0,23.7,62.0,/dl/web/weather/ic-w-10-night-clear-sky-full.svg,Hà Nội,1.7170120910241014,0,1.9810607161749465,0
2025-03-25 22:00:00+07:00,158.0,20.8,68.0,/dl/web/weather/ic-w-11-night-few-clouds-full.svg,Hà Nội,1.2374417673253009,0,1.5387888551750668,0
2025-03-26 00:00:00+07:00,110.0,20.1,75.0,/dl/web/weather/ic-w-11-night-few-clouds-full.svg,Hà Nội,0.14128102744232823,0,1.4320335783819926,0
2025-03-26 01:00:00+07:00,106.0,18.8,78.0,/dl/web/weather/ic-w-11-night-few-clouds-full.svg,Hà Nội,0.04993429911874719,0,1.2337737786234255,0
2025-03-26 02:00:00+07:00,102.0,14.5,79.0,/dl/web/weather/ic-w-11-night-few-clouds-full.svg,Hà Nội,-0.04141242920483386,0,0.5779913640373967,0
2025-03-26 03:00:00+07:00,97.0,13.8,83.0,/dl/web/weather/ic-w-04-scattered-clouds-full.svg,Hà Nội,-0.15559583960931017,0,0.47123608724432237,0
2025-03-26 04:00:00+07:00,105.0,10.0,85.0,/dl/web/weather/ic-w-04-scattered-clouds-full.svg,Hà Nội,0.027097617037851927,0,-0.10829255820379617,0
2025-03-26 05:00:00+07:00,107.0,9.3,87.0,/dl/web/weather/ic-w-04-scattered-clouds-full.svg,Hà Nội,0.07277098119964245,0,-0.2150478349968705,0
2025-03-26 06:00:00+07:00,117.0,9.3,89.0,/dl/web/weather/ic-w-04-scattered-clouds-full.svg,Hà Nội,0.3011378020085951,0,-0.2150478349968705,0
2025-03-26 07:00:00+07:00,137.0,8.4,91.0,/dl/web/weather/ic-w-04-scattered-clouds-full.svg,Hà Nội,0.7578714436265003,0,-0.35230461944510916,0
2025-03-26 08:00:00+07:00,165.0,10.0,76.0,/dl/web/weather/ic-w-02-new-clouds-full.svg,Hà Nội,1.3972985418915675,0,-0.10829255820379617,0
2025-03-26 09:00:00+07:00,169.0,9.7,64.0,/dl/web/weather/ic-w-06-rain-full.svg,Hà Nội,1.4886452702151487,0,-0.15404481968654246,0
2025-03-26 10:00:00+07:00,179.0,10.3,55.0,/dl/web/weather/ic-w-06-rain-full.svg,Hà Nội,1.7170120910241014,0,-0.06254029672104987,0
2025-03-26 11:00:00+07:00,175.0,10.3,55.0,/dl/web/weather/ic-w-06-rain-full.svg,Hà Nội,1.6256653627005202,0,-0.06254029672104987,0
2025-03-26 12:00:00+07:00,180.0,11.6,46.0,/dl/web/weather/ic-w-01-clear-sky-full.svg,Hà Nội,1.7398487731049965,0,0.13571950303751681,0
2025-03-26 13:00:00+07:00,180.0,12.7,39.0,/dl/web/weather/ic-w-01-clear-sky-full.svg,Hà Nội,1.7398487731049965,0,0.30347779514091944,0
2025-03-26 14:00:00+07:00,179.0,15.9,34.0,/dl/web/weather/ic-w-01-clear-sky-full.svg,Hà Nội,1.7170120910241014,0,0.7915019176235457,0
2025-03-26 15:00:00+07:00,181.0,21.6,48.0,/dl/web/weather/ic-w-01-clear-sky-full.svg,Hà Nội,1.7626854551858917,0,1.6607948857957235,0
2025-03-26 16:00:00+07:00,183.0,26.4,50.0,/dl/web/weather/ic-w-01-clear-sky-full.svg,Hà Nội,1.8083588193476823,0,2.392831069519662,0
2025-03-26 17:00:00+07:00,170.0,24.6,64.0,/dl/web/weather/ic-w-01-clear-sky-full.svg,Hà Nội,1.5114819522960439,0,2.1183175006231854,0
2025-03-26 18:00:00+07:00,161.0,23.2,69.0,/dl/web/weather/ic-w-01-clear-sky-full.svg,Hà Nội,1.3059518135679866,0,1.9048069470370361,0
2025-03-26 19:00:00+07:00,155.0,18.5,72.0,/dl/web/weather/ic-w-01-clear-sky-full.svg,Hà Nội,1.1689317210826151,0,1.1880215171406794,0
2025-03-26 20:00:00+07:00,153.0,20.3,74.0,/dl/web/weather/ic-w-04-scattered-clouds-full.svg,Hà Nội,1.1232583569208245,0,1.4625350860371567,0
2025-03-26 21:00:00+07:00,162.0,20.3,74.0,/dl/web/weather/ic-w-04-scattered-clouds-full.svg,Hà Nội,1.3287884956488818,0,1.4625350860371567,0
2025-03-26 22:00:00+07:00,162.0,22.0,79.0,/dl/web/weather/ic-w-04-scattered-clouds-full.svg,Hà Nội,1.3287884956488818,0,1.7217979011060516,0
2025-03-26 23:00:00+07:00,162.0,19.5,80.0,/dl/web/weather/ic-w-04-scattered-clouds-full.svg,Hà Nội,1.3287884956488818,0,1.3405290554165,0
2025-03-27 00:00:00+07:00,160.0,18.5,80.0,/dl/web/weather/ic-w-04-scattered-clouds-full.svg,Hà Nội,1.2831151314870912,0,1.1880215171406794,0
2025-03-27 01:00:00+07:00,156.0,16.7,84.0,/dl/web/weather/ic-w-04-scattered-clouds-full.svg,Hà Nội,1.1917684031635103,0,0.913507948244202,0
2025-03-27 02:00:00+07:00,158.0,14.0,86.0,/dl/web/weather/ic-w-04-scattered-clouds-full.svg,Hà Nội,1.2374417673253009,0,0.5017375948994864,0
2025-03-27 03:00:00+07:00,161.0,14.3,86.0,/dl/web/weather/ic-w-04-scattered-clouds-full.svg,Hà Nội,1.3059518135679866,0,0.5474898563822327,0
2025-03-27 04:00:00+07:00,158.0,12.2,86.0,/dl/web/weather/ic-w-04-scattered-clouds-full.svg,Hà Nội,1.2374417673253009,0,0.22722402600300914,0
2025-03-27 05:00:00+07:00,154.0,13.5,89.0,/dl/web/weather/ic-w-04-scattered-clouds-full.svg,Hà Nội,1.1460950390017197,0,0.42548382576157606,0
2025-03-27 06:00:00+07:00,153.0,13.7,89.0,/dl/web/weather/ic-w-04-scattered-clouds-full.svg,Hà Nội,1.1232583569208245,0,0.4559853334167401,0
2025-03-27 07:00:00+07:00,157.0,13.0,89.0,/dl/web/weather/ic-w-04-scattered-clouds-full.svg,Hà Nội,1.2146050852444055,0,0.34923005662366574,0
2025-03-27 08:00:00+07:00,151.0,15.6,91.0,/dl/web/weather/ic-w-04-scattered-clouds-full.svg,Hà Nội,1.077584992759034,0,0.7457496561407994,0
2025-03-27 09:00:00+07:00,133.0,14.2,88.0,/dl/web/weather/ic-w-04-scattered-clouds-full.svg,Hà Nội,0.6665247153029192,0,0.5322391025546505,0
2025-03-27 10:00:00+07:00,139.0,12.7,83.0,/dl/web/weather/ic-w-04-scattered-clouds-full.svg,Hà Nội,0.8035448077882908,0,0.30347779514091944,0
2025-03-27 11:00:00+07:00,138.0,12.7,83.0,/dl/web/weather/ic-w-04-scattered-clouds-full.svg,Hà Nội,0.7807081257073956,0,0.30347779514091944,0
2025-03-27 12:00:00+07:00,139.0,12.6,79.0,/dl/web/weather/ic-w-04-scattered-clouds-full.svg,Hà Nội,0.8035448077882908,0,0.28822704131333743,0
2025-03-27 13:00:00+07:00,151.0,15.8,63.0,/dl/web/weather/ic-w-04-scattered-clouds-full.svg,Hà Nội,1.077584992759034,0,0.7762511637959637,0
2025-03-27 14:00:00+07:00,145.0,25.7,31.0,/dl/web/weather/ic-w-01-clear-sky-full.svg,Hà Nội,0.9405649002736624,0,2.286075792726588,0
2025-03-27 15:00:00+07:00,152.0,29.3,38.0,/dl/web/weather/ic-w-02-new-clouds-full.svg,Hà Nội,1.1004216748399291,0,2.8351029305195423,0
2025-03-27 16:00:00+07:00,157.0,29.3,38.0,/dl/web/weather/ic-w-02-new-clouds-full.svg,Hà Nội,1.2146050852444055,0,2.8351029305195423,0
2025-03-27 17:00:00+07:00,158.0,24.9,74.0,/dl/web/weather/ic-w-01-clear-sky-full.svg,Hà Nội,1.2374417673253009,0,2.1640697621059313,0
2025-03-27 18:00:00+07:00,159.0,24.0,73.0,/dl/web/weather/ic-w-01-clear-sky-full.svg,Hà Nội,1.260278449406196,0,2.0268129776576926,0
2025-03-27 19:00:00+07:00,167.0,21.1,84.0,/dl/web/weather/ic-w-11-night-few-clouds-full.svg,Hà Nội,1.4429719060533581,0,1.5845411166578132,0
2025-03-27 20:00:00+07:00,166.0,16.9,94.0,/dl/web/weather/ic-w-10-night-clear-sky-full.svg,Hà Nội,1.420135223972463,0,0.944009455899366,0
2025-03-27 21:00:00+07:00,172.0,16.9,94.0,/dl/web/weather/ic-w-10-night-clear-sky-full.svg,Hà Nội,1.5571553164578344,0,0.944009455899366,0
2025-03-27 22:00:00+07:00,167.0,16.4,95.0,/dl/web/weather/ic-w-11-night-few-clouds-full.svg,Hà Nội,1.4429719060533581,0,0.8677556867614558,0
2025-03-27 23:00:00+07:00,163.0,12.7,96.0,/dl/web/weather/ic-w-04-scattered-clouds-full.svg,Hà Nội,1.3516251777297772,0,0.30347779514091944,0
2025-03-28 00:00:00+07:00,160.0,12.7,96.0,/dl/web/weather/ic-w-04-scattered-clouds-full.svg,Hà Nội,1.2831151314870912,0,0.30347779514091944,0
2025-03-28 01:00:00+07:00,156.0,13.2,96.0,/dl/web/weather/ic-w-04-scattered-clouds-full.svg,Hà Nội,1.1917684031635103,0,0.37973156427882976,0
2025-03-28 02:00:00+07:00,154.0,12.1,96.0,/dl/web/weather/ic-w-04-scattered-clouds-full.svg,Hà Nội,1.1460950390017197,0,0.21197327217542714,0
2025-03-28 03:00:00+07:00,151.0,10.5,94.0,/dl/web/weather/ic-w-04-scattered-clouds-full.svg,Hà Nội,1.077584992759034,0,-0.03203878906588584,0
2025-03-28 04:00:00+07:00,153.0,10.5,94.0,/dl/web/weather/ic-w-04-scattered-clouds-full.svg,Hà Nội,1.1232583569208245,0,-0.03203878906588584,0
2025-03-28 05:00:00+07:00,159.0,9.8,94.0,/dl/web/weather/ic-w-04-scattered-clouds-full.svg,Hà Nội,1.260278449406196,0,-0.13879406585896018,0
2025-03-28 06:00:00+07:00,163.0,8.4,94.0,/dl/web/weather/ic-w-04-scattered-clouds-full.svg,Hà Nội,1.3516251777297772,0,-0.35230461944510916,0
2025-03-28 07:00:00+07:00,160.0,7.6,90.0,/dl/web/weather/ic-w-04-scattered-clouds-full.svg,Hà Nội,1.2831151314870912,0,-0.4743106500657658,0
2025-03-28 08:00:00+07:00,166.0,6.6,89.0,/dl/web/weather/ic-w-04-scattered-clouds-full.svg,Hà Nội,1.420135223972463,0,-0.6268181883415864,0
2025-03-28 10:00:00+07:00,164.0,6.1,79.0,/dl/web/weather/ic-w-04-scattered-clouds-full.svg,Hà Nội,1.3744618598106724,0,-0.7030719574794967,0
2025-03-28 11:00:00+07:00,163.0,7.6,78.0,/dl/web/weather/ic-w-04-scattered-clouds-full.svg,Hà Nội,1.3516251777297772,0,-0.4743106500657658,0
2025-03-28 12:00:00+07:00,162.0,7.6,78.0,/dl/web/weather/ic-w-04-scattered-clouds-full.svg,Hà Nội,1.3287884956488818,0,-0.4743106500657658,0
2025-03-28 13:00:00+07:00,162.0,10.3,68.0,/dl/web/weather/ic-w-04-scattered-clouds-full.svg,Hà Nội,1.3287884956488818,0,-0.06254029672104987,0
2025-03-28 14:00:00+07:00,159.0,10.3,68.0,/dl/web/weather/ic-w-04-scattered-clouds-full.svg,Hà Nội,1.260278449406196,0,-0.06254029672104987,0
2025-03-28 15:00:00+07:00,155.0,16.9,65.0,/dl/web/weather/ic-w-04-scattered-clouds-full.svg,Hà Nội,1.1689317210826151,0,0.944009455899366,0
2025-03-28 16:00:00+07:00,144.0,16.9,69.0,/dl/web/weather/ic-w-04-scattered-clouds-full.svg,Hà Nội,0.9177282181927672,0,0.944009455899366,0
2025-03-28 17:00:00+07:00,141.0,19.3,73.0,/dl/web/weather/ic-w-04-scattered-clouds-full.svg,Hà Nội,0.8492181719500813,0,1.310027547761336,0
2025-03-28 18:00:00+07:00,127.0,19.3,73.0,/dl/web/weather/ic-w-04-scattered-clouds-full.svg,Hà Nội,0.5295046228175477,0,1.310027547761336,0
2025-03-28 19:00:00+07:00,142.0,17.4,82.0,/dl/web/weather/ic-w-04-scattered-clouds-full.svg,Hà Nội,0.8720548540309766,0,1.0202632250372763,0
2025-03-28 20:00:00+07:00,123.0,16.1,83.0,/dl/web/weather/ic-w-11-night-few-clouds-full.svg,Hà Nội,0.43815789449396664,0,0.82200342527871,0
2025-03-28 21:00:00+07:00,155.0,16.1,83.0,/dl/web/weather/ic-w-11-night-few-clouds-full.svg,Hà Nội,1.1689317210826151,0,0.82200342527871,0
2025-03-28 22:00:00+07:00,157.0,16.3,81.0,/dl/web/weather/ic-w-11-night-few-clouds-full.svg,Hà Nội,1.2146050852444055,0,0.852504932933874,0
2025-03-28 23:00:00+07:00,163.0,15.6,88.0,/dl/web/weather/ic-w-04-scattered-clouds-full.svg,Hà Nội,1.3516251777297772,0,0.7457496561407994,0
2025-03-29 00:00:00+07:00,165.0,14.6,87.0,/dl/web/weather/ic-w-04-scattered-clouds-full.svg,Hà Nội,1.3972985418915675,0,0.5932421178649787,0
2025-03-29 01:00:00+07:00,167.0,15.0,85.0,/dl/web/weather/ic-w-04-scattered-clouds-full.svg,Hà Nội,1.4429719060533581,0,0.6542451331753071,0
2025-03-29 02:00:00+07:00,162.0,15.8,72.0,/dl/web/weather/ic-w-04-scattered-clouds-full.svg,Hà Nội,1.3287884956488818,0,0.7762511637959637,0
2025-03-29 03:00:00+07:00,161.0,20.9,80.0,/dl/web/weather/ic-w-04-scattered-clouds-full.svg,Hà Nội,1.3059518135679866,0,1.5540396090026487,0
2025-03-29 04:00:00+07:00,164.0,19.8,83.0,/dl/web/weather/ic-w-04-scattered-clouds-full.svg,Hà Nội,1.3744618598106724,0,1.3862813168992463,0
2025-03-29 05:00:00+07:00,162.0,20.8,83.0,/dl/web/weather/ic-w-04-scattered-clouds-full.svg,Hà Nội,1.3287884956488818,0,1.5387888551750668,0
2025-03-29 07:00:00+07:00,124.0,24.1,78.0,/dl/web/weather/ic-w-04-scattered-clouds-full.svg,Hà Nội,0.4609945765748619,0,2.042063731485275,0
2025-03-29 08:00:00+07:00,151.0,22.4,81.0,/dl/web/weather/ic-w-04-scattered-clouds-full.svg,Hà Nội,1.077584992759034,0,1.7828009164163796,0
2025-03-29 09:00:00+07:00,143.0,20.6,77.0,/dl/web/weather/ic-w-04-scattered-clouds-full.svg,Hà Nội,0.8948915361118719,0,1.5082873475199028,0
2025-03-29 10:00:00+07:00,127.0,20.6,77.0,/dl/web/weather/ic-w-04-scattered-clouds-full.svg,Hà Nội,0.5295046228175477,0,1.5082873475199028,0
2025-03-29 11:00:00+07:00,127.0,20.6,77.0,/dl/web/weather/ic-w-04-scattered-clouds-full.svg,Hà Nội,0.5295046228175477,0,1.5082873475199028,0
2025-03-29 12:00:00+07:00,117.0,18.2,70.0,/dl/web/weather/ic-w-04-scattered-clouds-full.svg,Hà Nội,0.3011378020085951,0,1.142269255657933,0
2025-03-29 13:00:00+07:00,99.0,17.1,68.0,/dl/web/weather/ic-w-04-scattered-clouds-full.svg,Hà Nội,-0.10992247544751964,0,0.9745109635545306,0
2025-03-29 14:00:00+07:00,94.0,16.1,65.0,/dl/web/weather/ic-w-04-scattered-clouds-full.svg,Hà Nội,-0.22410588585199595,0,0.82200342527871,0
2025-03-29 15:00:00+07:00,90.0,20.0,63.0,/dl/web/weather/ic-w-04-scattered-clouds-full.svg,Hà Nội,-0.315452614175577,0,1.4167828245544103,0
2025-03-29 16:00:00+07:00,88.0,21.4,63.0,/dl/web/weather/ic-w-04-scattered-clouds-full.svg,Hà Nội,-0.36112597833736754,0,1.6302933781405589,0
2025-03-29 17:00:00+07:00,84.0,19.2,62.0,/dl/web/weather/ic-w-04-scattered-clouds-full.svg,Hà Nội,-0.4524727066609486,0,1.2947767939337536,0
2025-03-29 18:00:00+07:00,76.0,18.8,61.0,/dl/web/weather/ic-w-06-rain-full.svg,Hà Nội,-0.6351661633081107,0,1.2337737786234255,0
2025-03-29 19:00:00+07:00,70.0,16.4,70.0,/dl/web/weather/ic-w-12-night-rain-full.svg,Hà Nội,-0.7721862557934822,0,0.8677556867614558,0
2025-03-29 20:00:00+07:00,69.0,17.9,80.0,/dl/web/weather/ic-w-04-scattered-clouds-full.svg,Hà Nội,-0.7950229378743775,0,1.0965169941751867,0
2025-03-29 21:00:00+07:00,67.0,17.9,80.0,/dl/web/weather/ic-w-04-scattered-clouds-full.svg,Hà Nội,-0.840696302036168,0,1.0965169941751867,0
2025-03-29 22:00:00+07:00,69.0,16.6,86.0,/dl/web/weather/ic-w-04-scattered-clouds-full.svg,Hà Nội,-0.7950229378743775,0,0.8982571944166203,0
2025-03-29 23:00:00+07:00,68.0,16.6,86.0,/dl/web/weather/ic-w-04-scattered-clouds-full.svg,Hà Nội,-0.8178596199552728,0,0.8982571944166203,0
2025-03-30 00:00:00+07:00,58.0,15.8,83.0,/dl/web/weather/ic-w-04-scattered-clouds-full.svg,Hà Nội,-1.0462264407642254,0,0.7762511637959637,0
2025-03-30 01:00:00+07:00,55.0,15.8,83.0,/dl/web/weather/ic-w-04-scattered-clouds-full.svg,Hà Nội,-1.1147364870069112,0,0.7762511637959637,0
2025-03-30 02:00:00+07:00,51.0,19.2,81.0,/dl/web/weather/ic-w-04-scattered-clouds-full.svg,Hà Nội,-1.2060832153304921,0,1.2947767939337536,0
2025-03-30 03:00:00+07:00,53.0,19.0,82.0,/dl/web/weather/ic-w-04-scattered-clouds-full.svg,Hà Nội,-1.1604098511687018,0,1.2642752862785895,0
2025-03-30 04:00:00+07:00,54.0,17.2,78.0,/dl/web/weather/ic-w-04-scattered-clouds-full.svg,Hà Nội,-1.1375731690878064,0,0.9897617173821124,0
2025-03-30 05:00:00+07:00,49.0,16.1,85.0,/dl/web/weather/ic-w-04-scattered-clouds-full.svg,Hà Nội,-1.2517565794922827,0,0.82200342527871,0
2025-03-30 06:00:00+07:00,51.0,16.1,77.0,/dl/web/weather/ic-w-04-scattered-clouds-full.svg,Hà Nội,-1.2060832153304921,0,0.82200342527871,0
2025-03-30 07:00:00+07:00,49.0,14.6,73.0,/dl/web/weather/ic-w-04-scattered-clouds-full.svg,Hà Nội,-1.2517565794922827,0,0.5932421178649787,0
2025-03-30 08:00:00+07:00,49.0,17.1,76.0,/dl/web/weather/ic-w-04-scattered-clouds-full.svg,Hà Nội,-1.2517565794922827,0,0.9745109635545306,0
2025-03-30 09:00:00+07:00,53.0,17.2,69.0,/dl/web/weather/ic-w-04-scattered-clouds-full.svg,Hà Nội,-1.1604098511687018,0,0.9897617173821124,0
2025-03-30 10:00:00+07:00,56.0,17.4,68.0,/dl/web/weather/ic-w-04-scattered-clouds-full.svg,Hà Nội,-1.0918998049260158,0,1.0202632250372763,0
2025-03-30 11:00:00+07:00,56.0,17.4,68.0,/dl/web/weather/ic-w-04-scattered-clouds-full.svg,Hà Nội,-1.0918998049260158,0,1.0202632250372763,0
2025-03-30 12:00:00+07:00,58.0,17.1,65.0,/dl/web/weather/ic-w-04-scattered-clouds-full.svg,Hà Nội,-1.0462264407642254,0,0.9745109635545306,0
2025-03-30 13:00:00+07:00,60.0,17.1,62.0,/dl/web/weather/ic-w-04-scattered-clouds-full.svg,Hà Nội,-1.0005530766024349,0,0.9745109635545306,0
2025-03-30 14:00:00+07:00,62.0,16.9,61.0,/dl/web/weather/ic-w-04-scattered-clouds-full.svg,Hà Nội,-0.9548797124406443,0,0.944009455899366,0
2025-03-30 15:00:00+07:00,64.0,17.1,56.0,/dl/web/weather/ic-w-04-scattered-clouds-full.svg,Hà Nội,-0.9092063482788538,0,0.9745109635545306,0
2025-03-30 16:00:00+07:00,66.0,17.1,56.0,/dl/web/weather/ic-w-04-scattered-clouds-full.svg,Hà Nội,-0.8635329841170633,0,0.9745109635545306,0
2025-03-30 17:00:00+07:00,65.0,16.4,56.0,/dl/web/weather/ic-w-04-scattered-clouds-full.svg,Hà Nội,-0.8863696661979585,0,0.8677556867614558,0
2025-03-30 19:00:00+07:00,69.0,12.6,56.0,/dl/web/weather/ic-w-04-scattered-clouds-full.svg,Hà Nội,-0.7950229378743775,0,0.28822704131333743,0
2025-03-30 20:00:00+07:00,76.0,12.2,58.0,/dl/web/weather/ic-w-04-scattered-clouds-full.svg,Hà Nội,-0.6351661633081107,0,0.22722402600300914,0
2025-03-30 21:00:00+07:00,81.0,12.2,58.0,/dl/web/weather/ic-w-04-scattered-clouds-full.svg,Hà Nội,-0.5209827529036344,0,0.22722402600300914,0
2025-03-30 22:00:00+07:00,77.0,11.6,58.0,/dl/web/weather/ic-w-04-scattered-clouds-full.svg,Hà Nội,-0.6123294812272154,0,0.13571950303751681,0
2025-03-30 23:00:00+07:00,73.0,9.2,61.0,/dl/web/weather/ic-w-04-scattered-clouds-full.svg,Hà Nội,-0.7036762095507965,0,-0.23029858882445278,0
2025-03-31 00:00:00+07:00,71.0,9.2,61.0,/dl/web/weather/ic-w-04-scattered-clouds-full.svg,Hà Nội,-0.7493495737125869,0,-0.23029858882445278,0
2025-03-31 02:00:00+07:00,69.0,12.2,59.0,/dl/web/weather/ic-w-04-scattered-clouds-full.svg,Hà Nội,-0.7950229378743775,0,0.22722402600300914,0
2025-03-31 03:00:00+07:00,66.0,14.3,58.0,/dl/web/weather/ic-w-04-scattered-clouds-full.svg,Hà Nội,-0.8635329841170633,0,0.5474898563822327,0
2025-03-31 04:00:00+07:00,67.0,16.7,60.0,/dl/web/weather/ic-w-04-scattered-clouds-full.svg,Hà Nội,-0.840696302036168,0,0.913507948244202,0
2025-03-31 05:00:00+07:00,62.0,16.3,60.0,/dl/web/weather/ic-w-04-scattered-clouds-full.svg,Hà Nội,-0.9548797124406443,0,0.852504932933874,0
2025-03-31 06:00:00+07:00,62.0,15.3,63.0,/dl/web/weather/ic-w-04-scattered-clouds-full.svg,Hà Nội,-0.9548797124406443,0,0.6999973946580533,0
2025-03-31 08:00:00+07:00,69.0,13.5,60.0,/dl/web/weather/ic-w-04-scattered-clouds-full.svg,Hà Nội,-0.7950229378743775,0,0.42548382576157606,0
2025-03-31 09:00:00+07:00,69.0,13.7,62.0,/dl/web/weather/ic-w-04-scattered-clouds-full.svg,Hà Nội,-0.7950229378743775,0,0.4559853334167401,0
2025-03-31 10:00:00+07:00,69.0,13.7,56.0,/dl/web/weather/ic-w-04-scattered-clouds-full.svg,Hà Nội,-0.7950229378743775,0,0.4559853334167401,0
2025-03-31 11:00:00+07:00,69.0,13.0,53.0,/dl/web/weather/ic-w-04-scattered-clouds-full.svg,Hà Nội,-0.7950229378743775,0,0.34923005662366574,0
2025-03-31 12:00:00+07:00,68.0,12.2,50.0,/dl/web/weather/ic-w-04-scattered-clouds-full.svg,Hà Nội,-0.8178596199552728,0,0.22722402600300914,0
2025-03-31 13:00:00+07:00,69.0,14.2,46.0,/dl/web/weather/ic-w-04-scattered-clouds-full.svg,Hà Nội,-0.7950229378743775,0,0.5322391025546505,0
2025-03-31 14:00:00+07:00,71.0,14.2,46.0,/dl/web/weather/ic-w-04-scattered-clouds-full.svg,Hà Nội,-0.7493495737125869,0,0.5322391025546505,0
2025-03-31 15:00:00+07:00,71.0,13.0,44.0,/dl/web/weather/ic-w-04-scattered-clouds-full.svg,Hà Nội,-0.7493495737125869,0,0.34923005662366574,0
2025-03-31 16:00:00+07:00,77.0,13.0,44.0,/dl/web/weather/ic-w-04-scattered-clouds-full.svg,Hà Nội,-0.6123294812272154,0,0.34923005662366574,0
2025-03-31 17:00:00+07:00,82.0,11.4,48.0,/dl/web/weather/ic-w-04-scattered-clouds-full.svg,Hà Nội,-0.4981460708227391,0,0.10521799538235278,0
2025-03-31 18:00:00+07:00,93.0,11.7,57.0,/dl/web/weather/ic-w-04-scattered-clouds-full.svg,Hà Nội,-0.2469425679328912,0,0.15097025686509882,0
2025-03-31 19:00:00+07:00,97.0,10.6,59.0,/dl/web/weather/ic-w-04-scattered-clouds-full.svg,Hà Nội,-0.15559583960931017,0,-0.016788035238303835,0
2025-03-31 20:00:00+07:00,76.0,11.6,66.0,/dl/web/weather/ic-w-04-scattered-clouds-full.svg,Hà Nội,-0.6351661633081107,0,0.13571950303751681,0
2025-03-31 21:00:00+07:00,129.0,11.6,66.0,/dl/web/weather/ic-w-04-scattered-clouds-full.svg,Hà Nội,0.5751779869793382,0,0.13571950303751681,0
2025-03-31 22:00:00+07:00,117.0,10.3,67.0,/dl/web/weather/ic-w-11-night-few-clouds-full.svg,Hà Nội,0.3011378020085951,0,-0.06254029672104987,0
2025-03-31 23:00:00+07:00,99.0,8.5,61.0,/dl/web/weather/ic-w-11-night-few-clouds-full.svg,Hà Nội,-0.10992247544751964,0,-0.33705386561752715,0
2025-04-01 00:00:00+07:00,92.0,6.4,61.0,/dl/web/weather/ic-w-04-scattered-clouds-full.svg,Hà Nội,-0.2697792500137865,0,-0.6573196959967504,0
2025-04-01 01:00:00+07:00,97.0,4.3,62.0,/dl/web/weather/ic-w-04-scattered-clouds-full.svg,Hà Nội,-0.15559583960931017,0,-0.9775855263759738,0
2025-04-01 02:00:00+07:00,106.0,10.8,64.0,/dl/web/weather/ic-w-04-scattered-clouds-full.svg,Hà Nội,0.04993429911874719,0,0.013713472416860455,0
2025-04-01 03:00:00+07:00,96.0,9.5,60.0,/dl/web/weather/ic-w-04-scattered-clouds-full.svg,Hà Nội,-0.17843252169020543,0,-0.18454632734170648,0
2025-04-01 04:00:00+07:00,94.0,9.3,63.0,/dl/web/weather/ic-w-04-scattered-clouds-full.svg,Hà Nội,-0.22410588585199595,0,-0.2150478349968705,0
2025-04-01 05:00:00+07:00,97.0,10.0,60.0,/dl/web/weather/ic-w-04-scattered-clouds-full.svg,Hà Nội,-0.15559583960931017,0,-0.10829255820379617,0
2025-04-01 06:00:00+07:00,108.0,9.8,63.0,/dl/web/weather/ic-w-04-scattered-clouds-full.svg,Hà Nội,0.09560766328053771,0,-0.13879406585896018,0
2025-04-01 07:00:00+07:00,124.0,10.3,58.0,/dl/web/weather/ic-w-04-scattered-clouds-full.svg,Hà Nội,0.4609945765748619,0,-0.06254029672104987,0
2025-04-01 08:00:00+07:00,122.0,10.3,60.0,/dl/web/weather/ic-w-04-scattered-clouds-full.svg,Hà Nội,0.41532121241307135,0,-0.06254029672104987,0
2025-04-01 09:00:00+07:00,147.0,11.9,55.0,/dl/web/weather/ic-w-04-scattered-clouds-full.svg,Hà Nội,0.9862382644354529,0,0.18147176452026312,0
2025-04-01 10:00:00+07:00,144.0,13.5,46.0,/dl/web/weather/ic-w-04-scattered-clouds-full.svg,Hà Nội,0.9177282181927672,0,0.42548382576157606,0
2025-04-01 11:00:00+07:00,144.0,13.5,48.0,/dl/web/weather/ic-w-04-scattered-clouds-full.svg,Hà Nội,0.9177282181927672,0,0.42548382576157606,0
2025-04-01 12:00:00+07:00,152.0,13.5,48.0,/dl/web/weather/ic-w-04-scattered-clouds-full.svg,Hà Nội,1.1004216748399291,0,0.42548382576157606,0
2025-04-01 13:00:00+07:00,151.0,12.1,41.0,/dl/web/weather/ic-w-04-scattered-clouds-full.svg,Hà Nội,1.077584992759034,0,0.21197327217542714,0
2025-04-01 14:00:00+07:00,139.0,10.5,40.0,/dl/web/weather/ic-w-02-new-clouds-full.svg,Hà Nội,0.8035448077882908,0,-0.03203878906588584,0
2025-04-01 15:00:00+07:00,147.0,8.0,42.0,/dl/web/weather/ic-w-02-new-clouds-full.svg,Hà Nội,0.9862382644354529,0,-0.41330763475543747,0
2025-04-01 16:00:00+07:00,155.0,8.0,42.0,/dl/web/weather/ic-w-02-new-clouds-full.svg,Hà Nội,1.1689317210826151,0,-0.41330763475543747,0
2025-04-01 17:00:00+07:00,155.0,5.5,43.0,/dl/web/weather/ic-w-02-new-clouds-full.svg,Hà Nội,1.1689317210826151,0,-0.7945764804449891,0
2025-04-01 18:00:00+07:00,154.0,3.4,43.0,/dl/web/weather/ic-w-02-new-clouds-full.svg,Hà Nội,1.1460950390017197,0,-1.1148423108242123,0
2025-04-01 19:00:00+07:00,152.0,4.0,48.0,/dl/web/weather/ic-w-11-night-few-clouds-full.svg,Hà Nội,1.1004216748399291,0,-1.02333778785872,0
2025-04-01 20:00:00+07:00,151.0,6.6,50.0,/dl/web/weather/ic-w-04-scattered-clouds-full.svg,Hà Nội,1.077584992759034,0,-0.6268181883415864,0
2025-04-01 21:00:00+07:00,152.0,6.6,50.0,/dl/web/weather/ic-w-04-scattered-clouds-full.svg,Hà Nội,1.1004216748399291,0,-0.6268181883415864,0
2025-04-01 22:00:00+07:00,153.0,14.6,56.0,/dl/web/weather/ic-w-04-scattered-clouds-full.svg,Hà Nội,1.1232583569208245,0,0.5932421178649787,0
2025-04-01 23:00:00+07:00,152.0,14.6,55.0,/dl/web/weather/ic-w-04-scattered-clouds-full.svg,Hà Nội,1.1004216748399291,0,0.5932421178649787,0
2025-04-02 00:00:00+07:00,155.0,14.6,60.0,/dl/web/weather/ic-w-04-scattered-clouds-full.svg,Hà Nội,1.1689317210826151,0,0.5932421178649787,0
2025-04-02 01:00:00+07:00,165.0,12.4,61.0,/dl/web/weather/ic-w-04-scattered-clouds-full.svg,Hà Nội,1.3972985418915675,0,0.2577255336581734,0
2025-04-02 02:00:00+07:00,183.0,9.7,62.0,/dl/web/weather/ic-w-11-night-few-clouds-full.svg,Hà Nội,1.8083588193476823,0,-0.15404481968654246,0
2025-04-02 03:00:00+07:00,177.0,8.4,66.0,/dl/web/weather/ic-w-04-scattered-clouds-full.svg,Hà Nội,1.6713387268623108,0,-0.35230461944510916,0
2025-04-02 04:00:00+07:00,170.0,6.6,68.0,/dl/web/weather/ic-w-04-scattered-clouds-full.svg,Hà Nội,1.5114819522960439,0,-0.6268181883415864,0
2025-04-02 05:00:00+07:00,167.0,4.8,70.0,/dl/web/weather/ic-w-04-scattered-clouds-full.svg,Hà Nội,1.4429719060533581,0,-0.9013317572380636,0
2025-04-02 06:00:00+07:00,167.0,3.5,71.0,/dl/web/weather/ic-w-04-scattered-clouds-full.svg,Hà Nội,1.4429719060533581,0,-1.0995915569966304,0
2025-04-02 07:00:00+07:00,168.0,2.3,67.0,/dl/web/weather/ic-w-04-scattered-clouds-full.svg,Hà Nội,1.4658085881342535,0,-1.282600602927615,0
2025-04-02 08:00:00+07:00,168.0,3.9,58.0,/dl/web/weather/ic-w-04-scattered-clouds-full.svg,Hà Nội,1.4658085881342535,0,-1.038588541686302,0
2025-04-02 09:00:00+07:00,172.0,3.1,62.0,/dl/web/weather/ic-w-04-scattered-clouds-full.svg,Hà Nội,1.5571553164578344,0,-1.1605945723069586,0
2025-04-02 10:00:00+07:00,183.0,1.3,60.0,/dl/web/weather/ic-w-04-scattered-clouds-full.svg,Hà Nội,1.8083588193476823,0,-1.4351081412034357,0
2025-04-02 11:00:00+07:00,179.0,1.3,60.0,/dl/web/weather/ic-w-04-scattered-clouds-full.svg,Hà Nội,1.7170120910241014,0,-1.4351081412034357,0
2025-04-02 12:00:00+07:00,182.0,5.6,46.0,/dl/web/weather/ic-w-04-scattered-clouds-full.svg,Hà Nội,1.785522137266787,0,-0.7793257266174071,0
2025-04-02 13:00:00+07:00,182.0,5.6,51.0,/dl/web/weather/ic-w-04-scattered-clouds-full.svg,Hà Nội,1.785522137266787,0,-0.7793257266174071,0
2025-04-02 14:00:00+07:00,176.0,5.5,43.0,/dl/web/weather/ic-w-04-scattered-clouds-full.svg,Hà Nội,1.6485020447814156,0,-0.7945764804449891,0
2025-04-02 15:00:00+07:00,176.0,5.3,37.0,/dl/web/weather/ic-w-04-scattered-clouds-full.svg,Hà Nội,1.6485020447814156,0,-0.8250779881001532,0
2025-04-02 16:00:00+07:00,176.0,5.1,40.0,/dl/web/weather/ic-w-04-scattered-clouds-full.svg,Hà Nội,1.6485020447814156,0,-0.8555794957553173,0
2025-04-02 17:00:00+07:00,176.0,5.0,40.0,/dl/web/weather/ic-w-04-scattered-clouds-full.svg,Hà Nội,1.6485020447814156,0,-0.8708302495828993,0
2025-04-02 18:00:00+07:00,161.0,5.3,40.0,/dl/web/weather/ic-w-04-scattered-clouds-full.svg,Hà Nội,1.3059518135679866,0,-0.8250779881001532,0
2025-04-02 19:00:00+07:00,159.0,12.2,44.0,/dl/web/weather/ic-w-04-scattered-clouds-full.svg,Hà Nội,1.260278449406196,0,0.22722402600300914,0
2025-04-02 20:00:00+07:00,165.0,18.3,48.0,/dl/web/weather/ic-w-10-night-clear-sky-full.svg,Hà Nội,1.3972985418915675,0,1.1575200094855154,0
2025-04-02 21:00:00+07:00,170.0,18.3,48.0,/dl/web/weather/ic-w-10-night-clear-sky-full.svg,Hà Nội,1.5114819522960439,0,1.1575200094855154,0
2025-04-02 22:00:00+07:00,175.0,17.1,56.0,/dl/web/weather/ic-w-10-night-clear-sky-full.svg,Hà Nội,1.6256653627005202,0,0.9745109635545306,0
2025-04-02 23:00:00+07:00,183.0,16.4,54.0,/dl/web/weather/ic-w-10-night-clear-sky-full.svg,Hà Nội,1.8083588193476823,0,0.8677556867614558,0
2025-04-03 00:00:00+07:00,178.0,14.0,56.0,/dl/web/weather/ic-w-10-night-clear-sky-full.svg,Hà Nội,1.694175408943206,0,0.5017375948994864,0
2025-04-03 01:00:00+07:00,160.0,13.0,57.0,/dl/web/weather/ic-w-10-night-clear-sky-full.svg,Hà Nội,1.2831151314870912,0,0.34923005662366574,0
2025-04-03 02:00:00+07:00,152.0,11.7,59.0,/dl/web/weather/ic-w-10-night-clear-sky-full.svg,Hà Nội,1.1004216748399291,0,0.15097025686509882,0
2025-04-03 03:00:00+07:00,140.0,10.5,59.0,/dl/web/weather/ic-w-11-night-few-clouds-full.svg,Hà Nội,0.8263814898691861,0,-0.03203878906588584,0
2025-04-03 04:00:00+07:00,144.0,9.2,61.0,/dl/web/weather/ic-w-10-night-clear-sky-full.svg,Hà Nội,0.9177282181927672,0,-0.23029858882445278,0
2025-04-03 05:00:00+07:00,153.0,7.6,62.0,/dl/web/weather/ic-w-10-night-clear-sky-full.svg,Hà Nội,1.1232583569208245,0,-0.4743106500657658,0
2025-04-03 06:00:00+07:00,155.0,6.0,63.0,/dl/web/weather/ic-w-10-night-clear-sky-full.svg,Hà Nội,1.1689317210826151,0,-0.7183227113070787,0
2025-04-03 07:00:00+07:00,156.0,5.8,65.0,/dl/web/weather/ic-w-01-clear-sky-full.svg,Hà Nội,1.1917684031635103,0,-0.7488242189622429,0
2025-04-03 08:00:00+07:00,165.0,6.6,50.0,/dl/web/weather/ic-w-02-new-clouds-full.svg,Hà Nội,1.3972985418915675,0,-0.6268181883415864,0
2025-04-03 09:00:00+07:00,157.0,8.5,42.0,/dl/web/weather/ic-w-02-new-clouds-full.svg,Hà Nội,1.2146050852444055,0,-0.33705386561752715,0
2025-04-03 10:00:00+07:00,142.0,10.3,37.0,/dl/web/weather/ic-w-02-new-clouds-full.svg,Hà Nội,0.8720548540309766,0,-0.06254029672104987,0
2025-04-03 11:00:00+07:00,141.0,10.3,37.0,/dl/web/weather/ic-w-02-new-clouds-full.svg,Hà Nội,0.8492181719500813,0,-0.06254029672104987,0
2025-04-03 12:00:00+07:00,148.0,11.6,43.0,/dl/web/weather/ic-w-02-new-clouds-full.svg,Hà Nội,1.0090749465163482,0,0.13571950303751681,0
2025-04-03 13:00:00+07:00,152.0,12.4,41.0,/dl/web/weather/ic-w-02-new-clouds-full.svg,Hà Nội,1.1004216748399291,0,0.2577255336581734,0
2025-04-03 14:00:00+07:00,149.0,13.4,37.0,/dl/web/weather/ic-w-02-new-clouds-full.svg,Hà Nội,1.0319116285972434,0,0.41023307193399405,0
2025-04-03 15:00:00+07:00,145.0,15.1,38.0,/dl/web/weather/ic-w-04-scattered-clouds-full.svg,Hà Nội,0.9405649002736624,0,0.6694958870028891,0
2025-04-03 16:00:00+07:00,142.0,19.5,40.0,/dl/web/weather/ic-w-04-scattered-clouds-full.svg,Hà Nội,0.8720548540309766,0,1.3405290554165,0
2025-04-03 17:00:00+07:00,135.0,23.7,42.0,/dl/web/weather/ic-w-04-scattered-clouds-full.svg,Hà Nội,0.7121980794647098,0,1.9810607161749465,0
2025-04-03 18:00:00+07:00,142.0,23.7,43.0,/dl/web/weather/ic-w-04-scattered-clouds-full.svg,Hà Nội,0.8720548540309766,0,1.9810607161749465,0
2025-04-03 19:00:00+07:00,151.0,23.3,50.0,/dl/web/weather/ic-w-02-new-clouds-full.svg,Hà Nội,1.077584992759034,0,1.9200577008646185,0
2025-04-03 20:00:00+07:00,153.0,20.0,56.0,/dl/web/weather/ic-w-10-night-clear-sky-full.svg,Hà Nội,1.1232583569208245,0,1.4167828245544103,0
2025-04-03 21:00:00+07:00,153.0,20.0,56.0,/dl/web/weather/ic-w-10-night-clear-sky-full.svg,Hà Nội,1.1232583569208245,0,1.4167828245544103,0
2025-04-03 22:00:00+07:00,153.0,19.2,60.0,/dl/web/weather/ic-w-10-night-clear-sky-full.svg,Hà Nội,1.1232583569208245,0,1.2947767939337536,0
2025-04-03 23:00:00+07:00,152.0,17.4,64.0,/dl/web/weather/ic-w-10-night-clear-sky-full.svg,Hà Nội,1.1004216748399291,0,1.0202632250372763,0
2025-04-04 00:00:00+07:00,137.0,14.3,62.0,/dl/web/weather/ic-w-10-night-clear-sky-full.svg,Hà Nội,0.7578714436265003,0,0.5474898563822327,0
2025-04-04 01:00:00+07:00,145.0,15.0,63.0,/dl/web/weather/ic-w-10-night-clear-sky-full.svg,Hà Nội,0.9405649002736624,0,0.6542451331753071,0
2025-04-04 02:00:00+07:00,157.0,13.4,69.0,/dl/web/weather/ic-w-10-night-clear-sky-full.svg,Hà Nội,1.2146050852444055,0,0.41023307193399405,0
2025-04-04 03:00:00+07:00,159.0,11.3,75.0,/dl/web/weather/ic-w-10-night-clear-sky-full.svg,Hà Nội,1.260278449406196,0,0.08996724155477077,0
2025-04-04 04:00:00+07:00,161.0,10.8,82.0,/dl/web/weather/ic-w-04-scattered-clouds-full.svg,Hà Nội,1.3059518135679866,0,0.013713472416860455,0
2025-04-04 05:00:00+07:00,167.0,9.2,86.0,/dl/web/weather/ic-w-04-scattered-clouds-full.svg,Hà Nội,1.4429719060533581,0,-0.23029858882445278,0
2025-04-04 06:00:00+07:00,164.0,9.8,87.0,/dl/web/weather/ic-w-04-scattered-clouds-full.svg,Hà Nội,1.3744618598106724,0,-0.13879406585896018,0
2025-04-04 07:00:00+07:00,164.0,8.0,88.0,/dl/web/weather/ic-w-02-new-clouds-full.svg,Hà Nội,1.3744618598106724,0,-0.41330763475543747,0
2025-04-04 08:00:00+07:00,163.0,13.2,79.0,/dl/web/weather/ic-w-06-rain-full.svg,Hà Nội,1.3516251777297772,0,0.37973156427882976,0
2025-04-04 09:00:00+07:00,154.0,14.8,75.0,/dl/web/weather/ic-w-06-rain-full.svg,Hà Nội,1.1460950390017197,0,0.6237436255201431,0
2025-04-04 10:00:00+07:00,159.0,15.9,70.0,/dl/web/weather/ic-w-04-scattered-clouds-full.svg,Hà Nội,1.260278449406196,0,0.7915019176235457,0
2025-04-04 11:00:00+07:00,159.0,15.9,70.0,/dl/web/weather/ic-w-04-scattered-clouds-full.svg,Hà Nội,1.260278449406196,0,0.7915019176235457,0
2025-04-04 12:00:00+07:00,164.0,16.3,66.0,/dl/web/weather/ic-w-04-scattered-clouds-full.svg,Hà Nội,1.3744618598106724,0,0.852504932933874,0
2025-04-04 13:00:00+07:00,107.0,17.2,62.0,/dl/web/weather/ic-w-04-scattered-clouds-full.svg,Hà Nội,0.07277098119964245,0,0.9897617173821124,0
2025-04-04 14:00:00+07:00,132.0,18.8,61.0,/dl/web/weather/ic-w-04-scattered-clouds-full.svg,Hà Nội,0.643688033222024,0,1.2337737786234255,0
2025-04-04 15:00:00+07:00,122.0,19.2,59.0,/dl/web/weather/ic-w-04-scattered-clouds-full.svg,Hà Nội,0.41532121241307135,0,1.2947767939337536,0
2025-04-04 16:00:00+07:00,152.0,21.4,57.0,/dl/web/weather/ic-w-04-scattered-clouds-full.svg,Hà Nội,1.1004216748399291,0,1.6302933781405589,0
2025-04-04 17:00:00+07:00,155.0,23.2,61.0,/dl/web/weather/ic-w-04-scattered-clouds-full.svg,Hà Nội,1.1689317210826151,0,1.9048069470370361,0
2025-04-04 18:00:00+07:00,132.0,23.3,63.0,/dl/web/weather/ic-w-04-scattered-clouds-full.svg,Hà Nội,0.643688033222024,0,1.9200577008646185,0
2025-04-04 19:00:00+07:00,96.0,20.3,69.0,/dl/web/weather/ic-w-04-scattered-clouds-full.svg,Hà Nội,-0.17843252169020543,0,1.4625350860371567,0
2025-04-04 20:00:00+07:00,112.0,20.4,77.0,/dl/web/weather/ic-w-04-scattered-clouds-full.svg,Hà Nội,0.18695439160411875,0,1.4777858398647383,0
2025-04-04 21:00:00+07:00,123.0,20.4,77.0,/dl/web/weather/ic-w-04-scattered-clouds-full.svg,Hà Nội,0.43815789449396664,0,1.4777858398647383,0
2025-04-04 22:00:00+07:00,124.0,19.0,80.0,/dl/web/weather/ic-w-11-night-few-clouds-full.svg,Hà Nội,0.4609945765748619,0,1.2642752862785895,0
2025-04-04 23:00:00+07:00,128.0,16.4,82.0,/dl/web/weather/ic-w-11-night-few-clouds-full.svg,Hà Nội,0.5523413048984429,0,0.8677556867614558,0
2025-04-05 00:00:00+07:00,122.0,13.5,86.0,/dl/web/weather/ic-w-04-scattered-clouds-full.svg,Hà Nội,0.41532121241307135,0,0.42548382576157606,0
2025-04-05 01:00:00+07:00,123.0,13.4,86.0,/dl/web/weather/ic-w-04-scattered-clouds-full.svg,Hà Nội,0.43815789449396664,0,0.41023307193399405,0
2025-04-05 02:00:00+07:00,134.0,14.3,88.0,/dl/web/weather/ic-w-04-scattered-clouds-full.svg,Hà Nội,0.6893613973838145,0,0.5474898563822327,0
2025-04-05 03:00:00+07:00,147.0,12.4,97.0,/dl/web/weather/ic-w-04-scattered-clouds-full.svg,Hà Nội,0.9862382644354529,0,0.2577255336581734,0
2025-04-05 04:00:00+07:00,157.0,11.6,97.0,/dl/web/weather/ic-w-04-scattered-clouds-full.svg,Hà Nội,1.2146050852444055,0,0.13571950303751681,0
2025-04-05 05:00:00+07:00,161.0,10.9,97.0,/dl/web/weather/ic-w-04-scattered-clouds-full.svg,Hà Nội,1.3059518135679866,0,0.028964226244442465,0
2025-04-05 06:00:00+07:00,162.0,10.9,98.0,/dl/web/weather/ic-w-04-scattered-clouds-full.svg,Hà Nội,1.3287884956488818,0,0.028964226244442465,0
2025-04-05 07:00:00+07:00,155.0,10.3,96.0,/dl/web/weather/ic-w-04-scattered-clouds-full.svg,Hà Nội,1.1689317210826151,0,-0.06254029672104987,0
2025-04-05 08:00:00+07:00,158.0,10.6,96.0,/dl/web/weather/ic-w-04-scattered-clouds-full.svg,Hà Nội,1.2374417673253009,0,-0.016788035238303835,0
2025-04-05 09:00:00+07:00,160.0,10.3,93.0,/dl/web/weather/ic-w-04-scattered-clouds-full.svg,Hà Nội,1.2831151314870912,0,-0.06254029672104987,0
2025-04-05 10:00:00+07:00,162.0,9.0,89.0,/dl/web/weather/ic-w-04-scattered-clouds-full.svg,Hà Nội,1.3287884956488818,0,-0.2608000964796168,0
2025-04-05 11:00:00+07:00,161.0,9.0,89.0,/dl/web/weather/ic-w-04-scattered-clouds-full.svg,Hà Nội,1.3059518135679866,0,-0.2608000964796168,0
2025-04-05 12:00:00+07:00,164.0,7.6,82.0,/dl/web/weather/ic-w-04-scattered-clouds-full.svg,Hà Nội,1.3744618598106724,0,-0.4743106500657658,0
2025-04-05 13:00:00+07:00,158.0,6.9,81.0,/dl/web/weather/ic-w-04-scattered-clouds-full.svg,Hà Nội,1.2374417673253009,0,-0.5810659268588401,0
2025-04-05 14:00:00+07:00,160.0,5.0,83.0,/dl/web/weather/ic-w-04-scattered-clouds-full.svg,Hà Nội,1.2831151314870912,0,-0.8708302495828993,0
2025-04-05 15:00:00+07:00,163.0,6.0,83.0,/dl/web/weather/ic-w-04-scattered-clouds-full.svg,Hà Nội,1.3516251777297772,0,-0.7183227113070787,0
2025-04-05 16:00:00+07:00,172.0,2.4,85.0,/dl/web/weather/ic-w-04-scattered-clouds-full.svg,Hà Nội,1.5571553164578344,0,-1.267349849100033,0
2025-04-05 17:00:00+07:00,178.0,2.7,86.0,/dl/web/weather/ic-w-04-scattered-clouds-full.svg,Hà Nội,1.694175408943206,0,-1.2215975876172869,0
2025-04-05 18:00:00+07:00,183.0,3.4,87.0,/dl/web/weather/ic-w-04-scattered-clouds-full.svg,Hà Nội,1.8083588193476823,0,-1.1148423108242123,0
2025-04-05 19:00:00+07:00,181.0,2.7,87.0,/dl/web/weather/ic-w-04-scattered-clouds-full.svg,Hà Nội,1.7626854551858917,0,-1.2215975876172869,0
2025-04-05 20:00:00+07:00,186.0,3.5,88.0,/dl/web/weather/ic-w-04-scattered-clouds-full.svg,Hà Nội,1.876868865590368,0,-1.0995915569966304,0
2025-04-05 21:00:00+07:00,189.0,3.5,88.0,/dl/web/weather/ic-w-04-scattered-clouds-full.svg,Hà Nội,1.945378911833054,0,-1.0995915569966304,0
2025-04-05 22:00:00+07:00,194.0,1.8,88.0,/dl/web/weather/ic-w-04-scattered-clouds-full.svg,Hà Nội,2.05956232223753,0,-1.3588543720655253,0
2025-04-05 23:00:00+07:00,186.0,5.0,92.0,/dl/web/weather/ic-w-04-scattered-clouds-full.svg,Hà Nội,1.876868865590368,0,-0.8708302495828993,0
2025-04-06 00:00:00+07:00,181.0,7.4,92.0,/dl/web/weather/ic-w-04-scattered-clouds-full.svg,Hà Nội,1.7626854551858917,0,-0.5048121577209298,0
2025-04-06 01:00:00+07:00,186.0,8.2,96.0,/dl/web/weather/ic-w-04-scattered-clouds-full.svg,Hà Nội,1.876868865590368,0,-0.38280612710027345,0
2025-04-06 03:00:00+07:00,173.0,2.1,94.0,/dl/web/weather/ic-w-04-scattered-clouds-full.svg,Hà Nội,1.5799919985387296,0,-1.3131021105827794,0
2025-04-06 04:00:00+07:00,165.0,1.6,94.0,/dl/web/weather/ic-w-12-night-rain-full.svg,Hà Nội,1.3972985418915675,0,-1.3893558797206895,0
2025-04-06 05:00:00+07:00,166.0,2.7,94.0,/dl/web/weather/ic-w-04-scattered-clouds-full.svg,Hà Nội,1.420135223972463,0,-1.2215975876172869,0
2025-04-06 06:00:00+07:00,166.0,5.1,94.0,/dl/web/weather/ic-w-12-night-rain-full.svg,Hà Nội,1.420135223972463,0,-0.8555794957553173,0
2025-04-06 07:00:00+07:00,170.0,6.9,90.0,/dl/web/weather/ic-w-04-scattered-clouds-full.svg,Hà Nội,1.5114819522960439,0,-0.5810659268588401,0
2025-04-06 08:00:00+07:00,180.0,10.6,92.0,/dl/web/weather/ic-w-04-scattered-clouds-full.svg,Hà Nội,1.7398487731049965,0,-0.016788035238303835,0
2025-04-06 09:00:00+07:00,185.0,12.2,85.0,/dl/web/weather/ic-w-04-scattered-clouds-full.svg,Hà Nội,1.8540321835094729,0,0.22722402600300914,0
2025-04-06 10:00:00+07:00,188.0,11.6,81.0,/dl/web/weather/ic-w-06-rain-full.svg,Hà Nội,1.9225422297521586,0,0.13571950303751681,0
2025-04-06 11:00:00+07:00,191.0,11.6,81.0,/dl/web/weather/ic-w-06-rain-full.svg,Hà Nội,1.9910522759948444,0,0.13571950303751681,0
2025-04-06 12:00:00+07:00,193.0,11.7,69.0,/dl/web/weather/ic-w-04-scattered-clouds-full.svg,Hà Nội,2.036725640156635,0,0.15097025686509882,0
2025-04-06 13:00:00+07:00,196.0,10.0,71.0,/dl/web/weather/ic-w-04-scattered-clouds-full.svg,Hà Nội,2.105235686399321,0,-0.10829255820379617,0
2025-04-06 14:00:00+07:00,195.0,7.2,74.0,/dl/web/weather/ic-w-04-scattered-clouds-full.svg,Hà Nội,2.0823990043184253,0,-0.5353136653760939,0
2025-04-06 15:00:00+07:00,186.0,7.1,78.0,/dl/web/weather/ic-w-04-scattered-clouds-full.svg,Hà Nội,1.876868865590368,0,-0.550564419203676,0
2025-04-06 16:00:00+07:00,163.0,6.9,78.0,/dl/web/weather/ic-w-04-scattered-clouds-full.svg,Hà Nội,1.3516251777297772,0,-0.5810659268588401,0
2025-04-06 17:00:00+07:00,153.0,7.7,86.0,/dl/web/weather/ic-w-04-scattered-clouds-full.svg,Hà Nội,1.1232583569208245,0,-0.4590598962381836,0
2025-04-06 18:00:00+07:00,154.0,7.7,84.0,/dl/web/weather/ic-w-04-scattered-clouds-full.svg,Hà Nội,1.1460950390017197,0,-0.4590598962381836,0
2025-04-06 19:00:00+07:00,156.0,10.1,82.0,/dl/web/weather/ic-w-04-scattered-clouds-full.svg,Hà Nội,1.1917684031635103,0,-0.09304180437621416,0
2025-04-06 20:00:00+07:00,153.0,9.0,82.0,/dl/web/weather/ic-w-04-scattered-clouds-full.svg,Hà Nội,1.1232583569208245,0,-0.2608000964796168,0
2025-04-06 21:00:00+07:00,126.0,9.0,82.0,/dl/web/weather/ic-w-04-scattered-clouds-full.svg,Hà Nội,0.5066679407366524,0,-0.2608000964796168,0
2025-04-06 22:00:00+07:00,131.0,9.2,86.0,/dl/web/weather/ic-w-04-scattered-clouds-full.svg,Hà Nội,0.6208513511411288,0,-0.23029858882445278,0
2025-04-06 23:00:00+07:00,151.0,8.4,87.0,/dl/web/weather/ic-w-04-scattered-clouds-full.svg,Hà Nội,1.077584992759034,0,-0.35230461944510916,0
2025-04-07 00:00:00+07:00,115.0,10.5,92.0,/dl/web/weather/ic-w-04-scattered-clouds-full.svg,Hà Nội,0.25546443784680456,0,-0.03203878906588584,0
2025-04-07 01:00:00+07:00,126.0,7.1,88.0,/dl/web/weather/ic-w-04-scattered-clouds-full.svg,Hà Nội,0.5066679407366524,0,-0.550564419203676,0
2025-04-07 02:00:00+07:00,133.0,12.2,89.0,/dl/web/weather/ic-w-04-scattered-clouds-full.svg,Hà Nội,0.6665247153029192,0,0.22722402600300914,0
2025-04-07 03:00:00+07:00,112.0,11.9,88.0,/dl/web/weather/ic-w-04-scattered-clouds-full.svg,Hà Nội,0.18695439160411875,0,0.18147176452026312,0
2025-04-07 04:00:00+07:00,127.0,10.3,88.0,/dl/web/weather/ic-w-04-scattered-clouds-full.svg,Hà Nội,0.5295046228175477,0,-0.06254029672104987,0
2025-04-07 05:00:00+07:00,148.0,9.8,92.0,/dl/web/weather/ic-w-04-scattered-clouds-full.svg,Hà Nội,1.0090749465163482,0,-0.13879406585896018,0
2025-04-07 06:00:00+07:00,162.0,9.7,92.0,/dl/web/weather/ic-w-04-scattered-clouds-full.svg,Hà Nội,1.3287884956488818,0,-0.15404481968654246,0
2025-04-07 07:00:00+07:00,166.0,8.7,96.0,/dl/web/weather/ic-w-04-scattered-clouds-full.svg,Hà Nội,1.420135223972463,0,-0.30655235796236313,0
2025-04-07 08:00:00+07:00,172.0,9.5,95.0,/dl/web/weather/ic-w-04-scattered-clouds-full.svg,Hà Nội,1.5571553164578344,0,-0.18454632734170648,0
2025-04-07 09:00:00+07:00,176.0,8.7,95.0,/dl/web/weather/ic-w-04-scattered-clouds-full.svg,Hà Nội,1.6485020447814156,0,-0.30655235796236313,0
2025-04-07 10:00:00+07:00,174.0,8.0,94.0,/dl/web/weather/ic-w-04-scattered-clouds-full.svg,Hà Nội,1.602828680619625,0,-0.41330763475543747,0
2025-04-07 11:00:00+07:00,175.0,8.0,94.0,/dl/web/weather/ic-w-04-scattered-clouds-full.svg,Hà Nội,1.6256653627005202,0,-0.41330763475543747,0
2025-04-07 12:00:00+07:00,176.0,8.7,90.0,/dl/web/weather/ic-w-04-scattered-clouds-full.svg,Hà Nội,1.6485020447814156,0,-0.30655235796236313,0
2025-04-07 13:00:00+07:00,175.0,8.5,86.0,/dl/web/weather/ic-w-04-scattered-clouds-full.svg,Hà Nội,1.6256653627005202,0,-0.33705386561752715,0
2025-04-07 14:00:00+07:00,176.0,9.2,85.0,/dl/web/weather/ic-w-04-scattered-clouds-full.svg,Hà Nội,1.6485020447814156,0,-0.23029858882445278,0
2025-04-07 15:00:00+07:00,173.0,9.5,81.0,/dl/web/weather/ic-w-04-scattered-clouds-full.svg,Hà Nội,1.5799919985387296,0,-0.18454632734170648,0
2025-04-07 16:00:00+07:00,178.0,10.0,81.0,/dl/web/weather/ic-w-04-scattered-clouds-full.svg,Hà Nội,1.694175408943206,0,-0.10829255820379617,0
2025-04-07 17:00:00+07:00,183.0,10.8,81.0,/dl/web/weather/ic-w-04-scattered-clouds-full.svg,Hà Nội,1.8083588193476823,0,0.013713472416860455,0
2025-04-07 18:00:00+07:00,192.0,7.2,82.0,/dl/web/weather/ic-w-04-scattered-clouds-full.svg,Hà Nội,2.0138889580757398,0,-0.5353136653760939,0
2025-04-07 19:00:00+07:00,193.0,7.6,82.0,/dl/web/weather/ic-w-04-scattered-clouds-full.svg,Hà Nội,2.036725640156635,0,-0.4743106500657658,0
2025-04-07 20:00:00+07:00,168.0,2.9,83.0,/dl/web/weather/ic-w-04-scattered-clouds-full.svg,Hà Nội,1.4658085881342535,0,-1.1910960799621226,0
2025-04-07 21:00:00+07:00,187.0,2.9,83.0,/dl/web/weather/ic-w-04-scattered-clouds-full.svg,Hà Nội,1.8997055476712634,0,-1.1910960799621226,0
2025-04-07 22:00:00+07:00,182.0,6.8,86.0,/dl/web/weather/ic-w-04-scattered-clouds-full.svg,Hà Nội,1.785522137266787,0,-0.5963166806864223,0
2025-04-07 23:00:00+07:00,179.0,9.5,87.0,/dl/web/weather/ic-w-04-scattered-clouds-full.svg,Hà Nội,1.7170120910241014,0,-0.18454632734170648,0
2025-04-08 00:00:00+07:00,172.0,14.8,88.0,/dl/web/weather/ic-w-04-scattered-clouds-full.svg,Hà Nội,1.5571553164578344,0,0.6237436255201431,0
2025-04-08 01:00:00+07:00,167.0,12.6,88.0,/dl/web/weather/ic-w-04-scattered-clouds-full.svg,Hà Nội,1.4429719060533581,0,0.28822704131333743,0
2025-04-08 02:00:00+07:00,168.0,10.1,89.0,/dl/web/weather/ic-w-04-scattered-clouds-full.svg,Hà Nội,1.4658085881342535,0,-0.09304180437621416,0
2025-04-08 03:00:00+07:00,169.0,9.7,90.0,/dl/web/weather/ic-w-04-scattered-clouds-full.svg,Hà Nội,1.4886452702151487,0,-0.15404481968654246,0
2025-04-08 04:00:00+07:00,171.0,6.8,90.0,/dl/web/weather/ic-w-04-scattered-clouds-full.svg,Hà Nội,1.5343186343769393,0,-0.5963166806864223,0
2025-04-08 05:00:00+07:00,173.0,5.6,90.0,/dl/web/weather/ic-w-04-scattered-clouds-full.svg,Hà Nội,1.5799919985387296,0,-0.7793257266174071,0
2025-04-08 06:00:00+07:00,174.0,6.8,90.0,/dl/web/weather/ic-w-04-scattered-clouds-full.svg,Hà Nội,1.602828680619625,0,-0.5963166806864223,0
2025-04-08 07:00:00+07:00,172.0,5.8,90.0,/dl/web/weather/ic-w-04-scattered-clouds-full.svg,Hà Nội,1.5571553164578344,0,-0.7488242189622429,0
2025-04-08 08:00:00+07:00,177.0,5.0,84.0,/dl/web/weather/ic-w-04-scattered-clouds-full.svg,Hà Nội,1.6713387268623108,0,-0.8708302495828993,0
2025-04-08 09:00:00+07:00,179.0,4.7,86.0,/dl/web/weather/ic-w-04-scattered-clouds-full.svg,Hà Nội,1.7170120910241014,0,-0.9165825110656456,0
2025-04-08 10:00:00+07:00,179.0,5.0,82.0,/dl/web/weather/ic-w-04-scattered-clouds-full.svg,Hà Nội,1.7170120910241014,0,-0.8708302495828993,0
2025-04-08 11:00:00+07:00,175.0,5.0,82.0,/dl/web/weather/ic-w-04-scattered-clouds-full.svg,Hà Nội,1.6256653627005202,0,-0.8708302495828993,0
2025-04-08 12:00:00+07:00,180.0,4.0,78.0,/dl/web/weather/ic-w-04-scattered-clouds-full.svg,Hà Nội,1.7398487731049965,0,-1.02333778785872,0
2025-04-08 13:00:00+07:00,176.0,6.4,74.0,/dl/web/weather/ic-w-04-scattered-clouds-full.svg,Hà Nội,1.6485020447814156,0,-0.6573196959967504,0
2025-04-08 14:00:00+07:00,176.0,7.4,71.0,/dl/web/weather/ic-w-04-scattered-clouds-full.svg,Hà Nội,1.6485020447814156,0,-0.5048121577209298,0
2025-04-08 15:00:00+07:00,169.0,10.9,70.0,/dl/web/weather/ic-w-04-scattered-clouds-full.svg,Hà Nội,1.4886452702151487,0,0.028964226244442465,0
2025-04-08 16:00:00+07:00,167.0,13.8,68.0,/dl/web/weather/ic-w-04-scattered-clouds-full.svg,Hà Nội,1.4429719060533581,0,0.47123608724432237,0
2025-04-08 17:00:00+07:00,163.0,15.0,75.0,/dl/web/weather/ic-w-04-scattered-clouds-full.svg,Hà Nội,1.3516251777297772,0,0.6542451331753071,0
2025-04-08 18:00:00+07:00,161.0,15.1,75.0,/dl/web/weather/ic-w-04-scattered-clouds-full.svg,Hà Nội,1.3059518135679866,0,0.6694958870028891,0
2025-04-08 19:00:00+07:00,168.0,17.1,77.0,/dl/web/weather/ic-w-04-scattered-clouds-full.svg,Hà Nội,1.4658085881342535,0,0.9745109635545306,0
2025-04-08 20:00:00+07:00,153.0,13.4,86.0,/dl/web/weather/ic-w-04-scattered-clouds-full.svg,Hà Nội,1.1232583569208245,0,0.41023307193399405,0
2025-04-08 21:00:00+07:00,156.0,13.4,86.0,/dl/web/weather/ic-w-04-scattered-clouds-full.svg,Hà Nội,1.1917684031635103,0,0.41023307193399405,0
2025-04-08 22:00:00+07:00,155.0,12.9,87.0,/dl/web/weather/ic-w-04-scattered-clouds-full.svg,Hà Nội,1.1689317210826151,0,0.33397930279608373,0
2025-04-08 23:00:00+07:00,157.0,14.6,92.0,/dl/web/weather/ic-w-04-scattered-clouds-full.svg,Hà Nội,1.2146050852444055,0,0.5932421178649787,0
2025-04-09 00:00:00+07:00,160.0,14.3,90.0,/dl/web/weather/ic-w-04-scattered-clouds-full.svg,Hà Nội,1.2831151314870912,0,0.5474898563822327,0
2025-04-09 01:00:00+07:00,159.0,13.5,90.0,/dl/web/weather/ic-w-04-scattered-clouds-full.svg,Hà Nội,1.260278449406196,0,0.42548382576157606,0
2025-04-09 02:00:00+07:00,166.0,13.0,92.0,/dl/web/weather/ic-w-04-scattered-clouds-full.svg,Hà Nội,1.420135223972463,0,0.34923005662366574,0
2025-04-09 03:00:00+07:00,166.0,12.9,94.0,/dl/web/weather/ic-w-04-scattered-clouds-full.svg,Hà Nội,1.420135223972463,0,0.33397930279608373,0
2025-04-09 04:00:00+07:00,165.0,12.1,91.0,/dl/web/weather/ic-w-04-scattered-clouds-full.svg,Hà Nội,1.3972985418915675,0,0.21197327217542714,0
2025-04-09 05:00:00+07:00,166.0,11.3,95.0,/dl/web/weather/ic-w-04-scattered-clouds-full.svg,Hà Nội,1.420135223972463,0,0.08996724155477077,0
2025-04-09 06:00:00+07:00,164.0,11.1,95.0,/dl/web/weather/ic-w-04-scattered-clouds-full.svg,Hà Nội,1.3744618598106724,0,0.059465733899606486,0
2025-04-09 07:00:00+07:00,154.0,10.5,95.0,/dl/web/weather/ic-w-04-scattered-clouds-full.svg,Hà Nội,1.1460950390017197,0,-0.03203878906588584,0
2025-04-09 09:00:00+07:00,157.0,16.7,85.0,/dl/web/weather/ic-w-04-scattered-clouds-full.svg,Hà Nội,1.2146050852444055,0,0.913507948244202,0
2025-04-09 10:00:00+07:00,154.0,17.4,77.0,/dl/web/weather/ic-w-04-scattered-clouds-full.svg,Hà Nội,1.1460950390017197,0,1.0202632250372763,0
2025-04-09 11:00:00+07:00,154.0,17.4,77.0,/dl/web/weather/ic-w-04-scattered-clouds-full.svg,Hà Nội,1.1460950390017197,0,1.0202632250372763,0
2025-04-09 12:00:00+07:00,159.0,18.5,74.0,/dl/web/weather/ic-w-04-scattered-clouds-full.svg,Hà Nội,1.260278449406196,0,1.1880215171406794,0
2025-04-09 13:00:00+07:00,165.0,17.1,72.0,/dl/web/weather/ic-w-04-scattered-clouds-full.svg,Hà Nội,1.3972985418915675,0,0.9745109635545306,0
2025-04-09 14:00:00+07:00,168.0,14.6,63.0,/dl/web/weather/ic-w-04-scattered-clouds-full.svg,Hà Nội,1.4658085881342535,0,0.5932421178649787,0
2025-04-09 15:00:00+07:00,167.0,14.0,66.0,/dl/web/weather/ic-w-04-scattered-clouds-full.svg,Hà Nội,1.4429719060533581,0,0.5017375948994864,0
2025-04-09 16:00:00+07:00,161.0,15.4,65.0,/dl/web/weather/ic-w-04-scattered-clouds-full.svg,Hà Nội,1.3059518135679866,0,0.7152481484856353,0
2025-04-09 17:00:00+07:00,154.0,20.1,63.0,/dl/web/weather/ic-w-04-scattered-clouds-full.svg,Hà Nội,1.1460950390017197,0,1.4320335783819926,0
2025-04-09 18:00:00+07:00,159.0,22.2,69.0,/dl/web/weather/ic-w-04-scattered-clouds-full.svg,Hà Nội,1.260278449406196,0,1.7522994087612156,0
2025-04-09 19:00:00+07:00,158.0,24.0,72.0,/dl/web/weather/ic-w-04-scattered-clouds-full.svg,Hà Nội,1.2374417673253009,0,2.0268129776576926,0
2025-04-09 20:00:00+07:00,142.0,20.3,79.0,/dl/web/weather/ic-w-04-scattered-clouds-full.svg,Hà Nội,0.8720548540309766,0,1.4625350860371567,0
2025-04-09 22:00:00+07:00,144.0,21.2,84.0,/dl/web/weather/ic-w-04-scattered-clouds-full.svg,Hà Nội,0.9177282181927672,0,1.5997918704853948,0
2025-04-09 23:00:00+07:00,147.0,17.2,87.0,/dl/web/weather/ic-w-04-scattered-clouds-full.svg,Hà Nội,0.9862382644354529,0,0.9897617173821124,0
2025-04-10 00:00:00+07:00,151.0,14.3,92.0,/dl/web/weather/ic-w-04-scattered-clouds-full.svg,Hà Nội,1.077584992759034,0,0.5474898563822327,0
2025-04-10 01:00:00+07:00,140.0,15.1,92.0,/dl/web/weather/ic-w-04-scattered-clouds-full.svg,Hà Nội,0.8263814898691861,0,0.6694958870028891,0
2025-04-10 02:00:00+07:00,147.0,14.6,91.0,/dl/web/weather/ic-w-04-scattered-clouds-full.svg,Hà Nội,0.9862382644354529,0,0.5932421178649787,0
2025-04-10 03:00:00+07:00,145.0,13.2,93.0,/dl/web/weather/ic-w-04-scattered-clouds-full.svg,Hà Nội,0.9405649002736624,0,0.37973156427882976,0
2025-04-10 04:00:00+07:00,149.0,9.7,93.0,/dl/web/weather/ic-w-04-scattered-clouds-full.svg,Hà Nội,1.0319116285972434,0,-0.15404481968654246,0
2025-04-10 05:00:00+07:00,153.0,9.3,97.0,/dl/web/weather/ic-w-04-scattered-clouds-full.svg,Hà Nội,1.1232583569208245,0,-0.2150478349968705,0
2025-04-10 06:00:00+07:00,153.0,10.3,94.0,/dl/web/weather/ic-w-04-scattered-clouds-full.svg,Hà Nội,1.1232583569208245,0,-0.06254029672104987,0
2025-04-10 07:00:00+07:00,153.0,8.5,94.0,/dl/web/weather/ic-w-04-scattered-clouds-full.svg,Hà Nội,1.1232583569208245,0,-0.33705386561752715,0
2025-04-10 08:00:00+07:00,158.0,7.9,91.0,/dl/web/weather/ic-w-04-scattered-clouds-full.svg,Hà Nội,1.2374417673253009,0,-0.4285583885830195,0
2025-04-10 09:00:00+07:00,163.0,7.2,88.0,/dl/web/weather/ic-w-04-scattered-clouds-full.svg,Hà Nội,1.3516251777297772,0,-0.5353136653760939,0
2025-04-10 10:00:00+07:00,168.0,4.8,82.0,/dl/web/weather/ic-w-04-scattered-clouds-full.svg,Hà Nội,1.4658085881342535,0,-0.9013317572380636,0
2025-04-10 11:00:00+07:00,171.0,4.8,82.0,/dl/web/weather/ic-w-04-scattered-clouds-full.svg,Hà Nội,1.5343186343769393,0,-0.9013317572380636,0
2025-04-10 12:00:00+07:00,172.0,4.2,78.0,/dl/web/weather/ic-w-04-scattered-clouds-full.svg,Hà Nội,1.5571553164578344,0,-0.9928362802035559,0
2025-04-10 14:00:00+07:00,171.0,9.5,69.0,/dl/web/weather/ic-w-04-scattered-clouds-full.svg,Hà Nội,1.5343186343769393,0,-0.18454632734170648,0
2025-04-10 15:00:00+07:00,159.0,10.9,70.0,/dl/web/weather/ic-w-04-scattered-clouds-full.svg,Hà Nội,1.260278449406196,0,0.028964226244442465,0
2025-04-10 16:00:00+07:00,139.0,14.2,66.0,/dl/web/weather/ic-w-04-scattered-clouds-full.svg,Hà Nội,0.8035448077882908,0,0.5322391025546505,0
2025-04-10 17:00:00+07:00,149.0,23.7,67.0,/dl/web/weather/ic-w-04-scattered-clouds-full.svg,Hà Nội,1.0319116285972434,0,1.9810607161749465,0
2025-04-10 18:00:00+07:00,139.0,21.9,73.0,/dl/web/weather/ic-w-04-scattered-clouds-full.svg,Hà Nội,0.8035448077882908,0,1.7065471472784692,0
2025-04-10 19:00:00+07:00,129.0,22.9,83.0,/dl/web/weather/ic-w-04-scattered-clouds-full.svg,Hà Nội,0.5751779869793382,0,1.85905468555429,0
2025-04-10 20:00:00+07:00,165.0,21.6,87.0,/dl/web/weather/ic-w-04-scattered-clouds-full.svg,Hà Nội,1.3972985418915675,0,1.6607948857957235,0
2025-04-10 21:00:00+07:00,160.0,21.6,87.0,/dl/web/weather/ic-w-04-scattered-clouds-full.svg,Hà Nội,1.2831151314870912,0,1.6607948857957235,0
2025-04-10 22:00:00+07:00,159.0,19.2,88.0,/dl/web/weather/ic-w-04-scattered-clouds-full.svg,Hà Nội,1.260278449406196,0,1.2947767939337536,0
2025-04-10 23:00:00+07:00,161.0,17.7,88.0,/dl/web/weather/ic-w-04-scattered-clouds-full.svg,Hà Nội,1.3059518135679866,0,1.0660154865200226,0
2025-04-11 00:00:00+07:00,158.0,17.1,91.0,/dl/web/weather/ic-w-04-scattered-clouds-full.svg,Hà Nội,1.2374417673253009,0,0.9745109635545306,0
2025-04-11 01:00:00+07:00,158.0,14.5,91.0,/dl/web/weather/ic-w-04-scattered-clouds-full.svg,Hà Nội,1.2374417673253009,0,0.5779913640373967,0
2025-04-11 02:00:00+07:00,161.0,10.3,90.0,/dl/web/weather/ic-w-04-scattered-clouds-full.svg,Hà Nội,1.3059518135679866,0,-0.06254029672104987,0
2025-04-11 03:00:00+07:00,156.0,9.8,92.0,/dl/web/weather/ic-w-04-scattered-clouds-full.svg,Hà Nội,1.1917684031635103,0,-0.13879406585896018,0
2025-04-11 04:00:00+07:00,153.0,9.2,97.0,/dl/web/weather/ic-w-04-scattered-clouds-full.svg,Hà Nội,1.1232583569208245,0,-0.23029858882445278,0
2025-04-11 05:00:00+07:00,156.0,8.7,97.0,/dl/web/weather/ic-w-04-scattered-clouds-full.svg,Hà Nội,1.1917684031635103,0,-0.30655235796236313,0
2025-04-11 06:00:00+07:00,155.0,8.9,97.0,/dl/web/weather/ic-w-04-scattered-clouds-full.svg,Hà Nội,1.1689317210826151,0,-0.27605085030719884,0
2025-04-11 07:00:00+07:00,155.0,9.7,95.0,/dl/web/weather/ic-w-04-scattered-clouds-full.svg,Hà Nội,1.1689317210826151,0,-0.15404481968654246,0
2025-04-11 08:00:00+07:00,158.0,9.2,92.0,/dl/web/weather/ic-w-04-scattered-clouds-full.svg,Hà Nội,1.2374417673253009,0,-0.23029858882445278,0
2025-04-11 09:00:00+07:00,155.0,10.3,86.0,/dl/web/weather/ic-w-04-scattered-clouds-full.svg,Hà Nội,1.1689317210826151,0,-0.06254029672104987,0
2025-04-11 10:00:00+07:00,151.0,10.6,84.0,/dl/web/weather/ic-w-04-scattered-clouds-full.svg,Hà Nội,1.077584992759034,0,-0.016788035238303835,0
2025-04-11 11:00:00+07:00,135.0,10.6,84.0,/dl/web/weather/ic-w-04-scattered-clouds-full.svg,Hà Nội,0.7121980794647098,0,-0.016788035238303835,0
2025-04-11 12:00:00+07:00,133.0,9.0,78.0,/dl/web/weather/ic-w-04-scattered-clouds-full.svg,Hà Nội,0.6665247153029192,0,-0.2608000964796168,0
2025-04-11 13:00:00+07:00,135.0,5.3,75.0,/dl/web/weather/ic-w-04-scattered-clouds-full.svg,Hà Nội,0.7121980794647098,0,-0.8250779881001532,0
2025-04-11 14:00:00+07:00,144.0,4.8,61.0,/dl/web/weather/ic-w-04-scattered-clouds-full.svg,Hà Nội,0.9177282181927672,0,-0.9013317572380636,0
2025-04-11 15:00:00+07:00,154.0,9.8,68.0,/dl/web/weather/ic-w-04-scattered-clouds-full.svg,Hà Nội,1.1460950390017197,0,-0.13879406585896018,0
2025-04-11 16:00:00+07:00,160.0,15.4,64.0,/dl/web/weather/ic-w-04-scattered-clouds-full.svg,Hà Nội,1.2831151314870912,0,0.7152481484856353,0
2025-04-11 17:00:00+07:00,162.0,23.2,68.0,/dl/web/weather/ic-w-04-scattered-clouds-full.svg,Hà Nội,1.3287884956488818,0,1.9048069470370361,0
2025-04-11 18:00:00+07:00,167.0,23.5,71.0,/dl/web/weather/ic-w-04-scattered-clouds-full.svg,Hà Nội,1.4429719060533581,0,1.9505592085197825,0
2025-04-11 19:00:00+07:00,170.0,21.6,78.0,/dl/web/weather/ic-w-04-scattered-clouds-full.svg,Hà Nội,1.5114819522960439,0,1.6607948857957235,0
2025-04-11 20:00:00+07:00,184.0,16.7,88.0,/dl/web/weather/ic-w-04-scattered-clouds-full.svg,Hà Nội,1.8311955014285777,0,0.913507948244202,0
2025-04-11 21:00:00+07:00,181.0,16.7,88.0,/dl/web/weather/ic-w-04-scattered-clouds-full.svg,Hà Nội,1.7626854551858917,0,0.913507948244202,0
2025-04-11 22:00:00+07:00,177.0,17.9,85.0,/dl/web/weather/ic-w-04-scattered-clouds-full.svg,Hà Nội,1.6713387268623108,0,1.0965169941751867,0
2025-04-11 23:00:00+07:00,173.0,18.5,86.0,/dl/web/weather/ic-w-04-scattered-clouds-full.svg,Hà Nội,1.5799919985387296,0,1.1880215171406794,0
2025-04-12 00:00:00+07:00,172.0,19.2,87.0,/dl/web/weather/ic-w-04-scattered-clouds-full.svg,Hà Nội,1.5571553164578344,0,1.2947767939337536,0
2025-04-12 01:00:00+07:00,181.0,16.4,92.0,/dl/web/weather/ic-w-04-scattered-clouds-full.svg,Hà Nội,1.7626854551858917,0,0.8677556867614558,0
2025-04-12 02:00:00+07:00,178.0,10.3,92.0,/dl/web/weather/ic-w-04-scattered-clouds-full.svg,Hà Nội,1.694175408943206,0,-0.06254029672104987,0
2025-04-12 03:00:00+07:00,177.0,9.7,94.0,/dl/web/weather/ic-w-04-scattered-clouds-full.svg,Hà Nội,1.6713387268623108,0,-0.15404481968654246,0
2025-04-12 04:00:00+07:00,173.0,7.9,94.0,/dl/web/weather/ic-w-04-scattered-clouds-full.svg,Hà Nội,1.5799919985387296,0,-0.4285583885830195,0
2025-04-12 05:00:00+07:00,184.0,8.0,94.0,/dl/web/weather/ic-w-04-scattered-clouds-full.svg,Hà Nội,1.8311955014285777,0,-0.41330763475543747,0
2025-04-12 06:00:00+07:00,170.0,4.8,94.0,/dl/web/weather/ic-w-04-scattered-clouds-full.svg,Hà Nội,1.5114819522960439,0,-0.9013317572380636,0
2025-04-12 07:00:00+07:00,172.0,5.1,91.0,/dl/web/weather/ic-w-04-scattered-clouds-full.svg,Hà Nội,1.5571553164578344,0,-0.8555794957553173,0
2025-04-12 08:00:00+07:00,181.0,5.1,86.0,/dl/web/weather/ic-w-04-scattered-clouds-full.svg,Hà Nội,1.7626854551858917,0,-0.8555794957553173,0
2025-04-12 09:00:00+07:00,181.0,7.7,84.0,/dl/web/weather/ic-w-04-scattered-clouds-full.svg,Hà Nội,1.7626854551858917,0,-0.4590598962381836,0
2025-04-12 10:00:00+07:00,190.0,10.9,85.0,/dl/web/weather/ic-w-04-scattered-clouds-full.svg,Hà Nội,1.9682155939139492,0,0.028964226244442465,0
2025-04-12 11:00:00+07:00,188.0,10.9,85.0,/dl/web/weather/ic-w-04-scattered-clouds-full.svg,Hà Nội,1.9225422297521586,0,0.028964226244442465,0
2025-04-12 12:00:00+07:00,196.0,14.3,80.0,/dl/web/weather/ic-w-04-scattered-clouds-full.svg,Hà Nội,2.105235686399321,0,0.5474898563822327,0
2025-04-12 13:00:00+07:00,182.0,19.2,72.0,/dl/web/weather/ic-w-04-scattered-clouds-full.svg,Hà Nội,1.785522137266787,0,1.2947767939337536,0
2025-04-12 14:00:00+07:00,179.0,15.4,70.0,/dl/web/weather/ic-w-04-scattered-clouds-full.svg,Hà Nội,1.7170120910241014,0,0.7152481484856353,0
2025-04-12 15:00:00+07:00,183.0,12.6,59.0,/dl/web/weather/ic-w-04-scattered-clouds-full.svg,Hà Nội,1.8083588193476823,0,0.28822704131333743,0
2025-04-12 16:00:00+07:00,189.0,22.7,59.0,/dl/web/weather/ic-w-04-scattered-clouds-full.svg,Hà Nội,1.945378911833054,0,1.828553177899126,0
2025-04-12 17:00:00+07:00,190.0,34.9,65.0,/dl/web/weather/ic-w-04-scattered-clouds-full.svg,Hà Nội,1.9682155939139492,0,3.6891451448641375,-1
2025-04-12 18:00:00+07:00,189.0,47.8,60.0,/dl/web/weather/ic-w-06-rain-full.svg,Hà Nội,1.945378911833054,0,5.656492388622223,-1
2025-04-12 19:00:00+07:00,187.0,24.6,56.0,/dl/web/weather/ic-w-06-rain-full.svg,Hà Nội,1.8997055476712634,0,2.1183175006231854,0
2025-04-12 20:00:00+07:00,151.0,25.6,74.0,/dl/web/weather/ic-w-12-night-rain-full.svg,Hà Nội,1.077584992759034,0,2.270825038899006,0
2025-04-12 21:00:00+07:00,83.0,25.6,74.0,/dl/web/weather/ic-w-12-night-rain-full.svg,Hà Nội,-0.4753093887418438,0,2.270825038899006,0
2025-04-12 22:00:00+07:00,71.0,28.3,72.0,/dl/web/weather/ic-w-12-night-rain-full.svg,Hà Nội,-0.7493495737125869,0,2.6825953922437216,0
2025-04-12 23:00:00+07:00,66.0,19.6,65.0,/dl/web/weather/ic-w-04-scattered-clouds-full.svg,Hà Nội,-0.8635329841170633,0,1.3557798092440823,0
2025-04-13 00:00:00+07:00,60.0,14.5,62.0,/dl/web/weather/ic-w-04-scattered-clouds-full.svg,Hà Nội,-1.0005530766024349,0,0.5779913640373967,0
2025-04-13 01:00:00+07:00,59.0,14.3,67.0,/dl/web/weather/ic-w-04-scattered-clouds-full.svg,Hà Nội,-1.02338975868333,0,0.5474898563822327,0
2025-04-13 02:00:00+07:00,66.0,13.0,72.0,/dl/web/weather/ic-w-04-scattered-clouds-full.svg,Hà Nội,-0.8635329841170633,0,0.34923005662366574,0
2025-04-13 03:00:00+07:00,61.0,13.0,79.0,/dl/web/weather/ic-w-04-scattered-clouds-full.svg,Hà Nội,-0.9777163945215396,0,0.34923005662366574,0
2025-04-13 04:00:00+07:00,63.0,13.5,75.0,/dl/web/weather/ic-w-04-scattered-clouds-full.svg,Hà Nội,-0.9320430303597491,0,0.42548382576157606,0
2025-04-13 05:00:00+07:00,64.0,9.3,71.0,/dl/web/weather/ic-w-04-scattered-clouds-full.svg,Hà Nội,-0.9092063482788538,0,-0.2150478349968705,0
2025-04-13 06:00:00+07:00,68.0,12.6,72.0,/dl/web/weather/ic-w-04-scattered-clouds-full.svg,Hà Nội,-0.8178596199552728,0,0.28822704131333743,0
2025-04-13 07:00:00+07:00,69.0,14.6,77.0,/dl/web/weather/ic-w-04-scattered-clouds-full.svg,Hà Nội,-0.7950229378743775,0,0.5932421178649787,0
2025-04-13 08:00:00+07:00,73.0,17.7,71.0,/dl/web/weather/ic-w-04-scattered-clouds-full.svg,Hà Nội,-0.7036762095507965,0,1.0660154865200226,0
2025-04-13 09:00:00+07:00,88.0,15.3,61.0,/dl/web/weather/ic-w-04-scattered-clouds-full.svg,Hà Nội,-0.36112597833736754,0,0.6999973946580533,0
2025-04-13 10:00:00+07:00,99.0,16.1,54.0,/dl/web/weather/ic-w-04-scattered-clouds-full.svg,Hà Nội,-0.10992247544751964,0,0.82200342527871,0
2025-04-13 11:00:00+07:00,102.0,15.3,49.0,/dl/web/weather/ic-w-04-scattered-clouds-full.svg,Hà Nội,-0.04141242920483386,0,0.6999973946580533,0
2025-04-13 12:00:00+07:00,96.0,15.1,42.0,/dl/web/weather/ic-w-04-scattered-clouds-full.svg,Hà Nội,-0.17843252169020543,0,0.6694958870028891,0
2025-04-13 13:00:00+07:00,110.0,15.1,42.0,/dl/web/weather/ic-w-04-scattered-clouds-full.svg,Hà Nội,0.14128102744232823,0,0.6694958870028891,0
2025-04-13 14:00:00+07:00,119.0,12.7,40.0,/dl/web/weather/ic-w-04-scattered-clouds-full.svg,Hà Nội,0.3468111661703856,0,0.30347779514091944,0
2025-04-13 15:00:00+07:00,134.0,11.6,35.0,/dl/web/weather/ic-w-04-scattered-clouds-full.svg,Hà Nội,0.6893613973838145,0,0.13571950303751681,0
2025-04-13 16:00:00+07:00,144.0,11.7,37.0,/dl/web/weather/ic-w-04-scattered-clouds-full.svg,Hà Nội,0.9177282181927672,0,0.15097025686509882,0
2025-04-13 17:00:00+07:00,140.0,12.1,47.0,/dl/web/weather/ic-w-04-scattered-clouds-full.svg,Hà Nội,0.8263814898691861,0,0.21197327217542714,0
2025-04-13 18:00:00+07:00,143.0,22.2,53.0,/dl/web/weather/ic-w-04-scattered-clouds-full.svg,Hà Nội,0.8948915361118719,0,1.7522994087612156,0
2025-04-13 19:00:00+07:00,140.0,18.2,60.0,/dl/web/weather/ic-w-04-scattered-clouds-full.svg,Hà Nội,0.8263814898691861,0,1.142269255657933,0
2025-04-13 20:00:00+07:00,152.0,13.0,66.0,/dl/web/weather/ic-w-04-scattered-clouds-full.svg,Hà Nội,1.1004216748399291,0,0.34923005662366574,0
2025-04-13 21:00:00+07:00,151.0,13.0,66.0,/dl/web/weather/ic-w-04-scattered-clouds-full.svg,Hà Nội,1.077584992759034,0,0.34923005662366574,0
2025-04-13 22:00:00+07:00,153.0,14.8,67.0,/dl/web/weather/ic-w-04-scattered-clouds-full.svg,Hà Nội,1.1232583569208245,0,0.6237436255201431,0
2025-04-13 23:00:00+07:00,155.0,11.4,68.0,/dl/web/weather/ic-w-04-scattered-clouds-full.svg,Hà Nội,1.1689317210826151,0,0.10521799538235278,0
2025-04-14 00:00:00+07:00,155.0,5.5,68.0,/dl/web/weather/ic-w-04-scattered-clouds-full.svg,Hà Nội,1.1689317210826151,0,-0.7945764804449891,0
2025-04-14 01:00:00+07:00,149.0,6.8,68.0,/dl/web/weather/ic-w-04-scattered-clouds-full.svg,Hà Nội,1.0319116285972434,0,-0.5963166806864223,0
2025-04-14 02:00:00+07:00,153.0,7.2,68.0,/dl/web/weather/ic-w-04-scattered-clouds-full.svg,Hà Nội,1.1232583569208245,0,-0.5353136653760939,0
2025-04-14 03:00:00+07:00,172.0,6.3,65.0,/dl/web/weather/ic-w-04-scattered-clouds-full.svg,Hà Nội,1.5571553164578344,0,-0.6725704498243326,0
2025-04-14 04:00:00+07:00,153.0,6.8,66.0,/dl/web/weather/ic-w-04-scattered-clouds-full.svg,Hà Nội,1.1232583569208245,0,-0.5963166806864223,0
2025-04-14 05:00:00+07:00,140.0,3.7,67.0,/dl/web/weather/ic-w-04-scattered-clouds-full.svg,Hà Nội,0.8263814898691861,0,-1.0690900493414661,0
2025-04-14 06:00:00+07:00,140.0,4.0,66.0,/dl/web/weather/ic-w-04-scattered-clouds-full.svg,Hà Nội,0.8263814898691861,0,-1.02333778785872,0
2025-04-14 07:00:00+07:00,151.0,13.0,70.0,/dl/web/weather/ic-w-04-scattered-clouds-full.svg,Hà Nội,1.077584992759034,0,0.34923005662366574,0
2025-04-14 08:00:00+07:00,160.0,9.2,79.0,/dl/web/weather/ic-w-04-scattered-clouds-full.svg,Hà Nội,1.2831151314870912,0,-0.23029858882445278,0
2025-04-14 09:00:00+07:00,153.0,7.6,74.0,/dl/web/weather/ic-w-04-scattered-clouds-full.svg,Hà Nội,1.1232583569208245,0,-0.4743106500657658,0
2025-04-14 10:00:00+07:00,134.0,9.7,68.0,/dl/web/weather/ic-w-04-scattered-clouds-full.svg,Hà Nội,0.6893613973838145,0,-0.15404481968654246,0
2025-04-14 11:00:00+07:00,132.0,9.7,68.0,/dl/web/weather/ic-w-04-scattered-clouds-full.svg,Hà Nội,0.643688033222024,0,-0.15404481968654246,0
2025-04-14 12:00:00+07:00,122.0,9.7,63.0,/dl/web/weather/ic-w-04-scattered-clouds-full.svg,Hà Nội,0.41532121241307135,0,-0.15404481968654246,0
2025-04-14 13:00:00+07:00,108.0,6.6,56.0,/dl/web/weather/ic-w-04-scattered-clouds-full.svg,Hà Nội,0.09560766328053771,0,-0.6268181883415864,0
2025-04-14 14:00:00+07:00,103.0,6.9,63.0,/dl/web/weather/ic-w-04-scattered-clouds-full.svg,Hà Nội,-0.018575747123938596,0,-0.5810659268588401,0
2025-04-14 15:00:00+07:00,103.0,6.4,58.0,/dl/web/weather/ic-w-04-scattered-clouds-full.svg,Hà Nội,-0.018575747123938596,0,-0.6573196959967504,0
2025-04-14 16:00:00+07:00,102.0,7.6,54.0,/dl/web/weather/ic-w-04-scattered-clouds-full.svg,Hà Nội,-0.04141242920483386,0,-0.4743106500657658,0
2025-04-14 17:00:00+07:00,106.0,7.9,67.0,/dl/web/weather/ic-w-04-scattered-clouds-full.svg,Hà Nội,0.04993429911874719,0,-0.4285583885830195,0
2025-04-14 18:00:00+07:00,116.0,4.8,70.0,/dl/web/weather/ic-w-04-scattered-clouds-full.svg,Hà Nội,0.2783011199276998,0,-0.9013317572380636,0
2025-04-14 19:00:00+07:00,122.0,2.9,76.0,/dl/web/weather/ic-w-04-scattered-clouds-full.svg,Hà Nội,0.41532121241307135,0,-1.1910960799621226,0
2025-04-14 20:00:00+07:00,158.0,5.5,85.0,/dl/web/weather/ic-w-12-night-rain-full.svg,Hà Nội,1.2374417673253009,0,-0.7945764804449891,0
2025-04-14 21:00:00+07:00,156.0,5.5,85.0,/dl/web/weather/ic-w-12-night-rain-full.svg,Hà Nội,1.1917684031635103,0,-0.7945764804449891,0
2025-04-14 22:00:00+07:00,158.0,5.0,85.0,/dl/web/weather/ic-w-12-night-rain-full.svg,Hà Nội,1.2374417673253009,0,-0.8708302495828993,0
2025-04-14 23:00:00+07:00,165.0,3.7,85.0,/dl/web/weather/ic-w-04-scattered-clouds-full.svg,Hà Nội,1.3972985418915675,0,-1.0690900493414661,0
2025-04-15 01:00:00+07:00,164.0,4.7,85.0,/dl/web/weather/ic-w-04-scattered-clouds-full.svg,Hà Nội,1.3744618598106724,0,-0.9165825110656456,0
2025-04-15 02:00:00+07:00,165.0,3.2,83.0,/dl/web/weather/ic-w-04-scattered-clouds-full.svg,Hà Nội,1.3972985418915675,0,-1.1453438184793765,0
2025-04-15 03:00:00+07:00,168.0,3.4,77.0,/dl/web/weather/ic-w-04-scattered-clouds-full.svg,Hà Nội,1.4658085881342535,0,-1.1148423108242123,0
2025-04-15 04:00:00+07:00,177.0,5.1,83.0,/dl/web/weather/ic-w-04-scattered-clouds-full.svg,Hà Nội,1.6713387268623108,0,-0.8555794957553173,0
2025-04-15 05:00:00+07:00,189.0,4.5,83.0,/dl/web/weather/ic-w-04-scattered-clouds-full.svg,Hà Nội,1.945378911833054,0,-0.9470840187208097,0
2025-04-15 06:00:00+07:00,193.0,5.3,83.0,/dl/web/weather/ic-w-04-scattered-clouds-full.svg,Hà Nội,2.036725640156635,0,-0.8250779881001532,0
2025-04-15 07:00:00+07:00,187.0,3.9,80.0,/dl/web/weather/ic-w-04-scattered-clouds-full.svg,Hà Nội,1.8997055476712634,0,-1.038588541686302,0
2025-04-15 08:00:00+07:00,175.0,6.9,75.0,/dl/web/weather/ic-w-04-scattered-clouds-full.svg,Hà Nội,1.6256653627005202,0,-0.5810659268588401,0
2025-04-15 09:00:00+07:00,161.0,6.6,62.0,/dl/web/weather/ic-w-04-scattered-clouds-full.svg,Hà Nội,1.3059518135679866,0,-0.6268181883415864,0
2025-04-15 10:00:00+07:00,151.0,7.1,57.0,/dl/web/weather/ic-w-04-scattered-clouds-full.svg,Hà Nội,1.077584992759034,0,-0.550564419203676,0
2025-04-15 11:00:00+07:00,151.0,7.1,57.0,/dl/web/weather/ic-w-04-scattered-clouds-full.svg,Hà Nội,1.077584992759034,0,-0.550564419203676,0
2025-04-15 12:00:00+07:00,119.0,4.5,50.0,/dl/web/weather/ic-w-04-scattered-clouds-full.svg,Hà Nội,0.3468111661703856,0,-0.9470840187208097,0
2025-04-15 13:00:00+07:00,98.0,2.1,42.0,/dl/web/weather/ic-w-04-scattered-clouds-full.svg,Hà Nội,-0.1327591575284149,0,-1.3131021105827794,0
2025-04-15 14:00:00+07:00,103.0,4.3,33.0,/dl/web/weather/ic-w-04-scattered-clouds-full.svg,Hà Nội,-0.018575747123938596,0,-0.9775855263759738,0
2025-04-15 15:00:00+07:00,97.0,7.1,34.0,/dl/web/weather/ic-w-04-scattered-clouds-full.svg,Hà Nội,-0.15559583960931017,0,-0.550564419203676,0
2025-04-15 16:00:00+07:00,95.0,8.0,32.0,/dl/web/weather/ic-w-04-scattered-clouds-full.svg,Hà Nội,-0.2012692037711007,0,-0.41330763475543747,0
2025-04-15 17:00:00+07:00,91.0,10.9,25.0,/dl/web/weather/ic-w-04-scattered-clouds-full.svg,Hà Nội,-0.29261593209468173,0,0.028964226244442465,0
2025-04-15 18:00:00+07:00,97.0,15.6,32.0,/dl/web/weather/ic-w-04-scattered-clouds-full.svg,Hà Nội,-0.15559583960931017,0,0.7457496561407994,0
2025-04-15 19:00:00+07:00,98.0,19.8,46.0,/dl/web/weather/ic-w-04-scattered-clouds-full.svg,Hà Nội,-0.1327591575284149,0,1.3862813168992463,0
2025-04-15 20:00:00+07:00,172.0,18.5,57.0,/dl/web/weather/ic-w-04-scattered-clouds-full.svg,Hà Nội,1.5571553164578344,0,1.1880215171406794,0
2025-04-15 21:00:00+07:00,171.0,18.5,57.0,/dl/web/weather/ic-w-04-scattered-clouds-full.svg,Hà Nội,1.5343186343769393,0,1.1880215171406794,0
2025-04-15 22:00:00+07:00,176.0,16.3,61.0,/dl/web/weather/ic-w-04-scattered-clouds-full.svg,Hà Nội,1.6485020447814156,0,0.852504932933874,0
2025-04-15 23:00:00+07:00,170.0,13.5,66.0,/dl/web/weather/ic-w-04-scattered-clouds-full.svg,Hà Nội,1.5114819522960439,0,0.42548382576157606,0
2025-04-16 00:00:00+07:00,162.0,13.0,68.0,/dl/web/weather/ic-w-04-scattered-clouds-full.svg,Hà Nội,1.3287884956488818,0,0.34923005662366574,0
2025-04-16 01:00:00+07:00,162.0,11.6,70.0,/dl/web/weather/ic-w-04-scattered-clouds-full.svg,Hà Nội,1.3287884956488818,0,0.13571950303751681,0
2025-04-16 02:00:00+07:00,163.0,11.6,70.0,/dl/web/weather/ic-w-04-scattered-clouds-full.svg,Hà Nội,1.3516251777297772,0,0.13571950303751681,0
2025-04-16 03:00:00+07:00,166.0,11.4,78.0,/dl/web/weather/ic-w-11-night-few-clouds-full.svg,Hà Nội,1.420135223972463,0,0.10521799538235278,0
2025-04-16 04:00:00+07:00,167.0,10.5,78.0,/dl/web/weather/ic-w-04-scattered-clouds-full.svg,Hà Nội,1.4429719060533581,0,-0.03203878906588584,0
2025-04-16 05:00:00+07:00,175.0,9.7,82.0,/dl/web/weather/ic-w-04-scattered-clouds-full.svg,Hà Nội,1.6256653627005202,0,-0.15404481968654246,0
2025-04-16 06:00:00+07:00,173.0,8.0,86.0,/dl/web/weather/ic-w-04-scattered-clouds-full.svg,Hà Nội,1.5799919985387296,0,-0.41330763475543747,0
2025-04-16 07:00:00+07:00,173.0,6.9,78.0,/dl/web/weather/ic-w-04-scattered-clouds-full.svg,Hà Nội,1.5799919985387296,0,-0.5810659268588401,0
2025-04-16 08:00:00+07:00,175.0,7.6,70.0,/dl/web/weather/ic-w-04-scattered-clouds-full.svg,Hà Nội,1.6256653627005202,0,-0.4743106500657658,0
2025-04-16 09:00:00+07:00,169.0,8.0,58.0,/dl/web/weather/ic-w-04-scattered-clouds-full.svg,Hà Nội,1.4886452702151487,0,-0.41330763475543747,0
2025-04-16 10:00:00+07:00,165.0,9.7,50.0,/dl/web/weather/ic-w-04-scattered-clouds-full.svg,Hà Nội,1.3972985418915675,0,-0.15404481968654246,0
2025-04-16 11:00:00+07:00,165.0,9.7,50.0,/dl/web/weather/ic-w-04-scattered-clouds-full.svg,Hà Nội,1.3972985418915675,0,-0.15404481968654246,0
2025-04-16 12:00:00+07:00,154.0,11.4,41.0,/dl/web/weather/ic-w-04-scattered-clouds-full.svg,Hà Nội,1.1460950390017197,0,0.10521799538235278,0
2025-04-16 13:00:00+07:00,146.0,11.6,36.0,/dl/web/weather/ic-w-04-scattered-clouds-full.svg,Hà Nội,0.9634015823545576,0,0.13571950303751681,0
2025-04-16 14:00:00+07:00,142.0,13.0,34.0,/dl/web/weather/ic-w-04-scattered-clouds-full.svg,Hà Nội,0.8720548540309766,0,0.34923005662366574,0
2025-04-16 15:00:00+07:00,143.0,16.3,34.0,/dl/web/weather/ic-w-04-scattered-clouds-full.svg,Hà Nội,0.8948915361118719,0,0.852504932933874,0
2025-04-16 16:00:00+07:00,140.0,17.5,34.0,/dl/web/weather/ic-w-04-scattered-clouds-full.svg,Hà Nội,0.8263814898691861,0,1.0355139788648586,0
2025-04-16 17:00:00+07:00,132.0,21.7,37.0,/dl/web/weather/ic-w-04-scattered-clouds-full.svg,Hà Nội,0.643688033222024,0,1.6760456396233052,0
2025-04-16 18:00:00+07:00,132.0,23.3,40.0,/dl/web/weather/ic-w-04-scattered-clouds-full.svg,Hà Nội,0.643688033222024,0,1.9200577008646185,0
2025-04-16 19:00:00+07:00,131.0,21.9,47.0,/dl/web/weather/ic-w-04-scattered-clouds-full.svg,Hà Nội,0.6208513511411288,0,1.7065471472784692,0
2025-04-16 20:00:00+07:00,143.0,20.4,67.0,/dl/web/weather/ic-w-11-night-few-clouds-full.svg,Hà Nội,0.8948915361118719,0,1.4777858398647383,0
2025-04-16 21:00:00+07:00,144.0,20.4,67.0,/dl/web/weather/ic-w-11-night-few-clouds-full.svg,Hà Nội,0.9177282181927672,0,1.4777858398647383,0
2025-04-16 22:00:00+07:00,153.0,17.9,66.0,/dl/web/weather/ic-w-04-scattered-clouds-full.svg,Hà Nội,1.1232583569208245,0,1.0965169941751867,0
2025-04-16 23:00:00+07:00,140.0,16.1,67.0,/dl/web/weather/ic-w-04-scattered-clouds-full.svg,Hà Nội,0.8263814898691861,0,0.82200342527871,0
2025-04-17 00:00:00+07:00,142.0,17.4,72.0,/dl/web/weather/ic-w-04-scattered-clouds-full.svg,Hà Nội,0.8720548540309766,0,1.0202632250372763,0
2025-04-17 01:00:00+07:00,139.0,15.1,82.0,/dl/web/weather/ic-w-12-night-rain-full.svg,Hà Nội,0.8035448077882908,0,0.6694958870028891,0
2025-04-17 02:00:00+07:00,139.0,12.9,86.0,/dl/web/weather/ic-w-04-scattered-clouds-full.svg,Hà Nội,0.8035448077882908,0,0.33397930279608373,0
2025-04-17 03:00:00+07:00,142.0,11.1,87.0,/dl/web/weather/ic-w-04-scattered-clouds-full.svg,Hà Nội,0.8720548540309766,0,0.059465733899606486,0
2025-04-17 04:00:00+07:00,134.0,9.2,88.0,/dl/web/weather/ic-w-04-scattered-clouds-full.svg,Hà Nội,0.6893613973838145,0,-0.23029858882445278,0
2025-04-17 05:00:00+07:00,139.0,8.9,86.0,/dl/web/weather/ic-w-04-scattered-clouds-full.svg,Hà Nội,0.8035448077882908,0,-0.27605085030719884,0
2025-04-17 06:00:00+07:00,139.0,6.9,87.0,/dl/web/weather/ic-w-04-scattered-clouds-full.svg,Hà Nội,0.8035448077882908,0,-0.5810659268588401,0
2025-04-17 07:00:00+07:00,128.0,8.0,88.0,/dl/web/weather/ic-w-04-scattered-clouds-full.svg,Hà Nội,0.5523413048984429,0,-0.41330763475543747,0
2025-04-17 08:00:00+07:00,143.0,7.1,83.0,/dl/web/weather/ic-w-04-scattered-clouds-full.svg,Hà Nội,0.8948915361118719,0,-0.550564419203676,0
2025-04-17 09:00:00+07:00,157.0,6.3,78.0,/dl/web/weather/ic-w-04-scattered-clouds-full.svg,Hà Nội,1.2146050852444055,0,-0.6725704498243326,0
2025-04-17 10:00:00+07:00,160.0,4.5,78.0,/dl/web/weather/ic-w-04-scattered-clouds-full.svg,Hà Nội,1.2831151314870912,0,-0.9470840187208097,0
2025-04-17 11:00:00+07:00,160.0,4.5,78.0,/dl/web/weather/ic-w-04-scattered-clouds-full.svg,Hà Nội,1.2831151314870912,0,-0.9470840187208097,0
2025-04-17 12:00:00+07:00,156.0,3.5,76.0,/dl/web/weather/ic-w-04-scattered-clouds-full.svg,Hà Nội,1.1917684031635103,0,-1.0995915569966304,0
2025-04-17 13:00:00+07:00,153.0,3.5,67.0,/dl/web/weather/ic-w-04-scattered-clouds-full.svg,Hà Nội,1.1232583569208245,0,-1.0995915569966304,0
2025-04-17 14:00:00+07:00,149.0,8.2,60.0,/dl/web/weather/ic-w-04-scattered-clouds-full.svg,Hà Nội,1.0319116285972434,0,-0.38280612710027345,0
2025-04-17 15:00:00+07:00,142.0,10.6,65.0,/dl/web/weather/ic-w-04-scattered-clouds-full.svg,Hà Nội,0.8720548540309766,0,-0.016788035238303835,0
2025-04-17 16:00:00+07:00,136.0,16.9,62.0,/dl/web/weather/ic-w-04-scattered-clouds-full.svg,Hà Nội,0.735034761545605,0,0.944009455899366,0
2025-04-17 17:00:00+07:00,135.0,23.7,68.0,/dl/web/weather/ic-w-04-scattered-clouds-full.svg,Hà Nội,0.7121980794647098,0,1.9810607161749465,0
2025-04-17 18:00:00+07:00,138.0,22.7,74.0,/dl/web/weather/ic-w-04-scattered-clouds-full.svg,Hà Nội,0.7807081257073956,0,1.828553177899126,0
2025-04-17 19:00:00+07:00,153.0,20.3,80.0,/dl/web/weather/ic-w-04-scattered-clouds-full.svg,Hà Nội,1.1232583569208245,0,1.4625350860371567,0
2025-04-17 20:00:00+07:00,149.0,17.5,84.0,/dl/web/weather/ic-w-04-scattered-clouds-full.svg,Hà Nội,1.0319116285972434,0,1.0355139788648586,0
2025-04-17 21:00:00+07:00,152.0,17.5,84.0,/dl/web/weather/ic-w-04-scattered-clouds-full.svg,Hà Nội,1.1004216748399291,0,1.0355139788648586,0
2025-04-17 22:00:00+07:00,156.0,15.3,84.0,/dl/web/weather/ic-w-12-night-rain-full.svg,Hà Nội,1.1917684031635103,0,0.6999973946580533,0
2025-04-17 23:00:00+07:00,149.0,18.3,85.0,/dl/web/weather/ic-w-04-scattered-clouds-full.svg,Hà Nội,1.0319116285972434,0,1.1575200094855154,0
2025-04-18 00:00:00+07:00,129.0,16.1,86.0,/dl/web/weather/ic-w-04-scattered-clouds-full.svg,Hà Nội,0.5751779869793382,0,0.82200342527871,0
2025-04-18 01:00:00+07:00,142.0,12.6,89.0,/dl/web/weather/ic-w-04-scattered-clouds-full.svg,Hà Nội,0.8720548540309766,0,0.28822704131333743,0
2025-04-18 02:00:00+07:00,152.0,12.1,93.0,/dl/web/weather/ic-w-04-scattered-clouds-full.svg,Hà Nội,1.1004216748399291,0,0.21197327217542714,0
2025-04-18 03:00:00+07:00,155.0,10.8,92.0,/dl/web/weather/ic-w-04-scattered-clouds-full.svg,Hà Nội,1.1689317210826151,0,0.013713472416860455,0
2025-04-18 04:00:00+07:00,158.0,9.5,92.0,/dl/web/weather/ic-w-04-scattered-clouds-full.svg,Hà Nội,1.2374417673253009,0,-0.18454632734170648,0
2025-04-18 05:00:00+07:00,160.0,8.2,93.0,/dl/web/weather/ic-w-04-scattered-clouds-full.svg,Hà Nội,1.2831151314870912,0,-0.38280612710027345,0
2025-04-18 06:00:00+07:00,168.0,6.9,92.0,/dl/web/weather/ic-w-04-scattered-clouds-full.svg,Hà Nội,1.4658085881342535,0,-0.5810659268588401,0
2025-04-18 07:00:00+07:00,169.0,5.8,92.0,/dl/web/weather/ic-w-04-scattered-clouds-full.svg,Hà Nội,1.4886452702151487,0,-0.7488242189622429,0
2025-04-18 08:00:00+07:00,165.0,7.4,96.0,/dl/web/weather/ic-w-04-scattered-clouds-full.svg,Hà Nội,1.3972985418915675,0,-0.5048121577209298,0
2025-04-18 09:00:00+07:00,163.0,8.5,90.0,/dl/web/weather/ic-w-04-scattered-clouds-full.svg,Hà Nội,1.3516251777297772,0,-0.33705386561752715,0
2025-04-18 10:00:00+07:00,157.0,7.9,88.0,/dl/web/weather/ic-w-04-scattered-clouds-full.svg,Hà Nội,1.2146050852444055,0,-0.4285583885830195,0
2025-04-18 11:00:00+07:00,157.0,7.9,88.0,/dl/web/weather/ic-w-04-scattered-clouds-full.svg,Hà Nội,1.2146050852444055,0,-0.4285583885830195,0
2025-04-18 12:00:00+07:00,161.0,7.1,74.0,/dl/web/weather/ic-w-04-scattered-clouds-full.svg,Hà Nội,1.3059518135679866,0,-0.550564419203676,0
2025-04-18 13:00:00+07:00,159.0,6.1,71.0,/dl/web/weather/ic-w-04-scattered-clouds-full.svg,Hà Nội,1.260278449406196,0,-0.7030719574794967,0
2025-04-18 14:00:00+07:00,158.0,8.9,57.0,/dl/web/weather/ic-w-04-scattered-clouds-full.svg,Hà Nội,1.2374417673253009,0,-0.27605085030719884,0
2025-04-18 15:00:00+07:00,156.0,10.3,59.0,/dl/web/weather/ic-w-04-scattered-clouds-full.svg,Hà Nội,1.1917684031635103,0,-0.06254029672104987,0
2025-04-18 16:00:00+07:00,155.0,16.1,58.0,/dl/web/weather/ic-w-04-scattered-clouds-full.svg,Hà Nội,1.1689317210826151,0,0.82200342527871,0
2025-04-18 17:00:00+07:00,147.0,21.9,62.0,/dl/web/weather/ic-w-04-scattered-clouds-full.svg,Hà Nội,0.9862382644354529,0,1.7065471472784692,0
2025-04-18 19:00:00+07:00,151.0,15.6,80.0,/dl/web/weather/ic-w-04-scattered-clouds-full.svg,Hà Nội,1.077584992759034,0,0.7457496561407994,0
2025-04-18 20:00:00+07:00,148.0,18.0,77.0,/dl/web/weather/ic-w-04-scattered-clouds-full.svg,Hà Nội,1.0090749465163482,0,1.111767748002769,0
2025-04-18 21:00:00+07:00,134.0,18.0,77.0,/dl/web/weather/ic-w-04-scattered-clouds-full.svg,Hà Nội,0.6893613973838145,0,1.111767748002769,0
2025-04-18 22:00:00+07:00,135.0,17.2,80.0,/dl/web/weather/ic-w-04-scattered-clouds-full.svg,Hà Nội,0.7121980794647098,0,0.9897617173821124,0
2025-04-18 23:00:00+07:00,139.0,21.7,81.0,/dl/web/weather/ic-w-04-scattered-clouds-full.svg,Hà Nội,0.8035448077882908,0,1.6760456396233052,0
2025-04-19 00:00:00+07:00,151.0,21.6,80.0,/dl/web/weather/ic-w-04-scattered-clouds-full.svg,Hà Nội,1.077584992759034,0,1.6607948857957235,0
2025-04-19 01:00:00+07:00,153.0,21.4,79.0,/dl/web/weather/ic-w-04-scattered-clouds-full.svg,Hà Nội,1.1232583569208245,0,1.6302933781405589,0
2025-04-19 02:00:00+07:00,149.0,16.4,85.0,/dl/web/weather/ic-w-04-scattered-clouds-full.svg,Hà Nội,1.0319116285972434,0,0.8677556867614558,0
2025-04-19 03:00:00+07:00,145.0,14.3,91.0,/dl/web/weather/ic-w-12-night-rain-full.svg,Hà Nội,0.9405649002736624,0,0.5474898563822327,0
2025-04-19 04:00:00+07:00,154.0,10.0,92.0,/dl/web/weather/ic-w-12-night-rain-full.svg,Hà Nội,1.1460950390017197,0,-0.10829255820379617,0
2025-04-19 05:00:00+07:00,154.0,9.2,92.0,/dl/web/weather/ic-w-04-scattered-clouds-full.svg,Hà Nội,1.1460950390017197,0,-0.23029858882445278,0
2025-04-19 06:00:00+07:00,150.0,10.3,93.0,/dl/web/weather/ic-w-04-scattered-clouds-full.svg,Hà Nội,1.0547483106781388,0,-0.06254029672104987,0
2025-04-19 07:00:00+07:00,141.0,8.5,89.0,/dl/web/weather/ic-w-04-scattered-clouds-full.svg,Hà Nội,0.8492181719500813,0,-0.33705386561752715,0
2025-04-19 08:00:00+07:00,131.0,7.4,84.0,/dl/web/weather/ic-w-04-scattered-clouds-full.svg,Hà Nội,0.6208513511411288,0,-0.5048121577209298,0
2025-04-19 09:00:00+07:00,153.0,5.0,79.0,/dl/web/weather/ic-w-04-scattered-clouds-full.svg,Hà Nội,1.1232583569208245,0,-0.8708302495828993,0
2025-04-19 10:00:00+07:00,157.0,4.8,70.0,/dl/web/weather/ic-w-04-scattered-clouds-full.svg,Hà Nội,1.2146050852444055,0,-0.9013317572380636,0
2025-04-19 11:00:00+07:00,155.0,4.8,70.0,/dl/web/weather/ic-w-04-scattered-clouds-full.svg,Hà Nội,1.1689317210826151,0,-0.9013317572380636,0
2025-04-19 12:00:00+07:00,164.0,6.0,70.0,/dl/web/weather/ic-w-04-scattered-clouds-full.svg,Hà Nội,1.3744618598106724,0,-0.7183227113070787,0
2025-04-19 13:00:00+07:00,165.0,4.2,59.0,/dl/web/weather/ic-w-06-rain-full.svg,Hà Nội,1.3972985418915675,0,-0.9928362802035559,0
2025-04-19 14:00:00+07:00,166.0,9.3,61.0,/dl/web/weather/ic-w-04-scattered-clouds-full.svg,Hà Nội,1.420135223972463,0,-0.2150478349968705,0
2025-04-19 15:00:00+07:00,164.0,10.5,51.0,/dl/web/weather/ic-w-04-scattered-clouds-full.svg,Hà Nội,1.3744618598106724,0,-0.03203878906588584,0
2025-04-19 16:00:00+07:00,152.0,20.3,56.0,/dl/web/weather/ic-w-04-scattered-clouds-full.svg,Hà Nội,1.1004216748399291,0,1.4625350860371567,0
2025-04-19 17:00:00+07:00,127.0,27.8,57.0,/dl/web/weather/ic-w-04-scattered-clouds-full.svg,Hà Nội,0.5295046228175477,0,2.6063416231058114,0
2025-04-19 18:00:00+07:00,122.0,22.0,60.0,/dl/web/weather/ic-w-04-scattered-clouds-full.svg,Hà Nội,0.41532121241307135,0,1.7217979011060516,0
2025-04-19 19:00:00+07:00,119.0,24.0,67.0,/dl/web/weather/ic-w-04-scattered-clouds-full.svg,Hà Nội,0.3468111661703856,0,2.0268129776576926,0
2025-04-19 20:00:00+07:00,127.0,19.6,76.0,/dl/web/weather/ic-w-12-night-rain-full.svg,Hà Nội,0.5295046228175477,0,1.3557798092440823,0
2025-04-19 21:00:00+07:00,119.0,19.6,76.0,/dl/web/weather/ic-w-12-night-rain-full.svg,Hà Nội,0.3468111661703856,0,1.3557798092440823,0
2025-04-19 22:00:00+07:00,124.0,19.5,78.0,/dl/web/weather/ic-w-04-scattered-clouds-full.svg,Hà Nội,0.4609945765748619,0,1.3405290554165,0
2025-04-19 23:00:00+07:00,132.0,20.3,80.0,/dl/web/weather/ic-w-04-scattered-clouds-full.svg,Hà Nội,0.643688033222024,0,1.4625350860371567,0
2025-04-20 00:00:00+07:00,117.0,21.2,83.0,/dl/web/weather/ic-w-04-scattered-clouds-full.svg,Hà Nội,0.3011378020085951,0,1.5997918704853948,0
2025-04-20 01:00:00+07:00,112.0,19.8,84.0,/dl/web/weather/ic-w-04-scattered-clouds-full.svg,Hà Nội,0.18695439160411875,0,1.3862813168992463,0
2025-04-20 02:00:00+07:00,107.0,19.5,86.0,/dl/web/weather/ic-w-04-scattered-clouds-full.svg,Hà Nội,0.07277098119964245,0,1.3405290554165,0
2025-04-20 03:00:00+07:00,110.0,17.7,88.0,/dl/web/weather/ic-w-04-scattered-clouds-full.svg,Hà Nội,0.14128102744232823,0,1.0660154865200226,0
2025-04-20 04:00:00+07:00,126.0,16.4,90.0,/dl/web/weather/ic-w-04-scattered-clouds-full.svg,Hà Nội,0.5066679407366524,0,0.8677556867614558,0
2025-04-20 05:00:00+07:00,133.0,14.0,90.0,/dl/web/weather/ic-w-04-scattered-clouds-full.svg,Hà Nội,0.6665247153029192,0,0.5017375948994864,0
2025-04-20 06:00:00+07:00,127.0,12.4,91.0,/dl/web/weather/ic-w-04-scattered-clouds-full.svg,Hà Nội,0.5295046228175477,0,0.2577255336581734,0
2025-04-20 08:00:00+07:00,110.0,11.9,81.0,/dl/web/weather/ic-w-04-scattered-clouds-full.svg,Hà Nội,0.14128102744232823,0,0.18147176452026312,0
2025-04-20 09:00:00+07:00,122.0,9.8,75.0,/dl/web/weather/ic-w-04-scattered-clouds-full.svg,Hà Nội,0.41532121241307135,0,-0.13879406585896018,0
2025-04-20 10:00:00+07:00,112.0,10.3,67.0,/dl/web/weather/ic-w-04-scattered-clouds-full.svg,Hà Nội,0.18695439160411875,0,-0.06254029672104987,0
2025-04-20 11:00:00+07:00,117.0,10.3,67.0,/dl/web/weather/ic-w-04-scattered-clouds-full.svg,Hà Nội,0.3011378020085951,0,-0.06254029672104987,0
2025-04-20 12:00:00+07:00,102.0,11.1,62.0,/dl/web/weather/ic-w-04-scattered-clouds-full.svg,Hà Nội,-0.04141242920483386,0,0.059465733899606486,0
2025-04-20 13:00:00+07:00,96.0,11.1,58.0,/dl/web/weather/ic-w-04-scattered-clouds-full.svg,Hà Nội,-0.17843252169020543,0,0.059465733899606486,0
2025-04-20 14:00:00+07:00,93.0,14.5,55.0,/dl/web/weather/ic-w-04-scattered-clouds-full.svg,Hà Nội,-0.2469425679328912,0,0.5779913640373967,0
2025-04-20 15:00:00+07:00,92.0,19.3,49.0,/dl/web/weather/ic-w-01-clear-sky-full.svg,Hà Nội,-0.2697792500137865,0,1.310027547761336,0
2025-04-20 16:00:00+07:00,94.0,29.8,56.0,/dl/web/weather/ic-w-01-clear-sky-full.svg,Hà Nội,-0.22410588585199595,0,2.9113566996574525,0
2025-04-20 17:00:00+07:00,86.0,28.8,61.0,/dl/web/weather/ic-w-01-clear-sky-full.svg,Hà Nội,-0.40679934249915806,0,2.758849161381632,0
2025-04-20 18:00:00+07:00,90.0,16.9,67.0,/dl/web/weather/ic-w-04-scattered-clouds-full.svg,Hà Nội,-0.315452614175577,0,0.944009455899366,0
2025-04-20 19:00:00+07:00,92.0,17.5,82.0,/dl/web/weather/ic-w-04-scattered-clouds-full.svg,Hà Nội,-0.2697792500137865,0,1.0355139788648586,0
2025-04-20 20:00:00+07:00,116.0,21.4,86.0,/dl/web/weather/ic-w-04-scattered-clouds-full.svg,Hà Nội,0.2783011199276998,0,1.6302933781405589,0
2025-04-20 21:00:00+07:00,110.0,21.4,86.0,/dl/web/weather/ic-w-04-scattered-clouds-full.svg,Hà Nội,0.14128102744232823,0,1.6302933781405589,0
2025-04-20 22:00:00+07:00,104.0,21.6,88.0,/dl/web/weather/ic-w-04-scattered-clouds-full.svg,Hà Nội,0.004260934956956666,0,1.6607948857957235,0
2025-04-20 23:00:00+07:00,102.0,19.0,87.0,/dl/web/weather/ic-w-04-scattered-clouds-full.svg,Hà Nội,-0.04141242920483386,0,1.2642752862785895,0
2025-04-21 00:00:00+07:00,97.0,17.1,87.0,/dl/web/weather/ic-w-04-scattered-clouds-full.svg,Hà Nội,-0.15559583960931017,0,0.9745109635545306,0
2025-04-21 02:00:00+07:00,92.0,15.4,88.0,/dl/web/weather/ic-w-04-scattered-clouds-full.svg,Hà Nội,-0.2697792500137865,0,0.7152481484856353,0
2025-04-21 03:00:00+07:00,84.0,16.1,93.0,/dl/web/weather/ic-w-11-night-few-clouds-full.svg,Hà Nội,-0.4524727066609486,0,0.82200342527871,0
2025-04-21 04:00:00+07:00,90.0,13.7,94.0,/dl/web/weather/ic-w-11-night-few-clouds-full.svg,Hà Nội,-0.315452614175577,0,0.4559853334167401,0
2025-04-21 05:00:00+07:00,97.0,13.5,95.0,/dl/web/weather/ic-w-11-night-few-clouds-full.svg,Hà Nội,-0.15559583960931017,0,0.42548382576157606,0
2025-04-21 06:00:00+07:00,112.0,13.0,94.0,/dl/web/weather/ic-w-04-scattered-clouds-full.svg,Hà Nội,0.18695439160411875,0,0.34923005662366574,0
2025-04-21 07:00:00+07:00,117.0,13.7,90.0,/dl/web/weather/ic-w-04-scattered-clouds-full.svg,Hà Nội,0.3011378020085951,0,0.4559853334167401,0
2025-04-21 08:00:00+07:00,132.0,15.0,84.0,/dl/web/weather/ic-w-04-scattered-clouds-full.svg,Hà Nội,0.643688033222024,0,0.6542451331753071,0
2025-04-21 09:00:00+07:00,139.0,14.2,81.0,/dl/web/weather/ic-w-04-scattered-clouds-full.svg,Hà Nội,0.8035448077882908,0,0.5322391025546505,0
2025-04-21 10:00:00+07:00,143.0,12.7,74.0,/dl/web/weather/ic-w-04-scattered-clouds-full.svg,Hà Nội,0.8948915361118719,0,0.30347779514091944,0
2025-04-21 11:00:00+07:00,143.0,12.7,74.0,/dl/web/weather/ic-w-04-scattered-clouds-full.svg,Hà Nội,0.8948915361118719,0,0.30347779514091944,0
2025-04-21 12:00:00+07:00,138.0,11.6,75.0,/dl/web/weather/ic-w-04-scattered-clouds-full.svg,Hà Nội,0.7807081257073956,0,0.13571950303751681,0
2025-04-21 13:00:00+07:00,145.0,15.4,70.0,/dl/web/weather/ic-w-04-scattered-clouds-full.svg,Hà Nội,0.9405649002736624,0,0.7152481484856353,0
2025-04-21 14:00:00+07:00,147.0,18.5,60.0,/dl/web/weather/ic-w-04-scattered-clouds-full.svg,Hà Nội,0.9862382644354529,0,1.1880215171406794,0
2025-04-21 15:00:00+07:00,129.0,18.8,62.0,/dl/web/weather/ic-w-01-clear-sky-full.svg,Hà Nội,0.5751779869793382,0,1.2337737786234255,0
2025-04-21 16:00:00+07:00,116.0,19.2,64.0,/dl/web/weather/ic-w-06-rain-full.svg,Hà Nội,0.2783011199276998,0,1.2947767939337536,0
2025-04-21 17:00:00+07:00,86.0,14.3,71.0,/dl/web/weather/ic-w-06-rain-full.svg,Hà Nội,-0.40679934249915806,0,0.5474898563822327,0
2025-04-21 18:00:00+07:00,78.0,21.7,87.0,/dl/web/weather/ic-w-06-rain-full.svg,Hà Nội,-0.5894927991463201,0,1.6760456396233052,0
2025-04-21 19:00:00+07:00,68.0,24.3,80.0,/dl/web/weather/ic-w-06-rain-full.svg,Hà Nội,-0.8178596199552728,0,2.072565239140439,0
2025-04-21 20:00:00+07:00,132.0,20.3,86.0,/dl/web/weather/ic-w-12-night-rain-full.svg,Hà Nội,0.643688033222024,0,1.4625350860371567,0
2025-04-21 21:00:00+07:00,99.0,20.3,86.0,/dl/web/weather/ic-w-12-night-rain-full.svg,Hà Nội,-0.10992247544751964,0,1.4625350860371567,0
2025-04-21 22:00:00+07:00,147.0,20.4,84.0,/dl/web/weather/ic-w-04-scattered-clouds-full.svg,Hà Nội,0.9862382644354529,0,1.4777858398647383,0
2025-04-21 23:00:00+07:00,158.0,20.6,88.0,/dl/web/weather/ic-w-12-night-rain-full.svg,Hà Nội,1.2374417673253009,0,1.5082873475199028,0
2025-04-22 00:00:00+07:00,157.0,18.0,92.0,/dl/web/weather/ic-w-12-night-rain-full.svg,Hà Nội,1.2146050852444055,0,1.111767748002769,0
2025-04-22 01:00:00+07:00,151.0,20.0,92.0,/dl/web/weather/ic-w-04-scattered-clouds-full.svg,Hà Nội,1.077584992759034,0,1.4167828245544103,0
2025-04-22 02:00:00+07:00,142.0,18.2,92.0,/dl/web/weather/ic-w-04-scattered-clouds-full.svg,Hà Nội,0.8720548540309766,0,1.142269255657933,0
2025-04-22 03:00:00+07:00,119.0,14.8,91.0,/dl/web/weather/ic-w-11-night-few-clouds-full.svg,Hà Nội,0.3468111661703856,0,0.6237436255201431,0
2025-04-22 04:00:00+07:00,110.0,11.9,93.0,/dl/web/weather/ic-w-11-night-few-clouds-full.svg,Hà Nội,0.14128102744232823,0,0.18147176452026312,0
2025-04-22 05:00:00+07:00,97.0,11.6,94.0,/dl/web/weather/ic-w-04-scattered-clouds-full.svg,Hà Nội,-0.15559583960931017,0,0.13571950303751681,0
2025-04-22 06:00:00+07:00,103.0,9.7,94.0,/dl/web/weather/ic-w-04-scattered-clouds-full.svg,Hà Nội,-0.018575747123938596,0,-0.15404481968654246,0
2025-04-22 07:00:00+07:00,121.0,11.1,91.0,/dl/web/weather/ic-w-04-scattered-clouds-full.svg,Hà Nội,0.3924845303321761,0,0.059465733899606486,0
2025-04-22 08:00:00+07:00,144.0,10.3,87.0,/dl/web/weather/ic-w-04-scattered-clouds-full.svg,Hà Nội,0.9177282181927672,0,-0.06254029672104987,0
2025-04-22 09:00:00+07:00,154.0,6.3,88.0,/dl/web/weather/ic-w-04-scattered-clouds-full.svg,Hà Nội,1.1460950390017197,0,-0.6725704498243326,0
2025-04-22 10:00:00+07:00,160.0,2.7,82.0,/dl/web/weather/ic-w-04-scattered-clouds-full.svg,Hà Nội,1.2831151314870912,0,-1.2215975876172869,0
2025-04-22 11:00:00+07:00,161.0,2.7,82.0,/dl/web/weather/ic-w-04-scattered-clouds-full.svg,Hà Nội,1.3059518135679866,0,-1.2215975876172869,0
2025-04-22 12:00:00+07:00,164.0,5.0,76.0,/dl/web/weather/ic-w-04-scattered-clouds-full.svg,Hà Nội,1.3744618598106724,0,-0.8708302495828993,0
2025-04-22 13:00:00+07:00,165.0,6.6,71.0,/dl/web/weather/ic-w-04-scattered-clouds-full.svg,Hà Nội,1.3972985418915675,0,-0.6268181883415864,0
2025-04-22 14:00:00+07:00,168.0,5.8,59.0,/dl/web/weather/ic-w-04-scattered-clouds-full.svg,Hà Nội,1.4658085881342535,0,-0.7488242189622429,0
2025-04-22 15:00:00+07:00,160.0,3.5,64.0,/dl/web/weather/ic-w-02-new-clouds-full.svg,Hà Nội,1.2831151314870912,0,-1.0995915569966304,0
2025-04-22 16:00:00+07:00,157.0,4.0,61.0,/dl/web/weather/ic-w-02-new-clouds-full.svg,Hà Nội,1.2146050852444055,0,-1.02333778785872,0
2025-04-22 17:00:00+07:00,159.0,20.6,71.0,/dl/web/weather/ic-w-04-scattered-clouds-full.svg,Hà Nội,1.260278449406196,0,1.5082873475199028,0
2025-04-22 18:00:00+07:00,162.0,17.7,82.0,/dl/web/weather/ic-w-04-scattered-clouds-full.svg,Hà Nội,1.3287884956488818,0,1.0660154865200226,0
2025-04-22 19:00:00+07:00,153.0,21.1,81.0,/dl/web/weather/ic-w-04-scattered-clouds-full.svg,Hà Nội,1.1232583569208245,0,1.5845411166578132,0
2025-04-22 20:00:00+07:00,157.0,17.1,81.0,/dl/web/weather/ic-w-04-scattered-clouds-full.svg,Hà Nội,1.2146050852444055,0,0.9745109635545306,0
2025-04-22 21:00:00+07:00,160.0,17.1,81.0,/dl/web/weather/ic-w-04-scattered-clouds-full.svg,Hà Nội,1.2831151314870912,0,0.9745109635545306,0
2025-04-22 22:00:00+07:00,159.0,18.8,82.0,/dl/web/weather/ic-w-04-scattered-clouds-full.svg,Hà Nội,1.260278449406196,0,1.2337737786234255,0
2025-04-22 23:00:00+07:00,154.0,14.0,86.0,/dl/web/weather/ic-w-04-scattered-clouds-full.svg,Hà Nội,1.1460950390017197,0,0.5017375948994864,0
2025-04-23 00:00:00+07:00,153.0,16.4,90.0,/dl/web/weather/ic-w-04-scattered-clouds-full.svg,Hà Nội,1.1232583569208245,0,0.8677556867614558,0
2025-04-23 01:00:00+07:00,135.0,17.1,86.0,/dl/web/weather/ic-w-04-scattered-clouds-full.svg,Hà Nội,0.7121980794647098,0,0.9745109635545306,0
2025-04-23 02:00:00+07:00,127.0,16.6,86.0,/dl/web/weather/ic-w-04-scattered-clouds-full.svg,Hà Nội,0.5295046228175477,0,0.8982571944166203,0
2025-04-23 03:00:00+07:00,121.0,15.4,86.0,/dl/web/weather/ic-w-10-night-clear-sky-full.svg,Hà Nội,0.3924845303321761,0,0.7152481484856353,0
2025-04-23 04:00:00+07:00,117.0,13.7,88.0,/dl/web/weather/ic-w-10-night-clear-sky-full.svg,Hà Nội,0.3011378020085951,0,0.4559853334167401,0
2025-04-23 05:00:00+07:00,147.0,10.3,91.0,/dl/web/weather/ic-w-10-night-clear-sky-full.svg,Hà Nội,0.9862382644354529,0,-0.06254029672104987,0
2025-04-23 06:00:00+07:00,152.0,9.3,92.0,/dl/web/weather/ic-w-10-night-clear-sky-full.svg,Hà Nội,1.1004216748399291,0,-0.2150478349968705,0
2025-04-23 07:00:00+07:00,152.0,8.9,91.0,/dl/web/weather/ic-w-01-clear-sky-full.svg,Hà Nội,1.1004216748399291,0,-0.27605085030719884,0
2025-04-23 08:00:00+07:00,153.0,6.0,83.0,/dl/web/weather/ic-w-04-scattered-clouds-full.svg,Hà Nội,1.1232583569208245,0,-0.7183227113070787,0
2025-04-23 09:00:00+07:00,154.0,5.6,78.0,/dl/web/weather/ic-w-04-scattered-clouds-full.svg,Hà Nội,1.1460950390017197,0,-0.7793257266174071,0
2025-04-23 10:00:00+07:00,160.0,5.6,72.0,/dl/web/weather/ic-w-04-scattered-clouds-full.svg,Hà Nội,1.2831151314870912,0,-0.7793257266174071,0
2025-04-23 11:00:00+07:00,160.0,5.6,72.0,/dl/web/weather/ic-w-04-scattered-clouds-full.svg,Hà Nội,1.2831151314870912,0,-0.7793257266174071,0
2025-04-23 12:00:00+07:00,164.0,4.8,70.0,/dl/web/weather/ic-w-04-scattered-clouds-full.svg,Hà Nội,1.3744618598106724,0,-0.9013317572380636,0
2025-04-23 13:00:00+07:00,163.0,6.0,63.0,/dl/web/weather/ic-w-02-new-clouds-full.svg,Hà Nội,1.3516251777297772,0,-0.7183227113070787,0
2025-04-23 14:00:00+07:00,158.0,8.0,56.0,/dl/web/weather/ic-w-02-new-clouds-full.svg,Hà Nội,1.2374417673253009,0,-0.41330763475543747,0
2025-04-23 15:00:00+07:00,152.0,9.0,49.0,/dl/web/weather/ic-w-01-clear-sky-full.svg,Hà Nội,1.1004216748399291,0,-0.2608000964796168,0
2025-04-23 16:00:00+07:00,137.0,15.9,52.0,/dl/web/weather/ic-w-01-clear-sky-full.svg,Hà Nội,0.7578714436265003,0,0.7915019176235457,0
2025-04-23 17:00:00+07:00,132.0,28.2,51.0,/dl/web/weather/ic-w-02-new-clouds-full.svg,Hà Nội,0.643688033222024,0,2.6673446384161394,0
2025-04-23 18:00:00+07:00,123.0,21.2,61.0,/dl/web/weather/ic-w-02-new-clouds-full.svg,Hà Nội,0.43815789449396664,0,1.5997918704853948,0
2025-04-23 19:00:00+07:00,127.0,24.5,72.0,/dl/web/weather/ic-w-04-scattered-clouds-full.svg,Hà Nội,0.5295046228175477,0,2.1030667467956032,0
2025-04-23 20:00:00+07:00,135.0,11.3,77.0,/dl/web/weather/ic-w-04-scattered-clouds-full.svg,Hà Nội,0.7121980794647098,0,0.08996724155477077,0
2025-04-23 21:00:00+07:00,127.0,11.3,77.0,/dl/web/weather/ic-w-04-scattered-clouds-full.svg,Hà Nội,0.5295046228175477,0,0.08996724155477077,0
2025-04-23 22:00:00+07:00,129.0,14.0,83.0,/dl/web/weather/ic-w-04-scattered-clouds-full.svg,Hà Nội,0.5751779869793382,0,0.5017375948994864,0
2025-04-23 23:00:00+07:00,118.0,14.8,86.0,/dl/web/weather/ic-w-04-scattered-clouds-full.svg,Hà Nội,0.3239744840894903,0,0.6237436255201431,0
2025-04-24 00:00:00+07:00,115.0,15.8,89.0,/dl/web/weather/ic-w-04-scattered-clouds-full.svg,Hà Nội,0.25546443784680456,0,0.7762511637959637,0
2025-04-24 01:00:00+07:00,115.0,15.8,90.0,/dl/web/weather/ic-w-04-scattered-clouds-full.svg,Hà Nội,0.25546443784680456,0,0.7762511637959637,0
2025-04-24 02:00:00+07:00,124.0,13.5,91.0,/dl/web/weather/ic-w-04-scattered-clouds-full.svg,Hà Nội,0.4609945765748619,0,0.42548382576157606,0
2025-04-24 03:00:00+07:00,117.0,13.8,91.0,/dl/web/weather/ic-w-11-night-few-clouds-full.svg,Hà Nội,0.3011378020085951,0,0.47123608724432237,0
2025-04-24 04:00:00+07:00,110.0,11.4,91.0,/dl/web/weather/ic-w-04-scattered-clouds-full.svg,Hà Nội,0.14128102744232823,0,0.10521799538235278,0
2025-04-24 05:00:00+07:00,105.0,10.9,92.0,/dl/web/weather/ic-w-04-scattered-clouds-full.svg,Hà Nội,0.027097617037851927,0,0.028964226244442465,0
2025-04-24 06:00:00+07:00,102.0,11.1,92.0,/dl/web/weather/ic-w-04-scattered-clouds-full.svg,Hà Nội,-0.04141242920483386,0,0.059465733899606486,0
2025-04-24 07:00:00+07:00,97.0,11.3,87.0,/dl/web/weather/ic-w-04-scattered-clouds-full.svg,Hà Nội,-0.15559583960931017,0,0.08996724155477077,0
2025-04-24 08:00:00+07:00,121.0,9.2,83.0,/dl/web/weather/ic-w-04-scattered-clouds-full.svg,Hà Nội,0.3924845303321761,0,-0.23029858882445278,0
2025-04-24 09:00:00+07:00,113.0,7.4,81.0,/dl/web/weather/ic-w-04-scattered-clouds-full.svg,Hà Nội,0.209791073685014,0,-0.5048121577209298,0
2025-04-24 10:00:00+07:00,122.0,6.6,77.0,/dl/web/weather/ic-w-04-scattered-clouds-full.svg,Hà Nội,0.41532121241307135,0,-0.6268181883415864,0
2025-04-24 11:00:00+07:00,119.0,6.6,77.0,/dl/web/weather/ic-w-04-scattered-clouds-full.svg,Hà Nội,0.3468111661703856,0,-0.6268181883415864,0
2025-04-24 12:00:00+07:00,139.0,5.1,78.0,/dl/web/weather/ic-w-04-scattered-clouds-full.svg,Hà Nội,0.8035448077882908,0,-0.8555794957553173,0
2025-04-24 13:00:00+07:00,149.0,3.1,72.0,/dl/web/weather/ic-w-04-scattered-clouds-full.svg,Hà Nội,1.0319116285972434,0,-1.1605945723069586,0
2025-04-24 14:00:00+07:00,152.0,5.0,66.0,/dl/web/weather/ic-w-04-scattered-clouds-full.svg,Hà Nội,1.1004216748399291,0,-0.8708302495828993,0
2025-04-24 15:00:00+07:00,151.0,10.0,63.0,/dl/web/weather/ic-w-01-clear-sky-full.svg,Hà Nội,1.077584992759034,0,-0.10829255820379617,0
2025-04-24 16:00:00+07:00,137.0,14.8,64.0,/dl/web/weather/ic-w-01-clear-sky-full.svg,Hà Nội,0.7578714436265003,0,0.6237436255201431,0
2025-04-24 17:00:00+07:00,124.0,21.9,62.0,/dl/web/weather/ic-w-01-clear-sky-full.svg,Hà Nội,0.4609945765748619,0,1.7065471472784692,0
2025-04-24 18:00:00+07:00,132.0,22.7,68.0,/dl/web/weather/ic-w-02-new-clouds-full.svg,Hà Nội,0.643688033222024,0,1.828553177899126,0
2025-04-24 19:00:00+07:00,138.0,16.3,74.0,/dl/web/weather/ic-w-01-clear-sky-full.svg,Hà Nội,0.7807081257073956,0,0.852504932933874,0
2025-04-24 20:00:00+07:00,134.0,15.4,84.0,/dl/web/weather/ic-w-04-scattered-clouds-full.svg,Hà Nội,0.6893613973838145,0,0.7152481484856353,0
2025-04-24 21:00:00+07:00,132.0,15.4,84.0,/dl/web/weather/ic-w-04-scattered-clouds-full.svg,Hà Nội,0.643688033222024,0,0.7152481484856353,0
2025-04-24 22:00:00+07:00,124.0,11.6,81.0,/dl/web/weather/ic-w-04-scattered-clouds-full.svg,Hà Nội,0.4609945765748619,0,0.13571950303751681,0
2025-04-24 23:00:00+07:00,128.0,15.8,85.0,/dl/web/weather/ic-w-12-night-rain-full.svg,Hà Nội,0.5523413048984429,0,0.7762511637959637,0
2025-04-25 00:00:00+07:00,107.0,15.4,91.0,/dl/web/weather/ic-w-12-night-rain-full.svg,Hà Nội,0.07277098119964245,0,0.7152481484856353,0
2025-04-25 01:00:00+07:00,84.0,15.1,90.0,/dl/web/weather/ic-w-12-night-rain-full.svg,Hà Nội,-0.4524727066609486,0,0.6694958870028891,0
2025-04-25 02:00:00+07:00,84.0,16.7,89.0,/dl/web/weather/ic-w-04-scattered-clouds-full.svg,Hà Nội,-0.4524727066609486,0,0.913507948244202,0
2025-04-25 03:00:00+07:00,98.0,19.6,84.0,/dl/web/weather/ic-w-04-scattered-clouds-full.svg,Hà Nội,-0.1327591575284149,0,1.3557798092440823,0
2025-04-25 04:00:00+07:00,92.0,20.1,80.0,/dl/web/weather/ic-w-04-scattered-clouds-full.svg,Hà Nội,-0.2697792500137865,0,1.4320335783819926,0
2025-04-25 06:00:00+07:00,64.0,15.1,91.0,/dl/web/weather/ic-w-12-night-rain-full.svg,Hà Nội,-0.9092063482788538,0,0.6694958870028891,0
2025-04-25 07:00:00+07:00,64.0,12.6,90.0,/dl/web/weather/ic-w-06-rain-full.svg,Hà Nội,-0.9092063482788538,0,0.28822704131333743,0
2025-04-25 08:00:00+07:00,77.0,12.2,92.0,/dl/web/weather/ic-w-06-rain-full.svg,Hà Nội,-0.6123294812272154,0,0.22722402600300914,0
2025-04-25 09:00:00+07:00,82.0,11.9,88.0,/dl/web/weather/ic-w-06-rain-full.svg,Hà Nội,-0.4981460708227391,0,0.18147176452026312,0
2025-04-25 10:00:00+07:00,79.0,11.6,81.0,/dl/web/weather/ic-w-06-rain-full.svg,Hà Nội,-0.5666561170654248,0,0.13571950303751681,0
2025-04-25 11:00:00+07:00,78.0,11.6,81.0,/dl/web/weather/ic-w-06-rain-full.svg,Hà Nội,-0.5894927991463201,0,0.13571950303751681,0
2025-04-25 12:00:00+07:00,71.0,10.9,73.0,/dl/web/weather/ic-w-04-scattered-clouds-full.svg,Hà Nội,-0.7493495737125869,0,0.028964226244442465,0
2025-04-25 13:00:00+07:00,69.0,9.7,69.0,/dl/web/weather/ic-w-06-rain-full.svg,Hà Nội,-0.7950229378743775,0,-0.15404481968654246,0
2025-04-25 14:00:00+07:00,70.0,9.8,69.0,/dl/web/weather/ic-w-04-scattered-clouds-full.svg,Hà Nội,-0.7721862557934822,0,-0.13879406585896018,0
2025-04-25 15:00:00+07:00,70.0,6.8,68.0,/dl/web/weather/ic-w-04-scattered-clouds-full.svg,Hà Nội,-0.7721862557934822,0,-0.5963166806864223,0
2025-04-25 16:00:00+07:00,88.0,7.9,74.0,/dl/web/weather/ic-w-04-scattered-clouds-full.svg,Hà Nội,-0.36112597833736754,0,-0.4285583885830195,0
2025-04-25 17:00:00+07:00,104.0,4.3,71.0,/dl/web/weather/ic-w-04-scattered-clouds-full.svg,Hà Nội,0.004260934956956666,0,-0.9775855263759738,0
2025-04-25 18:00:00+07:00,128.0,6.8,75.0,/dl/web/weather/ic-w-04-scattered-clouds-full.svg,Hà Nội,0.5523413048984429,0,-0.5963166806864223,0
2025-04-25 19:00:00+07:00,133.0,5.6,76.0,/dl/web/weather/ic-w-04-scattered-clouds-full.svg,Hà Nội,0.6665247153029192,0,-0.7793257266174071,0
2025-04-25 20:00:00+07:00,142.0,8.0,78.0,/dl/web/weather/ic-w-04-scattered-clouds-full.svg,Hà Nội,0.8720548540309766,0,-0.41330763475543747,0
2025-04-25 21:00:00+07:00,153.0,8.0,78.0,/dl/web/weather/ic-w-04-scattered-clouds-full.svg,Hà Nội,1.1232583569208245,0,-0.41330763475543747,0
2025-04-25 22:00:00+07:00,152.0,10.8,81.0,/dl/web/weather/ic-w-04-scattered-clouds-full.svg,Hà Nội,1.1004216748399291,0,0.013713472416860455,0
2025-04-25 23:00:00+07:00,154.0,8.5,86.0,/dl/web/weather/ic-w-04-scattered-clouds-full.svg,Hà Nội,1.1460950390017197,0,-0.33705386561752715,0
2025-04-26 00:00:00+07:00,137.0,9.7,87.0,/dl/web/weather/ic-w-04-scattered-clouds-full.svg,Hà Nội,0.7578714436265003,0,-0.15404481968654246,0
2025-04-26 01:00:00+07:00,102.0,8.2,90.0,/dl/web/weather/ic-w-04-scattered-clouds-full.svg,Hà Nội,-0.04141242920483386,0,-0.38280612710027345,0
2025-04-26 02:00:00+07:00,92.0,10.5,91.0,/dl/web/weather/ic-w-04-scattered-clouds-full.svg,Hà Nội,-0.2697792500137865,0,-0.03203878906588584,0
2025-04-26 03:00:00+07:00,86.0,9.2,86.0,/dl/web/weather/ic-w-04-scattered-clouds-full.svg,Hà Nội,-0.40679934249915806,0,-0.23029858882445278,0
2025-04-26 04:00:00+07:00,84.0,8.9,86.0,/dl/web/weather/ic-w-04-scattered-clouds-full.svg,Hà Nội,-0.4524727066609486,0,-0.27605085030719884,0
2025-04-26 05:00:00+07:00,85.0,9.5,87.0,/dl/web/weather/ic-w-04-scattered-clouds-full.svg,Hà Nội,-0.4296360245800533,0,-0.18454632734170648,0
2025-04-26 06:00:00+07:00,108.0,9.8,92.0,/dl/web/weather/ic-w-04-scattered-clouds-full.svg,Hà Nội,0.09560766328053771,0,-0.13879406585896018,0
2025-04-26 07:00:00+07:00,121.0,9.8,85.0,/dl/web/weather/ic-w-04-scattered-clouds-full.svg,Hà Nội,0.3924845303321761,0,-0.13879406585896018,0
2025-04-26 08:00:00+07:00,117.0,10.9,83.0,/dl/web/weather/ic-w-04-scattered-clouds-full.svg,Hà Nội,0.3011378020085951,0,0.028964226244442465,0
2025-04-26 09:00:00+07:00,103.0,11.9,78.0,/dl/web/weather/ic-w-04-scattered-clouds-full.svg,Hà Nội,-0.018575747123938596,0,0.18147176452026312,0
2025-04-26 10:00:00+07:00,96.0,12.2,77.0,/dl/web/weather/ic-w-04-scattered-clouds-full.svg,Hà Nội,-0.17843252169020543,0,0.22722402600300914,0
2025-04-26 11:00:00+07:00,99.0,12.2,77.0,/dl/web/weather/ic-w-04-scattered-clouds-full.svg,Hà Nội,-0.10992247544751964,0,0.22722402600300914,0
2025-04-26 12:00:00+07:00,110.0,12.7,74.0,/dl/web/weather/ic-w-04-scattered-clouds-full.svg,Hà Nội,0.14128102744232823,0,0.30347779514091944,0
2025-04-26 13:00:00+07:00,115.0,11.7,73.0,/dl/web/weather/ic-w-04-scattered-clouds-full.svg,Hà Nội,0.25546443784680456,0,0.15097025686509882,0
2025-04-26 14:00:00+07:00,97.0,11.6,74.0,/dl/web/weather/ic-w-04-scattered-clouds-full.svg,Hà Nội,-0.15559583960931017,0,0.13571950303751681,0
2025-04-26 15:00:00+07:00,92.0,14.0,69.0,/dl/web/weather/ic-w-04-scattered-clouds-full.svg,Hà Nội,-0.2697792500137865,0,0.5017375948994864,0
2025-04-26 16:00:00+07:00,95.0,15.4,71.0,/dl/web/weather/ic-w-04-scattered-clouds-full.svg,Hà Nội,-0.2012692037711007,0,0.7152481484856353,0
2025-04-26 17:00:00+07:00,116.0,14.3,70.0,/dl/web/weather/ic-w-04-scattered-clouds-full.svg,Hà Nội,0.2783011199276998,0,0.5474898563822327,0
2025-04-26 18:00:00+07:00,132.0,13.7,71.0,/dl/web/weather/ic-w-04-scattered-clouds-full.svg,Hà Nội,0.643688033222024,0,0.4559853334167401,0
2025-04-26 19:00:00+07:00,151.0,16.4,76.0,/dl/web/weather/ic-w-04-scattered-clouds-full.svg,Hà Nội,1.077584992759034,0,0.8677556867614558,0
2025-04-26 20:00:00+07:00,151.0,19.2,84.0,/dl/web/weather/ic-w-04-scattered-clouds-full.svg,Hà Nội,1.077584992759034,0,1.2947767939337536,0
2025-04-26 21:00:00+07:00,155.0,19.2,84.0,/dl/web/weather/ic-w-04-scattered-clouds-full.svg,Hà Nội,1.1689317210826151,0,1.2947767939337536,0
2025-04-26 22:00:00+07:00,155.0,15.8,89.0,/dl/web/weather/ic-w-04-scattered-clouds-full.svg,Hà Nội,1.1689317210826151,0,0.7762511637959637,0
2025-04-26 23:00:00+07:00,158.0,15.4,90.0,/dl/web/weather/ic-w-04-scattered-clouds-full.svg,Hà Nội,1.2374417673253009,0,0.7152481484856353,0
2025-04-27 00:00:00+07:00,158.0,12.6,91.0,/dl/web/weather/ic-w-04-scattered-clouds-full.svg,Hà Nội,1.2374417673253009,0,0.28822704131333743,0
2025-04-27 01:00:00+07:00,154.0,12.2,91.0,/dl/web/weather/ic-w-04-scattered-clouds-full.svg,Hà Nội,1.1460950390017197,0,0.22722402600300914,0
2025-04-27 02:00:00+07:00,157.0,12.6,92.0,/dl/web/weather/ic-w-04-scattered-clouds-full.svg,Hà Nội,1.2146050852444055,0,0.28822704131333743,0
2025-04-27 03:00:00+07:00,153.0,12.7,93.0,/dl/web/weather/ic-w-04-scattered-clouds-full.svg,Hà Nội,1.1232583569208245,0,0.30347779514091944,0
2025-04-27 04:00:00+07:00,142.0,12.9,95.0,/dl/web/weather/ic-w-04-scattered-clouds-full.svg,Hà Nội,0.8720548540309766,0,0.33397930279608373,0
2025-04-27 05:00:00+07:00,145.0,11.7,95.0,/dl/web/weather/ic-w-04-scattered-clouds-full.svg,Hà Nội,0.9405649002736624,0,0.15097025686509882,0
2025-04-27 06:00:00+07:00,134.0,10.9,95.0,/dl/web/weather/ic-w-04-scattered-clouds-full.svg,Hà Nội,0.6893613973838145,0,0.028964226244442465,0
2025-04-27 07:00:00+07:00,129.0,12.1,88.0,/dl/web/weather/ic-w-04-scattered-clouds-full.svg,Hà Nội,0.5751779869793382,0,0.21197327217542714,0
2025-04-27 08:00:00+07:00,151.0,14.5,89.0,/dl/web/weather/ic-w-04-scattered-clouds-full.svg,Hà Nội,1.077584992759034,0,0.5779913640373967,0
2025-04-27 09:00:00+07:00,151.0,17.9,85.0,/dl/web/weather/ic-w-04-scattered-clouds-full.svg,Hà Nội,1.077584992759034,0,1.0965169941751867,0
2025-04-27 10:00:00+07:00,142.0,18.8,82.0,/dl/web/weather/ic-w-04-scattered-clouds-full.svg,Hà Nội,0.8720548540309766,0,1.2337737786234255,0
2025-04-27 11:00:00+07:00,142.0,18.8,82.0,/dl/web/weather/ic-w-04-scattered-clouds-full.svg,Hà Nội,0.8720548540309766,0,1.2337737786234255,0
2025-04-27 12:00:00+07:00,134.0,17.2,77.0,/dl/web/weather/ic-w-04-scattered-clouds-full.svg,Hà Nội,0.6893613973838145,0,0.9897617173821124,0
2025-04-27 13:00:00+07:00,118.0,15.3,73.0,/dl/web/weather/ic-w-04-scattered-clouds-full.svg,Hà Nội,0.3239744840894903,0,0.6999973946580533,0
2025-04-27 14:00:00+07:00,107.0,15.1,64.0,/dl/web/weather/ic-w-04-scattered-clouds-full.svg,Hà Nội,0.07277098119964245,0,0.6694958870028891,0
2025-04-27 15:00:00+07:00,103.0,15.9,66.0,/dl/web/weather/ic-w-04-scattered-clouds-full.svg,Hà Nội,-0.018575747123938596,0,0.7915019176235457,0
2025-04-27 16:00:00+07:00,129.0,15.4,66.0,/dl/web/weather/ic-w-04-scattered-clouds-full.svg,Hà Nội,0.5751779869793382,0,0.7152481484856353,0
2025-04-27 17:00:00+07:00,117.0,17.1,68.0,/dl/web/weather/ic-w-04-scattered-clouds-full.svg,Hà Nội,0.3011378020085951,0,0.9745109635545306,0
2025-04-27 18:00:00+07:00,111.0,16.9,70.0,/dl/web/weather/ic-w-04-scattered-clouds-full.svg,Hà Nội,0.1641177095232235,0,0.944009455899366,0
2025-04-27 19:00:00+07:00,105.0,21.1,76.0,/dl/web/weather/ic-w-04-scattered-clouds-full.svg,Hà Nội,0.027097617037851927,0,1.5845411166578132,0
2025-04-27 20:00:00+07:00,92.0,22.9,80.0,/dl/web/weather/ic-w-04-scattered-clouds-full.svg,Hà Nội,-0.2697792500137865,0,1.85905468555429,0
2025-04-27 21:00:00+07:00,91.0,22.9,80.0,/dl/web/weather/ic-w-04-scattered-clouds-full.svg,Hà Nội,-0.29261593209468173,0,1.85905468555429,0
2025-04-27 22:00:00+07:00,82.0,16.7,84.0,/dl/web/weather/ic-w-04-scattered-clouds-full.svg,Hà Nội,-0.4981460708227391,0,0.913507948244202,0
2025-04-27 23:00:00+07:00,77.0,9.5,90.0,/dl/web/weather/ic-w-04-scattered-clouds-full.svg,Hà Nội,-0.6123294812272154,0,-0.18454632734170648,0
2025-04-28 00:00:00+07:00,80.0,9.5,90.0,/dl/web/weather/ic-w-04-scattered-clouds-full.svg,Hà Nội,-0.5438194349845296,0,-0.18454632734170648,0
2025-04-28 01:00:00+07:00,84.0,8.7,93.0,/dl/web/weather/ic-w-04-scattered-clouds-full.svg,Hà Nội,-0.4524727066609486,0,-0.30655235796236313,0
2025-04-28 02:00:00+07:00,83.0,9.5,95.0,/dl/web/weather/ic-w-04-scattered-clouds-full.svg,Hà Nội,-0.4753093887418438,0,-0.18454632734170648,0
2025-04-28 03:00:00+07:00,82.0,8.5,95.0,/dl/web/weather/ic-w-04-scattered-clouds-full.svg,Hà Nội,-0.4981460708227391,0,-0.33705386561752715,0
2025-04-28 04:00:00+07:00,94.0,8.5,95.0,/dl/web/weather/ic-w-04-scattered-clouds-full.svg,Hà Nội,-0.22410588585199595,0,-0.33705386561752715,0
2025-04-28 05:00:00+07:00,97.0,9.2,94.0,/dl/web/weather/ic-w-04-scattered-clouds-full.svg,Hà Nội,-0.15559583960931017,0,-0.23029858882445278,0
2025-04-28 06:00:00+07:00,103.0,9.3,93.0,/dl/web/weather/ic-w-04-scattered-clouds-full.svg,Hà Nội,-0.018575747123938596,0,-0.2150478349968705,0
2025-04-28 07:00:00+07:00,142.0,8.7,92.0,/dl/web/weather/ic-w-04-scattered-clouds-full.svg,Hà Nội,0.8720548540309766,0,-0.30655235796236313,0
2025-04-28 08:00:00+07:00,147.0,9.2,92.0,/dl/web/weather/ic-w-04-scattered-clouds-full.svg,Hà Nội,0.9862382644354529,0,-0.23029858882445278,0
2025-04-28 09:00:00+07:00,133.0,9.7,86.0,/dl/web/weather/ic-w-04-scattered-clouds-full.svg,Hà Nội,0.6665247153029192,0,-0.15404481968654246,0
2025-04-28 10:00:00+07:00,64.0,9.8,88.0,/dl/web/weather/ic-w-06-rain-full.svg,Hà Nội,-0.9092063482788538,0,-0.13879406585896018,0
2025-04-28 11:00:00+07:00,64.0,9.8,86.0,/dl/web/weather/ic-w-04-scattered-clouds-full.svg,Hà Nội,-0.9092063482788538,0,-0.13879406585896018,0
2025-04-28 12:00:00+07:00,66.0,9.3,72.0,/dl/web/weather/ic-w-06-rain-full.svg,Hà Nội,-0.8635329841170633,0,-0.2150478349968705,0
2025-04-28 13:00:00+07:00,68.0,9.7,65.0,/dl/web/weather/ic-w-06-rain-full.svg,Hà Nội,-0.8178596199552728,0,-0.15404481968654246,0
2025-04-28 14:00:00+07:00,80.0,11.6,77.0,/dl/web/weather/ic-w-04-scattered-clouds-full.svg,Hà Nội,-0.5438194349845296,0,0.13571950303751681,0
2025-04-28 15:00:00+07:00,81.0,14.3,72.0,/dl/web/weather/ic-w-04-scattered-clouds-full.svg,Hà Nội,-0.5209827529036344,0,0.5474898563822327,0
2025-04-28 16:00:00+07:00,81.0,13.4,81.0,/dl/web/weather/ic-w-04-scattered-clouds-full.svg,Hà Nội,-0.5209827529036344,0,0.41023307193399405,0
2025-04-28 17:00:00+07:00,90.0,13.7,84.0,/dl/web/weather/ic-w-04-scattered-clouds-full.svg,Hà Nội,-0.315452614175577,0,0.4559853334167401,0
2025-04-28 18:00:00+07:00,106.0,13.4,83.0,/dl/web/weather/ic-w-04-scattered-clouds-full.svg,Hà Nội,0.04993429911874719,0,0.41023307193399405,0
2025-04-28 19:00:00+07:00,106.0,16.4,86.0,/dl/web/weather/ic-w-04-scattered-clouds-full.svg,Hà Nội,0.04993429911874719,0,0.8677556867614558,0
2025-04-28 20:00:00+07:00,112.0,17.7,90.0,/dl/web/weather/ic-w-04-scattered-clouds-full.svg,Hà Nội,0.18695439160411875,0,1.0660154865200226,0
2025-04-28 21:00:00+07:00,112.0,15.3,89.0,/dl/web/weather/ic-w-04-scattered-clouds-full.svg,Hà Nội,0.18695439160411875,0,0.6999973946580533,0
2025-04-28 22:00:00+07:00,110.0,15.3,89.0,/dl/web/weather/ic-w-04-scattered-clouds-full.svg,Hà Nội,0.14128102744232823,0,0.6999973946580533,0
2025-04-28 23:00:00+07:00,100.0,2.4,97.0,/dl/web/weather/ic-w-04-scattered-clouds-full.svg,Hà Nội,-0.08708579336662438,0,-1.267349849100033,0
2025-04-29 01:00:00+07:00,102.0,2.3,96.0,/dl/web/weather/ic-w-04-scattered-clouds-full.svg,Hà Nội,-0.04141242920483386,0,-1.282600602927615,0
2025-04-29 02:00:00+07:00,97.0,2.3,96.0,/dl/web/weather/ic-w-04-scattered-clouds-full.svg,Hà Nội,-0.15559583960931017,0,-1.282600602927615,0
2025-04-29 03:00:00+07:00,107.0,6.4,90.0,/dl/web/weather/ic-w-04-scattered-clouds-full.svg,Hà Nội,0.07277098119964245,0,-0.6573196959967504,0
2025-04-29 04:00:00+07:00,119.0,6.4,90.0,/dl/web/weather/ic-w-04-scattered-clouds-full.svg,Hà Nội,0.3468111661703856,0,-0.6573196959967504,0
2025-04-29 05:00:00+07:00,132.0,6.4,90.0,/dl/web/weather/ic-w-04-scattered-clouds-full.svg,Hà Nội,0.643688033222024,0,-0.6573196959967504,0
2025-04-29 06:00:00+07:00,137.0,6.4,90.0,/dl/web/weather/ic-w-04-scattered-clouds-full.svg,Hà Nội,0.7578714436265003,0,-0.6573196959967504,0
2025-04-29 07:00:00+07:00,137.0,3.9,84.0,/dl/web/weather/ic-w-04-scattered-clouds-full.svg,Hà Nội,0.7578714436265003,0,-1.038588541686302,0
2025-04-29 08:00:00+07:00,132.0,3.1,82.0,/dl/web/weather/ic-w-04-scattered-clouds-full.svg,Hà Nội,0.643688033222024,0,-1.1605945723069586,0
2025-04-29 09:00:00+07:00,139.0,3.5,77.0,/dl/web/weather/ic-w-04-scattered-clouds-full.svg,Hà Nội,0.8035448077882908,0,-1.0995915569966304,0
2025-04-29 10:00:00+07:00,138.0,4.0,78.0,/dl/web/weather/ic-w-04-scattered-clouds-full.svg,Hà Nội,0.7807081257073956,0,-1.02333778785872,0
2025-04-29 11:00:00+07:00,141.0,4.8,76.0,/dl/web/weather/ic-w-06-rain-full.svg,Hà Nội,0.8492181719500813,0,-0.9013317572380636,0
2025-04-29 12:00:00+07:00,110.0,6.3,76.0,/dl/web/weather/ic-w-04-scattered-clouds-full.svg,Hà Nội,0.14128102744232823,0,-0.6725704498243326,0
2025-04-29 13:00:00+07:00,92.0,5.0,71.0,/dl/web/weather/ic-w-04-scattered-clouds-full.svg,Hà Nội,-0.2697792500137865,0,-0.8708302495828993,0
2025-04-29 14:00:00+07:00,94.0,5.0,71.0,/dl/web/weather/ic-w-04-scattered-clouds-full.svg,Hà Nội,-0.22410588585199595,0,-0.8708302495828993,0
2025-04-29 15:00:00+07:00,98.0,6.6,78.0,/dl/web/weather/ic-w-04-scattered-clouds-full.svg,Hà Nội,-0.1327591575284149,0,-0.6268181883415864,0
2025-04-29 16:00:00+07:00,112.0,12.2,82.0,/dl/web/weather/ic-w-04-scattered-clouds-full.svg,Hà Nội,0.18695439160411875,0,0.22722402600300914,0
2025-04-29 18:00:00+07:00,149.0,14.3,78.0,/dl/web/weather/ic-w-04-scattered-clouds-full.svg,Hà Nội,1.0319116285972434,0,0.5474898563822327,0
2025-04-29 19:00:00+07:00,158.0,13.4,84.0,/dl/web/weather/ic-w-04-scattered-clouds-full.svg,Hà Nội,1.2374417673253009,0,0.41023307193399405,0
2025-04-29 20:00:00+07:00,171.0,11.1,82.0,/dl/web/weather/ic-w-12-night-rain-full.svg,Hà Nội,1.5343186343769393,0,0.059465733899606486,0
2025-04-29 21:00:00+07:00,171.0,11.1,82.0,/dl/web/weather/ic-w-12-night-rain-full.svg,Hà Nội,1.5343186343769393,0,0.059465733899606486,0
2025-04-29 22:00:00+07:00,171.0,12.6,82.0,/dl/web/weather/ic-w-04-scattered-clouds-full.svg,Hà Nội,1.5343186343769393,0,0.28822704131333743,0
2025-04-29 23:00:00+07:00,157.0,9.5,90.0,/dl/web/weather/ic-w-04-scattered-clouds-full.svg,Hà Nội,1.2146050852444055,0,-0.18454632734170648,0
2025-04-30 00:00:00+07:00,151.0,9.5,90.0,/dl/web/weather/ic-w-04-scattered-clouds-full.svg,Hà Nội,1.077584992759034,0,-0.18454632734170648,0
2025-04-30 01:00:00+07:00,151.0,9.2,91.0,/dl/web/weather/ic-w-04-scattered-clouds-full.svg,Hà Nội,1.077584992759034,0,-0.23029858882445278,0
2025-04-30 02:00:00+07:00,153.0,9.2,91.0,/dl/web/weather/ic-w-04-scattered-clouds-full.svg,Hà Nội,1.1232583569208245,0,-0.23029858882445278,0
2025-04-30 03:00:00+07:00,145.0,9.0,92.0,/dl/web/weather/ic-w-04-scattered-clouds-full.svg,Hà Nội,0.9405649002736624,0,-0.2608000964796168,0
2025-04-30 04:00:00+07:00,149.0,8.7,92.0,/dl/web/weather/ic-w-04-scattered-clouds-full.svg,Hà Nội,1.0319116285972434,0,-0.30655235796236313,0
2025-04-30 05:00:00+07:00,144.0,7.6,92.0,/dl/web/weather/ic-w-04-scattered-clouds-full.svg,Hà Nội,0.9177282181927672,0,-0.4743106500657658,0
2025-04-30 06:00:00+07:00,151.0,6.6,93.0,/dl/web/weather/ic-w-04-scattered-clouds-full.svg,Hà Nội,1.077584992759034,0,-0.6268181883415864,0
2025-04-30 07:00:00+07:00,148.0,7.9,91.0,/dl/web/weather/ic-w-04-scattered-clouds-full.svg,Hà Nội,1.0090749465163482,0,-0.4285583885830195,0
2025-04-30 08:00:00+07:00,154.0,8.0,88.0,/dl/web/weather/ic-w-04-scattered-clouds-full.svg,Hà Nội,1.1460950390017197,0,-0.41330763475543747,0
2025-04-30 09:00:00+07:00,140.0,7.4,86.0,/dl/web/weather/ic-w-04-scattered-clouds-full.svg,Hà Nội,0.8263814898691861,0,-0.5048121577209298,0
2025-04-30 10:00:00+07:00,145.0,5.6,78.0,/dl/web/weather/ic-w-04-scattered-clouds-full.svg,Hà Nội,0.9405649002736624,0,-0.7793257266174071,0
2025-04-30 11:00:00+07:00,145.0,4.5,76.0,/dl/web/weather/ic-w-04-scattered-clouds-full.svg,Hà Nội,0.9405649002736624,0,-0.9470840187208097,0
2025-04-30 12:00:00+07:00,153.0,5.3,76.0,/dl/web/weather/ic-w-04-scattered-clouds-full.svg,Hà Nội,1.1232583569208245,0,-0.8250779881001532,0
2025-04-30 13:00:00+07:00,143.0,6.3,71.0,/dl/web/weather/ic-w-04-scattered-clouds-full.svg,Hà Nội,0.8948915361118719,0,-0.6725704498243326,0
2025-04-30 14:00:00+07:00,137.0,6.3,71.0,/dl/web/weather/ic-w-04-scattered-clouds-full.svg,Hà Nội,0.7578714436265003,0,-0.6725704498243326,0
2025-04-30 15:00:00+07:00,133.0,5.6,71.0,/dl/web/weather/ic-w-04-scattered-clouds-full.svg,Hà Nội,0.6665247153029192,0,-0.7793257266174071,0
2025-04-30 16:00:00+07:00,129.0,5.6,71.0,/dl/web/weather/ic-w-04-scattered-clouds-full.svg,Hà Nội,0.5751779869793382,0,-0.7793257266174071,0
2025-04-30 18:00:00+07:00,139.0,2.6,73.0,/dl/web/weather/ic-w-04-scattered-clouds-full.svg,Hà Nội,0.8035448077882908,0,-1.236848341444869,0
2025-04-30 19:00:00+07:00,147.0,10.3,81.0,/dl/web/weather/ic-w-12-night-rain-full.svg,Hà Nội,0.9862382644354529,0,-0.06254029672104987,0
2025-04-30 20:00:00+07:00,159.0,9.7,82.0,/dl/web/weather/ic-w-12-night-rain-full.svg,Hà Nội,1.260278449406196,0,-0.15404481968654246,0
2025-04-30 21:00:00+07:00,156.0,9.7,82.0,/dl/web/weather/ic-w-12-night-rain-full.svg,Hà Nội,1.1917684031635103,0,-0.15404481968654246,0
2025-04-30 22:00:00+07:00,158.0,7.2,90.0,/dl/web/weather/ic-w-12-night-rain-full.svg,Hà Nội,1.2374417673253009,0,-0.5353136653760939,0
2025-04-30 23:00:00+07:00,161.0,7.6,91.0,/dl/web/weather/ic-w-04-scattered-clouds-full.svg,Hà Nội,1.3059518135679866,0,-0.4743106500657658,0
2025-05-01 00:00:00+07:00,163.0,7.6,91.0,/dl/web/weather/ic-w-04-scattered-clouds-full.svg,Hà Nội,1.3516251777297772,0,-0.4743106500657658,0
2025-05-01 01:00:00+07:00,158.0,6.9,94.0,/dl/web/weather/ic-w-04-scattered-clouds-full.svg,Hà Nội,1.2374417673253009,0,-0.5810659268588401,0
2025-05-01 02:00:00+07:00,152.0,6.9,94.0,/dl/web/weather/ic-w-04-scattered-clouds-full.svg,Hà Nội,1.1004216748399291,0,-0.5810659268588401,0
2025-05-01 03:00:00+07:00,155.0,4.3,92.0,/dl/web/weather/ic-w-04-scattered-clouds-full.svg,Hà Nội,1.1689317210826151,0,-0.9775855263759738,0
2025-05-01 04:00:00+07:00,152.0,4.3,92.0,/dl/web/weather/ic-w-04-scattered-clouds-full.svg,Hà Nội,1.1004216748399291,0,-0.9775855263759738,0
2025-05-01 05:00:00+07:00,153.0,4.7,92.0,/dl/web/weather/ic-w-04-scattered-clouds-full.svg,Hà Nội,1.1232583569208245,0,-0.9165825110656456,0
2025-05-01 06:00:00+07:00,149.0,5.6,93.0,/dl/web/weather/ic-w-04-scattered-clouds-full.svg,Hà Nội,1.0319116285972434,0,-0.7793257266174071,0
2025-05-01 07:00:00+07:00,147.0,6.0,95.0,/dl/web/weather/ic-w-06-rain-full.svg,Hà Nội,0.9862382644354529,0,-0.7183227113070787,0
2025-05-01 08:00:00+07:00,65.0,7.7,95.0,/dl/web/weather/ic-w-06-rain-full.svg,Hà Nội,-0.8863696661979585,0,-0.4590598962381836,0
2025-05-01 09:00:00+07:00,64.0,9.3,95.0,/dl/web/weather/ic-w-04-scattered-clouds-full.svg,Hà Nội,-0.9092063482788538,0,-0.2150478349968705,0
2025-05-01 10:00:00+07:00,68.0,4.5,95.0,/dl/web/weather/ic-w-04-scattered-clouds-full.svg,Hà Nội,-0.8178596199552728,0,-0.9470840187208097,0
2025-05-01 11:00:00+07:00,68.0,8.2,89.0,/dl/web/weather/ic-w-04-scattered-clouds-full.svg,Hà Nội,-0.8178596199552728,0,-0.38280612710027345,0
2025-05-01 12:00:00+07:00,68.0,8.2,89.0,/dl/web/weather/ic-w-04-scattered-clouds-full.svg,Hà Nội,-0.8178596199552728,0,-0.38280612710027345,0
2025-05-01 13:00:00+07:00,75.0,4.5,83.0,/dl/web/weather/ic-w-04-scattered-clouds-full.svg,Hà Nội,-0.6580028453890059,0,-0.9470840187208097,0
2025-05-01 14:00:00+07:00,82.0,4.5,83.0,/dl/web/weather/ic-w-04-scattered-clouds-full.svg,Hà Nội,-0.4981460708227391,0,-0.9470840187208097,0
2025-05-01 15:00:00+07:00,71.0,7.2,71.0,/dl/web/weather/ic-w-04-scattered-clouds-full.svg,Hà Nội,-0.7493495737125869,0,-0.5353136653760939,0
2025-05-01 16:00:00+07:00,65.0,7.7,78.0,/dl/web/weather/ic-w-04-scattered-clouds-full.svg,Hà Nội,-0.8863696661979585,0,-0.4590598962381836,0
2025-05-01 17:00:00+07:00,58.0,7.7,78.0,/dl/web/weather/ic-w-04-scattered-clouds-full.svg,Hà Nội,-1.0462264407642254,0,-0.4590598962381836,0
2025-05-01 18:00:00+07:00,55.0,9.0,76.0,/dl/web/weather/ic-w-04-scattered-clouds-full.svg,Hà Nội,-1.1147364870069112,0,-0.2608000964796168,0
2025-05-01 19:00:00+07:00,60.0,6.1,85.0,/dl/web/weather/ic-w-04-scattered-clouds-full.svg,Hà Nội,-1.0005530766024349,0,-0.7030719574794967,0
2025-05-01 20:00:00+07:00,71.0,6.9,87.0,/dl/web/weather/ic-w-04-scattered-clouds-full.svg,Hà Nội,-0.7493495737125869,0,-0.5810659268588401,0
2025-05-01 21:00:00+07:00,69.0,6.9,87.0,/dl/web/weather/ic-w-04-scattered-clouds-full.svg,Hà Nội,-0.7950229378743775,0,-0.5810659268588401,0
2025-05-01 22:00:00+07:00,73.0,4.3,87.0,/dl/web/weather/ic-w-04-scattered-clouds-full.svg,Hà Nội,-0.7036762095507965,0,-0.9775855263759738,0
2025-05-01 23:00:00+07:00,77.0,4.7,88.0,/dl/web/weather/ic-w-12-night-rain-full.svg,Hà Nội,-0.6123294812272154,0,-0.9165825110656456,0
2025-05-02 00:00:00+07:00,73.0,3.4,88.0,/dl/web/weather/ic-w-04-scattered-clouds-full.svg,Hà Nội,-0.7036762095507965,0,-1.1148423108242123,0
2025-05-02 01:00:00+07:00,68.0,7.6,88.0,/dl/web/weather/ic-w-04-scattered-clouds-full.svg,Hà Nội,-0.8178596199552728,0,-0.4743106500657658,0
2025-05-02 02:00:00+07:00,69.0,7.6,88.0,/dl/web/weather/ic-w-04-scattered-clouds-full.svg,Hà Nội,-0.7950229378743775,0,-0.4743106500657658,0
2025-05-02 03:00:00+07:00,72.0,7.4,90.0,/dl/web/weather/ic-w-04-scattered-clouds-full.svg,Hà Nội,-0.7265128916316917,0,-0.5048121577209298,0
2025-05-02 04:00:00+07:00,78.0,4.0,91.0,/dl/web/weather/ic-w-04-scattered-clouds-full.svg,Hà Nội,-0.5894927991463201,0,-1.02333778785872,0
2025-05-02 05:00:00+07:00,85.0,4.0,91.0,/dl/web/weather/ic-w-04-scattered-clouds-full.svg,Hà Nội,-0.4296360245800533,0,-1.02333778785872,0
2025-05-02 06:00:00+07:00,101.0,3.5,91.0,/dl/web/weather/ic-w-04-scattered-clouds-full.svg,Hà Nội,-0.06424911128572912,0,-1.0995915569966304,0
2025-05-02 07:00:00+07:00,129.0,3.1,86.0,/dl/web/weather/ic-w-04-scattered-clouds-full.svg,Hà Nội,0.5751779869793382,0,-1.1605945723069586,0
2025-05-02 08:00:00+07:00,152.0,3.1,80.0,/dl/web/weather/ic-w-04-scattered-clouds-full.svg,Hà Nội,1.1004216748399291,0,-1.1605945723069586,0
2025-05-02 09:00:00+07:00,147.0,2.3,70.0,/dl/web/weather/ic-w-02-new-clouds-full.svg,Hà Nội,0.9862382644354529,0,-1.282600602927615,0
2025-05-02 10:00:00+07:00,154.0,2.6,63.0,/dl/web/weather/ic-w-02-new-clouds-full.svg,Hà Nội,1.1460950390017197,0,-1.236848341444869,0
2025-05-02 11:00:00+07:00,154.0,2.6,63.0,/dl/web/weather/ic-w-02-new-clouds-full.svg,Hà Nội,1.1460950390017197,0,-1.236848341444869,0
2025-05-02 12:00:00+07:00,137.0,1.0,52.0,/dl/web/weather/ic-w-02-new-clouds-full.svg,Hà Nội,0.7578714436265003,0,-1.480860402686182,0
2025-05-02 13:00:00+07:00,107.0,1.0,52.0,/dl/web/weather/ic-w-02-new-clouds-full.svg,Hà Nội,0.07277098119964245,0,-1.480860402686182,0
2025-05-02 14:00:00+07:00,102.0,4.5,49.0,/dl/web/weather/ic-w-04-scattered-clouds-full.svg,Hà Nội,-0.04141242920483386,0,-0.9470840187208097,0
2025-05-02 15:00:00+07:00,96.0,5.0,47.0,/dl/web/weather/ic-w-02-new-clouds-full.svg,Hà Nội,-0.17843252169020543,0,-0.8708302495828993,0
2025-05-02 16:00:00+07:00,92.0,5.0,47.0,/dl/web/weather/ic-w-02-new-clouds-full.svg,Hà Nội,-0.2697792500137865,0,-0.8708302495828993,0
2025-05-02 17:00:00+07:00,88.0,18.8,63.0,/dl/web/weather/ic-w-02-new-clouds-full.svg,Hà Nội,-0.36112597833736754,0,1.2337737786234255,0
2025-05-02 18:00:00+07:00,84.0,18.8,63.0,/dl/web/weather/ic-w-02-new-clouds-full.svg,Hà Nội,-0.4524727066609486,0,1.2337737786234255,0
2025-05-02 19:00:00+07:00,84.0,19.3,73.0,/dl/web/weather/ic-w-10-night-clear-sky-full.svg,Hà Nội,-0.4524727066609486,0,1.310027547761336,0
2025-05-02 20:00:00+07:00,154.0,17.7,76.0,/dl/web/weather/ic-w-10-night-clear-sky-full.svg,Hà Nội,1.1460950390017197,0,1.0660154865200226,0
2025-05-02 21:00:00+07:00,127.0,16.1,78.0,/dl/web/weather/ic-w-12-night-rain-full.svg,Hà Nội,0.5295046228175477,0,0.82200342527871,0
2025-05-02 22:00:00+07:00,112.0,16.1,78.0,/dl/web/weather/ic-w-12-night-rain-full.svg,Hà Nội,0.18695439160411875,0,0.82200342527871,0
2025-05-02 23:00:00+07:00,92.0,13.4,82.0,/dl/web/weather/ic-w-10-night-clear-sky-full.svg,Hà Nội,-0.2697792500137865,0,0.41023307193399405,0
2025-05-03 00:00:00+07:00,101.0,13.4,82.0,/dl/web/weather/ic-w-10-night-clear-sky-full.svg,Hà Nội,-0.06424911128572912,0,0.41023307193399405,0
2025-05-03 01:00:00+07:00,119.0,12.7,86.0,/dl/web/weather/ic-w-04-scattered-clouds-full.svg,Hà Nội,0.3468111661703856,0,0.30347779514091944,0
2025-05-03 02:00:00+07:00,123.0,12.7,86.0,/dl/web/weather/ic-w-04-scattered-clouds-full.svg,Hà Nội,0.43815789449396664,0,0.30347779514091944,0
2025-05-03 03:00:00+07:00,138.0,12.6,86.0,/dl/web/weather/ic-w-11-night-few-clouds-full.svg,Hà Nội,0.7807081257073956,0,0.28822704131333743,0
2025-05-03 04:00:00+07:00,133.0,11.9,87.0,/dl/web/weather/ic-w-11-night-few-clouds-full.svg,Hà Nội,0.6665247153029192,0,0.18147176452026312,0
2025-05-03 05:00:00+07:00,133.0,8.4,90.0,/dl/web/weather/ic-w-04-scattered-clouds-full.svg,Hà Nội,0.6665247153029192,0,-0.35230461944510916,0
2025-05-03 06:00:00+07:00,137.0,8.4,90.0,/dl/web/weather/ic-w-04-scattered-clouds-full.svg,Hà Nội,0.7578714436265003,0,-0.35230461944510916,0
2025-05-03 07:00:00+07:00,142.0,8.0,82.0,/dl/web/weather/ic-w-04-scattered-clouds-full.svg,Hà Nội,0.8720548540309766,0,-0.41330763475543747,0
2025-05-03 08:00:00+07:00,152.0,7.7,77.0,/dl/web/weather/ic-w-04-scattered-clouds-full.svg,Hà Nội,1.1004216748399291,0,-0.4590598962381836,0
2025-05-03 09:00:00+07:00,129.0,7.4,73.0,/dl/web/weather/ic-w-04-scattered-clouds-full.svg,Hà Nội,0.5751779869793382,0,-0.5048121577209298,0
2025-05-03 10:00:00+07:00,139.0,6.3,73.0,/dl/web/weather/ic-w-04-scattered-clouds-full.svg,Hà Nội,0.8035448077882908,0,-0.6725704498243326,0
2025-05-03 11:00:00+07:00,139.0,5.1,69.0,/dl/web/weather/ic-w-04-scattered-clouds-full.svg,Hà Nội,0.8035448077882908,0,-0.8555794957553173,0
2025-05-03 12:00:00+07:00,132.0,6.3,69.0,/dl/web/weather/ic-w-04-scattered-clouds-full.svg,Hà Nội,0.643688033222024,0,-0.6725704498243326,0
2025-05-03 13:00:00+07:00,137.0,6.4,61.0,/dl/web/weather/ic-w-04-scattered-clouds-full.svg,Hà Nội,0.7578714436265003,0,-0.6573196959967504,0
2025-05-03 14:00:00+07:00,142.0,6.4,61.0,/dl/web/weather/ic-w-04-scattered-clouds-full.svg,Hà Nội,0.8720548540309766,0,-0.6573196959967504,0
2025-05-03 15:00:00+07:00,132.0,6.4,62.0,/dl/web/weather/ic-w-04-scattered-clouds-full.svg,Hà Nội,0.643688033222024,0,-0.6573196959967504,0
2025-05-03 16:00:00+07:00,112.0,18.7,62.0,/dl/web/weather/ic-w-04-scattered-clouds-full.svg,Hà Nội,0.18695439160411875,0,1.2185230247958434,0
2025-05-03 17:00:00+07:00,99.0,18.7,62.0,/dl/web/weather/ic-w-04-scattered-clouds-full.svg,Hà Nội,-0.10992247544751964,0,1.2185230247958434,0
2025-05-03 18:00:00+07:00,92.0,18.0,66.0,/dl/web/weather/ic-w-04-scattered-clouds-full.svg,Hà Nội,-0.2697792500137865,0,1.111767748002769,0
2025-05-03 19:00:00+07:00,86.0,18.3,78.0,/dl/web/weather/ic-w-04-scattered-clouds-full.svg,Hà Nội,-0.40679934249915806,0,1.1575200094855154,0
2025-05-03 20:00:00+07:00,95.0,18.2,81.0,/dl/web/weather/ic-w-12-night-rain-full.svg,Hà Nội,-0.2012692037711007,0,1.142269255657933,0
2025-05-03 21:00:00+07:00,92.0,18.2,81.0,/dl/web/weather/ic-w-12-night-rain-full.svg,Hà Nội,-0.2697792500137865,0,1.142269255657933,0
2025-05-03 22:00:00+07:00,88.0,17.4,85.0,/dl/web/weather/ic-w-11-night-few-clouds-full.svg,Hà Nội,-0.36112597833736754,0,1.0202632250372763,0
2025-05-03 23:00:00+07:00,88.0,17.1,88.0,/dl/web/weather/ic-w-10-night-clear-sky-full.svg,Hà Nội,-0.36112597833736754,0,0.9745109635545306,0
2025-05-04 00:00:00+07:00,92.0,16.7,89.0,/dl/web/weather/ic-w-10-night-clear-sky-full.svg,Hà Nội,-0.2697792500137865,0,0.913507948244202,0
2025-05-04 01:00:00+07:00,88.0,14.3,93.0,/dl/web/weather/ic-w-11-night-few-clouds-full.svg,Hà Nội,-0.36112597833736754,0,0.5474898563822327,0
2025-05-04 02:00:00+07:00,87.0,14.3,93.0,/dl/web/weather/ic-w-11-night-few-clouds-full.svg,Hà Nội,-0.38396266041826277,0,0.5474898563822327,0
2025-05-04 03:00:00+07:00,89.0,13.4,93.0,/dl/web/weather/ic-w-04-scattered-clouds-full.svg,Hà Nội,-0.33828929625647225,0,0.41023307193399405,0
2025-05-04 04:00:00+07:00,89.0,9.7,95.0,/dl/web/weather/ic-w-04-scattered-clouds-full.svg,Hà Nội,-0.33828929625647225,0,-0.15404481968654246,0
2025-05-04 05:00:00+07:00,92.0,9.7,95.0,/dl/web/weather/ic-w-04-scattered-clouds-full.svg,Hà Nội,-0.2697792500137865,0,-0.15404481968654246,0
2025-05-04 06:00:00+07:00,96.0,8.5,95.0,/dl/web/weather/ic-w-04-scattered-clouds-full.svg,Hà Nội,-0.17843252169020543,0,-0.33705386561752715,0
2025-05-04 07:00:00+07:00,101.0,11.4,89.0,/dl/web/weather/ic-w-04-scattered-clouds-full.svg,Hà Nội,-0.06424911128572912,0,0.10521799538235278,0
2025-05-04 08:00:00+07:00,106.0,12.9,82.0,/dl/web/weather/ic-w-04-scattered-clouds-full.svg,Hà Nội,0.04993429911874719,0,0.33397930279608373,0
2025-05-04 09:00:00+07:00,116.0,12.4,80.0,/dl/web/weather/ic-w-04-scattered-clouds-full.svg,Hà Nội,0.2783011199276998,0,0.2577255336581734,0
2025-05-04 10:00:00+07:00,128.0,10.3,76.0,/dl/web/weather/ic-w-04-scattered-clouds-full.svg,Hà Nội,0.5523413048984429,0,-0.06254029672104987,0
2025-05-04 11:00:00+07:00,127.0,9.7,75.0,/dl/web/weather/ic-w-04-scattered-clouds-full.svg,Hà Nội,0.5295046228175477,0,-0.15404481968654246,0
2025-05-04 12:00:00+07:00,127.0,8.0,66.0,/dl/web/weather/ic-w-04-scattered-clouds-full.svg,Hà Nội,0.5295046228175477,0,-0.41330763475543747,0
2025-05-04 13:00:00+07:00,124.0,8.0,57.0,/dl/web/weather/ic-w-04-scattered-clouds-full.svg,Hà Nội,0.4609945765748619,0,-0.41330763475543747,0
2025-05-04 14:00:00+07:00,124.0,8.0,57.0,/dl/web/weather/ic-w-04-scattered-clouds-full.svg,Hà Nội,0.4609945765748619,0,-0.41330763475543747,0
2025-05-04 15:00:00+07:00,122.0,6.6,61.0,/dl/web/weather/ic-w-06-rain-full.svg,Hà Nội,0.41532121241307135,0,-0.6268181883415864,0
2025-05-04 16:00:00+07:00,121.0,12.1,64.0,/dl/web/weather/ic-w-06-rain-full.svg,Hà Nội,0.3924845303321761,0,0.21197327217542714,0
2025-05-04 17:00:00+07:00,94.0,20.6,68.0,/dl/web/weather/ic-w-06-rain-full.svg,Hà Nội,-0.22410588585199595,0,1.5082873475199028,0
2025-05-04 19:00:00+07:00,62.0,18.2,76.0,/dl/web/weather/ic-w-04-scattered-clouds-full.svg,Hà Nội,-0.9548797124406443,0,1.142269255657933,0
2025-05-04 20:00:00+07:00,84.0,16.9,83.0,/dl/web/weather/ic-w-04-scattered-clouds-full.svg,Hà Nội,-0.4524727066609486,0,0.944009455899366,0
2025-05-04 21:00:00+07:00,79.0,16.9,83.0,/dl/web/weather/ic-w-04-scattered-clouds-full.svg,Hà Nội,-0.5666561170654248,0,0.944009455899366,0
2025-05-04 22:00:00+07:00,93.0,19.6,86.0,/dl/web/weather/ic-w-04-scattered-clouds-full.svg,Hà Nội,-0.2469425679328912,0,1.3557798092440823,0
2025-05-04 23:00:00+07:00,119.0,20.9,88.0,/dl/web/weather/ic-w-04-scattered-clouds-full.svg,Hà Nội,0.3468111661703856,0,1.5540396090026487,0
2025-05-05 00:00:00+07:00,127.0,20.3,90.0,/dl/web/weather/ic-w-04-scattered-clouds-full.svg,Hà Nội,0.5295046228175477,0,1.4625350860371567,0
2025-05-05 01:00:00+07:00,139.0,18.3,91.0,/dl/web/weather/ic-w-10-night-clear-sky-full.svg,Hà Nội,0.8035448077882908,0,1.1575200094855154,0
2025-05-05 02:00:00+07:00,149.0,18.3,91.0,/dl/web/weather/ic-w-10-night-clear-sky-full.svg,Hà Nội,1.0319116285972434,0,1.1575200094855154,0
2025-05-05 03:00:00+07:00,142.0,15.8,91.0,/dl/web/weather/ic-w-11-night-few-clouds-full.svg,Hà Nội,0.8720548540309766,0,0.7762511637959637,0
2025-05-05 04:00:00+07:00,147.0,12.2,93.0,/dl/web/weather/ic-w-11-night-few-clouds-full.svg,Hà Nội,0.9862382644354529,0,0.22722402600300914,0
2025-05-05 05:00:00+07:00,137.0,8.0,95.0,/dl/web/weather/ic-w-11-night-few-clouds-full.svg,Hà Nội,0.7578714436265003,0,-0.41330763475543747,0
2025-05-05 06:00:00+07:00,119.0,6.9,96.0,/dl/web/weather/ic-w-11-night-few-clouds-full.svg,Hà Nội,0.3468111661703856,0,-0.5810659268588401,0
2025-05-05 07:00:00+07:00,110.0,8.5,88.0,/dl/web/weather/ic-w-04-scattered-clouds-full.svg,Hà Nội,0.14128102744232823,0,-0.33705386561752715,0
2025-05-05 08:00:00+07:00,126.0,6.6,81.0,/dl/web/weather/ic-w-04-scattered-clouds-full.svg,Hà Nội,0.5066679407366524,0,-0.6268181883415864,0
2025-05-05 09:00:00+07:00,148.0,4.7,81.0,/dl/web/weather/ic-w-04-scattered-clouds-full.svg,Hà Nội,1.0090749465163482,0,-0.9165825110656456,0
2025-05-05 10:00:00+07:00,153.0,2.7,71.0,/dl/web/weather/ic-w-04-scattered-clouds-full.svg,Hà Nội,1.1232583569208245,0,-1.2215975876172869,0
2025-05-05 11:00:00+07:00,152.0,1.4,68.0,/dl/web/weather/ic-w-04-scattered-clouds-full.svg,Hà Nội,1.1004216748399291,0,-1.4198573873758535,0
2025-05-05 12:00:00+07:00,147.0,1.4,68.0,/dl/web/weather/ic-w-04-scattered-clouds-full.svg,Hà Nội,0.9862382644354529,0,-1.4198573873758535,0
2025-05-05 13:00:00+07:00,138.0,2.6,55.0,/dl/web/weather/ic-w-04-scattered-clouds-full.svg,Hà Nội,0.7807081257073956,0,-1.236848341444869,0
2025-05-05 14:00:00+07:00,126.0,2.6,55.0,/dl/web/weather/ic-w-04-scattered-clouds-full.svg,Hà Nội,0.5066679407366524,0,-1.236848341444869,0
2025-05-05 15:00:00+07:00,110.0,6.8,53.0,/dl/web/weather/ic-w-04-scattered-clouds-full.svg,Hà Nội,0.14128102744232823,0,-0.5963166806864223,0
2025-05-05 16:00:00+07:00,97.0,11.9,46.0,/dl/web/weather/ic-w-04-scattered-clouds-full.svg,Hà Nội,-0.15559583960931017,0,0.18147176452026312,0
2025-05-05 17:00:00+07:00,90.0,11.9,46.0,/dl/web/weather/ic-w-04-scattered-clouds-full.svg,Hà Nội,-0.315452614175577,0,0.18147176452026312,0
2025-05-05 18:00:00+07:00,91.0,22.2,59.0,/dl/web/weather/ic-w-04-scattered-clouds-full.svg,Hà Nội,-0.29261593209468173,0,1.7522994087612156,0
2025-05-05 19:00:00+07:00,92.0,19.0,77.0,/dl/web/weather/ic-w-04-scattered-clouds-full.svg,Hà Nội,-0.2697792500137865,0,1.2642752862785895,0
2025-05-05 20:00:00+07:00,92.0,12.2,86.0,/dl/web/weather/ic-w-12-night-rain-full.svg,Hà Nội,-0.2697792500137865,0,0.22722402600300914,0
2025-05-05 21:00:00+07:00,95.0,12.2,86.0,/dl/web/weather/ic-w-12-night-rain-full.svg,Hà Nội,-0.2012692037711007,0,0.22722402600300914,0
2025-05-05 22:00:00+07:00,77.0,17.1,90.0,/dl/web/weather/ic-w-12-night-rain-full.svg,Hà Nội,-0.6123294812272154,0,0.9745109635545306,0
2025-05-05 23:00:00+07:00,69.0,17.2,89.0,/dl/web/weather/ic-w-12-night-rain-full.svg,Hà Nội,-0.7950229378743775,0,0.9897617173821124,0
2025-05-06 00:00:00+07:00,79.0,17.2,89.0,/dl/web/weather/ic-w-12-night-rain-full.svg,Hà Nội,-0.5666561170654248,0,0.9897617173821124,0
2025-05-06 01:00:00+07:00,99.0,14.6,90.0,/dl/web/weather/ic-w-04-scattered-clouds-full.svg,Hà Nội,-0.10992247544751964,0,0.5932421178649787,0
2025-05-06 02:00:00+07:00,113.0,15.1,90.0,/dl/web/weather/ic-w-04-scattered-clouds-full.svg,Hà Nội,0.209791073685014,0,0.6694958870028891,0
2025-05-06 03:00:00+07:00,111.0,12.6,92.0,/dl/web/weather/ic-w-04-scattered-clouds-full.svg,Hà Nội,0.1641177095232235,0,0.28822704131333743,0
2025-05-06 04:00:00+07:00,107.0,12.6,92.0,/dl/web/weather/ic-w-04-scattered-clouds-full.svg,Hà Nội,0.07277098119964245,0,0.28822704131333743,0
2025-05-06 05:00:00+07:00,97.0,10.6,93.0,/dl/web/weather/ic-w-04-scattered-clouds-full.svg,Hà Nội,-0.15559583960931017,0,-0.016788035238303835,0
2025-05-06 06:00:00+07:00,88.0,9.7,93.0,/dl/web/weather/ic-w-04-scattered-clouds-full.svg,Hà Nội,-0.36112597833736754,0,-0.15404481968654246,0
2025-05-06 07:00:00+07:00,86.0,12.1,88.0,/dl/web/weather/ic-w-04-scattered-clouds-full.svg,Hà Nội,-0.40679934249915806,0,0.21197327217542714,0
2025-05-06 08:00:00+07:00,75.0,9.2,81.0,/dl/web/weather/ic-w-04-scattered-clouds-full.svg,Hà Nội,-0.6580028453890059,0,-0.23029858882445278,0
2025-05-06 09:00:00+07:00,77.0,7.9,84.0,/dl/web/weather/ic-w-04-scattered-clouds-full.svg,Hà Nội,-0.6123294812272154,0,-0.4285583885830195,0
2025-05-06 10:00:00+07:00,88.0,7.9,76.0,/dl/web/weather/ic-w-04-scattered-clouds-full.svg,Hà Nội,-0.36112597833736754,0,-0.4285583885830195,0
2025-05-06 11:00:00+07:00,87.0,7.9,76.0,/dl/web/weather/ic-w-04-scattered-clouds-full.svg,Hà Nội,-0.38396266041826277,0,-0.4285583885830195,0
2025-05-06 12:00:00+07:00,101.0,7.1,71.0,/dl/web/weather/ic-w-04-scattered-clouds-full.svg,Hà Nội,-0.06424911128572912,0,-0.550564419203676,0
2025-05-06 13:00:00+07:00,97.0,6.4,67.0,/dl/web/weather/ic-w-04-scattered-clouds-full.svg,Hà Nội,-0.15559583960931017,0,-0.6573196959967504,0
2025-05-06 14:00:00+07:00,96.0,6.4,67.0,/dl/web/weather/ic-w-04-scattered-clouds-full.svg,Hà Nội,-0.17843252169020543,0,-0.6573196959967504,0
2025-05-06 15:00:00+07:00,91.0,15.8,65.0,/dl/web/weather/ic-w-04-scattered-clouds-full.svg,Hà Nội,-0.29261593209468173,0,0.7762511637959637,0
2025-05-06 16:00:00+07:00,86.0,17.4,63.0,/dl/web/weather/ic-w-04-scattered-clouds-full.svg,Hà Nội,-0.40679934249915806,0,1.0202632250372763,0
2025-05-06 17:00:00+07:00,84.0,17.9,69.0,/dl/web/weather/ic-w-04-scattered-clouds-full.svg,Hà Nội,-0.4524727066609486,0,1.0965169941751867,0
2025-05-06 18:00:00+07:00,93.0,17.9,69.0,/dl/web/weather/ic-w-04-scattered-clouds-full.svg,Hà Nội,-0.2469425679328912,0,1.0965169941751867,0
2025-05-06 19:00:00+07:00,102.0,17.1,87.0,/dl/web/weather/ic-w-04-scattered-clouds-full.svg,Hà Nội,-0.04141242920483386,0,0.9745109635545306,0
2025-05-06 20:00:00+07:00,106.0,14.8,91.0,/dl/web/weather/ic-w-12-night-rain-full.svg,Hà Nội,0.04993429911874719,0,0.6237436255201431,0
2025-05-06 21:00:00+07:00,107.0,14.8,91.0,/dl/web/weather/ic-w-12-night-rain-full.svg,Hà Nội,0.07277098119964245,0,0.6237436255201431,0
2025-05-06 22:00:00+07:00,106.0,15.6,93.0,/dl/web/weather/ic-w-04-scattered-clouds-full.svg,Hà Nội,0.04993429911874719,0,0.7457496561407994,0
2025-05-06 23:00:00+07:00,97.0,16.1,94.0,/dl/web/weather/ic-w-04-scattered-clouds-full.svg,Hà Nội,-0.15559583960931017,0,0.82200342527871,0
2025-05-07 00:00:00+07:00,94.0,12.6,95.0,/dl/web/weather/ic-w-04-scattered-clouds-full.svg,Hà Nội,-0.22410588585199595,0,0.28822704131333743,0
2025-05-07 01:00:00+07:00,82.0,13.8,96.0,/dl/web/weather/ic-w-04-scattered-clouds-full.svg,Hà Nội,-0.4981460708227391,0,0.47123608724432237,0
2025-05-07 02:00:00+07:00,80.0,13.8,96.0,/dl/web/weather/ic-w-04-scattered-clouds-full.svg,Hà Nội,-0.5438194349845296,0,0.47123608724432237,0
2025-05-07 03:00:00+07:00,77.0,14.3,95.0,/dl/web/weather/ic-w-04-scattered-clouds-full.svg,Hà Nội,-0.6123294812272154,0,0.5474898563822327,0
2025-05-07 04:00:00+07:00,81.0,14.3,95.0,/dl/web/weather/ic-w-04-scattered-clouds-full.svg,Hà Nội,-0.5209827529036344,0,0.5474898563822327,0
2025-05-07 05:00:00+07:00,75.0,13.8,96.0,/dl/web/weather/ic-w-04-scattered-clouds-full.svg,Hà Nội,-0.6580028453890059,0,0.47123608724432237,0
2025-05-07 06:00:00+07:00,71.0,11.4,95.0,/dl/web/weather/ic-w-04-scattered-clouds-full.svg,Hà Nội,-0.7493495737125869,0,0.10521799538235278,0
2025-05-07 07:00:00+07:00,69.0,13.4,90.0,/dl/web/weather/ic-w-04-scattered-clouds-full.svg,Hà Nội,-0.7950229378743775,0,0.41023307193399405,0
2025-05-07 08:00:00+07:00,68.0,13.8,85.0,/dl/web/weather/ic-w-04-scattered-clouds-full.svg,Hà Nội,-0.8178596199552728,0,0.47123608724432237,0
2025-05-07 09:00:00+07:00,71.0,12.7,81.0,/dl/web/weather/ic-w-04-scattered-clouds-full.svg,Hà Nội,-0.7493495737125869,0,0.30347779514091944,0
2025-05-07 10:00:00+07:00,86.0,10.6,77.0,/dl/web/weather/ic-w-04-scattered-clouds-full.svg,Hà Nội,-0.40679934249915806,0,-0.016788035238303835,0
2025-05-07 11:00:00+07:00,84.0,9.5,72.0,/dl/web/weather/ic-w-04-scattered-clouds-full.svg,Hà Nội,-0.4524727066609486,0,-0.18454632734170648,0
2025-05-07 12:00:00+07:00,99.0,9.5,72.0,/dl/web/weather/ic-w-04-scattered-clouds-full.svg,Hà Nội,-0.10992247544751964,0,-0.18454632734170648,0
2025-05-07 13:00:00+07:00,105.0,3.7,66.0,/dl/web/weather/ic-w-04-scattered-clouds-full.svg,Hà Nội,0.027097617037851927,0,-1.0690900493414661,0
2025-05-07 14:00:00+07:00,107.0,1.8,63.0,/dl/web/weather/ic-w-04-scattered-clouds-full.svg,Hà Nội,0.07277098119964245,0,-1.3588543720655253,0
2025-05-07 15:00:00+07:00,105.0,5.5,63.0,/dl/web/weather/ic-w-04-scattered-clouds-full.svg,Hà Nội,0.027097617037851927,0,-0.7945764804449891,0
2025-05-07 16:00:00+07:00,96.0,12.2,63.0,/dl/web/weather/ic-w-04-scattered-clouds-full.svg,Hà Nội,-0.17843252169020543,0,0.22722402600300914,0
2025-05-07 17:00:00+07:00,90.0,12.2,63.0,/dl/web/weather/ic-w-04-scattered-clouds-full.svg,Hà Nội,-0.315452614175577,0,0.22722402600300914,0
2025-05-07 18:00:00+07:00,90.0,15.4,71.0,/dl/web/weather/ic-w-04-scattered-clouds-full.svg,Hà Nội,-0.315452614175577,0,0.7152481484856353,0
2025-05-07 19:00:00+07:00,92.0,17.1,83.0,/dl/web/weather/ic-w-12-night-rain-full.svg,Hà Nội,-0.2697792500137865,0,0.9745109635545306,0
2025-05-07 20:00:00+07:00,105.0,14.3,87.0,/dl/web/weather/ic-w-12-night-rain-full.svg,Hà Nội,0.027097617037851927,0,0.5474898563822327,0
2025-05-07 21:00:00+07:00,99.0,14.5,89.0,/dl/web/weather/ic-w-12-night-rain-full.svg,Hà Nội,-0.10992247544751964,0,0.5779913640373967,0
2025-05-07 22:00:00+07:00,99.0,14.6,90.0,/dl/web/weather/ic-w-12-night-rain-full.svg,Hà Nội,-0.10992247544751964,0,0.5932421178649787,0
2025-05-07 23:00:00+07:00,108.0,13.8,92.0,/dl/web/weather/ic-w-12-night-rain-full.svg,Hà Nội,0.09560766328053771,0,0.47123608724432237,0
2025-05-08 00:00:00+07:00,104.0,15.9,92.0,/dl/web/weather/ic-w-12-night-rain-full.svg,Hà Nội,0.004260934956956666,0,0.7915019176235457,0
2025-05-08 01:00:00+07:00,96.0,14.3,94.0,/dl/web/weather/ic-w-12-night-rain-full.svg,Hà Nội,-0.17843252169020543,0,0.5474898563822327,0
2025-05-08 02:00:00+07:00,96.0,14.3,94.0,/dl/web/weather/ic-w-12-night-rain-full.svg,Hà Nội,-0.17843252169020543,0,0.5474898563822327,0
2025-05-08 03:00:00+07:00,91.0,12.1,93.0,/dl/web/weather/ic-w-12-night-rain-full.svg,Hà Nội,-0.29261593209468173,0,0.21197327217542714,0
2025-05-08 04:00:00+07:00,87.0,12.1,93.0,/dl/web/weather/ic-w-12-night-rain-full.svg,Hà Nội,-0.38396266041826277,0,0.21197327217542714,0
2025-05-08 05:00:00+07:00,90.0,12.6,93.0,/dl/web/weather/ic-w-12-night-rain-full.svg,Hà Nội,-0.315452614175577,0,0.28822704131333743,0
2025-05-08 06:00:00+07:00,90.0,12.2,94.0,/dl/web/weather/ic-w-12-night-rain-full.svg,Hà Nội,-0.315452614175577,0,0.22722402600300914,0
2025-05-08 07:00:00+07:00,86.0,12.2,89.0,/dl/web/weather/ic-w-06-rain-full.svg,Hà Nội,-0.40679934249915806,0,0.22722402600300914,0
2025-05-08 08:00:00+07:00,102.0,12.2,85.0,/dl/web/weather/ic-w-06-rain-full.svg,Hà Nội,-0.04141242920483386,0,0.22722402600300914,0
2025-05-08 09:00:00+07:00,112.0,10.5,80.0,/dl/web/weather/ic-w-04-scattered-clouds-full.svg,Hà Nội,0.18695439160411875,0,-0.03203878906588584,0
2025-05-08 10:00:00+07:00,118.0,7.6,74.0,/dl/web/weather/ic-w-04-scattered-clouds-full.svg,Hà Nội,0.3239744840894903,0,-0.4743106500657658,0
2025-05-08 11:00:00+07:00,119.0,7.2,69.0,/dl/web/weather/ic-w-04-scattered-clouds-full.svg,Hà Nội,0.3468111661703856,0,-0.5353136653760939,0
2025-05-08 12:00:00+07:00,127.0,7.2,69.0,/dl/web/weather/ic-w-04-scattered-clouds-full.svg,Hà Nội,0.5295046228175477,0,-0.5353136653760939,0
2025-05-08 13:00:00+07:00,117.0,4.2,55.0,/dl/web/weather/ic-w-04-scattered-clouds-full.svg,Hà Nội,0.3011378020085951,0,-0.9928362802035559,0
2025-05-08 14:00:00+07:00,105.0,4.2,55.0,/dl/web/weather/ic-w-04-scattered-clouds-full.svg,Hà Nội,0.027097617037851927,0,-0.9928362802035559,0
2025-05-08 15:00:00+07:00,99.0,2.6,58.0,/dl/web/weather/ic-w-01-clear-sky-full.svg,Hà Nội,-0.10992247544751964,0,-1.236848341444869,0
2025-05-08 16:00:00+07:00,92.0,8.2,57.0,/dl/web/weather/ic-w-01-clear-sky-full.svg,Hà Nội,-0.2697792500137865,0,-0.38280612710027345,0
2025-05-08 17:00:00+07:00,89.0,19.3,59.0,/dl/web/weather/ic-w-01-clear-sky-full.svg,Hà Nội,-0.33828929625647225,0,1.310027547761336,0
2025-05-08 18:00:00+07:00,84.0,23.7,65.0,/dl/web/weather/ic-w-02-new-clouds-full.svg,Hà Nội,-0.4524727066609486,0,1.9810607161749465,0
2025-05-08 19:00:00+07:00,87.0,19.3,74.0,/dl/web/weather/ic-w-11-night-few-clouds-full.svg,Hà Nội,-0.38396266041826277,0,1.310027547761336,0
2025-05-08 20:00:00+07:00,99.0,17.9,76.0,/dl/web/weather/ic-w-10-night-clear-sky-full.svg,Hà Nội,-0.10992247544751964,0,1.0965169941751867,0
2025-05-08 21:00:00+07:00,105.0,17.9,76.0,/dl/web/weather/ic-w-10-night-clear-sky-full.svg,Hà Nội,0.027097617037851927,0,1.0965169941751867,0
2025-05-08 22:00:00+07:00,110.0,16.4,80.0,/dl/web/weather/ic-w-10-night-clear-sky-full.svg,Hà Nội,0.14128102744232823,0,0.8677556867614558,0
2025-05-08 23:00:00+07:00,110.0,18.8,85.0,/dl/web/weather/ic-w-11-night-few-clouds-full.svg,Hà Nội,0.14128102744232823,0,1.2337737786234255,0
2025-05-09 00:00:00+07:00,90.0,18.8,85.0,/dl/web/weather/ic-w-11-night-few-clouds-full.svg,Hà Nội,-0.315452614175577,0,1.2337737786234255,0
2025-05-09 01:00:00+07:00,84.0,10.5,87.0,/dl/web/weather/ic-w-04-scattered-clouds-full.svg,Hà Nội,-0.4524727066609486,0,-0.03203878906588584,0
2025-05-09 02:00:00+07:00,87.0,10.5,87.0,/dl/web/weather/ic-w-04-scattered-clouds-full.svg,Hà Nội,-0.38396266041826277,0,-0.03203878906588584,0
2025-05-09 03:00:00+07:00,81.0,8.0,91.0,/dl/web/weather/ic-w-04-scattered-clouds-full.svg,Hà Nội,-0.5209827529036344,0,-0.41330763475543747,0
2025-05-09 04:00:00+07:00,81.0,8.0,91.0,/dl/web/weather/ic-w-04-scattered-clouds-full.svg,Hà Nội,-0.5209827529036344,0,-0.41330763475543747,0
2025-05-09 05:00:00+07:00,88.0,9.7,92.0,/dl/web/weather/ic-w-04-scattered-clouds-full.svg,Hà Nội,-0.36112597833736754,0,-0.15404481968654246,0
2025-05-09 06:00:00+07:00,86.0,9.7,92.0,/dl/web/weather/ic-w-04-scattered-clouds-full.svg,Hà Nội,-0.40679934249915806,0,-0.15404481968654246,0
2025-05-09 07:00:00+07:00,89.0,11.3,85.0,/dl/web/weather/ic-w-04-scattered-clouds-full.svg,Hà Nội,-0.33828929625647225,0,0.08996724155477077,0
2025-05-09 08:00:00+07:00,105.0,6.1,79.0,/dl/web/weather/ic-w-04-scattered-clouds-full.svg,Hà Nội,0.027097617037851927,0,-0.7030719574794967,0
2025-05-09 09:00:00+07:00,102.0,3.2,72.0,/dl/web/weather/ic-w-04-scattered-clouds-full.svg,Hà Nội,-0.04141242920483386,0,-1.1453438184793765,0
2025-05-09 10:00:00+07:00,110.0,6.1,68.0,/dl/web/weather/ic-w-04-scattered-clouds-full.svg,Hà Nội,0.14128102744232823,0,-0.7030719574794967,0
2025-05-09 11:00:00+07:00,108.0,9.7,64.0,/dl/web/weather/ic-w-04-scattered-clouds-full.svg,Hà Nội,0.09560766328053771,0,-0.15404481968654246,0
2025-05-09 12:00:00+07:00,119.0,12.2,63.0,/dl/web/weather/ic-w-04-scattered-clouds-full.svg,Hà Nội,0.3468111661703856,0,0.22722402600300914,0
2025-05-09 13:00:00+07:00,124.0,12.4,59.0,/dl/web/weather/ic-w-04-scattered-clouds-full.svg,Hà Nội,0.4609945765748619,0,0.2577255336581734,0
2025-05-09 14:00:00+07:00,121.0,12.1,59.0,/dl/web/weather/ic-w-04-scattered-clouds-full.svg,Hà Nội,0.3924845303321761,0,0.21197327217542714,0
2025-05-09 15:00:00+07:00,117.0,16.3,60.0,/dl/web/weather/ic-w-04-scattered-clouds-full.svg,Hà Nội,0.3011378020085951,0,0.852504932933874,0
2025-05-09 16:00:00+07:00,112.0,16.7,56.0,/dl/web/weather/ic-w-06-rain-full.svg,Hà Nội,0.18695439160411875,0,0.913507948244202,0
2025-05-09 17:00:00+07:00,115.0,16.7,56.0,/dl/web/weather/ic-w-06-rain-full.svg,Hà Nội,0.25546443784680456,0,0.913507948244202,0
2025-05-09 18:00:00+07:00,115.0,9.7,64.0,/dl/web/weather/ic-w-04-scattered-clouds-full.svg,Hà Nội,0.25546443784680456,0,-0.15404481968654246,0
2025-05-09 19:00:00+07:00,115.0,6.1,77.0,/dl/web/weather/ic-w-04-scattered-clouds-full.svg,Hà Nội,0.25546443784680456,0,-0.7030719574794967,0
2025-05-09 20:00:00+07:00,96.0,10.8,84.0,/dl/web/weather/ic-w-04-scattered-clouds-full.svg,Hà Nội,-0.17843252169020543,0,0.013713472416860455,0
2025-05-09 21:00:00+07:00,94.0,10.8,84.0,/dl/web/weather/ic-w-04-scattered-clouds-full.svg,Hà Nội,-0.22410588585199595,0,0.013713472416860455,0
2025-05-09 22:00:00+07:00,95.0,2.9,86.0,/dl/web/weather/ic-w-04-scattered-clouds-full.svg,Hà Nội,-0.2012692037711007,0,-1.1910960799621226,0
2025-05-09 23:00:00+07:00,92.0,10.0,87.0,/dl/web/weather/ic-w-12-night-rain-full.svg,Hà Nội,-0.2697792500137865,0,-0.10829255820379617,0
2025-05-10 00:00:00+07:00,76.0,10.0,87.0,/dl/web/weather/ic-w-12-night-rain-full.svg,Hà Nội,-0.6351661633081107,0,-0.10829255820379617,0
2025-05-10 01:00:00+07:00,69.0,9.7,89.0,/dl/web/weather/ic-w-12-night-rain-full.svg,Hà Nội,-0.7950229378743775,0,-0.15404481968654246,0
2025-05-10 02:00:00+07:00,68.0,9.7,89.0,/dl/web/weather/ic-w-12-night-rain-full.svg,Hà Nội,-0.8178596199552728,0,-0.15404481968654246,0
2025-05-10 03:00:00+07:00,69.0,6.1,90.0,/dl/web/weather/ic-w-04-scattered-clouds-full.svg,Hà Nội,-0.7950229378743775,0,-0.7030719574794967,0
2025-05-10 04:00:00+07:00,73.0,6.1,90.0,/dl/web/weather/ic-w-04-scattered-clouds-full.svg,Hà Nội,-0.7036762095507965,0,-0.7030719574794967,0
2025-05-10 05:00:00+07:00,75.0,5.5,91.0,/dl/web/weather/ic-w-04-scattered-clouds-full.svg,Hà Nội,-0.6580028453890059,0,-0.7945764804449891,0
2025-05-10 06:00:00+07:00,73.0,4.2,89.0,/dl/web/weather/ic-w-04-scattered-clouds-full.svg,Hà Nội,-0.7036762095507965,0,-0.9928362802035559,0
2025-05-10 07:00:00+07:00,81.0,5.3,82.0,/dl/web/weather/ic-w-04-scattered-clouds-full.svg,Hà Nội,-0.5209827529036344,0,-0.8250779881001532,0
2025-05-10 08:00:00+07:00,99.0,7.9,80.0,/dl/web/weather/ic-w-04-scattered-clouds-full.svg,Hà Nội,-0.10992247544751964,0,-0.4285583885830195,0
2025-05-10 09:00:00+07:00,111.0,7.4,76.0,/dl/web/weather/ic-w-04-scattered-clouds-full.svg,Hà Nội,0.1641177095232235,0,-0.5048121577209298,0
2025-05-10 10:00:00+07:00,113.0,8.5,72.0,/dl/web/weather/ic-w-04-scattered-clouds-full.svg,Hà Nội,0.209791073685014,0,-0.33705386561752715,0
2025-05-10 11:00:00+07:00,110.0,8.5,72.0,/dl/web/weather/ic-w-04-scattered-clouds-full.svg,Hà Nội,0.14128102744232823,0,-0.33705386561752715,0
2025-05-10 12:00:00+07:00,102.0,6.6,72.0,/dl/web/weather/ic-w-04-scattered-clouds-full.svg,Hà Nội,-0.04141242920483386,0,-0.6268181883415864,0
2025-05-10 13:00:00+07:00,99.0,7.2,68.0,/dl/web/weather/ic-w-04-scattered-clouds-full.svg,Hà Nội,-0.10992247544751964,0,-0.5353136653760939,0
2025-05-10 14:00:00+07:00,96.0,8.5,68.0,/dl/web/weather/ic-w-04-scattered-clouds-full.svg,Hà Nội,-0.17843252169020543,0,-0.33705386561752715,0
2025-05-10 15:00:00+07:00,117.0,10.0,66.0,/dl/web/weather/ic-w-04-scattered-clouds-full.svg,Hà Nội,0.3011378020085951,0,-0.10829255820379617,0
2025-05-10 16:00:00+07:00,149.0,11.7,66.0,/dl/web/weather/ic-w-04-scattered-clouds-full.svg,Hà Nội,1.0319116285972434,0,0.15097025686509882,0
2025-05-10 17:00:00+07:00,152.0,13.5,67.0,/dl/web/weather/ic-w-06-rain-full.svg,Hà Nội,1.1004216748399291,0,0.42548382576157606,0
2025-05-10 18:00:00+07:00,153.0,10.6,71.0,/dl/web/weather/ic-w-04-scattered-clouds-full.svg,Hà Nội,1.1232583569208245,0,-0.016788035238303835,0
2025-05-10 19:00:00+07:00,155.0,10.3,83.0,/dl/web/weather/ic-w-04-scattered-clouds-full.svg,Hà Nội,1.1689317210826151,0,-0.06254029672104987,0
2025-05-10 20:00:00+07:00,146.0,24.8,84.0,/dl/web/weather/ic-w-04-scattered-clouds-full.svg,Hà Nội,0.9634015823545576,0,2.1488190082783496,0
2025-05-10 21:00:00+07:00,156.0,33.5,86.0,/dl/web/weather/ic-w-04-scattered-clouds-full.svg,Hà Nội,1.1917684031635103,0,3.4756345912779887,-1
2025-05-10 22:00:00+07:00,79.0,33.5,86.0,/dl/web/weather/ic-w-04-scattered-clouds-full.svg,Hà Nội,-0.5666561170654248,0,3.4756345912779887,-1
2025-05-10 23:00:00+07:00,73.0,31.4,86.0,/dl/web/weather/ic-w-12-night-rain-full.svg,Hà Nội,-0.7036762095507965,0,3.1553687608987655,-1
2025-05-11 00:00:00+07:00,58.0,31.4,86.0,/dl/web/weather/ic-w-12-night-rain-full.svg,Hà Nội,-1.0462264407642254,0,3.1553687608987655,-1
2025-05-11 01:00:00+07:00,53.0,20.1,82.0,/dl/web/weather/ic-w-04-scattered-clouds-full.svg,Hà Nội,-1.1604098511687018,0,1.4320335783819926,0
2025-05-11 02:00:00+07:00,53.0,20.1,82.0,/dl/web/weather/ic-w-04-scattered-clouds-full.svg,Hà Nội,-1.1604098511687018,0,1.4320335783819926,0
2025-05-11 03:00:00+07:00,53.0,16.7,87.0,/dl/web/weather/ic-w-12-night-rain-full.svg,Hà Nội,-1.1604098511687018,0,0.913507948244202,0
2025-05-11 04:00:00+07:00,33.0,12.4,87.0,/dl/web/weather/ic-w-04-scattered-clouds-full.svg,Hà Nội,-1.6171434927866069,0,0.2577255336581734,0
2025-05-11 05:00:00+07:00,44.0,14.0,81.0,/dl/web/weather/ic-w-04-scattered-clouds-full.svg,Hà Nội,-1.365939989896759,0,0.5017375948994864,0
2025-05-11 06:00:00+07:00,39.0,9.0,85.0,/dl/web/weather/ic-w-12-night-rain-full.svg,Hà Nội,-1.4801234003012353,0,-0.2608000964796168,0
2025-05-11 07:00:00+07:00,47.0,6.9,81.0,/dl/web/weather/ic-w-06-rain-full.svg,Hà Nội,-1.2974299436540733,0,-0.5810659268588401,0
2025-05-11 08:00:00+07:00,57.0,7.2,83.0,/dl/web/weather/ic-w-06-rain-full.svg,Hà Nội,-1.0690631228451206,0,-0.5353136653760939,0
2025-05-11 09:00:00+07:00,58.0,9.0,77.0,/dl/web/weather/ic-w-06-rain-full.svg,Hà Nội,-1.0462264407642254,0,-0.2608000964796168,0
2025-05-11 10:00:00+07:00,56.0,10.0,72.0,/dl/web/weather/ic-w-06-rain-full.svg,Hà Nội,-1.0918998049260158,0,-0.10829255820379617,0
2025-05-11 11:00:00+07:00,56.0,9.8,69.0,/dl/web/weather/ic-w-06-rain-full.svg,Hà Nội,-1.0918998049260158,0,-0.13879406585896018,0
2025-05-11 12:00:00+07:00,50.0,9.8,69.0,/dl/web/weather/ic-w-06-rain-full.svg,Hà Nội,-1.2289198974113875,0,-0.13879406585896018,0
2025-05-11 13:00:00+07:00,50.0,10.3,55.0,/dl/web/weather/ic-w-04-scattered-clouds-full.svg,Hà Nội,-1.2289198974113875,0,-0.06254029672104987,0
2025-05-11 14:00:00+07:00,53.0,10.3,55.0,/dl/web/weather/ic-w-04-scattered-clouds-full.svg,Hà Nội,-1.1604098511687018,0,-0.06254029672104987,0
2025-05-11 15:00:00+07:00,50.0,13.0,58.0,/dl/web/weather/ic-w-04-scattered-clouds-full.svg,Hà Nội,-1.2289198974113875,0,0.34923005662366574,0
2025-05-11 16:00:00+07:00,52.0,13.0,58.0,/dl/web/weather/ic-w-04-scattered-clouds-full.svg,Hà Nội,-1.183246533249597,0,0.34923005662366574,0
2025-05-11 17:00:00+07:00,53.0,8.7,55.0,/dl/web/weather/ic-w-04-scattered-clouds-full.svg,Hà Nội,-1.1604098511687018,0,-0.30655235796236313,0
2025-05-11 18:00:00+07:00,54.0,6.1,58.0,/dl/web/weather/ic-w-04-scattered-clouds-full.svg,Hà Nội,-1.1375731690878064,0,-0.7030719574794967,0
2025-05-11 19:00:00+07:00,56.0,8.9,70.0,/dl/web/weather/ic-w-04-scattered-clouds-full.svg,Hà Nội,-1.0918998049260158,0,-0.27605085030719884,0
2025-05-11 20:00:00+07:00,72.0,6.4,75.0,/dl/web/weather/ic-w-04-scattered-clouds-full.svg,Hà Nội,-0.7265128916316917,0,-0.6573196959967504,0
2025-05-11 21:00:00+07:00,70.0,6.4,75.0,/dl/web/weather/ic-w-04-scattered-clouds-full.svg,Hà Nội,-0.7721862557934822,0,-0.6573196959967504,0
2025-05-11 22:00:00+07:00,77.0,5.6,77.0,/dl/web/weather/ic-w-04-scattered-clouds-full.svg,Hà Nội,-0.6123294812272154,0,-0.7793257266174071,0
2025-05-11 23:00:00+07:00,79.0,6.3,77.0,/dl/web/weather/ic-w-04-scattered-clouds-full.svg,Hà Nội,-0.5666561170654248,0,-0.6725704498243326,0
2025-05-12 00:00:00+07:00,80.0,5.5,78.0,/dl/web/weather/ic-w-04-scattered-clouds-full.svg,Hà Nội,-0.5438194349845296,0,-0.7945764804449891,0
2025-05-12 01:00:00+07:00,81.0,3.2,79.0,/dl/web/weather/ic-w-04-scattered-clouds-full.svg,Hà Nội,-0.5209827529036344,0,-1.1453438184793765,0
2025-05-12 02:00:00+07:00,87.0,3.2,79.0,/dl/web/weather/ic-w-04-scattered-clouds-full.svg,Hà Nội,-0.38396266041826277,0,-1.1453438184793765,0
2025-05-12 03:00:00+07:00,87.0,4.7,79.0,/dl/web/weather/ic-w-10-night-clear-sky-full.svg,Hà Nội,-0.38396266041826277,0,-0.9165825110656456,0
2025-05-12 04:00:00+07:00,93.0,6.0,82.0,/dl/web/weather/ic-w-10-night-clear-sky-full.svg,Hà Nội,-0.2469425679328912,0,-0.7183227113070787,0
2025-05-12 05:00:00+07:00,99.0,4.3,79.0,/dl/web/weather/ic-w-10-night-clear-sky-full.svg,Hà Nội,-0.10992247544751964,0,-0.9775855263759738,0
2025-05-12 06:00:00+07:00,119.0,3.1,79.0,/dl/web/weather/ic-w-10-night-clear-sky-full.svg,Hà Nội,0.3468111661703856,0,-1.1605945723069586,0
2025-05-12 07:00:00+07:00,152.0,6.3,80.0,/dl/web/weather/ic-w-04-scattered-clouds-full.svg,Hà Nội,1.1004216748399291,0,-0.6725704498243326,0
2025-05-12 08:00:00+07:00,150.0,7.6,71.0,/dl/web/weather/ic-w-04-scattered-clouds-full.svg,Hà Nội,1.0547483106781388,0,-0.4743106500657658,0
2025-05-12 09:00:00+07:00,124.0,5.8,55.0,/dl/web/weather/ic-w-04-scattered-clouds-full.svg,Hà Nội,0.4609945765748619,0,-0.7488242189622429,0
2025-05-12 10:00:00+07:00,89.0,4.0,51.0,/dl/web/weather/ic-w-04-scattered-clouds-full.svg,Hà Nội,-0.33828929625647225,0,-1.02333778785872,0
2025-05-12 11:00:00+07:00,88.0,1.8,49.0,/dl/web/weather/ic-w-04-scattered-clouds-full.svg,Hà Nội,-0.36112597833736754,0,-1.3588543720655253,0
2025-05-12 12:00:00+07:00,75.0,3.1,46.0,/dl/web/weather/ic-w-04-scattered-clouds-full.svg,Hà Nội,-0.6580028453890059,0,-1.1605945723069586,0
2025-05-12 13:00:00+07:00,72.0,3.7,42.0,/dl/web/weather/ic-w-04-scattered-clouds-full.svg,Hà Nội,-0.7265128916316917,0,-1.0690900493414661,0
2025-05-12 14:00:00+07:00,69.0,3.7,42.0,/dl/web/weather/ic-w-04-scattered-clouds-full.svg,Hà Nội,-0.7950229378743775,0,-1.0690900493414661,0
2025-05-12 15:00:00+07:00,69.0,5.1,34.0,/dl/web/weather/ic-w-01-clear-sky-full.svg,Hà Nội,-0.7950229378743775,0,-0.8555794957553173,0
2025-05-12 16:00:00+07:00,71.0,6.6,42.0,/dl/web/weather/ic-w-01-clear-sky-full.svg,Hà Nội,-0.7493495737125869,0,-0.6268181883415864,0
2025-05-12 17:00:00+07:00,73.0,6.6,42.0,/dl/web/weather/ic-w-01-clear-sky-full.svg,Hà Nội,-0.7036762095507965,0,-0.6268181883415864,0
2025-05-12 18:00:00+07:00,79.0,8.5,45.0,/dl/web/weather/ic-w-01-clear-sky-full.svg,Hà Nội,-0.5666561170654248,0,-0.33705386561752715,0
2025-05-12 19:00:00+07:00,81.0,20.1,64.0,/dl/web/weather/ic-w-10-night-clear-sky-full.svg,Hà Nội,-0.5209827529036344,0,1.4320335783819926,0
2025-05-12 20:00:00+07:00,104.0,17.9,64.0,/dl/web/weather/ic-w-10-night-clear-sky-full.svg,Hà Nội,0.004260934956956666,0,1.0965169941751867,0
2025-05-12 21:00:00+07:00,102.0,15.4,67.0,/dl/web/weather/ic-w-10-night-clear-sky-full.svg,Hà Nội,-0.04141242920483386,0,0.7152481484856353,0
2025-05-12 22:00:00+07:00,89.0,13.8,69.0,/dl/web/weather/ic-w-10-night-clear-sky-full.svg,Hà Nội,-0.33828929625647225,0,0.47123608724432237,0
2025-05-12 23:00:00+07:00,84.0,12.4,71.0,/dl/web/weather/ic-w-11-night-few-clouds-full.svg,Hà Nội,-0.4524727066609486,0,0.2577255336581734,0
2025-05-13 00:00:00+07:00,89.0,12.4,71.0,/dl/web/weather/ic-w-11-night-few-clouds-full.svg,Hà Nội,-0.33828929625647225,0,0.2577255336581734,0
2025-05-13 01:00:00+07:00,92.0,10.0,76.0,/dl/web/weather/ic-w-04-scattered-clouds-full.svg,Hà Nội,-0.2697792500137865,0,-0.10829255820379617,0
2025-05-13 02:00:00+07:00,98.0,10.0,76.0,/dl/web/weather/ic-w-04-scattered-clouds-full.svg,Hà Nội,-0.1327591575284149,0,-0.10829255820379617,0
2025-05-13 03:00:00+07:00,106.0,9.5,77.0,/dl/web/weather/ic-w-12-night-rain-full.svg,Hà Nội,0.04993429911874719,0,-0.18454632734170648,0
2025-05-13 04:00:00+07:00,124.0,9.2,80.0,/dl/web/weather/ic-w-12-night-rain-full.svg,Hà Nội,0.4609945765748619,0,-0.23029858882445278,0
2025-05-13 05:00:00+07:00,147.0,7.2,85.0,/dl/web/weather/ic-w-11-night-few-clouds-full.svg,Hà Nội,0.9862382644354529,0,-0.5353136653760939,0
2025-05-13 06:00:00+07:00,158.0,7.2,85.0,/dl/web/weather/ic-w-11-night-few-clouds-full.svg,Hà Nội,1.2374417673253009,0,-0.5353136653760939,0
2025-05-13 07:00:00+07:00,158.0,5.8,76.0,/dl/web/weather/ic-w-02-new-clouds-full.svg,Hà Nội,1.2374417673253009,0,-0.7488242189622429,0
2025-05-13 08:00:00+07:00,155.0,6.4,70.0,/dl/web/weather/ic-w-01-clear-sky-full.svg,Hà Nội,1.1689317210826151,0,-0.6573196959967504,0
2025-05-13 09:00:00+07:00,139.0,7.6,63.0,/dl/web/weather/ic-w-01-clear-sky-full.svg,Hà Nội,0.8035448077882908,0,-0.4743106500657658,0
2025-05-13 10:00:00+07:00,94.0,8.9,55.0,/dl/web/weather/ic-w-01-clear-sky-full.svg,Hà Nội,-0.22410588585199595,0,-0.27605085030719884,0
2025-05-13 11:00:00+07:00,94.0,9.5,50.0,/dl/web/weather/ic-w-01-clear-sky-full.svg,Hà Nội,-0.22410588585199595,0,-0.18454632734170648,0
2025-05-13 12:00:00+07:00,85.0,10.3,46.0,/dl/web/weather/ic-w-01-clear-sky-full.svg,Hà Nội,-0.4296360245800533,0,-0.06254029672104987,0
2025-05-13 13:00:00+07:00,73.0,12.4,44.0,/dl/web/weather/ic-w-02-new-clouds-full.svg,Hà Nội,-0.7036762095507965,0,0.2577255336581734,0
2025-05-13 14:00:00+07:00,71.0,14.5,44.0,/dl/web/weather/ic-w-04-scattered-clouds-full.svg,Hà Nội,-0.7493495737125869,0,0.5779913640373967,0
2025-05-13 15:00:00+07:00,77.0,17.4,46.0,/dl/web/weather/ic-w-04-scattered-clouds-full.svg,Hà Nội,-0.6123294812272154,0,1.0202632250372763,0
2025-05-13 16:00:00+07:00,82.0,20.6,53.0,/dl/web/weather/ic-w-04-scattered-clouds-full.svg,Hà Nội,-0.4981460708227391,0,1.5082873475199028,0
2025-05-13 17:00:00+07:00,86.0,20.6,53.0,/dl/web/weather/ic-w-04-scattered-clouds-full.svg,Hà Nội,-0.40679934249915806,0,1.5082873475199028,0
2025-05-13 18:00:00+07:00,82.0,21.9,61.0,/dl/web/weather/ic-w-04-scattered-clouds-full.svg,Hà Nội,-0.4981460708227391,0,1.7065471472784692,0
2025-05-13 19:00:00+07:00,81.0,16.4,74.0,/dl/web/weather/ic-w-04-scattered-clouds-full.svg,Hà Nội,-0.5209827529036344,0,0.8677556867614558,0
2025-05-13 20:00:00+07:00,72.0,15.4,83.0,/dl/web/weather/ic-w-10-night-clear-sky-full.svg,Hà Nội,-0.7265128916316917,0,0.7152481484856353,0
2025-05-13 21:00:00+07:00,76.0,15.4,83.0,/dl/web/weather/ic-w-10-night-clear-sky-full.svg,Hà Nội,-0.6351661633081107,0,0.7152481484856353,0
2025-05-13 22:00:00+07:00,75.0,12.6,89.0,/dl/web/weather/ic-w-10-night-clear-sky-full.svg,Hà Nội,-0.6580028453890059,0,0.28822704131333743,0
2025-05-13 23:00:00+07:00,81.0,11.4,91.0,/dl/web/weather/ic-w-12-night-rain-full.svg,Hà Nội,-0.5209827529036344,0,0.10521799538235278,0
2025-05-14 00:00:00+07:00,84.0,10.8,92.0,/dl/web/weather/ic-w-12-night-rain-full.svg,Hà Nội,-0.4524727066609486,0,0.013713472416860455,0
2025-05-14 01:00:00+07:00,86.0,10.3,93.0,/dl/web/weather/ic-w-10-night-clear-sky-full.svg,Hà Nội,-0.40679934249915806,0,-0.06254029672104987,0
2025-05-14 02:00:00+07:00,91.0,10.3,93.0,/dl/web/weather/ic-w-10-night-clear-sky-full.svg,Hà Nội,-0.29261593209468173,0,-0.06254029672104987,0
2025-05-14 03:00:00+07:00,86.0,8.9,93.0,/dl/web/weather/ic-w-11-night-few-clouds-full.svg,Hà Nội,-0.40679934249915806,0,-0.27605085030719884,0
2025-05-14 04:00:00+07:00,81.0,7.9,94.0,/dl/web/weather/ic-w-11-night-few-clouds-full.svg,Hà Nội,-0.5209827529036344,0,-0.4285583885830195,0
2025-05-14 05:00:00+07:00,87.0,7.9,94.0,/dl/web/weather/ic-w-11-night-few-clouds-full.svg,Hà Nội,-0.38396266041826277,0,-0.4285583885830195,0
2025-05-14 06:00:00+07:00,94.0,7.4,94.0,/dl/web/weather/ic-w-10-night-clear-sky-full.svg,Hà Nội,-0.22410588585199595,0,-0.5048121577209298,0
2025-05-14 07:00:00+07:00,105.0,8.4,84.0,/dl/web/weather/ic-w-02-new-clouds-full.svg,Hà Nội,0.027097617037851927,0,-0.35230461944510916,0
2025-05-14 08:00:00+07:00,111.0,9.5,76.0,/dl/web/weather/ic-w-04-scattered-clouds-full.svg,Hà Nội,0.1641177095232235,0,-0.18454632734170648,0
2025-05-14 09:00:00+07:00,97.0,10.5,72.0,/dl/web/weather/ic-w-04-scattered-clouds-full.svg,Hà Nội,-0.15559583960931017,0,-0.03203878906588584,0
2025-05-14 10:00:00+07:00,81.0,11.9,70.0,/dl/web/weather/ic-w-04-scattered-clouds-full.svg,Hà Nội,-0.5209827529036344,0,0.18147176452026312,0
2025-05-14 11:00:00+07:00,82.0,12.2,71.0,/dl/web/weather/ic-w-04-scattered-clouds-full.svg,Hà Nội,-0.4981460708227391,0,0.22722402600300914,0
2025-05-14 12:00:00+07:00,79.0,11.4,67.0,/dl/web/weather/ic-w-04-scattered-clouds-full.svg,Hà Nội,-0.5666561170654248,0,0.10521799538235278,0
2025-05-14 14:00:00+07:00,81.0,10.6,60.0,/dl/web/weather/ic-w-04-scattered-clouds-full.svg,Hà Nội,-0.5209827529036344,0,-0.016788035238303835,0
2025-05-14 15:00:00+07:00,79.0,14.0,64.0,/dl/web/weather/ic-w-04-scattered-clouds-full.svg,Hà Nội,-0.5666561170654248,0,0.5017375948994864,0
2025-05-14 16:00:00+07:00,77.0,13.5,70.0,/dl/web/weather/ic-w-04-scattered-clouds-full.svg,Hà Nội,-0.6123294812272154,0,0.42548382576157606,0
2025-05-14 17:00:00+07:00,71.0,13.5,70.0,/dl/web/weather/ic-w-04-scattered-clouds-full.svg,Hà Nội,-0.7493495737125869,0,0.42548382576157606,0
2025-05-14 18:00:00+07:00,73.0,11.9,73.0,/dl/web/weather/ic-w-04-scattered-clouds-full.svg,Hà Nội,-0.7036762095507965,0,0.18147176452026312,0
2025-05-14 19:00:00+07:00,73.0,15.6,80.0,/dl/web/weather/ic-w-04-scattered-clouds-full.svg,Hà Nội,-0.7036762095507965,0,0.7457496561407994,0
2025-05-14 20:00:00+07:00,68.0,15.8,85.0,/dl/web/weather/ic-w-11-night-few-clouds-full.svg,Hà Nội,-0.8178596199552728,0,0.7762511637959637,0
2025-05-14 21:00:00+07:00,68.0,15.8,85.0,/dl/web/weather/ic-w-11-night-few-clouds-full.svg,Hà Nội,-0.8178596199552728,0,0.7762511637959637,0
2025-05-14 22:00:00+07:00,77.0,14.2,88.0,/dl/web/weather/ic-w-04-scattered-clouds-full.svg,Hà Nội,-0.6123294812272154,0,0.5322391025546505,0
2025-05-14 23:00:00+07:00,77.0,12.4,93.0,/dl/web/weather/ic-w-04-scattered-clouds-full.svg,Hà Nội,-0.6123294812272154,0,0.2577255336581734,0
2025-05-15 00:00:00+07:00,82.0,12.4,93.0,/dl/web/weather/ic-w-04-scattered-clouds-full.svg,Hà Nội,-0.4981460708227391,0,0.2577255336581734,0
2025-05-15 01:00:00+07:00,79.0,8.5,96.0,/dl/web/weather/ic-w-04-scattered-clouds-full.svg,Hà Nội,-0.5666561170654248,0,-0.33705386561752715,0
2025-05-15 02:00:00+07:00,79.0,9.2,95.0,/dl/web/weather/ic-w-04-scattered-clouds-full.svg,Hà Nội,-0.5666561170654248,0,-0.23029858882445278,0
2025-05-15 03:00:00+07:00,75.0,9.2,95.0,/dl/web/weather/ic-w-04-scattered-clouds-full.svg,Hà Nội,-0.6580028453890059,0,-0.23029858882445278,0
2025-05-15 04:00:00+07:00,84.0,9.2,96.0,/dl/web/weather/ic-w-04-scattered-clouds-full.svg,Hà Nội,-0.4524727066609486,0,-0.23029858882445278,0
2025-05-15 05:00:00+07:00,84.0,7.6,97.0,/dl/web/weather/ic-w-04-scattered-clouds-full.svg,Hà Nội,-0.4524727066609486,0,-0.4743106500657658,0
2025-05-15 06:00:00+07:00,81.0,7.2,97.0,/dl/web/weather/ic-w-04-scattered-clouds-full.svg,Hà Nội,-0.5209827529036344,0,-0.5353136653760939,0
2025-05-15 07:00:00+07:00,77.0,8.9,87.0,/dl/web/weather/ic-w-04-scattered-clouds-full.svg,Hà Nội,-0.6123294812272154,0,-0.27605085030719884,0
2025-05-15 08:00:00+07:00,74.0,9.8,78.0,/dl/web/weather/ic-w-04-scattered-clouds-full.svg,Hà Nội,-0.6808395274699012,0,-0.13879406585896018,0
2025-05-15 09:00:00+07:00,90.0,9.7,74.0,/dl/web/weather/ic-w-04-scattered-clouds-full.svg,Hà Nội,-0.315452614175577,0,-0.15404481968654246,0
2025-05-15 10:00:00+07:00,118.0,6.6,75.0,/dl/web/weather/ic-w-06-rain-full.svg,Hà Nội,0.3239744840894903,0,-0.6268181883415864,0
2025-05-15 11:00:00+07:00,103.0,8.4,72.0,/dl/web/weather/ic-w-06-rain-full.svg,Hà Nội,-0.018575747123938596,0,-0.35230461944510916,0
2025-05-15 12:00:00+07:00,110.0,6.8,72.0,/dl/web/weather/ic-w-04-scattered-clouds-full.svg,Hà Nội,0.14128102744232823,0,-0.5963166806864223,0
2025-05-15 13:00:00+07:00,107.0,6.1,76.0,/dl/web/weather/ic-w-04-scattered-clouds-full.svg,Hà Nội,0.07277098119964245,0,-0.7030719574794967,0
2025-05-15 14:00:00+07:00,93.0,6.1,76.0,/dl/web/weather/ic-w-04-scattered-clouds-full.svg,Hà Nội,-0.2469425679328912,0,-0.7030719574794967,0
2025-05-15 15:00:00+07:00,81.0,12.2,70.0,/dl/web/weather/ic-w-04-scattered-clouds-full.svg,Hà Nội,-0.5209827529036344,0,0.22722402600300914,0
2025-05-15 16:00:00+07:00,75.0,10.5,80.0,/dl/web/weather/ic-w-04-scattered-clouds-full.svg,Hà Nội,-0.6580028453890059,0,-0.03203878906588584,0
2025-05-15 17:00:00+07:00,69.0,10.5,80.0,/dl/web/weather/ic-w-04-scattered-clouds-full.svg,Hà Nội,-0.7950229378743775,0,-0.03203878906588584,0
2025-05-15 18:00:00+07:00,68.0,12.4,92.0,/dl/web/weather/ic-w-04-scattered-clouds-full.svg,Hà Nội,-0.8178596199552728,0,0.2577255336581734,0
2025-05-15 19:00:00+07:00,61.0,10.0,93.0,/dl/web/weather/ic-w-12-night-rain-full.svg,Hà Nội,-0.9777163945215396,0,-0.10829255820379617,0
2025-05-15 20:00:00+07:00,71.0,10.1,94.0,/dl/web/weather/ic-w-04-scattered-clouds-full.svg,Hà Nội,-0.7493495737125869,0,-0.09304180437621416,0
2025-05-15 21:00:00+07:00,71.0,9.7,94.0,/dl/web/weather/ic-w-12-night-rain-full.svg,Hà Nội,-0.7493495737125869,0,-0.15404481968654246,0
2025-05-15 22:00:00+07:00,79.0,7.9,94.0,/dl/web/weather/ic-w-04-scattered-clouds-full.svg,Hà Nội,-0.5666561170654248,0,-0.4285583885830195,0
2025-05-15 23:00:00+07:00,81.0,7.9,94.0,/dl/web/weather/ic-w-04-scattered-clouds-full.svg,Hà Nội,-0.5209827529036344,0,-0.4285583885830195,0
2025-05-16 00:00:00+07:00,87.0,7.9,94.0,/dl/web/weather/ic-w-04-scattered-clouds-full.svg,Hà Nội,-0.38396266041826277,0,-0.4285583885830195,0
2025-05-16 01:00:00+07:00,91.0,9.5,95.0,/dl/web/weather/ic-w-12-night-rain-full.svg,Hà Nội,-0.29261593209468173,0,-0.18454632734170648,0
2025-05-16 02:00:00+07:00,56.0,8.5,97.0,/dl/web/weather/ic-w-12-night-rain-full.svg,Hà Nội,-1.0918998049260158,0,-0.33705386561752715,0
2025-05-16 03:00:00+07:00,56.0,8.5,97.0,/dl/web/weather/ic-w-12-night-rain-full.svg,Hà Nội,-1.0918998049260158,0,-0.33705386561752715,0
2025-05-16 04:00:00+07:00,62.0,6.1,97.0,/dl/web/weather/ic-w-04-scattered-clouds-full.svg,Hà Nội,-0.9548797124406443,0,-0.7030719574794967,0
2025-05-16 05:00:00+07:00,82.0,6.1,97.0,/dl/web/weather/ic-w-04-scattered-clouds-full.svg,Hà Nội,-0.4981460708227391,0,-0.7030719574794967,0
2025-05-16 06:00:00+07:00,96.0,5.5,96.0,/dl/web/weather/ic-w-04-scattered-clouds-full.svg,Hà Nội,-0.17843252169020543,0,-0.7945764804449891,0
2025-05-16 07:00:00+07:00,107.0,6.6,95.0,/dl/web/weather/ic-w-04-scattered-clouds-full.svg,Hà Nội,0.07277098119964245,0,-0.6268181883415864,0
2025-05-16 08:00:00+07:00,112.0,8.4,90.0,/dl/web/weather/ic-w-04-scattered-clouds-full.svg,Hà Nội,0.18695439160411875,0,-0.35230461944510916,0
2025-05-16 09:00:00+07:00,134.0,12.7,81.0,/dl/web/weather/ic-w-04-scattered-clouds-full.svg,Hà Nội,0.6893613973838145,0,0.30347779514091944,0
2025-05-16 10:00:00+07:00,124.0,13.2,73.0,/dl/web/weather/ic-w-06-rain-full.svg,Hà Nội,0.4609945765748619,0,0.37973156427882976,0
2025-05-16 11:00:00+07:00,124.0,12.2,69.0,/dl/web/weather/ic-w-04-scattered-clouds-full.svg,Hà Nội,0.4609945765748619,0,0.22722402600300914,0
2025-05-16 12:00:00+07:00,107.0,11.6,66.0,/dl/web/weather/ic-w-04-scattered-clouds-full.svg,Hà Nội,0.07277098119964245,0,0.13571950303751681,0
2025-05-16 13:00:00+07:00,86.0,7.2,62.0,/dl/web/weather/ic-w-04-scattered-clouds-full.svg,Hà Nội,-0.40679934249915806,0,-0.5353136653760939,0
2025-05-16 14:00:00+07:00,76.0,13.2,71.0,/dl/web/weather/ic-w-04-scattered-clouds-full.svg,Hà Nội,-0.6351661633081107,0,0.37973156427882976,0
2025-05-16 15:00:00+07:00,78.0,17.1,66.0,/dl/web/weather/ic-w-04-scattered-clouds-full.svg,Hà Nội,-0.5894927991463201,0,0.9745109635545306,0
2025-05-16 16:00:00+07:00,78.0,17.7,70.0,/dl/web/weather/ic-w-04-scattered-clouds-full.svg,Hà Nội,-0.5894927991463201,0,1.0660154865200226,0
2025-05-16 17:00:00+07:00,88.0,16.3,73.0,/dl/web/weather/ic-w-04-scattered-clouds-full.svg,Hà Nội,-0.36112597833736754,0,0.852504932933874,0
2025-05-16 18:00:00+07:00,92.0,16.3,73.0,/dl/web/weather/ic-w-04-scattered-clouds-full.svg,Hà Nội,-0.2697792500137865,0,0.852504932933874,0
2025-05-16 19:00:00+07:00,87.0,16.1,86.0,/dl/web/weather/ic-w-04-scattered-clouds-full.svg,Hà Nội,-0.38396266041826277,0,0.82200342527871,0
2025-05-16 20:00:00+07:00,81.0,15.3,84.0,/dl/web/weather/ic-w-12-night-rain-full.svg,Hà Nội,-0.5209827529036344,0,0.6999973946580533,0
2025-05-16 21:00:00+07:00,82.0,15.3,84.0,/dl/web/weather/ic-w-12-night-rain-full.svg,Hà Nội,-0.4981460708227391,0,0.6999973946580533,0
2025-05-16 22:00:00+07:00,77.0,15.0,87.0,/dl/web/weather/ic-w-12-night-rain-full.svg,Hà Nội,-0.6123294812272154,0,0.6542451331753071,0
2025-05-16 23:00:00+07:00,75.0,11.4,93.0,/dl/web/weather/ic-w-12-night-rain-full.svg,Hà Nội,-0.6580028453890059,0,0.10521799538235278,0
2025-05-17 00:00:00+07:00,64.0,11.4,93.0,/dl/web/weather/ic-w-12-night-rain-full.svg,Hà Nội,-0.9092063482788538,0,0.10521799538235278,0
2025-05-17 01:00:00+07:00,62.0,7.4,93.0,/dl/web/weather/ic-w-12-night-rain-full.svg,Hà Nội,-0.9548797124406443,0,-0.5048121577209298,0
2025-05-17 02:00:00+07:00,43.0,7.4,93.0,/dl/web/weather/ic-w-12-night-rain-full.svg,Hà Nội,-1.3887766719776542,0,-0.5048121577209298,0
2025-05-17 03:00:00+07:00,43.0,8.0,96.0,/dl/web/weather/ic-w-12-night-rain-full.svg,Hà Nội,-1.3887766719776542,0,-0.41330763475543747,0
2025-05-17 04:00:00+07:00,43.0,8.0,96.0,/dl/web/weather/ic-w-12-night-rain-full.svg,Hà Nội,-1.3887766719776542,0,-0.41330763475543747,0
2025-05-17 05:00:00+07:00,55.0,6.0,95.0,/dl/web/weather/ic-w-12-night-rain-full.svg,Hà Nội,-1.1147364870069112,0,-0.7183227113070787,0
2025-05-17 06:00:00+07:00,56.0,5.0,94.0,/dl/web/weather/ic-w-04-scattered-clouds-full.svg,Hà Nội,-1.0918998049260158,0,-0.8708302495828993,0
2025-05-17 07:00:00+07:00,58.0,4.3,90.0,/dl/web/weather/ic-w-04-scattered-clouds-full.svg,Hà Nội,-1.0462264407642254,0,-0.9775855263759738,0
2025-05-17 08:00:00+07:00,79.0,1.0,91.0,/dl/web/weather/ic-w-04-scattered-clouds-full.svg,Hà Nội,-0.5666561170654248,0,-1.480860402686182,0
2025-05-17 09:00:00+07:00,82.0,1.8,87.0,/dl/web/weather/ic-w-04-scattered-clouds-full.svg,Hà Nội,-0.4981460708227391,0,-1.3588543720655253,0
2025-05-17 10:00:00+07:00,81.0,6.9,76.0,/dl/web/weather/ic-w-04-scattered-clouds-full.svg,Hà Nội,-0.5209827529036344,0,-0.5810659268588401,0
2025-05-17 11:00:00+07:00,81.0,8.4,67.0,/dl/web/weather/ic-w-04-scattered-clouds-full.svg,Hà Nội,-0.5209827529036344,0,-0.35230461944510916,0
2025-05-17 12:00:00+07:00,80.0,8.4,67.0,/dl/web/weather/ic-w-04-scattered-clouds-full.svg,Hà Nội,-0.5438194349845296,0,-0.35230461944510916,0
2025-05-17 13:00:00+07:00,79.0,10.0,65.0,/dl/web/weather/ic-w-04-scattered-clouds-full.svg,Hà Nội,-0.5666561170654248,0,-0.10829255820379617,0
2025-05-17 14:00:00+07:00,76.0,10.0,65.0,/dl/web/weather/ic-w-04-scattered-clouds-full.svg,Hà Nội,-0.6351661633081107,0,-0.10829255820379617,0
2025-05-17 15:00:00+07:00,69.0,16.3,57.0,/dl/web/weather/ic-w-04-scattered-clouds-full.svg,Hà Nội,-0.7950229378743775,0,0.852504932933874,0
2025-05-17 16:00:00+07:00,62.0,15.9,69.0,/dl/web/weather/ic-w-06-rain-full.svg,Hà Nội,-0.9548797124406443,0,0.7915019176235457,0
2025-05-17 17:00:00+07:00,64.0,13.7,79.0,/dl/web/weather/ic-w-06-rain-full.svg,Hà Nội,-0.9092063482788538,0,0.4559853334167401,0
2025-05-17 18:00:00+07:00,69.0,13.7,79.0,/dl/web/weather/ic-w-06-rain-full.svg,Hà Nội,-0.7950229378743775,0,0.4559853334167401,0
2025-05-17 19:00:00+07:00,75.0,15.3,84.0,/dl/web/weather/ic-w-12-night-rain-full.svg,Hà Nội,-0.6580028453890059,0,0.6999973946580533,0
2025-05-17 20:00:00+07:00,62.0,15.1,85.0,/dl/web/weather/ic-w-12-night-rain-full.svg,Hà Nội,-0.9548797124406443,0,0.6694958870028891,0
2025-05-17 21:00:00+07:00,62.0,15.1,85.0,/dl/web/weather/ic-w-12-night-rain-full.svg,Hà Nội,-0.9548797124406443,0,0.6694958870028891,0
2025-05-17 22:00:00+07:00,59.0,14.6,88.0,/dl/web/weather/ic-w-12-night-rain-full.svg,Hà Nội,-1.02338975868333,0,0.5932421178649787,0
2025-05-17 23:00:00+07:00,64.0,12.6,93.0,/dl/web/weather/ic-w-04-scattered-clouds-full.svg,Hà Nội,-0.9092063482788538,0,0.28822704131333743,0
2025-05-18 00:00:00+07:00,62.0,12.6,93.0,/dl/web/weather/ic-w-04-scattered-clouds-full.svg,Hà Nội,-0.9548797124406443,0,0.28822704131333743,0
2025-05-18 01:00:00+07:00,49.0,8.5,95.0,/dl/web/weather/ic-w-04-scattered-clouds-full.svg,Hà Nội,-1.2517565794922827,0,-0.33705386561752715,0
2025-05-18 02:00:00+07:00,39.0,8.5,95.0,/dl/web/weather/ic-w-04-scattered-clouds-full.svg,Hà Nội,-1.4801234003012353,0,-0.33705386561752715,0
2025-05-18 03:00:00+07:00,33.0,10.8,91.0,/dl/web/weather/ic-w-04-scattered-clouds-full.svg,Hà Nội,-1.6171434927866069,0,0.013713472416860455,0
2025-05-18 04:00:00+07:00,33.0,8.9,89.0,/dl/web/weather/ic-w-04-scattered-clouds-full.svg,Hà Nội,-1.6171434927866069,0,-0.27605085030719884,0
2025-05-18 05:00:00+07:00,33.0,7.9,88.0,/dl/web/weather/ic-w-04-scattered-clouds-full.svg,Hà Nội,-1.6171434927866069,0,-0.4285583885830195,0
2025-05-18 06:00:00+07:00,53.0,6.1,90.0,/dl/web/weather/ic-w-04-scattered-clouds-full.svg,Hà Nội,-1.1604098511687018,0,-0.7030719574794967,0
2025-05-18 07:00:00+07:00,44.0,5.5,90.0,/dl/web/weather/ic-w-04-scattered-clouds-full.svg,Hà Nội,-1.365939989896759,0,-0.7945764804449891,0
2025-05-18 08:00:00+07:00,60.0,5.8,78.0,/dl/web/weather/ic-w-04-scattered-clouds-full.svg,Hà Nội,-1.0005530766024349,0,-0.7488242189622429,0
2025-05-18 09:00:00+07:00,57.0,7.6,73.0,/dl/web/weather/ic-w-04-scattered-clouds-full.svg,Hà Nội,-1.0690631228451206,0,-0.4743106500657658,0
2025-05-18 10:00:00+07:00,57.0,8.9,67.0,/dl/web/weather/ic-w-04-scattered-clouds-full.svg,Hà Nội,-1.0690631228451206,0,-0.27605085030719884,0
2025-05-18 11:00:00+07:00,60.0,11.1,62.0,/dl/web/weather/ic-w-04-scattered-clouds-full.svg,Hà Nội,-1.0005530766024349,0,0.059465733899606486,0
2025-05-18 12:00:00+07:00,68.0,11.1,62.0,/dl/web/weather/ic-w-04-scattered-clouds-full.svg,Hà Nội,-0.8178596199552728,0,0.059465733899606486,0
2025-05-18 13:00:00+07:00,76.0,15.0,59.0,/dl/web/weather/ic-w-04-scattered-clouds-full.svg,Hà Nội,-0.6351661633081107,0,0.6542451331753071,0
2025-05-18 14:00:00+07:00,79.0,15.0,59.0,/dl/web/weather/ic-w-04-scattered-clouds-full.svg,Hà Nội,-0.5666561170654248,0,0.6542451331753071,0
2025-05-18 15:00:00+07:00,88.0,14.2,59.0,/dl/web/weather/ic-w-04-scattered-clouds-full.svg,Hà Nội,-0.36112597833736754,0,0.5322391025546505,0
2025-05-18 16:00:00+07:00,80.0,10.9,59.0,/dl/web/weather/ic-w-04-scattered-clouds-full.svg,Hà Nội,-0.5438194349845296,0,0.028964226244442465,0
2025-05-18 17:00:00+07:00,66.0,7.6,75.0,/dl/web/weather/ic-w-04-scattered-clouds-full.svg,Hà Nội,-0.8635329841170633,0,-0.4743106500657658,0
2025-05-18 18:00:00+07:00,62.0,10.9,77.0,/dl/web/weather/ic-w-04-scattered-clouds-full.svg,Hà Nội,-0.9548797124406443,0,0.028964226244442465,0
2025-05-18 19:00:00+07:00,73.0,16.4,89.0,/dl/web/weather/ic-w-12-night-rain-full.svg,Hà Nội,-0.7036762095507965,0,0.8677556867614558,0
2025-05-18 20:00:00+07:00,77.0,12.7,93.0,/dl/web/weather/ic-w-12-night-rain-full.svg,Hà Nội,-0.6123294812272154,0,0.30347779514091944,0
2025-05-18 21:00:00+07:00,72.0,12.7,93.0,/dl/web/weather/ic-w-12-night-rain-full.svg,Hà Nội,-0.7265128916316917,0,0.30347779514091944,0
2025-05-18 22:00:00+07:00,62.0,9.8,94.0,/dl/web/weather/ic-w-12-night-rain-full.svg,Hà Nội,-0.9548797124406443,0,-0.13879406585896018,0
2025-05-18 23:00:00+07:00,84.0,8.9,95.0,/dl/web/weather/ic-w-12-night-rain-full.svg,Hà Nội,-0.4524727066609486,0,-0.27605085030719884,0
2025-05-19 00:00:00+07:00,99.0,7.6,95.0,/dl/web/weather/ic-w-12-night-rain-full.svg,Hà Nội,-0.10992247544751964,0,-0.4743106500657658,0
2025-05-19 01:00:00+07:00,107.0,9.2,95.0,/dl/web/weather/ic-w-04-scattered-clouds-full.svg,Hà Nội,0.07277098119964245,0,-0.23029858882445278,0
2025-05-19 02:00:00+07:00,110.0,9.2,95.0,/dl/web/weather/ic-w-04-scattered-clouds-full.svg,Hà Nội,0.14128102744232823,0,-0.23029858882445278,0
2025-05-19 03:00:00+07:00,59.0,4.2,96.0,/dl/web/weather/ic-w-12-night-rain-full.svg,Hà Nội,-1.02338975868333,0,-0.9928362802035559,0
2025-05-19 04:00:00+07:00,58.0,4.2,96.0,/dl/web/weather/ic-w-12-night-rain-full.svg,Hà Nội,-1.0462264407642254,0,-0.9928362802035559,0
2025-05-19 05:00:00+07:00,58.0,6.9,97.0,/dl/web/weather/ic-w-04-scattered-clouds-full.svg,Hà Nội,-1.0462264407642254,0,-0.5810659268588401,0
2025-05-19 06:00:00+07:00,58.0,9.5,97.0,/dl/web/weather/ic-w-12-night-rain-full.svg,Hà Nội,-1.0462264407642254,0,-0.18454632734170648,0
2025-05-19 07:00:00+07:00,58.0,9.3,97.0,/dl/web/weather/ic-w-04-scattered-clouds-full.svg,Hà Nội,-1.0462264407642254,0,-0.2150478349968705,0
2025-05-19 08:00:00+07:00,94.0,9.0,93.0,/dl/web/weather/ic-w-04-scattered-clouds-full.svg,Hà Nội,-0.22410588585199595,0,-0.2608000964796168,0
2025-05-19 09:00:00+07:00,96.0,8.9,88.0,/dl/web/weather/ic-w-04-scattered-clouds-full.svg,Hà Nội,-0.17843252169020543,0,-0.27605085030719884,0
2025-05-19 10:00:00+07:00,118.0,6.8,86.0,/dl/web/weather/ic-w-04-scattered-clouds-full.svg,Hà Nội,0.3239744840894903,0,-0.5963166806864223,0
2025-05-19 11:00:00+07:00,145.0,6.0,80.0,/dl/web/weather/ic-w-04-scattered-clouds-full.svg,Hà Nội,0.9405649002736624,0,-0.7183227113070787,0
2025-05-19 12:00:00+07:00,147.0,6.0,80.0,/dl/web/weather/ic-w-04-scattered-clouds-full.svg,Hà Nội,0.9862382644354529,0,-0.7183227113070787,0
2025-05-19 13:00:00+07:00,143.0,10.0,71.0,/dl/web/weather/ic-w-04-scattered-clouds-full.svg,Hà Nội,0.8948915361118719,0,-0.10829255820379617,0
2025-05-19 14:00:00+07:00,129.0,10.0,71.0,/dl/web/weather/ic-w-04-scattered-clouds-full.svg,Hà Nội,0.5751779869793382,0,-0.10829255820379617,0
2025-05-19 15:00:00+07:00,113.0,10.9,71.0,/dl/web/weather/ic-w-04-scattered-clouds-full.svg,Hà Nội,0.209791073685014,0,0.028964226244442465,0
2025-05-19 16:00:00+07:00,89.0,14.3,71.0,/dl/web/weather/ic-w-04-scattered-clouds-full.svg,Hà Nội,-0.33828929625647225,0,0.5474898563822327,0
2025-05-19 17:00:00+07:00,66.0,15.0,73.0,/dl/web/weather/ic-w-04-scattered-clouds-full.svg,Hà Nội,-0.8635329841170633,0,0.6542451331753071,0
2025-05-19 18:00:00+07:00,62.0,15.0,73.0,/dl/web/weather/ic-w-04-scattered-clouds-full.svg,Hà Nội,-0.9548797124406443,0,0.6542451331753071,0
2025-05-19 19:00:00+07:00,60.0,15.1,84.0,/dl/web/weather/ic-w-12-night-rain-full.svg,Hà Nội,-1.0005530766024349,0,0.6694958870028891,0
2025-05-19 20:00:00+07:00,69.0,12.7,90.0,/dl/web/weather/ic-w-12-night-rain-full.svg,Hà Nội,-0.7950229378743775,0,0.30347779514091944,0
2025-05-19 21:00:00+07:00,69.0,12.7,90.0,/dl/web/weather/ic-w-12-night-rain-full.svg,Hà Nội,-0.7950229378743775,0,0.30347779514091944,0
2025-05-19 22:00:00+07:00,81.0,11.9,91.0,/dl/web/weather/ic-w-12-night-rain-full.svg,Hà Nội,-0.5209827529036344,0,0.18147176452026312,0
2025-05-19 23:00:00+07:00,84.0,12.6,93.0,/dl/web/weather/ic-w-04-scattered-clouds-full.svg,Hà Nội,-0.4524727066609486,0,0.28822704131333743,0
2025-05-20 00:00:00+07:00,82.0,12.6,93.0,/dl/web/weather/ic-w-04-scattered-clouds-full.svg,Hà Nội,-0.4981460708227391,0,0.28822704131333743,0
2025-05-20 01:00:00+07:00,88.0,12.7,94.0,/dl/web/weather/ic-w-04-scattered-clouds-full.svg,Hà Nội,-0.36112597833736754,0,0.30347779514091944,0
2025-05-20 02:00:00+07:00,96.0,12.7,94.0,/dl/web/weather/ic-w-04-scattered-clouds-full.svg,Hà Nội,-0.17843252169020543,0,0.30347779514091944,0
2025-05-20 03:00:00+07:00,108.0,9.5,95.0,/dl/web/weather/ic-w-04-scattered-clouds-full.svg,Hà Nội,0.09560766328053771,0,-0.18454632734170648,0
2025-05-20 04:00:00+07:00,111.0,9.5,95.0,/dl/web/weather/ic-w-04-scattered-clouds-full.svg,Hà Nội,0.1641177095232235,0,-0.18454632734170648,0
2025-05-20 05:00:00+07:00,115.0,8.2,96.0,/dl/web/weather/ic-w-04-scattered-clouds-full.svg,Hà Nội,0.25546443784680456,0,-0.38280612710027345,0
2025-05-20 06:00:00+07:00,112.0,7.6,96.0,/dl/web/weather/ic-w-04-scattered-clouds-full.svg,Hà Nội,0.18695439160411875,0,-0.4743106500657658,0
2025-05-20 07:00:00+07:00,105.0,7.4,88.0,/dl/web/weather/ic-w-04-scattered-clouds-full.svg,Hà Nội,0.027097617037851927,0,-0.5048121577209298,0
2025-05-20 08:00:00+07:00,102.0,7.2,87.0,/dl/web/weather/ic-w-04-scattered-clouds-full.svg,Hà Nội,-0.04141242920483386,0,-0.5353136653760939,0
2025-05-20 09:00:00+07:00,117.0,7.9,76.0,/dl/web/weather/ic-w-04-scattered-clouds-full.svg,Hà Nội,0.3011378020085951,0,-0.4285583885830195,0
2025-05-20 10:00:00+07:00,107.0,7.7,69.0,/dl/web/weather/ic-w-04-scattered-clouds-full.svg,Hà Nội,0.07277098119964245,0,-0.4590598962381836,0
2025-05-20 11:00:00+07:00,108.0,9.0,63.0,/dl/web/weather/ic-w-04-scattered-clouds-full.svg,Hà Nội,0.09560766328053771,0,-0.2608000964796168,0
2025-05-20 12:00:00+07:00,97.0,9.0,63.0,/dl/web/weather/ic-w-04-scattered-clouds-full.svg,Hà Nội,-0.15559583960931017,0,-0.2608000964796168,0
2025-05-20 13:00:00+07:00,92.0,10.6,53.0,/dl/web/weather/ic-w-04-scattered-clouds-full.svg,Hà Nội,-0.2697792500137865,0,-0.016788035238303835,0
2025-05-20 14:00:00+07:00,84.0,11.4,47.0,/dl/web/weather/ic-w-04-scattered-clouds-full.svg,Hà Nội,-0.4524727066609486,0,0.10521799538235278,0
2025-05-20 15:00:00+07:00,77.0,14.5,52.0,/dl/web/weather/ic-w-06-rain-full.svg,Hà Nội,-0.6123294812272154,0,0.5779913640373967,0
2025-05-20 16:00:00+07:00,80.0,18.0,54.0,/dl/web/weather/ic-w-06-rain-full.svg,Hà Nội,-0.5438194349845296,0,1.111767748002769,0
2025-05-20 17:00:00+07:00,92.0,18.0,54.0,/dl/web/weather/ic-w-06-rain-full.svg,Hà Nội,-0.2697792500137865,0,1.111767748002769,0
2025-05-20 18:00:00+07:00,84.0,19.3,60.0,/dl/web/weather/ic-w-06-rain-full.svg,Hà Nội,-0.4524727066609486,0,1.310027547761336,0
2025-05-20 19:00:00+07:00,71.0,22.5,75.0,/dl/web/weather/ic-w-04-scattered-clouds-full.svg,Hà Nội,-0.7493495737125869,0,1.798051670243962,0
2025-05-20 20:00:00+07:00,85.0,21.7,81.0,/dl/web/weather/ic-w-04-scattered-clouds-full.svg,Hà Nội,-0.4296360245800533,0,1.6760456396233052,0
2025-05-20 21:00:00+07:00,85.0,21.6,83.0,/dl/web/weather/ic-w-04-scattered-clouds-full.svg,Hà Nội,-0.4296360245800533,0,1.6607948857957235,0
2025-05-20 22:00:00+07:00,73.0,19.2,82.0,/dl/web/weather/ic-w-04-scattered-clouds-full.svg,Hà Nội,-0.7036762095507965,0,1.2947767939337536,0
2025-05-20 23:00:00+07:00,77.0,19.3,83.0,/dl/web/weather/ic-w-04-scattered-clouds-full.svg,Hà Nội,-0.6123294812272154,0,1.310027547761336,0
2025-05-21 00:00:00+07:00,76.0,19.3,83.0,/dl/web/weather/ic-w-04-scattered-clouds-full.svg,Hà Nội,-0.6351661633081107,0,1.310027547761336,0
2025-05-21 01:00:00+07:00,70.0,17.1,87.0,/dl/web/weather/ic-w-04-scattered-clouds-full.svg,Hà Nội,-0.7721862557934822,0,0.9745109635545306,0
2025-05-21 02:00:00+07:00,68.0,17.1,87.0,/dl/web/weather/ic-w-04-scattered-clouds-full.svg,Hà Nội,-0.8178596199552728,0,0.9745109635545306,0
2025-05-21 03:00:00+07:00,68.0,10.1,93.0,/dl/web/weather/ic-w-04-scattered-clouds-full.svg,Hà Nội,-0.8178596199552728,0,-0.09304180437621416,0
2025-05-21 04:00:00+07:00,66.0,10.1,93.0,/dl/web/weather/ic-w-04-scattered-clouds-full.svg,Hà Nội,-0.8635329841170633,0,-0.09304180437621416,0
2025-05-21 05:00:00+07:00,64.0,8.0,95.0,/dl/web/weather/ic-w-04-scattered-clouds-full.svg,Hà Nội,-0.9092063482788538,0,-0.41330763475543747,0
2025-05-21 06:00:00+07:00,65.0,7.2,93.0,/dl/web/weather/ic-w-04-scattered-clouds-full.svg,Hà Nội,-0.8863696661979585,0,-0.5353136653760939,0
2025-05-21 07:00:00+07:00,67.0,9.2,88.0,/dl/web/weather/ic-w-04-scattered-clouds-full.svg,Hà Nội,-0.840696302036168,0,-0.23029858882445278,0
2025-05-21 08:00:00+07:00,84.0,7.2,78.0,/dl/web/weather/ic-w-04-scattered-clouds-full.svg,Hà Nội,-0.4524727066609486,0,-0.5353136653760939,0
2025-05-21 09:00:00+07:00,103.0,6.9,71.0,/dl/web/weather/ic-w-04-scattered-clouds-full.svg,Hà Nội,-0.018575747123938596,0,-0.5810659268588401,0
2025-05-21 10:00:00+07:00,112.0,7.2,64.0,/dl/web/weather/ic-w-04-scattered-clouds-full.svg,Hà Nội,0.18695439160411875,0,-0.5353136653760939,0
2025-05-21 11:00:00+07:00,112.0,8.0,64.0,/dl/web/weather/ic-w-04-scattered-clouds-full.svg,Hà Nội,0.18695439160411875,0,-0.41330763475543747,0
2025-05-21 12:00:00+07:00,107.0,8.0,64.0,/dl/web/weather/ic-w-04-scattered-clouds-full.svg,Hà Nội,0.07277098119964245,0,-0.41330763475543747,0
2025-05-21 13:00:00+07:00,99.0,9.0,66.0,/dl/web/weather/ic-w-04-scattered-clouds-full.svg,Hà Nội,-0.10992247544751964,0,-0.2608000964796168,0
2025-05-21 14:00:00+07:00,90.0,9.0,66.0,/dl/web/weather/ic-w-04-scattered-clouds-full.svg,Hà Nội,-0.315452614175577,0,-0.2608000964796168,0
2025-05-21 15:00:00+07:00,82.0,16.6,68.0,/dl/web/weather/ic-w-04-scattered-clouds-full.svg,Hà Nội,-0.4981460708227391,0,0.8982571944166203,0
2025-05-21 16:00:00+07:00,77.0,22.4,67.0,/dl/web/weather/ic-w-06-rain-full.svg,Hà Nội,-0.6123294812272154,0,1.7828009164163796,0
2025-05-21 17:00:00+07:00,68.0,23.8,65.0,/dl/web/weather/ic-w-06-rain-full.svg,Hà Nội,-0.8178596199552728,0,1.9963114700025288,0
2025-05-21 18:00:00+07:00,64.0,23.8,65.0,/dl/web/weather/ic-w-06-rain-full.svg,Hà Nội,-0.9092063482788538,0,1.9963114700025288,0
2025-05-21 19:00:00+07:00,75.0,18.2,79.0,/dl/web/weather/ic-w-04-scattered-clouds-full.svg,Hà Nội,-0.6580028453890059,0,1.142269255657933,0
2025-05-21 20:00:00+07:00,77.0,19.6,84.0,/dl/web/weather/ic-w-04-scattered-clouds-full.svg,Hà Nội,-0.6123294812272154,0,1.3557798092440823,0
2025-05-21 21:00:00+07:00,75.0,19.6,84.0,/dl/web/weather/ic-w-04-scattered-clouds-full.svg,Hà Nội,-0.6580028453890059,0,1.3557798092440823,0
2025-05-21 22:00:00+07:00,79.0,16.3,87.0,/dl/web/weather/ic-w-04-scattered-clouds-full.svg,Hà Nội,-0.5666561170654248,0,0.852504932933874,0
2025-05-21 23:00:00+07:00,77.0,16.1,88.0,/dl/web/weather/ic-w-04-scattered-clouds-full.svg,Hà Nội,-0.6123294812272154,0,0.82200342527871,0
2025-05-22 00:00:00+07:00,62.0,16.1,88.0,/dl/web/weather/ic-w-04-scattered-clouds-full.svg,Hà Nội,-0.9548797124406443,0,0.82200342527871,0
2025-05-22 01:00:00+07:00,54.0,17.2,89.0,/dl/web/weather/ic-w-04-scattered-clouds-full.svg,Hà Nội,-1.1375731690878064,0,0.9897617173821124,0
2025-05-22 02:00:00+07:00,65.0,17.2,89.0,/dl/web/weather/ic-w-04-scattered-clouds-full.svg,Hà Nội,-0.8863696661979585,0,0.9897617173821124,0
2025-05-22 03:00:00+07:00,66.0,14.8,89.0,/dl/web/weather/ic-w-04-scattered-clouds-full.svg,Hà Nội,-0.8635329841170633,0,0.6237436255201431,0
2025-05-22 04:00:00+07:00,61.0,11.9,90.0,/dl/web/weather/ic-w-04-scattered-clouds-full.svg,Hà Nội,-0.9777163945215396,0,0.18147176452026312,0
2025-05-22 05:00:00+07:00,65.0,10.1,91.0,/dl/web/weather/ic-w-04-scattered-clouds-full.svg,Hà Nội,-0.8863696661979585,0,-0.09304180437621416,0
2025-05-22 06:00:00+07:00,70.0,7.6,91.0,/dl/web/weather/ic-w-04-scattered-clouds-full.svg,Hà Nội,-0.7721862557934822,0,-0.4743106500657658,0
2025-05-22 07:00:00+07:00,75.0,8.5,86.0,/dl/web/weather/ic-w-04-scattered-clouds-full.svg,Hà Nội,-0.6580028453890059,0,-0.33705386561752715,0
2025-05-22 08:00:00+07:00,97.0,9.8,80.0,/dl/web/weather/ic-w-04-scattered-clouds-full.svg,Hà Nội,-0.15559583960931017,0,-0.13879406585896018,0
2025-05-22 09:00:00+07:00,102.0,10.0,74.0,/dl/web/weather/ic-w-04-scattered-clouds-full.svg,Hà Nội,-0.04141242920483386,0,-0.10829255820379617,0
2025-05-22 10:00:00+07:00,99.0,9.7,72.0,/dl/web/weather/ic-w-04-scattered-clouds-full.svg,Hà Nội,-0.10992247544751964,0,-0.15404481968654246,0
2025-05-22 11:00:00+07:00,99.0,10.0,70.0,/dl/web/weather/ic-w-04-scattered-clouds-full.svg,Hà Nội,-0.10992247544751964,0,-0.10829255820379617,0
2025-05-22 12:00:00+07:00,97.0,10.6,71.0,/dl/web/weather/ic-w-04-scattered-clouds-full.svg,Hà Nội,-0.15559583960931017,0,-0.016788035238303835,0
2025-05-22 13:00:00+07:00,94.0,11.7,64.0,/dl/web/weather/ic-w-04-scattered-clouds-full.svg,Hà Nội,-0.22410588585199595,0,0.15097025686509882,0
2025-05-22 14:00:00+07:00,84.0,15.6,64.0,/dl/web/weather/ic-w-04-scattered-clouds-full.svg,Hà Nội,-0.4524727066609486,0,0.7457496561407994,0
2025-05-22 15:00:00+07:00,71.0,18.5,63.0,/dl/web/weather/ic-w-04-scattered-clouds-full.svg,Hà Nội,-0.7493495737125869,0,1.1880215171406794,0
2025-05-22 16:00:00+07:00,68.0,23.7,69.0,/dl/web/weather/ic-w-04-scattered-clouds-full.svg,Hà Nội,-0.8178596199552728,0,1.9810607161749465,0
2025-05-22 17:00:00+07:00,66.0,23.7,69.0,/dl/web/weather/ic-w-04-scattered-clouds-full.svg,Hà Nội,-0.8635329841170633,0,1.9810607161749465,0
2025-05-22 18:00:00+07:00,66.0,17.5,77.0,/dl/web/weather/ic-w-04-scattered-clouds-full.svg,Hà Nội,-0.8635329841170633,0,1.0355139788648586,0
2025-05-22 19:00:00+07:00,66.0,13.7,82.0,/dl/web/weather/ic-w-04-scattered-clouds-full.svg,Hà Nội,-0.8635329841170633,0,0.4559853334167401,0
2025-05-22 20:00:00+07:00,67.0,12.6,82.0,/dl/web/weather/ic-w-04-scattered-clouds-full.svg,Hà Nội,-0.840696302036168,0,0.28822704131333743,0
2025-05-22 21:00:00+07:00,66.0,12.6,82.0,/dl/web/weather/ic-w-04-scattered-clouds-full.svg,Hà Nội,-0.8635329841170633,0,0.28822704131333743,0
2025-05-22 22:00:00+07:00,68.0,13.0,84.0,/dl/web/weather/ic-w-04-scattered-clouds-full.svg,Hà Nội,-0.8178596199552728,0,0.34923005662366574,0
2025-05-22 23:00:00+07:00,66.0,12.2,86.0,/dl/web/weather/ic-w-04-scattered-clouds-full.svg,Hà Nội,-0.8635329841170633,0,0.22722402600300914,0
2025-05-23 00:00:00+07:00,68.0,12.2,86.0,/dl/web/weather/ic-w-04-scattered-clouds-full.svg,Hà Nội,-0.8178596199552728,0,0.22722402600300914,0
2025-05-23 01:00:00+07:00,61.0,13.0,89.0,/dl/web/weather/ic-w-04-scattered-clouds-full.svg,Hà Nội,-0.9777163945215396,0,0.34923005662366574,0
2025-05-23 02:00:00+07:00,58.0,13.0,89.0,/dl/web/weather/ic-w-04-scattered-clouds-full.svg,Hà Nội,-1.0462264407642254,0,0.34923005662366574,0
2025-05-23 03:00:00+07:00,59.0,7.7,90.0,/dl/web/weather/ic-w-12-night-rain-full.svg,Hà Nội,-1.02338975868333,0,-0.4590598962381836,0
2025-05-23 04:00:00+07:00,56.0,7.7,90.0,/dl/web/weather/ic-w-12-night-rain-full.svg,Hà Nội,-1.0918998049260158,0,-0.4590598962381836,0
2025-05-23 05:00:00+07:00,58.0,6.9,90.0,/dl/web/weather/ic-w-12-night-rain-full.svg,Hà Nội,-1.0462264407642254,0,-0.5810659268588401,0
2025-05-23 06:00:00+07:00,56.0,5.3,91.0,/dl/web/weather/ic-w-12-night-rain-full.svg,Hà Nội,-1.0918998049260158,0,-0.8250779881001532,0
2025-05-23 07:00:00+07:00,55.0,6.4,85.0,/dl/web/weather/ic-w-04-scattered-clouds-full.svg,Hà Nội,-1.1147364870069112,0,-0.6573196959967504,0
2025-05-23 08:00:00+07:00,62.0,6.0,80.0,/dl/web/weather/ic-w-04-scattered-clouds-full.svg,Hà Nội,-0.9548797124406443,0,-0.7183227113070787,0
2025-05-23 09:00:00+07:00,68.0,6.6,82.0,/dl/web/weather/ic-w-04-scattered-clouds-full.svg,Hà Nội,-0.8178596199552728,0,-0.6268181883415864,0
2025-05-23 10:00:00+07:00,71.0,6.9,79.0,/dl/web/weather/ic-w-06-rain-full.svg,Hà Nội,-0.7493495737125869,0,-0.5810659268588401,0
2025-05-23 11:00:00+07:00,72.0,6.4,88.0,/dl/web/weather/ic-w-06-rain-full.svg,Hà Nội,-0.7265128916316917,0,-0.6573196959967504,0
2025-05-23 12:00:00+07:00,69.0,5.8,87.0,/dl/web/weather/ic-w-06-rain-full.svg,Hà Nội,-0.7950229378743775,0,-0.7488242189622429,0
2025-05-23 13:00:00+07:00,58.0,5.8,88.0,/dl/web/weather/ic-w-06-rain-full.svg,Hà Nội,-1.0462264407642254,0,-0.7488242189622429,0
2025-05-23 14:00:00+07:00,56.0,5.8,88.0,/dl/web/weather/ic-w-06-rain-full.svg,Hà Nội,-1.0918998049260158,0,-0.7488242189622429,0
2025-05-23 15:00:00+07:00,58.0,12.1,91.0,/dl/web/weather/ic-w-06-rain-full.svg,Hà Nội,-1.0462264407642254,0,0.21197327217542714,0
2025-05-23 16:00:00+07:00,68.0,10.3,97.0,/dl/web/weather/ic-w-06-rain-full.svg,Hà Nội,-0.8178596199552728,0,-0.06254029672104987,0
2025-05-23 17:00:00+07:00,74.0,13.0,97.0,/dl/web/weather/ic-w-06-rain-full.svg,Hà Nội,-0.6808395274699012,0,0.34923005662366574,0
2025-05-23 18:00:00+07:00,86.0,13.0,97.0,/dl/web/weather/ic-w-06-rain-full.svg,Hà Nội,-0.40679934249915806,0,0.34923005662366574,0
2025-05-23 19:00:00+07:00,92.0,6.0,94.0,/dl/web/weather/ic-w-04-scattered-clouds-full.svg,Hà Nội,-0.2697792500137865,0,-0.7183227113070787,0
2025-05-23 20:00:00+07:00,99.0,3.7,93.0,/dl/web/weather/ic-w-12-night-rain-full.svg,Hà Nội,-0.10992247544751964,0,-1.0690900493414661,0
2025-05-23 21:00:00+07:00,93.0,5.5,96.0,/dl/web/weather/ic-w-12-night-rain-full.svg,Hà Nội,-0.2469425679328912,0,-0.7945764804449891,0
2025-05-23 22:00:00+07:00,92.0,8.0,96.0,/dl/web/weather/ic-w-04-scattered-clouds-full.svg,Hà Nội,-0.2697792500137865,0,-0.41330763475543747,0
2025-05-23 23:00:00+07:00,90.0,8.0,96.0,/dl/web/weather/ic-w-04-scattered-clouds-full.svg,Hà Nội,-0.315452614175577,0,-0.41330763475543747,0
2025-05-24 00:00:00+07:00,94.0,8.9,94.0,/dl/web/weather/ic-w-04-scattered-clouds-full.svg,Hà Nội,-0.22410588585199595,0,-0.27605085030719884,0
2025-05-24 01:00:00+07:00,78.0,5.3,96.0,/dl/web/weather/ic-w-12-night-rain-full.svg,Hà Nội,-0.5894927991463201,0,-0.8250779881001532,0
2025-05-24 02:00:00+07:00,86.0,5.3,96.0,/dl/web/weather/ic-w-12-night-rain-full.svg,Hà Nội,-0.40679934249915806,0,-0.8250779881001532,0
2025-05-24 03:00:00+07:00,94.0,7.4,98.0,/dl/web/weather/ic-w-12-night-rain-full.svg,Hà Nội,-0.22410588585199595,0,-0.5048121577209298,0
2025-05-24 04:00:00+07:00,123.0,7.4,98.0,/dl/web/weather/ic-w-12-night-rain-full.svg,Hà Nội,0.43815789449396664,0,-0.5048121577209298,0
2025-05-24 05:00:00+07:00,139.0,8.0,94.0,/dl/web/weather/ic-w-12-night-rain-full.svg,Hà Nội,0.8035448077882908,0,-0.41330763475543747,0
2025-05-24 06:00:00+07:00,158.0,17.5,90.0,/dl/web/weather/ic-w-06-rain-full.svg,Hà Nội,1.2374417673253009,0,1.0355139788648586,0
2025-05-24 07:00:00+07:00,137.0,19.3,94.0,/dl/web/weather/ic-w-06-rain-full.svg,Hà Nội,0.7578714436265003,0,1.310027547761336,0
2025-05-24 08:00:00+07:00,56.0,17.2,91.0,/dl/web/weather/ic-w-06-rain-full.svg,Hà Nội,-1.0918998049260158,0,0.9897617173821124,0
2025-05-24 09:00:00+07:00,53.0,16.6,90.0,/dl/web/weather/ic-w-06-rain-full.svg,Hà Nội,-1.1604098511687018,0,0.8982571944166203,0
2025-05-24 10:00:00+07:00,53.0,15.3,86.0,/dl/web/weather/ic-w-06-rain-full.svg,Hà Nội,-1.1604098511687018,0,0.6999973946580533,0
2025-05-24 11:00:00+07:00,53.0,14.6,93.0,/dl/web/weather/ic-w-06-rain-full.svg,Hà Nội,-1.1604098511687018,0,0.5932421178649787,0
2025-05-24 12:00:00+07:00,55.0,16.4,88.0,/dl/web/weather/ic-w-04-scattered-clouds-full.svg,Hà Nội,-1.1147364870069112,0,0.8677556867614558,0
2025-05-24 13:00:00+07:00,56.0,16.6,82.0,/dl/web/weather/ic-w-04-scattered-clouds-full.svg,Hà Nội,-1.0918998049260158,0,0.8982571944166203,0
2025-05-24 14:00:00+07:00,53.0,16.6,82.0,/dl/web/weather/ic-w-04-scattered-clouds-full.svg,Hà Nội,-1.1604098511687018,0,0.8982571944166203,0
2025-05-24 15:00:00+07:00,58.0,18.5,83.0,/dl/web/weather/ic-w-06-rain-full.svg,Hà Nội,-1.0462264407642254,0,1.1880215171406794,0
2025-05-24 16:00:00+07:00,58.0,16.4,83.0,/dl/web/weather/ic-w-06-rain-full.svg,Hà Nội,-1.0462264407642254,0,0.8677556867614558,0
2025-05-24 17:00:00+07:00,60.0,16.6,80.0,/dl/web/weather/ic-w-04-scattered-clouds-full.svg,Hà Nội,-1.0005530766024349,0,0.8982571944166203,0
2025-05-24 18:00:00+07:00,62.0,17.4,75.0,/dl/web/weather/ic-w-04-scattered-clouds-full.svg,Hà Nội,-0.9548797124406443,0,1.0202632250372763,0
2025-05-24 19:00:00+07:00,64.0,14.0,79.0,/dl/web/weather/ic-w-04-scattered-clouds-full.svg,Hà Nội,-0.9092063482788538,0,0.5017375948994864,0
2025-05-24 20:00:00+07:00,69.0,13.7,74.0,/dl/web/weather/ic-w-04-scattered-clouds-full.svg,Hà Nội,-0.7950229378743775,0,0.4559853334167401,0
2025-05-24 21:00:00+07:00,71.0,13.7,74.0,/dl/web/weather/ic-w-04-scattered-clouds-full.svg,Hà Nội,-0.7493495737125869,0,0.4559853334167401,0
2025-05-24 22:00:00+07:00,71.0,12.1,86.0,/dl/web/weather/ic-w-04-scattered-clouds-full.svg,Hà Nội,-0.7493495737125869,0,0.21197327217542714,0
2025-05-24 23:00:00+07:00,70.0,12.6,91.0,/dl/web/weather/ic-w-04-scattered-clouds-full.svg,Hà Nội,-0.7721862557934822,0,0.28822704131333743,0
2025-05-25 00:00:00+07:00,74.0,12.7,91.0,/dl/web/weather/ic-w-04-scattered-clouds-full.svg,Hà Nội,-0.6808395274699012,0,0.30347779514091944,0
2025-05-25 01:00:00+07:00,69.0,11.3,87.0,/dl/web/weather/ic-w-04-scattered-clouds-full.svg,Hà Nội,-0.7950229378743775,0,0.08996724155477077,0
2025-05-25 02:00:00+07:00,68.0,11.3,87.0,/dl/web/weather/ic-w-04-scattered-clouds-full.svg,Hà Nội,-0.8178596199552728,0,0.08996724155477077,0
2025-05-25 03:00:00+07:00,66.0,10.6,95.0,/dl/web/weather/ic-w-04-scattered-clouds-full.svg,Hà Nội,-0.8635329841170633,0,-0.016788035238303835,0
2025-05-25 04:00:00+07:00,67.0,9.2,94.0,/dl/web/weather/ic-w-04-scattered-clouds-full.svg,Hà Nội,-0.840696302036168,0,-0.23029858882445278,0
2025-05-25 05:00:00+07:00,66.0,9.2,94.0,/dl/web/weather/ic-w-04-scattered-clouds-full.svg,Hà Nội,-0.8635329841170633,0,-0.23029858882445278,0
2025-05-25 06:00:00+07:00,68.0,9.0,86.0,/dl/web/weather/ic-w-04-scattered-clouds-full.svg,Hà Nội,-0.8178596199552728,0,-0.2608000964796168,0
2025-05-25 07:00:00+07:00,73.0,9.3,85.0,/dl/web/weather/ic-w-04-scattered-clouds-full.svg,Hà Nội,-0.7036762095507965,0,-0.2150478349968705,0
2025-05-25 08:00:00+07:00,71.0,13.0,81.0,/dl/web/weather/ic-w-04-scattered-clouds-full.svg,Hà Nội,-0.7493495737125869,0,0.34923005662366574,0
2025-05-25 09:00:00+07:00,68.0,15.1,75.0,/dl/web/weather/ic-w-04-scattered-clouds-full.svg,Hà Nội,-0.8178596199552728,0,0.6694958870028891,0
2025-05-25 10:00:00+07:00,68.0,15.0,71.0,/dl/web/weather/ic-w-04-scattered-clouds-full.svg,Hà Nội,-0.8178596199552728,0,0.6542451331753071,0
2025-05-25 11:00:00+07:00,68.0,16.1,73.0,/dl/web/weather/ic-w-04-scattered-clouds-full.svg,Hà Nội,-0.8178596199552728,0,0.82200342527871,0
2025-05-25 12:00:00+07:00,68.0,16.1,73.0,/dl/web/weather/ic-w-04-scattered-clouds-full.svg,Hà Nội,-0.8178596199552728,0,0.82200342527871,0
2025-05-25 13:00:00+07:00,68.0,16.6,69.0,/dl/web/weather/ic-w-04-scattered-clouds-full.svg,Hà Nội,-0.8178596199552728,0,0.8982571944166203,0
2025-05-25 14:00:00+07:00,64.0,16.6,69.0,/dl/web/weather/ic-w-04-scattered-clouds-full.svg,Hà Nội,-0.9092063482788538,0,0.8982571944166203,0
2025-05-25 15:00:00+07:00,55.0,20.6,65.0,/dl/web/weather/ic-w-04-scattered-clouds-full.svg,Hà Nội,-1.1147364870069112,0,1.5082873475199028,0
2025-05-25 16:00:00+07:00,66.0,20.6,65.0,/dl/web/weather/ic-w-04-scattered-clouds-full.svg,Hà Nội,-0.8635329841170633,0,1.5082873475199028,0
2025-05-25 18:00:00+07:00,82.0,18.3,64.0,/dl/web/weather/ic-w-04-scattered-clouds-full.svg,Hà Nội,-0.4981460708227391,0,1.1575200094855154,0
2025-05-25 19:00:00+07:00,79.0,19.3,65.0,/dl/web/weather/ic-w-04-scattered-clouds-full.svg,Hà Nội,-0.5666561170654248,0,1.310027547761336,0
2025-05-25 20:00:00+07:00,74.0,19.2,63.0,/dl/web/weather/ic-w-04-scattered-clouds-full.svg,Hà Nội,-0.6808395274699012,0,1.2947767939337536,0
2025-05-25 21:00:00+07:00,78.0,19.2,63.0,/dl/web/weather/ic-w-04-scattered-clouds-full.svg,Hà Nội,-0.5894927991463201,0,1.2947767939337536,0
2025-05-25 22:00:00+07:00,75.0,19.0,61.0,/dl/web/weather/ic-w-04-scattered-clouds-full.svg,Hà Nội,-0.6580028453890059,0,1.2642752862785895,0
2025-05-25 23:00:00+07:00,75.0,19.2,63.0,/dl/web/weather/ic-w-04-scattered-clouds-full.svg,Hà Nội,-0.6580028453890059,0,1.2947767939337536,0
2025-05-26 00:00:00+07:00,81.0,16.7,66.0,/dl/web/weather/ic-w-12-night-rain-full.svg,Hà Nội,-0.5209827529036344,0,0.913507948244202,0
2025-05-26 01:00:00+07:00,80.0,13.7,68.0,/dl/web/weather/ic-w-12-night-rain-full.svg,Hà Nội,-0.5438194349845296,0,0.4559853334167401,0
2025-05-26 02:00:00+07:00,77.0,12.6,69.0,/dl/web/weather/ic-w-12-night-rain-full.svg,Hà Nội,-0.6123294812272154,0,0.28822704131333743,0
2025-05-26 03:00:00+07:00,73.0,10.8,71.0,/dl/web/weather/ic-w-04-scattered-clouds-full.svg,Hà Nội,-0.7036762095507965,0,0.013713472416860455,0
2025-05-26 05:00:00+07:00,73.0,10.9,70.0,/dl/web/weather/ic-w-04-scattered-clouds-full.svg,Hà Nội,-0.7036762095507965,0,0.028964226244442465,0
2025-05-26 06:00:00+07:00,71.0,11.1,73.0,/dl/web/weather/ic-w-04-scattered-clouds-full.svg,Hà Nội,-0.7493495737125869,0,0.059465733899606486,0
2025-05-26 07:00:00+07:00,71.0,11.9,74.0,/dl/web/weather/ic-w-04-scattered-clouds-full.svg,Hà Nội,-0.7493495737125869,0,0.18147176452026312,0
2025-05-26 08:00:00+07:00,74.0,10.9,73.0,/dl/web/weather/ic-w-04-scattered-clouds-full.svg,Hà Nội,-0.6808395274699012,0,0.028964226244442465,0
2025-05-26 09:00:00+07:00,73.0,13.2,68.0,/dl/web/weather/ic-w-04-scattered-clouds-full.svg,Hà Nội,-0.7036762095507965,0,0.37973156427882976,0
2025-05-26 10:00:00+07:00,73.0,14.3,66.0,/dl/web/weather/ic-w-04-scattered-clouds-full.svg,Hà Nội,-0.7036762095507965,0,0.5474898563822327,0
2025-05-26 11:00:00+07:00,73.0,12.4,63.0,/dl/web/weather/ic-w-04-scattered-clouds-full.svg,Hà Nội,-0.7036762095507965,0,0.2577255336581734,0
2025-05-26 12:00:00+07:00,76.0,10.9,62.0,/dl/web/weather/ic-w-04-scattered-clouds-full.svg,Hà Nội,-0.6351661633081107,0,0.028964226244442465,0
2025-05-26 13:00:00+07:00,81.0,11.4,56.0,/dl/web/weather/ic-w-04-scattered-clouds-full.svg,Hà Nội,-0.5209827529036344,0,0.10521799538235278,0
2025-05-26 14:00:00+07:00,82.0,11.4,56.0,/dl/web/weather/ic-w-04-scattered-clouds-full.svg,Hà Nội,-0.4981460708227391,0,0.10521799538235278,0
2025-05-26 15:00:00+07:00,83.0,8.9,59.0,/dl/web/weather/ic-w-04-scattered-clouds-full.svg,Hà Nội,-0.4753093887418438,0,-0.27605085030719884,0
2025-05-26 17:00:00+07:00,88.0,7.9,64.0,/dl/web/weather/ic-w-04-scattered-clouds-full.svg,Hà Nội,-0.36112597833736754,0,-0.4285583885830195,0
2025-05-26 18:00:00+07:00,96.0,7.9,64.0,/dl/web/weather/ic-w-04-scattered-clouds-full.svg,Hà Nội,-0.17843252169020543,0,-0.4285583885830195,0
2025-05-26 19:00:00+07:00,96.0,8.0,69.0,/dl/web/weather/ic-w-04-scattered-clouds-full.svg,Hà Nội,-0.17843252169020543,0,-0.41330763475543747,0
2025-05-26 20:00:00+07:00,115.0,9.5,70.0,/dl/web/weather/ic-w-04-scattered-clouds-full.svg,Hà Nội,0.25546443784680456,0,-0.18454632734170648,0
2025-05-26 21:00:00+07:00,115.0,10.8,68.0,/dl/web/weather/ic-w-04-scattered-clouds-full.svg,Hà Nội,0.25546443784680456,0,0.013713472416860455,0
2025-05-26 22:00:00+07:00,129.0,9.0,69.0,/dl/web/weather/ic-w-04-scattered-clouds-full.svg,Hà Nội,0.5751779869793382,0,-0.2608000964796168,0
2025-05-26 23:00:00+07:00,132.0,6.0,69.0,/dl/web/weather/ic-w-04-scattered-clouds-full.svg,Hà Nội,0.643688033222024,0,-0.7183227113070787,0
2025-05-27 00:00:00+07:00,143.0,6.0,69.0,/dl/web/weather/ic-w-04-scattered-clouds-full.svg,Hà Nội,0.8948915361118719,0,-0.7183227113070787,0
2025-05-27 01:00:00+07:00,132.0,6.0,71.0,/dl/web/weather/ic-w-04-scattered-clouds-full.svg,Hà Nội,0.643688033222024,0,-0.7183227113070787,0
2025-05-27 02:00:00+07:00,122.0,6.0,71.0,/dl/web/weather/ic-w-04-scattered-clouds-full.svg,Hà Nội,0.41532121241307135,0,-0.7183227113070787,0
2025-05-27 03:00:00+07:00,121.0,5.5,72.0,/dl/web/weather/ic-w-04-scattered-clouds-full.svg,Hà Nội,0.3924845303321761,0,-0.7945764804449891,0
2025-05-27 04:00:00+07:00,127.0,6.0,72.0,/dl/web/weather/ic-w-04-scattered-clouds-full.svg,Hà Nội,0.5295046228175477,0,-0.7183227113070787,0
2025-05-27 05:00:00+07:00,124.0,7.6,73.0,/dl/web/weather/ic-w-04-scattered-clouds-full.svg,Hà Nội,0.4609945765748619,0,-0.4743106500657658,0
2025-05-27 06:00:00+07:00,127.0,7.2,74.0,/dl/web/weather/ic-w-04-scattered-clouds-full.svg,Hà Nội,0.5295046228175477,0,-0.5353136653760939,0
2025-05-27 07:00:00+07:00,122.0,6.3,76.0,/dl/web/weather/ic-w-04-scattered-clouds-full.svg,Hà Nội,0.41532121241307135,0,-0.6725704498243326,0
2025-05-27 08:00:00+07:00,147.0,5.5,79.0,/dl/web/weather/ic-w-04-scattered-clouds-full.svg,Hà Nội,0.9862382644354529,0,-0.7945764804449891,0
2025-05-27 09:00:00+07:00,154.0,6.1,84.0,/dl/web/weather/ic-w-04-scattered-clouds-full.svg,Hà Nội,1.1460950390017197,0,-0.7030719574794967,0
2025-05-27 10:00:00+07:00,158.0,7.7,80.0,/dl/web/weather/ic-w-04-scattered-clouds-full.svg,Hà Nội,1.2374417673253009,0,-0.4590598962381836,0
2025-05-27 11:00:00+07:00,157.0,8.0,76.0,/dl/web/weather/ic-w-04-scattered-clouds-full.svg,Hà Nội,1.2146050852444055,0,-0.41330763475543747,0
2025-05-27 12:00:00+07:00,162.0,8.0,76.0,/dl/web/weather/ic-w-04-scattered-clouds-full.svg,Hà Nội,1.3287884956488818,0,-0.41330763475543747,0
2025-05-27 13:00:00+07:00,165.0,7.7,78.0,/dl/web/weather/ic-w-04-scattered-clouds-full.svg,Hà Nội,1.3972985418915675,0,-0.4590598962381836,0
2025-05-27 14:00:00+07:00,163.0,7.7,78.0,/dl/web/weather/ic-w-04-scattered-clouds-full.svg,Hà Nội,1.3516251777297772,0,-0.4590598962381836,0
2025-05-27 15:00:00+07:00,165.0,11.1,79.0,/dl/web/weather/ic-w-04-scattered-clouds-full.svg,Hà Nội,1.3972985418915675,0,0.059465733899606486,0
2025-05-27 16:00:00+07:00,168.0,11.1,84.0,/dl/web/weather/ic-w-04-scattered-clouds-full.svg,Hà Nội,1.4658085881342535,0,0.059465733899606486,0
2025-05-27 17:00:00+07:00,170.0,9.0,84.0,/dl/web/weather/ic-w-04-scattered-clouds-full.svg,Hà Nội,1.5114819522960439,0,-0.2608000964796168,0
2025-05-27 18:00:00+07:00,176.0,8.4,84.0,/dl/web/weather/ic-w-04-scattered-clouds-full.svg,Hà Nội,1.6485020447814156,0,-0.35230461944510916,0
2025-05-27 19:00:00+07:00,178.0,6.1,85.0,/dl/web/weather/ic-w-04-scattered-clouds-full.svg,Hà Nội,1.694175408943206,0,-0.7030719574794967,0
2025-05-27 20:00:00+07:00,182.0,6.0,87.0,/dl/web/weather/ic-w-04-scattered-clouds-full.svg,Hà Nội,1.785522137266787,0,-0.7183227113070787,0
2025-05-27 22:00:00+07:00,180.0,6.1,88.0,/dl/web/weather/ic-w-04-scattered-clouds-full.svg,Hà Nội,1.7398487731049965,0,-0.7030719574794967,0
2025-05-27 23:00:00+07:00,186.0,5.5,96.0,/dl/web/weather/ic-w-04-scattered-clouds-full.svg,Hà Nội,1.876868865590368,0,-0.7945764804449891,0
2025-05-28 00:00:00+07:00,189.0,5.5,96.0,/dl/web/weather/ic-w-04-scattered-clouds-full.svg,Hà Nội,1.945378911833054,0,-0.7945764804449891,0
2025-05-28 01:00:00+07:00,187.0,4.7,94.0,/dl/web/weather/ic-w-04-scattered-clouds-full.svg,Hà Nội,1.8997055476712634,0,-0.9165825110656456,0
2025-05-28 02:00:00+07:00,187.0,4.8,94.0,/dl/web/weather/ic-w-04-scattered-clouds-full.svg,Hà Nội,1.8997055476712634,0,-0.9013317572380636,0
2025-05-28 03:00:00+07:00,184.0,4.3,97.0,/dl/web/weather/ic-w-04-scattered-clouds-full.svg,Hà Nội,1.8311955014285777,0,-0.9775855263759738,0
2025-05-28 04:00:00+07:00,185.0,4.3,97.0,/dl/web/weather/ic-w-04-scattered-clouds-full.svg,Hà Nội,1.8540321835094729,0,-0.9775855263759738,0
2025-05-28 05:00:00+07:00,181.0,3.1,97.0,/dl/web/weather/ic-w-04-scattered-clouds-full.svg,Hà Nội,1.7626854551858917,0,-1.1605945723069586,0
2025-05-28 06:00:00+07:00,180.0,1.4,97.0,/dl/web/weather/ic-w-04-scattered-clouds-full.svg,Hà Nội,1.7398487731049965,0,-1.4198573873758535,0
2025-05-28 07:00:00+07:00,179.0,1.9,89.0,/dl/web/weather/ic-w-04-scattered-clouds-full.svg,Hà Nội,1.7170120910241014,0,-1.3436036182379434,0
2025-05-28 08:00:00+07:00,179.0,2.4,91.0,/dl/web/weather/ic-w-04-scattered-clouds-full.svg,Hà Nội,1.7170120910241014,0,-1.267349849100033,0
2025-05-28 09:00:00+07:00,181.0,2.7,86.0,/dl/web/weather/ic-w-04-scattered-clouds-full.svg,Hà Nội,1.7626854551858917,0,-1.2215975876172869,0
2025-05-28 10:00:00+07:00,190.0,4.8,84.0,/dl/web/weather/ic-w-04-scattered-clouds-full.svg,Hà Nội,1.9682155939139492,0,-0.9013317572380636,0
2025-05-28 11:00:00+07:00,188.0,3.9,79.0,/dl/web/weather/ic-w-04-scattered-clouds-full.svg,Hà Nội,1.9225422297521586,0,-1.038588541686302,0
2025-05-28 12:00:00+07:00,176.0,4.3,71.0,/dl/web/weather/ic-w-04-scattered-clouds-full.svg,Hà Nội,1.6485020447814156,0,-0.9775855263759738,0
2025-05-28 13:00:00+07:00,161.0,4.2,70.0,/dl/web/weather/ic-w-04-scattered-clouds-full.svg,Hà Nội,1.3059518135679866,0,-0.9928362802035559,0
2025-05-28 14:00:00+07:00,150.0,4.2,70.0,/dl/web/weather/ic-w-04-scattered-clouds-full.svg,Hà Nội,1.0547483106781388,0,-0.9928362802035559,0
2025-05-28 15:00:00+07:00,116.0,4.3,64.0,/dl/web/weather/ic-w-04-scattered-clouds-full.svg,Hà Nội,0.2783011199276998,0,-0.9775855263759738,0
2025-05-28 16:00:00+07:00,85.0,3.2,65.0,/dl/web/weather/ic-w-04-scattered-clouds-full.svg,Hà Nội,-0.4296360245800533,0,-1.1453438184793765,0
2025-05-28 17:00:00+07:00,78.0,10.3,66.0,/dl/web/weather/ic-w-04-scattered-clouds-full.svg,Hà Nội,-0.5894927991463201,0,-0.06254029672104987,0
2025-05-28 18:00:00+07:00,92.0,10.3,66.0,/dl/web/weather/ic-w-04-scattered-clouds-full.svg,Hà Nội,-0.2697792500137865,0,-0.06254029672104987,0
2025-05-28 19:00:00+07:00,111.0,9.7,80.0,/dl/web/weather/ic-w-04-scattered-clouds-full.svg,Hà Nội,0.1641177095232235,0,-0.15404481968654246,0
2025-05-28 20:00:00+07:00,115.0,12.1,88.0,/dl/web/weather/ic-w-04-scattered-clouds-full.svg,Hà Nội,0.25546443784680456,0,0.21197327217542714,0
2025-05-28 21:00:00+07:00,107.0,12.1,88.0,/dl/web/weather/ic-w-04-scattered-clouds-full.svg,Hà Nội,0.07277098119964245,0,0.21197327217542714,0
2025-05-28 22:00:00+07:00,78.0,10.8,89.0,/dl/web/weather/ic-w-04-scattered-clouds-full.svg,Hà Nội,-0.5894927991463201,0,0.013713472416860455,0
2025-05-28 23:00:00+07:00,74.0,9.2,91.0,/dl/web/weather/ic-w-12-night-rain-full.svg,Hà Nội,-0.6808395274699012,0,-0.23029858882445278,0
2025-05-29 00:00:00+07:00,63.0,9.2,91.0,/dl/web/weather/ic-w-12-night-rain-full.svg,Hà Nội,-0.9320430303597491,0,-0.23029858882445278,0
2025-05-29 01:00:00+07:00,61.0,8.5,94.0,/dl/web/weather/ic-w-12-night-rain-full.svg,Hà Nội,-0.9777163945215396,0,-0.33705386561752715,0
2025-05-29 02:00:00+07:00,64.0,8.5,94.0,/dl/web/weather/ic-w-12-night-rain-full.svg,Hà Nội,-0.9092063482788538,0,-0.33705386561752715,0
2025-05-29 03:00:00+07:00,71.0,8.4,95.0,/dl/web/weather/ic-w-12-night-rain-full.svg,Hà Nội,-0.7493495737125869,0,-0.35230461944510916,0
2025-05-29 04:00:00+07:00,70.0,7.9,95.0,/dl/web/weather/ic-w-12-night-rain-full.svg,Hà Nội,-0.7721862557934822,0,-0.4285583885830195,0
2025-05-29 05:00:00+07:00,68.0,7.9,95.0,/dl/web/weather/ic-w-12-night-rain-full.svg,Hà Nội,-0.8178596199552728,0,-0.4285583885830195,0
2025-05-29 06:00:00+07:00,68.0,9.3,95.0,/dl/web/weather/ic-w-12-night-rain-full.svg,Hà Nội,-0.8178596199552728,0,-0.2150478349968705,0
2025-05-29 07:00:00+07:00,69.0,9.5,87.0,/dl/web/weather/ic-w-06-rain-full.svg,Hà Nội,-0.7950229378743775,0,-0.18454632734170648,0
2025-05-29 08:00:00+07:00,117.0,10.5,81.0,/dl/web/weather/ic-w-04-scattered-clouds-full.svg,Hà Nội,0.3011378020085951,0,-0.03203878906588584,0
2025-05-29 09:00:00+07:00,117.0,9.8,86.0,/dl/web/weather/ic-w-04-scattered-clouds-full.svg,Hà Nội,0.3011378020085951,0,-0.13879406585896018,0
2025-05-29 10:00:00+07:00,104.0,10.1,83.0,/dl/web/weather/ic-w-04-scattered-clouds-full.svg,Hà Nội,0.004260934956956666,0,-0.09304180437621416,0
2025-05-29 11:00:00+07:00,107.0,8.2,82.0,/dl/web/weather/ic-w-04-scattered-clouds-full.svg,Hà Nội,0.07277098119964245,0,-0.38280612710027345,0
2025-05-29 12:00:00+07:00,97.0,10.6,83.0,/dl/web/weather/ic-w-06-rain-full.svg,Hà Nội,-0.15559583960931017,0,-0.016788035238303835,0
2025-05-29 13:00:00+07:00,99.0,21.9,78.0,/dl/web/weather/ic-w-04-scattered-clouds-full.svg,Hà Nội,-0.10992247544751964,0,1.7065471472784692,0
2025-05-29 14:00:00+07:00,96.0,21.9,78.0,/dl/web/weather/ic-w-04-scattered-clouds-full.svg,Hà Nội,-0.17843252169020543,0,1.7065471472784692,0
2025-05-29 15:00:00+07:00,94.0,23.8,80.0,/dl/web/weather/ic-w-04-scattered-clouds-full.svg,Hà Nội,-0.22410588585199595,0,1.9963114700025288,0
2025-05-29 16:00:00+07:00,92.0,23.5,79.0,/dl/web/weather/ic-w-04-scattered-clouds-full.svg,Hà Nội,-0.2697792500137865,0,1.9505592085197825,0
2025-05-29 17:00:00+07:00,66.0,18.5,83.0,/dl/web/weather/ic-w-04-scattered-clouds-full.svg,Hà Nội,-0.8635329841170633,0,1.1880215171406794,0
2025-05-29 18:00:00+07:00,54.0,16.7,80.0,/dl/web/weather/ic-w-04-scattered-clouds-full.svg,Hà Nội,-1.1375731690878064,0,0.913507948244202,0
2025-05-29 19:00:00+07:00,38.0,15.4,82.0,/dl/web/weather/ic-w-04-scattered-clouds-full.svg,Hà Nội,-1.5029600823821305,0,0.7152481484856353,0
2025-05-29 20:00:00+07:00,44.0,13.4,86.0,/dl/web/weather/ic-w-04-scattered-clouds-full.svg,Hà Nội,-1.365939989896759,0,0.41023307193399405,0
2025-05-29 21:00:00+07:00,44.0,13.4,86.0,/dl/web/weather/ic-w-04-scattered-clouds-full.svg,Hà Nội,-1.365939989896759,0,0.41023307193399405,0
2025-05-29 22:00:00+07:00,41.0,10.1,80.0,/dl/web/weather/ic-w-04-scattered-clouds-full.svg,Hà Nội,-1.4344500361394448,0,-0.09304180437621416,0
2025-05-29 23:00:00+07:00,48.0,7.4,84.0,/dl/web/weather/ic-w-04-scattered-clouds-full.svg,Hà Nội,-1.274593261573178,0,-0.5048121577209298,0
2025-05-30 00:00:00+07:00,51.0,9.0,86.0,/dl/web/weather/ic-w-12-night-rain-full.svg,Hà Nội,-1.2060832153304921,0,-0.2608000964796168,0
2025-05-30 01:00:00+07:00,47.0,7.2,93.0,/dl/web/weather/ic-w-12-night-rain-full.svg,Hà Nội,-1.2974299436540733,0,-0.5353136653760939,0
2025-05-30 02:00:00+07:00,44.0,7.2,93.0,/dl/web/weather/ic-w-12-night-rain-full.svg,Hà Nội,-1.365939989896759,0,-0.5353136653760939,0
2025-05-30 03:00:00+07:00,39.0,8.2,97.0,/dl/web/weather/ic-w-12-night-rain-full.svg,Hà Nội,-1.4801234003012353,0,-0.38280612710027345,0
2025-05-30 04:00:00+07:00,28.0,8.2,97.0,/dl/web/weather/ic-w-12-night-rain-full.svg,Hà Nội,-1.7313269031910832,0,-0.38280612710027345,0
2025-05-30 05:00:00+07:00,33.0,6.9,93.0,/dl/web/weather/ic-w-04-scattered-clouds-full.svg,Hà Nội,-1.6171434927866069,0,-0.5810659268588401,0
2025-05-30 06:00:00+07:00,54.0,5.3,93.0,/dl/web/weather/ic-w-04-scattered-clouds-full.svg,Hà Nội,-1.1375731690878064,0,-0.8250779881001532,0
2025-05-30 07:00:00+07:00,47.0,6.0,92.0,/dl/web/weather/ic-w-04-scattered-clouds-full.svg,Hà Nội,-1.2974299436540733,0,-0.7183227113070787,0
2025-05-30 08:00:00+07:00,53.0,5.0,87.0,/dl/web/weather/ic-w-04-scattered-clouds-full.svg,Hà Nội,-1.1604098511687018,0,-0.8708302495828993,0
2025-05-30 09:00:00+07:00,58.0,2.7,86.0,/dl/web/weather/ic-w-04-scattered-clouds-full.svg,Hà Nội,-1.0462264407642254,0,-1.2215975876172869,0
2025-05-30 10:00:00+07:00,66.0,4.7,80.0,/dl/web/weather/ic-w-04-scattered-clouds-full.svg,Hà Nội,-0.8635329841170633,0,-0.9165825110656456,0
2025-05-30 11:00:00+07:00,66.0,6.6,76.0,/dl/web/weather/ic-w-04-scattered-clouds-full.svg,Hà Nội,-0.8635329841170633,0,-0.6268181883415864,0
2025-05-30 12:00:00+07:00,70.0,6.6,76.0,/dl/web/weather/ic-w-04-scattered-clouds-full.svg,Hà Nội,-0.7721862557934822,0,-0.6268181883415864,0
2025-05-30 13:00:00+07:00,78.0,8.7,73.0,/dl/web/weather/ic-w-04-scattered-clouds-full.svg,Hà Nội,-0.5894927991463201,0,-0.30655235796236313,0
2025-05-30 14:00:00+07:00,92.0,8.7,73.0,/dl/web/weather/ic-w-04-scattered-clouds-full.svg,Hà Nội,-0.2697792500137865,0,-0.30655235796236313,0
2025-05-30 15:00:00+07:00,95.0,8.7,76.0,/dl/web/weather/ic-w-04-scattered-clouds-full.svg,Hà Nội,-0.2012692037711007,0,-0.30655235796236313,0
2025-05-30 16:00:00+07:00,93.0,8.7,76.0,/dl/web/weather/ic-w-04-scattered-clouds-full.svg,Hà Nội,-0.2469425679328912,0,-0.30655235796236313,0
2025-05-30 17:00:00+07:00,88.0,15.8,79.0,/dl/web/weather/ic-w-04-scattered-clouds-full.svg,Hà Nội,-0.36112597833736754,0,0.7762511637959637,0
2025-05-30 18:00:00+07:00,95.0,15.8,79.0,/dl/web/weather/ic-w-04-scattered-clouds-full.svg,Hà Nội,-0.2012692037711007,0,0.7762511637959637,0
2025-05-30 19:00:00+07:00,107.0,16.4,82.0,/dl/web/weather/ic-w-04-scattered-clouds-full.svg,Hà Nội,0.07277098119964245,0,0.8677556867614558,0
2025-05-30 20:00:00+07:00,92.0,17.5,83.0,/dl/web/weather/ic-w-04-scattered-clouds-full.svg,Hà Nội,-0.2697792500137865,0,1.0355139788648586,0
2025-05-30 21:00:00+07:00,93.0,17.7,86.0,/dl/web/weather/ic-w-04-scattered-clouds-full.svg,Hà Nội,-0.2469425679328912,0,1.0660154865200226,0
2025-05-30 22:00:00+07:00,97.0,14.3,88.0,/dl/web/weather/ic-w-04-scattered-clouds-full.svg,Hà Nội,-0.15559583960931017,0,0.5474898563822327,0
2025-05-30 23:00:00+07:00,99.0,14.0,90.0,/dl/web/weather/ic-w-04-scattered-clouds-full.svg,Hà Nội,-0.10992247544751964,0,0.5017375948994864,0
2025-05-31 00:00:00+07:00,122.0,14.0,90.0,/dl/web/weather/ic-w-04-scattered-clouds-full.svg,Hà Nội,0.41532121241307135,0,0.5017375948994864,0
2025-05-31 01:00:00+07:00,129.0,10.6,92.0,/dl/web/weather/ic-w-04-scattered-clouds-full.svg,Hà Nội,0.5751779869793382,0,-0.016788035238303835,0
2025-05-31 02:00:00+07:00,129.0,10.6,92.0,/dl/web/weather/ic-w-04-scattered-clouds-full.svg,Hà Nội,0.5751779869793382,0,-0.016788035238303835,0
2025-05-31 03:00:00+07:00,129.0,11.9,93.0,/dl/web/weather/ic-w-04-scattered-clouds-full.svg,Hà Nội,0.5751779869793382,0,0.18147176452026312,0
2025-05-31 04:00:00+07:00,149.0,11.9,93.0,/dl/web/weather/ic-w-04-scattered-clouds-full.svg,Hà Nội,1.0319116285972434,0,0.18147176452026312,0
2025-05-31 05:00:00+07:00,151.0,11.9,93.0,/dl/web/weather/ic-w-04-scattered-clouds-full.svg,Hà Nội,1.077584992759034,0,0.18147176452026312,0
2025-05-31 06:00:00+07:00,152.0,10.9,93.0,/dl/web/weather/ic-w-04-scattered-clouds-full.svg,Hà Nội,1.1004216748399291,0,0.028964226244442465,0
2025-05-31 07:00:00+07:00,139.0,12.2,91.0,/dl/web/weather/ic-w-04-scattered-clouds-full.svg,Hà Nội,0.8035448077882908,0,0.22722402600300914,0
2025-05-31 08:00:00+07:00,138.0,11.1,90.0,/dl/web/weather/ic-w-04-scattered-clouds-full.svg,Hà Nội,0.7807081257073956,0,0.059465733899606486,0
2025-05-31 09:00:00+07:00,129.0,10.8,83.0,/dl/web/weather/ic-w-04-scattered-clouds-full.svg,Hà Nội,0.5751779869793382,0,0.013713472416860455,0
2025-05-31 10:00:00+07:00,112.0,11.3,79.0,/dl/web/weather/ic-w-04-scattered-clouds-full.svg,Hà Nội,0.18695439160411875,0,0.08996724155477077,0
2025-05-31 11:00:00+07:00,112.0,10.9,72.0,/dl/web/weather/ic-w-04-scattered-clouds-full.svg,Hà Nội,0.18695439160411875,0,0.028964226244442465,0
2025-05-31 12:00:00+07:00,86.0,10.9,72.0,/dl/web/weather/ic-w-04-scattered-clouds-full.svg,Hà Nội,-0.40679934249915806,0,0.028964226244442465,0
2025-05-31 13:00:00+07:00,84.0,12.1,60.0,/dl/web/weather/ic-w-04-scattered-clouds-full.svg,Hà Nội,-0.4524727066609486,0,0.21197327217542714,0
2025-05-31 14:00:00+07:00,77.0,12.1,60.0,/dl/web/weather/ic-w-04-scattered-clouds-full.svg,Hà Nội,-0.6123294812272154,0,0.21197327217542714,0
2025-05-31 15:00:00+07:00,70.0,10.6,60.0,/dl/web/weather/ic-w-04-scattered-clouds-full.svg,Hà Nội,-0.7721862557934822,0,-0.016788035238303835,0
2025-05-31 16:00:00+07:00,69.0,15.0,55.0,/dl/web/weather/ic-w-04-scattered-clouds-full.svg,Hà Nội,-0.7950229378743775,0,0.6542451331753071,0
2025-05-31 17:00:00+07:00,71.0,15.0,55.0,/dl/web/weather/ic-w-04-scattered-clouds-full.svg,Hà Nội,-0.7493495737125869,0,0.6542451331753071,0
2025-05-31 18:00:00+07:00,78.0,19.8,60.0,/dl/web/weather/ic-w-04-scattered-clouds-full.svg,Hà Nội,-0.5894927991463201,0,1.3862813168992463,0
2025-05-31 19:00:00+07:00,75.0,22.4,72.0,/dl/web/weather/ic-w-04-scattered-clouds-full.svg,Hà Nội,-0.6580028453890059,0,1.7828009164163796,0
2025-05-31 20:00:00+07:00,79.0,20.6,79.0,/dl/web/weather/ic-w-04-scattered-clouds-full.svg,Hà Nội,-0.5666561170654248,0,1.5082873475199028,0
2025-05-31 21:00:00+07:00,78.0,20.6,79.0,/dl/web/weather/ic-w-04-scattered-clouds-full.svg,Hà Nội,-0.5894927991463201,0,1.5082873475199028,0
2025-05-31 22:00:00+07:00,77.0,16.6,83.0,/dl/web/weather/ic-w-04-scattered-clouds-full.svg,Hà Nội,-0.6123294812272154,0,0.8982571944166203,0
2025-05-31 23:00:00+07:00,76.0,16.6,83.0,/dl/web/weather/ic-w-04-scattered-clouds-full.svg,Hà Nội,-0.6351661633081107,0,0.8982571944166203,0
2025-06-01 00:00:00+07:00,68.0,14.2,85.0,/dl/web/weather/ic-w-04-scattered-clouds-full.svg,Hà Nội,-0.8178596199552728,0,0.5322391025546505,0
2025-06-01 01:00:00+07:00,68.0,13.7,88.0,/dl/web/weather/ic-w-04-scattered-clouds-full.svg,Hà Nội,-0.8178596199552728,0,0.4559853334167401,0
2025-06-01 02:00:00+07:00,69.0,13.7,88.0,/dl/web/weather/ic-w-04-scattered-clouds-full.svg,Hà Nội,-0.7950229378743775,0,0.4559853334167401,0
2025-06-01 03:00:00+07:00,69.0,11.6,92.0,/dl/web/weather/ic-w-04-scattered-clouds-full.svg,Hà Nội,-0.7950229378743775,0,0.13571950303751681,0
2025-06-01 04:00:00+07:00,72.0,9.0,94.0,/dl/web/weather/ic-w-04-scattered-clouds-full.svg,Hà Nội,-0.7265128916316917,0,-0.2608000964796168,0
2025-06-01 05:00:00+07:00,81.0,8.7,94.0,/dl/web/weather/ic-w-04-scattered-clouds-full.svg,Hà Nội,-0.5209827529036344,0,-0.30655235796236313,0
2025-06-01 06:00:00+07:00,77.0,6.3,93.0,/dl/web/weather/ic-w-04-scattered-clouds-full.svg,Hà Nội,-0.6123294812272154,0,-0.6725704498243326,0
2025-06-01 07:00:00+07:00,88.0,5.0,80.0,/dl/web/weather/ic-w-04-scattered-clouds-full.svg,Hà Nội,-0.36112597833736754,0,-0.8708302495828993,0
2025-06-01 08:00:00+07:00,75.0,7.9,65.0,/dl/web/weather/ic-w-04-scattered-clouds-full.svg,Hà Nội,-0.6580028453890059,0,-0.4285583885830195,0
2025-06-01 09:00:00+07:00,69.0,12.7,54.0,/dl/web/weather/ic-w-04-scattered-clouds-full.svg,Hà Nội,-0.7950229378743775,0,0.30347779514091944,0
2025-06-01 10:00:00+07:00,63.0,14.5,47.0,/dl/web/weather/ic-w-04-scattered-clouds-full.svg,Hà Nội,-0.9320430303597491,0,0.5779913640373967,0
2025-06-01 11:00:00+07:00,63.0,21.9,50.0,/dl/web/weather/ic-w-04-scattered-clouds-full.svg,Hà Nội,-0.9320430303597491,0,1.7065471472784692,0
2025-06-01 12:00:00+07:00,63.0,26.1,45.0,/dl/web/weather/ic-w-04-scattered-clouds-full.svg,Hà Nội,-0.9320430303597491,0,2.3470788080369163,0
2025-06-01 13:00:00+07:00,63.0,23.0,35.0,/dl/web/weather/ic-w-04-scattered-clouds-full.svg,Hà Nội,-0.9320430303597491,0,1.874305439381872,0
2025-06-01 14:00:00+07:00,63.0,23.0,34.0,/dl/web/weather/ic-w-04-scattered-clouds-full.svg,Hà Nội,-0.9320430303597491,0,1.874305439381872,0
2025-06-01 15:00:00+07:00,17.0,20.9,33.0,/dl/web/weather/ic-w-04-scattered-clouds-full.svg,Hà Nội,-1.982530406080931,0,1.5540396090026487,0
2025-06-01 16:00:00+07:00,17.0,17.9,35.0,/dl/web/weather/ic-w-04-scattered-clouds-full.svg,Hà Nội,-1.982530406080931,0,1.0965169941751867,0
2025-06-01 17:00:00+07:00,19.0,14.3,39.0,/dl/web/weather/ic-w-04-scattered-clouds-full.svg,Hà Nội,-1.9368570419191407,0,0.5474898563822327,0
2025-06-01 18:00:00+07:00,22.0,14.3,39.0,/dl/web/weather/ic-w-04-scattered-clouds-full.svg,Hà Nội,-1.8683469956764547,0,0.5474898563822327,0
2025-06-01 19:00:00+07:00,36.0,9.7,49.0,/dl/web/weather/ic-w-04-scattered-clouds-full.svg,Hà Nội,-1.548633446543921,0,-0.15404481968654246,0
2025-06-01 20:00:00+07:00,56.0,8.9,51.0,/dl/web/weather/ic-w-11-night-few-clouds-full.svg,Hà Nội,-1.0918998049260158,0,-0.27605085030719884,0
2025-06-01 21:00:00+07:00,60.0,10.1,51.0,/dl/web/weather/ic-w-11-night-few-clouds-full.svg,Hà Nội,-1.0005530766024349,0,-0.09304180437621416,0
2025-06-01 22:00:00+07:00,62.0,10.1,51.0,/dl/web/weather/ic-w-11-night-few-clouds-full.svg,Hà Nội,-0.9548797124406443,0,-0.09304180437621416,0
2025-06-01 23:00:00+07:00,59.0,11.1,54.0,/dl/web/weather/ic-w-11-night-few-clouds-full.svg,Hà Nội,-1.02338975868333,0,0.059465733899606486,0
2025-06-02 00:00:00+07:00,52.0,11.1,54.0,/dl/web/weather/ic-w-11-night-few-clouds-full.svg,Hà Nội,-1.183246533249597,0,0.059465733899606486,0
2025-06-02 01:00:00+07:00,33.0,11.7,58.0,/dl/web/weather/ic-w-04-scattered-clouds-full.svg,Hà Nội,-1.6171434927866069,0,0.15097025686509882,0
2025-06-02 02:00:00+07:00,23.0,11.7,58.0,/dl/web/weather/ic-w-04-scattered-clouds-full.svg,Hà Nội,-1.8455103135955595,0,0.15097025686509882,0
2025-06-02 03:00:00+07:00,22.0,11.6,63.0,/dl/web/weather/ic-w-04-scattered-clouds-full.svg,Hà Nội,-1.8683469956764547,0,0.13571950303751681,0
2025-06-02 04:00:00+07:00,22.0,11.6,63.0,/dl/web/weather/ic-w-04-scattered-clouds-full.svg,Hà Nội,-1.8683469956764547,0,0.13571950303751681,0
2025-06-02 05:00:00+07:00,27.0,8.2,66.0,/dl/web/weather/ic-w-04-scattered-clouds-full.svg,Hà Nội,-1.7541635852719786,0,-0.38280612710027345,0
2025-06-02 06:00:00+07:00,28.0,8.2,66.0,/dl/web/weather/ic-w-04-scattered-clouds-full.svg,Hà Nội,-1.7313269031910832,0,-0.38280612710027345,0
2025-06-02 07:00:00+07:00,38.0,7.7,62.0,/dl/web/weather/ic-w-04-scattered-clouds-full.svg,Hà Nội,-1.5029600823821305,0,-0.4590598962381836,0
2025-06-02 08:00:00+07:00,53.0,10.8,60.0,/dl/web/weather/ic-w-04-scattered-clouds-full.svg,Hà Nội,-1.1604098511687018,0,0.013713472416860455,0
2025-06-02 09:00:00+07:00,72.0,13.4,56.0,/dl/web/weather/ic-w-04-scattered-clouds-full.svg,Hà Nội,-0.7265128916316917,0,0.41023307193399405,0
2025-06-02 10:00:00+07:00,67.0,15.4,52.0,/dl/web/weather/ic-w-04-scattered-clouds-full.svg,Hà Nội,-0.840696302036168,0,0.7152481484856353,0
2025-06-02 11:00:00+07:00,62.0,13.0,46.0,/dl/web/weather/ic-w-04-scattered-clouds-full.svg,Hà Nội,-0.9548797124406443,0,0.34923005662366574,0
2025-06-02 12:00:00+07:00,57.0,9.7,44.0,/dl/web/weather/ic-w-04-scattered-clouds-full.svg,Hà Nội,-1.0690631228451206,0,-0.15404481968654246,0
2025-06-02 13:00:00+07:00,52.0,9.5,42.0,/dl/web/weather/ic-w-04-scattered-clouds-full.svg,Hà Nội,-1.183246533249597,0,-0.18454632734170648,0
2025-06-02 14:00:00+07:00,35.0,7.6,38.0,/dl/web/weather/ic-w-04-scattered-clouds-full.svg,Hà Nội,-1.5714701286248165,0,-0.4743106500657658,0
2025-06-02 15:00:00+07:00,28.0,4.5,37.0,/dl/web/weather/ic-w-04-scattered-clouds-full.svg,Hà Nội,-1.7313269031910832,0,-0.9470840187208097,0
2025-06-02 16:00:00+07:00,21.0,5.8,38.0,/dl/web/weather/ic-w-04-scattered-clouds-full.svg,Hà Nội,-1.89118367775735,0,-0.7488242189622429,0
2025-06-02 17:00:00+07:00,22.0,5.8,38.0,/dl/web/weather/ic-w-04-scattered-clouds-full.svg,Hà Nội,-1.8683469956764547,0,-0.7488242189622429,0
2025-06-02 18:00:00+07:00,28.0,11.7,50.0,/dl/web/weather/ic-w-04-scattered-clouds-full.svg,Hà Nội,-1.7313269031910832,0,0.15097025686509882,0
2025-06-02 19:00:00+07:00,38.0,11.3,51.0,/dl/web/weather/ic-w-04-scattered-clouds-full.svg,Hà Nội,-1.5029600823821305,0,0.08996724155477077,0
2025-06-02 20:00:00+07:00,73.0,9.8,55.0,/dl/web/weather/ic-w-12-night-rain-full.svg,Hà Nội,-0.7036762095507965,0,-0.13879406585896018,0
2025-06-02 21:00:00+07:00,73.0,9.8,55.0,/dl/web/weather/ic-w-12-night-rain-full.svg,Hà Nội,-0.7036762095507965,0,-0.13879406585896018,0
2025-06-02 22:00:00+07:00,91.0,8.7,62.0,/dl/web/weather/ic-w-12-night-rain-full.svg,Hà Nội,-0.29261593209468173,0,-0.30655235796236313,0
2025-06-02 23:00:00+07:00,127.0,15.0,76.0,/dl/web/weather/ic-w-04-scattered-clouds-full.svg,Hà Nội,0.5295046228175477,0,0.6542451331753071,0
2025-06-03 00:00:00+07:00,85.0,16.9,78.0,/dl/web/weather/ic-w-04-scattered-clouds-full.svg,Hà Nội,-0.4296360245800533,0,0.944009455899366,0
2025-06-03 01:00:00+07:00,64.0,22.5,80.0,/dl/web/weather/ic-w-04-scattered-clouds-full.svg,Hà Nội,-0.9092063482788538,0,1.798051670243962,0
2025-06-03 02:00:00+07:00,58.0,22.5,80.0,/dl/web/weather/ic-w-04-scattered-clouds-full.svg,Hà Nội,-1.0462264407642254,0,1.798051670243962,0
2025-06-03 03:00:00+07:00,58.0,18.7,76.0,/dl/web/weather/ic-w-04-scattered-clouds-full.svg,Hà Nội,-1.0462264407642254,0,1.2185230247958434,0
2025-06-03 04:00:00+07:00,57.0,15.9,75.0,/dl/web/weather/ic-w-04-scattered-clouds-full.svg,Hà Nội,-1.0690631228451206,0,0.7915019176235457,0
2025-06-03 05:00:00+07:00,58.0,15.9,75.0,/dl/web/weather/ic-w-04-scattered-clouds-full.svg,Hà Nội,-1.0462264407642254,0,0.7915019176235457,0
2025-06-03 06:00:00+07:00,58.0,13.2,75.0,/dl/web/weather/ic-w-04-scattered-clouds-full.svg,Hà Nội,-1.0462264407642254,0,0.37973156427882976,0
2025-06-03 07:00:00+07:00,57.0,18.3,67.0,/dl/web/weather/ic-w-04-scattered-clouds-full.svg,Hà Nội,-1.0690631228451206,0,1.1575200094855154,0
2025-06-03 08:00:00+07:00,57.0,17.1,60.0,/dl/web/weather/ic-w-04-scattered-clouds-full.svg,Hà Nội,-1.0690631228451206,0,0.9745109635545306,0
2025-06-03 09:00:00+07:00,62.0,15.9,65.0,/dl/web/weather/ic-w-04-scattered-clouds-full.svg,Hà Nội,-0.9548797124406443,0,0.7915019176235457,0
2025-06-03 10:00:00+07:00,60.0,15.8,62.0,/dl/web/weather/ic-w-04-scattered-clouds-full.svg,Hà Nội,-1.0005530766024349,0,0.7762511637959637,0
2025-06-03 11:00:00+07:00,60.0,14.2,58.0,/dl/web/weather/ic-w-04-scattered-clouds-full.svg,Hà Nội,-1.0005530766024349,0,0.5322391025546505,0
2025-06-03 12:00:00+07:00,62.0,13.7,56.0,/dl/web/weather/ic-w-04-scattered-clouds-full.svg,Hà Nội,-0.9548797124406443,0,0.4559853334167401,0
2025-06-03 13:00:00+07:00,64.0,13.4,53.0,/dl/web/weather/ic-w-04-scattered-clouds-full.svg,Hà Nội,-0.9092063482788538,0,0.41023307193399405,0
2025-06-03 14:00:00+07:00,63.0,13.4,57.0,/dl/web/weather/ic-w-04-scattered-clouds-full.svg,Hà Nội,-0.9320430303597491,0,0.41023307193399405,0
2025-06-03 15:00:00+07:00,64.0,14.2,56.0,/dl/web/weather/ic-w-04-scattered-clouds-full.svg,Hà Nội,-0.9092063482788538,0,0.5322391025546505,0
2025-06-03 16:00:00+07:00,66.0,14.3,58.0,/dl/web/weather/ic-w-04-scattered-clouds-full.svg,Hà Nội,-0.8635329841170633,0,0.5474898563822327,0
2025-06-03 17:00:00+07:00,68.0,11.9,65.0,/dl/web/weather/ic-w-04-scattered-clouds-full.svg,Hà Nội,-0.8178596199552728,0,0.18147176452026312,0
2025-06-03 18:00:00+07:00,75.0,11.9,65.0,/dl/web/weather/ic-w-04-scattered-clouds-full.svg,Hà Nội,-0.6580028453890059,0,0.18147176452026312,0
2025-06-03 19:00:00+07:00,83.0,12.9,82.0,/dl/web/weather/ic-w-12-night-rain-full.svg,Hà Nội,-0.4753093887418438,0,0.33397930279608373,0
2025-06-03 20:00:00+07:00,73.0,13.8,85.0,/dl/web/weather/ic-w-04-scattered-clouds-full.svg,Hà Nội,-0.7036762095507965,0,0.47123608724432237,0
2025-06-03 21:00:00+07:00,73.0,10.9,90.0,/dl/web/weather/ic-w-04-scattered-clouds-full.svg,Hà Nội,-0.7036762095507965,0,0.028964226244442465,0
2025-06-03 22:00:00+07:00,79.0,7.9,89.0,/dl/web/weather/ic-w-12-night-rain-full.svg,Hà Nội,-0.5666561170654248,0,-0.4285583885830195,0
2025-06-03 23:00:00+07:00,71.0,7.9,87.0,/dl/web/weather/ic-w-04-scattered-clouds-full.svg,Hà Nội,-0.7493495737125869,0,-0.4285583885830195,0
2025-06-04 00:00:00+07:00,66.0,6.8,89.0,/dl/web/weather/ic-w-12-night-rain-full.svg,Hà Nội,-0.8635329841170633,0,-0.5963166806864223,0
2025-06-04 01:00:00+07:00,69.0,5.8,90.0,/dl/web/weather/ic-w-12-night-rain-full.svg,Hà Nội,-0.7950229378743775,0,-0.7488242189622429,0
2025-06-04 02:00:00+07:00,80.0,5.8,90.0,/dl/web/weather/ic-w-12-night-rain-full.svg,Hà Nội,-0.5438194349845296,0,-0.7488242189622429,0
2025-06-04 03:00:00+07:00,86.0,5.6,88.0,/dl/web/weather/ic-w-12-night-rain-full.svg,Hà Nội,-0.40679934249915806,0,-0.7793257266174071,0
2025-06-04 04:00:00+07:00,79.0,3.7,90.0,/dl/web/weather/ic-w-12-night-rain-full.svg,Hà Nội,-0.5666561170654248,0,-1.0690900493414661,0
2025-06-04 05:00:00+07:00,75.0,3.7,90.0,/dl/web/weather/ic-w-12-night-rain-full.svg,Hà Nội,-0.6580028453890059,0,-1.0690900493414661,0
2025-06-04 06:00:00+07:00,77.0,2.3,89.0,/dl/web/weather/ic-w-12-night-rain-full.svg,Hà Nội,-0.6123294812272154,0,-1.282600602927615,0
2025-06-04 07:00:00+07:00,82.0,3.7,88.0,/dl/web/weather/ic-w-04-scattered-clouds-full.svg,Hà Nội,-0.4981460708227391,0,-1.0690900493414661,0
2025-06-04 08:00:00+07:00,99.0,4.0,85.0,/dl/web/weather/ic-w-06-rain-full.svg,Hà Nội,-0.10992247544751964,0,-1.02333778785872,0
2025-06-04 09:00:00+07:00,77.0,4.0,83.0,/dl/web/weather/ic-w-04-scattered-clouds-full.svg,Hà Nội,-0.6123294812272154,0,-1.02333778785872,0
2025-06-04 10:00:00+07:00,77.0,4.0,77.0,/dl/web/weather/ic-w-04-scattered-clouds-full.svg,Hà Nội,-0.6123294812272154,0,-1.02333778785872,0
2025-06-04 11:00:00+07:00,79.0,6.1,77.0,/dl/web/weather/ic-w-04-scattered-clouds-full.svg,Hà Nội,-0.5666561170654248,0,-0.7030719574794967,0
2025-06-04 12:00:00+07:00,79.0,6.1,74.0,/dl/web/weather/ic-w-04-scattered-clouds-full.svg,Hà Nội,-0.5666561170654248,0,-0.7030719574794967,0
2025-06-04 13:00:00+07:00,69.0,7.6,71.0,/dl/web/weather/ic-w-04-scattered-clouds-full.svg,Hà Nội,-0.7950229378743775,0,-0.4743106500657658,0
2025-06-04 14:00:00+07:00,67.0,7.6,71.0,/dl/web/weather/ic-w-04-scattered-clouds-full.svg,Hà Nội,-0.840696302036168,0,-0.4743106500657658,0
2025-06-04 15:00:00+07:00,73.0,9.5,66.0,/dl/web/weather/ic-w-04-scattered-clouds-full.svg,Hà Nội,-0.7036762095507965,0,-0.18454632734170648,0
2025-06-04 16:00:00+07:00,86.0,8.5,67.0,/dl/web/weather/ic-w-06-rain-full.svg,Hà Nội,-0.40679934249915806,0,-0.33705386561752715,0
2025-06-04 18:00:00+07:00,83.0,6.3,75.0,/dl/web/weather/ic-w-04-scattered-clouds-full.svg,Hà Nội,-0.4753093887418438,0,-0.6725704498243326,0
2025-06-04 19:00:00+07:00,95.0,3.9,79.0,/dl/web/weather/ic-w-04-scattered-clouds-full.svg,Hà Nội,-0.2012692037711007,0,-1.038588541686302,0
2025-06-04 20:00:00+07:00,112.0,2.7,82.0,/dl/web/weather/ic-w-04-scattered-clouds-full.svg,Hà Nội,0.18695439160411875,0,-1.2215975876172869,0
2025-06-04 21:00:00+07:00,112.0,2.7,82.0,/dl/web/weather/ic-w-04-scattered-clouds-full.svg,Hà Nội,0.18695439160411875,0,-1.2215975876172869,0
2025-06-04 22:00:00+07:00,86.0,8.5,89.0,/dl/web/weather/ic-w-12-night-rain-full.svg,Hà Nội,-0.40679934249915806,0,-0.33705386561752715,0
2025-06-04 23:00:00+07:00,86.0,9.7,90.0,/dl/web/weather/ic-w-04-scattered-clouds-full.svg,Hà Nội,-0.40679934249915806,0,-0.15404481968654246,0
2025-06-05 00:00:00+07:00,85.0,9.7,90.0,/dl/web/weather/ic-w-04-scattered-clouds-full.svg,Hà Nội,-0.4296360245800533,0,-0.15404481968654246,0
2025-06-05 01:00:00+07:00,98.0,9.7,92.0,/dl/web/weather/ic-w-04-scattered-clouds-full.svg,Hà Nội,-0.1327591575284149,0,-0.15404481968654246,0
2025-06-05 02:00:00+07:00,105.0,9.7,92.0,/dl/web/weather/ic-w-04-scattered-clouds-full.svg,Hà Nội,0.027097617037851927,0,-0.15404481968654246,0
2025-06-05 03:00:00+07:00,90.0,7.6,92.0,/dl/web/weather/ic-w-04-scattered-clouds-full.svg,Hà Nội,-0.315452614175577,0,-0.4743106500657658,0
2025-06-05 04:00:00+07:00,90.0,6.9,92.0,/dl/web/weather/ic-w-12-night-rain-full.svg,Hà Nội,-0.315452614175577,0,-0.5810659268588401,0
2025-06-05 05:00:00+07:00,85.0,6.9,92.0,/dl/web/weather/ic-w-12-night-rain-full.svg,Hà Nội,-0.4296360245800533,0,-0.5810659268588401,0
2025-06-05 06:00:00+07:00,84.0,6.9,91.0,/dl/web/weather/ic-w-06-rain-full.svg,Hà Nội,-0.4524727066609486,0,-0.5810659268588401,0
2025-06-05 08:00:00+07:00,128.0,6.8,80.0,/dl/web/weather/ic-w-06-rain-full.svg,Hà Nội,0.5523413048984429,0,-0.5963166806864223,0
2025-06-05 09:00:00+07:00,147.0,5.6,78.0,/dl/web/weather/ic-w-06-rain-full.svg,Hà Nội,0.9862382644354529,0,-0.7793257266174071,0
2025-06-05 10:00:00+07:00,154.0,3.4,74.0,/dl/web/weather/ic-w-04-scattered-clouds-full.svg,Hà Nội,1.1460950390017197,0,-1.1148423108242123,0
2025-06-05 11:00:00+07:00,152.0,1.1,68.0,/dl/web/weather/ic-w-04-scattered-clouds-full.svg,Hà Nội,1.1004216748399291,0,-1.4656096488586,0
2025-06-05 12:00:00+07:00,155.0,1.1,68.0,/dl/web/weather/ic-w-04-scattered-clouds-full.svg,Hà Nội,1.1689317210826151,0,-1.4656096488586,0
2025-06-05 13:00:00+07:00,159.0,3.4,56.0,/dl/web/weather/ic-w-04-scattered-clouds-full.svg,Hà Nội,1.260278449406196,0,-1.1148423108242123,0
2025-06-05 14:00:00+07:00,156.0,3.5,55.0,/dl/web/weather/ic-w-04-scattered-clouds-full.svg,Hà Nội,1.1917684031635103,0,-1.0995915569966304,0
2025-06-05 15:00:00+07:00,154.0,5.3,59.0,/dl/web/weather/ic-w-04-scattered-clouds-full.svg,Hà Nội,1.1460950390017197,0,-0.8250779881001532,0
2025-06-05 16:00:00+07:00,135.0,10.8,65.0,/dl/web/weather/ic-w-04-scattered-clouds-full.svg,Hà Nội,0.7121980794647098,0,0.013713472416860455,0
2025-06-05 17:00:00+07:00,126.0,14.0,69.0,/dl/web/weather/ic-w-04-scattered-clouds-full.svg,Hà Nội,0.5066679407366524,0,0.5017375948994864,0
2025-06-05 18:00:00+07:00,116.0,14.5,71.0,/dl/web/weather/ic-w-04-scattered-clouds-full.svg,Hà Nội,0.2783011199276998,0,0.5779913640373967,0
2025-06-05 19:00:00+07:00,92.0,14.3,74.0,/dl/web/weather/ic-w-04-scattered-clouds-full.svg,Hà Nội,-0.2697792500137865,0,0.5474898563822327,0
2025-06-05 20:00:00+07:00,90.0,13.8,79.0,/dl/web/weather/ic-w-12-night-rain-full.svg,Hà Nội,-0.315452614175577,0,0.47123608724432237,0
2025-06-05 21:00:00+07:00,86.0,13.8,79.0,/dl/web/weather/ic-w-12-night-rain-full.svg,Hà Nội,-0.40679934249915806,0,0.47123608724432237,0
2025-06-05 22:00:00+07:00,99.0,12.9,83.0,/dl/web/weather/ic-w-04-scattered-clouds-full.svg,Hà Nội,-0.10992247544751964,0,0.33397930279608373,0
2025-06-05 23:00:00+07:00,90.0,13.4,85.0,/dl/web/weather/ic-w-04-scattered-clouds-full.svg,Hà Nội,-0.315452614175577,0,0.41023307193399405,0
2025-06-06 00:00:00+07:00,90.0,13.4,85.0,/dl/web/weather/ic-w-04-scattered-clouds-full.svg,Hà Nội,-0.315452614175577,0,0.41023307193399405,0
2025-06-06 02:00:00+07:00,105.0,9.2,91.0,/dl/web/weather/ic-w-04-scattered-clouds-full.svg,Hà Nội,0.027097617037851927,0,-0.23029858882445278,0
2025-06-06 03:00:00+07:00,97.0,10.3,91.0,/dl/web/weather/ic-w-04-scattered-clouds-full.svg,Hà Nội,-0.15559583960931017,0,-0.06254029672104987,0
2025-06-06 04:00:00+07:00,93.0,10.0,92.0,/dl/web/weather/ic-w-04-scattered-clouds-full.svg,Hà Nội,-0.2469425679328912,0,-0.10829255820379617,0
2025-06-06 05:00:00+07:00,75.0,10.1,93.0,/dl/web/weather/ic-w-04-scattered-clouds-full.svg,Hà Nội,-0.6580028453890059,0,-0.09304180437621416,0
2025-06-06 06:00:00+07:00,80.0,9.7,93.0,/dl/web/weather/ic-w-04-scattered-clouds-full.svg,Hà Nội,-0.5438194349845296,0,-0.15404481968654246,0
2025-06-06 07:00:00+07:00,79.0,11.6,85.0,/dl/web/weather/ic-w-04-scattered-clouds-full.svg,Hà Nội,-0.5666561170654248,0,0.13571950303751681,0
2025-06-06 08:00:00+07:00,88.0,12.6,76.0,/dl/web/weather/ic-w-04-scattered-clouds-full.svg,Hà Nội,-0.36112597833736754,0,0.28822704131333743,0
2025-06-06 09:00:00+07:00,86.0,12.7,77.0,/dl/web/weather/ic-w-04-scattered-clouds-full.svg,Hà Nội,-0.40679934249915806,0,0.30347779514091944,0
2025-06-06 10:00:00+07:00,88.0,13.0,76.0,/dl/web/weather/ic-w-04-scattered-clouds-full.svg,Hà Nội,-0.36112597833736754,0,0.34923005662366574,0
2025-06-06 11:00:00+07:00,88.0,11.4,72.0,/dl/web/weather/ic-w-04-scattered-clouds-full.svg,Hà Nội,-0.36112597833736754,0,0.10521799538235278,0
2025-06-06 12:00:00+07:00,89.0,11.4,72.0,/dl/web/weather/ic-w-04-scattered-clouds-full.svg,Hà Nội,-0.33828929625647225,0,0.10521799538235278,0
2025-06-06 13:00:00+07:00,80.0,12.2,61.0,/dl/web/weather/ic-w-04-scattered-clouds-full.svg,Hà Nội,-0.5438194349845296,0,0.22722402600300914,0
2025-06-06 14:00:00+07:00,75.0,11.6,66.0,/dl/web/weather/ic-w-04-scattered-clouds-full.svg,Hà Nội,-0.6580028453890059,0,0.13571950303751681,0
2025-06-06 15:00:00+07:00,72.0,15.8,57.0,/dl/web/weather/ic-w-04-scattered-clouds-full.svg,Hà Nội,-0.7265128916316917,0,0.7762511637959637,0
2025-06-06 16:00:00+07:00,68.0,20.9,63.0,/dl/web/weather/ic-w-04-scattered-clouds-full.svg,Hà Nội,-0.8178596199552728,0,1.5540396090026487,0
2025-06-06 17:00:00+07:00,65.0,18.7,62.0,/dl/web/weather/ic-w-04-scattered-clouds-full.svg,Hà Nội,-0.8863696661979585,0,1.2185230247958434,0
2025-06-06 18:00:00+07:00,64.0,18.7,62.0,/dl/web/weather/ic-w-04-scattered-clouds-full.svg,Hà Nội,-0.9092063482788538,0,1.2185230247958434,0
2025-06-06 19:00:00+07:00,66.0,18.5,70.0,/dl/web/weather/ic-w-04-scattered-clouds-full.svg,Hà Nội,-0.8635329841170633,0,1.1880215171406794,0
2025-06-06 20:00:00+07:00,71.0,17.4,74.0,/dl/web/weather/ic-w-11-night-few-clouds-full.svg,Hà Nội,-0.7493495737125869,0,1.0202632250372763,0
2025-06-06 21:00:00+07:00,75.0,16.1,77.0,/dl/web/weather/ic-w-11-night-few-clouds-full.svg,Hà Nội,-0.6580028453890059,0,0.82200342527871,0
2025-06-06 22:00:00+07:00,73.0,15.1,79.0,/dl/web/weather/ic-w-04-scattered-clouds-full.svg,Hà Nội,-0.7036762095507965,0,0.6694958870028891,0
2025-06-06 23:00:00+07:00,79.0,14.3,82.0,/dl/web/weather/ic-w-04-scattered-clouds-full.svg,Hà Nội,-0.5666561170654248,0,0.5474898563822327,0
2025-06-07 00:00:00+07:00,81.0,14.3,82.0,/dl/web/weather/ic-w-04-scattered-clouds-full.svg,Hà Nội,-0.5209827529036344,0,0.5474898563822327,0
2025-06-07 01:00:00+07:00,75.0,13.0,84.0,/dl/web/weather/ic-w-11-night-few-clouds-full.svg,Hà Nội,-0.6580028453890059,0,0.34923005662366574,0
2025-06-07 02:00:00+07:00,71.0,12.4,86.0,/dl/web/weather/ic-w-11-night-few-clouds-full.svg,Hà Nội,-0.7493495737125869,0,0.2577255336581734,0
2025-06-07 03:00:00+07:00,71.0,10.6,88.0,/dl/web/weather/ic-w-11-night-few-clouds-full.svg,Hà Nội,-0.7493495737125869,0,-0.016788035238303835,0
2025-06-07 04:00:00+07:00,78.0,10.6,88.0,/dl/web/weather/ic-w-11-night-few-clouds-full.svg,Hà Nội,-0.5894927991463201,0,-0.016788035238303835,0
2025-06-07 05:00:00+07:00,74.0,8.0,91.0,/dl/web/weather/ic-w-04-scattered-clouds-full.svg,Hà Nội,-0.6808395274699012,0,-0.41330763475543747,0
2025-06-07 06:00:00+07:00,69.0,8.0,91.0,/dl/web/weather/ic-w-04-scattered-clouds-full.svg,Hà Nội,-0.7950229378743775,0,-0.41330763475543747,0
2025-06-07 07:00:00+07:00,73.0,8.9,82.0,/dl/web/weather/ic-w-04-scattered-clouds-full.svg,Hà Nội,-0.7036762095507965,0,-0.27605085030719884,0
2025-06-07 08:00:00+07:00,68.0,9.8,75.0,/dl/web/weather/ic-w-04-scattered-clouds-full.svg,Hà Nội,-0.8178596199552728,0,-0.13879406585896018,0
2025-06-07 09:00:00+07:00,69.0,9.5,69.0,/dl/web/weather/ic-w-04-scattered-clouds-full.svg,Hà Nội,-0.7950229378743775,0,-0.18454632734170648,0
2025-06-07 10:00:00+07:00,75.0,9.0,70.0,/dl/web/weather/ic-w-04-scattered-clouds-full.svg,Hà Nội,-0.6580028453890059,0,-0.2608000964796168,0
2025-06-07 11:00:00+07:00,73.0,6.8,66.0,/dl/web/weather/ic-w-04-scattered-clouds-full.svg,Hà Nội,-0.7036762095507965,0,-0.5963166806864223,0
2025-06-07 12:00:00+07:00,81.0,4.7,68.0,/dl/web/weather/ic-w-04-scattered-clouds-full.svg,Hà Nội,-0.5209827529036344,0,-0.9165825110656456,0
2025-06-07 13:00:00+07:00,81.0,6.9,60.0,/dl/web/weather/ic-w-04-scattered-clouds-full.svg,Hà Nội,-0.5209827529036344,0,-0.5810659268588401,0
2025-06-07 14:00:00+07:00,75.0,6.9,60.0,/dl/web/weather/ic-w-04-scattered-clouds-full.svg,Hà Nội,-0.6580028453890059,0,-0.5810659268588401,0
2025-06-07 15:00:00+07:00,71.0,9.2,58.0,/dl/web/weather/ic-w-04-scattered-clouds-full.svg,Hà Nội,-0.7493495737125869,0,-0.23029858882445278,0
2025-06-07 16:00:00+07:00,69.0,12.9,66.0,/dl/web/weather/ic-w-04-scattered-clouds-full.svg,Hà Nội,-0.7950229378743775,0,0.33397930279608373,0
2025-06-07 17:00:00+07:00,74.0,12.9,66.0,/dl/web/weather/ic-w-04-scattered-clouds-full.svg,Hà Nội,-0.6808395274699012,0,0.33397930279608373,0
2025-06-07 18:00:00+07:00,81.0,13.2,63.0,/dl/web/weather/ic-w-04-scattered-clouds-full.svg,Hà Nội,-0.5209827529036344,0,0.37973156427882976,0
2025-06-07 19:00:00+07:00,77.0,17.5,75.0,/dl/web/weather/ic-w-12-night-rain-full.svg,Hà Nội,-0.6123294812272154,0,1.0355139788648586,0
2025-06-07 20:00:00+07:00,55.0,15.1,84.0,/dl/web/weather/ic-w-12-night-rain-full.svg,Hà Nội,-1.1147364870069112,0,0.6694958870028891,0
2025-06-07 21:00:00+07:00,56.0,15.1,84.0,/dl/web/weather/ic-w-12-night-rain-full.svg,Hà Nội,-1.0918998049260158,0,0.6694958870028891,0
2025-06-07 22:00:00+07:00,56.0,15.3,86.0,/dl/web/weather/ic-w-11-night-few-clouds-full.svg,Hà Nội,-1.0918998049260158,0,0.6999973946580533,0
2025-06-07 23:00:00+07:00,58.0,15.1,87.0,/dl/web/weather/ic-w-11-night-few-clouds-full.svg,Hà Nội,-1.0462264407642254,0,0.6694958870028891,0
2025-06-08 00:00:00+07:00,71.0,15.1,87.0,/dl/web/weather/ic-w-11-night-few-clouds-full.svg,Hà Nội,-0.7493495737125869,0,0.6694958870028891,0
2025-06-08 01:00:00+07:00,97.0,13.5,88.0,/dl/web/weather/ic-w-11-night-few-clouds-full.svg,Hà Nội,-0.15559583960931017,0,0.42548382576157606,0
2025-06-08 02:00:00+07:00,112.0,13.4,89.0,/dl/web/weather/ic-w-12-night-rain-full.svg,Hà Nội,0.18695439160411875,0,0.41023307193399405,0
2025-06-08 03:00:00+07:00,105.0,11.3,89.0,/dl/web/weather/ic-w-04-scattered-clouds-full.svg,Hà Nội,0.027097617037851927,0,0.08996724155477077,0
2025-06-08 04:00:00+07:00,99.0,10.1,90.0,/dl/web/weather/ic-w-04-scattered-clouds-full.svg,Hà Nội,-0.10992247544751964,0,-0.09304180437621416,0
2025-06-08 05:00:00+07:00,97.0,9.2,90.0,/dl/web/weather/ic-w-04-scattered-clouds-full.svg,Hà Nội,-0.15559583960931017,0,-0.23029858882445278,0
2025-06-08 06:00:00+07:00,90.0,8.7,89.0,/dl/web/weather/ic-w-04-scattered-clouds-full.svg,Hà Nội,-0.315452614175577,0,-0.30655235796236313,0
2025-06-08 07:00:00+07:00,92.0,9.0,81.0,/dl/web/weather/ic-w-06-rain-full.svg,Hà Nội,-0.2697792500137865,0,-0.2608000964796168,0
2025-06-08 08:00:00+07:00,96.0,9.7,81.0,/dl/web/weather/ic-w-04-scattered-clouds-full.svg,Hà Nội,-0.17843252169020543,0,-0.15404481968654246,0
2025-06-08 09:00:00+07:00,88.0,9.2,80.0,/dl/web/weather/ic-w-04-scattered-clouds-full.svg,Hà Nội,-0.36112597833736754,0,-0.23029858882445278,0
2025-06-08 10:00:00+07:00,111.0,8.7,72.0,/dl/web/weather/ic-w-04-scattered-clouds-full.svg,Hà Nội,0.1641177095232235,0,-0.30655235796236313,0
2025-06-08 11:00:00+07:00,111.0,6.3,68.0,/dl/web/weather/ic-w-04-scattered-clouds-full.svg,Hà Nội,0.1641177095232235,0,-0.6725704498243326,0
2025-06-08 12:00:00+07:00,97.0,6.3,68.0,/dl/web/weather/ic-w-04-scattered-clouds-full.svg,Hà Nội,-0.15559583960931017,0,-0.6725704498243326,0
2025-06-08 13:00:00+07:00,89.0,0.8,62.0,/dl/web/weather/ic-w-04-scattered-clouds-full.svg,Hà Nội,-0.33828929625647225,0,-1.511361910341346,0
2025-06-08 14:00:00+07:00,85.0,0.8,62.0,/dl/web/weather/ic-w-04-scattered-clouds-full.svg,Hà Nội,-0.4296360245800533,0,-1.511361910341346,0
2025-06-08 15:00:00+07:00,71.0,11.4,79.0,/dl/web/weather/ic-w-06-rain-full.svg,Hà Nội,-0.7493495737125869,0,0.10521799538235278,0
2025-06-08 16:00:00+07:00,64.0,11.4,79.0,/dl/web/weather/ic-w-06-rain-full.svg,Hà Nội,-0.9092063482788538,0,0.10521799538235278,0
2025-06-08 17:00:00+07:00,56.0,11.6,83.0,/dl/web/weather/ic-w-06-rain-full.svg,Hà Nội,-1.0918998049260158,0,0.13571950303751681,0
2025-06-08 18:00:00+07:00,62.0,11.9,79.0,/dl/web/weather/ic-w-06-rain-full.svg,Hà Nội,-0.9548797124406443,0,0.18147176452026312,0
2025-06-08 19:00:00+07:00,72.0,12.7,83.0,/dl/web/weather/ic-w-12-night-rain-full.svg,Hà Nội,-0.7265128916316917,0,0.30347779514091944,0
2025-06-08 20:00:00+07:00,80.0,11.1,91.0,/dl/web/weather/ic-w-04-scattered-clouds-full.svg,Hà Nội,-0.5438194349845296,0,0.059465733899606486,0
2025-06-08 21:00:00+07:00,81.0,11.1,91.0,/dl/web/weather/ic-w-04-scattered-clouds-full.svg,Hà Nội,-0.5209827529036344,0,0.059465733899606486,0
2025-06-08 22:00:00+07:00,82.0,10.0,91.0,/dl/web/weather/ic-w-04-scattered-clouds-full.svg,Hà Nội,-0.4981460708227391,0,-0.10829255820379617,0
2025-06-08 23:00:00+07:00,78.0,9.2,91.0,/dl/web/weather/ic-w-04-scattered-clouds-full.svg,Hà Nội,-0.5894927991463201,0,-0.23029858882445278,0
2025-06-09 00:00:00+07:00,74.0,9.2,91.0,/dl/web/weather/ic-w-04-scattered-clouds-full.svg,Hà Nội,-0.6808395274699012,0,-0.23029858882445278,0
2025-06-09 01:00:00+07:00,73.0,11.1,90.0,/dl/web/weather/ic-w-12-night-rain-full.svg,Hà Nội,-0.7036762095507965,0,0.059465733899606486,0
2025-06-09 02:00:00+07:00,75.0,11.1,90.0,/dl/web/weather/ic-w-12-night-rain-full.svg,Hà Nội,-0.6580028453890059,0,0.059465733899606486,0
2025-06-09 03:00:00+07:00,84.0,7.9,89.0,/dl/web/weather/ic-w-04-scattered-clouds-full.svg,Hà Nội,-0.4524727066609486,0,-0.4285583885830195,0
2025-06-09 04:00:00+07:00,82.0,7.9,89.0,/dl/web/weather/ic-w-04-scattered-clouds-full.svg,Hà Nội,-0.4981460708227391,0,-0.4285583885830195,0
2025-06-09 05:00:00+07:00,65.0,7.4,89.0,/dl/web/weather/ic-w-04-scattered-clouds-full.svg,Hà Nội,-0.8863696661979585,0,-0.5048121577209298,0
2025-06-09 06:00:00+07:00,64.0,6.6,90.0,/dl/web/weather/ic-w-04-scattered-clouds-full.svg,Hà Nội,-0.9092063482788538,0,-0.6268181883415864,0
2025-06-09 07:00:00+07:00,96.0,8.0,88.0,/dl/web/weather/ic-w-04-scattered-clouds-full.svg,Hà Nội,-0.17843252169020543,0,-0.41330763475543747,0
2025-06-09 08:00:00+07:00,106.0,7.4,91.0,/dl/web/weather/ic-w-04-scattered-clouds-full.svg,Hà Nội,0.04993429911874719,0,-0.5048121577209298,0
2025-06-09 09:00:00+07:00,107.0,6.4,86.0,/dl/web/weather/ic-w-06-rain-full.svg,Hà Nội,0.07277098119964245,0,-0.6573196959967504,0
2025-06-09 10:00:00+07:00,99.0,5.8,80.0,/dl/web/weather/ic-w-06-rain-full.svg,Hà Nội,-0.10992247544751964,0,-0.7488242189622429,0
2025-06-09 11:00:00+07:00,77.0,6.1,71.0,/dl/web/weather/ic-w-04-scattered-clouds-full.svg,Hà Nội,-0.6123294812272154,0,-0.7030719574794967,0
2025-06-09 12:00:00+07:00,87.0,6.8,70.0,/dl/web/weather/ic-w-04-scattered-clouds-full.svg,Hà Nội,-0.38396266041826277,0,-0.5963166806864223,0
2025-06-09 13:00:00+07:00,75.0,5.5,60.0,/dl/web/weather/ic-w-04-scattered-clouds-full.svg,Hà Nội,-0.6580028453890059,0,-0.7945764804449891,0
2025-06-09 14:00:00+07:00,69.0,5.6,63.0,/dl/web/weather/ic-w-04-scattered-clouds-full.svg,Hà Nội,-0.7950229378743775,0,-0.7793257266174071,0
2025-06-09 15:00:00+07:00,69.0,6.3,59.0,/dl/web/weather/ic-w-04-scattered-clouds-full.svg,Hà Nội,-0.7950229378743775,0,-0.6725704498243326,0
2025-06-09 16:00:00+07:00,75.0,6.9,58.0,/dl/web/weather/ic-w-04-scattered-clouds-full.svg,Hà Nội,-0.6580028453890059,0,-0.5810659268588401,0
2025-06-09 17:00:00+07:00,78.0,6.1,62.0,/dl/web/weather/ic-w-04-scattered-clouds-full.svg,Hà Nội,-0.5894927991463201,0,-0.7030719574794967,0
2025-06-09 18:00:00+07:00,82.0,6.1,62.0,/dl/web/weather/ic-w-04-scattered-clouds-full.svg,Hà Nội,-0.4981460708227391,0,-0.7030719574794967,0
2025-06-09 19:00:00+07:00,82.0,6.1,69.0,/dl/web/weather/ic-w-04-scattered-clouds-full.svg,Hà Nội,-0.4981460708227391,0,-0.7030719574794967,0
2025-06-09 20:00:00+07:00,87.0,7.2,75.0,/dl/web/weather/ic-w-12-night-rain-full.svg,Hà Nội,-0.38396266041826277,0,-0.5353136653760939,0
2025-06-09 21:00:00+07:00,90.0,9.5,78.0,/dl/web/weather/ic-w-04-scattered-clouds-full.svg,Hà Nội,-0.315452614175577,0,-0.18454632734170648,0
2025-06-09 22:00:00+07:00,122.0,7.7,83.0,/dl/web/weather/ic-w-12-night-rain-full.svg,Hà Nội,0.41532121241307135,0,-0.4590598962381836,0
2025-06-09 23:00:00+07:00,144.0,6.4,89.0,/dl/web/weather/ic-w-04-scattered-clouds-full.svg,Hà Nội,0.9177282181927672,0,-0.6573196959967504,0
2025-06-10 00:00:00+07:00,152.0,4.8,92.0,/dl/web/weather/ic-w-04-scattered-clouds-full.svg,Hà Nội,1.1004216748399291,0,-0.9013317572380636,0
2025-06-10 01:00:00+07:00,90.0,9.2,91.0,/dl/web/weather/ic-w-04-scattered-clouds-full.svg,Hà Nội,-0.315452614175577,0,-0.23029858882445278,0
2025-06-10 02:00:00+07:00,86.0,9.2,91.0,/dl/web/weather/ic-w-04-scattered-clouds-full.svg,Hà Nội,-0.40679934249915806,0,-0.23029858882445278,0
2025-06-10 03:00:00+07:00,69.0,11.6,92.0,/dl/web/weather/ic-w-12-night-rain-full.svg,Hà Nội,-0.7950229378743775,0,0.13571950303751681,0
2025-06-10 04:00:00+07:00,71.0,11.6,92.0,/dl/web/weather/ic-w-12-night-rain-full.svg,Hà Nội,-0.7493495737125869,0,0.13571950303751681,0
2025-06-10 05:00:00+07:00,82.0,11.7,95.0,/dl/web/weather/ic-w-12-night-rain-full.svg,Hà Nội,-0.4981460708227391,0,0.15097025686509882,0
2025-06-10 06:00:00+07:00,73.0,8.7,96.0,/dl/web/weather/ic-w-06-rain-full.svg,Hà Nội,-0.7036762095507965,0,-0.30655235796236313,0
2025-06-10 07:00:00+07:00,73.0,6.3,94.0,/dl/web/weather/ic-w-06-rain-full.svg,Hà Nội,-0.7036762095507965,0,-0.6725704498243326,0
2025-06-10 08:00:00+07:00,60.0,5.8,92.0,/dl/web/weather/ic-w-06-rain-full.svg,Hà Nội,-1.0005530766024349,0,-0.7488242189622429,0
2025-06-10 09:00:00+07:00,68.0,8.9,95.0,/dl/web/weather/ic-w-04-scattered-clouds-full.svg,Hà Nội,-0.8178596199552728,0,-0.27605085030719884,0
2025-06-10 10:00:00+07:00,71.0,13.4,90.0,/dl/web/weather/ic-w-06-rain-full.svg,Hà Nội,-0.7493495737125869,0,0.41023307193399405,0
2025-06-10 11:00:00+07:00,73.0,15.0,92.0,/dl/web/weather/ic-w-06-rain-full.svg,Hà Nội,-0.7036762095507965,0,0.6542451331753071,0
2025-06-10 12:00:00+07:00,69.0,16.7,84.0,/dl/web/weather/ic-w-06-rain-full.svg,Hà Nội,-0.7950229378743775,0,0.913507948244202,0
2025-06-10 13:00:00+07:00,69.0,18.7,82.0,/dl/web/weather/ic-w-04-scattered-clouds-full.svg,Hà Nội,-0.7950229378743775,0,1.2185230247958434,0
2025-06-10 14:00:00+07:00,69.0,20.0,80.0,/dl/web/weather/ic-w-04-scattered-clouds-full.svg,Hà Nội,-0.7950229378743775,0,1.4167828245544103,0
2025-06-10 15:00:00+07:00,66.0,22.7,74.0,/dl/web/weather/ic-w-04-scattered-clouds-full.svg,Hà Nội,-0.8635329841170633,0,1.828553177899126,0
2025-06-10 16:00:00+07:00,75.0,22.9,75.0,/dl/web/weather/ic-w-04-scattered-clouds-full.svg,Hà Nội,-0.6580028453890059,0,1.85905468555429,0
2025-06-10 17:00:00+07:00,71.0,22.2,77.0,/dl/web/weather/ic-w-04-scattered-clouds-full.svg,Hà Nội,-0.7493495737125869,0,1.7522994087612156,0
2025-06-10 18:00:00+07:00,68.0,22.2,77.0,/dl/web/weather/ic-w-04-scattered-clouds-full.svg,Hà Nội,-0.8178596199552728,0,1.7522994087612156,0
2025-06-10 19:00:00+07:00,68.0,18.7,78.0,/dl/web/weather/ic-w-04-scattered-clouds-full.svg,Hà Nội,-0.8178596199552728,0,1.2185230247958434,0
2025-06-10 20:00:00+07:00,73.0,17.1,77.0,/dl/web/weather/ic-w-04-scattered-clouds-full.svg,Hà Nội,-0.7036762095507965,0,0.9745109635545306,0
2025-06-10 21:00:00+07:00,74.0,16.7,78.0,/dl/web/weather/ic-w-04-scattered-clouds-full.svg,Hà Nội,-0.6808395274699012,0,0.913507948244202,0
2025-06-10 22:00:00+07:00,84.0,16.3,79.0,/dl/web/weather/ic-w-04-scattered-clouds-full.svg,Hà Nội,-0.4524727066609486,0,0.852504932933874,0
2025-06-10 23:00:00+07:00,92.0,15.6,80.0,/dl/web/weather/ic-w-04-scattered-clouds-full.svg,Hà Nội,-0.2697792500137865,0,0.7457496561407994,0
2025-06-11 00:00:00+07:00,96.0,16.7,81.0,/dl/web/weather/ic-w-04-scattered-clouds-full.svg,Hà Nội,-0.17843252169020543,0,0.913507948244202,0
2025-06-11 01:00:00+07:00,94.0,11.9,81.0,/dl/web/weather/ic-w-04-scattered-clouds-full.svg,Hà Nội,-0.22410588585199595,0,0.18147176452026312,0
2025-06-11 02:00:00+07:00,90.0,11.9,81.0,/dl/web/weather/ic-w-04-scattered-clouds-full.svg,Hà Nội,-0.315452614175577,0,0.18147176452026312,0
2025-06-11 03:00:00+07:00,89.0,12.7,83.0,/dl/web/weather/ic-w-04-scattered-clouds-full.svg,Hà Nội,-0.33828929625647225,0,0.30347779514091944,0
2025-06-11 04:00:00+07:00,91.0,11.9,83.0,/dl/web/weather/ic-w-04-scattered-clouds-full.svg,Hà Nội,-0.29261593209468173,0,0.18147176452026312,0
2025-06-11 05:00:00+07:00,94.0,11.9,83.0,/dl/web/weather/ic-w-04-scattered-clouds-full.svg,Hà Nội,-0.22410588585199595,0,0.18147176452026312,0
2025-06-11 06:00:00+07:00,97.0,12.4,88.0,/dl/web/weather/ic-w-04-scattered-clouds-full.svg,Hà Nội,-0.15559583960931017,0,0.2577255336581734,0
2025-06-11 07:00:00+07:00,94.0,15.3,77.0,/dl/web/weather/ic-w-04-scattered-clouds-full.svg,Hà Nội,-0.22410588585199595,0,0.6999973946580533,0
2025-06-11 08:00:00+07:00,94.0,15.4,73.0,/dl/web/weather/ic-w-04-scattered-clouds-full.svg,Hà Nội,-0.22410588585199595,0,0.7152481484856353,0
2025-06-11 09:00:00+07:00,99.0,15.4,67.0,/dl/web/weather/ic-w-04-scattered-clouds-full.svg,Hà Nội,-0.10992247544751964,0,0.7152481484856353,0
2025-06-11 10:00:00+07:00,105.0,15.3,70.0,/dl/web/weather/ic-w-04-scattered-clouds-full.svg,Hà Nội,0.027097617037851927,0,0.6999973946580533,0
2025-06-11 11:00:00+07:00,99.0,15.1,65.0,/dl/web/weather/ic-w-04-scattered-clouds-full.svg,Hà Nội,-0.10992247544751964,0,0.6694958870028891,0
2025-06-11 12:00:00+07:00,102.0,15.0,67.0,/dl/web/weather/ic-w-04-scattered-clouds-full.svg,Hà Nội,-0.04141242920483386,0,0.6542451331753071,0
2025-06-11 13:00:00+07:00,110.0,14.8,54.0,/dl/web/weather/ic-w-04-scattered-clouds-full.svg,Hà Nội,0.14128102744232823,0,0.6237436255201431,0
2025-06-11 14:00:00+07:00,96.0,14.8,54.0,/dl/web/weather/ic-w-04-scattered-clouds-full.svg,Hà Nội,-0.17843252169020543,0,0.6237436255201431,0
2025-06-11 15:00:00+07:00,83.0,15.1,61.0,/dl/web/weather/ic-w-04-scattered-clouds-full.svg,Hà Nội,-0.4753093887418438,0,0.6694958870028891,0
2025-06-11 16:00:00+07:00,73.0,14.3,59.0,/dl/web/weather/ic-w-04-scattered-clouds-full.svg,Hà Nội,-0.7036762095507965,0,0.5474898563822327,0
2025-06-11 17:00:00+07:00,73.0,11.9,60.0,/dl/web/weather/ic-w-04-scattered-clouds-full.svg,Hà Nội,-0.7036762095507965,0,0.18147176452026312,0
2025-06-11 18:00:00+07:00,79.0,11.9,60.0,/dl/web/weather/ic-w-04-scattered-clouds-full.svg,Hà Nội,-0.5666561170654248,0,0.18147176452026312,0
2025-06-11 19:00:00+07:00,91.0,10.5,67.0,/dl/web/weather/ic-w-04-scattered-clouds-full.svg,Hà Nội,-0.29261593209468173,0,-0.03203878906588584,0
2025-06-11 20:00:00+07:00,69.0,11.3,70.0,/dl/web/weather/ic-w-12-night-rain-full.svg,Hà Nội,-0.7950229378743775,0,0.08996724155477077,0
2025-06-11 21:00:00+07:00,69.0,11.3,70.0,/dl/web/weather/ic-w-12-night-rain-full.svg,Hà Nội,-0.7950229378743775,0,0.08996724155477077,0
2025-06-11 22:00:00+07:00,63.0,11.4,74.0,/dl/web/weather/ic-w-12-night-rain-full.svg,Hà Nội,-0.9320430303597491,0,0.10521799538235278,0
2025-06-11 23:00:00+07:00,64.0,11.6,77.0,/dl/web/weather/ic-w-04-scattered-clouds-full.svg,Hà Nội,-0.9092063482788538,0,0.13571950303751681,0
2025-06-12 00:00:00+07:00,62.0,11.6,79.0,/dl/web/weather/ic-w-04-scattered-clouds-full.svg,Hà Nội,-0.9548797124406443,0,0.13571950303751681,0
2025-06-12 01:00:00+07:00,58.0,14.0,81.0,/dl/web/weather/ic-w-04-scattered-clouds-full.svg,Hà Nội,-1.0462264407642254,0,0.5017375948994864,0
2025-06-12 02:00:00+07:00,66.0,14.0,81.0,/dl/web/weather/ic-w-04-scattered-clouds-full.svg,Hà Nội,-0.8635329841170633,0,0.5017375948994864,0
2025-06-12 03:00:00+07:00,82.0,12.6,82.0,/dl/web/weather/ic-w-12-night-rain-full.svg,Hà Nội,-0.4981460708227391,0,0.28822704131333743,0
2025-06-12 04:00:00+07:00,87.0,12.6,82.0,/dl/web/weather/ic-w-12-night-rain-full.svg,Hà Nội,-0.38396266041826277,0,0.28822704131333743,0
2025-06-12 05:00:00+07:00,94.0,11.1,83.0,/dl/web/weather/ic-w-04-scattered-clouds-full.svg,Hà Nội,-0.22410588585199595,0,0.059465733899606486,0
2025-06-12 06:00:00+07:00,96.0,10.3,83.0,/dl/web/weather/ic-w-12-night-rain-full.svg,Hà Nội,-0.17843252169020543,0,-0.06254029672104987,0
2025-06-12 07:00:00+07:00,98.0,12.4,79.0,/dl/web/weather/ic-w-06-rain-full.svg,Hà Nội,-0.1327591575284149,0,0.2577255336581734,0
2025-06-12 08:00:00+07:00,113.0,5.1,82.0,/dl/web/weather/ic-w-04-scattered-clouds-full.svg,Hà Nội,0.209791073685014,0,-0.8555794957553173,0
2025-06-12 09:00:00+07:00,102.0,11.4,74.0,/dl/web/weather/ic-w-04-scattered-clouds-full.svg,Hà Nội,-0.04141242920483386,0,0.10521799538235278,0
2025-06-12 10:00:00+07:00,74.0,16.7,65.0,/dl/web/weather/ic-w-04-scattered-clouds-full.svg,Hà Nội,-0.6808395274699012,0,0.913507948244202,0
2025-06-12 11:00:00+07:00,69.0,17.4,66.0,/dl/web/weather/ic-w-04-scattered-clouds-full.svg,Hà Nội,-0.7950229378743775,0,1.0202632250372763,0
2025-06-12 12:00:00+07:00,68.0,16.1,64.0,/dl/web/weather/ic-w-04-scattered-clouds-full.svg,Hà Nội,-0.8178596199552728,0,0.82200342527871,0
2025-06-12 13:00:00+07:00,68.0,16.3,63.0,/dl/web/weather/ic-w-04-scattered-clouds-full.svg,Hà Nội,-0.8178596199552728,0,0.852504932933874,0
2025-06-12 14:00:00+07:00,65.0,14.0,65.0,/dl/web/weather/ic-w-04-scattered-clouds-full.svg,Hà Nội,-0.8863696661979585,0,0.5017375948994864,0
2025-06-12 15:00:00+07:00,64.0,13.5,67.0,/dl/web/weather/ic-w-06-rain-full.svg,Hà Nội,-0.9092063482788538,0,0.42548382576157606,0
2025-06-12 16:00:00+07:00,64.0,10.6,71.0,/dl/web/weather/ic-w-04-scattered-clouds-full.svg,Hà Nội,-0.9092063482788538,0,-0.016788035238303835,0
2025-06-12 17:00:00+07:00,62.0,8.7,76.0,/dl/web/weather/ic-w-04-scattered-clouds-full.svg,Hà Nội,-0.9548797124406443,0,-0.30655235796236313,0
2025-06-12 18:00:00+07:00,74.0,8.7,76.0,/dl/web/weather/ic-w-04-scattered-clouds-full.svg,Hà Nội,-0.6808395274699012,0,-0.30655235796236313,0
2025-06-12 19:00:00+07:00,87.0,8.5,80.0,/dl/web/weather/ic-w-04-scattered-clouds-full.svg,Hà Nội,-0.38396266041826277,0,-0.33705386561752715,0
2025-06-12 20:00:00+07:00,139.0,8.0,82.0,/dl/web/weather/ic-w-12-night-rain-full.svg,Hà Nội,0.8035448077882908,0,-0.41330763475543747,0
2025-06-12 21:00:00+07:00,141.0,8.0,82.0,/dl/web/weather/ic-w-12-night-rain-full.svg,Hà Nội,0.8492181719500813,0,-0.41330763475543747,0
2025-06-12 22:00:00+07:00,122.0,9.0,84.0,/dl/web/weather/ic-w-04-scattered-clouds-full.svg,Hà Nội,0.41532121241307135,0,-0.2608000964796168,0
2025-06-12 23:00:00+07:00,110.0,11.7,84.0,/dl/web/weather/ic-w-04-scattered-clouds-full.svg,Hà Nội,0.14128102744232823,0,0.15097025686509882,0
2025-06-13 00:00:00+07:00,109.0,15.9,82.0,/dl/web/weather/ic-w-04-scattered-clouds-full.svg,Hà Nội,0.11844434536143297,0,0.7915019176235457,0
2025-06-13 01:00:00+07:00,89.0,14.8,82.0,/dl/web/weather/ic-w-12-night-rain-full.svg,Hà Nội,-0.33828929625647225,0,0.6237436255201431,0
2025-06-13 02:00:00+07:00,69.0,14.8,82.0,/dl/web/weather/ic-w-12-night-rain-full.svg,Hà Nội,-0.7950229378743775,0,0.6237436255201431,0
2025-06-13 03:00:00+07:00,73.0,19.3,90.0,/dl/web/weather/ic-w-04-scattered-clouds-full.svg,Hà Nội,-0.7036762095507965,0,1.310027547761336,0
2025-06-13 04:00:00+07:00,82.0,17.2,89.0,/dl/web/weather/ic-w-04-scattered-clouds-full.svg,Hà Nội,-0.4981460708227391,0,0.9897617173821124,0
2025-06-13 05:00:00+07:00,96.0,17.2,89.0,/dl/web/weather/ic-w-04-scattered-clouds-full.svg,Hà Nội,-0.17843252169020543,0,0.9897617173821124,0
2025-06-13 06:00:00+07:00,105.0,15.0,91.0,/dl/web/weather/ic-w-04-scattered-clouds-full.svg,Hà Nội,0.027097617037851927,0,0.6542451331753071,0
2025-06-13 07:00:00+07:00,88.0,14.0,88.0,/dl/web/weather/ic-w-06-rain-full.svg,Hà Nội,-0.36112597833736754,0,0.5017375948994864,0
2025-06-13 08:00:00+07:00,85.0,20.0,80.0,/dl/web/weather/ic-w-04-scattered-clouds-full.svg,Hà Nội,-0.4296360245800533,0,1.4167828245544103,0
2025-06-13 09:00:00+07:00,75.0,20.1,73.0,/dl/web/weather/ic-w-06-rain-full.svg,Hà Nội,-0.6580028453890059,0,1.4320335783819926,0
2025-06-13 10:00:00+07:00,47.0,20.8,66.0,/dl/web/weather/ic-w-06-rain-full.svg,Hà Nội,-1.2974299436540733,0,1.5387888551750668,0
2025-06-13 11:00:00+07:00,49.0,19.8,63.0,/dl/web/weather/ic-w-06-rain-full.svg,Hà Nội,-1.2517565794922827,0,1.3862813168992463,0
2025-06-13 12:00:00+07:00,52.0,18.2,65.0,/dl/web/weather/ic-w-04-scattered-clouds-full.svg,Hà Nội,-1.183246533249597,0,1.142269255657933,0
2025-06-13 13:00:00+07:00,38.0,17.2,65.0,/dl/web/weather/ic-w-04-scattered-clouds-full.svg,Hà Nội,-1.5029600823821305,0,0.9897617173821124,0
2025-06-13 14:00:00+07:00,24.0,15.4,61.0,/dl/web/weather/ic-w-04-scattered-clouds-full.svg,Hà Nội,-1.8226736315146643,0,0.7152481484856353,0
2025-06-13 15:00:00+07:00,28.0,15.4,61.0,/dl/web/weather/ic-w-04-scattered-clouds-full.svg,Hà Nội,-1.7313269031910832,0,0.7152481484856353,0
2025-06-13 16:00:00+07:00,29.0,15.4,64.0,/dl/web/weather/ic-w-04-scattered-clouds-full.svg,Hà Nội,-1.708490221110188,0,0.7152481484856353,0
2025-06-13 17:00:00+07:00,33.0,18.7,61.0,/dl/web/weather/ic-w-04-scattered-clouds-full.svg,Hà Nội,-1.6171434927866069,0,1.2185230247958434,0
2025-06-13 18:00:00+07:00,50.0,16.4,69.0,/dl/web/weather/ic-w-04-scattered-clouds-full.svg,Hà Nội,-1.2289198974113875,0,0.8677556867614558,0
2025-06-13 19:00:00+07:00,58.0,9.5,74.0,/dl/web/weather/ic-w-04-scattered-clouds-full.svg,Hà Nội,-1.0462264407642254,0,-0.18454632734170648,0
2025-06-13 20:00:00+07:00,93.0,9.0,77.0,/dl/web/weather/ic-w-10-night-clear-sky-full.svg,Hà Nội,-0.2469425679328912,0,-0.2608000964796168,0
2025-06-13 21:00:00+07:00,90.0,9.0,77.0,/dl/web/weather/ic-w-10-night-clear-sky-full.svg,Hà Nội,-0.315452614175577,0,-0.2608000964796168,0
2025-06-13 22:00:00+07:00,73.0,8.9,82.0,/dl/web/weather/ic-w-12-night-rain-full.svg,Hà Nội,-0.7036762095507965,0,-0.27605085030719884,0
2025-06-13 23:00:00+07:00,66.0,8.2,81.0,/dl/web/weather/ic-w-12-night-rain-full.svg,Hà Nội,-0.8635329841170633,0,-0.38280612710027345,0
2025-06-14 00:00:00+07:00,64.0,8.2,81.0,/dl/web/weather/ic-w-12-night-rain-full.svg,Hà Nội,-0.9092063482788538,0,-0.38280612710027345,0
2025-06-14 01:00:00+07:00,62.0,8.5,85.0,/dl/web/weather/ic-w-12-night-rain-full.svg,Hà Nội,-0.9548797124406443,0,-0.33705386561752715,0
2025-06-14 02:00:00+07:00,69.0,8.5,85.0,/dl/web/weather/ic-w-12-night-rain-full.svg,Hà Nội,-0.7950229378743775,0,-0.33705386561752715,0
2025-06-14 03:00:00+07:00,77.0,10.6,86.0,/dl/web/weather/ic-w-12-night-rain-full.svg,Hà Nội,-0.6123294812272154,0,-0.016788035238303835,0
2025-06-14 04:00:00+07:00,77.0,8.2,86.0,/dl/web/weather/ic-w-12-night-rain-full.svg,Hà Nội,-0.6123294812272154,0,-0.38280612710027345,0
2025-06-14 05:00:00+07:00,59.0,8.4,87.0,/dl/web/weather/ic-w-12-night-rain-full.svg,Hà Nội,-1.02338975868333,0,-0.35230461944510916,0
2025-06-14 06:00:00+07:00,66.0,9.8,88.0,/dl/web/weather/ic-w-12-night-rain-full.svg,Hà Nội,-0.8635329841170633,0,-0.13879406585896018,0
2025-06-14 07:00:00+07:00,67.0,9.5,79.0,/dl/web/weather/ic-w-06-rain-full.svg,Hà Nội,-0.840696302036168,0,-0.18454632734170648,0
2025-06-14 08:00:00+07:00,66.0,12.7,70.0,/dl/web/weather/ic-w-06-rain-full.svg,Hà Nội,-0.8635329841170633,0,0.30347779514091944,0
2025-06-14 09:00:00+07:00,58.0,11.3,62.0,/dl/web/weather/ic-w-06-rain-full.svg,Hà Nội,-1.0462264407642254,0,0.08996724155477077,0
2025-06-14 10:00:00+07:00,54.0,10.3,57.0,/dl/web/weather/ic-w-06-rain-full.svg,Hà Nội,-1.1375731690878064,0,-0.06254029672104987,0
2025-06-14 11:00:00+07:00,54.0,9.3,53.0,/dl/web/weather/ic-w-06-rain-full.svg,Hà Nội,-1.1375731690878064,0,-0.2150478349968705,0
2025-06-14 12:00:00+07:00,58.0,9.3,53.0,/dl/web/weather/ic-w-06-rain-full.svg,Hà Nội,-1.0462264407642254,0,-0.2150478349968705,0
2025-06-14 13:00:00+07:00,53.0,9.0,48.0,/dl/web/weather/ic-w-06-rain-full.svg,Hà Nội,-1.1604098511687018,0,-0.2608000964796168,0
2025-06-14 14:00:00+07:00,44.0,9.0,48.0,/dl/web/weather/ic-w-06-rain-full.svg,Hà Nội,-1.365939989896759,0,-0.2608000964796168,0
2025-06-14 15:00:00+07:00,44.0,4.5,46.0,/dl/web/weather/ic-w-04-scattered-clouds-full.svg,Hà Nội,-1.365939989896759,0,-0.9470840187208097,0
2025-06-14 16:00:00+07:00,50.0,1.1,45.0,/dl/web/weather/ic-w-04-scattered-clouds-full.svg,Hà Nội,-1.2289198974113875,0,-1.4656096488586,0
2025-06-14 17:00:00+07:00,56.0,6.1,49.0,/dl/web/weather/ic-w-04-scattered-clouds-full.svg,Hà Nội,-1.0918998049260158,0,-0.7030719574794967,0
2025-06-14 18:00:00+07:00,60.0,6.1,49.0,/dl/web/weather/ic-w-04-scattered-clouds-full.svg,Hà Nội,-1.0005530766024349,0,-0.7030719574794967,0
2025-06-14 19:00:00+07:00,68.0,17.4,68.0,/dl/web/weather/ic-w-04-scattered-clouds-full.svg,Hà Nội,-0.8178596199552728,0,1.0202632250372763,0
2025-06-14 20:00:00+07:00,161.0,19.2,74.0,/dl/web/weather/ic-w-04-scattered-clouds-full.svg,Hà Nội,1.3059518135679866,0,1.2947767939337536,0
2025-06-14 21:00:00+07:00,107.0,19.2,74.0,/dl/web/weather/ic-w-04-scattered-clouds-full.svg,Hà Nội,0.07277098119964245,0,1.2947767939337536,0
2025-06-14 22:00:00+07:00,193.0,16.1,77.0,/dl/web/weather/ic-w-04-scattered-clouds-full.svg,Hà Nội,2.036725640156635,0,0.82200342527871,0
2025-06-14 23:00:00+07:00,179.0,14.0,80.0,/dl/web/weather/ic-w-04-scattered-clouds-full.svg,Hà Nội,1.7170120910241014,0,0.5017375948994864,0
2025-06-15 00:00:00+07:00,163.0,10.9,83.0,/dl/web/weather/ic-w-04-scattered-clouds-full.svg,Hà Nội,1.3516251777297772,0,0.028964226244442465,0
2025-06-15 01:00:00+07:00,181.0,7.7,86.0,/dl/web/weather/ic-w-04-scattered-clouds-full.svg,Hà Nội,1.7626854551858917,0,-0.4590598962381836,0
2025-06-15 02:00:00+07:00,167.0,7.7,86.0,/dl/web/weather/ic-w-04-scattered-clouds-full.svg,Hà Nội,1.4429719060533581,0,-0.4590598962381836,0
2025-06-15 03:00:00+07:00,107.0,4.3,89.0,/dl/web/weather/ic-w-04-scattered-clouds-full.svg,Hà Nội,0.07277098119964245,0,-0.9775855263759738,0
2025-06-15 04:00:00+07:00,94.0,4.3,89.0,/dl/web/weather/ic-w-04-scattered-clouds-full.svg,Hà Nội,-0.22410588585199595,0,-0.9775855263759738,0
2025-06-15 05:00:00+07:00,99.0,4.8,90.0,/dl/web/weather/ic-w-04-scattered-clouds-full.svg,Hà Nội,-0.10992247544751964,0,-0.9013317572380636,0
2025-06-15 06:00:00+07:00,95.0,6.1,91.0,/dl/web/weather/ic-w-04-scattered-clouds-full.svg,Hà Nội,-0.2012692037711007,0,-0.7030719574794967,0
2025-06-15 07:00:00+07:00,89.0,6.3,86.0,/dl/web/weather/ic-w-04-scattered-clouds-full.svg,Hà Nội,-0.33828929625647225,0,-0.6725704498243326,0
2025-06-15 08:00:00+07:00,94.0,4.5,79.0,/dl/web/weather/ic-w-04-scattered-clouds-full.svg,Hà Nội,-0.22410588585199595,0,-0.9470840187208097,0
2025-06-15 09:00:00+07:00,91.0,5.5,73.0,/dl/web/weather/ic-w-04-scattered-clouds-full.svg,Hà Nội,-0.29261593209468173,0,-0.7945764804449891,0
2025-06-15 10:00:00+07:00,96.0,5.5,69.0,/dl/web/weather/ic-w-04-scattered-clouds-full.svg,Hà Nội,-0.17843252169020543,0,-0.7945764804449891,0
2025-06-15 11:00:00+07:00,105.0,3.4,64.0,/dl/web/weather/ic-w-04-scattered-clouds-full.svg,Hà Nội,0.027097617037851927,0,-1.1148423108242123,0
2025-06-15 12:00:00+07:00,96.0,1.4,62.0,/dl/web/weather/ic-w-04-scattered-clouds-full.svg,Hà Nội,-0.17843252169020543,0,-1.4198573873758535,0
2025-06-15 13:00:00+07:00,94.0,6.9,54.0,/dl/web/weather/ic-w-04-scattered-clouds-full.svg,Hà Nội,-0.22410588585199595,0,-0.5810659268588401,0
2025-06-15 14:00:00+07:00,90.0,7.6,58.0,/dl/web/weather/ic-w-04-scattered-clouds-full.svg,Hà Nội,-0.315452614175577,0,-0.4743106500657658,0
2025-06-15 15:00:00+07:00,88.0,7.9,49.0,/dl/web/weather/ic-w-04-scattered-clouds-full.svg,Hà Nội,-0.36112597833736754,0,-0.4285583885830195,0
2025-06-15 16:00:00+07:00,73.0,6.3,45.0,/dl/web/weather/ic-w-04-scattered-clouds-full.svg,Hà Nội,-0.7036762095507965,0,-0.6725704498243326,0
2025-06-15 17:00:00+07:00,73.0,6.3,45.0,/dl/web/weather/ic-w-04-scattered-clouds-full.svg,Hà Nội,-0.7036762095507965,0,-0.6725704498243326,0
2025-06-15 18:00:00+07:00,80.0,2.4,48.0,/dl/web/weather/ic-w-04-scattered-clouds-full.svg,Hà Nội,-0.5438194349845296,0,-1.267349849100033,0
2025-06-15 19:00:00+07:00,91.0,22.0,71.0,/dl/web/weather/ic-w-12-night-rain-full.svg,Hà Nội,-0.29261593209468173,0,1.7217979011060516,0
2025-06-15 20:00:00+07:00,67.0,18.0,78.0,/dl/web/weather/ic-w-12-night-rain-full.svg,Hà Nội,-0.840696302036168,0,1.111767748002769,0
2025-06-15 21:00:00+07:00,67.0,18.0,78.0,/dl/web/weather/ic-w-12-night-rain-full.svg,Hà Nội,-0.840696302036168,0,1.111767748002769,0
2025-06-15 22:00:00+07:00,65.0,7.1,87.0,/dl/web/weather/ic-w-12-night-rain-full.svg,Hà Nội,-0.8863696661979585,0,-0.550564419203676,0
2025-06-15 23:00:00+07:00,62.0,6.3,91.0,/dl/web/weather/ic-w-12-night-rain-full.svg,Hà Nội,-0.9548797124406443,0,-0.6725704498243326,0
2025-06-16 00:00:00+07:00,56.0,6.3,91.0,/dl/web/weather/ic-w-12-night-rain-full.svg,Hà Nội,-1.0918998049260158,0,-0.6725704498243326,0
2025-06-16 01:00:00+07:00,60.0,10.6,90.0,/dl/web/weather/ic-w-04-scattered-clouds-full.svg,Hà Nội,-1.0005530766024349,0,-0.016788035238303835,0
2025-06-16 02:00:00+07:00,73.0,10.6,90.0,/dl/web/weather/ic-w-04-scattered-clouds-full.svg,Hà Nội,-0.7036762095507965,0,-0.016788035238303835,0
2025-06-16 03:00:00+07:00,82.0,7.7,90.0,/dl/web/weather/ic-w-04-scattered-clouds-full.svg,Hà Nội,-0.4981460708227391,0,-0.4590598962381836,0
2025-06-16 04:00:00+07:00,86.0,6.6,90.0,/dl/web/weather/ic-w-12-night-rain-full.svg,Hà Nội,-0.40679934249915806,0,-0.6268181883415864,0
2025-06-16 05:00:00+07:00,81.0,3.5,90.0,/dl/web/weather/ic-w-12-night-rain-full.svg,Hà Nội,-0.5209827529036344,0,-1.0995915569966304,0
2025-06-16 06:00:00+07:00,76.0,6.9,91.0,/dl/web/weather/ic-w-04-scattered-clouds-full.svg,Hà Nội,-0.6351661633081107,0,-0.5810659268588401,0
2025-06-16 07:00:00+07:00,84.0,8.7,86.0,/dl/web/weather/ic-w-04-scattered-clouds-full.svg,Hà Nội,-0.4524727066609486,0,-0.30655235796236313,0
2025-06-16 08:00:00+07:00,105.0,7.9,89.0,/dl/web/weather/ic-w-04-scattered-clouds-full.svg,Hà Nội,0.027097617037851927,0,-0.4285583885830195,0
2025-06-16 09:00:00+07:00,90.0,6.8,90.0,/dl/web/weather/ic-w-04-scattered-clouds-full.svg,Hà Nội,-0.315452614175577,0,-0.5963166806864223,0
2025-06-16 10:00:00+07:00,92.0,6.4,89.0,/dl/web/weather/ic-w-04-scattered-clouds-full.svg,Hà Nội,-0.2697792500137865,0,-0.6573196959967504,0
2025-06-16 11:00:00+07:00,111.0,6.1,90.0,/dl/web/weather/ic-w-06-rain-full.svg,Hà Nội,0.1641177095232235,0,-0.7030719574794967,0
2025-06-16 12:00:00+07:00,111.0,8.2,89.0,/dl/web/weather/ic-w-06-rain-full.svg,Hà Nội,0.1641177095232235,0,-0.38280612710027345,0
2025-06-16 13:00:00+07:00,132.0,7.4,78.0,/dl/web/weather/ic-w-06-rain-full.svg,Hà Nội,0.643688033222024,0,-0.5048121577209298,0
2025-06-16 14:00:00+07:00,101.0,9.8,83.0,/dl/web/weather/ic-w-06-rain-full.svg,Hà Nội,-0.06424911128572912,0,-0.13879406585896018,0
2025-06-16 15:00:00+07:00,76.0,8.2,84.0,/dl/web/weather/ic-w-04-scattered-clouds-full.svg,Hà Nội,-0.6351661633081107,0,-0.38280612710027345,0
2025-06-16 16:00:00+07:00,81.0,4.5,83.0,/dl/web/weather/ic-w-04-scattered-clouds-full.svg,Hà Nội,-0.5209827529036344,0,-0.9470840187208097,0
2025-06-16 17:00:00+07:00,95.0,4.5,78.0,/dl/web/weather/ic-w-04-scattered-clouds-full.svg,Hà Nội,-0.2012692037711007,0,-0.9470840187208097,0
2025-06-16 18:00:00+07:00,119.0,4.5,78.0,/dl/web/weather/ic-w-04-scattered-clouds-full.svg,Hà Nội,0.3468111661703856,0,-0.9470840187208097,0
2025-06-16 19:00:00+07:00,149.0,0.8,78.0,/dl/web/weather/ic-w-04-scattered-clouds-full.svg,Hà Nội,1.0319116285972434,0,-1.511361910341346,0
2025-06-16 20:00:00+07:00,76.0,7.9,78.0,/dl/web/weather/ic-w-12-night-rain-full.svg,Hà Nội,-0.6351661633081107,0,-0.4285583885830195,0
2025-06-17 04:00:00+07:00,134.0,5.1,90.0,/dl/web/weather/ic-w-04-scattered-clouds-full.svg,Hà Nội,0.6893613973838145,0,-0.8555794957553173,0
2025-06-17 05:00:00+07:00,138.0,3.7,89.0,/dl/web/weather/ic-w-04-scattered-clouds-full.svg,Hà Nội,0.7807081257073956,0,-1.0690900493414661,0
2025-06-17 06:00:00+07:00,160.0,1.6,88.0,/dl/web/weather/ic-w-04-scattered-clouds-full.svg,Hà Nội,1.2831151314870912,0,-1.3893558797206895,0
2025-06-17 07:00:00+07:00,158.0,0.8,83.0,/dl/web/weather/ic-w-04-scattered-clouds-full.svg,Hà Nội,1.2374417673253009,0,-1.511361910341346,0
2025-06-17 08:00:00+07:00,157.0,1.0,83.0,/dl/web/weather/ic-w-04-scattered-clouds-full.svg,Hà Nội,1.2146050852444055,0,-1.480860402686182,0
2025-06-17 09:00:00+07:00,158.0,1.0,77.0,/dl/web/weather/ic-w-06-rain-full.svg,Hà Nội,1.2374417673253009,0,-1.480860402686182,0
2025-06-17 10:00:00+07:00,132.0,6.2,68.0,/dl/web/weather/ic-w-06-rain-full.svg,Hà Nội,0.643688033222024,0,-0.6878212036519146,0
2025-06-17 11:00:00+07:00,117.0,9.8,62.0,/dl/web/weather/ic-w-06-rain-full.svg,Hà Nội,0.3011378020085951,0,-0.13879406585896018,0
2025-06-17 12:00:00+07:00,107.0,10.0,79.0,/dl/web/weather/ic-w-06-rain-full.svg,Hà Nội,0.07277098119964245,0,-0.10829255820379617,0
2025-06-17 13:00:00+07:00,99.0,12.6,64.0,/dl/web/weather/ic-w-04-scattered-clouds-full.svg,Hà Nội,-0.10992247544751964,0,0.28822704131333743,0
2025-06-17 14:00:00+07:00,90.0,13.0,70.0,/dl/web/weather/ic-w-04-scattered-clouds-full.svg,Hà Nội,-0.315452614175577,0,0.34923005662366574,0
2025-06-17 15:00:00+07:00,71.0,10.5,65.0,/dl/web/weather/ic-w-04-scattered-clouds-full.svg,Hà Nội,-0.7493495737125869,0,-0.03203878906588584,0
2025-06-17 16:00:00+07:00,56.0,9.2,63.0,/dl/web/weather/ic-w-04-scattered-clouds-full.svg,Hà Nội,-1.0918998049260158,0,-0.23029858882445278,0
2025-06-17 17:00:00+07:00,41.0,15.1,66.0,/dl/web/weather/ic-w-04-scattered-clouds-full.svg,Hà Nội,-1.4344500361394448,0,0.6694958870028891,0
2025-06-17 18:00:00+07:00,39.0,15.1,66.0,/dl/web/weather/ic-w-04-scattered-clouds-full.svg,Hà Nội,-1.4801234003012353,0,0.6694958870028891,0
2025-06-17 19:00:00+07:00,44.0,23.2,84.0,/dl/web/weather/ic-w-04-scattered-clouds-full.svg,Hà Nội,-1.365939989896759,0,1.9048069470370361,0
2025-06-17 20:00:00+07:00,181.0,15.9,80.0,/dl/web/weather/ic-w-04-scattered-clouds-full.svg,Hà Nội,1.7626854551858917,0,0.7915019176235457,0
2025-06-17 22:00:00+07:00,86.0,17.1,80.0,/dl/web/weather/ic-w-12-night-rain-full.svg,Hà Nội,-0.40679934249915806,0,0.9745109635545306,0
2025-06-17 23:00:00+07:00,33.0,14.8,81.0,/dl/web/weather/ic-w-12-night-rain-full.svg,Hà Nội,-1.6171434927866069,0,0.6237436255201431,0
2025-06-18 00:00:00+07:00,28.0,10.1,81.0,/dl/web/weather/ic-w-04-scattered-clouds-full.svg,Hà Nội,-1.7313269031910832,0,-0.09304180437621416,0
2025-06-18 03:00:00+07:00,44.0,9.3,86.0,/dl/web/weather/ic-w-04-scattered-clouds-full.svg,Hà Nội,-1.365939989896759,0,-0.2150478349968705,0
2025-06-18 05:00:00+07:00,50.0,7.4,86.0,/dl/web/weather/ic-w-04-scattered-clouds-full.svg,Hà Nội,-1.2289198974113875,0,-0.5048121577209298,0
2025-06-18 06:00:00+07:00,41.0,7.4,86.0,/dl/web/weather/ic-w-04-scattered-clouds-full.svg,Hà Nội,-1.4344500361394448,0,-0.5048121577209298,0
2025-06-18 07:00:00+07:00,44.0,7.7,84.0,/dl/web/weather/ic-w-04-scattered-clouds-full.svg,Hà Nội,-1.365939989896759,0,-0.4590598962381836,0
2025-06-18 08:00:00+07:00,56.0,13.2,85.0,/dl/web/weather/ic-w-04-scattered-clouds-full.svg,Hà Nội,-1.0918998049260158,0,0.37973156427882976,0
2025-06-18 09:00:00+07:00,56.0,14.0,81.0,/dl/web/weather/ic-w-04-scattered-clouds-full.svg,Hà Nội,-1.0918998049260158,0,0.5017375948994864,0
2025-06-18 11:00:00+07:00,55.0,15.1,73.0,/dl/web/weather/ic-w-04-scattered-clouds-full.svg,Hà Nội,-1.1147364870069112,0,0.6694958870028891,0
2025-06-18 12:00:00+07:00,55.0,14.5,69.0,/dl/web/weather/ic-w-04-scattered-clouds-full.svg,Hà Nội,-1.1147364870069112,0,0.5779913640373967,0
2025-06-18 13:00:00+07:00,53.0,13.7,62.0,/dl/web/weather/ic-w-04-scattered-clouds-full.svg,Hà Nội,-1.1604098511687018,0,0.4559853334167401,0
2025-06-18 14:00:00+07:00,44.0,14.0,56.0,/dl/web/weather/ic-w-04-scattered-clouds-full.svg,Hà Nội,-1.365939989896759,0,0.5017375948994864,0
2025-06-18 15:00:00+07:00,28.0,12.6,58.0,/dl/web/weather/ic-w-04-scattered-clouds-full.svg,Hà Nội,-1.7313269031910832,0,0.28822704131333743,0
2025-06-18 16:00:00+07:00,28.0,13.2,58.0,/dl/web/weather/ic-w-04-scattered-clouds-full.svg,Hà Nội,-1.7313269031910832,0,0.37973156427882976,0
2025-06-18 17:00:00+07:00,22.0,19.5,61.0,/dl/web/weather/ic-w-04-scattered-clouds-full.svg,Hà Nội,-1.8683469956764547,0,1.3405290554165,0
2025-06-18 18:00:00+07:00,32.0,19.5,61.0,/dl/web/weather/ic-w-04-scattered-clouds-full.svg,Hà Nội,-1.6399801748675022,0,1.3405290554165,0
2025-06-18 19:00:00+07:00,64.0,21.6,71.0,/dl/web/weather/ic-w-04-scattered-clouds-full.svg,Hà Nội,-0.9092063482788538,0,1.6607948857957235,0
2025-06-18 20:00:00+07:00,175.0,22.0,79.0,/dl/web/weather/ic-w-04-scattered-clouds-full.svg,Hà Nội,1.6256653627005202,0,1.7217979011060516,0
2025-06-18 22:00:00+07:00,171.0,22.4,80.0,/dl/web/weather/ic-w-04-scattered-clouds-full.svg,Hà Nội,1.5343186343769393,0,1.7828009164163796,0
2025-06-18 23:00:00+07:00,156.0,22.9,83.0,/dl/web/weather/ic-w-04-scattered-clouds-full.svg,Hà Nội,1.1917684031635103,0,1.85905468555429,0
2025-06-19 00:00:00+07:00,92.0,23.5,85.0,/dl/web/weather/ic-w-04-scattered-clouds-full.svg,Hà Nội,-0.2697792500137865,0,1.9505592085197825,0
2025-06-19 01:00:00+07:00,73.0,21.4,86.0,/dl/web/weather/ic-w-04-scattered-clouds-full.svg,Hà Nội,-0.7036762095507965,0,1.6302933781405589,0
2025-06-19 02:00:00+07:00,68.0,21.4,86.0,/dl/web/weather/ic-w-04-scattered-clouds-full.svg,Hà Nội,-0.8178596199552728,0,1.6302933781405589,0
2025-06-19 03:00:00+07:00,68.0,17.2,87.0,/dl/web/weather/ic-w-04-scattered-clouds-full.svg,Hà Nội,-0.8178596199552728,0,0.9897617173821124,0
2025-06-19 04:00:00+07:00,69.0,17.2,87.0,/dl/web/weather/ic-w-04-scattered-clouds-full.svg,Hà Nội,-0.7950229378743775,0,0.9897617173821124,0
2025-06-19 05:00:00+07:00,69.0,13.4,88.0,/dl/web/weather/ic-w-12-night-rain-full.svg,Hà Nội,-0.7950229378743775,0,0.41023307193399405,0
2025-06-19 06:00:00+07:00,68.0,13.7,87.0,/dl/web/weather/ic-w-06-rain-full.svg,Hà Nội,-0.8178596199552728,0,0.4559853334167401,0
2025-06-19 07:00:00+07:00,68.0,11.9,78.0,/dl/web/weather/ic-w-06-rain-full.svg,Hà Nội,-0.8178596199552728,0,0.18147176452026312,0
2025-06-19 08:00:00+07:00,77.0,11.6,78.0,/dl/web/weather/ic-w-04-scattered-clouds-full.svg,Hà Nội,-0.6123294812272154,0,0.13571950303751681,0
2025-06-19 09:00:00+07:00,79.0,11.4,64.0,/dl/web/weather/ic-w-04-scattered-clouds-full.svg,Hà Nội,-0.5666561170654248,0,0.10521799538235278,0
2025-06-19 10:00:00+07:00,77.0,10.0,57.0,/dl/web/weather/ic-w-04-scattered-clouds-full.svg,Hà Nội,-0.6123294812272154,0,-0.10829255820379617,0
2025-06-19 11:00:00+07:00,69.0,9.8,53.0,/dl/web/weather/ic-w-04-scattered-clouds-full.svg,Hà Nội,-0.7950229378743775,0,-0.13879406585896018,0
2025-06-19 12:00:00+07:00,75.0,7.6,56.0,/dl/web/weather/ic-w-04-scattered-clouds-full.svg,Hà Nội,-0.6580028453890059,0,-0.4743106500657658,0
2025-06-19 13:00:00+07:00,64.0,9.3,49.0,/dl/web/weather/ic-w-04-scattered-clouds-full.svg,Hà Nội,-0.9092063482788538,0,-0.2150478349968705,0
2025-06-19 14:00:00+07:00,53.0,8.5,52.0,/dl/web/weather/ic-w-04-scattered-clouds-full.svg,Hà Nội,-1.1604098511687018,0,-0.33705386561752715,0
2025-06-19 15:00:00+07:00,39.0,12.4,48.0,/dl/web/weather/ic-w-04-scattered-clouds-full.svg,Hà Nội,-1.4801234003012353,0,0.2577255336581734,0
2025-06-19 16:00:00+07:00,33.0,16.6,50.0,/dl/web/weather/ic-w-04-scattered-clouds-full.svg,Hà Nội,-1.6171434927866069,0,0.8982571944166203,0
2025-06-19 17:00:00+07:00,33.0,16.6,50.0,/dl/web/weather/ic-w-04-scattered-clouds-full.svg,Hà Nội,-1.6171434927866069,0,0.8982571944166203,0
2025-06-19 18:00:00+07:00,54.0,23.8,61.0,/dl/web/weather/ic-w-06-rain-full.svg,Hà Nội,-1.1375731690878064,0,1.9963114700025288,0
2025-06-19 19:00:00+07:00,73.0,19.8,70.0,/dl/web/weather/ic-w-04-scattered-clouds-full.svg,Hà Nội,-0.7036762095507965,0,1.3862813168992463,0
2025-06-19 20:00:00+07:00,213.0,17.5,72.0,/dl/web/weather/ic-w-04-scattered-clouds-full.svg,Hà Nội,2.4934592817745402,0,1.0355139788648586,0
2025-06-19 21:00:00+07:00,213.0,17.4,72.0,/dl/web/weather/ic-w-04-scattered-clouds-full.svg,Hà Nội,2.4934592817745402,0,1.0202632250372763,0
2025-06-19 22:00:00+07:00,208.0,19.6,78.0,/dl/web/weather/ic-w-04-scattered-clouds-full.svg,Hà Nội,2.379275871370064,0,1.3557798092440823,0
2025-06-19 23:00:00+07:00,188.0,19.5,79.0,/dl/web/weather/ic-w-04-scattered-clouds-full.svg,Hà Nội,1.9225422297521586,0,1.3405290554165,0
2025-06-20 00:00:00+07:00,168.0,18.0,82.0,/dl/web/weather/ic-w-04-scattered-clouds-full.svg,Hà Nội,1.4658085881342535,0,1.111767748002769,0
2025-06-20 01:00:00+07:00,137.0,18.5,85.0,/dl/web/weather/ic-w-04-scattered-clouds-full.svg,Hà Nội,0.7578714436265003,0,1.1880215171406794,0
2025-06-20 02:00:00+07:00,79.0,18.5,85.0,/dl/web/weather/ic-w-04-scattered-clouds-full.svg,Hà Nội,-0.5666561170654248,0,1.1880215171406794,0
2025-06-20 03:00:00+07:00,69.0,14.2,90.0,/dl/web/weather/ic-w-04-scattered-clouds-full.svg,Hà Nội,-0.7950229378743775,0,0.5322391025546505,0
2025-06-20 04:00:00+07:00,69.0,14.0,91.0,/dl/web/weather/ic-w-12-night-rain-full.svg,Hà Nội,-0.7950229378743775,0,0.5017375948994864,0
2025-06-20 05:00:00+07:00,69.0,14.0,91.0,/dl/web/weather/ic-w-12-night-rain-full.svg,Hà Nội,-0.7950229378743775,0,0.5017375948994864,0
2025-06-20 06:00:00+07:00,71.0,12.6,91.0,/dl/web/weather/ic-w-04-scattered-clouds-full.svg,Hà Nội,-0.7493495737125869,0,0.28822704131333743,0
2025-06-20 07:00:00+07:00,71.0,13.0,84.0,/dl/web/weather/ic-w-04-scattered-clouds-full.svg,Hà Nội,-0.7493495737125869,0,0.34923005662366574,0
2025-06-20 08:00:00+07:00,77.0,13.2,77.0,/dl/web/weather/ic-w-04-scattered-clouds-full.svg,Hà Nội,-0.6123294812272154,0,0.37973156427882976,0
2025-06-20 09:00:00+07:00,76.0,12.1,71.0,/dl/web/weather/ic-w-04-scattered-clouds-full.svg,Hà Nội,-0.6351661633081107,0,0.21197327217542714,0
2025-06-20 10:00:00+07:00,96.0,10.0,64.0,/dl/web/weather/ic-w-04-scattered-clouds-full.svg,Hà Nội,-0.17843252169020543,0,-0.10829255820379617,0
2025-06-20 11:00:00+07:00,96.0,7.4,60.0,/dl/web/weather/ic-w-04-scattered-clouds-full.svg,Hà Nội,-0.17843252169020543,0,-0.5048121577209298,0
2025-06-20 12:00:00+07:00,96.0,5.8,57.0,/dl/web/weather/ic-w-04-scattered-clouds-full.svg,Hà Nội,-0.17843252169020543,0,-0.7488242189622429,0
2025-06-20 13:00:00+07:00,96.0,4.7,52.0,/dl/web/weather/ic-w-04-scattered-clouds-full.svg,Hà Nội,-0.17843252169020543,0,-0.9165825110656456,0
2025-06-20 14:00:00+07:00,92.0,3.9,61.0,/dl/web/weather/ic-w-04-scattered-clouds-full.svg,Hà Nội,-0.2697792500137865,0,-1.038588541686302,0
2025-06-20 15:00:00+07:00,82.0,6.4,64.0,/dl/web/weather/ic-w-04-scattered-clouds-full.svg,Hà Nội,-0.4981460708227391,0,-0.6573196959967504,0
2025-06-20 16:00:00+07:00,68.0,6.4,64.0,/dl/web/weather/ic-w-04-scattered-clouds-full.svg,Hà Nội,-0.8178596199552728,0,-0.6573196959967504,0
2025-06-20 17:00:00+07:00,68.0,10.1,70.0,/dl/web/weather/ic-w-06-rain-full.svg,Hà Nội,-0.8178596199552728,0,-0.09304180437621416,0
2025-06-20 18:00:00+07:00,99.0,7.6,72.0,/dl/web/weather/ic-w-06-rain-full.svg,Hà Nội,-0.10992247544751964,0,-0.4743106500657658,0
2025-06-20 19:00:00+07:00,165.0,10.3,81.0,/dl/web/weather/ic-w-12-night-rain-full.svg,Hà Nội,1.3972985418915675,0,-0.06254029672104987,0
2025-06-20 20:00:00+07:00,162.0,10.5,84.0,/dl/web/weather/ic-w-12-night-rain-full.svg,Hà Nội,1.3287884956488818,0,-0.03203878906588584,0
2025-06-20 22:00:00+07:00,171.0,8.5,86.0,/dl/web/weather/ic-w-04-scattered-clouds-full.svg,Hà Nội,1.5343186343769393,0,-0.33705386561752715,0
2025-06-20 23:00:00+07:00,163.0,10.3,87.0,/dl/web/weather/ic-w-04-scattered-clouds-full.svg,Hà Nội,1.3516251777297772,0,-0.06254029672104987,0
2025-06-21 00:00:00+07:00,147.0,10.3,87.0,/dl/web/weather/ic-w-04-scattered-clouds-full.svg,Hà Nội,0.9862382644354529,0,-0.06254029672104987,0
2025-06-21 02:00:00+07:00,68.0,14.5,92.0,/dl/web/weather/ic-w-12-night-rain-full.svg,Hà Nội,-0.8178596199552728,0,0.5779913640373967,0
2025-06-21 03:00:00+07:00,68.0,14.6,92.0,/dl/web/weather/ic-w-12-night-rain-full.svg,Hà Nội,-0.8178596199552728,0,0.5932421178649787,0
2025-06-21 04:00:00+07:00,68.0,14.6,92.0,/dl/web/weather/ic-w-12-night-rain-full.svg,Hà Nội,-0.8178596199552728,0,0.5932421178649787,0
2025-06-21 05:00:00+07:00,66.0,13.4,91.0,/dl/web/weather/ic-w-12-night-rain-full.svg,Hà Nội,-0.8635329841170633,0,0.41023307193399405,0
2025-06-21 06:00:00+07:00,64.0,10.5,91.0,/dl/web/weather/ic-w-12-night-rain-full.svg,Hà Nội,-0.9092063482788538,0,-0.03203878906588584,0
2025-06-21 07:00:00+07:00,53.0,2.4,94.0,/dl/web/weather/ic-w-06-rain-full.svg,Hà Nội,-1.1604098511687018,0,-1.267349849100033,0
2025-06-21 08:00:00+07:00,69.0,2.1,91.0,/dl/web/weather/ic-w-06-rain-full.svg,Hà Nội,-0.7950229378743775,0,-1.3131021105827794,0
2025-06-21 09:00:00+07:00,75.0,5.0,94.0,/dl/web/weather/ic-w-06-rain-full.svg,Hà Nội,-0.6580028453890059,0,-0.8708302495828993,0
2025-06-21 10:00:00+07:00,82.0,5.1,90.0,/dl/web/weather/ic-w-04-scattered-clouds-full.svg,Hà Nội,-0.4981460708227391,0,-0.8555794957553173,0
2025-06-21 11:00:00+07:00,82.0,5.8,89.0,/dl/web/weather/ic-w-06-rain-full.svg,Hà Nội,-0.4981460708227391,0,-0.7488242189622429,0
2025-06-21 12:00:00+07:00,79.0,5.8,89.0,/dl/web/weather/ic-w-06-rain-full.svg,Hà Nội,-0.5666561170654248,0,-0.7488242189622429,0
2025-06-21 13:00:00+07:00,77.0,2.1,84.0,/dl/web/weather/ic-w-06-rain-full.svg,Hà Nội,-0.6123294812272154,0,-1.3131021105827794,0
2025-06-21 14:00:00+07:00,75.0,2.1,84.0,/dl/web/weather/ic-w-06-rain-full.svg,Hà Nội,-0.6580028453890059,0,-1.3131021105827794,0
2025-06-21 15:00:00+07:00,78.0,4.3,82.0,/dl/web/weather/ic-w-06-rain-full.svg,Hà Nội,-0.5894927991463201,0,-0.9775855263759738,0
2025-06-21 16:00:00+07:00,84.0,4.3,82.0,/dl/web/weather/ic-w-06-rain-full.svg,Hà Nội,-0.4524727066609486,0,-0.9775855263759738,0
2025-06-21 17:00:00+07:00,86.0,4.0,84.0,/dl/web/weather/ic-w-06-rain-full.svg,Hà Nội,-0.40679934249915806,0,-1.02333778785872,0
2025-06-21 18:00:00+07:00,75.0,3.1,89.0,/dl/web/weather/ic-w-06-rain-full.svg,Hà Nội,-0.6580028453890059,0,-1.1605945723069586,0
2025-06-21 19:00:00+07:00,77.0,2.4,88.0,/dl/web/weather/ic-w-12-night-rain-full.svg,Hà Nội,-0.6123294812272154,0,-1.267349849100033,0
2025-06-21 20:00:00+07:00,75.0,1.4,95.0,/dl/web/weather/ic-w-12-night-rain-full.svg,Hà Nội,-0.6580028453890059,0,-1.4198573873758535,0
2025-06-21 21:00:00+07:00,75.0,1.4,95.0,/dl/web/weather/ic-w-12-night-rain-full.svg,Hà Nội,-0.6580028453890059,0,-1.4198573873758535,0
2025-06-21 22:00:00+07:00,66.0,1.1,92.0,/dl/web/weather/ic-w-12-night-rain-full.svg,Hà Nội,-0.8635329841170633,0,-1.4656096488586,0
2025-06-21 23:00:00+07:00,66.0,4.5,92.0,/dl/web/weather/ic-w-12-night-rain-full.svg,Hà Nội,-0.8635329841170633,0,-0.9470840187208097,0
2025-06-22 00:00:00+07:00,69.0,4.5,92.0,/dl/web/weather/ic-w-12-night-rain-full.svg,Hà Nội,-0.7950229378743775,0,-0.9470840187208097,0
2025-06-22 01:00:00+07:00,77.0,8.5,94.0,/dl/web/weather/ic-w-12-night-rain-full.svg,Hà Nội,-0.6123294812272154,0,-0.33705386561752715,0
2025-06-22 02:00:00+07:00,69.0,8.6,94.0,/dl/web/weather/ic-w-12-night-rain-full.svg,Hà Nội,-0.7950229378743775,0,-0.32180311178994514,0
2025-06-22 03:00:00+07:00,42.0,9.2,93.0,/dl/web/weather/ic-w-12-night-rain-full.svg,Hà Nội,-1.4116133540585496,0,-0.23029858882445278,0
2025-06-22 04:00:00+07:00,41.0,8.9,92.0,/dl/web/weather/ic-w-12-night-rain-full.svg,Hà Nội,-1.4344500361394448,0,-0.27605085030719884,0
2025-06-22 05:00:00+07:00,28.0,8.0,92.0,/dl/web/weather/ic-w-12-night-rain-full.svg,Hà Nội,-1.7313269031910832,0,-0.41330763475543747,0
2025-06-22 06:00:00+07:00,36.0,7.4,92.0,/dl/web/weather/ic-w-12-night-rain-full.svg,Hà Nội,-1.548633446543921,0,-0.5048121577209298,0
2025-06-22 07:00:00+07:00,28.0,1.1,93.0,/dl/web/weather/ic-w-06-rain-full.svg,Hà Nội,-1.7313269031910832,0,-1.4656096488586,0
2025-06-22 08:00:00+07:00,39.0,3.9,96.0,/dl/web/weather/ic-w-06-rain-full.svg,Hà Nội,-1.4801234003012353,0,-1.038588541686302,0
2025-06-22 09:00:00+07:00,59.0,4.0,92.0,/dl/web/weather/ic-w-06-rain-full.svg,Hà Nội,-1.02338975868333,0,-1.02333778785872,0
2025-06-22 10:00:00+07:00,81.0,3.2,91.0,/dl/web/weather/ic-w-06-rain-full.svg,Hà Nội,-0.5209827529036344,0,-1.1453438184793765,0
2025-06-22 11:00:00+07:00,88.0,1.8,89.0,/dl/web/weather/ic-w-06-rain-full.svg,Hà Nội,-0.36112597833736754,0,-1.3588543720655253,0
2025-06-22 12:00:00+07:00,94.0,4.2,84.0,/dl/web/weather/ic-w-06-rain-full.svg,Hà Nội,-0.22410588585199595,0,-0.9928362802035559,0
2025-06-22 13:00:00+07:00,86.0,8.4,78.0,/dl/web/weather/ic-w-06-rain-full.svg,Hà Nội,-0.40679934249915806,0,-0.35230461944510916,0
2025-06-22 14:00:00+07:00,77.0,8.4,78.0,/dl/web/weather/ic-w-06-rain-full.svg,Hà Nội,-0.6123294812272154,0,-0.35230461944510916,0
2025-06-22 15:00:00+07:00,81.0,12.4,78.0,/dl/web/weather/ic-w-04-scattered-clouds-full.svg,Hà Nội,-0.5209827529036344,0,0.2577255336581734,0
2025-06-22 16:00:00+07:00,79.0,13.2,78.0,/dl/web/weather/ic-w-04-scattered-clouds-full.svg,Hà Nội,-0.5666561170654248,0,0.37973156427882976,0
2025-06-22 17:00:00+07:00,75.0,14.5,79.0,/dl/web/weather/ic-w-04-scattered-clouds-full.svg,Hà Nội,-0.6580028453890059,0,0.5779913640373967,0
2025-06-22 18:00:00+07:00,73.0,14.5,79.0,/dl/web/weather/ic-w-04-scattered-clouds-full.svg,Hà Nội,-0.7036762095507965,0,0.5779913640373967,0
2025-06-22 19:00:00+07:00,68.0,15.1,82.0,/dl/web/weather/ic-w-04-scattered-clouds-full.svg,Hà Nội,-0.8178596199552728,0,0.6694958870028891,0
2025-06-22 20:00:00+07:00,72.0,15.0,84.0,/dl/web/weather/ic-w-04-scattered-clouds-full.svg,Hà Nội,-0.7265128916316917,0,0.6542451331753071,0
2025-06-22 21:00:00+07:00,81.0,15.0,84.0,/dl/web/weather/ic-w-04-scattered-clouds-full.svg,Hà Nội,-0.5209827529036344,0,0.6542451331753071,0
2025-06-22 22:00:00+07:00,137.0,16.1,88.0,/dl/web/weather/ic-w-04-scattered-clouds-full.svg,Hà Nội,0.7578714436265003,0,0.82200342527871,0
2025-06-22 23:00:00+07:00,144.0,13.7,90.0,/dl/web/weather/ic-w-12-night-rain-full.svg,Hà Nội,0.9177282181927672,0,0.4559853334167401,0
2025-06-23 00:00:00+07:00,142.0,13.2,93.0,/dl/web/weather/ic-w-04-scattered-clouds-full.svg,Hà Nội,0.8720548540309766,0,0.37973156427882976,0
2025-06-23 01:00:00+07:00,101.0,11.9,93.0,/dl/web/weather/ic-w-04-scattered-clouds-full.svg,Hà Nội,-0.06424911128572912,0,0.18147176452026312,0
2025-06-23 02:00:00+07:00,73.0,10.6,94.0,/dl/web/weather/ic-w-12-night-rain-full.svg,Hà Nội,-0.7036762095507965,0,-0.016788035238303835,0
2025-06-23 03:00:00+07:00,74.0,10.5,93.0,/dl/web/weather/ic-w-12-night-rain-full.svg,Hà Nội,-0.6808395274699012,0,-0.03203878906588584,0
2025-06-23 04:00:00+07:00,80.0,9.1,94.0,/dl/web/weather/ic-w-12-night-rain-full.svg,Hà Nội,-0.5438194349845296,0,-0.2455493426520348,0
2025-06-23 05:00:00+07:00,81.0,8.0,94.0,/dl/web/weather/ic-w-04-scattered-clouds-full.svg,Hà Nội,-0.5209827529036344,0,-0.41330763475543747,0
2025-06-23 06:00:00+07:00,77.0,2.1,94.0,/dl/web/weather/ic-w-04-scattered-clouds-full.svg,Hà Nội,-0.6123294812272154,0,-1.3131021105827794,0
2025-06-23 07:00:00+07:00,73.0,6.6,93.0,/dl/web/weather/ic-w-04-scattered-clouds-full.svg,Hà Nội,-0.7036762095507965,0,-0.6268181883415864,0
2025-06-23 08:00:00+07:00,71.0,6.6,88.0,/dl/web/weather/ic-w-04-scattered-clouds-full.svg,Hà Nội,-0.7493495737125869,0,-0.6268181883415864,0
2025-06-23 09:00:00+07:00,73.0,0.8,86.0,/dl/web/weather/ic-w-04-scattered-clouds-full.svg,Hà Nội,-0.7036762095507965,0,-1.511361910341346,0
2025-06-23 10:00:00+07:00,75.0,3.7,81.0,/dl/web/weather/ic-w-04-scattered-clouds-full.svg,Hà Nội,-0.6580028453890059,0,-1.0690900493414661,0
2025-06-23 11:00:00+07:00,75.0,5.5,79.0,/dl/web/weather/ic-w-04-scattered-clouds-full.svg,Hà Nội,-0.6580028453890059,0,-0.7945764804449891,0
2025-06-23 12:00:00+07:00,73.0,5.8,75.0,/dl/web/weather/ic-w-04-scattered-clouds-full.svg,Hà Nội,-0.7036762095507965,0,-0.7488242189622429,0
2025-06-23 13:00:00+07:00,65.0,8.2,65.0,/dl/web/weather/ic-w-04-scattered-clouds-full.svg,Hà Nội,-0.8863696661979585,0,-0.38280612710027345,0
2025-06-23 14:00:00+07:00,66.0,7.4,65.0,/dl/web/weather/ic-w-06-rain-full.svg,Hà Nội,-0.8635329841170633,0,-0.5048121577209298,0
2025-06-23 15:00:00+07:00,82.0,7.4,65.0,/dl/web/weather/ic-w-06-rain-full.svg,Hà Nội,-0.4981460708227391,0,-0.5048121577209298,0
2025-06-23 16:00:00+07:00,82.0,6.3,67.0,/dl/web/weather/ic-w-04-scattered-clouds-full.svg,Hà Nội,-0.4981460708227391,0,-0.6725704498243326,0
2025-06-23 17:00:00+07:00,79.0,11.6,67.0,/dl/web/weather/ic-w-04-scattered-clouds-full.svg,Hà Nội,-0.5666561170654248,0,0.13571950303751681,0
2025-06-23 18:00:00+07:00,102.0,11.6,67.0,/dl/web/weather/ic-w-04-scattered-clouds-full.svg,Hà Nội,-0.04141242920483386,0,0.13571950303751681,0
2025-06-23 19:00:00+07:00,84.0,15.4,74.0,/dl/web/weather/ic-w-04-scattered-clouds-full.svg,Hà Nội,-0.4524727066609486,0,0.7152481484856353,0
2025-06-23 20:00:00+07:00,114.0,17.7,78.0,/dl/web/weather/ic-w-10-night-clear-sky-full.svg,Hà Nội,0.23262775576590927,0,1.0660154865200226,0
2025-06-23 21:00:00+07:00,110.0,17.7,78.0,/dl/web/weather/ic-w-10-night-clear-sky-full.svg,Hà Nội,0.14128102744232823,0,1.0660154865200226,0
2025-06-23 22:00:00+07:00,153.0,14.8,85.0,/dl/web/weather/ic-w-04-scattered-clouds-full.svg,Hà Nội,1.1232583569208245,0,0.6237436255201431,0
2025-06-23 23:00:00+07:00,164.0,14.5,87.0,/dl/web/weather/ic-w-04-scattered-clouds-full.svg,Hà Nội,1.3744618598106724,0,0.5779913640373967,0
2025-06-24 00:00:00+07:00,164.0,14.5,89.0,/dl/web/weather/ic-w-04-scattered-clouds-full.svg,Hà Nội,1.3744618598106724,0,0.5779913640373967,0
2025-06-24 01:00:00+07:00,158.0,14.3,90.0,/dl/web/weather/ic-w-04-scattered-clouds-full.svg,Hà Nội,1.2374417673253009,0,0.5474898563822327,0
2025-06-24 02:00:00+07:00,124.0,13.4,89.0,/dl/web/weather/ic-w-04-scattered-clouds-full.svg,Hà Nội,0.4609945765748619,0,0.41023307193399405,0
2025-06-24 03:00:00+07:00,98.0,11.9,89.0,/dl/web/weather/ic-w-12-night-rain-full.svg,Hà Nội,-0.1327591575284149,0,0.18147176452026312,0
2025-06-24 04:00:00+07:00,127.0,11.9,89.0,/dl/web/weather/ic-w-12-night-rain-full.svg,Hà Nội,0.5295046228175477,0,0.18147176452026312,0
2025-06-24 05:00:00+07:00,127.0,11.6,90.0,/dl/web/weather/ic-w-04-scattered-clouds-full.svg,Hà Nội,0.5295046228175477,0,0.13571950303751681,0
2025-06-24 06:00:00+07:00,127.0,10.0,91.0,/dl/web/weather/ic-w-04-scattered-clouds-full.svg,Hà Nội,0.5295046228175477,0,-0.10829255820379617,0
2025-06-24 07:00:00+07:00,99.0,10.9,85.0,/dl/web/weather/ic-w-04-scattered-clouds-full.svg,Hà Nội,-0.10992247544751964,0,0.028964226244442465,0
2025-06-24 08:00:00+07:00,122.0,13.7,80.0,/dl/web/weather/ic-w-04-scattered-clouds-full.svg,Hà Nội,0.41532121241307135,0,0.4559853334167401,0
2025-06-24 09:00:00+07:00,122.0,15.0,81.0,/dl/web/weather/ic-w-04-scattered-clouds-full.svg,Hà Nội,0.41532121241307135,0,0.6542451331753071,0
2025-06-24 10:00:00+07:00,122.0,15.6,74.0,/dl/web/weather/ic-w-04-scattered-clouds-full.svg,Hà Nội,0.41532121241307135,0,0.7457496561407994,0
2025-06-24 11:00:00+07:00,122.0,15.4,67.0,/dl/web/weather/ic-w-04-scattered-clouds-full.svg,Hà Nội,0.41532121241307135,0,0.7152481484856353,0
2025-06-24 12:00:00+07:00,122.0,15.0,66.0,/dl/web/weather/ic-w-04-scattered-clouds-full.svg,Hà Nội,0.41532121241307135,0,0.6542451331753071,0
2025-06-24 13:00:00+07:00,122.0,13.2,59.0,/dl/web/weather/ic-w-04-scattered-clouds-full.svg,Hà Nội,0.41532121241307135,0,0.37973156427882976,0
2025-06-24 14:00:00+07:00,64.0,15.9,60.0,/dl/web/weather/ic-w-04-scattered-clouds-full.svg,Hà Nội,-0.9092063482788538,0,0.7915019176235457,0
2025-06-24 15:00:00+07:00,68.0,21.1,67.0,/dl/web/weather/ic-w-04-scattered-clouds-full.svg,Hà Nội,-0.8178596199552728,0,1.5845411166578132,0
2025-06-24 16:00:00+07:00,70.0,21.1,67.0,/dl/web/weather/ic-w-04-scattered-clouds-full.svg,Hà Nội,-0.7721862557934822,0,1.5845411166578132,0
2025-06-24 17:00:00+07:00,137.0,21.4,82.0,/dl/web/weather/ic-w-04-scattered-clouds-full.svg,Hà Nội,0.7578714436265003,0,1.6302933781405589,0
2025-06-24 18:00:00+07:00,158.0,21.4,82.0,/dl/web/weather/ic-w-04-scattered-clouds-full.svg,Hà Nội,1.2374417673253009,0,1.6302933781405589,0
2025-06-24 19:00:00+07:00,158.0,19.8,86.0,/dl/web/weather/ic-w-04-scattered-clouds-full.svg,Hà Nội,1.2374417673253009,0,1.3862813168992463,0
2025-06-24 20:00:00+07:00,158.0,14.6,80.0,/dl/web/weather/ic-w-11-night-few-clouds-full.svg,Hà Nội,1.2374417673253009,0,0.5932421178649787,0
2025-06-24 22:00:00+07:00,110.0,13.0,85.0,/dl/web/weather/ic-w-04-scattered-clouds-full.svg,Hà Nội,0.14128102744232823,0,0.34923005662366574,0
2025-06-25 00:00:00+07:00,104.0,11.6,90.0,/dl/web/weather/ic-w-04-scattered-clouds-full.svg,Hà Nội,0.004260934956956666,0,0.13571950303751681,0
2025-06-25 02:00:00+07:00,86.0,12.6,92.0,/dl/web/weather/ic-w-04-scattered-clouds-full.svg,Hà Nội,-0.40679934249915806,0,0.28822704131333743,0
2025-06-25 03:00:00+07:00,74.0,11.6,91.0,/dl/web/weather/ic-w-04-scattered-clouds-full.svg,Hà Nội,-0.6808395274699012,0,0.13571950303751681,0
2025-06-25 04:00:00+07:00,64.0,11.6,91.0,/dl/web/weather/ic-w-04-scattered-clouds-full.svg,Hà Nội,-0.9092063482788538,0,0.13571950303751681,0
2025-06-25 05:00:00+07:00,62.0,11.3,91.0,/dl/web/weather/ic-w-04-scattered-clouds-full.svg,Hà Nội,-0.9548797124406443,0,0.08996724155477077,0
2025-06-25 06:00:00+07:00,69.0,9.3,92.0,/dl/web/weather/ic-w-04-scattered-clouds-full.svg,Hà Nội,-0.7950229378743775,0,-0.2150478349968705,0
2025-06-25 07:00:00+07:00,69.0,10.8,81.0,/dl/web/weather/ic-w-04-scattered-clouds-full.svg,Hà Nội,-0.7950229378743775,0,0.013713472416860455,0
2025-06-25 08:00:00+07:00,68.0,13.0,72.0,/dl/web/weather/ic-w-04-scattered-clouds-full.svg,Hà Nội,-0.8178596199552728,0,0.34923005662366574,0
2025-06-25 09:00:00+07:00,44.0,13.7,75.0,/dl/web/weather/ic-w-02-new-clouds-full.svg,Hà Nội,-1.365939989896759,0,0.4559853334167401,0
2025-06-25 10:00:00+07:00,44.0,13.8,77.0,/dl/web/weather/ic-w-04-scattered-clouds-full.svg,Hà Nội,-1.365939989896759,0,0.47123608724432237,0
2025-06-25 11:00:00+07:00,43.0,13.7,72.0,/dl/web/weather/ic-w-04-scattered-clouds-full.svg,Hà Nội,-1.3887766719776542,0,0.4559853334167401,0
2025-06-25 12:00:00+07:00,44.0,14.5,63.0,/dl/web/weather/ic-w-04-scattered-clouds-full.svg,Hà Nội,-1.365939989896759,0,0.5779913640373967,0
2025-06-25 13:00:00+07:00,49.0,14.6,59.0,/dl/web/weather/ic-w-04-scattered-clouds-full.svg,Hà Nội,-1.2517565794922827,0,0.5932421178649787,0
2025-06-25 14:00:00+07:00,48.0,11.9,56.0,/dl/web/weather/ic-w-04-scattered-clouds-full.svg,Hà Nội,-1.274593261573178,0,0.18147176452026312,0
2025-06-25 15:00:00+07:00,43.0,12.7,51.0,/dl/web/weather/ic-w-04-scattered-clouds-full.svg,Hà Nội,-1.3887766719776542,0,0.30347779514091944,0
2025-06-25 16:00:00+07:00,49.0,15.1,55.0,/dl/web/weather/ic-w-04-scattered-clouds-full.svg,Hà Nội,-1.2517565794922827,0,0.6694958870028891,0
2025-06-25 17:00:00+07:00,51.0,15.1,55.0,/dl/web/weather/ic-w-04-scattered-clouds-full.svg,Hà Nội,-1.2060832153304921,0,0.6694958870028891,0
2025-06-25 18:00:00+07:00,54.0,15.4,61.0,/dl/web/weather/ic-w-04-scattered-clouds-full.svg,Hà Nội,-1.1375731690878064,0,0.7152481484856353,0
2025-06-25 19:00:00+07:00,59.0,16.1,71.0,/dl/web/weather/ic-w-04-scattered-clouds-full.svg,Hà Nội,-1.02338975868333,0,0.82200342527871,0
2025-06-25 20:00:00+07:00,96.0,17.1,75.0,/dl/web/weather/ic-w-10-night-clear-sky-full.svg,Hà Nội,-0.17843252169020543,0,0.9745109635545306,0
2025-06-25 21:00:00+07:00,94.0,15.8,80.0,/dl/web/weather/ic-w-10-night-clear-sky-full.svg,Hà Nội,-0.22410588585199595,0,0.7762511637959637,0
2025-06-25 22:00:00+07:00,105.0,15.8,80.0,/dl/web/weather/ic-w-10-night-clear-sky-full.svg,Hà Nội,0.027097617037851927,0,0.7762511637959637,0
2025-06-26 00:00:00+07:00,90.0,11.9,86.0,/dl/web/weather/ic-w-10-night-clear-sky-full.svg,Hà Nội,-0.315452614175577,0,0.18147176452026312,0
2025-06-26 01:00:00+07:00,81.0,13.0,88.0,/dl/web/weather/ic-w-11-night-few-clouds-full.svg,Hà Nội,-0.5209827529036344,0,0.34923005662366574,0
2025-06-26 02:00:00+07:00,74.0,11.4,89.0,/dl/web/weather/ic-w-10-night-clear-sky-full.svg,Hà Nội,-0.6808395274699012,0,0.10521799538235278,0
2025-06-26 03:00:00+07:00,69.0,9.0,92.0,/dl/web/weather/ic-w-10-night-clear-sky-full.svg,Hà Nội,-0.7950229378743775,0,-0.2608000964796168,0
2025-06-26 04:00:00+07:00,69.0,8.9,93.0,/dl/web/weather/ic-w-10-night-clear-sky-full.svg,Hà Nội,-0.7950229378743775,0,-0.27605085030719884,0
2025-06-26 05:00:00+07:00,69.0,8.9,93.0,/dl/web/weather/ic-w-10-night-clear-sky-full.svg,Hà Nội,-0.7950229378743775,0,-0.27605085030719884,0
2025-06-26 06:00:00+07:00,69.0,8.5,94.0,/dl/web/weather/ic-w-10-night-clear-sky-full.svg,Hà Nội,-0.7950229378743775,0,-0.33705386561752715,0
2025-06-26 07:00:00+07:00,78.0,10.6,84.0,/dl/web/weather/ic-w-06-rain-full.svg,Hà Nội,-0.5894927991463201,0,-0.016788035238303835,0
2025-06-26 08:00:00+07:00,64.0,11.3,75.0,/dl/web/weather/ic-w-06-rain-full.svg,Hà Nội,-0.9092063482788538,0,0.08996724155477077,0
2025-06-26 09:00:00+07:00,55.0,11.4,67.0,/dl/web/weather/ic-w-06-rain-full.svg,Hà Nội,-1.1147364870069112,0,0.10521799538235278,0
2025-06-26 10:00:00+07:00,67.0,11.1,66.0,/dl/web/weather/ic-w-06-rain-full.svg,Hà Nội,-0.840696302036168,0,0.059465733899606486,0
2025-06-26 11:00:00+07:00,62.0,10.0,61.0,/dl/web/weather/ic-w-06-rain-full.svg,Hà Nội,-0.9548797124406443,0,-0.10829255820379617,0
2025-06-26 12:00:00+07:00,68.0,9.2,56.0,/dl/web/weather/ic-w-04-scattered-clouds-full.svg,Hà Nội,-0.8178596199552728,0,-0.23029858882445278,0
2025-06-26 13:00:00+07:00,66.0,9.0,55.0,/dl/web/weather/ic-w-04-scattered-clouds-full.svg,Hà Nội,-0.8635329841170633,0,-0.2608000964796168,0
2025-06-26 14:00:00+07:00,64.0,6.0,52.0,/dl/web/weather/ic-w-04-scattered-clouds-full.svg,Hà Nội,-0.9092063482788538,0,-0.7183227113070787,0
2025-06-26 15:00:00+07:00,58.0,9.0,50.0,/dl/web/weather/ic-w-04-scattered-clouds-full.svg,Hà Nội,-1.0462264407642254,0,-0.2608000964796168,0
2025-06-26 16:00:00+07:00,59.0,13.8,56.0,/dl/web/weather/ic-w-04-scattered-clouds-full.svg,Hà Nội,-1.02338975868333,0,0.47123608724432237,0
2025-06-26 17:00:00+07:00,56.0,13.8,65.0,/dl/web/weather/ic-w-04-scattered-clouds-full.svg,Hà Nội,-1.0918998049260158,0,0.47123608724432237,0
2025-06-26 18:00:00+07:00,62.0,13.8,65.0,/dl/web/weather/ic-w-04-scattered-clouds-full.svg,Hà Nội,-0.9548797124406443,0,0.47123608724432237,0
2025-06-26 19:00:00+07:00,64.0,13.5,69.0,/dl/web/weather/ic-w-12-night-rain-full.svg,Hà Nội,-0.9092063482788538,0,0.42548382576157606,0
2025-06-26 20:00:00+07:00,88.0,16.4,75.0,/dl/web/weather/ic-w-12-night-rain-full.svg,Hà Nội,-0.36112597833736754,0,0.8677556867614558,0
2025-06-26 21:00:00+07:00,88.0,14.2,80.0,/dl/web/weather/ic-w-12-night-rain-full.svg,Hà Nội,-0.36112597833736754,0,0.5322391025546505,0
2025-06-26 22:00:00+07:00,69.0,12.7,80.0,/dl/web/weather/ic-w-12-night-rain-full.svg,Hà Nội,-0.7950229378743775,0,0.30347779514091944,0
2025-06-26 23:00:00+07:00,64.0,12.6,81.0,/dl/web/weather/ic-w-12-night-rain-full.svg,Hà Nội,-0.9092063482788538,0,0.28822704131333743,0
2025-06-27 00:00:00+07:00,54.0,10.5,83.0,/dl/web/weather/ic-w-12-night-rain-full.svg,Hà Nội,-1.1375731690878064,0,-0.03203878906588584,0
2025-06-27 01:00:00+07:00,41.0,10.3,84.0,/dl/web/weather/ic-w-04-scattered-clouds-full.svg,Hà Nội,-1.4344500361394448,0,-0.06254029672104987,0
2025-06-27 03:00:00+07:00,38.0,10.3,86.0,/dl/web/weather/ic-w-04-scattered-clouds-full.svg,Hà Nội,-1.5029600823821305,0,-0.06254029672104987,0
2025-06-27 04:00:00+07:00,38.0,8.9,87.0,/dl/web/weather/ic-w-04-scattered-clouds-full.svg,Hà Nội,-1.5029600823821305,0,-0.27605085030719884,0
2025-06-27 05:00:00+07:00,44.0,6.9,88.0,/dl/web/weather/ic-w-04-scattered-clouds-full.svg,Hà Nội,-1.365939989896759,0,-0.5810659268588401,0
2025-06-27 07:00:00+07:00,59.0,9.5,81.0,/dl/web/weather/ic-w-04-scattered-clouds-full.svg,Hà Nội,-1.02338975868333,0,-0.18454632734170648,0
2025-06-27 08:00:00+07:00,79.0,12.6,77.0,/dl/web/weather/ic-w-04-scattered-clouds-full.svg,Hà Nội,-0.5666561170654248,0,0.28822704131333743,0
2025-06-27 09:00:00+07:00,75.0,14.2,71.0,/dl/web/weather/ic-w-04-scattered-clouds-full.svg,Hà Nội,-0.6580028453890059,0,0.5322391025546505,0
2025-06-27 10:00:00+07:00,86.0,13.2,80.0,/dl/web/weather/ic-w-06-rain-full.svg,Hà Nội,-0.40679934249915806,0,0.37973156427882976,0
2025-06-27 11:00:00+07:00,116.0,11.7,80.0,/dl/web/weather/ic-w-06-rain-full.svg,Hà Nội,0.2783011199276998,0,0.15097025686509882,0
2025-06-27 12:00:00+07:00,139.0,11.4,90.0,/dl/web/weather/ic-w-06-rain-full.svg,Hà Nội,0.8035448077882908,0,0.10521799538235278,0
2025-06-27 13:00:00+07:00,156.0,10.8,89.0,/dl/web/weather/ic-w-06-rain-full.svg,Hà Nội,1.1917684031635103,0,0.013713472416860455,0
2025-06-27 14:00:00+07:00,139.0,12.6,76.0,/dl/web/weather/ic-w-06-rain-full.svg,Hà Nội,0.8035448077882908,0,0.28822704131333743,0
2025-06-27 15:00:00+07:00,115.0,10.8,81.0,/dl/web/weather/ic-w-04-scattered-clouds-full.svg,Hà Nội,0.25546443784680456,0,0.013713472416860455,0
2025-06-27 16:00:00+07:00,89.0,8.4,79.0,/dl/web/weather/ic-w-06-rain-full.svg,Hà Nội,-0.33828929625647225,0,-0.35230461944510916,0
2025-06-27 17:00:00+07:00,69.0,8.2,83.0,/dl/web/weather/ic-w-04-scattered-clouds-full.svg,Hà Nội,-0.7950229378743775,0,-0.38280612710027345,0
2025-06-27 18:00:00+07:00,59.0,11.4,84.0,/dl/web/weather/ic-w-06-rain-full.svg,Hà Nội,-1.02338975868333,0,0.10521799538235278,0
2025-06-27 19:00:00+07:00,66.0,14.0,82.0,/dl/web/weather/ic-w-04-scattered-clouds-full.svg,Hà Nội,-0.8635329841170633,0,0.5017375948994864,0
2025-06-27 20:00:00+07:00,82.0,16.3,82.0,/dl/web/weather/ic-w-12-night-rain-full.svg,Hà Nội,-0.4981460708227391,0,0.852504932933874,0
2025-06-27 21:00:00+07:00,82.0,16.3,83.0,/dl/web/weather/ic-w-12-night-rain-full.svg,Hà Nội,-0.4981460708227391,0,0.852504932933874,0
2025-06-27 22:00:00+07:00,102.0,14.0,85.0,/dl/web/weather/ic-w-12-night-rain-full.svg,Hà Nội,-0.04141242920483386,0,0.5017375948994864,0
2025-06-27 23:00:00+07:00,103.0,11.6,86.0,/dl/web/weather/ic-w-12-night-rain-full.svg,Hà Nội,-0.018575747123938596,0,0.13571950303751681,0
2025-06-28 00:00:00+07:00,86.0,10.0,89.0,/dl/web/weather/ic-w-04-scattered-clouds-full.svg,Hà Nội,-0.40679934249915806,0,-0.10829255820379617,0
2025-06-28 01:00:00+07:00,72.0,13.2,88.0,/dl/web/weather/ic-w-04-scattered-clouds-full.svg,Hà Nội,-0.7265128916316917,0,0.37973156427882976,0
2025-06-28 02:00:00+07:00,63.0,12.1,89.0,/dl/web/weather/ic-w-04-scattered-clouds-full.svg,Hà Nội,-0.9320430303597491,0,0.21197327217542714,0
2025-06-28 03:00:00+07:00,66.0,9.8,90.0,/dl/web/weather/ic-w-12-night-rain-full.svg,Hà Nội,-0.8635329841170633,0,-0.13879406585896018,0
2025-06-28 04:00:00+07:00,69.0,7.2,92.0,/dl/web/weather/ic-w-12-night-rain-full.svg,Hà Nội,-0.7950229378743775,0,-0.5353136653760939,0
2025-06-28 05:00:00+07:00,66.0,5.0,93.0,/dl/web/weather/ic-w-12-night-rain-full.svg,Hà Nội,-0.8635329841170633,0,-0.8708302495828993,0
2025-06-28 06:00:00+07:00,45.0,4.7,94.0,/dl/web/weather/ic-w-06-rain-full.svg,Hà Nội,-1.3431033078158638,0,-0.9165825110656456,0
2025-06-28 07:00:00+07:00,45.0,5.5,91.0,/dl/web/weather/ic-w-06-rain-full.svg,Hà Nội,-1.3431033078158638,0,-0.7945764804449891,0
2025-06-28 08:00:00+07:00,55.0,6.4,85.0,/dl/web/weather/ic-w-06-rain-full.svg,Hà Nội,-1.1147364870069112,0,-0.6573196959967504,0
2025-06-28 09:00:00+07:00,66.0,7.4,86.0,/dl/web/weather/ic-w-06-rain-full.svg,Hà Nội,-0.8635329841170633,0,-0.5048121577209298,0
2025-06-28 10:00:00+07:00,73.0,9.3,88.0,/dl/web/weather/ic-w-06-rain-full.svg,Hà Nội,-0.7036762095507965,0,-0.2150478349968705,0
2025-06-28 11:00:00+07:00,73.0,10.9,84.0,/dl/web/weather/ic-w-06-rain-full.svg,Hà Nội,-0.7036762095507965,0,0.028964226244442465,0
2025-06-28 12:00:00+07:00,84.0,13.0,78.0,/dl/web/weather/ic-w-04-scattered-clouds-full.svg,Hà Nội,-0.4524727066609486,0,0.34923005662366574,0
2025-06-28 13:00:00+07:00,94.0,11.4,72.0,/dl/web/weather/ic-w-04-scattered-clouds-full.svg,Hà Nội,-0.22410588585199595,0,0.10521799538235278,0
2025-06-28 14:00:00+07:00,92.0,10.0,62.0,/dl/web/weather/ic-w-04-scattered-clouds-full.svg,Hà Nội,-0.2697792500137865,0,-0.10829255820379617,0
2025-06-28 15:00:00+07:00,96.0,13.5,68.0,/dl/web/weather/ic-w-04-scattered-clouds-full.svg,Hà Nội,-0.17843252169020543,0,0.42548382576157606,0
2025-06-28 16:00:00+07:00,82.0,13.2,72.0,/dl/web/weather/ic-w-04-scattered-clouds-full.svg,Hà Nội,-0.4981460708227391,0,0.37973156427882976,0
2025-06-28 17:00:00+07:00,67.0,13.2,74.0,/dl/web/weather/ic-w-04-scattered-clouds-full.svg,Hà Nội,-0.840696302036168,0,0.37973156427882976,0
2025-06-28 18:00:00+07:00,66.0,12.1,77.0,/dl/web/weather/ic-w-06-rain-full.svg,Hà Nội,-0.8635329841170633,0,0.21197327217542714,0
2025-06-28 19:00:00+07:00,58.0,12.2,80.0,/dl/web/weather/ic-w-12-night-rain-full.svg,Hà Nội,-1.0462264407642254,0,0.22722402600300914,0
2025-06-28 20:00:00+07:00,74.0,13.5,83.0,/dl/web/weather/ic-w-12-night-rain-full.svg,Hà Nội,-0.6808395274699012,0,0.42548382576157606,0
2025-06-28 21:00:00+07:00,73.0,14.0,86.0,/dl/web/weather/ic-w-04-scattered-clouds-full.svg,Hà Nội,-0.7036762095507965,0,0.5017375948994864,0
2025-06-28 22:00:00+07:00,81.0,13.8,87.0,/dl/web/weather/ic-w-12-night-rain-full.svg,Hà Nội,-0.5209827529036344,0,0.47123608724432237,0
2025-06-28 23:00:00+07:00,92.0,12.6,88.0,/dl/web/weather/ic-w-04-scattered-clouds-full.svg,Hà Nội,-0.2697792500137865,0,0.28822704131333743,0
2025-06-29 00:00:00+07:00,105.0,12.1,88.0,/dl/web/weather/ic-w-04-scattered-clouds-full.svg,Hà Nội,0.027097617037851927,0,0.21197327217542714,0
2025-06-29 01:00:00+07:00,99.0,11.7,88.0,/dl/web/weather/ic-w-04-scattered-clouds-full.svg,Hà Nội,-0.10992247544751964,0,0.15097025686509882,0
2025-06-29 02:00:00+07:00,115.0,9.8,88.0,/dl/web/weather/ic-w-04-scattered-clouds-full.svg,Hà Nội,0.25546443784680456,0,-0.13879406585896018,0
2025-06-29 03:00:00+07:00,108.0,6.9,90.0,/dl/web/weather/ic-w-04-scattered-clouds-full.svg,Hà Nội,0.09560766328053771,0,-0.5810659268588401,0
2025-06-29 04:00:00+07:00,81.0,4.0,91.0,/dl/web/weather/ic-w-12-night-rain-full.svg,Hà Nội,-0.5209827529036344,0,-1.02333778785872,0
2025-06-29 05:00:00+07:00,84.0,5.6,91.0,/dl/web/weather/ic-w-12-night-rain-full.svg,Hà Nội,-0.4524727066609486,0,-0.7793257266174071,0
2025-06-29 06:00:00+07:00,91.0,6.6,91.0,/dl/web/weather/ic-w-04-scattered-clouds-full.svg,Hà Nội,-0.29261593209468173,0,-0.6268181883415864,0
2025-06-29 07:00:00+07:00,81.0,5.0,90.0,/dl/web/weather/ic-w-04-scattered-clouds-full.svg,Hà Nội,-0.5209827529036344,0,-0.8708302495828993,0
2025-06-29 08:00:00+07:00,91.0,6.0,88.0,/dl/web/weather/ic-w-04-scattered-clouds-full.svg,Hà Nội,-0.29261593209468173,0,-0.7183227113070787,0
2025-06-29 09:00:00+07:00,82.0,2.6,90.0,/dl/web/weather/ic-w-04-scattered-clouds-full.svg,Hà Nội,-0.4981460708227391,0,-1.236848341444869,0
2025-06-29 10:00:00+07:00,85.0,2.1,82.0,/dl/web/weather/ic-w-04-scattered-clouds-full.svg,Hà Nội,-0.4296360245800533,0,-1.3131021105827794,0
2025-06-29 11:00:00+07:00,88.0,1.6,75.0,/dl/web/weather/ic-w-04-scattered-clouds-full.svg,Hà Nội,-0.36112597833736754,0,-1.3893558797206895,0
2025-06-29 12:00:00+07:00,68.0,3.1,69.0,/dl/web/weather/ic-w-06-rain-full.svg,Hà Nội,-0.8178596199552728,0,-1.1605945723069586,0
2025-06-29 13:00:00+07:00,69.0,4.7,63.0,/dl/web/weather/ic-w-06-rain-full.svg,Hà Nội,-0.7950229378743775,0,-0.9165825110656456,0
2025-06-29 14:00:00+07:00,64.0,10.5,57.0,/dl/web/weather/ic-w-04-scattered-clouds-full.svg,Hà Nội,-0.9092063482788538,0,-0.03203878906588584,0
2025-06-29 15:00:00+07:00,62.0,13.4,57.0,/dl/web/weather/ic-w-04-scattered-clouds-full.svg,Hà Nội,-0.9548797124406443,0,0.41023307193399405,0
2025-06-29 16:00:00+07:00,63.0,15.9,59.0,/dl/web/weather/ic-w-04-scattered-clouds-full.svg,Hà Nội,-0.9320430303597491,0,0.7915019176235457,0
2025-06-29 17:00:00+07:00,66.0,15.1,63.0,/dl/web/weather/ic-w-04-scattered-clouds-full.svg,Hà Nội,-0.8635329841170633,0,0.6694958870028891,0
2025-06-29 18:00:00+07:00,69.0,14.2,70.0,/dl/web/weather/ic-w-04-scattered-clouds-full.svg,Hà Nội,-0.7950229378743775,0,0.5322391025546505,0
2025-06-29 19:00:00+07:00,79.0,14.1,77.0,/dl/web/weather/ic-w-04-scattered-clouds-full.svg,Hà Nội,-0.5666561170654248,0,0.5169883487270684,0
2025-06-29 20:00:00+07:00,82.0,11.6,77.0,/dl/web/weather/ic-w-04-scattered-clouds-full.svg,Hà Nội,-0.4981460708227391,0,0.13571950303751681,0
2025-06-29 21:00:00+07:00,77.0,9.8,83.0,/dl/web/weather/ic-w-04-scattered-clouds-full.svg,Hà Nội,-0.6123294812272154,0,-0.13879406585896018,0
2025-06-29 22:00:00+07:00,79.0,8.9,92.0,/dl/web/weather/ic-w-12-night-rain-full.svg,Hà Nội,-0.5666561170654248,0,-0.27605085030719884,0
2025-06-29 23:00:00+07:00,64.0,8.5,93.0,/dl/web/weather/ic-w-12-night-rain-full.svg,Hà Nội,-0.9092063482788538,0,-0.33705386561752715,0
2025-06-30 00:00:00+07:00,52.0,7.9,92.0,/dl/web/weather/ic-w-12-night-rain-full.svg,Hà Nội,-1.183246533249597,0,-0.4285583885830195,0
2025-06-30 01:00:00+07:00,53.0,8.4,91.0,/dl/web/weather/ic-w-12-night-rain-full.svg,Hà Nội,-1.1604098511687018,0,-0.35230461944510916,0
2025-06-30 02:00:00+07:00,58.0,9.3,91.0,/dl/web/weather/ic-w-04-scattered-clouds-full.svg,Hà Nội,-1.0462264407642254,0,-0.2150478349968705,0
2025-06-30 03:00:00+07:00,62.0,8.7,91.0,/dl/web/weather/ic-w-04-scattered-clouds-full.svg,Hà Nội,-0.9548797124406443,0,-0.30655235796236313,0
2025-06-30 04:00:00+07:00,71.0,8.4,92.0,/dl/web/weather/ic-w-04-scattered-clouds-full.svg,Hà Nội,-0.7493495737125869,0,-0.35230461944510916,0
2025-06-30 05:00:00+07:00,62.0,5.8,93.0,/dl/web/weather/ic-w-04-scattered-clouds-full.svg,Hà Nội,-0.9548797124406443,0,-0.7488242189622429,0
2025-06-30 06:00:00+07:00,58.0,3.7,93.0,/dl/web/weather/ic-w-06-rain-full.svg,Hà Nội,-1.0462264407642254,0,-1.0690900493414661,0
2025-06-30 07:00:00+07:00,58.0,2.1,90.0,/dl/web/weather/ic-w-06-rain-full.svg,Hà Nội,-1.0462264407642254,0,-1.3131021105827794,0
2025-06-30 08:00:00+07:00,58.0,2.6,88.0,/dl/web/weather/ic-w-06-rain-full.svg,Hà Nội,-1.0462264407642254,0,-1.236848341444869,0
2025-06-30 09:00:00+07:00,67.0,3.2,88.0,/dl/web/weather/ic-w-04-scattered-clouds-full.svg,Hà Nội,-0.840696302036168,0,-1.1453438184793765,0
2025-06-30 10:00:00+07:00,71.0,1.8,88.0,/dl/web/weather/ic-w-04-scattered-clouds-full.svg,Hà Nội,-0.7493495737125869,0,-1.3588543720655253,0
2025-06-30 11:00:00+07:00,73.0,1.3,88.0,/dl/web/weather/ic-w-04-scattered-clouds-full.svg,Hà Nội,-0.7036762095507965,0,-1.4351081412034357,0
2025-06-30 12:00:00+07:00,71.0,3.5,88.0,/dl/web/weather/ic-w-04-scattered-clouds-full.svg,Hà Nội,-0.7493495737125869,0,-1.0995915569966304,0
2025-06-30 13:00:00+07:00,75.0,11.1,83.0,/dl/web/weather/ic-w-04-scattered-clouds-full.svg,Hà Nội,-0.6580028453890059,0,0.059465733899606486,0
2025-06-30 14:00:00+07:00,69.0,15.6,67.0,/dl/web/weather/ic-w-04-scattered-clouds-full.svg,Hà Nội,-0.7950229378743775,0,0.7457496561407994,0
2025-06-30 15:00:00+07:00,60.0,17.4,69.0,/dl/web/weather/ic-w-04-scattered-clouds-full.svg,Hà Nội,-1.0005530766024349,0,1.0202632250372763,0
2025-06-30 16:00:00+07:00,53.0,17.2,71.0,/dl/web/weather/ic-w-06-rain-full.svg,Hà Nội,-1.1604098511687018,0,0.9897617173821124,0
2025-06-30 17:00:00+07:00,60.0,14.8,74.0,/dl/web/weather/ic-w-06-rain-full.svg,Hà Nội,-1.0005530766024349,0,0.6237436255201431,0
2025-06-30 18:00:00+07:00,55.0,12.7,85.0,/dl/web/weather/ic-w-06-rain-full.svg,Hà Nội,-1.1147364870069112,0,0.30347779514091944,0
2025-06-30 19:00:00+07:00,54.0,12.6,85.0,/dl/web/weather/ic-w-12-night-rain-full.svg,Hà Nội,-1.1375731690878064,0,0.28822704131333743,0
2025-07-01 00:00:00+07:00,66.0,7.6,93.0,/dl/web/weather/ic-w-12-night-rain-full.svg,Hà Nội,-0.8635329841170633,0,-0.4743106500657658,0
2025-07-01 01:00:00+07:00,73.0,6.9,93.0,/dl/web/weather/ic-w-04-scattered-clouds-full.svg,Hà Nội,-0.7036762095507965,0,-0.5810659268588401,0
2025-07-01 02:00:00+07:00,57.0,7.6,93.0,/dl/web/weather/ic-w-04-scattered-clouds-full.svg,Hà Nội,-1.0690631228451206,0,-0.4743106500657658,0
2025-07-01 03:00:00+07:00,39.0,7.9,97.0,/dl/web/weather/ic-w-12-night-rain-full.svg,Hà Nội,-1.4801234003012353,0,-0.4285583885830195,0
2025-07-01 04:00:00+07:00,23.0,6.4,93.0,/dl/web/weather/ic-w-12-night-rain-full.svg,Hà Nội,-1.8455103135955595,0,-0.6573196959967504,0
2025-07-01 05:00:00+07:00,30.0,5.8,93.0,/dl/web/weather/ic-w-12-night-rain-full.svg,Hà Nội,-1.6856535390292926,0,-0.7488242189622429,0
2025-07-01 06:00:00+07:00,53.0,1.0,93.0,/dl/web/weather/ic-w-06-rain-full.svg,Hà Nội,-1.1604098511687018,0,-1.480860402686182,0
2025-07-01 07:00:00+07:00,58.0,3.4,92.0,/dl/web/weather/ic-w-04-scattered-clouds-full.svg,Hà Nội,-1.0462264407642254,0,-1.1148423108242123,0
2025-07-01 08:00:00+07:00,55.0,3.7,96.0,/dl/web/weather/ic-w-06-rain-full.svg,Hà Nội,-1.1147364870069112,0,-1.0690900493414661,0
2025-07-01 09:00:00+07:00,55.0,5.5,90.0,/dl/web/weather/ic-w-04-scattered-clouds-full.svg,Hà Nội,-1.1147364870069112,0,-0.7945764804449891,0
2025-07-01 10:00:00+07:00,60.0,10.0,88.0,/dl/web/weather/ic-w-04-scattered-clouds-full.svg,Hà Nội,-1.0005530766024349,0,-0.10829255820379617,0
2025-07-01 11:00:00+07:00,66.0,12.1,86.0,/dl/web/weather/ic-w-04-scattered-clouds-full.svg,Hà Nội,-0.8635329841170633,0,0.21197327217542714,0
2025-07-01 12:00:00+07:00,66.0,12.0,86.0,/dl/web/weather/ic-w-04-scattered-clouds-full.svg,Hà Nội,-0.8635329841170633,0,0.19672251834784513,0
2025-07-01 13:00:00+07:00,71.0,10.6,79.0,/dl/web/weather/ic-w-04-scattered-clouds-full.svg,Hà Nội,-0.7493495737125869,0,-0.016788035238303835,0
2025-07-01 14:00:00+07:00,55.0,15.8,72.0,/dl/web/weather/ic-w-04-scattered-clouds-full.svg,Hà Nội,-1.1147364870069112,0,0.7762511637959637,0
2025-07-01 15:00:00+07:00,44.0,12.7,73.0,/dl/web/weather/ic-w-04-scattered-clouds-full.svg,Hà Nội,-1.365939989896759,0,0.30347779514091944,0
2025-07-01 16:00:00+07:00,39.0,11.7,76.0,/dl/web/weather/ic-w-04-scattered-clouds-full.svg,Hà Nội,-1.4801234003012353,0,0.15097025686509882,0
2025-07-01 17:00:00+07:00,33.0,12.2,78.0,/dl/web/weather/ic-w-04-scattered-clouds-full.svg,Hà Nội,-1.6171434927866069,0,0.22722402600300914,0
2025-07-01 18:00:00+07:00,28.0,11.6,81.0,/dl/web/weather/ic-w-06-rain-full.svg,Hà Nội,-1.7313269031910832,0,0.13571950303751681,0
2025-07-01 19:00:00+07:00,33.0,4.5,84.0,/dl/web/weather/ic-w-12-night-rain-full.svg,Hà Nội,-1.6171434927866069,0,-0.9470840187208097,0
2025-07-01 21:00:00+07:00,54.0,6.8,87.0,/dl/web/weather/ic-w-04-scattered-clouds-full.svg,Hà Nội,-1.1375731690878064,0,-0.5963166806864223,0
2025-07-01 23:00:00+07:00,44.0,5.3,90.0,/dl/web/weather/ic-w-04-scattered-clouds-full.svg,Hà Nội,-1.365939989896759,0,-0.8250779881001532,0
2025-07-02 00:00:00+07:00,40.0,5.3,91.0,/dl/web/weather/ic-w-04-scattered-clouds-full.svg,Hà Nội,-1.4572867182203402,0,-0.8250779881001532,0
2025-07-02 02:00:00+07:00,64.0,7.6,90.0,/dl/web/weather/ic-w-04-scattered-clouds-full.svg,Hà Nội,-0.9092063482788538,0,-0.4743106500657658,0
2025-07-02 03:00:00+07:00,65.0,8.0,89.0,/dl/web/weather/ic-w-04-scattered-clouds-full.svg,Hà Nội,-0.8863696661979585,0,-0.41330763475543747,0
2025-07-02 04:00:00+07:00,59.0,8.5,89.0,/dl/web/weather/ic-w-04-scattered-clouds-full.svg,Hà Nội,-1.02338975868333,0,-0.33705386561752715,0
2025-07-02 05:00:00+07:00,41.0,8.7,90.0,/dl/web/weather/ic-w-04-scattered-clouds-full.svg,Hà Nội,-1.4344500361394448,0,-0.30655235796236313,0
2025-07-02 06:00:00+07:00,44.0,8.0,96.0,/dl/web/weather/ic-w-06-rain-full.svg,Hà Nội,-1.365939989896759,0,-0.41330763475543747,0
2025-07-02 07:00:00+07:00,50.0,10.8,91.0,/dl/web/weather/ic-w-06-rain-full.svg,Hà Nội,-1.2289198974113875,0,0.013713472416860455,0
2025-07-02 08:00:00+07:00,50.0,9.8,95.0,/dl/web/weather/ic-w-04-scattered-clouds-full.svg,Hà Nội,-1.2289198974113875,0,-0.13879406585896018,0
2025-07-02 09:00:00+07:00,58.0,12.1,88.0,/dl/web/weather/ic-w-06-rain-full.svg,Hà Nội,-1.0462264407642254,0,0.21197327217542714,0
2025-07-02 10:00:00+07:00,66.0,13.8,74.0,/dl/web/weather/ic-w-06-rain-full.svg,Hà Nội,-0.8635329841170633,0,0.47123608724432237,0
2025-07-02 11:00:00+07:00,69.0,12.1,80.0,/dl/web/weather/ic-w-04-scattered-clouds-full.svg,Hà Nội,-0.7950229378743775,0,0.21197327217542714,0
2025-07-02 12:00:00+07:00,69.0,12.9,78.0,/dl/web/weather/ic-w-04-scattered-clouds-full.svg,Hà Nội,-0.7950229378743775,0,0.33397930279608373,0
2025-07-02 13:00:00+07:00,74.0,12.7,78.0,/dl/web/weather/ic-w-04-scattered-clouds-full.svg,Hà Nội,-0.6808395274699012,0,0.30347779514091944,0
2025-07-02 14:00:00+07:00,77.0,11.6,77.0,/dl/web/weather/ic-w-06-rain-full.svg,Hà Nội,-0.6123294812272154,0,0.13571950303751681,0
2025-07-02 15:00:00+07:00,63.0,14.6,76.0,/dl/web/weather/ic-w-04-scattered-clouds-full.svg,Hà Nội,-0.9320430303597491,0,0.5932421178649787,0
2025-07-02 16:00:00+07:00,59.0,17.4,72.0,/dl/web/weather/ic-w-04-scattered-clouds-full.svg,Hà Nội,-1.02338975868333,0,1.0202632250372763,0
2025-07-02 17:00:00+07:00,63.0,19.0,75.0,/dl/web/weather/ic-w-04-scattered-clouds-full.svg,Hà Nội,-0.9320430303597491,0,1.2642752862785895,0
2025-07-02 18:00:00+07:00,63.0,16.1,80.0,/dl/web/weather/ic-w-04-scattered-clouds-full.svg,Hà Nội,-0.9320430303597491,0,0.82200342527871,0
2025-07-02 19:00:00+07:00,56.0,9.5,84.0,/dl/web/weather/ic-w-04-scattered-clouds-full.svg,Hà Nội,-1.0918998049260158,0,-0.18454632734170648,0
2025-07-02 20:00:00+07:00,69.0,8.2,86.0,/dl/web/weather/ic-w-04-scattered-clouds-full.svg,Hà Nội,-0.7950229378743775,0,-0.38280612710027345,0
2025-07-02 23:00:00+07:00,73.0,7.9,88.0,/dl/web/weather/ic-w-04-scattered-clouds-full.svg,Hà Nội,-0.7036762095507965,0,-0.4285583885830195,0
2025-07-03 02:00:00+07:00,77.0,4.0,88.0,/dl/web/weather/ic-w-11-night-few-clouds-full.svg,Hà Nội,-0.6123294812272154,0,-1.02333778785872,0
2025-07-03 03:00:00+07:00,81.0,3.2,88.0,/dl/web/weather/ic-w-04-scattered-clouds-full.svg,Hà Nội,-0.5209827529036344,0,-1.1453438184793765,0
2025-07-03 04:00:00+07:00,82.0,3.1,88.0,/dl/web/weather/ic-w-04-scattered-clouds-full.svg,Hà Nội,-0.4981460708227391,0,-1.1605945723069586,0
2025-07-03 05:00:00+07:00,91.0,4.5,88.0,/dl/web/weather/ic-w-04-scattered-clouds-full.svg,Hà Nội,-0.29261593209468173,0,-0.9470840187208097,0
2025-07-03 06:00:00+07:00,104.0,6.4,88.0,/dl/web/weather/ic-w-04-scattered-clouds-full.svg,Hà Nội,0.004260934956956666,0,-0.6573196959967504,0
2025-07-03 07:00:00+07:00,97.0,8.7,85.0,/dl/web/weather/ic-w-04-scattered-clouds-full.svg,Hà Nội,-0.15559583960931017,0,-0.30655235796236313,0
2025-07-03 08:00:00+07:00,110.0,10.9,95.0,/dl/web/weather/ic-w-04-scattered-clouds-full.svg,Hà Nội,0.14128102744232823,0,0.028964226244442465,0
2025-07-03 09:00:00+07:00,75.0,6.4,93.0,/dl/web/weather/ic-w-04-scattered-clouds-full.svg,Hà Nội,-0.6580028453890059,0,-0.6573196959967504,0
2025-07-03 10:00:00+07:00,71.0,3.5,89.0,/dl/web/weather/ic-w-06-rain-full.svg,Hà Nội,-0.7493495737125869,0,-1.0995915569966304,0
2025-07-03 11:00:00+07:00,62.0,3.1,84.0,/dl/web/weather/ic-w-06-rain-full.svg,Hà Nội,-0.9548797124406443,0,-1.1605945723069586,0
2025-07-03 12:00:00+07:00,62.0,5.5,88.0,/dl/web/weather/ic-w-06-rain-full.svg,Hà Nội,-0.9548797124406443,0,-0.7945764804449891,0
2025-07-03 13:00:00+07:00,62.0,10.8,81.0,/dl/web/weather/ic-w-06-rain-full.svg,Hà Nội,-0.9548797124406443,0,0.013713472416860455,0
2025-07-03 14:00:00+07:00,62.0,13.8,80.0,/dl/web/weather/ic-w-06-rain-full.svg,Hà Nội,-0.9548797124406443,0,0.47123608724432237,0
2025-07-03 15:00:00+07:00,62.0,13.0,79.0,/dl/web/weather/ic-w-06-rain-full.svg,Hà Nội,-0.9548797124406443,0,0.34923005662366574,0
2025-07-03 16:00:00+07:00,69.0,13.2,75.0,/dl/web/weather/ic-w-04-scattered-clouds-full.svg,Hà Nội,-0.7950229378743775,0,0.37973156427882976,0
2025-07-03 17:00:00+07:00,79.0,13.7,75.0,/dl/web/weather/ic-w-04-scattered-clouds-full.svg,Hà Nội,-0.5666561170654248,0,0.4559853334167401,0
2025-07-03 18:00:00+07:00,84.0,14.5,82.0,/dl/web/weather/ic-w-04-scattered-clouds-full.svg,Hà Nội,-0.4524727066609486,0,0.5779913640373967,0
2025-07-03 19:00:00+07:00,94.0,13.8,84.0,/dl/web/weather/ic-w-04-scattered-clouds-full.svg,Hà Nội,-0.22410588585199595,0,0.47123608724432237,0
2025-07-03 20:00:00+07:00,66.0,13.5,88.0,/dl/web/weather/ic-w-04-scattered-clouds-full.svg,Hà Nội,-0.8635329841170633,0,0.42548382576157606,0
2025-07-03 21:00:00+07:00,66.0,12.4,90.0,/dl/web/weather/ic-w-04-scattered-clouds-full.svg,Hà Nội,-0.8635329841170633,0,0.2577255336581734,0
2025-07-03 22:00:00+07:00,61.0,10.8,91.0,/dl/web/weather/ic-w-04-scattered-clouds-full.svg,Hà Nội,-0.9777163945215396,0,0.013713472416860455,0
2025-07-03 23:00:00+07:00,64.0,9.2,91.0,/dl/web/weather/ic-w-04-scattered-clouds-full.svg,Hà Nội,-0.9092063482788538,0,-0.23029858882445278,0
2025-07-04 01:00:00+07:00,73.0,5.1,90.0,/dl/web/weather/ic-w-04-scattered-clouds-full.svg,Hà Nội,-0.7036762095507965,0,-0.8555794957553173,0
2025-07-04 03:00:00+07:00,90.0,1.1,90.0,/dl/web/weather/ic-w-04-scattered-clouds-full.svg,Hà Nội,-0.315452614175577,0,-1.4656096488586,0
2025-07-04 04:00:00+07:00,88.0,2.6,91.0,/dl/web/weather/ic-w-04-scattered-clouds-full.svg,Hà Nội,-0.36112597833736754,0,-1.236848341444869,0
2025-07-04 05:00:00+07:00,95.0,4.2,91.0,/dl/web/weather/ic-w-04-scattered-clouds-full.svg,Hà Nội,-0.2012692037711007,0,-0.9928362802035559,0
2025-07-04 06:00:00+07:00,108.0,4.3,95.0,/dl/web/weather/ic-w-04-scattered-clouds-full.svg,Hà Nội,0.09560766328053771,0,-0.9775855263759738,0
2025-07-04 07:00:00+07:00,107.0,3.2,87.0,/dl/web/weather/ic-w-04-scattered-clouds-full.svg,Hà Nội,0.07277098119964245,0,-1.1453438184793765,0
2025-07-04 08:00:00+07:00,119.0,5.1,83.0,/dl/web/weather/ic-w-04-scattered-clouds-full.svg,Hà Nội,0.3468111661703856,0,-0.8555794957553173,0
2025-07-04 09:00:00+07:00,110.0,3.7,75.0,/dl/web/weather/ic-w-04-scattered-clouds-full.svg,Hà Nội,0.14128102744232823,0,-1.0690900493414661,0
2025-07-04 10:00:00+07:00,102.0,2.6,68.0,/dl/web/weather/ic-w-04-scattered-clouds-full.svg,Hà Nội,-0.04141242920483386,0,-1.236848341444869,0
2025-07-04 11:00:00+07:00,93.0,4.7,63.0,/dl/web/weather/ic-w-04-scattered-clouds-full.svg,Hà Nội,-0.2469425679328912,0,-0.9165825110656456,0
2025-07-04 12:00:00+07:00,93.0,5.6,59.0,/dl/web/weather/ic-w-04-scattered-clouds-full.svg,Hà Nội,-0.2469425679328912,0,-0.7793257266174071,0
2025-07-04 14:00:00+07:00,82.0,5.5,58.0,/dl/web/weather/ic-w-04-scattered-clouds-full.svg,Hà Nội,-0.4981460708227391,0,-0.7945764804449891,0
2025-07-04 15:00:00+07:00,80.0,6.3,61.0,/dl/web/weather/ic-w-04-scattered-clouds-full.svg,Hà Nội,-0.5438194349845296,0,-0.6725704498243326,0
2025-07-04 16:00:00+07:00,79.0,7.4,65.0,/dl/web/weather/ic-w-04-scattered-clouds-full.svg,Hà Nội,-0.5666561170654248,0,-0.5048121577209298,0
2025-07-04 17:00:00+07:00,79.0,10.0,67.0,/dl/web/weather/ic-w-04-scattered-clouds-full.svg,Hà Nội,-0.5666561170654248,0,-0.10829255820379617,0
2025-07-04 18:00:00+07:00,79.0,10.8,72.0,/dl/web/weather/ic-w-04-scattered-clouds-full.svg,Hà Nội,-0.5666561170654248,0,0.013713472416860455,0
2025-07-04 19:00:00+07:00,82.0,11.3,78.0,/dl/web/weather/ic-w-04-scattered-clouds-full.svg,Hà Nội,-0.4981460708227391,0,0.08996724155477077,0
2025-07-04 20:00:00+07:00,58.0,11.7,80.0,/dl/web/weather/ic-w-04-scattered-clouds-full.svg,Hà Nội,-1.0462264407642254,0,0.15097025686509882,0
2025-07-04 21:00:00+07:00,63.0,11.4,81.0,/dl/web/weather/ic-w-04-scattered-clouds-full.svg,Hà Nội,-0.9320430303597491,0,0.10521799538235278,0
2025-07-04 22:00:00+07:00,58.0,11.3,83.0,/dl/web/weather/ic-w-04-scattered-clouds-full.svg,Hà Nội,-1.0462264407642254,0,0.08996724155477077,0
2025-07-04 23:00:00+07:00,60.0,10.9,84.0,/dl/web/weather/ic-w-04-scattered-clouds-full.svg,Hà Nội,-1.0005530766024349,0,0.028964226244442465,0
2025-07-05 00:00:00+07:00,69.0,8.5,85.0,/dl/web/weather/ic-w-04-scattered-clouds-full.svg,Hà Nội,-0.7950229378743775,0,-0.33705386561752715,0
2025-07-05 01:00:00+07:00,75.0,8.5,87.0,/dl/web/weather/ic-w-04-scattered-clouds-full.svg,Hà Nội,-0.6580028453890059,0,-0.33705386561752715,0
2025-07-05 02:00:00+07:00,66.0,6.4,88.0,/dl/web/weather/ic-w-04-scattered-clouds-full.svg,Hà Nội,-0.8635329841170633,0,-0.6573196959967504,0
2025-07-05 03:00:00+07:00,58.0,4.5,87.0,/dl/web/weather/ic-w-04-scattered-clouds-full.svg,Hà Nội,-1.0462264407642254,0,-0.9470840187208097,0
2025-07-05 04:00:00+07:00,60.0,5.0,87.0,/dl/web/weather/ic-w-04-scattered-clouds-full.svg,Hà Nội,-1.0005530766024349,0,-0.8708302495828993,0
2025-07-05 05:00:00+07:00,69.0,4.5,88.0,/dl/web/weather/ic-w-04-scattered-clouds-full.svg,Hà Nội,-0.7950229378743775,0,-0.9470840187208097,0
2025-07-05 06:00:00+07:00,83.0,3.5,88.0,/dl/web/weather/ic-w-04-scattered-clouds-full.svg,Hà Nội,-0.4753093887418438,0,-1.0995915569966304,0
2025-07-05 07:00:00+07:00,95.0,2.9,83.0,/dl/web/weather/ic-w-04-scattered-clouds-full.svg,Hà Nội,-0.2012692037711007,0,-1.1910960799621226,0
2025-07-05 08:00:00+07:00,105.0,3.5,77.0,/dl/web/weather/ic-w-04-scattered-clouds-full.svg,Hà Nội,0.027097617037851927,0,-1.0995915569966304,0
2025-07-05 09:00:00+07:00,117.0,1.8,69.0,/dl/web/weather/ic-w-04-scattered-clouds-full.svg,Hà Nội,0.3011378020085951,0,-1.3588543720655253,0
2025-07-05 10:00:00+07:00,92.0,3.1,62.0,/dl/web/weather/ic-w-04-scattered-clouds-full.svg,Hà Nội,-0.2697792500137865,0,-1.1605945723069586,0
2025-07-05 11:00:00+07:00,92.0,2.3,58.0,/dl/web/weather/ic-w-04-scattered-clouds-full.svg,Hà Nội,-0.2697792500137865,0,-1.282600602927615,0
2025-07-05 12:00:00+07:00,78.0,1.1,53.0,/dl/web/weather/ic-w-04-scattered-clouds-full.svg,Hà Nội,-0.5894927991463201,0,-1.4656096488586,0
2025-07-05 13:00:00+07:00,75.0,2.4,49.0,/dl/web/weather/ic-w-04-scattered-clouds-full.svg,Hà Nội,-0.6580028453890059,0,-1.267349849100033,0
2025-07-05 14:00:00+07:00,73.0,6.1,49.0,/dl/web/weather/ic-w-04-scattered-clouds-full.svg,Hà Nội,-0.7036762095507965,0,-0.7030719574794967,0
2025-07-05 15:00:00+07:00,77.0,6.2,49.0,/dl/web/weather/ic-w-04-scattered-clouds-full.svg,Hà Nội,-0.6123294812272154,0,-0.6878212036519146,0
2025-07-05 16:00:00+07:00,84.0,9.5,57.0,/dl/web/weather/ic-w-04-scattered-clouds-full.svg,Hà Nội,-0.4524727066609486,0,-0.18454632734170648,0
2025-07-05 17:00:00+07:00,81.0,11.6,62.0,/dl/web/weather/ic-w-04-scattered-clouds-full.svg,Hà Nội,-0.5209827529036344,0,0.13571950303751681,0
2025-07-05 18:00:00+07:00,81.0,12.9,66.0,/dl/web/weather/ic-w-04-scattered-clouds-full.svg,Hà Nội,-0.5209827529036344,0,0.33397930279608373,0
2025-07-05 19:00:00+07:00,79.0,13.0,63.0,/dl/web/weather/ic-w-04-scattered-clouds-full.svg,Hà Nội,-0.5666561170654248,0,0.34923005662366574,0
2025-07-05 20:00:00+07:00,87.0,15.4,67.0,/dl/web/weather/ic-w-04-scattered-clouds-full.svg,Hà Nội,-0.38396266041826277,0,0.7152481484856353,0
2025-07-05 21:00:00+07:00,84.0,15.0,71.0,/dl/web/weather/ic-w-04-scattered-clouds-full.svg,Hà Nội,-0.4524727066609486,0,0.6542451331753071,0
2025-07-05 22:00:00+07:00,77.0,13.2,76.0,/dl/web/weather/ic-w-04-scattered-clouds-full.svg,Hà Nội,-0.6123294812272154,0,0.37973156427882976,0
2025-07-05 23:00:00+07:00,66.0,12.6,78.0,/dl/web/weather/ic-w-04-scattered-clouds-full.svg,Hà Nội,-0.8635329841170633,0,0.28822704131333743,0
2025-07-06 00:00:00+07:00,68.0,10.1,80.0,/dl/web/weather/ic-w-04-scattered-clouds-full.svg,Hà Nội,-0.8178596199552728,0,-0.09304180437621416,0
2025-07-06 01:00:00+07:00,68.0,8.2,81.0,/dl/web/weather/ic-w-04-scattered-clouds-full.svg,Hà Nội,-0.8178596199552728,0,-0.38280612710027345,0
2025-07-06 02:00:00+07:00,69.0,6.6,80.0,/dl/web/weather/ic-w-04-scattered-clouds-full.svg,Hà Nội,-0.7950229378743775,0,-0.6268181883415864,0
2025-07-06 03:00:00+07:00,69.0,5.1,80.0,/dl/web/weather/ic-w-04-scattered-clouds-full.svg,Hà Nội,-0.7950229378743775,0,-0.8555794957553173,0
2025-07-06 04:00:00+07:00,68.0,3.5,81.0,/dl/web/weather/ic-w-04-scattered-clouds-full.svg,Hà Nội,-0.8178596199552728,0,-1.0995915569966304,0
2025-07-06 05:00:00+07:00,71.0,0.8,81.0,/dl/web/weather/ic-w-04-scattered-clouds-full.svg,Hà Nội,-0.7493495737125869,0,-1.511361910341346,0
2025-07-06 06:00:00+07:00,69.0,2.4,82.0,/dl/web/weather/ic-w-04-scattered-clouds-full.svg,Hà Nội,-0.7950229378743775,0,-1.267349849100033,0
2025-07-06 07:00:00+07:00,84.0,4.3,76.0,/dl/web/weather/ic-w-04-scattered-clouds-full.svg,Hà Nội,-0.4524727066609486,0,-0.9775855263759738,0
2025-07-06 08:00:00+07:00,86.0,2.7,72.0,/dl/web/weather/ic-w-04-scattered-clouds-full.svg,Hà Nội,-0.40679934249915806,0,-1.2215975876172869,0
2025-07-06 09:00:00+07:00,71.0,1.6,67.0,/dl/web/weather/ic-w-04-scattered-clouds-full.svg,Hà Nội,-0.7493495737125869,0,-1.3893558797206895,0
2025-07-06 10:00:00+07:00,80.0,1.6,61.0,/dl/web/weather/ic-w-04-scattered-clouds-full.svg,Hà Nội,-0.5438194349845296,0,-1.3893558797206895,0
2025-07-06 11:00:00+07:00,80.0,1.9,55.0,/dl/web/weather/ic-w-04-scattered-clouds-full.svg,Hà Nội,-0.5438194349845296,0,-1.3436036182379434,0
2025-07-06 12:00:00+07:00,80.0,1.3,51.0,/dl/web/weather/ic-w-04-scattered-clouds-full.svg,Hà Nội,-0.5438194349845296,0,-1.4351081412034357,0
2025-07-06 13:00:00+07:00,80.0,1.6,48.0,/dl/web/weather/ic-w-06-rain-full.svg,Hà Nội,-0.5438194349845296,0,-1.3893558797206895,0
2025-07-06 14:00:00+07:00,80.0,3.9,55.0,/dl/web/weather/ic-w-06-rain-full.svg,Hà Nội,-0.5438194349845296,0,-1.038588541686302,0
2025-07-06 15:00:00+07:00,60.0,6.8,54.0,/dl/web/weather/ic-w-06-rain-full.svg,Hà Nội,-1.0005530766024349,0,-0.5963166806864223,0
2025-07-06 16:00:00+07:00,66.0,7.7,54.0,/dl/web/weather/ic-w-04-scattered-clouds-full.svg,Hà Nội,-0.8635329841170633,0,-0.4590598962381836,0
2025-07-06 17:00:00+07:00,64.0,8.7,53.0,/dl/web/weather/ic-w-04-scattered-clouds-full.svg,Hà Nội,-0.9092063482788538,0,-0.30655235796236313,0
2025-07-06 18:00:00+07:00,66.0,10.3,61.0,/dl/web/weather/ic-w-06-rain-full.svg,Hà Nội,-0.8635329841170633,0,-0.06254029672104987,0
2025-07-06 19:00:00+07:00,69.0,12.9,69.0,/dl/web/weather/ic-w-04-scattered-clouds-full.svg,Hà Nội,-0.7950229378743775,0,0.33397930279608373,0
2025-07-06 20:00:00+07:00,62.0,12.4,76.0,/dl/web/weather/ic-w-04-scattered-clouds-full.svg,Hà Nội,-0.9548797124406443,0,0.2577255336581734,0
2025-07-06 21:00:00+07:00,60.0,11.4,79.0,/dl/web/weather/ic-w-04-scattered-clouds-full.svg,Hà Nội,-1.0005530766024349,0,0.10521799538235278,0
2025-07-06 22:00:00+07:00,57.0,11.6,81.0,/dl/web/weather/ic-w-04-scattered-clouds-full.svg,Hà Nội,-1.0690631228451206,0,0.13571950303751681,0
2025-07-06 23:00:00+07:00,57.0,10.9,82.0,/dl/web/weather/ic-w-04-scattered-clouds-full.svg,Hà Nội,-1.0690631228451206,0,0.028964226244442465,0
2025-07-07 00:00:00+07:00,64.0,9.2,84.0,/dl/web/weather/ic-w-04-scattered-clouds-full.svg,Hà Nội,-0.9092063482788538,0,-0.23029858882445278,0
2025-07-07 01:00:00+07:00,66.0,6.9,84.0,/dl/web/weather/ic-w-04-scattered-clouds-full.svg,Hà Nội,-0.8635329841170633,0,-0.5810659268588401,0
2025-07-07 02:00:00+07:00,65.0,5.8,86.0,/dl/web/weather/ic-w-04-scattered-clouds-full.svg,Hà Nội,-0.8863696661979585,0,-0.7488242189622429,0
2025-07-07 03:00:00+07:00,68.0,5.9,86.0,/dl/web/weather/ic-w-04-scattered-clouds-full.svg,Hà Nội,-0.8178596199552728,0,-0.7335734651346607,0
2025-07-07 04:00:00+07:00,69.0,6.4,86.0,/dl/web/weather/ic-w-12-night-rain-full.svg,Hà Nội,-0.7950229378743775,0,-0.6573196959967504,0
2025-07-07 05:00:00+07:00,81.0,5.8,87.0,/dl/web/weather/ic-w-12-night-rain-full.svg,Hà Nội,-0.5209827529036344,0,-0.7488242189622429,0
2025-07-07 06:00:00+07:00,100.0,4.2,87.0,/dl/web/weather/ic-w-06-rain-full.svg,Hà Nội,-0.08708579336662438,0,-0.9928362802035559,0
2025-07-07 07:00:00+07:00,110.0,3.5,80.0,/dl/web/weather/ic-w-06-rain-full.svg,Hà Nội,0.14128102744232823,0,-1.0995915569966304,0
2025-07-07 08:00:00+07:00,129.0,2.1,74.0,/dl/web/weather/ic-w-06-rain-full.svg,Hà Nội,0.5751779869793382,0,-1.3131021105827794,0
2025-07-07 09:00:00+07:00,116.0,0.8,65.0,/dl/web/weather/ic-w-06-rain-full.svg,Hà Nội,0.2783011199276998,0,-1.511361910341346,0
2025-07-07 10:00:00+07:00,120.0,1.9,60.0,/dl/web/weather/ic-w-04-scattered-clouds-full.svg,Hà Nội,0.36964784825128083,0,-1.3436036182379434,0
2025-07-07 11:00:00+07:00,131.0,1.8,54.0,/dl/web/weather/ic-w-04-scattered-clouds-full.svg,Hà Nội,0.6208513511411288,0,-1.3588543720655253,0
2025-07-07 12:00:00+07:00,131.0,3.4,50.0,/dl/web/weather/ic-w-04-scattered-clouds-full.svg,Hà Nội,0.6208513511411288,0,-1.1148423108242123,0
2025-07-07 13:00:00+07:00,117.0,3.5,48.0,/dl/web/weather/ic-w-04-scattered-clouds-full.svg,Hà Nội,0.3011378020085951,0,-1.0995915569966304,0
2025-07-07 14:00:00+07:00,110.0,2.4,48.0,/dl/web/weather/ic-w-04-scattered-clouds-full.svg,Hà Nội,0.14128102744232823,0,-1.267349849100033,0
2025-07-07 15:00:00+07:00,105.0,1.4,50.0,/dl/web/weather/ic-w-04-scattered-clouds-full.svg,Hà Nội,0.027097617037851927,0,-1.4198573873758535,0
2025-07-07 16:00:00+07:00,99.0,1.6,49.0,/dl/web/weather/ic-w-04-scattered-clouds-full.svg,Hà Nội,-0.10992247544751964,0,-1.3893558797206895,0
2025-07-07 17:00:00+07:00,97.0,2.7,50.0,/dl/web/weather/ic-w-04-scattered-clouds-full.svg,Hà Nội,-0.15559583960931017,0,-1.2215975876172869,0
2025-07-07 18:00:00+07:00,96.0,7.6,59.0,/dl/web/weather/ic-w-04-scattered-clouds-full.svg,Hà Nội,-0.17843252169020543,0,-0.4743106500657658,0
2025-07-07 19:00:00+07:00,88.0,14.6,68.0,/dl/web/weather/ic-w-04-scattered-clouds-full.svg,Hà Nội,-0.36112597833736754,0,0.5932421178649787,0
2025-07-07 20:00:00+07:00,100.0,15.1,74.0,/dl/web/weather/ic-w-04-scattered-clouds-full.svg,Hà Nội,-0.08708579336662438,0,0.6694958870028891,0
2025-07-07 21:00:00+07:00,96.0,11.3,78.0,/dl/web/weather/ic-w-04-scattered-clouds-full.svg,Hà Nội,-0.17843252169020543,0,0.08996724155477077,0
2025-07-07 22:00:00+07:00,78.0,10.9,80.0,/dl/web/weather/ic-w-04-scattered-clouds-full.svg,Hà Nội,-0.5894927991463201,0,0.028964226244442465,0
2025-07-07 23:00:00+07:00,71.0,11.7,82.0,/dl/web/weather/ic-w-04-scattered-clouds-full.svg,Hà Nội,-0.7493495737125869,0,0.15097025686509882,0
2025-07-08 01:00:00+07:00,64.0,11.6,86.0,/dl/web/weather/ic-w-04-scattered-clouds-full.svg,Hà Nội,-0.9092063482788538,0,0.13571950303751681,0
2025-07-08 03:00:00+07:00,66.0,9.7,87.0,/dl/web/weather/ic-w-04-scattered-clouds-full.svg,Hà Nội,-0.8635329841170633,0,-0.15404481968654246,0
2025-07-08 05:00:00+07:00,76.0,4.5,88.0,/dl/web/weather/ic-w-04-scattered-clouds-full.svg,Hà Nội,-0.6351661633081107,0,-0.9470840187208097,0
2025-07-08 06:00:00+07:00,84.0,1.6,87.0,/dl/web/weather/ic-w-04-scattered-clouds-full.svg,Hà Nội,-0.4524727066609486,0,-1.3893558797206895,0
2025-07-08 07:00:00+07:00,94.0,2.4,82.0,/dl/web/weather/ic-w-04-scattered-clouds-full.svg,Hà Nội,-0.22410588585199595,0,-1.267349849100033,0
2025-07-08 08:00:00+07:00,94.0,5.1,76.0,/dl/web/weather/ic-w-01-clear-sky-full.svg,Hà Nội,-0.22410588585199595,0,-0.8555794957553173,0
2025-07-08 09:00:00+07:00,86.0,7.2,69.0,/dl/web/weather/ic-w-01-clear-sky-full.svg,Hà Nội,-0.40679934249915806,0,-0.5353136653760939,0
2025-07-08 10:00:00+07:00,81.0,7.2,62.0,/dl/web/weather/ic-w-02-new-clouds-full.svg,Hà Nội,-0.5209827529036344,0,-0.5353136653760939,0
2025-07-08 11:00:00+07:00,74.0,8.0,56.0,/dl/web/weather/ic-w-02-new-clouds-full.svg,Hà Nội,-0.6808395274699012,0,-0.41330763475543747,0
2025-07-08 12:00:00+07:00,75.0,10.3,52.0,/dl/web/weather/ic-w-02-new-clouds-full.svg,Hà Nội,-0.6580028453890059,0,-0.06254029672104987,0
2025-07-08 13:00:00+07:00,69.0,10.9,50.0,/dl/web/weather/ic-w-04-scattered-clouds-full.svg,Hà Nội,-0.7950229378743775,0,0.028964226244442465,0
2025-07-08 14:00:00+07:00,73.0,7.1,49.0,/dl/web/weather/ic-w-04-scattered-clouds-full.svg,Hà Nội,-0.7036762095507965,0,-0.550564419203676,0
2025-07-08 15:00:00+07:00,73.0,6.1,47.0,/dl/web/weather/ic-w-04-scattered-clouds-full.svg,Hà Nội,-0.7036762095507965,0,-0.7030719574794967,0
2025-07-08 16:00:00+07:00,73.0,4.5,49.0,/dl/web/weather/ic-w-02-new-clouds-full.svg,Hà Nội,-0.7036762095507965,0,-0.9470840187208097,0
2025-07-08 17:00:00+07:00,68.0,3.7,49.0,/dl/web/weather/ic-w-02-new-clouds-full.svg,Hà Nội,-0.8178596199552728,0,-1.0690900493414661,0
2025-07-08 18:00:00+07:00,71.0,2.7,55.0,/dl/web/weather/ic-w-02-new-clouds-full.svg,Hà Nội,-0.7493495737125869,0,-1.2215975876172869,0
2025-07-08 19:00:00+07:00,65.0,8.9,58.0,/dl/web/weather/ic-w-04-scattered-clouds-full.svg,Hà Nội,-0.8863696661979585,0,-0.27605085030719884,0
2025-07-08 20:00:00+07:00,66.0,15.3,66.0,/dl/web/weather/ic-w-11-night-few-clouds-full.svg,Hà Nội,-0.8635329841170633,0,0.6999973946580533,0
2025-07-08 21:00:00+07:00,66.0,13.8,69.0,/dl/web/weather/ic-w-04-scattered-clouds-full.svg,Hà Nội,-0.8635329841170633,0,0.47123608724432237,0
2025-07-08 23:00:00+07:00,120.0,12.2,74.0,/dl/web/weather/ic-w-04-scattered-clouds-full.svg,Hà Nội,0.36964784825128083,0,0.22722402600300914,0
2025-07-09 00:00:00+07:00,111.0,11.6,77.0,/dl/web/weather/ic-w-04-scattered-clouds-full.svg,Hà Nội,0.1641177095232235,0,0.13571950303751681,0
2025-07-09 01:00:00+07:00,118.0,10.6,80.0,/dl/web/weather/ic-w-04-scattered-clouds-full.svg,Hà Nội,0.3239744840894903,0,-0.016788035238303835,0
2025-07-09 02:00:00+07:00,119.0,9.0,82.0,/dl/web/weather/ic-w-04-scattered-clouds-full.svg,Hà Nội,0.3468111661703856,0,-0.2608000964796168,0
2025-07-09 03:00:00+07:00,113.0,6.9,83.0,/dl/web/weather/ic-w-04-scattered-clouds-full.svg,Hà Nội,0.209791073685014,0,-0.5810659268588401,0
2025-07-09 04:00:00+07:00,102.0,5.1,84.0,/dl/web/weather/ic-w-04-scattered-clouds-full.svg,Hà Nội,-0.04141242920483386,0,-0.8555794957553173,0
2025-07-09 05:00:00+07:00,100.0,4.3,84.0,/dl/web/weather/ic-w-04-scattered-clouds-full.svg,Hà Nội,-0.08708579336662438,0,-0.9775855263759738,0
2025-07-09 06:00:00+07:00,92.0,5.1,84.0,/dl/web/weather/ic-w-04-scattered-clouds-full.svg,Hà Nội,-0.2697792500137865,0,-0.8555794957553173,0
2025-07-09 07:00:00+07:00,92.0,5.8,81.0,/dl/web/weather/ic-w-04-scattered-clouds-full.svg,Hà Nội,-0.2697792500137865,0,-0.7488242189622429,0
2025-07-09 08:00:00+07:00,126.0,6.0,76.0,/dl/web/weather/ic-w-04-scattered-clouds-full.svg,Hà Nội,0.5066679407366524,0,-0.7183227113070787,0
2025-07-09 09:00:00+07:00,122.0,6.8,69.0,/dl/web/weather/ic-w-04-scattered-clouds-full.svg,Hà Nội,0.41532121241307135,0,-0.5963166806864223,0
2025-07-09 10:00:00+07:00,92.0,9.7,62.0,/dl/web/weather/ic-w-04-scattered-clouds-full.svg,Hà Nội,-0.2697792500137865,0,-0.15404481968654246,0
2025-07-09 11:00:00+07:00,86.0,10.6,56.0,/dl/web/weather/ic-w-04-scattered-clouds-full.svg,Hà Nội,-0.40679934249915806,0,-0.016788035238303835,0
2025-07-09 12:00:00+07:00,82.0,11.3,52.0,/dl/web/weather/ic-w-04-scattered-clouds-full.svg,Hà Nội,-0.4981460708227391,0,0.08996724155477077,0
2025-07-09 13:00:00+07:00,73.0,10.5,49.0,/dl/web/weather/ic-w-04-scattered-clouds-full.svg,Hà Nội,-0.7036762095507965,0,-0.03203878906588584,0
2025-07-09 14:00:00+07:00,68.0,8.4,46.0,/dl/web/weather/ic-w-04-scattered-clouds-full.svg,Hà Nội,-0.8178596199552728,0,-0.35230461944510916,0
2025-07-09 15:00:00+07:00,66.0,4.3,46.0,/dl/web/weather/ic-w-04-scattered-clouds-full.svg,Hà Nội,-0.8635329841170633,0,-0.9775855263759738,0
2025-07-09 16:00:00+07:00,64.0,4.3,46.0,/dl/web/weather/ic-w-04-scattered-clouds-full.svg,Hà Nội,-0.9092063482788538,0,-0.9775855263759738,0
2025-07-09 17:00:00+07:00,66.0,2.9,48.0,/dl/web/weather/ic-w-06-rain-full.svg,Hà Nội,-0.8635329841170633,0,-1.1910960799621226,0
2025-07-09 18:00:00+07:00,69.0,4.5,55.0,/dl/web/weather/ic-w-06-rain-full.svg,Hà Nội,-0.7950229378743775,0,-0.9470840187208097,0
2025-07-09 19:00:00+07:00,97.0,8.5,59.0,/dl/web/weather/ic-w-12-night-rain-full.svg,Hà Nội,-0.15559583960931017,0,-0.33705386561752715,0
2025-07-09 21:00:00+07:00,104.0,11.9,67.0,/dl/web/weather/ic-w-04-scattered-clouds-full.svg,Hà Nội,0.004260934956956666,0,0.18147176452026312,0
2025-07-09 22:00:00+07:00,140.0,10.1,68.0,/dl/web/weather/ic-w-04-scattered-clouds-full.svg,Hà Nội,0.8263814898691861,0,-0.09304180437621416,0
2025-07-09 23:00:00+07:00,150.0,8.5,72.0,/dl/web/weather/ic-w-12-night-rain-full.svg,Hà Nội,1.0547483106781388,0,-0.33705386561752715,0
2025-07-10 00:00:00+07:00,122.0,14.5,75.0,/dl/web/weather/ic-w-12-night-rain-full.svg,Hà Nội,0.41532121241307135,0,0.5779913640373967,0
2025-07-10 01:00:00+07:00,84.0,14.6,79.0,/dl/web/weather/ic-w-12-night-rain-full.svg,Hà Nội,-0.4524727066609486,0,0.5932421178649787,0
2025-07-10 02:00:00+07:00,73.0,12.1,82.0,/dl/web/weather/ic-w-12-night-rain-full.svg,Hà Nội,-0.7036762095507965,0,0.21197327217542714,0
2025-07-10 03:00:00+07:00,66.0,16.6,88.0,/dl/web/weather/ic-w-12-night-rain-full.svg,Hà Nội,-0.8635329841170633,0,0.8982571944166203,0
2025-07-10 04:00:00+07:00,54.0,15.4,91.0,/dl/web/weather/ic-w-12-night-rain-full.svg,Hà Nội,-1.1375731690878064,0,0.7152481484856353,0
2025-07-10 06:00:00+07:00,50.0,14.2,84.0,/dl/web/weather/ic-w-06-rain-full.svg,Hà Nội,-1.2289198974113875,0,0.5322391025546505,0
2025-07-10 07:00:00+07:00,53.0,15.3,83.0,/dl/web/weather/ic-w-04-scattered-clouds-full.svg,Hà Nội,-1.1604098511687018,0,0.6999973946580533,0
2025-07-10 08:00:00+07:00,44.0,14.0,86.0,/dl/web/weather/ic-w-04-scattered-clouds-full.svg,Hà Nội,-1.365939989896759,0,0.5017375948994864,0
2025-07-10 09:00:00+07:00,53.0,16.4,81.0,/dl/web/weather/ic-w-04-scattered-clouds-full.svg,Hà Nội,-1.1604098511687018,0,0.8677556867614558,0
2025-07-10 10:00:00+07:00,54.0,16.6,82.0,/dl/web/weather/ic-w-06-rain-full.svg,Hà Nội,-1.1375731690878064,0,0.8982571944166203,0
2025-07-10 11:00:00+07:00,54.0,15.6,72.0,/dl/web/weather/ic-w-06-rain-full.svg,Hà Nội,-1.1375731690878064,0,0.7457496561407994,0
2025-07-10 12:00:00+07:00,54.0,16.7,62.0,/dl/web/weather/ic-w-04-scattered-clouds-full.svg,Hà Nội,-1.1375731690878064,0,0.913507948244202,0
2025-07-10 13:00:00+07:00,53.0,15.6,57.0,/dl/web/weather/ic-w-04-scattered-clouds-full.svg,Hà Nội,-1.1604098511687018,0,0.7457496561407994,0
2025-07-10 14:00:00+07:00,50.0,14.5,51.0,/dl/web/weather/ic-w-04-scattered-clouds-full.svg,Hà Nội,-1.2289198974113875,0,0.5779913640373967,0
2025-07-10 15:00:00+07:00,33.0,13.4,49.0,/dl/web/weather/ic-w-04-scattered-clouds-full.svg,Hà Nội,-1.6171434927866069,0,0.41023307193399405,0
2025-07-10 16:00:00+07:00,33.0,11.9,50.0,/dl/web/weather/ic-w-04-scattered-clouds-full.svg,Hà Nội,-1.6171434927866069,0,0.18147176452026312,0
2025-07-10 17:00:00+07:00,33.0,9.8,52.0,/dl/web/weather/ic-w-04-scattered-clouds-full.svg,Hà Nội,-1.6171434927866069,0,-0.13879406585896018,0
2025-07-10 18:00:00+07:00,44.0,7.9,59.0,/dl/web/weather/ic-w-06-rain-full.svg,Hà Nội,-1.365939989896759,0,-0.4285583885830195,0
2025-07-10 19:00:00+07:00,51.0,11.1,62.0,/dl/web/weather/ic-w-12-night-rain-full.svg,Hà Nội,-1.2060832153304921,0,0.059465733899606486,0
2025-07-10 21:00:00+07:00,66.0,10.9,72.0,/dl/web/weather/ic-w-04-scattered-clouds-full.svg,Hà Nội,-0.8635329841170633,0,0.028964226244442465,0
2025-07-10 22:00:00+07:00,82.0,11.3,73.0,/dl/web/weather/ic-w-04-scattered-clouds-full.svg,Hà Nội,-0.4981460708227391,0,0.08996724155477077,0
2025-07-11 00:00:00+07:00,76.0,11.6,76.0,/dl/web/weather/ic-w-12-night-rain-full.svg,Hà Nội,-0.6351661633081107,0,0.13571950303751681,0
2025-07-11 01:00:00+07:00,60.0,10.0,77.0,/dl/web/weather/ic-w-12-night-rain-full.svg,Hà Nội,-1.0005530766024349,0,-0.10829255820379617,0
2025-07-11 02:00:00+07:00,52.0,10.3,85.0,/dl/web/weather/ic-w-12-night-rain-full.svg,Hà Nội,-1.183246533249597,0,-0.06254029672104987,0
2025-07-11 03:00:00+07:00,48.0,12.9,85.0,/dl/web/weather/ic-w-12-night-rain-full.svg,Hà Nội,-1.274593261573178,0,0.33397930279608373,0
2025-07-11 04:00:00+07:00,51.0,15.6,88.0,/dl/web/weather/ic-w-12-night-rain-full.svg,Hà Nội,-1.2060832153304921,0,0.7457496561407994,0
2025-07-11 05:00:00+07:00,50.0,14.5,91.0,/dl/web/weather/ic-w-04-scattered-clouds-full.svg,Hà Nội,-1.2289198974113875,0,0.5779913640373967,0
2025-07-11 06:00:00+07:00,53.0,14.0,91.0,/dl/web/weather/ic-w-04-scattered-clouds-full.svg,Hà Nội,-1.1604098511687018,0,0.5017375948994864,0
2025-07-11 07:00:00+07:00,50.0,14.6,91.0,/dl/web/weather/ic-w-04-scattered-clouds-full.svg,Hà Nội,-1.2289198974113875,0,0.5932421178649787,0
2025-07-11 08:00:00+07:00,66.0,14.6,90.0,/dl/web/weather/ic-w-04-scattered-clouds-full.svg,Hà Nội,-0.8635329841170633,0,0.5932421178649787,0
2025-07-11 09:00:00+07:00,80.0,16.4,90.0,/dl/web/weather/ic-w-04-scattered-clouds-full.svg,Hà Nội,-0.5438194349845296,0,0.8677556867614558,0
2025-07-11 10:00:00+07:00,93.0,18.3,85.0,/dl/web/weather/ic-w-04-scattered-clouds-full.svg,Hà Nội,-0.2469425679328912,0,1.1575200094855154,0
2025-07-11 11:00:00+07:00,81.0,15.1,85.0,/dl/web/weather/ic-w-06-rain-full.svg,Hà Nội,-0.5209827529036344,0,0.6694958870028891,0
2025-07-11 12:00:00+07:00,81.0,11.9,90.0,/dl/web/weather/ic-w-06-rain-full.svg,Hà Nội,-0.5209827529036344,0,0.18147176452026312,0
2025-07-11 13:00:00+07:00,64.0,11.7,81.0,/dl/web/weather/ic-w-06-rain-full.svg,Hà Nội,-0.9092063482788538,0,0.15097025686509882,0
2025-07-11 14:00:00+07:00,56.0,12.1,81.0,/dl/web/weather/ic-w-04-scattered-clouds-full.svg,Hà Nội,-1.0918998049260158,0,0.21197327217542714,0
2025-07-11 15:00:00+07:00,59.0,10.1,68.0,/dl/web/weather/ic-w-04-scattered-clouds-full.svg,Hà Nội,-1.02338975868333,0,-0.09304180437621416,0
2025-07-11 16:00:00+07:00,60.0,8.2,65.0,/dl/web/weather/ic-w-04-scattered-clouds-full.svg,Hà Nội,-1.0005530766024349,0,-0.38280612710027345,0
2025-07-11 17:00:00+07:00,64.0,6.3,67.0,/dl/web/weather/ic-w-04-scattered-clouds-full.svg,Hà Nội,-0.9092063482788538,0,-0.6725704498243326,0
2025-07-11 18:00:00+07:00,66.0,4.5,71.0,/dl/web/weather/ic-w-04-scattered-clouds-full.svg,Hà Nội,-0.8635329841170633,0,-0.9470840187208097,0
2025-07-11 19:00:00+07:00,62.0,8.2,74.0,/dl/web/weather/ic-w-04-scattered-clouds-full.svg,Hà Nội,-0.9548797124406443,0,-0.38280612710027345,0
2025-07-11 20:00:00+07:00,67.0,8.2,79.0,/dl/web/weather/ic-w-04-scattered-clouds-full.svg,Hà Nội,-0.840696302036168,0,-0.38280612710027345,0
2025-07-11 21:00:00+07:00,68.0,7.6,78.0,/dl/web/weather/ic-w-12-night-rain-full.svg,Hà Nội,-0.8178596199552728,0,-0.4743106500657658,0
2025-07-11 23:00:00+07:00,68.0,6.4,86.0,/dl/web/weather/ic-w-04-scattered-clouds-full.svg,Hà Nội,-0.8178596199552728,0,-0.6573196959967504,0
2025-07-12 00:00:00+07:00,55.0,2.6,90.0,/dl/web/weather/ic-w-04-scattered-clouds-full.svg,Hà Nội,-1.1147364870069112,0,-1.236848341444869,0
2025-07-12 01:00:00+07:00,54.0,9.0,93.0,/dl/web/weather/ic-w-12-night-rain-full.svg,Hà Nội,-1.1375731690878064,0,-0.2608000964796168,0
2025-07-12 02:00:00+07:00,54.0,6.1,93.0,/dl/web/weather/ic-w-04-scattered-clouds-full.svg,Hà Nội,-1.1375731690878064,0,-0.7030719574794967,0
2025-07-12 03:00:00+07:00,50.0,6.3,93.0,/dl/web/weather/ic-w-04-scattered-clouds-full.svg,Hà Nội,-1.2289198974113875,0,-0.6725704498243326,0
2025-07-12 04:00:00+07:00,66.0,8.2,93.0,/dl/web/weather/ic-w-04-scattered-clouds-full.svg,Hà Nội,-0.8635329841170633,0,-0.38280612710027345,0
2025-07-12 05:00:00+07:00,79.0,10.9,95.0,/dl/web/weather/ic-w-04-scattered-clouds-full.svg,Hà Nội,-0.5666561170654248,0,0.028964226244442465,0
2025-07-12 06:00:00+07:00,77.0,9.8,94.0,/dl/web/weather/ic-w-04-scattered-clouds-full.svg,Hà Nội,-0.6123294812272154,0,-0.13879406585896018,0
2025-07-12 07:00:00+07:00,75.0,12.9,94.0,/dl/web/weather/ic-w-04-scattered-clouds-full.svg,Hà Nội,-0.6580028453890059,0,0.33397930279608373,0
2025-07-12 08:00:00+07:00,75.0,12.2,87.0,/dl/web/weather/ic-w-04-scattered-clouds-full.svg,Hà Nội,-0.6580028453890059,0,0.22722402600300914,0
2025-07-12 09:00:00+07:00,74.0,10.5,74.0,/dl/web/weather/ic-w-04-scattered-clouds-full.svg,Hà Nội,-0.6808395274699012,0,-0.03203878906588584,0
2025-07-12 10:00:00+07:00,84.0,10.5,66.0,/dl/web/weather/ic-w-04-scattered-clouds-full.svg,Hà Nội,-0.4524727066609486,0,-0.03203878906588584,0
2025-07-12 11:00:00+07:00,79.0,10.6,59.0,/dl/web/weather/ic-w-04-scattered-clouds-full.svg,Hà Nội,-0.5666561170654248,0,-0.016788035238303835,0
2025-07-12 12:00:00+07:00,71.0,10.8,59.0,/dl/web/weather/ic-w-04-scattered-clouds-full.svg,Hà Nội,-0.7493495737125869,0,0.013713472416860455,0
2025-07-12 13:00:00+07:00,64.0,7.2,59.0,/dl/web/weather/ic-w-04-scattered-clouds-full.svg,Hà Nội,-0.9092063482788538,0,-0.5353136653760939,0
2025-07-12 14:00:00+07:00,56.0,9.3,60.0,/dl/web/weather/ic-w-04-scattered-clouds-full.svg,Hà Nội,-1.0918998049260158,0,-0.2150478349968705,0
2025-07-12 15:00:00+07:00,60.0,5.0,62.0,/dl/web/weather/ic-w-04-scattered-clouds-full.svg,Hà Nội,-1.0005530766024349,0,-0.8708302495828993,0
2025-07-12 16:00:00+07:00,58.0,8.7,70.0,/dl/web/weather/ic-w-04-scattered-clouds-full.svg,Hà Nội,-1.0462264407642254,0,-0.30655235796236313,0
2025-07-12 17:00:00+07:00,56.0,12.6,84.0,/dl/web/weather/ic-w-04-scattered-clouds-full.svg,Hà Nội,-1.0918998049260158,0,0.28822704131333743,0
2025-07-12 18:00:00+07:00,53.0,6.4,88.0,/dl/web/weather/ic-w-06-rain-full.svg,Hà Nội,-1.1604098511687018,0,-0.6573196959967504,0
2025-07-12 19:00:00+07:00,50.0,6.0,87.0,/dl/web/weather/ic-w-12-night-rain-full.svg,Hà Nội,-1.2289198974113875,0,-0.7183227113070787,0
2025-07-12 20:00:00+07:00,55.0,5.5,88.0,/dl/web/weather/ic-w-12-night-rain-full.svg,Hà Nội,-1.1147364870069112,0,-0.7945764804449891,0
2025-07-12 21:00:00+07:00,56.0,5.5,86.0,/dl/web/weather/ic-w-12-night-rain-full.svg,Hà Nội,-1.0918998049260158,0,-0.7945764804449891,0
2025-07-12 22:00:00+07:00,62.0,3.9,86.0,/dl/web/weather/ic-w-12-night-rain-full.svg,Hà Nội,-0.9548797124406443,0,-1.038588541686302,0
2025-07-12 23:00:00+07:00,60.0,2.3,87.0,/dl/web/weather/ic-w-12-night-rain-full.svg,Hà Nội,-1.0005530766024349,0,-1.282600602927615,0
2025-07-13 00:00:00+07:00,56.0,3.2,87.0,/dl/web/weather/ic-w-12-night-rain-full.svg,Hà Nội,-1.0918998049260158,0,-1.1453438184793765,0
2025-07-13 01:00:00+07:00,60.0,6.0,87.0,/dl/web/weather/ic-w-12-night-rain-full.svg,Hà Nội,-1.0005530766024349,0,-0.7183227113070787,0
2025-07-13 02:00:00+07:00,66.0,7.6,90.0,/dl/web/weather/ic-w-12-night-rain-full.svg,Hà Nội,-0.8635329841170633,0,-0.4743106500657658,0
2025-07-13 03:00:00+07:00,68.0,6.9,90.0,/dl/web/weather/ic-w-12-night-rain-full.svg,Hà Nội,-0.8178596199552728,0,-0.5810659268588401,0
2025-07-13 04:00:00+07:00,71.0,7.6,89.0,/dl/web/weather/ic-w-04-scattered-clouds-full.svg,Hà Nội,-0.7493495737125869,0,-0.4743106500657658,0
2025-07-13 05:00:00+07:00,84.0,8.9,90.0,/dl/web/weather/ic-w-04-scattered-clouds-full.svg,Hà Nội,-0.4524727066609486,0,-0.27605085030719884,0
2025-07-13 06:00:00+07:00,88.0,7.6,89.0,/dl/web/weather/ic-w-04-scattered-clouds-full.svg,Hà Nội,-0.36112597833736754,0,-0.4743106500657658,0
2025-07-13 07:00:00+07:00,82.0,7.6,89.0,/dl/web/weather/ic-w-04-scattered-clouds-full.svg,Hà Nội,-0.4981460708227391,0,-0.4743106500657658,0
2025-07-13 08:00:00+07:00,96.0,9.2,83.0,/dl/web/weather/ic-w-04-scattered-clouds-full.svg,Hà Nội,-0.17843252169020543,0,-0.23029858882445278,0
2025-07-13 09:00:00+07:00,90.0,8.4,77.0,/dl/web/weather/ic-w-04-scattered-clouds-full.svg,Hà Nội,-0.315452614175577,0,-0.35230461944510916,0
2025-07-13 10:00:00+07:00,81.0,7.6,73.0,/dl/web/weather/ic-w-04-scattered-clouds-full.svg,Hà Nội,-0.5209827529036344,0,-0.4743106500657658,0
2025-07-13 11:00:00+07:00,76.0,8.7,66.0,/dl/web/weather/ic-w-04-scattered-clouds-full.svg,Hà Nội,-0.6351661633081107,0,-0.30655235796236313,0
2025-07-13 12:00:00+07:00,74.0,9.5,61.0,/dl/web/weather/ic-w-04-scattered-clouds-full.svg,Hà Nội,-0.6808395274699012,0,-0.18454632734170648,0
2025-07-13 13:00:00+07:00,71.0,7.9,58.0,/dl/web/weather/ic-w-04-scattered-clouds-full.svg,Hà Nội,-0.7493495737125869,0,-0.4285583885830195,0
2025-07-13 14:00:00+07:00,64.0,4.5,58.0,/dl/web/weather/ic-w-04-scattered-clouds-full.svg,Hà Nội,-0.9092063482788538,0,-0.9470840187208097,0
2025-07-13 15:00:00+07:00,58.0,5.3,60.0,/dl/web/weather/ic-w-04-scattered-clouds-full.svg,Hà Nội,-1.0462264407642254,0,-0.8250779881001532,0
2025-07-13 16:00:00+07:00,60.0,9.3,65.0,/dl/web/weather/ic-w-04-scattered-clouds-full.svg,Hà Nội,-1.0005530766024349,0,-0.2150478349968705,0
2025-07-13 17:00:00+07:00,60.0,10.5,71.0,/dl/web/weather/ic-w-04-scattered-clouds-full.svg,Hà Nội,-1.0005530766024349,0,-0.03203878906588584,0
2025-07-13 18:00:00+07:00,64.0,7.4,74.0,/dl/web/weather/ic-w-04-scattered-clouds-full.svg,Hà Nội,-0.9092063482788538,0,-0.5048121577209298,0
2025-07-13 19:00:00+07:00,71.0,10.3,76.0,/dl/web/weather/ic-w-12-night-rain-full.svg,Hà Nội,-0.7493495737125869,0,-0.06254029672104987,0
2025-07-13 20:00:00+07:00,88.0,9.2,78.0,/dl/web/weather/ic-w-12-night-rain-full.svg,Hà Nội,-0.36112597833736754,0,-0.23029858882445278,0
2025-07-13 21:00:00+07:00,91.0,9.7,79.0,/dl/web/weather/ic-w-04-scattered-clouds-full.svg,Hà Nội,-0.29261593209468173,0,-0.15404481968654246,0
2025-07-13 22:00:00+07:00,105.0,9.7,79.0,/dl/web/weather/ic-w-04-scattered-clouds-full.svg,Hà Nội,0.027097617037851927,0,-0.15404481968654246,0
2025-07-13 23:00:00+07:00,129.0,9.3,82.0,/dl/web/weather/ic-w-04-scattered-clouds-full.svg,Hà Nội,0.5751779869793382,0,-0.2150478349968705,0
2025-07-14 00:00:00+07:00,132.0,8.0,83.0,/dl/web/weather/ic-w-04-scattered-clouds-full.svg,Hà Nội,0.643688033222024,0,-0.41330763475543747,0
2025-07-14 01:00:00+07:00,142.0,8.2,84.0,/dl/web/weather/ic-w-04-scattered-clouds-full.svg,Hà Nội,0.8720548540309766,0,-0.38280612710027345,0
2025-07-14 02:00:00+07:00,144.0,7.2,85.0,/dl/web/weather/ic-w-04-scattered-clouds-full.svg,Hà Nội,0.9177282181927672,0,-0.5353136653760939,0
2025-07-14 03:00:00+07:00,147.0,6.6,86.0,/dl/web/weather/ic-w-04-scattered-clouds-full.svg,Hà Nội,0.9862382644354529,0,-0.6268181883415864,0
2025-07-14 04:00:00+07:00,153.0,5.8,86.0,/dl/web/weather/ic-w-04-scattered-clouds-full.svg,Hà Nội,1.1232583569208245,0,-0.7488242189622429,0
2025-07-14 05:00:00+07:00,156.0,4.8,87.0,/dl/web/weather/ic-w-04-scattered-clouds-full.svg,Hà Nội,1.1917684031635103,0,-0.9013317572380636,0
2025-07-14 06:00:00+07:00,158.0,5.0,86.0,/dl/web/weather/ic-w-04-scattered-clouds-full.svg,Hà Nội,1.2374417673253009,0,-0.8708302495828993,0
2025-07-14 07:00:00+07:00,159.0,5.0,81.0,/dl/web/weather/ic-w-04-scattered-clouds-full.svg,Hà Nội,1.260278449406196,0,-0.8708302495828993,0
2025-07-14 08:00:00+07:00,170.0,3.4,74.0,/dl/web/weather/ic-w-04-scattered-clouds-full.svg,Hà Nội,1.5114819522960439,0,-1.1148423108242123,0
2025-07-14 09:00:00+07:00,168.0,2.4,69.0,/dl/web/weather/ic-w-04-scattered-clouds-full.svg,Hà Nội,1.4658085881342535,0,-1.267349849100033,0
2025-07-14 10:00:00+07:00,167.0,2.4,63.0,/dl/web/weather/ic-w-04-scattered-clouds-full.svg,Hà Nội,1.4429719060533581,0,-1.267349849100033,0
2025-07-14 11:00:00+07:00,162.0,1.3,71.0,/dl/web/weather/ic-w-04-scattered-clouds-full.svg,Hà Nội,1.3287884956488818,0,-1.4351081412034357,0
2025-07-14 12:00:00+07:00,154.0,0.6,55.0,/dl/web/weather/ic-w-04-scattered-clouds-full.svg,Hà Nội,1.1460950390017197,0,-1.5418634179965103,0
2025-07-14 13:00:00+07:00,149.0,2.9,53.0,/dl/web/weather/ic-w-04-scattered-clouds-full.svg,Hà Nội,1.0319116285972434,0,-1.1910960799621226,0
2025-07-14 14:00:00+07:00,152.0,6.1,52.0,/dl/web/weather/ic-w-04-scattered-clouds-full.svg,Hà Nội,1.1004216748399291,0,-0.7030719574794967,0
2025-07-14 15:00:00+07:00,137.0,10.3,64.0,/dl/web/weather/ic-w-06-rain-full.svg,Hà Nội,0.7578714436265003,0,-0.06254029672104987,0
2025-07-14 16:00:00+07:00,134.0,13.7,60.0,/dl/web/weather/ic-w-06-rain-full.svg,Hà Nội,0.6893613973838145,0,0.4559853334167401,0
2025-07-14 17:00:00+07:00,129.0,13.0,67.0,/dl/web/weather/ic-w-04-scattered-clouds-full.svg,Hà Nội,0.5751779869793382,0,0.34923005662366574,0
2025-07-14 18:00:00+07:00,139.0,12.7,69.0,/dl/web/weather/ic-w-06-rain-full.svg,Hà Nội,0.8035448077882908,0,0.30347779514091944,0
2025-07-14 19:00:00+07:00,129.0,13.7,71.0,/dl/web/weather/ic-w-12-night-rain-full.svg,Hà Nội,0.5751779869793382,0,0.4559853334167401,0
2025-07-14 20:00:00+07:00,96.0,13.7,72.0,/dl/web/weather/ic-w-12-night-rain-full.svg,Hà Nội,-0.17843252169020543,0,0.4559853334167401,0
2025-07-14 21:00:00+07:00,96.0,15.4,77.0,/dl/web/weather/ic-w-12-night-rain-full.svg,Hà Nội,-0.17843252169020543,0,0.7152481484856353,0
2025-07-14 22:00:00+07:00,84.0,14.2,78.0,/dl/web/weather/ic-w-04-scattered-clouds-full.svg,Hà Nội,-0.4524727066609486,0,0.5322391025546505,0
2025-07-14 23:00:00+07:00,95.0,11.9,81.0,/dl/web/weather/ic-w-04-scattered-clouds-full.svg,Hà Nội,-0.2012692037711007,0,0.18147176452026312,0
2025-07-15 00:00:00+07:00,110.0,9.8,84.0,/dl/web/weather/ic-w-04-scattered-clouds-full.svg,Hà Nội,0.14128102744232823,0,-0.13879406585896018,0
2025-07-15 01:00:00+07:00,110.0,5.1,83.0,/dl/web/weather/ic-w-04-scattered-clouds-full.svg,Hà Nội,0.14128102744232823,0,-0.8555794957553173,0
2025-07-15 02:00:00+07:00,126.0,6.0,84.0,/dl/web/weather/ic-w-04-scattered-clouds-full.svg,Hà Nội,0.5066679407366524,0,-0.7183227113070787,0
2025-07-15 03:00:00+07:00,135.0,6.8,84.0,/dl/web/weather/ic-w-04-scattered-clouds-full.svg,Hà Nội,0.7121980794647098,0,-0.5963166806864223,0
2025-07-15 04:00:00+07:00,108.0,6.1,86.0,/dl/web/weather/ic-w-04-scattered-clouds-full.svg,Hà Nội,0.09560766328053771,0,-0.7030719574794967,0
2025-07-15 05:00:00+07:00,127.0,4.0,86.0,/dl/web/weather/ic-w-04-scattered-clouds-full.svg,Hà Nội,0.5295046228175477,0,-1.02333778785872,0
2025-07-15 06:00:00+07:00,153.0,3.9,85.0,/dl/web/weather/ic-w-04-scattered-clouds-full.svg,Hà Nội,1.1232583569208245,0,-1.038588541686302,0
2025-07-15 07:00:00+07:00,151.0,4.0,80.0,/dl/web/weather/ic-w-04-scattered-clouds-full.svg,Hà Nội,1.077584992759034,0,-1.02333778785872,0
2025-07-15 08:00:00+07:00,165.0,4.8,78.0,/dl/web/weather/ic-w-04-scattered-clouds-full.svg,Hà Nội,1.3972985418915675,0,-0.9013317572380636,0
2025-07-15 09:00:00+07:00,170.0,6.3,71.0,/dl/web/weather/ic-w-04-scattered-clouds-full.svg,Hà Nội,1.5114819522960439,0,-0.6725704498243326,0
2025-07-15 10:00:00+07:00,170.0,9.2,67.0,/dl/web/weather/ic-w-04-scattered-clouds-full.svg,Hà Nội,1.5114819522960439,0,-0.23029858882445278,0
2025-07-15 11:00:00+07:00,168.0,10.0,65.0,/dl/web/weather/ic-w-04-scattered-clouds-full.svg,Hà Nội,1.4658085881342535,0,-0.10829255820379617,0
2025-07-15 12:00:00+07:00,168.0,8.5,61.0,/dl/web/weather/ic-w-04-scattered-clouds-full.svg,Hà Nội,1.4658085881342535,0,-0.33705386561752715,0
2025-07-15 13:00:00+07:00,170.0,7.2,57.0,/dl/web/weather/ic-w-04-scattered-clouds-full.svg,Hà Nội,1.5114819522960439,0,-0.5353136653760939,0
2025-07-15 14:00:00+07:00,174.0,7.7,60.0,/dl/web/weather/ic-w-04-scattered-clouds-full.svg,Hà Nội,1.602828680619625,0,-0.4590598962381836,0
2025-07-15 15:00:00+07:00,165.0,5.5,57.0,/dl/web/weather/ic-w-04-scattered-clouds-full.svg,Hà Nội,1.3972985418915675,0,-0.7945764804449891,0
2025-07-15 16:00:00+07:00,165.0,1.9,56.0,/dl/web/weather/ic-w-04-scattered-clouds-full.svg,Hà Nội,1.3972985418915675,0,-1.3436036182379434,0
2025-07-15 17:00:00+07:00,162.0,1.1,57.0,/dl/web/weather/ic-w-04-scattered-clouds-full.svg,Hà Nội,1.3287884956488818,0,-1.4656096488586,0
2025-07-15 18:00:00+07:00,160.0,6.0,64.0,/dl/web/weather/ic-w-04-scattered-clouds-full.svg,Hà Nội,1.2831151314870912,0,-0.7183227113070787,0
2025-07-15 19:00:00+07:00,158.0,8.2,71.0,/dl/web/weather/ic-w-04-scattered-clouds-full.svg,Hà Nội,1.2374417673253009,0,-0.38280612710027345,0
2025-07-15 21:00:00+07:00,152.0,15.1,79.0,/dl/web/weather/ic-w-04-scattered-clouds-full.svg,Hà Nội,1.1004216748399291,0,0.6694958870028891,0
2025-07-15 22:00:00+07:00,115.0,13.4,80.0,/dl/web/weather/ic-w-04-scattered-clouds-full.svg,Hà Nội,0.25546443784680456,0,0.41023307193399405,0
2025-07-16 00:00:00+07:00,92.0,11.4,84.0,/dl/web/weather/ic-w-04-scattered-clouds-full.svg,Hà Nội,-0.2697792500137865,0,0.10521799538235278,0
2025-07-16 01:00:00+07:00,71.0,12.1,84.0,/dl/web/weather/ic-w-04-scattered-clouds-full.svg,Hà Nội,-0.7493495737125869,0,0.21197327217542714,0
2025-07-16 02:00:00+07:00,72.0,11.7,88.0,/dl/web/weather/ic-w-04-scattered-clouds-full.svg,Hà Nội,-0.7265128916316917,0,0.15097025686509882,0
2025-07-16 03:00:00+07:00,77.0,11.8,88.0,/dl/web/weather/ic-w-04-scattered-clouds-full.svg,Hà Nội,-0.6123294812272154,0,0.16622101069268108,0
2025-07-16 04:00:00+07:00,76.0,11.4,89.0,/dl/web/weather/ic-w-04-scattered-clouds-full.svg,Hà Nội,-0.6351661633081107,0,0.10521799538235278,0
2025-07-16 05:00:00+07:00,69.0,10.0,90.0,/dl/web/weather/ic-w-04-scattered-clouds-full.svg,Hà Nội,-0.7950229378743775,0,-0.10829255820379617,0
2025-07-16 06:00:00+07:00,62.0,7.9,89.0,/dl/web/weather/ic-w-04-scattered-clouds-full.svg,Hà Nội,-0.9548797124406443,0,-0.4285583885830195,0
2025-07-16 07:00:00+07:00,66.0,7.2,84.0,/dl/web/weather/ic-w-04-scattered-clouds-full.svg,Hà Nội,-0.8635329841170633,0,-0.5353136653760939,0
2025-07-16 08:00:00+07:00,77.0,6.3,78.0,/dl/web/weather/ic-w-06-rain-full.svg,Hà Nội,-0.6123294812272154,0,-0.6725704498243326,0
2025-07-16 09:00:00+07:00,88.0,7.1,71.0,/dl/web/weather/ic-w-06-rain-full.svg,Hà Nội,-0.36112597833736754,0,-0.550564419203676,0
2025-07-16 10:00:00+07:00,94.0,7.2,65.0,/dl/web/weather/ic-w-06-rain-full.svg,Hà Nội,-0.22410588585199595,0,-0.5353136653760939,0
2025-07-16 11:00:00+07:00,77.0,7.2,60.0,/dl/web/weather/ic-w-04-scattered-clouds-full.svg,Hà Nội,-0.6123294812272154,0,-0.5353136653760939,0
2025-07-16 12:00:00+07:00,77.0,7.1,56.0,/dl/web/weather/ic-w-04-scattered-clouds-full.svg,Hà Nội,-0.6123294812272154,0,-0.550564419203676,0
2025-07-16 13:00:00+07:00,68.0,9.5,52.0,/dl/web/weather/ic-w-04-scattered-clouds-full.svg,Hà Nội,-0.8178596199552728,0,-0.18454632734170648,0
2025-07-16 14:00:00+07:00,62.0,8.5,49.0,/dl/web/weather/ic-w-04-scattered-clouds-full.svg,Hà Nội,-0.9548797124406443,0,-0.33705386561752715,0
2025-07-16 16:00:00+07:00,62.0,5.3,49.0,/dl/web/weather/ic-w-04-scattered-clouds-full.svg,Hà Nội,-0.9548797124406443,0,-0.8250779881001532,0
2025-07-16 17:00:00+07:00,75.0,6.4,55.0,/dl/web/weather/ic-w-04-scattered-clouds-full.svg,Hà Nội,-0.6580028453890059,0,-0.6573196959967504,0
2025-07-16 18:00:00+07:00,73.0,2.7,64.0,/dl/web/weather/ic-w-04-scattered-clouds-full.svg,Hà Nội,-0.7036762095507965,0,-1.2215975876172869,0
2025-07-16 19:00:00+07:00,73.0,6.8,70.0,/dl/web/weather/ic-w-04-scattered-clouds-full.svg,Hà Nội,-0.7036762095507965,0,-0.5963166806864223,0
2025-07-16 20:00:00+07:00,69.0,11.3,73.0,/dl/web/weather/ic-w-04-scattered-clouds-full.svg,Hà Nội,-0.7950229378743775,0,0.08996724155477077,0
2025-07-16 21:00:00+07:00,71.0,12.9,77.0,/dl/web/weather/ic-w-12-night-rain-full.svg,Hà Nội,-0.7493495737125869,0,0.33397930279608373,0
2025-07-16 22:00:00+07:00,73.0,11.3,79.0,/dl/web/weather/ic-w-12-night-rain-full.svg,Hà Nội,-0.7036762095507965,0,0.08996724155477077,0
2025-07-16 23:00:00+07:00,67.0,12.4,80.0,/dl/web/weather/ic-w-04-scattered-clouds-full.svg,Hà Nội,-0.840696302036168,0,0.2577255336581734,0
2025-07-17 00:00:00+07:00,65.0,12.4,81.0,/dl/web/weather/ic-w-04-scattered-clouds-full.svg,Hà Nội,-0.8863696661979585,0,0.2577255336581734,0
2025-07-17 01:00:00+07:00,66.0,11.1,82.0,/dl/web/weather/ic-w-04-scattered-clouds-full.svg,Hà Nội,-0.8635329841170633,0,0.059465733899606486,0
2025-07-17 03:00:00+07:00,52.0,8.2,85.0,/dl/web/weather/ic-weather-scattered-clouds.svg,Hà Nội,-1.183246533249597,0,-0.38280612710027345,0
2025-07-17 05:00:00+07:00,58.0,5.8,87.0,/dl/web/weather/ic-weather-04n.svg,Hà Nội,-1.0462264407642254,0,-0.7488242189622429,0
2025-07-17 06:00:00+07:00,73.0,7.1,87.0,/dl/web/weather/ic-weather-03d.svg,Hà Nội,-0.7036762095507965,0,-0.550564419203676,0
2025-07-17 07:00:00+07:00,82.0,4.8,80.0,/dl/web/weather/ic-weather-03d.svg,Hà Nội,-0.4981460708227391,0,-0.9013317572380636,0
2025-07-17 08:00:00+07:00,96.0,2.1,74.0,/dl/web/weather/ic-weather-04d.svg,Hà Nội,-0.17843252169020543,0,-1.3131021105827794,0
2025-07-17 09:00:00+07:00,92.0,2.1,66.0,/dl/web/weather/ic-weather-04d.svg,Hà Nội,-0.2697792500137865,0,-1.3131021105827794,0
2025-07-17 10:00:00+07:00,94.0,2.6,60.0,/dl/web/weather/ic-weather-04d.svg,Hà Nội,-0.22410588585199595,0,-1.236848341444869,0
2025-07-17 11:00:00+07:00,96.0,3.1,56.0,/dl/web/weather/ic-weather-04d.svg,Hà Nội,-0.17843252169020543,0,-1.1605945723069586,0
2025-07-17 12:00:00+07:00,84.0,2.1,52.0,/dl/web/weather/ic-weather-04d.svg,Hà Nội,-0.4524727066609486,0,-1.3131021105827794,0
2025-07-17 13:00:00+07:00,73.0,2.7,49.0,/dl/web/weather/ic-weather-04d.svg,Hà Nội,-0.7036762095507965,0,-1.2215975876172869,0
2025-07-17 14:00:00+07:00,69.0,0.6,45.0,/dl/web/weather/ic-weather-02d.svg,Hà Nội,-0.7950229378743775,0,-1.5418634179965103,0
2025-07-17 15:00:00+07:00,69.0,1.1,44.0,/dl/web/weather/ic-weather-02d.svg,Hà Nội,-0.7950229378743775,0,-1.4656096488586,0
2025-07-17 16:00:00+07:00,68.0,1.8,44.0,/dl/web/weather/ic-weather-03d.svg,Hà Nội,-0.8178596199552728,0,-1.3588543720655253,0
2025-07-17 17:00:00+07:00,68.0,3.2,46.0,/dl/web/weather/ic-weather-03d.svg,Hà Nội,-0.8178596199552728,0,-1.1453438184793765,0
2025-07-17 18:00:00+07:00,68.0,6.6,55.0,/dl/web/weather/ic-weather-03d.svg,Hà Nội,-0.8178596199552728,0,-0.6268181883415864,0
2025-07-17 19:00:00+07:00,73.0,17.7,65.0,/dl/web/weather/ic-weather-03n.svg,Hà Nội,-0.7036762095507965,0,1.0660154865200226,0
2025-07-17 20:00:00+07:00,90.0,15.8,71.0,/dl/web/weather/ic-weather-04n.svg,Hà Nội,-0.315452614175577,0,0.7762511637959637,0
2025-07-17 21:00:00+07:00,82.0,12.6,71.0,/dl/web/weather/ic-weather-04n.svg,Hà Nội,-0.4981460708227391,0,0.28822704131333743,0
2025-07-17 22:00:00+07:00,76.0,10.5,72.0,/dl/web/weather/ic-weather-04n.svg,Hà Nội,-0.6351661633081107,0,-0.03203878906588584,0
2025-07-18 00:00:00+07:00,81.0,10.6,76.0,/dl/web/weather/ic-weather-04n.svg,Hà Nội,-0.5209827529036344,0,-0.016788035238303835,0
2025-07-18 01:00:00+07:00,77.0,8.7,77.0,/dl/web/weather/ic-weather-04n.svg,Hà Nội,-0.6123294812272154,0,-0.30655235796236313,0
2025-07-18 02:00:00+07:00,74.0,7.9,79.0,/dl/web/weather/ic-weather-04n.svg,Hà Nội,-0.6808395274699012,0,-0.4285583885830195,0
2025-07-18 03:00:00+07:00,71.0,6.9,79.0,/dl/web/weather/ic-weather-04n.svg,Hà Nội,-0.7493495737125869,0,-0.5810659268588401,0
2025-07-18 04:00:00+07:00,71.0,5.1,80.0,/dl/web/weather/ic-weather-04n.svg,Hà Nội,-0.7493495737125869,0,-0.8555794957553173,0
2025-07-18 05:00:00+07:00,77.0,4.8,81.0,/dl/web/weather/ic-weather-04n.svg,Hà Nội,-0.6123294812272154,0,-0.9013317572380636,0
2025-07-18 06:00:00+07:00,78.0,3.4,82.0,/dl/web/weather/ic-weather-04d.svg,Hà Nội,-0.5894927991463201,0,-1.1148423108242123,0
2025-07-18 07:00:00+07:00,78.0,3.1,77.0,/dl/web/weather/ic-weather-04d.svg,Hà Nội,-0.5894927991463201,0,-1.1605945723069586,0
2025-07-18 08:00:00+07:00,91.0,5.1,71.0,/dl/web/weather/ic-weather-04d.svg,Hà Nội,-0.29261593209468173,0,-0.8555794957553173,0
2025-07-18 09:00:00+07:00,90.0,6.6,66.0,/dl/web/weather/ic-weather-04d.svg,Hà Nội,-0.315452614175577,0,-0.6268181883415864,0
2025-07-18 10:00:00+07:00,87.0,7.9,68.0,/dl/web/weather/ic-weather-04d.svg,Hà Nội,-0.38396266041826277,0,-0.4285583885830195,0
2025-07-18 11:00:00+07:00,81.0,8.7,66.0,/dl/web/weather/ic-weather-04d.svg,Hà Nội,-0.5209827529036344,0,-0.30655235796236313,0
2025-07-18 12:00:00+07:00,71.0,10.1,65.0,/dl/web/weather/ic-weather-04d.svg,Hà Nội,-0.7493495737125869,0,-0.09304180437621416,0
2025-07-18 13:00:00+07:00,84.0,10.6,56.0,/dl/web/weather/ic-weather-04d.svg,Hà Nội,-0.4524727066609486,0,-0.016788035238303835,0
2025-07-18 14:00:00+07:00,80.0,9.7,56.0,/dl/web/weather/ic-weather-04d.svg,Hà Nội,-0.5438194349845296,0,-0.15404481968654246,0
2025-07-18 15:00:00+07:00,81.0,8.5,49.0,/dl/web/weather/ic-weather-04d.svg,Hà Nội,-0.5209827529036344,0,-0.33705386561752715,0
2025-07-18 16:00:00+07:00,76.0,7.9,49.0,/dl/web/weather/ic-weather-04d.svg,Hà Nội,-0.6351661633081107,0,-0.4285583885830195,0
2025-07-18 17:00:00+07:00,67.0,8.0,49.0,/dl/web/weather/ic-weather-04d.svg,Hà Nội,-0.840696302036168,0,-0.41330763475543747,0
2025-07-18 18:00:00+07:00,64.0,4.5,60.0,/dl/web/weather/ic-weather-04d.svg,Hà Nội,-0.9092063482788538,0,-0.9470840187208097,0
2025-07-18 19:00:00+07:00,61.0,1.0,60.0,/dl/web/weather/ic-weather-04n.svg,Hà Nội,-0.9777163945215396,0,-1.480860402686182,0
2025-07-18 20:00:00+07:00,75.0,3.1,62.0,/dl/web/weather/ic-weather-04n.svg,Hà Nội,-0.6580028453890059,0,-1.1605945723069586,0
2025-07-18 21:00:00+07:00,74.0,8.5,63.0,/dl/web/weather/ic-weather-04n.svg,Hà Nội,-0.6808395274699012,0,-0.33705386561752715,0
2025-07-18 22:00:00+07:00,81.0,11.1,69.0,/dl/web/weather/ic-weather-04n.svg,Hà Nội,-0.5209827529036344,0,0.059465733899606486,0
2025-07-18 23:00:00+07:00,79.0,10.6,70.0,/dl/web/weather/ic-weather-04n.svg,Hà Nội,-0.5666561170654248,0,-0.016788035238303835,0
2025-07-19 00:00:00+07:00,87.0,9.8,72.0,/dl/web/weather/ic-weather-04n.svg,Hà Nội,-0.38396266041826277,0,-0.13879406585896018,0
2025-07-19 01:00:00+07:00,87.0,8.9,73.0,/dl/web/weather/ic-weather-04n.svg,Hà Nội,-0.38396266041826277,0,-0.27605085030719884,0
2025-07-19 02:00:00+07:00,99.0,7.2,77.0,/dl/web/weather/ic-weather-04n.svg,Hà Nội,-0.10992247544751964,0,-0.5353136653760939,0
2025-07-19 03:00:00+07:00,88.0,3.5,78.0,/dl/web/weather/ic-weather-04n.svg,Hà Nội,-0.36112597833736754,0,-1.0995915569966304,0
2025-07-19 04:00:00+07:00,75.0,0.3,79.0,/dl/web/weather/ic-weather-04n.svg,Hà Nội,-0.6580028453890059,0,-1.5876156794792562,0
2025-07-19 05:00:00+07:00,69.0,4.3,80.0,/dl/web/weather/ic-weather-04n.svg,Hà Nội,-0.7950229378743775,0,-0.9775855263759738,0
2025-07-19 06:00:00+07:00,105.0,5.8,81.0,/dl/web/weather/ic-weather-04d.svg,Hà Nội,0.027097617037851927,0,-0.7488242189622429,0
2025-07-19 07:00:00+07:00,167.0,7.7,76.0,/dl/web/weather/ic-weather-04d.svg,Hà Nội,1.4429719060533581,0,-0.4590598962381836,0
2025-07-19 08:00:00+07:00,172.0,9.0,70.0,/dl/web/weather/ic-weather-04d.svg,Hà Nội,1.5571553164578344,0,-0.2608000964796168,0
2025-07-19 09:00:00+07:00,166.0,10.1,68.0,/dl/web/weather/ic-weather-04d.svg,Hà Nội,1.420135223972463,0,-0.09304180437621416,0
2025-07-19 10:00:00+07:00,163.0,14.3,69.0,/dl/web/weather/ic-weather-10d.svg,Hà Nội,1.3516251777297772,0,0.5474898563822327,0
2025-07-19 11:00:00+07:00,142.0,13.5,65.0,/dl/web/weather/ic-weather-10d.svg,Hà Nội,0.8720548540309766,0,0.42548382576157606,0
2025-07-19 12:00:00+07:00,149.0,13.0,62.0,/dl/web/weather/ic-weather-10d.svg,Hà Nội,1.0319116285972434,0,0.34923005662366574,0
2025-07-19 13:00:00+07:00,119.0,11.6,57.0,/dl/web/weather/ic-weather-10d.svg,Hà Nội,0.3468111661703856,0,0.13571950303751681,0
2025-07-19 14:00:00+07:00,92.0,12.2,54.0,/dl/web/weather/ic-weather-10d.svg,Hà Nội,-0.2697792500137865,0,0.22722402600300914,0
2025-07-19 15:00:00+07:00,81.0,10.5,52.0,/dl/web/weather/ic-weather-10d.svg,Hà Nội,-0.5209827529036344,0,-0.03203878906588584,0
2025-07-19 16:00:00+07:00,75.0,17.4,53.0,/dl/web/weather/ic-weather-10d.svg,Hà Nội,-0.6580028453890059,0,1.0202632250372763,0
2025-07-19 17:00:00+07:00,71.0,12.2,80.0,/dl/web/weather/ic-weather-10d.svg,Hà Nội,-0.7493495737125869,0,0.22722402600300914,0
2025-07-19 18:00:00+07:00,69.0,23.3,97.0,/dl/web/weather/ic-weather-10d.svg,Hà Nội,-0.7950229378743775,0,1.9200577008646185,0
2025-07-19 19:00:00+07:00,82.0,10.9,87.0,/dl/web/weather/ic-weather-10n.svg,Hà Nội,-0.4981460708227391,0,0.028964226244442465,0
2025-07-19 20:00:00+07:00,82.0,18.5,92.0,/dl/web/weather/ic-weather-10n.svg,Hà Nội,-0.4981460708227391,0,1.1880215171406794,0
2025-07-19 21:00:00+07:00,44.0,18.5,92.0,/dl/web/weather/ic-weather-10n.svg,Hà Nội,-1.365939989896759,0,1.1880215171406794,0
2025-07-19 22:00:00+07:00,50.0,3.4,87.0,/dl/web/weather/ic-weather-04n.svg,Hà Nội,-1.2289198974113875,0,-1.1148423108242123,0
2025-07-19 23:00:00+07:00,55.0,2.9,88.0,/dl/web/weather/ic-weather-04n.svg,Hà Nội,-1.1147364870069112,0,-1.1910960799621226,0
2025-07-20 00:00:00+07:00,56.0,4.7,90.0,/dl/web/weather/ic-weather-10n.svg,Hà Nội,-1.0918998049260158,0,-0.9165825110656456,0
2025-07-20 01:00:00+07:00,55.0,7.1,90.0,/dl/web/weather/ic-weather-10n.svg,Hà Nội,-1.1147364870069112,0,-0.550564419203676,0
2025-07-20 02:00:00+07:00,56.0,8.5,88.0,/dl/web/weather/ic-weather-04n.svg,Hà Nội,-1.0918998049260158,0,-0.33705386561752715,0
2025-07-20 03:00:00+07:00,62.0,12.9,89.0,/dl/web/weather/ic-weather-04n.svg,Hà Nội,-0.9548797124406443,0,0.33397930279608373,0
2025-07-20 04:00:00+07:00,64.0,12.4,89.0,/dl/web/weather/ic-weather-10n.svg,Hà Nội,-0.9092063482788538,0,0.2577255336581734,0
2025-07-20 05:00:00+07:00,68.0,12.9,90.0,/dl/web/weather/ic-weather-10n.svg,Hà Nội,-0.8178596199552728,0,0.33397930279608373,0
2025-07-20 06:00:00+07:00,65.0,12.6,91.0,/dl/web/weather/ic-weather-04d.svg,Hà Nội,-0.8863696661979585,0,0.28822704131333743,0
2025-07-20 07:00:00+07:00,64.0,16.4,89.0,/dl/web/weather/ic-weather-04d.svg,Hà Nội,-0.9092063482788538,0,0.8677556867614558,0
2025-07-20 08:00:00+07:00,64.0,17.9,84.0,/dl/web/weather/ic-weather-04d.svg,Hà Nội,-0.9092063482788538,0,1.0965169941751867,0
2025-07-20 09:00:00+07:00,66.0,14.8,84.0,/dl/web/weather/ic-weather-04d.svg,Hà Nội,-0.8635329841170633,0,0.6237436255201431,0
2025-07-20 10:00:00+07:00,69.0,11.7,81.0,/dl/web/weather/ic-weather-10d.svg,Hà Nội,-0.7950229378743775,0,0.15097025686509882,0
2025-07-20 11:00:00+07:00,74.0,3.5,80.0,/dl/web/weather/ic-weather-04d.svg,Hà Nội,-0.6808395274699012,0,-1.0995915569966304,0
2025-07-20 12:00:00+07:00,74.0,7.4,78.0,/dl/web/weather/ic-weather-04d.svg,Hà Nội,-0.6808395274699012,0,-0.5048121577209298,0
2025-07-20 13:00:00+07:00,73.0,9.0,79.0,/dl/web/weather/ic-weather-04d.svg,Hà Nội,-0.7036762095507965,0,-0.2608000964796168,0
2025-07-20 14:00:00+07:00,71.0,2.1,74.0,/dl/web/weather/ic-weather-10d.svg,Hà Nội,-0.7493495737125869,0,-1.3131021105827794,0
2025-07-20 15:00:00+07:00,71.0,0.6,75.0,/dl/web/weather/ic-weather-04d.svg,Hà Nội,-0.7493495737125869,0,-1.5418634179965103,0
2025-07-20 16:00:00+07:00,71.0,6.1,76.0,/dl/web/weather/ic-weather-04d.svg,Hà Nội,-0.7493495737125869,0,-0.7030719574794967,0
2025-07-20 17:00:00+07:00,79.0,8.5,79.0,/dl/web/weather/ic-weather-10d.svg,Hà Nội,-0.5666561170654248,0,-0.33705386561752715,0
2025-07-20 18:00:00+07:00,81.0,2.4,82.0,/dl/web/weather/ic-weather-10d.svg,Hà Nội,-0.5209827529036344,0,-1.267349849100033,0
2025-07-20 19:00:00+07:00,89.0,3.2,87.0,/dl/web/weather/ic-weather-10n.svg,Hà Nội,-0.33828929625647225,0,-1.1453438184793765,0
2025-07-20 20:00:00+07:00,86.0,10.0,81.0,/dl/web/weather/ic-weather-10n.svg,Hà Nội,-0.40679934249915806,0,-0.10829255820379617,0
2025-07-20 21:00:00+07:00,82.0,12.2,83.0,/dl/web/weather/ic-weather-10n.svg,Hà Nội,-0.4981460708227391,0,0.22722402600300914,0
2025-07-20 22:00:00+07:00,92.0,10.3,83.0,/dl/web/weather/ic-weather-10n.svg,Hà Nội,-0.2697792500137865,0,-0.06254029672104987,0
2025-07-20 23:00:00+07:00,98.0,3.9,85.0,/dl/web/weather/ic-weather-10n.svg,Hà Nội,-0.1327591575284149,0,-1.038588541686302,0
2025-07-21 00:00:00+07:00,95.0,6.9,87.0,/dl/web/weather/ic-weather-10n.svg,Hà Nội,-0.2012692037711007,0,-0.5810659268588401,0
2025-07-21 01:00:00+07:00,119.0,7.2,87.0,/dl/web/weather/ic-weather-10n.svg,Hà Nội,0.3468111661703856,0,-0.5353136653760939,0
2025-07-21 02:00:00+07:00,116.0,8.4,88.0,/dl/web/weather/ic-weather-10n.svg,Hà Nội,0.2783011199276998,0,-0.35230461944510916,0
2025-07-21 03:00:00+07:00,151.0,11.7,87.0,/dl/web/weather/ic-weather-10n.svg,Hà Nội,1.077584992759034,0,0.15097025686509882,0
2025-07-21 04:00:00+07:00,136.0,14.3,87.0,/dl/web/weather/ic-weather-10n.svg,Hà Nội,0.735034761545605,0,0.5474898563822327,0
2025-07-21 05:00:00+07:00,148.0,14.2,87.0,/dl/web/weather/ic-weather-10n.svg,Hà Nội,1.0090749465163482,0,0.5322391025546505,0
2025-07-21 06:00:00+07:00,138.0,13.7,88.0,/dl/web/weather/ic-weather-10d.svg,Hà Nội,0.7807081257073956,0,0.4559853334167401,0
2025-07-21 07:00:00+07:00,103.0,13.0,86.0,/dl/web/weather/ic-weather-10d.svg,Hà Nội,-0.018575747123938596,0,0.34923005662366574,0
2025-07-21 08:00:00+07:00,103.0,12.2,88.0,/dl/web/weather/ic-weather-10d.svg,Hà Nội,-0.018575747123938596,0,0.22722402600300914,0
2025-07-21 09:00:00+07:00,71.0,9.0,87.0,/dl/web/weather/ic-weather-10d.svg,Hà Nội,-0.7493495737125869,0,-0.2608000964796168,0
2025-07-21 10:00:00+07:00,79.0,4.3,88.0,/dl/web/weather/ic-weather-10d.svg,Hà Nội,-0.5666561170654248,0,-0.9775855263759738,0
2025-07-21 11:00:00+07:00,77.0,4.7,90.0,/dl/web/weather/ic-weather-10d.svg,Hà Nội,-0.6123294812272154,0,-0.9165825110656456,0
2025-07-21 12:00:00+07:00,79.0,10.5,95.0,/dl/web/weather/ic-weather-10d.svg,Hà Nội,-0.5666561170654248,0,-0.03203878906588584,0
2025-07-21 13:00:00+07:00,69.0,16.3,94.0,/dl/web/weather/ic-weather-10d.svg,Hà Nội,-0.7950229378743775,0,0.852504932933874,0
2025-07-21 14:00:00+07:00,68.0,14.5,91.0,/dl/web/weather/ic-weather-10d.svg,Hà Nội,-0.8178596199552728,0,0.5779913640373967,0
2025-07-21 15:00:00+07:00,66.0,14.4,91.0,/dl/web/weather/ic-weather-10d.svg,Hà Nội,-0.8635329841170633,0,0.5627406102098147,0
2025-07-21 16:00:00+07:00,64.0,4.7,95.0,/dl/web/weather/ic-weather-10d.svg,Hà Nội,-0.9092063482788538,0,-0.9165825110656456,0
2025-07-21 17:00:00+07:00,63.0,6.6,97.0,/dl/web/weather/ic-weather-10d.svg,Hà Nội,-0.9320430303597491,0,-0.6268181883415864,0
2025-07-21 18:00:00+07:00,63.0,13.8,97.0,/dl/web/weather/ic-weather-10d.svg,Hà Nội,-0.9320430303597491,0,0.47123608724432237,0
2025-07-21 20:00:00+07:00,62.0,16.4,97.0,/dl/web/weather/ic-weather-10n.svg,Hà Nội,-0.9548797124406443,0,0.8677556867614558,0
2025-07-21 21:00:00+07:00,57.0,20.4,96.0,/dl/web/weather/ic-weather-10n.svg,Hà Nội,-1.0690631228451206,0,1.4777858398647383,0
2025-07-21 22:00:00+07:00,55.0,21.7,96.0,/dl/web/weather/ic-weather-10n.svg,Hà Nội,-1.1147364870069112,0,1.6760456396233052,0
2025-07-21 23:00:00+07:00,55.0,24.0,96.0,/dl/web/weather/ic-weather-10n.svg,Hà Nội,-1.1147364870069112,0,2.0268129776576926,0
2025-07-22 00:00:00+07:00,55.0,25.1,96.0,/dl/web/weather/ic-weather-10n.svg,Hà Nội,-1.1147364870069112,0,2.1945712697610955,0
2025-07-22 01:00:00+07:00,62.0,23.8,95.0,/dl/web/weather/ic-weather-10n.svg,Hà Nội,-0.9548797124406443,0,1.9963114700025288,0
2025-07-22 02:00:00+07:00,71.0,26.9,93.0,/dl/web/weather/ic-weather-10n.svg,Hà Nội,-0.7493495737125869,0,2.4690848386575723,0
2025-07-22 03:00:00+07:00,71.0,25.4,91.0,/dl/web/weather/ic-weather-10n.svg,Hà Nội,-0.7493495737125869,0,2.2403235312438414,0
2025-07-22 04:00:00+07:00,65.0,28.3,90.0,/dl/web/weather/ic-weather-10n.svg,Hà Nội,-0.8863696661979585,0,2.6825953922437216,0
2025-07-22 05:00:00+07:00,62.0,31.9,91.0,/dl/web/weather/ic-weather-10n.svg,Hà Nội,-0.9548797124406443,0,3.2316225300366757,-1
2025-07-22 06:00:00+07:00,55.0,30.3,92.0,/dl/web/weather/ic-weather-10d.svg,Hà Nội,-1.1147364870069112,0,2.987610468795363,0
2025-07-22 07:00:00+07:00,39.0,32.5,91.0,/dl/web/weather/ic-weather-10d.svg,Hà Nội,-1.4801234003012353,0,3.3231270530021684,-1
2025-07-22 08:00:00+07:00,20.0,34.3,87.0,/dl/web/weather/ic-weather-04d.svg,Hà Nội,-1.9140203598382453,0,3.5976406218986448,-1
2025-07-22 09:00:00+07:00,23.0,37.0,82.0,/dl/web/weather/ic-weather-04d.svg,Hà Nội,-1.8455103135955595,0,4.0094109752433615,-1
2025-07-22 10:00:00+07:00,22.0,41.4,82.0,/dl/web/weather/ic-weather-04d.svg,Hà Nội,-1.8683469956764547,0,4.680444143656972,-1
2025-07-22 11:00:00+07:00,22.0,42.8,82.0,/dl/web/weather/ic-weather-04d.svg,Hà Nội,-1.8683469956764547,0,4.89395469724312,-1
2025-07-22 12:00:00+07:00,22.0,35.9,90.0,/dl/web/weather/ic-weather-04d.svg,Hà Nội,-1.8683469956764547,0,3.8416526831399582,-1
2025-07-22 13:00:00+07:00,19.0,32.2,81.0,/dl/web/weather/ic-weather-10d.svg,Hà Nội,-1.9368570419191407,0,3.2773747915194225,-1
2025-07-22 14:00:00+07:00,31.0,31.5,82.0,/dl/web/weather/ic-weather-04d.svg,Hà Nội,-1.6628168569483974,0,3.1706195147263476,-1
2025-07-22 15:00:00+07:00,53.0,27.4,84.0,/dl/web/weather/ic-weather-10d.svg,Hà Nội,-1.1604098511687018,0,2.545338607795483,0
2025-07-22 16:00:00+07:00,42.0,24.6,82.0,/dl/web/weather/ic-weather-04d.svg,Hà Nội,-1.4116133540585496,0,2.1183175006231854,0
2025-07-22 17:00:00+07:00,40.0,18.2,83.0,/dl/web/weather/ic-weather-04d.svg,Hà Nội,-1.4572867182203402,0,1.142269255657933,0
2025-07-22 18:00:00+07:00,28.0,16.1,84.0,/dl/web/weather/ic-weather-04d.svg,Hà Nội,-1.7313269031910832,0,0.82200342527871,0
2025-07-22 20:00:00+07:00,19.0,29.3,88.0,/dl/web/weather/ic-weather-04n.svg,Hà Nội,-1.9368570419191407,0,2.8351029305195423,0
2025-07-22 21:00:00+07:00,22.0,30.1,94.0,/dl/web/weather/ic-weather-04n.svg,Hà Nội,-1.8683469956764547,0,2.957108961140199,0
2025-07-22 22:00:00+07:00,20.0,27.2,93.0,/dl/web/weather/ic-weather-04n.svg,Hà Nội,-1.9140203598382453,0,2.5148371001403187,0
2025-07-23 00:00:00+07:00,22.0,25.9,94.0,/dl/web/weather/ic-weather-04n.svg,Hà Nội,-1.8683469956764547,0,2.316577300381752,0
2025-07-23 01:00:00+07:00,28.0,17.1,92.0,/dl/web/weather/ic-weather-04n.svg,Hà Nội,-1.7313269031910832,0,0.9745109635545306,0
2025-07-23 02:00:00+07:00,42.0,16.6,92.0,/dl/web/weather/ic-weather-04n.svg,Hà Nội,-1.4116133540585496,0,0.8982571944166203,0
2025-07-23 03:00:00+07:00,54.0,16.4,91.0,/dl/web/weather/ic-weather-04n.svg,Hà Nội,-1.1375731690878064,0,0.8677556867614558,0
2025-07-23 05:00:00+07:00,38.0,13.7,95.0,/dl/web/weather/ic-weather-04n.svg,Hà Nội,-1.5029600823821305,0,0.4559853334167401,0
2025-07-23 06:00:00+07:00,31.0,12.9,92.0,/dl/web/weather/ic-weather-04d.svg,Hà Nội,-1.6628168569483974,0,0.33397930279608373,0
2025-07-23 07:00:00+07:00,39.0,13.2,93.0,/dl/web/weather/ic-weather-04d.svg,Hà Nội,-1.4801234003012353,0,0.37973156427882976,0
2025-07-23 08:00:00+07:00,64.0,14.5,87.0,/dl/web/weather/ic-weather-04d.svg,Hà Nội,-0.9092063482788538,0,0.5779913640373967,0
2025-07-23 09:00:00+07:00,68.0,15.6,73.0,/dl/web/weather/ic-weather-04d.svg,Hà Nội,-0.8178596199552728,0,0.7457496561407994,0
2025-07-23 10:00:00+07:00,62.0,14.6,68.0,/dl/web/weather/ic-weather-04d.svg,Hà Nội,-0.9548797124406443,0,0.5932421178649787,0
2025-07-23 11:00:00+07:00,58.0,13.2,67.0,/dl/web/weather/ic-weather-04d.svg,Hà Nội,-1.0462264407642254,0,0.37973156427882976,0
2025-07-23 12:00:00+07:00,50.0,13.4,79.0,/dl/web/weather/ic-weather-04d.svg,Hà Nội,-1.2289198974113875,0,0.41023307193399405,0
2025-07-23 13:00:00+07:00,50.0,8.9,69.0,/dl/web/weather/ic-weather-04d.svg,Hà Nội,-1.2289198974113875,0,-0.27605085030719884,0
2025-07-23 14:00:00+07:00,39.0,9.7,68.0,/dl/web/weather/ic-weather-04d.svg,Hà Nội,-1.4801234003012353,0,-0.15404481968654246,0
2025-07-23 15:00:00+07:00,45.0,11.6,74.0,/dl/web/weather/ic-weather-04d.svg,Hà Nội,-1.3431033078158638,0,0.13571950303751681,0
2025-07-23 16:00:00+07:00,46.0,13.0,74.0,/dl/web/weather/ic-weather-04d.svg,Hà Nội,-1.3202666257349684,0,0.34923005662366574,0
2025-07-23 17:00:00+07:00,53.0,12.6,79.0,/dl/web/weather/ic-weather-04d.svg,Hà Nội,-1.1604098511687018,0,0.28822704131333743,0
2025-07-23 18:00:00+07:00,55.0,11.6,84.0,/dl/web/weather/ic-weather-04d.svg,Hà Nội,-1.1147364870069112,0,0.13571950303751681,0
2025-07-23 19:00:00+07:00,55.0,9.3,86.0,/dl/web/weather/ic-weather-10n.svg,Hà Nội,-1.1147364870069112,0,-0.2150478349968705,0
2025-07-23 20:00:00+07:00,60.0,9.3,86.0,/dl/web/weather/ic-weather-04n.svg,Hà Nội,-1.0005530766024349,0,-0.2150478349968705,0
2025-07-23 22:00:00+07:00,58.0,8.4,88.0,/dl/web/weather/ic-weather-04n.svg,Hà Nội,-1.0462264407642254,0,-0.35230461944510916,0
2025-07-23 23:00:00+07:00,69.0,7.1,88.0,/dl/web/weather/ic-weather-04n.svg,Hà Nội,-0.7950229378743775,0,-0.550564419203676,0
2025-07-24 00:00:00+07:00,69.0,6.9,89.0,/dl/web/weather/ic-weather-04n.svg,Hà Nội,-0.7950229378743775,0,-0.5810659268588401,0
2025-07-24 01:00:00+07:00,69.0,7.2,88.0,/dl/web/weather/ic-weather-04n.svg,Hà Nội,-0.7950229378743775,0,-0.5353136653760939,0
2025-07-24 02:00:00+07:00,69.0,7.6,89.0,/dl/web/weather/ic-weather-04n.svg,Hà Nội,-0.7950229378743775,0,-0.4743106500657658,0
2025-07-24 03:00:00+07:00,69.0,7.1,90.0,/dl/web/weather/ic-weather-04n.svg,Hà Nội,-0.7950229378743775,0,-0.550564419203676,0
2025-07-24 04:00:00+07:00,69.0,5.3,89.0,/dl/web/weather/ic-weather-04n.svg,Hà Nội,-0.7950229378743775,0,-0.8250779881001532,0
2025-07-24 05:00:00+07:00,69.0,6.4,90.0,/dl/web/weather/ic-weather-10n.svg,Hà Nội,-0.7950229378743775,0,-0.6573196959967504,0
2025-07-24 06:00:00+07:00,67.0,4.8,89.0,/dl/web/weather/ic-weather-04d.svg,Hà Nội,-0.840696302036168,0,-0.9013317572380636,0
2025-07-24 07:00:00+07:00,65.0,4.9,86.0,/dl/web/weather/ic-weather-04d.svg,Hà Nội,-0.8863696661979585,0,-0.8860810034104813,0
2025-07-24 08:00:00+07:00,74.0,6.4,80.0,/dl/web/weather/ic-weather-04d.svg,Hà Nội,-0.6808395274699012,0,-0.6573196959967504,0
2025-07-24 09:00:00+07:00,92.0,7.1,81.0,/dl/web/weather/ic-weather-04d.svg,Hà Nội,-0.2697792500137865,0,-0.550564419203676,0
2025-07-24 10:00:00+07:00,92.0,6.9,73.0,/dl/web/weather/ic-weather-10d.svg,Hà Nội,-0.2697792500137865,0,-0.5810659268588401,0
2025-07-24 11:00:00+07:00,92.0,4.8,67.0,/dl/web/weather/ic-weather-10d.svg,Hà Nội,-0.2697792500137865,0,-0.9013317572380636,0
2025-07-24 12:00:00+07:00,92.0,8.5,63.0,/dl/web/weather/ic-weather-10d.svg,Hà Nội,-0.2697792500137865,0,-0.33705386561752715,0
2025-07-24 13:00:00+07:00,39.0,9.3,61.0,/dl/web/weather/ic-weather-10d.svg,Hà Nội,-1.4801234003012353,0,-0.2150478349968705,0
2025-07-24 14:00:00+07:00,87.0,12.1,71.0,/dl/web/weather/ic-weather-04d.svg,Hà Nội,-0.38396266041826277,0,0.21197327217542714,0
2025-07-24 15:00:00+07:00,105.0,12.1,71.0,/dl/web/weather/ic-weather-04d.svg,Hà Nội,0.027097617037851927,0,0.21197327217542714,0
2025-07-24 16:00:00+07:00,39.0,15.6,82.0,/dl/web/weather/ic-weather-04d.svg,Hà Nội,-1.4801234003012353,0,0.7457496561407994,0
2025-07-24 17:00:00+07:00,50.0,10.6,87.0,/dl/web/weather/ic-weather-04d.svg,Hà Nội,-1.2289198974113875,0,-0.016788035238303835,0
2025-07-24 18:00:00+07:00,53.0,7.9,86.0,/dl/web/weather/ic-weather-10d.svg,Hà Nội,-1.1604098511687018,0,-0.4285583885830195,0
2025-07-24 19:00:00+07:00,56.0,7.6,88.0,/dl/web/weather/ic-weather-10n.svg,Hà Nội,-1.0918998049260158,0,-0.4743106500657658,0
2025-07-24 20:00:00+07:00,99.0,2.9,88.0,/dl/web/weather/ic-weather-04n.svg,Hà Nội,-0.10992247544751964,0,-1.1910960799621226,0
2025-07-24 21:00:00+07:00,128.0,3.7,89.0,/dl/web/weather/ic-weather-04n.svg,Hà Nội,0.5523413048984429,0,-1.0690900493414661,0
2025-07-24 22:00:00+07:00,63.0,3.7,89.0,/dl/web/weather/ic-weather-04n.svg,Hà Nội,-0.9320430303597491,0,-1.0690900493414661,0
2025-07-24 23:00:00+07:00,66.0,2.7,90.0,/dl/web/weather/ic-weather-04n.svg,Hà Nội,-0.8635329841170633,0,-1.2215975876172869,0
2025-07-25 00:00:00+07:00,66.0,3.1,90.0,/dl/web/weather/ic-weather-04n.svg,Hà Nội,-0.8635329841170633,0,-1.1605945723069586,0
2025-07-25 01:00:00+07:00,67.0,2.9,88.0,/dl/web/weather/ic-weather-04n.svg,Hà Nội,-0.840696302036168,0,-1.1910960799621226,0
2025-07-25 02:00:00+07:00,74.0,2.6,89.0,/dl/web/weather/ic-weather-04n.svg,Hà Nội,-0.6808395274699012,0,-1.236848341444869,0
2025-07-25 03:00:00+07:00,77.0,4.5,89.0,/dl/web/weather/ic-weather-04n.svg,Hà Nội,-0.6123294812272154,0,-0.9470840187208097,0
2025-07-25 04:00:00+07:00,79.0,4.5,89.0,/dl/web/weather/ic-weather-04n.svg,Hà Nội,-0.5666561170654248,0,-0.9470840187208097,0
2025-07-25 05:00:00+07:00,73.0,5.0,92.0,/dl/web/weather/ic-weather-04n.svg,Hà Nội,-0.7036762095507965,0,-0.8708302495828993,0
2025-07-25 06:00:00+07:00,73.0,6.6,92.0,/dl/web/weather/ic-weather-04d.svg,Hà Nội,-0.7036762095507965,0,-0.6268181883415864,0
2025-07-25 07:00:00+07:00,86.0,8.5,87.0,/dl/web/weather/ic-weather-04d.svg,Hà Nội,-0.40679934249915806,0,-0.33705386561752715,0
2025-07-25 08:00:00+07:00,134.0,10.8,82.0,/dl/web/weather/ic-weather-04d.svg,Hà Nội,0.6893613973838145,0,0.013713472416860455,0
2025-07-25 09:00:00+07:00,110.0,9.7,75.0,/dl/web/weather/ic-weather-04d.svg,Hà Nội,0.14128102744232823,0,-0.15404481968654246,0
2025-07-25 10:00:00+07:00,90.0,9.3,69.0,/dl/web/weather/ic-weather-04d.svg,Hà Nội,-0.315452614175577,0,-0.2150478349968705,0
2025-07-25 11:00:00+07:00,79.0,9.0,65.0,/dl/web/weather/ic-weather-04d.svg,Hà Nội,-0.5666561170654248,0,-0.2608000964796168,0
2025-07-25 12:00:00+07:00,75.0,7.1,62.0,/dl/web/weather/ic-weather-04d.svg,Hà Nội,-0.6580028453890059,0,-0.550564419203676,0
2025-07-25 13:00:00+07:00,71.0,8.2,60.0,/dl/web/weather/ic-weather-04d.svg,Hà Nội,-0.7493495737125869,0,-0.38280612710027345,0
2025-07-25 14:00:00+07:00,77.0,3.9,55.0,/dl/web/weather/ic-weather-04d.svg,Hà Nội,-0.6123294812272154,0,-1.038588541686302,0
2025-07-25 15:00:00+07:00,81.0,3.1,54.0,/dl/web/weather/ic-weather-04d.svg,Hà Nội,-0.5209827529036344,0,-1.1605945723069586,0
2025-07-25 16:00:00+07:00,79.0,7.4,59.0,/dl/web/weather/ic-weather-10d.svg,Hà Nội,-0.5666561170654248,0,-0.5048121577209298,0
2025-07-25 17:00:00+07:00,94.0,15.6,75.0,/dl/web/weather/ic-weather-10d.svg,Hà Nội,-0.22410588585199595,0,0.7457496561407994,0
2025-07-25 18:00:00+07:00,119.0,18.2,87.0,/dl/web/weather/ic-weather-10d.svg,Hà Nội,0.3468111661703856,0,1.142269255657933,0
2025-07-25 19:00:00+07:00,84.0,15.8,94.0,/dl/web/weather/ic-weather-10n.svg,Hà Nội,-0.4524727066609486,0,0.7762511637959637,0
2025-07-25 20:00:00+07:00,86.0,14.0,90.0,/dl/web/weather/ic-weather-10n.svg,Hà Nội,-0.40679934249915806,0,0.5017375948994864,0
2025-07-25 21:00:00+07:00,90.0,10.5,92.0,/dl/web/weather/ic-weather-10n.svg,Hà Nội,-0.315452614175577,0,-0.03203878906588584,0
2025-07-25 22:00:00+07:00,96.0,9.0,91.0,/dl/web/weather/ic-weather-04n.svg,Hà Nội,-0.17843252169020543,0,-0.2608000964796168,0
2025-07-25 23:00:00+07:00,92.0,7.4,92.0,/dl/web/weather/ic-weather-04n.svg,Hà Nội,-0.2697792500137865,0,-0.5048121577209298,0
2025-07-26 00:00:00+07:00,88.0,4.8,92.0,/dl/web/weather/ic-weather-10n.svg,Hà Nội,-0.36112597833736754,0,-0.9013317572380636,0
2025-07-26 01:00:00+07:00,82.0,2.4,91.0,/dl/web/weather/ic-weather-04n.svg,Hà Nội,-0.4981460708227391,0,-1.267349849100033,0
2025-07-26 02:00:00+07:00,78.0,2.4,90.0,/dl/web/weather/ic-weather-04n.svg,Hà Nội,-0.5894927991463201,0,-1.267349849100033,0
2025-07-26 03:00:00+07:00,77.0,2.9,91.0,/dl/web/weather/ic-weather-04n.svg,Hà Nội,-0.6123294812272154,0,-1.1910960799621226,0
2025-07-26 04:00:00+07:00,86.0,3.7,91.0,/dl/web/weather/ic-weather-04n.svg,Hà Nội,-0.40679934249915806,0,-1.0690900493414661,0
2025-07-26 05:00:00+07:00,96.0,5.1,93.0,/dl/web/weather/ic-weather-04n.svg,Hà Nội,-0.17843252169020543,0,-0.8555794957553173,0
2025-07-26 06:00:00+07:00,115.0,5.6,95.0,/dl/web/weather/ic-weather-04d.svg,Hà Nội,0.25546443784680456,0,-0.7793257266174071,0
2025-07-26 07:00:00+07:00,113.0,5.8,87.0,/dl/web/weather/ic-weather-04d.svg,Hà Nội,0.209791073685014,0,-0.7488242189622429,0
2025-07-26 08:00:00+07:00,122.0,7.7,82.0,/dl/web/weather/ic-weather-04d.svg,Hà Nội,0.41532121241307135,0,-0.4590598962381836,0
2025-07-26 09:00:00+07:00,100.0,8.5,77.0,/dl/web/weather/ic-weather-04d.svg,Hà Nội,-0.08708579336662438,0,-0.33705386561752715,0
2025-07-26 10:00:00+07:00,105.0,8.4,71.0,/dl/web/weather/ic-weather-04d.svg,Hà Nội,0.027097617037851927,0,-0.35230461944510916,0
2025-07-26 11:00:00+07:00,124.0,6.0,65.0,/dl/web/weather/ic-weather-04d.svg,Hà Nội,0.4609945765748619,0,-0.7183227113070787,0
2025-07-26 12:00:00+07:00,124.0,3.2,60.0,/dl/web/weather/ic-weather-04d.svg,Hà Nội,0.4609945765748619,0,-1.1453438184793765,0
2025-07-26 13:00:00+07:00,119.0,2.1,57.0,/dl/web/weather/ic-weather-04d.svg,Hà Nội,0.3468111661703856,0,-1.3131021105827794,0
2025-07-26 14:00:00+07:00,105.0,2.7,53.0,/dl/web/weather/ic-weather-03d.svg,Hà Nội,0.027097617037851927,0,-1.2215975876172869,0
2025-07-26 15:00:00+07:00,92.0,5.8,52.0,/dl/web/weather/ic-weather-04d.svg,Hà Nội,-0.2697792500137865,0,-0.7488242189622429,0
2025-07-26 16:00:00+07:00,96.0,10.8,56.0,/dl/web/weather/ic-weather-04d.svg,Hà Nội,-0.17843252169020543,0,0.013713472416860455,0
2025-07-26 17:00:00+07:00,92.0,12.6,68.0,/dl/web/weather/ic-weather-10d.svg,Hà Nội,-0.2697792500137865,0,0.28822704131333743,0
2025-07-26 18:00:00+07:00,102.0,15.3,74.0,/dl/web/weather/ic-weather-10d.svg,Hà Nội,-0.04141242920483386,0,0.6999973946580533,0
2025-07-26 19:00:00+07:00,102.0,13.5,79.0,/dl/web/weather/ic-weather-10n.svg,Hà Nội,-0.04141242920483386,0,0.42548382576157606,0
2025-07-26 20:00:00+07:00,66.0,13.0,80.0,/dl/web/weather/ic-weather-10n.svg,Hà Nội,-0.8635329841170633,0,0.34923005662366574,0
2025-07-26 21:00:00+07:00,69.0,13.0,80.0,/dl/web/weather/ic-weather-10n.svg,Hà Nội,-0.7950229378743775,0,0.34923005662366574,0
2025-07-26 22:00:00+07:00,63.0,8.9,83.0,/dl/web/weather/ic-weather-04n.svg,Hà Nội,-0.9320430303597491,0,-0.27605085030719884,0
2025-07-26 23:00:00+07:00,57.0,8.9,84.0,/dl/web/weather/ic-weather-04n.svg,Hà Nội,-1.0690631228451206,0,-0.27605085030719884,0
2025-07-27 00:00:00+07:00,58.0,8.8,84.0,/dl/web/weather/ic-weather-04n.svg,Hà Nội,-1.0462264407642254,0,-0.29130160413478084,0
2025-07-27 01:00:00+07:00,66.0,4.2,86.0,/dl/web/weather/ic-weather-04n.svg,Hà Nội,-0.8635329841170633,0,-0.9928362802035559,0
2025-07-27 02:00:00+07:00,71.0,1.1,86.0,/dl/web/weather/ic-weather-04n.svg,Hà Nội,-0.7493495737125869,0,-1.4656096488586,0
2025-07-27 03:00:00+07:00,77.0,2.9,86.0,/dl/web/weather/ic-weather-04n.svg,Hà Nội,-0.6123294812272154,0,-1.1910960799621226,0
2025-07-27 04:00:00+07:00,77.0,5.1,88.0,/dl/web/weather/ic-weather-04n.svg,Hà Nội,-0.6123294812272154,0,-0.8555794957553173,0
2025-07-27 05:00:00+07:00,78.0,5.1,89.0,/dl/web/weather/ic-weather-04n.svg,Hà Nội,-0.5894927991463201,0,-0.8555794957553173,0
2025-07-27 06:00:00+07:00,83.0,6.0,89.0,/dl/web/weather/ic-weather-04d.svg,Hà Nội,-0.4753093887418438,0,-0.7183227113070787,0
2025-07-27 07:00:00+07:00,102.0,8.2,86.0,/dl/web/weather/ic-weather-04d.svg,Hà Nội,-0.04141242920483386,0,-0.38280612710027345,0
2025-07-27 08:00:00+07:00,116.0,10.9,80.0,/dl/web/weather/ic-weather-04d.svg,Hà Nội,0.2783011199276998,0,0.028964226244442465,0
2025-07-27 09:00:00+07:00,111.0,11.1,73.0,/dl/web/weather/ic-weather-04d.svg,Hà Nội,0.1641177095232235,0,0.059465733899606486,0
2025-07-27 10:00:00+07:00,112.0,9.3,68.0,/dl/web/weather/ic-weather-04d.svg,Hà Nội,0.18695439160411875,0,-0.2150478349968705,0
2025-07-27 11:00:00+07:00,105.0,6.9,63.0,/dl/web/weather/ic-weather-04d.svg,Hà Nội,0.027097617037851927,0,-0.5810659268588401,0
2025-07-27 12:00:00+07:00,91.0,5.0,57.0,/dl/web/weather/ic-weather-04d.svg,Hà Nội,-0.29261593209468173,0,-0.8708302495828993,0
2025-07-27 13:00:00+07:00,96.0,4.2,52.0,/dl/web/weather/ic-weather-04d.svg,Hà Nội,-0.17843252169020543,0,-0.9928362802035559,0
2025-07-27 14:00:00+07:00,96.0,5.3,45.0,/dl/web/weather/ic-weather-03d.svg,Hà Nội,-0.17843252169020543,0,-0.8250779881001532,0
2025-07-27 15:00:00+07:00,93.0,4.3,43.0,/dl/web/weather/ic-weather-03d.svg,Hà Nội,-0.2469425679328912,0,-0.9775855263759738,0
2025-07-27 16:00:00+07:00,90.0,1.0,44.0,/dl/web/weather/ic-weather-03d.svg,Hà Nội,-0.315452614175577,0,-1.480860402686182,0
2025-07-27 17:00:00+07:00,88.0,1.0,44.0,/dl/web/weather/ic-weather-03d.svg,Hà Nội,-0.36112597833736754,0,-1.480860402686182,0
2025-07-27 18:00:00+07:00,93.0,3.2,51.0,/dl/web/weather/ic-weather-03d.svg,Hà Nội,-0.2469425679328912,0,-1.1453438184793765,0
2025-07-27 19:00:00+07:00,99.0,13.0,74.0,/dl/web/weather/ic-weather-04n.svg,Hà Nội,-0.10992247544751964,0,0.34923005662366574,0
2025-07-27 20:00:00+07:00,101.0,12.9,77.0,/dl/web/weather/ic-weather-02n.svg,Hà Nội,-0.06424911128572912,0,0.33397930279608373,0
2025-07-27 21:00:00+07:00,95.0,11.9,80.0,/dl/web/weather/ic-weather-01n.svg,Hà Nội,-0.2012692037711007,0,0.18147176452026312,0
2025-07-27 22:00:00+07:00,82.0,11.4,82.0,/dl/web/weather/ic-weather-02n.svg,Hà Nội,-0.4981460708227391,0,0.10521799538235278,0
2025-07-27 23:00:00+07:00,83.0,10.0,84.0,/dl/web/weather/ic-weather-02n.svg,Hà Nội,-0.4753093887418438,0,-0.10829255820379617,0
2025-07-28 00:00:00+07:00,84.0,7.9,85.0,/dl/web/weather/ic-weather-02n.svg,Hà Nội,-0.4524727066609486,0,-0.4285583885830195,0
2025-07-28 01:00:00+07:00,83.0,6.3,85.0,/dl/web/weather/ic-weather-02n.svg,Hà Nội,-0.4753093887418438,0,-0.6725704498243326,0
2025-07-28 02:00:00+07:00,90.0,6.4,85.0,/dl/web/weather/ic-weather-02n.svg,Hà Nội,-0.315452614175577,0,-0.6573196959967504,0
2025-07-28 03:00:00+07:00,94.0,5.5,87.0,/dl/web/weather/ic-weather-02n.svg,Hà Nội,-0.22410588585199595,0,-0.7945764804449891,0
2025-07-28 04:00:00+07:00,102.0,1.0,87.0,/dl/web/weather/ic-weather-01n.svg,Hà Nội,-0.04141242920483386,0,-1.480860402686182,0
2025-07-28 05:00:00+07:00,107.0,0.6,88.0,/dl/web/weather/ic-weather-01n.svg,Hà Nội,0.07277098119964245,0,-1.5418634179965103,0
2025-07-28 06:00:00+07:00,115.0,2.4,88.0,/dl/web/weather/ic-weather-01d.svg,Hà Nội,0.25546443784680456,0,-1.267349849100033,0
2025-07-28 07:00:00+07:00,126.0,4.2,82.0,/dl/web/weather/ic-weather-01d.svg,Hà Nội,0.5066679407366524,0,-0.9928362802035559,0
2025-07-28 08:00:00+07:00,138.0,4.5,73.0,/dl/web/weather/ic-weather-04d.svg,Hà Nội,0.7807081257073956,0,-0.9470840187208097,0
2025-07-28 09:00:00+07:00,135.0,4.7,68.0,/dl/web/weather/ic-weather-04d.svg,Hà Nội,0.7121980794647098,0,-0.9165825110656456,0
2025-07-28 10:00:00+07:00,137.0,6.8,62.0,/dl/web/weather/ic-weather-04d.svg,Hà Nội,0.7578714436265003,0,-0.5963166806864223,0
2025-07-28 11:00:00+07:00,134.0,9.7,58.0,/dl/web/weather/ic-weather-04d.svg,Hà Nội,0.6893613973838145,0,-0.15404481968654246,0
2025-07-28 12:00:00+07:00,122.0,10.0,57.0,/dl/web/weather/ic-weather-04d.svg,Hà Nội,0.41532121241307135,0,-0.10829255820379617,0
2025-07-28 13:00:00+07:00,117.0,6.9,53.0,/dl/web/weather/ic-weather-04d.svg,Hà Nội,0.3011378020085951,0,-0.5810659268588401,0
2025-07-28 14:00:00+07:00,115.0,4.8,51.0,/dl/web/weather/ic-weather-04d.svg,Hà Nội,0.25546443784680456,0,-0.9013317572380636,0
2025-07-28 15:00:00+07:00,99.0,5.5,50.0,/dl/web/weather/ic-weather-04d.svg,Hà Nội,-0.10992247544751964,0,-0.7945764804449891,0
2025-07-28 16:00:00+07:00,88.0,5.8,51.0,/dl/web/weather/ic-weather-04d.svg,Hà Nội,-0.36112597833736754,0,-0.7488242189622429,0
2025-07-28 17:00:00+07:00,81.0,6.4,56.0,/dl/web/weather/ic-weather-04d.svg,Hà Nội,-0.5209827529036344,0,-0.6573196959967504,0
2025-07-28 18:00:00+07:00,81.0,7.2,62.0,/dl/web/weather/ic-weather-04d.svg,Hà Nội,-0.5209827529036344,0,-0.5353136653760939,0
2025-07-28 19:00:00+07:00,84.0,7.3,62.0,/dl/web/weather/ic-weather-04d.svg,Hà Nội,-0.4524727066609486,0,-0.5200629115485119,0
2025-07-28 20:00:00+07:00,88.0,8.5,68.0,/dl/web/weather/ic-weather-04n.svg,Hà Nội,-0.36112597833736754,0,-0.33705386561752715,0
2025-07-28 21:00:00+07:00,86.0,12.6,73.0,/dl/web/weather/ic-weather-04n.svg,Hà Nội,-0.40679934249915806,0,0.28822704131333743,0
2025-07-28 22:00:00+07:00,136.0,13.2,79.0,/dl/web/weather/ic-weather-04n.svg,Hà Nội,0.735034761545605,0,0.37973156427882976,0
2025-07-28 23:00:00+07:00,157.0,10.5,81.0,/dl/web/weather/ic-weather-04n.svg,Hà Nội,1.2146050852444055,0,-0.03203878906588584,0
2025-07-29 00:00:00+07:00,123.0,8.2,80.0,/dl/web/weather/ic-weather-04n.svg,Hà Nội,0.43815789449396664,0,-0.38280612710027345,0
2025-07-29 01:00:00+07:00,114.0,4.0,80.0,/dl/web/weather/ic-weather-04n.svg,Hà Nội,0.23262775576590927,0,-1.02333778785872,0
2025-07-29 02:00:00+07:00,118.0,1.4,81.0,/dl/web/weather/ic-weather-02n.svg,Hà Nội,0.3239744840894903,0,-1.4198573873758535,0
2025-07-29 03:00:00+07:00,118.0,2.6,83.0,/dl/web/weather/ic-weather-03n.svg,Hà Nội,0.3239744840894903,0,-1.236848341444869,0
2025-07-29 04:00:00+07:00,115.0,5.1,85.0,/dl/web/weather/ic-weather-04n.svg,Hà Nội,0.25546443784680456,0,-0.8555794957553173,0
2025-07-29 05:00:00+07:00,137.0,4.7,87.0,/dl/web/weather/ic-weather-04n.svg,Hà Nội,0.7578714436265003,0,-0.9165825110656456,0
2025-07-29 06:00:00+07:00,157.0,6.6,87.0,/dl/web/weather/ic-weather-04d.svg,Hà Nội,1.2146050852444055,0,-0.6268181883415864,0
2025-07-29 07:00:00+07:00,181.0,6.8,82.0,/dl/web/weather/ic-weather-04d.svg,Hà Nội,1.7626854551858917,0,-0.5963166806864223,0
2025-07-29 08:00:00+07:00,176.0,7.2,76.0,/dl/web/weather/ic-weather-04d.svg,Hà Nội,1.6485020447814156,0,-0.5353136653760939,0
2025-07-29 09:00:00+07:00,174.0,8.9,70.0,/dl/web/weather/ic-weather-04d.svg,Hà Nội,1.602828680619625,0,-0.27605085030719884,0
2025-07-29 10:00:00+07:00,177.0,9.3,64.0,/dl/web/weather/ic-weather-04d.svg,Hà Nội,1.6713387268623108,0,-0.2150478349968705,0
2025-07-29 11:00:00+07:00,163.0,10.3,58.0,/dl/web/weather/ic-weather-04d.svg,Hà Nội,1.3516251777297772,0,-0.06254029672104987,0
2025-07-29 12:00:00+07:00,132.0,9.7,54.0,/dl/web/weather/ic-weather-04d.svg,Hà Nội,0.643688033222024,0,-0.15404481968654246,0
2025-07-29 13:00:00+07:00,122.0,6.0,49.0,/dl/web/weather/ic-weather-04d.svg,Hà Nội,0.41532121241307135,0,-0.7183227113070787,0
2025-07-29 14:00:00+07:00,107.0,6.8,49.0,/dl/web/weather/ic-weather-04d.svg,Hà Nội,0.07277098119964245,0,-0.5963166806864223,0
2025-07-29 15:00:00+07:00,94.0,7.9,48.0,/dl/web/weather/ic-weather-04d.svg,Hà Nội,-0.22410588585199595,0,-0.4285583885830195,0
2025-07-29 16:00:00+07:00,84.0,9.5,49.0,/dl/web/weather/ic-weather-04d.svg,Hà Nội,-0.4524727066609486,0,-0.18454632734170648,0
2025-07-29 17:00:00+07:00,79.0,9.3,54.0,/dl/web/weather/ic-weather-04d.svg,Hà Nội,-0.5666561170654248,0,-0.2150478349968705,0
2025-07-29 18:00:00+07:00,81.0,9.7,61.0,/dl/web/weather/ic-weather-04d.svg,Hà Nội,-0.5209827529036344,0,-0.15404481968654246,0
2025-07-29 19:00:00+07:00,94.0,13.7,67.0,/dl/web/weather/ic-weather-04n.svg,Hà Nội,-0.22410588585199595,0,0.4559853334167401,0
2025-07-29 20:00:00+07:00,115.0,15.3,72.0,/dl/web/weather/ic-weather-01n.svg,Hà Nội,0.25546443784680456,0,0.6999973946580533,0
2025-07-29 21:00:00+07:00,115.0,15.1,73.0,/dl/web/weather/ic-weather-02n.svg,Hà Nội,0.25546443784680456,0,0.6694958870028891,0
2025-07-29 22:00:00+07:00,134.0,14.3,75.0,/dl/web/weather/ic-weather-03n.svg,Hà Nội,0.6893613973838145,0,0.5474898563822327,0
2025-07-29 23:00:00+07:00,101.0,11.4,77.0,/dl/web/weather/ic-weather-04n.svg,Hà Nội,-0.06424911128572912,0,0.10521799538235278,0
2025-07-30 00:00:00+07:00,83.0,9.5,79.0,/dl/web/weather/ic-weather-04n.svg,Hà Nội,-0.4753093887418438,0,-0.18454632734170648,0
2025-07-30 01:00:00+07:00,99.0,8.0,80.0,/dl/web/weather/ic-weather-04n.svg,Hà Nội,-0.10992247544751964,0,-0.41330763475543747,0
2025-07-30 02:00:00+07:00,98.0,6.6,81.0,/dl/web/weather/ic-weather-04n.svg,Hà Nội,-0.1327591575284149,0,-0.6268181883415864,0
2025-07-30 03:00:00+07:00,79.0,5.6,81.0,/dl/web/weather/ic-weather-04n.svg,Hà Nội,-0.5666561170654248,0,-0.7793257266174071,0
2025-07-30 04:00:00+07:00,90.0,4.5,82.0,/dl/web/weather/ic-weather-04n.svg,Hà Nội,-0.315452614175577,0,-0.9470840187208097,0
2025-07-30 05:00:00+07:00,90.0,5.3,83.0,/dl/web/weather/ic-weather-04n.svg,Hà Nội,-0.315452614175577,0,-0.8250779881001532,0
2025-07-30 06:00:00+07:00,89.0,5.5,83.0,/dl/web/weather/ic-weather-04d.svg,Hà Nội,-0.33828929625647225,0,-0.7945764804449891,0
2025-07-30 07:00:00+07:00,105.0,2.7,78.0,/dl/web/weather/ic-weather-04d.svg,Hà Nội,0.027097617037851927,0,-1.2215975876172869,0
2025-07-30 08:00:00+07:00,138.0,5.1,72.0,/dl/web/weather/ic-weather-04d.svg,Hà Nội,0.7807081257073956,0,-0.8555794957553173,0
2025-07-30 09:00:00+07:00,149.0,5.8,68.0,/dl/web/weather/ic-weather-04d.svg,Hà Nội,1.0319116285972434,0,-0.7488242189622429,0
2025-07-30 10:00:00+07:00,140.0,5.3,64.0,/dl/web/weather/ic-weather-04d.svg,Hà Nội,0.8263814898691861,0,-0.8250779881001532,0
2025-07-30 11:00:00+07:00,127.0,6.0,59.0,/dl/web/weather/ic-weather-04d.svg,Hà Nội,0.5295046228175477,0,-0.7183227113070787,0
2025-07-30 12:00:00+07:00,96.0,7.9,54.0,/dl/web/weather/ic-weather-04d.svg,Hà Nội,-0.17843252169020543,0,-0.4285583885830195,0
2025-07-30 13:00:00+07:00,94.0,9.8,51.0,/dl/web/weather/ic-weather-04d.svg,Hà Nội,-0.22410588585199595,0,-0.13879406585896018,0
2025-07-30 14:00:00+07:00,96.0,10.3,48.0,/dl/web/weather/ic-weather-04d.svg,Hà Nội,-0.17843252169020543,0,-0.06254029672104987,0
2025-07-30 15:00:00+07:00,93.0,9.2,48.0,/dl/web/weather/ic-weather-04d.svg,Hà Nội,-0.2469425679328912,0,-0.23029858882445278,0
2025-07-30 16:00:00+07:00,90.0,6.9,49.0,/dl/web/weather/ic-weather-10d.svg,Hà Nội,-0.315452614175577,0,-0.5810659268588401,0
2025-07-30 17:00:00+07:00,82.0,4.5,52.0,/dl/web/weather/ic-weather-10d.svg,Hà Nội,-0.4981460708227391,0,-0.9470840187208097,0
2025-07-30 18:00:00+07:00,75.0,3.5,57.0,/dl/web/weather/ic-weather-04d.svg,Hà Nội,-0.6580028453890059,0,-1.0995915569966304,0
2025-07-30 19:00:00+07:00,70.0,3.7,58.0,/dl/web/weather/ic-weather-10n.svg,Hà Nội,-0.7721862557934822,0,-1.0690900493414661,0
2025-07-30 20:00:00+07:00,86.0,9.7,61.0,/dl/web/weather/ic-weather-10n.svg,Hà Nội,-0.40679934249915806,0,-0.15404481968654246,0
2025-07-30 21:00:00+07:00,85.0,12.2,69.0,/dl/web/weather/ic-weather-10n.svg,Hà Nội,-0.4296360245800533,0,0.22722402600300914,0
2025-07-30 22:00:00+07:00,60.0,10.9,73.0,/dl/web/weather/ic-weather-10n.svg,Hà Nội,-1.0005530766024349,0,0.028964226244442465,0
2025-07-30 23:00:00+07:00,61.0,9.7,75.0,/dl/web/weather/ic-weather-10n.svg,Hà Nội,-0.9777163945215396,0,-0.15404481968654246,0
2025-07-31 00:00:00+07:00,60.0,7.4,76.0,/dl/web/weather/ic-weather-10n.svg,Hà Nội,-1.0005530766024349,0,-0.5048121577209298,0
2025-07-31 01:00:00+07:00,58.0,3.7,80.0,/dl/web/weather/ic-weather-10n.svg,Hà Nội,-1.0462264407642254,0,-1.0690900493414661,0
2025-07-31 02:00:00+07:00,51.0,0.6,81.0,/dl/web/weather/ic-weather-04n.svg,Hà Nội,-1.2060832153304921,0,-1.5418634179965103,0
2025-07-31 03:00:00+07:00,50.0,0.6,81.0,/dl/web/weather/ic-weather-04n.svg,Hà Nội,-1.2289198974113875,0,-1.5418634179965103,0
2025-07-31 04:00:00+07:00,55.0,15.8,94.0,/dl/web/weather/ic-weather-04n.svg,Hà Nội,-1.1147364870069112,0,0.7762511637959637,0
2025-07-31 05:00:00+07:00,66.0,12.2,92.0,/dl/web/weather/ic-weather-04n.svg,Hà Nội,-0.8635329841170633,0,0.22722402600300914,0
2025-07-31 06:00:00+07:00,73.0,8.9,92.0,/dl/web/weather/ic-weather-04d.svg,Hà Nội,-0.7036762095507965,0,-0.27605085030719884,0
2025-07-31 07:00:00+07:00,81.0,10.0,90.0,/dl/web/weather/ic-weather-04d.svg,Hà Nội,-0.5209827529036344,0,-0.10829255820379617,0
2025-07-31 08:00:00+07:00,154.0,12.6,82.0,/dl/web/weather/ic-weather-04d.svg,Hà Nội,1.1460950390017197,0,0.28822704131333743,0
2025-07-31 09:00:00+07:00,103.0,12.4,69.0,/dl/web/weather/ic-weather-04d.svg,Hà Nội,-0.018575747123938596,0,0.2577255336581734,0
2025-07-31 10:00:00+07:00,96.0,13.8,65.0,/dl/web/weather/ic-weather-04d.svg,Hà Nội,-0.17843252169020543,0,0.47123608724432237,0
2025-07-31 11:00:00+07:00,84.0,12.4,61.0,/dl/web/weather/ic-weather-04d.svg,Hà Nội,-0.4524727066609486,0,0.2577255336581734,0
2025-07-31 12:00:00+07:00,79.0,11.9,58.0,/dl/web/weather/ic-weather-04d.svg,Hà Nội,-0.5666561170654248,0,0.18147176452026312,0
2025-07-31 13:00:00+07:00,74.0,7.6,53.0,/dl/web/weather/ic-weather-04d.svg,Hà Nội,-0.6808395274699012,0,-0.4743106500657658,0
2025-07-31 14:00:00+07:00,68.0,4.2,55.0,/dl/web/weather/ic-weather-04d.svg,Hà Nội,-0.8178596199552728,0,-0.9928362802035559,0
2025-07-31 15:00:00+07:00,64.0,3.1,53.0,/dl/web/weather/ic-weather-04d.svg,Hà Nội,-0.9092063482788538,0,-1.1605945723069586,0
2025-07-31 16:00:00+07:00,63.0,2.6,51.0,/dl/web/weather/ic-weather-04d.svg,Hà Nội,-0.9320430303597491,0,-1.236848341444869,0
2025-07-31 17:00:00+07:00,62.0,5.8,54.0,/dl/web/weather/ic-weather-04d.svg,Hà Nội,-0.9548797124406443,0,-0.7488242189622429,0
2025-07-31 18:00:00+07:00,66.0,5.8,54.0,/dl/web/weather/ic-weather-04d.svg,Hà Nội,-0.8635329841170633,0,-0.7488242189622429,0
2025-07-31 19:00:00+07:00,77.0,3.7,71.0,/dl/web/weather/ic-weather-04n.svg,Hà Nội,-0.6123294812272154,0,-1.0690900493414661,0
2025-07-31 20:00:00+07:00,89.0,10.5,81.0,/dl/web/weather/ic-weather-04n.svg,Hà Nội,-0.33828929625647225,0,-0.03203878906588584,0
2025-07-31 21:00:00+07:00,85.0,13.7,83.0,/dl/web/weather/ic-weather-10n.svg,Hà Nội,-0.4296360245800533,0,0.4559853334167401,0
2025-07-31 22:00:00+07:00,68.0,15.4,84.0,/dl/web/weather/ic-weather-04n.svg,Hà Nội,-0.8178596199552728,0,0.7152481484856353,0
2025-07-31 23:00:00+07:00,68.0,14.6,88.0,/dl/web/weather/ic-weather-10n.svg,Hà Nội,-0.8178596199552728,0,0.5932421178649787,0
2025-08-01 00:00:00+07:00,68.0,11.6,87.0,/dl/web/weather/ic-weather-10n.svg,Hà Nội,-0.8178596199552728,0,0.13571950303751681,0
2025-08-01 01:00:00+07:00,61.0,9.2,82.0,/dl/web/weather/ic-weather-10n.svg,Hà Nội,-0.9777163945215396,0,-0.23029858882445278,0
2025-08-01 02:00:00+07:00,27.0,16.7,90.0,/dl/web/weather/ic-weather-10n.svg,Hà Nội,-1.7541635852719786,0,0.913507948244202,0
2025-08-01 03:00:00+07:00,21.0,17.4,96.0,/dl/web/weather/ic-weather-10n.svg,Hà Nội,-1.89118367775735,0,1.0202632250372763,0
2025-08-01 04:00:00+07:00,22.0,15.8,92.0,/dl/web/weather/ic-weather-10n.svg,Hà Nội,-1.8683469956764547,0,0.7762511637959637,0
2025-08-01 05:00:00+07:00,28.0,15.1,95.0,/dl/web/weather/ic-weather-10n.svg,Hà Nội,-1.7313269031910832,0,0.6694958870028891,0
2025-08-01 06:00:00+07:00,28.0,14.8,93.0,/dl/web/weather/ic-weather-04d.svg,Hà Nội,-1.7313269031910832,0,0.6237436255201431,0
2025-08-01 07:00:00+07:00,47.0,14.2,91.0,/dl/web/weather/ic-weather-10d.svg,Hà Nội,-1.2974299436540733,0,0.5322391025546505,0
2025-08-01 08:00:00+07:00,56.0,14.0,92.0,/dl/web/weather/ic-weather-10d.svg,Hà Nội,-1.0918998049260158,0,0.5017375948994864,0
2025-08-01 09:00:00+07:00,58.0,13.4,88.0,/dl/web/weather/ic-weather-04d.svg,Hà Nội,-1.0462264407642254,0,0.41023307193399405,0
2025-08-01 10:00:00+07:00,56.0,14.6,86.0,/dl/web/weather/ic-weather-04d.svg,Hà Nội,-1.0918998049260158,0,0.5932421178649787,0
2025-08-01 11:00:00+07:00,57.0,15.1,81.0,/dl/web/weather/ic-weather-04d.svg,Hà Nội,-1.0690631228451206,0,0.6694958870028891,0
2025-08-01 12:00:00+07:00,55.0,13.2,78.0,/dl/web/weather/ic-weather-10d.svg,Hà Nội,-1.1147364870069112,0,0.37973156427882976,0
2025-08-01 13:00:00+07:00,55.0,8.7,76.0,/dl/web/weather/ic-weather-04d.svg,Hà Nội,-1.1147364870069112,0,-0.30655235796236313,0
2025-08-13 15:00:00+07:00,82.0,82.0,82.0,/dl/web/weather/ic-weather-10d.svg,Hà Nội,-0.4981460708227391,0,10.87225019765529,-1
2025-08-13 16:00:00+07:00,84.0,84.0,84.0,/dl/web/weather/ic-weather-04d.svg,Hà Nội,-0.4524727066609486,0,11.177265274206931,-1
2025-08-13 17:00:00+07:00,90.0,90.0,90.0,/dl/web/weather/ic-weather-04d.svg,Hà Nội,-0.315452614175577,0,12.092310503861855,-1
2025-08-13 18:00:00+07:00,92.0,92.0,92.0,/dl/web/weather/ic-weather-04d.svg,Hà Nội,-0.2697792500137865,0,12.397325580413497,-1
2025-08-13 19:00:00+07:00,96.0,96.0,96.0,/dl/web/weather/ic-weather-04n.svg,Hà Nội,-0.17843252169020543,0,13.007355733516778,-1
2025-08-13 21:00:00+07:00,99.0,99.0,99.0,/dl/web/weather/ic-weather-04n.svg,Hà Nội,-0.10992247544751964,0,13.464878348344241,-1
2025-08-14 06:00:00+07:00,95.0,95.0,95.0,/dl/web/weather/ic-weather-04d.svg,Hà Nội,-0.2012692037711007,0,12.854848195240958,-1
2025-08-14 13:00:00+07:00,81.0,81.0,81.0,/dl/web/weather/ic-weather-04d.svg,Hà Nội,-0.5209827529036344,0,10.719742659379468,-1
2025-08-14 14:00:00+07:00,71.0,30.26,60.0,/dl/web/weather/ic-weather-04d.svg,Hà Nội,-0.7493495737125869,0,2.98151016726433,0
2025-08-14 15:00:00+07:00,80.5,2.85,61.5,/dl/web/weather/ic-weather-04d.svg,Hà Nội,-0.532401093944082,0,-1.1987214568759137,0
2025-08-14 16:00:00+07:00,88.0,1.8,65.0,/dl/web/weather/ic-weather-03d.svg,Hà Nội,-0.36112597833736754,0,-1.3588543720655253,0
2025-08-14 17:00:00+07:00,89.0,2.5,67.0,/dl/web/weather/ic-weather-03d.svg,Hà Nội,-0.33828929625647225,0,-1.252099095272451,0
2025-08-14 18:00:00+07:00,85.0,6.9,66.0,/dl/web/weather/ic-weather-04d.svg,Hà Nội,-0.4296360245800533,0,-0.5810659268588401,0
2025-08-14 19:00:00+07:00,119.0,9.1,71.0,/dl/web/weather/ic-weather-04n.svg,Hà Nội,0.3468111661703856,0,-0.2455493426520348,0
2025-08-14 20:00:00+07:00,137.0,9.5,74.0,/dl/web/weather/ic-weather-04n.svg,Hà Nội,0.7578714436265003,0,-0.18454632734170648,0
2025-08-14 21:00:00+07:00,135.0,9.5,74.0,/dl/web/weather/ic-weather-04n.svg,Hà Nội,0.7121980794647098,0,-0.18454632734170648,0
2025-08-14 22:00:00+07:00,138.0,8.6,78.0,/dl/web/weather/ic-weather-04n.svg,Hà Nội,0.7807081257073956,0,-0.32180311178994514,0
2025-08-14 23:00:00+07:00,132.0,8.3,81.0,/dl/web/weather/ic-weather-04n.svg,Hà Nội,0.643688033222024,0,-0.36755537327269117,0
2025-08-15 00:00:00+07:00,117.0,7.0,85.0,/dl/web/weather/ic-weather-10n.svg,Hà Nội,0.3011378020085951,0,-0.5658151730312581,0
2025-08-15 01:00:00+07:00,108.0,7.2,86.0,/dl/web/weather/ic-weather-04n.svg,Hà Nội,0.09560766328053771,0,-0.5353136653760939,0
2025-08-15 02:00:00+07:00,128.0,7.0,87.0,/dl/web/weather/ic-weather-10n.svg,Hà Nội,0.5523413048984429,0,-0.5658151730312581,0
2025-08-15 03:00:00+07:00,81.0,6.6,84.0,/dl/web/weather/ic-weather-10n.svg,Hà Nội,-0.5209827529036344,0,-0.6268181883415864,0
2025-08-15 04:00:00+07:00,99.0,6.2,85.0,/dl/web/weather/ic-weather-04n.svg,Hà Nội,-0.10992247544751964,0,-0.6878212036519146,0
2025-08-15 05:00:00+07:00,50.0,6.4,86.0,/dl/web/weather/ic-weather-10n.svg,Hà Nội,-1.2289198974113875,0,-0.6573196959967504,0
2025-08-15 06:00:00+07:00,52.0,5.6,91.0,/dl/web/weather/ic-weather-10d.svg,Hà Nội,-1.183246533249597,0,-0.7793257266174071,0
2025-08-15 07:00:00+07:00,55.0,9.6,89.0,/dl/web/weather/ic-weather-10d.svg,Hà Nội,-1.1147364870069112,0,-0.16929557351412447,0
2025-08-15 09:00:00+07:00,59.0,7.3,92.0,/dl/web/weather/ic-weather-04d.svg,Hà Nội,-1.02338975868333,0,-0.5200629115485119,0
2025-08-15 10:00:00+07:00,65.0,7.1,85.0,/dl/web/weather/ic-weather-04d.svg,Hà Nội,-0.8863696661979585,0,-0.550564419203676,0
2025-08-15 11:00:00+07:00,70.0,6.8,85.0,/dl/web/weather/ic-weather-10d.svg,Hà Nội,-0.7721862557934822,0,-0.5963166806864223,0
2025-08-15 12:00:00+07:00,79.0,6.5,82.0,/dl/web/weather/ic-weather-04d.svg,Hà Nội,-0.5666561170654248,0,-0.6420689421691684,0
2025-08-15 13:00:00+07:00,88.0,4.9,83.0,/dl/web/weather/ic-weather-04d.svg,Hà Nội,-0.36112597833736754,0,-0.8860810034104813,0
2025-08-15 14:00:00+07:00,86.0,4.1,83.0,/dl/web/weather/ic-weather-04d.svg,Hà Nội,-0.40679934249915806,0,-1.008087034031138,0
2025-08-15 15:00:00+07:00,104.0,6.4,82.0,/dl/web/weather/ic-weather-04d.svg,Hà Nội,0.004260934956956666,0,-0.6573196959967504,0
2025-08-15 16:00:00+07:00,111.0,7.4,90.0,/dl/web/weather/ic-weather-04d.svg,Hà Nội,0.1641177095232235,0,-0.5048121577209298,0
2025-08-15 17:00:00+07:00,78.0,5.8,92.0,/dl/web/weather/ic-weather-04d.svg,Hà Nội,-0.5894927991463201,0,-0.7488242189622429,0
2025-08-15 18:00:00+07:00,94.0,5.5,93.0,/dl/web/weather/ic-weather-10d.svg,Hà Nội,-0.22410588585199595,0,-0.7945764804449891,0
2025-08-15 19:00:00+07:00,86.0,5.5,94.0,/dl/web/weather/ic-weather-04n.svg,Hà Nội,-0.40679934249915806,0,-0.7945764804449891,0
2025-08-15 20:00:00+07:00,69.0,2.8,94.0,/dl/web/weather/ic-weather-04n.svg,Hà Nội,-0.7950229378743775,0,-1.2063468337897048,0
2025-08-15 21:00:00+07:00,56.0,2.0,89.0,/dl/web/weather/ic-weather-04n.svg,Hà Nội,-1.0918998049260158,0,-1.3283528644103613,0
2025-08-15 22:00:00+07:00,51.0,2.3,89.0,/dl/web/weather/ic-weather-04n.svg,Hà Nội,-1.2060832153304921,0,-1.282600602927615,0
2025-08-15 23:00:00+07:00,60.0,3.4,88.0,/dl/web/weather/ic-weather-04n.svg,Hà Nội,-1.0005530766024349,0,-1.1148423108242123,0
2025-08-16 00:00:00+07:00,60.0,4.6,88.0,/dl/web/weather/ic-weather-04n.svg,Hà Nội,-1.0005530766024349,0,-0.9318332648932277,0
2025-08-16 01:00:00+07:00,60.0,1.6,90.0,/dl/web/weather/ic-weather-04n.svg,Hà Nội,-1.0005530766024349,0,-1.3893558797206895,0
2025-08-16 02:00:00+07:00,64.0,2.6,90.0,/dl/web/weather/ic-weather-04n.svg,Hà Nội,-0.9092063482788538,0,-1.236848341444869,0
2025-08-16 03:00:00+07:00,70.0,3.6,92.0,/dl/web/weather/ic-weather-10n.svg,Hà Nội,-0.7721862557934822,0,-1.0843408031690482,0
2025-08-16 04:00:00+07:00,75.0,3.8,93.0,/dl/web/weather/ic-weather-04n.svg,Hà Nội,-0.6580028453890059,0,-1.0538392955138842,0
2025-08-16 05:00:00+07:00,66.0,4.3,95.0,/dl/web/weather/ic-weather-04n.svg,Hà Nội,-0.8635329841170633,0,-0.9775855263759738,0
2025-08-16 06:00:00+07:00,66.0,4.4,94.0,/dl/web/weather/ic-weather-10d.svg,Hà Nội,-0.8635329841170633,0,-0.9623347725483917,0
2025-08-16 07:00:00+07:00,65.0,4.9,91.0,/dl/web/weather/ic-weather-04d.svg,Hà Nội,-0.8863696661979585,0,-0.8860810034104813,0
2025-08-16 09:00:00+07:00,64.0,8.1,88.0,/dl/web/weather/ic-weather-04d.svg,Hà Nội,-0.9092063482788538,0,-0.39805688092785546,0
2025-08-16 10:00:00+07:00,68.0,5.8,91.0,/dl/web/weather/ic-weather-04d.svg,Hà Nội,-0.8178596199552728,0,-0.7488242189622429,0
2025-08-16 11:00:00+07:00,74.0,3.3,90.0,/dl/web/weather/ic-weather-04d.svg,Hà Nội,-0.6808395274699012,0,-1.1300930646517944,0
2025-08-16 12:00:00+07:00,56.0,4.3,89.0,/dl/web/weather/ic-weather-04d.svg,Hà Nội,-1.0918998049260158,0,-0.9775855263759738,0
2025-08-16 13:00:00+07:00,90.0,5.1,88.0,/dl/web/weather/ic-weather-10d.svg,Hà Nội,-0.315452614175577,0,-0.8555794957553173,0
2025-08-16 14:00:00+07:00,79.0,4.1,82.0,/dl/web/weather/ic-weather-10d.svg,Hà Nội,-0.5666561170654248,0,-1.008087034031138,0
2025-08-16 16:00:00+07:00,53.0,1.7,76.0,/dl/web/weather/ic-weather-10d.svg,Hà Nội,-1.1604098511687018,0,-1.3741051258931076,0
2025-08-16 17:00:00+07:00,56.0,2.0,84.0,/dl/web/weather/ic-weather-10d.svg,Hà Nội,-1.0918998049260158,0,-1.3283528644103613,0
2025-08-16 18:00:00+07:00,56.0,2.0,84.0,/dl/web/weather/ic-weather-10d.svg,Hà Nội,-1.0918998049260158,0,-1.3283528644103613,0
2025-08-16 19:00:00+07:00,53.0,3.3,87.0,/dl/web/weather/ic-weather-04n.svg,Hà Nội,-1.1604098511687018,0,-1.1300930646517944,0
2025-08-16 20:00:00+07:00,56.0,3.9,90.0,/dl/web/weather/ic-weather-04n.svg,Hà Nội,-1.0918998049260158,0,-1.038588541686302,0
2025-08-16 21:00:00+07:00,55.0,1.4,91.0,/dl/web/weather/ic-weather-04n.svg,Hà Nội,-1.1147364870069112,0,-1.4198573873758535,0
2025-08-16 22:00:00+07:00,56.0,1.7,92.0,/dl/web/weather/ic-weather-04n.svg,Hà Nội,-1.0918998049260158,0,-1.3741051258931076,0
2025-08-16 23:00:00+07:00,53.0,4.3,92.0,/dl/web/weather/ic-weather-04n.svg,Hà Nội,-1.1604098511687018,0,-0.9775855263759738,0
2025-08-17 00:00:00+07:00,55.0,4.7,92.0,/dl/web/weather/ic-weather-04n.svg,Hà Nội,-1.1147364870069112,0,-0.9165825110656456,0
2025-08-17 01:00:00+07:00,60.0,6.0,91.0,/dl/web/weather/ic-weather-04n.svg,Hà Nội,-1.0005530766024349,0,-0.7183227113070787,0
2025-08-17 02:00:00+07:00,62.0,6.5,92.0,/dl/web/weather/ic-weather-04n.svg,Hà Nội,-0.9548797124406443,0,-0.6420689421691684,0
2025-08-17 03:00:00+07:00,84.0,6.1,93.0,/dl/web/weather/ic-weather-04n.svg,Hà Nội,-0.4524727066609486,0,-0.7030719574794967,0
2025-08-17 04:00:00+07:00,70.0,5.6,93.0,/dl/web/weather/ic-weather-04n.svg,Hà Nội,-0.7721862557934822,0,-0.7793257266174071,0
2025-08-17 05:00:00+07:00,76.0,4.9,92.0,/dl/web/weather/ic-weather-04n.svg,Hà Nội,-0.6351661633081107,0,-0.8860810034104813,0
2025-08-17 06:00:00+07:00,77.0,6.1,92.0,/dl/web/weather/ic-weather-04d.svg,Hà Nội,-0.6123294812272154,0,-0.7030719574794967,0
2025-08-17 07:00:00+07:00,79.0,9.0,88.0,/dl/web/weather/ic-weather-10d.svg,Hà Nội,-0.5666561170654248,0,-0.2608000964796168,0
2025-08-17 09:00:00+07:00,70.0,10.9,77.0,/dl/web/weather/ic-weather-04d.svg,Hà Nội,-0.7721862557934822,0,0.028964226244442465,0
2025-08-17 10:00:00+07:00,66.0,9.3,69.0,/dl/web/weather/ic-weather-04d.svg,Hà Nội,-0.8635329841170633,0,-0.2150478349968705,0
2025-08-17 11:00:00+07:00,68.0,8.0,61.0,/dl/web/weather/ic-weather-10d.svg,Hà Nội,-0.8178596199552728,0,-0.41330763475543747,0
2025-08-17 12:00:00+07:00,62.0,8.4,59.0,/dl/web/weather/ic-weather-10d.svg,Hà Nội,-0.9548797124406443,0,-0.35230461944510916,0
2025-08-17 13:00:00+07:00,64.0,8.5,58.0,/dl/web/weather/ic-weather-04d.svg,Hà Nội,-0.9092063482788538,0,-0.33705386561752715,0
2025-08-17 14:00:00+07:00,60.0,7.5,63.0,/dl/web/weather/ic-weather-04d.svg,Hà Nội,-1.0005530766024349,0,-0.4895614038933478,0
2025-08-17 15:00:00+07:00,55.0,5.9,67.0,/dl/web/weather/ic-weather-10d.svg,Hà Nội,-1.1147364870069112,0,-0.7335734651346607,0
2025-08-17 16:00:00+07:00,47.0,3.0,69.0,/dl/web/weather/ic-weather-10d.svg,Hà Nội,-1.2974299436540733,0,-1.1758453261345407,0
2025-08-17 17:00:00+07:00,44.0,2.5,73.0,/dl/web/weather/ic-weather-10d.svg,Hà Nội,-1.365939989896759,0,-1.252099095272451,0
2025-08-17 18:00:00+07:00,42.0,1.7,78.0,/dl/web/weather/ic-weather-10d.svg,Hà Nội,-1.4116133540585496,0,-1.3741051258931076,0
2025-08-17 20:00:00+07:00,60.0,4.3,83.0,/dl/web/weather/ic-weather-04n.svg,Hà Nội,-1.0005530766024349,0,-0.9775855263759738,0
2025-08-17 21:00:00+07:00,62.0,4.9,87.0,/dl/web/weather/ic-weather-04n.svg,Hà Nội,-0.9548797124406443,0,-0.8860810034104813,0
2025-08-17 22:00:00+07:00,64.0,5.6,90.0,/dl/web/weather/ic-weather-04n.svg,Hà Nội,-0.9092063482788538,0,-0.7793257266174071,0
2025-08-17 23:00:00+07:00,69.0,6.0,89.0,/dl/web/weather/ic-weather-04n.svg,Hà Nội,-0.7950229378743775,0,-0.7183227113070787,0
2025-08-18 00:00:00+07:00,69.0,6.6,89.0,/dl/web/weather/ic-weather-04n.svg,Hà Nội,-0.7950229378743775,0,-0.6268181883415864,0
2025-08-18 01:00:00+07:00,69.5,7.0,91.0,/dl/web/weather/ic-weather-10n.svg,Hà Nội,-0.7836045968339299,0,-0.5658151730312581,0
2025-08-18 02:00:00+07:00,69.0,6.2,91.0,/dl/web/weather/ic-weather-10n.svg,Hà Nội,-0.7950229378743775,0,-0.6878212036519146,0
2025-08-18 03:00:00+07:00,65.0,7.5,93.0,/dl/web/weather/ic-weather-10n.svg,Hà Nội,-0.8863696661979585,0,-0.4895614038933478,0
2025-08-18 04:00:00+07:00,68.0,8.1,93.0,/dl/web/weather/ic-weather-10n.svg,Hà Nội,-0.8178596199552728,0,-0.39805688092785546,0
2025-08-18 05:00:00+07:00,60.0,9.6,94.0,/dl/web/weather/ic-weather-10n.svg,Hà Nội,-1.0005530766024349,0,-0.16929557351412447,0
2025-08-18 06:00:00+07:00,60.0,9.1,93.0,/dl/web/weather/ic-weather-04d.svg,Hà Nội,-1.0005530766024349,0,-0.2455493426520348,0
2025-08-18 07:00:00+07:00,67.0,9.7,88.0,/dl/web/weather/ic-weather-04d.svg,Hà Nội,-0.840696302036168,0,-0.15404481968654246,0
2025-08-18 09:00:00+07:00,69.0,11.0,79.0,/dl/web/weather/ic-weather-04d.svg,Hà Nội,-0.7950229378743775,0,0.04421498007202447,0
2025-08-18 10:00:00+07:00,66.0,10.2,74.0,/dl/web/weather/ic-weather-04d.svg,Hà Nội,-0.8635329841170633,0,-0.07779105054863214,0
2025-08-18 11:00:00+07:00,64.0,11.2,73.0,/dl/web/weather/ic-weather-04d.svg,Hà Nội,-0.9092063482788538,0,0.07471648772718849,0
2025-08-18 12:00:00+07:00,59.0,15.3,68.0,/dl/web/weather/ic-weather-04d.svg,Hà Nội,-1.02338975868333,0,0.6999973946580533,0
2025-08-18 13:00:00+07:00,56.0,17.1,75.0,/dl/web/weather/ic-weather-10d.svg,Hà Nội,-1.0918998049260158,0,0.9745109635545306,0
2025-08-18 14:00:00+07:00,53.0,14.7,76.0,/dl/web/weather/ic-weather-10d.svg,Hà Nội,-1.1604098511687018,0,0.6084928716925607,0
2025-08-18 15:00:00+07:00,53.0,12.1,75.0,/dl/web/weather/ic-weather-04d.svg,Hà Nội,-1.1604098511687018,0,0.21197327217542714,0
2025-08-18 16:00:00+07:00,54.0,11.0,74.5,/dl/web/weather/ic-weather-04d.svg,Hà Nội,-1.1375731690878064,0,0.04421498007202447,0
2025-08-18 17:00:00+07:00,33.0,9.0,93.0,/dl/web/weather/ic-weather-10d.svg,Hà Nội,-1.6171434927866069,0,-0.2608000964796168,0
2025-08-18 18:00:00+07:00,29.25,7.8,92.0,/dl/web/weather/ic-weather-04d.svg,Hà Nội,-1.702781050589964,0,-0.4438091424106016,0
2025-08-18 19:00:00+07:00,46.17,6.63,91.17,/dl/web/weather/ic-weather-04n.svg,Hà Nội,-1.3163843897812162,0,-0.6222429621933118,0
2025-08-18 20:00:00+07:00,54.0,6.4,91.0,/dl/web/weather/ic-weather-04n.svg,Hà Nội,-1.1375731690878064,0,-0.6573196959967504,0
2025-08-18 21:00:00+07:00,57.0,6.3,90.0,/dl/web/weather/ic-weather-10n.svg,Hà Nội,-1.0690631228451206,0,-0.6725704498243326,0
2025-08-18 22:00:00+07:00,52.0,9.5,91.0,/dl/web/weather/ic-weather-10n.svg,Hà Nội,-1.183246533249597,0,-0.18454632734170648,0
2025-08-18 23:00:00+07:00,60.0,4.7,91.0,/dl/web/weather/ic-weather-10n.svg,Hà Nội,-1.0005530766024349,0,-0.9165825110656456,0
2025-08-19 00:00:00+07:00,62.0,6.7,92.0,/dl/web/weather/ic-weather-10n.svg,Hà Nội,-0.9548797124406443,0,-0.6115674345140043,0
2025-08-19 01:00:00+07:00,66.0,7.9,92.0,/dl/web/weather/ic-weather-10n.svg,Hà Nội,-0.8635329841170633,0,-0.4285583885830195,0
2025-08-19 02:00:00+07:00,71.0,8.0,92.0,/dl/web/weather/ic-weather-04n.svg,Hà Nội,-0.7493495737125869,0,-0.41330763475543747,0
2025-08-19 03:00:00+07:00,79.0,8.9,96.0,/dl/web/weather/ic-weather-04n.svg,Hà Nội,-0.5666561170654248,0,-0.27605085030719884,0
2025-08-19 04:00:00+07:00,73.0,12.4,97.0,/dl/web/weather/ic-weather-10n.svg,Hà Nội,-0.7036762095507965,0,0.2577255336581734,0
2025-08-19 05:00:00+07:00,62.0,9.7,96.0,/dl/web/weather/ic-weather-10n.svg,Hà Nội,-0.9548797124406443,0,-0.15404481968654246,0
2025-08-19 06:00:00+07:00,57.0,9.0,97.0,/dl/web/weather/ic-weather-10d.svg,Hà Nội,-1.0690631228451206,0,-0.2608000964796168,0
2025-08-19 09:00:00+07:00,60.0,6.2,98.0,/dl/web/weather/ic-weather-10d.svg,Hà Nội,-1.0005530766024349,0,-0.6878212036519146,0
2025-08-19 10:00:00+07:00,56.0,6.8,95.0,/dl/web/weather/ic-weather-10d.svg,Hà Nội,-1.0918998049260158,0,-0.5963166806864223,0
2025-08-19 11:00:00+07:00,53.0,5.5,95.0,/dl/web/weather/ic-weather-04d.svg,Hà Nội,-1.1604098511687018,0,-0.7945764804449891,0
2025-08-19 12:00:00+07:00,44.0,5.0,91.0,/dl/web/weather/ic-weather-04d.svg,Hà Nội,-1.365939989896759,0,-0.8708302495828993,0
2025-08-19 13:00:00+07:00,39.0,2.3,93.0,/dl/web/weather/ic-weather-04d.svg,Hà Nội,-1.4801234003012353,0,-1.282600602927615,0
2025-08-19 14:00:00+07:00,22.0,2.2,92.0,/dl/web/weather/ic-weather-04d.svg,Hà Nội,-1.8683469956764547,0,-1.2978513567551972,0
2025-08-19 15:00:00+07:00,22.0,2.6,83.0,/dl/web/weather/ic-weather-04d.svg,Hà Nội,-1.8683469956764547,0,-1.236848341444869,0
2025-08-19 16:00:00+07:00,33.0,1.3,79.0,/dl/web/weather/ic-weather-04d.svg,Hà Nội,-1.6171434927866069,0,-1.4351081412034357,0
2025-08-19 17:00:00+07:00,41.0,3.6,82.0,/dl/web/weather/ic-weather-04d.svg,Hà Nội,-1.4344500361394448,0,-1.0843408031690482,0
2025-08-19 20:00:00+07:00,58.0,6.4,94.0,/dl/web/weather/ic-weather-04n.svg,Hà Nội,-1.0462264407642254,0,-0.6573196959967504,0
2025-08-19 21:00:00+07:00,59.0,5.5,94.0,/dl/web/weather/ic-weather-04n.svg,Hà Nội,-1.02338975868333,0,-0.7945764804449891,0
2025-08-19 22:00:00+07:00,59.0,4.7,95.0,/dl/web/weather/ic-weather-04n.svg,Hà Nội,-1.02338975868333,0,-0.9165825110656456,0
2025-08-19 23:00:00+07:00,64.0,4.4,96.0,/dl/web/weather/ic-weather-04n.svg,Hà Nội,-0.9092063482788538,0,-0.9623347725483917,0
2025-08-20 00:00:00+07:00,70.0,3.5,96.0,/dl/web/weather/ic-weather-04n.svg,Hà Nội,-0.7721862557934822,0,-1.0995915569966304,0
2025-08-20 01:00:00+07:00,70.0,3.2,95.0,/dl/web/weather/ic-weather-04n.svg,Hà Nội,-0.7721862557934822,0,-1.1453438184793765,0
2025-08-20 02:00:00+07:00,73.0,3.4,96.0,/dl/web/weather/ic-weather-04n.svg,Hà Nội,-0.7036762095507965,0,-1.1148423108242123,0
2025-08-20 03:00:00+07:00,76.0,3.0,96.0,/dl/web/weather/ic-weather-04n.svg,Hà Nội,-0.6351661633081107,0,-1.1758453261345407,0
2025-08-20 04:00:00+07:00,83.0,1.9,95.0,/dl/web/weather/ic-weather-04n.svg,Hà Nội,-0.4753093887418438,0,-1.3436036182379434,0
2025-08-20 05:00:00+07:00,77.0,0.3,95.0,/dl/web/weather/ic-weather-04n.svg,Hà Nội,-0.6123294812272154,0,-1.5876156794792562,0
2025-08-20 06:00:00+07:00,71.0,2.0,95.0,/dl/web/weather/ic-weather-04d.svg,Hà Nội,-0.7493495737125869,0,-1.3283528644103613,0
2025-08-20 08:00:00+07:00,74.0,3.0,90.0,/dl/web/weather/ic-weather-04d.svg,Hà Nội,-0.6808395274699012,0,-1.1758453261345407,0
2025-08-20 10:00:00+07:00,62.0,1.5,80.0,/dl/web/weather/ic-weather-04d.svg,Hà Nội,-0.9548797124406443,0,-1.4046066335482716,0
2025-08-20 11:00:00+07:00,57.0,1.8,75.0,/dl/web/weather/ic-weather-04d.svg,Hà Nội,-1.0690631228451206,0,-1.3588543720655253,0
2025-08-20 12:00:00+07:00,60.0,4.2,68.0,/dl/web/weather/ic-weather-04d.svg,Hà Nội,-1.0005530766024349,0,-0.9928362802035559,0
2025-08-20 13:00:00+07:00,57.0,5.4,64.0,/dl/web/weather/ic-weather-04d.svg,Hà Nội,-1.0690631228451206,0,-0.8098272342725711,0
2025-08-20 14:00:00+07:00,56.0,7.0,65.0,/dl/web/weather/ic-weather-04d.svg,Hà Nội,-1.0918998049260158,0,-0.5658151730312581,0
2025-08-20 15:00:00+07:00,59.0,6.9,66.0,/dl/web/weather/ic-weather-04d.svg,Hà Nội,-1.02338975868333,0,-0.5810659268588401,0
2025-08-20 16:00:00+07:00,61.0,5.6,70.0,/dl/web/weather/ic-weather-04d.svg,Hà Nội,-0.9777163945215396,0,-0.7793257266174071,0
2025-08-20 17:00:00+07:00,60.0,5.4,77.0,/dl/web/weather/ic-weather-04d.svg,Hà Nội,-1.0005530766024349,0,-0.8098272342725711,0
2025-08-20 18:00:00+07:00,69.0,7.5,82.0,/dl/web/weather/ic-weather-10d.svg,Hà Nội,-0.7950229378743775,0,-0.4895614038933478,0
2025-08-20 19:00:00+07:00,70.0,7.7,85.0,/dl/web/weather/ic-weather-10n.svg,Hà Nội,-0.7721862557934822,0,-0.4590598962381836,0
2025-08-20 20:00:00+07:00,76.0,6.8,90.0,/dl/web/weather/ic-weather-10n.svg,Hà Nội,-0.6351661633081107,0,-0.5963166806864223,0
2025-08-20 21:00:00+07:00,82.0,7.1,89.0,/dl/web/weather/ic-weather-10n.svg,Hà Nội,-0.4981460708227391,0,-0.550564419203676,0
2025-08-20 22:00:00+07:00,82.0,6.6,90.0,/dl/web/weather/ic-weather-04n.svg,Hà Nội,-0.4981460708227391,0,-0.6268181883415864,0
2025-08-20 23:00:00+07:00,73.0,7.0,92.0,/dl/web/weather/ic-weather-04n.svg,Hà Nội,-0.7036762095507965,0,-0.5658151730312581,0
2025-08-21 00:00:00+07:00,77.0,7.0,93.0,/dl/web/weather/ic-weather-04n.svg,Hà Nội,-0.6123294812272154,0,-0.5658151730312581,0
2025-08-21 01:00:00+07:00,72.0,6.3,94.0,/dl/web/weather/ic-weather-04n.svg,Hà Nội,-0.7265128916316917,0,-0.6725704498243326,0
2025-08-21 02:00:00+07:00,69.0,12.9,95.0,/dl/web/weather/ic-weather-04n.svg,Hà Nội,-0.7950229378743775,0,0.33397930279608373,0
2025-08-21 03:00:00+07:00,69.0,6.8,91.0,/dl/web/weather/ic-weather-04n.svg,Hà Nội,-0.7950229378743775,0,-0.5963166806864223,0
2025-08-21 04:00:00+07:00,75.0,5.0,92.0,/dl/web/weather/ic-weather-04n.svg,Hà Nội,-0.6580028453890059,0,-0.8708302495828993,0
2025-08-21 05:00:00+07:00,79.0,1.2,93.0,/dl/web/weather/ic-weather-04n.svg,Hà Nội,-0.5666561170654248,0,-1.450358895031018,0
2025-08-21 06:00:00+07:00,82.0,1.9,95.0,/dl/web/weather/ic-weather-04d.svg,Hà Nội,-0.4981460708227391,0,-1.3436036182379434,0
2025-08-21 08:00:00+07:00,74.0,3.2,87.0,/dl/web/weather/ic-weather-10d.svg,Hà Nội,-0.6808395274699012,0,-1.1453438184793765,0
2025-08-21 10:00:00+07:00,81.0,4.4,87.0,/dl/web/weather/ic-weather-10d.svg,Hà Nội,-0.5209827529036344,0,-0.9623347725483917,0
2025-08-21 11:00:00+07:00,80.0,3.3,89.0,/dl/web/weather/ic-weather-10d.svg,Hà Nội,-0.5438194349845296,0,-1.1300930646517944,0
2025-08-21 12:00:00+07:00,81.0,2.3,89.0,/dl/web/weather/ic-weather-04d.svg,Hà Nội,-0.5209827529036344,0,-1.282600602927615,0
2025-08-21 13:00:00+07:00,79.0,6.8,91.0,/dl/web/weather/ic-weather-04d.svg,Hà Nội,-0.5666561170654248,0,-0.5963166806864223,0
2025-08-21 14:00:00+07:00,76.0,11.0,70.0,/dl/web/weather/ic-weather-04d.svg,Hà Nội,-0.6351661633081107,0,0.04421498007202447,0
2025-08-21 15:00:00+07:00,73.0,12.1,74.0,/dl/web/weather/ic-weather-04d.svg,Hà Nội,-0.7036762095507965,0,0.21197327217542714,0
2025-08-21 16:00:00+07:00,75.0,12.3,76.0,/dl/web/weather/ic-weather-04d.svg,Hà Nội,-0.6580028453890059,0,0.2424747798305914,0
2025-08-21 17:00:00+07:00,82.0,11.9,86.0,/dl/web/weather/ic-weather-04d.svg,Hà Nội,-0.4981460708227391,0,0.18147176452026312,0
2025-08-21 18:00:00+07:00,86.0,12.3,90.0,/dl/web/weather/ic-weather-04d.svg,Hà Nội,-0.40679934249915806,0,0.2424747798305914,0
2025-08-21 19:00:00+07:00,76.0,9.1,89.0,/dl/web/weather/ic-weather-04n.svg,Hà Nội,-0.6351661633081107,0,-0.2455493426520348,0
2025-08-21 20:00:00+07:00,69.0,8.5,89.0,/dl/web/weather/ic-weather-04n.svg,Hà Nội,-0.7950229378743775,0,-0.33705386561752715,0
2025-08-21 21:00:00+07:00,69.0,7.4,90.0,/dl/web/weather/ic-weather-04n.svg,Hà Nội,-0.7950229378743775,0,-0.5048121577209298,0
2025-08-21 22:00:00+07:00,69.0,7.4,90.0,/dl/web/weather/ic-weather-04n.svg,Hà Nội,-0.7950229378743775,0,-0.5048121577209298,0
2025-08-21 23:00:00+07:00,71.0,7.7,91.0,/dl/web/weather/ic-weather-04n.svg,Hà Nội,-0.7493495737125869,0,-0.4590598962381836,0
2025-08-22 00:00:00+07:00,71.0,7.9,92.0,/dl/web/weather/ic-weather-04n.svg,Hà Nội,-0.7493495737125869,0,-0.4285583885830195,0
2025-08-22 01:00:00+07:00,71.0,8.9,93.0,/dl/web/weather/ic-weather-04n.svg,Hà Nội,-0.7493495737125869,0,-0.27605085030719884,0
2025-08-22 02:00:00+07:00,68.0,10.9,93.0,/dl/web/weather/ic-weather-04n.svg,Hà Nội,-0.8178596199552728,0,0.028964226244442465,0
2025-08-22 03:00:00+07:00,67.0,10.4,93.0,/dl/web/weather/ic-weather-04n.svg,Hà Nội,-0.840696302036168,0,-0.04728954289346786,0
2025-08-22 04:00:00+07:00,67.0,9.1,92.0,/dl/web/weather/ic-weather-04n.svg,Hà Nội,-0.840696302036168,0,-0.2455493426520348,0
2025-08-22 05:00:00+07:00,66.0,7.9,93.0,/dl/web/weather/ic-weather-04n.svg,Hà Nội,-0.8635329841170633,0,-0.4285583885830195,0
2025-08-22 06:00:00+07:00,71.0,7.4,94.0,/dl/web/weather/ic-weather-04d.svg,Hà Nội,-0.7493495737125869,0,-0.5048121577209298,0
2025-08-22 08:00:00+07:00,71.0,4.7,97.0,/dl/web/weather/ic-weather-04d.svg,Hà Nội,-0.7493495737125869,0,-0.9165825110656456,0
2025-08-22 10:00:00+07:00,66.0,7.4,88.0,/dl/web/weather/ic-weather-04d.svg,Hà Nội,-0.8635329841170633,0,-0.5048121577209298,0
2025-08-22 11:00:00+07:00,61.0,8.5,83.0,/dl/web/weather/ic-weather-04d.svg,Hà Nội,-0.9777163945215396,0,-0.33705386561752715,0
2025-08-22 12:00:00+07:00,60.0,8.9,81.0,/dl/web/weather/ic-weather-04d.svg,Hà Nội,-1.0005530766024349,0,-0.27605085030719884,0
2025-08-22 13:00:00+07:00,59.0,16.2,80.0,/dl/web/weather/ic-weather-04d.svg,Hà Nội,-1.02338975868333,0,0.8372541791062917,0
2025-08-22 14:00:00+07:00,52.0,9.9,70.0,/dl/web/weather/ic-weather-04d.svg,Hà Nội,-1.183246533249597,0,-0.12354331203137818,0
2025-08-22 15:00:00+07:00,52.0,9.1,72.0,/dl/web/weather/ic-weather-04d.svg,Hà Nội,-1.183246533249597,0,-0.2455493426520348,0
2025-08-22 16:00:00+07:00,52.0,8.1,77.0,/dl/web/weather/ic-weather-04d.svg,Hà Nội,-1.183246533249597,0,-0.39805688092785546,0
2025-08-22 17:00:00+07:00,51.0,7.8,83.0,/dl/web/weather/ic-weather-04d.svg,Hà Nội,-1.2060832153304921,0,-0.4438091424106016,0
2025-08-22 18:00:00+07:00,53.0,7.9,86.0,/dl/web/weather/ic-weather-04d.svg,Hà Nội,-1.1604098511687018,0,-0.4285583885830195,0
2025-08-22 19:00:00+07:00,57.0,6.4,89.0,/dl/web/weather/ic-weather-04n.svg,Hà Nội,-1.0690631228451206,0,-0.6573196959967504,0
2025-08-22 20:00:00+07:00,63.0,6.4,89.0,/dl/web/weather/ic-weather-04n.svg,Hà Nội,-0.9320430303597491,0,-0.6573196959967504,0
2025-08-22 21:00:00+07:00,64.0,6.6,91.0,/dl/web/weather/ic-weather-04n.svg,Hà Nội,-0.9092063482788538,0,-0.6268181883415864,0
2025-08-22 22:00:00+07:00,64.0,7.0,92.0,/dl/web/weather/ic-weather-04n.svg,Hà Nội,-0.9092063482788538,0,-0.5658151730312581,0
2025-08-22 23:00:00+07:00,64.0,7.0,91.0,/dl/web/weather/ic-weather-04n.svg,Hà Nội,-0.9092063482788538,0,-0.5658151730312581,0
2025-08-23 00:00:00+07:00,60.0,7.2,93.0,/dl/web/weather/ic-weather-04n.svg,Hà Nội,-1.0005530766024349,0,-0.5353136653760939,0
2025-08-23 01:00:00+07:00,61.0,7.5,92.0,/dl/web/weather/ic-weather-04n.svg,Hà Nội,-0.9777163945215396,0,-0.4895614038933478,0
2025-08-23 02:00:00+07:00,62.0,6.4,93.0,/dl/web/weather/ic-weather-04n.svg,Hà Nội,-0.9548797124406443,0,-0.6573196959967504,0
2025-08-23 03:00:00+07:00,66.0,5.7,94.0,/dl/web/weather/ic-weather-04n.svg,Hà Nội,-0.8635329841170633,0,-0.764074972789825,0
2025-08-23 04:00:00+07:00,63.0,5.0,94.0,/dl/web/weather/ic-weather-04n.svg,Hà Nội,-0.9320430303597491,0,-0.8708302495828993,0
2025-08-23 05:00:00+07:00,69.0,4.7,94.0,/dl/web/weather/ic-weather-04n.svg,Hà Nội,-0.7950229378743775,0,-0.9165825110656456,0
2025-08-23 06:00:00+07:00,90.0,5.0,93.0,/dl/web/weather/ic-weather-04d.svg,Hà Nội,-0.315452614175577,0,-0.8708302495828993,0
2025-08-23 08:00:00+07:00,86.0,5.0,80.0,/dl/web/weather/ic-weather-04d.svg,Hà Nội,-0.40679934249915806,0,-0.8708302495828993,0
2025-08-23 10:00:00+07:00,69.0,7.9,68.0,/dl/web/weather/ic-weather-04d.svg,Hà Nội,-0.7950229378743775,0,-0.4285583885830195,0
2025-08-23 11:00:00+07:00,63.0,6.8,68.0,/dl/web/weather/ic-weather-04d.svg,Hà Nội,-0.9320430303597491,0,-0.5963166806864223,0
2025-08-23 12:00:00+07:00,55.0,4.9,58.0,/dl/web/weather/ic-weather-04d.svg,Hà Nội,-1.1147364870069112,0,-0.8860810034104813,0
2025-08-23 13:00:00+07:00,56.0,4.6,55.0,/dl/web/weather/ic-weather-04d.svg,Hà Nội,-1.0918998049260158,0,-0.9318332648932277,0
2025-08-23 14:00:00+07:00,50.0,4.6,66.0,/dl/web/weather/ic-weather-04d.svg,Hà Nội,-1.2289198974113875,0,-0.9318332648932277,0
2025-08-23 15:00:00+07:00,52.0,5.7,70.0,/dl/web/weather/ic-weather-04d.svg,Hà Nội,-1.183246533249597,0,-0.764074972789825,0
2025-08-23 16:00:00+07:00,60.0,7.4,64.0,/dl/web/weather/ic-weather-04d.svg,Hà Nội,-1.0005530766024349,0,-0.5048121577209298,0
2025-08-23 17:00:00+07:00,58.0,6.1,69.0,/dl/web/weather/ic-weather-04d.svg,Hà Nội,-1.0462264407642254,0,-0.7030719574794967,0
2025-08-23 18:00:00+07:00,61.0,4.7,75.0,/dl/web/weather/ic-weather-04d.svg,Hà Nội,-0.9777163945215396,0,-0.9165825110656456,0
2025-08-23 19:00:00+07:00,61.0,4.9,77.0,/dl/web/weather/ic-weather-04n.svg,Hà Nội,-0.9777163945215396,0,-0.8860810034104813,0
2025-08-23 20:00:00+07:00,69.0,4.8,85.0,/dl/web/weather/ic-weather-04n.svg,Hà Nội,-0.7950229378743775,0,-0.9013317572380636,0
2025-08-23 21:00:00+07:00,77.0,4.2,86.0,/dl/web/weather/ic-weather-04n.svg,Hà Nội,-0.6123294812272154,0,-0.9928362802035559,0
2025-08-23 22:00:00+07:00,86.0,4.2,88.0,/dl/web/weather/ic-weather-04n.svg,Hà Nội,-0.40679934249915806,0,-0.9928362802035559,0
2025-08-23 23:00:00+07:00,96.0,3.6,90.0,/dl/web/weather/ic-weather-04n.svg,Hà Nội,-0.17843252169020543,0,-1.0843408031690482,0
2025-08-24 00:00:00+07:00,108.0,2.9,90.0,/dl/web/weather/ic-weather-04n.svg,Hà Nội,0.09560766328053771,0,-1.1910960799621226,0
2025-08-24 01:00:00+07:00,127.0,3.5,91.0,/dl/web/weather/ic-weather-04n.svg,Hà Nội,0.5295046228175477,0,-1.0995915569966304,0
2025-08-24 02:00:00+07:00,132.0,2.7,90.0,/dl/web/weather/ic-weather-04n.svg,Hà Nội,0.643688033222024,0,-1.2215975876172869,0
2025-08-24 03:00:00+07:00,149.0,1.2,90.0,/dl/web/weather/ic-weather-04n.svg,Hà Nội,1.0319116285972434,0,-1.450358895031018,0
2025-08-24 04:00:00+07:00,151.0,1.4,90.0,/dl/web/weather/ic-weather-03n.svg,Hà Nội,1.077584992759034,0,-1.4198573873758535,0
2025-08-24 05:00:00+07:00,153.0,3.9,91.0,/dl/web/weather/ic-weather-10n.svg,Hà Nội,1.1232583569208245,0,-1.038588541686302,0
2025-08-24 06:00:00+07:00,157.0,4.7,93.0,/dl/web/weather/ic-weather-10d.svg,Hà Nội,1.2146050852444055,0,-0.9165825110656456,0
2025-08-24 09:00:00+07:00,128.0,8.2,78.0,/dl/web/weather/ic-weather-04d.svg,Hà Nội,0.5523413048984429,0,-0.38280612710027345,0
2025-08-24 10:00:00+07:00,139.0,8.5,69.0,/dl/web/weather/ic-weather-04d.svg,Hà Nội,0.8035448077882908,0,-0.33705386561752715,0
2025-08-24 11:00:00+07:00,113.0,5.6,59.0,/dl/web/weather/ic-weather-04d.svg,Hà Nội,0.209791073685014,0,-0.7793257266174071,0
2025-08-24 12:00:00+07:00,88.0,4.9,66.0,/dl/web/weather/ic-weather-10d.svg,Hà Nội,-0.36112597833736754,0,-0.8860810034104813,0
2025-08-24 13:00:00+07:00,74.0,5.5,56.0,/dl/web/weather/ic-weather-10d.svg,Hà Nội,-0.6808395274699012,0,-0.7945764804449891,0
2025-08-24 14:00:00+07:00,62.0,8.9,57.0,/dl/web/weather/ic-weather-10d.svg,Hà Nội,-0.9548797124406443,0,-0.27605085030719884,0
2025-08-24 15:00:00+07:00,53.0,9.8,79.0,/dl/web/weather/ic-weather-10d.svg,Hà Nội,-1.1604098511687018,0,-0.13879406585896018,0
2025-08-24 16:00:00+07:00,53.0,9.8,83.0,/dl/web/weather/ic-weather-10d.svg,Hà Nội,-1.1604098511687018,0,-0.13879406585896018,0
2025-08-24 17:00:00+07:00,62.0,7.3,72.0,/dl/web/weather/ic-weather-04d.svg,Hà Nội,-0.9548797124406443,0,-0.5200629115485119,0
2025-08-24 18:00:00+07:00,61.0,7.2,89.0,/dl/web/weather/ic-weather-04d.svg,Hà Nội,-0.9777163945215396,0,-0.5353136653760939,0
2025-08-24 19:00:00+07:00,57.0,8.2,85.0,/dl/web/weather/ic-weather-03n.svg,Hà Nội,-1.0690631228451206,0,-0.38280612710027345,0
2025-08-24 20:00:00+07:00,64.0,5.5,86.0,/dl/web/weather/ic-weather-04n.svg,Hà Nội,-0.9092063482788538,0,-0.7945764804449891,0
2025-08-24 21:00:00+07:00,66.0,4.4,83.0,/dl/web/weather/ic-weather-04n.svg,Hà Nội,-0.8635329841170633,0,-0.9623347725483917,0
2025-08-24 22:00:00+07:00,64.0,4.7,85.0,/dl/web/weather/ic-weather-04n.svg,Hà Nội,-0.9092063482788538,0,-0.9165825110656456,0
2025-08-24 23:00:00+07:00,58.0,6.3,88.0,/dl/web/weather/ic-weather-10n.svg,Hà Nội,-1.0462264407642254,0,-0.6725704498243326,0
2025-08-25 00:00:00+07:00,55.0,7.2,89.0,/dl/web/weather/ic-weather-10n.svg,Hà Nội,-1.1147364870069112,0,-0.5353136653760939,0
2025-08-25 01:00:00+07:00,56.0,6.6,87.0,/dl/web/weather/ic-weather-10n.svg,Hà Nội,-1.0918998049260158,0,-0.6268181883415864,0
2025-08-25 02:00:00+07:00,66.0,6.9,93.0,/dl/web/weather/ic-weather-10n.svg,Hà Nội,-0.8635329841170633,0,-0.5810659268588401,0
2025-08-25 03:00:00+07:00,66.0,8.2,88.0,/dl/web/weather/ic-weather-10n.svg,Hà Nội,-0.8635329841170633,0,-0.38280612710027345,0
2025-08-25 04:00:00+07:00,60.0,10.4,87.0,/dl/web/weather/ic-weather-10n.svg,Hà Nội,-1.0005530766024349,0,-0.04728954289346786,0
2025-08-25 05:00:00+07:00,56.0,10.0,89.0,/dl/web/weather/ic-weather-04n.svg,Hà Nội,-1.0918998049260158,0,-0.10829255820379617,0
2025-08-25 06:00:00+07:00,58.0,13.8,86.0,/dl/web/weather/ic-weather-10d.svg,Hà Nội,-1.0462264407642254,0,0.47123608724432237,0
2025-08-25 09:00:00+07:00,68.0,20.0,74.0,/dl/web/weather/ic-weather-10d.svg,Hà Nội,-0.8178596199552728,0,1.4167828245544103,0
2025-08-25 10:00:00+07:00,62.0,19.6,73.0,/dl/web/weather/ic-weather-10d.svg,Hà Nội,-0.9548797124406443,0,1.3557798092440823,0
2025-08-25 11:00:00+07:00,56.0,15.5,77.0,/dl/web/weather/ic-weather-10d.svg,Hà Nội,-1.0918998049260158,0,0.7304989023132173,0
2025-08-25 12:00:00+07:00,47.0,15.3,81.0,/dl/web/weather/ic-weather-10d.svg,Hà Nội,-1.2974299436540733,0,0.6999973946580533,0
2025-08-25 13:00:00+07:00,44.0,13.4,83.0,/dl/web/weather/ic-weather-10d.svg,Hà Nội,-1.365939989896759,0,0.41023307193399405,0
2025-08-25 14:00:00+07:00,50.0,17.0,88.0,/dl/web/weather/ic-weather-10d.svg,Hà Nội,-1.2289198974113875,0,0.9592602097269484,0
2025-08-25 15:00:00+07:00,47.0,18.2,88.0,/dl/web/weather/ic-weather-10d.svg,Hà Nội,-1.2974299436540733,0,1.142269255657933,0
2025-08-25 16:00:00+07:00,43.0,15.9,90.0,/dl/web/weather/ic-weather-10d.svg,Hà Nội,-1.3887766719776542,0,0.7915019176235457,0
2025-08-25 17:00:00+07:00,44.0,16.4,91.0,/dl/web/weather/ic-weather-10d.svg,Hà Nội,-1.365939989896759,0,0.8677556867614558,0
2025-08-25 18:00:00+07:00,42.0,16.0,91.0,/dl/web/weather/ic-weather-04d.svg,Hà Nội,-1.4116133540585496,0,0.8067526714511277,0
2025-08-25 19:00:00+07:00,53.0,14.0,91.0,/dl/web/weather/ic-weather-10n.svg,Hà Nội,-1.1604098511687018,0,0.5017375948994864,0
2025-08-25 20:00:00+07:00,39.0,15.3,93.0,/dl/web/weather/ic-weather-04n.svg,Hà Nội,-1.4801234003012353,0,0.6999973946580533,0
2025-08-25 21:00:00+07:00,39.0,17.2,92.0,/dl/web/weather/ic-weather-04n.svg,Hà Nội,-1.4801234003012353,0,0.9897617173821124,0
2025-08-25 22:00:00+07:00,39.0,16.5,91.0,/dl/web/weather/ic-weather-10n.svg,Hà Nội,-1.4801234003012353,0,0.883006440589038,0
2025-08-25 23:00:00+07:00,44.0,15.7,91.0,/dl/web/weather/ic-weather-10n.svg,Hà Nội,-1.365939989896759,0,0.7610004099683814,0
2025-08-26 00:00:00+07:00,43.0,14.7,90.0,/dl/web/weather/ic-weather-10n.svg,Hà Nội,-1.3887766719776542,0,0.6084928716925607,0
2025-08-26 01:00:00+07:00,33.0,26.5,92.0,/dl/web/weather/ic-weather-10n.svg,Hà Nội,-1.6171434927866069,0,2.4080818233472443,0
2025-08-26 02:00:00+07:00,28.0,16.3,96.0,/dl/web/weather/ic-weather-10n.svg,Hà Nội,-1.7313269031910832,0,0.852504932933874,0
2025-08-26 03:00:00+07:00,33.0,12.5,97.0,/dl/web/weather/ic-weather-04n.svg,Hà Nội,-1.6171434927866069,0,0.2729762874857554,0
2025-08-26 04:00:00+07:00,33.0,11.0,98.0,/dl/web/weather/ic-weather-10n.svg,Hà Nội,-1.6171434927866069,0,0.04421498007202447,0
2025-08-26 05:00:00+07:00,27.0,12.8,97.0,/dl/web/weather/ic-weather-10n.svg,Hà Nội,-1.7541635852719786,0,0.3187285489685017,0
2025-08-26 06:00:00+07:00,22.0,12.4,97.0,/dl/web/weather/ic-weather-10d.svg,Hà Nội,-1.8683469956764547,0,0.2577255336581734,0
2025-08-26 08:00:00+07:00,19.0,10.7,99.0,/dl/web/weather/ic-weather-10d.svg,Hà Nội,-1.9368570419191407,0,-0.0015372814107218265,0
2025-08-26 10:00:00+07:00,44.0,8.2,98.0,/dl/web/weather/ic-weather-10d.svg,Hà Nội,-1.365939989896759,0,-0.38280612710027345,0
2025-08-26 11:00:00+07:00,53.0,8.0,95.0,/dl/web/weather/ic-weather-10d.svg,Hà Nội,-1.1604098511687018,0,-0.41330763475543747,0
2025-08-26 12:00:00+07:00,50.0,10.1,95.0,/dl/web/weather/ic-weather-10d.svg,Hà Nội,-1.2289198974113875,0,-0.09304180437621416,0
2025-08-26 13:00:00+07:00,59.0,9.2,94.0,/dl/web/weather/ic-weather-10d.svg,Hà Nội,-1.02338975868333,0,-0.23029858882445278,0
2025-08-26 14:00:00+07:00,56.0,8.9,92.0,/dl/web/weather/ic-weather-10d.svg,Hà Nội,-1.0918998049260158,0,-0.27605085030719884,0
2025-08-26 15:00:00+07:00,53.0,8.7,91.0,/dl/web/weather/ic-weather-10d.svg,Hà Nội,-1.1604098511687018,0,-0.30655235796236313,0
2025-08-26 16:00:00+07:00,60.0,7.3,91.0,/dl/web/weather/ic-weather-10d.svg,Hà Nội,-1.0005530766024349,0,-0.5200629115485119,0
2025-08-26 17:00:00+07:00,67.0,6.5,91.0,/dl/web/weather/ic-weather-04d.svg,Hà Nội,-0.840696302036168,0,-0.6420689421691684,0
2025-08-26 18:00:00+07:00,68.0,5.5,92.0,/dl/web/weather/ic-weather-04d.svg,Hà Nội,-0.8178596199552728,0,-0.7945764804449891,0
2025-08-26 19:00:00+07:00,58.0,4.5,93.0,/dl/web/weather/ic-weather-10n.svg,Hà Nội,-1.0462264407642254,0,-0.9470840187208097,0
2025-08-26 20:00:00+07:00,44.0,4.1,93.0,/dl/web/weather/ic-weather-10n.svg,Hà Nội,-1.365939989896759,0,-1.008087034031138,0
2025-08-26 21:00:00+07:00,33.0,2.6,93.0,/dl/web/weather/ic-weather-10n.svg,Hà Nội,-1.6171434927866069,0,-1.236848341444869,0
2025-08-26 22:00:00+07:00,44.0,1.5,94.0,/dl/web/weather/ic-weather-10n.svg,Hà Nội,-1.365939989896759,0,-1.4046066335482716,0
2025-08-26 23:00:00+07:00,55.0,1.4,93.0,/dl/web/weather/ic-weather-10n.svg,Hà Nội,-1.1147364870069112,0,-1.4198573873758535,0
2025-08-27 00:00:00+07:00,59.0,1.2,94.0,/dl/web/weather/ic-weather-10n.svg,Hà Nội,-1.02338975868333,0,-1.450358895031018,0
2025-08-27 01:00:00+07:00,54.0,2.6,94.0,/dl/web/weather/ic-weather-04n.svg,Hà Nội,-1.1375731690878064,0,-1.236848341444869,0
2025-08-27 02:00:00+07:00,27.0,2.9,96.0,/dl/web/weather/ic-weather-10n.svg,Hà Nội,-1.7541635852719786,0,-1.1910960799621226,0
2025-08-27 03:00:00+07:00,33.0,4.5,95.0,/dl/web/weather/ic-weather-10n.svg,Hà Nội,-1.6171434927866069,0,-0.9470840187208097,0
2025-08-27 04:00:00+07:00,28.0,3.5,96.0,/dl/web/weather/ic-weather-10n.svg,Hà Nội,-1.7313269031910832,0,-1.0995915569966304,0
2025-08-27 05:00:00+07:00,44.0,4.0,96.0,/dl/web/weather/ic-weather-10n.svg,Hà Nội,-1.365939989896759,0,-1.02333778785872,0
2025-08-27 06:00:00+07:00,53.0,3.8,96.0,/dl/web/weather/ic-weather-10d.svg,Hà Nội,-1.1604098511687018,0,-1.0538392955138842,0
2025-08-27 08:00:00+07:00,50.0,2.2,94.0,/dl/web/weather/ic-weather-10d.svg,Hà Nội,-1.2289198974113875,0,-1.2978513567551972,0
2025-08-27 10:00:00+07:00,56.0,2.6,99.0,/dl/web/weather/ic-weather-10d.svg,Hà Nội,-1.0918998049260158,0,-1.236848341444869,0
2025-08-27 11:00:00+07:00,66.0,3.0,95.0,/dl/web/weather/ic-weather-10d.svg,Hà Nội,-0.8635329841170633,0,-1.1758453261345407,0
2025-08-27 12:00:00+07:00,55.0,4.8,93.0,/dl/web/weather/ic-weather-10d.svg,Hà Nội,-1.1147364870069112,0,-0.9013317572380636,0
2025-08-27 13:00:00+07:00,55.0,5.3,88.0,/dl/web/weather/ic-weather-04d.svg,Hà Nội,-1.1147364870069112,0,-0.8250779881001532,0
2025-08-27 14:00:00+07:00,62.0,5.7,83.0,/dl/web/weather/ic-weather-04d.svg,Hà Nội,-0.9548797124406443,0,-0.764074972789825,0
2025-08-27 15:00:00+07:00,64.0,5.4,79.0,/dl/web/weather/ic-weather-04d.svg,Hà Nội,-0.9092063482788538,0,-0.8098272342725711,0
2025-08-27 16:00:00+07:00,70.0,6.2,80.0,/dl/web/weather/ic-weather-04d.svg,Hà Nội,-0.7721862557934822,0,-0.6878212036519146,0
2025-08-27 17:00:00+07:00,74.0,5.7,87.0,/dl/web/weather/ic-weather-04d.svg,Hà Nội,-0.6808395274699012,0,-0.764074972789825,0
2025-08-27 18:00:00+07:00,73.0,5.1,91.0,/dl/web/weather/ic-weather-04d.svg,Hà Nội,-0.7036762095507965,0,-0.8555794957553173,0
2025-08-27 19:00:00+07:00,74.0,4.2,93.0,/dl/web/weather/ic-weather-04n.svg,Hà Nội,-0.6808395274699012,0,-0.9928362802035559,0
2025-08-27 20:00:00+07:00,84.0,4.0,93.0,/dl/web/weather/ic-weather-04n.svg,Hà Nội,-0.4524727066609486,0,-1.02333778785872,0
2025-08-27 21:00:00+07:00,96.0,3.7,93.0,/dl/web/weather/ic-weather-04n.svg,Hà Nội,-0.17843252169020543,0,-1.0690900493414661,0
2025-08-27 22:00:00+07:00,112.0,3.9,95.0,/dl/web/weather/ic-weather-04n.svg,Hà Nội,0.18695439160411875,0,-1.038588541686302,0
2025-08-27 23:00:00+07:00,129.0,3.0,95.0,/dl/web/weather/ic-weather-04n.svg,Hà Nội,0.5751779869793382,0,-1.1758453261345407,0
2025-08-28 00:00:00+07:00,153.0,2.1,95.0,/dl/web/weather/ic-weather-04n.svg,Hà Nội,1.1232583569208245,0,-1.3131021105827794,0
2025-08-28 01:00:00+07:00,155.0,1.2,95.0,/dl/web/weather/ic-weather-04n.svg,Hà Nội,1.1689317210826151,0,-1.450358895031018,0
2025-08-28 02:00:00+07:00,157.0,2.6,96.0,/dl/web/weather/ic-weather-04n.svg,Hà Nội,1.2146050852444055,0,-1.236848341444869,0
2025-08-28 03:00:00+07:00,160.0,2.7,97.0,/dl/web/weather/ic-weather-04n.svg,Hà Nội,1.2831151314870912,0,-1.2215975876172869,0
2025-08-28 04:00:00+07:00,161.0,2.1,96.0,/dl/web/weather/ic-weather-04n.svg,Hà Nội,1.3059518135679866,0,-1.3131021105827794,0
2025-08-28 05:00:00+07:00,164.0,2.7,96.0,/dl/web/weather/ic-weather-04n.svg,Hà Nội,1.3744618598106724,0,-1.2215975876172869,0
2025-08-28 06:00:00+07:00,165.0,3.0,97.0,/dl/web/weather/ic-weather-04d.svg,Hà Nội,1.3972985418915675,0,-1.1758453261345407,0
2025-08-28 08:00:00+07:00,162.0,5.4,87.0,/dl/web/weather/ic-weather-03d.svg,Hà Nội,1.3287884956488818,0,-0.8098272342725711,0
2025-08-28 11:00:00+07:00,139.0,3.4,66.0,/dl/web/weather/ic-weather-04d.svg,Hà Nội,0.8035448077882908,0,-1.1148423108242123,0
2025-08-28 12:00:00+07:00,124.0,3.7,63.0,/dl/web/weather/ic-weather-04d.svg,Hà Nội,0.4609945765748619,0,-1.0690900493414661,0
2025-08-28 13:00:00+07:00,96.0,6.0,63.0,/dl/web/weather/ic-weather-04d.svg,Hà Nội,-0.17843252169020543,0,-0.7183227113070787,0
2025-08-28 14:00:00+07:00,94.0,5.9,57.0,/dl/web/weather/ic-weather-04d.svg,Hà Nội,-0.22410588585199595,0,-0.7335734651346607,0
2025-08-28 15:00:00+07:00,96.0,7.1,57.0,/dl/web/weather/ic-weather-04d.svg,Hà Nội,-0.17843252169020543,0,-0.550564419203676,0
2025-08-28 16:00:00+07:00,86.0,8.3,67.0,/dl/web/weather/ic-weather-04d.svg,Hà Nội,-0.40679934249915806,0,-0.36755537327269117,0
2025-08-28 17:00:00+07:00,81.0,9.4,70.0,/dl/web/weather/ic-weather-04d.svg,Hà Nội,-0.5209827529036344,0,-0.1997970811692885,0
2025-08-28 18:00:00+07:00,93.0,8.1,78.0,/dl/web/weather/ic-weather-04d.svg,Hà Nội,-0.2469425679328912,0,-0.39805688092785546,0
2025-08-28 19:00:00+07:00,105.0,7.3,83.0,/dl/web/weather/ic-weather-04n.svg,Hà Nội,0.027097617037851927,0,-0.5200629115485119,0
2025-08-28 20:00:00+07:00,77.0,6.7,85.0,/dl/web/weather/ic-weather-01n.svg,Hà Nội,-0.6123294812272154,0,-0.6115674345140043,0
2025-08-28 21:00:00+07:00,94.0,9.8,86.0,/dl/web/weather/ic-weather-01n.svg,Hà Nội,-0.22410588585199595,0,-0.13879406585896018,0
2025-08-28 22:00:00+07:00,110.0,5.4,90.0,/dl/web/weather/ic-weather-01n.svg,Hà Nội,0.14128102744232823,0,-0.8098272342725711,0
2025-08-28 23:00:00+07:00,91.0,4.9,90.0,/dl/web/weather/ic-weather-01n.svg,Hà Nội,-0.29261593209468173,0,-0.8860810034104813,0
2025-08-29 00:00:00+07:00,102.0,2.8,89.0,/dl/web/weather/ic-weather-01n.svg,Hà Nội,-0.04141242920483386,0,-1.2063468337897048,0
2025-08-29 01:00:00+07:00,110.0,2.1,90.0,/dl/web/weather/ic-weather-03n.svg,Hà Nội,0.14128102744232823,0,-1.3131021105827794,0
2025-08-29 02:00:00+07:00,132.0,2.8,90.0,/dl/web/weather/ic-weather-03n.svg,Hà Nội,0.643688033222024,0,-1.2063468337897048,0
2025-08-29 03:00:00+07:00,138.0,3.5,91.0,/dl/web/weather/ic-weather-04n.svg,Hà Nội,0.7807081257073956,0,-1.0995915569966304,0
2025-08-29 04:00:00+07:00,140.0,4.0,92.0,/dl/web/weather/ic-weather-04n.svg,Hà Nội,0.8263814898691861,0,-1.02333778785872,0
2025-08-29 05:00:00+07:00,129.0,4.2,93.0,/dl/web/weather/ic-weather-04n.svg,Hà Nội,0.5751779869793382,0,-0.9928362802035559,0
2025-08-29 06:00:00+07:00,133.0,4.8,93.0,/dl/web/weather/ic-weather-04d.svg,Hà Nội,0.6665247153029192,0,-0.9013317572380636,0
2025-08-29 08:00:00+07:00,153.0,6.8,82.0,/dl/web/weather/ic-weather-10d.svg,Hà Nội,1.1232583569208245,0,-0.5963166806864223,0
2025-08-29 10:00:00+07:00,146.0,7.0,70.0,/dl/web/weather/ic-weather-03d.svg,Hà Nội,0.9634015823545576,0,-0.5658151730312581,0
2025-08-29 11:00:00+07:00,119.0,7.1,68.0,/dl/web/weather/ic-weather-10d.svg,Hà Nội,0.3468111661703856,0,-0.550564419203676,0
2025-08-29 12:00:00+07:00,93.0,5.9,65.0,/dl/web/weather/ic-weather-10d.svg,Hà Nội,-0.2469425679328912,0,-0.7335734651346607,0
2025-08-29 13:00:00+07:00,71.0,9.4,67.0,/dl/web/weather/ic-weather-10d.svg,Hà Nội,-0.7493495737125869,0,-0.1997970811692885,0
2025-08-29 14:00:00+07:00,61.0,11.0,68.0,/dl/web/weather/ic-weather-10d.svg,Hà Nội,-0.9777163945215396,0,0.04421498007202447,0
2025-08-29 15:00:00+07:00,55.0,12.6,92.0,/dl/web/weather/ic-weather-10d.svg,Hà Nội,-1.1147364870069112,0,0.28822704131333743,0
2025-08-29 16:00:00+07:00,53.0,10.2,91.0,/dl/web/weather/ic-weather-10d.svg,Hà Nội,-1.1604098511687018,0,-0.07779105054863214,0
2025-08-29 17:00:00+07:00,62.0,4.7,87.0,/dl/web/weather/ic-weather-04d.svg,Hà Nội,-0.9548797124406443,0,-0.9165825110656456,0
2025-08-29 18:00:00+07:00,69.0,3.6,90.0,/dl/web/weather/ic-weather-10d.svg,Hà Nội,-0.7950229378743775,0,-1.0843408031690482,0
2025-08-29 19:00:00+07:00,69.0,6.9,88.0,/dl/web/weather/ic-weather-04n.svg,Hà Nội,-0.7950229378743775,0,-0.5810659268588401,0
2025-08-29 20:00:00+07:00,75.0,5.7,89.0,/dl/web/weather/ic-weather-04n.svg,Hà Nội,-0.6580028453890059,0,-0.764074972789825,0
2025-08-29 21:00:00+07:00,83.0,5.4,90.0,/dl/web/weather/ic-weather-04n.svg,Hà Nội,-0.4753093887418438,0,-0.8098272342725711,0
2025-08-29 22:00:00+07:00,92.0,5.3,91.0,/dl/web/weather/ic-weather-04n.svg,Hà Nội,-0.2697792500137865,0,-0.8250779881001532,0
2025-08-29 23:00:00+07:00,97.0,5.3,90.0,/dl/web/weather/ic-weather-10n.svg,Hà Nội,-0.15559583960931017,0,-0.8250779881001532,0
2025-08-30 00:00:00+07:00,84.0,4.2,91.0,/dl/web/weather/ic-weather-10n.svg,Hà Nội,-0.4524727066609486,0,-0.9928362802035559,0
2025-08-30 01:00:00+07:00,66.0,5.9,92.0,/dl/web/weather/ic-weather-10n.svg,Hà Nội,-0.8635329841170633,0,-0.7335734651346607,0
2025-08-30 02:00:00+07:00,60.0,4.9,94.0,/dl/web/weather/ic-weather-04n.svg,Hà Nội,-1.0005530766024349,0,-0.8860810034104813,0
2025-08-30 03:00:00+07:00,56.0,7.3,94.0,/dl/web/weather/ic-weather-04n.svg,Hà Nội,-1.0918998049260158,0,-0.5200629115485119,0
2025-08-30 04:00:00+07:00,58.0,7.8,94.0,/dl/web/weather/ic-weather-10n.svg,Hà Nội,-1.0462264407642254,0,-0.4438091424106016,0
2025-08-30 05:00:00+07:00,56.0,7.8,94.0,/dl/web/weather/ic-weather-10n.svg,Hà Nội,-1.0918998049260158,0,-0.4438091424106016,0
2025-08-30 06:00:00+07:00,55.0,8.4,94.0,/dl/web/weather/ic-weather-04d.svg,Hà Nội,-1.1147364870069112,0,-0.35230461944510916,0
2025-08-30 08:00:00+07:00,60.0,7.7,89.0,/dl/web/weather/ic-weather-04d.svg,Hà Nội,-1.0005530766024349,0,-0.4590598962381836,0
2025-08-30 10:00:00+07:00,63.0,10.85,77.0,/dl/web/weather/ic-weather-04d.svg,Hà Nội,-0.9320430303597491,0,0.021338849330651322,0
2025-08-30 11:00:00+07:00,64.0,10.5,67.0,/dl/web/weather/ic-weather-04d.svg,Hà Nội,-0.9092063482788538,0,-0.03203878906588584,0
2025-08-30 12:00:00+07:00,64.0,10.2,66.0,/dl/web/weather/ic-weather-10d.svg,Hà Nội,-0.9092063482788538,0,-0.07779105054863214,0
2025-08-30 13:00:00+07:00,62.0,10.0,68.0,/dl/web/weather/ic-weather-04d.svg,Hà Nội,-0.9548797124406443,0,-0.10829255820379617,0
2025-08-30 14:00:00+07:00,56.0,7.4,82.0,/dl/web/weather/ic-weather-04d.svg,Hà Nội,-1.0918998049260158,0,-0.5048121577209298,0
2025-08-30 15:00:00+07:00,54.0,7.7,84.0,/dl/web/weather/ic-weather-04d.svg,Hà Nội,-1.1375731690878064,0,-0.4590598962381836,0
2025-08-30 16:00:00+07:00,55.0,6.8,84.0,/dl/web/weather/ic-weather-04d.svg,Hà Nội,-1.1147364870069112,0,-0.5963166806864223,0
2025-08-30 17:00:00+07:00,55.0,6.6,86.0,/dl/web/weather/ic-weather-04d.svg,Hà Nội,-1.1147364870069112,0,-0.6268181883415864,0
2025-08-30 18:00:00+07:00,59.0,6.2,87.0,/dl/web/weather/ic-weather-10d.svg,Hà Nội,-1.02338975868333,0,-0.6878212036519146,0
2025-08-30 19:00:00+07:00,52.0,7.4,87.0,/dl/web/weather/ic-weather-04n.svg,Hà Nội,-1.183246533249597,0,-0.5048121577209298,0
2025-08-30 20:00:00+07:00,22.0,5.9,87.0,/dl/web/weather/ic-weather-04n.svg,Hà Nội,-1.8683469956764547,0,-0.7335734651346607,0
2025-08-30 21:00:00+07:00,27.0,5.5,86.0,/dl/web/weather/ic-weather-04n.svg,Hà Nội,-1.7541635852719786,0,-0.7945764804449891,0
2025-08-30 22:00:00+07:00,33.0,4.7,89.0,/dl/web/weather/ic-weather-04n.svg,Hà Nội,-1.6171434927866069,0,-0.9165825110656456,0
2025-08-30 23:00:00+07:00,42.0,4.5,91.0,/dl/web/weather/ic-weather-04n.svg,Hà Nội,-1.4116133540585496,0,-0.9470840187208097,0
2025-08-31 00:00:00+07:00,53.0,5.7,95.0,/dl/web/weather/ic-weather-04n.svg,Hà Nội,-1.1604098511687018,0,-0.764074972789825,0
2025-08-31 01:00:00+07:00,55.0,4.8,95.0,/dl/web/weather/ic-weather-04n.svg,Hà Nội,-1.1147364870069112,0,-0.9013317572380636,0
2025-08-31 02:00:00+07:00,60.0,5.1,96.0,/dl/web/weather/ic-weather-04n.svg,Hà Nội,-1.0005530766024349,0,-0.8555794957553173,0
2025-08-31 03:00:00+07:00,62.0,5.3,97.0,/dl/web/weather/ic-weather-04n.svg,Hà Nội,-0.9548797124406443,0,-0.8250779881001532,0
2025-08-31 04:00:00+07:00,75.0,4.9,96.0,/dl/web/weather/ic-weather-04n.svg,Hà Nội,-0.6580028453890059,0,-0.8860810034104813,0
2025-08-31 05:00:00+07:00,84.0,3.9,96.0,/dl/web/weather/ic-weather-04n.svg,Hà Nội,-0.4524727066609486,0,-1.038588541686302,0
2025-08-31 06:00:00+07:00,81.0,4.0,96.0,/dl/web/weather/ic-weather-04d.svg,Hà Nội,-0.5209827529036344,0,-1.02333778785872,0
2025-08-31 09:00:00+07:00,88.0,5.2,89.0,/dl/web/weather/ic-weather-04d.svg,Hà Nội,-0.36112597833736754,0,-0.8403287419277352,0
2025-08-31 10:00:00+07:00,54.0,4.6,80.0,/dl/web/weather/ic-weather-04d.svg,Hà Nội,-1.1375731690878064,0,-0.9318332648932277,0
2025-08-31 11:00:00+07:00,56.0,4.2,74.0,/dl/web/weather/ic-weather-04d.svg,Hà Nội,-1.0918998049260158,0,-0.9928362802035559,0
2025-08-31 12:00:00+07:00,58.0,3.9,70.0,/dl/web/weather/ic-weather-04d.svg,Hà Nội,-1.0462264407642254,0,-1.038588541686302,0
2025-08-31 13:00:00+07:00,50.0,5.3,72.0,/dl/web/weather/ic-weather-04d.svg,Hà Nội,-1.2289198974113875,0,-0.8250779881001532,0
2025-08-31 14:00:00+07:00,50.0,5.4,75.0,/dl/web/weather/ic-weather-04d.svg,Hà Nội,-1.2289198974113875,0,-0.8098272342725711,0
2025-08-31 15:00:00+07:00,44.0,6.0,75.0,/dl/web/weather/ic-weather-04d.svg,Hà Nội,-1.365939989896759,0,-0.7183227113070787,0
2025-08-31 16:00:00+07:00,55.0,6.5,75.0,/dl/web/weather/ic-weather-04d.svg,Hà Nội,-1.1147364870069112,0,-0.6420689421691684,0
2025-08-31 17:00:00+07:00,57.0,5.6,80.0,/dl/web/weather/ic-weather-10d.svg,Hà Nội,-1.0690631228451206,0,-0.7793257266174071,0
2025-08-31 18:00:00+07:00,55.0,5.6,84.0,/dl/web/weather/ic-weather-10d.svg,Hà Nội,-1.1147364870069112,0,-0.7793257266174071,0
2025-08-31 19:00:00+07:00,55.0,4.9,88.0,/dl/web/weather/ic-weather-04n.svg,Hà Nội,-1.1147364870069112,0,-0.8860810034104813,0
2025-08-31 20:00:00+07:00,56.0,5.3,89.0,/dl/web/weather/ic-weather-04n.svg,Hà Nội,-1.0918998049260158,0,-0.8250779881001532,0
2025-08-31 21:00:00+07:00,55.0,4.7,90.0,/dl/web/weather/ic-weather-04n.svg,Hà Nội,-1.1147364870069112,0,-0.9165825110656456,0
2025-08-31 22:00:00+07:00,57.0,4.0,90.0,/dl/web/weather/ic-weather-04n.svg,Hà Nội,-1.0690631228451206,0,-1.02333778785872,0
2025-08-31 23:00:00+07:00,62.0,3.6,91.0,/dl/web/weather/ic-weather-04n.svg,Hà Nội,-0.9548797124406443,0,-1.0843408031690482,0
2025-09-01 00:00:00+07:00,71.0,2.9,90.0,/dl/web/weather/ic-weather-04n.svg,Hà Nội,-0.7493495737125869,0,-1.1910960799621226,0
2025-09-01 01:00:00+07:00,90.0,3.6,91.0,/dl/web/weather/ic-weather-04n.svg,Hà Nội,-0.315452614175577,0,-1.0843408031690482,0
2025-09-01 02:00:00+07:00,99.0,3.6,90.0,/dl/web/weather/ic-weather-01n.svg,Hà Nội,-0.10992247544751964,0,-1.0843408031690482,0
2025-09-01 03:00:00+07:00,110.0,3.5,90.0,/dl/web/weather/ic-weather-01n.svg,Hà Nội,0.14128102744232823,0,-1.0995915569966304,0
2025-09-01 04:00:00+07:00,119.0,3.6,91.0,/dl/web/weather/ic-weather-01n.svg,Hà Nội,0.3468111661703856,0,-1.0843408031690482,0
2025-09-01 05:00:00+07:00,127.0,4.1,92.0,/dl/web/weather/ic-weather-02n.svg,Hà Nội,0.5295046228175477,0,-1.008087034031138,0
2025-09-01 06:00:00+07:00,131.0,4.4,93.0,/dl/web/weather/ic-weather-02d.svg,Hà Nội,0.6208513511411288,0,-0.9623347725483917,0
2025-09-01 09:00:00+07:00,142.0,3.9,83.0,/dl/web/weather/ic-weather-10d.svg,Hà Nội,0.8720548540309766,0,-1.038588541686302,0
2025-09-01 10:00:00+07:00,152.0,3.6,77.0,/dl/web/weather/ic-weather-10d.svg,Hà Nội,1.1004216748399291,0,-1.0843408031690482,0
2025-09-01 11:00:00+07:00,156.0,4.0,72.0,/dl/web/weather/ic-weather-04d.svg,Hà Nội,1.1917684031635103,0,-1.02333778785872,0
2025-09-01 12:00:00+07:00,151.0,1.4,65.0,/dl/web/weather/ic-weather-04d.svg,Hà Nội,1.077584992759034,0,-1.4198573873758535,0
2025-09-01 13:00:00+07:00,117.0,2.2,65.0,/dl/web/weather/ic-weather-04d.svg,Hà Nội,0.3011378020085951,0,-1.2978513567551972,0
2025-09-01 14:00:00+07:00,105.0,4.5,66.0,/dl/web/weather/ic-weather-04d.svg,Hà Nội,0.027097617037851927,0,-0.9470840187208097,0
2025-09-01 15:00:00+07:00,82.0,4.8,68.0,/dl/web/weather/ic-weather-04d.svg,Hà Nội,-0.4981460708227391,0,-0.9013317572380636,0
2025-09-01 16:00:00+07:00,71.0,4.5,73.0,/dl/web/weather/ic-weather-04d.svg,Hà Nội,-0.7493495737125869,0,-0.9470840187208097,0
2025-09-01 17:00:00+07:00,68.0,7.5,79.0,/dl/web/weather/ic-weather-04d.svg,Hà Nội,-0.8178596199552728,0,-0.4895614038933478,0
2025-09-01 18:00:00+07:00,79.0,4.8,84.0,/dl/web/weather/ic-weather-10d.svg,Hà Nội,-0.5666561170654248,0,-0.9013317572380636,0
2025-09-01 19:00:00+07:00,90.0,5.5,89.0,/dl/web/weather/ic-weather-10n.svg,Hà Nội,-0.315452614175577,0,-0.7945764804449891,0
2025-09-01 20:00:00+07:00,94.0,6.0,92.0,/dl/web/weather/ic-weather-04n.svg,Hà Nội,-0.22410588585199595,0,-0.7183227113070787,0
2025-09-01 21:00:00+07:00,99.0,5.5,91.0,/dl/web/weather/ic-weather-04n.svg,Hà Nội,-0.10992247544751964,0,-0.7945764804449891,0
2025-09-01 22:00:00+07:00,104.0,5.1,93.0,/dl/web/weather/ic-weather-04n.svg,Hà Nội,0.004260934956956666,0,-0.8555794957553173,0
2025-09-01 23:00:00+07:00,105.0,4.4,94.0,/dl/web/weather/ic-weather-04n.svg,Hà Nội,0.027097617037851927,0,-0.9623347725483917,0
2025-09-02 00:00:00+07:00,94.0,3.9,94.0,/dl/web/weather/ic-weather-04n.svg,Hà Nội,-0.22410588585199595,0,-1.038588541686302,0
2025-09-02 01:00:00+07:00,69.0,4.0,93.0,/dl/web/weather/ic-weather-04n.svg,Hà Nội,-0.7950229378743775,0,-1.02333778785872,0
2025-09-02 02:00:00+07:00,60.0,3.3,93.0,/dl/web/weather/ic-weather-02n.svg,Hà Nội,-1.0005530766024349,0,-1.1300930646517944,0
2025-09-02 03:00:00+07:00,73.0,2.0,93.0,/dl/web/weather/ic-weather-03n.svg,Hà Nội,-0.7036762095507965,0,-1.3283528644103613,0
2025-09-02 04:00:00+07:00,93.0,1.3,93.0,/dl/web/weather/ic-weather-04n.svg,Hà Nội,-0.2469425679328912,0,-1.4351081412034357,0
2025-09-02 05:00:00+07:00,96.0,1.9,93.0,/dl/web/weather/ic-weather-04n.svg,Hà Nội,-0.17843252169020543,0,-1.3436036182379434,0
2025-09-02 06:00:00+07:00,99.0,1.8,94.0,/dl/web/weather/ic-weather-04d.svg,Hà Nội,-0.10992247544751964,0,-1.3588543720655253,0
2025-09-02 08:00:00+07:00,137.0,3.1,83.0,/dl/web/weather/ic-weather-04d.svg,Hà Nội,0.7578714436265003,0,-1.1605945723069586,0
2025-09-02 10:00:00+07:00,86.0,2.1,68.0,/dl/web/weather/ic-weather-04d.svg,Hà Nội,-0.40679934249915806,0,-1.3131021105827794,0
2025-09-02 11:00:00+07:00,81.0,1.7,63.0,/dl/web/weather/ic-weather-04d.svg,Hà Nội,-0.5209827529036344,0,-1.3741051258931076,0
2025-09-02 12:00:00+07:00,71.0,0.9,68.0,/dl/web/weather/ic-weather-04d.svg,Hà Nội,-0.7493495737125869,0,-1.496111156513764,0
2025-09-02 13:00:00+07:00,79.0,3.2,63.0,/dl/web/weather/ic-weather-04d.svg,Hà Nội,-0.5666561170654248,0,-1.1453438184793765,0
2025-09-02 14:00:00+07:00,79.0,4.0,59.0,/dl/web/weather/ic-weather-04d.svg,Hà Nội,-0.5666561170654248,0,-1.02333778785872,0
2025-09-02 15:00:00+07:00,79.0,5.2,60.0,/dl/web/weather/ic-weather-04d.svg,Hà Nội,-0.5666561170654248,0,-0.8403287419277352,0
2025-09-02 16:00:00+07:00,79.0,6.2,70.0,/dl/web/weather/ic-weather-04d.svg,Hà Nội,-0.5666561170654248,0,-0.6878212036519146,0
2025-09-02 17:00:00+07:00,79.0,7.2,71.0,/dl/web/weather/ic-weather-04d.svg,Hà Nội,-0.5666561170654248,0,-0.5353136653760939,0
2025-09-02 18:00:00+07:00,79.0,7.5,76.0,/dl/web/weather/ic-weather-04d.svg,Hà Nội,-0.5666561170654248,0,-0.4895614038933478,0
2025-09-02 19:00:00+07:00,98.0,8.6,81.0,/dl/web/weather/ic-weather-04n.svg,Hà Nội,-0.1327591575284149,0,-0.32180311178994514,0
2025-09-02 20:00:00+07:00,98.0,9.1,83.0,/dl/web/weather/ic-weather-02n.svg,Hà Nội,-0.1327591575284149,0,-0.2455493426520348,0
2025-09-02 21:00:00+07:00,88.0,8.3,84.0,/dl/web/weather/ic-weather-02n.svg,Hà Nội,-0.36112597833736754,0,-0.36755537327269117,0
2025-09-02 22:00:00+07:00,74.0,7.3,86.0,/dl/web/weather/ic-weather-03n.svg,Hà Nội,-0.6808395274699012,0,-0.5200629115485119,0
2025-09-02 23:00:00+07:00,86.0,6.6,88.0,/dl/web/weather/ic-weather-03n.svg,Hà Nội,-0.40679934249915806,0,-0.6268181883415864,0
2025-09-03 00:00:00+07:00,74.0,6.0,88.0,/dl/web/weather/ic-weather-03n.svg,Hà Nội,-0.6808395274699012,0,-0.7183227113070787,0
2025-09-03 01:00:00+07:00,75.0,5.4,88.0,/dl/web/weather/ic-weather-03n.svg,Hà Nội,-0.6580028453890059,0,-0.8098272342725711,0
2025-09-03 02:00:00+07:00,68.0,5.1,88.0,/dl/web/weather/ic-weather-04n.svg,Hà Nội,-0.8178596199552728,0,-0.8555794957553173,0
2025-09-03 03:00:00+07:00,69.0,4.7,88.0,/dl/web/weather/ic-weather-04n.svg,Hà Nội,-0.7950229378743775,0,-0.9165825110656456,0
2025-09-03 04:00:00+07:00,72.0,4.4,88.0,/dl/web/weather/ic-weather-03n.svg,Hà Nội,-0.7265128916316917,0,-0.9623347725483917,0
2025-09-03 05:00:00+07:00,81.0,6.6,89.0,/dl/web/weather/ic-weather-03n.svg,Hà Nội,-0.5209827529036344,0,-0.6268181883415864,0
2025-09-03 06:00:00+07:00,96.0,3.6,90.0,/dl/web/weather/ic-weather-03d.svg,Hà Nội,-0.17843252169020543,0,-1.0843408031690482,0
2025-09-03 08:00:00+07:00,105.0,3.2,76.0,/dl/web/weather/ic-weather-04d.svg,Hà Nội,0.027097617037851927,0,-1.1453438184793765,0
2025-09-03 09:00:00+07:00,102.0,3.5,71.0,/dl/web/weather/ic-weather-03d.svg,Hà Nội,-0.04141242920483386,0,-1.0995915569966304,0
2025-09-03 10:00:00+07:00,90.0,3.9,63.0,/dl/web/weather/ic-weather-03d.svg,Hà Nội,-0.315452614175577,0,-1.038588541686302,0
2025-09-03 11:00:00+07:00,75.0,4.7,65.0,/dl/web/weather/ic-weather-02d.svg,Hà Nội,-0.6580028453890059,0,-0.9165825110656456,0
2025-09-03 12:00:00+07:00,68.0,4.8,62.0,/dl/web/weather/ic-weather-03d.svg,Hà Nội,-0.8178596199552728,0,-0.9013317572380636,0
2025-09-03 13:00:00+07:00,61.0,3.7,53.0,/dl/web/weather/ic-weather-03d.svg,Hà Nội,-0.9777163945215396,0,-1.0690900493414661,0
2025-09-03 14:00:00+07:00,47.0,4.2,56.0,/dl/web/weather/ic-weather-04d.svg,Hà Nội,-1.2974299436540733,0,-0.9928362802035559,0
2025-09-03 15:00:00+07:00,43.0,6.1,61.0,/dl/web/weather/ic-weather-04d.svg,Hà Nội,-1.3887766719776542,0,-0.7030719574794967,0
2025-09-03 16:00:00+07:00,44.0,6.9,69.0,/dl/web/weather/ic-weather-04d.svg,Hà Nội,-1.365939989896759,0,-0.5810659268588401,0
2025-09-03 17:00:00+07:00,49.0,7.9,72.0,/dl/web/weather/ic-weather-04d.svg,Hà Nội,-1.2517565794922827,0,-0.4285583885830195,0
2025-09-03 18:00:00+07:00,69.0,8.7,76.0,/dl/web/weather/ic-weather-04d.svg,Hà Nội,-0.7950229378743775,0,-0.30655235796236313,0
2025-09-03 19:00:00+07:00,69.0,8.0,78.0,/dl/web/weather/ic-weather-04n.svg,Hà Nội,-0.7950229378743775,0,-0.41330763475543747,0
2025-09-03 20:00:00+07:00,68.0,7.8,81.0,/dl/web/weather/ic-weather-02n.svg,Hà Nội,-0.8178596199552728,0,-0.4438091424106016,0
2025-09-03 21:00:00+07:00,69.0,7.3,83.0,/dl/web/weather/ic-weather-01n.svg,Hà Nội,-0.7950229378743775,0,-0.5200629115485119,0
2025-09-03 22:00:00+07:00,69.0,7.4,84.0,/dl/web/weather/ic-weather-01n.svg,Hà Nội,-0.7950229378743775,0,-0.5048121577209298,0
2025-09-03 23:00:00+07:00,55.0,6.8,87.0,/dl/web/weather/ic-weather-01n.svg,Hà Nội,-1.1147364870069112,0,-0.5963166806864223,0
2025-09-04 00:00:00+07:00,60.0,6.5,88.0,/dl/web/weather/ic-weather-01n.svg,Hà Nội,-1.0005530766024349,0,-0.6420689421691684,0
2025-09-04 01:00:00+07:00,57.0,6.4,88.0,/dl/web/weather/ic-weather-01n.svg,Hà Nội,-1.0690631228451206,0,-0.6573196959967504,0
2025-09-04 02:00:00+07:00,56.0,6.2,90.0,/dl/web/weather/ic-weather-02n.svg,Hà Nội,-1.0918998049260158,0,-0.6878212036519146,0
2025-09-04 03:00:00+07:00,58.0,5.8,89.0,/dl/web/weather/ic-weather-03n.svg,Hà Nội,-1.0462264407642254,0,-0.7488242189622429,0
2025-09-04 04:00:00+07:00,66.0,5.5,91.0,/dl/web/weather/ic-weather-03n.svg,Hà Nội,-0.8635329841170633,0,-0.7945764804449891,0
2025-09-04 05:00:00+07:00,67.0,4.9,92.0,/dl/web/weather/ic-weather-03n.svg,Hà Nội,-0.840696302036168,0,-0.8860810034104813,0
2025-09-04 06:00:00+07:00,73.0,4.0,92.0,/dl/web/weather/ic-weather-03d.svg,Hà Nội,-0.7036762095507965,0,-1.02333778785872,0
2025-09-04 08:00:00+07:00,64.0,5.5,78.0,/dl/web/weather/ic-weather-01d.svg,Hà Nội,-0.9092063482788538,0,-0.7945764804449891,0
2025-09-04 09:00:00+07:00,56.0,6.4,70.0,/dl/web/weather/ic-weather-01d.svg,Hà Nội,-1.0918998049260158,0,-0.6573196959967504,0
2025-09-04 10:00:00+07:00,50.0,6.3,63.0,/dl/web/weather/ic-weather-01d.svg,Hà Nội,-1.2289198974113875,0,-0.6725704498243326,0
2025-09-04 11:00:00+07:00,52.0,5.8,59.0,/dl/web/weather/ic-weather-01d.svg,Hà Nội,-1.183246533249597,0,-0.7488242189622429,0
2025-09-04 12:00:00+07:00,56.0,5.6,59.0,/dl/web/weather/ic-weather-01d.svg,Hà Nội,-1.0918998049260158,0,-0.7793257266174071,0
2025-09-04 13:00:00+07:00,59.0,6.2,55.0,/dl/web/weather/ic-weather-02d.svg,Hà Nội,-1.02338975868333,0,-0.6878212036519146,0
2025-09-04 14:00:00+07:00,56.0,5.6,58.0,/dl/web/weather/ic-weather-04d.svg,Hà Nội,-1.0918998049260158,0,-0.7793257266174071,0
2025-09-04 15:00:00+07:00,55.0,10.2,52.0,/dl/web/weather/ic-weather-04d.svg,Hà Nội,-1.1147364870069112,0,-0.07779105054863214,0
2025-09-04 16:00:00+07:00,56.0,7.0,56.0,/dl/web/weather/ic-weather-04d.svg,Hà Nội,-1.0918998049260158,0,-0.5658151730312581,0
2025-09-04 17:00:00+07:00,55.0,7.3,63.0,/dl/web/weather/ic-weather-03d.svg,Hà Nội,-1.1147364870069112,0,-0.5200629115485119,0
2025-09-04 18:00:00+07:00,66.0,9.4,73.0,/dl/web/weather/ic-weather-03d.svg,Hà Nội,-0.8635329841170633,0,-0.1997970811692885,0
2025-09-04 19:00:00+07:00,82.0,9.2,76.0,/dl/web/weather/ic-weather-03n.svg,Hà Nội,-0.4981460708227391,0,-0.23029858882445278,0
2025-09-04 20:00:00+07:00,90.0,8.5,77.0,/dl/web/weather/ic-weather-01n.svg,Hà Nội,-0.315452614175577,0,-0.33705386561752715,0
2025-09-04 21:00:00+07:00,84.0,7.8,80.0,/dl/web/weather/ic-weather-01n.svg,Hà Nội,-0.4524727066609486,0,-0.4438091424106016,0
2025-09-04 22:00:00+07:00,79.0,7.8,81.0,/dl/web/weather/ic-weather-01n.svg,Hà Nội,-0.5666561170654248,0,-0.4438091424106016,0
2025-09-04 23:00:00+07:00,79.0,7.4,82.0,/dl/web/weather/ic-weather-01n.svg,Hà Nội,-0.5666561170654248,0,-0.5048121577209298,0
2025-09-05 00:00:00+07:00,71.0,7.2,83.0,/dl/web/weather/ic-weather-01n.svg,Hà Nội,-0.7493495737125869,0,-0.5353136653760939,0
2025-09-05 01:00:00+07:00,72.0,6.9,86.0,/dl/web/weather/ic-weather-01n.svg,Hà Nội,-0.7265128916316917,0,-0.5810659268588401,0
2025-09-05 02:00:00+07:00,73.0,6.5,87.0,/dl/web/weather/ic-weather-02n.svg,Hà Nội,-0.7036762095507965,0,-0.6420689421691684,0
2025-09-05 03:00:00+07:00,70.0,5.8,88.0,/dl/web/weather/ic-weather-03n.svg,Hà Nội,-0.7721862557934822,0,-0.7488242189622429,0
2025-09-05 04:00:00+07:00,77.0,4.8,89.0,/dl/web/weather/ic-weather-04n.svg,Hà Nội,-0.6123294812272154,0,-0.9013317572380636,0
2025-09-05 05:00:00+07:00,77.0,6.4,90.0,/dl/web/weather/ic-weather-04n.svg,Hà Nội,-0.6123294812272154,0,-0.6573196959967504,0
2025-09-05 06:00:00+07:00,77.0,4.0,91.0,/dl/web/weather/ic-weather-04d.svg,Hà Nội,-0.6123294812272154,0,-1.02333778785872,0
2025-09-05 08:00:00+07:00,78.0,4.6,79.0,/dl/web/weather/ic-weather-04d.svg,Hà Nội,-0.5894927991463201,0,-0.9318332648932277,0
2025-09-05 10:00:00+07:00,68.0,4.5,71.0,/dl/web/weather/ic-weather-04d.svg,Hà Nội,-0.8178596199552728,0,-0.9470840187208097,0
2025-09-05 11:00:00+07:00,55.0,4.5,59.0,/dl/web/weather/ic-weather-04d.svg,Hà Nội,-1.1147364870069112,0,-0.9470840187208097,0
2025-09-05 12:00:00+07:00,58.0,4.5,56.0,/dl/web/weather/ic-weather-04d.svg,Hà Nội,-1.0462264407642254,0,-0.9470840187208097,0
2025-09-05 13:00:00+07:00,56.0,5.0,53.0,/dl/web/weather/ic-weather-04d.svg,Hà Nội,-1.0918998049260158,0,-0.8708302495828993,0
2025-09-05 14:00:00+07:00,56.0,5.8,59.0,/dl/web/weather/ic-weather-04d.svg,Hà Nội,-1.0918998049260158,0,-0.7488242189622429,0
2025-09-05 15:00:00+07:00,52.0,5.8,59.0,/dl/web/weather/ic-weather-04d.svg,Hà Nội,-1.183246533249597,0,-0.7488242189622429,0
2025-09-05 16:00:00+07:00,55.0,6.2,58.0,/dl/web/weather/ic-weather-04d.svg,Hà Nội,-1.1147364870069112,0,-0.6878212036519146,0
2025-09-05 17:00:00+07:00,65.0,6.2,64.0,/dl/web/weather/ic-weather-04d.svg,Hà Nội,-0.8863696661979585,0,-0.6878212036519146,0
2025-09-05 18:00:00+07:00,80.0,7.1,72.0,/dl/web/weather/ic-weather-04d.svg,Hà Nội,-0.5438194349845296,0,-0.550564419203676,0
2025-09-05 19:00:00+07:00,83.0,8.6,77.0,/dl/web/weather/ic-weather-04n.svg,Hà Nội,-0.4753093887418438,0,-0.32180311178994514,0
2025-09-05 20:00:00+07:00,81.0,9.1,79.0,/dl/web/weather/ic-weather-04n.svg,Hà Nội,-0.5209827529036344,0,-0.2455493426520348,0
2025-09-05 21:00:00+07:00,78.0,8.4,81.0,/dl/web/weather/ic-weather-04n.svg,Hà Nội,-0.5894927991463201,0,-0.35230461944510916,0
2025-09-05 22:00:00+07:00,71.0,7.2,83.0,/dl/web/weather/ic-weather-04n.svg,Hà Nội,-0.7493495737125869,0,-0.5353136653760939,0
2025-09-05 23:00:00+07:00,64.0,6.7,84.0,/dl/web/weather/ic-weather-04n.svg,Hà Nội,-0.9092063482788538,0,-0.6115674345140043,0
2025-09-06 00:00:00+07:00,68.0,6.0,86.0,/dl/web/weather/ic-weather-04n.svg,Hà Nội,-0.8178596199552728,0,-0.7183227113070787,0
2025-09-06 01:00:00+07:00,62.0,5.4,88.0,/dl/web/weather/ic-weather-04n.svg,Hà Nội,-0.9548797124406443,0,-0.8098272342725711,0
2025-09-06 02:00:00+07:00,60.0,5.1,90.0,/dl/web/weather/ic-weather-04n.svg,Hà Nội,-1.0005530766024349,0,-0.8555794957553173,0
2025-09-06 03:00:00+07:00,62.0,4.5,90.0,/dl/web/weather/ic-weather-04n.svg,Hà Nội,-0.9548797124406443,0,-0.9470840187208097,0
2025-09-06 04:00:00+07:00,68.0,2.9,91.0,/dl/web/weather/ic-weather-04n.svg,Hà Nội,-0.8178596199552728,0,-1.1910960799621226,0
2025-09-06 05:00:00+07:00,60.0,2.7,91.0,/dl/web/weather/ic-weather-04n.svg,Hà Nội,-1.0005530766024349,0,-1.2215975876172869,0
2025-09-06 06:00:00+07:00,60.0,2.6,92.0,/dl/web/weather/ic-weather-04d.svg,Hà Nội,-1.0005530766024349,0,-1.236848341444869,0
2025-09-06 08:00:00+07:00,62.0,2.1,78.0,/dl/web/weather/ic-weather-04d.svg,Hà Nội,-0.9548797124406443,0,-1.3131021105827794,0
2025-09-06 09:00:00+07:00,63.0,1.5,69.0,/dl/web/weather/ic-weather-04d.svg,Hà Nội,-0.9320430303597491,0,-1.4046066335482716,0
2025-09-06 10:00:00+07:00,67.0,1.7,62.0,/dl/web/weather/ic-weather-04d.svg,Hà Nội,-0.840696302036168,0,-1.3741051258931076,0
2025-09-06 11:00:00+07:00,69.0,2.0,60.0,/dl/web/weather/ic-weather-04d.svg,Hà Nội,-0.7950229378743775,0,-1.3283528644103613,0
2025-09-06 12:00:00+07:00,68.0,1.9,52.0,/dl/web/weather/ic-weather-04d.svg,Hà Nội,-0.8178596199552728,0,-1.3436036182379434,0
2025-09-06 13:00:00+07:00,68.0,2.1,54.0,/dl/web/weather/ic-weather-04d.svg,Hà Nội,-0.8178596199552728,0,-1.3131021105827794,0
2025-09-06 14:00:00+07:00,66.0,3.3,51.0,/dl/web/weather/ic-weather-04d.svg,Hà Nội,-0.8635329841170633,0,-1.1300930646517944,0
2025-09-06 15:00:00+07:00,69.0,2.9,49.0,/dl/web/weather/ic-weather-04d.svg,Hà Nội,-0.7950229378743775,0,-1.1910960799621226,0
2025-09-06 16:00:00+07:00,71.0,4.2,53.0,/dl/web/weather/ic-weather-04d.svg,Hà Nội,-0.7493495737125869,0,-0.9928362802035559,0
2025-09-06 17:00:00+07:00,77.0,6.8,66.0,/dl/web/weather/ic-weather-04d.svg,Hà Nội,-0.6123294812272154,0,-0.5963166806864223,0
2025-09-06 18:00:00+07:00,73.0,8.9,75.0,/dl/web/weather/ic-weather-04d.svg,Hà Nội,-0.7036762095507965,0,-0.27605085030719884,0
2025-09-06 19:00:00+07:00,69.0,8.7,77.0,/dl/web/weather/ic-weather-04n.svg,Hà Nội,-0.7950229378743775,0,-0.30655235796236313,0
2025-09-06 20:00:00+07:00,64.0,7.6,79.0,/dl/web/weather/ic-weather-04n.svg,Hà Nội,-0.9092063482788538,0,-0.4743106500657658,0
2025-09-06 21:00:00+07:00,60.0,6.4,80.0,/dl/web/weather/ic-weather-04n.svg,Hà Nội,-1.0005530766024349,0,-0.6573196959967504,0
2025-09-06 22:00:00+07:00,58.0,6.2,82.0,/dl/web/weather/ic-weather-03n.svg,Hà Nội,-1.0462264407642254,0,-0.6878212036519146,0
2025-09-06 23:00:00+07:00,57.0,6.0,83.0,/dl/web/weather/ic-weather-03n.svg,Hà Nội,-1.0690631228451206,0,-0.7183227113070787,0
2025-09-07 00:00:00+07:00,56.0,4.4,84.0,/dl/web/weather/ic-weather-03n.svg,Hà Nội,-1.0918998049260158,0,-0.9623347725483917,0
2025-09-07 01:00:00+07:00,55.0,4.8,84.0,/dl/web/weather/ic-weather-03n.svg,Hà Nội,-1.1147364870069112,0,-0.9013317572380636,0
2025-09-07 02:00:00+07:00,52.0,3.7,85.0,/dl/web/weather/ic-weather-03n.svg,Hà Nội,-1.183246533249597,0,-1.0690900493414661,0
2025-09-07 03:00:00+07:00,55.0,3.4,85.0,/dl/web/weather/ic-weather-04n.svg,Hà Nội,-1.1147364870069112,0,-1.1148423108242123,0
2025-09-07 04:00:00+07:00,53.0,3.2,87.0,/dl/web/weather/ic-weather-03n.svg,Hà Nội,-1.1604098511687018,0,-1.1453438184793765,0
2025-09-07 05:00:00+07:00,56.0,3.0,88.0,/dl/web/weather/ic-weather-03n.svg,Hà Nội,-1.0918998049260158,0,-1.1758453261345407,0
2025-09-07 06:00:00+07:00,64.0,3.4,89.0,/dl/web/weather/ic-weather-03d.svg,Hà Nội,-0.9092063482788538,0,-1.1148423108242123,0
2025-09-07 08:00:00+07:00,68.0,1.8,74.0,/dl/web/weather/ic-weather-01d.svg,Hà Nội,-0.8178596199552728,0,-1.3588543720655253,0
2025-09-07 10:00:00+07:00,62.0,2.3,59.0,/dl/web/weather/ic-weather-01d.svg,Hà Nội,-0.9548797124406443,0,-1.282600602927615,0
2025-09-07 11:00:00+07:00,73.0,2.8,59.0,/dl/web/weather/ic-weather-01d.svg,Hà Nội,-0.7036762095507965,0,-1.2063468337897048,0
2025-09-07 12:00:00+07:00,76.0,1.4,54.0,/dl/web/weather/ic-weather-01d.svg,Hà Nội,-0.6351661633081107,0,-1.4198573873758535,0
2025-09-07 13:00:00+07:00,69.0,0.6,51.0,/dl/web/weather/ic-weather-03d.svg,Hà Nội,-0.7950229378743775,0,-1.5418634179965103,0
2025-09-07 14:00:00+07:00,70.0,0.3,50.0,/dl/web/weather/ic-weather-03d.svg,Hà Nội,-0.7721862557934822,0,-1.5876156794792562,0
2025-09-07 15:00:00+07:00,71.0,0.9,48.0,/dl/web/weather/ic-weather-02d.svg,Hà Nội,-0.7493495737125869,0,-1.496111156513764,0
2025-09-07 16:00:00+07:00,73.0,1.1,47.0,/dl/web/weather/ic-weather-03d.svg,Hà Nội,-0.7036762095507965,0,-1.4656096488586,0
2025-09-07 17:00:00+07:00,75.0,0.8,54.0,/dl/web/weather/ic-weather-03d.svg,Hà Nội,-0.6580028453890059,0,-1.511361910341346,0
2025-09-07 18:00:00+07:00,88.0,0.7,60.0,/dl/web/weather/ic-weather-03d.svg,Hà Nội,-0.36112597833736754,0,-1.5266126641689282,0
2025-09-07 19:00:00+07:00,92.0,2.4,61.0,/dl/web/weather/ic-weather-04n.svg,Hà Nội,-0.2697792500137865,0,-1.267349849100033,0
2025-09-07 20:00:00+07:00,84.0,4.8,63.0,/dl/web/weather/ic-weather-04n.svg,Hà Nội,-0.4524727066609486,0,-0.9013317572380636,0
2025-09-07 21:00:00+07:00,81.0,6.0,68.0,/dl/web/weather/ic-weather-04n.svg,Hà Nội,-0.5209827529036344,0,-0.7183227113070787,0
2025-09-07 22:00:00+07:00,102.0,9.9,71.0,/dl/web/weather/ic-weather-04n.svg,Hà Nội,-0.04141242920483386,0,-0.12354331203137818,0
2025-09-07 23:00:00+07:00,90.0,6.1,73.0,/dl/web/weather/ic-weather-03n.svg,Hà Nội,-0.315452614175577,0,-0.7030719574794967,0
2025-09-08 00:00:00+07:00,112.0,5.2,74.0,/dl/web/weather/ic-weather-04n.svg,Hà Nội,0.18695439160411875,0,-0.8403287419277352,0
2025-09-08 01:00:00+07:00,92.0,4.3,75.0,/dl/web/weather/ic-weather-03n.svg,Hà Nội,-0.2697792500137865,0,-0.9775855263759738,0
2025-09-08 02:00:00+07:00,88.0,2.7,75.0,/dl/web/weather/ic-weather-02n.svg,Hà Nội,-0.36112597833736754,0,-1.2215975876172869,0
2025-09-08 03:00:00+07:00,96.0,2.0,76.0,/dl/web/weather/ic-weather-02n.svg,Hà Nội,-0.17843252169020543,0,-1.3283528644103613,0
2025-09-08 04:00:00+07:00,110.0,2.6,78.0,/dl/web/weather/ic-weather-02n.svg,Hà Nội,0.14128102744232823,0,-1.236848341444869,0
2025-09-08 05:00:00+07:00,134.0,2.7,80.0,/dl/web/weather/ic-weather-02n.svg,Hà Nội,0.6893613973838145,0,-1.2215975876172869,0
2025-09-08 06:00:00+07:00,149.0,3.6,82.0,/dl/web/weather/ic-weather-02d.svg,Hà Nội,1.0319116285972434,0,-1.0843408031690482,0
2025-09-08 08:00:00+07:00,169.0,4.7,71.0,/dl/web/weather/ic-weather-01d.svg,Hà Nội,1.4886452702151487,0,-0.9165825110656456,0
2025-09-08 10:00:00+07:00,160.0,6.2,65.0,/dl/web/weather/ic-weather-03d.svg,Hà Nội,1.2831151314870912,0,-0.6878212036519146,0
