timestamp,aqi,wind_speed,humidity,weather_icon,city,zscore_aqi,zscore_flag_aqi,zscore_wind,zscore_flag_wind
2025-01-20 23:00:00+07:00,190.0,8.1,68.0,/dl/web/weather/ic-w-10-night-clear-sky-full.svg,Hải Phòng,3.125035749230993,-1,-0.36297671138774534,0
2025-01-21 19:00:00+07:00,132.0,14.8,77.0,/dl/web/weather/ic-w-10-night-clear-sky-full.svg,Hải Phòng,1.5578731446800351,0,0.7768351177250294,0
2025-01-21 20:00:00+07:00,132.0,11.1,88.0,/dl/web/weather/ic-w-10-night-clear-sky-full.svg,Hải Phòng,1.5578731446800351,0,0.14738679418513878,0
2025-01-21 21:00:00+07:00,139.0,11.1,88.0,/dl/web/weather/ic-w-10-night-clear-sky-full.svg,Hải Phòng,1.747013459022392,0,0.14738679418513878,0
2025-01-21 22:00:00+07:00,139.0,9.2,82.0,/dl/web/weather/ic-w-10-night-clear-sky-full.svg,Hải Phòng,1.747013459022392,0,-0.17584342601102124,0
2025-01-21 23:00:00+07:00,132.0,7.4,82.0,/dl/web/weather/ic-w-10-night-clear-sky-full.svg,Hải Phòng,1.5578731446800351,0,-0.48206152935475155,0
2025-01-22 00:00:00+07:00,142.0,7.4,82.0,/dl/web/weather/ic-w-10-night-clear-sky-full.svg,Hải Phòng,1.828073593740545,0,-0.48206152935475155,0
2025-01-22 01:00:00+07:00,156.0,10.0,78.0,/dl/web/weather/ic-w-10-night-clear-sky-full.svg,Hải Phòng,2.2063542224252592,0,-0.03974649119158533,0
2025-01-22 02:00:00+07:00,167.0,5.5,88.0,/dl/web/weather/ic-w-10-night-clear-sky-full.svg,Hải Phòng,2.50357471639182,0,-0.8052917495509115,0
2025-01-22 03:00:00+07:00,152.0,5.5,88.0,/dl/web/weather/ic-w-11-night-few-clouds-full.svg,Hải Phòng,2.098274042801055,0,-0.8052917495509115,0
2025-01-22 04:00:00+07:00,137.0,5.5,77.0,/dl/web/weather/ic-w-10-night-clear-sky-full.svg,Hải Phòng,1.6929733692102902,0,-0.8052917495509115,0
2025-01-22 05:00:00+07:00,137.0,3.7,72.0,/dl/web/weather/ic-w-10-night-clear-sky-full.svg,Hải Phòng,1.6929733692102902,0,-1.111509852894642,0
2025-01-22 06:00:00+07:00,122.0,7.4,77.0,/dl/web/weather/ic-w-10-night-clear-sky-full.svg,Hải Phòng,1.2876726956195252,0,-0.48206152935475155,0
2025-01-22 07:00:00+07:00,127.0,3.7,82.0,/dl/web/weather/ic-w-01-clear-sky-full.svg,Hải Phòng,1.42277292014978,0,-1.111509852894642,0
2025-01-22 09:00:00+07:00,156.0,7.4,77.0,/dl/web/weather/ic-w-02-new-clouds-full.svg,Hải Phòng,2.2063542224252592,0,-0.48206152935475155,0
2025-01-22 11:00:00+07:00,137.0,5.5,73.0,/dl/web/weather/ic-w-04-scattered-clouds-full.svg,Hải Phòng,1.6929733692102902,0,-0.8052917495509115,0
2025-01-22 12:00:00+07:00,102.0,3.7,64.0,/dl/web/weather/ic-w-04-scattered-clouds-full.svg,Hải Phòng,0.7472717974985053,0,-1.111509852894642,0
2025-01-22 13:00:00+07:00,94.0,13.0,68.0,/dl/web/weather/ic-w-02-new-clouds-full.svg,Hải Phòng,0.5311114382500972,0,0.4706170143812988,0
2025-01-22 14:00:00+07:00,84.0,14.8,64.0,/dl/web/weather/ic-w-02-new-clouds-full.svg,Hải Phòng,0.26091098918958733,0,0.7768351177250294,0
2025-01-22 15:00:00+07:00,86.0,18.5,64.0,/dl/web/weather/ic-w-04-scattered-clouds-full.svg,Hải Phòng,0.3149510790016893,0,1.4062834412649197,0
2025-01-22 16:00:00+07:00,90.0,16.7,68.0,/dl/web/weather/ic-w-04-scattered-clouds-full.svg,Hải Phòng,0.4230312586258933,0,1.100065337921189,0
2025-01-22 17:00:00+07:00,96.0,16.7,73.0,/dl/web/weather/ic-w-04-scattered-clouds-full.svg,Hải Phòng,0.5851515280621993,0,1.100065337921189,0
2025-01-22 18:00:00+07:00,96.0,15.0,66.0,/dl/web/weather/ic-w-04-scattered-clouds-full.svg,Hải Phòng,0.5851515280621993,0,0.8108593514298882,0
2025-01-22 19:00:00+07:00,105.0,16.7,77.0,/dl/web/weather/ic-w-10-night-clear-sky-full.svg,Hải Phòng,0.8283319322166582,0,1.100065337921189,0
2025-01-22 20:00:00+07:00,110.0,14.8,88.0,/dl/web/weather/ic-w-10-night-clear-sky-full.svg,Hải Phòng,0.9634321567469132,0,0.7768351177250294,0
2025-01-22 21:00:00+07:00,117.0,14.8,88.0,/dl/web/weather/ic-w-10-night-clear-sky-full.svg,Hải Phòng,1.1525724710892702,0,0.7768351177250294,0
2025-01-22 22:00:00+07:00,112.0,9.2,82.0,/dl/web/weather/ic-w-10-night-clear-sky-full.svg,Hải Phòng,1.0174722465590151,0,-0.17584342601102124,0
2025-01-22 23:00:00+07:00,117.0,9.2,82.0,/dl/web/weather/ic-w-11-night-few-clouds-full.svg,Hải Phòng,1.1525724710892702,0,-0.17584342601102124,0
2025-01-23 00:00:00+07:00,119.0,7.4,82.0,/dl/web/weather/ic-w-04-scattered-clouds-full.svg,Hải Phòng,1.2066125609013723,0,-0.48206152935475155,0
2025-01-23 01:00:00+07:00,105.0,13.0,82.0,/dl/web/weather/ic-w-04-scattered-clouds-full.svg,Hải Phòng,0.8283319322166582,0,0.4706170143812988,0
2025-01-23 02:00:00+07:00,105.0,13.0,82.0,/dl/web/weather/ic-w-04-scattered-clouds-full.svg,Hải Phòng,0.8283319322166582,0,0.4706170143812988,0
2025-01-23 03:00:00+07:00,107.0,11.1,82.0,/dl/web/weather/ic-w-04-scattered-clouds-full.svg,Hải Phòng,0.8823720220287602,0,0.14738679418513878,0
2025-01-23 04:00:00+07:00,132.0,11.1,82.0,/dl/web/weather/ic-w-04-scattered-clouds-full.svg,Hải Phòng,1.5578731446800351,0,0.14738679418513878,0
2025-01-23 05:00:00+07:00,139.0,14.8,82.0,/dl/web/weather/ic-w-04-scattered-clouds-full.svg,Hải Phòng,1.747013459022392,0,0.7768351177250294,0
2025-01-23 06:00:00+07:00,132.0,9.2,82.0,/dl/web/weather/ic-w-04-scattered-clouds-full.svg,Hải Phòng,1.5578731446800351,0,-0.17584342601102124,0
2025-01-23 07:00:00+07:00,137.0,7.4,88.0,/dl/web/weather/ic-w-04-scattered-clouds-full.svg,Hải Phòng,1.6929733692102902,0,-0.48206152935475155,0
2025-01-23 08:00:00+07:00,144.0,7.4,82.0,/dl/web/weather/ic-w-01-clear-sky-full.svg,Hải Phòng,1.882113683552647,0,-0.48206152935475155,0
2025-01-23 10:00:00+07:00,137.0,11.1,77.0,/dl/web/weather/ic-w-02-new-clouds-full.svg,Hải Phòng,1.6929733692102902,0,0.14738679418513878,0
2025-01-23 11:00:00+07:00,134.0,11.1,73.0,/dl/web/weather/ic-w-02-new-clouds-full.svg,Hải Phòng,1.6119132344921372,0,0.14738679418513878,0
2025-01-23 12:00:00+07:00,151.0,9.2,78.0,/dl/web/weather/ic-w-02-new-clouds-full.svg,Hải Phòng,2.071253997895004,0,-0.17584342601102124,0
2025-01-23 13:00:00+07:00,154.0,11.1,78.0,/dl/web/weather/ic-w-01-clear-sky-full.svg,Hải Phòng,2.152314132613157,0,0.14738679418513878,0
2025-01-23 14:00:00+07:00,129.0,13.0,73.0,/dl/web/weather/ic-w-02-new-clouds-full.svg,Hải Phòng,1.4768130099618821,0,0.4706170143812988,0
2025-01-23 15:00:00+07:00,119.0,13.0,73.0,/dl/web/weather/ic-w-04-scattered-clouds-full.svg,Hải Phòng,1.2066125609013723,0,0.4706170143812988,0
2025-01-23 16:00:00+07:00,96.0,14.8,68.0,/dl/web/weather/ic-w-04-scattered-clouds-full.svg,Hải Phòng,0.5851515280621993,0,0.7768351177250294,0
2025-01-23 17:00:00+07:00,84.0,16.7,68.0,/dl/web/weather/ic-w-02-new-clouds-full.svg,Hải Phòng,0.26091098918958733,0,1.100065337921189,0
2025-01-23 18:00:00+07:00,79.0,16.7,78.0,/dl/web/weather/ic-w-01-clear-sky-full.svg,Hải Phòng,0.12581076465933233,0,1.100065337921189,0
2025-01-23 19:00:00+07:00,86.0,14.8,88.0,/dl/web/weather/ic-w-10-night-clear-sky-full.svg,Hải Phòng,0.3149510790016893,0,0.7768351177250294,0
2025-01-23 20:00:00+07:00,102.0,18.5,88.0,/dl/web/weather/ic-w-04-scattered-clouds-full.svg,Hải Phòng,0.7472717974985053,0,1.4062834412649197,0
2025-01-23 21:00:00+07:00,107.0,18.5,88.0,/dl/web/weather/ic-w-04-scattered-clouds-full.svg,Hải Phòng,0.8823720220287602,0,1.4062834412649197,0
2025-01-23 22:00:00+07:00,124.0,13.0,88.0,/dl/web/weather/ic-w-04-scattered-clouds-full.svg,Hải Phòng,1.341712785431627,0,0.4706170143812988,0
2025-01-23 23:00:00+07:00,99.0,13.0,88.0,/dl/web/weather/ic-w-04-scattered-clouds-full.svg,Hải Phòng,0.6662116627803523,0,0.4706170143812988,0
2025-01-24 00:00:00+07:00,117.0,7.4,82.0,/dl/web/weather/ic-w-04-scattered-clouds-full.svg,Hải Phòng,1.1525724710892702,0,-0.48206152935475155,0
2025-01-24 01:00:00+07:00,101.0,14.8,88.0,/dl/web/weather/ic-w-04-scattered-clouds-full.svg,Hải Phòng,0.7202517525924542,0,0.7768351177250294,0
2025-01-24 02:00:00+07:00,105.0,9.2,88.0,/dl/web/weather/ic-w-04-scattered-clouds-full.svg,Hải Phòng,0.8283319322166582,0,-0.17584342601102124,0
2025-01-24 03:00:00+07:00,102.0,7.4,88.0,/dl/web/weather/ic-w-04-scattered-clouds-full.svg,Hải Phòng,0.7472717974985053,0,-0.48206152935475155,0
2025-01-24 04:00:00+07:00,97.0,3.7,88.0,/dl/web/weather/ic-w-04-scattered-clouds-full.svg,Hải Phòng,0.6121715729682503,0,-1.111509852894642,0
2025-01-24 05:00:00+07:00,94.0,9.2,94.0,/dl/web/weather/ic-w-04-scattered-clouds-full.svg,Hải Phòng,0.5311114382500972,0,-0.17584342601102124,0
2025-01-24 06:00:00+07:00,96.0,1.8,88.0,/dl/web/weather/ic-w-04-scattered-clouds-full.svg,Hải Phòng,0.5851515280621993,0,-1.434740073090802,0
2025-01-24 07:00:00+07:00,96.0,7.4,88.0,/dl/web/weather/ic-w-04-scattered-clouds-full.svg,Hải Phòng,0.5851515280621993,0,-0.48206152935475155,0
2025-01-24 08:00:00+07:00,132.0,9.2,88.0,/dl/web/weather/ic-w-04-scattered-clouds-full.svg,Hải Phòng,1.5578731446800351,0,-0.17584342601102124,0
2025-01-24 09:00:00+07:00,139.0,11.1,94.0,/dl/web/weather/ic-w-04-scattered-clouds-full.svg,Hải Phòng,1.747013459022392,0,0.14738679418513878,0
2025-01-24 10:00:00+07:00,139.0,11.1,94.0,/dl/web/weather/ic-w-04-scattered-clouds-full.svg,Hải Phòng,1.747013459022392,0,0.14738679418513878,0
2025-01-24 11:00:00+07:00,122.0,11.1,78.0,/dl/web/weather/ic-w-04-scattered-clouds-full.svg,Hải Phòng,1.2876726956195252,0,0.14738679418513878,0
2025-01-24 12:00:00+07:00,99.0,11.1,78.0,/dl/web/weather/ic-w-04-scattered-clouds-full.svg,Hải Phòng,0.6662116627803523,0,0.14738679418513878,0
2025-01-24 13:00:00+07:00,97.0,13.0,78.0,/dl/web/weather/ic-w-04-scattered-clouds-full.svg,Hải Phòng,0.6121715729682503,0,0.4706170143812988,0
2025-01-24 14:00:00+07:00,94.0,16.7,69.0,/dl/web/weather/ic-w-04-scattered-clouds-full.svg,Hải Phòng,0.5311114382500972,0,1.100065337921189,0
2025-01-24 15:00:00+07:00,84.0,18.5,73.0,/dl/web/weather/ic-w-04-scattered-clouds-full.svg,Hải Phòng,0.26091098918958733,0,1.4062834412649197,0
2025-01-24 16:00:00+07:00,77.0,20.4,73.0,/dl/web/weather/ic-w-04-scattered-clouds-full.svg,Hải Phòng,0.07177067484723033,0,1.7295136614610795,0
2025-01-24 17:00:00+07:00,75.0,20.4,69.0,/dl/web/weather/ic-w-04-scattered-clouds-full.svg,Hải Phòng,0.017730585035128334,0,1.7295136614610795,0
2025-01-24 18:00:00+07:00,82.0,18.5,78.0,/dl/web/weather/ic-w-01-clear-sky-full.svg,Hải Phòng,0.20687089937748532,0,1.4062834412649197,0
2025-01-24 19:00:00+07:00,118.0,14.8,88.0,/dl/web/weather/ic-w-11-night-few-clouds-full.svg,Hải Phòng,1.1795925159953211,0,0.7768351177250294,0
2025-01-24 20:00:00+07:00,90.0,13.0,83.0,/dl/web/weather/ic-w-04-scattered-clouds-full.svg,Hải Phòng,0.4230312586258933,0,0.4706170143812988,0
2025-01-24 21:00:00+07:00,88.0,13.0,83.0,/dl/web/weather/ic-w-04-scattered-clouds-full.svg,Hải Phòng,0.3689911688137913,0,0.4706170143812988,0
2025-01-24 22:00:00+07:00,82.0,13.0,83.0,/dl/web/weather/ic-w-04-scattered-clouds-full.svg,Hải Phòng,0.20687089937748532,0,0.4706170143812988,0
2025-01-24 23:00:00+07:00,86.0,13.0,83.0,/dl/web/weather/ic-w-04-scattered-clouds-full.svg,Hải Phòng,0.3149510790016893,0,0.4706170143812988,0
2025-01-25 00:00:00+07:00,84.0,11.1,88.0,/dl/web/weather/ic-w-04-scattered-clouds-full.svg,Hải Phòng,0.26091098918958733,0,0.14738679418513878,0
2025-01-25 01:00:00+07:00,81.0,11.1,88.0,/dl/web/weather/ic-w-04-scattered-clouds-full.svg,Hải Phòng,0.1798508544714343,0,0.14738679418513878,0
2025-01-25 02:00:00+07:00,77.0,11.1,88.0,/dl/web/weather/ic-w-04-scattered-clouds-full.svg,Hải Phòng,0.07177067484723033,0,0.14738679418513878,0
2025-01-25 03:00:00+07:00,75.0,13.0,88.0,/dl/web/weather/ic-w-04-scattered-clouds-full.svg,Hải Phòng,0.017730585035128334,0,0.4706170143812988,0
2025-01-25 04:00:00+07:00,73.0,11.1,88.0,/dl/web/weather/ic-w-04-scattered-clouds-full.svg,Hải Phòng,-0.03630950477697366,0,0.14738679418513878,0
2025-01-25 05:00:00+07:00,69.0,7.4,88.0,/dl/web/weather/ic-w-04-scattered-clouds-full.svg,Hải Phòng,-0.14438968440117764,0,-0.48206152935475155,0
2025-01-25 06:00:00+07:00,84.0,7.4,88.0,/dl/web/weather/ic-w-04-scattered-clouds-full.svg,Hải Phòng,0.26091098918958733,0,-0.48206152935475155,0
2025-01-25 07:00:00+07:00,81.0,9.2,83.0,/dl/web/weather/ic-w-04-scattered-clouds-full.svg,Hải Phòng,0.1798508544714343,0,-0.17584342601102124,0
2025-01-25 08:00:00+07:00,90.0,7.4,94.0,/dl/web/weather/ic-w-04-scattered-clouds-full.svg,Hải Phòng,0.4230312586258933,0,-0.48206152935475155,0
2025-01-25 09:00:00+07:00,90.0,11.1,88.0,/dl/web/weather/ic-w-04-scattered-clouds-full.svg,Hải Phòng,0.4230312586258933,0,0.14738679418513878,0
2025-01-25 10:00:00+07:00,90.0,11.1,88.0,/dl/web/weather/ic-w-04-scattered-clouds-full.svg,Hải Phòng,0.4230312586258933,0,0.14738679418513878,0
2025-01-25 11:00:00+07:00,90.0,13.0,83.0,/dl/web/weather/ic-w-04-scattered-clouds-full.svg,Hải Phòng,0.4230312586258933,0,0.4706170143812988,0
2025-01-25 12:00:00+07:00,90.0,15.1,73.0,/dl/web/weather/ic-w-04-scattered-clouds-full.svg,Hải Phòng,0.4230312586258933,0,0.8278714682823176,0
2025-01-25 13:00:00+07:00,96.0,14.8,73.0,/dl/web/weather/ic-w-04-scattered-clouds-full.svg,Hải Phòng,0.5851515280621993,0,0.7768351177250294,0
2025-01-25 14:00:00+07:00,96.0,13.0,78.0,/dl/web/weather/ic-w-04-scattered-clouds-full.svg,Hải Phòng,0.5851515280621993,0,0.4706170143812988,0
2025-01-25 15:00:00+07:00,96.0,11.1,78.0,/dl/web/weather/ic-w-04-scattered-clouds-full.svg,Hải Phòng,0.5851515280621993,0,0.14738679418513878,0
2025-01-25 16:00:00+07:00,115.0,11.1,78.0,/dl/web/weather/ic-w-04-scattered-clouds-full.svg,Hải Phòng,1.0985323812771681,0,0.14738679418513878,0
2025-01-25 17:00:00+07:00,90.0,14.8,78.0,/dl/web/weather/ic-w-04-scattered-clouds-full.svg,Hải Phòng,0.4230312586258933,0,0.7768351177250294,0
2025-01-25 18:00:00+07:00,92.0,14.8,73.0,/dl/web/weather/ic-w-04-scattered-clouds-full.svg,Hải Phòng,0.47707134843799526,0,0.7768351177250294,0
2025-01-25 19:00:00+07:00,75.0,16.7,78.0,/dl/web/weather/ic-w-04-scattered-clouds-full.svg,Hải Phòng,0.017730585035128334,0,1.100065337921189,0
2025-01-25 20:00:00+07:00,88.0,14.8,83.0,/dl/web/weather/ic-w-04-scattered-clouds-full.svg,Hải Phòng,0.3689911688137913,0,0.7768351177250294,0
2025-01-25 21:00:00+07:00,77.0,13.0,83.0,/dl/web/weather/ic-w-04-scattered-clouds-full.svg,Hải Phòng,0.07177067484723033,0,0.4706170143812988,0
2025-01-25 22:00:00+07:00,77.0,13.0,83.0,/dl/web/weather/ic-w-10-night-clear-sky-full.svg,Hải Phòng,0.07177067484723033,0,0.4706170143812988,0
2025-01-25 23:00:00+07:00,79.0,9.2,83.0,/dl/web/weather/ic-w-10-night-clear-sky-full.svg,Hải Phòng,0.12581076465933233,0,-0.17584342601102124,0
2025-01-26 00:00:00+07:00,105.0,13.0,83.0,/dl/web/weather/ic-w-11-night-few-clouds-full.svg,Hải Phòng,0.8283319322166582,0,0.4706170143812988,0
2025-01-26 01:00:00+07:00,99.0,11.1,88.0,/dl/web/weather/ic-w-10-night-clear-sky-full.svg,Hải Phòng,0.6662116627803523,0,0.14738679418513878,0
2025-01-26 02:00:00+07:00,115.0,7.4,88.0,/dl/web/weather/ic-w-10-night-clear-sky-full.svg,Hải Phòng,1.0985323812771681,0,-0.48206152935475155,0
2025-01-26 03:00:00+07:00,115.0,9.2,88.0,/dl/web/weather/ic-w-04-scattered-clouds-full.svg,Hải Phòng,1.0985323812771681,0,-0.17584342601102124,0
2025-01-26 04:00:00+07:00,110.0,11.1,83.0,/dl/web/weather/ic-w-04-scattered-clouds-full.svg,Hải Phòng,0.9634321567469132,0,0.14738679418513878,0
2025-01-26 05:00:00+07:00,99.0,14.8,83.0,/dl/web/weather/ic-w-04-scattered-clouds-full.svg,Hải Phòng,0.6662116627803523,0,0.7768351177250294,0
2025-01-26 06:00:00+07:00,50.0,20.4,88.0,/dl/web/weather/ic-w-04-scattered-clouds-full.svg,Hải Phòng,-0.6577705376161466,0,1.7295136614610795,0
2025-01-26 07:00:00+07:00,52.0,20.4,77.0,/dl/web/weather/ic-w-04-scattered-clouds-full.svg,Hải Phòng,-0.6037304478040446,0,1.7295136614610795,0
2025-01-26 08:00:00+07:00,33.0,14.8,72.0,/dl/web/weather/ic-w-04-scattered-clouds-full.svg,Hải Phòng,-1.1171113010190135,0,0.7768351177250294,0
2025-01-26 09:00:00+07:00,33.0,24.1,67.0,/dl/web/weather/ic-w-04-scattered-clouds-full.svg,Hải Phòng,-1.1171113010190135,0,2.3589619850009704,0
2025-01-26 10:00:00+07:00,33.0,24.1,67.0,/dl/web/weather/ic-w-04-scattered-clouds-full.svg,Hải Phòng,-1.1171113010190135,0,2.3589619850009704,0
2025-01-26 11:00:00+07:00,53.0,22.2,63.0,/dl/web/weather/ic-w-04-scattered-clouds-full.svg,Hải Phòng,-0.5767104028979936,0,2.03573176480481,0
2025-01-26 12:00:00+07:00,44.0,22.2,67.0,/dl/web/weather/ic-w-04-scattered-clouds-full.svg,Hải Phòng,-0.8198908070524525,0,2.03573176480481,0
2025-01-26 13:00:00+07:00,40.0,24.1,72.0,/dl/web/weather/ic-w-04-scattered-clouds-full.svg,Hải Phòng,-0.9279709866766566,0,2.3589619850009704,0
2025-01-26 14:00:00+07:00,33.0,18.5,62.0,/dl/web/weather/ic-w-04-scattered-clouds-full.svg,Hải Phòng,-1.1171113010190135,0,1.4062834412649197,0
2025-01-26 15:00:00+07:00,50.0,20.4,63.0,/dl/web/weather/ic-w-04-scattered-clouds-full.svg,Hải Phòng,-0.6577705376161466,0,1.7295136614610795,0
2025-01-26 16:00:00+07:00,50.0,16.7,58.0,/dl/web/weather/ic-w-04-scattered-clouds-full.svg,Hải Phòng,-0.6577705376161466,0,1.100065337921189,0
2025-01-26 17:00:00+07:00,39.0,24.1,55.0,/dl/web/weather/ic-w-01-clear-sky-full.svg,Hải Phòng,-0.9549910315827075,0,2.3589619850009704,0
2025-01-26 18:00:00+07:00,53.0,20.4,51.0,/dl/web/weather/ic-w-04-scattered-clouds-full.svg,Hải Phòng,-0.5767104028979936,0,1.7295136614610795,0
2025-01-26 19:00:00+07:00,56.0,24.1,51.0,/dl/web/weather/ic-w-10-night-clear-sky-full.svg,Hải Phòng,-0.4956502681798406,0,2.3589619850009704,0
2025-01-26 20:00:00+07:00,60.0,18.5,51.0,/dl/web/weather/ic-w-10-night-clear-sky-full.svg,Hải Phòng,-0.3875700885556366,0,1.4062834412649197,0
2025-01-26 21:00:00+07:00,56.0,20.4,51.0,/dl/web/weather/ic-w-10-night-clear-sky-full.svg,Hải Phòng,-0.4956502681798406,0,1.7295136614610795,0
2025-01-26 22:00:00+07:00,55.0,18.5,51.0,/dl/web/weather/ic-w-10-night-clear-sky-full.svg,Hải Phòng,-0.5226703130858916,0,1.4062834412649197,0
2025-01-26 23:00:00+07:00,56.0,14.8,51.0,/dl/web/weather/ic-w-10-night-clear-sky-full.svg,Hải Phòng,-0.4956502681798406,0,0.7768351177250294,0
2025-01-27 00:00:00+07:00,58.0,14.8,47.0,/dl/web/weather/ic-w-10-night-clear-sky-full.svg,Hải Phòng,-0.4416101783677386,0,0.7768351177250294,0
2025-01-27 01:00:00+07:00,60.0,13.0,47.0,/dl/web/weather/ic-w-10-night-clear-sky-full.svg,Hải Phòng,-0.3875700885556366,0,0.4706170143812988,0
2025-01-27 02:00:00+07:00,60.0,11.1,44.0,/dl/web/weather/ic-w-10-night-clear-sky-full.svg,Hải Phòng,-0.3875700885556366,0,0.14738679418513878,0
2025-01-27 03:00:00+07:00,60.0,11.1,47.0,/dl/web/weather/ic-w-10-night-clear-sky-full.svg,Hải Phòng,-0.3875700885556366,0,0.14738679418513878,0
2025-01-27 04:00:00+07:00,62.0,13.0,50.0,/dl/web/weather/ic-w-10-night-clear-sky-full.svg,Hải Phòng,-0.3335299987435346,0,0.4706170143812988,0
2025-01-27 05:00:00+07:00,62.0,11.1,47.0,/dl/web/weather/ic-w-10-night-clear-sky-full.svg,Hải Phòng,-0.3335299987435346,0,0.14738679418513878,0
2025-01-27 06:00:00+07:00,64.0,11.1,50.0,/dl/web/weather/ic-w-10-night-clear-sky-full.svg,Hải Phòng,-0.2794899089314326,0,0.14738679418513878,0
2025-01-27 07:00:00+07:00,66.0,11.1,47.0,/dl/web/weather/ic-w-01-clear-sky-full.svg,Hải Phòng,-0.22544981911933062,0,0.14738679418513878,0
2025-01-27 08:00:00+07:00,66.0,7.4,47.0,/dl/web/weather/ic-w-01-clear-sky-full.svg,Hải Phòng,-0.22544981911933062,0,-0.48206152935475155,0
2025-01-27 09:00:00+07:00,77.0,13.0,44.0,/dl/web/weather/ic-w-01-clear-sky-full.svg,Hải Phòng,0.07177067484723033,0,0.4706170143812988,0
2025-01-27 10:00:00+07:00,77.0,13.0,44.0,/dl/web/weather/ic-w-01-clear-sky-full.svg,Hải Phòng,0.07177067484723033,0,0.4706170143812988,0
2025-01-27 11:00:00+07:00,77.0,11.1,41.0,/dl/web/weather/ic-w-01-clear-sky-full.svg,Hải Phòng,0.07177067484723033,0,0.14738679418513878,0
2025-01-27 12:00:00+07:00,73.0,14.8,34.0,/dl/web/weather/ic-w-01-clear-sky-full.svg,Hải Phòng,-0.03630950477697366,0,0.7768351177250294,0
2025-01-27 13:00:00+07:00,71.0,9.2,29.0,/dl/web/weather/ic-w-01-clear-sky-full.svg,Hải Phòng,-0.09034959458907565,0,-0.17584342601102124,0
2025-01-27 14:00:00+07:00,71.0,9.2,32.0,/dl/web/weather/ic-w-01-clear-sky-full.svg,Hải Phòng,-0.09034959458907565,0,-0.17584342601102124,0
2025-01-27 15:00:00+07:00,77.0,7.4,26.0,/dl/web/weather/ic-w-01-clear-sky-full.svg,Hải Phòng,0.07177067484723033,0,-0.48206152935475155,0
2025-01-27 16:00:00+07:00,71.0,13.0,32.0,/dl/web/weather/ic-w-01-clear-sky-full.svg,Hải Phòng,-0.09034959458907565,0,0.4706170143812988,0
2025-01-27 17:00:00+07:00,68.0,14.8,34.0,/dl/web/weather/ic-w-01-clear-sky-full.svg,Hải Phòng,-0.17140972930722864,0,0.7768351177250294,0
2025-01-27 18:00:00+07:00,68.0,13.0,39.0,/dl/web/weather/ic-w-01-clear-sky-full.svg,Hải Phòng,-0.17140972930722864,0,0.4706170143812988,0
2025-01-27 19:00:00+07:00,69.0,11.1,44.0,/dl/web/weather/ic-w-10-night-clear-sky-full.svg,Hải Phòng,-0.14438968440117764,0,0.14738679418513878,0
2025-01-27 20:00:00+07:00,132.0,7.4,58.0,/dl/web/weather/ic-w-10-night-clear-sky-full.svg,Hải Phòng,1.5578731446800351,0,-0.48206152935475155,0
2025-01-27 21:00:00+07:00,81.0,7.4,58.0,/dl/web/weather/ic-w-10-night-clear-sky-full.svg,Hải Phòng,0.1798508544714343,0,-0.48206152935475155,0
2025-01-27 22:00:00+07:00,75.0,0.0,62.0,/dl/web/weather/ic-w-10-night-clear-sky-full.svg,Hải Phòng,0.017730585035128334,0,-1.7409581764345325,0
2025-01-27 23:00:00+07:00,81.0,5.5,58.0,/dl/web/weather/ic-w-10-night-clear-sky-full.svg,Hải Phòng,0.1798508544714343,0,-0.8052917495509115,0
2025-01-28 00:00:00+07:00,112.0,9.2,62.0,/dl/web/weather/ic-w-10-night-clear-sky-full.svg,Hải Phòng,1.0174722465590151,0,-0.17584342601102124,0
2025-01-28 01:00:00+07:00,90.0,5.5,58.0,/dl/web/weather/ic-w-10-night-clear-sky-full.svg,Hải Phòng,0.4230312586258933,0,-0.8052917495509115,0
2025-01-28 02:00:00+07:00,117.0,7.4,58.0,/dl/web/weather/ic-w-10-night-clear-sky-full.svg,Hải Phòng,1.1525724710892702,0,-0.48206152935475155,0
2025-01-28 03:00:00+07:00,105.0,7.4,54.0,/dl/web/weather/ic-w-10-night-clear-sky-full.svg,Hải Phòng,0.8283319322166582,0,-0.48206152935475155,0
2025-01-28 04:00:00+07:00,86.0,9.2,54.0,/dl/web/weather/ic-w-10-night-clear-sky-full.svg,Hải Phòng,0.3149510790016893,0,-0.17584342601102124,0
2025-01-28 05:00:00+07:00,94.0,5.5,54.0,/dl/web/weather/ic-w-10-night-clear-sky-full.svg,Hải Phòng,0.5311114382500972,0,-0.8052917495509115,0
2025-01-28 06:00:00+07:00,84.0,7.4,51.0,/dl/web/weather/ic-w-10-night-clear-sky-full.svg,Hải Phòng,0.26091098918958733,0,-0.48206152935475155,0
2025-01-28 07:00:00+07:00,77.0,7.4,47.0,/dl/web/weather/ic-w-01-clear-sky-full.svg,Hải Phòng,0.07177067484723033,0,-0.48206152935475155,0
2025-01-28 08:00:00+07:00,84.0,11.1,54.0,/dl/web/weather/ic-w-04-scattered-clouds-full.svg,Hải Phòng,0.26091098918958733,0,0.14738679418513878,0
2025-01-28 09:00:00+07:00,117.0,5.5,44.0,/dl/web/weather/ic-w-01-clear-sky-full.svg,Hải Phòng,1.1525724710892702,0,-0.8052917495509115,0
2025-01-28 10:00:00+07:00,117.0,5.5,44.0,/dl/web/weather/ic-w-01-clear-sky-full.svg,Hải Phòng,1.1525724710892702,0,-0.8052917495509115,0
2025-01-28 11:00:00+07:00,96.0,11.1,44.0,/dl/web/weather/ic-w-01-clear-sky-full.svg,Hải Phòng,0.5851515280621993,0,0.14738679418513878,0
2025-01-28 12:00:00+07:00,107.0,11.1,41.0,/dl/web/weather/ic-w-01-clear-sky-full.svg,Hải Phòng,0.8823720220287602,0,0.14738679418513878,0
2025-01-28 13:00:00+07:00,107.0,13.0,39.0,/dl/web/weather/ic-w-01-clear-sky-full.svg,Hải Phòng,0.8823720220287602,0,0.4706170143812988,0
2025-01-28 14:00:00+07:00,102.0,14.8,34.0,/dl/web/weather/ic-w-01-clear-sky-full.svg,Hải Phòng,0.7472717974985053,0,0.7768351177250294,0
2025-01-28 15:00:00+07:00,88.0,13.0,34.0,/dl/web/weather/ic-w-01-clear-sky-full.svg,Hải Phòng,0.3689911688137913,0,0.4706170143812988,0
2025-01-28 16:00:00+07:00,90.0,11.1,34.0,/dl/web/weather/ic-w-01-clear-sky-full.svg,Hải Phòng,0.4230312586258933,0,0.14738679418513878,0
2025-01-28 17:00:00+07:00,82.0,7.4,32.0,/dl/web/weather/ic-w-01-clear-sky-full.svg,Hải Phòng,0.20687089937748532,0,-0.48206152935475155,0
2025-01-28 18:00:00+07:00,94.0,7.4,34.0,/dl/web/weather/ic-w-01-clear-sky-full.svg,Hải Phòng,0.5311114382500972,0,-0.48206152935475155,0
2025-01-28 19:00:00+07:00,90.0,7.4,41.0,/dl/web/weather/ic-w-10-night-clear-sky-full.svg,Hải Phòng,0.4230312586258933,0,-0.48206152935475155,0
2025-01-28 20:00:00+07:00,112.0,5.5,51.0,/dl/web/weather/ic-w-10-night-clear-sky-full.svg,Hải Phòng,1.0174722465590151,0,-0.8052917495509115,0
2025-01-28 21:00:00+07:00,110.0,5.5,51.0,/dl/web/weather/ic-w-10-night-clear-sky-full.svg,Hải Phòng,0.9634321567469132,0,-0.8052917495509115,0
2025-01-28 22:00:00+07:00,124.0,3.7,47.0,/dl/web/weather/ic-w-10-night-clear-sky-full.svg,Hải Phòng,1.341712785431627,0,-1.111509852894642,0
2025-01-28 23:00:00+07:00,134.0,0.0,54.0,/dl/web/weather/ic-w-10-night-clear-sky-full.svg,Hải Phòng,1.6119132344921372,0,-1.7409581764345325,0
2025-01-29 00:00:00+07:00,160.0,5.5,54.0,/dl/web/weather/ic-w-10-night-clear-sky-full.svg,Hải Phòng,2.314434402049463,0,-0.8052917495509115,0
2025-01-29 01:00:00+07:00,158.0,5.5,54.0,/dl/web/weather/ic-w-10-night-clear-sky-full.svg,Hải Phòng,2.260394312237361,0,-0.8052917495509115,0
2025-01-29 02:00:00+07:00,180.0,1.8,54.0,/dl/web/weather/ic-w-10-night-clear-sky-full.svg,Hải Phòng,2.854835300170483,0,-1.434740073090802,0
2025-01-29 03:00:00+07:00,190.0,3.7,58.0,/dl/web/weather/ic-w-09-mist-full.svg,Hải Phòng,3.125035749230993,-1,-1.111509852894642,0
2025-01-29 04:00:00+07:00,199.0,3.7,58.0,/dl/web/weather/ic-w-04-scattered-clouds-full.svg,Hải Phòng,3.3682161533854518,-1,-1.111509852894642,0
2025-01-29 05:00:00+07:00,207.0,3.7,58.0,/dl/web/weather/ic-w-04-scattered-clouds-full.svg,Hải Phòng,3.58437651263386,-1,-1.111509852894642,0
2025-01-29 06:00:00+07:00,248.0,0.0,62.0,/dl/web/weather/ic-w-04-scattered-clouds-full.svg,Hải Phòng,4.692198353781951,-1,-1.7409581764345325,0
2025-01-29 07:00:00+07:00,200.0,3.7,62.0,/dl/web/weather/ic-w-04-scattered-clouds-full.svg,Hải Phòng,3.395236198291503,-1,-1.111509852894642,0
2025-01-29 08:00:00+07:00,219.0,5.5,67.0,/dl/web/weather/ic-w-04-scattered-clouds-full.svg,Hải Phòng,3.908617051506472,-1,-0.8052917495509115,0
2025-01-29 09:00:00+07:00,188.0,5.5,55.0,/dl/web/weather/ic-w-04-scattered-clouds-full.svg,Hải Phòng,3.070995659418891,-1,-0.8052917495509115,0
2025-01-29 10:00:00+07:00,188.0,5.5,55.0,/dl/web/weather/ic-w-04-scattered-clouds-full.svg,Hải Phòng,3.070995659418891,-1,-0.8052917495509115,0
2025-01-29 11:00:00+07:00,159.0,5.5,42.0,/dl/web/weather/ic-w-01-clear-sky-full.svg,Hải Phòng,2.2874143571434122,0,-0.8052917495509115,0
2025-01-29 12:00:00+07:00,132.0,7.4,36.0,/dl/web/weather/ic-w-01-clear-sky-full.svg,Hải Phòng,1.5578731446800351,0,-0.48206152935475155,0
2025-01-29 13:00:00+07:00,99.0,7.4,32.0,/dl/web/weather/ic-w-01-clear-sky-full.svg,Hải Phòng,0.6662116627803523,0,-0.48206152935475155,0
2025-01-29 14:00:00+07:00,96.0,7.4,30.0,/dl/web/weather/ic-w-01-clear-sky-full.svg,Hải Phòng,0.5851515280621993,0,-0.48206152935475155,0
2025-01-29 15:00:00+07:00,158.0,3.7,32.0,/dl/web/weather/ic-w-01-clear-sky-full.svg,Hải Phòng,2.260394312237361,0,-1.111509852894642,0
2025-01-29 16:00:00+07:00,154.0,9.2,39.0,/dl/web/weather/ic-w-01-clear-sky-full.svg,Hải Phòng,2.152314132613157,0,-0.17584342601102124,0
2025-01-29 17:00:00+07:00,137.0,7.4,37.0,/dl/web/weather/ic-w-01-clear-sky-full.svg,Hải Phòng,1.6929733692102902,0,-0.48206152935475155,0
2025-01-29 18:00:00+07:00,119.0,5.5,39.0,/dl/web/weather/ic-w-01-clear-sky-full.svg,Hải Phòng,1.2066125609013723,0,-0.8052917495509115,0
2025-01-29 19:00:00+07:00,134.0,5.5,45.0,/dl/web/weather/ic-w-10-night-clear-sky-full.svg,Hải Phòng,1.6119132344921372,0,-0.8052917495509115,0
2025-01-29 20:00:00+07:00,156.0,5.5,63.0,/dl/web/weather/ic-w-10-night-clear-sky-full.svg,Hải Phòng,2.2063542224252592,0,-0.8052917495509115,0
2025-01-29 21:00:00+07:00,153.0,5.5,63.0,/dl/web/weather/ic-w-10-night-clear-sky-full.svg,Hải Phòng,2.1252940877071063,0,-0.8052917495509115,0
2025-01-29 22:00:00+07:00,92.0,5.5,67.0,/dl/web/weather/ic-w-10-night-clear-sky-full.svg,Hải Phòng,0.47707134843799526,0,-0.8052917495509115,0
2025-01-29 23:00:00+07:00,94.0,3.7,77.0,/dl/web/weather/ic-w-10-night-clear-sky-full.svg,Hải Phòng,0.5311114382500972,0,-1.111509852894642,0
2025-01-30 00:00:00+07:00,117.0,3.7,72.0,/dl/web/weather/ic-w-10-night-clear-sky-full.svg,Hải Phòng,1.1525724710892702,0,-1.111509852894642,0
2025-01-30 01:00:00+07:00,122.0,3.7,72.0,/dl/web/weather/ic-w-10-night-clear-sky-full.svg,Hải Phòng,1.2876726956195252,0,-1.111509852894642,0
2025-01-30 02:00:00+07:00,153.0,5.5,72.0,/dl/web/weather/ic-w-10-night-clear-sky-full.svg,Hải Phòng,2.1252940877071063,0,-0.8052917495509115,0
2025-01-30 04:00:00+07:00,96.0,3.7,77.0,/dl/web/weather/ic-w-10-night-clear-sky-full.svg,Hải Phòng,0.5851515280621993,0,-1.111509852894642,0
2025-01-30 05:00:00+07:00,97.0,5.5,88.0,/dl/web/weather/ic-w-10-night-clear-sky-full.svg,Hải Phòng,0.6121715729682503,0,-0.8052917495509115,0
2025-01-30 06:00:00+07:00,96.0,3.7,82.0,/dl/web/weather/ic-w-10-night-clear-sky-full.svg,Hải Phòng,0.5851515280621993,0,-1.111509852894642,0
2025-01-30 07:00:00+07:00,91.0,0.0,82.0,/dl/web/weather/ic-w-01-clear-sky-full.svg,Hải Phòng,0.4500513035319443,0,-1.7409581764345325,0
2025-01-30 08:00:00+07:00,80.0,3.7,82.0,/dl/web/weather/ic-w-04-scattered-clouds-full.svg,Hải Phòng,0.1528308095653833,0,-1.111509852894642,0
2025-01-30 09:00:00+07:00,139.0,5.5,67.0,/dl/web/weather/ic-w-04-scattered-clouds-full.svg,Hải Phòng,1.747013459022392,0,-0.8052917495509115,0
2025-01-30 10:00:00+07:00,139.0,5.5,67.0,/dl/web/weather/ic-w-04-scattered-clouds-full.svg,Hải Phòng,1.747013459022392,0,-0.8052917495509115,0
2025-01-30 11:00:00+07:00,161.0,3.7,59.0,/dl/web/weather/ic-w-04-scattered-clouds-full.svg,Hải Phòng,2.341454446955514,0,-1.111509852894642,0
2025-01-30 12:00:00+07:00,153.0,0.0,59.0,/dl/web/weather/ic-w-04-scattered-clouds-full.svg,Hải Phòng,2.1252940877071063,0,-1.7409581764345325,0
2025-01-30 13:00:00+07:00,105.0,5.5,64.0,/dl/web/weather/ic-w-04-scattered-clouds-full.svg,Hải Phòng,0.8283319322166582,0,-0.8052917495509115,0
2025-01-30 14:00:00+07:00,94.0,5.5,73.0,/dl/web/weather/ic-w-04-scattered-clouds-full.svg,Hải Phòng,0.5311114382500972,0,-0.8052917495509115,0
2025-01-30 15:00:00+07:00,82.0,7.4,73.0,/dl/web/weather/ic-w-04-scattered-clouds-full.svg,Hải Phòng,0.20687089937748532,0,-0.48206152935475155,0
2025-01-30 16:00:00+07:00,81.0,11.1,68.0,/dl/web/weather/ic-w-04-scattered-clouds-full.svg,Hải Phòng,0.1798508544714343,0,0.14738679418513878,0
2025-01-30 17:00:00+07:00,81.0,11.1,68.0,/dl/web/weather/ic-w-04-scattered-clouds-full.svg,Hải Phòng,0.1798508544714343,0,0.14738679418513878,0
2025-01-30 18:00:00+07:00,79.0,13.0,73.0,/dl/web/weather/ic-w-04-scattered-clouds-full.svg,Hải Phòng,0.12581076465933233,0,0.4706170143812988,0
2025-01-30 19:00:00+07:00,84.0,11.1,82.0,/dl/web/weather/ic-w-04-scattered-clouds-full.svg,Hải Phòng,0.26091098918958733,0,0.14738679418513878,0
2025-01-30 20:00:00+07:00,96.0,9.2,88.0,/dl/web/weather/ic-w-04-scattered-clouds-full.svg,Hải Phòng,0.5851515280621993,0,-0.17584342601102124,0
2025-01-30 21:00:00+07:00,88.0,9.2,88.0,/dl/web/weather/ic-w-04-scattered-clouds-full.svg,Hải Phòng,0.3689911688137913,0,-0.17584342601102124,0
2025-01-30 22:00:00+07:00,86.0,7.4,88.0,/dl/web/weather/ic-w-10-night-clear-sky-full.svg,Hải Phòng,0.3149510790016893,0,-0.48206152935475155,0
2025-01-30 23:00:00+07:00,86.0,7.4,88.0,/dl/web/weather/ic-w-11-night-few-clouds-full.svg,Hải Phòng,0.3149510790016893,0,-0.48206152935475155,0
2025-01-31 00:00:00+07:00,88.0,5.5,88.0,/dl/web/weather/ic-w-04-scattered-clouds-full.svg,Hải Phòng,0.3689911688137913,0,-0.8052917495509115,0
2025-01-31 01:00:00+07:00,90.0,7.4,88.0,/dl/web/weather/ic-w-04-scattered-clouds-full.svg,Hải Phòng,0.4230312586258933,0,-0.48206152935475155,0
2025-01-31 02:00:00+07:00,88.0,5.5,94.0,/dl/web/weather/ic-w-04-scattered-clouds-full.svg,Hải Phòng,0.3689911688137913,0,-0.8052917495509115,0
2025-01-31 03:00:00+07:00,88.0,7.4,94.0,/dl/web/weather/ic-w-04-scattered-clouds-full.svg,Hải Phòng,0.3689911688137913,0,-0.48206152935475155,0
2025-01-31 04:00:00+07:00,90.0,7.4,94.0,/dl/web/weather/ic-w-04-scattered-clouds-full.svg,Hải Phòng,0.4230312586258933,0,-0.48206152935475155,0
2025-01-31 05:00:00+07:00,90.0,5.5,88.0,/dl/web/weather/ic-w-04-scattered-clouds-full.svg,Hải Phòng,0.4230312586258933,0,-0.8052917495509115,0
2025-01-31 06:00:00+07:00,90.0,7.4,88.0,/dl/web/weather/ic-w-04-scattered-clouds-full.svg,Hải Phòng,0.4230312586258933,0,-0.48206152935475155,0
2025-01-31 07:00:00+07:00,96.0,7.4,94.0,/dl/web/weather/ic-w-04-scattered-clouds-full.svg,Hải Phòng,0.5851515280621993,0,-0.48206152935475155,0
2025-01-31 08:00:00+07:00,92.0,5.5,94.0,/dl/web/weather/ic-w-04-scattered-clouds-full.svg,Hải Phòng,0.47707134843799526,0,-0.8052917495509115,0
2025-01-31 09:00:00+07:00,88.0,9.2,88.0,/dl/web/weather/ic-w-04-scattered-clouds-full.svg,Hải Phòng,0.3689911688137913,0,-0.17584342601102124,0
2025-01-31 10:00:00+07:00,88.0,9.2,88.0,/dl/web/weather/ic-w-04-scattered-clouds-full.svg,Hải Phòng,0.3689911688137913,0,-0.17584342601102124,0
2025-01-31 11:00:00+07:00,84.0,7.4,83.0,/dl/web/weather/ic-w-04-scattered-clouds-full.svg,Hải Phòng,0.26091098918958733,0,-0.48206152935475155,0
2025-01-31 12:00:00+07:00,79.0,14.8,78.0,/dl/web/weather/ic-w-04-scattered-clouds-full.svg,Hải Phòng,0.12581076465933233,0,0.7768351177250294,0
2025-01-31 13:00:00+07:00,73.0,13.0,88.0,/dl/web/weather/ic-w-09-mist-full.svg,Hải Phòng,-0.03630950477697366,0,0.4706170143812988,0
2025-01-31 14:00:00+07:00,73.0,9.2,83.0,/dl/web/weather/ic-w-04-scattered-clouds-full.svg,Hải Phòng,-0.03630950477697366,0,-0.17584342601102124,0
2025-01-31 15:00:00+07:00,69.0,14.8,83.0,/dl/web/weather/ic-w-04-scattered-clouds-full.svg,Hải Phòng,-0.14438968440117764,0,0.7768351177250294,0
2025-01-31 16:00:00+07:00,69.0,18.5,78.0,/dl/web/weather/ic-w-04-scattered-clouds-full.svg,Hải Phòng,-0.14438968440117764,0,1.4062834412649197,0
2025-01-31 17:00:00+07:00,71.0,20.4,78.0,/dl/web/weather/ic-w-04-scattered-clouds-full.svg,Hải Phòng,-0.09034959458907565,0,1.7295136614610795,0
2025-01-31 18:00:00+07:00,73.0,14.8,83.0,/dl/web/weather/ic-w-04-scattered-clouds-full.svg,Hải Phòng,-0.03630950477697366,0,0.7768351177250294,0
2025-01-31 19:00:00+07:00,73.0,14.8,83.0,/dl/web/weather/ic-w-04-scattered-clouds-full.svg,Hải Phòng,-0.03630950477697366,0,0.7768351177250294,0
2025-01-31 20:00:00+07:00,77.0,5.5,88.0,/dl/web/weather/ic-w-04-scattered-clouds-full.svg,Hải Phòng,0.07177067484723033,0,-0.8052917495509115,0
2025-01-31 21:00:00+07:00,75.0,5.5,88.0,/dl/web/weather/ic-w-04-scattered-clouds-full.svg,Hải Phòng,0.017730585035128334,0,-0.8052917495509115,0
2025-01-31 22:00:00+07:00,71.0,7.4,88.0,/dl/web/weather/ic-w-04-scattered-clouds-full.svg,Hải Phòng,-0.09034959458907565,0,-0.48206152935475155,0
2025-01-31 23:00:00+07:00,75.0,3.7,88.0,/dl/web/weather/ic-w-11-night-few-clouds-full.svg,Hải Phòng,0.017730585035128334,0,-1.111509852894642,0
2025-02-01 00:00:00+07:00,73.0,9.2,94.0,/dl/web/weather/ic-w-04-scattered-clouds-full.svg,Hải Phòng,-0.03630950477697366,0,-0.17584342601102124,0
2025-02-01 01:00:00+07:00,69.0,11.1,88.0,/dl/web/weather/ic-w-04-scattered-clouds-full.svg,Hải Phòng,-0.14438968440117764,0,0.14738679418513878,0
2025-02-01 02:00:00+07:00,68.0,5.5,94.0,/dl/web/weather/ic-w-10-night-clear-sky-full.svg,Hải Phòng,-0.17140972930722864,0,-0.8052917495509115,0
2025-02-01 03:00:00+07:00,73.0,5.5,94.0,/dl/web/weather/ic-w-10-night-clear-sky-full.svg,Hải Phòng,-0.03630950477697366,0,-0.8052917495509115,0
2025-02-01 04:00:00+07:00,71.0,3.7,94.0,/dl/web/weather/ic-w-04-scattered-clouds-full.svg,Hải Phòng,-0.09034959458907565,0,-1.111509852894642,0
2025-02-01 05:00:00+07:00,73.0,9.2,94.0,/dl/web/weather/ic-w-04-scattered-clouds-full.svg,Hải Phòng,-0.03630950477697366,0,-0.17584342601102124,0
2025-02-01 06:00:00+07:00,69.0,1.8,94.0,/dl/web/weather/ic-w-04-scattered-clouds-full.svg,Hải Phòng,-0.14438968440117764,0,-1.434740073090802,0
2025-02-01 07:00:00+07:00,73.0,7.4,88.0,/dl/web/weather/ic-w-04-scattered-clouds-full.svg,Hải Phòng,-0.03630950477697366,0,-0.48206152935475155,0
2025-02-01 08:00:00+07:00,75.0,5.5,94.0,/dl/web/weather/ic-w-04-scattered-clouds-full.svg,Hải Phòng,0.017730585035128334,0,-0.8052917495509115,0
2025-02-01 09:00:00+07:00,71.0,7.4,83.0,/dl/web/weather/ic-w-04-scattered-clouds-full.svg,Hải Phòng,-0.09034959458907565,0,-0.48206152935475155,0
2025-02-01 10:00:00+07:00,71.0,9.2,83.0,/dl/web/weather/ic-w-04-scattered-clouds-full.svg,Hải Phòng,-0.09034959458907565,0,-0.17584342601102124,0
2025-02-01 11:00:00+07:00,71.0,9.2,83.0,/dl/web/weather/ic-w-04-scattered-clouds-full.svg,Hải Phòng,-0.09034959458907565,0,-0.17584342601102124,0
2025-02-01 12:00:00+07:00,69.0,11.1,78.0,/dl/web/weather/ic-w-04-scattered-clouds-full.svg,Hải Phòng,-0.14438968440117764,0,0.14738679418513878,0
2025-02-01 13:00:00+07:00,64.0,13.0,73.0,/dl/web/weather/ic-w-04-scattered-clouds-full.svg,Hải Phòng,-0.2794899089314326,0,0.4706170143812988,0
2025-02-01 14:00:00+07:00,62.0,16.7,69.0,/dl/web/weather/ic-w-04-scattered-clouds-full.svg,Hải Phòng,-0.3335299987435346,0,1.100065337921189,0
2025-02-01 15:00:00+07:00,56.0,16.7,68.0,/dl/web/weather/ic-w-04-scattered-clouds-full.svg,Hải Phòng,-0.4956502681798406,0,1.100065337921189,0
2025-02-01 16:00:00+07:00,56.0,16.7,73.0,/dl/web/weather/ic-w-04-scattered-clouds-full.svg,Hải Phòng,-0.4956502681798406,0,1.100065337921189,0
2025-02-01 17:00:00+07:00,58.0,18.5,73.0,/dl/web/weather/ic-w-04-scattered-clouds-full.svg,Hải Phòng,-0.4416101783677386,0,1.4062834412649197,0
2025-02-01 18:00:00+07:00,58.0,16.7,73.0,/dl/web/weather/ic-w-04-scattered-clouds-full.svg,Hải Phòng,-0.4416101783677386,0,1.100065337921189,0
2025-02-01 19:00:00+07:00,58.0,14.8,83.0,/dl/web/weather/ic-w-04-scattered-clouds-full.svg,Hải Phòng,-0.4416101783677386,0,0.7768351177250294,0
2025-02-01 20:00:00+07:00,68.0,11.1,83.0,/dl/web/weather/ic-w-04-scattered-clouds-full.svg,Hải Phòng,-0.17140972930722864,0,0.14738679418513878,0
2025-02-01 21:00:00+07:00,64.0,7.4,83.0,/dl/web/weather/ic-w-04-scattered-clouds-full.svg,Hải Phòng,-0.2794899089314326,0,-0.48206152935475155,0
2025-02-01 22:00:00+07:00,64.0,7.4,83.0,/dl/web/weather/ic-w-04-scattered-clouds-full.svg,Hải Phòng,-0.2794899089314326,0,-0.48206152935475155,0
2025-02-01 23:00:00+07:00,66.0,9.2,88.0,/dl/web/weather/ic-w-04-scattered-clouds-full.svg,Hải Phòng,-0.22544981911933062,0,-0.17584342601102124,0
2025-02-02 00:00:00+07:00,68.0,7.4,88.0,/dl/web/weather/ic-w-04-scattered-clouds-full.svg,Hải Phòng,-0.17140972930722864,0,-0.48206152935475155,0
2025-02-02 01:00:00+07:00,68.0,9.2,88.0,/dl/web/weather/ic-w-04-scattered-clouds-full.svg,Hải Phòng,-0.17140972930722864,0,-0.17584342601102124,0
2025-02-02 02:00:00+07:00,71.0,9.2,83.0,/dl/web/weather/ic-w-04-scattered-clouds-full.svg,Hải Phòng,-0.09034959458907565,0,-0.17584342601102124,0
2025-02-02 03:00:00+07:00,75.0,11.1,83.0,/dl/web/weather/ic-w-04-scattered-clouds-full.svg,Hải Phòng,0.017730585035128334,0,0.14738679418513878,0
2025-02-02 04:00:00+07:00,73.0,13.0,88.0,/dl/web/weather/ic-w-04-scattered-clouds-full.svg,Hải Phòng,-0.03630950477697366,0,0.4706170143812988,0
2025-02-02 05:00:00+07:00,66.0,9.2,83.0,/dl/web/weather/ic-w-04-scattered-clouds-full.svg,Hải Phòng,-0.22544981911933062,0,-0.17584342601102124,0
2025-02-02 06:00:00+07:00,55.0,9.2,83.0,/dl/web/weather/ic-w-04-scattered-clouds-full.svg,Hải Phòng,-0.5226703130858916,0,-0.17584342601102124,0
2025-02-02 07:00:00+07:00,56.0,9.2,83.0,/dl/web/weather/ic-w-04-scattered-clouds-full.svg,Hải Phòng,-0.4956502681798406,0,-0.17584342601102124,0
2025-02-02 08:00:00+07:00,69.0,13.0,83.0,/dl/web/weather/ic-w-04-scattered-clouds-full.svg,Hải Phòng,-0.14438968440117764,0,0.4706170143812988,0
2025-02-02 09:00:00+07:00,69.0,14.8,83.0,/dl/web/weather/ic-w-04-scattered-clouds-full.svg,Hải Phòng,-0.14438968440117764,0,0.7768351177250294,0
2025-02-02 10:00:00+07:00,69.0,14.8,83.0,/dl/web/weather/ic-w-04-scattered-clouds-full.svg,Hải Phòng,-0.14438968440117764,0,0.7768351177250294,0
2025-02-02 11:00:00+07:00,73.0,18.5,73.0,/dl/web/weather/ic-w-04-scattered-clouds-full.svg,Hải Phòng,-0.03630950477697366,0,1.4062834412649197,0
2025-02-02 12:00:00+07:00,79.0,14.8,68.0,/dl/web/weather/ic-w-04-scattered-clouds-full.svg,Hải Phòng,0.12581076465933233,0,0.7768351177250294,0
2025-02-02 13:00:00+07:00,73.0,11.1,68.0,/dl/web/weather/ic-w-02-new-clouds-full.svg,Hải Phòng,-0.03630950477697366,0,0.14738679418513878,0
2025-02-02 14:00:00+07:00,69.0,9.2,69.0,/dl/web/weather/ic-w-02-new-clouds-full.svg,Hải Phòng,-0.14438968440117764,0,-0.17584342601102124,0
2025-02-02 15:00:00+07:00,64.0,16.7,73.0,/dl/web/weather/ic-w-04-scattered-clouds-full.svg,Hải Phòng,-0.2794899089314326,0,1.100065337921189,0
2025-02-02 16:00:00+07:00,53.0,16.7,73.0,/dl/web/weather/ic-w-04-scattered-clouds-full.svg,Hải Phòng,-0.5767104028979936,0,1.100065337921189,0
2025-02-02 17:00:00+07:00,44.0,14.8,73.0,/dl/web/weather/ic-w-02-new-clouds-full.svg,Hải Phòng,-0.8198908070524525,0,0.7768351177250294,0
2025-02-02 18:00:00+07:00,53.0,16.7,78.0,/dl/web/weather/ic-w-04-scattered-clouds-full.svg,Hải Phòng,-0.5767104028979936,0,1.100065337921189,0
2025-02-02 19:00:00+07:00,53.0,14.8,83.0,/dl/web/weather/ic-w-04-scattered-clouds-full.svg,Hải Phòng,-0.5767104028979936,0,0.7768351177250294,0
2025-02-02 20:00:00+07:00,58.0,16.7,88.0,/dl/web/weather/ic-w-04-scattered-clouds-full.svg,Hải Phòng,-0.4416101783677386,0,1.100065337921189,0
2025-02-02 21:00:00+07:00,68.0,16.7,88.0,/dl/web/weather/ic-w-04-scattered-clouds-full.svg,Hải Phòng,-0.17140972930722864,0,1.100065337921189,0
2025-02-02 22:00:00+07:00,77.0,14.8,88.0,/dl/web/weather/ic-w-04-scattered-clouds-full.svg,Hải Phòng,0.07177067484723033,0,0.7768351177250294,0
2025-02-02 23:00:00+07:00,94.0,14.8,88.0,/dl/web/weather/ic-w-04-scattered-clouds-full.svg,Hải Phòng,0.5311114382500972,0,0.7768351177250294,0
2025-02-03 00:00:00+07:00,139.0,13.0,83.0,/dl/web/weather/ic-w-04-scattered-clouds-full.svg,Hải Phòng,1.747013459022392,0,0.4706170143812988,0
2025-02-03 01:00:00+07:00,124.0,14.8,88.0,/dl/web/weather/ic-w-04-scattered-clouds-full.svg,Hải Phòng,1.341712785431627,0,0.7768351177250294,0
2025-02-03 02:00:00+07:00,110.0,14.8,82.0,/dl/web/weather/ic-w-04-scattered-clouds-full.svg,Hải Phòng,0.9634321567469132,0,0.7768351177250294,0
2025-02-03 03:00:00+07:00,122.0,11.1,82.0,/dl/web/weather/ic-w-11-night-few-clouds-full.svg,Hải Phòng,1.2876726956195252,0,0.14738679418513878,0
2025-02-03 04:00:00+07:00,115.0,11.1,77.0,/dl/web/weather/ic-w-11-night-few-clouds-full.svg,Hải Phòng,1.0985323812771681,0,0.14738679418513878,0
2025-02-03 05:00:00+07:00,92.0,11.1,82.0,/dl/web/weather/ic-w-04-scattered-clouds-full.svg,Hải Phòng,0.47707134843799526,0,0.14738679418513878,0
2025-02-03 06:00:00+07:00,73.0,13.0,77.0,/dl/web/weather/ic-w-04-scattered-clouds-full.svg,Hải Phòng,-0.03630950477697366,0,0.4706170143812988,0
2025-02-03 07:00:00+07:00,66.0,11.1,72.0,/dl/web/weather/ic-w-04-scattered-clouds-full.svg,Hải Phòng,-0.22544981911933062,0,0.14738679418513878,0
2025-02-03 08:00:00+07:00,56.0,14.8,72.0,/dl/web/weather/ic-w-04-scattered-clouds-full.svg,Hải Phòng,-0.4956502681798406,0,0.7768351177250294,0
2025-02-03 09:00:00+07:00,62.0,14.8,67.0,/dl/web/weather/ic-w-04-scattered-clouds-full.svg,Hải Phòng,-0.3335299987435346,0,0.7768351177250294,0
2025-02-03 10:00:00+07:00,62.0,14.8,67.0,/dl/web/weather/ic-w-04-scattered-clouds-full.svg,Hải Phòng,-0.3335299987435346,0,0.7768351177250294,0
2025-02-03 11:00:00+07:00,58.0,16.7,67.0,/dl/web/weather/ic-w-04-scattered-clouds-full.svg,Hải Phòng,-0.4416101783677386,0,1.100065337921189,0
2025-02-03 12:00:00+07:00,60.0,13.0,67.0,/dl/web/weather/ic-w-04-scattered-clouds-full.svg,Hải Phòng,-0.3875700885556366,0,0.4706170143812988,0
2025-02-03 13:00:00+07:00,66.0,11.1,63.0,/dl/web/weather/ic-w-04-scattered-clouds-full.svg,Hải Phòng,-0.22544981911933062,0,0.14738679418513878,0
2025-02-03 14:00:00+07:00,79.0,14.8,63.0,/dl/web/weather/ic-w-04-scattered-clouds-full.svg,Hải Phòng,0.12581076465933233,0,0.7768351177250294,0
2025-02-03 15:00:00+07:00,86.0,13.0,63.0,/dl/web/weather/ic-w-04-scattered-clouds-full.svg,Hải Phòng,0.3149510790016893,0,0.4706170143812988,0
2025-02-03 16:00:00+07:00,77.0,11.1,67.0,/dl/web/weather/ic-w-04-scattered-clouds-full.svg,Hải Phòng,0.07177067484723033,0,0.14738679418513878,0
2025-02-03 17:00:00+07:00,79.0,11.1,67.0,/dl/web/weather/ic-w-04-scattered-clouds-full.svg,Hải Phòng,0.12581076465933233,0,0.14738679418513878,0
2025-02-03 18:00:00+07:00,81.0,11.1,63.0,/dl/web/weather/ic-w-04-scattered-clouds-full.svg,Hải Phòng,0.1798508544714343,0,0.14738679418513878,0
2025-02-03 19:00:00+07:00,79.0,11.1,63.0,/dl/web/weather/ic-w-04-scattered-clouds-full.svg,Hải Phòng,0.12581076465933233,0,0.14738679418513878,0
2025-02-03 20:00:00+07:00,73.0,13.0,63.0,/dl/web/weather/ic-w-04-scattered-clouds-full.svg,Hải Phòng,-0.03630950477697366,0,0.4706170143812988,0
2025-02-03 21:00:00+07:00,62.0,13.0,63.0,/dl/web/weather/ic-w-04-scattered-clouds-full.svg,Hải Phòng,-0.3335299987435346,0,0.4706170143812988,0
2025-02-03 22:00:00+07:00,58.0,11.1,63.0,/dl/web/weather/ic-w-04-scattered-clouds-full.svg,Hải Phòng,-0.4416101783677386,0,0.14738679418513878,0
2025-02-03 23:00:00+07:00,56.0,9.2,63.0,/dl/web/weather/ic-w-04-scattered-clouds-full.svg,Hải Phòng,-0.4956502681798406,0,-0.17584342601102124,0
2025-02-04 00:00:00+07:00,55.0,14.8,58.0,/dl/web/weather/ic-w-04-scattered-clouds-full.svg,Hải Phòng,-0.5226703130858916,0,0.7768351177250294,0
2025-02-04 01:00:00+07:00,55.0,9.2,58.0,/dl/web/weather/ic-w-04-scattered-clouds-full.svg,Hải Phòng,-0.5226703130858916,0,-0.17584342601102124,0
2025-02-04 02:00:00+07:00,58.0,9.2,55.0,/dl/web/weather/ic-w-04-scattered-clouds-full.svg,Hải Phòng,-0.4416101783677386,0,-0.17584342601102124,0
2025-02-04 03:00:00+07:00,58.0,9.2,58.0,/dl/web/weather/ic-w-04-scattered-clouds-full.svg,Hải Phòng,-0.4416101783677386,0,-0.17584342601102124,0
2025-02-04 04:00:00+07:00,62.0,14.8,55.0,/dl/web/weather/ic-w-04-scattered-clouds-full.svg,Hải Phòng,-0.3335299987435346,0,0.7768351177250294,0
2025-02-04 05:00:00+07:00,62.0,13.0,51.0,/dl/web/weather/ic-w-04-scattered-clouds-full.svg,Hải Phòng,-0.3335299987435346,0,0.4706170143812988,0
2025-02-04 06:00:00+07:00,68.0,13.0,51.0,/dl/web/weather/ic-w-04-scattered-clouds-full.svg,Hải Phòng,-0.17140972930722864,0,0.4706170143812988,0
2025-02-04 07:00:00+07:00,71.0,11.1,54.0,/dl/web/weather/ic-w-04-scattered-clouds-full.svg,Hải Phòng,-0.09034959458907565,0,0.14738679418513878,0
2025-02-04 08:00:00+07:00,79.0,14.8,54.0,/dl/web/weather/ic-w-04-scattered-clouds-full.svg,Hải Phòng,0.12581076465933233,0,0.7768351177250294,0
2025-02-04 09:00:00+07:00,81.0,11.1,51.0,/dl/web/weather/ic-w-04-scattered-clouds-full.svg,Hải Phòng,0.1798508544714343,0,0.14738679418513878,0
2025-02-04 10:00:00+07:00,81.0,11.1,51.0,/dl/web/weather/ic-w-04-scattered-clouds-full.svg,Hải Phòng,0.1798508544714343,0,0.14738679418513878,0
2025-02-04 11:00:00+07:00,84.0,11.1,48.0,/dl/web/weather/ic-w-01-clear-sky-full.svg,Hải Phòng,0.26091098918958733,0,0.14738679418513878,0
2025-02-04 12:00:00+07:00,77.0,9.2,48.0,/dl/web/weather/ic-w-01-clear-sky-full.svg,Hải Phòng,0.07177067484723033,0,-0.17584342601102124,0
2025-02-04 13:00:00+07:00,81.0,3.7,45.0,/dl/web/weather/ic-w-01-clear-sky-full.svg,Hải Phòng,0.1798508544714343,0,-1.111509852894642,0
2025-02-04 14:00:00+07:00,84.0,3.7,48.0,/dl/web/weather/ic-w-01-clear-sky-full.svg,Hải Phòng,0.26091098918958733,0,-1.111509852894642,0
2025-02-04 15:00:00+07:00,86.0,5.5,42.0,/dl/web/weather/ic-w-01-clear-sky-full.svg,Hải Phòng,0.3149510790016893,0,-0.8052917495509115,0
2025-02-04 16:00:00+07:00,92.0,9.2,45.0,/dl/web/weather/ic-w-01-clear-sky-full.svg,Hải Phòng,0.47707134843799526,0,-0.17584342601102124,0
2025-02-04 17:00:00+07:00,79.0,14.8,52.0,/dl/web/weather/ic-w-01-clear-sky-full.svg,Hải Phòng,0.12581076465933233,0,0.7768351177250294,0
2025-02-04 18:00:00+07:00,88.0,16.7,55.0,/dl/web/weather/ic-w-01-clear-sky-full.svg,Hải Phòng,0.3689911688137913,0,1.100065337921189,0
2025-02-04 19:00:00+07:00,88.0,14.8,63.0,/dl/web/weather/ic-w-10-night-clear-sky-full.svg,Hải Phòng,0.3689911688137913,0,0.7768351177250294,0
2025-02-04 20:00:00+07:00,88.0,13.0,67.0,/dl/web/weather/ic-w-10-night-clear-sky-full.svg,Hải Phòng,0.3689911688137913,0,0.4706170143812988,0
2025-02-04 21:00:00+07:00,92.0,13.0,67.0,/dl/web/weather/ic-w-10-night-clear-sky-full.svg,Hải Phòng,0.47707134843799526,0,0.4706170143812988,0
2025-02-04 22:00:00+07:00,97.0,13.0,67.0,/dl/web/weather/ic-w-10-night-clear-sky-full.svg,Hải Phòng,0.6121715729682503,0,0.4706170143812988,0
2025-02-04 23:00:00+07:00,107.0,9.2,63.0,/dl/web/weather/ic-w-10-night-clear-sky-full.svg,Hải Phòng,0.8823720220287602,0,-0.17584342601102124,0
2025-02-05 00:00:00+07:00,99.0,13.0,63.0,/dl/web/weather/ic-w-10-night-clear-sky-full.svg,Hải Phòng,0.6662116627803523,0,0.4706170143812988,0
2025-02-05 01:00:00+07:00,99.0,9.2,67.0,/dl/web/weather/ic-w-10-night-clear-sky-full.svg,Hải Phòng,0.6662116627803523,0,-0.17584342601102124,0
2025-02-05 02:00:00+07:00,97.0,7.4,72.0,/dl/web/weather/ic-w-10-night-clear-sky-full.svg,Hải Phòng,0.6121715729682503,0,-0.48206152935475155,0
2025-02-05 03:00:00+07:00,96.0,7.4,72.0,/dl/web/weather/ic-w-10-night-clear-sky-full.svg,Hải Phòng,0.5851515280621993,0,-0.48206152935475155,0
2025-02-05 04:00:00+07:00,90.0,7.4,72.0,/dl/web/weather/ic-w-11-night-few-clouds-full.svg,Hải Phòng,0.4230312586258933,0,-0.48206152935475155,0
2025-02-05 05:00:00+07:00,105.0,7.4,72.0,/dl/web/weather/ic-w-04-scattered-clouds-full.svg,Hải Phòng,0.8283319322166582,0,-0.48206152935475155,0
2025-02-05 06:00:00+07:00,99.0,7.4,72.0,/dl/web/weather/ic-w-04-scattered-clouds-full.svg,Hải Phòng,0.6662116627803523,0,-0.48206152935475155,0
2025-02-05 07:00:00+07:00,94.0,7.4,77.0,/dl/web/weather/ic-w-04-scattered-clouds-full.svg,Hải Phòng,0.5311114382500972,0,-0.48206152935475155,0
2025-02-05 08:00:00+07:00,110.0,7.4,72.0,/dl/web/weather/ic-w-04-scattered-clouds-full.svg,Hải Phòng,0.9634321567469132,0,-0.48206152935475155,0
2025-02-05 09:00:00+07:00,115.0,9.2,72.0,/dl/web/weather/ic-w-04-scattered-clouds-full.svg,Hải Phòng,1.0985323812771681,0,-0.17584342601102124,0
2025-02-05 10:00:00+07:00,115.0,9.2,72.0,/dl/web/weather/ic-w-04-scattered-clouds-full.svg,Hải Phòng,1.0985323812771681,0,-0.17584342601102124,0
2025-02-05 11:00:00+07:00,119.0,9.2,72.0,/dl/web/weather/ic-w-04-scattered-clouds-full.svg,Hải Phòng,1.2066125609013723,0,-0.17584342601102124,0
2025-02-05 12:00:00+07:00,122.0,7.4,72.0,/dl/web/weather/ic-w-04-scattered-clouds-full.svg,Hải Phòng,1.2876726956195252,0,-0.48206152935475155,0
2025-02-05 13:00:00+07:00,117.0,5.5,63.0,/dl/web/weather/ic-w-04-scattered-clouds-full.svg,Hải Phòng,1.1525724710892702,0,-0.8052917495509115,0
2025-02-05 14:00:00+07:00,112.0,7.4,68.0,/dl/web/weather/ic-w-04-scattered-clouds-full.svg,Hải Phòng,1.0174722465590151,0,-0.48206152935475155,0
2025-02-05 15:00:00+07:00,115.0,11.1,68.0,/dl/web/weather/ic-w-04-scattered-clouds-full.svg,Hải Phòng,1.0985323812771681,0,0.14738679418513878,0
2025-02-05 16:00:00+07:00,117.0,11.1,68.0,/dl/web/weather/ic-w-04-scattered-clouds-full.svg,Hải Phòng,1.1525724710892702,0,0.14738679418513878,0
2025-02-05 17:00:00+07:00,129.0,14.8,72.0,/dl/web/weather/ic-w-04-scattered-clouds-full.svg,Hải Phòng,1.4768130099618821,0,0.7768351177250294,0
2025-02-05 18:00:00+07:00,155.0,13.0,82.0,/dl/web/weather/ic-w-04-scattered-clouds-full.svg,Hải Phòng,2.179334177519208,0,0.4706170143812988,0
2025-02-05 19:00:00+07:00,173.0,13.0,82.0,/dl/web/weather/ic-w-04-scattered-clouds-full.svg,Hải Phòng,2.665694985828126,0,0.4706170143812988,0
2025-02-05 20:00:00+07:00,172.0,13.0,77.0,/dl/web/weather/ic-w-04-scattered-clouds-full.svg,Hải Phòng,2.638674940922075,0,0.4706170143812988,0
2025-02-05 21:00:00+07:00,156.0,13.0,77.0,/dl/web/weather/ic-w-04-scattered-clouds-full.svg,Hải Phòng,2.2063542224252592,0,0.4706170143812988,0
2025-02-05 22:00:00+07:00,152.0,11.1,77.0,/dl/web/weather/ic-w-04-scattered-clouds-full.svg,Hải Phòng,2.098274042801055,0,0.14738679418513878,0
2025-02-05 23:00:00+07:00,154.0,9.2,77.0,/dl/web/weather/ic-w-04-scattered-clouds-full.svg,Hải Phòng,2.152314132613157,0,-0.17584342601102124,0
2025-02-06 00:00:00+07:00,157.0,9.2,77.0,/dl/web/weather/ic-w-04-scattered-clouds-full.svg,Hải Phòng,2.23337426733131,0,-0.17584342601102124,0
2025-02-06 01:00:00+07:00,158.0,7.4,77.0,/dl/web/weather/ic-w-04-scattered-clouds-full.svg,Hải Phòng,2.260394312237361,0,-0.48206152935475155,0
2025-02-06 02:00:00+07:00,158.0,9.2,82.0,/dl/web/weather/ic-w-04-scattered-clouds-full.svg,Hải Phòng,2.260394312237361,0,-0.17584342601102124,0
2025-02-06 03:00:00+07:00,163.0,7.4,88.0,/dl/web/weather/ic-w-06-rain-full.svg,Hải Phòng,2.395494536767616,0,-0.48206152935475155,0
2025-02-06 04:00:00+07:00,165.0,7.4,94.0,/dl/web/weather/ic-w-06-rain-full.svg,Hải Phòng,2.449534626579718,0,-0.48206152935475155,0
2025-02-06 05:00:00+07:00,163.0,3.7,100.0,/dl/web/weather/ic-w-09-mist-full.svg,Hải Phòng,2.395494536767616,0,-1.111509852894642,0
2025-02-06 06:00:00+07:00,158.0,5.5,100.0,/dl/web/weather/ic-w-09-mist-full.svg,Hải Phòng,2.260394312237361,0,-0.8052917495509115,0
2025-02-06 07:00:00+07:00,144.0,5.5,100.0,/dl/web/weather/ic-w-09-mist-full.svg,Hải Phòng,1.882113683552647,0,-0.8052917495509115,0
2025-02-06 08:00:00+07:00,115.0,9.2,94.0,/dl/web/weather/ic-w-06-rain-full.svg,Hải Phòng,1.0985323812771681,0,-0.17584342601102124,0
2025-02-06 09:00:00+07:00,110.0,9.2,94.0,/dl/web/weather/ic-w-06-rain-full.svg,Hải Phòng,0.9634321567469132,0,-0.17584342601102124,0
2025-02-06 10:00:00+07:00,110.0,9.2,94.0,/dl/web/weather/ic-w-06-rain-full.svg,Hải Phòng,0.9634321567469132,0,-0.17584342601102124,0
2025-02-06 11:00:00+07:00,88.0,9.2,94.0,/dl/web/weather/ic-w-04-scattered-clouds-full.svg,Hải Phòng,0.3689911688137913,0,-0.17584342601102124,0
2025-02-06 12:00:00+07:00,92.0,7.4,94.0,/dl/web/weather/ic-w-04-scattered-clouds-full.svg,Hải Phòng,0.47707134843799526,0,-0.48206152935475155,0
2025-02-06 13:00:00+07:00,94.0,7.4,88.0,/dl/web/weather/ic-w-04-scattered-clouds-full.svg,Hải Phòng,0.5311114382500972,0,-0.48206152935475155,0
2025-02-06 14:00:00+07:00,88.0,7.4,88.0,/dl/web/weather/ic-w-04-scattered-clouds-full.svg,Hải Phòng,0.3689911688137913,0,-0.48206152935475155,0
2025-02-06 15:00:00+07:00,92.0,9.2,94.0,/dl/web/weather/ic-w-04-scattered-clouds-full.svg,Hải Phòng,0.47707134843799526,0,-0.17584342601102124,0
2025-02-06 16:00:00+07:00,90.0,9.2,94.0,/dl/web/weather/ic-w-04-scattered-clouds-full.svg,Hải Phòng,0.4230312586258933,0,-0.17584342601102124,0
2025-02-06 17:00:00+07:00,99.0,11.1,88.0,/dl/web/weather/ic-w-04-scattered-clouds-full.svg,Hải Phòng,0.6662116627803523,0,0.14738679418513878,0
2025-02-06 18:00:00+07:00,99.0,9.2,88.0,/dl/web/weather/ic-w-04-scattered-clouds-full.svg,Hải Phòng,0.6662116627803523,0,-0.17584342601102124,0
2025-02-06 19:00:00+07:00,94.0,9.2,88.0,/dl/web/weather/ic-w-04-scattered-clouds-full.svg,Hải Phòng,0.5311114382500972,0,-0.17584342601102124,0
2025-02-06 20:00:00+07:00,92.0,9.2,88.0,/dl/web/weather/ic-w-04-scattered-clouds-full.svg,Hải Phòng,0.47707134843799526,0,-0.17584342601102124,0
2025-02-06 21:00:00+07:00,88.0,9.2,88.0,/dl/web/weather/ic-w-04-scattered-clouds-full.svg,Hải Phòng,0.3689911688137913,0,-0.17584342601102124,0
2025-02-06 22:00:00+07:00,81.0,11.1,88.0,/dl/web/weather/ic-w-04-scattered-clouds-full.svg,Hải Phòng,0.1798508544714343,0,0.14738679418513878,0
2025-02-06 23:00:00+07:00,105.0,11.1,88.0,/dl/web/weather/ic-w-04-scattered-clouds-full.svg,Hải Phòng,0.8283319322166582,0,0.14738679418513878,0
2025-02-07 00:00:00+07:00,134.0,11.1,94.0,/dl/web/weather/ic-w-06-rain-full.svg,Hải Phòng,1.6119132344921372,0,0.14738679418513878,0
2025-02-07 01:00:00+07:00,144.0,9.2,94.0,/dl/web/weather/ic-w-06-rain-full.svg,Hải Phòng,1.882113683552647,0,-0.17584342601102124,0
2025-02-07 02:00:00+07:00,105.0,14.8,100.0,/dl/web/weather/ic-w-06-rain-full.svg,Hải Phòng,0.8283319322166582,0,0.7768351177250294,0
2025-02-07 03:00:00+07:00,105.0,9.2,94.0,/dl/web/weather/ic-w-06-rain-full.svg,Hải Phòng,0.8283319322166582,0,-0.17584342601102124,0
2025-02-07 04:00:00+07:00,105.0,11.1,100.0,/dl/web/weather/ic-w-04-scattered-clouds-full.svg,Hải Phòng,0.8283319322166582,0,0.14738679418513878,0
2025-02-07 05:00:00+07:00,44.0,11.1,94.0,/dl/web/weather/ic-w-06-rain-full.svg,Hải Phòng,-0.8198908070524525,0,0.14738679418513878,0
2025-02-07 06:00:00+07:00,41.0,11.1,100.0,/dl/web/weather/ic-w-06-rain-full.svg,Hải Phòng,-0.9009509417706055,0,0.14738679418513878,0
2025-02-07 07:00:00+07:00,35.0,13.0,100.0,/dl/web/weather/ic-w-04-scattered-clouds-full.svg,Hải Phòng,-1.0630712112069116,0,0.4706170143812988,0
2025-02-07 08:00:00+07:00,32.0,9.2,94.0,/dl/web/weather/ic-w-04-scattered-clouds-full.svg,Hải Phòng,-1.1441313459250646,0,-0.17584342601102124,0
2025-02-07 09:00:00+07:00,39.0,9.2,94.0,/dl/web/weather/ic-w-04-scattered-clouds-full.svg,Hải Phòng,-0.9549910315827075,0,-0.17584342601102124,0
2025-02-07 10:00:00+07:00,39.0,7.4,94.0,/dl/web/weather/ic-w-04-scattered-clouds-full.svg,Hải Phòng,-0.9549910315827075,0,-0.48206152935475155,0
2025-02-07 11:00:00+07:00,34.0,7.4,94.0,/dl/web/weather/ic-w-04-scattered-clouds-full.svg,Hải Phòng,-1.0900912561129625,0,-0.48206152935475155,0
2025-02-07 12:00:00+07:00,39.0,7.4,94.0,/dl/web/weather/ic-w-04-scattered-clouds-full.svg,Hải Phòng,-0.9549910315827075,0,-0.48206152935475155,0
2025-02-07 13:00:00+07:00,47.0,11.1,88.0,/dl/web/weather/ic-w-04-scattered-clouds-full.svg,Hải Phòng,-0.7388306723342996,0,0.14738679418513878,0
2025-02-07 14:00:00+07:00,55.0,5.5,88.0,/dl/web/weather/ic-w-04-scattered-clouds-full.svg,Hải Phòng,-0.5226703130858916,0,-0.8052917495509115,0
2025-02-07 15:00:00+07:00,31.0,11.1,77.0,/dl/web/weather/ic-w-04-scattered-clouds-full.svg,Hải Phòng,-1.1711513908311155,0,0.14738679418513878,0
2025-02-07 16:00:00+07:00,50.0,13.0,77.0,/dl/web/weather/ic-w-04-scattered-clouds-full.svg,Hải Phòng,-0.6577705376161466,0,0.4706170143812988,0
2025-02-07 17:00:00+07:00,56.0,5.5,77.0,/dl/web/weather/ic-w-04-scattered-clouds-full.svg,Hải Phòng,-0.4956502681798406,0,-0.8052917495509115,0
2025-02-07 18:00:00+07:00,55.0,9.2,77.0,/dl/web/weather/ic-w-04-scattered-clouds-full.svg,Hải Phòng,-0.5226703130858916,0,-0.17584342601102124,0
2025-02-07 19:00:00+07:00,33.0,9.2,77.0,/dl/web/weather/ic-w-04-scattered-clouds-full.svg,Hải Phòng,-1.1171113010190135,0,-0.17584342601102124,0
2025-02-07 20:00:00+07:00,40.0,9.2,77.0,/dl/web/weather/ic-w-04-scattered-clouds-full.svg,Hải Phòng,-0.9279709866766566,0,-0.17584342601102124,0
2025-02-07 21:00:00+07:00,51.0,9.2,77.0,/dl/web/weather/ic-w-04-scattered-clouds-full.svg,Hải Phòng,-0.6307504927100955,0,-0.17584342601102124,0
2025-02-07 22:00:00+07:00,32.0,9.2,77.0,/dl/web/weather/ic-w-04-scattered-clouds-full.svg,Hải Phòng,-1.1441313459250646,0,-0.17584342601102124,0
2025-02-07 23:00:00+07:00,31.0,11.1,72.0,/dl/web/weather/ic-w-04-scattered-clouds-full.svg,Hải Phòng,-1.1711513908311155,0,0.14738679418513878,0
2025-02-08 00:00:00+07:00,31.0,9.0,73.0,/dl/web/weather/ic-w-04-scattered-clouds-full.svg,Hải Phòng,-1.1711513908311155,0,-0.20986765971588006,0
2025-02-08 01:00:00+07:00,31.0,9.0,73.0,/dl/web/weather/ic-w-04-scattered-clouds-full.svg,Hải Phòng,-1.1711513908311155,0,-0.20986765971588006,0
2025-02-08 02:00:00+07:00,31.0,11.1,76.0,/dl/web/weather/ic-w-04-scattered-clouds-full.svg,Hải Phòng,-1.1711513908311155,0,0.14738679418513878,0
2025-02-08 03:00:00+07:00,38.0,9.2,76.0,/dl/web/weather/ic-w-04-scattered-clouds-full.svg,Hải Phòng,-0.9820110764887585,0,-0.17584342601102124,0
2025-02-08 04:00:00+07:00,44.0,5.3,72.0,/dl/web/weather/ic-w-04-scattered-clouds-full.svg,Hải Phòng,-0.8198908070524525,0,-0.8393159832557705,0
2025-02-08 05:00:00+07:00,35.0,11.1,76.0,/dl/web/weather/ic-w-04-scattered-clouds-full.svg,Hải Phòng,-1.0630712112069116,0,0.14738679418513878,0
2025-02-08 06:00:00+07:00,42.0,11.1,76.0,/dl/web/weather/ic-w-04-scattered-clouds-full.svg,Hải Phòng,-0.8739308968645545,0,0.14738679418513878,0
2025-02-08 07:00:00+07:00,47.0,9.2,76.0,/dl/web/weather/ic-w-04-scattered-clouds-full.svg,Hải Phòng,-0.7388306723342996,0,-0.17584342601102124,0
2025-02-08 08:00:00+07:00,38.0,11.1,76.0,/dl/web/weather/ic-w-04-scattered-clouds-full.svg,Hải Phòng,-0.9820110764887585,0,0.14738679418513878,0
2025-02-08 09:00:00+07:00,45.0,13.0,76.0,/dl/web/weather/ic-w-04-scattered-clouds-full.svg,Hải Phòng,-0.7928707621464015,0,0.4706170143812988,0
2025-02-08 10:00:00+07:00,45.0,13.0,76.0,/dl/web/weather/ic-w-04-scattered-clouds-full.svg,Hải Phòng,-0.7928707621464015,0,0.4706170143812988,0
2025-02-08 11:00:00+07:00,55.0,13.0,71.0,/dl/web/weather/ic-w-04-scattered-clouds-full.svg,Hải Phòng,-0.5226703130858916,0,0.4706170143812988,0
2025-02-08 12:00:00+07:00,66.0,9.2,67.0,/dl/web/weather/ic-w-04-scattered-clouds-full.svg,Hải Phòng,-0.22544981911933062,0,-0.17584342601102124,0
2025-02-08 13:00:00+07:00,66.0,5.5,67.0,/dl/web/weather/ic-w-04-scattered-clouds-full.svg,Hải Phòng,-0.22544981911933062,0,-0.8052917495509115,0
2025-02-08 14:00:00+07:00,75.0,1.8,63.0,/dl/web/weather/ic-w-04-scattered-clouds-full.svg,Hải Phòng,0.017730585035128334,0,-1.434740073090802,0
2025-02-08 15:00:00+07:00,84.0,3.7,67.0,/dl/web/weather/ic-w-04-scattered-clouds-full.svg,Hải Phòng,0.26091098918958733,0,-1.111509852894642,0
2025-02-08 16:00:00+07:00,92.0,3.7,67.0,/dl/web/weather/ic-w-04-scattered-clouds-full.svg,Hải Phòng,0.47707134843799526,0,-1.111509852894642,0
2025-02-08 17:00:00+07:00,84.0,3.7,67.0,/dl/web/weather/ic-w-04-scattered-clouds-full.svg,Hải Phòng,0.26091098918958733,0,-1.111509852894642,0
2025-02-08 18:00:00+07:00,84.0,9.2,63.0,/dl/web/weather/ic-w-04-scattered-clouds-full.svg,Hải Phòng,0.26091098918958733,0,-0.17584342601102124,0
2025-02-08 19:00:00+07:00,88.0,7.4,63.0,/dl/web/weather/ic-w-04-scattered-clouds-full.svg,Hải Phòng,0.3689911688137913,0,-0.48206152935475155,0
2025-02-08 20:00:00+07:00,90.0,7.4,58.0,/dl/web/weather/ic-w-04-scattered-clouds-full.svg,Hải Phòng,0.4230312586258933,0,-0.48206152935475155,0
2025-02-08 21:00:00+07:00,102.0,13.0,62.0,/dl/web/weather/ic-w-04-scattered-clouds-full.svg,Hải Phòng,0.7472717974985053,0,0.4706170143812988,0
2025-02-08 22:00:00+07:00,96.0,9.2,62.0,/dl/web/weather/ic-w-04-scattered-clouds-full.svg,Hải Phòng,0.5851515280621993,0,-0.17584342601102124,0
2025-02-08 23:00:00+07:00,97.0,9.2,62.0,/dl/web/weather/ic-w-04-scattered-clouds-full.svg,Hải Phòng,0.6121715729682503,0,-0.17584342601102124,0
2025-02-09 00:00:00+07:00,94.0,7.4,71.0,/dl/web/weather/ic-w-04-scattered-clouds-full.svg,Hải Phòng,0.5311114382500972,0,-0.48206152935475155,0
2025-02-09 01:00:00+07:00,94.0,7.4,71.0,/dl/web/weather/ic-w-04-scattered-clouds-full.svg,Hải Phòng,0.5311114382500972,0,-0.48206152935475155,0
2025-02-09 02:00:00+07:00,96.0,7.4,71.0,/dl/web/weather/ic-w-04-scattered-clouds-full.svg,Hải Phòng,0.5851515280621993,0,-0.48206152935475155,0
2025-02-09 03:00:00+07:00,99.0,11.1,67.0,/dl/web/weather/ic-w-04-scattered-clouds-full.svg,Hải Phòng,0.6662116627803523,0,0.14738679418513878,0
2025-02-09 04:00:00+07:00,112.0,9.2,71.0,/dl/web/weather/ic-w-04-scattered-clouds-full.svg,Hải Phòng,1.0174722465590151,0,-0.17584342601102124,0
2025-02-09 05:00:00+07:00,110.0,13.0,67.0,/dl/web/weather/ic-w-04-scattered-clouds-full.svg,Hải Phòng,0.9634321567469132,0,0.4706170143812988,0
2025-02-09 06:00:00+07:00,124.0,9.2,71.0,/dl/web/weather/ic-w-04-scattered-clouds-full.svg,Hải Phòng,1.341712785431627,0,-0.17584342601102124,0
2025-02-09 07:00:00+07:00,102.0,11.1,66.0,/dl/web/weather/ic-w-04-scattered-clouds-full.svg,Hải Phòng,0.7472717974985053,0,0.14738679418513878,0
2025-02-09 08:00:00+07:00,94.0,13.0,66.0,/dl/web/weather/ic-w-04-scattered-clouds-full.svg,Hải Phòng,0.5311114382500972,0,0.4706170143812988,0
2025-02-09 09:00:00+07:00,99.0,13.0,66.0,/dl/web/weather/ic-w-04-scattered-clouds-full.svg,Hải Phòng,0.6662116627803523,0,0.4706170143812988,0
2025-02-09 10:00:00+07:00,99.0,3.7,62.0,/dl/web/weather/ic-w-04-scattered-clouds-full.svg,Hải Phòng,0.6662116627803523,0,-1.111509852894642,0
2025-02-09 11:00:00+07:00,110.0,3.7,62.0,/dl/web/weather/ic-w-04-scattered-clouds-full.svg,Hải Phòng,0.9634321567469132,0,-1.111509852894642,0
2025-02-09 12:00:00+07:00,115.0,7.4,58.0,/dl/web/weather/ic-w-04-scattered-clouds-full.svg,Hải Phòng,1.0985323812771681,0,-0.48206152935475155,0
2025-02-09 13:00:00+07:00,107.0,7.4,51.0,/dl/web/weather/ic-w-04-scattered-clouds-full.svg,Hải Phòng,0.8823720220287602,0,-0.48206152935475155,0
2025-02-09 14:00:00+07:00,112.0,5.5,48.0,/dl/web/weather/ic-w-04-scattered-clouds-full.svg,Hải Phòng,1.0174722465590151,0,-0.8052917495509115,0
2025-02-09 15:00:00+07:00,110.0,3.7,48.0,/dl/web/weather/ic-w-04-scattered-clouds-full.svg,Hải Phòng,0.9634321567469132,0,-1.111509852894642,0
2025-02-09 16:00:00+07:00,110.0,5.5,51.0,/dl/web/weather/ic-w-04-scattered-clouds-full.svg,Hải Phòng,0.9634321567469132,0,-0.8052917495509115,0
2025-02-09 17:00:00+07:00,117.0,5.5,48.0,/dl/web/weather/ic-w-04-scattered-clouds-full.svg,Hải Phòng,1.1525724710892702,0,-0.8052917495509115,0
2025-02-09 18:00:00+07:00,137.0,3.7,51.0,/dl/web/weather/ic-w-04-scattered-clouds-full.svg,Hải Phòng,1.6929733692102902,0,-1.111509852894642,0
2025-02-09 19:00:00+07:00,154.0,7.4,59.0,/dl/web/weather/ic-w-04-scattered-clouds-full.svg,Hải Phòng,2.152314132613157,0,-0.48206152935475155,0
2025-02-09 20:00:00+07:00,157.0,7.4,63.0,/dl/web/weather/ic-w-04-scattered-clouds-full.svg,Hải Phòng,2.23337426733131,0,-0.48206152935475155,0
2025-02-09 21:00:00+07:00,162.0,7.4,58.0,/dl/web/weather/ic-w-04-scattered-clouds-full.svg,Hải Phòng,2.3684744918615652,0,-0.48206152935475155,0
2025-02-09 22:00:00+07:00,162.0,3.7,63.0,/dl/web/weather/ic-w-04-scattered-clouds-full.svg,Hải Phòng,2.3684744918615652,0,-1.111509852894642,0
2025-02-09 23:00:00+07:00,155.0,5.5,67.0,/dl/web/weather/ic-w-04-scattered-clouds-full.svg,Hải Phòng,2.179334177519208,0,-0.8052917495509115,0
2025-02-10 00:00:00+07:00,163.0,1.8,67.0,/dl/web/weather/ic-w-04-scattered-clouds-full.svg,Hải Phòng,2.395494536767616,0,-1.434740073090802,0
2025-02-10 01:00:00+07:00,168.0,3.7,67.0,/dl/web/weather/ic-w-10-night-clear-sky-full.svg,Hải Phòng,2.530594761297871,0,-1.111509852894642,0
2025-02-10 02:00:00+07:00,165.0,3.7,67.0,/dl/web/weather/ic-w-10-night-clear-sky-full.svg,Hải Phòng,2.449534626579718,0,-1.111509852894642,0
2025-02-10 03:00:00+07:00,163.0,1.8,67.0,/dl/web/weather/ic-w-04-scattered-clouds-full.svg,Hải Phòng,2.395494536767616,0,-1.434740073090802,0
2025-02-10 04:00:00+07:00,152.0,1.8,72.0,/dl/web/weather/ic-w-10-night-clear-sky-full.svg,Hải Phòng,2.098274042801055,0,-1.434740073090802,0
2025-02-10 05:00:00+07:00,124.0,0.0,76.0,/dl/web/weather/ic-w-04-scattered-clouds-full.svg,Hải Phòng,1.341712785431627,0,-1.7409581764345325,0
2025-02-10 06:00:00+07:00,94.0,3.7,82.0,/dl/web/weather/ic-w-04-scattered-clouds-full.svg,Hải Phòng,0.5311114382500972,0,-1.111509852894642,0
2025-02-10 07:00:00+07:00,99.0,5.5,72.0,/dl/web/weather/ic-w-04-scattered-clouds-full.svg,Hải Phòng,0.6662116627803523,0,-0.8052917495509115,0
2025-02-10 08:00:00+07:00,102.0,7.4,72.0,/dl/web/weather/ic-w-04-scattered-clouds-full.svg,Hải Phòng,0.7472717974985053,0,-0.48206152935475155,0
2025-02-10 09:00:00+07:00,119.0,7.4,67.0,/dl/web/weather/ic-w-04-scattered-clouds-full.svg,Hải Phòng,1.2066125609013723,0,-0.48206152935475155,0
2025-02-10 10:00:00+07:00,119.0,7.4,67.0,/dl/web/weather/ic-w-04-scattered-clouds-full.svg,Hải Phòng,1.2066125609013723,0,-0.48206152935475155,0
2025-02-10 11:00:00+07:00,117.0,7.4,59.0,/dl/web/weather/ic-w-04-scattered-clouds-full.svg,Hải Phòng,1.1525724710892702,0,-0.48206152935475155,0
2025-02-10 12:00:00+07:00,129.0,5.5,55.0,/dl/web/weather/ic-w-04-scattered-clouds-full.svg,Hải Phòng,1.4768130099618821,0,-0.8052917495509115,0
2025-02-10 13:00:00+07:00,137.0,7.4,59.0,/dl/web/weather/ic-w-04-scattered-clouds-full.svg,Hải Phòng,1.6929733692102902,0,-0.48206152935475155,0
2025-02-10 14:00:00+07:00,134.0,7.4,63.0,/dl/web/weather/ic-w-04-scattered-clouds-full.svg,Hải Phòng,1.6119132344921372,0,-0.48206152935475155,0
2025-02-10 15:00:00+07:00,144.0,9.2,59.0,/dl/web/weather/ic-w-04-scattered-clouds-full.svg,Hải Phòng,1.882113683552647,0,-0.17584342601102124,0
2025-02-10 16:00:00+07:00,144.0,9.2,63.0,/dl/web/weather/ic-w-04-scattered-clouds-full.svg,Hải Phòng,1.882113683552647,0,-0.17584342601102124,0
2025-02-10 17:00:00+07:00,138.0,7.4,67.0,/dl/web/weather/ic-w-04-scattered-clouds-full.svg,Hải Phòng,1.719993414116341,0,-0.48206152935475155,0
2025-02-10 18:00:00+07:00,147.0,7.4,67.0,/dl/web/weather/ic-w-04-scattered-clouds-full.svg,Hải Phòng,1.9631738182708,0,-0.48206152935475155,0
2025-02-10 19:00:00+07:00,156.0,3.7,67.0,/dl/web/weather/ic-w-04-scattered-clouds-full.svg,Hải Phòng,2.2063542224252592,0,-1.111509852894642,0
2025-02-10 20:00:00+07:00,164.0,3.7,72.0,/dl/web/weather/ic-w-04-scattered-clouds-full.svg,Hải Phòng,2.422514581673667,0,-1.111509852894642,0
2025-02-10 21:00:00+07:00,169.0,3.7,72.0,/dl/web/weather/ic-w-04-scattered-clouds-full.svg,Hải Phòng,2.557614806203922,0,-1.111509852894642,0
2025-02-10 22:00:00+07:00,168.0,0.0,72.0,/dl/web/weather/ic-w-04-scattered-clouds-full.svg,Hải Phòng,2.530594761297871,0,-1.7409581764345325,0
2025-02-10 23:00:00+07:00,170.0,3.7,77.0,/dl/web/weather/ic-w-04-scattered-clouds-full.svg,Hải Phòng,2.584634851109973,0,-1.111509852894642,0
2025-02-11 00:00:00+07:00,164.0,5.5,82.0,/dl/web/weather/ic-w-04-scattered-clouds-full.svg,Hải Phòng,2.422514581673667,0,-0.8052917495509115,0
2025-02-11 01:00:00+07:00,163.0,5.5,77.0,/dl/web/weather/ic-w-04-scattered-clouds-full.svg,Hải Phòng,2.395494536767616,0,-0.8052917495509115,0
2025-02-11 02:00:00+07:00,157.0,3.7,77.0,/dl/web/weather/ic-w-11-night-few-clouds-full.svg,Hải Phòng,2.23337426733131,0,-1.111509852894642,0
2025-02-11 03:00:00+07:00,144.0,3.7,88.0,/dl/web/weather/ic-w-04-scattered-clouds-full.svg,Hải Phòng,1.882113683552647,0,-1.111509852894642,0
2025-02-11 04:00:00+07:00,129.0,5.5,88.0,/dl/web/weather/ic-w-04-scattered-clouds-full.svg,Hải Phòng,1.4768130099618821,0,-0.8052917495509115,0
2025-02-11 05:00:00+07:00,153.0,3.7,88.0,/dl/web/weather/ic-w-11-night-few-clouds-full.svg,Hải Phòng,2.1252940877071063,0,-1.111509852894642,0
2025-02-11 06:00:00+07:00,118.0,3.7,88.0,/dl/web/weather/ic-w-04-scattered-clouds-full.svg,Hải Phòng,1.1795925159953211,0,-1.111509852894642,0
2025-02-11 07:00:00+07:00,153.0,0.0,82.0,/dl/web/weather/ic-w-04-scattered-clouds-full.svg,Hải Phòng,2.1252940877071063,0,-1.7409581764345325,0
2025-02-11 08:00:00+07:00,153.0,5.5,82.0,/dl/web/weather/ic-w-04-scattered-clouds-full.svg,Hải Phòng,2.1252940877071063,0,-0.8052917495509115,0
2025-02-11 09:00:00+07:00,155.0,1.8,77.0,/dl/web/weather/ic-w-04-scattered-clouds-full.svg,Hải Phòng,2.179334177519208,0,-1.434740073090802,0
2025-02-11 10:00:00+07:00,155.0,5.5,68.0,/dl/web/weather/ic-w-04-scattered-clouds-full.svg,Hải Phòng,2.179334177519208,0,-0.8052917495509115,0
2025-02-11 11:00:00+07:00,156.0,5.5,68.0,/dl/web/weather/ic-w-04-scattered-clouds-full.svg,Hải Phòng,2.2063542224252592,0,-0.8052917495509115,0
2025-02-11 12:00:00+07:00,155.0,5.5,68.0,/dl/web/weather/ic-w-04-scattered-clouds-full.svg,Hải Phòng,2.179334177519208,0,-0.8052917495509115,0
2025-02-11 13:00:00+07:00,139.0,9.2,64.0,/dl/web/weather/ic-w-04-scattered-clouds-full.svg,Hải Phòng,1.747013459022392,0,-0.17584342601102124,0
2025-02-11 14:00:00+07:00,106.0,11.1,60.0,/dl/web/weather/ic-w-02-new-clouds-full.svg,Hải Phòng,0.8553519771227093,0,0.14738679418513878,0
2025-02-11 15:00:00+07:00,93.0,14.8,64.0,/dl/web/weather/ic-w-04-scattered-clouds-full.svg,Hải Phòng,0.5040913933440463,0,0.7768351177250294,0
2025-02-11 16:00:00+07:00,91.0,14.8,68.0,/dl/web/weather/ic-w-04-scattered-clouds-full.svg,Hải Phòng,0.4500513035319443,0,0.7768351177250294,0
2025-02-11 17:00:00+07:00,93.0,13.0,64.0,/dl/web/weather/ic-w-02-new-clouds-full.svg,Hải Phòng,0.5040913933440463,0,0.4706170143812988,0
2025-02-11 18:00:00+07:00,90.0,14.8,73.0,/dl/web/weather/ic-w-01-clear-sky-full.svg,Hải Phòng,0.4230312586258933,0,0.7768351177250294,0
2025-02-11 19:00:00+07:00,105.0,14.8,82.0,/dl/web/weather/ic-w-10-night-clear-sky-full.svg,Hải Phòng,0.8283319322166582,0,0.7768351177250294,0
2025-02-11 20:00:00+07:00,98.0,9.2,88.0,/dl/web/weather/ic-w-11-night-few-clouds-full.svg,Hải Phòng,0.6391916178743012,0,-0.17584342601102124,0
2025-02-11 21:00:00+07:00,96.0,9.2,88.0,/dl/web/weather/ic-w-11-night-few-clouds-full.svg,Hải Phòng,0.5851515280621993,0,-0.17584342601102124,0
2025-02-11 22:00:00+07:00,99.0,13.0,94.0,/dl/web/weather/ic-w-10-night-clear-sky-full.svg,Hải Phòng,0.6662116627803523,0,0.4706170143812988,0
2025-02-11 23:00:00+07:00,97.0,9.2,94.0,/dl/web/weather/ic-w-04-scattered-clouds-full.svg,Hải Phòng,0.6121715729682503,0,-0.17584342601102124,0
2025-02-12 00:00:00+07:00,89.0,7.4,82.0,/dl/web/weather/ic-w-04-scattered-clouds-full.svg,Hải Phòng,0.39601121371984227,0,-0.48206152935475155,0
2025-02-12 01:00:00+07:00,91.0,3.7,88.0,/dl/web/weather/ic-w-04-scattered-clouds-full.svg,Hải Phòng,0.4500513035319443,0,-1.111509852894642,0
2025-02-12 02:00:00+07:00,92.0,3.7,88.0,/dl/web/weather/ic-w-04-scattered-clouds-full.svg,Hải Phòng,0.47707134843799526,0,-1.111509852894642,0
2025-02-12 03:00:00+07:00,95.0,5.5,88.0,/dl/web/weather/ic-w-04-scattered-clouds-full.svg,Hải Phòng,0.5581314831561482,0,-0.8052917495509115,0
2025-02-12 04:00:00+07:00,95.0,5.5,88.0,/dl/web/weather/ic-w-04-scattered-clouds-full.svg,Hải Phòng,0.5581314831561482,0,-0.8052917495509115,0
2025-02-12 05:00:00+07:00,98.0,3.7,94.0,/dl/web/weather/ic-w-09-mist-full.svg,Hải Phòng,0.6391916178743012,0,-1.111509852894642,0
2025-02-12 06:00:00+07:00,105.0,7.4,94.0,/dl/web/weather/ic-w-04-scattered-clouds-full.svg,Hải Phòng,0.8283319322166582,0,-0.48206152935475155,0
2025-02-12 07:00:00+07:00,99.0,3.7,94.0,/dl/web/weather/ic-w-09-mist-full.svg,Hải Phòng,0.6662116627803523,0,-1.111509852894642,0
2025-02-12 08:00:00+07:00,119.0,7.4,94.0,/dl/web/weather/ic-w-09-mist-full.svg,Hải Phòng,1.2066125609013723,0,-0.48206152935475155,0
2025-02-12 09:00:00+07:00,153.0,5.5,94.0,/dl/web/weather/ic-w-09-mist-full.svg,Hải Phòng,2.1252940877071063,0,-0.8052917495509115,0
2025-02-12 10:00:00+07:00,153.0,5.5,94.0,/dl/web/weather/ic-w-09-mist-full.svg,Hải Phòng,2.1252940877071063,0,-0.8052917495509115,0
2025-02-12 11:00:00+07:00,140.0,5.5,83.0,/dl/web/weather/ic-w-04-scattered-clouds-full.svg,Hải Phòng,1.7740335039284432,0,-0.8052917495509115,0
2025-02-12 12:00:00+07:00,92.0,7.4,69.0,/dl/web/weather/ic-w-04-scattered-clouds-full.svg,Hải Phòng,0.47707134843799526,0,-0.48206152935475155,0
2025-02-12 13:00:00+07:00,92.0,7.4,69.0,/dl/web/weather/ic-w-04-scattered-clouds-full.svg,Hải Phòng,0.47707134843799526,0,-0.48206152935475155,0
2025-02-12 14:00:00+07:00,78.0,14.8,78.0,/dl/web/weather/ic-w-04-scattered-clouds-full.svg,Hải Phòng,0.09879071975328133,0,0.7768351177250294,0
2025-02-12 15:00:00+07:00,60.0,14.8,78.0,/dl/web/weather/ic-w-04-scattered-clouds-full.svg,Hải Phòng,-0.3875700885556366,0,0.7768351177250294,0
2025-02-12 16:00:00+07:00,66.0,11.1,78.0,/dl/web/weather/ic-w-04-scattered-clouds-full.svg,Hải Phòng,-0.22544981911933062,0,0.14738679418513878,0
2025-02-12 17:00:00+07:00,80.0,11.1,78.0,/dl/web/weather/ic-w-02-new-clouds-full.svg,Hải Phòng,0.1528308095653833,0,0.14738679418513878,0
2025-02-12 18:00:00+07:00,124.0,16.7,83.0,/dl/web/weather/ic-w-01-clear-sky-full.svg,Hải Phòng,1.341712785431627,0,1.100065337921189,0
2025-02-12 19:00:00+07:00,105.0,13.0,94.0,/dl/web/weather/ic-w-11-night-few-clouds-full.svg,Hải Phòng,0.8283319322166582,0,0.4706170143812988,0
2025-02-12 20:00:00+07:00,99.0,7.4,94.0,/dl/web/weather/ic-w-04-scattered-clouds-full.svg,Hải Phòng,0.6662116627803523,0,-0.48206152935475155,0
2025-02-12 21:00:00+07:00,70.0,7.4,94.0,/dl/web/weather/ic-w-04-scattered-clouds-full.svg,Hải Phòng,-0.11736963949512665,0,-0.48206152935475155,0
2025-02-12 22:00:00+07:00,93.0,1.8,94.0,/dl/web/weather/ic-w-04-scattered-clouds-full.svg,Hải Phòng,0.5040913933440463,0,-1.434740073090802,0
2025-02-12 23:00:00+07:00,96.0,5.5,94.0,/dl/web/weather/ic-w-04-scattered-clouds-full.svg,Hải Phòng,0.5851515280621993,0,-0.8052917495509115,0
2025-02-13 00:00:00+07:00,90.0,0.0,94.0,/dl/web/weather/ic-w-10-night-clear-sky-full.svg,Hải Phòng,0.4230312586258933,0,-1.7409581764345325,0
2025-02-13 01:00:00+07:00,89.0,3.7,94.0,/dl/web/weather/ic-w-11-night-few-clouds-full.svg,Hải Phòng,0.39601121371984227,0,-1.111509852894642,0
2025-02-13 02:00:00+07:00,98.0,3.7,94.0,/dl/web/weather/ic-w-11-night-few-clouds-full.svg,Hải Phòng,0.6391916178743012,0,-1.111509852894642,0
2025-02-13 03:00:00+07:00,122.0,7.4,94.0,/dl/web/weather/ic-w-04-scattered-clouds-full.svg,Hải Phòng,1.2876726956195252,0,-0.48206152935475155,0
2025-02-13 04:00:00+07:00,133.0,5.5,100.0,/dl/web/weather/ic-w-11-night-few-clouds-full.svg,Hải Phòng,1.584893189586086,0,-0.8052917495509115,0
2025-02-13 05:00:00+07:00,155.0,3.7,94.0,/dl/web/weather/ic-w-09-mist-full.svg,Hải Phòng,2.179334177519208,0,-1.111509852894642,0
2025-02-13 06:00:00+07:00,166.0,7.4,94.0,/dl/web/weather/ic-w-09-mist-full.svg,Hải Phòng,2.476554671485769,0,-0.48206152935475155,0
2025-02-13 08:00:00+07:00,189.0,5.5,88.0,/dl/web/weather/ic-w-09-mist-full.svg,Hải Phòng,3.098015704324942,-1,-0.8052917495509115,0
2025-02-13 09:00:00+07:00,169.0,9.2,88.0,/dl/web/weather/ic-w-04-scattered-clouds-full.svg,Hải Phòng,2.557614806203922,0,-0.17584342601102124,0
2025-02-13 10:00:00+07:00,169.0,9.2,88.0,/dl/web/weather/ic-w-04-scattered-clouds-full.svg,Hải Phòng,2.557614806203922,0,-0.17584342601102124,0
2025-02-13 11:00:00+07:00,164.0,9.2,83.0,/dl/web/weather/ic-w-04-scattered-clouds-full.svg,Hải Phòng,2.422514581673667,0,-0.17584342601102124,0
2025-02-13 12:00:00+07:00,168.0,5.5,83.0,/dl/web/weather/ic-w-02-new-clouds-full.svg,Hải Phòng,2.530594761297871,0,-0.8052917495509115,0
2025-02-13 13:00:00+07:00,162.0,5.5,73.0,/dl/web/weather/ic-w-02-new-clouds-full.svg,Hải Phòng,2.3684744918615652,0,-0.8052917495509115,0
2025-02-13 14:00:00+07:00,156.0,13.0,73.0,/dl/web/weather/ic-w-02-new-clouds-full.svg,Hải Phòng,2.2063542224252592,0,0.4706170143812988,0
2025-02-13 15:00:00+07:00,144.0,18.5,68.0,/dl/web/weather/ic-w-02-new-clouds-full.svg,Hải Phòng,1.882113683552647,0,1.4062834412649197,0
2025-02-13 16:00:00+07:00,127.0,18.5,68.0,/dl/web/weather/ic-w-01-clear-sky-full.svg,Hải Phòng,1.42277292014978,0,1.4062834412649197,0
2025-02-13 17:00:00+07:00,107.0,13.0,68.0,/dl/web/weather/ic-w-04-scattered-clouds-full.svg,Hải Phòng,0.8823720220287602,0,0.4706170143812988,0
2025-02-13 18:00:00+07:00,103.0,18.5,68.0,/dl/web/weather/ic-w-01-clear-sky-full.svg,Hải Phòng,0.7742918424045563,0,1.4062834412649197,0
2025-02-13 19:00:00+07:00,101.0,13.0,73.0,/dl/web/weather/ic-w-10-night-clear-sky-full.svg,Hải Phòng,0.7202517525924542,0,0.4706170143812988,0
2025-02-13 20:00:00+07:00,105.0,14.8,73.0,/dl/web/weather/ic-w-04-scattered-clouds-full.svg,Hải Phòng,0.8283319322166582,0,0.7768351177250294,0
2025-02-13 21:00:00+07:00,106.0,14.8,73.0,/dl/web/weather/ic-w-04-scattered-clouds-full.svg,Hải Phòng,0.8553519771227093,0,0.7768351177250294,0
2025-02-13 22:00:00+07:00,123.0,13.0,77.0,/dl/web/weather/ic-w-04-scattered-clouds-full.svg,Hải Phòng,1.3146927405255762,0,0.4706170143812988,0
2025-02-13 23:00:00+07:00,143.0,7.4,77.0,/dl/web/weather/ic-w-10-night-clear-sky-full.svg,Hải Phòng,1.8550936386465962,0,-0.48206152935475155,0
2025-02-14 00:00:00+07:00,152.0,5.5,77.0,/dl/web/weather/ic-w-10-night-clear-sky-full.svg,Hải Phòng,2.098274042801055,0,-0.8052917495509115,0
2025-02-14 01:00:00+07:00,154.0,5.5,77.0,/dl/web/weather/ic-w-10-night-clear-sky-full.svg,Hải Phòng,2.152314132613157,0,-0.8052917495509115,0
2025-02-14 02:00:00+07:00,153.0,3.7,77.0,/dl/web/weather/ic-w-04-scattered-clouds-full.svg,Hải Phòng,2.1252940877071063,0,-1.111509852894642,0
2025-02-14 03:00:00+07:00,144.0,13.0,68.0,/dl/web/weather/ic-w-04-scattered-clouds-full.svg,Hải Phòng,1.882113683552647,0,0.4706170143812988,0
2025-02-14 04:00:00+07:00,128.0,9.2,73.0,/dl/web/weather/ic-w-04-scattered-clouds-full.svg,Hải Phòng,1.4497929650558312,0,-0.17584342601102124,0
2025-02-14 05:00:00+07:00,124.0,18.5,73.0,/dl/web/weather/ic-w-04-scattered-clouds-full.svg,Hải Phòng,1.341712785431627,0,1.4062834412649197,0
2025-02-14 06:00:00+07:00,129.0,14.8,77.0,/dl/web/weather/ic-w-04-scattered-clouds-full.svg,Hải Phòng,1.4768130099618821,0,0.7768351177250294,0
2025-02-14 07:00:00+07:00,131.0,11.1,82.0,/dl/web/weather/ic-w-04-scattered-clouds-full.svg,Hải Phòng,1.5308530997739842,0,0.14738679418513878,0
2025-02-14 08:00:00+07:00,151.0,13.0,82.0,/dl/web/weather/ic-w-04-scattered-clouds-full.svg,Hải Phòng,2.071253997895004,0,0.4706170143812988,0
2025-02-14 09:00:00+07:00,142.0,14.8,82.0,/dl/web/weather/ic-w-04-scattered-clouds-full.svg,Hải Phòng,1.828073593740545,0,0.7768351177250294,0
2025-02-14 10:00:00+07:00,142.0,9.2,83.0,/dl/web/weather/ic-w-04-scattered-clouds-full.svg,Hải Phòng,1.828073593740545,0,-0.17584342601102124,0
2025-02-14 11:00:00+07:00,103.0,9.2,83.0,/dl/web/weather/ic-w-04-scattered-clouds-full.svg,Hải Phòng,0.7742918424045563,0,-0.17584342601102124,0
2025-02-14 12:00:00+07:00,94.0,7.4,83.0,/dl/web/weather/ic-w-04-scattered-clouds-full.svg,Hải Phòng,0.5311114382500972,0,-0.48206152935475155,0
2025-02-14 13:00:00+07:00,90.0,11.1,73.0,/dl/web/weather/ic-w-04-scattered-clouds-full.svg,Hải Phòng,0.4230312586258933,0,0.14738679418513878,0
2025-02-14 14:00:00+07:00,90.0,9.2,78.0,/dl/web/weather/ic-w-04-scattered-clouds-full.svg,Hải Phòng,0.4230312586258933,0,-0.17584342601102124,0
2025-02-14 15:00:00+07:00,85.0,9.2,73.0,/dl/web/weather/ic-w-04-scattered-clouds-full.svg,Hải Phòng,0.2879310340956383,0,-0.17584342601102124,0
2025-02-14 16:00:00+07:00,101.0,11.1,78.0,/dl/web/weather/ic-w-04-scattered-clouds-full.svg,Hải Phòng,0.7202517525924542,0,0.14738679418513878,0
2025-02-14 17:00:00+07:00,93.0,11.1,78.0,/dl/web/weather/ic-w-04-scattered-clouds-full.svg,Hải Phòng,0.5040913933440463,0,0.14738679418513878,0
2025-02-14 18:00:00+07:00,84.0,13.0,78.0,/dl/web/weather/ic-w-04-scattered-clouds-full.svg,Hải Phòng,0.26091098918958733,0,0.4706170143812988,0
2025-02-14 19:00:00+07:00,78.0,14.8,83.0,/dl/web/weather/ic-w-04-scattered-clouds-full.svg,Hải Phòng,0.09879071975328133,0,0.7768351177250294,0
2025-02-14 20:00:00+07:00,92.0,9.2,88.0,/dl/web/weather/ic-w-04-scattered-clouds-full.svg,Hải Phòng,0.47707134843799526,0,-0.17584342601102124,0
2025-02-14 21:00:00+07:00,103.0,9.2,88.0,/dl/web/weather/ic-w-04-scattered-clouds-full.svg,Hải Phòng,0.7742918424045563,0,-0.17584342601102124,0
2025-02-14 22:00:00+07:00,116.0,13.0,88.0,/dl/web/weather/ic-w-04-scattered-clouds-full.svg,Hải Phòng,1.1255524261832193,0,0.4706170143812988,0
2025-02-14 23:00:00+07:00,122.0,13.0,88.0,/dl/web/weather/ic-w-04-scattered-clouds-full.svg,Hải Phòng,1.2876726956195252,0,0.4706170143812988,0
2025-02-15 00:00:00+07:00,139.0,11.1,88.0,/dl/web/weather/ic-w-04-scattered-clouds-full.svg,Hải Phòng,1.747013459022392,0,0.14738679418513878,0
2025-02-15 01:00:00+07:00,139.0,9.2,88.0,/dl/web/weather/ic-w-04-scattered-clouds-full.svg,Hải Phòng,1.747013459022392,0,-0.17584342601102124,0
2025-02-15 02:00:00+07:00,138.0,7.4,88.0,/dl/web/weather/ic-w-04-scattered-clouds-full.svg,Hải Phòng,1.719993414116341,0,-0.48206152935475155,0
2025-02-15 03:00:00+07:00,127.0,9.2,88.0,/dl/web/weather/ic-w-04-scattered-clouds-full.svg,Hải Phòng,1.42277292014978,0,-0.17584342601102124,0
2025-02-15 04:00:00+07:00,126.0,11.1,88.0,/dl/web/weather/ic-w-04-scattered-clouds-full.svg,Hải Phòng,1.3957528752437292,0,0.14738679418513878,0
2025-02-15 05:00:00+07:00,131.0,7.4,94.0,/dl/web/weather/ic-w-09-mist-full.svg,Hải Phòng,1.5308530997739842,0,-0.48206152935475155,0
2025-02-15 06:00:00+07:00,142.0,7.4,94.0,/dl/web/weather/ic-w-09-mist-full.svg,Hải Phòng,1.828073593740545,0,-0.48206152935475155,0
2025-02-15 07:00:00+07:00,117.0,9.2,94.0,/dl/web/weather/ic-w-09-mist-full.svg,Hải Phòng,1.1525724710892702,0,-0.17584342601102124,0
2025-02-15 08:00:00+07:00,122.0,11.1,94.0,/dl/web/weather/ic-w-09-mist-full.svg,Hải Phòng,1.2876726956195252,0,0.14738679418513878,0
2025-02-15 09:00:00+07:00,103.0,7.4,88.0,/dl/web/weather/ic-w-04-scattered-clouds-full.svg,Hải Phòng,0.7742918424045563,0,-0.48206152935475155,0
2025-02-15 10:00:00+07:00,103.0,7.4,88.0,/dl/web/weather/ic-w-04-scattered-clouds-full.svg,Hải Phòng,0.7742918424045563,0,-0.48206152935475155,0
2025-02-15 11:00:00+07:00,110.0,5.5,83.0,/dl/web/weather/ic-w-04-scattered-clouds-full.svg,Hải Phòng,0.9634321567469132,0,-0.8052917495509115,0
2025-02-15 12:00:00+07:00,98.0,7.4,78.0,/dl/web/weather/ic-w-04-scattered-clouds-full.svg,Hải Phòng,0.6391916178743012,0,-0.48206152935475155,0
2025-02-15 13:00:00+07:00,96.0,7.4,83.0,/dl/web/weather/ic-w-04-scattered-clouds-full.svg,Hải Phòng,0.5851515280621993,0,-0.48206152935475155,0
2025-02-15 14:00:00+07:00,88.0,9.2,94.0,/dl/web/weather/ic-w-04-scattered-clouds-full.svg,Hải Phòng,0.3689911688137913,0,-0.17584342601102124,0
2025-02-15 15:00:00+07:00,85.0,7.4,78.0,/dl/web/weather/ic-w-04-scattered-clouds-full.svg,Hải Phòng,0.2879310340956383,0,-0.48206152935475155,0
2025-02-15 16:00:00+07:00,82.0,11.1,83.0,/dl/web/weather/ic-w-04-scattered-clouds-full.svg,Hải Phòng,0.20687089937748532,0,0.14738679418513878,0
2025-02-15 17:00:00+07:00,77.0,11.1,83.0,/dl/web/weather/ic-w-04-scattered-clouds-full.svg,Hải Phòng,0.07177067484723033,0,0.14738679418513878,0
2025-02-15 18:00:00+07:00,82.0,9.2,83.0,/dl/web/weather/ic-w-04-scattered-clouds-full.svg,Hải Phòng,0.20687089937748532,0,-0.17584342601102124,0
2025-02-15 19:00:00+07:00,82.0,9.2,88.0,/dl/web/weather/ic-w-09-mist-full.svg,Hải Phòng,0.20687089937748532,0,-0.17584342601102124,0
2025-02-15 20:00:00+07:00,84.0,11.1,94.0,/dl/web/weather/ic-w-04-scattered-clouds-full.svg,Hải Phòng,0.26091098918958733,0,0.14738679418513878,0
2025-02-15 21:00:00+07:00,92.0,14.8,94.0,/dl/web/weather/ic-w-04-scattered-clouds-full.svg,Hải Phòng,0.47707134843799526,0,0.7768351177250294,0
2025-02-15 22:00:00+07:00,90.0,11.1,94.0,/dl/web/weather/ic-w-04-scattered-clouds-full.svg,Hải Phòng,0.4230312586258933,0,0.14738679418513878,0
2025-02-15 23:00:00+07:00,86.0,13.0,88.0,/dl/web/weather/ic-w-04-scattered-clouds-full.svg,Hải Phòng,0.3149510790016893,0,0.4706170143812988,0
2025-02-16 00:00:00+07:00,93.0,11.1,88.0,/dl/web/weather/ic-w-04-scattered-clouds-full.svg,Hải Phòng,0.5040913933440463,0,0.14738679418513878,0
2025-02-16 01:00:00+07:00,101.0,14.8,88.0,/dl/web/weather/ic-w-04-scattered-clouds-full.svg,Hải Phòng,0.7202517525924542,0,0.7768351177250294,0
2025-02-16 02:00:00+07:00,107.0,11.1,88.0,/dl/web/weather/ic-w-04-scattered-clouds-full.svg,Hải Phòng,0.8823720220287602,0,0.14738679418513878,0
2025-02-16 03:00:00+07:00,105.0,9.2,88.0,/dl/web/weather/ic-w-04-scattered-clouds-full.svg,Hải Phòng,0.8283319322166582,0,-0.17584342601102124,0
2025-02-16 04:00:00+07:00,123.0,11.1,88.0,/dl/web/weather/ic-w-04-scattered-clouds-full.svg,Hải Phòng,1.3146927405255762,0,0.14738679418513878,0
2025-02-16 05:00:00+07:00,137.0,14.8,94.0,/dl/web/weather/ic-w-04-scattered-clouds-full.svg,Hải Phòng,1.6929733692102902,0,0.7768351177250294,0
2025-02-16 06:00:00+07:00,133.0,14.8,94.0,/dl/web/weather/ic-w-09-mist-full.svg,Hải Phòng,1.584893189586086,0,0.7768351177250294,0
2025-02-16 07:00:00+07:00,127.0,9.2,94.0,/dl/web/weather/ic-w-09-mist-full.svg,Hải Phòng,1.42277292014978,0,-0.17584342601102124,0
2025-02-16 08:00:00+07:00,113.0,11.1,94.0,/dl/web/weather/ic-w-04-scattered-clouds-full.svg,Hải Phòng,1.0444922914650663,0,0.14738679418513878,0
2025-02-16 09:00:00+07:00,107.0,14.8,88.0,/dl/web/weather/ic-w-04-scattered-clouds-full.svg,Hải Phòng,0.8823720220287602,0,0.7768351177250294,0
2025-02-16 10:00:00+07:00,107.0,14.8,88.0,/dl/web/weather/ic-w-04-scattered-clouds-full.svg,Hải Phòng,0.8823720220287602,0,0.7768351177250294,0
2025-02-16 11:00:00+07:00,111.0,14.8,88.0,/dl/web/weather/ic-w-04-scattered-clouds-full.svg,Hải Phòng,0.9904522016529642,0,0.7768351177250294,0
2025-02-16 12:00:00+07:00,84.0,16.7,88.0,/dl/web/weather/ic-w-04-scattered-clouds-full.svg,Hải Phòng,0.26091098918958733,0,1.100065337921189,0
2025-02-16 13:00:00+07:00,77.0,14.8,88.0,/dl/web/weather/ic-w-04-scattered-clouds-full.svg,Hải Phòng,0.07177067484723033,0,0.7768351177250294,0
2025-02-16 14:00:00+07:00,75.0,16.7,78.0,/dl/web/weather/ic-w-04-scattered-clouds-full.svg,Hải Phòng,0.017730585035128334,0,1.100065337921189,0
2025-02-16 15:00:00+07:00,78.0,11.1,83.0,/dl/web/weather/ic-w-04-scattered-clouds-full.svg,Hải Phòng,0.09879071975328133,0,0.14738679418513878,0
2025-02-16 16:00:00+07:00,74.0,13.0,88.0,/dl/web/weather/ic-w-04-scattered-clouds-full.svg,Hải Phòng,-0.00928945987092266,0,0.4706170143812988,0
2025-02-16 17:00:00+07:00,78.0,7.4,83.0,/dl/web/weather/ic-w-04-scattered-clouds-full.svg,Hải Phòng,0.09879071975328133,0,-0.48206152935475155,0
2025-02-16 18:00:00+07:00,80.0,11.1,83.0,/dl/web/weather/ic-w-04-scattered-clouds-full.svg,Hải Phòng,0.1528308095653833,0,0.14738679418513878,0
2025-02-16 19:00:00+07:00,78.0,5.5,83.0,/dl/web/weather/ic-w-04-scattered-clouds-full.svg,Hải Phòng,0.09879071975328133,0,-0.8052917495509115,0
2025-02-16 20:00:00+07:00,79.0,9.2,82.0,/dl/web/weather/ic-w-04-scattered-clouds-full.svg,Hải Phòng,0.12581076465933233,0,-0.17584342601102124,0
2025-02-16 21:00:00+07:00,74.0,9.2,82.0,/dl/web/weather/ic-w-04-scattered-clouds-full.svg,Hải Phòng,-0.00928945987092266,0,-0.17584342601102124,0
2025-02-16 22:00:00+07:00,75.0,5.5,82.0,/dl/web/weather/ic-w-04-scattered-clouds-full.svg,Hải Phòng,0.017730585035128334,0,-0.8052917495509115,0
2025-02-16 23:00:00+07:00,78.0,5.5,82.0,/dl/web/weather/ic-w-04-scattered-clouds-full.svg,Hải Phòng,0.09879071975328133,0,-0.8052917495509115,0
2025-02-17 00:00:00+07:00,81.0,1.8,82.0,/dl/web/weather/ic-w-04-scattered-clouds-full.svg,Hải Phòng,0.1798508544714343,0,-1.434740073090802,0
2025-02-17 01:00:00+07:00,99.0,5.5,94.0,/dl/web/weather/ic-w-09-mist-full.svg,Hải Phòng,0.6662116627803523,0,-0.8052917495509115,0
2025-02-17 02:00:00+07:00,144.0,5.5,94.0,/dl/web/weather/ic-w-09-mist-full.svg,Hải Phòng,1.882113683552647,0,-0.8052917495509115,0
2025-02-17 03:00:00+07:00,133.0,3.7,94.0,/dl/web/weather/ic-w-09-mist-full.svg,Hải Phòng,1.584893189586086,0,-1.111509852894642,0
2025-02-17 04:00:00+07:00,88.0,3.7,94.0,/dl/web/weather/ic-w-09-mist-full.svg,Hải Phòng,0.3689911688137913,0,-1.111509852894642,0
2025-02-17 05:00:00+07:00,110.0,3.7,94.0,/dl/web/weather/ic-w-09-mist-full.svg,Hải Phòng,0.9634321567469132,0,-1.111509852894642,0
2025-02-17 06:00:00+07:00,142.0,7.4,100.0,/dl/web/weather/ic-w-09-mist-full.svg,Hải Phòng,1.828073593740545,0,-0.48206152935475155,0
2025-02-17 07:00:00+07:00,158.0,5.5,94.0,/dl/web/weather/ic-w-09-mist-full.svg,Hải Phòng,2.260394312237361,0,-0.8052917495509115,0
2025-02-17 08:00:00+07:00,156.0,0.0,88.0,/dl/web/weather/ic-w-09-mist-full.svg,Hải Phòng,2.2063542224252592,0,-1.7409581764345325,0
2025-02-17 09:00:00+07:00,110.0,3.7,82.0,/dl/web/weather/ic-w-09-mist-full.svg,Hải Phòng,0.9634321567469132,0,-1.111509852894642,0
2025-02-17 10:00:00+07:00,110.0,3.7,82.0,/dl/web/weather/ic-w-09-mist-full.svg,Hải Phòng,0.9634321567469132,0,-1.111509852894642,0
2025-02-17 11:00:00+07:00,102.0,3.7,82.0,/dl/web/weather/ic-w-09-mist-full.svg,Hải Phòng,0.7472717974985053,0,-1.111509852894642,0
2025-02-17 12:00:00+07:00,118.0,11.1,82.0,/dl/web/weather/ic-w-04-scattered-clouds-full.svg,Hải Phòng,1.1795925159953211,0,0.14738679418513878,0
2025-02-17 13:00:00+07:00,124.0,7.4,77.0,/dl/web/weather/ic-w-04-scattered-clouds-full.svg,Hải Phòng,1.341712785431627,0,-0.48206152935475155,0
2025-02-17 14:00:00+07:00,135.0,3.7,77.0,/dl/web/weather/ic-w-04-scattered-clouds-full.svg,Hải Phòng,1.6389332793981881,0,-1.111509852894642,0
2025-02-17 15:00:00+07:00,131.0,3.7,77.0,/dl/web/weather/ic-w-04-scattered-clouds-full.svg,Hải Phòng,1.5308530997739842,0,-1.111509852894642,0
2025-02-17 16:00:00+07:00,111.0,7.4,78.0,/dl/web/weather/ic-w-04-scattered-clouds-full.svg,Hải Phòng,0.9904522016529642,0,-0.48206152935475155,0
2025-02-17 17:00:00+07:00,119.0,5.5,83.0,/dl/web/weather/ic-w-04-scattered-clouds-full.svg,Hải Phòng,1.2066125609013723,0,-0.8052917495509115,0
2025-02-17 18:00:00+07:00,151.0,3.7,83.0,/dl/web/weather/ic-w-04-scattered-clouds-full.svg,Hải Phòng,2.071253997895004,0,-1.111509852894642,0
2025-02-17 19:00:00+07:00,157.0,3.7,83.0,/dl/web/weather/ic-w-04-scattered-clouds-full.svg,Hải Phòng,2.23337426733131,0,-1.111509852894642,0
2025-02-17 20:00:00+07:00,131.0,5.5,88.0,/dl/web/weather/ic-w-09-mist-full.svg,Hải Phòng,1.5308530997739842,0,-0.8052917495509115,0
2025-02-17 21:00:00+07:00,156.0,5.5,88.0,/dl/web/weather/ic-w-09-mist-full.svg,Hải Phòng,2.2063542224252592,0,-0.8052917495509115,0
2025-02-17 22:00:00+07:00,164.0,1.8,88.0,/dl/web/weather/ic-w-09-mist-full.svg,Hải Phòng,2.422514581673667,0,-1.434740073090802,0
2025-02-17 23:00:00+07:00,173.0,0.0,88.0,/dl/web/weather/ic-w-09-mist-full.svg,Hải Phòng,2.665694985828126,0,-1.7409581764345325,0
2025-02-18 00:00:00+07:00,152.0,3.7,88.0,/dl/web/weather/ic-w-09-mist-full.svg,Hải Phòng,2.098274042801055,0,-1.111509852894642,0
2025-02-18 01:00:00+07:00,160.0,3.7,94.0,/dl/web/weather/ic-w-09-mist-full.svg,Hải Phòng,2.314434402049463,0,-1.111509852894642,0
2025-02-18 02:00:00+07:00,171.0,14.8,77.0,/dl/web/weather/ic-w-04-scattered-clouds-full.svg,Hải Phòng,2.611654896016024,0,0.7768351177250294,0
2025-02-18 03:00:00+07:00,169.0,14.8,82.0,/dl/web/weather/ic-w-04-scattered-clouds-full.svg,Hải Phòng,2.557614806203922,0,0.7768351177250294,0
2025-02-18 04:00:00+07:00,165.0,13.0,82.0,/dl/web/weather/ic-w-04-scattered-clouds-full.svg,Hải Phòng,2.449534626579718,0,0.4706170143812988,0
2025-02-18 05:00:00+07:00,164.0,13.0,82.0,/dl/web/weather/ic-w-04-scattered-clouds-full.svg,Hải Phòng,2.422514581673667,0,0.4706170143812988,0
2025-02-18 06:00:00+07:00,163.0,16.7,82.0,/dl/web/weather/ic-w-04-scattered-clouds-full.svg,Hải Phòng,2.395494536767616,0,1.100065337921189,0
2025-02-18 07:00:00+07:00,160.0,11.1,82.0,/dl/web/weather/ic-w-04-scattered-clouds-full.svg,Hải Phòng,2.314434402049463,0,0.14738679418513878,0
2025-02-18 08:00:00+07:00,157.0,14.8,82.0,/dl/web/weather/ic-w-04-scattered-clouds-full.svg,Hải Phòng,2.23337426733131,0,0.7768351177250294,0
2025-02-18 09:00:00+07:00,153.0,13.0,82.0,/dl/web/weather/ic-w-04-scattered-clouds-full.svg,Hải Phòng,2.1252940877071063,0,0.4706170143812988,0
2025-02-18 10:00:00+07:00,153.0,13.0,82.0,/dl/web/weather/ic-w-04-scattered-clouds-full.svg,Hải Phòng,2.1252940877071063,0,0.4706170143812988,0
2025-02-18 11:00:00+07:00,140.0,11.1,82.0,/dl/web/weather/ic-w-04-scattered-clouds-full.svg,Hải Phòng,1.7740335039284432,0,0.14738679418513878,0
2025-02-18 12:00:00+07:00,133.0,11.1,77.0,/dl/web/weather/ic-w-04-scattered-clouds-full.svg,Hải Phòng,1.584893189586086,0,0.14738679418513878,0
2025-02-18 13:00:00+07:00,138.0,7.4,77.0,/dl/web/weather/ic-w-04-scattered-clouds-full.svg,Hải Phòng,1.719993414116341,0,-0.48206152935475155,0
2025-02-18 14:00:00+07:00,129.0,9.2,77.0,/dl/web/weather/ic-w-04-scattered-clouds-full.svg,Hải Phòng,1.4768130099618821,0,-0.17584342601102124,0
2025-02-18 15:00:00+07:00,138.0,11.1,73.0,/dl/web/weather/ic-w-04-scattered-clouds-full.svg,Hải Phòng,1.719993414116341,0,0.14738679418513878,0
2025-02-18 16:00:00+07:00,137.0,3.7,73.0,/dl/web/weather/ic-w-04-scattered-clouds-full.svg,Hải Phòng,1.6929733692102902,0,-1.111509852894642,0
2025-02-18 17:00:00+07:00,149.0,5.5,77.0,/dl/web/weather/ic-w-09-mist-full.svg,Hải Phòng,2.017213908082902,0,-0.8052917495509115,0
2025-02-18 18:00:00+07:00,174.0,9.2,82.0,/dl/web/weather/ic-w-09-mist-full.svg,Hải Phòng,2.692715030734177,0,-0.17584342601102124,0
2025-02-18 19:00:00+07:00,181.0,9.2,88.0,/dl/web/weather/ic-w-09-mist-full.svg,Hải Phòng,2.881855345076534,0,-0.17584342601102124,0
2025-02-18 20:00:00+07:00,181.0,5.5,94.0,/dl/web/weather/ic-w-09-mist-full.svg,Hải Phòng,2.881855345076534,0,-0.8052917495509115,0
2025-02-18 21:00:00+07:00,188.0,5.5,94.0,/dl/web/weather/ic-w-09-mist-full.svg,Hải Phòng,3.070995659418891,-1,-0.8052917495509115,0
2025-02-18 22:00:00+07:00,177.0,3.7,94.0,/dl/web/weather/ic-w-09-mist-full.svg,Hải Phòng,2.77377516545233,0,-1.111509852894642,0
2025-02-18 23:00:00+07:00,179.0,3.7,94.0,/dl/web/weather/ic-w-09-mist-full.svg,Hải Phòng,2.827815255264432,0,-1.111509852894642,0
2025-02-19 00:00:00+07:00,181.0,5.5,88.0,/dl/web/weather/ic-w-09-mist-full.svg,Hải Phòng,2.881855345076534,0,-0.8052917495509115,0
2025-02-19 01:00:00+07:00,182.0,1.6,77.0,/dl/web/weather/ic-w-04-scattered-clouds-full.svg,Hải Phòng,2.908875389982585,0,-1.468764306795661,0
2025-02-19 02:00:00+07:00,182.0,1.8,88.0,/dl/web/weather/ic-w-09-mist-full.svg,Hải Phòng,2.908875389982585,0,-1.434740073090802,0
2025-02-19 03:00:00+07:00,183.0,3.7,88.0,/dl/web/weather/ic-w-09-mist-full.svg,Hải Phòng,2.935895434888636,0,-1.111509852894642,0
2025-02-19 04:00:00+07:00,184.0,5.5,94.0,/dl/web/weather/ic-w-09-mist-full.svg,Hải Phòng,2.962915479794687,0,-0.8052917495509115,0
2025-02-19 05:00:00+07:00,193.0,3.7,94.0,/dl/web/weather/ic-w-09-mist-full.svg,Hải Phòng,3.206095883949146,-1,-1.111509852894642,0
2025-02-19 06:00:00+07:00,184.0,1.8,94.0,/dl/web/weather/ic-w-09-mist-full.svg,Hải Phòng,2.962915479794687,0,-1.434740073090802,0
2025-02-19 07:00:00+07:00,190.0,5.5,94.0,/dl/web/weather/ic-w-09-mist-full.svg,Hải Phòng,3.125035749230993,-1,-0.8052917495509115,0
2025-02-19 08:00:00+07:00,195.0,5.5,94.0,/dl/web/weather/ic-w-09-mist-full.svg,Hải Phòng,3.260135973761248,-1,-0.8052917495509115,0
2025-02-19 10:00:00+07:00,181.0,5.5,88.0,/dl/web/weather/ic-w-09-mist-full.svg,Hải Phòng,2.881855345076534,0,-0.8052917495509115,0
2025-02-19 11:00:00+07:00,171.0,5.5,88.0,/dl/web/weather/ic-w-09-mist-full.svg,Hải Phòng,2.611654896016024,0,-0.8052917495509115,0
2025-02-19 12:00:00+07:00,170.0,5.5,88.0,/dl/web/weather/ic-w-06-rain-full.svg,Hải Phòng,2.584634851109973,0,-0.8052917495509115,0
2025-02-19 13:00:00+07:00,181.0,3.7,94.0,/dl/web/weather/ic-w-06-rain-full.svg,Hải Phòng,2.881855345076534,0,-1.111509852894642,0
2025-02-19 14:00:00+07:00,170.0,1.8,94.0,/dl/web/weather/ic-w-09-mist-full.svg,Hải Phòng,2.584634851109973,0,-1.434740073090802,0
2025-02-19 15:00:00+07:00,168.0,3.7,94.0,/dl/web/weather/ic-w-06-rain-full.svg,Hải Phòng,2.530594761297871,0,-1.111509852894642,0
2025-02-19 16:00:00+07:00,155.0,5.5,88.0,/dl/web/weather/ic-w-09-mist-full.svg,Hải Phòng,2.179334177519208,0,-0.8052917495509115,0
2025-02-19 17:00:00+07:00,152.0,9.2,88.0,/dl/web/weather/ic-w-04-scattered-clouds-full.svg,Hải Phòng,2.098274042801055,0,-0.17584342601102124,0
2025-02-19 18:00:00+07:00,151.0,5.5,88.0,/dl/web/weather/ic-w-04-scattered-clouds-full.svg,Hải Phòng,2.071253997895004,0,-0.8052917495509115,0
2025-02-19 19:00:00+07:00,164.0,3.7,88.0,/dl/web/weather/ic-w-04-scattered-clouds-full.svg,Hải Phòng,2.422514581673667,0,-1.111509852894642,0
2025-02-19 20:00:00+07:00,179.0,1.8,94.0,/dl/web/weather/ic-w-09-mist-full.svg,Hải Phòng,2.827815255264432,0,-1.434740073090802,0
2025-02-19 21:00:00+07:00,178.0,1.8,94.0,/dl/web/weather/ic-w-09-mist-full.svg,Hải Phòng,2.800795210358381,0,-1.434740073090802,0
2025-02-19 22:00:00+07:00,175.0,1.8,94.0,/dl/web/weather/ic-w-09-mist-full.svg,Hải Phòng,2.719735075640228,0,-1.434740073090802,0
2025-02-19 23:00:00+07:00,165.0,3.7,94.0,/dl/web/weather/ic-w-09-mist-full.svg,Hải Phòng,2.449534626579718,0,-1.111509852894642,0
2025-02-20 00:00:00+07:00,171.0,3.7,94.0,/dl/web/weather/ic-w-09-mist-full.svg,Hải Phòng,2.611654896016024,0,-1.111509852894642,0
2025-02-20 01:00:00+07:00,181.0,5.5,94.0,/dl/web/weather/ic-w-09-mist-full.svg,Hải Phòng,2.881855345076534,0,-0.8052917495509115,0
2025-02-20 02:00:00+07:00,153.0,3.7,94.0,/dl/web/weather/ic-w-09-mist-full.svg,Hải Phòng,2.1252940877071063,0,-1.111509852894642,0
2025-02-20 03:00:00+07:00,139.0,3.7,88.0,/dl/web/weather/ic-w-04-scattered-clouds-full.svg,Hải Phòng,1.747013459022392,0,-1.111509852894642,0
2025-02-20 04:00:00+07:00,144.0,5.5,88.0,/dl/web/weather/ic-w-04-scattered-clouds-full.svg,Hải Phòng,1.882113683552647,0,-0.8052917495509115,0
2025-02-20 05:00:00+07:00,153.0,5.5,94.0,/dl/web/weather/ic-w-06-rain-full.svg,Hải Phòng,2.1252940877071063,0,-0.8052917495509115,0
2025-02-20 06:00:00+07:00,156.0,7.4,94.0,/dl/web/weather/ic-w-09-mist-full.svg,Hải Phòng,2.2063542224252592,0,-0.48206152935475155,0
2025-02-20 07:00:00+07:00,149.0,9.2,94.0,/dl/web/weather/ic-w-09-mist-full.svg,Hải Phòng,2.017213908082902,0,-0.17584342601102124,0
2025-02-20 08:00:00+07:00,147.0,11.1,94.0,/dl/web/weather/ic-w-09-mist-full.svg,Hải Phòng,1.9631738182708,0,0.14738679418513878,0
2025-02-20 09:00:00+07:00,152.0,13.0,94.0,/dl/web/weather/ic-w-09-mist-full.svg,Hải Phòng,2.098274042801055,0,0.4706170143812988,0
2025-02-20 10:00:00+07:00,152.0,16.7,88.0,/dl/web/weather/ic-w-04-scattered-clouds-full.svg,Hải Phòng,2.098274042801055,0,1.100065337921189,0
2025-02-20 11:00:00+07:00,155.0,16.7,88.0,/dl/web/weather/ic-w-04-scattered-clouds-full.svg,Hải Phòng,2.179334177519208,0,1.100065337921189,0
2025-02-20 12:00:00+07:00,153.0,9.2,83.0,/dl/web/weather/ic-w-04-scattered-clouds-full.svg,Hải Phòng,2.1252940877071063,0,-0.17584342601102124,0
2025-02-20 13:00:00+07:00,122.0,9.2,83.0,/dl/web/weather/ic-w-04-scattered-clouds-full.svg,Hải Phòng,1.2876726956195252,0,-0.17584342601102124,0
2025-02-20 14:00:00+07:00,122.0,16.7,78.0,/dl/web/weather/ic-w-04-scattered-clouds-full.svg,Hải Phòng,1.2876726956195252,0,1.100065337921189,0
2025-02-20 15:00:00+07:00,119.0,9.2,83.0,/dl/web/weather/ic-w-04-scattered-clouds-full.svg,Hải Phòng,1.2066125609013723,0,-0.17584342601102124,0
2025-02-20 16:00:00+07:00,119.0,11.1,83.0,/dl/web/weather/ic-w-04-scattered-clouds-full.svg,Hải Phòng,1.2066125609013723,0,0.14738679418513878,0
2025-02-20 17:00:00+07:00,92.0,9.2,83.0,/dl/web/weather/ic-w-04-scattered-clouds-full.svg,Hải Phòng,0.47707134843799526,0,-0.17584342601102124,0
2025-02-20 18:00:00+07:00,91.0,9.2,83.0,/dl/web/weather/ic-w-04-scattered-clouds-full.svg,Hải Phòng,0.4500513035319443,0,-0.17584342601102124,0
2025-02-20 19:00:00+07:00,99.0,9.2,83.0,/dl/web/weather/ic-w-04-scattered-clouds-full.svg,Hải Phòng,0.6662116627803523,0,-0.17584342601102124,0
2025-02-20 20:00:00+07:00,112.0,11.1,88.0,/dl/web/weather/ic-w-10-night-clear-sky-full.svg,Hải Phòng,1.0174722465590151,0,0.14738679418513878,0
2025-02-20 21:00:00+07:00,99.0,11.1,88.0,/dl/web/weather/ic-w-10-night-clear-sky-full.svg,Hải Phòng,0.6662116627803523,0,0.14738679418513878,0
2025-02-20 22:00:00+07:00,99.0,9.2,88.0,/dl/web/weather/ic-w-10-night-clear-sky-full.svg,Hải Phòng,0.6662116627803523,0,-0.17584342601102124,0
2025-02-20 23:00:00+07:00,102.0,9.2,88.0,/dl/web/weather/ic-w-10-night-clear-sky-full.svg,Hải Phòng,0.7472717974985053,0,-0.17584342601102124,0
2025-02-21 00:00:00+07:00,115.0,9.2,88.0,/dl/web/weather/ic-w-04-scattered-clouds-full.svg,Hải Phòng,1.0985323812771681,0,-0.17584342601102124,0
2025-02-21 01:00:00+07:00,112.0,11.1,88.0,/dl/web/weather/ic-w-10-night-clear-sky-full.svg,Hải Phòng,1.0174722465590151,0,0.14738679418513878,0
2025-02-21 03:00:00+07:00,124.0,7.4,88.0,/dl/web/weather/ic-w-04-scattered-clouds-full.svg,Hải Phòng,1.341712785431627,0,-0.48206152935475155,0
2025-02-21 04:00:00+07:00,117.0,7.4,83.0,/dl/web/weather/ic-w-11-night-few-clouds-full.svg,Hải Phòng,1.1525724710892702,0,-0.48206152935475155,0
2025-02-21 05:00:00+07:00,117.0,7.4,88.0,/dl/web/weather/ic-w-04-scattered-clouds-full.svg,Hải Phòng,1.1525724710892702,0,-0.48206152935475155,0
2025-02-21 06:00:00+07:00,151.0,14.8,88.0,/dl/web/weather/ic-w-04-scattered-clouds-full.svg,Hải Phòng,2.071253997895004,0,0.7768351177250294,0
2025-02-21 07:00:00+07:00,164.0,13.0,88.0,/dl/web/weather/ic-w-09-mist-full.svg,Hải Phòng,2.422514581673667,0,0.4706170143812988,0
2025-02-21 08:00:00+07:00,168.0,13.0,83.0,/dl/web/weather/ic-w-04-scattered-clouds-full.svg,Hải Phòng,2.530594761297871,0,0.4706170143812988,0
2025-02-21 09:00:00+07:00,167.0,13.0,83.0,/dl/web/weather/ic-w-04-scattered-clouds-full.svg,Hải Phòng,2.50357471639182,0,0.4706170143812988,0
2025-02-21 10:00:00+07:00,167.0,16.7,78.0,/dl/web/weather/ic-w-04-scattered-clouds-full.svg,Hải Phòng,2.50357471639182,0,1.100065337921189,0
2025-02-21 11:00:00+07:00,155.0,16.7,78.0,/dl/web/weather/ic-w-04-scattered-clouds-full.svg,Hải Phòng,2.179334177519208,0,1.100065337921189,0
2025-02-21 12:00:00+07:00,155.0,16.7,78.0,/dl/web/weather/ic-w-04-scattered-clouds-full.svg,Hải Phòng,2.179334177519208,0,1.100065337921189,0
2025-02-21 13:00:00+07:00,149.0,14.8,78.0,/dl/web/weather/ic-w-04-scattered-clouds-full.svg,Hải Phòng,2.017213908082902,0,0.7768351177250294,0
2025-02-21 14:00:00+07:00,137.0,14.8,78.0,/dl/web/weather/ic-w-04-scattered-clouds-full.svg,Hải Phòng,1.6929733692102902,0,0.7768351177250294,0
2025-02-21 15:00:00+07:00,119.0,16.7,78.0,/dl/web/weather/ic-w-04-scattered-clouds-full.svg,Hải Phòng,1.2066125609013723,0,1.100065337921189,0
2025-02-21 16:00:00+07:00,112.0,14.8,78.0,/dl/web/weather/ic-w-04-scattered-clouds-full.svg,Hải Phòng,1.0174722465590151,0,0.7768351177250294,0
2025-02-21 17:00:00+07:00,102.0,16.7,73.0,/dl/web/weather/ic-w-04-scattered-clouds-full.svg,Hải Phòng,0.7472717974985053,0,1.100065337921189,0
2025-02-21 18:00:00+07:00,96.0,16.7,78.0,/dl/web/weather/ic-w-04-scattered-clouds-full.svg,Hải Phòng,0.5851515280621993,0,1.100065337921189,0
2025-02-21 19:00:00+07:00,94.0,22.2,73.0,/dl/web/weather/ic-w-11-night-few-clouds-full.svg,Hải Phòng,0.5311114382500972,0,2.03573176480481,0
2025-02-21 21:00:00+07:00,115.0,5.5,82.0,/dl/web/weather/ic-w-10-night-clear-sky-full.svg,Hải Phòng,1.0985323812771681,0,-0.8052917495509115,0
2025-02-21 22:00:00+07:00,112.0,13.0,82.0,/dl/web/weather/ic-w-04-scattered-clouds-full.svg,Hải Phòng,1.0174722465590151,0,0.4706170143812988,0
2025-02-22 00:00:00+07:00,127.0,16.7,77.0,/dl/web/weather/ic-w-10-night-clear-sky-full.svg,Hải Phòng,1.42277292014978,0,1.100065337921189,0
2025-02-22 01:00:00+07:00,127.0,13.0,82.0,/dl/web/weather/ic-w-04-scattered-clouds-full.svg,Hải Phòng,1.42277292014978,0,0.4706170143812988,0
2025-02-22 02:00:00+07:00,124.0,13.0,82.0,/dl/web/weather/ic-w-04-scattered-clouds-full.svg,Hải Phòng,1.341712785431627,0,0.4706170143812988,0
2025-02-22 03:00:00+07:00,129.0,14.8,77.0,/dl/web/weather/ic-w-04-scattered-clouds-full.svg,Hải Phòng,1.4768130099618821,0,0.7768351177250294,0
2025-02-22 04:00:00+07:00,147.0,14.8,77.0,/dl/web/weather/ic-w-04-scattered-clouds-full.svg,Hải Phòng,1.9631738182708,0,0.7768351177250294,0
2025-02-22 05:00:00+07:00,144.0,16.7,82.0,/dl/web/weather/ic-w-04-scattered-clouds-full.svg,Hải Phòng,1.882113683552647,0,1.100065337921189,0
2025-02-22 06:00:00+07:00,142.0,16.7,77.0,/dl/web/weather/ic-w-04-scattered-clouds-full.svg,Hải Phòng,1.828073593740545,0,1.100065337921189,0
2025-02-22 07:00:00+07:00,142.0,7.4,82.0,/dl/web/weather/ic-w-04-scattered-clouds-full.svg,Hải Phòng,1.828073593740545,0,-0.48206152935475155,0
2025-02-22 08:00:00+07:00,134.0,9.2,82.0,/dl/web/weather/ic-w-04-scattered-clouds-full.svg,Hải Phòng,1.6119132344921372,0,-0.17584342601102124,0
2025-02-22 09:00:00+07:00,132.0,13.0,82.0,/dl/web/weather/ic-w-04-scattered-clouds-full.svg,Hải Phòng,1.5578731446800351,0,0.4706170143812988,0
2025-02-22 10:00:00+07:00,132.0,16.7,82.0,/dl/web/weather/ic-w-04-scattered-clouds-full.svg,Hải Phòng,1.5578731446800351,0,1.100065337921189,0
2025-02-22 11:00:00+07:00,139.0,16.7,82.0,/dl/web/weather/ic-w-04-scattered-clouds-full.svg,Hải Phòng,1.747013459022392,0,1.100065337921189,0
2025-02-22 12:00:00+07:00,134.0,22.2,73.0,/dl/web/weather/ic-w-04-scattered-clouds-full.svg,Hải Phòng,1.6119132344921372,0,2.03573176480481,0
2025-02-22 13:00:00+07:00,137.0,18.5,68.0,/dl/web/weather/ic-w-04-scattered-clouds-full.svg,Hải Phòng,1.6929733692102902,0,1.4062834412649197,0
2025-02-22 14:00:00+07:00,147.0,14.8,68.0,/dl/web/weather/ic-w-04-scattered-clouds-full.svg,Hải Phòng,1.9631738182708,0,0.7768351177250294,0
2025-02-22 15:00:00+07:00,154.0,14.8,73.0,/dl/web/weather/ic-w-04-scattered-clouds-full.svg,Hải Phòng,2.152314132613157,0,0.7768351177250294,0
2025-02-22 16:00:00+07:00,155.0,20.9,75.0,/dl/web/weather/ic-w-04-scattered-clouds-full.svg,Hải Phòng,2.179334177519208,0,1.8145742457232268,0
2025-02-22 17:00:00+07:00,156.0,13.0,77.0,/dl/web/weather/ic-w-04-scattered-clouds-full.svg,Hải Phòng,2.2063542224252592,0,0.4706170143812988,0
2025-02-22 18:00:00+07:00,160.0,16.7,83.0,/dl/web/weather/ic-w-04-scattered-clouds-full.svg,Hải Phòng,2.314434402049463,0,1.100065337921189,0
2025-02-22 19:00:00+07:00,163.0,16.7,82.0,/dl/web/weather/ic-w-04-scattered-clouds-full.svg,Hải Phòng,2.395494536767616,0,1.100065337921189,0
2025-02-22 20:00:00+07:00,159.0,14.8,88.0,/dl/web/weather/ic-w-04-scattered-clouds-full.svg,Hải Phòng,2.2874143571434122,0,0.7768351177250294,0
2025-02-22 21:00:00+07:00,156.0,14.8,88.0,/dl/web/weather/ic-w-04-scattered-clouds-full.svg,Hải Phòng,2.2063542224252592,0,0.7768351177250294,0
2025-02-22 22:00:00+07:00,158.0,10.0,75.0,/dl/web/weather/ic-w-04-scattered-clouds-full.svg,Hải Phòng,2.260394312237361,0,-0.03974649119158533,0
2025-02-22 23:00:00+07:00,161.0,11.1,88.0,/dl/web/weather/ic-w-04-scattered-clouds-full.svg,Hải Phòng,2.341454446955514,0,0.14738679418513878,0
2025-02-23 00:00:00+07:00,162.0,14.8,88.0,/dl/web/weather/ic-w-04-scattered-clouds-full.svg,Hải Phòng,2.3684744918615652,0,0.7768351177250294,0
2025-02-23 01:00:00+07:00,162.0,12.9,77.0,/dl/web/weather/ic-w-04-scattered-clouds-full.svg,Hải Phòng,2.3684744918615652,0,0.4536048975288694,0
2025-02-23 02:00:00+07:00,159.0,13.0,88.0,/dl/web/weather/ic-w-04-scattered-clouds-full.svg,Hải Phòng,2.2874143571434122,0,0.4706170143812988,0
2025-02-23 03:00:00+07:00,159.0,16.7,88.0,/dl/web/weather/ic-w-04-scattered-clouds-full.svg,Hải Phòng,2.2874143571434122,0,1.100065337921189,0
2025-02-23 04:00:00+07:00,156.0,18.5,94.0,/dl/web/weather/ic-w-04-scattered-clouds-full.svg,Hải Phòng,2.2063542224252592,0,1.4062834412649197,0
2025-02-23 05:00:00+07:00,156.0,20.4,94.0,/dl/web/weather/ic-w-04-scattered-clouds-full.svg,Hải Phòng,2.2063542224252592,0,1.7295136614610795,0
2025-02-23 06:00:00+07:00,158.0,18.5,94.0,/dl/web/weather/ic-w-04-scattered-clouds-full.svg,Hải Phòng,2.260394312237361,0,1.4062834412649197,0
2025-02-23 07:00:00+07:00,153.0,16.7,94.0,/dl/web/weather/ic-w-04-scattered-clouds-full.svg,Hải Phòng,2.1252940877071063,0,1.100065337921189,0
2025-02-23 08:00:00+07:00,117.0,14.8,94.0,/dl/web/weather/ic-w-06-rain-full.svg,Hải Phòng,1.1525724710892702,0,0.7768351177250294,0
2025-02-23 09:00:00+07:00,96.0,16.7,88.0,/dl/web/weather/ic-w-04-scattered-clouds-full.svg,Hải Phòng,0.5851515280621993,0,1.100065337921189,0
2025-02-23 10:00:00+07:00,96.0,16.7,82.0,/dl/web/weather/ic-w-04-scattered-clouds-full.svg,Hải Phòng,0.5851515280621993,0,1.100065337921189,0
2025-02-23 11:00:00+07:00,79.0,16.7,82.0,/dl/web/weather/ic-w-04-scattered-clouds-full.svg,Hải Phòng,0.12581076465933233,0,1.100065337921189,0
2025-02-23 12:00:00+07:00,55.0,13.0,77.0,/dl/web/weather/ic-w-04-scattered-clouds-full.svg,Hải Phòng,-0.5226703130858916,0,0.4706170143812988,0
2025-02-23 13:00:00+07:00,39.0,13.0,73.0,/dl/web/weather/ic-w-04-scattered-clouds-full.svg,Hải Phòng,-0.9549910315827075,0,0.4706170143812988,0
2025-02-23 14:00:00+07:00,44.0,13.0,68.0,/dl/web/weather/ic-w-04-scattered-clouds-full.svg,Hải Phòng,-0.8198908070524525,0,0.4706170143812988,0
2025-02-23 15:00:00+07:00,58.0,13.0,72.0,/dl/web/weather/ic-w-04-scattered-clouds-full.svg,Hải Phòng,-0.4416101783677386,0,0.4706170143812988,0
2025-02-23 16:00:00+07:00,64.0,9.2,68.0,/dl/web/weather/ic-w-04-scattered-clouds-full.svg,Hải Phòng,-0.2794899089314326,0,-0.17584342601102124,0
2025-02-23 17:00:00+07:00,55.0,9.2,68.0,/dl/web/weather/ic-w-04-scattered-clouds-full.svg,Hải Phòng,-0.5226703130858916,0,-0.17584342601102124,0
2025-02-23 18:00:00+07:00,58.0,9.2,72.0,/dl/web/weather/ic-w-04-scattered-clouds-full.svg,Hải Phòng,-0.4416101783677386,0,-0.17584342601102124,0
2025-02-23 19:00:00+07:00,62.0,14.8,68.0,/dl/web/weather/ic-w-04-scattered-clouds-full.svg,Hải Phòng,-0.3335299987435346,0,0.7768351177250294,0
2025-02-23 20:00:00+07:00,68.0,13.0,72.0,/dl/web/weather/ic-w-04-scattered-clouds-full.svg,Hải Phòng,-0.17140972930722864,0,0.4706170143812988,0
2025-02-23 21:00:00+07:00,55.0,13.0,72.0,/dl/web/weather/ic-w-04-scattered-clouds-full.svg,Hải Phòng,-0.5226703130858916,0,0.4706170143812988,0
2025-02-23 22:00:00+07:00,58.0,13.0,72.0,/dl/web/weather/ic-w-04-scattered-clouds-full.svg,Hải Phòng,-0.4416101783677386,0,0.4706170143812988,0
2025-02-23 23:00:00+07:00,55.0,5.3,67.0,/dl/web/weather/ic-w-04-scattered-clouds-full.svg,Hải Phòng,-0.5226703130858916,0,-0.8393159832557705,0
2025-02-24 00:00:00+07:00,53.0,11.1,72.0,/dl/web/weather/ic-w-04-scattered-clouds-full.svg,Hải Phòng,-0.5767104028979936,0,0.14738679418513878,0
2025-02-24 01:00:00+07:00,56.0,4.8,67.0,/dl/web/weather/ic-w-04-scattered-clouds-full.svg,Hải Phòng,-0.4956502681798406,0,-0.9243765675179179,0
2025-02-24 02:00:00+07:00,53.0,7.4,72.0,/dl/web/weather/ic-w-04-scattered-clouds-full.svg,Hải Phòng,-0.5767104028979936,0,-0.48206152935475155,0
2025-02-24 03:00:00+07:00,55.0,7.4,72.0,/dl/web/weather/ic-w-04-scattered-clouds-full.svg,Hải Phòng,-0.5226703130858916,0,-0.48206152935475155,0
2025-02-24 04:00:00+07:00,53.0,7.4,72.0,/dl/web/weather/ic-w-04-scattered-clouds-full.svg,Hải Phòng,-0.5767104028979936,0,-0.48206152935475155,0
2025-02-24 05:00:00+07:00,64.0,9.2,72.0,/dl/web/weather/ic-w-04-scattered-clouds-full.svg,Hải Phòng,-0.2794899089314326,0,-0.17584342601102124,0
2025-02-24 06:00:00+07:00,53.0,7.4,88.0,/dl/web/weather/ic-w-04-scattered-clouds-full.svg,Hải Phòng,-0.5767104028979936,0,-0.48206152935475155,0
2025-02-24 07:00:00+07:00,53.0,13.0,100.0,/dl/web/weather/ic-w-09-mist-full.svg,Hải Phòng,-0.5767104028979936,0,0.4706170143812988,0
2025-02-24 08:00:00+07:00,54.0,11.1,94.0,/dl/web/weather/ic-w-04-scattered-clouds-full.svg,Hải Phòng,-0.5496903579919425,0,0.14738679418513878,0
2025-02-24 09:00:00+07:00,55.0,9.2,88.0,/dl/web/weather/ic-w-04-scattered-clouds-full.svg,Hải Phòng,-0.5226703130858916,0,-0.17584342601102124,0
2025-02-24 10:00:00+07:00,55.0,11.1,88.0,/dl/web/weather/ic-w-04-scattered-clouds-full.svg,Hải Phòng,-0.5226703130858916,0,0.14738679418513878,0
2025-02-24 11:00:00+07:00,60.0,11.1,88.0,/dl/web/weather/ic-w-04-scattered-clouds-full.svg,Hải Phòng,-0.3875700885556366,0,0.14738679418513878,0
2025-02-24 12:00:00+07:00,81.0,11.1,82.0,/dl/web/weather/ic-w-04-scattered-clouds-full.svg,Hải Phòng,0.1798508544714343,0,0.14738679418513878,0
2025-02-24 13:00:00+07:00,84.0,5.5,77.0,/dl/web/weather/ic-w-04-scattered-clouds-full.svg,Hải Phòng,0.26091098918958733,0,-0.8052917495509115,0
2025-02-24 14:00:00+07:00,77.0,9.2,72.0,/dl/web/weather/ic-w-04-scattered-clouds-full.svg,Hải Phòng,0.07177067484723033,0,-0.17584342601102124,0
2025-02-24 15:00:00+07:00,75.0,7.4,72.0,/dl/web/weather/ic-w-04-scattered-clouds-full.svg,Hải Phòng,0.017730585035128334,0,-0.48206152935475155,0
2025-02-24 16:00:00+07:00,74.0,9.2,63.0,/dl/web/weather/ic-w-04-scattered-clouds-full.svg,Hải Phòng,-0.00928945987092266,0,-0.17584342601102124,0
2025-02-24 17:00:00+07:00,73.0,7.4,63.0,/dl/web/weather/ic-w-04-scattered-clouds-full.svg,Hải Phòng,-0.03630950477697366,0,-0.48206152935475155,0
2025-02-24 18:00:00+07:00,77.0,5.5,67.0,/dl/web/weather/ic-w-04-scattered-clouds-full.svg,Hải Phòng,0.07177067484723033,0,-0.8052917495509115,0
2025-02-24 19:00:00+07:00,82.0,7.4,72.0,/dl/web/weather/ic-w-04-scattered-clouds-full.svg,Hải Phòng,0.20687089937748532,0,-0.48206152935475155,0
2025-02-24 20:00:00+07:00,137.0,9.2,72.0,/dl/web/weather/ic-w-04-scattered-clouds-full.svg,Hải Phòng,1.6929733692102902,0,-0.17584342601102124,0
2025-02-24 21:00:00+07:00,137.0,9.2,72.0,/dl/web/weather/ic-w-04-scattered-clouds-full.svg,Hải Phòng,1.6929733692102902,0,-0.17584342601102124,0
2025-02-24 22:00:00+07:00,92.0,5.5,77.0,/dl/web/weather/ic-w-04-scattered-clouds-full.svg,Hải Phòng,0.47707134843799526,0,-0.8052917495509115,0
2025-02-24 23:00:00+07:00,124.0,7.4,82.0,/dl/web/weather/ic-w-04-scattered-clouds-full.svg,Hải Phòng,1.341712785431627,0,-0.48206152935475155,0
2025-02-25 00:00:00+07:00,162.0,5.5,82.0,/dl/web/weather/ic-w-12-night-rain-full.svg,Hải Phòng,2.3684744918615652,0,-0.8052917495509115,0
2025-02-25 01:00:00+07:00,166.0,5.5,82.0,/dl/web/weather/ic-w-04-scattered-clouds-full.svg,Hải Phòng,2.476554671485769,0,-0.8052917495509115,0
2025-02-25 02:00:00+07:00,164.0,9.2,82.0,/dl/web/weather/ic-w-04-scattered-clouds-full.svg,Hải Phòng,2.422514581673667,0,-0.17584342601102124,0
2025-02-25 03:00:00+07:00,160.0,3.7,82.0,/dl/web/weather/ic-w-04-scattered-clouds-full.svg,Hải Phòng,2.314434402049463,0,-1.111509852894642,0
2025-02-25 04:00:00+07:00,160.0,9.2,82.0,/dl/web/weather/ic-w-04-scattered-clouds-full.svg,Hải Phòng,2.314434402049463,0,-0.17584342601102124,0
2025-02-25 05:00:00+07:00,160.0,5.5,82.0,/dl/web/weather/ic-w-04-scattered-clouds-full.svg,Hải Phòng,2.314434402049463,0,-0.8052917495509115,0
2025-02-25 06:00:00+07:00,160.0,5.5,82.0,/dl/web/weather/ic-w-12-night-rain-full.svg,Hải Phòng,2.314434402049463,0,-0.8052917495509115,0
2025-02-25 07:00:00+07:00,169.0,7.4,94.0,/dl/web/weather/ic-w-04-scattered-clouds-full.svg,Hải Phòng,2.557614806203922,0,-0.48206152935475155,0
2025-02-25 08:00:00+07:00,177.0,5.5,94.0,/dl/web/weather/ic-w-09-mist-full.svg,Hải Phòng,2.77377516545233,0,-0.8052917495509115,0
2025-02-25 09:00:00+07:00,171.0,1.8,88.0,/dl/web/weather/ic-w-09-mist-full.svg,Hải Phòng,2.611654896016024,0,-1.434740073090802,0
2025-02-25 10:00:00+07:00,171.0,5.5,94.0,/dl/web/weather/ic-w-09-mist-full.svg,Hải Phòng,2.611654896016024,0,-0.8052917495509115,0
2025-02-25 11:00:00+07:00,166.0,5.5,94.0,/dl/web/weather/ic-w-09-mist-full.svg,Hải Phòng,2.476554671485769,0,-0.8052917495509115,0
2025-02-25 12:00:00+07:00,165.0,3.7,94.0,/dl/web/weather/ic-w-09-mist-full.svg,Hải Phòng,2.449534626579718,0,-1.111509852894642,0
2025-02-25 13:00:00+07:00,168.0,5.5,94.0,/dl/web/weather/ic-w-06-rain-full.svg,Hải Phòng,2.530594761297871,0,-0.8052917495509115,0
2025-02-25 14:00:00+07:00,156.0,3.7,94.0,/dl/web/weather/ic-w-06-rain-full.svg,Hải Phòng,2.2063542224252592,0,-1.111509852894642,0
2025-02-25 15:00:00+07:00,147.0,3.7,94.0,/dl/web/weather/ic-w-09-mist-full.svg,Hải Phòng,1.9631738182708,0,-1.111509852894642,0
2025-02-25 16:00:00+07:00,153.0,3.7,94.0,/dl/web/weather/ic-w-09-mist-full.svg,Hải Phòng,2.1252940877071063,0,-1.111509852894642,0
2025-02-25 17:00:00+07:00,163.0,3.7,94.0,/dl/web/weather/ic-w-09-mist-full.svg,Hải Phòng,2.395494536767616,0,-1.111509852894642,0
2025-02-25 18:00:00+07:00,165.0,5.5,94.0,/dl/web/weather/ic-w-09-mist-full.svg,Hải Phòng,2.449534626579718,0,-0.8052917495509115,0
2025-02-25 19:00:00+07:00,165.0,7.4,94.0,/dl/web/weather/ic-w-09-mist-full.svg,Hải Phòng,2.449534626579718,0,-0.48206152935475155,0
2025-02-25 20:00:00+07:00,170.0,7.4,94.0,/dl/web/weather/ic-w-09-mist-full.svg,Hải Phòng,2.584634851109973,0,-0.48206152935475155,0
2025-02-25 21:00:00+07:00,172.0,7.4,94.0,/dl/web/weather/ic-w-09-mist-full.svg,Hải Phòng,2.638674940922075,0,-0.48206152935475155,0
2025-02-25 22:00:00+07:00,161.0,3.7,94.0,/dl/web/weather/ic-w-09-mist-full.svg,Hải Phòng,2.341454446955514,0,-1.111509852894642,0
2025-02-25 23:00:00+07:00,153.0,1.8,94.0,/dl/web/weather/ic-w-09-mist-full.svg,Hải Phòng,2.1252940877071063,0,-1.434740073090802,0
2025-02-26 00:00:00+07:00,153.0,3.7,100.0,/dl/web/weather/ic-w-04-scattered-clouds-full.svg,Hải Phòng,2.1252940877071063,0,-1.111509852894642,0
2025-02-26 01:00:00+07:00,112.0,5.5,94.0,/dl/web/weather/ic-w-04-scattered-clouds-full.svg,Hải Phòng,1.0174722465590151,0,-0.8052917495509115,0
2025-02-26 02:00:00+07:00,105.0,5.5,94.0,/dl/web/weather/ic-w-04-scattered-clouds-full.svg,Hải Phòng,0.8283319322166582,0,-0.8052917495509115,0
2025-02-26 03:00:00+07:00,112.0,5.5,94.0,/dl/web/weather/ic-w-09-mist-full.svg,Hải Phòng,1.0174722465590151,0,-0.8052917495509115,0
2025-02-26 04:00:00+07:00,127.0,7.4,94.0,/dl/web/weather/ic-w-09-mist-full.svg,Hải Phòng,1.42277292014978,0,-0.48206152935475155,0
2025-02-26 05:00:00+07:00,151.0,7.4,100.0,/dl/web/weather/ic-w-09-mist-full.svg,Hải Phòng,2.071253997895004,0,-0.48206152935475155,0
2025-02-26 06:00:00+07:00,144.0,5.5,100.0,/dl/web/weather/ic-w-09-mist-full.svg,Hải Phòng,1.882113683552647,0,-0.8052917495509115,0
2025-02-26 08:00:00+07:00,71.0,5.5,94.0,/dl/web/weather/ic-w-04-scattered-clouds-full.svg,Hải Phòng,-0.09034959458907565,0,-0.8052917495509115,0
2025-02-26 09:00:00+07:00,75.0,5.5,100.0,/dl/web/weather/ic-w-04-scattered-clouds-full.svg,Hải Phòng,0.017730585035128334,0,-0.8052917495509115,0
2025-02-26 10:00:00+07:00,75.0,7.4,94.0,/dl/web/weather/ic-w-04-scattered-clouds-full.svg,Hải Phòng,0.017730585035128334,0,-0.48206152935475155,0
2025-02-26 11:00:00+07:00,73.0,7.4,94.0,/dl/web/weather/ic-w-04-scattered-clouds-full.svg,Hải Phòng,-0.03630950477697366,0,-0.48206152935475155,0
2025-02-26 12:00:00+07:00,97.0,5.5,88.0,/dl/web/weather/ic-w-04-scattered-clouds-full.svg,Hải Phòng,0.6121715729682503,0,-0.8052917495509115,0
2025-02-26 13:00:00+07:00,154.0,7.4,94.0,/dl/web/weather/ic-w-06-rain-full.svg,Hải Phòng,2.152314132613157,0,-0.48206152935475155,0
2025-02-26 14:00:00+07:00,122.0,7.4,100.0,/dl/web/weather/ic-w-06-rain-full.svg,Hải Phòng,1.2876726956195252,0,-0.48206152935475155,0
2025-02-26 15:00:00+07:00,119.0,9.2,94.0,/dl/web/weather/ic-w-06-rain-full.svg,Hải Phòng,1.2066125609013723,0,-0.17584342601102124,0
2025-02-26 17:00:00+07:00,137.0,9.2,94.0,/dl/web/weather/ic-w-09-mist-full.svg,Hải Phòng,1.6929733692102902,0,-0.17584342601102124,0
2025-02-26 18:00:00+07:00,124.0,3.7,88.0,/dl/web/weather/ic-w-04-scattered-clouds-full.svg,Hải Phòng,1.341712785431627,0,-1.111509852894642,0
2025-02-26 19:00:00+07:00,112.0,3.7,88.0,/dl/web/weather/ic-w-04-scattered-clouds-full.svg,Hải Phòng,1.0174722465590151,0,-1.111509852894642,0
2025-02-26 20:00:00+07:00,102.0,7.4,88.0,/dl/web/weather/ic-w-04-scattered-clouds-full.svg,Hải Phòng,0.7472717974985053,0,-0.48206152935475155,0
2025-02-26 21:00:00+07:00,96.0,7.4,88.0,/dl/web/weather/ic-w-04-scattered-clouds-full.svg,Hải Phòng,0.5851515280621993,0,-0.48206152935475155,0
2025-02-26 22:00:00+07:00,105.0,7.4,88.0,/dl/web/weather/ic-w-04-scattered-clouds-full.svg,Hải Phòng,0.8283319322166582,0,-0.48206152935475155,0
2025-02-26 23:00:00+07:00,127.0,5.5,88.0,/dl/web/weather/ic-w-04-scattered-clouds-full.svg,Hải Phòng,1.42277292014978,0,-0.8052917495509115,0
2025-02-27 00:00:00+07:00,122.0,7.4,88.0,/dl/web/weather/ic-w-04-scattered-clouds-full.svg,Hải Phòng,1.2876726956195252,0,-0.48206152935475155,0
2025-02-27 01:00:00+07:00,115.0,2.1,86.0,/dl/web/weather/ic-w-04-scattered-clouds-full.svg,Hải Phòng,1.0985323812771681,0,-1.3837037225335136,0
2025-02-27 02:00:00+07:00,119.0,1.4,86.0,/dl/web/weather/ic-w-04-scattered-clouds-full.svg,Hải Phòng,1.2066125609013723,0,-1.50278854050052,0
2025-02-27 03:00:00+07:00,107.0,1.4,87.0,/dl/web/weather/ic-w-04-scattered-clouds-full.svg,Hải Phòng,0.8823720220287602,0,-1.50278854050052,0
2025-02-27 04:00:00+07:00,102.0,1.8,94.0,/dl/web/weather/ic-w-09-mist-full.svg,Hải Phòng,0.7472717974985053,0,-1.434740073090802,0
2025-02-27 05:00:00+07:00,122.0,1.8,100.0,/dl/web/weather/ic-w-09-mist-full.svg,Hải Phòng,1.2876726956195252,0,-1.434740073090802,0
2025-02-27 06:00:00+07:00,134.0,3.7,100.0,/dl/web/weather/ic-w-09-mist-full.svg,Hải Phòng,1.6119132344921372,0,-1.111509852894642,0
2025-02-27 07:00:00+07:00,132.0,0.0,100.0,/dl/web/weather/ic-w-09-mist-full.svg,Hải Phòng,1.5578731446800351,0,-1.7409581764345325,0
2025-02-27 08:00:00+07:00,153.0,3.7,94.0,/dl/web/weather/ic-w-09-mist-full.svg,Hải Phòng,2.1252940877071063,0,-1.111509852894642,0
2025-02-27 09:00:00+07:00,159.0,3.7,94.0,/dl/web/weather/ic-w-09-mist-full.svg,Hải Phòng,2.2874143571434122,0,-1.111509852894642,0
2025-02-27 10:00:00+07:00,159.0,3.7,88.0,/dl/web/weather/ic-w-09-mist-full.svg,Hải Phòng,2.2874143571434122,0,-1.111509852894642,0
2025-02-27 11:00:00+07:00,158.0,3.7,88.0,/dl/web/weather/ic-w-09-mist-full.svg,Hải Phòng,2.260394312237361,0,-1.111509852894642,0
2025-02-27 12:00:00+07:00,164.0,3.7,88.0,/dl/web/weather/ic-w-09-mist-full.svg,Hải Phòng,2.422514581673667,0,-1.111509852894642,0
2025-02-27 13:00:00+07:00,170.0,3.7,82.0,/dl/web/weather/ic-w-09-mist-full.svg,Hải Phòng,2.584634851109973,0,-1.111509852894642,0
2025-02-27 14:00:00+07:00,174.0,7.9,69.0,/dl/web/weather/ic-w-04-scattered-clouds-full.svg,Hải Phòng,2.692715030734177,0,-0.3970009450926042,0
2025-02-27 15:00:00+07:00,172.0,1.8,83.0,/dl/web/weather/ic-w-09-mist-full.svg,Hải Phòng,2.638674940922075,0,-1.434740073090802,0
2025-02-27 16:00:00+07:00,172.0,5.5,83.0,/dl/web/weather/ic-w-09-mist-full.svg,Hải Phòng,2.638674940922075,0,-0.8052917495509115,0
2025-02-27 17:00:00+07:00,165.0,5.5,83.0,/dl/web/weather/ic-w-09-mist-full.svg,Hải Phòng,2.449534626579718,0,-0.8052917495509115,0
2025-02-27 18:00:00+07:00,153.0,13.0,88.0,/dl/web/weather/ic-w-04-scattered-clouds-full.svg,Hải Phòng,2.1252940877071063,0,0.4706170143812988,0
2025-02-27 19:00:00+07:00,119.0,13.0,82.0,/dl/web/weather/ic-w-04-scattered-clouds-full.svg,Hải Phòng,1.2066125609013723,0,0.4706170143812988,0
2025-02-27 20:00:00+07:00,110.0,13.0,94.0,/dl/web/weather/ic-w-04-scattered-clouds-full.svg,Hải Phòng,0.9634321567469132,0,0.4706170143812988,0
2025-02-27 21:00:00+07:00,115.0,13.0,94.0,/dl/web/weather/ic-w-04-scattered-clouds-full.svg,Hải Phòng,1.0985323812771681,0,0.4706170143812988,0
2025-02-27 22:00:00+07:00,129.0,3.7,94.0,/dl/web/weather/ic-w-04-scattered-clouds-full.svg,Hải Phòng,1.4768130099618821,0,-1.111509852894642,0
2025-02-27 23:00:00+07:00,152.0,0.0,94.0,/dl/web/weather/ic-w-04-scattered-clouds-full.svg,Hải Phòng,2.098274042801055,0,-1.7409581764345325,0
2025-02-28 00:00:00+07:00,153.0,5.5,94.0,/dl/web/weather/ic-w-09-mist-full.svg,Hải Phòng,2.1252940877071063,0,-0.8052917495509115,0
2025-02-28 01:00:00+07:00,156.0,3.7,94.0,/dl/web/weather/ic-w-09-mist-full.svg,Hải Phòng,2.2063542224252592,0,-1.111509852894642,0
2025-02-28 02:00:00+07:00,160.0,3.7,88.0,/dl/web/weather/ic-w-04-scattered-clouds-full.svg,Hải Phòng,2.314434402049463,0,-1.111509852894642,0
2025-02-28 03:00:00+07:00,158.0,5.5,88.0,/dl/web/weather/ic-w-09-mist-full.svg,Hải Phòng,2.260394312237361,0,-0.8052917495509115,0
2025-02-28 04:00:00+07:00,147.0,3.7,94.0,/dl/web/weather/ic-w-09-mist-full.svg,Hải Phòng,1.9631738182708,0,-1.111509852894642,0
2025-02-28 05:00:00+07:00,147.0,5.5,94.0,/dl/web/weather/ic-w-09-mist-full.svg,Hải Phòng,1.9631738182708,0,-0.8052917495509115,0
2025-02-28 06:00:00+07:00,152.0,3.7,100.0,/dl/web/weather/ic-w-09-mist-full.svg,Hải Phòng,2.098274042801055,0,-1.111509852894642,0
2025-02-28 07:00:00+07:00,153.0,10.3,94.0,/dl/web/weather/ic-w-04-scattered-clouds-full.svg,Hải Phòng,2.1252940877071063,0,0.011289859365703201,0
2025-02-28 08:00:00+07:00,158.0,12.2,86.0,/dl/web/weather/ic-w-04-scattered-clouds-full.svg,Hải Phòng,2.260394312237361,0,0.3345200795618629,0
2025-02-28 09:00:00+07:00,154.0,12.9,80.0,/dl/web/weather/ic-w-04-scattered-clouds-full.svg,Hải Phòng,2.152314132613157,0,0.4536048975288694,0
2025-02-28 10:00:00+07:00,154.0,15.4,74.0,/dl/web/weather/ic-w-04-scattered-clouds-full.svg,Hải Phòng,2.152314132613157,0,0.8789078188396062,0
2025-02-28 11:00:00+07:00,127.0,15.4,74.0,/dl/web/weather/ic-w-04-scattered-clouds-full.svg,Hải Phòng,1.42277292014978,0,0.8789078188396062,0
2025-02-28 12:00:00+07:00,110.0,16.7,69.0,/dl/web/weather/ic-w-04-scattered-clouds-full.svg,Hải Phòng,0.9634321567469132,0,1.100065337921189,0
2025-02-28 13:00:00+07:00,96.0,18.5,68.0,/dl/web/weather/ic-w-04-scattered-clouds-full.svg,Hải Phòng,0.5851515280621993,0,1.4062834412649197,0
2025-02-28 14:00:00+07:00,84.0,18.8,66.0,/dl/web/weather/ic-w-04-scattered-clouds-full.svg,Hải Phòng,0.26091098918958733,0,1.4573197918222083,0
2025-02-28 15:00:00+07:00,86.0,20.1,67.0,/dl/web/weather/ic-w-04-scattered-clouds-full.svg,Hải Phòng,0.3149510790016893,0,1.6784773109037916,0
2025-02-28 16:00:00+07:00,96.0,20.1,67.0,/dl/web/weather/ic-w-04-scattered-clouds-full.svg,Hải Phòng,0.5851515280621993,0,1.6784773109037916,0
2025-02-28 17:00:00+07:00,97.0,19.2,68.0,/dl/web/weather/ic-w-04-scattered-clouds-full.svg,Hải Phòng,0.6121715729682503,0,1.525368259231926,0
2025-02-28 18:00:00+07:00,107.0,17.5,71.0,/dl/web/weather/ic-w-04-scattered-clouds-full.svg,Hải Phòng,0.8823720220287602,0,1.236162272740625,0
2025-02-28 19:00:00+07:00,117.0,15.8,82.0,/dl/web/weather/ic-w-04-scattered-clouds-full.svg,Hải Phòng,1.1525724710892702,0,0.9469562862493242,0
2025-02-28 20:00:00+07:00,124.0,9.8,92.0,/dl/web/weather/ic-w-11-night-few-clouds-full.svg,Hải Phòng,1.341712785431627,0,-0.07377072489644415,0
2025-02-28 21:00:00+07:00,112.0,9.8,92.0,/dl/web/weather/ic-w-11-night-few-clouds-full.svg,Hải Phòng,1.0174722465590151,0,-0.07377072489644415,0
2025-02-28 22:00:00+07:00,108.0,8.7,93.0,/dl/web/weather/ic-w-10-night-clear-sky-full.svg,Hải Phòng,0.9093920669348112,0,-0.26090401027316856,0
2025-02-28 23:00:00+07:00,107.0,9.0,94.0,/dl/web/weather/ic-w-04-scattered-clouds-full.svg,Hải Phòng,0.8823720220287602,0,-0.20986765971588006,0
2025-03-01 00:00:00+07:00,110.0,8.4,96.0,/dl/web/weather/ic-w-04-scattered-clouds-full.svg,Hải Phòng,0.9634321567469132,0,-0.31194036083045684,0
2025-03-01 01:00:00+07:00,110.0,8.7,96.0,/dl/web/weather/ic-w-04-scattered-clouds-full.svg,Hải Phòng,0.9634321567469132,0,-0.26090401027316856,0
2025-03-01 02:00:00+07:00,97.0,8.7,97.0,/dl/web/weather/ic-w-04-scattered-clouds-full.svg,Hải Phòng,0.6121715729682503,0,-0.26090401027316856,0
2025-03-01 03:00:00+07:00,99.0,8.9,95.0,/dl/web/weather/ic-w-04-scattered-clouds-full.svg,Hải Phòng,0.6662116627803523,0,-0.22687977656830946,0
2025-03-01 04:00:00+07:00,107.0,10.6,92.0,/dl/web/weather/ic-w-04-scattered-clouds-full.svg,Hải Phòng,0.8823720220287602,0,0.062326209922991434,0
2025-03-01 05:00:00+07:00,105.0,9.8,92.0,/dl/web/weather/ic-w-04-scattered-clouds-full.svg,Hải Phòng,0.8283319322166582,0,-0.07377072489644415,0
2025-03-01 06:00:00+07:00,97.0,9.8,92.0,/dl/web/weather/ic-w-04-scattered-clouds-full.svg,Hải Phòng,0.6121715729682503,0,-0.07377072489644415,0
2025-03-01 07:00:00+07:00,90.0,10.8,92.0,/dl/web/weather/ic-w-04-scattered-clouds-full.svg,Hải Phòng,0.4230312586258933,0,0.09635044362785056,0
2025-03-01 08:00:00+07:00,97.0,13.0,89.0,/dl/web/weather/ic-w-04-scattered-clouds-full.svg,Hải Phòng,0.6121715729682503,0,0.4706170143812988,0
2025-03-01 09:00:00+07:00,86.0,13.7,82.0,/dl/web/weather/ic-w-04-scattered-clouds-full.svg,Hải Phòng,0.3149510790016893,0,0.589701832348305,0
2025-03-01 10:00:00+07:00,83.0,16.1,81.0,/dl/web/weather/ic-w-04-scattered-clouds-full.svg,Hải Phòng,0.2338909442835363,0,0.9979926368066127,0
2025-03-01 11:00:00+07:00,82.0,16.1,81.0,/dl/web/weather/ic-w-04-scattered-clouds-full.svg,Hải Phòng,0.20687089937748532,0,0.9979926368066127,0
2025-03-01 12:00:00+07:00,81.0,18.0,75.0,/dl/web/weather/ic-w-04-scattered-clouds-full.svg,Hải Phòng,0.1798508544714343,0,1.3212228570027724,0
2025-03-01 13:00:00+07:00,77.0,18.7,70.0,/dl/web/weather/ic-w-04-scattered-clouds-full.svg,Hải Phòng,0.07177067484723033,0,1.4403076749697785,0
2025-03-01 14:00:00+07:00,69.0,19.6,73.0,/dl/web/weather/ic-w-04-scattered-clouds-full.svg,Hải Phòng,-0.14438968440117764,0,1.5934167266416441,0
2025-03-01 15:00:00+07:00,71.0,19.5,71.0,/dl/web/weather/ic-w-04-scattered-clouds-full.svg,Hải Phòng,-0.09034959458907565,0,1.5764046097892144,0
2025-03-01 16:00:00+07:00,71.0,21.9,79.0,/dl/web/weather/ic-w-04-scattered-clouds-full.svg,Hải Phòng,-0.09034959458907565,0,1.9846954142475215,0
2025-03-01 17:00:00+07:00,73.0,21.4,84.0,/dl/web/weather/ic-w-04-scattered-clouds-full.svg,Hải Phòng,-0.03630950477697366,0,1.8996348299853743,0
2025-03-01 18:00:00+07:00,84.0,19.8,82.0,/dl/web/weather/ic-w-04-scattered-clouds-full.svg,Hải Phòng,0.26091098918958733,0,1.627440960346503,0
2025-03-01 19:00:00+07:00,94.0,12.1,85.0,/dl/web/weather/ic-w-04-scattered-clouds-full.svg,Hải Phòng,0.5311114382500972,0,0.3175079627094335,0
2025-03-01 20:00:00+07:00,97.0,7.7,89.0,/dl/web/weather/ic-w-10-night-clear-sky-full.svg,Hải Phòng,0.6121715729682503,0,-0.43102517879746316,0
2025-03-01 21:00:00+07:00,88.0,7.7,89.0,/dl/web/weather/ic-w-10-night-clear-sky-full.svg,Hải Phòng,0.3689911688137913,0,-0.43102517879746316,0
2025-03-01 22:00:00+07:00,79.0,14.3,88.0,/dl/web/weather/ic-w-10-night-clear-sky-full.svg,Hải Phòng,0.12581076465933233,0,0.6917745334628821,0
2025-03-01 23:00:00+07:00,82.0,8.9,88.0,/dl/web/weather/ic-w-10-night-clear-sky-full.svg,Hải Phòng,0.20687089937748532,0,-0.22687977656830946,0
2025-03-02 00:00:00+07:00,82.0,10.9,89.0,/dl/web/weather/ic-w-10-night-clear-sky-full.svg,Hải Phòng,0.20687089937748532,0,0.11336256048027997,0
2025-03-02 01:00:00+07:00,92.0,9.7,89.0,/dl/web/weather/ic-w-11-night-few-clouds-full.svg,Hải Phòng,0.47707134843799526,0,-0.09078284174887387,0
2025-03-02 02:00:00+07:00,94.0,7.9,87.0,/dl/web/weather/ic-w-04-scattered-clouds-full.svg,Hải Phòng,0.5311114382500972,0,-0.3970009450926042,0
2025-03-02 03:00:00+07:00,82.0,7.9,88.0,/dl/web/weather/ic-w-04-scattered-clouds-full.svg,Hải Phòng,0.20687089937748532,0,-0.3970009450926042,0
2025-03-02 04:00:00+07:00,79.0,8.7,90.0,/dl/web/weather/ic-w-04-scattered-clouds-full.svg,Hải Phòng,0.12581076465933233,0,-0.26090401027316856,0
2025-03-02 05:00:00+07:00,73.0,9.0,91.0,/dl/web/weather/ic-w-04-scattered-clouds-full.svg,Hải Phòng,-0.03630950477697366,0,-0.20986765971588006,0
2025-03-02 06:00:00+07:00,73.0,10.1,92.0,/dl/web/weather/ic-w-04-scattered-clouds-full.svg,Hải Phòng,-0.03630950477697366,0,-0.022734374339155924,0
2025-03-02 07:00:00+07:00,71.0,9.8,90.0,/dl/web/weather/ic-w-04-scattered-clouds-full.svg,Hải Phòng,-0.09034959458907565,0,-0.07377072489644415,0
2025-03-02 08:00:00+07:00,68.0,10.5,88.0,/dl/web/weather/ic-w-04-scattered-clouds-full.svg,Hải Phòng,-0.17140972930722864,0,0.04531409307056202,0
2025-03-02 09:00:00+07:00,73.0,13.7,83.0,/dl/web/weather/ic-w-04-scattered-clouds-full.svg,Hải Phòng,-0.03630950477697366,0,0.589701832348305,0
2025-03-02 10:00:00+07:00,73.0,15.4,79.0,/dl/web/weather/ic-w-04-scattered-clouds-full.svg,Hải Phòng,-0.03630950477697366,0,0.8789078188396062,0
2025-03-02 11:00:00+07:00,69.0,15.4,79.0,/dl/web/weather/ic-w-04-scattered-clouds-full.svg,Hải Phòng,-0.14438968440117764,0,0.8789078188396062,0
2025-03-02 12:00:00+07:00,64.0,17.4,77.0,/dl/web/weather/ic-w-04-scattered-clouds-full.svg,Hải Phòng,-0.2794899089314326,0,1.2191501558881954,0
2025-03-02 13:00:00+07:00,62.0,20.3,74.0,/dl/web/weather/ic-w-04-scattered-clouds-full.svg,Hải Phòng,-0.3335299987435346,0,1.7125015446086505,0
2025-03-02 14:00:00+07:00,60.0,21.1,70.0,/dl/web/weather/ic-w-04-scattered-clouds-full.svg,Hải Phòng,-0.3875700885556366,0,1.8485984794280863,0
2025-03-02 15:00:00+07:00,62.0,21.4,69.0,/dl/web/weather/ic-w-04-scattered-clouds-full.svg,Hải Phòng,-0.3335299987435346,0,1.8996348299853743,0
2025-03-02 16:00:00+07:00,66.0,20.1,66.0,/dl/web/weather/ic-w-01-clear-sky-full.svg,Hải Phòng,-0.22544981911933062,0,1.6784773109037916,0
2025-03-02 17:00:00+07:00,68.0,19.2,72.0,/dl/web/weather/ic-w-01-clear-sky-full.svg,Hải Phòng,-0.17140972930722864,0,1.525368259231926,0
2025-03-02 18:00:00+07:00,64.0,17.5,78.0,/dl/web/weather/ic-w-01-clear-sky-full.svg,Hải Phòng,-0.2794899089314326,0,1.236162272740625,0
2025-03-02 19:00:00+07:00,64.0,11.4,86.0,/dl/web/weather/ic-w-10-night-clear-sky-full.svg,Hải Phòng,-0.2794899089314326,0,0.19842314474242734,0
2025-03-02 20:00:00+07:00,64.0,9.8,90.0,/dl/web/weather/ic-w-04-scattered-clouds-full.svg,Hải Phòng,-0.2794899089314326,0,-0.07377072489644415,0
2025-03-02 21:00:00+07:00,64.0,9.8,90.0,/dl/web/weather/ic-w-04-scattered-clouds-full.svg,Hải Phòng,-0.2794899089314326,0,-0.07377072489644415,0
2025-03-02 22:00:00+07:00,60.0,7.4,92.0,/dl/web/weather/ic-w-04-scattered-clouds-full.svg,Hải Phòng,-0.3875700885556366,0,-0.48206152935475155,0
2025-03-02 23:00:00+07:00,68.0,5.1,93.0,/dl/web/weather/ic-w-04-scattered-clouds-full.svg,Hải Phòng,-0.17140972930722864,0,-0.8733402169606295,0
2025-03-03 00:00:00+07:00,68.0,7.4,94.0,/dl/web/weather/ic-w-04-scattered-clouds-full.svg,Hải Phòng,-0.17140972930722864,0,-0.48206152935475155,0
2025-03-03 01:00:00+07:00,71.0,9.0,92.0,/dl/web/weather/ic-w-04-scattered-clouds-full.svg,Hải Phòng,-0.09034959458907565,0,-0.20986765971588006,0
2025-03-03 02:00:00+07:00,71.0,8.5,92.0,/dl/web/weather/ic-w-04-scattered-clouds-full.svg,Hải Phòng,-0.09034959458907565,0,-0.2949282439780274,0
2025-03-03 03:00:00+07:00,72.0,6.3,95.0,/dl/web/weather/ic-w-11-night-few-clouds-full.svg,Hải Phòng,-0.06332954968302465,0,-0.6691948147314758,0
2025-03-03 04:00:00+07:00,76.0,6.4,96.0,/dl/web/weather/ic-w-04-scattered-clouds-full.svg,Hải Phòng,0.04475062994117933,0,-0.6521826978790463,0
2025-03-03 05:00:00+07:00,76.0,6.4,96.0,/dl/web/weather/ic-w-04-scattered-clouds-full.svg,Hải Phòng,0.04475062994117933,0,-0.6521826978790463,0
2025-03-03 06:00:00+07:00,78.0,6.1,94.0,/dl/web/weather/ic-w-04-scattered-clouds-full.svg,Hải Phòng,0.09879071975328133,0,-0.7032190484363348,0
2025-03-03 07:00:00+07:00,80.0,7.9,90.0,/dl/web/weather/ic-w-04-scattered-clouds-full.svg,Hải Phòng,0.1528308095653833,0,-0.3970009450926042,0
2025-03-03 08:00:00+07:00,94.0,9.2,85.0,/dl/web/weather/ic-w-04-scattered-clouds-full.svg,Hải Phòng,0.5311114382500972,0,-0.17584342601102124,0
2025-03-03 09:00:00+07:00,94.0,11.4,81.0,/dl/web/weather/ic-w-04-scattered-clouds-full.svg,Hải Phòng,0.5311114382500972,0,0.19842314474242734,0
2025-03-03 10:00:00+07:00,94.0,13.7,78.0,/dl/web/weather/ic-w-04-scattered-clouds-full.svg,Hải Phòng,0.5311114382500972,0,0.589701832348305,0
2025-03-03 11:00:00+07:00,88.0,13.7,78.0,/dl/web/weather/ic-w-04-scattered-clouds-full.svg,Hải Phòng,0.3689911688137913,0,0.589701832348305,0
2025-03-03 12:00:00+07:00,84.0,16.3,72.0,/dl/web/weather/ic-w-04-scattered-clouds-full.svg,Hải Phòng,0.26091098918958733,0,1.0320168705114714,0
2025-03-03 13:00:00+07:00,84.0,18.0,66.0,/dl/web/weather/ic-w-04-scattered-clouds-full.svg,Hải Phòng,0.26091098918958733,0,1.3212228570027724,0
2025-03-03 14:00:00+07:00,86.0,17.4,66.0,/dl/web/weather/ic-w-04-scattered-clouds-full.svg,Hải Phòng,0.3149510790016893,0,1.2191501558881954,0
2025-03-03 15:00:00+07:00,77.0,17.9,68.0,/dl/web/weather/ic-w-04-scattered-clouds-full.svg,Hải Phòng,0.07177067484723033,0,1.3042107401503427,0
2025-03-03 16:00:00+07:00,77.0,17.9,76.0,/dl/web/weather/ic-w-04-scattered-clouds-full.svg,Hải Phòng,0.07177067484723033,0,1.3042107401503427,0
2025-03-03 17:00:00+07:00,81.0,17.2,76.0,/dl/web/weather/ic-w-04-scattered-clouds-full.svg,Hải Phòng,0.1798508544714343,0,1.1851259221833366,0
2025-03-03 18:00:00+07:00,92.0,16.7,82.0,/dl/web/weather/ic-w-04-scattered-clouds-full.svg,Hải Phòng,0.47707134843799526,0,1.100065337921189,0
2025-03-03 19:00:00+07:00,105.0,13.0,89.0,/dl/web/weather/ic-w-04-scattered-clouds-full.svg,Hải Phòng,0.8283319322166582,0,0.4706170143812988,0
2025-03-03 20:00:00+07:00,99.0,8.5,90.0,/dl/web/weather/ic-w-04-scattered-clouds-full.svg,Hải Phòng,0.6662116627803523,0,-0.2949282439780274,0
2025-03-03 21:00:00+07:00,90.0,8.5,90.0,/dl/web/weather/ic-w-04-scattered-clouds-full.svg,Hải Phòng,0.4230312586258933,0,-0.2949282439780274,0
2025-03-03 22:00:00+07:00,86.0,7.4,88.0,/dl/web/weather/ic-w-04-scattered-clouds-full.svg,Hải Phòng,0.3149510790016893,0,-0.48206152935475155,0
2025-03-03 23:00:00+07:00,81.0,9.8,89.0,/dl/web/weather/ic-w-04-scattered-clouds-full.svg,Hải Phòng,0.1798508544714343,0,-0.07377072489644415,0
2025-03-04 00:00:00+07:00,86.0,10.6,91.0,/dl/web/weather/ic-w-04-scattered-clouds-full.svg,Hải Phòng,0.3149510790016893,0,0.062326209922991434,0
2025-03-04 01:00:00+07:00,90.0,9.2,94.0,/dl/web/weather/ic-w-06-rain-full.svg,Hải Phòng,0.4230312586258933,0,-0.17584342601102124,0
2025-03-04 02:00:00+07:00,88.0,7.4,94.0,/dl/web/weather/ic-w-06-rain-full.svg,Hải Phòng,0.3689911688137913,0,-0.48206152935475155,0
2025-03-04 03:00:00+07:00,77.0,9.2,94.0,/dl/web/weather/ic-w-06-rain-full.svg,Hải Phòng,0.07177067484723033,0,-0.17584342601102124,0
2025-03-04 04:00:00+07:00,77.0,7.4,94.0,/dl/web/weather/ic-w-04-scattered-clouds-full.svg,Hải Phòng,0.07177067484723033,0,-0.48206152935475155,0
2025-03-04 05:00:00+07:00,94.0,7.4,94.0,/dl/web/weather/ic-w-04-scattered-clouds-full.svg,Hải Phòng,0.5311114382500972,0,-0.48206152935475155,0
2025-03-04 06:00:00+07:00,92.0,5.5,94.0,/dl/web/weather/ic-w-06-rain-full.svg,Hải Phòng,0.47707134843799526,0,-0.8052917495509115,0
2025-03-04 07:00:00+07:00,96.0,5.5,88.0,/dl/web/weather/ic-w-04-scattered-clouds-full.svg,Hải Phòng,0.5851515280621993,0,-0.8052917495509115,0
2025-03-04 08:00:00+07:00,90.0,9.2,88.0,/dl/web/weather/ic-w-04-scattered-clouds-full.svg,Hải Phòng,0.4230312586258933,0,-0.17584342601102124,0
2025-03-04 09:00:00+07:00,92.0,9.2,94.0,/dl/web/weather/ic-w-04-scattered-clouds-full.svg,Hải Phòng,0.47707134843799526,0,-0.17584342601102124,0
2025-03-04 10:00:00+07:00,86.0,9.2,94.0,/dl/web/weather/ic-w-04-scattered-clouds-full.svg,Hải Phòng,0.3149510790016893,0,-0.17584342601102124,0
2025-03-04 11:00:00+07:00,86.0,13.0,83.0,/dl/web/weather/ic-w-04-scattered-clouds-full.svg,Hải Phòng,0.3149510790016893,0,0.4706170143812988,0
2025-03-04 12:00:00+07:00,77.0,14.8,78.0,/dl/web/weather/ic-w-04-scattered-clouds-full.svg,Hải Phòng,0.07177067484723033,0,0.7768351177250294,0
2025-03-04 13:00:00+07:00,71.0,14.8,88.0,/dl/web/weather/ic-w-04-scattered-clouds-full.svg,Hải Phòng,-0.09034959458907565,0,0.7768351177250294,0
2025-03-04 14:00:00+07:00,73.0,13.0,88.0,/dl/web/weather/ic-w-04-scattered-clouds-full.svg,Hải Phòng,-0.03630950477697366,0,0.4706170143812988,0
2025-03-04 15:00:00+07:00,66.0,9.2,88.0,/dl/web/weather/ic-w-04-scattered-clouds-full.svg,Hải Phòng,-0.22544981911933062,0,-0.17584342601102124,0
2025-03-04 16:00:00+07:00,73.0,13.0,88.0,/dl/web/weather/ic-w-04-scattered-clouds-full.svg,Hải Phòng,-0.03630950477697366,0,0.4706170143812988,0
2025-03-04 17:00:00+07:00,69.0,14.8,83.0,/dl/web/weather/ic-w-04-scattered-clouds-full.svg,Hải Phòng,-0.14438968440117764,0,0.7768351177250294,0
2025-03-04 18:00:00+07:00,80.0,14.8,83.0,/dl/web/weather/ic-w-04-scattered-clouds-full.svg,Hải Phòng,0.1528308095653833,0,0.7768351177250294,0
2025-03-04 19:00:00+07:00,82.0,13.0,94.0,/dl/web/weather/ic-w-09-mist-full.svg,Hải Phòng,0.20687089937748532,0,0.4706170143812988,0
2025-03-04 20:00:00+07:00,81.0,13.0,88.0,/dl/web/weather/ic-w-04-scattered-clouds-full.svg,Hải Phòng,0.1798508544714343,0,0.4706170143812988,0
2025-03-04 21:00:00+07:00,84.0,13.0,88.0,/dl/web/weather/ic-w-04-scattered-clouds-full.svg,Hải Phòng,0.26091098918958733,0,0.4706170143812988,0
2025-03-04 22:00:00+07:00,81.0,9.2,88.0,/dl/web/weather/ic-w-04-scattered-clouds-full.svg,Hải Phòng,0.1798508544714343,0,-0.17584342601102124,0
2025-03-04 23:00:00+07:00,81.0,11.1,88.0,/dl/web/weather/ic-w-04-scattered-clouds-full.svg,Hải Phòng,0.1798508544714343,0,0.14738679418513878,0
2025-03-05 00:00:00+07:00,87.0,11.1,88.0,/dl/web/weather/ic-w-04-scattered-clouds-full.svg,Hải Phòng,0.3419711239077403,0,0.14738679418513878,0
2025-03-05 01:00:00+07:00,88.0,13.0,100.0,/dl/web/weather/ic-w-06-rain-full.svg,Hải Phòng,0.3689911688137913,0,0.4706170143812988,0
2025-03-05 02:00:00+07:00,88.0,14.8,100.0,/dl/web/weather/ic-w-09-mist-full.svg,Hải Phòng,0.3689911688137913,0,0.7768351177250294,0
2025-03-05 03:00:00+07:00,71.0,16.7,100.0,/dl/web/weather/ic-w-06-rain-full.svg,Hải Phòng,-0.09034959458907565,0,1.100065337921189,0
2025-03-05 04:00:00+07:00,84.0,11.1,94.0,/dl/web/weather/ic-w-09-mist-full.svg,Hải Phòng,0.26091098918958733,0,0.14738679418513878,0
2025-03-05 05:00:00+07:00,90.0,7.4,94.0,/dl/web/weather/ic-w-06-rain-full.svg,Hải Phòng,0.4230312586258933,0,-0.48206152935475155,0
2025-03-05 06:00:00+07:00,84.0,7.4,94.0,/dl/web/weather/ic-w-06-rain-full.svg,Hải Phòng,0.26091098918958733,0,-0.48206152935475155,0
2025-03-05 07:00:00+07:00,88.0,7.4,94.0,/dl/web/weather/ic-w-09-mist-full.svg,Hải Phòng,0.3689911688137913,0,-0.48206152935475155,0
2025-03-05 08:00:00+07:00,132.0,11.1,94.0,/dl/web/weather/ic-w-09-mist-full.svg,Hải Phòng,1.5578731446800351,0,0.14738679418513878,0
2025-03-05 09:00:00+07:00,127.0,7.4,94.0,/dl/web/weather/ic-w-09-mist-full.svg,Hải Phòng,1.42277292014978,0,-0.48206152935475155,0
2025-03-05 10:00:00+07:00,127.0,7.4,94.0,/dl/web/weather/ic-w-09-mist-full.svg,Hải Phòng,1.42277292014978,0,-0.48206152935475155,0
2025-03-05 11:00:00+07:00,107.0,11.1,83.0,/dl/web/weather/ic-w-04-scattered-clouds-full.svg,Hải Phòng,0.8823720220287602,0,0.14738679418513878,0
2025-03-05 12:00:00+07:00,112.0,11.1,83.0,/dl/web/weather/ic-w-04-scattered-clouds-full.svg,Hải Phòng,1.0174722465590151,0,0.14738679418513878,0
2025-03-05 13:00:00+07:00,107.0,11.1,78.0,/dl/web/weather/ic-w-04-scattered-clouds-full.svg,Hải Phòng,0.8823720220287602,0,0.14738679418513878,0
2025-03-05 14:00:00+07:00,99.0,13.0,78.0,/dl/web/weather/ic-w-04-scattered-clouds-full.svg,Hải Phòng,0.6662116627803523,0,0.4706170143812988,0
2025-03-05 15:00:00+07:00,97.0,9.2,73.0,/dl/web/weather/ic-w-04-scattered-clouds-full.svg,Hải Phòng,0.6121715729682503,0,-0.17584342601102124,0
2025-03-05 16:00:00+07:00,92.0,11.1,78.0,/dl/web/weather/ic-w-04-scattered-clouds-full.svg,Hải Phòng,0.47707134843799526,0,0.14738679418513878,0
2025-03-05 17:00:00+07:00,94.0,13.0,83.0,/dl/web/weather/ic-w-04-scattered-clouds-full.svg,Hải Phòng,0.5311114382500972,0,0.4706170143812988,0
2025-03-05 18:00:00+07:00,97.0,13.0,83.0,/dl/web/weather/ic-w-04-scattered-clouds-full.svg,Hải Phòng,0.6121715729682503,0,0.4706170143812988,0
2025-03-05 19:00:00+07:00,99.0,7.4,83.0,/dl/web/weather/ic-w-04-scattered-clouds-full.svg,Hải Phòng,0.6662116627803523,0,-0.48206152935475155,0
2025-03-05 20:00:00+07:00,99.0,20.4,83.0,/dl/web/weather/ic-w-04-scattered-clouds-full.svg,Hải Phòng,0.6662116627803523,0,1.7295136614610795,0
2025-03-05 21:00:00+07:00,105.0,20.4,83.0,/dl/web/weather/ic-w-04-scattered-clouds-full.svg,Hải Phòng,0.8283319322166582,0,1.7295136614610795,0
2025-03-05 22:00:00+07:00,117.0,20.4,83.0,/dl/web/weather/ic-w-04-scattered-clouds-full.svg,Hải Phòng,1.1525724710892702,0,1.7295136614610795,0
2025-03-05 23:00:00+07:00,139.0,16.7,83.0,/dl/web/weather/ic-w-04-scattered-clouds-full.svg,Hải Phòng,1.747013459022392,0,1.100065337921189,0
2025-03-06 00:00:00+07:00,142.0,16.7,83.0,/dl/web/weather/ic-w-04-scattered-clouds-full.svg,Hải Phòng,1.828073593740545,0,1.100065337921189,0
2025-03-06 01:00:00+07:00,139.0,16.7,88.0,/dl/web/weather/ic-w-04-scattered-clouds-full.svg,Hải Phòng,1.747013459022392,0,1.100065337921189,0
2025-03-06 02:00:00+07:00,137.0,14.8,83.0,/dl/web/weather/ic-w-04-scattered-clouds-full.svg,Hải Phòng,1.6929733692102902,0,0.7768351177250294,0
2025-03-06 03:00:00+07:00,155.0,13.0,88.0,/dl/web/weather/ic-w-04-scattered-clouds-full.svg,Hải Phòng,2.179334177519208,0,0.4706170143812988,0
2025-03-06 04:00:00+07:00,155.0,11.1,88.0,/dl/web/weather/ic-w-04-scattered-clouds-full.svg,Hải Phòng,2.179334177519208,0,0.14738679418513878,0
2025-03-06 05:00:00+07:00,155.0,13.0,88.0,/dl/web/weather/ic-w-04-scattered-clouds-full.svg,Hải Phòng,2.179334177519208,0,0.4706170143812988,0
2025-03-06 06:00:00+07:00,124.0,9.2,88.0,/dl/web/weather/ic-w-04-scattered-clouds-full.svg,Hải Phòng,1.341712785431627,0,-0.17584342601102124,0
2025-03-06 07:00:00+07:00,63.0,18.5,82.0,/dl/web/weather/ic-w-04-scattered-clouds-full.svg,Hải Phòng,-0.30650995383748364,0,1.4062834412649197,0
2025-03-06 08:00:00+07:00,50.0,14.8,77.0,/dl/web/weather/ic-w-04-scattered-clouds-full.svg,Hải Phòng,-0.6577705376161466,0,0.7768351177250294,0
2025-03-06 09:00:00+07:00,56.0,18.5,67.0,/dl/web/weather/ic-w-04-scattered-clouds-full.svg,Hải Phòng,-0.4956502681798406,0,1.4062834412649197,0
2025-03-06 10:00:00+07:00,56.0,16.7,67.0,/dl/web/weather/ic-w-04-scattered-clouds-full.svg,Hải Phòng,-0.4956502681798406,0,1.100065337921189,0
2025-03-06 11:00:00+07:00,54.0,16.7,67.0,/dl/web/weather/ic-w-04-scattered-clouds-full.svg,Hải Phòng,-0.5496903579919425,0,1.100065337921189,0
2025-03-06 12:00:00+07:00,62.0,16.7,67.0,/dl/web/weather/ic-w-04-scattered-clouds-full.svg,Hải Phòng,-0.3335299987435346,0,1.100065337921189,0
2025-03-06 13:00:00+07:00,55.0,14.8,63.0,/dl/web/weather/ic-w-04-scattered-clouds-full.svg,Hải Phòng,-0.5226703130858916,0,0.7768351177250294,0
2025-03-06 14:00:00+07:00,53.0,13.0,63.0,/dl/web/weather/ic-w-04-scattered-clouds-full.svg,Hải Phòng,-0.5767104028979936,0,0.4706170143812988,0
2025-03-06 15:00:00+07:00,55.0,11.1,63.0,/dl/web/weather/ic-w-04-scattered-clouds-full.svg,Hải Phòng,-0.5226703130858916,0,0.14738679418513878,0
2025-03-06 16:00:00+07:00,55.0,9.2,67.0,/dl/web/weather/ic-w-06-rain-full.svg,Hải Phòng,-0.5226703130858916,0,-0.17584342601102124,0
2025-03-06 17:00:00+07:00,64.0,9.2,63.0,/dl/web/weather/ic-w-04-scattered-clouds-full.svg,Hải Phòng,-0.2794899089314326,0,-0.17584342601102124,0
2025-03-06 18:00:00+07:00,73.0,13.0,63.0,/dl/web/weather/ic-w-04-scattered-clouds-full.svg,Hải Phòng,-0.03630950477697366,0,0.4706170143812988,0
2025-03-06 19:00:00+07:00,82.0,13.0,67.0,/dl/web/weather/ic-w-12-night-rain-full.svg,Hải Phòng,0.20687089937748532,0,0.4706170143812988,0
2025-03-06 20:00:00+07:00,71.0,13.0,67.0,/dl/web/weather/ic-w-04-scattered-clouds-full.svg,Hải Phòng,-0.09034959458907565,0,0.4706170143812988,0
2025-03-06 21:00:00+07:00,69.0,13.0,67.0,/dl/web/weather/ic-w-04-scattered-clouds-full.svg,Hải Phòng,-0.14438968440117764,0,0.4706170143812988,0
2025-03-06 22:00:00+07:00,69.0,14.8,67.0,/dl/web/weather/ic-w-04-scattered-clouds-full.svg,Hải Phòng,-0.14438968440117764,0,0.7768351177250294,0
2025-03-06 23:00:00+07:00,68.0,11.1,67.0,/dl/web/weather/ic-w-04-scattered-clouds-full.svg,Hải Phòng,-0.17140972930722864,0,0.14738679418513878,0
2025-03-07 00:00:00+07:00,66.0,9.2,67.0,/dl/web/weather/ic-w-04-scattered-clouds-full.svg,Hải Phòng,-0.22544981911933062,0,-0.17584342601102124,0
2025-03-07 01:00:00+07:00,64.0,9.2,63.0,/dl/web/weather/ic-w-04-scattered-clouds-full.svg,Hải Phòng,-0.2794899089314326,0,-0.17584342601102124,0
2025-03-07 02:00:00+07:00,66.0,7.4,63.0,/dl/web/weather/ic-w-04-scattered-clouds-full.svg,Hải Phòng,-0.22544981911933062,0,-0.48206152935475155,0
2025-03-07 03:00:00+07:00,71.0,9.2,63.0,/dl/web/weather/ic-w-04-scattered-clouds-full.svg,Hải Phòng,-0.09034959458907565,0,-0.17584342601102124,0
2025-03-07 04:00:00+07:00,69.0,7.4,63.0,/dl/web/weather/ic-w-04-scattered-clouds-full.svg,Hải Phòng,-0.14438968440117764,0,-0.48206152935475155,0
2025-03-07 05:00:00+07:00,68.0,11.1,63.0,/dl/web/weather/ic-w-04-scattered-clouds-full.svg,Hải Phòng,-0.17140972930722864,0,0.14738679418513878,0
2025-03-07 06:00:00+07:00,68.0,13.0,67.0,/dl/web/weather/ic-w-04-scattered-clouds-full.svg,Hải Phòng,-0.17140972930722864,0,0.4706170143812988,0
2025-03-07 07:00:00+07:00,60.0,11.1,67.0,/dl/web/weather/ic-w-04-scattered-clouds-full.svg,Hải Phòng,-0.3875700885556366,0,0.14738679418513878,0
2025-03-07 08:00:00+07:00,69.0,11.1,62.0,/dl/web/weather/ic-w-04-scattered-clouds-full.svg,Hải Phòng,-0.14438968440117764,0,0.14738679418513878,0
2025-03-07 09:00:00+07:00,71.0,7.4,63.0,/dl/web/weather/ic-w-04-scattered-clouds-full.svg,Hải Phòng,-0.09034959458907565,0,-0.48206152935475155,0
2025-03-07 10:00:00+07:00,71.0,3.7,63.0,/dl/web/weather/ic-w-04-scattered-clouds-full.svg,Hải Phòng,-0.09034959458907565,0,-1.111509852894642,0
2025-03-07 11:00:00+07:00,75.0,3.7,63.0,/dl/web/weather/ic-w-04-scattered-clouds-full.svg,Hải Phòng,0.017730585035128334,0,-1.111509852894642,0
2025-03-07 12:00:00+07:00,79.0,5.5,59.0,/dl/web/weather/ic-w-04-scattered-clouds-full.svg,Hải Phòng,0.12581076465933233,0,-0.8052917495509115,0
2025-03-07 13:00:00+07:00,84.0,7.4,59.0,/dl/web/weather/ic-w-04-scattered-clouds-full.svg,Hải Phòng,0.26091098918958733,0,-0.48206152935475155,0
2025-03-07 14:00:00+07:00,96.0,9.2,52.0,/dl/web/weather/ic-w-04-scattered-clouds-full.svg,Hải Phòng,0.5851515280621993,0,-0.17584342601102124,0
2025-03-07 15:00:00+07:00,97.0,3.7,55.0,/dl/web/weather/ic-w-04-scattered-clouds-full.svg,Hải Phòng,0.6121715729682503,0,-1.111509852894642,0
2025-03-07 16:00:00+07:00,99.0,7.4,55.0,/dl/web/weather/ic-w-04-scattered-clouds-full.svg,Hải Phòng,0.6662116627803523,0,-0.48206152935475155,0
2025-03-07 17:00:00+07:00,102.0,5.5,55.0,/dl/web/weather/ic-w-04-scattered-clouds-full.svg,Hải Phòng,0.7472717974985053,0,-0.8052917495509115,0
2025-03-07 18:00:00+07:00,105.0,7.4,55.0,/dl/web/weather/ic-w-04-scattered-clouds-full.svg,Hải Phòng,0.8283319322166582,0,-0.48206152935475155,0
2025-03-07 19:00:00+07:00,102.0,11.1,63.0,/dl/web/weather/ic-w-04-scattered-clouds-full.svg,Hải Phòng,0.7472717974985053,0,0.14738679418513878,0
2025-03-07 20:00:00+07:00,88.0,11.1,72.0,/dl/web/weather/ic-w-04-scattered-clouds-full.svg,Hải Phòng,0.3689911688137913,0,0.14738679418513878,0
2025-03-07 21:00:00+07:00,84.0,11.1,72.0,/dl/web/weather/ic-w-04-scattered-clouds-full.svg,Hải Phòng,0.26091098918958733,0,0.14738679418513878,0
2025-03-07 22:00:00+07:00,84.0,11.1,72.0,/dl/web/weather/ic-w-04-scattered-clouds-full.svg,Hải Phòng,0.26091098918958733,0,0.14738679418513878,0
2025-03-07 23:00:00+07:00,82.0,11.1,77.0,/dl/web/weather/ic-w-04-scattered-clouds-full.svg,Hải Phòng,0.20687089937748532,0,0.14738679418513878,0
2025-03-08 00:00:00+07:00,84.0,7.4,77.0,/dl/web/weather/ic-w-04-scattered-clouds-full.svg,Hải Phòng,0.26091098918958733,0,-0.48206152935475155,0
2025-03-08 01:00:00+07:00,86.0,5.5,72.0,/dl/web/weather/ic-w-04-scattered-clouds-full.svg,Hải Phòng,0.3149510790016893,0,-0.8052917495509115,0
2025-03-08 02:00:00+07:00,86.0,7.4,72.0,/dl/web/weather/ic-w-04-scattered-clouds-full.svg,Hải Phòng,0.3149510790016893,0,-0.48206152935475155,0
2025-03-08 03:00:00+07:00,110.0,7.4,72.0,/dl/web/weather/ic-w-04-scattered-clouds-full.svg,Hải Phòng,0.9634321567469132,0,-0.48206152935475155,0
2025-03-08 05:00:00+07:00,107.0,9.2,82.0,/dl/web/weather/ic-w-12-night-rain-full.svg,Hải Phòng,0.8823720220287602,0,-0.17584342601102124,0
2025-03-08 06:00:00+07:00,97.0,13.0,77.0,/dl/web/weather/ic-w-04-scattered-clouds-full.svg,Hải Phòng,0.6121715729682503,0,0.4706170143812988,0
2025-03-08 07:00:00+07:00,99.0,7.4,82.0,/dl/web/weather/ic-w-04-scattered-clouds-full.svg,Hải Phòng,0.6662116627803523,0,-0.48206152935475155,0
2025-03-08 08:00:00+07:00,90.0,7.4,77.0,/dl/web/weather/ic-w-04-scattered-clouds-full.svg,Hải Phòng,0.4230312586258933,0,-0.48206152935475155,0
2025-03-08 09:00:00+07:00,80.0,7.4,77.0,/dl/web/weather/ic-w-04-scattered-clouds-full.svg,Hải Phòng,0.1528308095653833,0,-0.48206152935475155,0
2025-03-08 10:00:00+07:00,81.0,7.4,77.0,/dl/web/weather/ic-w-04-scattered-clouds-full.svg,Hải Phòng,0.1798508544714343,0,-0.48206152935475155,0
2025-03-08 11:00:00+07:00,97.0,5.5,67.0,/dl/web/weather/ic-w-04-scattered-clouds-full.svg,Hải Phòng,0.6121715729682503,0,-0.8052917495509115,0
2025-03-08 12:00:00+07:00,117.0,3.7,63.0,/dl/web/weather/ic-w-04-scattered-clouds-full.svg,Hải Phòng,1.1525724710892702,0,-1.111509852894642,0
2025-03-08 13:00:00+07:00,110.0,3.7,72.0,/dl/web/weather/ic-w-04-scattered-clouds-full.svg,Hải Phòng,0.9634321567469132,0,-1.111509852894642,0
2025-03-08 14:00:00+07:00,115.0,5.5,68.0,/dl/web/weather/ic-w-04-scattered-clouds-full.svg,Hải Phòng,1.0985323812771681,0,-0.8052917495509115,0
2025-03-08 15:00:00+07:00,132.0,1.8,68.0,/dl/web/weather/ic-w-04-scattered-clouds-full.svg,Hải Phòng,1.5578731446800351,0,-1.434740073090802,0
2025-03-08 16:00:00+07:00,158.0,3.7,68.0,/dl/web/weather/ic-w-04-scattered-clouds-full.svg,Hải Phòng,2.260394312237361,0,-1.111509852894642,0
2025-03-08 17:00:00+07:00,162.0,7.4,63.0,/dl/web/weather/ic-w-04-scattered-clouds-full.svg,Hải Phòng,2.3684744918615652,0,-0.48206152935475155,0
2025-03-08 18:00:00+07:00,142.0,9.2,68.0,/dl/web/weather/ic-w-04-scattered-clouds-full.svg,Hải Phòng,1.828073593740545,0,-0.17584342601102124,0
2025-03-08 19:00:00+07:00,110.0,13.0,77.0,/dl/web/weather/ic-w-04-scattered-clouds-full.svg,Hải Phòng,0.9634321567469132,0,0.4706170143812988,0
2025-03-08 20:00:00+07:00,94.0,16.7,82.0,/dl/web/weather/ic-w-04-scattered-clouds-full.svg,Hải Phòng,0.5311114382500972,0,1.100065337921189,0
2025-03-08 21:00:00+07:00,88.0,16.7,82.0,/dl/web/weather/ic-w-04-scattered-clouds-full.svg,Hải Phòng,0.3689911688137913,0,1.100065337921189,0
2025-03-08 22:00:00+07:00,96.0,14.8,82.0,/dl/web/weather/ic-w-04-scattered-clouds-full.svg,Hải Phòng,0.5851515280621993,0,0.7768351177250294,0
2025-03-08 23:00:00+07:00,94.0,13.0,77.0,/dl/web/weather/ic-w-04-scattered-clouds-full.svg,Hải Phòng,0.5311114382500972,0,0.4706170143812988,0
2025-03-09 00:00:00+07:00,97.0,13.0,77.0,/dl/web/weather/ic-w-04-scattered-clouds-full.svg,Hải Phòng,0.6121715729682503,0,0.4706170143812988,0
2025-03-09 01:00:00+07:00,115.0,11.1,77.0,/dl/web/weather/ic-w-04-scattered-clouds-full.svg,Hải Phòng,1.0985323812771681,0,0.14738679418513878,0
2025-03-09 02:00:00+07:00,119.0,9.2,88.0,/dl/web/weather/ic-w-04-scattered-clouds-full.svg,Hải Phòng,1.2066125609013723,0,-0.17584342601102124,0
2025-03-09 03:00:00+07:00,82.0,3.7,88.0,/dl/web/weather/ic-w-04-scattered-clouds-full.svg,Hải Phòng,0.20687089937748532,0,-1.111509852894642,0
2025-03-09 04:00:00+07:00,82.0,9.2,88.0,/dl/web/weather/ic-w-04-scattered-clouds-full.svg,Hải Phòng,0.20687089937748532,0,-0.17584342601102124,0
2025-03-09 05:00:00+07:00,96.0,7.4,88.0,/dl/web/weather/ic-w-04-scattered-clouds-full.svg,Hải Phòng,0.5851515280621993,0,-0.48206152935475155,0
2025-03-09 06:00:00+07:00,96.0,5.5,88.0,/dl/web/weather/ic-w-04-scattered-clouds-full.svg,Hải Phòng,0.5851515280621993,0,-0.8052917495509115,0
2025-03-09 07:00:00+07:00,105.0,5.5,94.0,/dl/web/weather/ic-w-06-rain-full.svg,Hải Phòng,0.8283319322166582,0,-0.8052917495509115,0
2025-03-09 08:00:00+07:00,124.0,5.5,94.0,/dl/web/weather/ic-w-06-rain-full.svg,Hải Phòng,1.341712785431627,0,-0.8052917495509115,0
2025-03-09 09:00:00+07:00,124.0,5.5,100.0,/dl/web/weather/ic-w-06-rain-full.svg,Hải Phòng,1.341712785431627,0,-0.8052917495509115,0
2025-03-09 10:00:00+07:00,134.0,5.5,100.0,/dl/web/weather/ic-w-06-rain-full.svg,Hải Phòng,1.6119132344921372,0,-0.8052917495509115,0
2025-03-09 11:00:00+07:00,139.0,7.4,94.0,/dl/web/weather/ic-w-09-mist-full.svg,Hải Phòng,1.747013459022392,0,-0.48206152935475155,0
2025-03-09 12:00:00+07:00,142.0,7.4,94.0,/dl/web/weather/ic-w-09-mist-full.svg,Hải Phòng,1.828073593740545,0,-0.48206152935475155,0
2025-03-09 13:00:00+07:00,137.0,3.7,94.0,/dl/web/weather/ic-w-09-mist-full.svg,Hải Phòng,1.6929733692102902,0,-1.111509852894642,0
2025-03-09 14:00:00+07:00,152.0,5.5,82.0,/dl/web/weather/ic-w-09-mist-full.svg,Hải Phòng,2.098274042801055,0,-0.8052917495509115,0
2025-03-09 15:00:00+07:00,134.0,3.7,82.0,/dl/web/weather/ic-w-04-scattered-clouds-full.svg,Hải Phòng,1.6119132344921372,0,-1.111509852894642,0
2025-03-09 16:00:00+07:00,115.0,5.5,77.0,/dl/web/weather/ic-w-04-scattered-clouds-full.svg,Hải Phòng,1.0985323812771681,0,-0.8052917495509115,0
2025-03-09 17:00:00+07:00,92.0,9.2,77.0,/dl/web/weather/ic-w-04-scattered-clouds-full.svg,Hải Phòng,0.47707134843799526,0,-0.17584342601102124,0
2025-03-09 18:00:00+07:00,96.0,9.2,77.0,/dl/web/weather/ic-w-04-scattered-clouds-full.svg,Hải Phòng,0.5851515280621993,0,-0.17584342601102124,0
2025-03-09 19:00:00+07:00,96.0,9.2,82.0,/dl/web/weather/ic-w-04-scattered-clouds-full.svg,Hải Phòng,0.5851515280621993,0,-0.17584342601102124,0
2025-03-09 20:00:00+07:00,107.0,7.4,82.0,/dl/web/weather/ic-w-04-scattered-clouds-full.svg,Hải Phòng,0.8823720220287602,0,-0.48206152935475155,0
2025-03-09 21:00:00+07:00,124.0,5.5,82.0,/dl/web/weather/ic-w-04-scattered-clouds-full.svg,Hải Phòng,1.341712785431627,0,-0.8052917495509115,0
2025-03-09 22:00:00+07:00,132.0,5.5,88.0,/dl/web/weather/ic-w-04-scattered-clouds-full.svg,Hải Phòng,1.5578731446800351,0,-0.8052917495509115,0
2025-03-09 23:00:00+07:00,134.0,5.5,82.0,/dl/web/weather/ic-w-04-scattered-clouds-full.svg,Hải Phòng,1.6119132344921372,0,-0.8052917495509115,0
2025-03-10 00:00:00+07:00,147.0,7.4,88.0,/dl/web/weather/ic-w-04-scattered-clouds-full.svg,Hải Phòng,1.9631738182708,0,-0.48206152935475155,0
2025-03-10 01:00:00+07:00,155.0,5.5,88.0,/dl/web/weather/ic-w-04-scattered-clouds-full.svg,Hải Phòng,2.179334177519208,0,-0.8052917495509115,0
2025-03-10 02:00:00+07:00,159.0,5.5,88.0,/dl/web/weather/ic-w-04-scattered-clouds-full.svg,Hải Phòng,2.2874143571434122,0,-0.8052917495509115,0
2025-03-10 03:00:00+07:00,164.0,5.5,88.0,/dl/web/weather/ic-w-04-scattered-clouds-full.svg,Hải Phòng,2.422514581673667,0,-0.8052917495509115,0
2025-03-10 04:00:00+07:00,156.0,3.7,88.0,/dl/web/weather/ic-w-04-scattered-clouds-full.svg,Hải Phòng,2.2063542224252592,0,-1.111509852894642,0
2025-03-10 05:00:00+07:00,149.0,5.5,88.0,/dl/web/weather/ic-w-04-scattered-clouds-full.svg,Hải Phòng,2.017213908082902,0,-0.8052917495509115,0
2025-03-10 06:00:00+07:00,132.0,5.5,88.0,/dl/web/weather/ic-w-04-scattered-clouds-full.svg,Hải Phòng,1.5578731446800351,0,-0.8052917495509115,0
2025-03-10 07:00:00+07:00,137.0,0.0,88.0,/dl/web/weather/ic-w-04-scattered-clouds-full.svg,Hải Phòng,1.6929733692102902,0,-1.7409581764345325,0
2025-03-10 08:00:00+07:00,139.0,3.7,88.0,/dl/web/weather/ic-w-04-scattered-clouds-full.svg,Hải Phòng,1.747013459022392,0,-1.111509852894642,0
2025-03-10 09:00:00+07:00,131.0,3.7,88.0,/dl/web/weather/ic-w-04-scattered-clouds-full.svg,Hải Phòng,1.5308530997739842,0,-1.111509852894642,0
2025-03-10 10:00:00+07:00,124.0,7.4,88.0,/dl/web/weather/ic-w-04-scattered-clouds-full.svg,Hải Phòng,1.341712785431627,0,-0.48206152935475155,0
2025-03-10 11:00:00+07:00,115.0,7.4,83.0,/dl/web/weather/ic-w-04-scattered-clouds-full.svg,Hải Phòng,1.0985323812771681,0,-0.48206152935475155,0
2025-03-10 12:00:00+07:00,127.0,3.7,83.0,/dl/web/weather/ic-w-04-scattered-clouds-full.svg,Hải Phòng,1.42277292014978,0,-1.111509852894642,0
2025-03-10 13:00:00+07:00,139.0,3.7,73.0,/dl/web/weather/ic-w-04-scattered-clouds-full.svg,Hải Phòng,1.747013459022392,0,-1.111509852894642,0
2025-03-10 14:00:00+07:00,129.0,7.4,73.0,/dl/web/weather/ic-w-04-scattered-clouds-full.svg,Hải Phòng,1.4768130099618821,0,-0.48206152935475155,0
2025-03-10 15:00:00+07:00,152.0,7.4,69.0,/dl/web/weather/ic-w-04-scattered-clouds-full.svg,Hải Phòng,2.098274042801055,0,-0.48206152935475155,0
2025-03-10 16:00:00+07:00,149.0,5.5,69.0,/dl/web/weather/ic-w-04-scattered-clouds-full.svg,Hải Phòng,2.017213908082902,0,-0.8052917495509115,0
2025-03-10 17:00:00+07:00,129.0,14.8,78.0,/dl/web/weather/ic-w-04-scattered-clouds-full.svg,Hải Phòng,1.4768130099618821,0,0.7768351177250294,0
2025-03-10 18:00:00+07:00,77.0,13.0,78.0,/dl/web/weather/ic-w-04-scattered-clouds-full.svg,Hải Phòng,0.07177067484723033,0,0.4706170143812988,0
2025-03-10 19:00:00+07:00,96.0,13.0,78.0,/dl/web/weather/ic-w-04-scattered-clouds-full.svg,Hải Phòng,0.5851515280621993,0,0.4706170143812988,0
2025-03-10 20:00:00+07:00,115.0,11.1,88.0,/dl/web/weather/ic-w-10-night-clear-sky-full.svg,Hải Phòng,1.0985323812771681,0,0.14738679418513878,0
2025-03-10 21:00:00+07:00,124.0,11.1,88.0,/dl/web/weather/ic-w-10-night-clear-sky-full.svg,Hải Phòng,1.341712785431627,0,0.14738679418513878,0
2025-03-10 22:00:00+07:00,107.0,13.0,94.0,/dl/web/weather/ic-w-04-scattered-clouds-full.svg,Hải Phòng,0.8823720220287602,0,0.4706170143812988,0
2025-03-10 23:00:00+07:00,115.0,11.1,88.0,/dl/web/weather/ic-w-04-scattered-clouds-full.svg,Hải Phòng,1.0985323812771681,0,0.14738679418513878,0
2025-03-11 00:00:00+07:00,122.0,3.7,88.0,/dl/web/weather/ic-w-04-scattered-clouds-full.svg,Hải Phòng,1.2876726956195252,0,-1.111509852894642,0
2025-03-11 01:00:00+07:00,110.0,5.5,94.0,/dl/web/weather/ic-w-04-scattered-clouds-full.svg,Hải Phòng,0.9634321567469132,0,-0.8052917495509115,0
2025-03-11 02:00:00+07:00,94.0,0.0,88.0,/dl/web/weather/ic-w-04-scattered-clouds-full.svg,Hải Phòng,0.5311114382500972,0,-1.7409581764345325,0
2025-03-11 03:00:00+07:00,119.0,5.5,88.0,/dl/web/weather/ic-w-04-scattered-clouds-full.svg,Hải Phòng,1.2066125609013723,0,-0.8052917495509115,0
2025-03-11 04:00:00+07:00,154.0,9.2,94.0,/dl/web/weather/ic-w-04-scattered-clouds-full.svg,Hải Phòng,2.152314132613157,0,-0.17584342601102124,0
2025-03-11 05:00:00+07:00,152.0,5.5,94.0,/dl/web/weather/ic-w-04-scattered-clouds-full.svg,Hải Phòng,2.098274042801055,0,-0.8052917495509115,0
2025-03-11 06:00:00+07:00,153.0,5.5,94.0,/dl/web/weather/ic-w-04-scattered-clouds-full.svg,Hải Phòng,2.1252940877071063,0,-0.8052917495509115,0
2025-03-11 07:00:00+07:00,156.0,5.5,94.0,/dl/web/weather/ic-w-09-mist-full.svg,Hải Phòng,2.2063542224252592,0,-0.8052917495509115,0
2025-03-11 08:00:00+07:00,158.0,5.5,94.0,/dl/web/weather/ic-w-09-mist-full.svg,Hải Phòng,2.260394312237361,0,-0.8052917495509115,0
2025-03-11 09:00:00+07:00,153.0,7.4,88.0,/dl/web/weather/ic-w-09-mist-full.svg,Hải Phòng,2.1252940877071063,0,-0.48206152935475155,0
2025-03-11 10:00:00+07:00,153.0,7.4,78.0,/dl/web/weather/ic-w-04-scattered-clouds-full.svg,Hải Phòng,2.1252940877071063,0,-0.48206152935475155,0
2025-03-11 11:00:00+07:00,129.0,7.4,78.0,/dl/web/weather/ic-w-04-scattered-clouds-full.svg,Hải Phòng,1.4768130099618821,0,-0.48206152935475155,0
2025-03-11 12:00:00+07:00,116.0,7.4,78.0,/dl/web/weather/ic-w-04-scattered-clouds-full.svg,Hải Phòng,1.1255524261832193,0,-0.48206152935475155,0
2025-03-11 13:00:00+07:00,90.0,9.2,73.0,/dl/web/weather/ic-w-04-scattered-clouds-full.svg,Hải Phòng,0.4230312586258933,0,-0.17584342601102124,0
2025-03-11 14:00:00+07:00,73.0,9.2,73.0,/dl/web/weather/ic-w-04-scattered-clouds-full.svg,Hải Phòng,-0.03630950477697366,0,-0.17584342601102124,0
2025-03-11 15:00:00+07:00,73.0,14.8,83.0,/dl/web/weather/ic-w-04-scattered-clouds-full.svg,Hải Phòng,-0.03630950477697366,0,0.7768351177250294,0
2025-03-11 16:00:00+07:00,79.0,16.7,83.0,/dl/web/weather/ic-w-04-scattered-clouds-full.svg,Hải Phòng,0.12581076465933233,0,1.100065337921189,0
2025-03-11 17:00:00+07:00,73.0,13.0,88.0,/dl/web/weather/ic-w-04-scattered-clouds-full.svg,Hải Phòng,-0.03630950477697366,0,0.4706170143812988,0
2025-03-11 18:00:00+07:00,75.0,14.8,88.0,/dl/web/weather/ic-w-04-scattered-clouds-full.svg,Hải Phòng,0.017730585035128334,0,0.7768351177250294,0
2025-03-11 19:00:00+07:00,79.0,14.8,83.0,/dl/web/weather/ic-w-04-scattered-clouds-full.svg,Hải Phòng,0.12581076465933233,0,0.7768351177250294,0
2025-03-11 20:00:00+07:00,81.0,9.2,88.0,/dl/web/weather/ic-w-04-scattered-clouds-full.svg,Hải Phòng,0.1798508544714343,0,-0.17584342601102124,0
2025-03-11 21:00:00+07:00,75.0,9.2,88.0,/dl/web/weather/ic-w-04-scattered-clouds-full.svg,Hải Phòng,0.017730585035128334,0,-0.17584342601102124,0
2025-03-11 22:00:00+07:00,76.0,9.2,94.0,/dl/web/weather/ic-w-04-scattered-clouds-full.svg,Hải Phòng,0.04475062994117933,0,-0.17584342601102124,0
2025-03-11 23:00:00+07:00,71.0,7.4,88.0,/dl/web/weather/ic-w-04-scattered-clouds-full.svg,Hải Phòng,-0.09034959458907565,0,-0.48206152935475155,0
2025-03-12 00:00:00+07:00,71.0,3.7,94.0,/dl/web/weather/ic-w-09-mist-full.svg,Hải Phòng,-0.09034959458907565,0,-1.111509852894642,0
2025-03-12 01:00:00+07:00,79.0,5.5,94.0,/dl/web/weather/ic-w-06-rain-full.svg,Hải Phòng,0.12581076465933233,0,-0.8052917495509115,0
2025-03-12 02:00:00+07:00,84.0,3.7,94.0,/dl/web/weather/ic-w-06-rain-full.svg,Hải Phòng,0.26091098918958733,0,-1.111509852894642,0
2025-03-12 03:00:00+07:00,77.0,5.5,100.0,/dl/web/weather/ic-w-09-mist-full.svg,Hải Phòng,0.07177067484723033,0,-0.8052917495509115,0
2025-03-12 04:00:00+07:00,82.0,9.2,94.0,/dl/web/weather/ic-w-04-scattered-clouds-full.svg,Hải Phòng,0.20687089937748532,0,-0.17584342601102124,0
2025-03-12 05:00:00+07:00,82.0,9.2,100.0,/dl/web/weather/ic-w-09-mist-full.svg,Hải Phòng,0.20687089937748532,0,-0.17584342601102124,0
2025-03-12 06:00:00+07:00,75.0,5.5,100.0,/dl/web/weather/ic-w-09-mist-full.svg,Hải Phòng,0.017730585035128334,0,-0.8052917495509115,0
2025-03-12 08:00:00+07:00,96.0,7.4,100.0,/dl/web/weather/ic-w-06-rain-full.svg,Hải Phòng,0.5851515280621993,0,-0.48206152935475155,0
2025-03-12 09:00:00+07:00,99.0,7.4,94.0,/dl/web/weather/ic-w-06-rain-full.svg,Hải Phòng,0.6662116627803523,0,-0.48206152935475155,0
2025-03-12 10:00:00+07:00,99.0,7.4,94.0,/dl/web/weather/ic-w-06-rain-full.svg,Hải Phòng,0.6662116627803523,0,-0.48206152935475155,0
2025-03-12 11:00:00+07:00,88.0,7.4,100.0,/dl/web/weather/ic-w-06-rain-full.svg,Hải Phòng,0.3689911688137913,0,-0.48206152935475155,0
2025-03-12 12:00:00+07:00,75.0,3.7,100.0,/dl/web/weather/ic-w-06-rain-full.svg,Hải Phòng,0.017730585035128334,0,-1.111509852894642,0
2025-03-12 13:00:00+07:00,55.0,11.1,94.0,/dl/web/weather/ic-w-06-rain-full.svg,Hải Phòng,-0.5226703130858916,0,0.14738679418513878,0
2025-03-12 14:00:00+07:00,58.0,13.0,94.0,/dl/web/weather/ic-w-09-mist-full.svg,Hải Phòng,-0.4416101783677386,0,0.4706170143812988,0
2025-03-12 15:00:00+07:00,56.0,9.2,94.0,/dl/web/weather/ic-w-06-rain-full.svg,Hải Phòng,-0.4956502681798406,0,-0.17584342601102124,0
2025-03-12 16:00:00+07:00,66.0,11.1,100.0,/dl/web/weather/ic-w-09-mist-full.svg,Hải Phòng,-0.22544981911933062,0,0.14738679418513878,0
2025-03-12 17:00:00+07:00,75.0,9.2,94.0,/dl/web/weather/ic-w-04-scattered-clouds-full.svg,Hải Phòng,0.017730585035128334,0,-0.17584342601102124,0
2025-03-12 18:00:00+07:00,84.0,9.2,88.0,/dl/web/weather/ic-w-04-scattered-clouds-full.svg,Hải Phòng,0.26091098918958733,0,-0.17584342601102124,0
2025-03-12 19:00:00+07:00,86.0,11.1,88.0,/dl/web/weather/ic-w-04-scattered-clouds-full.svg,Hải Phòng,0.3149510790016893,0,0.14738679418513878,0
2025-03-12 20:00:00+07:00,80.0,5.5,88.0,/dl/web/weather/ic-w-04-scattered-clouds-full.svg,Hải Phòng,0.1528308095653833,0,-0.8052917495509115,0
2025-03-12 21:00:00+07:00,82.0,5.5,88.0,/dl/web/weather/ic-w-04-scattered-clouds-full.svg,Hải Phòng,0.20687089937748532,0,-0.8052917495509115,0
2025-03-12 22:00:00+07:00,94.0,5.5,88.0,/dl/web/weather/ic-w-04-scattered-clouds-full.svg,Hải Phòng,0.5311114382500972,0,-0.8052917495509115,0
2025-03-12 23:00:00+07:00,82.0,3.7,94.0,/dl/web/weather/ic-w-04-scattered-clouds-full.svg,Hải Phòng,0.20687089937748532,0,-1.111509852894642,0
2025-03-13 00:00:00+07:00,71.0,7.4,88.0,/dl/web/weather/ic-w-04-scattered-clouds-full.svg,Hải Phòng,-0.09034959458907565,0,-0.48206152935475155,0
2025-03-13 01:00:00+07:00,64.0,13.0,88.0,/dl/web/weather/ic-w-04-scattered-clouds-full.svg,Hải Phòng,-0.2794899089314326,0,0.4706170143812988,0
2025-03-13 02:00:00+07:00,77.0,5.5,88.0,/dl/web/weather/ic-w-04-scattered-clouds-full.svg,Hải Phòng,0.07177067484723033,0,-0.8052917495509115,0
2025-03-13 03:00:00+07:00,71.0,7.4,94.0,/dl/web/weather/ic-w-04-scattered-clouds-full.svg,Hải Phòng,-0.09034959458907565,0,-0.48206152935475155,0
2025-03-13 04:00:00+07:00,75.0,5.5,94.0,/dl/web/weather/ic-w-04-scattered-clouds-full.svg,Hải Phòng,0.017730585035128334,0,-0.8052917495509115,0
2025-03-13 05:00:00+07:00,75.0,5.5,94.0,/dl/web/weather/ic-w-04-scattered-clouds-full.svg,Hải Phòng,0.017730585035128334,0,-0.8052917495509115,0
2025-03-13 06:00:00+07:00,81.0,7.4,94.0,/dl/web/weather/ic-w-04-scattered-clouds-full.svg,Hải Phòng,0.1798508544714343,0,-0.48206152935475155,0
2025-03-13 07:00:00+07:00,81.0,5.5,94.0,/dl/web/weather/ic-w-04-scattered-clouds-full.svg,Hải Phòng,0.1798508544714343,0,-0.8052917495509115,0
2025-03-13 08:00:00+07:00,88.0,5.5,94.0,/dl/web/weather/ic-w-04-scattered-clouds-full.svg,Hải Phòng,0.3689911688137913,0,-0.8052917495509115,0
2025-03-13 09:00:00+07:00,86.0,9.2,94.0,/dl/web/weather/ic-w-04-scattered-clouds-full.svg,Hải Phòng,0.3149510790016893,0,-0.17584342601102124,0
2025-03-13 10:00:00+07:00,97.0,9.2,88.0,/dl/web/weather/ic-w-04-scattered-clouds-full.svg,Hải Phòng,0.6121715729682503,0,-0.17584342601102124,0
2025-03-13 11:00:00+07:00,94.0,9.2,88.0,/dl/web/weather/ic-w-04-scattered-clouds-full.svg,Hải Phòng,0.5311114382500972,0,-0.17584342601102124,0
2025-03-13 12:00:00+07:00,92.0,9.2,88.0,/dl/web/weather/ic-w-04-scattered-clouds-full.svg,Hải Phòng,0.47707134843799526,0,-0.17584342601102124,0
2025-03-13 13:00:00+07:00,88.0,11.1,83.0,/dl/web/weather/ic-w-04-scattered-clouds-full.svg,Hải Phòng,0.3689911688137913,0,0.14738679418513878,0
2025-03-13 14:00:00+07:00,94.0,11.1,88.0,/dl/web/weather/ic-w-04-scattered-clouds-full.svg,Hải Phòng,0.5311114382500972,0,0.14738679418513878,0
2025-03-13 15:00:00+07:00,94.0,9.2,88.0,/dl/web/weather/ic-w-04-scattered-clouds-full.svg,Hải Phòng,0.5311114382500972,0,-0.17584342601102124,0
2025-03-13 16:00:00+07:00,90.0,7.4,94.0,/dl/web/weather/ic-w-06-rain-full.svg,Hải Phòng,0.4230312586258933,0,-0.48206152935475155,0
2025-03-13 17:00:00+07:00,88.0,9.2,88.0,/dl/web/weather/ic-w-04-scattered-clouds-full.svg,Hải Phòng,0.3689911688137913,0,-0.17584342601102124,0
2025-03-13 18:00:00+07:00,84.0,9.2,83.0,/dl/web/weather/ic-w-04-scattered-clouds-full.svg,Hải Phòng,0.26091098918958733,0,-0.17584342601102124,0
2025-03-13 19:00:00+07:00,80.0,11.1,83.0,/dl/web/weather/ic-w-12-night-rain-full.svg,Hải Phòng,0.1528308095653833,0,0.14738679418513878,0
2025-03-13 20:00:00+07:00,77.0,11.1,83.0,/dl/web/weather/ic-w-04-scattered-clouds-full.svg,Hải Phòng,0.07177067484723033,0,0.14738679418513878,0
2025-03-13 21:00:00+07:00,77.0,11.1,83.0,/dl/web/weather/ic-w-04-scattered-clouds-full.svg,Hải Phòng,0.07177067484723033,0,0.14738679418513878,0
2025-03-13 22:00:00+07:00,75.0,13.0,83.0,/dl/web/weather/ic-w-04-scattered-clouds-full.svg,Hải Phòng,0.017730585035128334,0,0.4706170143812988,0
2025-03-13 23:00:00+07:00,73.0,5.5,88.0,/dl/web/weather/ic-w-04-scattered-clouds-full.svg,Hải Phòng,-0.03630950477697366,0,-0.8052917495509115,0
2025-03-14 00:00:00+07:00,75.0,3.7,88.0,/dl/web/weather/ic-w-04-scattered-clouds-full.svg,Hải Phòng,0.017730585035128334,0,-1.111509852894642,0
2025-03-14 01:00:00+07:00,69.0,10.3,95.0,/dl/web/weather/ic-w-04-scattered-clouds-full.svg,Hải Phòng,-0.14438968440117764,0,0.011289859365703201,0
2025-03-14 02:00:00+07:00,69.0,10.1,96.0,/dl/web/weather/ic-w-04-scattered-clouds-full.svg,Hải Phòng,-0.14438968440117764,0,-0.022734374339155924,0
2025-03-14 03:00:00+07:00,71.0,8.9,96.0,/dl/web/weather/ic-w-04-scattered-clouds-full.svg,Hải Phòng,-0.09034959458907565,0,-0.22687977656830946,0
2025-03-14 04:00:00+07:00,71.0,9.7,95.0,/dl/web/weather/ic-w-04-scattered-clouds-full.svg,Hải Phòng,-0.09034959458907565,0,-0.09078284174887387,0
2025-03-14 05:00:00+07:00,60.0,11.6,95.0,/dl/web/weather/ic-w-04-scattered-clouds-full.svg,Hải Phòng,-0.3875700885556366,0,0.23244737844728616,0
2025-03-14 06:00:00+07:00,68.0,10.8,95.0,/dl/web/weather/ic-w-04-scattered-clouds-full.svg,Hải Phòng,-0.17140972930722864,0,0.09635044362785056,0
2025-03-14 07:00:00+07:00,68.0,13.2,94.0,/dl/web/weather/ic-w-04-scattered-clouds-full.svg,Hải Phòng,-0.17140972930722864,0,0.5046412480861576,0
2025-03-14 08:00:00+07:00,55.0,13.5,92.0,/dl/web/weather/ic-w-04-scattered-clouds-full.svg,Hải Phòng,-0.5226703130858916,0,0.5556775986434461,0
2025-03-14 09:00:00+07:00,58.0,14.0,91.0,/dl/web/weather/ic-w-04-scattered-clouds-full.svg,Hải Phòng,-0.4416101783677386,0,0.6407381829055935,0
2025-03-14 10:00:00+07:00,77.0,16.3,88.0,/dl/web/weather/ic-w-04-scattered-clouds-full.svg,Hải Phòng,0.07177067484723033,0,1.0320168705114714,0
2025-03-14 11:00:00+07:00,58.0,16.3,88.0,/dl/web/weather/ic-w-04-scattered-clouds-full.svg,Hải Phòng,-0.4416101783677386,0,1.0320168705114714,0
2025-03-14 12:00:00+07:00,66.0,18.2,87.0,/dl/web/weather/ic-w-04-scattered-clouds-full.svg,Hải Phòng,-0.22544981911933062,0,1.3552470907076313,0
2025-03-14 13:00:00+07:00,60.0,17.9,87.0,/dl/web/weather/ic-w-04-scattered-clouds-full.svg,Hải Phòng,-0.3875700885556366,0,1.3042107401503427,0
2025-03-14 14:00:00+07:00,62.0,18.7,85.0,/dl/web/weather/ic-w-04-scattered-clouds-full.svg,Hải Phòng,-0.3335299987435346,0,1.4403076749697785,0
2025-03-14 15:00:00+07:00,66.0,20.6,82.0,/dl/web/weather/ic-w-04-scattered-clouds-full.svg,Hải Phòng,-0.22544981911933062,0,1.7635378951659388,0
2025-03-14 16:00:00+07:00,68.0,20.0,85.0,/dl/web/weather/ic-w-04-scattered-clouds-full.svg,Hải Phòng,-0.17140972930722864,0,1.6614651940513618,0
2025-03-14 17:00:00+07:00,73.0,19.2,86.0,/dl/web/weather/ic-w-04-scattered-clouds-full.svg,Hải Phòng,-0.03630950477697366,0,1.525368259231926,0
2025-03-14 18:00:00+07:00,77.0,17.2,87.0,/dl/web/weather/ic-w-04-scattered-clouds-full.svg,Hải Phòng,0.07177067484723033,0,1.1851259221833366,0
2025-03-14 19:00:00+07:00,75.0,10.9,90.0,/dl/web/weather/ic-w-04-scattered-clouds-full.svg,Hải Phòng,0.017730585035128334,0,0.11336256048027997,0
2025-03-14 20:00:00+07:00,71.0,7.4,94.0,/dl/web/weather/ic-w-04-scattered-clouds-full.svg,Hải Phòng,-0.09034959458907565,0,-0.48206152935475155,0
2025-03-14 21:00:00+07:00,79.0,7.4,94.0,/dl/web/weather/ic-w-04-scattered-clouds-full.svg,Hải Phòng,0.12581076465933233,0,-0.48206152935475155,0
2025-03-14 22:00:00+07:00,75.0,9.2,94.0,/dl/web/weather/ic-w-04-scattered-clouds-full.svg,Hải Phòng,0.017730585035128334,0,-0.17584342601102124,0
2025-03-14 23:00:00+07:00,69.0,7.4,94.0,/dl/web/weather/ic-w-04-scattered-clouds-full.svg,Hải Phòng,-0.14438968440117764,0,-0.48206152935475155,0
2025-03-15 00:00:00+07:00,69.0,7.4,100.0,/dl/web/weather/ic-w-09-mist-full.svg,Hải Phòng,-0.14438968440117764,0,-0.48206152935475155,0
2025-03-15 01:00:00+07:00,71.0,7.4,100.0,/dl/web/weather/ic-w-04-scattered-clouds-full.svg,Hải Phòng,-0.09034959458907565,0,-0.48206152935475155,0
2025-03-15 02:00:00+07:00,71.0,7.4,100.0,/dl/web/weather/ic-w-04-scattered-clouds-full.svg,Hải Phòng,-0.09034959458907565,0,-0.48206152935475155,0
2025-03-15 04:00:00+07:00,73.0,5.5,100.0,/dl/web/weather/ic-w-04-scattered-clouds-full.svg,Hải Phòng,-0.03630950477697366,0,-0.8052917495509115,0
2025-03-15 05:00:00+07:00,81.0,5.5,100.0,/dl/web/weather/ic-w-09-mist-full.svg,Hải Phòng,0.1798508544714343,0,-0.8052917495509115,0
2025-03-15 06:00:00+07:00,82.0,5.5,100.0,/dl/web/weather/ic-w-04-scattered-clouds-full.svg,Hải Phòng,0.20687089937748532,0,-0.8052917495509115,0
2025-03-15 07:00:00+07:00,77.0,3.7,94.0,/dl/web/weather/ic-w-09-mist-full.svg,Hải Phòng,0.07177067484723033,0,-1.111509852894642,0
2025-03-15 08:00:00+07:00,86.0,3.7,94.0,/dl/web/weather/ic-w-06-rain-full.svg,Hải Phòng,0.3149510790016893,0,-1.111509852894642,0
2025-03-15 09:00:00+07:00,88.0,3.7,94.0,/dl/web/weather/ic-w-09-mist-full.svg,Hải Phòng,0.3689911688137913,0,-1.111509852894642,0
2025-03-15 10:00:00+07:00,88.0,8.2,80.0,/dl/web/weather/ic-w-04-scattered-clouds-full.svg,Hải Phòng,0.3689911688137913,0,-0.3459645945353159,0
2025-03-15 11:00:00+07:00,68.0,8.2,80.0,/dl/web/weather/ic-w-04-scattered-clouds-full.svg,Hải Phòng,-0.17140972930722864,0,-0.3459645945353159,0
2025-03-15 12:00:00+07:00,69.0,3.7,94.0,/dl/web/weather/ic-w-06-rain-full.svg,Hải Phòng,-0.14438968440117764,0,-1.111509852894642,0
2025-03-15 13:00:00+07:00,73.0,5.5,94.0,/dl/web/weather/ic-w-04-scattered-clouds-full.svg,Hải Phòng,-0.03630950477697366,0,-0.8052917495509115,0
2025-03-15 14:00:00+07:00,92.0,5.5,94.0,/dl/web/weather/ic-w-04-scattered-clouds-full.svg,Hải Phòng,0.47707134843799526,0,-0.8052917495509115,0
2025-03-15 15:00:00+07:00,90.0,7.4,94.0,/dl/web/weather/ic-w-06-rain-full.svg,Hải Phòng,0.4230312586258933,0,-0.48206152935475155,0
2025-03-15 16:00:00+07:00,68.0,11.1,94.0,/dl/web/weather/ic-w-06-rain-full.svg,Hải Phòng,-0.17140972930722864,0,0.14738679418513878,0
2025-03-15 17:00:00+07:00,74.0,7.4,94.0,/dl/web/weather/ic-w-04-scattered-clouds-full.svg,Hải Phòng,-0.00928945987092266,0,-0.48206152935475155,0
2025-03-15 18:00:00+07:00,84.0,7.4,94.0,/dl/web/weather/ic-w-04-scattered-clouds-full.svg,Hải Phòng,0.26091098918958733,0,-0.48206152935475155,0
2025-03-15 19:00:00+07:00,92.0,5.5,94.0,/dl/web/weather/ic-w-04-scattered-clouds-full.svg,Hải Phòng,0.47707134843799526,0,-0.8052917495509115,0
2025-03-15 20:00:00+07:00,86.0,16.7,94.0,/dl/web/weather/ic-w-04-scattered-clouds-full.svg,Hải Phòng,0.3149510790016893,0,1.100065337921189,0
2025-03-15 21:00:00+07:00,86.0,16.7,94.0,/dl/web/weather/ic-w-04-scattered-clouds-full.svg,Hải Phòng,0.3149510790016893,0,1.100065337921189,0
2025-03-15 22:00:00+07:00,69.0,14.8,94.0,/dl/web/weather/ic-w-04-scattered-clouds-full.svg,Hải Phòng,-0.14438968440117764,0,0.7768351177250294,0
2025-03-15 23:00:00+07:00,64.0,16.7,73.0,/dl/web/weather/ic-w-04-scattered-clouds-full.svg,Hải Phòng,-0.2794899089314326,0,1.100065337921189,0
2025-03-16 00:00:00+07:00,64.0,16.7,73.0,/dl/web/weather/ic-w-04-scattered-clouds-full.svg,Hải Phòng,-0.2794899089314326,0,1.100065337921189,0
2025-03-16 01:00:00+07:00,58.0,11.1,68.0,/dl/web/weather/ic-w-04-scattered-clouds-full.svg,Hải Phòng,-0.4416101783677386,0,0.14738679418513878,0
2025-03-16 03:00:00+07:00,56.0,11.1,64.0,/dl/web/weather/ic-w-04-scattered-clouds-full.svg,Hải Phòng,-0.4956502681798406,0,0.14738679418513878,0
2025-03-16 04:00:00+07:00,64.0,16.7,64.0,/dl/web/weather/ic-w-04-scattered-clouds-full.svg,Hải Phòng,-0.2794899089314326,0,1.100065337921189,0
2025-03-16 05:00:00+07:00,73.0,16.7,64.0,/dl/web/weather/ic-w-04-scattered-clouds-full.svg,Hải Phòng,-0.03630950477697366,0,1.100065337921189,0
2025-03-16 06:00:00+07:00,66.0,9.2,68.0,/dl/web/weather/ic-w-04-scattered-clouds-full.svg,Hải Phòng,-0.22544981911933062,0,-0.17584342601102124,0
2025-03-16 07:00:00+07:00,60.0,20.4,68.0,/dl/web/weather/ic-w-04-scattered-clouds-full.svg,Hải Phòng,-0.3875700885556366,0,1.7295136614610795,0
2025-03-16 08:00:00+07:00,66.0,14.8,63.0,/dl/web/weather/ic-w-04-scattered-clouds-full.svg,Hải Phòng,-0.22544981911933062,0,0.7768351177250294,0
2025-03-16 09:00:00+07:00,60.0,16.7,63.0,/dl/web/weather/ic-w-02-new-clouds-full.svg,Hải Phòng,-0.3875700885556366,0,1.100065337921189,0
2025-03-16 10:00:00+07:00,71.0,14.8,59.0,/dl/web/weather/ic-w-04-scattered-clouds-full.svg,Hải Phòng,-0.09034959458907565,0,0.7768351177250294,0
2025-03-16 11:00:00+07:00,64.0,14.8,59.0,/dl/web/weather/ic-w-04-scattered-clouds-full.svg,Hải Phòng,-0.2794899089314326,0,0.7768351177250294,0
2025-03-16 12:00:00+07:00,64.0,16.7,55.0,/dl/web/weather/ic-w-04-scattered-clouds-full.svg,Hải Phòng,-0.2794899089314326,0,1.100065337921189,0
2025-03-16 13:00:00+07:00,47.0,16.7,55.0,/dl/web/weather/ic-w-04-scattered-clouds-full.svg,Hải Phòng,-0.7388306723342996,0,1.100065337921189,0
2025-03-16 14:00:00+07:00,50.0,13.0,56.0,/dl/web/weather/ic-w-04-scattered-clouds-full.svg,Hải Phòng,-0.6577705376161466,0,0.4706170143812988,0
2025-03-16 15:00:00+07:00,44.0,13.0,52.0,/dl/web/weather/ic-w-01-clear-sky-full.svg,Hải Phòng,-0.8198908070524525,0,0.4706170143812988,0
2025-03-16 16:00:00+07:00,50.0,11.1,49.0,/dl/web/weather/ic-w-01-clear-sky-full.svg,Hải Phòng,-0.6577705376161466,0,0.14738679418513878,0
2025-03-16 17:00:00+07:00,53.0,9.2,56.0,/dl/web/weather/ic-w-01-clear-sky-full.svg,Hải Phòng,-0.5767104028979936,0,-0.17584342601102124,0
2025-03-16 18:00:00+07:00,53.0,7.4,52.0,/dl/web/weather/ic-w-01-clear-sky-full.svg,Hải Phòng,-0.5767104028979936,0,-0.48206152935475155,0
2025-03-16 19:00:00+07:00,60.0,7.4,55.0,/dl/web/weather/ic-w-10-night-clear-sky-full.svg,Hải Phòng,-0.3875700885556366,0,-0.48206152935475155,0
2025-03-16 20:00:00+07:00,58.0,3.7,68.0,/dl/web/weather/ic-w-10-night-clear-sky-full.svg,Hải Phòng,-0.4416101783677386,0,-1.111509852894642,0
2025-03-16 21:00:00+07:00,58.0,3.7,68.0,/dl/web/weather/ic-w-10-night-clear-sky-full.svg,Hải Phòng,-0.4416101783677386,0,-1.111509852894642,0
2025-03-16 22:00:00+07:00,62.0,13.0,59.0,/dl/web/weather/ic-w-10-night-clear-sky-full.svg,Hải Phòng,-0.3335299987435346,0,0.4706170143812988,0
2025-03-16 23:00:00+07:00,62.0,11.1,63.0,/dl/web/weather/ic-w-10-night-clear-sky-full.svg,Hải Phòng,-0.3335299987435346,0,0.14738679418513878,0
2025-03-17 00:00:00+07:00,62.0,13.0,63.0,/dl/web/weather/ic-w-10-night-clear-sky-full.svg,Hải Phòng,-0.3335299987435346,0,0.4706170143812988,0
2025-03-17 01:00:00+07:00,64.0,7.4,63.0,/dl/web/weather/ic-w-10-night-clear-sky-full.svg,Hải Phòng,-0.2794899089314326,0,-0.48206152935475155,0
2025-03-17 02:00:00+07:00,71.0,13.0,59.0,/dl/web/weather/ic-w-10-night-clear-sky-full.svg,Hải Phòng,-0.09034959458907565,0,0.4706170143812988,0
2025-03-17 03:00:00+07:00,77.0,13.0,59.0,/dl/web/weather/ic-w-10-night-clear-sky-full.svg,Hải Phòng,0.07177067484723033,0,0.4706170143812988,0
2025-03-17 04:00:00+07:00,82.0,9.2,59.0,/dl/web/weather/ic-w-10-night-clear-sky-full.svg,Hải Phòng,0.20687089937748532,0,-0.17584342601102124,0
2025-03-17 06:00:00+07:00,72.0,7.4,63.0,/dl/web/weather/ic-w-10-night-clear-sky-full.svg,Hải Phòng,-0.06332954968302465,0,-0.48206152935475155,0
2025-03-17 07:00:00+07:00,71.0,13.0,55.0,/dl/web/weather/ic-w-01-clear-sky-full.svg,Hải Phòng,-0.09034959458907565,0,0.4706170143812988,0
2025-03-17 08:00:00+07:00,79.0,13.0,55.0,/dl/web/weather/ic-w-01-clear-sky-full.svg,Hải Phòng,0.12581076465933233,0,0.4706170143812988,0
2025-03-17 09:00:00+07:00,75.0,11.1,55.0,/dl/web/weather/ic-w-01-clear-sky-full.svg,Hải Phòng,0.017730585035128334,0,0.14738679418513878,0
2025-03-17 10:00:00+07:00,75.0,9.2,55.0,/dl/web/weather/ic-w-01-clear-sky-full.svg,Hải Phòng,0.017730585035128334,0,-0.17584342601102124,0
2025-03-17 11:00:00+07:00,81.0,9.2,55.0,/dl/web/weather/ic-w-01-clear-sky-full.svg,Hải Phòng,0.1798508544714343,0,-0.17584342601102124,0
2025-03-17 12:00:00+07:00,79.0,14.8,48.0,/dl/web/weather/ic-w-01-clear-sky-full.svg,Hải Phòng,0.12581076465933233,0,0.7768351177250294,0
2025-03-17 13:00:00+07:00,81.0,11.1,48.0,/dl/web/weather/ic-w-01-clear-sky-full.svg,Hải Phòng,0.1798508544714343,0,0.14738679418513878,0
2025-03-17 14:00:00+07:00,79.0,13.0,52.0,/dl/web/weather/ic-w-01-clear-sky-full.svg,Hải Phòng,0.12581076465933233,0,0.4706170143812988,0
2025-03-17 15:00:00+07:00,79.0,14.8,46.0,/dl/web/weather/ic-w-01-clear-sky-full.svg,Hải Phòng,0.12581076465933233,0,0.7768351177250294,0
2025-03-17 16:00:00+07:00,82.0,11.1,52.0,/dl/web/weather/ic-w-01-clear-sky-full.svg,Hải Phòng,0.20687089937748532,0,0.14738679418513878,0
2025-03-17 17:00:00+07:00,84.0,14.8,52.0,/dl/web/weather/ic-w-01-clear-sky-full.svg,Hải Phòng,0.26091098918958733,0,0.7768351177250294,0
2025-03-17 18:00:00+07:00,77.0,11.1,48.0,/dl/web/weather/ic-w-01-clear-sky-full.svg,Hải Phòng,0.07177067484723033,0,0.14738679418513878,0
2025-03-17 19:00:00+07:00,77.0,11.1,52.0,/dl/web/weather/ic-w-01-clear-sky-full.svg,Hải Phòng,0.07177067484723033,0,0.14738679418513878,0
2025-03-17 20:00:00+07:00,79.0,9.2,59.0,/dl/web/weather/ic-w-10-night-clear-sky-full.svg,Hải Phòng,0.12581076465933233,0,-0.17584342601102124,0
2025-03-17 21:00:00+07:00,84.0,9.2,59.0,/dl/web/weather/ic-w-10-night-clear-sky-full.svg,Hải Phòng,0.26091098918958733,0,-0.17584342601102124,0
2025-03-17 22:00:00+07:00,97.0,9.2,59.0,/dl/web/weather/ic-w-10-night-clear-sky-full.svg,Hải Phòng,0.6121715729682503,0,-0.17584342601102124,0
2025-03-17 23:00:00+07:00,105.0,13.0,55.0,/dl/web/weather/ic-w-10-night-clear-sky-full.svg,Hải Phòng,0.8283319322166582,0,0.4706170143812988,0
2025-03-18 00:00:00+07:00,115.0,14.8,59.0,/dl/web/weather/ic-w-10-night-clear-sky-full.svg,Hải Phòng,1.0985323812771681,0,0.7768351177250294,0
2025-03-18 01:00:00+07:00,117.0,13.0,59.0,/dl/web/weather/ic-w-04-scattered-clouds-full.svg,Hải Phòng,1.1525724710892702,0,0.4706170143812988,0
2025-03-18 02:00:00+07:00,99.0,11.1,63.0,/dl/web/weather/ic-w-04-scattered-clouds-full.svg,Hải Phòng,0.6662116627803523,0,0.14738679418513878,0
2025-03-18 03:00:00+07:00,92.0,9.2,63.0,/dl/web/weather/ic-w-10-night-clear-sky-full.svg,Hải Phòng,0.47707134843799526,0,-0.17584342601102124,0
2025-03-18 04:00:00+07:00,94.0,11.1,59.0,/dl/web/weather/ic-w-10-night-clear-sky-full.svg,Hải Phòng,0.5311114382500972,0,0.14738679418513878,0
2025-03-18 05:00:00+07:00,99.0,11.1,55.0,/dl/web/weather/ic-w-10-night-clear-sky-full.svg,Hải Phòng,0.6662116627803523,0,0.14738679418513878,0
2025-03-18 06:00:00+07:00,110.0,7.4,51.0,/dl/web/weather/ic-w-10-night-clear-sky-full.svg,Hải Phòng,0.9634321567469132,0,-0.48206152935475155,0
2025-03-18 07:00:00+07:00,110.0,13.0,55.0,/dl/web/weather/ic-w-01-clear-sky-full.svg,Hải Phòng,0.9634321567469132,0,0.4706170143812988,0
2025-03-18 08:00:00+07:00,115.0,11.1,55.0,/dl/web/weather/ic-w-01-clear-sky-full.svg,Hải Phòng,1.0985323812771681,0,0.14738679418513878,0
2025-03-18 09:00:00+07:00,119.0,11.1,51.0,/dl/web/weather/ic-w-01-clear-sky-full.svg,Hải Phòng,1.2066125609013723,0,0.14738679418513878,0
2025-03-18 10:00:00+07:00,115.0,14.8,48.0,/dl/web/weather/ic-w-01-clear-sky-full.svg,Hải Phòng,1.0985323812771681,0,0.7768351177250294,0
2025-03-18 11:00:00+07:00,110.0,14.8,48.0,/dl/web/weather/ic-w-01-clear-sky-full.svg,Hải Phòng,0.9634321567469132,0,0.7768351177250294,0
2025-03-18 12:00:00+07:00,105.0,13.0,48.0,/dl/web/weather/ic-w-01-clear-sky-full.svg,Hải Phòng,0.8283319322166582,0,0.4706170143812988,0
2025-03-18 13:00:00+07:00,105.0,11.1,45.0,/dl/web/weather/ic-w-01-clear-sky-full.svg,Hải Phòng,0.8283319322166582,0,0.14738679418513878,0
2025-03-18 14:00:00+07:00,110.0,14.8,45.0,/dl/web/weather/ic-w-01-clear-sky-full.svg,Hải Phòng,0.9634321567469132,0,0.7768351177250294,0
2025-03-18 15:00:00+07:00,102.0,13.0,43.0,/dl/web/weather/ic-w-02-new-clouds-full.svg,Hải Phòng,0.7472717974985053,0,0.4706170143812988,0
2025-03-18 17:00:00+07:00,116.0,9.2,43.0,/dl/web/weather/ic-w-01-clear-sky-full.svg,Hải Phòng,1.1255524261832193,0,-0.17584342601102124,0
2025-03-18 18:00:00+07:00,127.0,5.5,45.0,/dl/web/weather/ic-w-01-clear-sky-full.svg,Hải Phòng,1.42277292014978,0,-0.8052917495509115,0
2025-03-18 19:00:00+07:00,124.0,7.4,55.0,/dl/web/weather/ic-w-10-night-clear-sky-full.svg,Hải Phòng,1.341712785431627,0,-0.48206152935475155,0
2025-03-18 20:00:00+07:00,117.0,13.0,63.0,/dl/web/weather/ic-w-10-night-clear-sky-full.svg,Hải Phòng,1.1525724710892702,0,0.4706170143812988,0
2025-03-18 21:00:00+07:00,102.0,13.0,63.0,/dl/web/weather/ic-w-10-night-clear-sky-full.svg,Hải Phòng,0.7472717974985053,0,0.4706170143812988,0
2025-03-18 22:00:00+07:00,94.0,9.2,63.0,/dl/web/weather/ic-w-10-night-clear-sky-full.svg,Hải Phòng,0.5311114382500972,0,-0.17584342601102124,0
2025-03-18 23:00:00+07:00,99.0,5.5,68.0,/dl/web/weather/ic-w-10-night-clear-sky-full.svg,Hải Phòng,0.6662116627803523,0,-0.8052917495509115,0
2025-03-19 00:00:00+07:00,107.0,1.8,72.0,/dl/web/weather/ic-w-10-night-clear-sky-full.svg,Hải Phòng,0.8823720220287602,0,-1.434740073090802,0
2025-03-19 01:00:00+07:00,110.0,3.7,72.0,/dl/web/weather/ic-w-10-night-clear-sky-full.svg,Hải Phòng,0.9634321567469132,0,-1.111509852894642,0
2025-03-19 02:00:00+07:00,115.0,5.5,72.0,/dl/web/weather/ic-w-10-night-clear-sky-full.svg,Hải Phòng,1.0985323812771681,0,-0.8052917495509115,0
2025-03-19 03:00:00+07:00,117.0,5.5,67.0,/dl/web/weather/ic-w-10-night-clear-sky-full.svg,Hải Phòng,1.1525724710892702,0,-0.8052917495509115,0
2025-03-19 04:00:00+07:00,99.0,9.2,63.0,/dl/web/weather/ic-w-10-night-clear-sky-full.svg,Hải Phòng,0.6662116627803523,0,-0.17584342601102124,0
2025-03-19 05:00:00+07:00,79.0,9.2,55.0,/dl/web/weather/ic-w-10-night-clear-sky-full.svg,Hải Phòng,0.12581076465933233,0,-0.17584342601102124,0
2025-03-19 06:00:00+07:00,84.0,9.2,55.0,/dl/web/weather/ic-w-10-night-clear-sky-full.svg,Hải Phòng,0.26091098918958733,0,-0.17584342601102124,0
2025-03-19 07:00:00+07:00,82.0,7.4,55.0,/dl/web/weather/ic-w-01-clear-sky-full.svg,Hải Phòng,0.20687089937748532,0,-0.48206152935475155,0
2025-03-19 08:00:00+07:00,86.0,5.5,55.0,/dl/web/weather/ic-w-01-clear-sky-full.svg,Hải Phòng,0.3149510790016893,0,-0.8052917495509115,0
2025-03-19 09:00:00+07:00,86.0,9.2,49.0,/dl/web/weather/ic-w-01-clear-sky-full.svg,Hải Phòng,0.3149510790016893,0,-0.17584342601102124,0
2025-03-19 10:00:00+07:00,86.0,9.2,43.0,/dl/web/weather/ic-w-01-clear-sky-full.svg,Hải Phòng,0.3149510790016893,0,-0.17584342601102124,0
2025-03-19 11:00:00+07:00,80.0,9.2,43.0,/dl/web/weather/ic-w-01-clear-sky-full.svg,Hải Phòng,0.1528308095653833,0,-0.17584342601102124,0
2025-03-19 12:00:00+07:00,84.0,13.0,35.0,/dl/web/weather/ic-w-01-clear-sky-full.svg,Hải Phòng,0.26091098918958733,0,0.4706170143812988,0
2025-03-19 13:00:00+07:00,78.0,11.1,33.0,/dl/web/weather/ic-w-01-clear-sky-full.svg,Hải Phòng,0.09879071975328133,0,0.14738679418513878,0
2025-03-19 14:00:00+07:00,71.0,5.5,28.0,/dl/web/weather/ic-w-01-clear-sky-full.svg,Hải Phòng,-0.09034959458907565,0,-0.8052917495509115,0
2025-03-19 15:00:00+07:00,76.0,3.7,33.0,/dl/web/weather/ic-w-01-clear-sky-full.svg,Hải Phòng,0.04475062994117933,0,-1.111509852894642,0
2025-03-19 16:00:00+07:00,79.0,9.2,31.0,/dl/web/weather/ic-w-01-clear-sky-full.svg,Hải Phòng,0.12581076465933233,0,-0.17584342601102124,0
2025-03-19 17:00:00+07:00,89.0,16.7,40.0,/dl/web/weather/ic-w-01-clear-sky-full.svg,Hải Phòng,0.39601121371984227,0,1.100065337921189,0
2025-03-19 18:00:00+07:00,85.0,16.7,46.0,/dl/web/weather/ic-w-01-clear-sky-full.svg,Hải Phòng,0.2879310340956383,0,1.100065337921189,0
2025-03-19 19:00:00+07:00,78.0,13.0,52.0,/dl/web/weather/ic-w-10-night-clear-sky-full.svg,Hải Phòng,0.09879071975328133,0,0.4706170143812988,0
2025-03-19 20:00:00+07:00,76.0,1.8,55.0,/dl/web/weather/ic-w-10-night-clear-sky-full.svg,Hải Phòng,0.04475062994117933,0,-1.434740073090802,0
2025-03-19 21:00:00+07:00,74.0,1.8,55.0,/dl/web/weather/ic-w-10-night-clear-sky-full.svg,Hải Phòng,-0.00928945987092266,0,-1.434740073090802,0
2025-03-19 22:00:00+07:00,75.0,3.7,59.0,/dl/web/weather/ic-w-10-night-clear-sky-full.svg,Hải Phòng,0.017730585035128334,0,-1.111509852894642,0
2025-03-19 23:00:00+07:00,80.0,1.8,63.0,/dl/web/weather/ic-w-10-night-clear-sky-full.svg,Hải Phòng,0.1528308095653833,0,-1.434740073090802,0
2025-03-20 00:00:00+07:00,82.0,1.8,63.0,/dl/web/weather/ic-w-10-night-clear-sky-full.svg,Hải Phòng,0.20687089937748532,0,-1.434740073090802,0
2025-03-20 01:00:00+07:00,83.0,7.4,63.0,/dl/web/weather/ic-w-10-night-clear-sky-full.svg,Hải Phòng,0.2338909442835363,0,-0.48206152935475155,0
2025-03-20 02:00:00+07:00,103.0,5.5,63.0,/dl/web/weather/ic-w-10-night-clear-sky-full.svg,Hải Phòng,0.7742918424045563,0,-0.8052917495509115,0
2025-03-20 04:00:00+07:00,128.0,7.4,59.0,/dl/web/weather/ic-w-10-night-clear-sky-full.svg,Hải Phòng,1.4497929650558312,0,-0.48206152935475155,0
2025-03-20 05:00:00+07:00,142.0,5.5,63.0,/dl/web/weather/ic-w-10-night-clear-sky-full.svg,Hải Phòng,1.828073593740545,0,-0.8052917495509115,0
2025-03-20 06:00:00+07:00,163.0,7.4,72.0,/dl/web/weather/ic-w-10-night-clear-sky-full.svg,Hải Phòng,2.395494536767616,0,-0.48206152935475155,0
2025-03-20 07:00:00+07:00,168.0,3.7,68.0,/dl/web/weather/ic-w-04-scattered-clouds-full.svg,Hải Phòng,2.530594761297871,0,-1.111509852894642,0
2025-03-20 08:00:00+07:00,171.0,7.4,63.0,/dl/web/weather/ic-w-01-clear-sky-full.svg,Hải Phòng,2.611654896016024,0,-0.48206152935475155,0
2025-03-20 09:00:00+07:00,173.0,7.4,49.0,/dl/web/weather/ic-w-01-clear-sky-full.svg,Hải Phòng,2.665694985828126,0,-0.48206152935475155,0
2025-03-20 10:00:00+07:00,171.0,7.4,38.0,/dl/web/weather/ic-w-01-clear-sky-full.svg,Hải Phòng,2.611654896016024,0,-0.48206152935475155,0
2025-03-20 11:00:00+07:00,162.0,7.4,38.0,/dl/web/weather/ic-w-01-clear-sky-full.svg,Hải Phòng,2.3684744918615652,0,-0.48206152935475155,0
2025-03-20 12:00:00+07:00,122.0,7.4,31.0,/dl/web/weather/ic-w-01-clear-sky-full.svg,Hải Phòng,1.2876726956195252,0,-0.48206152935475155,0
2025-03-20 13:00:00+07:00,87.0,5.5,33.0,/dl/web/weather/ic-w-01-clear-sky-full.svg,Hải Phòng,0.3419711239077403,0,-0.8052917495509115,0
2025-03-20 14:00:00+07:00,95.0,6.9,28.0,/dl/web/weather/ic-w-04-scattered-clouds-full.svg,Hải Phòng,0.5581314831561482,0,-0.5671221136168989,0
2025-03-20 15:00:00+07:00,98.0,11.7,28.0,/dl/web/weather/ic-w-02-new-clouds-full.svg,Hải Phòng,0.6391916178743012,0,0.24945949529971556,0
2025-03-20 16:00:00+07:00,96.0,16.7,29.0,/dl/web/weather/ic-w-01-clear-sky-full.svg,Hải Phòng,0.5851515280621993,0,1.100065337921189,0
2025-03-20 17:00:00+07:00,96.0,16.7,33.0,/dl/web/weather/ic-w-01-clear-sky-full.svg,Hải Phòng,0.5851515280621993,0,1.100065337921189,0
2025-03-20 18:00:00+07:00,98.0,13.0,35.0,/dl/web/weather/ic-w-01-clear-sky-full.svg,Hải Phòng,0.6391916178743012,0,0.4706170143812988,0
2025-03-20 19:00:00+07:00,103.0,11.1,37.0,/dl/web/weather/ic-w-10-night-clear-sky-full.svg,Hải Phòng,0.7742918424045563,0,0.14738679418513878,0
2025-03-20 20:00:00+07:00,105.0,9.2,49.0,/dl/web/weather/ic-w-10-night-clear-sky-full.svg,Hải Phòng,0.8283319322166582,0,-0.17584342601102124,0
2025-03-20 21:00:00+07:00,111.0,9.2,49.0,/dl/web/weather/ic-w-10-night-clear-sky-full.svg,Hải Phòng,0.9904522016529642,0,-0.17584342601102124,0
2025-03-20 22:00:00+07:00,107.0,5.5,59.0,/dl/web/weather/ic-w-10-night-clear-sky-full.svg,Hải Phòng,0.8823720220287602,0,-0.8052917495509115,0
2025-03-20 23:00:00+07:00,117.0,0.0,55.0,/dl/web/weather/ic-w-10-night-clear-sky-full.svg,Hải Phòng,1.1525724710892702,0,-1.7409581764345325,0
2025-03-21 00:00:00+07:00,142.0,3.7,52.0,/dl/web/weather/ic-w-10-night-clear-sky-full.svg,Hải Phòng,1.828073593740545,0,-1.111509852894642,0
2025-03-21 01:00:00+07:00,145.0,0.0,68.0,/dl/web/weather/ic-w-10-night-clear-sky-full.svg,Hải Phòng,1.909133728458698,0,-1.7409581764345325,0
2025-03-21 02:00:00+07:00,140.0,3.7,63.0,/dl/web/weather/ic-w-10-night-clear-sky-full.svg,Hải Phòng,1.7740335039284432,0,-1.111509852894642,0
2025-03-21 03:00:00+07:00,152.0,5.5,63.0,/dl/web/weather/ic-w-10-night-clear-sky-full.svg,Hải Phòng,2.098274042801055,0,-0.8052917495509115,0
2025-03-21 04:00:00+07:00,158.0,5.5,67.0,/dl/web/weather/ic-w-10-night-clear-sky-full.svg,Hải Phòng,2.260394312237361,0,-0.8052917495509115,0
2025-03-21 05:00:00+07:00,154.0,5.5,67.0,/dl/web/weather/ic-w-10-night-clear-sky-full.svg,Hải Phòng,2.152314132613157,0,-0.8052917495509115,0
2025-03-21 06:00:00+07:00,153.0,5.5,82.0,/dl/web/weather/ic-w-10-night-clear-sky-full.svg,Hải Phòng,2.1252940877071063,0,-0.8052917495509115,0
2025-03-21 08:00:00+07:00,152.0,3.7,68.0,/dl/web/weather/ic-w-01-clear-sky-full.svg,Hải Phòng,2.098274042801055,0,-1.111509852894642,0
2025-03-21 09:00:00+07:00,148.0,7.4,49.0,/dl/web/weather/ic-w-01-clear-sky-full.svg,Hải Phòng,1.990193863176851,0,-0.48206152935475155,0
2025-03-21 10:00:00+07:00,90.0,9.0,32.0,/dl/web/weather/ic-w-04-scattered-clouds-full.svg,Hải Phòng,0.4230312586258933,0,-0.20986765971588006,0
2025-03-21 11:00:00+07:00,90.0,9.0,32.0,/dl/web/weather/ic-w-04-scattered-clouds-full.svg,Hải Phòng,0.4230312586258933,0,-0.20986765971588006,0
2025-03-21 12:00:00+07:00,86.0,12.4,32.0,/dl/web/weather/ic-w-04-scattered-clouds-full.svg,Hải Phòng,0.3149510790016893,0,0.36854431326672205,0
2025-03-21 13:00:00+07:00,82.0,14.8,32.0,/dl/web/weather/ic-w-04-scattered-clouds-full.svg,Hải Phòng,0.20687089937748532,0,0.7768351177250294,0
2025-03-21 14:00:00+07:00,81.0,13.0,29.0,/dl/web/weather/ic-w-01-clear-sky-full.svg,Hải Phòng,0.1798508544714343,0,0.4706170143812988,0
2025-03-21 15:00:00+07:00,78.0,13.0,33.0,/dl/web/weather/ic-w-01-clear-sky-full.svg,Hải Phòng,0.09879071975328133,0,0.4706170143812988,0
2025-03-21 16:00:00+07:00,79.0,16.7,31.0,/dl/web/weather/ic-w-01-clear-sky-full.svg,Hải Phòng,0.12581076465933233,0,1.100065337921189,0
2025-03-21 17:00:00+07:00,80.0,13.0,31.0,/dl/web/weather/ic-w-01-clear-sky-full.svg,Hải Phòng,0.1528308095653833,0,0.4706170143812988,0
2025-03-21 18:00:00+07:00,81.0,11.1,33.0,/dl/web/weather/ic-w-01-clear-sky-full.svg,Hải Phòng,0.1798508544714343,0,0.14738679418513878,0
2025-03-21 19:00:00+07:00,87.0,11.1,46.0,/dl/web/weather/ic-w-10-night-clear-sky-full.svg,Hải Phòng,0.3419711239077403,0,0.14738679418513878,0
2025-03-21 20:00:00+07:00,98.0,9.2,68.0,/dl/web/weather/ic-w-10-night-clear-sky-full.svg,Hải Phòng,0.6391916178743012,0,-0.17584342601102124,0
2025-03-21 21:00:00+07:00,96.0,9.2,68.0,/dl/web/weather/ic-w-10-night-clear-sky-full.svg,Hải Phòng,0.5851515280621993,0,-0.17584342601102124,0
2025-03-21 22:00:00+07:00,110.0,7.4,72.0,/dl/web/weather/ic-w-10-night-clear-sky-full.svg,Hải Phòng,0.9634321567469132,0,-0.48206152935475155,0
2025-03-21 23:00:00+07:00,118.0,5.5,72.0,/dl/web/weather/ic-w-10-night-clear-sky-full.svg,Hải Phòng,1.1795925159953211,0,-0.8052917495509115,0
2025-03-22 00:00:00+07:00,132.0,5.5,72.0,/dl/web/weather/ic-w-10-night-clear-sky-full.svg,Hải Phòng,1.5578731446800351,0,-0.8052917495509115,0
2025-03-22 01:00:00+07:00,140.0,3.7,72.0,/dl/web/weather/ic-w-10-night-clear-sky-full.svg,Hải Phòng,1.7740335039284432,0,-1.111509852894642,0
2025-03-22 02:00:00+07:00,138.0,0.0,77.0,/dl/web/weather/ic-w-10-night-clear-sky-full.svg,Hải Phòng,1.719993414116341,0,-1.7409581764345325,0
2025-03-22 03:00:00+07:00,131.0,0.0,77.0,/dl/web/weather/ic-w-10-night-clear-sky-full.svg,Hải Phòng,1.5308530997739842,0,-1.7409581764345325,0
2025-03-22 04:00:00+07:00,118.0,7.6,69.0,/dl/web/weather/ic-w-04-scattered-clouds-full.svg,Hải Phòng,1.1795925159953211,0,-0.4480372956498927,0
2025-03-22 05:00:00+07:00,129.0,5.5,82.0,/dl/web/weather/ic-w-10-night-clear-sky-full.svg,Hải Phòng,1.4768130099618821,0,-0.8052917495509115,0
2025-03-22 06:00:00+07:00,155.0,5.5,77.0,/dl/web/weather/ic-w-10-night-clear-sky-full.svg,Hải Phòng,2.179334177519208,0,-0.8052917495509115,0
2025-03-22 07:00:00+07:00,162.0,3.7,82.0,/dl/web/weather/ic-w-04-scattered-clouds-full.svg,Hải Phòng,2.3684744918615652,0,-1.111509852894642,0
2025-03-22 08:00:00+07:00,159.0,1.8,64.0,/dl/web/weather/ic-w-01-clear-sky-full.svg,Hải Phòng,2.2874143571434122,0,-1.434740073090802,0
2025-03-22 10:00:00+07:00,121.0,9.2,46.0,/dl/web/weather/ic-w-01-clear-sky-full.svg,Hải Phòng,1.260652650713474,0,-0.17584342601102124,0
2025-03-22 11:00:00+07:00,97.0,9.2,46.0,/dl/web/weather/ic-w-01-clear-sky-full.svg,Hải Phòng,0.6121715729682503,0,-0.17584342601102124,0
2025-03-22 12:00:00+07:00,92.0,13.0,50.0,/dl/web/weather/ic-w-01-clear-sky-full.svg,Hải Phòng,0.47707134843799526,0,0.4706170143812988,0
2025-03-22 13:00:00+07:00,87.0,13.0,50.0,/dl/web/weather/ic-w-01-clear-sky-full.svg,Hải Phòng,0.3419711239077403,0,0.4706170143812988,0
2025-03-22 14:00:00+07:00,86.0,13.0,57.0,/dl/web/weather/ic-w-01-clear-sky-full.svg,Hải Phòng,0.3149510790016893,0,0.4706170143812988,0
2025-03-22 15:00:00+07:00,83.0,13.0,57.0,/dl/web/weather/ic-w-01-clear-sky-full.svg,Hải Phòng,0.2338909442835363,0,0.4706170143812988,0
2025-03-22 16:00:00+07:00,81.0,11.1,41.0,/dl/web/weather/ic-w-01-clear-sky-full.svg,Hải Phòng,0.1798508544714343,0,0.14738679418513878,0
2025-03-22 17:00:00+07:00,85.0,14.8,53.0,/dl/web/weather/ic-w-01-clear-sky-full.svg,Hải Phòng,0.2879310340956383,0,0.7768351177250294,0
2025-03-22 18:00:00+07:00,93.0,18.5,60.0,/dl/web/weather/ic-w-01-clear-sky-full.svg,Hải Phòng,0.5040913933440463,0,1.4062834412649197,0
2025-03-22 19:00:00+07:00,103.0,14.8,73.0,/dl/web/weather/ic-w-01-clear-sky-full.svg,Hải Phòng,0.7742918424045563,0,0.7768351177250294,0
2025-03-22 20:00:00+07:00,121.0,13.0,83.0,/dl/web/weather/ic-w-10-night-clear-sky-full.svg,Hải Phòng,1.260652650713474,0,0.4706170143812988,0
2025-03-22 21:00:00+07:00,135.0,13.0,83.0,/dl/web/weather/ic-w-10-night-clear-sky-full.svg,Hải Phòng,1.6389332793981881,0,0.4706170143812988,0
2025-03-22 22:00:00+07:00,139.0,14.8,88.0,/dl/web/weather/ic-w-10-night-clear-sky-full.svg,Hải Phòng,1.747013459022392,0,0.7768351177250294,0
2025-03-22 23:00:00+07:00,139.0,14.8,88.0,/dl/web/weather/ic-w-10-night-clear-sky-full.svg,Hải Phòng,1.747013459022392,0,0.7768351177250294,0
2025-03-23 00:00:00+07:00,135.0,11.1,88.0,/dl/web/weather/ic-w-10-night-clear-sky-full.svg,Hải Phòng,1.6389332793981881,0,0.14738679418513878,0
2025-03-23 01:00:00+07:00,140.0,13.0,88.0,/dl/web/weather/ic-w-10-night-clear-sky-full.svg,Hải Phòng,1.7740335039284432,0,0.4706170143812988,0
2025-03-23 02:00:00+07:00,133.0,11.1,88.0,/dl/web/weather/ic-w-10-night-clear-sky-full.svg,Hải Phòng,1.584893189586086,0,0.14738679418513878,0
2025-03-23 03:00:00+07:00,134.0,5.5,88.0,/dl/web/weather/ic-w-10-night-clear-sky-full.svg,Hải Phòng,1.6119132344921372,0,-0.8052917495509115,0
2025-03-23 04:00:00+07:00,139.0,9.2,88.0,/dl/web/weather/ic-w-04-scattered-clouds-full.svg,Hải Phòng,1.747013459022392,0,-0.17584342601102124,0
2025-03-23 05:00:00+07:00,142.0,3.7,94.0,/dl/web/weather/ic-w-11-night-few-clouds-full.svg,Hải Phòng,1.828073593740545,0,-1.111509852894642,0
2025-03-23 06:00:00+07:00,155.0,1.8,94.0,/dl/web/weather/ic-w-09-mist-full.svg,Hải Phòng,2.179334177519208,0,-1.434740073090802,0
2025-03-23 07:00:00+07:00,159.0,7.4,88.0,/dl/web/weather/ic-w-09-mist-full.svg,Hải Phòng,2.2874143571434122,0,-0.48206152935475155,0
2025-03-23 08:00:00+07:00,140.0,3.7,83.0,/dl/web/weather/ic-w-09-mist-full.svg,Hải Phòng,1.7740335039284432,0,-1.111509852894642,0
2025-03-23 09:00:00+07:00,134.0,9.2,78.0,/dl/web/weather/ic-w-02-new-clouds-full.svg,Hải Phòng,1.6119132344921372,0,-0.17584342601102124,0
2025-03-23 10:00:00+07:00,113.0,9.2,78.0,/dl/web/weather/ic-w-02-new-clouds-full.svg,Hải Phòng,1.0444922914650663,0,-0.17584342601102124,0
2025-03-23 11:00:00+07:00,113.0,9.2,78.0,/dl/web/weather/ic-w-02-new-clouds-full.svg,Hải Phòng,1.0444922914650663,0,-0.17584342601102124,0
2025-03-23 12:00:00+07:00,102.0,5.5,73.0,/dl/web/weather/ic-w-02-new-clouds-full.svg,Hải Phòng,0.7472717974985053,0,-0.8052917495509115,0
2025-03-23 13:00:00+07:00,101.0,5.5,61.0,/dl/web/weather/ic-w-02-new-clouds-full.svg,Hải Phòng,0.7202517525924542,0,-0.8052917495509115,0
2025-03-23 14:00:00+07:00,97.0,7.4,61.0,/dl/web/weather/ic-w-01-clear-sky-full.svg,Hải Phòng,0.6121715729682503,0,-0.48206152935475155,0
2025-03-23 15:00:00+07:00,96.0,14.8,61.0,/dl/web/weather/ic-w-02-new-clouds-full.svg,Hải Phòng,0.5851515280621993,0,0.7768351177250294,0
2025-03-23 16:00:00+07:00,86.0,16.7,53.0,/dl/web/weather/ic-w-01-clear-sky-full.svg,Hải Phòng,0.3149510790016893,0,1.100065337921189,0
2025-03-23 17:00:00+07:00,91.0,14.8,50.0,/dl/web/weather/ic-w-01-clear-sky-full.svg,Hải Phòng,0.4500513035319443,0,0.7768351177250294,0
2025-03-23 18:00:00+07:00,92.0,16.7,50.0,/dl/web/weather/ic-w-01-clear-sky-full.svg,Hải Phòng,0.47707134843799526,0,1.100065337921189,0
2025-03-23 19:00:00+07:00,101.0,16.7,68.0,/dl/web/weather/ic-w-01-clear-sky-full.svg,Hải Phòng,0.7202517525924542,0,1.100065337921189,0
2025-03-23 20:00:00+07:00,112.0,9.2,83.0,/dl/web/weather/ic-w-10-night-clear-sky-full.svg,Hải Phòng,1.0174722465590151,0,-0.17584342601102124,0
2025-03-23 21:00:00+07:00,112.0,9.2,83.0,/dl/web/weather/ic-w-10-night-clear-sky-full.svg,Hải Phòng,1.0174722465590151,0,-0.17584342601102124,0
2025-03-23 22:00:00+07:00,107.0,7.4,83.0,/dl/web/weather/ic-w-10-night-clear-sky-full.svg,Hải Phòng,0.8823720220287602,0,-0.48206152935475155,0
2025-03-23 23:00:00+07:00,127.0,5.5,88.0,/dl/web/weather/ic-w-10-night-clear-sky-full.svg,Hải Phòng,1.42277292014978,0,-0.8052917495509115,0
2025-03-24 01:00:00+07:00,148.0,7.4,88.0,/dl/web/weather/ic-w-10-night-clear-sky-full.svg,Hải Phòng,1.990193863176851,0,-0.48206152935475155,0
2025-03-24 02:00:00+07:00,137.0,5.5,83.0,/dl/web/weather/ic-w-10-night-clear-sky-full.svg,Hải Phòng,1.6929733692102902,0,-0.8052917495509115,0
2025-03-24 03:00:00+07:00,142.0,3.7,83.0,/dl/web/weather/ic-w-10-night-clear-sky-full.svg,Hải Phòng,1.828073593740545,0,-1.111509852894642,0
2025-03-24 04:00:00+07:00,151.0,3.7,88.0,/dl/web/weather/ic-w-10-night-clear-sky-full.svg,Hải Phòng,2.071253997895004,0,-1.111509852894642,0
2025-03-24 05:00:00+07:00,153.0,0.0,88.0,/dl/web/weather/ic-w-10-night-clear-sky-full.svg,Hải Phòng,2.1252940877071063,0,-1.7409581764345325,0
2025-03-24 06:00:00+07:00,159.0,1.8,88.0,/dl/web/weather/ic-w-10-night-clear-sky-full.svg,Hải Phòng,2.2874143571434122,0,-1.434740073090802,0
2025-03-24 07:00:00+07:00,167.0,5.5,94.0,/dl/web/weather/ic-w-09-mist-full.svg,Hải Phòng,2.50357471639182,0,-0.8052917495509115,0
2025-03-24 08:00:00+07:00,160.0,9.2,73.0,/dl/web/weather/ic-w-01-clear-sky-full.svg,Hải Phòng,2.314434402049463,0,-0.17584342601102124,0
2025-03-24 09:00:00+07:00,140.0,13.0,73.0,/dl/web/weather/ic-w-01-clear-sky-full.svg,Hải Phòng,1.7740335039284432,0,0.4706170143812988,0
2025-03-24 10:00:00+07:00,165.0,13.0,73.0,/dl/web/weather/ic-w-01-clear-sky-full.svg,Hải Phòng,2.449534626579718,0,0.4706170143812988,0
2025-03-24 11:00:00+07:00,158.0,6.1,48.0,/dl/web/weather/ic-w-01-clear-sky-full.svg,Hải Phòng,2.260394312237361,0,-0.7032190484363348,0
2025-03-24 12:00:00+07:00,163.0,9.5,44.0,/dl/web/weather/ic-w-01-clear-sky-full.svg,Hải Phòng,2.395494536767616,0,-0.1248070754537327,0
2025-03-24 13:00:00+07:00,164.0,9.2,61.0,/dl/web/weather/ic-w-01-clear-sky-full.svg,Hải Phòng,2.422514581673667,0,-0.17584342601102124,0
2025-03-24 14:00:00+07:00,167.0,9.2,61.0,/dl/web/weather/ic-w-01-clear-sky-full.svg,Hải Phòng,2.50357471639182,0,-0.17584342601102124,0
2025-03-24 15:00:00+07:00,171.0,11.1,57.0,/dl/web/weather/ic-w-01-clear-sky-full.svg,Hải Phòng,2.611654896016024,0,0.14738679418513878,0
2025-03-24 16:00:00+07:00,168.0,11.1,57.0,/dl/web/weather/ic-w-01-clear-sky-full.svg,Hải Phòng,2.530594761297871,0,0.14738679418513878,0
2025-03-24 17:00:00+07:00,164.0,18.5,73.0,/dl/web/weather/ic-w-01-clear-sky-full.svg,Hải Phòng,2.422514581673667,0,1.4062834412649197,0
2025-03-24 18:00:00+07:00,151.0,16.7,78.0,/dl/web/weather/ic-w-01-clear-sky-full.svg,Hải Phòng,2.071253997895004,0,1.100065337921189,0
2025-03-24 19:00:00+07:00,143.0,16.7,78.0,/dl/web/weather/ic-w-01-clear-sky-full.svg,Hải Phòng,1.8550936386465962,0,1.100065337921189,0
2025-03-24 20:00:00+07:00,122.0,14.8,83.0,/dl/web/weather/ic-w-10-night-clear-sky-full.svg,Hải Phòng,1.2876726956195252,0,0.7768351177250294,0
2025-03-24 21:00:00+07:00,110.0,14.8,83.0,/dl/web/weather/ic-w-10-night-clear-sky-full.svg,Hải Phòng,0.9634321567469132,0,0.7768351177250294,0
2025-03-24 22:00:00+07:00,101.0,11.1,83.0,/dl/web/weather/ic-w-10-night-clear-sky-full.svg,Hải Phòng,0.7202517525924542,0,0.14738679418513878,0
2025-03-24 23:00:00+07:00,91.0,7.4,83.0,/dl/web/weather/ic-w-10-night-clear-sky-full.svg,Hải Phòng,0.4500513035319443,0,-0.48206152935475155,0
2025-03-25 00:00:00+07:00,88.0,7.4,88.0,/dl/web/weather/ic-w-10-night-clear-sky-full.svg,Hải Phòng,0.3689911688137913,0,-0.48206152935475155,0
2025-03-25 01:00:00+07:00,89.0,7.4,88.0,/dl/web/weather/ic-w-10-night-clear-sky-full.svg,Hải Phòng,0.39601121371984227,0,-0.48206152935475155,0
2025-03-25 02:00:00+07:00,93.0,3.7,88.0,/dl/web/weather/ic-w-10-night-clear-sky-full.svg,Hải Phòng,0.5040913933440463,0,-1.111509852894642,0
2025-03-25 03:00:00+07:00,94.0,5.5,88.0,/dl/web/weather/ic-w-10-night-clear-sky-full.svg,Hải Phòng,0.5311114382500972,0,-0.8052917495509115,0
2025-03-25 04:00:00+07:00,96.0,7.4,88.0,/dl/web/weather/ic-w-10-night-clear-sky-full.svg,Hải Phòng,0.5851515280621993,0,-0.48206152935475155,0
2025-03-25 05:00:00+07:00,91.0,5.5,88.0,/dl/web/weather/ic-w-10-night-clear-sky-full.svg,Hải Phòng,0.4500513035319443,0,-0.8052917495509115,0
2025-03-25 06:00:00+07:00,94.0,3.7,88.0,/dl/web/weather/ic-w-10-night-clear-sky-full.svg,Hải Phòng,0.5311114382500972,0,-1.111509852894642,0
2025-03-25 07:00:00+07:00,107.0,5.5,94.0,/dl/web/weather/ic-w-01-clear-sky-full.svg,Hải Phòng,0.8823720220287602,0,-0.8052917495509115,0
2025-03-25 08:00:00+07:00,89.0,1.8,88.0,/dl/web/weather/ic-w-04-scattered-clouds-full.svg,Hải Phòng,0.39601121371984227,0,-1.434740073090802,0
2025-03-25 09:00:00+07:00,88.0,1.8,88.0,/dl/web/weather/ic-w-04-scattered-clouds-full.svg,Hải Phòng,0.3689911688137913,0,-1.434740073090802,0
2025-03-25 10:00:00+07:00,115.0,1.8,88.0,/dl/web/weather/ic-w-04-scattered-clouds-full.svg,Hải Phòng,1.0985323812771681,0,-1.434740073090802,0
2025-03-25 11:00:00+07:00,98.0,9.2,73.0,/dl/web/weather/ic-w-04-scattered-clouds-full.svg,Hải Phòng,0.6391916178743012,0,-0.17584342601102124,0
2025-03-25 12:00:00+07:00,106.0,5.5,73.0,/dl/web/weather/ic-w-04-scattered-clouds-full.svg,Hải Phòng,0.8553519771227093,0,-0.8052917495509115,0
2025-03-25 13:00:00+07:00,106.0,5.5,65.0,/dl/web/weather/ic-w-04-scattered-clouds-full.svg,Hải Phòng,0.8553519771227093,0,-0.8052917495509115,0
2025-03-25 14:00:00+07:00,92.0,9.2,65.0,/dl/web/weather/ic-w-02-new-clouds-full.svg,Hải Phòng,0.47707134843799526,0,-0.17584342601102124,0
2025-03-25 15:00:00+07:00,82.0,9.2,65.0,/dl/web/weather/ic-w-02-new-clouds-full.svg,Hải Phòng,0.20687089937748532,0,-0.17584342601102124,0
2025-03-25 16:00:00+07:00,83.0,18.5,69.0,/dl/web/weather/ic-w-02-new-clouds-full.svg,Hải Phòng,0.2338909442835363,0,1.4062834412649197,0
2025-03-25 17:00:00+07:00,81.0,14.8,73.0,/dl/web/weather/ic-w-01-clear-sky-full.svg,Hải Phòng,0.1798508544714343,0,0.7768351177250294,0
2025-03-25 18:00:00+07:00,81.0,14.8,69.0,/dl/web/weather/ic-w-01-clear-sky-full.svg,Hải Phòng,0.1798508544714343,0,0.7768351177250294,0
2025-03-25 19:00:00+07:00,76.0,13.0,78.0,/dl/web/weather/ic-w-01-clear-sky-full.svg,Hải Phòng,0.04475062994117933,0,0.4706170143812988,0
2025-03-25 20:00:00+07:00,80.0,9.2,78.0,/dl/web/weather/ic-w-10-night-clear-sky-full.svg,Hải Phòng,0.1528308095653833,0,-0.17584342601102124,0
2025-03-25 21:00:00+07:00,75.0,9.2,78.0,/dl/web/weather/ic-w-10-night-clear-sky-full.svg,Hải Phòng,0.017730585035128334,0,-0.17584342601102124,0
2025-03-25 22:00:00+07:00,75.0,7.4,88.0,/dl/web/weather/ic-w-10-night-clear-sky-full.svg,Hải Phòng,0.017730585035128334,0,-0.48206152935475155,0
2025-03-25 23:00:00+07:00,72.0,9.2,88.0,/dl/web/weather/ic-w-11-night-few-clouds-full.svg,Hải Phòng,-0.06332954968302465,0,-0.17584342601102124,0
2025-03-26 00:00:00+07:00,72.0,11.1,88.0,/dl/web/weather/ic-w-10-night-clear-sky-full.svg,Hải Phòng,-0.06332954968302465,0,0.14738679418513878,0
2025-03-26 01:00:00+07:00,72.0,5.5,83.0,/dl/web/weather/ic-w-10-night-clear-sky-full.svg,Hải Phòng,-0.06332954968302465,0,-0.8052917495509115,0
2025-03-26 02:00:00+07:00,77.0,9.2,88.0,/dl/web/weather/ic-w-10-night-clear-sky-full.svg,Hải Phòng,0.07177067484723033,0,-0.17584342601102124,0
2025-03-26 03:00:00+07:00,79.0,9.2,88.0,/dl/web/weather/ic-w-10-night-clear-sky-full.svg,Hải Phòng,0.12581076465933233,0,-0.17584342601102124,0
2025-03-26 04:00:00+07:00,77.0,5.5,88.0,/dl/web/weather/ic-w-11-night-few-clouds-full.svg,Hải Phòng,0.07177067484723033,0,-0.8052917495509115,0
2025-03-26 05:00:00+07:00,75.0,3.7,94.0,/dl/web/weather/ic-w-04-scattered-clouds-full.svg,Hải Phòng,0.017730585035128334,0,-1.111509852894642,0
2025-03-26 06:00:00+07:00,79.0,3.7,88.0,/dl/web/weather/ic-w-10-night-clear-sky-full.svg,Hải Phòng,0.12581076465933233,0,-1.111509852894642,0
2025-03-26 07:00:00+07:00,88.0,5.5,94.0,/dl/web/weather/ic-w-01-clear-sky-full.svg,Hải Phòng,0.3689911688137913,0,-0.8052917495509115,0
2025-03-26 08:00:00+07:00,79.0,9.2,83.0,/dl/web/weather/ic-w-04-scattered-clouds-full.svg,Hải Phòng,0.12581076465933233,0,-0.17584342601102124,0
2025-03-26 09:00:00+07:00,69.0,9.2,83.0,/dl/web/weather/ic-w-04-scattered-clouds-full.svg,Hải Phòng,-0.14438968440117764,0,-0.17584342601102124,0
2025-03-26 10:00:00+07:00,69.0,13.0,73.0,/dl/web/weather/ic-w-04-scattered-clouds-full.svg,Hải Phòng,-0.14438968440117764,0,0.4706170143812988,0
2025-03-26 11:00:00+07:00,71.0,13.0,73.0,/dl/web/weather/ic-w-04-scattered-clouds-full.svg,Hải Phòng,-0.09034959458907565,0,0.4706170143812988,0
2025-03-26 12:00:00+07:00,71.0,14.8,73.0,/dl/web/weather/ic-w-04-scattered-clouds-full.svg,Hải Phòng,-0.09034959458907565,0,0.7768351177250294,0
2025-03-26 13:00:00+07:00,75.0,16.7,65.0,/dl/web/weather/ic-w-04-scattered-clouds-full.svg,Hải Phòng,0.017730585035128334,0,1.100065337921189,0
2025-03-26 14:00:00+07:00,67.0,18.5,61.0,/dl/web/weather/ic-w-04-scattered-clouds-full.svg,Hải Phòng,-0.19842977421327965,0,1.4062834412649197,0
2025-03-26 15:00:00+07:00,68.0,20.4,56.0,/dl/web/weather/ic-w-04-scattered-clouds-full.svg,Hải Phòng,-0.17140972930722864,0,1.7295136614610795,0
2025-03-26 16:00:00+07:00,72.0,18.5,61.0,/dl/web/weather/ic-w-04-scattered-clouds-full.svg,Hải Phòng,-0.06332954968302465,0,1.4062834412649197,0
2025-03-26 17:00:00+07:00,78.0,16.7,67.0,/dl/web/weather/ic-w-04-scattered-clouds-full.svg,Hải Phòng,0.09879071975328133,0,1.100065337921189,0
2025-03-26 18:00:00+07:00,74.0,14.8,74.0,/dl/web/weather/ic-w-04-scattered-clouds-full.svg,Hải Phòng,-0.00928945987092266,0,0.7768351177250294,0
2025-03-26 19:00:00+07:00,75.0,14.8,82.0,/dl/web/weather/ic-w-04-scattered-clouds-full.svg,Hải Phòng,0.017730585035128334,0,0.7768351177250294,0
2025-03-26 20:00:00+07:00,80.0,13.0,83.0,/dl/web/weather/ic-w-04-scattered-clouds-full.svg,Hải Phòng,0.1528308095653833,0,0.4706170143812988,0
2025-03-26 21:00:00+07:00,73.0,13.0,83.0,/dl/web/weather/ic-w-04-scattered-clouds-full.svg,Hải Phòng,-0.03630950477697366,0,0.4706170143812988,0
2025-03-26 22:00:00+07:00,76.0,9.2,81.0,/dl/web/weather/ic-w-04-scattered-clouds-full.svg,Hải Phòng,0.04475062994117933,0,-0.17584342601102124,0
2025-03-26 23:00:00+07:00,71.0,9.2,80.0,/dl/web/weather/ic-w-04-scattered-clouds-full.svg,Hải Phòng,-0.09034959458907565,0,-0.17584342601102124,0
2025-03-27 00:00:00+07:00,69.0,11.1,84.0,/dl/web/weather/ic-w-04-scattered-clouds-full.svg,Hải Phòng,-0.14438968440117764,0,0.14738679418513878,0
2025-03-27 01:00:00+07:00,69.0,11.1,84.0,/dl/web/weather/ic-w-04-scattered-clouds-full.svg,Hải Phòng,-0.14438968440117764,0,0.14738679418513878,0
2025-03-27 02:00:00+07:00,68.0,7.4,87.0,/dl/web/weather/ic-w-04-scattered-clouds-full.svg,Hải Phòng,-0.17140972930722864,0,-0.48206152935475155,0
2025-03-27 03:00:00+07:00,66.0,7.4,89.0,/dl/web/weather/ic-w-04-scattered-clouds-full.svg,Hải Phòng,-0.22544981911933062,0,-0.48206152935475155,0
2025-03-27 04:00:00+07:00,66.0,9.2,89.0,/dl/web/weather/ic-w-04-scattered-clouds-full.svg,Hải Phòng,-0.22544981911933062,0,-0.17584342601102124,0
2025-03-27 05:00:00+07:00,69.0,9.2,85.0,/dl/web/weather/ic-w-04-scattered-clouds-full.svg,Hải Phòng,-0.14438968440117764,0,-0.17584342601102124,0
2025-03-27 06:00:00+07:00,72.0,11.1,85.0,/dl/web/weather/ic-w-04-scattered-clouds-full.svg,Hải Phòng,-0.06332954968302465,0,0.14738679418513878,0
2025-03-27 07:00:00+07:00,75.0,14.8,85.0,/dl/web/weather/ic-w-04-scattered-clouds-full.svg,Hải Phòng,0.017730585035128334,0,0.7768351177250294,0
2025-03-27 08:00:00+07:00,82.0,14.8,87.0,/dl/web/weather/ic-w-04-scattered-clouds-full.svg,Hải Phòng,0.20687089937748532,0,0.7768351177250294,0
2025-03-27 09:00:00+07:00,82.0,16.7,85.0,/dl/web/weather/ic-w-04-scattered-clouds-full.svg,Hải Phòng,0.20687089937748532,0,1.100065337921189,0
2025-03-27 10:00:00+07:00,96.0,16.7,83.0,/dl/web/weather/ic-w-04-scattered-clouds-full.svg,Hải Phòng,0.5851515280621993,0,1.100065337921189,0
2025-03-27 11:00:00+07:00,89.0,16.7,83.0,/dl/web/weather/ic-w-04-scattered-clouds-full.svg,Hải Phòng,0.39601121371984227,0,1.100065337921189,0
2025-03-27 12:00:00+07:00,88.0,20.4,70.0,/dl/web/weather/ic-w-04-scattered-clouds-full.svg,Hải Phòng,0.3689911688137913,0,1.7295136614610795,0
2025-03-27 13:00:00+07:00,91.0,20.4,67.0,/dl/web/weather/ic-w-04-scattered-clouds-full.svg,Hải Phòng,0.4500513035319443,0,1.7295136614610795,0
2025-03-27 14:00:00+07:00,91.0,16.7,66.0,/dl/web/weather/ic-w-04-scattered-clouds-full.svg,Hải Phòng,0.4500513035319443,0,1.100065337921189,0
2025-03-27 15:00:00+07:00,98.0,16.7,71.0,/dl/web/weather/ic-w-04-scattered-clouds-full.svg,Hải Phòng,0.6391916178743012,0,1.100065337921189,0
2025-03-27 16:00:00+07:00,98.0,18.5,71.0,/dl/web/weather/ic-w-04-scattered-clouds-full.svg,Hải Phòng,0.6391916178743012,0,1.4062834412649197,0
2025-03-27 17:00:00+07:00,105.0,18.5,78.0,/dl/web/weather/ic-w-04-scattered-clouds-full.svg,Hải Phòng,0.8283319322166582,0,1.4062834412649197,0
2025-03-27 18:00:00+07:00,112.0,14.8,86.0,/dl/web/weather/ic-w-04-scattered-clouds-full.svg,Hải Phòng,1.0174722465590151,0,0.7768351177250294,0
2025-03-27 19:00:00+07:00,111.0,13.0,86.0,/dl/web/weather/ic-w-04-scattered-clouds-full.svg,Hải Phòng,0.9904522016529642,0,0.4706170143812988,0
2025-03-27 20:00:00+07:00,102.0,13.0,90.0,/dl/web/weather/ic-w-04-scattered-clouds-full.svg,Hải Phòng,0.7472717974985053,0,0.4706170143812988,0
2025-03-27 21:00:00+07:00,102.0,11.1,88.0,/dl/web/weather/ic-w-04-scattered-clouds-full.svg,Hải Phòng,0.7472717974985053,0,0.14738679418513878,0
2025-03-27 22:00:00+07:00,102.0,7.4,85.0,/dl/web/weather/ic-w-04-scattered-clouds-full.svg,Hải Phòng,0.7472717974985053,0,-0.48206152935475155,0
2025-03-27 23:00:00+07:00,102.0,9.2,85.0,/dl/web/weather/ic-w-04-scattered-clouds-full.svg,Hải Phòng,0.7472717974985053,0,-0.17584342601102124,0
2025-03-28 00:00:00+07:00,96.0,11.1,85.0,/dl/web/weather/ic-w-04-scattered-clouds-full.svg,Hải Phòng,0.5851515280621993,0,0.14738679418513878,0
2025-03-28 01:00:00+07:00,92.0,11.1,85.0,/dl/web/weather/ic-w-04-scattered-clouds-full.svg,Hải Phòng,0.47707134843799526,0,0.14738679418513878,0
2025-03-28 02:00:00+07:00,96.0,9.2,88.0,/dl/web/weather/ic-w-04-scattered-clouds-full.svg,Hải Phòng,0.5851515280621993,0,-0.17584342601102124,0
2025-03-28 03:00:00+07:00,102.0,9.2,88.0,/dl/web/weather/ic-w-04-scattered-clouds-full.svg,Hải Phòng,0.7472717974985053,0,-0.17584342601102124,0
2025-03-28 04:00:00+07:00,108.0,9.2,88.0,/dl/web/weather/ic-w-04-scattered-clouds-full.svg,Hải Phòng,0.9093920669348112,0,-0.17584342601102124,0
2025-03-28 05:00:00+07:00,106.0,7.4,84.0,/dl/web/weather/ic-w-04-scattered-clouds-full.svg,Hải Phòng,0.8553519771227093,0,-0.48206152935475155,0
2025-03-28 06:00:00+07:00,110.0,7.4,88.0,/dl/web/weather/ic-w-04-scattered-clouds-full.svg,Hải Phòng,0.9634321567469132,0,-0.48206152935475155,0
2025-03-28 07:00:00+07:00,107.0,7.4,88.0,/dl/web/weather/ic-w-04-scattered-clouds-full.svg,Hải Phòng,0.8823720220287602,0,-0.48206152935475155,0
2025-03-28 08:00:00+07:00,107.0,7.4,83.0,/dl/web/weather/ic-w-04-scattered-clouds-full.svg,Hải Phòng,0.8823720220287602,0,-0.48206152935475155,0
2025-03-28 10:00:00+07:00,97.0,11.1,74.0,/dl/web/weather/ic-w-04-scattered-clouds-full.svg,Hải Phòng,0.6121715729682503,0,0.14738679418513878,0
2025-03-28 11:00:00+07:00,95.0,14.8,77.0,/dl/web/weather/ic-w-04-scattered-clouds-full.svg,Hải Phòng,0.5581314831561482,0,0.7768351177250294,0
2025-03-28 12:00:00+07:00,85.0,11.1,75.0,/dl/web/weather/ic-w-04-scattered-clouds-full.svg,Hải Phòng,0.2879310340956383,0,0.14738679418513878,0
2025-03-28 13:00:00+07:00,77.0,13.0,71.0,/dl/web/weather/ic-w-04-scattered-clouds-full.svg,Hải Phòng,0.07177067484723033,0,0.4706170143812988,0
2025-03-28 14:00:00+07:00,81.0,7.4,73.0,/dl/web/weather/ic-w-04-scattered-clouds-full.svg,Hải Phòng,0.1798508544714343,0,-0.48206152935475155,0
2025-03-28 15:00:00+07:00,81.0,7.4,73.0,/dl/web/weather/ic-w-04-scattered-clouds-full.svg,Hải Phòng,0.1798508544714343,0,-0.48206152935475155,0
2025-03-28 16:00:00+07:00,87.0,7.4,75.0,/dl/web/weather/ic-w-04-scattered-clouds-full.svg,Hải Phòng,0.3419711239077403,0,-0.48206152935475155,0
2025-03-28 17:00:00+07:00,92.0,11.1,73.0,/dl/web/weather/ic-w-04-scattered-clouds-full.svg,Hải Phòng,0.47707134843799526,0,0.14738679418513878,0
2025-03-28 18:00:00+07:00,106.0,11.1,77.0,/dl/web/weather/ic-w-04-scattered-clouds-full.svg,Hải Phòng,0.8553519771227093,0,0.14738679418513878,0
2025-03-28 19:00:00+07:00,133.0,11.1,84.0,/dl/web/weather/ic-w-04-scattered-clouds-full.svg,Hải Phòng,1.584893189586086,0,0.14738679418513878,0
2025-03-28 20:00:00+07:00,127.0,9.2,85.0,/dl/web/weather/ic-w-04-scattered-clouds-full.svg,Hải Phòng,1.42277292014978,0,-0.17584342601102124,0
2025-03-28 21:00:00+07:00,131.0,7.4,85.0,/dl/web/weather/ic-w-04-scattered-clouds-full.svg,Hải Phòng,1.5308530997739842,0,-0.48206152935475155,0
2025-03-28 22:00:00+07:00,148.0,9.2,80.0,/dl/web/weather/ic-w-04-scattered-clouds-full.svg,Hải Phòng,1.990193863176851,0,-0.17584342601102124,0
2025-03-28 23:00:00+07:00,153.0,11.1,88.0,/dl/web/weather/ic-w-11-night-few-clouds-full.svg,Hải Phòng,2.1252940877071063,0,0.14738679418513878,0
2025-03-29 00:00:00+07:00,155.0,7.4,83.0,/dl/web/weather/ic-w-04-scattered-clouds-full.svg,Hải Phòng,2.179334177519208,0,-0.48206152935475155,0
2025-03-29 01:00:00+07:00,157.0,9.2,83.0,/dl/web/weather/ic-w-04-scattered-clouds-full.svg,Hải Phòng,2.23337426733131,0,-0.17584342601102124,0
2025-03-29 02:00:00+07:00,159.0,13.0,78.0,/dl/web/weather/ic-w-04-scattered-clouds-full.svg,Hải Phòng,2.2874143571434122,0,0.4706170143812988,0
2025-03-29 03:00:00+07:00,159.0,16.7,73.0,/dl/web/weather/ic-w-04-scattered-clouds-full.svg,Hải Phòng,2.2874143571434122,0,1.100065337921189,0
2025-03-29 04:00:00+07:00,156.0,14.8,78.0,/dl/web/weather/ic-w-04-scattered-clouds-full.svg,Hải Phòng,2.2063542224252592,0,0.7768351177250294,0
2025-03-29 05:00:00+07:00,156.0,13.0,78.0,/dl/web/weather/ic-w-04-scattered-clouds-full.svg,Hải Phòng,2.2063542224252592,0,0.4706170143812988,0
2025-03-29 07:00:00+07:00,153.0,14.8,78.0,/dl/web/weather/ic-w-04-scattered-clouds-full.svg,Hải Phòng,2.1252940877071063,0,0.7768351177250294,0
2025-03-29 08:00:00+07:00,139.0,16.7,83.0,/dl/web/weather/ic-w-04-scattered-clouds-full.svg,Hải Phòng,1.747013459022392,0,1.100065337921189,0
2025-03-29 09:00:00+07:00,123.0,20.4,88.0,/dl/web/weather/ic-w-04-scattered-clouds-full.svg,Hải Phòng,1.3146927405255762,0,1.7295136614610795,0
2025-03-29 10:00:00+07:00,119.0,20.4,88.0,/dl/web/weather/ic-w-04-scattered-clouds-full.svg,Hải Phòng,1.2066125609013723,0,1.7295136614610795,0
2025-03-29 11:00:00+07:00,116.0,22.2,82.0,/dl/web/weather/ic-w-04-scattered-clouds-full.svg,Hải Phòng,1.1255524261832193,0,2.03573176480481,0
2025-03-29 12:00:00+07:00,98.0,16.7,77.0,/dl/web/weather/ic-w-04-scattered-clouds-full.svg,Hải Phòng,0.6391916178743012,0,1.100065337921189,0
2025-03-29 13:00:00+07:00,88.0,14.8,68.0,/dl/web/weather/ic-w-04-scattered-clouds-full.svg,Hải Phòng,0.3689911688137913,0,0.7768351177250294,0
2025-03-29 14:00:00+07:00,76.0,13.0,72.0,/dl/web/weather/ic-w-04-scattered-clouds-full.svg,Hải Phòng,0.04475062994117933,0,0.4706170143812988,0
2025-03-29 15:00:00+07:00,70.0,11.1,72.0,/dl/web/weather/ic-w-04-scattered-clouds-full.svg,Hải Phòng,-0.11736963949512665,0,0.14738679418513878,0
2025-03-29 16:00:00+07:00,69.0,13.0,72.0,/dl/web/weather/ic-w-04-scattered-clouds-full.svg,Hải Phòng,-0.14438968440117764,0,0.4706170143812988,0
2025-03-29 17:00:00+07:00,69.0,13.0,68.0,/dl/web/weather/ic-w-04-scattered-clouds-full.svg,Hải Phòng,-0.14438968440117764,0,0.4706170143812988,0
2025-03-29 18:00:00+07:00,66.0,11.1,68.0,/dl/web/weather/ic-w-06-rain-full.svg,Hải Phòng,-0.22544981911933062,0,0.14738679418513878,0
2025-03-29 19:00:00+07:00,66.0,13.0,72.0,/dl/web/weather/ic-w-04-scattered-clouds-full.svg,Hải Phòng,-0.22544981911933062,0,0.4706170143812988,0
2025-03-29 20:00:00+07:00,65.0,14.8,72.0,/dl/web/weather/ic-w-12-night-rain-full.svg,Hải Phòng,-0.25246986402538163,0,0.7768351177250294,0
2025-03-29 21:00:00+07:00,63.0,11.1,82.0,/dl/web/weather/ic-w-12-night-rain-full.svg,Hải Phòng,-0.30650995383748364,0,0.14738679418513878,0
2025-03-29 22:00:00+07:00,65.0,14.8,88.0,/dl/web/weather/ic-w-04-scattered-clouds-full.svg,Hải Phòng,-0.25246986402538163,0,0.7768351177250294,0
2025-03-29 23:00:00+07:00,75.0,13.0,88.0,/dl/web/weather/ic-w-04-scattered-clouds-full.svg,Hải Phòng,0.017730585035128334,0,0.4706170143812988,0
2025-03-30 00:00:00+07:00,77.0,11.1,88.0,/dl/web/weather/ic-w-04-scattered-clouds-full.svg,Hải Phòng,0.07177067484723033,0,0.14738679418513878,0
2025-03-30 01:00:00+07:00,66.0,9.2,94.0,/dl/web/weather/ic-w-04-scattered-clouds-full.svg,Hải Phòng,-0.22544981911933062,0,-0.17584342601102124,0
2025-03-30 02:00:00+07:00,50.0,11.1,94.0,/dl/web/weather/ic-w-06-rain-full.svg,Hải Phòng,-0.6577705376161466,0,0.14738679418513878,0
2025-03-30 03:00:00+07:00,35.0,13.0,88.0,/dl/web/weather/ic-w-04-scattered-clouds-full.svg,Hải Phòng,-1.0630712112069116,0,0.4706170143812988,0
2025-03-30 04:00:00+07:00,32.0,14.8,94.0,/dl/web/weather/ic-w-04-scattered-clouds-full.svg,Hải Phòng,-1.1441313459250646,0,0.7768351177250294,0
2025-03-30 05:00:00+07:00,36.0,13.0,94.0,/dl/web/weather/ic-w-04-scattered-clouds-full.svg,Hải Phòng,-1.0360511663008605,0,0.4706170143812988,0
2025-03-30 06:00:00+07:00,38.0,14.8,94.0,/dl/web/weather/ic-w-04-scattered-clouds-full.svg,Hải Phòng,-0.9820110764887585,0,0.7768351177250294,0
2025-03-30 07:00:00+07:00,26.0,11.1,77.0,/dl/web/weather/ic-w-04-scattered-clouds-full.svg,Hải Phòng,-1.3062516153613706,0,0.14738679418513878,0
2025-03-30 08:00:00+07:00,44.0,13.0,72.0,/dl/web/weather/ic-w-04-scattered-clouds-full.svg,Hải Phòng,-0.8198908070524525,0,0.4706170143812988,0
2025-03-30 09:00:00+07:00,53.0,11.1,67.0,/dl/web/weather/ic-w-04-scattered-clouds-full.svg,Hải Phòng,-0.5767104028979936,0,0.14738679418513878,0
2025-03-30 10:00:00+07:00,53.0,11.1,67.0,/dl/web/weather/ic-w-04-scattered-clouds-full.svg,Hải Phòng,-0.5767104028979936,0,0.14738679418513878,0
2025-03-30 11:00:00+07:00,53.0,11.1,67.0,/dl/web/weather/ic-w-04-scattered-clouds-full.svg,Hải Phòng,-0.5767104028979936,0,0.14738679418513878,0
2025-03-30 12:00:00+07:00,47.0,11.1,63.0,/dl/web/weather/ic-w-04-scattered-clouds-full.svg,Hải Phòng,-0.7388306723342996,0,0.14738679418513878,0
2025-03-30 13:00:00+07:00,61.0,7.4,59.0,/dl/web/weather/ic-w-04-scattered-clouds-full.svg,Hải Phòng,-0.3605500436495856,0,-0.48206152935475155,0
2025-03-30 14:00:00+07:00,58.0,7.4,55.0,/dl/web/weather/ic-w-04-scattered-clouds-full.svg,Hải Phòng,-0.4416101783677386,0,-0.48206152935475155,0
2025-03-30 15:00:00+07:00,54.0,9.2,55.0,/dl/web/weather/ic-w-04-scattered-clouds-full.svg,Hải Phòng,-0.5496903579919425,0,-0.17584342601102124,0
2025-03-30 16:00:00+07:00,57.0,5.5,55.0,/dl/web/weather/ic-w-04-scattered-clouds-full.svg,Hải Phòng,-0.4686302232737896,0,-0.8052917495509115,0
2025-03-30 17:00:00+07:00,55.0,11.1,55.0,/dl/web/weather/ic-w-04-scattered-clouds-full.svg,Hải Phòng,-0.5226703130858916,0,0.14738679418513878,0
2025-03-30 19:00:00+07:00,64.0,11.1,59.0,/dl/web/weather/ic-w-04-scattered-clouds-full.svg,Hải Phòng,-0.2794899089314326,0,0.14738679418513878,0
2025-03-30 20:00:00+07:00,58.0,9.2,63.0,/dl/web/weather/ic-w-04-scattered-clouds-full.svg,Hải Phòng,-0.4416101783677386,0,-0.17584342601102124,0
2025-03-30 21:00:00+07:00,58.0,13.0,63.0,/dl/web/weather/ic-w-04-scattered-clouds-full.svg,Hải Phòng,-0.4416101783677386,0,0.4706170143812988,0
2025-03-30 22:00:00+07:00,58.0,9.2,63.0,/dl/web/weather/ic-w-04-scattered-clouds-full.svg,Hải Phòng,-0.4416101783677386,0,-0.17584342601102124,0
2025-03-30 23:00:00+07:00,59.0,9.2,67.0,/dl/web/weather/ic-w-04-scattered-clouds-full.svg,Hải Phòng,-0.4145901334616876,0,-0.17584342601102124,0
2025-03-31 00:00:00+07:00,57.0,9.2,63.0,/dl/web/weather/ic-w-04-scattered-clouds-full.svg,Hải Phòng,-0.4686302232737896,0,-0.17584342601102124,0
2025-03-31 02:00:00+07:00,58.0,9.2,67.0,/dl/web/weather/ic-w-04-scattered-clouds-full.svg,Hải Phòng,-0.4416101783677386,0,-0.17584342601102124,0
2025-03-31 03:00:00+07:00,68.0,11.1,72.0,/dl/web/weather/ic-w-04-scattered-clouds-full.svg,Hải Phòng,-0.17140972930722864,0,0.14738679418513878,0
2025-03-31 04:00:00+07:00,82.0,13.0,77.0,/dl/web/weather/ic-w-04-scattered-clouds-full.svg,Hải Phòng,0.20687089937748532,0,0.4706170143812988,0
2025-03-31 05:00:00+07:00,69.0,13.0,88.0,/dl/web/weather/ic-w-04-scattered-clouds-full.svg,Hải Phòng,-0.14438968440117764,0,0.4706170143812988,0
2025-03-31 06:00:00+07:00,60.0,9.2,82.0,/dl/web/weather/ic-w-04-scattered-clouds-full.svg,Hải Phòng,-0.3875700885556366,0,-0.17584342601102124,0
2025-03-31 08:00:00+07:00,62.0,7.4,67.0,/dl/web/weather/ic-w-04-scattered-clouds-full.svg,Hải Phòng,-0.3335299987435346,0,-0.48206152935475155,0
2025-03-31 09:00:00+07:00,69.0,7.4,59.0,/dl/web/weather/ic-w-02-new-clouds-full.svg,Hải Phòng,-0.14438968440117764,0,-0.48206152935475155,0
2025-03-31 10:00:00+07:00,68.0,7.4,59.0,/dl/web/weather/ic-w-02-new-clouds-full.svg,Hải Phòng,-0.17140972930722864,0,-0.48206152935475155,0
2025-03-31 11:00:00+07:00,68.0,5.5,55.0,/dl/web/weather/ic-w-02-new-clouds-full.svg,Hải Phòng,-0.17140972930722864,0,-0.8052917495509115,0
2025-03-31 12:00:00+07:00,71.0,9.2,52.0,/dl/web/weather/ic-w-02-new-clouds-full.svg,Hải Phòng,-0.09034959458907565,0,-0.17584342601102124,0
2025-03-31 13:00:00+07:00,67.0,5.5,52.0,/dl/web/weather/ic-w-02-new-clouds-full.svg,Hải Phòng,-0.19842977421327965,0,-0.8052917495509115,0
2025-03-31 14:00:00+07:00,71.0,7.4,52.0,/dl/web/weather/ic-w-04-scattered-clouds-full.svg,Hải Phòng,-0.09034959458907565,0,-0.48206152935475155,0
2025-03-31 15:00:00+07:00,72.0,11.1,59.0,/dl/web/weather/ic-w-04-scattered-clouds-full.svg,Hải Phòng,-0.06332954968302465,0,0.14738679418513878,0
2025-03-31 16:00:00+07:00,85.0,13.0,63.0,/dl/web/weather/ic-w-02-new-clouds-full.svg,Hải Phòng,0.2879310340956383,0,0.4706170143812988,0
2025-03-31 17:00:00+07:00,84.0,13.0,63.0,/dl/web/weather/ic-w-02-new-clouds-full.svg,Hải Phòng,0.26091098918958733,0,0.4706170143812988,0
2025-03-31 18:00:00+07:00,79.0,11.1,63.0,/dl/web/weather/ic-w-01-clear-sky-full.svg,Hải Phòng,0.12581076465933233,0,0.14738679418513878,0
2025-03-31 19:00:00+07:00,131.0,9.2,67.0,/dl/web/weather/ic-w-10-night-clear-sky-full.svg,Hải Phòng,1.5308530997739842,0,-0.17584342601102124,0
2025-03-31 20:00:00+07:00,115.0,11.1,72.0,/dl/web/weather/ic-w-10-night-clear-sky-full.svg,Hải Phòng,1.0985323812771681,0,0.14738679418513878,0
2025-03-31 21:00:00+07:00,85.0,9.2,72.0,/dl/web/weather/ic-w-10-night-clear-sky-full.svg,Hải Phòng,0.2879310340956383,0,-0.17584342601102124,0
2025-03-31 22:00:00+07:00,71.0,9.2,72.0,/dl/web/weather/ic-w-04-scattered-clouds-full.svg,Hải Phòng,-0.09034959458907565,0,-0.17584342601102124,0
2025-03-31 23:00:00+07:00,69.0,7.4,72.0,/dl/web/weather/ic-w-04-scattered-clouds-full.svg,Hải Phòng,-0.14438968440117764,0,-0.48206152935475155,0
2025-04-01 00:00:00+07:00,69.0,7.4,72.0,/dl/web/weather/ic-w-04-scattered-clouds-full.svg,Hải Phòng,-0.14438968440117764,0,-0.48206152935475155,0
2025-04-01 01:00:00+07:00,68.0,7.4,63.0,/dl/web/weather/ic-w-04-scattered-clouds-full.svg,Hải Phòng,-0.17140972930722864,0,-0.48206152935475155,0
2025-04-01 02:00:00+07:00,67.0,7.4,63.0,/dl/web/weather/ic-w-04-scattered-clouds-full.svg,Hải Phòng,-0.19842977421327965,0,-0.48206152935475155,0
2025-04-01 03:00:00+07:00,69.0,11.1,63.0,/dl/web/weather/ic-w-10-night-clear-sky-full.svg,Hải Phòng,-0.14438968440117764,0,0.14738679418513878,0
2025-04-01 04:00:00+07:00,72.0,11.1,63.0,/dl/web/weather/ic-w-04-scattered-clouds-full.svg,Hải Phòng,-0.06332954968302465,0,0.14738679418513878,0
2025-04-01 05:00:00+07:00,70.0,7.4,59.0,/dl/web/weather/ic-w-04-scattered-clouds-full.svg,Hải Phòng,-0.11736963949512665,0,-0.48206152935475155,0
2025-04-01 06:00:00+07:00,68.0,9.2,59.0,/dl/web/weather/ic-w-10-night-clear-sky-full.svg,Hải Phòng,-0.17140972930722864,0,-0.17584342601102124,0
2025-04-01 07:00:00+07:00,66.0,3.7,59.0,/dl/web/weather/ic-w-01-clear-sky-full.svg,Hải Phòng,-0.22544981911933062,0,-1.111509852894642,0
2025-04-01 08:00:00+07:00,71.0,0.0,59.0,/dl/web/weather/ic-w-01-clear-sky-full.svg,Hải Phòng,-0.09034959458907565,0,-1.7409581764345325,0
2025-04-01 09:00:00+07:00,80.0,3.7,52.0,/dl/web/weather/ic-w-01-clear-sky-full.svg,Hải Phòng,0.1528308095653833,0,-1.111509852894642,0
2025-04-01 10:00:00+07:00,74.0,7.4,34.0,/dl/web/weather/ic-w-01-clear-sky-full.svg,Hải Phòng,-0.00928945987092266,0,-0.48206152935475155,0
2025-04-01 11:00:00+07:00,74.0,5.5,37.0,/dl/web/weather/ic-w-01-clear-sky-full.svg,Hải Phòng,-0.00928945987092266,0,-0.8052917495509115,0
2025-04-01 12:00:00+07:00,73.0,7.4,35.0,/dl/web/weather/ic-w-01-clear-sky-full.svg,Hải Phòng,-0.03630950477697366,0,-0.48206152935475155,0
2025-04-01 13:00:00+07:00,86.0,9.2,35.0,/dl/web/weather/ic-w-01-clear-sky-full.svg,Hải Phòng,0.3149510790016893,0,-0.17584342601102124,0
2025-04-01 14:00:00+07:00,84.0,11.1,29.0,/dl/web/weather/ic-w-01-clear-sky-full.svg,Hải Phòng,0.26091098918958733,0,0.14738679418513878,0
2025-04-01 15:00:00+07:00,85.0,7.4,27.0,/dl/web/weather/ic-w-01-clear-sky-full.svg,Hải Phòng,0.2879310340956383,0,-0.48206152935475155,0
2025-04-01 16:00:00+07:00,94.0,9.2,29.0,/dl/web/weather/ic-w-01-clear-sky-full.svg,Hải Phòng,0.5311114382500972,0,-0.17584342601102124,0
2025-04-01 17:00:00+07:00,97.0,13.0,31.0,/dl/web/weather/ic-w-01-clear-sky-full.svg,Hải Phòng,0.6121715729682503,0,0.4706170143812988,0
2025-04-01 18:00:00+07:00,107.0,13.0,31.0,/dl/web/weather/ic-w-01-clear-sky-full.svg,Hải Phòng,0.8823720220287602,0,0.4706170143812988,0
2025-04-01 19:00:00+07:00,106.0,13.0,31.0,/dl/web/weather/ic-w-01-clear-sky-full.svg,Hải Phòng,0.8553519771227093,0,0.4706170143812988,0
2025-04-01 20:00:00+07:00,121.0,3.7,56.0,/dl/web/weather/ic-w-10-night-clear-sky-full.svg,Hải Phòng,1.260652650713474,0,-1.111509852894642,0
2025-04-01 21:00:00+07:00,140.0,3.7,56.0,/dl/web/weather/ic-w-10-night-clear-sky-full.svg,Hải Phòng,1.7740335039284432,0,-1.111509852894642,0
2025-04-01 22:00:00+07:00,137.0,18.5,72.0,/dl/web/weather/ic-w-10-night-clear-sky-full.svg,Hải Phòng,1.6929733692102902,0,1.4062834412649197,0
2025-04-01 23:00:00+07:00,139.0,14.8,72.0,/dl/web/weather/ic-w-10-night-clear-sky-full.svg,Hải Phòng,1.747013459022392,0,0.7768351177250294,0
2025-04-02 00:00:00+07:00,135.0,13.0,72.0,/dl/web/weather/ic-w-10-night-clear-sky-full.svg,Hải Phòng,1.6389332793981881,0,0.4706170143812988,0
2025-04-02 01:00:00+07:00,115.0,13.0,72.0,/dl/web/weather/ic-w-10-night-clear-sky-full.svg,Hải Phòng,1.0985323812771681,0,0.4706170143812988,0
2025-04-02 02:00:00+07:00,99.0,5.5,77.0,/dl/web/weather/ic-w-10-night-clear-sky-full.svg,Hải Phòng,0.6662116627803523,0,-0.8052917495509115,0
2025-04-02 03:00:00+07:00,96.0,5.5,72.0,/dl/web/weather/ic-w-10-night-clear-sky-full.svg,Hải Phòng,0.5851515280621993,0,-0.8052917495509115,0
2025-04-02 04:00:00+07:00,107.0,0.0,77.0,/dl/web/weather/ic-w-10-night-clear-sky-full.svg,Hải Phòng,0.8823720220287602,0,-1.7409581764345325,0
2025-04-02 05:00:00+07:00,126.0,7.4,77.0,/dl/web/weather/ic-w-10-night-clear-sky-full.svg,Hải Phòng,1.3957528752437292,0,-0.48206152935475155,0
2025-04-02 06:00:00+07:00,133.0,3.7,77.0,/dl/web/weather/ic-w-10-night-clear-sky-full.svg,Hải Phòng,1.584893189586086,0,-1.111509852894642,0
2025-04-02 07:00:00+07:00,147.0,1.8,72.0,/dl/web/weather/ic-w-01-clear-sky-full.svg,Hải Phòng,1.9631738182708,0,-1.434740073090802,0
2025-04-02 08:00:00+07:00,159.0,3.7,72.0,/dl/web/weather/ic-w-04-scattered-clouds-full.svg,Hải Phòng,2.2874143571434122,0,-1.111509852894642,0
2025-04-02 09:00:00+07:00,155.0,7.4,49.0,/dl/web/weather/ic-w-01-clear-sky-full.svg,Hải Phòng,2.179334177519208,0,-0.48206152935475155,0
2025-04-02 10:00:00+07:00,123.0,9.2,40.0,/dl/web/weather/ic-w-01-clear-sky-full.svg,Hải Phòng,1.3146927405255762,0,-0.17584342601102124,0
2025-04-02 11:00:00+07:00,123.0,9.2,35.0,/dl/web/weather/ic-w-01-clear-sky-full.svg,Hải Phòng,1.3146927405255762,0,-0.17584342601102124,0
2025-04-02 12:00:00+07:00,90.0,11.1,36.0,/dl/web/weather/ic-w-01-clear-sky-full.svg,Hải Phòng,0.4230312586258933,0,0.14738679418513878,0
2025-04-02 13:00:00+07:00,87.0,11.1,31.0,/dl/web/weather/ic-w-01-clear-sky-full.svg,Hải Phòng,0.3419711239077403,0,0.14738679418513878,0
2025-04-02 14:00:00+07:00,87.0,11.1,31.0,/dl/web/weather/ic-w-01-clear-sky-full.svg,Hải Phòng,0.3419711239077403,0,0.14738679418513878,0
2025-04-02 15:00:00+07:00,87.0,13.0,36.0,/dl/web/weather/ic-w-01-clear-sky-full.svg,Hải Phòng,0.3419711239077403,0,0.4706170143812988,0
2025-04-02 16:00:00+07:00,87.0,14.8,41.0,/dl/web/weather/ic-w-01-clear-sky-full.svg,Hải Phòng,0.3419711239077403,0,0.7768351177250294,0
2025-04-02 17:00:00+07:00,87.0,14.8,43.0,/dl/web/weather/ic-w-01-clear-sky-full.svg,Hải Phòng,0.3419711239077403,0,0.7768351177250294,0
2025-04-02 18:00:00+07:00,97.0,16.7,56.0,/dl/web/weather/ic-w-01-clear-sky-full.svg,Hải Phòng,0.6121715729682503,0,1.100065337921189,0
2025-04-02 19:00:00+07:00,106.0,16.7,60.0,/dl/web/weather/ic-w-02-new-clouds-full.svg,Hải Phòng,0.8553519771227093,0,1.100065337921189,0
2025-04-02 20:00:00+07:00,94.0,11.1,64.0,/dl/web/weather/ic-w-11-night-few-clouds-full.svg,Hải Phòng,0.5311114382500972,0,0.14738679418513878,0
2025-04-02 21:00:00+07:00,95.0,11.1,64.0,/dl/web/weather/ic-w-11-night-few-clouds-full.svg,Hải Phòng,0.5581314831561482,0,0.14738679418513878,0
2025-04-02 22:00:00+07:00,106.0,13.0,68.0,/dl/web/weather/ic-w-10-night-clear-sky-full.svg,Hải Phòng,0.8553519771227093,0,0.4706170143812988,0
2025-04-02 23:00:00+07:00,126.0,11.1,73.0,/dl/web/weather/ic-w-10-night-clear-sky-full.svg,Hải Phòng,1.3957528752437292,0,0.14738679418513878,0
2025-04-03 00:00:00+07:00,122.0,9.2,72.0,/dl/web/weather/ic-w-10-night-clear-sky-full.svg,Hải Phòng,1.2876726956195252,0,-0.17584342601102124,0
2025-04-03 01:00:00+07:00,118.0,7.4,68.0,/dl/web/weather/ic-w-10-night-clear-sky-full.svg,Hải Phòng,1.1795925159953211,0,-0.48206152935475155,0
2025-04-03 02:00:00+07:00,108.0,7.4,73.0,/dl/web/weather/ic-w-10-night-clear-sky-full.svg,Hải Phòng,0.9093920669348112,0,-0.48206152935475155,0
2025-04-03 03:00:00+07:00,113.0,7.4,73.0,/dl/web/weather/ic-w-10-night-clear-sky-full.svg,Hải Phòng,1.0444922914650663,0,-0.48206152935475155,0
2025-04-03 04:00:00+07:00,103.0,5.5,68.0,/dl/web/weather/ic-w-10-night-clear-sky-full.svg,Hải Phòng,0.7742918424045563,0,-0.8052917495509115,0
2025-04-03 05:00:00+07:00,98.0,3.7,64.0,/dl/web/weather/ic-w-10-night-clear-sky-full.svg,Hải Phòng,0.6391916178743012,0,-1.111509852894642,0
2025-04-03 06:00:00+07:00,105.0,6.6,57.0,/dl/web/weather/ic-w-10-night-clear-sky-full.svg,Hải Phòng,0.8283319322166582,0,-0.6181584641741874,0
2025-04-03 07:00:00+07:00,129.0,6.0,59.0,/dl/web/weather/ic-w-01-clear-sky-full.svg,Hải Phòng,1.4768130099618821,0,-0.7202311652887642,0
2025-04-03 08:00:00+07:00,118.0,8.9,49.0,/dl/web/weather/ic-w-01-clear-sky-full.svg,Hải Phòng,1.1795925159953211,0,-0.22687977656830946,0
2025-04-03 09:00:00+07:00,96.0,12.1,48.0,/dl/web/weather/ic-w-01-clear-sky-full.svg,Hải Phòng,0.5851515280621993,0,0.3175079627094335,0
2025-04-03 10:00:00+07:00,105.0,11.1,56.0,/dl/web/weather/ic-w-01-clear-sky-full.svg,Hải Phòng,0.8283319322166582,0,0.14738679418513878,0
2025-04-03 11:00:00+07:00,96.0,11.1,56.0,/dl/web/weather/ic-w-01-clear-sky-full.svg,Hải Phòng,0.5851515280621993,0,0.14738679418513878,0
2025-04-03 12:00:00+07:00,85.0,14.8,41.0,/dl/web/weather/ic-w-01-clear-sky-full.svg,Hải Phòng,0.2879310340956383,0,0.7768351177250294,0
2025-04-03 13:00:00+07:00,84.0,14.8,41.0,/dl/web/weather/ic-w-01-clear-sky-full.svg,Hải Phòng,0.26091098918958733,0,0.7768351177250294,0
2025-04-03 14:00:00+07:00,85.0,11.1,41.0,/dl/web/weather/ic-w-01-clear-sky-full.svg,Hải Phòng,0.2879310340956383,0,0.14738679418513878,0
2025-04-03 15:00:00+07:00,85.0,11.1,38.0,/dl/web/weather/ic-w-01-clear-sky-full.svg,Hải Phòng,0.2879310340956383,0,0.14738679418513878,0
2025-04-03 16:00:00+07:00,86.0,14.8,41.0,/dl/web/weather/ic-w-01-clear-sky-full.svg,Hải Phòng,0.3149510790016893,0,0.7768351177250294,0
2025-04-03 17:00:00+07:00,91.0,14.8,50.0,/dl/web/weather/ic-w-01-clear-sky-full.svg,Hải Phòng,0.4500513035319443,0,0.7768351177250294,0
2025-04-03 18:00:00+07:00,86.0,16.7,53.0,/dl/web/weather/ic-w-01-clear-sky-full.svg,Hải Phòng,0.3149510790016893,0,1.100065337921189,0
2025-04-03 19:00:00+07:00,85.0,14.8,53.0,/dl/web/weather/ic-w-01-clear-sky-full.svg,Hải Phòng,0.2879310340956383,0,0.7768351177250294,0
2025-04-03 20:00:00+07:00,107.0,13.0,68.0,/dl/web/weather/ic-w-10-night-clear-sky-full.svg,Hải Phòng,0.8823720220287602,0,0.4706170143812988,0
2025-04-03 21:00:00+07:00,96.0,13.0,68.0,/dl/web/weather/ic-w-10-night-clear-sky-full.svg,Hải Phòng,0.5851515280621993,0,0.4706170143812988,0
2025-04-03 22:00:00+07:00,105.0,9.2,73.0,/dl/web/weather/ic-w-10-night-clear-sky-full.svg,Hải Phòng,0.8283319322166582,0,-0.17584342601102124,0
2025-04-03 23:00:00+07:00,98.0,11.1,73.0,/dl/web/weather/ic-w-10-night-clear-sky-full.svg,Hải Phòng,0.6391916178743012,0,0.14738679418513878,0
2025-04-04 00:00:00+07:00,91.0,13.0,73.0,/dl/web/weather/ic-w-10-night-clear-sky-full.svg,Hải Phòng,0.4500513035319443,0,0.4706170143812988,0
2025-04-04 01:00:00+07:00,85.0,11.1,73.0,/dl/web/weather/ic-w-10-night-clear-sky-full.svg,Hải Phòng,0.2879310340956383,0,0.14738679418513878,0
2025-04-04 02:00:00+07:00,77.0,13.0,68.0,/dl/web/weather/ic-w-10-night-clear-sky-full.svg,Hải Phòng,0.07177067484723033,0,0.4706170143812988,0
2025-04-04 03:00:00+07:00,91.0,11.1,77.0,/dl/web/weather/ic-w-10-night-clear-sky-full.svg,Hải Phòng,0.4500513035319443,0,0.14738679418513878,0
2025-04-04 04:00:00+07:00,97.0,7.4,77.0,/dl/web/weather/ic-w-10-night-clear-sky-full.svg,Hải Phòng,0.6121715729682503,0,-0.48206152935475155,0
2025-04-04 05:00:00+07:00,103.0,3.7,77.0,/dl/web/weather/ic-w-10-night-clear-sky-full.svg,Hải Phòng,0.7742918424045563,0,-1.111509852894642,0
2025-04-04 06:00:00+07:00,116.0,3.7,82.0,/dl/web/weather/ic-w-11-night-few-clouds-full.svg,Hải Phòng,1.1255524261832193,0,-1.111509852894642,0
2025-04-04 07:00:00+07:00,122.0,3.7,88.0,/dl/web/weather/ic-w-04-scattered-clouds-full.svg,Hải Phòng,1.2876726956195252,0,-1.111509852894642,0
2025-04-04 08:00:00+07:00,101.0,14.8,78.0,/dl/web/weather/ic-w-04-scattered-clouds-full.svg,Hải Phòng,0.7202517525924542,0,0.7768351177250294,0
2025-04-04 09:00:00+07:00,89.0,13.0,78.0,/dl/web/weather/ic-w-04-scattered-clouds-full.svg,Hải Phòng,0.39601121371984227,0,0.4706170143812988,0
2025-04-04 10:00:00+07:00,105.0,14.8,78.0,/dl/web/weather/ic-w-04-scattered-clouds-full.svg,Hải Phòng,0.8283319322166582,0,0.7768351177250294,0
2025-04-04 11:00:00+07:00,86.0,14.8,78.0,/dl/web/weather/ic-w-04-scattered-clouds-full.svg,Hải Phòng,0.3149510790016893,0,0.7768351177250294,0
2025-04-04 12:00:00+07:00,80.0,13.0,78.0,/dl/web/weather/ic-w-04-scattered-clouds-full.svg,Hải Phòng,0.1528308095653833,0,0.4706170143812988,0
2025-04-04 13:00:00+07:00,77.0,13.0,69.0,/dl/web/weather/ic-w-04-scattered-clouds-full.svg,Hải Phòng,0.07177067484723033,0,0.4706170143812988,0
2025-04-04 14:00:00+07:00,78.0,13.0,69.0,/dl/web/weather/ic-w-04-scattered-clouds-full.svg,Hải Phòng,0.09879071975328133,0,0.4706170143812988,0
2025-04-04 15:00:00+07:00,81.0,14.8,73.0,/dl/web/weather/ic-w-04-scattered-clouds-full.svg,Hải Phòng,0.1798508544714343,0,0.7768351177250294,0
2025-04-04 16:00:00+07:00,82.0,16.7,78.0,/dl/web/weather/ic-w-04-scattered-clouds-full.svg,Hải Phòng,0.20687089937748532,0,1.100065337921189,0
2025-04-04 17:00:00+07:00,84.0,5.5,73.0,/dl/web/weather/ic-w-04-scattered-clouds-full.svg,Hải Phòng,0.26091098918958733,0,-0.8052917495509115,0
2025-04-04 18:00:00+07:00,82.0,9.2,78.0,/dl/web/weather/ic-w-04-scattered-clouds-full.svg,Hải Phòng,0.20687089937748532,0,-0.17584342601102124,0
2025-04-04 19:00:00+07:00,81.0,13.0,78.0,/dl/web/weather/ic-w-04-scattered-clouds-full.svg,Hải Phòng,0.1798508544714343,0,0.4706170143812988,0
2025-04-04 20:00:00+07:00,84.0,11.1,78.0,/dl/web/weather/ic-w-04-scattered-clouds-full.svg,Hải Phòng,0.26091098918958733,0,0.14738679418513878,0
2025-04-04 21:00:00+07:00,77.0,11.1,78.0,/dl/web/weather/ic-w-04-scattered-clouds-full.svg,Hải Phòng,0.07177067484723033,0,0.14738679418513878,0
2025-04-04 22:00:00+07:00,78.0,11.1,78.0,/dl/web/weather/ic-w-04-scattered-clouds-full.svg,Hải Phòng,0.09879071975328133,0,0.14738679418513878,0
2025-04-04 23:00:00+07:00,80.0,9.2,78.0,/dl/web/weather/ic-w-04-scattered-clouds-full.svg,Hải Phòng,0.1528308095653833,0,-0.17584342601102124,0
2025-04-05 00:00:00+07:00,87.0,9.2,78.0,/dl/web/weather/ic-w-04-scattered-clouds-full.svg,Hải Phòng,0.3419711239077403,0,-0.17584342601102124,0
2025-04-05 01:00:00+07:00,82.0,9.2,78.0,/dl/web/weather/ic-w-04-scattered-clouds-full.svg,Hải Phòng,0.20687089937748532,0,-0.17584342601102124,0
2025-04-05 02:00:00+07:00,82.0,7.4,78.0,/dl/web/weather/ic-w-04-scattered-clouds-full.svg,Hải Phòng,0.20687089937748532,0,-0.48206152935475155,0
2025-04-05 03:00:00+07:00,76.0,9.2,83.0,/dl/web/weather/ic-w-04-scattered-clouds-full.svg,Hải Phòng,0.04475062994117933,0,-0.17584342601102124,0
2025-04-05 04:00:00+07:00,81.0,13.0,83.0,/dl/web/weather/ic-w-04-scattered-clouds-full.svg,Hải Phòng,0.1798508544714343,0,0.4706170143812988,0
2025-04-05 05:00:00+07:00,103.0,7.4,88.0,/dl/web/weather/ic-w-04-scattered-clouds-full.svg,Hải Phòng,0.7742918424045563,0,-0.48206152935475155,0
2025-04-05 06:00:00+07:00,131.0,13.0,94.0,/dl/web/weather/ic-w-09-mist-full.svg,Hải Phòng,1.5308530997739842,0,0.4706170143812988,0
2025-04-05 07:00:00+07:00,153.0,9.2,94.0,/dl/web/weather/ic-w-09-mist-full.svg,Hải Phòng,2.1252940877071063,0,-0.17584342601102124,0
2025-04-05 08:00:00+07:00,155.0,14.8,88.0,/dl/web/weather/ic-w-09-mist-full.svg,Hải Phòng,2.179334177519208,0,0.7768351177250294,0
2025-04-05 09:00:00+07:00,153.0,13.0,88.0,/dl/web/weather/ic-w-04-scattered-clouds-full.svg,Hải Phòng,2.1252940877071063,0,0.4706170143812988,0
2025-04-05 10:00:00+07:00,135.0,14.8,83.0,/dl/web/weather/ic-w-04-scattered-clouds-full.svg,Hải Phòng,1.6389332793981881,0,0.7768351177250294,0
2025-04-05 11:00:00+07:00,135.0,14.8,83.0,/dl/web/weather/ic-w-04-scattered-clouds-full.svg,Hải Phòng,1.6389332793981881,0,0.7768351177250294,0
2025-04-05 12:00:00+07:00,128.0,13.0,78.0,/dl/web/weather/ic-w-04-scattered-clouds-full.svg,Hải Phòng,1.4497929650558312,0,0.4706170143812988,0
2025-04-05 13:00:00+07:00,97.0,14.8,73.0,/dl/web/weather/ic-w-04-scattered-clouds-full.svg,Hải Phòng,0.6121715729682503,0,0.7768351177250294,0
2025-04-05 14:00:00+07:00,83.0,11.1,69.0,/dl/web/weather/ic-w-04-scattered-clouds-full.svg,Hải Phòng,0.2338909442835363,0,0.14738679418513878,0
2025-04-05 15:00:00+07:00,79.0,7.4,69.0,/dl/web/weather/ic-w-04-scattered-clouds-full.svg,Hải Phòng,0.12581076465933233,0,-0.48206152935475155,0
2025-04-05 16:00:00+07:00,73.0,7.4,69.0,/dl/web/weather/ic-w-04-scattered-clouds-full.svg,Hải Phòng,-0.03630950477697366,0,-0.48206152935475155,0
2025-04-05 17:00:00+07:00,77.0,7.4,69.0,/dl/web/weather/ic-w-04-scattered-clouds-full.svg,Hải Phòng,0.07177067484723033,0,-0.48206152935475155,0
2025-04-05 18:00:00+07:00,80.0,11.1,73.0,/dl/web/weather/ic-w-04-scattered-clouds-full.svg,Hải Phòng,0.1528308095653833,0,0.14738679418513878,0
2025-04-05 19:00:00+07:00,86.0,9.2,78.0,/dl/web/weather/ic-w-04-scattered-clouds-full.svg,Hải Phòng,0.3149510790016893,0,-0.17584342601102124,0
2025-04-05 20:00:00+07:00,97.0,3.7,83.0,/dl/web/weather/ic-w-11-night-few-clouds-full.svg,Hải Phòng,0.6121715729682503,0,-1.111509852894642,0
2025-04-05 21:00:00+07:00,105.0,3.7,83.0,/dl/web/weather/ic-w-11-night-few-clouds-full.svg,Hải Phòng,0.8283319322166582,0,-1.111509852894642,0
2025-04-05 22:00:00+07:00,112.0,5.5,83.0,/dl/web/weather/ic-w-04-scattered-clouds-full.svg,Hải Phòng,1.0174722465590151,0,-0.8052917495509115,0
2025-04-05 23:00:00+07:00,123.0,7.4,83.0,/dl/web/weather/ic-w-04-scattered-clouds-full.svg,Hải Phòng,1.3146927405255762,0,-0.48206152935475155,0
2025-04-06 00:00:00+07:00,134.0,7.4,83.0,/dl/web/weather/ic-w-04-scattered-clouds-full.svg,Hải Phòng,1.6119132344921372,0,-0.48206152935475155,0
2025-04-06 01:00:00+07:00,162.0,7.4,83.0,/dl/web/weather/ic-w-12-night-rain-full.svg,Hải Phòng,2.3684744918615652,0,-0.48206152935475155,0
2025-04-06 03:00:00+07:00,162.0,5.5,88.0,/dl/web/weather/ic-w-04-scattered-clouds-full.svg,Hải Phòng,2.3684744918615652,0,-0.8052917495509115,0
2025-04-06 04:00:00+07:00,168.0,5.5,94.0,/dl/web/weather/ic-w-04-scattered-clouds-full.svg,Hải Phòng,2.530594761297871,0,-0.8052917495509115,0
2025-04-06 05:00:00+07:00,185.0,1.8,94.0,/dl/web/weather/ic-w-09-mist-full.svg,Hải Phòng,2.989935524700738,0,-1.434740073090802,0
2025-04-06 06:00:00+07:00,185.0,1.8,94.0,/dl/web/weather/ic-w-09-mist-full.svg,Hải Phòng,2.989935524700738,0,-1.434740073090802,0
2025-04-06 07:00:00+07:00,186.0,5.5,94.0,/dl/web/weather/ic-w-09-mist-full.svg,Hải Phòng,3.016955569606789,-1,-0.8052917495509115,0
2025-04-06 08:00:00+07:00,175.0,3.7,88.0,/dl/web/weather/ic-w-09-mist-full.svg,Hải Phòng,2.719735075640228,0,-1.111509852894642,0
2025-04-06 09:00:00+07:00,170.0,14.8,78.0,/dl/web/weather/ic-w-04-scattered-clouds-full.svg,Hải Phòng,2.584634851109973,0,0.7768351177250294,0
2025-04-06 10:00:00+07:00,137.0,13.0,83.0,/dl/web/weather/ic-w-04-scattered-clouds-full.svg,Hải Phòng,1.6929733692102902,0,0.4706170143812988,0
2025-04-06 11:00:00+07:00,116.0,13.0,83.0,/dl/web/weather/ic-w-04-scattered-clouds-full.svg,Hải Phòng,1.1255524261832193,0,0.4706170143812988,0
2025-04-06 12:00:00+07:00,116.0,16.7,83.0,/dl/web/weather/ic-w-04-scattered-clouds-full.svg,Hải Phòng,1.1255524261832193,0,1.100065337921189,0
2025-04-06 13:00:00+07:00,62.0,18.5,83.0,/dl/web/weather/ic-w-04-scattered-clouds-full.svg,Hải Phòng,-0.3335299987435346,0,1.4062834412649197,0
2025-04-06 14:00:00+07:00,68.0,18.5,83.0,/dl/web/weather/ic-w-04-scattered-clouds-full.svg,Hải Phòng,-0.17140972930722864,0,1.4062834412649197,0
2025-04-06 15:00:00+07:00,55.0,13.0,78.0,/dl/web/weather/ic-w-04-scattered-clouds-full.svg,Hải Phòng,-0.5226703130858916,0,0.4706170143812988,0
2025-04-06 16:00:00+07:00,53.0,7.4,83.0,/dl/web/weather/ic-w-04-scattered-clouds-full.svg,Hải Phòng,-0.5767104028979936,0,-0.48206152935475155,0
2025-04-06 17:00:00+07:00,50.0,9.2,83.0,/dl/web/weather/ic-w-04-scattered-clouds-full.svg,Hải Phòng,-0.6577705376161466,0,-0.17584342601102124,0
2025-04-06 18:00:00+07:00,42.0,9.2,78.0,/dl/web/weather/ic-w-04-scattered-clouds-full.svg,Hải Phòng,-0.8739308968645545,0,-0.17584342601102124,0
2025-04-06 19:00:00+07:00,60.0,9.2,73.0,/dl/web/weather/ic-w-04-scattered-clouds-full.svg,Hải Phòng,-0.3875700885556366,0,-0.17584342601102124,0
2025-04-06 20:00:00+07:00,80.0,7.4,78.0,/dl/web/weather/ic-w-04-scattered-clouds-full.svg,Hải Phòng,0.1528308095653833,0,-0.48206152935475155,0
2025-04-06 21:00:00+07:00,85.0,7.4,78.0,/dl/web/weather/ic-w-04-scattered-clouds-full.svg,Hải Phòng,0.2879310340956383,0,-0.48206152935475155,0
2025-04-06 22:00:00+07:00,97.0,9.2,78.0,/dl/web/weather/ic-w-04-scattered-clouds-full.svg,Hải Phòng,0.6121715729682503,0,-0.17584342601102124,0
2025-04-06 23:00:00+07:00,94.0,7.4,78.0,/dl/web/weather/ic-w-04-scattered-clouds-full.svg,Hải Phòng,0.5311114382500972,0,-0.48206152935475155,0
2025-04-07 00:00:00+07:00,101.0,11.1,78.0,/dl/web/weather/ic-w-04-scattered-clouds-full.svg,Hải Phòng,0.7202517525924542,0,0.14738679418513878,0
2025-04-07 01:00:00+07:00,84.0,11.1,78.0,/dl/web/weather/ic-w-04-scattered-clouds-full.svg,Hải Phòng,0.26091098918958733,0,0.14738679418513878,0
2025-04-07 02:00:00+07:00,106.0,9.2,78.0,/dl/web/weather/ic-w-04-scattered-clouds-full.svg,Hải Phòng,0.8553519771227093,0,-0.17584342601102124,0
2025-04-07 03:00:00+07:00,158.0,7.4,78.0,/dl/web/weather/ic-w-04-scattered-clouds-full.svg,Hải Phòng,2.260394312237361,0,-0.48206152935475155,0
2025-04-07 04:00:00+07:00,164.0,9.2,78.0,/dl/web/weather/ic-w-04-scattered-clouds-full.svg,Hải Phòng,2.422514581673667,0,-0.17584342601102124,0
2025-04-07 05:00:00+07:00,165.0,3.7,78.0,/dl/web/weather/ic-w-04-scattered-clouds-full.svg,Hải Phòng,2.449534626579718,0,-1.111509852894642,0
2025-04-07 06:00:00+07:00,168.0,9.2,78.0,/dl/web/weather/ic-w-04-scattered-clouds-full.svg,Hải Phòng,2.530594761297871,0,-0.17584342601102124,0
2025-04-07 07:00:00+07:00,171.0,11.1,83.0,/dl/web/weather/ic-w-04-scattered-clouds-full.svg,Hải Phòng,2.611654896016024,0,0.14738679418513878,0
2025-04-07 08:00:00+07:00,167.0,14.8,83.0,/dl/web/weather/ic-w-04-scattered-clouds-full.svg,Hải Phòng,2.50357471639182,0,0.7768351177250294,0
2025-04-07 09:00:00+07:00,165.0,13.0,83.0,/dl/web/weather/ic-w-09-mist-full.svg,Hải Phòng,2.449534626579718,0,0.4706170143812988,0
2025-04-07 10:00:00+07:00,159.0,9.2,83.0,/dl/web/weather/ic-w-04-scattered-clouds-full.svg,Hải Phòng,2.2874143571434122,0,-0.17584342601102124,0
2025-04-07 11:00:00+07:00,158.0,9.2,83.0,/dl/web/weather/ic-w-04-scattered-clouds-full.svg,Hải Phòng,2.260394312237361,0,-0.17584342601102124,0
2025-04-07 12:00:00+07:00,147.0,11.1,83.0,/dl/web/weather/ic-w-04-scattered-clouds-full.svg,Hải Phòng,1.9631738182708,0,0.14738679418513878,0
2025-04-07 13:00:00+07:00,129.0,13.0,78.0,/dl/web/weather/ic-w-04-scattered-clouds-full.svg,Hải Phòng,1.4768130099618821,0,0.4706170143812988,0
2025-04-07 14:00:00+07:00,124.0,13.0,78.0,/dl/web/weather/ic-w-04-scattered-clouds-full.svg,Hải Phòng,1.341712785431627,0,0.4706170143812988,0
2025-04-07 15:00:00+07:00,122.0,7.4,78.0,/dl/web/weather/ic-w-04-scattered-clouds-full.svg,Hải Phòng,1.2876726956195252,0,-0.48206152935475155,0
2025-04-07 16:00:00+07:00,115.0,7.4,73.0,/dl/web/weather/ic-w-04-scattered-clouds-full.svg,Hải Phòng,1.0985323812771681,0,-0.48206152935475155,0
2025-04-07 17:00:00+07:00,132.0,9.2,78.0,/dl/web/weather/ic-w-04-scattered-clouds-full.svg,Hải Phòng,1.5578731446800351,0,-0.17584342601102124,0
2025-04-07 18:00:00+07:00,99.0,7.4,83.0,/dl/web/weather/ic-w-04-scattered-clouds-full.svg,Hải Phòng,0.6662116627803523,0,-0.48206152935475155,0
2025-04-07 19:00:00+07:00,84.0,11.1,83.0,/dl/web/weather/ic-w-04-scattered-clouds-full.svg,Hải Phòng,0.26091098918958733,0,0.14738679418513878,0
2025-04-07 20:00:00+07:00,96.0,13.0,83.0,/dl/web/weather/ic-w-04-scattered-clouds-full.svg,Hải Phòng,0.5851515280621993,0,0.4706170143812988,0
2025-04-07 21:00:00+07:00,119.0,13.0,83.0,/dl/web/weather/ic-w-04-scattered-clouds-full.svg,Hải Phòng,1.2066125609013723,0,0.4706170143812988,0
2025-04-07 22:00:00+07:00,134.0,11.1,83.0,/dl/web/weather/ic-w-04-scattered-clouds-full.svg,Hải Phòng,1.6119132344921372,0,0.14738679418513878,0
2025-04-07 23:00:00+07:00,139.0,9.2,83.0,/dl/web/weather/ic-w-04-scattered-clouds-full.svg,Hải Phòng,1.747013459022392,0,-0.17584342601102124,0
2025-04-08 00:00:00+07:00,134.0,5.5,88.0,/dl/web/weather/ic-w-04-scattered-clouds-full.svg,Hải Phòng,1.6119132344921372,0,-0.8052917495509115,0
2025-04-08 01:00:00+07:00,151.0,3.7,78.0,/dl/web/weather/ic-w-04-scattered-clouds-full.svg,Hải Phòng,2.071253997895004,0,-1.111509852894642,0
2025-04-08 02:00:00+07:00,151.0,5.5,83.0,/dl/web/weather/ic-w-04-scattered-clouds-full.svg,Hải Phòng,2.071253997895004,0,-0.8052917495509115,0
2025-04-08 03:00:00+07:00,142.0,3.7,88.0,/dl/web/weather/ic-w-04-scattered-clouds-full.svg,Hải Phòng,1.828073593740545,0,-1.111509852894642,0
2025-04-08 04:00:00+07:00,140.0,3.7,83.0,/dl/web/weather/ic-w-04-scattered-clouds-full.svg,Hải Phòng,1.7740335039284432,0,-1.111509852894642,0
2025-04-08 05:00:00+07:00,138.0,7.4,88.0,/dl/web/weather/ic-w-04-scattered-clouds-full.svg,Hải Phòng,1.719993414116341,0,-0.48206152935475155,0
2025-04-08 06:00:00+07:00,145.0,7.4,88.0,/dl/web/weather/ic-w-04-scattered-clouds-full.svg,Hải Phòng,1.909133728458698,0,-0.48206152935475155,0
2025-04-08 07:00:00+07:00,148.0,11.1,88.0,/dl/web/weather/ic-w-04-scattered-clouds-full.svg,Hải Phòng,1.990193863176851,0,0.14738679418513878,0
2025-04-08 08:00:00+07:00,155.0,11.1,88.0,/dl/web/weather/ic-w-04-scattered-clouds-full.svg,Hải Phòng,2.179334177519208,0,0.14738679418513878,0
2025-04-08 09:00:00+07:00,157.0,5.5,83.0,/dl/web/weather/ic-w-04-scattered-clouds-full.svg,Hải Phòng,2.23337426733131,0,-0.8052917495509115,0
2025-04-08 10:00:00+07:00,159.0,7.4,83.0,/dl/web/weather/ic-w-09-mist-full.svg,Hải Phòng,2.2874143571434122,0,-0.48206152935475155,0
2025-04-08 11:00:00+07:00,157.0,7.4,83.0,/dl/web/weather/ic-w-09-mist-full.svg,Hải Phòng,2.23337426733131,0,-0.48206152935475155,0
2025-04-08 12:00:00+07:00,158.0,7.4,83.0,/dl/web/weather/ic-w-09-mist-full.svg,Hải Phòng,2.260394312237361,0,-0.48206152935475155,0
2025-04-08 13:00:00+07:00,133.0,7.4,83.0,/dl/web/weather/ic-w-09-mist-full.svg,Hải Phòng,1.584893189586086,0,-0.48206152935475155,0
2025-04-08 14:00:00+07:00,127.0,11.1,73.0,/dl/web/weather/ic-w-04-scattered-clouds-full.svg,Hải Phòng,1.42277292014978,0,0.14738679418513878,0
2025-04-08 15:00:00+07:00,105.0,13.0,73.0,/dl/web/weather/ic-w-04-scattered-clouds-full.svg,Hải Phòng,0.8283319322166582,0,0.4706170143812988,0
2025-04-08 16:00:00+07:00,87.0,13.0,83.0,/dl/web/weather/ic-w-04-scattered-clouds-full.svg,Hải Phòng,0.3419711239077403,0,0.4706170143812988,0
2025-04-08 17:00:00+07:00,86.0,13.0,78.0,/dl/web/weather/ic-w-04-scattered-clouds-full.svg,Hải Phòng,0.3149510790016893,0,0.4706170143812988,0
2025-04-08 18:00:00+07:00,79.0,13.0,88.0,/dl/web/weather/ic-w-04-scattered-clouds-full.svg,Hải Phòng,0.12581076465933233,0,0.4706170143812988,0
2025-04-08 19:00:00+07:00,79.0,13.0,88.0,/dl/web/weather/ic-w-04-scattered-clouds-full.svg,Hải Phòng,0.12581076465933233,0,0.4706170143812988,0
2025-04-08 20:00:00+07:00,105.0,9.2,88.0,/dl/web/weather/ic-w-04-scattered-clouds-full.svg,Hải Phòng,0.8283319322166582,0,-0.17584342601102124,0
2025-04-08 21:00:00+07:00,105.0,9.2,88.0,/dl/web/weather/ic-w-04-scattered-clouds-full.svg,Hải Phòng,0.8283319322166582,0,-0.17584342601102124,0
2025-04-08 22:00:00+07:00,107.0,7.4,88.0,/dl/web/weather/ic-w-04-scattered-clouds-full.svg,Hải Phòng,0.8823720220287602,0,-0.48206152935475155,0
2025-04-08 23:00:00+07:00,107.0,9.2,88.0,/dl/web/weather/ic-w-04-scattered-clouds-full.svg,Hải Phòng,0.8823720220287602,0,-0.17584342601102124,0
2025-04-09 00:00:00+07:00,124.0,13.0,88.0,/dl/web/weather/ic-w-04-scattered-clouds-full.svg,Hải Phòng,1.341712785431627,0,0.4706170143812988,0
2025-04-09 01:00:00+07:00,139.0,14.8,94.0,/dl/web/weather/ic-w-09-mist-full.svg,Hải Phòng,1.747013459022392,0,0.7768351177250294,0
2025-04-09 02:00:00+07:00,124.0,11.1,88.0,/dl/web/weather/ic-w-04-scattered-clouds-full.svg,Hải Phòng,1.341712785431627,0,0.14738679418513878,0
2025-04-09 03:00:00+07:00,107.0,5.5,94.0,/dl/web/weather/ic-w-04-scattered-clouds-full.svg,Hải Phòng,0.8823720220287602,0,-0.8052917495509115,0
2025-04-09 04:00:00+07:00,112.0,5.5,88.0,/dl/web/weather/ic-w-04-scattered-clouds-full.svg,Hải Phòng,1.0174722465590151,0,-0.8052917495509115,0
2025-04-09 05:00:00+07:00,105.0,3.7,94.0,/dl/web/weather/ic-w-04-scattered-clouds-full.svg,Hải Phòng,0.8283319322166582,0,-1.111509852894642,0
2025-04-09 06:00:00+07:00,119.0,7.4,94.0,/dl/web/weather/ic-w-04-scattered-clouds-full.svg,Hải Phòng,1.2066125609013723,0,-0.48206152935475155,0
2025-04-09 07:00:00+07:00,112.0,9.2,94.0,/dl/web/weather/ic-w-04-scattered-clouds-full.svg,Hải Phòng,1.0174722465590151,0,-0.17584342601102124,0
2025-04-09 08:00:00+07:00,105.0,11.1,88.0,/dl/web/weather/ic-w-06-rain-full.svg,Hải Phòng,0.8283319322166582,0,0.14738679418513878,0
2025-04-09 09:00:00+07:00,105.0,11.1,94.0,/dl/web/weather/ic-w-06-rain-full.svg,Hải Phòng,0.8283319322166582,0,0.14738679418513878,0
2025-04-09 10:00:00+07:00,95.0,11.1,83.0,/dl/web/weather/ic-w-04-scattered-clouds-full.svg,Hải Phòng,0.5581314831561482,0,0.14738679418513878,0
2025-04-09 11:00:00+07:00,92.0,11.1,83.0,/dl/web/weather/ic-w-04-scattered-clouds-full.svg,Hải Phòng,0.47707134843799526,0,0.14738679418513878,0
2025-04-09 12:00:00+07:00,82.0,13.0,83.0,/dl/web/weather/ic-w-04-scattered-clouds-full.svg,Hải Phòng,0.20687089937748532,0,0.4706170143812988,0
2025-04-09 13:00:00+07:00,79.0,14.8,74.0,/dl/web/weather/ic-w-04-scattered-clouds-full.svg,Hải Phòng,0.12581076465933233,0,0.7768351177250294,0
2025-04-09 14:00:00+07:00,71.0,11.1,78.0,/dl/web/weather/ic-w-04-scattered-clouds-full.svg,Hải Phòng,-0.09034959458907565,0,0.14738679418513878,0
2025-04-09 15:00:00+07:00,77.0,16.7,78.0,/dl/web/weather/ic-w-04-scattered-clouds-full.svg,Hải Phòng,0.07177067484723033,0,1.100065337921189,0
2025-04-09 16:00:00+07:00,81.0,16.7,83.0,/dl/web/weather/ic-w-04-scattered-clouds-full.svg,Hải Phòng,0.1798508544714343,0,1.100065337921189,0
2025-04-09 17:00:00+07:00,82.0,16.7,78.0,/dl/web/weather/ic-w-04-scattered-clouds-full.svg,Hải Phòng,0.20687089937748532,0,1.100065337921189,0
2025-04-09 18:00:00+07:00,81.0,16.7,83.0,/dl/web/weather/ic-w-04-scattered-clouds-full.svg,Hải Phòng,0.1798508544714343,0,1.100065337921189,0
2025-04-09 19:00:00+07:00,84.0,14.8,83.0,/dl/web/weather/ic-w-04-scattered-clouds-full.svg,Hải Phòng,0.26091098918958733,0,0.7768351177250294,0
2025-04-09 20:00:00+07:00,102.0,13.0,88.0,/dl/web/weather/ic-w-11-night-few-clouds-full.svg,Hải Phòng,0.7472717974985053,0,0.4706170143812988,0
2025-04-09 22:00:00+07:00,107.0,9.2,94.0,/dl/web/weather/ic-w-04-scattered-clouds-full.svg,Hải Phòng,0.8823720220287602,0,-0.17584342601102124,0
2025-04-09 23:00:00+07:00,107.0,13.0,94.0,/dl/web/weather/ic-w-04-scattered-clouds-full.svg,Hải Phòng,0.8823720220287602,0,0.4706170143812988,0
2025-04-10 00:00:00+07:00,99.0,13.0,94.0,/dl/web/weather/ic-w-04-scattered-clouds-full.svg,Hải Phòng,0.6662116627803523,0,0.4706170143812988,0
2025-04-10 01:00:00+07:00,94.0,7.4,88.0,/dl/web/weather/ic-w-04-scattered-clouds-full.svg,Hải Phòng,0.5311114382500972,0,-0.48206152935475155,0
2025-04-10 02:00:00+07:00,99.0,7.4,83.0,/dl/web/weather/ic-w-04-scattered-clouds-full.svg,Hải Phòng,0.6662116627803523,0,-0.48206152935475155,0
2025-04-10 03:00:00+07:00,99.0,7.4,88.0,/dl/web/weather/ic-w-04-scattered-clouds-full.svg,Hải Phòng,0.6662116627803523,0,-0.48206152935475155,0
2025-04-10 04:00:00+07:00,102.0,9.2,88.0,/dl/web/weather/ic-w-04-scattered-clouds-full.svg,Hải Phòng,0.7472717974985053,0,-0.17584342601102124,0
2025-04-10 05:00:00+07:00,99.0,9.2,88.0,/dl/web/weather/ic-w-04-scattered-clouds-full.svg,Hải Phòng,0.6662116627803523,0,-0.17584342601102124,0
2025-04-10 06:00:00+07:00,97.0,7.4,88.0,/dl/web/weather/ic-w-04-scattered-clouds-full.svg,Hải Phòng,0.6121715729682503,0,-0.48206152935475155,0
2025-04-10 07:00:00+07:00,96.0,5.5,88.0,/dl/web/weather/ic-w-04-scattered-clouds-full.svg,Hải Phòng,0.5851515280621993,0,-0.8052917495509115,0
2025-04-10 08:00:00+07:00,96.0,5.5,88.0,/dl/web/weather/ic-w-04-scattered-clouds-full.svg,Hải Phòng,0.5851515280621993,0,-0.8052917495509115,0
2025-04-10 09:00:00+07:00,95.0,7.4,88.0,/dl/web/weather/ic-w-04-scattered-clouds-full.svg,Hải Phòng,0.5581314831561482,0,-0.48206152935475155,0
2025-04-10 10:00:00+07:00,96.0,9.2,83.0,/dl/web/weather/ic-w-04-scattered-clouds-full.svg,Hải Phòng,0.5851515280621993,0,-0.17584342601102124,0
2025-04-10 11:00:00+07:00,96.0,9.2,83.0,/dl/web/weather/ic-w-04-scattered-clouds-full.svg,Hải Phòng,0.5851515280621993,0,-0.17584342601102124,0
2025-04-10 12:00:00+07:00,103.0,9.2,83.0,/dl/web/weather/ic-w-04-scattered-clouds-full.svg,Hải Phòng,0.7742918424045563,0,-0.17584342601102124,0
2025-04-10 14:00:00+07:00,96.0,9.2,94.0,/dl/web/weather/ic-w-09-mist-full.svg,Hải Phòng,0.5851515280621993,0,-0.17584342601102124,0
2025-04-10 15:00:00+07:00,96.0,9.2,94.0,/dl/web/weather/ic-w-06-rain-full.svg,Hải Phòng,0.5851515280621993,0,-0.17584342601102124,0
2025-04-10 16:00:00+07:00,106.0,16.7,94.0,/dl/web/weather/ic-w-04-scattered-clouds-full.svg,Hải Phòng,0.8553519771227093,0,1.100065337921189,0
2025-04-10 17:00:00+07:00,107.0,18.5,88.0,/dl/web/weather/ic-w-04-scattered-clouds-full.svg,Hải Phòng,0.8823720220287602,0,1.4062834412649197,0
2025-04-10 18:00:00+07:00,99.0,20.4,88.0,/dl/web/weather/ic-w-04-scattered-clouds-full.svg,Hải Phòng,0.6662116627803523,0,1.7295136614610795,0
2025-04-10 19:00:00+07:00,101.0,18.5,88.0,/dl/web/weather/ic-w-04-scattered-clouds-full.svg,Hải Phòng,0.7202517525924542,0,1.4062834412649197,0
2025-04-10 20:00:00+07:00,99.0,16.7,83.0,/dl/web/weather/ic-w-04-scattered-clouds-full.svg,Hải Phòng,0.6662116627803523,0,1.100065337921189,0
2025-04-10 21:00:00+07:00,97.0,16.7,83.0,/dl/web/weather/ic-w-04-scattered-clouds-full.svg,Hải Phòng,0.6121715729682503,0,1.100065337921189,0
2025-04-10 22:00:00+07:00,108.0,16.7,78.0,/dl/web/weather/ic-w-04-scattered-clouds-full.svg,Hải Phòng,0.9093920669348112,0,1.100065337921189,0
2025-04-10 23:00:00+07:00,117.0,14.8,88.0,/dl/web/weather/ic-w-04-scattered-clouds-full.svg,Hải Phòng,1.1525724710892702,0,0.7768351177250294,0
2025-04-11 00:00:00+07:00,118.0,14.8,83.0,/dl/web/weather/ic-w-04-scattered-clouds-full.svg,Hải Phòng,1.1795925159953211,0,0.7768351177250294,0
2025-04-11 01:00:00+07:00,117.0,14.8,83.0,/dl/web/weather/ic-w-04-scattered-clouds-full.svg,Hải Phòng,1.1525724710892702,0,0.7768351177250294,0
2025-04-11 02:00:00+07:00,116.0,14.8,88.0,/dl/web/weather/ic-w-04-scattered-clouds-full.svg,Hải Phòng,1.1255524261832193,0,0.7768351177250294,0
2025-04-11 03:00:00+07:00,115.0,13.0,88.0,/dl/web/weather/ic-w-04-scattered-clouds-full.svg,Hải Phòng,1.0985323812771681,0,0.4706170143812988,0
2025-04-11 04:00:00+07:00,115.0,11.1,88.0,/dl/web/weather/ic-w-04-scattered-clouds-full.svg,Hải Phòng,1.0985323812771681,0,0.14738679418513878,0
2025-04-11 05:00:00+07:00,110.0,9.2,88.0,/dl/web/weather/ic-w-04-scattered-clouds-full.svg,Hải Phòng,0.9634321567469132,0,-0.17584342601102124,0
2025-04-11 06:00:00+07:00,110.0,11.1,88.0,/dl/web/weather/ic-w-04-scattered-clouds-full.svg,Hải Phòng,0.9634321567469132,0,0.14738679418513878,0
2025-04-11 07:00:00+07:00,113.0,5.5,94.0,/dl/web/weather/ic-w-06-rain-full.svg,Hải Phòng,1.0444922914650663,0,-0.8052917495509115,0
2025-04-11 08:00:00+07:00,121.0,11.1,94.0,/dl/web/weather/ic-w-06-rain-full.svg,Hải Phòng,1.260652650713474,0,0.14738679418513878,0
2025-04-11 09:00:00+07:00,127.0,11.1,94.0,/dl/web/weather/ic-w-09-mist-full.svg,Hải Phòng,1.42277292014978,0,0.14738679418513878,0
2025-04-11 10:00:00+07:00,127.0,13.0,94.0,/dl/web/weather/ic-w-09-mist-full.svg,Hải Phòng,1.42277292014978,0,0.4706170143812988,0
2025-04-11 11:00:00+07:00,127.0,13.0,94.0,/dl/web/weather/ic-w-09-mist-full.svg,Hải Phòng,1.42277292014978,0,0.4706170143812988,0
2025-04-11 12:00:00+07:00,118.0,14.8,88.0,/dl/web/weather/ic-w-04-scattered-clouds-full.svg,Hải Phòng,1.1795925159953211,0,0.7768351177250294,0
2025-04-11 13:00:00+07:00,115.0,14.8,88.0,/dl/web/weather/ic-w-04-scattered-clouds-full.svg,Hải Phòng,1.0985323812771681,0,0.7768351177250294,0
2025-04-11 14:00:00+07:00,121.0,14.8,88.0,/dl/web/weather/ic-w-04-scattered-clouds-full.svg,Hải Phòng,1.260652650713474,0,0.7768351177250294,0
2025-04-11 15:00:00+07:00,119.0,13.0,88.0,/dl/web/weather/ic-w-04-scattered-clouds-full.svg,Hải Phòng,1.2066125609013723,0,0.4706170143812988,0
2025-04-11 16:00:00+07:00,128.0,13.0,88.0,/dl/web/weather/ic-w-04-scattered-clouds-full.svg,Hải Phòng,1.4497929650558312,0,0.4706170143812988,0
2025-04-11 17:00:00+07:00,123.0,14.8,88.0,/dl/web/weather/ic-w-04-scattered-clouds-full.svg,Hải Phòng,1.3146927405255762,0,0.7768351177250294,0
2025-04-11 18:00:00+07:00,124.0,14.8,94.0,/dl/web/weather/ic-w-04-scattered-clouds-full.svg,Hải Phòng,1.341712785431627,0,0.7768351177250294,0
2025-04-11 19:00:00+07:00,132.0,13.0,94.0,/dl/web/weather/ic-w-04-scattered-clouds-full.svg,Hải Phòng,1.5578731446800351,0,0.4706170143812988,0
2025-04-11 20:00:00+07:00,137.0,11.1,88.0,/dl/web/weather/ic-w-04-scattered-clouds-full.svg,Hải Phòng,1.6929733692102902,0,0.14738679418513878,0
2025-04-11 21:00:00+07:00,128.0,11.1,88.0,/dl/web/weather/ic-w-04-scattered-clouds-full.svg,Hải Phòng,1.4497929650558312,0,0.14738679418513878,0
2025-04-11 22:00:00+07:00,127.0,7.4,88.0,/dl/web/weather/ic-w-04-scattered-clouds-full.svg,Hải Phòng,1.42277292014978,0,-0.48206152935475155,0
2025-04-11 23:00:00+07:00,131.0,5.5,94.0,/dl/web/weather/ic-w-04-scattered-clouds-full.svg,Hải Phòng,1.5308530997739842,0,-0.8052917495509115,0
2025-04-12 00:00:00+07:00,131.0,3.7,94.0,/dl/web/weather/ic-w-04-scattered-clouds-full.svg,Hải Phòng,1.5308530997739842,0,-1.111509852894642,0
2025-04-12 01:00:00+07:00,117.0,7.4,94.0,/dl/web/weather/ic-w-04-scattered-clouds-full.svg,Hải Phòng,1.1525724710892702,0,-0.48206152935475155,0
2025-04-12 02:00:00+07:00,105.0,5.5,88.0,/dl/web/weather/ic-w-04-scattered-clouds-full.svg,Hải Phòng,0.8283319322166582,0,-0.8052917495509115,0
2025-04-12 03:00:00+07:00,112.0,3.7,88.0,/dl/web/weather/ic-w-04-scattered-clouds-full.svg,Hải Phòng,1.0174722465590151,0,-1.111509852894642,0
2025-04-12 04:00:00+07:00,110.0,5.5,88.0,/dl/web/weather/ic-w-04-scattered-clouds-full.svg,Hải Phòng,0.9634321567469132,0,-0.8052917495509115,0
2025-04-12 05:00:00+07:00,102.0,7.4,88.0,/dl/web/weather/ic-w-04-scattered-clouds-full.svg,Hải Phòng,0.7472717974985053,0,-0.48206152935475155,0
2025-04-12 06:00:00+07:00,107.0,7.4,88.0,/dl/web/weather/ic-w-04-scattered-clouds-full.svg,Hải Phòng,0.8823720220287602,0,-0.48206152935475155,0
2025-04-12 07:00:00+07:00,102.0,7.4,94.0,/dl/web/weather/ic-w-09-mist-full.svg,Hải Phòng,0.7472717974985053,0,-0.48206152935475155,0
2025-04-12 08:00:00+07:00,105.0,7.4,88.0,/dl/web/weather/ic-w-04-scattered-clouds-full.svg,Hải Phòng,0.8283319322166582,0,-0.48206152935475155,0
2025-04-12 09:00:00+07:00,94.0,7.4,83.0,/dl/web/weather/ic-w-04-scattered-clouds-full.svg,Hải Phòng,0.5311114382500972,0,-0.48206152935475155,0
2025-04-12 10:00:00+07:00,99.0,5.5,83.0,/dl/web/weather/ic-w-04-scattered-clouds-full.svg,Hải Phòng,0.6662116627803523,0,-0.8052917495509115,0
2025-04-12 11:00:00+07:00,93.0,5.5,83.0,/dl/web/weather/ic-w-04-scattered-clouds-full.svg,Hải Phòng,0.5040913933440463,0,-0.8052917495509115,0
2025-04-12 12:00:00+07:00,95.0,5.5,78.0,/dl/web/weather/ic-w-04-scattered-clouds-full.svg,Hải Phòng,0.5581314831561482,0,-0.8052917495509115,0
2025-04-12 13:00:00+07:00,107.0,5.5,74.0,/dl/web/weather/ic-w-04-scattered-clouds-full.svg,Hải Phòng,0.8823720220287602,0,-0.8052917495509115,0
2025-04-12 14:00:00+07:00,124.0,3.7,66.0,/dl/web/weather/ic-w-04-scattered-clouds-full.svg,Hải Phòng,1.341712785431627,0,-1.111509852894642,0
2025-04-12 15:00:00+07:00,121.0,9.2,70.0,/dl/web/weather/ic-w-01-clear-sky-full.svg,Hải Phòng,1.260652650713474,0,-0.17584342601102124,0
2025-04-12 16:00:00+07:00,111.0,13.0,70.0,/dl/web/weather/ic-w-02-new-clouds-full.svg,Hải Phòng,0.9904522016529642,0,0.4706170143812988,0
2025-04-12 17:00:00+07:00,121.0,11.1,70.0,/dl/web/weather/ic-w-01-clear-sky-full.svg,Hải Phòng,1.260652650713474,0,0.14738679418513878,0
2025-04-12 18:00:00+07:00,115.0,13.0,83.0,/dl/web/weather/ic-w-06-rain-full.svg,Hải Phòng,1.0985323812771681,0,0.4706170143812988,0
2025-04-12 19:00:00+07:00,115.0,25.9,61.0,/dl/web/weather/ic-w-02-new-clouds-full.svg,Hải Phòng,1.0985323812771681,0,2.6651800883447003,0
2025-04-12 20:00:00+07:00,55.0,18.5,53.0,/dl/web/weather/ic-w-12-night-rain-full.svg,Hải Phòng,-0.5226703130858916,0,1.4062834412649197,0
2025-04-12 21:00:00+07:00,50.0,18.5,53.0,/dl/web/weather/ic-w-12-night-rain-full.svg,Hải Phòng,-0.6577705376161466,0,1.4062834412649197,0
2025-04-12 22:00:00+07:00,52.0,24.1,50.0,/dl/web/weather/ic-w-12-night-rain-full.svg,Hải Phòng,-0.6037304478040446,0,2.3589619850009704,0
2025-04-12 23:00:00+07:00,61.0,25.9,60.0,/dl/web/weather/ic-w-12-night-rain-full.svg,Hải Phòng,-0.3605500436495856,0,2.6651800883447003,0
2025-04-13 00:00:00+07:00,55.0,9.2,73.0,/dl/web/weather/ic-w-12-night-rain-full.svg,Hải Phòng,-0.5226703130858916,0,-0.17584342601102124,0
2025-04-13 01:00:00+07:00,44.0,7.4,73.0,/dl/web/weather/ic-w-04-scattered-clouds-full.svg,Hải Phòng,-0.8198908070524525,0,-0.48206152935475155,0
2025-04-13 02:00:00+07:00,44.0,9.2,73.0,/dl/web/weather/ic-w-10-night-clear-sky-full.svg,Hải Phòng,-0.8198908070524525,0,-0.17584342601102124,0
2025-04-13 03:00:00+07:00,42.0,5.5,68.0,/dl/web/weather/ic-w-10-night-clear-sky-full.svg,Hải Phòng,-0.8739308968645545,0,-0.8052917495509115,0
2025-04-13 04:00:00+07:00,54.0,3.7,73.0,/dl/web/weather/ic-w-10-night-clear-sky-full.svg,Hải Phòng,-0.5496903579919425,0,-1.111509852894642,0
2025-04-13 05:00:00+07:00,59.0,1.8,64.0,/dl/web/weather/ic-w-10-night-clear-sky-full.svg,Hải Phòng,-0.4145901334616876,0,-1.434740073090802,0
2025-04-13 06:00:00+07:00,63.0,5.5,83.0,/dl/web/weather/ic-w-10-night-clear-sky-full.svg,Hải Phòng,-0.30650995383748364,0,-0.8052917495509115,0
2025-04-13 07:00:00+07:00,81.0,5.5,64.0,/dl/web/weather/ic-w-01-clear-sky-full.svg,Hải Phòng,0.1798508544714343,0,-0.8052917495509115,0
2025-04-13 08:00:00+07:00,89.0,7.4,60.0,/dl/web/weather/ic-w-01-clear-sky-full.svg,Hải Phòng,0.39601121371984227,0,-0.48206152935475155,0
2025-04-13 09:00:00+07:00,107.0,9.2,56.0,/dl/web/weather/ic-w-01-clear-sky-full.svg,Hải Phòng,0.8823720220287602,0,-0.17584342601102124,0
2025-04-13 10:00:00+07:00,122.0,11.1,47.0,/dl/web/weather/ic-w-01-clear-sky-full.svg,Hải Phòng,1.2876726956195252,0,0.14738679418513878,0
2025-04-13 11:00:00+07:00,116.0,7.4,38.0,/dl/web/weather/ic-w-01-clear-sky-full.svg,Hải Phòng,1.1255524261832193,0,-0.48206152935475155,0
2025-04-13 12:00:00+07:00,116.0,5.5,34.0,/dl/web/weather/ic-w-01-clear-sky-full.svg,Hải Phòng,1.1255524261832193,0,-0.8052917495509115,0
2025-04-13 13:00:00+07:00,110.0,5.5,34.0,/dl/web/weather/ic-w-01-clear-sky-full.svg,Hải Phòng,0.9634321567469132,0,-0.8052917495509115,0
2025-04-13 14:00:00+07:00,103.0,9.2,34.0,/dl/web/weather/ic-w-01-clear-sky-full.svg,Hải Phòng,0.7742918424045563,0,-0.17584342601102124,0
2025-04-13 15:00:00+07:00,92.0,9.2,32.0,/dl/web/weather/ic-w-01-clear-sky-full.svg,Hải Phòng,0.47707134843799526,0,-0.17584342601102124,0
2025-04-13 16:00:00+07:00,80.0,16.7,41.0,/dl/web/weather/ic-w-01-clear-sky-full.svg,Hải Phòng,0.1528308095653833,0,1.100065337921189,0
2025-04-13 17:00:00+07:00,80.0,14.8,44.0,/dl/web/weather/ic-w-01-clear-sky-full.svg,Hải Phòng,0.1528308095653833,0,0.7768351177250294,0
2025-04-13 18:00:00+07:00,77.0,14.8,47.0,/dl/web/weather/ic-w-01-clear-sky-full.svg,Hải Phòng,0.07177067484723033,0,0.7768351177250294,0
2025-04-13 19:00:00+07:00,79.0,11.1,50.0,/dl/web/weather/ic-w-01-clear-sky-full.svg,Hải Phòng,0.12581076465933233,0,0.14738679418513878,0
2025-04-13 20:00:00+07:00,82.0,11.1,53.0,/dl/web/weather/ic-w-10-night-clear-sky-full.svg,Hải Phòng,0.20687089937748532,0,0.14738679418513878,0
2025-04-13 21:00:00+07:00,83.0,11.1,53.0,/dl/web/weather/ic-w-10-night-clear-sky-full.svg,Hải Phòng,0.2338909442835363,0,0.14738679418513878,0
2025-04-13 22:00:00+07:00,93.0,9.2,56.0,/dl/web/weather/ic-w-10-night-clear-sky-full.svg,Hải Phòng,0.5040913933440463,0,-0.17584342601102124,0
2025-04-13 23:00:00+07:00,96.0,9.2,60.0,/dl/web/weather/ic-w-10-night-clear-sky-full.svg,Hải Phòng,0.5851515280621993,0,-0.17584342601102124,0
2025-04-14 00:00:00+07:00,101.0,5.5,64.0,/dl/web/weather/ic-w-10-night-clear-sky-full.svg,Hải Phòng,0.7202517525924542,0,-0.8052917495509115,0
2025-04-14 01:00:00+07:00,101.0,5.5,68.0,/dl/web/weather/ic-w-10-night-clear-sky-full.svg,Hải Phòng,0.7202517525924542,0,-0.8052917495509115,0
2025-04-14 02:00:00+07:00,97.0,0.0,64.0,/dl/web/weather/ic-w-10-night-clear-sky-full.svg,Hải Phòng,0.6121715729682503,0,-1.7409581764345325,0
2025-04-14 03:00:00+07:00,99.0,1.8,68.0,/dl/web/weather/ic-w-10-night-clear-sky-full.svg,Hải Phòng,0.6662116627803523,0,-1.434740073090802,0
2025-04-14 04:00:00+07:00,99.0,3.7,68.0,/dl/web/weather/ic-w-10-night-clear-sky-full.svg,Hải Phòng,0.6662116627803523,0,-1.111509852894642,0
2025-04-14 05:00:00+07:00,98.0,3.7,68.0,/dl/web/weather/ic-w-10-night-clear-sky-full.svg,Hải Phòng,0.6391916178743012,0,-1.111509852894642,0
2025-04-14 06:00:00+07:00,99.0,0.0,68.0,/dl/web/weather/ic-w-10-night-clear-sky-full.svg,Hải Phòng,0.6662116627803523,0,-1.7409581764345325,0
2025-04-14 07:00:00+07:00,101.0,7.4,73.0,/dl/web/weather/ic-w-01-clear-sky-full.svg,Hải Phòng,0.7202517525924542,0,-0.48206152935475155,0
2025-04-14 08:00:00+07:00,129.0,9.2,68.0,/dl/web/weather/ic-w-02-new-clouds-full.svg,Hải Phòng,1.4768130099618821,0,-0.17584342601102124,0
2025-04-14 09:00:00+07:00,126.0,7.4,57.0,/dl/web/weather/ic-w-01-clear-sky-full.svg,Hải Phòng,1.3957528752437292,0,-0.48206152935475155,0
2025-04-14 10:00:00+07:00,122.0,9.2,44.0,/dl/web/weather/ic-w-01-clear-sky-full.svg,Hải Phòng,1.2876726956195252,0,-0.17584342601102124,0
2025-04-14 11:00:00+07:00,122.0,9.2,44.0,/dl/web/weather/ic-w-01-clear-sky-full.svg,Hải Phòng,1.2876726956195252,0,-0.17584342601102124,0
2025-04-14 12:00:00+07:00,122.0,11.1,47.0,/dl/web/weather/ic-w-01-clear-sky-full.svg,Hải Phòng,1.2876726956195252,0,0.14738679418513878,0
2025-04-14 13:00:00+07:00,124.0,13.0,42.0,/dl/web/weather/ic-w-01-clear-sky-full.svg,Hải Phòng,1.341712785431627,0,0.4706170143812988,0
2025-04-14 14:00:00+07:00,124.0,9.2,39.0,/dl/web/weather/ic-w-01-clear-sky-full.svg,Hải Phòng,1.341712785431627,0,-0.17584342601102124,0
2025-04-14 15:00:00+07:00,127.0,9.2,42.0,/dl/web/weather/ic-w-01-clear-sky-full.svg,Hải Phòng,1.42277292014978,0,-0.17584342601102124,0
2025-04-14 16:00:00+07:00,132.0,14.8,39.0,/dl/web/weather/ic-w-01-clear-sky-full.svg,Hải Phòng,1.5578731446800351,0,0.7768351177250294,0
2025-04-14 17:00:00+07:00,147.0,14.8,42.0,/dl/web/weather/ic-w-01-clear-sky-full.svg,Hải Phòng,1.9631738182708,0,0.7768351177250294,0
2025-04-14 18:00:00+07:00,151.0,16.7,47.0,/dl/web/weather/ic-w-01-clear-sky-full.svg,Hải Phòng,2.071253997895004,0,1.100065337921189,0
2025-04-14 19:00:00+07:00,153.0,11.1,57.0,/dl/web/weather/ic-w-01-clear-sky-full.svg,Hải Phòng,2.1252940877071063,0,0.14738679418513878,0
2025-04-14 20:00:00+07:00,145.0,5.5,73.0,/dl/web/weather/ic-w-10-night-clear-sky-full.svg,Hải Phòng,1.909133728458698,0,-0.8052917495509115,0
2025-04-14 21:00:00+07:00,160.0,5.5,73.0,/dl/web/weather/ic-w-10-night-clear-sky-full.svg,Hải Phòng,2.314434402049463,0,-0.8052917495509115,0
2025-04-14 22:00:00+07:00,161.0,5.5,83.0,/dl/web/weather/ic-w-10-night-clear-sky-full.svg,Hải Phòng,2.341454446955514,0,-0.8052917495509115,0
2025-04-14 23:00:00+07:00,156.0,1.8,83.0,/dl/web/weather/ic-w-10-night-clear-sky-full.svg,Hải Phòng,2.2063542224252592,0,-1.434740073090802,0
2025-04-15 01:00:00+07:00,156.0,5.5,83.0,/dl/web/weather/ic-w-04-scattered-clouds-full.svg,Hải Phòng,2.2063542224252592,0,-0.8052917495509115,0
2025-04-15 02:00:00+07:00,158.0,3.7,88.0,/dl/web/weather/ic-w-10-night-clear-sky-full.svg,Hải Phòng,2.260394312237361,0,-1.111509852894642,0
2025-04-15 03:00:00+07:00,160.0,3.7,88.0,/dl/web/weather/ic-w-04-scattered-clouds-full.svg,Hải Phòng,2.314434402049463,0,-1.111509852894642,0
2025-04-15 04:00:00+07:00,163.0,1.8,88.0,/dl/web/weather/ic-w-04-scattered-clouds-full.svg,Hải Phòng,2.395494536767616,0,-1.434740073090802,0
2025-04-15 05:00:00+07:00,176.0,3.7,88.0,/dl/web/weather/ic-w-04-scattered-clouds-full.svg,Hải Phòng,2.746755120546279,0,-1.111509852894642,0
2025-04-15 06:00:00+07:00,175.0,0.0,88.0,/dl/web/weather/ic-w-04-scattered-clouds-full.svg,Hải Phòng,2.719735075640228,0,-1.7409581764345325,0
2025-04-15 07:00:00+07:00,177.0,3.7,94.0,/dl/web/weather/ic-w-09-mist-full.svg,Hải Phòng,2.77377516545233,0,-1.111509852894642,0
2025-04-15 08:00:00+07:00,189.0,3.7,83.0,/dl/web/weather/ic-w-09-mist-full.svg,Hải Phòng,3.098015704324942,-1,-1.111509852894642,0
2025-04-15 09:00:00+07:00,191.0,9.2,57.0,/dl/web/weather/ic-w-04-scattered-clouds-full.svg,Hải Phòng,3.152055794137044,-1,-0.17584342601102124,0
2025-04-15 10:00:00+07:00,167.0,9.2,48.0,/dl/web/weather/ic-w-04-scattered-clouds-full.svg,Hải Phòng,2.50357471639182,0,-0.17584342601102124,0
2025-04-15 11:00:00+07:00,167.0,9.2,48.0,/dl/web/weather/ic-w-04-scattered-clouds-full.svg,Hải Phòng,2.50357471639182,0,-0.17584342601102124,0
2025-04-15 12:00:00+07:00,170.0,7.4,40.0,/dl/web/weather/ic-w-01-clear-sky-full.svg,Hải Phòng,2.584634851109973,0,-0.48206152935475155,0
2025-04-15 13:00:00+07:00,174.0,3.7,33.0,/dl/web/weather/ic-w-02-new-clouds-full.svg,Hải Phòng,2.692715030734177,0,-1.111509852894642,0
2025-04-15 14:00:00+07:00,170.0,7.4,33.0,/dl/web/weather/ic-w-01-clear-sky-full.svg,Hải Phòng,2.584634851109973,0,-0.48206152935475155,0
2025-04-15 15:00:00+07:00,144.0,14.8,25.0,/dl/web/weather/ic-w-01-clear-sky-full.svg,Hải Phòng,1.882113683552647,0,0.7768351177250294,0
2025-04-15 16:00:00+07:00,177.0,18.5,37.0,/dl/web/weather/ic-w-02-new-clouds-full.svg,Hải Phòng,2.77377516545233,0,1.4062834412649197,0
2025-04-15 17:00:00+07:00,167.0,18.5,39.0,/dl/web/weather/ic-w-01-clear-sky-full.svg,Hải Phòng,2.50357471639182,0,1.4062834412649197,0
2025-04-15 18:00:00+07:00,168.0,20.4,47.0,/dl/web/weather/ic-w-04-scattered-clouds-full.svg,Hải Phòng,2.530594761297871,0,1.7295136614610795,0
2025-04-15 19:00:00+07:00,163.0,16.7,54.0,/dl/web/weather/ic-w-01-clear-sky-full.svg,Hải Phòng,2.395494536767616,0,1.100065337921189,0
2025-04-15 20:00:00+07:00,167.0,16.7,69.0,/dl/web/weather/ic-w-10-night-clear-sky-full.svg,Hải Phòng,2.50357471639182,0,1.100065337921189,0
2025-04-15 21:00:00+07:00,168.0,16.7,69.0,/dl/web/weather/ic-w-10-night-clear-sky-full.svg,Hải Phòng,2.530594761297871,0,1.100065337921189,0
2025-04-15 22:00:00+07:00,171.0,13.0,69.0,/dl/web/weather/ic-w-10-night-clear-sky-full.svg,Hải Phòng,2.611654896016024,0,0.4706170143812988,0
2025-04-15 23:00:00+07:00,160.0,9.2,83.0,/dl/web/weather/ic-w-04-scattered-clouds-full.svg,Hải Phòng,2.314434402049463,0,-0.17584342601102124,0
2025-04-16 00:00:00+07:00,153.0,9.2,78.0,/dl/web/weather/ic-w-10-night-clear-sky-full.svg,Hải Phòng,2.1252940877071063,0,-0.17584342601102124,0
2025-04-16 01:00:00+07:00,137.0,5.5,83.0,/dl/web/weather/ic-w-10-night-clear-sky-full.svg,Hải Phòng,1.6929733692102902,0,-0.8052917495509115,0
2025-04-16 02:00:00+07:00,127.0,3.7,83.0,/dl/web/weather/ic-w-10-night-clear-sky-full.svg,Hải Phòng,1.42277292014978,0,-1.111509852894642,0
2025-04-16 03:00:00+07:00,121.0,3.7,88.0,/dl/web/weather/ic-w-10-night-clear-sky-full.svg,Hải Phòng,1.260652650713474,0,-1.111509852894642,0
2025-04-16 04:00:00+07:00,126.0,0.0,88.0,/dl/web/weather/ic-w-10-night-clear-sky-full.svg,Hải Phòng,1.3957528752437292,0,-1.7409581764345325,0
2025-04-16 05:00:00+07:00,115.0,3.7,88.0,/dl/web/weather/ic-w-10-night-clear-sky-full.svg,Hải Phòng,1.0985323812771681,0,-1.111509852894642,0
2025-04-16 06:00:00+07:00,156.0,3.7,94.0,/dl/web/weather/ic-w-10-night-clear-sky-full.svg,Hải Phòng,2.2063542224252592,0,-1.111509852894642,0
2025-04-16 07:00:00+07:00,171.0,5.5,88.0,/dl/web/weather/ic-w-04-scattered-clouds-full.svg,Hải Phòng,2.611654896016024,0,-0.8052917495509115,0
2025-04-16 08:00:00+07:00,140.0,7.4,73.0,/dl/web/weather/ic-w-04-scattered-clouds-full.svg,Hải Phòng,1.7740335039284432,0,-0.48206152935475155,0
2025-04-16 09:00:00+07:00,115.0,7.4,47.0,/dl/web/weather/ic-w-01-clear-sky-full.svg,Hải Phòng,1.0985323812771681,0,-0.48206152935475155,0
2025-04-16 10:00:00+07:00,134.0,7.4,50.0,/dl/web/weather/ic-w-01-clear-sky-full.svg,Hải Phòng,1.6119132344921372,0,-0.48206152935475155,0
2025-04-16 11:00:00+07:00,115.0,7.4,50.0,/dl/web/weather/ic-w-01-clear-sky-full.svg,Hải Phòng,1.0985323812771681,0,-0.48206152935475155,0
2025-04-16 12:00:00+07:00,116.0,13.0,47.0,/dl/web/weather/ic-w-01-clear-sky-full.svg,Hải Phòng,1.1255524261832193,0,0.4706170143812988,0
2025-04-16 13:00:00+07:00,118.0,16.7,51.0,/dl/web/weather/ic-w-01-clear-sky-full.svg,Hải Phòng,1.1795925159953211,0,1.100065337921189,0
2025-04-16 14:00:00+07:00,105.0,18.5,51.0,/dl/web/weather/ic-w-01-clear-sky-full.svg,Hải Phòng,0.8283319322166582,0,1.4062834412649197,0
2025-04-16 15:00:00+07:00,102.0,14.8,54.0,/dl/web/weather/ic-w-01-clear-sky-full.svg,Hải Phòng,0.7472717974985053,0,0.7768351177250294,0
2025-04-16 16:00:00+07:00,110.0,18.5,57.0,/dl/web/weather/ic-w-01-clear-sky-full.svg,Hải Phòng,0.9634321567469132,0,1.4062834412649197,0
2025-04-16 17:00:00+07:00,105.0,20.4,57.0,/dl/web/weather/ic-w-01-clear-sky-full.svg,Hải Phòng,0.8283319322166582,0,1.7295136614610795,0
2025-04-16 18:00:00+07:00,106.0,18.5,65.0,/dl/web/weather/ic-w-01-clear-sky-full.svg,Hải Phòng,0.8553519771227093,0,1.4062834412649197,0
2025-04-16 19:00:00+07:00,101.0,22.2,73.0,/dl/web/weather/ic-w-01-clear-sky-full.svg,Hải Phòng,0.7202517525924542,0,2.03573176480481,0
2025-04-16 20:00:00+07:00,112.0,16.7,83.0,/dl/web/weather/ic-w-04-scattered-clouds-full.svg,Hải Phòng,1.0174722465590151,0,1.100065337921189,0
2025-04-16 21:00:00+07:00,105.0,16.7,83.0,/dl/web/weather/ic-w-04-scattered-clouds-full.svg,Hải Phòng,0.8283319322166582,0,1.100065337921189,0
2025-04-16 22:00:00+07:00,112.0,14.8,88.0,/dl/web/weather/ic-w-04-scattered-clouds-full.svg,Hải Phòng,1.0174722465590151,0,0.7768351177250294,0
2025-04-16 23:00:00+07:00,110.0,13.0,83.0,/dl/web/weather/ic-w-04-scattered-clouds-full.svg,Hải Phòng,0.9634321567469132,0,0.4706170143812988,0
2025-04-17 00:00:00+07:00,110.0,11.1,83.0,/dl/web/weather/ic-w-04-scattered-clouds-full.svg,Hải Phòng,0.9634321567469132,0,0.14738679418513878,0
2025-04-17 01:00:00+07:00,107.0,11.1,83.0,/dl/web/weather/ic-w-04-scattered-clouds-full.svg,Hải Phòng,0.8823720220287602,0,0.14738679418513878,0
2025-04-17 02:00:00+07:00,107.0,9.2,88.0,/dl/web/weather/ic-w-04-scattered-clouds-full.svg,Hải Phòng,0.8823720220287602,0,-0.17584342601102124,0
2025-04-17 03:00:00+07:00,107.0,11.1,88.0,/dl/web/weather/ic-w-04-scattered-clouds-full.svg,Hải Phòng,0.8823720220287602,0,0.14738679418513878,0
2025-04-17 04:00:00+07:00,102.0,11.1,88.0,/dl/web/weather/ic-w-04-scattered-clouds-full.svg,Hải Phòng,0.7472717974985053,0,0.14738679418513878,0
2025-04-17 05:00:00+07:00,102.0,13.0,88.0,/dl/web/weather/ic-w-04-scattered-clouds-full.svg,Hải Phòng,0.7472717974985053,0,0.4706170143812988,0
2025-04-17 06:00:00+07:00,97.0,11.1,88.0,/dl/web/weather/ic-w-04-scattered-clouds-full.svg,Hải Phòng,0.6121715729682503,0,0.14738679418513878,0
2025-04-17 07:00:00+07:00,97.0,11.1,88.0,/dl/web/weather/ic-w-04-scattered-clouds-full.svg,Hải Phòng,0.6121715729682503,0,0.14738679418513878,0
2025-04-17 08:00:00+07:00,99.0,11.1,88.0,/dl/web/weather/ic-w-04-scattered-clouds-full.svg,Hải Phòng,0.6662116627803523,0,0.14738679418513878,0
2025-04-17 09:00:00+07:00,102.0,7.4,94.0,/dl/web/weather/ic-w-09-mist-full.svg,Hải Phòng,0.7472717974985053,0,-0.48206152935475155,0
2025-04-17 10:00:00+07:00,102.0,11.1,94.0,/dl/web/weather/ic-w-06-rain-full.svg,Hải Phòng,0.7472717974985053,0,0.14738679418513878,0
2025-04-17 11:00:00+07:00,102.0,11.1,94.0,/dl/web/weather/ic-w-06-rain-full.svg,Hải Phòng,0.7472717974985053,0,0.14738679418513878,0
2025-04-17 12:00:00+07:00,105.0,13.0,94.0,/dl/web/weather/ic-w-04-scattered-clouds-full.svg,Hải Phòng,0.8283319322166582,0,0.4706170143812988,0
2025-04-17 13:00:00+07:00,122.0,14.8,88.0,/dl/web/weather/ic-w-04-scattered-clouds-full.svg,Hải Phòng,1.2876726956195252,0,0.7768351177250294,0
2025-04-17 14:00:00+07:00,129.0,14.8,88.0,/dl/web/weather/ic-w-04-scattered-clouds-full.svg,Hải Phòng,1.4768130099618821,0,0.7768351177250294,0
2025-04-17 15:00:00+07:00,119.0,16.7,88.0,/dl/web/weather/ic-w-04-scattered-clouds-full.svg,Hải Phòng,1.2066125609013723,0,1.100065337921189,0
2025-04-17 16:00:00+07:00,112.0,14.8,83.0,/dl/web/weather/ic-w-04-scattered-clouds-full.svg,Hải Phòng,1.0174722465590151,0,0.7768351177250294,0
2025-04-17 17:00:00+07:00,117.0,18.5,78.0,/dl/web/weather/ic-w-04-scattered-clouds-full.svg,Hải Phòng,1.1525724710892702,0,1.4062834412649197,0
2025-04-17 18:00:00+07:00,115.0,18.5,78.0,/dl/web/weather/ic-w-04-scattered-clouds-full.svg,Hải Phòng,1.0985323812771681,0,1.4062834412649197,0
2025-04-17 19:00:00+07:00,105.0,14.8,83.0,/dl/web/weather/ic-w-04-scattered-clouds-full.svg,Hải Phòng,0.8283319322166582,0,0.7768351177250294,0
2025-04-17 20:00:00+07:00,102.0,14.8,83.0,/dl/web/weather/ic-w-04-scattered-clouds-full.svg,Hải Phòng,0.7472717974985053,0,0.7768351177250294,0
2025-04-17 21:00:00+07:00,99.0,14.8,83.0,/dl/web/weather/ic-w-04-scattered-clouds-full.svg,Hải Phòng,0.6662116627803523,0,0.7768351177250294,0
2025-04-17 22:00:00+07:00,115.0,11.1,83.0,/dl/web/weather/ic-w-04-scattered-clouds-full.svg,Hải Phòng,1.0985323812771681,0,0.14738679418513878,0
2025-04-17 23:00:00+07:00,96.0,13.0,83.0,/dl/web/weather/ic-w-04-scattered-clouds-full.svg,Hải Phòng,0.5851515280621993,0,0.4706170143812988,0
2025-04-18 00:00:00+07:00,112.0,13.0,83.0,/dl/web/weather/ic-w-04-scattered-clouds-full.svg,Hải Phòng,1.0174722465590151,0,0.4706170143812988,0
2025-04-18 01:00:00+07:00,94.0,11.1,83.0,/dl/web/weather/ic-w-04-scattered-clouds-full.svg,Hải Phòng,0.5311114382500972,0,0.14738679418513878,0
2025-04-18 02:00:00+07:00,90.0,11.1,83.0,/dl/web/weather/ic-w-04-scattered-clouds-full.svg,Hải Phòng,0.4230312586258933,0,0.14738679418513878,0
2025-04-18 03:00:00+07:00,92.0,13.0,88.0,/dl/web/weather/ic-w-04-scattered-clouds-full.svg,Hải Phòng,0.47707134843799526,0,0.4706170143812988,0
2025-04-18 04:00:00+07:00,92.0,11.1,94.0,/dl/web/weather/ic-w-04-scattered-clouds-full.svg,Hải Phòng,0.47707134843799526,0,0.14738679418513878,0
2025-04-18 05:00:00+07:00,92.0,13.0,94.0,/dl/web/weather/ic-w-04-scattered-clouds-full.svg,Hải Phòng,0.47707134843799526,0,0.4706170143812988,0
2025-04-18 06:00:00+07:00,92.0,11.1,88.0,/dl/web/weather/ic-w-04-scattered-clouds-full.svg,Hải Phòng,0.47707134843799526,0,0.14738679418513878,0
2025-04-18 07:00:00+07:00,88.0,11.1,88.0,/dl/web/weather/ic-w-04-scattered-clouds-full.svg,Hải Phòng,0.3689911688137913,0,0.14738679418513878,0
2025-04-18 08:00:00+07:00,81.0,16.7,88.0,/dl/web/weather/ic-w-04-scattered-clouds-full.svg,Hải Phòng,0.1798508544714343,0,1.100065337921189,0
2025-04-18 09:00:00+07:00,82.0,18.5,83.0,/dl/web/weather/ic-w-04-scattered-clouds-full.svg,Hải Phòng,0.20687089937748532,0,1.4062834412649197,0
2025-04-18 10:00:00+07:00,92.0,14.8,94.0,/dl/web/weather/ic-w-04-scattered-clouds-full.svg,Hải Phòng,0.47707134843799526,0,0.7768351177250294,0
2025-04-18 11:00:00+07:00,92.0,14.8,94.0,/dl/web/weather/ic-w-04-scattered-clouds-full.svg,Hải Phòng,0.47707134843799526,0,0.7768351177250294,0
2025-04-18 12:00:00+07:00,90.0,14.8,89.0,/dl/web/weather/ic-w-04-scattered-clouds-full.svg,Hải Phòng,0.4230312586258933,0,0.7768351177250294,0
2025-04-18 13:00:00+07:00,92.0,14.8,89.0,/dl/web/weather/ic-w-04-scattered-clouds-full.svg,Hải Phòng,0.47707134843799526,0,0.7768351177250294,0
2025-04-18 14:00:00+07:00,92.0,14.8,89.0,/dl/web/weather/ic-w-04-scattered-clouds-full.svg,Hải Phòng,0.47707134843799526,0,0.7768351177250294,0
2025-04-18 15:00:00+07:00,86.0,16.7,83.0,/dl/web/weather/ic-w-04-scattered-clouds-full.svg,Hải Phòng,0.3149510790016893,0,1.100065337921189,0
2025-04-18 16:00:00+07:00,86.0,22.2,74.0,/dl/web/weather/ic-w-04-scattered-clouds-full.svg,Hải Phòng,0.3149510790016893,0,2.03573176480481,0
2025-04-18 17:00:00+07:00,86.0,22.2,74.0,/dl/web/weather/ic-w-01-clear-sky-full.svg,Hải Phòng,0.3149510790016893,0,2.03573176480481,0
2025-04-18 19:00:00+07:00,90.0,22.2,83.0,/dl/web/weather/ic-w-01-clear-sky-full.svg,Hải Phòng,0.4230312586258933,0,2.03573176480481,0
2025-04-18 20:00:00+07:00,94.0,14.8,83.0,/dl/web/weather/ic-w-12-night-rain-full.svg,Hải Phòng,0.5311114382500972,0,0.7768351177250294,0
2025-04-18 21:00:00+07:00,92.0,14.8,83.0,/dl/web/weather/ic-w-12-night-rain-full.svg,Hải Phòng,0.47707134843799526,0,0.7768351177250294,0
2025-04-18 22:00:00+07:00,94.0,14.8,83.0,/dl/web/weather/ic-w-04-scattered-clouds-full.svg,Hải Phòng,0.5311114382500972,0,0.7768351177250294,0
2025-04-18 23:00:00+07:00,92.0,13.0,88.0,/dl/web/weather/ic-w-11-night-few-clouds-full.svg,Hải Phòng,0.47707134843799526,0,0.4706170143812988,0
2025-04-19 00:00:00+07:00,88.0,14.8,88.0,/dl/web/weather/ic-w-04-scattered-clouds-full.svg,Hải Phòng,0.3689911688137913,0,0.7768351177250294,0
2025-04-19 01:00:00+07:00,84.0,11.1,88.0,/dl/web/weather/ic-w-04-scattered-clouds-full.svg,Hải Phòng,0.26091098918958733,0,0.14738679418513878,0
2025-04-19 02:00:00+07:00,84.0,11.1,94.0,/dl/web/weather/ic-w-11-night-few-clouds-full.svg,Hải Phòng,0.26091098918958733,0,0.14738679418513878,0
2025-04-19 03:00:00+07:00,84.0,9.2,94.0,/dl/web/weather/ic-w-12-night-rain-full.svg,Hải Phòng,0.26091098918958733,0,-0.17584342601102124,0
2025-04-19 04:00:00+07:00,86.0,11.1,94.0,/dl/web/weather/ic-w-10-night-clear-sky-full.svg,Hải Phòng,0.3149510790016893,0,0.14738679418513878,0
2025-04-19 05:00:00+07:00,90.0,9.2,94.0,/dl/web/weather/ic-w-10-night-clear-sky-full.svg,Hải Phòng,0.4230312586258933,0,-0.17584342601102124,0
2025-04-19 06:00:00+07:00,88.0,9.2,88.0,/dl/web/weather/ic-w-10-night-clear-sky-full.svg,Hải Phòng,0.3689911688137913,0,-0.17584342601102124,0
2025-04-19 07:00:00+07:00,90.0,7.4,89.0,/dl/web/weather/ic-w-01-clear-sky-full.svg,Hải Phòng,0.4230312586258933,0,-0.48206152935475155,0
2025-04-19 08:00:00+07:00,84.0,7.4,78.0,/dl/web/weather/ic-w-01-clear-sky-full.svg,Hải Phòng,0.26091098918958733,0,-0.48206152935475155,0
2025-04-19 09:00:00+07:00,81.0,16.7,78.0,/dl/web/weather/ic-w-01-clear-sky-full.svg,Hải Phòng,0.1798508544714343,0,1.100065337921189,0
2025-04-19 10:00:00+07:00,82.0,11.1,74.0,/dl/web/weather/ic-w-01-clear-sky-full.svg,Hải Phòng,0.20687089937748532,0,0.14738679418513878,0
2025-04-19 11:00:00+07:00,82.0,11.1,74.0,/dl/web/weather/ic-w-01-clear-sky-full.svg,Hải Phòng,0.20687089937748532,0,0.14738679418513878,0
2025-04-19 12:00:00+07:00,84.0,14.8,78.0,/dl/web/weather/ic-w-04-scattered-clouds-full.svg,Hải Phòng,0.26091098918958733,0,0.7768351177250294,0
2025-04-19 13:00:00+07:00,86.0,16.7,74.0,/dl/web/weather/ic-w-04-scattered-clouds-full.svg,Hải Phòng,0.3149510790016893,0,1.100065337921189,0
2025-04-19 14:00:00+07:00,77.0,18.5,78.0,/dl/web/weather/ic-w-06-rain-full.svg,Hải Phòng,0.07177067484723033,0,1.4062834412649197,0
2025-04-19 15:00:00+07:00,75.0,16.7,74.0,/dl/web/weather/ic-w-02-new-clouds-full.svg,Hải Phòng,0.017730585035128334,0,1.100065337921189,0
2025-04-19 16:00:00+07:00,84.0,18.5,78.0,/dl/web/weather/ic-w-02-new-clouds-full.svg,Hải Phòng,0.26091098918958733,0,1.4062834412649197,0
2025-04-19 17:00:00+07:00,88.0,16.7,89.0,/dl/web/weather/ic-w-04-scattered-clouds-full.svg,Hải Phòng,0.3689911688137913,0,1.100065337921189,0
2025-04-19 18:00:00+07:00,84.0,16.7,83.0,/dl/web/weather/ic-w-04-scattered-clouds-full.svg,Hải Phòng,0.26091098918958733,0,1.100065337921189,0
2025-04-19 19:00:00+07:00,86.0,20.4,83.0,/dl/web/weather/ic-w-04-scattered-clouds-full.svg,Hải Phòng,0.3149510790016893,0,1.7295136614610795,0
2025-04-19 20:00:00+07:00,86.0,13.0,94.0,/dl/web/weather/ic-w-04-scattered-clouds-full.svg,Hải Phòng,0.3149510790016893,0,0.4706170143812988,0
2025-04-19 21:00:00+07:00,82.0,13.0,94.0,/dl/web/weather/ic-w-04-scattered-clouds-full.svg,Hải Phòng,0.20687089937748532,0,0.4706170143812988,0
2025-04-19 22:00:00+07:00,77.0,11.1,94.0,/dl/web/weather/ic-w-04-scattered-clouds-full.svg,Hải Phòng,0.07177067484723033,0,0.14738679418513878,0
2025-04-19 23:00:00+07:00,75.0,11.1,89.0,/dl/web/weather/ic-w-04-scattered-clouds-full.svg,Hải Phòng,0.017730585035128334,0,0.14738679418513878,0
2025-04-20 00:00:00+07:00,75.0,9.2,89.0,/dl/web/weather/ic-w-04-scattered-clouds-full.svg,Hải Phòng,0.017730585035128334,0,-0.17584342601102124,0
2025-04-20 01:00:00+07:00,73.0,11.1,89.0,/dl/web/weather/ic-w-04-scattered-clouds-full.svg,Hải Phòng,-0.03630950477697366,0,0.14738679418513878,0
2025-04-20 02:00:00+07:00,75.0,5.5,94.0,/dl/web/weather/ic-w-04-scattered-clouds-full.svg,Hải Phòng,0.017730585035128334,0,-0.8052917495509115,0
2025-04-20 03:00:00+07:00,71.0,9.2,94.0,/dl/web/weather/ic-w-12-night-rain-full.svg,Hải Phòng,-0.09034959458907565,0,-0.17584342601102124,0
2025-04-20 04:00:00+07:00,71.0,18.5,94.0,/dl/web/weather/ic-w-11-night-few-clouds-full.svg,Hải Phòng,-0.09034959458907565,0,1.4062834412649197,0
2025-04-20 05:00:00+07:00,68.0,11.1,94.0,/dl/web/weather/ic-w-04-scattered-clouds-full.svg,Hải Phòng,-0.17140972930722864,0,0.14738679418513878,0
2025-04-20 06:00:00+07:00,69.0,9.2,94.0,/dl/web/weather/ic-w-04-scattered-clouds-full.svg,Hải Phòng,-0.14438968440117764,0,-0.17584342601102124,0
2025-04-20 08:00:00+07:00,82.0,11.1,94.0,/dl/web/weather/ic-w-04-scattered-clouds-full.svg,Hải Phòng,0.20687089937748532,0,0.14738679418513878,0
2025-04-20 09:00:00+07:00,82.0,13.0,94.0,/dl/web/weather/ic-w-04-scattered-clouds-full.svg,Hải Phòng,0.20687089937748532,0,0.4706170143812988,0
2025-04-20 10:00:00+07:00,89.0,13.0,89.0,/dl/web/weather/ic-w-04-scattered-clouds-full.svg,Hải Phòng,0.39601121371984227,0,0.4706170143812988,0
2025-04-20 11:00:00+07:00,84.0,13.0,89.0,/dl/web/weather/ic-w-04-scattered-clouds-full.svg,Hải Phòng,0.26091098918958733,0,0.4706170143812988,0
2025-04-20 12:00:00+07:00,86.0,14.8,89.0,/dl/web/weather/ic-w-04-scattered-clouds-full.svg,Hải Phòng,0.3149510790016893,0,0.7768351177250294,0
2025-04-20 13:00:00+07:00,81.0,13.0,83.0,/dl/web/weather/ic-w-04-scattered-clouds-full.svg,Hải Phòng,0.1798508544714343,0,0.4706170143812988,0
2025-04-20 14:00:00+07:00,77.0,18.5,89.0,/dl/web/weather/ic-w-04-scattered-clouds-full.svg,Hải Phòng,0.07177067484723033,0,1.4062834412649197,0
2025-04-20 15:00:00+07:00,82.0,16.7,89.0,/dl/web/weather/ic-w-04-scattered-clouds-full.svg,Hải Phòng,0.20687089937748532,0,1.100065337921189,0
2025-04-20 16:00:00+07:00,79.0,20.4,83.0,/dl/web/weather/ic-w-04-scattered-clouds-full.svg,Hải Phòng,0.12581076465933233,0,1.7295136614610795,0
2025-04-20 17:00:00+07:00,75.0,20.4,83.0,/dl/web/weather/ic-w-04-scattered-clouds-full.svg,Hải Phòng,0.017730585035128334,0,1.7295136614610795,0
2025-04-20 18:00:00+07:00,75.0,18.5,89.0,/dl/web/weather/ic-w-04-scattered-clouds-full.svg,Hải Phòng,0.017730585035128334,0,1.4062834412649197,0
2025-04-20 19:00:00+07:00,87.0,16.7,89.0,/dl/web/weather/ic-w-04-scattered-clouds-full.svg,Hải Phòng,0.3419711239077403,0,1.100065337921189,0
2025-04-20 20:00:00+07:00,73.0,13.0,89.0,/dl/web/weather/ic-w-04-scattered-clouds-full.svg,Hải Phòng,-0.03630950477697366,0,0.4706170143812988,0
2025-04-20 21:00:00+07:00,69.0,13.0,89.0,/dl/web/weather/ic-w-04-scattered-clouds-full.svg,Hải Phòng,-0.14438968440117764,0,0.4706170143812988,0
2025-04-20 22:00:00+07:00,68.0,13.0,89.0,/dl/web/weather/ic-w-04-scattered-clouds-full.svg,Hải Phòng,-0.17140972930722864,0,0.4706170143812988,0
2025-04-20 23:00:00+07:00,68.0,5.5,89.0,/dl/web/weather/ic-w-04-scattered-clouds-full.svg,Hải Phòng,-0.17140972930722864,0,-0.8052917495509115,0
2025-04-21 00:00:00+07:00,68.0,9.2,89.0,/dl/web/weather/ic-w-04-scattered-clouds-full.svg,Hải Phòng,-0.17140972930722864,0,-0.17584342601102124,0
2025-04-21 02:00:00+07:00,71.0,5.5,94.0,/dl/web/weather/ic-w-04-scattered-clouds-full.svg,Hải Phòng,-0.09034959458907565,0,-0.8052917495509115,0
2025-04-21 03:00:00+07:00,66.0,11.1,89.0,/dl/web/weather/ic-w-04-scattered-clouds-full.svg,Hải Phòng,-0.22544981911933062,0,0.14738679418513878,0
2025-04-21 04:00:00+07:00,69.0,9.2,94.0,/dl/web/weather/ic-w-04-scattered-clouds-full.svg,Hải Phòng,-0.14438968440117764,0,-0.17584342601102124,0
2025-04-21 05:00:00+07:00,69.0,9.2,94.0,/dl/web/weather/ic-w-04-scattered-clouds-full.svg,Hải Phòng,-0.14438968440117764,0,-0.17584342601102124,0
2025-04-21 06:00:00+07:00,68.0,11.1,89.0,/dl/web/weather/ic-w-04-scattered-clouds-full.svg,Hải Phòng,-0.17140972930722864,0,0.14738679418513878,0
2025-04-21 07:00:00+07:00,68.0,13.0,89.0,/dl/web/weather/ic-w-04-scattered-clouds-full.svg,Hải Phòng,-0.17140972930722864,0,0.4706170143812988,0
2025-04-21 08:00:00+07:00,75.0,13.0,89.0,/dl/web/weather/ic-w-04-scattered-clouds-full.svg,Hải Phòng,0.017730585035128334,0,0.4706170143812988,0
2025-04-21 09:00:00+07:00,75.0,14.8,89.0,/dl/web/weather/ic-w-04-scattered-clouds-full.svg,Hải Phòng,0.017730585035128334,0,0.7768351177250294,0
2025-04-21 10:00:00+07:00,75.0,18.5,83.0,/dl/web/weather/ic-w-04-scattered-clouds-full.svg,Hải Phòng,0.017730585035128334,0,1.4062834412649197,0
2025-04-21 11:00:00+07:00,75.0,18.5,83.0,/dl/web/weather/ic-w-04-scattered-clouds-full.svg,Hải Phòng,0.017730585035128334,0,1.4062834412649197,0
2025-04-21 12:00:00+07:00,75.0,16.7,83.0,/dl/web/weather/ic-w-04-scattered-clouds-full.svg,Hải Phòng,0.017730585035128334,0,1.100065337921189,0
2025-04-21 13:00:00+07:00,73.0,18.5,78.0,/dl/web/weather/ic-w-04-scattered-clouds-full.svg,Hải Phòng,-0.03630950477697366,0,1.4062834412649197,0
2025-04-21 14:00:00+07:00,71.0,18.5,78.0,/dl/web/weather/ic-w-04-scattered-clouds-full.svg,Hải Phòng,-0.09034959458907565,0,1.4062834412649197,0
2025-04-21 15:00:00+07:00,71.0,16.7,83.0,/dl/web/weather/ic-w-04-scattered-clouds-full.svg,Hải Phòng,-0.09034959458907565,0,1.100065337921189,0
2025-04-21 16:00:00+07:00,73.0,18.5,83.0,/dl/web/weather/ic-w-04-scattered-clouds-full.svg,Hải Phòng,-0.03630950477697366,0,1.4062834412649197,0
2025-04-21 17:00:00+07:00,71.0,18.5,83.0,/dl/web/weather/ic-w-04-scattered-clouds-full.svg,Hải Phòng,-0.09034959458907565,0,1.4062834412649197,0
2025-04-21 18:00:00+07:00,71.0,13.0,83.0,/dl/web/weather/ic-w-04-scattered-clouds-full.svg,Hải Phòng,-0.09034959458907565,0,0.4706170143812988,0
2025-04-21 19:00:00+07:00,71.0,7.4,83.0,/dl/web/weather/ic-w-04-scattered-clouds-full.svg,Hải Phòng,-0.09034959458907565,0,-0.48206152935475155,0
2025-04-21 20:00:00+07:00,77.0,11.1,83.0,/dl/web/weather/ic-w-10-night-clear-sky-full.svg,Hải Phòng,0.07177067484723033,0,0.14738679418513878,0
2025-04-21 21:00:00+07:00,75.0,11.1,83.0,/dl/web/weather/ic-w-10-night-clear-sky-full.svg,Hải Phòng,0.017730585035128334,0,0.14738679418513878,0
2025-04-21 22:00:00+07:00,77.0,9.2,83.0,/dl/web/weather/ic-w-10-night-clear-sky-full.svg,Hải Phòng,0.07177067484723033,0,-0.17584342601102124,0
2025-04-21 23:00:00+07:00,69.0,9.2,89.0,/dl/web/weather/ic-w-10-night-clear-sky-full.svg,Hải Phòng,-0.14438968440117764,0,-0.17584342601102124,0
2025-04-22 00:00:00+07:00,75.0,7.4,94.0,/dl/web/weather/ic-w-10-night-clear-sky-full.svg,Hải Phòng,0.017730585035128334,0,-0.48206152935475155,0
2025-04-22 01:00:00+07:00,75.0,7.4,94.0,/dl/web/weather/ic-w-11-night-few-clouds-full.svg,Hải Phòng,0.017730585035128334,0,-0.48206152935475155,0
2025-04-22 02:00:00+07:00,64.0,5.5,83.0,/dl/web/weather/ic-w-10-night-clear-sky-full.svg,Hải Phòng,-0.2794899089314326,0,-0.8052917495509115,0
2025-04-22 03:00:00+07:00,62.0,5.5,88.0,/dl/web/weather/ic-w-04-scattered-clouds-full.svg,Hải Phòng,-0.3335299987435346,0,-0.8052917495509115,0
2025-04-22 04:00:00+07:00,60.0,7.4,89.0,/dl/web/weather/ic-w-04-scattered-clouds-full.svg,Hải Phòng,-0.3875700885556366,0,-0.48206152935475155,0
2025-04-22 05:00:00+07:00,60.0,13.0,89.0,/dl/web/weather/ic-w-04-scattered-clouds-full.svg,Hải Phòng,-0.3875700885556366,0,0.4706170143812988,0
2025-04-22 06:00:00+07:00,66.0,11.1,89.0,/dl/web/weather/ic-w-04-scattered-clouds-full.svg,Hải Phòng,-0.22544981911933062,0,0.14738679418513878,0
2025-04-22 07:00:00+07:00,71.0,13.0,89.0,/dl/web/weather/ic-w-04-scattered-clouds-full.svg,Hải Phòng,-0.09034959458907565,0,0.4706170143812988,0
2025-04-22 08:00:00+07:00,84.0,13.0,89.0,/dl/web/weather/ic-w-04-scattered-clouds-full.svg,Hải Phòng,0.26091098918958733,0,0.4706170143812988,0
2025-04-22 09:00:00+07:00,82.0,13.0,89.0,/dl/web/weather/ic-w-04-scattered-clouds-full.svg,Hải Phòng,0.20687089937748532,0,0.4706170143812988,0
2025-04-22 10:00:00+07:00,84.0,14.8,83.0,/dl/web/weather/ic-w-04-scattered-clouds-full.svg,Hải Phòng,0.26091098918958733,0,0.7768351177250294,0
2025-04-22 11:00:00+07:00,82.0,14.8,83.0,/dl/web/weather/ic-w-04-scattered-clouds-full.svg,Hải Phòng,0.20687089937748532,0,0.7768351177250294,0
2025-04-22 12:00:00+07:00,79.0,14.8,83.0,/dl/web/weather/ic-w-04-scattered-clouds-full.svg,Hải Phòng,0.12581076465933233,0,0.7768351177250294,0
2025-04-22 13:00:00+07:00,75.0,14.8,78.0,/dl/web/weather/ic-w-04-scattered-clouds-full.svg,Hải Phòng,0.017730585035128334,0,0.7768351177250294,0
2025-04-22 14:00:00+07:00,75.0,14.8,83.0,/dl/web/weather/ic-w-04-scattered-clouds-full.svg,Hải Phòng,0.017730585035128334,0,0.7768351177250294,0
2025-04-22 15:00:00+07:00,75.0,18.5,83.0,/dl/web/weather/ic-w-04-scattered-clouds-full.svg,Hải Phòng,0.017730585035128334,0,1.4062834412649197,0
2025-04-22 16:00:00+07:00,77.0,20.4,78.0,/dl/web/weather/ic-w-04-scattered-clouds-full.svg,Hải Phòng,0.07177067484723033,0,1.7295136614610795,0
2025-04-22 17:00:00+07:00,81.0,13.0,83.0,/dl/web/weather/ic-w-04-scattered-clouds-full.svg,Hải Phòng,0.1798508544714343,0,0.4706170143812988,0
2025-04-22 18:00:00+07:00,82.0,13.0,83.0,/dl/web/weather/ic-w-04-scattered-clouds-full.svg,Hải Phòng,0.20687089937748532,0,0.4706170143812988,0
2025-04-22 19:00:00+07:00,82.0,13.0,83.0,/dl/web/weather/ic-w-04-scattered-clouds-full.svg,Hải Phòng,0.20687089937748532,0,0.4706170143812988,0
2025-04-22 20:00:00+07:00,82.0,11.1,89.0,/dl/web/weather/ic-w-04-scattered-clouds-full.svg,Hải Phòng,0.20687089937748532,0,0.14738679418513878,0
2025-04-22 21:00:00+07:00,81.0,11.1,89.0,/dl/web/weather/ic-w-04-scattered-clouds-full.svg,Hải Phòng,0.1798508544714343,0,0.14738679418513878,0
2025-04-22 22:00:00+07:00,77.0,11.1,89.0,/dl/web/weather/ic-w-04-scattered-clouds-full.svg,Hải Phòng,0.07177067484723033,0,0.14738679418513878,0
2025-04-22 23:00:00+07:00,75.0,9.2,89.0,/dl/web/weather/ic-w-04-scattered-clouds-full.svg,Hải Phòng,0.017730585035128334,0,-0.17584342601102124,0
2025-04-23 00:00:00+07:00,73.0,9.2,89.0,/dl/web/weather/ic-w-04-scattered-clouds-full.svg,Hải Phòng,-0.03630950477697366,0,-0.17584342601102124,0
2025-04-23 01:00:00+07:00,73.0,9.2,89.0,/dl/web/weather/ic-w-04-scattered-clouds-full.svg,Hải Phòng,-0.03630950477697366,0,-0.17584342601102124,0
2025-04-23 02:00:00+07:00,73.0,7.4,89.0,/dl/web/weather/ic-w-04-scattered-clouds-full.svg,Hải Phòng,-0.03630950477697366,0,-0.48206152935475155,0
2025-04-23 03:00:00+07:00,75.0,9.2,89.0,/dl/web/weather/ic-w-10-night-clear-sky-full.svg,Hải Phòng,0.017730585035128334,0,-0.17584342601102124,0
2025-04-23 04:00:00+07:00,77.0,7.4,89.0,/dl/web/weather/ic-w-04-scattered-clouds-full.svg,Hải Phòng,0.07177067484723033,0,-0.48206152935475155,0
2025-04-23 05:00:00+07:00,77.0,7.4,94.0,/dl/web/weather/ic-w-04-scattered-clouds-full.svg,Hải Phòng,0.07177067484723033,0,-0.48206152935475155,0
2025-04-23 06:00:00+07:00,82.0,9.2,94.0,/dl/web/weather/ic-w-04-scattered-clouds-full.svg,Hải Phòng,0.20687089937748532,0,-0.17584342601102124,0
2025-04-23 07:00:00+07:00,82.0,9.2,89.0,/dl/web/weather/ic-w-04-scattered-clouds-full.svg,Hải Phòng,0.20687089937748532,0,-0.17584342601102124,0
2025-04-23 08:00:00+07:00,82.0,13.0,89.0,/dl/web/weather/ic-w-04-scattered-clouds-full.svg,Hải Phòng,0.20687089937748532,0,0.4706170143812988,0
2025-04-23 09:00:00+07:00,86.0,13.0,83.0,/dl/web/weather/ic-w-04-scattered-clouds-full.svg,Hải Phòng,0.3149510790016893,0,0.4706170143812988,0
2025-04-23 10:00:00+07:00,84.0,13.0,78.0,/dl/web/weather/ic-w-04-scattered-clouds-full.svg,Hải Phòng,0.26091098918958733,0,0.4706170143812988,0
2025-04-23 11:00:00+07:00,84.0,13.0,78.0,/dl/web/weather/ic-w-04-scattered-clouds-full.svg,Hải Phòng,0.26091098918958733,0,0.4706170143812988,0
2025-04-23 12:00:00+07:00,92.0,14.8,78.0,/dl/web/weather/ic-w-04-scattered-clouds-full.svg,Hải Phòng,0.47707134843799526,0,0.7768351177250294,0
2025-04-23 13:00:00+07:00,84.0,16.7,79.0,/dl/web/weather/ic-w-04-scattered-clouds-full.svg,Hải Phòng,0.26091098918958733,0,1.100065337921189,0
2025-04-23 14:00:00+07:00,77.0,16.7,74.0,/dl/web/weather/ic-w-04-scattered-clouds-full.svg,Hải Phòng,0.07177067484723033,0,1.100065337921189,0
2025-04-23 15:00:00+07:00,73.0,18.5,78.0,/dl/web/weather/ic-w-04-scattered-clouds-full.svg,Hải Phòng,-0.03630950477697366,0,1.4062834412649197,0
2025-04-23 16:00:00+07:00,73.0,20.4,74.0,/dl/web/weather/ic-w-04-scattered-clouds-full.svg,Hải Phòng,-0.03630950477697366,0,1.7295136614610795,0
2025-04-23 17:00:00+07:00,73.0,20.4,78.0,/dl/web/weather/ic-w-04-scattered-clouds-full.svg,Hải Phòng,-0.03630950477697366,0,1.7295136614610795,0
2025-04-23 18:00:00+07:00,75.0,20.4,78.0,/dl/web/weather/ic-w-04-scattered-clouds-full.svg,Hải Phòng,0.017730585035128334,0,1.7295136614610795,0
2025-04-23 19:00:00+07:00,75.0,18.5,83.0,/dl/web/weather/ic-w-04-scattered-clouds-full.svg,Hải Phòng,0.017730585035128334,0,1.4062834412649197,0
2025-04-23 20:00:00+07:00,77.0,14.8,89.0,/dl/web/weather/ic-w-04-scattered-clouds-full.svg,Hải Phòng,0.07177067484723033,0,0.7768351177250294,0
2025-04-23 21:00:00+07:00,75.0,14.8,89.0,/dl/web/weather/ic-w-04-scattered-clouds-full.svg,Hải Phòng,0.017730585035128334,0,0.7768351177250294,0
2025-04-23 22:00:00+07:00,77.0,13.0,89.0,/dl/web/weather/ic-w-04-scattered-clouds-full.svg,Hải Phòng,0.07177067484723033,0,0.4706170143812988,0
2025-04-23 23:00:00+07:00,75.0,13.0,89.0,/dl/web/weather/ic-w-04-scattered-clouds-full.svg,Hải Phòng,0.017730585035128334,0,0.4706170143812988,0
2025-04-24 00:00:00+07:00,71.0,11.1,89.0,/dl/web/weather/ic-w-04-scattered-clouds-full.svg,Hải Phòng,-0.09034959458907565,0,0.14738679418513878,0
2025-04-24 01:00:00+07:00,69.0,11.1,89.0,/dl/web/weather/ic-w-04-scattered-clouds-full.svg,Hải Phòng,-0.14438968440117764,0,0.14738679418513878,0
2025-04-24 02:00:00+07:00,69.0,7.4,89.0,/dl/web/weather/ic-w-04-scattered-clouds-full.svg,Hải Phòng,-0.14438968440117764,0,-0.48206152935475155,0
2025-04-24 03:00:00+07:00,68.0,7.4,89.0,/dl/web/weather/ic-w-04-scattered-clouds-full.svg,Hải Phòng,-0.17140972930722864,0,-0.48206152935475155,0
2025-04-24 04:00:00+07:00,66.0,14.8,83.0,/dl/web/weather/ic-w-04-scattered-clouds-full.svg,Hải Phòng,-0.22544981911933062,0,0.7768351177250294,0
2025-04-24 05:00:00+07:00,68.0,13.0,89.0,/dl/web/weather/ic-w-11-night-few-clouds-full.svg,Hải Phòng,-0.17140972930722864,0,0.4706170143812988,0
2025-04-24 06:00:00+07:00,66.0,16.7,89.0,/dl/web/weather/ic-w-04-scattered-clouds-full.svg,Hải Phòng,-0.22544981911933062,0,1.100065337921189,0
2025-04-24 07:00:00+07:00,69.0,14.8,89.0,/dl/web/weather/ic-w-04-scattered-clouds-full.svg,Hải Phòng,-0.14438968440117764,0,0.7768351177250294,0
2025-04-24 08:00:00+07:00,68.0,14.8,83.0,/dl/web/weather/ic-w-04-scattered-clouds-full.svg,Hải Phòng,-0.17140972930722864,0,0.7768351177250294,0
2025-04-24 09:00:00+07:00,68.0,18.5,83.0,/dl/web/weather/ic-w-04-scattered-clouds-full.svg,Hải Phòng,-0.17140972930722864,0,1.4062834412649197,0
2025-04-24 10:00:00+07:00,69.0,14.8,83.0,/dl/web/weather/ic-w-04-scattered-clouds-full.svg,Hải Phòng,-0.14438968440117764,0,0.7768351177250294,0
2025-04-24 11:00:00+07:00,69.0,14.8,83.0,/dl/web/weather/ic-w-04-scattered-clouds-full.svg,Hải Phòng,-0.14438968440117764,0,0.7768351177250294,0
2025-04-24 12:00:00+07:00,73.0,14.8,83.0,/dl/web/weather/ic-w-04-scattered-clouds-full.svg,Hải Phòng,-0.03630950477697366,0,0.7768351177250294,0
2025-04-24 13:00:00+07:00,71.0,14.8,83.0,/dl/web/weather/ic-w-04-scattered-clouds-full.svg,Hải Phòng,-0.09034959458907565,0,0.7768351177250294,0
2025-04-24 14:00:00+07:00,69.0,16.7,83.0,/dl/web/weather/ic-w-04-scattered-clouds-full.svg,Hải Phòng,-0.14438968440117764,0,1.100065337921189,0
2025-04-24 15:00:00+07:00,68.0,18.5,78.0,/dl/web/weather/ic-w-04-scattered-clouds-full.svg,Hải Phòng,-0.17140972930722864,0,1.4062834412649197,0
2025-04-24 16:00:00+07:00,69.0,14.8,78.0,/dl/web/weather/ic-w-04-scattered-clouds-full.svg,Hải Phòng,-0.14438968440117764,0,0.7768351177250294,0
2025-04-24 17:00:00+07:00,75.0,13.0,78.0,/dl/web/weather/ic-w-04-scattered-clouds-full.svg,Hải Phòng,0.017730585035128334,0,0.4706170143812988,0
2025-04-24 18:00:00+07:00,81.0,13.0,78.0,/dl/web/weather/ic-w-04-scattered-clouds-full.svg,Hải Phòng,0.1798508544714343,0,0.4706170143812988,0
2025-04-24 19:00:00+07:00,82.0,18.5,78.0,/dl/web/weather/ic-w-02-new-clouds-full.svg,Hải Phòng,0.20687089937748532,0,1.4062834412649197,0
2025-04-24 20:00:00+07:00,92.0,16.7,83.0,/dl/web/weather/ic-w-10-night-clear-sky-full.svg,Hải Phòng,0.47707134843799526,0,1.100065337921189,0
2025-04-24 21:00:00+07:00,92.0,16.7,83.0,/dl/web/weather/ic-w-10-night-clear-sky-full.svg,Hải Phòng,0.47707134843799526,0,1.100065337921189,0
2025-04-24 22:00:00+07:00,90.0,14.8,83.0,/dl/web/weather/ic-w-10-night-clear-sky-full.svg,Hải Phòng,0.4230312586258933,0,0.7768351177250294,0
2025-04-24 23:00:00+07:00,97.0,13.0,83.0,/dl/web/weather/ic-w-10-night-clear-sky-full.svg,Hải Phòng,0.6121715729682503,0,0.4706170143812988,0
2025-04-25 00:00:00+07:00,97.0,7.4,83.0,/dl/web/weather/ic-w-11-night-few-clouds-full.svg,Hải Phòng,0.6121715729682503,0,-0.48206152935475155,0
2025-04-25 01:00:00+07:00,92.0,7.4,83.0,/dl/web/weather/ic-w-07-thunderstorms-full.svg,Hải Phòng,0.47707134843799526,0,-0.48206152935475155,0
2025-04-25 02:00:00+07:00,65.0,9.2,94.0,/dl/web/weather/ic-w-07-thunderstorms-full.svg,Hải Phòng,-0.25246986402538163,0,-0.17584342601102124,0
2025-04-25 03:00:00+07:00,63.0,11.1,94.0,/dl/web/weather/ic-w-12-night-rain-full.svg,Hải Phòng,-0.30650995383748364,0,0.14738679418513878,0
2025-04-25 04:00:00+07:00,61.0,9.2,94.0,/dl/web/weather/ic-w-12-night-rain-full.svg,Hải Phòng,-0.3605500436495856,0,-0.17584342601102124,0
2025-04-25 06:00:00+07:00,105.0,11.1,94.0,/dl/web/weather/ic-w-09-mist-full.svg,Hải Phòng,0.8283319322166582,0,0.14738679418513878,0
2025-04-25 07:00:00+07:00,87.0,9.2,94.0,/dl/web/weather/ic-w-06-rain-full.svg,Hải Phòng,0.3419711239077403,0,-0.17584342601102124,0
2025-04-25 08:00:00+07:00,64.0,5.5,94.0,/dl/web/weather/ic-w-06-rain-full.svg,Hải Phòng,-0.2794899089314326,0,-0.8052917495509115,0
2025-04-25 09:00:00+07:00,72.0,11.1,94.0,/dl/web/weather/ic-w-04-scattered-clouds-full.svg,Hải Phòng,-0.06332954968302465,0,0.14738679418513878,0
2025-04-25 10:00:00+07:00,73.0,5.5,88.0,/dl/web/weather/ic-w-04-scattered-clouds-full.svg,Hải Phòng,-0.03630950477697366,0,-0.8052917495509115,0
2025-04-25 11:00:00+07:00,73.0,5.5,88.0,/dl/web/weather/ic-w-04-scattered-clouds-full.svg,Hải Phòng,-0.03630950477697366,0,-0.8052917495509115,0
2025-04-25 12:00:00+07:00,91.0,5.5,88.0,/dl/web/weather/ic-w-06-rain-full.svg,Hải Phòng,0.4500513035319443,0,-0.8052917495509115,0
2025-04-25 13:00:00+07:00,112.0,11.1,74.0,/dl/web/weather/ic-w-04-scattered-clouds-full.svg,Hải Phòng,1.0174722465590151,0,0.14738679418513878,0
2025-04-25 14:00:00+07:00,107.0,5.5,74.0,/dl/web/weather/ic-w-04-scattered-clouds-full.svg,Hải Phòng,0.8823720220287602,0,-0.8052917495509115,0
2025-04-25 15:00:00+07:00,105.0,11.1,62.0,/dl/web/weather/ic-w-04-scattered-clouds-full.svg,Hải Phòng,0.8283319322166582,0,0.14738679418513878,0
2025-04-25 16:00:00+07:00,101.0,11.1,62.0,/dl/web/weather/ic-w-04-scattered-clouds-full.svg,Hải Phòng,0.7202517525924542,0,0.14738679418513878,0
2025-04-25 17:00:00+07:00,98.0,13.0,65.0,/dl/web/weather/ic-w-04-scattered-clouds-full.svg,Hải Phòng,0.6391916178743012,0,0.4706170143812988,0
2025-04-25 18:00:00+07:00,105.0,9.2,65.0,/dl/web/weather/ic-w-04-scattered-clouds-full.svg,Hải Phòng,0.8283319322166582,0,-0.17584342601102124,0
2025-04-25 19:00:00+07:00,105.0,13.0,83.0,/dl/web/weather/ic-w-04-scattered-clouds-full.svg,Hải Phòng,0.8283319322166582,0,0.4706170143812988,0
2025-04-25 20:00:00+07:00,81.0,22.2,83.0,/dl/web/weather/ic-w-04-scattered-clouds-full.svg,Hải Phòng,0.1798508544714343,0,2.03573176480481,0
2025-04-25 21:00:00+07:00,66.0,22.2,83.0,/dl/web/weather/ic-w-04-scattered-clouds-full.svg,Hải Phòng,-0.22544981911933062,0,2.03573176480481,0
2025-04-25 22:00:00+07:00,68.0,18.5,78.0,/dl/web/weather/ic-w-04-scattered-clouds-full.svg,Hải Phòng,-0.17140972930722864,0,1.4062834412649197,0
2025-04-25 23:00:00+07:00,68.0,16.7,83.0,/dl/web/weather/ic-w-04-scattered-clouds-full.svg,Hải Phòng,-0.17140972930722864,0,1.100065337921189,0
2025-04-26 00:00:00+07:00,71.0,13.0,83.0,/dl/web/weather/ic-w-04-scattered-clouds-full.svg,Hải Phòng,-0.09034959458907565,0,0.4706170143812988,0
2025-04-26 01:00:00+07:00,69.0,5.5,83.0,/dl/web/weather/ic-w-04-scattered-clouds-full.svg,Hải Phòng,-0.14438968440117764,0,-0.8052917495509115,0
2025-04-26 02:00:00+07:00,73.0,7.4,78.0,/dl/web/weather/ic-w-04-scattered-clouds-full.svg,Hải Phòng,-0.03630950477697366,0,-0.48206152935475155,0
2025-04-26 03:00:00+07:00,71.0,7.4,83.0,/dl/web/weather/ic-w-04-scattered-clouds-full.svg,Hải Phòng,-0.09034959458907565,0,-0.48206152935475155,0
2025-04-26 04:00:00+07:00,75.0,7.4,78.0,/dl/web/weather/ic-w-04-scattered-clouds-full.svg,Hải Phòng,0.017730585035128334,0,-0.48206152935475155,0
2025-04-26 05:00:00+07:00,77.0,7.4,83.0,/dl/web/weather/ic-w-04-scattered-clouds-full.svg,Hải Phòng,0.07177067484723033,0,-0.48206152935475155,0
2025-04-26 06:00:00+07:00,83.0,9.2,83.0,/dl/web/weather/ic-w-04-scattered-clouds-full.svg,Hải Phòng,0.2338909442835363,0,-0.17584342601102124,0
2025-04-26 07:00:00+07:00,85.0,9.2,83.0,/dl/web/weather/ic-w-04-scattered-clouds-full.svg,Hải Phòng,0.2879310340956383,0,-0.17584342601102124,0
2025-04-26 08:00:00+07:00,83.0,7.4,78.0,/dl/web/weather/ic-w-04-scattered-clouds-full.svg,Hải Phòng,0.2338909442835363,0,-0.48206152935475155,0
2025-04-26 09:00:00+07:00,77.0,7.4,78.0,/dl/web/weather/ic-w-04-scattered-clouds-full.svg,Hải Phòng,0.07177067484723033,0,-0.48206152935475155,0
2025-04-26 10:00:00+07:00,67.0,13.0,74.0,/dl/web/weather/ic-w-04-scattered-clouds-full.svg,Hải Phòng,-0.19842977421327965,0,0.4706170143812988,0
2025-04-26 11:00:00+07:00,70.0,13.0,74.0,/dl/web/weather/ic-w-04-scattered-clouds-full.svg,Hải Phòng,-0.11736963949512665,0,0.4706170143812988,0
2025-04-26 12:00:00+07:00,70.0,11.1,74.0,/dl/web/weather/ic-w-04-scattered-clouds-full.svg,Hải Phòng,-0.11736963949512665,0,0.14738679418513878,0
2025-04-26 13:00:00+07:00,81.0,14.8,74.0,/dl/web/weather/ic-w-04-scattered-clouds-full.svg,Hải Phòng,0.1798508544714343,0,0.7768351177250294,0
2025-04-26 14:00:00+07:00,96.0,16.7,74.0,/dl/web/weather/ic-w-04-scattered-clouds-full.svg,Hải Phòng,0.5851515280621993,0,1.100065337921189,0
2025-04-26 15:00:00+07:00,91.0,13.0,74.0,/dl/web/weather/ic-w-04-scattered-clouds-full.svg,Hải Phòng,0.4500513035319443,0,0.4706170143812988,0
2025-04-26 16:00:00+07:00,90.0,14.8,78.0,/dl/web/weather/ic-w-04-scattered-clouds-full.svg,Hải Phòng,0.4230312586258933,0,0.7768351177250294,0
2025-04-26 17:00:00+07:00,86.0,18.5,78.0,/dl/web/weather/ic-w-04-scattered-clouds-full.svg,Hải Phòng,0.3149510790016893,0,1.4062834412649197,0
2025-04-26 18:00:00+07:00,90.0,14.8,83.0,/dl/web/weather/ic-w-04-scattered-clouds-full.svg,Hải Phòng,0.4230312586258933,0,0.7768351177250294,0
2025-04-26 19:00:00+07:00,99.0,13.0,78.0,/dl/web/weather/ic-w-04-scattered-clouds-full.svg,Hải Phòng,0.6662116627803523,0,0.4706170143812988,0
2025-04-26 20:00:00+07:00,101.0,7.4,89.0,/dl/web/weather/ic-w-04-scattered-clouds-full.svg,Hải Phòng,0.7202517525924542,0,-0.48206152935475155,0
2025-04-26 21:00:00+07:00,84.0,7.4,89.0,/dl/web/weather/ic-w-04-scattered-clouds-full.svg,Hải Phòng,0.26091098918958733,0,-0.48206152935475155,0
2025-04-26 22:00:00+07:00,82.0,9.2,83.0,/dl/web/weather/ic-w-04-scattered-clouds-full.svg,Hải Phòng,0.20687089937748532,0,-0.17584342601102124,0
2025-04-26 23:00:00+07:00,82.0,13.0,89.0,/dl/web/weather/ic-w-04-scattered-clouds-full.svg,Hải Phòng,0.20687089937748532,0,0.4706170143812988,0
2025-04-27 00:00:00+07:00,87.0,14.8,89.0,/dl/web/weather/ic-w-04-scattered-clouds-full.svg,Hải Phòng,0.3419711239077403,0,0.7768351177250294,0
2025-04-27 01:00:00+07:00,80.0,16.7,89.0,/dl/web/weather/ic-w-04-scattered-clouds-full.svg,Hải Phòng,0.1528308095653833,0,1.100065337921189,0
2025-04-27 02:00:00+07:00,87.0,16.7,89.0,/dl/web/weather/ic-w-04-scattered-clouds-full.svg,Hải Phòng,0.3419711239077403,0,1.100065337921189,0
2025-04-27 03:00:00+07:00,82.0,13.0,89.0,/dl/web/weather/ic-w-04-scattered-clouds-full.svg,Hải Phòng,0.20687089937748532,0,0.4706170143812988,0
2025-04-27 04:00:00+07:00,81.0,14.8,89.0,/dl/web/weather/ic-w-04-scattered-clouds-full.svg,Hải Phòng,0.1798508544714343,0,0.7768351177250294,0
2025-04-27 05:00:00+07:00,85.0,13.0,89.0,/dl/web/weather/ic-w-04-scattered-clouds-full.svg,Hải Phòng,0.2879310340956383,0,0.4706170143812988,0
2025-04-27 06:00:00+07:00,83.0,9.2,89.0,/dl/web/weather/ic-w-04-scattered-clouds-full.svg,Hải Phòng,0.2338909442835363,0,-0.17584342601102124,0
2025-04-27 07:00:00+07:00,84.0,9.2,94.0,/dl/web/weather/ic-w-04-scattered-clouds-full.svg,Hải Phòng,0.26091098918958733,0,-0.17584342601102124,0
2025-04-27 08:00:00+07:00,87.0,9.2,89.0,/dl/web/weather/ic-w-04-scattered-clouds-full.svg,Hải Phòng,0.3419711239077403,0,-0.17584342601102124,0
2025-04-27 09:00:00+07:00,90.0,9.2,89.0,/dl/web/weather/ic-w-04-scattered-clouds-full.svg,Hải Phòng,0.4230312586258933,0,-0.17584342601102124,0
2025-04-27 10:00:00+07:00,81.0,13.0,89.0,/dl/web/weather/ic-w-04-scattered-clouds-full.svg,Hải Phòng,0.1798508544714343,0,0.4706170143812988,0
2025-04-27 11:00:00+07:00,81.0,13.0,89.0,/dl/web/weather/ic-w-04-scattered-clouds-full.svg,Hải Phòng,0.1798508544714343,0,0.4706170143812988,0
2025-04-27 12:00:00+07:00,76.0,14.8,83.0,/dl/web/weather/ic-w-04-scattered-clouds-full.svg,Hải Phòng,0.04475062994117933,0,0.7768351177250294,0
2025-04-27 13:00:00+07:00,70.0,16.7,83.0,/dl/web/weather/ic-w-04-scattered-clouds-full.svg,Hải Phòng,-0.11736963949512665,0,1.100065337921189,0
2025-04-27 14:00:00+07:00,64.0,18.5,79.0,/dl/web/weather/ic-w-04-scattered-clouds-full.svg,Hải Phòng,-0.2794899089314326,0,1.4062834412649197,0
2025-04-27 15:00:00+07:00,59.0,18.5,83.0,/dl/web/weather/ic-w-04-scattered-clouds-full.svg,Hải Phòng,-0.4145901334616876,0,1.4062834412649197,0
2025-04-27 16:00:00+07:00,55.0,18.5,74.0,/dl/web/weather/ic-w-04-scattered-clouds-full.svg,Hải Phòng,-0.5226703130858916,0,1.4062834412649197,0
2025-04-27 17:00:00+07:00,52.0,13.0,78.0,/dl/web/weather/ic-w-04-scattered-clouds-full.svg,Hải Phòng,-0.6037304478040446,0,0.4706170143812988,0
2025-04-27 18:00:00+07:00,54.0,13.0,83.0,/dl/web/weather/ic-w-04-scattered-clouds-full.svg,Hải Phòng,-0.5496903579919425,0,0.4706170143812988,0
2025-04-27 19:00:00+07:00,56.0,14.8,89.0,/dl/web/weather/ic-w-04-scattered-clouds-full.svg,Hải Phòng,-0.4956502681798406,0,0.7768351177250294,0
2025-04-27 20:00:00+07:00,55.0,11.1,83.0,/dl/web/weather/ic-w-04-scattered-clouds-full.svg,Hải Phòng,-0.5226703130858916,0,0.14738679418513878,0
2025-04-27 21:00:00+07:00,53.0,11.1,83.0,/dl/web/weather/ic-w-04-scattered-clouds-full.svg,Hải Phòng,-0.5767104028979936,0,0.14738679418513878,0
2025-04-27 22:00:00+07:00,53.0,14.8,83.0,/dl/web/weather/ic-w-11-night-few-clouds-full.svg,Hải Phòng,-0.5767104028979936,0,0.7768351177250294,0
2025-04-27 23:00:00+07:00,42.0,14.8,83.0,/dl/web/weather/ic-w-04-scattered-clouds-full.svg,Hải Phòng,-0.8739308968645545,0,0.7768351177250294,0
2025-04-28 00:00:00+07:00,39.0,13.0,83.0,/dl/web/weather/ic-w-04-scattered-clouds-full.svg,Hải Phòng,-0.9549910315827075,0,0.4706170143812988,0
2025-04-28 01:00:00+07:00,47.0,11.1,83.0,/dl/web/weather/ic-w-04-scattered-clouds-full.svg,Hải Phòng,-0.7388306723342996,0,0.14738679418513878,0
2025-04-28 02:00:00+07:00,31.0,11.1,83.0,/dl/web/weather/ic-w-04-scattered-clouds-full.svg,Hải Phòng,-1.1711513908311155,0,0.14738679418513878,0
2025-04-28 03:00:00+07:00,31.0,3.7,83.0,/dl/web/weather/ic-w-04-scattered-clouds-full.svg,Hải Phòng,-1.1711513908311155,0,-1.111509852894642,0
2025-04-28 04:00:00+07:00,31.0,5.5,89.0,/dl/web/weather/ic-w-04-scattered-clouds-full.svg,Hải Phòng,-1.1711513908311155,0,-0.8052917495509115,0
2025-04-28 05:00:00+07:00,28.0,5.5,89.0,/dl/web/weather/ic-w-04-scattered-clouds-full.svg,Hải Phòng,-1.2522115255492685,0,-0.8052917495509115,0
2025-04-28 06:00:00+07:00,31.0,3.7,89.0,/dl/web/weather/ic-w-04-scattered-clouds-full.svg,Hải Phòng,-1.1711513908311155,0,-1.111509852894642,0
2025-04-28 07:00:00+07:00,42.0,3.7,83.0,/dl/web/weather/ic-w-04-scattered-clouds-full.svg,Hải Phòng,-0.8739308968645545,0,-1.111509852894642,0
2025-04-28 08:00:00+07:00,52.0,3.7,83.0,/dl/web/weather/ic-w-04-scattered-clouds-full.svg,Hải Phòng,-0.6037304478040446,0,-1.111509852894642,0
2025-04-28 09:00:00+07:00,56.0,3.7,78.0,/dl/web/weather/ic-w-04-scattered-clouds-full.svg,Hải Phòng,-0.4956502681798406,0,-1.111509852894642,0
2025-04-28 10:00:00+07:00,55.0,5.5,78.0,/dl/web/weather/ic-w-04-scattered-clouds-full.svg,Hải Phòng,-0.5226703130858916,0,-0.8052917495509115,0
2025-04-28 11:00:00+07:00,55.0,13.0,83.0,/dl/web/weather/ic-w-04-scattered-clouds-full.svg,Hải Phòng,-0.5226703130858916,0,0.4706170143812988,0
2025-04-28 12:00:00+07:00,56.0,14.8,88.0,/dl/web/weather/ic-w-06-rain-full.svg,Hải Phòng,-0.4956502681798406,0,0.7768351177250294,0
2025-04-28 13:00:00+07:00,74.0,9.2,94.0,/dl/web/weather/ic-w-06-rain-full.svg,Hải Phòng,-0.00928945987092266,0,-0.17584342601102124,0
2025-04-28 14:00:00+07:00,73.0,13.0,94.0,/dl/web/weather/ic-w-06-rain-full.svg,Hải Phòng,-0.03630950477697366,0,0.4706170143812988,0
2025-04-28 15:00:00+07:00,82.0,9.2,89.0,/dl/web/weather/ic-w-04-scattered-clouds-full.svg,Hải Phòng,0.20687089937748532,0,-0.17584342601102124,0
2025-04-28 16:00:00+07:00,73.0,1.8,74.0,/dl/web/weather/ic-w-04-scattered-clouds-full.svg,Hải Phòng,-0.03630950477697366,0,-1.434740073090802,0
2025-04-28 17:00:00+07:00,75.0,7.4,78.0,/dl/web/weather/ic-w-04-scattered-clouds-full.svg,Hải Phòng,0.017730585035128334,0,-0.48206152935475155,0
2025-04-28 18:00:00+07:00,73.0,7.4,74.0,/dl/web/weather/ic-w-02-new-clouds-full.svg,Hải Phòng,-0.03630950477697366,0,-0.48206152935475155,0
2025-04-28 19:00:00+07:00,73.0,7.4,83.0,/dl/web/weather/ic-w-04-scattered-clouds-full.svg,Hải Phòng,-0.03630950477697366,0,-0.48206152935475155,0
2025-04-28 20:00:00+07:00,86.0,9.2,83.0,/dl/web/weather/ic-w-04-scattered-clouds-full.svg,Hải Phòng,0.3149510790016893,0,-0.17584342601102124,0
2025-04-28 21:00:00+07:00,78.0,5.5,88.0,/dl/web/weather/ic-w-04-scattered-clouds-full.svg,Hải Phòng,0.09879071975328133,0,-0.8052917495509115,0
2025-04-28 22:00:00+07:00,92.0,7.4,94.0,/dl/web/weather/ic-w-04-scattered-clouds-full.svg,Hải Phòng,0.47707134843799526,0,-0.48206152935475155,0
2025-04-28 23:00:00+07:00,96.0,5.5,94.0,/dl/web/weather/ic-w-04-scattered-clouds-full.svg,Hải Phòng,0.5851515280621993,0,-0.8052917495509115,0
2025-04-29 01:00:00+07:00,144.0,5.5,88.0,/dl/web/weather/ic-w-04-scattered-clouds-full.svg,Hải Phòng,1.882113683552647,0,-0.8052917495509115,0
2025-04-29 02:00:00+07:00,153.0,5.5,88.0,/dl/web/weather/ic-w-04-scattered-clouds-full.svg,Hải Phòng,2.1252940877071063,0,-0.8052917495509115,0
2025-04-29 03:00:00+07:00,159.0,5.5,94.0,/dl/web/weather/ic-w-11-night-few-clouds-full.svg,Hải Phòng,2.2874143571434122,0,-0.8052917495509115,0
2025-04-29 04:00:00+07:00,166.0,3.7,94.0,/dl/web/weather/ic-w-04-scattered-clouds-full.svg,Hải Phòng,2.476554671485769,0,-1.111509852894642,0
2025-04-29 06:00:00+07:00,168.0,3.7,94.0,/dl/web/weather/ic-w-09-mist-full.svg,Hải Phòng,2.530594761297871,0,-1.111509852894642,0
2025-04-29 07:00:00+07:00,169.0,3.7,94.0,/dl/web/weather/ic-w-09-mist-full.svg,Hải Phòng,2.557614806203922,0,-1.111509852894642,0
2025-04-29 08:00:00+07:00,156.0,0.0,89.0,/dl/web/weather/ic-w-09-mist-full.svg,Hải Phòng,2.2063542224252592,0,-1.7409581764345325,0
2025-04-29 09:00:00+07:00,134.0,3.7,78.0,/dl/web/weather/ic-w-09-mist-full.svg,Hải Phòng,1.6119132344921372,0,-1.111509852894642,0
2025-04-29 10:00:00+07:00,105.0,9.2,66.0,/dl/web/weather/ic-w-02-new-clouds-full.svg,Hải Phòng,0.8283319322166582,0,-0.17584342601102124,0
2025-04-29 11:00:00+07:00,105.0,5.5,62.0,/dl/web/weather/ic-w-04-scattered-clouds-full.svg,Hải Phòng,0.8283319322166582,0,-0.8052917495509115,0
2025-04-29 12:00:00+07:00,102.0,1.8,70.0,/dl/web/weather/ic-w-04-scattered-clouds-full.svg,Hải Phòng,0.7472717974985053,0,-1.434740073090802,0
2025-04-29 13:00:00+07:00,102.0,7.4,66.0,/dl/web/weather/ic-w-04-scattered-clouds-full.svg,Hải Phòng,0.7472717974985053,0,-0.48206152935475155,0
2025-04-29 14:00:00+07:00,96.0,9.2,66.0,/dl/web/weather/ic-w-02-new-clouds-full.svg,Hải Phòng,0.5851515280621993,0,-0.17584342601102124,0
2025-04-29 15:00:00+07:00,96.0,16.7,70.0,/dl/web/weather/ic-w-02-new-clouds-full.svg,Hải Phòng,0.5851515280621993,0,1.100065337921189,0
2025-04-29 16:00:00+07:00,108.0,11.1,74.0,/dl/web/weather/ic-w-04-scattered-clouds-full.svg,Hải Phòng,0.9093920669348112,0,0.14738679418513878,0
2025-04-29 17:00:00+07:00,108.0,14.8,78.0,/dl/web/weather/ic-w-04-scattered-clouds-full.svg,Hải Phòng,0.9093920669348112,0,0.7768351177250294,0
2025-04-29 18:00:00+07:00,101.0,13.0,83.0,/dl/web/weather/ic-w-01-clear-sky-full.svg,Hải Phòng,0.7202517525924542,0,0.4706170143812988,0
2025-04-29 19:00:00+07:00,92.0,16.7,89.0,/dl/web/weather/ic-w-11-night-few-clouds-full.svg,Hải Phòng,0.47707134843799526,0,1.100065337921189,0
2025-04-29 20:00:00+07:00,90.0,16.7,83.0,/dl/web/weather/ic-w-10-night-clear-sky-full.svg,Hải Phòng,0.4230312586258933,0,1.100065337921189,0
2025-04-29 21:00:00+07:00,88.0,13.0,83.0,/dl/web/weather/ic-w-10-night-clear-sky-full.svg,Hải Phòng,0.3689911688137913,0,0.4706170143812988,0
2025-04-29 22:00:00+07:00,82.0,13.0,83.0,/dl/web/weather/ic-w-10-night-clear-sky-full.svg,Hải Phòng,0.20687089937748532,0,0.4706170143812988,0
2025-04-29 23:00:00+07:00,72.0,9.2,83.0,/dl/web/weather/ic-w-10-night-clear-sky-full.svg,Hải Phòng,-0.06332954968302465,0,-0.17584342601102124,0
2025-04-30 00:00:00+07:00,69.0,7.4,83.0,/dl/web/weather/ic-w-10-night-clear-sky-full.svg,Hải Phòng,-0.14438968440117764,0,-0.48206152935475155,0
2025-04-30 01:00:00+07:00,69.0,9.2,83.0,/dl/web/weather/ic-w-11-night-few-clouds-full.svg,Hải Phòng,-0.14438968440117764,0,-0.17584342601102124,0
2025-04-30 02:00:00+07:00,80.0,11.1,83.0,/dl/web/weather/ic-w-04-scattered-clouds-full.svg,Hải Phòng,0.1528308095653833,0,0.14738679418513878,0
2025-04-30 03:00:00+07:00,93.0,7.4,83.0,/dl/web/weather/ic-w-04-scattered-clouds-full.svg,Hải Phòng,0.5040913933440463,0,-0.48206152935475155,0
2025-04-30 04:00:00+07:00,105.0,7.4,83.0,/dl/web/weather/ic-w-04-scattered-clouds-full.svg,Hải Phòng,0.8283319322166582,0,-0.48206152935475155,0
2025-04-30 05:00:00+07:00,111.0,7.4,83.0,/dl/web/weather/ic-w-04-scattered-clouds-full.svg,Hải Phòng,0.9904522016529642,0,-0.48206152935475155,0
2025-04-30 06:00:00+07:00,113.0,5.5,83.0,/dl/web/weather/ic-w-04-scattered-clouds-full.svg,Hải Phòng,1.0444922914650663,0,-0.8052917495509115,0
2025-04-30 07:00:00+07:00,118.0,3.7,83.0,/dl/web/weather/ic-w-04-scattered-clouds-full.svg,Hải Phòng,1.1795925159953211,0,-1.111509852894642,0
2025-04-30 08:00:00+07:00,111.0,7.4,78.0,/dl/web/weather/ic-w-04-scattered-clouds-full.svg,Hải Phòng,0.9904522016529642,0,-0.48206152935475155,0
2025-04-30 09:00:00+07:00,101.0,7.4,74.0,/dl/web/weather/ic-w-04-scattered-clouds-full.svg,Hải Phòng,0.7202517525924542,0,-0.48206152935475155,0
2025-04-30 10:00:00+07:00,97.0,9.2,74.0,/dl/web/weather/ic-w-04-scattered-clouds-full.svg,Hải Phòng,0.6121715729682503,0,-0.17584342601102124,0
2025-04-30 11:00:00+07:00,95.0,7.4,74.0,/dl/web/weather/ic-w-02-new-clouds-full.svg,Hải Phòng,0.5581314831561482,0,-0.48206152935475155,0
2025-04-30 12:00:00+07:00,92.0,7.4,78.0,/dl/web/weather/ic-w-01-clear-sky-full.svg,Hải Phòng,0.47707134843799526,0,-0.48206152935475155,0
2025-04-30 13:00:00+07:00,86.0,5.5,70.0,/dl/web/weather/ic-w-01-clear-sky-full.svg,Hải Phòng,0.3149510790016893,0,-0.8052917495509115,0
2025-04-30 14:00:00+07:00,82.0,7.4,74.0,/dl/web/weather/ic-w-02-new-clouds-full.svg,Hải Phòng,0.20687089937748532,0,-0.48206152935475155,0
2025-04-30 15:00:00+07:00,86.0,13.0,74.0,/dl/web/weather/ic-w-02-new-clouds-full.svg,Hải Phòng,0.3149510790016893,0,0.4706170143812988,0
2025-04-30 16:00:00+07:00,81.0,11.1,74.0,/dl/web/weather/ic-w-01-clear-sky-full.svg,Hải Phòng,0.1798508544714343,0,0.14738679418513878,0
2025-04-30 17:00:00+07:00,81.0,9.2,70.0,/dl/web/weather/ic-w-01-clear-sky-full.svg,Hải Phòng,0.1798508544714343,0,-0.17584342601102124,0
2025-04-30 18:00:00+07:00,81.0,9.2,70.0,/dl/web/weather/ic-w-01-clear-sky-full.svg,Hải Phòng,0.1798508544714343,0,-0.17584342601102124,0
2025-04-30 19:00:00+07:00,82.0,11.1,78.0,/dl/web/weather/ic-w-10-night-clear-sky-full.svg,Hải Phòng,0.20687089937748532,0,0.14738679418513878,0
2025-04-30 20:00:00+07:00,93.0,11.1,83.0,/dl/web/weather/ic-w-10-night-clear-sky-full.svg,Hải Phòng,0.5040913933440463,0,0.14738679418513878,0
2025-04-30 21:00:00+07:00,86.0,9.2,83.0,/dl/web/weather/ic-w-10-night-clear-sky-full.svg,Hải Phòng,0.3149510790016893,0,-0.17584342601102124,0
2025-04-30 22:00:00+07:00,86.0,7.4,89.0,/dl/web/weather/ic-w-10-night-clear-sky-full.svg,Hải Phòng,0.3149510790016893,0,-0.48206152935475155,0
2025-04-30 23:00:00+07:00,85.0,5.5,89.0,/dl/web/weather/ic-w-10-night-clear-sky-full.svg,Hải Phòng,0.2879310340956383,0,-0.8052917495509115,0
2025-05-01 00:00:00+07:00,90.0,7.4,89.0,/dl/web/weather/ic-w-10-night-clear-sky-full.svg,Hải Phòng,0.4230312586258933,0,-0.48206152935475155,0
2025-05-01 01:00:00+07:00,95.0,7.4,89.0,/dl/web/weather/ic-w-10-night-clear-sky-full.svg,Hải Phòng,0.5581314831561482,0,-0.48206152935475155,0
2025-05-01 02:00:00+07:00,93.0,3.7,89.0,/dl/web/weather/ic-w-10-night-clear-sky-full.svg,Hải Phòng,0.5040913933440463,0,-1.111509852894642,0
2025-05-01 03:00:00+07:00,77.0,5.5,83.0,/dl/web/weather/ic-w-10-night-clear-sky-full.svg,Hải Phòng,0.07177067484723033,0,-0.8052917495509115,0
2025-05-01 04:00:00+07:00,85.0,5.5,83.0,/dl/web/weather/ic-w-10-night-clear-sky-full.svg,Hải Phòng,0.2879310340956383,0,-0.8052917495509115,0
2025-05-01 05:00:00+07:00,78.0,3.7,83.0,/dl/web/weather/ic-w-10-night-clear-sky-full.svg,Hải Phòng,0.09879071975328133,0,-1.111509852894642,0
2025-05-01 06:00:00+07:00,74.0,3.7,89.0,/dl/web/weather/ic-w-01-clear-sky-full.svg,Hải Phòng,-0.00928945987092266,0,-1.111509852894642,0
2025-05-01 07:00:00+07:00,76.0,3.7,89.0,/dl/web/weather/ic-w-02-new-clouds-full.svg,Hải Phòng,0.04475062994117933,0,-1.111509852894642,0
2025-05-01 08:00:00+07:00,88.0,3.7,89.0,/dl/web/weather/ic-w-06-rain-full.svg,Hải Phòng,0.3689911688137913,0,-1.111509852894642,0
2025-05-01 09:00:00+07:00,91.0,7.4,94.0,/dl/web/weather/ic-w-06-rain-full.svg,Hải Phòng,0.4500513035319443,0,-0.48206152935475155,0
2025-05-01 10:00:00+07:00,75.0,20.4,94.0,/dl/web/weather/ic-w-06-rain-full.svg,Hải Phòng,0.017730585035128334,0,1.7295136614610795,0
2025-05-01 11:00:00+07:00,75.0,9.2,94.0,/dl/web/weather/ic-w-04-scattered-clouds-full.svg,Hải Phòng,0.017730585035128334,0,-0.17584342601102124,0
2025-05-01 12:00:00+07:00,56.0,11.1,89.0,/dl/web/weather/ic-w-02-new-clouds-full.svg,Hải Phòng,-0.4956502681798406,0,0.14738679418513878,0
2025-05-01 13:00:00+07:00,53.0,9.2,74.0,/dl/web/weather/ic-w-01-clear-sky-full.svg,Hải Phòng,-0.5767104028979936,0,-0.17584342601102124,0
2025-05-01 14:00:00+07:00,57.0,9.2,70.0,/dl/web/weather/ic-w-02-new-clouds-full.svg,Hải Phòng,-0.4686302232737896,0,-0.17584342601102124,0
2025-05-01 15:00:00+07:00,62.0,11.1,58.0,/dl/web/weather/ic-w-02-new-clouds-full.svg,Hải Phòng,-0.3335299987435346,0,0.14738679418513878,0
2025-05-01 16:00:00+07:00,59.0,9.2,62.0,/dl/web/weather/ic-w-02-new-clouds-full.svg,Hải Phòng,-0.4145901334616876,0,-0.17584342601102124,0
2025-05-01 17:00:00+07:00,60.0,13.0,62.0,/dl/web/weather/ic-w-04-scattered-clouds-full.svg,Hải Phòng,-0.3875700885556366,0,0.4706170143812988,0
2025-05-01 18:00:00+07:00,64.0,11.1,66.0,/dl/web/weather/ic-w-02-new-clouds-full.svg,Hải Phòng,-0.2794899089314326,0,0.14738679418513878,0
2025-05-01 19:00:00+07:00,64.0,9.2,69.0,/dl/web/weather/ic-w-11-night-few-clouds-full.svg,Hải Phòng,-0.2794899089314326,0,-0.17584342601102124,0
2025-05-01 20:00:00+07:00,69.0,11.1,83.0,/dl/web/weather/ic-w-10-night-clear-sky-full.svg,Hải Phòng,-0.14438968440117764,0,0.14738679418513878,0
2025-05-01 21:00:00+07:00,72.0,5.5,83.0,/dl/web/weather/ic-w-10-night-clear-sky-full.svg,Hải Phòng,-0.06332954968302465,0,-0.8052917495509115,0
2025-05-01 22:00:00+07:00,73.0,5.5,78.0,/dl/web/weather/ic-w-10-night-clear-sky-full.svg,Hải Phòng,-0.03630950477697366,0,-0.8052917495509115,0
2025-05-01 23:00:00+07:00,76.0,5.5,89.0,/dl/web/weather/ic-w-10-night-clear-sky-full.svg,Hải Phòng,0.04475062994117933,0,-0.8052917495509115,0
2025-05-02 00:00:00+07:00,81.0,3.7,89.0,/dl/web/weather/ic-w-04-scattered-clouds-full.svg,Hải Phòng,0.1798508544714343,0,-1.111509852894642,0
2025-05-02 01:00:00+07:00,90.0,5.5,94.0,/dl/web/weather/ic-w-04-scattered-clouds-full.svg,Hải Phòng,0.4230312586258933,0,-0.8052917495509115,0
2025-05-02 02:00:00+07:00,82.0,3.7,94.0,/dl/web/weather/ic-w-10-night-clear-sky-full.svg,Hải Phòng,0.20687089937748532,0,-1.111509852894642,0
2025-05-02 03:00:00+07:00,79.0,3.7,88.0,/dl/web/weather/ic-w-11-night-few-clouds-full.svg,Hải Phòng,0.12581076465933233,0,-1.111509852894642,0
2025-05-02 04:00:00+07:00,83.0,3.7,88.0,/dl/web/weather/ic-w-09-mist-full.svg,Hải Phòng,0.2338909442835363,0,-1.111509852894642,0
2025-05-02 06:00:00+07:00,107.0,1.8,94.0,/dl/web/weather/ic-w-02-new-clouds-full.svg,Hải Phòng,0.8823720220287602,0,-1.434740073090802,0
2025-05-02 07:00:00+07:00,122.0,1.8,88.0,/dl/web/weather/ic-w-02-new-clouds-full.svg,Hải Phòng,1.2876726956195252,0,-1.434740073090802,0
2025-05-02 08:00:00+07:00,128.0,1.8,78.0,/dl/web/weather/ic-w-01-clear-sky-full.svg,Hải Phòng,1.4497929650558312,0,-1.434740073090802,0
2025-05-02 09:00:00+07:00,147.0,3.7,70.0,/dl/web/weather/ic-w-02-new-clouds-full.svg,Hải Phòng,1.9631738182708,0,-1.111509852894642,0
2025-05-02 10:00:00+07:00,124.0,5.5,70.0,/dl/web/weather/ic-w-01-clear-sky-full.svg,Hải Phòng,1.341712785431627,0,-0.8052917495509115,0
2025-05-02 11:00:00+07:00,124.0,7.4,55.0,/dl/web/weather/ic-w-02-new-clouds-full.svg,Hải Phòng,1.341712785431627,0,-0.48206152935475155,0
2025-05-02 12:00:00+07:00,81.0,11.1,55.0,/dl/web/weather/ic-w-02-new-clouds-full.svg,Hải Phòng,0.1798508544714343,0,0.14738679418513878,0
2025-05-02 13:00:00+07:00,80.0,14.8,55.0,/dl/web/weather/ic-w-02-new-clouds-full.svg,Hải Phòng,0.1528308095653833,0,0.7768351177250294,0
2025-05-02 14:00:00+07:00,82.0,18.5,62.0,/dl/web/weather/ic-w-02-new-clouds-full.svg,Hải Phòng,0.20687089937748532,0,1.4062834412649197,0
2025-05-02 15:00:00+07:00,81.0,18.5,66.0,/dl/web/weather/ic-w-01-clear-sky-full.svg,Hải Phòng,0.1798508544714343,0,1.4062834412649197,0
2025-05-02 16:00:00+07:00,82.0,18.5,62.0,/dl/web/weather/ic-w-01-clear-sky-full.svg,Hải Phòng,0.20687089937748532,0,1.4062834412649197,0
2025-05-02 17:00:00+07:00,85.0,18.5,70.0,/dl/web/weather/ic-w-01-clear-sky-full.svg,Hải Phòng,0.2879310340956383,0,1.4062834412649197,0
2025-05-02 18:00:00+07:00,78.0,14.8,70.0,/dl/web/weather/ic-w-01-clear-sky-full.svg,Hải Phòng,0.09879071975328133,0,0.7768351177250294,0
2025-05-02 19:00:00+07:00,72.0,13.0,78.0,/dl/web/weather/ic-w-10-night-clear-sky-full.svg,Hải Phòng,-0.06332954968302465,0,0.4706170143812988,0
2025-05-02 20:00:00+07:00,75.0,9.2,78.0,/dl/web/weather/ic-w-10-night-clear-sky-full.svg,Hải Phòng,0.017730585035128334,0,-0.17584342601102124,0
2025-05-02 21:00:00+07:00,79.0,9.2,78.0,/dl/web/weather/ic-w-10-night-clear-sky-full.svg,Hải Phòng,0.12581076465933233,0,-0.17584342601102124,0
2025-05-02 22:00:00+07:00,84.0,9.2,83.0,/dl/web/weather/ic-w-10-night-clear-sky-full.svg,Hải Phòng,0.26091098918958733,0,-0.17584342601102124,0
2025-05-02 23:00:00+07:00,88.0,7.4,89.0,/dl/web/weather/ic-w-11-night-few-clouds-full.svg,Hải Phòng,0.3689911688137913,0,-0.48206152935475155,0
2025-05-03 00:00:00+07:00,89.0,7.4,89.0,/dl/web/weather/ic-w-04-scattered-clouds-full.svg,Hải Phòng,0.39601121371984227,0,-0.48206152935475155,0
2025-05-03 01:00:00+07:00,91.0,5.5,89.0,/dl/web/weather/ic-w-04-scattered-clouds-full.svg,Hải Phòng,0.4500513035319443,0,-0.8052917495509115,0
2025-05-03 02:00:00+07:00,94.0,5.5,94.0,/dl/web/weather/ic-w-11-night-few-clouds-full.svg,Hải Phòng,0.5311114382500972,0,-0.8052917495509115,0
2025-05-03 03:00:00+07:00,92.0,3.7,89.0,/dl/web/weather/ic-w-04-scattered-clouds-full.svg,Hải Phòng,0.47707134843799526,0,-1.111509852894642,0
2025-05-03 04:00:00+07:00,81.0,3.7,89.0,/dl/web/weather/ic-w-10-night-clear-sky-full.svg,Hải Phòng,0.1798508544714343,0,-1.111509852894642,0
2025-05-03 05:00:00+07:00,71.0,3.7,94.0,/dl/web/weather/ic-w-11-night-few-clouds-full.svg,Hải Phòng,-0.09034959458907565,0,-1.111509852894642,0
2025-05-03 06:00:00+07:00,70.0,3.7,94.0,/dl/web/weather/ic-w-11-night-few-clouds-full.svg,Hải Phòng,-0.11736963949512665,0,-1.111509852894642,0
2025-05-03 07:00:00+07:00,69.0,9.2,83.0,/dl/web/weather/ic-w-04-scattered-clouds-full.svg,Hải Phòng,-0.14438968440117764,0,-0.17584342601102124,0
2025-05-03 08:00:00+07:00,69.0,11.1,83.0,/dl/web/weather/ic-w-04-scattered-clouds-full.svg,Hải Phòng,-0.14438968440117764,0,0.14738679418513878,0
2025-05-03 09:00:00+07:00,69.0,13.0,78.0,/dl/web/weather/ic-w-04-scattered-clouds-full.svg,Hải Phòng,-0.14438968440117764,0,0.4706170143812988,0
2025-05-03 10:00:00+07:00,67.0,13.0,78.0,/dl/web/weather/ic-w-04-scattered-clouds-full.svg,Hải Phòng,-0.19842977421327965,0,0.4706170143812988,0
2025-05-03 11:00:00+07:00,67.0,20.4,70.0,/dl/web/weather/ic-w-04-scattered-clouds-full.svg,Hải Phòng,-0.19842977421327965,0,1.7295136614610795,0
2025-05-03 12:00:00+07:00,67.0,18.5,74.0,/dl/web/weather/ic-w-04-scattered-clouds-full.svg,Hải Phòng,-0.19842977421327965,0,1.4062834412649197,0
2025-05-03 13:00:00+07:00,66.0,18.5,74.0,/dl/web/weather/ic-w-04-scattered-clouds-full.svg,Hải Phòng,-0.22544981911933062,0,1.4062834412649197,0
2025-05-03 14:00:00+07:00,65.0,18.5,70.0,/dl/web/weather/ic-w-04-scattered-clouds-full.svg,Hải Phòng,-0.25246986402538163,0,1.4062834412649197,0
2025-05-03 15:00:00+07:00,66.0,18.5,70.0,/dl/web/weather/ic-w-04-scattered-clouds-full.svg,Hải Phòng,-0.22544981911933062,0,1.4062834412649197,0
2025-05-03 16:00:00+07:00,65.0,18.5,79.0,/dl/web/weather/ic-w-04-scattered-clouds-full.svg,Hải Phòng,-0.25246986402538163,0,1.4062834412649197,0
2025-05-03 17:00:00+07:00,67.0,14.8,74.0,/dl/web/weather/ic-w-04-scattered-clouds-full.svg,Hải Phòng,-0.19842977421327965,0,0.7768351177250294,0
2025-05-03 18:00:00+07:00,65.0,16.7,74.0,/dl/web/weather/ic-w-04-scattered-clouds-full.svg,Hải Phòng,-0.25246986402538163,0,1.100065337921189,0
2025-05-03 19:00:00+07:00,65.0,18.5,78.0,/dl/web/weather/ic-w-04-scattered-clouds-full.svg,Hải Phòng,-0.25246986402538163,0,1.4062834412649197,0
2025-05-03 20:00:00+07:00,68.0,13.0,83.0,/dl/web/weather/ic-w-04-scattered-clouds-full.svg,Hải Phòng,-0.17140972930722864,0,0.4706170143812988,0
2025-05-03 21:00:00+07:00,69.0,13.0,89.0,/dl/web/weather/ic-w-11-night-few-clouds-full.svg,Hải Phòng,-0.14438968440117764,0,0.4706170143812988,0
2025-05-03 22:00:00+07:00,70.0,11.1,89.0,/dl/web/weather/ic-w-04-scattered-clouds-full.svg,Hải Phòng,-0.11736963949512665,0,0.14738679418513878,0
2025-05-03 23:00:00+07:00,69.0,9.2,89.0,/dl/web/weather/ic-w-04-scattered-clouds-full.svg,Hải Phòng,-0.14438968440117764,0,-0.17584342601102124,0
2025-05-04 00:00:00+07:00,69.0,11.1,89.0,/dl/web/weather/ic-w-04-scattered-clouds-full.svg,Hải Phòng,-0.14438968440117764,0,0.14738679418513878,0
2025-05-04 01:00:00+07:00,69.0,9.2,89.0,/dl/web/weather/ic-w-04-scattered-clouds-full.svg,Hải Phòng,-0.14438968440117764,0,-0.17584342601102124,0
2025-05-04 02:00:00+07:00,69.0,9.2,89.0,/dl/web/weather/ic-w-04-scattered-clouds-full.svg,Hải Phòng,-0.14438968440117764,0,-0.17584342601102124,0
2025-05-04 03:00:00+07:00,70.0,11.1,89.0,/dl/web/weather/ic-w-04-scattered-clouds-full.svg,Hải Phòng,-0.11736963949512665,0,0.14738679418513878,0
2025-05-04 04:00:00+07:00,71.0,7.4,89.0,/dl/web/weather/ic-w-04-scattered-clouds-full.svg,Hải Phòng,-0.09034959458907565,0,-0.48206152935475155,0
2025-05-04 05:00:00+07:00,71.0,7.4,89.0,/dl/web/weather/ic-w-04-scattered-clouds-full.svg,Hải Phòng,-0.09034959458907565,0,-0.48206152935475155,0
2025-05-04 06:00:00+07:00,69.0,13.0,89.0,/dl/web/weather/ic-w-04-scattered-clouds-full.svg,Hải Phòng,-0.14438968440117764,0,0.4706170143812988,0
2025-05-04 07:00:00+07:00,68.0,13.0,83.0,/dl/web/weather/ic-w-04-scattered-clouds-full.svg,Hải Phòng,-0.17140972930722864,0,0.4706170143812988,0
2025-05-04 08:00:00+07:00,64.0,13.0,83.0,/dl/web/weather/ic-w-04-scattered-clouds-full.svg,Hải Phòng,-0.2794899089314326,0,0.4706170143812988,0
2025-05-04 09:00:00+07:00,67.0,13.0,83.0,/dl/web/weather/ic-w-04-scattered-clouds-full.svg,Hải Phòng,-0.19842977421327965,0,0.4706170143812988,0
2025-05-04 10:00:00+07:00,65.0,13.0,79.0,/dl/web/weather/ic-w-04-scattered-clouds-full.svg,Hải Phòng,-0.25246986402538163,0,0.4706170143812988,0
2025-05-04 11:00:00+07:00,65.0,13.0,84.0,/dl/web/weather/ic-w-04-scattered-clouds-full.svg,Hải Phòng,-0.25246986402538163,0,0.4706170143812988,0
2025-05-04 12:00:00+07:00,65.0,13.0,84.0,/dl/web/weather/ic-w-04-scattered-clouds-full.svg,Hải Phòng,-0.25246986402538163,0,0.4706170143812988,0
2025-05-04 13:00:00+07:00,65.0,18.5,84.0,/dl/web/weather/ic-w-04-scattered-clouds-full.svg,Hải Phòng,-0.25246986402538163,0,1.4062834412649197,0
2025-05-04 14:00:00+07:00,66.0,18.5,84.0,/dl/web/weather/ic-w-04-scattered-clouds-full.svg,Hải Phòng,-0.22544981911933062,0,1.4062834412649197,0
2025-05-04 15:00:00+07:00,69.0,18.5,79.0,/dl/web/weather/ic-w-04-scattered-clouds-full.svg,Hải Phòng,-0.14438968440117764,0,1.4062834412649197,0
2025-05-04 16:00:00+07:00,69.0,14.8,89.0,/dl/web/weather/ic-w-06-rain-full.svg,Hải Phòng,-0.14438968440117764,0,0.7768351177250294,0
2025-05-04 17:00:00+07:00,71.0,9.2,89.0,/dl/web/weather/ic-w-07-thunderstorms-full.svg,Hải Phòng,-0.09034959458907565,0,-0.17584342601102124,0
2025-05-04 19:00:00+07:00,78.0,14.8,89.0,/dl/web/weather/ic-w-04-scattered-clouds-full.svg,Hải Phòng,0.09879071975328133,0,0.7768351177250294,0
2025-05-04 20:00:00+07:00,79.0,13.0,89.0,/dl/web/weather/ic-w-04-scattered-clouds-full.svg,Hải Phòng,0.12581076465933233,0,0.4706170143812988,0
2025-05-04 21:00:00+07:00,74.0,13.0,89.0,/dl/web/weather/ic-w-04-scattered-clouds-full.svg,Hải Phòng,-0.00928945987092266,0,0.4706170143812988,0
2025-05-04 22:00:00+07:00,71.0,16.7,89.0,/dl/web/weather/ic-w-04-scattered-clouds-full.svg,Hải Phòng,-0.09034959458907565,0,1.100065337921189,0
2025-05-04 23:00:00+07:00,69.0,13.0,89.0,/dl/web/weather/ic-w-04-scattered-clouds-full.svg,Hải Phòng,-0.14438968440117764,0,0.4706170143812988,0
2025-05-05 00:00:00+07:00,68.0,18.5,89.0,/dl/web/weather/ic-w-04-scattered-clouds-full.svg,Hải Phòng,-0.17140972930722864,0,1.4062834412649197,0
2025-05-05 01:00:00+07:00,69.0,11.1,89.0,/dl/web/weather/ic-w-04-scattered-clouds-full.svg,Hải Phòng,-0.14438968440117764,0,0.14738679418513878,0
2025-05-05 02:00:00+07:00,69.0,3.7,94.0,/dl/web/weather/ic-w-11-night-few-clouds-full.svg,Hải Phòng,-0.14438968440117764,0,-1.111509852894642,0
2025-05-05 03:00:00+07:00,69.0,7.4,94.0,/dl/web/weather/ic-w-04-scattered-clouds-full.svg,Hải Phòng,-0.14438968440117764,0,-0.48206152935475155,0
2025-05-05 04:00:00+07:00,73.0,9.2,94.0,/dl/web/weather/ic-w-04-scattered-clouds-full.svg,Hải Phòng,-0.03630950477697366,0,-0.17584342601102124,0
2025-05-05 05:00:00+07:00,76.0,14.8,94.0,/dl/web/weather/ic-w-04-scattered-clouds-full.svg,Hải Phòng,0.04475062994117933,0,0.7768351177250294,0
2025-05-05 06:00:00+07:00,81.0,14.8,94.0,/dl/web/weather/ic-w-04-scattered-clouds-full.svg,Hải Phòng,0.1798508544714343,0,0.7768351177250294,0
2025-05-05 07:00:00+07:00,79.0,11.1,89.0,/dl/web/weather/ic-w-04-scattered-clouds-full.svg,Hải Phòng,0.12581076465933233,0,0.14738679418513878,0
2025-05-05 08:00:00+07:00,70.0,14.8,89.0,/dl/web/weather/ic-w-04-scattered-clouds-full.svg,Hải Phòng,-0.11736963949512665,0,0.7768351177250294,0
2025-05-05 10:00:00+07:00,66.0,16.7,79.0,/dl/web/weather/ic-w-04-scattered-clouds-full.svg,Hải Phòng,-0.22544981911933062,0,1.100065337921189,0
2025-05-05 11:00:00+07:00,66.0,16.7,79.0,/dl/web/weather/ic-w-04-scattered-clouds-full.svg,Hải Phòng,-0.22544981911933062,0,1.100065337921189,0
2025-05-05 12:00:00+07:00,69.0,18.5,74.0,/dl/web/weather/ic-w-04-scattered-clouds-full.svg,Hải Phòng,-0.14438968440117764,0,1.4062834412649197,0
2025-05-05 13:00:00+07:00,70.0,20.4,74.0,/dl/web/weather/ic-w-04-scattered-clouds-full.svg,Hải Phòng,-0.11736963949512665,0,1.7295136614610795,0
2025-05-05 14:00:00+07:00,69.0,20.4,79.0,/dl/web/weather/ic-w-04-scattered-clouds-full.svg,Hải Phòng,-0.14438968440117764,0,1.7295136614610795,0
2025-05-05 15:00:00+07:00,69.0,18.5,70.0,/dl/web/weather/ic-w-04-scattered-clouds-full.svg,Hải Phòng,-0.14438968440117764,0,1.4062834412649197,0
2025-05-05 16:00:00+07:00,69.0,18.5,74.0,/dl/web/weather/ic-w-02-new-clouds-full.svg,Hải Phòng,-0.14438968440117764,0,1.4062834412649197,0
2025-05-05 17:00:00+07:00,69.0,18.5,74.0,/dl/web/weather/ic-w-01-clear-sky-full.svg,Hải Phòng,-0.14438968440117764,0,1.4062834412649197,0
2025-05-05 18:00:00+07:00,69.0,16.7,84.0,/dl/web/weather/ic-w-02-new-clouds-full.svg,Hải Phòng,-0.14438968440117764,0,1.100065337921189,0
2025-05-05 19:00:00+07:00,71.0,13.0,89.0,/dl/web/weather/ic-w-11-night-few-clouds-full.svg,Hải Phòng,-0.09034959458907565,0,0.4706170143812988,0
2025-05-05 20:00:00+07:00,75.0,16.7,89.0,/dl/web/weather/ic-w-04-scattered-clouds-full.svg,Hải Phòng,0.017730585035128334,0,1.100065337921189,0
2025-05-05 21:00:00+07:00,69.0,14.8,89.0,/dl/web/weather/ic-w-12-night-rain-full.svg,Hải Phòng,-0.14438968440117764,0,0.7768351177250294,0
2025-05-05 22:00:00+07:00,65.0,11.1,89.0,/dl/web/weather/ic-w-12-night-rain-full.svg,Hải Phòng,-0.25246986402538163,0,0.14738679418513878,0
2025-05-05 23:00:00+07:00,63.0,11.1,89.0,/dl/web/weather/ic-w-12-night-rain-full.svg,Hải Phòng,-0.30650995383748364,0,0.14738679418513878,0
2025-05-06 00:00:00+07:00,63.0,9.2,89.0,/dl/web/weather/ic-w-04-scattered-clouds-full.svg,Hải Phòng,-0.30650995383748364,0,-0.17584342601102124,0
2025-05-06 01:00:00+07:00,63.0,3.7,89.0,/dl/web/weather/ic-w-12-night-rain-full.svg,Hải Phòng,-0.30650995383748364,0,-1.111509852894642,0
2025-05-06 02:00:00+07:00,63.0,7.4,89.0,/dl/web/weather/ic-w-04-scattered-clouds-full.svg,Hải Phòng,-0.30650995383748364,0,-0.48206152935475155,0
2025-05-06 03:00:00+07:00,64.0,7.4,89.0,/dl/web/weather/ic-w-04-scattered-clouds-full.svg,Hải Phòng,-0.2794899089314326,0,-0.48206152935475155,0
2025-05-06 04:00:00+07:00,60.0,14.8,89.0,/dl/web/weather/ic-w-11-night-few-clouds-full.svg,Hải Phòng,-0.3875700885556366,0,0.7768351177250294,0
2025-05-06 05:00:00+07:00,62.0,11.1,89.0,/dl/web/weather/ic-w-11-night-few-clouds-full.svg,Hải Phòng,-0.3335299987435346,0,0.14738679418513878,0
2025-05-06 06:00:00+07:00,64.0,13.0,89.0,/dl/web/weather/ic-w-04-scattered-clouds-full.svg,Hải Phòng,-0.2794899089314326,0,0.4706170143812988,0
2025-05-06 07:00:00+07:00,58.0,14.8,89.0,/dl/web/weather/ic-w-04-scattered-clouds-full.svg,Hải Phòng,-0.4416101783677386,0,0.7768351177250294,0
2025-05-06 08:00:00+07:00,60.0,13.0,84.0,/dl/web/weather/ic-w-04-scattered-clouds-full.svg,Hải Phòng,-0.3875700885556366,0,0.4706170143812988,0
2025-05-06 09:00:00+07:00,58.0,14.8,79.0,/dl/web/weather/ic-w-02-new-clouds-full.svg,Hải Phòng,-0.4416101783677386,0,0.7768351177250294,0
2025-05-06 10:00:00+07:00,55.0,13.0,70.0,/dl/web/weather/ic-w-02-new-clouds-full.svg,Hải Phòng,-0.5226703130858916,0,0.4706170143812988,0
2025-05-06 11:00:00+07:00,55.0,13.0,74.0,/dl/web/weather/ic-w-04-scattered-clouds-full.svg,Hải Phòng,-0.5226703130858916,0,0.4706170143812988,0
2025-05-06 12:00:00+07:00,54.0,13.0,74.0,/dl/web/weather/ic-w-04-scattered-clouds-full.svg,Hải Phòng,-0.5496903579919425,0,0.4706170143812988,0
2025-05-06 13:00:00+07:00,53.0,16.7,74.0,/dl/web/weather/ic-w-04-scattered-clouds-full.svg,Hải Phòng,-0.5767104028979936,0,1.100065337921189,0
2025-05-06 14:00:00+07:00,52.0,14.8,74.0,/dl/web/weather/ic-w-04-scattered-clouds-full.svg,Hải Phòng,-0.6037304478040446,0,0.7768351177250294,0
2025-05-06 15:00:00+07:00,54.0,16.7,74.0,/dl/web/weather/ic-w-04-scattered-clouds-full.svg,Hải Phòng,-0.5496903579919425,0,1.100065337921189,0
2025-05-06 16:00:00+07:00,59.0,16.7,79.0,/dl/web/weather/ic-w-04-scattered-clouds-full.svg,Hải Phòng,-0.4145901334616876,0,1.100065337921189,0
2025-05-06 17:00:00+07:00,63.0,18.5,84.0,/dl/web/weather/ic-w-04-scattered-clouds-full.svg,Hải Phòng,-0.30650995383748364,0,1.4062834412649197,0
2025-05-06 18:00:00+07:00,71.0,20.4,84.0,/dl/web/weather/ic-w-04-scattered-clouds-full.svg,Hải Phòng,-0.09034959458907565,0,1.7295136614610795,0
2025-05-06 19:00:00+07:00,82.0,18.5,89.0,/dl/web/weather/ic-w-04-scattered-clouds-full.svg,Hải Phòng,0.20687089937748532,0,1.4062834412649197,0
2025-05-06 20:00:00+07:00,58.0,18.5,89.0,/dl/web/weather/ic-w-04-scattered-clouds-full.svg,Hải Phòng,-0.4416101783677386,0,1.4062834412649197,0
2025-05-06 21:00:00+07:00,61.0,16.7,89.0,/dl/web/weather/ic-w-04-scattered-clouds-full.svg,Hải Phòng,-0.3605500436495856,0,1.100065337921189,0
2025-05-06 22:00:00+07:00,61.0,18.5,89.0,/dl/web/weather/ic-w-04-scattered-clouds-full.svg,Hải Phòng,-0.3605500436495856,0,1.4062834412649197,0
2025-05-06 23:00:00+07:00,62.0,13.0,89.0,/dl/web/weather/ic-w-04-scattered-clouds-full.svg,Hải Phòng,-0.3335299987435346,0,0.4706170143812988,0
2025-05-07 00:00:00+07:00,63.0,14.8,89.0,/dl/web/weather/ic-w-04-scattered-clouds-full.svg,Hải Phòng,-0.30650995383748364,0,0.7768351177250294,0
2025-05-07 01:00:00+07:00,61.0,14.8,89.0,/dl/web/weather/ic-w-04-scattered-clouds-full.svg,Hải Phòng,-0.3605500436495856,0,0.7768351177250294,0
2025-05-07 02:00:00+07:00,59.0,11.1,89.0,/dl/web/weather/ic-w-04-scattered-clouds-full.svg,Hải Phòng,-0.4145901334616876,0,0.14738679418513878,0
2025-05-07 03:00:00+07:00,59.0,11.1,89.0,/dl/web/weather/ic-w-04-scattered-clouds-full.svg,Hải Phòng,-0.4145901334616876,0,0.14738679418513878,0
2025-05-07 04:00:00+07:00,56.0,11.1,89.0,/dl/web/weather/ic-w-04-scattered-clouds-full.svg,Hải Phòng,-0.4956502681798406,0,0.14738679418513878,0
2025-05-07 05:00:00+07:00,55.0,11.1,89.0,/dl/web/weather/ic-w-04-scattered-clouds-full.svg,Hải Phòng,-0.5226703130858916,0,0.14738679418513878,0
2025-05-07 06:00:00+07:00,54.0,11.1,89.0,/dl/web/weather/ic-w-02-new-clouds-full.svg,Hải Phòng,-0.5496903579919425,0,0.14738679418513878,0
2025-05-07 07:00:00+07:00,52.0,13.0,89.0,/dl/web/weather/ic-w-04-scattered-clouds-full.svg,Hải Phòng,-0.6037304478040446,0,0.4706170143812988,0
2025-05-07 08:00:00+07:00,53.0,14.8,84.0,/dl/web/weather/ic-w-04-scattered-clouds-full.svg,Hải Phòng,-0.5767104028979936,0,0.7768351177250294,0
2025-05-07 09:00:00+07:00,58.0,16.7,79.0,/dl/web/weather/ic-w-04-scattered-clouds-full.svg,Hải Phòng,-0.4416101783677386,0,1.100065337921189,0
2025-05-07 10:00:00+07:00,59.0,16.7,79.0,/dl/web/weather/ic-w-04-scattered-clouds-full.svg,Hải Phòng,-0.4145901334616876,0,1.100065337921189,0
2025-05-07 11:00:00+07:00,59.0,18.5,79.0,/dl/web/weather/ic-w-04-scattered-clouds-full.svg,Hải Phòng,-0.4145901334616876,0,1.4062834412649197,0
2025-05-07 12:00:00+07:00,67.0,16.7,79.0,/dl/web/weather/ic-w-04-scattered-clouds-full.svg,Hải Phòng,-0.19842977421327965,0,1.100065337921189,0
2025-05-07 13:00:00+07:00,71.0,16.7,74.0,/dl/web/weather/ic-w-04-scattered-clouds-full.svg,Hải Phòng,-0.09034959458907565,0,1.100065337921189,0
2025-05-07 14:00:00+07:00,70.0,16.7,74.0,/dl/web/weather/ic-w-04-scattered-clouds-full.svg,Hải Phòng,-0.11736963949512665,0,1.100065337921189,0
2025-05-07 15:00:00+07:00,71.0,16.7,84.0,/dl/web/weather/ic-w-04-scattered-clouds-full.svg,Hải Phòng,-0.09034959458907565,0,1.100065337921189,0
2025-05-07 16:00:00+07:00,74.0,20.4,84.0,/dl/web/weather/ic-w-04-scattered-clouds-full.svg,Hải Phòng,-0.00928945987092266,0,1.7295136614610795,0
2025-05-07 17:00:00+07:00,74.0,20.4,89.0,/dl/web/weather/ic-w-04-scattered-clouds-full.svg,Hải Phòng,-0.00928945987092266,0,1.7295136614610795,0
2025-05-07 18:00:00+07:00,88.0,18.5,84.0,/dl/web/weather/ic-w-04-scattered-clouds-full.svg,Hải Phòng,0.3689911688137913,0,1.4062834412649197,0
2025-05-07 19:00:00+07:00,75.0,16.7,84.0,/dl/web/weather/ic-w-12-night-rain-full.svg,Hải Phòng,0.017730585035128334,0,1.100065337921189,0
2025-05-07 20:00:00+07:00,75.0,16.7,89.0,/dl/web/weather/ic-w-04-scattered-clouds-full.svg,Hải Phòng,0.017730585035128334,0,1.100065337921189,0
2025-05-07 21:00:00+07:00,74.0,16.7,89.0,/dl/web/weather/ic-w-04-scattered-clouds-full.svg,Hải Phòng,-0.00928945987092266,0,1.100065337921189,0
2025-05-07 22:00:00+07:00,73.0,14.8,84.0,/dl/web/weather/ic-w-12-night-rain-full.svg,Hải Phòng,-0.03630950477697366,0,0.7768351177250294,0
2025-05-07 23:00:00+07:00,74.0,13.0,89.0,/dl/web/weather/ic-w-12-night-rain-full.svg,Hải Phòng,-0.00928945987092266,0,0.4706170143812988,0
2025-05-08 00:00:00+07:00,73.0,13.0,89.0,/dl/web/weather/ic-w-12-night-rain-full.svg,Hải Phòng,-0.03630950477697366,0,0.4706170143812988,0
2025-05-08 01:00:00+07:00,68.0,14.8,94.0,/dl/web/weather/ic-w-12-night-rain-full.svg,Hải Phòng,-0.17140972930722864,0,0.7768351177250294,0
2025-05-08 02:00:00+07:00,68.0,16.7,89.0,/dl/web/weather/ic-w-12-night-rain-full.svg,Hải Phòng,-0.17140972930722864,0,1.100065337921189,0
2025-05-08 03:00:00+07:00,66.0,14.8,84.0,/dl/web/weather/ic-w-12-night-rain-full.svg,Hải Phòng,-0.22544981911933062,0,0.7768351177250294,0
2025-05-08 04:00:00+07:00,67.0,16.7,84.0,/dl/web/weather/ic-w-12-night-rain-full.svg,Hải Phòng,-0.19842977421327965,0,1.100065337921189,0
2025-05-08 05:00:00+07:00,64.0,16.7,89.0,/dl/web/weather/ic-w-04-scattered-clouds-full.svg,Hải Phòng,-0.2794899089314326,0,1.100065337921189,0
2025-05-08 06:00:00+07:00,62.0,14.8,89.0,/dl/web/weather/ic-w-04-scattered-clouds-full.svg,Hải Phòng,-0.3335299987435346,0,0.7768351177250294,0
2025-05-08 07:00:00+07:00,61.0,14.8,84.0,/dl/web/weather/ic-w-06-rain-full.svg,Hải Phòng,-0.3605500436495856,0,0.7768351177250294,0
2025-05-08 08:00:00+07:00,66.0,18.5,84.0,/dl/web/weather/ic-w-04-scattered-clouds-full.svg,Hải Phòng,-0.22544981911933062,0,1.4062834412649197,0
2025-05-08 09:00:00+07:00,68.0,22.2,79.0,/dl/web/weather/ic-w-04-scattered-clouds-full.svg,Hải Phòng,-0.17140972930722864,0,2.03573176480481,0
2025-05-08 10:00:00+07:00,69.0,20.4,79.0,/dl/web/weather/ic-w-04-scattered-clouds-full.svg,Hải Phòng,-0.14438968440117764,0,1.7295136614610795,0
2025-05-08 11:00:00+07:00,69.0,20.4,70.0,/dl/web/weather/ic-w-04-scattered-clouds-full.svg,Hải Phòng,-0.14438968440117764,0,1.7295136614610795,0
2025-05-08 12:00:00+07:00,71.0,27.8,70.0,/dl/web/weather/ic-w-04-scattered-clouds-full.svg,Hải Phòng,-0.09034959458907565,0,2.988410308540861,0
2025-05-08 13:00:00+07:00,73.0,22.2,70.0,/dl/web/weather/ic-w-04-scattered-clouds-full.svg,Hải Phòng,-0.03630950477697366,0,2.03573176480481,0
2025-05-08 14:00:00+07:00,73.0,20.4,74.0,/dl/web/weather/ic-w-04-scattered-clouds-full.svg,Hải Phòng,-0.03630950477697366,0,1.7295136614610795,0
2025-05-08 15:00:00+07:00,76.0,18.5,74.0,/dl/web/weather/ic-w-04-scattered-clouds-full.svg,Hải Phòng,0.04475062994117933,0,1.4062834412649197,0
2025-05-08 16:00:00+07:00,77.0,16.7,74.0,/dl/web/weather/ic-w-04-scattered-clouds-full.svg,Hải Phòng,0.07177067484723033,0,1.100065337921189,0
2025-05-08 17:00:00+07:00,76.0,18.5,84.0,/dl/web/weather/ic-w-04-scattered-clouds-full.svg,Hải Phòng,0.04475062994117933,0,1.4062834412649197,0
2025-05-08 18:00:00+07:00,77.0,20.4,84.0,/dl/web/weather/ic-w-04-scattered-clouds-full.svg,Hải Phòng,0.07177067484723033,0,1.7295136614610795,0
2025-05-08 19:00:00+07:00,77.0,16.7,89.0,/dl/web/weather/ic-w-04-scattered-clouds-full.svg,Hải Phòng,0.07177067484723033,0,1.100065337921189,0
2025-05-08 20:00:00+07:00,75.0,16.7,89.0,/dl/web/weather/ic-w-04-scattered-clouds-full.svg,Hải Phòng,0.017730585035128334,0,1.100065337921189,0
2025-05-08 21:00:00+07:00,74.0,16.7,89.0,/dl/web/weather/ic-w-04-scattered-clouds-full.svg,Hải Phòng,-0.00928945987092266,0,1.100065337921189,0
2025-05-08 22:00:00+07:00,74.0,20.4,89.0,/dl/web/weather/ic-w-04-scattered-clouds-full.svg,Hải Phòng,-0.00928945987092266,0,1.7295136614610795,0
2025-05-08 23:00:00+07:00,71.0,14.8,89.0,/dl/web/weather/ic-w-04-scattered-clouds-full.svg,Hải Phòng,-0.09034959458907565,0,0.7768351177250294,0
2025-05-09 00:00:00+07:00,71.0,18.5,89.0,/dl/web/weather/ic-w-04-scattered-clouds-full.svg,Hải Phòng,-0.09034959458907565,0,1.4062834412649197,0
2025-05-09 01:00:00+07:00,73.0,11.1,89.0,/dl/web/weather/ic-w-04-scattered-clouds-full.svg,Hải Phòng,-0.03630950477697366,0,0.14738679418513878,0
2025-05-09 02:00:00+07:00,71.0,11.1,84.0,/dl/web/weather/ic-w-04-scattered-clouds-full.svg,Hải Phòng,-0.09034959458907565,0,0.14738679418513878,0
2025-05-09 03:00:00+07:00,70.0,14.8,89.0,/dl/web/weather/ic-w-04-scattered-clouds-full.svg,Hải Phòng,-0.11736963949512665,0,0.7768351177250294,0
2025-05-09 04:00:00+07:00,71.0,9.2,89.0,/dl/web/weather/ic-w-04-scattered-clouds-full.svg,Hải Phòng,-0.09034959458907565,0,-0.17584342601102124,0
2025-05-09 05:00:00+07:00,73.0,11.1,89.0,/dl/web/weather/ic-w-04-scattered-clouds-full.svg,Hải Phòng,-0.03630950477697366,0,0.14738679418513878,0
2025-05-09 06:00:00+07:00,78.0,11.1,89.0,/dl/web/weather/ic-w-04-scattered-clouds-full.svg,Hải Phòng,0.09879071975328133,0,0.14738679418513878,0
2025-05-09 07:00:00+07:00,71.0,11.1,89.0,/dl/web/weather/ic-w-04-scattered-clouds-full.svg,Hải Phòng,-0.09034959458907565,0,0.14738679418513878,0
2025-05-09 08:00:00+07:00,70.0,13.0,84.0,/dl/web/weather/ic-w-04-scattered-clouds-full.svg,Hải Phòng,-0.11736963949512665,0,0.4706170143812988,0
2025-05-09 09:00:00+07:00,71.0,11.1,79.0,/dl/web/weather/ic-w-04-scattered-clouds-full.svg,Hải Phòng,-0.09034959458907565,0,0.14738679418513878,0
2025-05-09 10:00:00+07:00,70.0,14.8,79.0,/dl/web/weather/ic-w-04-scattered-clouds-full.svg,Hải Phòng,-0.11736963949512665,0,0.7768351177250294,0
2025-05-09 11:00:00+07:00,70.0,14.8,74.0,/dl/web/weather/ic-w-04-scattered-clouds-full.svg,Hải Phòng,-0.11736963949512665,0,0.7768351177250294,0
2025-05-09 12:00:00+07:00,69.0,16.7,74.0,/dl/web/weather/ic-w-02-new-clouds-full.svg,Hải Phòng,-0.14438968440117764,0,1.100065337921189,0
2025-05-09 13:00:00+07:00,69.0,20.4,70.0,/dl/web/weather/ic-w-01-clear-sky-full.svg,Hải Phòng,-0.14438968440117764,0,1.7295136614610795,0
2025-05-09 14:00:00+07:00,68.0,16.7,74.0,/dl/web/weather/ic-w-01-clear-sky-full.svg,Hải Phòng,-0.17140972930722864,0,1.100065337921189,0
2025-05-09 15:00:00+07:00,69.0,18.5,74.0,/dl/web/weather/ic-w-01-clear-sky-full.svg,Hải Phòng,-0.14438968440117764,0,1.4062834412649197,0
2025-05-09 16:00:00+07:00,74.0,22.2,74.0,/dl/web/weather/ic-w-04-scattered-clouds-full.svg,Hải Phòng,-0.00928945987092266,0,2.03573176480481,0
2025-05-09 17:00:00+07:00,75.0,20.4,79.0,/dl/web/weather/ic-w-04-scattered-clouds-full.svg,Hải Phòng,0.017730585035128334,0,1.7295136614610795,0
2025-05-09 18:00:00+07:00,80.0,16.7,83.0,/dl/web/weather/ic-w-02-new-clouds-full.svg,Hải Phòng,0.1528308095653833,0,1.100065337921189,0
2025-05-09 19:00:00+07:00,72.0,13.0,78.0,/dl/web/weather/ic-w-10-night-clear-sky-full.svg,Hải Phòng,-0.06332954968302465,0,0.4706170143812988,0
2025-05-09 20:00:00+07:00,71.0,16.7,70.0,/dl/web/weather/ic-w-04-scattered-clouds-full.svg,Hải Phòng,-0.09034959458907565,0,1.100065337921189,0
2025-05-09 21:00:00+07:00,63.0,13.0,70.0,/dl/web/weather/ic-w-04-scattered-clouds-full.svg,Hải Phòng,-0.30650995383748364,0,0.4706170143812988,0
2025-05-09 22:00:00+07:00,58.0,18.5,65.0,/dl/web/weather/ic-w-04-scattered-clouds-full.svg,Hải Phòng,-0.4416101783677386,0,1.4062834412649197,0
2025-05-09 23:00:00+07:00,55.0,22.2,65.0,/dl/web/weather/ic-w-11-night-few-clouds-full.svg,Hải Phòng,-0.5226703130858916,0,2.03573176480481,0
2025-05-10 00:00:00+07:00,58.0,16.7,74.0,/dl/web/weather/ic-w-12-night-rain-full.svg,Hải Phòng,-0.4416101783677386,0,1.100065337921189,0
2025-05-10 01:00:00+07:00,58.0,18.5,74.0,/dl/web/weather/ic-w-10-night-clear-sky-full.svg,Hải Phòng,-0.4416101783677386,0,1.4062834412649197,0
2025-05-10 02:00:00+07:00,57.0,16.7,74.0,/dl/web/weather/ic-w-10-night-clear-sky-full.svg,Hải Phòng,-0.4686302232737896,0,1.100065337921189,0
2025-05-10 03:00:00+07:00,57.0,16.7,69.0,/dl/web/weather/ic-w-10-night-clear-sky-full.svg,Hải Phòng,-0.4686302232737896,0,1.100065337921189,0
2025-05-10 04:00:00+07:00,58.0,9.2,78.0,/dl/web/weather/ic-w-10-night-clear-sky-full.svg,Hải Phòng,-0.4416101783677386,0,-0.17584342601102124,0
2025-05-10 05:00:00+07:00,65.0,11.1,69.0,/dl/web/weather/ic-w-04-scattered-clouds-full.svg,Hải Phòng,-0.25246986402538163,0,0.14738679418513878,0
2025-05-10 06:00:00+07:00,57.0,3.7,74.0,/dl/web/weather/ic-w-04-scattered-clouds-full.svg,Hải Phòng,-0.4686302232737896,0,-1.111509852894642,0
2025-05-10 07:00:00+07:00,62.0,13.0,74.0,/dl/web/weather/ic-w-01-clear-sky-full.svg,Hải Phòng,-0.3335299987435346,0,0.4706170143812988,0
2025-05-10 08:00:00+07:00,70.0,11.1,74.0,/dl/web/weather/ic-w-02-new-clouds-full.svg,Hải Phòng,-0.11736963949512665,0,0.14738679418513878,0
2025-05-10 09:00:00+07:00,67.0,9.2,70.0,/dl/web/weather/ic-w-02-new-clouds-full.svg,Hải Phòng,-0.19842977421327965,0,-0.17584342601102124,0
2025-05-10 10:00:00+07:00,65.0,7.4,66.0,/dl/web/weather/ic-w-04-scattered-clouds-full.svg,Hải Phòng,-0.25246986402538163,0,-0.48206152935475155,0
2025-05-10 11:00:00+07:00,66.0,5.5,70.0,/dl/web/weather/ic-w-04-scattered-clouds-full.svg,Hải Phòng,-0.22544981911933062,0,-0.8052917495509115,0
2025-05-10 12:00:00+07:00,66.0,5.5,66.0,/dl/web/weather/ic-w-04-scattered-clouds-full.svg,Hải Phòng,-0.22544981911933062,0,-0.8052917495509115,0
2025-05-10 13:00:00+07:00,70.0,7.4,70.0,/dl/web/weather/ic-w-04-scattered-clouds-full.svg,Hải Phòng,-0.11736963949512665,0,-0.48206152935475155,0
2025-05-10 14:00:00+07:00,86.0,9.2,66.0,/dl/web/weather/ic-w-04-scattered-clouds-full.svg,Hải Phòng,0.3149510790016893,0,-0.17584342601102124,0
2025-05-10 15:00:00+07:00,95.0,11.1,70.0,/dl/web/weather/ic-w-04-scattered-clouds-full.svg,Hải Phòng,0.5581314831561482,0,0.14738679418513878,0
2025-05-10 16:00:00+07:00,98.0,11.1,70.0,/dl/web/weather/ic-w-04-scattered-clouds-full.svg,Hải Phòng,0.6391916178743012,0,0.14738679418513878,0
2025-05-10 17:00:00+07:00,95.0,11.1,79.0,/dl/web/weather/ic-w-04-scattered-clouds-full.svg,Hải Phòng,0.5581314831561482,0,0.14738679418513878,0
2025-05-10 18:00:00+07:00,96.0,9.2,74.0,/dl/web/weather/ic-w-06-rain-full.svg,Hải Phòng,0.5851515280621993,0,-0.17584342601102124,0
2025-05-10 19:00:00+07:00,113.0,13.0,78.0,/dl/web/weather/ic-w-12-night-rain-full.svg,Hải Phòng,1.0444922914650663,0,0.4706170143812988,0
2025-05-10 20:00:00+07:00,112.0,13.0,78.0,/dl/web/weather/ic-w-12-night-rain-full.svg,Hải Phòng,1.0174722465590151,0,0.4706170143812988,0
2025-05-10 21:00:00+07:00,96.0,18.5,69.0,/dl/web/weather/ic-w-12-night-rain-full.svg,Hải Phòng,0.5851515280621993,0,1.4062834412649197,0
2025-05-10 22:00:00+07:00,75.0,14.8,88.0,/dl/web/weather/ic-w-12-night-rain-full.svg,Hải Phòng,0.017730585035128334,0,0.7768351177250294,0
2025-05-10 23:00:00+07:00,47.0,9.2,88.0,/dl/web/weather/ic-w-12-night-rain-full.svg,Hải Phòng,-0.7388306723342996,0,-0.17584342601102124,0
2025-05-11 00:00:00+07:00,50.0,14.8,94.0,/dl/web/weather/ic-w-12-night-rain-full.svg,Hải Phòng,-0.6577705376161466,0,0.7768351177250294,0
2025-05-11 01:00:00+07:00,22.0,16.7,94.0,/dl/web/weather/ic-w-12-night-rain-full.svg,Hải Phòng,-1.4143317949855745,0,1.100065337921189,0
2025-05-11 02:00:00+07:00,42.0,11.1,94.0,/dl/web/weather/ic-w-12-night-rain-full.svg,Hải Phòng,-0.8739308968645545,0,0.14738679418513878,0
2025-05-11 03:00:00+07:00,36.0,7.4,94.0,/dl/web/weather/ic-w-12-night-rain-full.svg,Hải Phòng,-1.0360511663008605,0,-0.48206152935475155,0
2025-05-11 04:00:00+07:00,42.0,7.4,94.0,/dl/web/weather/ic-w-12-night-rain-full.svg,Hải Phòng,-0.8739308968645545,0,-0.48206152935475155,0
2025-05-11 05:00:00+07:00,36.0,14.8,94.0,/dl/web/weather/ic-w-12-night-rain-full.svg,Hải Phòng,-1.0360511663008605,0,0.7768351177250294,0
2025-05-11 06:00:00+07:00,47.0,11.1,88.0,/dl/web/weather/ic-w-04-scattered-clouds-full.svg,Hải Phòng,-0.7388306723342996,0,0.14738679418513878,0
2025-05-11 07:00:00+07:00,31.0,14.8,88.0,/dl/web/weather/ic-w-04-scattered-clouds-full.svg,Hải Phòng,-1.1711513908311155,0,0.7768351177250294,0
2025-05-11 08:00:00+07:00,50.0,5.5,94.0,/dl/web/weather/ic-w-01-clear-sky-full.svg,Hải Phòng,-0.6577705376161466,0,-0.8052917495509115,0
2025-05-11 09:00:00+07:00,47.0,14.8,83.0,/dl/web/weather/ic-w-01-clear-sky-full.svg,Hải Phòng,-0.7388306723342996,0,0.7768351177250294,0
2025-05-11 10:00:00+07:00,53.0,11.1,78.0,/dl/web/weather/ic-w-01-clear-sky-full.svg,Hải Phòng,-0.5767104028979936,0,0.14738679418513878,0
2025-05-11 11:00:00+07:00,53.0,14.8,69.0,/dl/web/weather/ic-w-01-clear-sky-full.svg,Hải Phòng,-0.5767104028979936,0,0.7768351177250294,0
2025-05-11 12:00:00+07:00,55.0,9.2,64.0,/dl/web/weather/ic-w-01-clear-sky-full.svg,Hải Phòng,-0.5226703130858916,0,-0.17584342601102124,0
2025-05-11 13:00:00+07:00,50.0,11.1,61.0,/dl/web/weather/ic-w-02-new-clouds-full.svg,Hải Phòng,-0.6577705376161466,0,0.14738679418513878,0
2025-05-11 14:00:00+07:00,47.0,7.4,57.0,/dl/web/weather/ic-w-01-clear-sky-full.svg,Hải Phòng,-0.7388306723342996,0,-0.48206152935475155,0
2025-05-11 15:00:00+07:00,50.0,3.7,57.0,/dl/web/weather/ic-w-01-clear-sky-full.svg,Hải Phòng,-0.6577705376161466,0,-1.111509852894642,0
2025-05-11 16:00:00+07:00,53.0,5.5,53.0,/dl/web/weather/ic-w-04-scattered-clouds-full.svg,Hải Phòng,-0.5767104028979936,0,-0.8052917495509115,0
2025-05-11 17:00:00+07:00,57.0,3.7,57.0,/dl/web/weather/ic-w-01-clear-sky-full.svg,Hải Phòng,-0.4686302232737896,0,-1.111509852894642,0
2025-05-11 18:00:00+07:00,59.0,3.7,53.0,/dl/web/weather/ic-w-01-clear-sky-full.svg,Hải Phòng,-0.4145901334616876,0,-1.111509852894642,0
2025-05-11 19:00:00+07:00,63.0,11.1,60.0,/dl/web/weather/ic-w-10-night-clear-sky-full.svg,Hải Phòng,-0.30650995383748364,0,0.14738679418513878,0
2025-05-11 20:00:00+07:00,66.0,5.5,64.0,/dl/web/weather/ic-w-10-night-clear-sky-full.svg,Hải Phòng,-0.22544981911933062,0,-0.8052917495509115,0
2025-05-11 21:00:00+07:00,64.0,7.4,64.0,/dl/web/weather/ic-w-10-night-clear-sky-full.svg,Hải Phòng,-0.2794899089314326,0,-0.48206152935475155,0
2025-05-11 22:00:00+07:00,69.0,5.5,64.0,/dl/web/weather/ic-w-10-night-clear-sky-full.svg,Hải Phòng,-0.14438968440117764,0,-0.8052917495509115,0
2025-05-11 23:00:00+07:00,66.0,5.5,64.0,/dl/web/weather/ic-w-10-night-clear-sky-full.svg,Hải Phòng,-0.22544981911933062,0,-0.8052917495509115,0
2025-05-12 00:00:00+07:00,65.0,5.5,64.0,/dl/web/weather/ic-w-10-night-clear-sky-full.svg,Hải Phòng,-0.25246986402538163,0,-0.8052917495509115,0
2025-05-12 01:00:00+07:00,64.0,3.7,68.0,/dl/web/weather/ic-w-10-night-clear-sky-full.svg,Hải Phòng,-0.2794899089314326,0,-1.111509852894642,0
2025-05-12 02:00:00+07:00,70.0,0.0,83.0,/dl/web/weather/ic-w-10-night-clear-sky-full.svg,Hải Phòng,-0.11736963949512665,0,-1.7409581764345325,0
2025-05-12 03:00:00+07:00,73.0,5.5,78.0,/dl/web/weather/ic-w-10-night-clear-sky-full.svg,Hải Phòng,-0.03630950477697366,0,-0.8052917495509115,0
2025-05-12 04:00:00+07:00,82.0,3.7,73.0,/dl/web/weather/ic-w-10-night-clear-sky-full.svg,Hải Phòng,0.20687089937748532,0,-1.111509852894642,0
2025-05-12 05:00:00+07:00,96.0,5.5,73.0,/dl/web/weather/ic-w-10-night-clear-sky-full.svg,Hải Phòng,0.5851515280621993,0,-0.8052917495509115,0
2025-05-12 06:00:00+07:00,111.0,1.8,73.0,/dl/web/weather/ic-w-01-clear-sky-full.svg,Hải Phòng,0.9904522016529642,0,-1.434740073090802,0
2025-05-12 07:00:00+07:00,110.0,3.7,78.0,/dl/web/weather/ic-w-01-clear-sky-full.svg,Hải Phòng,0.9634321567469132,0,-1.111509852894642,0
2025-05-12 08:00:00+07:00,76.0,3.7,61.0,/dl/web/weather/ic-w-01-clear-sky-full.svg,Hải Phòng,0.04475062994117933,0,-1.111509852894642,0
2025-05-12 09:00:00+07:00,71.0,5.5,51.0,/dl/web/weather/ic-w-01-clear-sky-full.svg,Hải Phòng,-0.09034959458907565,0,-0.8052917495509115,0
2025-05-12 10:00:00+07:00,66.0,9.2,36.0,/dl/web/weather/ic-w-01-clear-sky-full.svg,Hải Phòng,-0.22544981911933062,0,-0.17584342601102124,0
2025-05-12 11:00:00+07:00,66.0,7.4,42.0,/dl/web/weather/ic-w-01-clear-sky-full.svg,Hải Phòng,-0.22544981911933062,0,-0.48206152935475155,0
2025-05-12 12:00:00+07:00,66.0,11.1,45.0,/dl/web/weather/ic-w-01-clear-sky-full.svg,Hải Phòng,-0.22544981911933062,0,0.14738679418513878,0
2025-05-12 13:00:00+07:00,66.0,13.0,45.0,/dl/web/weather/ic-w-01-clear-sky-full.svg,Hải Phòng,-0.22544981911933062,0,0.4706170143812988,0
2025-05-12 14:00:00+07:00,65.0,18.5,45.0,/dl/web/weather/ic-w-01-clear-sky-full.svg,Hải Phòng,-0.25246986402538163,0,1.4062834412649197,0
2025-05-12 15:00:00+07:00,62.0,14.8,48.0,/dl/web/weather/ic-w-01-clear-sky-full.svg,Hải Phòng,-0.3335299987435346,0,0.7768351177250294,0
2025-05-12 16:00:00+07:00,63.0,18.5,51.0,/dl/web/weather/ic-w-01-clear-sky-full.svg,Hải Phòng,-0.30650995383748364,0,1.4062834412649197,0
2025-05-12 17:00:00+07:00,65.0,18.5,51.0,/dl/web/weather/ic-w-01-clear-sky-full.svg,Hải Phòng,-0.25246986402538163,0,1.4062834412649197,0
2025-05-12 18:00:00+07:00,67.0,13.5,59.0,/dl/web/weather/ic-w-01-clear-sky-full.svg,Hải Phòng,-0.19842977421327965,0,0.5556775986434461,0
2025-05-12 19:00:00+07:00,66.0,10.8,66.0,/dl/web/weather/ic-w-10-night-clear-sky-full.svg,Hải Phòng,-0.22544981911933062,0,0.09635044362785056,0
2025-05-12 20:00:00+07:00,65.0,9.7,73.0,/dl/web/weather/ic-w-10-night-clear-sky-full.svg,Hải Phòng,-0.25246986402538163,0,-0.09078284174887387,0
2025-05-12 21:00:00+07:00,62.0,8.7,77.0,/dl/web/weather/ic-w-10-night-clear-sky-full.svg,Hải Phòng,-0.3335299987435346,0,-0.26090401027316856,0
2025-05-12 22:00:00+07:00,68.0,8.4,80.0,/dl/web/weather/ic-w-10-night-clear-sky-full.svg,Hải Phòng,-0.17140972930722864,0,-0.31194036083045684,0
2025-05-12 23:00:00+07:00,69.0,7.4,80.0,/dl/web/weather/ic-w-10-night-clear-sky-full.svg,Hải Phòng,-0.14438968440117764,0,-0.48206152935475155,0
2025-05-13 00:00:00+07:00,84.0,7.6,78.0,/dl/web/weather/ic-w-10-night-clear-sky-full.svg,Hải Phòng,0.26091098918958733,0,-0.4480372956498927,0
2025-05-13 01:00:00+07:00,78.0,6.0,76.0,/dl/web/weather/ic-w-10-night-clear-sky-full.svg,Hải Phòng,0.09879071975328133,0,-0.7202311652887642,0
2025-05-13 02:00:00+07:00,75.0,6.4,77.0,/dl/web/weather/ic-w-11-night-few-clouds-full.svg,Hải Phòng,0.017730585035128334,0,-0.6521826978790463,0
2025-05-13 03:00:00+07:00,75.0,7.1,77.0,/dl/web/weather/ic-w-10-night-clear-sky-full.svg,Hải Phòng,0.017730585035128334,0,-0.53309787991204,0
2025-05-13 04:00:00+07:00,84.0,7.6,76.0,/dl/web/weather/ic-w-10-night-clear-sky-full.svg,Hải Phòng,0.26091098918958733,0,-0.4480372956498927,0
2025-05-13 05:00:00+07:00,81.0,8.5,77.0,/dl/web/weather/ic-w-10-night-clear-sky-full.svg,Hải Phòng,0.1798508544714343,0,-0.2949282439780274,0
2025-05-13 06:00:00+07:00,79.0,7.9,77.0,/dl/web/weather/ic-w-01-clear-sky-full.svg,Hải Phòng,0.12581076465933233,0,-0.3970009450926042,0
2025-05-13 07:00:00+07:00,81.0,10.0,68.0,/dl/web/weather/ic-w-01-clear-sky-full.svg,Hải Phòng,0.1798508544714343,0,-0.03974649119158533,0
2025-05-13 08:00:00+07:00,82.0,12.9,66.0,/dl/web/weather/ic-w-01-clear-sky-full.svg,Hải Phòng,0.20687089937748532,0,0.4536048975288694,0
2025-05-13 09:00:00+07:00,77.0,14.0,63.0,/dl/web/weather/ic-w-01-clear-sky-full.svg,Hải Phòng,0.07177067484723033,0,0.6407381829055935,0
2025-05-13 10:00:00+07:00,72.0,15.4,60.0,/dl/web/weather/ic-w-02-new-clouds-full.svg,Hải Phòng,-0.06332954968302465,0,0.8789078188396062,0
2025-05-13 11:00:00+07:00,72.0,17.5,58.0,/dl/web/weather/ic-w-04-scattered-clouds-full.svg,Hải Phòng,-0.06332954968302465,0,1.236162272740625,0
2025-05-13 12:00:00+07:00,67.0,19.3,58.0,/dl/web/weather/ic-w-04-scattered-clouds-full.svg,Hải Phòng,-0.19842977421327965,0,1.5423803760843557,0
2025-05-13 13:00:00+07:00,63.0,18.5,58.0,/dl/web/weather/ic-w-04-scattered-clouds-full.svg,Hải Phòng,-0.30650995383748364,0,1.4062834412649197,0
2025-05-13 14:00:00+07:00,60.0,19.2,58.0,/dl/web/weather/ic-w-04-scattered-clouds-full.svg,Hải Phòng,-0.3875700885556366,0,1.525368259231926,0
2025-05-13 15:00:00+07:00,60.0,19.0,61.0,/dl/web/weather/ic-w-04-scattered-clouds-full.svg,Hải Phòng,-0.3875700885556366,0,1.4913440255270671,0
2025-05-13 16:00:00+07:00,59.0,18.8,65.0,/dl/web/weather/ic-w-02-new-clouds-full.svg,Hải Phòng,-0.4145901334616876,0,1.4573197918222083,0
2025-05-13 17:00:00+07:00,62.0,17.7,71.0,/dl/web/weather/ic-w-02-new-clouds-full.svg,Hải Phòng,-0.3335299987435346,0,1.2701865064454838,0
2025-05-13 18:00:00+07:00,64.0,13.8,80.0,/dl/web/weather/ic-w-02-new-clouds-full.svg,Hải Phòng,-0.2794899089314326,0,0.6067139492007347,0
2025-05-13 19:00:00+07:00,64.0,12.9,86.0,/dl/web/weather/ic-w-04-scattered-clouds-full.svg,Hải Phòng,-0.2794899089314326,0,0.4536048975288694,0
2025-05-13 20:00:00+07:00,68.0,10.6,92.0,/dl/web/weather/ic-w-10-night-clear-sky-full.svg,Hải Phòng,-0.17140972930722864,0,0.062326209922991434,0
2025-05-13 21:00:00+07:00,68.0,10.5,93.0,/dl/web/weather/ic-w-10-night-clear-sky-full.svg,Hải Phòng,-0.17140972930722864,0,0.04531409307056202,0
2025-05-13 22:00:00+07:00,68.0,9.7,93.0,/dl/web/weather/ic-w-10-night-clear-sky-full.svg,Hải Phòng,-0.17140972930722864,0,-0.09078284174887387,0
2025-05-13 23:00:00+07:00,68.0,8.4,94.0,/dl/web/weather/ic-w-10-night-clear-sky-full.svg,Hải Phòng,-0.17140972930722864,0,-0.31194036083045684,0
2025-05-14 00:00:00+07:00,66.0,7.4,94.0,/dl/web/weather/ic-w-10-night-clear-sky-full.svg,Hải Phòng,-0.22544981911933062,0,-0.48206152935475155,0
2025-05-14 01:00:00+07:00,65.0,6.1,94.0,/dl/web/weather/ic-w-10-night-clear-sky-full.svg,Hải Phòng,-0.25246986402538163,0,-0.7032190484363348,0
2025-05-14 02:00:00+07:00,69.0,6.9,95.0,/dl/web/weather/ic-w-04-scattered-clouds-full.svg,Hải Phòng,-0.14438968440117764,0,-0.5671221136168989,0
2025-05-14 03:00:00+07:00,66.0,6.4,95.0,/dl/web/weather/ic-w-04-scattered-clouds-full.svg,Hải Phòng,-0.22544981911933062,0,-0.6521826978790463,0
2025-05-14 04:00:00+07:00,67.0,6.9,95.0,/dl/web/weather/ic-w-11-night-few-clouds-full.svg,Hải Phòng,-0.19842977421327965,0,-0.5671221136168989,0
2025-05-14 05:00:00+07:00,65.0,6.3,95.0,/dl/web/weather/ic-w-11-night-few-clouds-full.svg,Hải Phòng,-0.25246986402538163,0,-0.6691948147314758,0
2025-05-14 06:00:00+07:00,60.0,5.1,93.0,/dl/web/weather/ic-w-02-new-clouds-full.svg,Hải Phòng,-0.3875700885556366,0,-0.8733402169606295,0
2025-05-14 07:00:00+07:00,65.0,6.9,85.0,/dl/web/weather/ic-w-02-new-clouds-full.svg,Hải Phòng,-0.25246986402538163,0,-0.5671221136168989,0
2025-05-14 08:00:00+07:00,66.0,9.5,80.0,/dl/web/weather/ic-w-04-scattered-clouds-full.svg,Hải Phòng,-0.22544981911933062,0,-0.1248070754537327,0
2025-05-14 09:00:00+07:00,58.0,12.4,77.0,/dl/web/weather/ic-w-04-scattered-clouds-full.svg,Hải Phòng,-0.4416101783677386,0,0.36854431326672205,0
2025-05-14 10:00:00+07:00,54.0,13.8,76.0,/dl/web/weather/ic-w-04-scattered-clouds-full.svg,Hải Phòng,-0.5496903579919425,0,0.6067139492007347,0
2025-05-14 11:00:00+07:00,54.0,14.3,74.0,/dl/web/weather/ic-w-04-scattered-clouds-full.svg,Hải Phòng,-0.5496903579919425,0,0.6917745334628821,0
2025-05-14 12:00:00+07:00,47.0,15.6,69.0,/dl/web/weather/ic-w-04-scattered-clouds-full.svg,Hải Phòng,-0.7388306723342996,0,0.912932052544465,0
2025-05-14 13:00:00+07:00,47.0,16.1,67.0,/dl/web/weather/ic-w-04-scattered-clouds-full.svg,Hải Phòng,-0.7388306723342996,0,0.9979926368066127,0
2025-05-14 14:00:00+07:00,44.0,17.5,66.0,/dl/web/weather/ic-w-04-scattered-clouds-full.svg,Hải Phòng,-0.8198908070524525,0,1.236162272740625,0
2025-05-14 15:00:00+07:00,44.0,17.9,68.0,/dl/web/weather/ic-w-04-scattered-clouds-full.svg,Hải Phòng,-0.8198908070524525,0,1.3042107401503427,0
2025-05-14 16:00:00+07:00,42.0,17.2,72.0,/dl/web/weather/ic-w-04-scattered-clouds-full.svg,Hải Phòng,-0.8739308968645545,0,1.1851259221833366,0
2025-05-14 17:00:00+07:00,42.0,15.4,77.0,/dl/web/weather/ic-w-04-scattered-clouds-full.svg,Hải Phòng,-0.8739308968645545,0,0.8789078188396062,0
2025-05-14 18:00:00+07:00,42.0,12.1,84.0,/dl/web/weather/ic-w-04-scattered-clouds-full.svg,Hải Phòng,-0.8739308968645545,0,0.3175079627094335,0
2025-05-14 19:00:00+07:00,47.0,9.8,89.0,/dl/web/weather/ic-w-04-scattered-clouds-full.svg,Hải Phòng,-0.7388306723342996,0,-0.07377072489644415,0
2025-05-14 20:00:00+07:00,39.0,9.0,90.0,/dl/web/weather/ic-w-11-night-few-clouds-full.svg,Hải Phòng,-0.9549910315827075,0,-0.20986765971588006,0
2025-05-14 21:00:00+07:00,33.0,9.7,91.0,/dl/web/weather/ic-w-11-night-few-clouds-full.svg,Hải Phòng,-1.1171113010190135,0,-0.09078284174887387,0
2025-05-14 22:00:00+07:00,36.0,10.0,92.0,/dl/web/weather/ic-w-10-night-clear-sky-full.svg,Hải Phòng,-1.0360511663008605,0,-0.03974649119158533,0
2025-05-14 23:00:00+07:00,33.0,10.0,93.0,/dl/web/weather/ic-w-10-night-clear-sky-full.svg,Hải Phòng,-1.1171113010190135,0,-0.03974649119158533,0
2025-05-15 00:00:00+07:00,31.0,9.0,93.0,/dl/web/weather/ic-w-10-night-clear-sky-full.svg,Hải Phòng,-1.1711513908311155,0,-0.20986765971588006,0
2025-05-15 01:00:00+07:00,22.0,8.2,93.0,/dl/web/weather/ic-w-10-night-clear-sky-full.svg,Hải Phòng,-1.4143317949855745,0,-0.3459645945353159,0
2025-05-15 02:00:00+07:00,28.0,6.9,94.0,/dl/web/weather/ic-w-10-night-clear-sky-full.svg,Hải Phòng,-1.2522115255492685,0,-0.5671221136168989,0
2025-05-15 03:00:00+07:00,31.0,7.2,94.0,/dl/web/weather/ic-w-10-night-clear-sky-full.svg,Hải Phòng,-1.1711513908311155,0,-0.5160857630596105,0
2025-05-15 04:00:00+07:00,31.0,8.2,93.0,/dl/web/weather/ic-w-10-night-clear-sky-full.svg,Hải Phòng,-1.1711513908311155,0,-0.3459645945353159,0
2025-05-15 05:00:00+07:00,33.0,8.7,93.0,/dl/web/weather/ic-w-10-night-clear-sky-full.svg,Hải Phòng,-1.1171113010190135,0,-0.26090401027316856,0
2025-05-15 06:00:00+07:00,36.0,8.0,90.0,/dl/web/weather/ic-w-01-clear-sky-full.svg,Hải Phòng,-1.0360511663008605,0,-0.37998882824017477,0
2025-05-15 07:00:00+07:00,50.0,12.9,80.0,/dl/web/weather/ic-w-04-scattered-clouds-full.svg,Hải Phòng,-0.6577705376161466,0,0.4536048975288694,0
2025-05-15 08:00:00+07:00,28.0,13.0,74.0,/dl/web/weather/ic-w-04-scattered-clouds-full.svg,Hải Phòng,-1.2522115255492685,0,0.4706170143812988,0
2025-05-15 09:00:00+07:00,17.0,14.0,68.0,/dl/web/weather/ic-w-04-scattered-clouds-full.svg,Hải Phòng,-1.5494320195158295,0,0.6407381829055935,0
2025-05-15 10:00:00+07:00,22.0,16.3,64.0,/dl/web/weather/ic-w-04-scattered-clouds-full.svg,Hải Phòng,-1.4143317949855745,0,1.0320168705114714,0
2025-05-15 11:00:00+07:00,22.0,18.0,61.0,/dl/web/weather/ic-w-06-rain-full.svg,Hải Phòng,-1.4143317949855745,0,1.3212228570027724,0
2025-05-15 12:00:00+07:00,31.0,19.8,60.0,/dl/web/weather/ic-w-04-scattered-clouds-full.svg,Hải Phòng,-1.1711513908311155,0,1.627440960346503,0
2025-05-15 13:00:00+07:00,19.0,18.7,59.0,/dl/web/weather/ic-w-04-scattered-clouds-full.svg,Hải Phòng,-1.4953919297037275,0,1.4403076749697785,0
2025-05-15 14:00:00+07:00,17.0,19.2,61.0,/dl/web/weather/ic-w-06-rain-full.svg,Hải Phòng,-1.5494320195158295,0,1.525368259231926,0
2025-05-15 15:00:00+07:00,22.0,18.0,65.0,/dl/web/weather/ic-w-06-rain-full.svg,Hải Phòng,-1.4143317949855745,0,1.3212228570027724,0
2025-05-15 16:00:00+07:00,33.0,16.6,69.0,/dl/web/weather/ic-w-06-rain-full.svg,Hải Phòng,-1.1171113010190135,0,1.08305322106876,0
2025-05-15 17:00:00+07:00,36.0,13.7,73.0,/dl/web/weather/ic-w-04-scattered-clouds-full.svg,Hải Phòng,-1.0360511663008605,0,0.589701832348305,0
2025-05-15 18:00:00+07:00,44.0,10.8,80.0,/dl/web/weather/ic-w-04-scattered-clouds-full.svg,Hải Phòng,-0.8198908070524525,0,0.09635044362785056,0
2025-05-15 19:00:00+07:00,44.0,8.0,85.0,/dl/web/weather/ic-w-04-scattered-clouds-full.svg,Hải Phòng,-0.8198908070524525,0,-0.37998882824017477,0
2025-05-15 20:00:00+07:00,44.0,8.2,87.0,/dl/web/weather/ic-w-04-scattered-clouds-full.svg,Hải Phòng,-0.8198908070524525,0,-0.3459645945353159,0
2025-05-15 21:00:00+07:00,42.0,7.9,90.0,/dl/web/weather/ic-w-04-scattered-clouds-full.svg,Hải Phòng,-0.8739308968645545,0,-0.3970009450926042,0
2025-05-15 22:00:00+07:00,42.0,5.8,91.0,/dl/web/weather/ic-w-04-scattered-clouds-full.svg,Hải Phòng,-0.8739308968645545,0,-0.7542553989936231,0
2025-05-15 23:00:00+07:00,47.0,6.6,91.0,/dl/web/weather/ic-w-04-scattered-clouds-full.svg,Hải Phòng,-0.7388306723342996,0,-0.6181584641741874,0
2025-05-16 00:00:00+07:00,33.0,7.1,92.0,/dl/web/weather/ic-w-12-night-rain-full.svg,Hải Phòng,-1.1171113010190135,0,-0.53309787991204,0
2025-05-16 01:00:00+07:00,28.0,8.4,93.0,/dl/web/weather/ic-w-12-night-rain-full.svg,Hải Phòng,-1.2522115255492685,0,-0.31194036083045684,0
2025-05-16 02:00:00+07:00,33.0,8.7,93.0,/dl/web/weather/ic-w-12-night-rain-full.svg,Hải Phòng,-1.1171113010190135,0,-0.26090401027316856,0
2025-05-16 03:00:00+07:00,36.0,8.2,92.0,/dl/web/weather/ic-w-12-night-rain-full.svg,Hải Phòng,-1.0360511663008605,0,-0.3459645945353159,0
2025-05-16 04:00:00+07:00,39.0,8.2,93.0,/dl/web/weather/ic-w-12-night-rain-full.svg,Hải Phòng,-0.9549910315827075,0,-0.3459645945353159,0
2025-05-16 05:00:00+07:00,44.0,8.9,92.0,/dl/web/weather/ic-w-04-scattered-clouds-full.svg,Hải Phòng,-0.8198908070524525,0,-0.22687977656830946,0
2025-05-16 06:00:00+07:00,54.0,8.5,92.0,/dl/web/weather/ic-w-04-scattered-clouds-full.svg,Hải Phòng,-0.5496903579919425,0,-0.2949282439780274,0
2025-05-16 07:00:00+07:00,55.0,10.0,84.0,/dl/web/weather/ic-w-04-scattered-clouds-full.svg,Hải Phòng,-0.5226703130858916,0,-0.03974649119158533,0
2025-05-16 08:00:00+07:00,54.0,11.6,75.0,/dl/web/weather/ic-w-04-scattered-clouds-full.svg,Hải Phòng,-0.5496903579919425,0,0.23244737844728616,0
2025-05-16 09:00:00+07:00,52.0,14.5,67.0,/dl/web/weather/ic-w-04-scattered-clouds-full.svg,Hải Phòng,-0.6037304478040446,0,0.7257987671677408,0
2025-05-16 10:00:00+07:00,52.0,14.8,66.0,/dl/web/weather/ic-w-04-scattered-clouds-full.svg,Hải Phòng,-0.6037304478040446,0,0.7768351177250294,0
2025-05-16 11:00:00+07:00,52.0,18.0,68.0,/dl/web/weather/ic-w-04-scattered-clouds-full.svg,Hải Phòng,-0.6037304478040446,0,1.3212228570027724,0
2025-05-16 12:00:00+07:00,47.0,19.3,59.0,/dl/web/weather/ic-w-04-scattered-clouds-full.svg,Hải Phòng,-0.7388306723342996,0,1.5423803760843557,0
2025-05-16 13:00:00+07:00,53.0,17.9,58.0,/dl/web/weather/ic-w-04-scattered-clouds-full.svg,Hải Phòng,-0.5767104028979936,0,1.3042107401503427,0
2025-05-16 14:00:00+07:00,60.0,18.2,70.0,/dl/web/weather/ic-w-04-scattered-clouds-full.svg,Hải Phòng,-0.3875700885556366,0,1.3552470907076313,0
2025-05-16 15:00:00+07:00,62.0,18.3,77.0,/dl/web/weather/ic-w-04-scattered-clouds-full.svg,Hải Phòng,-0.3335299987435346,0,1.3722592075600608,0
2025-05-16 16:00:00+07:00,60.0,14.5,87.0,/dl/web/weather/ic-w-04-scattered-clouds-full.svg,Hải Phòng,-0.3875700885556366,0,0.7257987671677408,0
2025-05-16 17:00:00+07:00,55.0,14.8,84.0,/dl/web/weather/ic-w-04-scattered-clouds-full.svg,Hải Phòng,-0.5226703130858916,0,0.7768351177250294,0
2025-05-16 18:00:00+07:00,55.0,12.1,89.0,/dl/web/weather/ic-w-06-rain-full.svg,Hải Phòng,-0.5226703130858916,0,0.3175079627094335,0
2025-05-16 19:00:00+07:00,55.0,9.3,93.0,/dl/web/weather/ic-w-12-night-rain-full.svg,Hải Phòng,-0.5226703130858916,0,-0.1588313091585915,0
2025-05-16 20:00:00+07:00,44.0,8.7,94.0,/dl/web/weather/ic-w-12-night-rain-full.svg,Hải Phòng,-0.8198908070524525,0,-0.26090401027316856,0
2025-05-16 21:00:00+07:00,47.0,9.2,96.0,/dl/web/weather/ic-w-12-night-rain-full.svg,Hải Phòng,-0.7388306723342996,0,-0.17584342601102124,0
2025-05-16 22:00:00+07:00,42.0,8.4,95.0,/dl/web/weather/ic-w-12-night-rain-full.svg,Hải Phòng,-0.8739308968645545,0,-0.31194036083045684,0
2025-05-16 23:00:00+07:00,31.0,8.2,94.0,/dl/web/weather/ic-w-12-night-rain-full.svg,Hải Phòng,-1.1711513908311155,0,-0.3459645945353159,0
2025-05-17 00:00:00+07:00,33.0,9.2,95.0,/dl/web/weather/ic-w-12-night-rain-full.svg,Hải Phòng,-1.1171113010190135,0,-0.17584342601102124,0
2025-05-17 01:00:00+07:00,36.0,8.4,95.0,/dl/web/weather/ic-w-12-night-rain-full.svg,Hải Phòng,-1.0360511663008605,0,-0.31194036083045684,0
2025-05-17 02:00:00+07:00,33.0,6.9,94.0,/dl/web/weather/ic-w-12-night-rain-full.svg,Hải Phòng,-1.1171113010190135,0,-0.5671221136168989,0
2025-05-17 03:00:00+07:00,42.0,6.9,94.0,/dl/web/weather/ic-w-12-night-rain-full.svg,Hải Phòng,-0.8739308968645545,0,-0.5671221136168989,0
2025-05-17 04:00:00+07:00,44.0,7.1,94.0,/dl/web/weather/ic-w-04-scattered-clouds-full.svg,Hải Phòng,-0.8198908070524525,0,-0.53309787991204,0
2025-05-17 05:00:00+07:00,42.0,7.6,95.0,/dl/web/weather/ic-w-04-scattered-clouds-full.svg,Hải Phòng,-0.8739308968645545,0,-0.4480372956498927,0
2025-05-17 06:00:00+07:00,33.0,7.7,94.0,/dl/web/weather/ic-w-04-scattered-clouds-full.svg,Hải Phòng,-1.1171113010190135,0,-0.43102517879746316,0
2025-05-17 07:00:00+07:00,31.0,6.0,91.0,/dl/web/weather/ic-w-04-scattered-clouds-full.svg,Hải Phòng,-1.1711513908311155,0,-0.7202311652887642,0
2025-05-17 08:00:00+07:00,25.0,8.2,88.0,/dl/web/weather/ic-w-04-scattered-clouds-full.svg,Hải Phòng,-1.3332716602674215,0,-0.3459645945353159,0
2025-05-17 09:00:00+07:00,28.0,10.5,84.0,/dl/web/weather/ic-w-04-scattered-clouds-full.svg,Hải Phòng,-1.2522115255492685,0,0.04531409307056202,0
2025-05-17 10:00:00+07:00,22.0,9.8,87.0,/dl/web/weather/ic-w-04-scattered-clouds-full.svg,Hải Phòng,-1.4143317949855745,0,-0.07377072489644415,0
2025-05-17 11:00:00+07:00,25.0,10.1,84.0,/dl/web/weather/ic-w-04-scattered-clouds-full.svg,Hải Phòng,-1.3332716602674215,0,-0.022734374339155924,0
2025-05-17 12:00:00+07:00,25.0,13.4,77.0,/dl/web/weather/ic-w-04-scattered-clouds-full.svg,Hải Phòng,-1.3332716602674215,0,0.5386654817910168,0
2025-05-17 13:00:00+07:00,28.0,15.3,67.0,/dl/web/weather/ic-w-04-scattered-clouds-full.svg,Hải Phòng,-1.2522115255492685,0,0.8618957019871768,0
2025-05-17 14:00:00+07:00,33.0,15.8,77.0,/dl/web/weather/ic-w-04-scattered-clouds-full.svg,Hải Phòng,-1.1171113010190135,0,0.9469562862493242,0
2025-05-17 15:00:00+07:00,31.0,15.6,79.0,/dl/web/weather/ic-w-04-scattered-clouds-full.svg,Hải Phòng,-1.1711513908311155,0,0.912932052544465,0
2025-05-17 16:00:00+07:00,31.0,17.4,71.0,/dl/web/weather/ic-w-04-scattered-clouds-full.svg,Hải Phòng,-1.1711513908311155,0,1.2191501558881954,0
2025-05-17 17:00:00+07:00,31.0,16.6,74.0,/dl/web/weather/ic-w-04-scattered-clouds-full.svg,Hải Phòng,-1.1711513908311155,0,1.08305322106876,0
2025-05-17 18:00:00+07:00,33.0,13.8,83.0,/dl/web/weather/ic-w-04-scattered-clouds-full.svg,Hải Phòng,-1.1171113010190135,0,0.6067139492007347,0
2025-05-17 19:00:00+07:00,39.0,11.1,91.0,/dl/web/weather/ic-w-04-scattered-clouds-full.svg,Hải Phòng,-0.9549910315827075,0,0.14738679418513878,0
2025-05-17 20:00:00+07:00,44.0,11.4,95.0,/dl/web/weather/ic-w-04-scattered-clouds-full.svg,Hải Phòng,-0.8198908070524525,0,0.19842314474242734,0
2025-05-17 21:00:00+07:00,42.0,10.3,96.0,/dl/web/weather/ic-w-11-night-few-clouds-full.svg,Hải Phòng,-0.8739308968645545,0,0.011289859365703201,0
2025-05-17 22:00:00+07:00,44.0,10.0,96.0,/dl/web/weather/ic-w-11-night-few-clouds-full.svg,Hải Phòng,-0.8198908070524525,0,-0.03974649119158533,0
2025-05-17 23:00:00+07:00,50.0,9.8,96.0,/dl/web/weather/ic-w-04-scattered-clouds-full.svg,Hải Phòng,-0.6577705376161466,0,-0.07377072489644415,0
2025-05-18 00:00:00+07:00,53.0,9.0,97.0,/dl/web/weather/ic-w-04-scattered-clouds-full.svg,Hải Phòng,-0.5767104028979936,0,-0.20986765971588006,0
2025-05-18 01:00:00+07:00,53.0,8.9,97.0,/dl/web/weather/ic-w-04-scattered-clouds-full.svg,Hải Phòng,-0.5767104028979936,0,-0.22687977656830946,0
2025-05-18 02:00:00+07:00,22.0,6.0,96.0,/dl/web/weather/ic-w-04-scattered-clouds-full.svg,Hải Phòng,-1.4143317949855745,0,-0.7202311652887642,0
2025-05-18 03:00:00+07:00,25.0,5.8,96.0,/dl/web/weather/ic-w-04-scattered-clouds-full.svg,Hải Phòng,-1.3332716602674215,0,-0.7542553989936231,0
2025-05-18 04:00:00+07:00,17.0,5.1,95.0,/dl/web/weather/ic-w-04-scattered-clouds-full.svg,Hải Phòng,-1.5494320195158295,0,-0.8733402169606295,0
2025-05-18 05:00:00+07:00,17.0,2.9,95.0,/dl/web/weather/ic-w-04-scattered-clouds-full.svg,Hải Phòng,-1.5494320195158295,0,-1.2476067877140777,0
2025-05-18 06:00:00+07:00,19.0,3.5,93.0,/dl/web/weather/ic-w-04-scattered-clouds-full.svg,Hải Phòng,-1.4953919297037275,0,-1.145534086599501,0
2025-05-18 07:00:00+07:00,25.0,5.6,83.0,/dl/web/weather/ic-w-04-scattered-clouds-full.svg,Hải Phòng,-1.3332716602674215,0,-0.7882796326984821,0
2025-05-18 08:00:00+07:00,50.0,8.4,74.0,/dl/web/weather/ic-w-04-scattered-clouds-full.svg,Hải Phòng,-0.6577705376161466,0,-0.31194036083045684,0
2025-05-18 09:00:00+07:00,55.0,12.6,70.0,/dl/web/weather/ic-w-04-scattered-clouds-full.svg,Hải Phòng,-0.5226703130858916,0,0.40256854697158084,0
2025-05-18 10:00:00+07:00,56.0,15.6,70.0,/dl/web/weather/ic-w-04-scattered-clouds-full.svg,Hải Phòng,-0.4956502681798406,0,0.912932052544465,0
2025-05-18 11:00:00+07:00,56.0,16.7,66.0,/dl/web/weather/ic-w-04-scattered-clouds-full.svg,Hải Phòng,-0.4956502681798406,0,1.100065337921189,0
2025-05-18 12:00:00+07:00,60.0,17.4,70.0,/dl/web/weather/ic-w-04-scattered-clouds-full.svg,Hải Phòng,-0.3875700885556366,0,1.2191501558881954,0
2025-05-18 13:00:00+07:00,62.0,15.0,65.0,/dl/web/weather/ic-w-04-scattered-clouds-full.svg,Hải Phòng,-0.3335299987435346,0,0.8108593514298882,0
2025-05-18 14:00:00+07:00,60.0,18.0,73.0,/dl/web/weather/ic-w-04-scattered-clouds-full.svg,Hải Phòng,-0.3875700885556366,0,1.3212228570027724,0
2025-05-18 15:00:00+07:00,64.0,18.5,75.0,/dl/web/weather/ic-w-04-scattered-clouds-full.svg,Hải Phòng,-0.2794899089314326,0,1.4062834412649197,0
2025-05-18 16:00:00+07:00,62.0,19.2,73.0,/dl/web/weather/ic-w-04-scattered-clouds-full.svg,Hải Phòng,-0.3335299987435346,0,1.525368259231926,0
2025-05-18 17:00:00+07:00,63.0,17.5,78.0,/dl/web/weather/ic-w-04-scattered-clouds-full.svg,Hải Phòng,-0.30650995383748364,0,1.236162272740625,0
2025-05-18 18:00:00+07:00,62.0,13.8,87.0,/dl/web/weather/ic-w-04-scattered-clouds-full.svg,Hải Phòng,-0.3335299987435346,0,0.6067139492007347,0
2025-05-18 19:00:00+07:00,61.0,9.7,93.0,/dl/web/weather/ic-w-12-night-rain-full.svg,Hải Phòng,-0.3605500436495856,0,-0.09078284174887387,0
2025-05-18 20:00:00+07:00,59.0,8.4,95.0,/dl/web/weather/ic-w-12-night-rain-full.svg,Hải Phòng,-0.4145901334616876,0,-0.31194036083045684,0
2025-05-18 21:00:00+07:00,57.0,9.3,95.0,/dl/web/weather/ic-w-12-night-rain-full.svg,Hải Phòng,-0.4686302232737896,0,-0.1588313091585915,0
2025-05-18 22:00:00+07:00,56.0,8.0,95.0,/dl/web/weather/ic-w-12-night-rain-full.svg,Hải Phòng,-0.4956502681798406,0,-0.37998882824017477,0
2025-05-18 23:00:00+07:00,58.0,7.2,95.0,/dl/web/weather/ic-w-04-scattered-clouds-full.svg,Hải Phòng,-0.4416101783677386,0,-0.5160857630596105,0
2025-05-19 00:00:00+07:00,60.0,8.0,94.0,/dl/web/weather/ic-w-04-scattered-clouds-full.svg,Hải Phòng,-0.3875700885556366,0,-0.37998882824017477,0
2025-05-19 01:00:00+07:00,69.0,7.6,93.0,/dl/web/weather/ic-w-04-scattered-clouds-full.svg,Hải Phòng,-0.14438968440117764,0,-0.4480372956498927,0
2025-05-19 02:00:00+07:00,77.0,8.2,94.0,/dl/web/weather/ic-w-12-night-rain-full.svg,Hải Phòng,0.07177067484723033,0,-0.3459645945353159,0
2025-05-19 03:00:00+07:00,77.0,7.9,94.0,/dl/web/weather/ic-w-12-night-rain-full.svg,Hải Phòng,0.07177067484723033,0,-0.3970009450926042,0
2025-05-19 04:00:00+07:00,77.0,8.5,92.0,/dl/web/weather/ic-w-12-night-rain-full.svg,Hải Phòng,0.07177067484723033,0,-0.2949282439780274,0
2025-05-19 05:00:00+07:00,72.0,6.4,91.0,/dl/web/weather/ic-w-12-night-rain-full.svg,Hải Phòng,-0.06332954968302465,0,-0.6521826978790463,0
2025-05-19 06:00:00+07:00,71.0,3.7,94.0,/dl/web/weather/ic-w-06-rain-full.svg,Hải Phòng,-0.09034959458907565,0,-1.111509852894642,0
2025-05-19 07:00:00+07:00,75.0,3.7,94.0,/dl/web/weather/ic-w-06-rain-full.svg,Hải Phòng,0.017730585035128334,0,-1.111509852894642,0
2025-05-19 08:00:00+07:00,68.0,5.5,94.0,/dl/web/weather/ic-w-06-rain-full.svg,Hải Phòng,-0.17140972930722864,0,-0.8052917495509115,0
2025-05-19 09:00:00+07:00,60.0,9.2,94.0,/dl/web/weather/ic-w-06-rain-full.svg,Hải Phòng,-0.3875700885556366,0,-0.17584342601102124,0
2025-05-19 10:00:00+07:00,56.0,11.1,94.0,/dl/web/weather/ic-w-06-rain-full.svg,Hải Phòng,-0.4956502681798406,0,0.14738679418513878,0
2025-05-19 11:00:00+07:00,56.0,11.1,94.0,/dl/web/weather/ic-w-06-rain-full.svg,Hải Phòng,-0.4956502681798406,0,0.14738679418513878,0
2025-05-19 12:00:00+07:00,52.0,13.0,83.0,/dl/web/weather/ic-w-04-scattered-clouds-full.svg,Hải Phòng,-0.6037304478040446,0,0.4706170143812988,0
2025-05-19 13:00:00+07:00,52.0,11.1,84.0,/dl/web/weather/ic-w-04-scattered-clouds-full.svg,Hải Phòng,-0.6037304478040446,0,0.14738679418513878,0
2025-05-19 14:00:00+07:00,47.0,14.8,79.0,/dl/web/weather/ic-w-04-scattered-clouds-full.svg,Hải Phòng,-0.7388306723342996,0,0.7768351177250294,0
2025-05-19 15:00:00+07:00,36.0,16.7,79.0,/dl/web/weather/ic-w-04-scattered-clouds-full.svg,Hải Phòng,-1.0360511663008605,0,1.100065337921189,0
2025-05-19 16:00:00+07:00,28.0,14.8,74.0,/dl/web/weather/ic-w-04-scattered-clouds-full.svg,Hải Phòng,-1.2522115255492685,0,0.7768351177250294,0
2025-05-19 17:00:00+07:00,31.0,18.5,70.0,/dl/web/weather/ic-w-02-new-clouds-full.svg,Hải Phòng,-1.1711513908311155,0,1.4062834412649197,0
2025-05-19 18:00:00+07:00,39.0,14.8,74.0,/dl/web/weather/ic-w-04-scattered-clouds-full.svg,Hải Phòng,-0.9549910315827075,0,0.7768351177250294,0
2025-05-19 19:00:00+07:00,39.0,16.7,84.0,/dl/web/weather/ic-w-04-scattered-clouds-full.svg,Hải Phòng,-0.9549910315827075,0,1.100065337921189,0
2025-05-19 20:00:00+07:00,50.0,12.2,90.0,/dl/web/weather/ic-w-04-scattered-clouds-full.svg,Hải Phòng,-0.6577705376161466,0,0.3345200795618629,0
2025-05-19 21:00:00+07:00,47.0,11.9,90.0,/dl/web/weather/ic-w-12-night-rain-full.svg,Hải Phòng,-0.7388306723342996,0,0.2834837290045747,0
2025-05-19 22:00:00+07:00,47.0,11.9,90.0,/dl/web/weather/ic-w-12-night-rain-full.svg,Hải Phòng,-0.7388306723342996,0,0.2834837290045747,0
2025-05-19 23:00:00+07:00,42.0,10.0,92.0,/dl/web/weather/ic-w-12-night-rain-full.svg,Hải Phòng,-0.8739308968645545,0,-0.03974649119158533,0
2025-05-20 00:00:00+07:00,39.0,7.7,93.0,/dl/web/weather/ic-w-12-night-rain-full.svg,Hải Phòng,-0.9549910315827075,0,-0.43102517879746316,0
2025-05-20 01:00:00+07:00,39.0,7.9,91.0,/dl/web/weather/ic-w-04-scattered-clouds-full.svg,Hải Phòng,-0.9549910315827075,0,-0.3970009450926042,0
2025-05-20 02:00:00+07:00,33.0,7.4,93.0,/dl/web/weather/ic-w-04-scattered-clouds-full.svg,Hải Phòng,-1.1171113010190135,0,-0.48206152935475155,0
2025-05-20 03:00:00+07:00,33.0,8.2,94.0,/dl/web/weather/ic-w-04-scattered-clouds-full.svg,Hải Phòng,-1.1171113010190135,0,-0.3459645945353159,0
2025-05-20 04:00:00+07:00,33.0,9.0,94.0,/dl/web/weather/ic-w-04-scattered-clouds-full.svg,Hải Phòng,-1.1171113010190135,0,-0.20986765971588006,0
2025-05-20 05:00:00+07:00,33.0,10.1,94.0,/dl/web/weather/ic-w-04-scattered-clouds-full.svg,Hải Phòng,-1.1171113010190135,0,-0.022734374339155924,0
2025-05-20 06:00:00+07:00,39.0,12.4,93.0,/dl/web/weather/ic-w-04-scattered-clouds-full.svg,Hải Phòng,-0.9549910315827075,0,0.36854431326672205,0
2025-05-20 07:00:00+07:00,44.0,14.5,89.0,/dl/web/weather/ic-w-04-scattered-clouds-full.svg,Hải Phòng,-0.8198908070524525,0,0.7257987671677408,0
2025-05-20 08:00:00+07:00,55.0,17.9,81.0,/dl/web/weather/ic-w-04-scattered-clouds-full.svg,Hải Phòng,-0.5226703130858916,0,1.3042107401503427,0
2025-05-20 09:00:00+07:00,61.0,17.2,73.0,/dl/web/weather/ic-w-04-scattered-clouds-full.svg,Hải Phòng,-0.3605500436495856,0,1.1851259221833366,0
2025-05-20 10:00:00+07:00,59.0,17.9,67.0,/dl/web/weather/ic-w-04-scattered-clouds-full.svg,Hải Phòng,-0.4145901334616876,0,1.3042107401503427,0
2025-05-20 11:00:00+07:00,59.0,20.1,62.0,/dl/web/weather/ic-w-04-scattered-clouds-full.svg,Hải Phòng,-0.4145901334616876,0,1.6784773109037916,0
2025-05-20 12:00:00+07:00,58.0,21.7,62.0,/dl/web/weather/ic-w-04-scattered-clouds-full.svg,Hải Phòng,-0.4416101783677386,0,1.9506711805426626,0
2025-05-20 13:00:00+07:00,60.0,21.1,63.0,/dl/web/weather/ic-w-04-scattered-clouds-full.svg,Hải Phòng,-0.3875700885556366,0,1.8485984794280863,0
2025-05-20 14:00:00+07:00,62.0,21.1,64.0,/dl/web/weather/ic-w-04-scattered-clouds-full.svg,Hải Phòng,-0.3335299987435346,0,1.8485984794280863,0
2025-05-20 15:00:00+07:00,61.0,21.2,67.0,/dl/web/weather/ic-w-04-scattered-clouds-full.svg,Hải Phòng,-0.3605500436495856,0,1.8656105962805154,0
2025-05-20 16:00:00+07:00,59.0,20.8,72.0,/dl/web/weather/ic-w-06-rain-full.svg,Hải Phòng,-0.4145901334616876,0,1.7975621288707977,0
2025-05-20 17:00:00+07:00,63.0,20.1,78.0,/dl/web/weather/ic-w-06-rain-full.svg,Hải Phòng,-0.30650995383748364,0,1.6784773109037916,0
2025-05-20 18:00:00+07:00,64.0,16.7,86.0,/dl/web/weather/ic-w-06-rain-full.svg,Hải Phòng,-0.2794899089314326,0,1.100065337921189,0
2025-05-20 19:00:00+07:00,64.0,15.8,88.0,/dl/web/weather/ic-w-12-night-rain-full.svg,Hải Phòng,-0.2794899089314326,0,0.9469562862493242,0
2025-05-20 20:00:00+07:00,58.0,15.3,88.0,/dl/web/weather/ic-w-04-scattered-clouds-full.svg,Hải Phòng,-0.4416101783677386,0,0.8618957019871768,0
2025-05-20 21:00:00+07:00,58.0,15.3,90.0,/dl/web/weather/ic-w-04-scattered-clouds-full.svg,Hải Phòng,-0.4416101783677386,0,0.8618957019871768,0
2025-05-20 22:00:00+07:00,58.0,16.4,90.0,/dl/web/weather/ic-w-04-scattered-clouds-full.svg,Hải Phòng,-0.4416101783677386,0,1.0490289873639005,0
2025-05-20 23:00:00+07:00,56.0,20.0,89.0,/dl/web/weather/ic-w-04-scattered-clouds-full.svg,Hải Phòng,-0.4956502681798406,0,1.6614651940513618,0
2025-05-21 00:00:00+07:00,55.0,17.9,91.0,/dl/web/weather/ic-w-04-scattered-clouds-full.svg,Hải Phòng,-0.5226703130858916,0,1.3042107401503427,0
2025-05-21 01:00:00+07:00,55.0,7.4,84.0,/dl/web/weather/ic-w-04-scattered-clouds-full.svg,Hải Phòng,-0.5226703130858916,0,-0.48206152935475155,0
2025-05-21 02:00:00+07:00,53.0,9.2,89.0,/dl/web/weather/ic-w-04-scattered-clouds-full.svg,Hải Phòng,-0.5767104028979936,0,-0.17584342601102124,0
2025-05-21 03:00:00+07:00,54.0,13.0,89.0,/dl/web/weather/ic-w-04-scattered-clouds-full.svg,Hải Phòng,-0.5496903579919425,0,0.4706170143812988,0
2025-05-21 04:00:00+07:00,53.0,9.2,89.0,/dl/web/weather/ic-w-04-scattered-clouds-full.svg,Hải Phòng,-0.5767104028979936,0,-0.17584342601102124,0
2025-05-21 05:00:00+07:00,54.0,13.0,89.0,/dl/web/weather/ic-w-04-scattered-clouds-full.svg,Hải Phòng,-0.5496903579919425,0,0.4706170143812988,0
2025-05-21 06:00:00+07:00,55.0,13.0,84.0,/dl/web/weather/ic-w-04-scattered-clouds-full.svg,Hải Phòng,-0.5226703130858916,0,0.4706170143812988,0
2025-05-21 07:00:00+07:00,57.0,14.8,84.0,/dl/web/weather/ic-w-04-scattered-clouds-full.svg,Hải Phòng,-0.4686302232737896,0,0.7768351177250294,0
2025-05-21 08:00:00+07:00,62.0,16.7,84.0,/dl/web/weather/ic-w-04-scattered-clouds-full.svg,Hải Phòng,-0.3335299987435346,0,1.100065337921189,0
2025-05-21 09:00:00+07:00,61.0,16.7,84.0,/dl/web/weather/ic-w-04-scattered-clouds-full.svg,Hải Phòng,-0.3605500436495856,0,1.100065337921189,0
2025-05-21 10:00:00+07:00,59.0,18.5,79.0,/dl/web/weather/ic-w-04-scattered-clouds-full.svg,Hải Phòng,-0.4145901334616876,0,1.4062834412649197,0
2025-05-21 11:00:00+07:00,59.0,22.2,74.0,/dl/web/weather/ic-w-04-scattered-clouds-full.svg,Hải Phòng,-0.4145901334616876,0,2.03573176480481,0
2025-05-21 12:00:00+07:00,59.0,25.9,79.0,/dl/web/weather/ic-w-04-scattered-clouds-full.svg,Hải Phòng,-0.4145901334616876,0,2.6651800883447003,0
2025-05-21 13:00:00+07:00,57.0,25.9,74.0,/dl/web/weather/ic-w-04-scattered-clouds-full.svg,Hải Phòng,-0.4686302232737896,0,2.6651800883447003,0
2025-05-21 14:00:00+07:00,56.0,24.1,74.0,/dl/web/weather/ic-w-04-scattered-clouds-full.svg,Hải Phòng,-0.4956502681798406,0,2.3589619850009704,0
2025-05-21 15:00:00+07:00,56.0,18.5,79.0,/dl/web/weather/ic-w-04-scattered-clouds-full.svg,Hải Phòng,-0.4956502681798406,0,1.4062834412649197,0
2025-05-21 16:00:00+07:00,55.0,20.4,74.0,/dl/web/weather/ic-w-04-scattered-clouds-full.svg,Hải Phòng,-0.5226703130858916,0,1.7295136614610795,0
2025-05-21 17:00:00+07:00,55.0,22.2,74.0,/dl/web/weather/ic-w-04-scattered-clouds-full.svg,Hải Phòng,-0.5226703130858916,0,2.03573176480481,0
2025-05-21 18:00:00+07:00,55.0,20.4,79.0,/dl/web/weather/ic-w-04-scattered-clouds-full.svg,Hải Phòng,-0.5226703130858916,0,1.7295136614610795,0
2025-05-21 19:00:00+07:00,56.0,14.8,84.0,/dl/web/weather/ic-w-11-night-few-clouds-full.svg,Hải Phòng,-0.4956502681798406,0,0.7768351177250294,0
2025-05-21 20:00:00+07:00,55.0,14.8,84.0,/dl/web/weather/ic-w-11-night-few-clouds-full.svg,Hải Phòng,-0.5226703130858916,0,0.7768351177250294,0
2025-05-21 21:00:00+07:00,55.0,13.0,84.0,/dl/web/weather/ic-w-11-night-few-clouds-full.svg,Hải Phòng,-0.5226703130858916,0,0.4706170143812988,0
2025-05-21 22:00:00+07:00,55.0,11.1,84.0,/dl/web/weather/ic-w-04-scattered-clouds-full.svg,Hải Phòng,-0.5226703130858916,0,0.14738679418513878,0
2025-05-21 23:00:00+07:00,54.0,16.7,84.0,/dl/web/weather/ic-w-04-scattered-clouds-full.svg,Hải Phòng,-0.5496903579919425,0,1.100065337921189,0
2025-05-22 00:00:00+07:00,53.0,13.0,84.0,/dl/web/weather/ic-w-11-night-few-clouds-full.svg,Hải Phòng,-0.5767104028979936,0,0.4706170143812988,0
2025-05-22 01:00:00+07:00,53.0,11.1,89.0,/dl/web/weather/ic-w-10-night-clear-sky-full.svg,Hải Phòng,-0.5767104028979936,0,0.14738679418513878,0
2025-05-22 02:00:00+07:00,53.0,11.1,89.0,/dl/web/weather/ic-w-11-night-few-clouds-full.svg,Hải Phòng,-0.5767104028979936,0,0.14738679418513878,0
2025-05-22 03:00:00+07:00,53.0,13.0,89.0,/dl/web/weather/ic-w-11-night-few-clouds-full.svg,Hải Phòng,-0.5767104028979936,0,0.4706170143812988,0
2025-05-22 04:00:00+07:00,50.0,13.0,89.0,/dl/web/weather/ic-w-04-scattered-clouds-full.svg,Hải Phòng,-0.6577705376161466,0,0.4706170143812988,0
2025-05-22 05:00:00+07:00,39.0,16.7,89.0,/dl/web/weather/ic-w-04-scattered-clouds-full.svg,Hải Phòng,-0.9549910315827075,0,1.100065337921189,0
2025-05-22 06:00:00+07:00,33.0,16.7,89.0,/dl/web/weather/ic-w-04-scattered-clouds-full.svg,Hải Phòng,-1.1171113010190135,0,1.100065337921189,0
2025-05-22 07:00:00+07:00,33.0,20.4,84.0,/dl/web/weather/ic-w-04-scattered-clouds-full.svg,Hải Phòng,-1.1171113010190135,0,1.7295136614610795,0
2025-05-22 08:00:00+07:00,33.0,20.4,79.0,/dl/web/weather/ic-w-04-scattered-clouds-full.svg,Hải Phòng,-1.1171113010190135,0,1.7295136614610795,0
2025-05-22 09:00:00+07:00,42.0,22.2,84.0,/dl/web/weather/ic-w-04-scattered-clouds-full.svg,Hải Phòng,-0.8739308968645545,0,2.03573176480481,0
2025-05-22 10:00:00+07:00,42.0,22.2,79.0,/dl/web/weather/ic-w-04-scattered-clouds-full.svg,Hải Phòng,-0.8739308968645545,0,2.03573176480481,0
2025-05-22 11:00:00+07:00,42.0,16.7,79.0,/dl/web/weather/ic-w-04-scattered-clouds-full.svg,Hải Phòng,-0.8739308968645545,0,1.100065337921189,0
2025-05-22 12:00:00+07:00,47.0,18.5,79.0,/dl/web/weather/ic-w-04-scattered-clouds-full.svg,Hải Phòng,-0.7388306723342996,0,1.4062834412649197,0
2025-05-22 13:00:00+07:00,47.0,18.5,79.0,/dl/web/weather/ic-w-04-scattered-clouds-full.svg,Hải Phòng,-0.7388306723342996,0,1.4062834412649197,0
2025-05-22 14:00:00+07:00,47.0,22.2,74.0,/dl/web/weather/ic-w-04-scattered-clouds-full.svg,Hải Phòng,-0.7388306723342996,0,2.03573176480481,0
2025-05-22 15:00:00+07:00,39.0,18.5,74.0,/dl/web/weather/ic-w-04-scattered-clouds-full.svg,Hải Phòng,-0.9549910315827075,0,1.4062834412649197,0
2025-05-22 16:00:00+07:00,44.0,22.2,74.0,/dl/web/weather/ic-w-04-scattered-clouds-full.svg,Hải Phòng,-0.8198908070524525,0,2.03573176480481,0
2025-05-22 17:00:00+07:00,31.0,18.5,74.0,/dl/web/weather/ic-w-02-new-clouds-full.svg,Hải Phòng,-1.1711513908311155,0,1.4062834412649197,0
2025-05-22 18:00:00+07:00,28.0,20.4,79.0,/dl/web/weather/ic-w-02-new-clouds-full.svg,Hải Phòng,-1.2522115255492685,0,1.7295136614610795,0
2025-05-22 19:00:00+07:00,31.0,13.0,84.0,/dl/web/weather/ic-w-11-night-few-clouds-full.svg,Hải Phòng,-1.1711513908311155,0,0.4706170143812988,0
2025-05-22 20:00:00+07:00,17.0,11.1,84.0,/dl/web/weather/ic-w-10-night-clear-sky-full.svg,Hải Phòng,-1.5494320195158295,0,0.14738679418513878,0
2025-05-22 21:00:00+07:00,22.0,11.1,84.0,/dl/web/weather/ic-w-10-night-clear-sky-full.svg,Hải Phòng,-1.4143317949855745,0,0.14738679418513878,0
2025-05-22 22:00:00+07:00,28.0,9.2,84.0,/dl/web/weather/ic-w-04-scattered-clouds-full.svg,Hải Phòng,-1.2522115255492685,0,-0.17584342601102124,0
2025-05-22 23:00:00+07:00,19.0,11.1,84.0,/dl/web/weather/ic-w-04-scattered-clouds-full.svg,Hải Phòng,-1.4953919297037275,0,0.14738679418513878,0
2025-05-23 00:00:00+07:00,19.0,9.2,84.0,/dl/web/weather/ic-w-04-scattered-clouds-full.svg,Hải Phòng,-1.4953919297037275,0,-0.17584342601102124,0
2025-05-23 01:00:00+07:00,22.0,9.2,89.0,/dl/web/weather/ic-w-04-scattered-clouds-full.svg,Hải Phòng,-1.4143317949855745,0,-0.17584342601102124,0
2025-05-23 02:00:00+07:00,22.0,9.2,84.0,/dl/web/weather/ic-w-04-scattered-clouds-full.svg,Hải Phòng,-1.4143317949855745,0,-0.17584342601102124,0
2025-05-23 03:00:00+07:00,22.0,13.0,84.0,/dl/web/weather/ic-w-04-scattered-clouds-full.svg,Hải Phòng,-1.4143317949855745,0,0.4706170143812988,0
2025-05-23 04:00:00+07:00,22.0,13.0,84.0,/dl/web/weather/ic-w-04-scattered-clouds-full.svg,Hải Phòng,-1.4143317949855745,0,0.4706170143812988,0
2025-05-23 05:00:00+07:00,22.0,13.0,84.0,/dl/web/weather/ic-w-04-scattered-clouds-full.svg,Hải Phòng,-1.4143317949855745,0,0.4706170143812988,0
2025-05-23 06:00:00+07:00,19.0,13.0,84.0,/dl/web/weather/ic-w-06-rain-full.svg,Hải Phòng,-1.4953919297037275,0,0.4706170143812988,0
2025-05-23 07:00:00+07:00,19.0,13.0,84.0,/dl/web/weather/ic-w-04-scattered-clouds-full.svg,Hải Phòng,-1.4953919297037275,0,0.4706170143812988,0
2025-05-23 08:00:00+07:00,19.0,11.1,79.0,/dl/web/weather/ic-w-04-scattered-clouds-full.svg,Hải Phòng,-1.4953919297037275,0,0.14738679418513878,0
2025-05-23 09:00:00+07:00,17.0,14.8,84.0,/dl/web/weather/ic-w-04-scattered-clouds-full.svg,Hải Phòng,-1.5494320195158295,0,0.7768351177250294,0
2025-05-23 10:00:00+07:00,17.0,18.5,79.0,/dl/web/weather/ic-w-04-scattered-clouds-full.svg,Hải Phòng,-1.5494320195158295,0,1.4062834412649197,0
2025-05-23 11:00:00+07:00,17.0,18.5,74.0,/dl/web/weather/ic-w-04-scattered-clouds-full.svg,Hải Phòng,-1.5494320195158295,0,1.4062834412649197,0
2025-05-23 12:00:00+07:00,19.0,20.4,70.0,/dl/web/weather/ic-w-04-scattered-clouds-full.svg,Hải Phòng,-1.4953919297037275,0,1.7295136614610795,0
2025-05-23 13:00:00+07:00,17.0,24.1,70.0,/dl/web/weather/ic-w-04-scattered-clouds-full.svg,Hải Phòng,-1.5494320195158295,0,2.3589619850009704,0
2025-05-23 14:00:00+07:00,22.0,13.0,74.0,/dl/web/weather/ic-w-06-rain-full.svg,Hải Phòng,-1.4143317949855745,0,0.4706170143812988,0
2025-05-23 15:00:00+07:00,17.0,14.8,94.0,/dl/web/weather/ic-w-06-rain-full.svg,Hải Phòng,-1.5494320195158295,0,0.7768351177250294,0
2025-05-23 16:00:00+07:00,28.0,9.2,94.0,/dl/web/weather/ic-w-06-rain-full.svg,Hải Phòng,-1.2522115255492685,0,-0.17584342601102124,0
2025-05-23 17:00:00+07:00,39.0,5.5,94.0,/dl/web/weather/ic-w-06-rain-full.svg,Hải Phòng,-0.9549910315827075,0,-0.8052917495509115,0
2025-05-23 18:00:00+07:00,47.0,7.4,94.0,/dl/web/weather/ic-w-01-clear-sky-full.svg,Hải Phòng,-0.7388306723342996,0,-0.48206152935475155,0
2025-05-23 19:00:00+07:00,39.0,1.8,89.0,/dl/web/weather/ic-w-10-night-clear-sky-full.svg,Hải Phòng,-0.9549910315827075,0,-1.434740073090802,0
2025-05-23 20:00:00+07:00,42.0,3.7,89.0,/dl/web/weather/ic-w-10-night-clear-sky-full.svg,Hải Phòng,-0.8739308968645545,0,-1.111509852894642,0
2025-05-23 21:00:00+07:00,42.0,1.8,89.0,/dl/web/weather/ic-w-10-night-clear-sky-full.svg,Hải Phòng,-0.8739308968645545,0,-1.434740073090802,0
2025-05-23 22:00:00+07:00,55.0,5.5,94.0,/dl/web/weather/ic-w-10-night-clear-sky-full.svg,Hải Phòng,-0.5226703130858916,0,-0.8052917495509115,0
2025-05-23 23:00:00+07:00,65.0,6.9,93.0,/dl/web/weather/ic-w-04-scattered-clouds-full.svg,Hải Phòng,-0.25246986402538163,0,-0.5671221136168989,0
2025-05-24 00:00:00+07:00,91.0,7.4,94.0,/dl/web/weather/ic-w-04-scattered-clouds-full.svg,Hải Phòng,0.4500513035319443,0,-0.48206152935475155,0
2025-05-24 01:00:00+07:00,88.0,3.7,94.0,/dl/web/weather/ic-w-04-scattered-clouds-full.svg,Hải Phòng,0.3689911688137913,0,-1.111509852894642,0
2025-05-24 02:00:00+07:00,113.0,5.5,94.0,/dl/web/weather/ic-w-04-scattered-clouds-full.svg,Hải Phòng,1.0444922914650663,0,-0.8052917495509115,0
2025-05-24 03:00:00+07:00,96.0,3.7,94.0,/dl/web/weather/ic-w-12-night-rain-full.svg,Hải Phòng,0.5851515280621993,0,-1.111509852894642,0
2025-05-24 04:00:00+07:00,94.0,5.5,94.0,/dl/web/weather/ic-w-04-scattered-clouds-full.svg,Hải Phòng,0.5311114382500972,0,-0.8052917495509115,0
2025-05-24 05:00:00+07:00,94.0,18.5,83.0,/dl/web/weather/ic-w-12-night-rain-full.svg,Hải Phòng,0.5311114382500972,0,1.4062834412649197,0
2025-05-24 06:00:00+07:00,65.0,7.2,88.0,/dl/web/weather/ic-w-06-rain-full.svg,Hải Phòng,-0.25246986402538163,0,-0.5160857630596105,0
2025-05-24 07:00:00+07:00,33.0,7.4,100.0,/dl/web/weather/ic-w-06-rain-full.svg,Hải Phòng,-1.1171113010190135,0,-0.48206152935475155,0
2025-05-24 08:00:00+07:00,28.0,13.0,94.0,/dl/web/weather/ic-w-04-scattered-clouds-full.svg,Hải Phòng,-1.2522115255492685,0,0.4706170143812988,0
2025-05-24 09:00:00+07:00,36.0,9.2,94.0,/dl/web/weather/ic-w-04-scattered-clouds-full.svg,Hải Phòng,-1.0360511663008605,0,-0.17584342601102124,0
2025-05-24 10:00:00+07:00,39.0,11.1,94.0,/dl/web/weather/ic-w-04-scattered-clouds-full.svg,Hải Phòng,-0.9549910315827075,0,0.14738679418513878,0
2025-05-24 11:00:00+07:00,39.0,14.8,84.0,/dl/web/weather/ic-w-04-scattered-clouds-full.svg,Hải Phòng,-0.9549910315827075,0,0.7768351177250294,0
2025-05-24 12:00:00+07:00,28.0,7.4,74.0,/dl/web/weather/ic-w-06-rain-full.svg,Hải Phòng,-1.2522115255492685,0,-0.48206152935475155,0
2025-05-24 13:00:00+07:00,19.0,7.4,78.0,/dl/web/weather/ic-w-06-rain-full.svg,Hải Phòng,-1.4953919297037275,0,-0.48206152935475155,0
2025-05-24 14:00:00+07:00,25.0,11.1,70.0,/dl/web/weather/ic-w-04-scattered-clouds-full.svg,Hải Phòng,-1.3332716602674215,0,0.14738679418513878,0
2025-05-24 15:00:00+07:00,33.0,9.2,74.0,/dl/web/weather/ic-w-04-scattered-clouds-full.svg,Hải Phòng,-1.1171113010190135,0,-0.17584342601102124,0
2025-05-24 16:00:00+07:00,44.0,7.4,74.0,/dl/web/weather/ic-w-04-scattered-clouds-full.svg,Hải Phòng,-0.8198908070524525,0,-0.48206152935475155,0
2025-05-24 17:00:00+07:00,42.0,11.1,78.0,/dl/web/weather/ic-w-04-scattered-clouds-full.svg,Hải Phòng,-0.8739308968645545,0,0.14738679418513878,0
2025-05-24 18:00:00+07:00,39.0,14.8,74.0,/dl/web/weather/ic-w-02-new-clouds-full.svg,Hải Phòng,-0.9549910315827075,0,0.7768351177250294,0
2025-05-24 19:00:00+07:00,39.0,13.0,73.0,/dl/web/weather/ic-w-04-scattered-clouds-full.svg,Hải Phòng,-0.9549910315827075,0,0.4706170143812988,0
2025-05-24 20:00:00+07:00,47.0,13.0,69.0,/dl/web/weather/ic-w-04-scattered-clouds-full.svg,Hải Phòng,-0.7388306723342996,0,0.4706170143812988,0
2025-05-24 21:00:00+07:00,47.0,9.2,78.0,/dl/web/weather/ic-w-04-scattered-clouds-full.svg,Hải Phòng,-0.7388306723342996,0,-0.17584342601102124,0
2025-05-24 22:00:00+07:00,53.0,7.4,94.0,/dl/web/weather/ic-w-04-scattered-clouds-full.svg,Hải Phòng,-0.5767104028979936,0,-0.48206152935475155,0
2025-05-24 23:00:00+07:00,53.0,9.2,88.0,/dl/web/weather/ic-w-04-scattered-clouds-full.svg,Hải Phòng,-0.5767104028979936,0,-0.17584342601102124,0
2025-05-25 00:00:00+07:00,55.0,11.1,94.0,/dl/web/weather/ic-w-04-scattered-clouds-full.svg,Hải Phòng,-0.5226703130858916,0,0.14738679418513878,0
2025-05-25 01:00:00+07:00,56.0,9.2,94.0,/dl/web/weather/ic-w-04-scattered-clouds-full.svg,Hải Phòng,-0.4956502681798406,0,-0.17584342601102124,0
2025-05-25 02:00:00+07:00,58.0,9.2,94.0,/dl/web/weather/ic-w-04-scattered-clouds-full.svg,Hải Phòng,-0.4416101783677386,0,-0.17584342601102124,0
2025-05-25 03:00:00+07:00,69.0,7.4,94.0,/dl/web/weather/ic-w-04-scattered-clouds-full.svg,Hải Phòng,-0.14438968440117764,0,-0.48206152935475155,0
2025-05-25 04:00:00+07:00,69.0,11.1,94.0,/dl/web/weather/ic-w-04-scattered-clouds-full.svg,Hải Phòng,-0.14438968440117764,0,0.14738679418513878,0
2025-05-25 05:00:00+07:00,69.0,9.2,88.0,/dl/web/weather/ic-w-04-scattered-clouds-full.svg,Hải Phòng,-0.14438968440117764,0,-0.17584342601102124,0
2025-05-25 06:00:00+07:00,69.0,7.4,88.0,/dl/web/weather/ic-w-04-scattered-clouds-full.svg,Hải Phòng,-0.14438968440117764,0,-0.48206152935475155,0
2025-05-25 07:00:00+07:00,70.0,7.4,88.0,/dl/web/weather/ic-w-04-scattered-clouds-full.svg,Hải Phòng,-0.11736963949512665,0,-0.48206152935475155,0
2025-05-25 08:00:00+07:00,74.0,9.2,88.0,/dl/web/weather/ic-w-04-scattered-clouds-full.svg,Hải Phòng,-0.00928945987092266,0,-0.17584342601102124,0
2025-05-25 09:00:00+07:00,73.0,11.1,78.0,/dl/web/weather/ic-w-04-scattered-clouds-full.svg,Hải Phòng,-0.03630950477697366,0,0.14738679418513878,0
2025-05-25 10:00:00+07:00,69.0,9.2,78.0,/dl/web/weather/ic-w-04-scattered-clouds-full.svg,Hải Phòng,-0.14438968440117764,0,-0.17584342601102124,0
2025-05-25 11:00:00+07:00,69.0,9.2,73.0,/dl/web/weather/ic-w-04-scattered-clouds-full.svg,Hải Phòng,-0.14438968440117764,0,-0.17584342601102124,0
2025-05-25 12:00:00+07:00,63.0,5.5,65.0,/dl/web/weather/ic-w-04-scattered-clouds-full.svg,Hải Phòng,-0.30650995383748364,0,-0.8052917495509115,0
2025-05-25 13:00:00+07:00,63.0,3.7,65.0,/dl/web/weather/ic-w-04-scattered-clouds-full.svg,Hải Phòng,-0.30650995383748364,0,-1.111509852894642,0
2025-05-25 14:00:00+07:00,64.0,11.1,69.0,/dl/web/weather/ic-w-04-scattered-clouds-full.svg,Hải Phòng,-0.2794899089314326,0,0.14738679418513878,0
2025-05-25 15:00:00+07:00,69.0,9.2,65.0,/dl/web/weather/ic-w-04-scattered-clouds-full.svg,Hải Phòng,-0.14438968440117764,0,-0.17584342601102124,0
2025-05-25 16:00:00+07:00,72.0,13.0,69.0,/dl/web/weather/ic-w-04-scattered-clouds-full.svg,Hải Phòng,-0.06332954968302465,0,0.4706170143812988,0
2025-05-25 17:00:00+07:00,72.0,14.8,65.0,/dl/web/weather/ic-w-04-scattered-clouds-full.svg,Hải Phòng,-0.06332954968302465,0,0.7768351177250294,0
2025-05-25 18:00:00+07:00,75.0,14.8,65.0,/dl/web/weather/ic-w-04-scattered-clouds-full.svg,Hải Phòng,0.017730585035128334,0,0.7768351177250294,0
2025-05-25 19:00:00+07:00,80.0,14.8,69.0,/dl/web/weather/ic-w-04-scattered-clouds-full.svg,Hải Phòng,0.1528308095653833,0,0.7768351177250294,0
2025-05-25 20:00:00+07:00,84.0,16.7,65.0,/dl/web/weather/ic-w-04-scattered-clouds-full.svg,Hải Phòng,0.26091098918958733,0,1.100065337921189,0
2025-05-25 21:00:00+07:00,85.0,14.8,65.0,/dl/web/weather/ic-w-04-scattered-clouds-full.svg,Hải Phòng,0.2879310340956383,0,0.7768351177250294,0
2025-05-25 22:00:00+07:00,93.0,13.0,65.0,/dl/web/weather/ic-w-04-scattered-clouds-full.svg,Hải Phòng,0.5040913933440463,0,0.4706170143812988,0
2025-05-25 23:00:00+07:00,96.0,7.4,69.0,/dl/web/weather/ic-w-12-night-rain-full.svg,Hải Phòng,0.5851515280621993,0,-0.48206152935475155,0
2025-05-26 00:00:00+07:00,96.0,9.2,69.0,/dl/web/weather/ic-w-04-scattered-clouds-full.svg,Hải Phòng,0.5851515280621993,0,-0.17584342601102124,0
2025-05-26 01:00:00+07:00,98.0,9.2,69.0,/dl/web/weather/ic-w-04-scattered-clouds-full.svg,Hải Phòng,0.6391916178743012,0,-0.17584342601102124,0
2025-05-26 02:00:00+07:00,102.0,5.5,64.0,/dl/web/weather/ic-w-10-night-clear-sky-full.svg,Hải Phòng,0.7472717974985053,0,-0.8052917495509115,0
2025-05-26 03:00:00+07:00,99.0,5.5,73.0,/dl/web/weather/ic-w-11-night-few-clouds-full.svg,Hải Phòng,0.6662116627803523,0,-0.8052917495509115,0
2025-05-26 04:00:00+07:00,101.0,9.2,73.0,/dl/web/weather/ic-w-10-night-clear-sky-full.svg,Hải Phòng,0.7202517525924542,0,-0.17584342601102124,0
2025-05-26 05:00:00+07:00,102.0,11.1,73.0,/dl/web/weather/ic-w-10-night-clear-sky-full.svg,Hải Phòng,0.7472717974985053,0,0.14738679418513878,0
2025-05-26 06:00:00+07:00,102.0,9.2,73.0,/dl/web/weather/ic-w-01-clear-sky-full.svg,Hải Phòng,0.7472717974985053,0,-0.17584342601102124,0
2025-05-26 07:00:00+07:00,103.0,9.2,73.0,/dl/web/weather/ic-w-04-scattered-clouds-full.svg,Hải Phòng,0.7742918424045563,0,-0.17584342601102124,0
2025-05-26 08:00:00+07:00,101.0,11.1,69.0,/dl/web/weather/ic-w-04-scattered-clouds-full.svg,Hải Phòng,0.7202517525924542,0,0.14738679418513878,0
2025-05-26 09:00:00+07:00,92.0,7.4,69.0,/dl/web/weather/ic-w-04-scattered-clouds-full.svg,Hải Phòng,0.47707134843799526,0,-0.48206152935475155,0
2025-05-26 10:00:00+07:00,92.0,9.2,65.0,/dl/web/weather/ic-w-04-scattered-clouds-full.svg,Hải Phòng,0.47707134843799526,0,-0.17584342601102124,0
2025-05-26 11:00:00+07:00,92.0,9.2,65.0,/dl/web/weather/ic-w-04-scattered-clouds-full.svg,Hải Phòng,0.47707134843799526,0,-0.17584342601102124,0
2025-05-26 12:00:00+07:00,95.0,9.2,65.0,/dl/web/weather/ic-w-04-scattered-clouds-full.svg,Hải Phòng,0.5581314831561482,0,-0.17584342601102124,0
2025-05-26 13:00:00+07:00,93.0,7.4,65.0,/dl/web/weather/ic-w-04-scattered-clouds-full.svg,Hải Phòng,0.5040913933440463,0,-0.48206152935475155,0
2025-05-26 14:00:00+07:00,91.0,9.2,61.0,/dl/web/weather/ic-w-04-scattered-clouds-full.svg,Hải Phòng,0.4500513035319443,0,-0.17584342601102124,0
2025-05-26 15:00:00+07:00,90.0,7.4,61.0,/dl/web/weather/ic-w-04-scattered-clouds-full.svg,Hải Phòng,0.4230312586258933,0,-0.48206152935475155,0
2025-05-26 17:00:00+07:00,94.0,9.2,61.0,/dl/web/weather/ic-w-04-scattered-clouds-full.svg,Hải Phòng,0.5311114382500972,0,-0.17584342601102124,0
2025-05-26 18:00:00+07:00,96.0,7.4,65.0,/dl/web/weather/ic-w-04-scattered-clouds-full.svg,Hải Phòng,0.5851515280621993,0,-0.48206152935475155,0
2025-05-26 19:00:00+07:00,94.0,7.4,69.0,/dl/web/weather/ic-w-04-scattered-clouds-full.svg,Hải Phòng,0.5311114382500972,0,-0.48206152935475155,0
2025-05-26 20:00:00+07:00,97.0,11.1,69.0,/dl/web/weather/ic-w-04-scattered-clouds-full.svg,Hải Phòng,0.6121715729682503,0,0.14738679418513878,0
2025-05-26 21:00:00+07:00,92.0,9.2,69.0,/dl/web/weather/ic-w-04-scattered-clouds-full.svg,Hải Phòng,0.47707134843799526,0,-0.17584342601102124,0
2025-05-26 22:00:00+07:00,96.0,11.1,69.0,/dl/web/weather/ic-w-04-scattered-clouds-full.svg,Hải Phòng,0.5851515280621993,0,0.14738679418513878,0
2025-05-26 23:00:00+07:00,89.0,9.2,69.0,/dl/web/weather/ic-w-04-scattered-clouds-full.svg,Hải Phòng,0.39601121371984227,0,-0.17584342601102124,0
2025-05-27 00:00:00+07:00,85.0,13.0,69.0,/dl/web/weather/ic-w-04-scattered-clouds-full.svg,Hải Phòng,0.2879310340956383,0,0.4706170143812988,0
2025-05-27 01:00:00+07:00,86.0,11.1,69.0,/dl/web/weather/ic-w-04-scattered-clouds-full.svg,Hải Phòng,0.3149510790016893,0,0.14738679418513878,0
2025-05-27 02:00:00+07:00,92.0,7.4,73.0,/dl/web/weather/ic-w-04-scattered-clouds-full.svg,Hải Phòng,0.47707134843799526,0,-0.48206152935475155,0
2025-05-27 03:00:00+07:00,93.0,9.2,73.0,/dl/web/weather/ic-w-04-scattered-clouds-full.svg,Hải Phòng,0.5040913933440463,0,-0.17584342601102124,0
2025-05-27 04:00:00+07:00,94.0,7.4,73.0,/dl/web/weather/ic-w-04-scattered-clouds-full.svg,Hải Phòng,0.5311114382500972,0,-0.48206152935475155,0
2025-05-27 05:00:00+07:00,94.0,9.2,73.0,/dl/web/weather/ic-w-04-scattered-clouds-full.svg,Hải Phòng,0.5311114382500972,0,-0.17584342601102124,0
2025-05-27 06:00:00+07:00,94.0,9.2,73.0,/dl/web/weather/ic-w-04-scattered-clouds-full.svg,Hải Phòng,0.5311114382500972,0,-0.17584342601102124,0
2025-05-27 07:00:00+07:00,98.0,9.2,78.0,/dl/web/weather/ic-w-04-scattered-clouds-full.svg,Hải Phòng,0.6391916178743012,0,-0.17584342601102124,0
2025-05-27 08:00:00+07:00,106.0,13.0,73.0,/dl/web/weather/ic-w-04-scattered-clouds-full.svg,Hải Phòng,0.8553519771227093,0,0.4706170143812988,0
2025-05-27 09:00:00+07:00,102.0,14.8,69.0,/dl/web/weather/ic-w-04-scattered-clouds-full.svg,Hải Phòng,0.7472717974985053,0,0.7768351177250294,0
2025-05-27 10:00:00+07:00,108.0,11.1,65.0,/dl/web/weather/ic-w-04-scattered-clouds-full.svg,Hải Phòng,0.9093920669348112,0,0.14738679418513878,0
2025-05-27 11:00:00+07:00,108.0,16.7,69.0,/dl/web/weather/ic-w-04-scattered-clouds-full.svg,Hải Phòng,0.9093920669348112,0,1.100065337921189,0
2025-05-27 12:00:00+07:00,113.0,14.8,69.0,/dl/web/weather/ic-w-04-scattered-clouds-full.svg,Hải Phòng,1.0444922914650663,0,0.7768351177250294,0
2025-05-27 13:00:00+07:00,131.0,16.7,74.0,/dl/web/weather/ic-w-06-rain-full.svg,Hải Phòng,1.5308530997739842,0,1.100065337921189,0
2025-05-27 14:00:00+07:00,139.0,18.5,74.0,/dl/web/weather/ic-w-02-new-clouds-full.svg,Hải Phòng,1.747013459022392,0,1.4062834412649197,0
2025-05-27 15:00:00+07:00,127.0,13.0,70.0,/dl/web/weather/ic-w-06-rain-full.svg,Hải Phòng,1.42277292014978,0,0.4706170143812988,0
2025-05-27 16:00:00+07:00,122.0,9.2,74.0,/dl/web/weather/ic-w-04-scattered-clouds-full.svg,Hải Phòng,1.2876726956195252,0,-0.17584342601102124,0
2025-05-27 17:00:00+07:00,132.0,9.2,74.0,/dl/web/weather/ic-w-04-scattered-clouds-full.svg,Hải Phòng,1.5578731446800351,0,-0.17584342601102124,0
2025-05-27 18:00:00+07:00,128.0,9.2,74.0,/dl/web/weather/ic-w-04-scattered-clouds-full.svg,Hải Phòng,1.4497929650558312,0,-0.17584342601102124,0
2025-05-27 19:00:00+07:00,126.0,7.4,74.0,/dl/web/weather/ic-w-04-scattered-clouds-full.svg,Hải Phòng,1.3957528752437292,0,-0.48206152935475155,0
2025-05-27 20:00:00+07:00,116.0,5.5,78.0,/dl/web/weather/ic-w-04-scattered-clouds-full.svg,Hải Phòng,1.1255524261832193,0,-0.8052917495509115,0
2025-05-27 21:00:00+07:00,113.0,5.5,89.0,/dl/web/weather/ic-w-04-scattered-clouds-full.svg,Hải Phòng,1.0444922914650663,0,-0.8052917495509115,0
2025-05-27 22:00:00+07:00,106.0,3.7,89.0,/dl/web/weather/ic-w-04-scattered-clouds-full.svg,Hải Phòng,0.8553519771227093,0,-1.111509852894642,0
2025-05-27 23:00:00+07:00,115.0,3.7,89.0,/dl/web/weather/ic-w-04-scattered-clouds-full.svg,Hải Phòng,1.0985323812771681,0,-1.111509852894642,0
2025-05-28 00:00:00+07:00,112.0,3.7,94.0,/dl/web/weather/ic-w-09-mist-full.svg,Hải Phòng,1.0174722465590151,0,-1.111509852894642,0
2025-05-28 01:00:00+07:00,97.0,5.5,100.0,/dl/web/weather/ic-w-04-scattered-clouds-full.svg,Hải Phòng,0.6121715729682503,0,-0.8052917495509115,0
2025-05-28 02:00:00+07:00,108.0,5.5,100.0,/dl/web/weather/ic-w-09-mist-full.svg,Hải Phòng,0.9093920669348112,0,-0.8052917495509115,0
2025-05-28 03:00:00+07:00,118.0,5.5,94.0,/dl/web/weather/ic-w-09-mist-full.svg,Hải Phòng,1.1795925159953211,0,-0.8052917495509115,0
2025-05-28 04:00:00+07:00,95.0,3.7,94.0,/dl/web/weather/ic-w-09-mist-full.svg,Hải Phòng,0.5581314831561482,0,-1.111509852894642,0
2025-05-28 05:00:00+07:00,121.0,5.5,94.0,/dl/web/weather/ic-w-09-mist-full.svg,Hải Phòng,1.260652650713474,0,-0.8052917495509115,0
2025-05-28 06:00:00+07:00,74.0,3.7,94.0,/dl/web/weather/ic-w-09-mist-full.svg,Hải Phòng,-0.00928945987092266,0,-1.111509852894642,0
2025-05-28 07:00:00+07:00,82.0,0.0,100.0,/dl/web/weather/ic-w-09-mist-full.svg,Hải Phòng,0.20687089937748532,0,-1.7409581764345325,0
2025-05-28 08:00:00+07:00,63.0,9.2,94.0,/dl/web/weather/ic-w-04-scattered-clouds-full.svg,Hải Phòng,-0.30650995383748364,0,-0.17584342601102124,0
2025-05-28 09:00:00+07:00,33.0,9.2,89.0,/dl/web/weather/ic-w-04-scattered-clouds-full.svg,Hải Phòng,-1.1171113010190135,0,-0.17584342601102124,0
2025-05-28 10:00:00+07:00,33.0,7.4,89.0,/dl/web/weather/ic-w-04-scattered-clouds-full.svg,Hải Phòng,-1.1171113010190135,0,-0.48206152935475155,0
2025-05-28 11:00:00+07:00,33.0,7.4,84.0,/dl/web/weather/ic-w-04-scattered-clouds-full.svg,Hải Phòng,-1.1171113010190135,0,-0.48206152935475155,0
2025-05-28 12:00:00+07:00,28.0,9.2,79.0,/dl/web/weather/ic-w-04-scattered-clouds-full.svg,Hải Phòng,-1.2522115255492685,0,-0.17584342601102124,0
2025-05-28 13:00:00+07:00,25.0,14.8,79.0,/dl/web/weather/ic-w-04-scattered-clouds-full.svg,Hải Phòng,-1.3332716602674215,0,0.7768351177250294,0
2025-05-28 14:00:00+07:00,25.0,13.0,74.0,/dl/web/weather/ic-w-04-scattered-clouds-full.svg,Hải Phòng,-1.3332716602674215,0,0.4706170143812988,0
2025-05-28 15:00:00+07:00,25.0,13.0,74.0,/dl/web/weather/ic-w-04-scattered-clouds-full.svg,Hải Phòng,-1.3332716602674215,0,0.4706170143812988,0
2025-05-28 16:00:00+07:00,33.0,16.7,74.0,/dl/web/weather/ic-w-02-new-clouds-full.svg,Hải Phòng,-1.1171113010190135,0,1.100065337921189,0
2025-05-28 17:00:00+07:00,44.0,16.7,74.0,/dl/web/weather/ic-w-02-new-clouds-full.svg,Hải Phòng,-0.8198908070524525,0,1.100065337921189,0
2025-05-28 18:00:00+07:00,42.0,14.8,79.0,/dl/web/weather/ic-w-02-new-clouds-full.svg,Hải Phòng,-0.8739308968645545,0,0.7768351177250294,0
2025-05-28 19:00:00+07:00,39.0,18.5,83.0,/dl/web/weather/ic-w-10-night-clear-sky-full.svg,Hải Phòng,-0.9549910315827075,0,1.4062834412649197,0
2025-05-28 20:00:00+07:00,44.0,11.1,83.0,/dl/web/weather/ic-w-11-night-few-clouds-full.svg,Hải Phòng,-0.8198908070524525,0,0.14738679418513878,0
2025-05-28 21:00:00+07:00,47.0,13.0,83.0,/dl/web/weather/ic-w-10-night-clear-sky-full.svg,Hải Phòng,-0.7388306723342996,0,0.4706170143812988,0
2025-05-28 22:00:00+07:00,47.0,13.0,83.0,/dl/web/weather/ic-w-11-night-few-clouds-full.svg,Hải Phòng,-0.7388306723342996,0,0.4706170143812988,0
2025-05-28 23:00:00+07:00,58.0,13.0,89.0,/dl/web/weather/ic-w-11-night-few-clouds-full.svg,Hải Phòng,-0.4416101783677386,0,0.4706170143812988,0
2025-05-29 00:00:00+07:00,73.0,9.2,89.0,/dl/web/weather/ic-w-04-scattered-clouds-full.svg,Hải Phòng,-0.03630950477697366,0,-0.17584342601102124,0
2025-05-29 01:00:00+07:00,58.0,11.1,89.0,/dl/web/weather/ic-w-11-night-few-clouds-full.svg,Hải Phòng,-0.4416101783677386,0,0.14738679418513878,0
2025-05-29 02:00:00+07:00,60.0,7.4,89.0,/dl/web/weather/ic-w-11-night-few-clouds-full.svg,Hải Phòng,-0.3875700885556366,0,-0.48206152935475155,0
2025-05-29 03:00:00+07:00,56.0,9.2,89.0,/dl/web/weather/ic-w-04-scattered-clouds-full.svg,Hải Phòng,-0.4956502681798406,0,-0.17584342601102124,0
2025-05-29 04:00:00+07:00,55.0,5.5,89.0,/dl/web/weather/ic-w-11-night-few-clouds-full.svg,Hải Phòng,-0.5226703130858916,0,-0.8052917495509115,0
2025-05-29 05:00:00+07:00,50.0,5.5,89.0,/dl/web/weather/ic-w-04-scattered-clouds-full.svg,Hải Phòng,-0.6577705376161466,0,-0.8052917495509115,0
2025-05-29 06:00:00+07:00,55.0,3.7,89.0,/dl/web/weather/ic-w-06-rain-full.svg,Hải Phòng,-0.5226703130858916,0,-1.111509852894642,0
2025-05-29 07:00:00+07:00,56.0,7.4,89.0,/dl/web/weather/ic-w-02-new-clouds-full.svg,Hải Phòng,-0.4956502681798406,0,-0.48206152935475155,0
2025-05-29 08:00:00+07:00,71.0,9.2,89.0,/dl/web/weather/ic-w-06-rain-full.svg,Hải Phòng,-0.09034959458907565,0,-0.17584342601102124,0
2025-05-29 09:00:00+07:00,75.0,5.5,83.0,/dl/web/weather/ic-w-02-new-clouds-full.svg,Hải Phòng,0.017730585035128334,0,-0.8052917495509115,0
2025-05-29 10:00:00+07:00,60.0,7.4,83.0,/dl/web/weather/ic-w-02-new-clouds-full.svg,Hải Phòng,-0.3875700885556366,0,-0.48206152935475155,0
2025-05-29 11:00:00+07:00,60.0,5.5,74.0,/dl/web/weather/ic-w-02-new-clouds-full.svg,Hải Phòng,-0.3875700885556366,0,-0.8052917495509115,0
2025-05-29 12:00:00+07:00,55.0,5.5,70.0,/dl/web/weather/ic-w-06-rain-full.svg,Hải Phòng,-0.5226703130858916,0,-0.8052917495509115,0
2025-05-29 13:00:00+07:00,55.0,5.5,74.0,/dl/web/weather/ic-w-06-rain-full.svg,Hải Phòng,-0.5226703130858916,0,-0.8052917495509115,0
2025-05-29 14:00:00+07:00,50.0,5.5,74.0,/dl/web/weather/ic-w-06-rain-full.svg,Hải Phòng,-0.6577705376161466,0,-0.8052917495509115,0
2025-05-29 15:00:00+07:00,58.0,7.4,74.0,/dl/web/weather/ic-w-06-rain-full.svg,Hải Phòng,-0.4416101783677386,0,-0.48206152935475155,0
2025-05-29 16:00:00+07:00,62.0,13.0,74.0,/dl/web/weather/ic-w-01-clear-sky-full.svg,Hải Phòng,-0.3335299987435346,0,0.4706170143812988,0
2025-05-29 17:00:00+07:00,58.0,14.8,74.0,/dl/web/weather/ic-w-04-scattered-clouds-full.svg,Hải Phòng,-0.4416101783677386,0,0.7768351177250294,0
2025-05-29 18:00:00+07:00,60.0,18.5,84.0,/dl/web/weather/ic-w-04-scattered-clouds-full.svg,Hải Phòng,-0.3875700885556366,0,1.4062834412649197,0
2025-05-29 19:00:00+07:00,60.0,22.2,83.0,/dl/web/weather/ic-w-10-night-clear-sky-full.svg,Hải Phòng,-0.3875700885556366,0,2.03573176480481,0
2025-05-29 20:00:00+07:00,81.0,16.7,83.0,/dl/web/weather/ic-w-10-night-clear-sky-full.svg,Hải Phòng,0.1798508544714343,0,1.100065337921189,0
2025-05-29 21:00:00+07:00,75.0,13.0,78.0,/dl/web/weather/ic-w-11-night-few-clouds-full.svg,Hải Phòng,0.017730585035128334,0,0.4706170143812988,0
2025-05-29 22:00:00+07:00,66.0,13.0,83.0,/dl/web/weather/ic-w-11-night-few-clouds-full.svg,Hải Phòng,-0.22544981911933062,0,0.4706170143812988,0
2025-05-29 23:00:00+07:00,54.0,5.5,83.0,/dl/web/weather/ic-w-10-night-clear-sky-full.svg,Hải Phòng,-0.5496903579919425,0,-0.8052917495509115,0
2025-05-30 00:00:00+07:00,55.0,5.5,83.0,/dl/web/weather/ic-w-10-night-clear-sky-full.svg,Hải Phòng,-0.5226703130858916,0,-0.8052917495509115,0
2025-05-30 01:00:00+07:00,55.0,5.5,83.0,/dl/web/weather/ic-w-11-night-few-clouds-full.svg,Hải Phòng,-0.5226703130858916,0,-0.8052917495509115,0
2025-05-30 02:00:00+07:00,55.0,5.5,83.0,/dl/web/weather/ic-w-04-scattered-clouds-full.svg,Hải Phòng,-0.5226703130858916,0,-0.8052917495509115,0
2025-05-30 03:00:00+07:00,53.0,3.7,83.0,/dl/web/weather/ic-w-11-night-few-clouds-full.svg,Hải Phòng,-0.5767104028979936,0,-1.111509852894642,0
2025-05-30 04:00:00+07:00,73.0,7.4,89.0,/dl/web/weather/ic-w-12-night-rain-full.svg,Hải Phòng,-0.03630950477697366,0,-0.48206152935475155,0
2025-05-30 05:00:00+07:00,90.0,5.5,89.0,/dl/web/weather/ic-w-12-night-rain-full.svg,Hải Phòng,0.4230312586258933,0,-0.8052917495509115,0
2025-05-30 06:00:00+07:00,96.0,3.7,83.0,/dl/web/weather/ic-w-04-scattered-clouds-full.svg,Hải Phòng,0.5851515280621993,0,-1.111509852894642,0
2025-05-30 07:00:00+07:00,86.0,5.5,89.0,/dl/web/weather/ic-w-04-scattered-clouds-full.svg,Hải Phòng,0.3149510790016893,0,-0.8052917495509115,0
2025-05-30 08:00:00+07:00,92.0,9.2,74.0,/dl/web/weather/ic-w-01-clear-sky-full.svg,Hải Phòng,0.47707134843799526,0,-0.17584342601102124,0
2025-05-30 09:00:00+07:00,81.0,7.4,78.0,/dl/web/weather/ic-w-02-new-clouds-full.svg,Hải Phòng,0.1798508544714343,0,-0.48206152935475155,0
2025-05-30 10:00:00+07:00,61.0,7.4,74.0,/dl/web/weather/ic-w-04-scattered-clouds-full.svg,Hải Phòng,-0.3605500436495856,0,-0.48206152935475155,0
2025-05-30 11:00:00+07:00,61.0,11.1,70.0,/dl/web/weather/ic-w-02-new-clouds-full.svg,Hải Phòng,-0.3605500436495856,0,0.14738679418513878,0
2025-05-30 12:00:00+07:00,56.0,13.0,70.0,/dl/web/weather/ic-w-01-clear-sky-full.svg,Hải Phòng,-0.4956502681798406,0,0.4706170143812988,0
2025-05-30 13:00:00+07:00,55.0,13.0,66.0,/dl/web/weather/ic-w-04-scattered-clouds-full.svg,Hải Phòng,-0.5226703130858916,0,0.4706170143812988,0
2025-05-30 14:00:00+07:00,54.0,16.7,74.0,/dl/web/weather/ic-w-02-new-clouds-full.svg,Hải Phòng,-0.5496903579919425,0,1.100065337921189,0
2025-05-30 15:00:00+07:00,53.0,20.4,74.0,/dl/web/weather/ic-w-02-new-clouds-full.svg,Hải Phòng,-0.5767104028979936,0,1.7295136614610795,0
2025-05-30 16:00:00+07:00,63.0,18.5,83.0,/dl/web/weather/ic-w-04-scattered-clouds-full.svg,Hải Phòng,-0.30650995383748364,0,1.4062834412649197,0
2025-05-30 17:00:00+07:00,64.0,16.7,83.0,/dl/web/weather/ic-w-04-scattered-clouds-full.svg,Hải Phòng,-0.2794899089314326,0,1.100065337921189,0
2025-05-30 18:00:00+07:00,69.0,14.8,83.0,/dl/web/weather/ic-w-04-scattered-clouds-full.svg,Hải Phòng,-0.14438968440117764,0,0.7768351177250294,0
2025-05-30 19:00:00+07:00,72.0,18.5,89.0,/dl/web/weather/ic-w-04-scattered-clouds-full.svg,Hải Phòng,-0.06332954968302465,0,1.4062834412649197,0
2025-05-30 20:00:00+07:00,82.0,14.8,89.0,/dl/web/weather/ic-w-04-scattered-clouds-full.svg,Hải Phòng,0.20687089937748532,0,0.7768351177250294,0
2025-05-30 21:00:00+07:00,76.0,16.7,89.0,/dl/web/weather/ic-w-11-night-few-clouds-full.svg,Hải Phòng,0.04475062994117933,0,1.100065337921189,0
2025-05-30 22:00:00+07:00,73.0,7.4,89.0,/dl/web/weather/ic-w-11-night-few-clouds-full.svg,Hải Phòng,-0.03630950477697366,0,-0.48206152935475155,0
2025-05-30 23:00:00+07:00,74.0,7.4,89.0,/dl/web/weather/ic-w-04-scattered-clouds-full.svg,Hải Phòng,-0.00928945987092266,0,-0.48206152935475155,0
2025-05-31 00:00:00+07:00,74.0,7.4,89.0,/dl/web/weather/ic-w-11-night-few-clouds-full.svg,Hải Phòng,-0.00928945987092266,0,-0.48206152935475155,0
2025-05-31 01:00:00+07:00,78.0,3.7,89.0,/dl/web/weather/ic-w-11-night-few-clouds-full.svg,Hải Phòng,0.09879071975328133,0,-1.111509852894642,0
2025-05-31 02:00:00+07:00,79.0,5.5,89.0,/dl/web/weather/ic-w-04-scattered-clouds-full.svg,Hải Phòng,0.12581076465933233,0,-0.8052917495509115,0
2025-05-31 03:00:00+07:00,83.0,3.7,89.0,/dl/web/weather/ic-w-04-scattered-clouds-full.svg,Hải Phòng,0.2338909442835363,0,-1.111509852894642,0
2025-05-31 04:00:00+07:00,74.0,9.2,89.0,/dl/web/weather/ic-w-04-scattered-clouds-full.svg,Hải Phòng,-0.00928945987092266,0,-0.17584342601102124,0
2025-05-31 05:00:00+07:00,76.0,9.2,89.0,/dl/web/weather/ic-w-04-scattered-clouds-full.svg,Hải Phòng,0.04475062994117933,0,-0.17584342601102124,0
2025-05-31 06:00:00+07:00,75.0,11.1,89.0,/dl/web/weather/ic-w-04-scattered-clouds-full.svg,Hải Phòng,0.017730585035128334,0,0.14738679418513878,0
2025-05-31 07:00:00+07:00,73.0,16.7,83.0,/dl/web/weather/ic-w-04-scattered-clouds-full.svg,Hải Phòng,-0.03630950477697366,0,1.100065337921189,0
2025-05-31 08:00:00+07:00,62.0,16.7,89.0,/dl/web/weather/ic-w-04-scattered-clouds-full.svg,Hải Phòng,-0.3335299987435346,0,1.100065337921189,0
2025-05-31 09:00:00+07:00,61.0,14.8,89.0,/dl/web/weather/ic-w-04-scattered-clouds-full.svg,Hải Phòng,-0.3605500436495856,0,0.7768351177250294,0
2025-05-31 10:00:00+07:00,56.0,16.7,84.0,/dl/web/weather/ic-w-04-scattered-clouds-full.svg,Hải Phòng,-0.4956502681798406,0,1.100065337921189,0
2025-05-31 11:00:00+07:00,56.0,16.7,84.0,/dl/web/weather/ic-w-04-scattered-clouds-full.svg,Hải Phòng,-0.4956502681798406,0,1.100065337921189,0
2025-05-31 12:00:00+07:00,54.0,14.8,79.0,/dl/web/weather/ic-w-04-scattered-clouds-full.svg,Hải Phòng,-0.5496903579919425,0,0.7768351177250294,0
2025-05-31 13:00:00+07:00,52.0,18.5,79.0,/dl/web/weather/ic-w-04-scattered-clouds-full.svg,Hải Phòng,-0.6037304478040446,0,1.4062834412649197,0
2025-05-31 14:00:00+07:00,50.0,16.7,84.0,/dl/web/weather/ic-w-04-scattered-clouds-full.svg,Hải Phòng,-0.6577705376161466,0,1.100065337921189,0
2025-05-31 15:00:00+07:00,55.0,14.8,79.0,/dl/web/weather/ic-w-04-scattered-clouds-full.svg,Hải Phòng,-0.5226703130858916,0,0.7768351177250294,0
2025-05-31 16:00:00+07:00,53.0,20.4,74.0,/dl/web/weather/ic-w-04-scattered-clouds-full.svg,Hải Phòng,-0.5767104028979936,0,1.7295136614610795,0
2025-05-31 17:00:00+07:00,54.0,16.7,79.0,/dl/web/weather/ic-w-04-scattered-clouds-full.svg,Hải Phòng,-0.5496903579919425,0,1.100065337921189,0
2025-05-31 18:00:00+07:00,54.0,14.8,84.0,/dl/web/weather/ic-w-02-new-clouds-full.svg,Hải Phòng,-0.5496903579919425,0,0.7768351177250294,0
2025-05-31 19:00:00+07:00,55.0,16.7,89.0,/dl/web/weather/ic-w-11-night-few-clouds-full.svg,Hải Phòng,-0.5226703130858916,0,1.100065337921189,0
2025-05-31 20:00:00+07:00,52.0,16.7,84.0,/dl/web/weather/ic-w-04-scattered-clouds-full.svg,Hải Phòng,-0.6037304478040446,0,1.100065337921189,0
2025-05-31 21:00:00+07:00,44.0,14.8,89.0,/dl/web/weather/ic-w-11-night-few-clouds-full.svg,Hải Phòng,-0.8198908070524525,0,0.7768351177250294,0
2025-05-31 22:00:00+07:00,42.0,14.8,89.0,/dl/web/weather/ic-w-11-night-few-clouds-full.svg,Hải Phòng,-0.8739308968645545,0,0.7768351177250294,0
2025-05-31 23:00:00+07:00,53.0,13.0,84.0,/dl/web/weather/ic-w-04-scattered-clouds-full.svg,Hải Phòng,-0.5767104028979936,0,0.4706170143812988,0
2025-06-01 00:00:00+07:00,57.0,11.1,84.0,/dl/web/weather/ic-w-11-night-few-clouds-full.svg,Hải Phòng,-0.4686302232737896,0,0.14738679418513878,0
2025-06-01 01:00:00+07:00,36.0,13.0,89.0,/dl/web/weather/ic-w-10-night-clear-sky-full.svg,Hải Phòng,-1.0360511663008605,0,0.4706170143812988,0
2025-06-01 02:00:00+07:00,33.0,7.4,89.0,/dl/web/weather/ic-w-10-night-clear-sky-full.svg,Hải Phòng,-1.1171113010190135,0,-0.48206152935475155,0
2025-06-01 03:00:00+07:00,42.0,7.4,94.0,/dl/web/weather/ic-w-10-night-clear-sky-full.svg,Hải Phòng,-0.8739308968645545,0,-0.48206152935475155,0
2025-06-01 04:00:00+07:00,44.0,7.4,94.0,/dl/web/weather/ic-w-10-night-clear-sky-full.svg,Hải Phòng,-0.8198908070524525,0,-0.48206152935475155,0
2025-06-01 05:00:00+07:00,52.0,7.4,89.0,/dl/web/weather/ic-w-10-night-clear-sky-full.svg,Hải Phòng,-0.6037304478040446,0,-0.48206152935475155,0
2025-06-01 06:00:00+07:00,55.0,3.7,89.0,/dl/web/weather/ic-w-01-clear-sky-full.svg,Hải Phòng,-0.5226703130858916,0,-1.111509852894642,0
2025-06-01 07:00:00+07:00,50.0,3.7,70.0,/dl/web/weather/ic-w-01-clear-sky-full.svg,Hải Phòng,-0.6577705376161466,0,-1.111509852894642,0
2025-06-01 08:00:00+07:00,44.0,5.5,70.0,/dl/web/weather/ic-w-01-clear-sky-full.svg,Hải Phòng,-0.8198908070524525,0,-0.8052917495509115,0
2025-06-01 09:00:00+07:00,39.0,11.1,66.0,/dl/web/weather/ic-w-01-clear-sky-full.svg,Hải Phòng,-0.9549910315827075,0,0.14738679418513878,0
2025-06-01 10:00:00+07:00,39.0,13.0,59.0,/dl/web/weather/ic-w-01-clear-sky-full.svg,Hải Phòng,-0.9549910315827075,0,0.4706170143812988,0
2025-06-01 11:00:00+07:00,33.0,18.5,55.0,/dl/web/weather/ic-w-01-clear-sky-full.svg,Hải Phòng,-1.1171113010190135,0,1.4062834412649197,0
2025-06-01 12:00:00+07:00,33.0,18.5,47.0,/dl/web/weather/ic-w-01-clear-sky-full.svg,Hải Phòng,-1.1171113010190135,0,1.4062834412649197,0
2025-06-01 13:00:00+07:00,22.0,16.7,47.0,/dl/web/weather/ic-w-01-clear-sky-full.svg,Hải Phòng,-1.4143317949855745,0,1.100065337921189,0
2025-06-01 14:00:00+07:00,28.0,14.8,50.0,/dl/web/weather/ic-w-01-clear-sky-full.svg,Hải Phòng,-1.2522115255492685,0,0.7768351177250294,0
2025-06-01 15:00:00+07:00,33.0,14.8,47.0,/dl/web/weather/ic-w-01-clear-sky-full.svg,Hải Phòng,-1.1171113010190135,0,0.7768351177250294,0
2025-06-01 16:00:00+07:00,17.0,16.7,47.0,/dl/web/weather/ic-w-01-clear-sky-full.svg,Hải Phòng,-1.5494320195158295,0,1.100065337921189,0
2025-06-01 17:00:00+07:00,22.0,18.5,59.0,/dl/web/weather/ic-w-01-clear-sky-full.svg,Hải Phòng,-1.4143317949855745,0,1.4062834412649197,0
2025-06-01 18:00:00+07:00,39.0,20.4,56.0,/dl/web/weather/ic-w-01-clear-sky-full.svg,Hải Phòng,-0.9549910315827075,0,1.7295136614610795,0
2025-06-01 19:00:00+07:00,44.0,14.8,62.0,/dl/web/weather/ic-w-10-night-clear-sky-full.svg,Hải Phòng,-0.8198908070524525,0,0.7768351177250294,0
2025-06-01 20:00:00+07:00,52.0,14.8,66.0,/dl/web/weather/ic-w-10-night-clear-sky-full.svg,Hải Phòng,-0.6037304478040446,0,0.7768351177250294,0
2025-06-01 21:00:00+07:00,59.0,14.8,66.0,/dl/web/weather/ic-w-10-night-clear-sky-full.svg,Hải Phòng,-0.4145901334616876,0,0.7768351177250294,0
2025-06-01 22:00:00+07:00,58.0,14.8,66.0,/dl/web/weather/ic-w-10-night-clear-sky-full.svg,Hải Phòng,-0.4416101783677386,0,0.7768351177250294,0
2025-06-01 23:00:00+07:00,50.0,16.7,66.0,/dl/web/weather/ic-w-10-night-clear-sky-full.svg,Hải Phòng,-0.6577705376161466,0,1.100065337921189,0
2025-06-02 00:00:00+07:00,53.0,16.7,70.0,/dl/web/weather/ic-w-10-night-clear-sky-full.svg,Hải Phòng,-0.5767104028979936,0,1.100065337921189,0
2025-06-02 01:00:00+07:00,54.0,13.0,74.0,/dl/web/weather/ic-w-10-night-clear-sky-full.svg,Hải Phòng,-0.5496903579919425,0,0.4706170143812988,0
2025-06-02 02:00:00+07:00,54.0,9.2,74.0,/dl/web/weather/ic-w-10-night-clear-sky-full.svg,Hải Phòng,-0.5496903579919425,0,-0.17584342601102124,0
2025-06-02 03:00:00+07:00,54.0,9.2,79.0,/dl/web/weather/ic-w-10-night-clear-sky-full.svg,Hải Phòng,-0.5496903579919425,0,-0.17584342601102124,0
2025-06-02 04:00:00+07:00,50.0,9.2,79.0,/dl/web/weather/ic-w-10-night-clear-sky-full.svg,Hải Phòng,-0.6577705376161466,0,-0.17584342601102124,0
2025-06-02 05:00:00+07:00,42.0,9.2,74.0,/dl/web/weather/ic-w-10-night-clear-sky-full.svg,Hải Phòng,-0.8739308968645545,0,-0.17584342601102124,0
2025-06-02 06:00:00+07:00,36.0,5.5,74.0,/dl/web/weather/ic-w-01-clear-sky-full.svg,Hải Phòng,-1.0360511663008605,0,-0.8052917495509115,0
2025-06-02 07:00:00+07:00,33.0,9.2,70.0,/dl/web/weather/ic-w-01-clear-sky-full.svg,Hải Phòng,-1.1171113010190135,0,-0.17584342601102124,0
2025-06-02 08:00:00+07:00,44.0,11.1,66.0,/dl/web/weather/ic-w-01-clear-sky-full.svg,Hải Phòng,-0.8198908070524525,0,0.14738679418513878,0
2025-06-02 09:00:00+07:00,53.0,9.2,62.0,/dl/web/weather/ic-w-01-clear-sky-full.svg,Hải Phòng,-0.5767104028979936,0,-0.17584342601102124,0
2025-06-02 10:00:00+07:00,53.0,7.4,59.0,/dl/web/weather/ic-w-01-clear-sky-full.svg,Hải Phòng,-0.5767104028979936,0,-0.48206152935475155,0
2025-06-02 11:00:00+07:00,53.0,9.2,50.0,/dl/web/weather/ic-w-01-clear-sky-full.svg,Hải Phòng,-0.5767104028979936,0,-0.17584342601102124,0
2025-06-02 12:00:00+07:00,50.0,11.1,47.0,/dl/web/weather/ic-w-01-clear-sky-full.svg,Hải Phòng,-0.6577705376161466,0,0.14738679418513878,0
2025-06-02 13:00:00+07:00,53.0,9.2,47.0,/dl/web/weather/ic-w-01-clear-sky-full.svg,Hải Phòng,-0.5767104028979936,0,-0.17584342601102124,0
2025-06-02 14:00:00+07:00,55.0,16.7,47.0,/dl/web/weather/ic-w-01-clear-sky-full.svg,Hải Phòng,-0.5226703130858916,0,1.100065337921189,0
2025-06-02 15:00:00+07:00,55.0,14.8,44.0,/dl/web/weather/ic-w-01-clear-sky-full.svg,Hải Phòng,-0.5226703130858916,0,0.7768351177250294,0
2025-06-02 16:00:00+07:00,53.0,18.5,44.0,/dl/web/weather/ic-w-01-clear-sky-full.svg,Hải Phòng,-0.5767104028979936,0,1.4062834412649197,0
2025-06-02 17:00:00+07:00,39.0,16.7,47.0,/dl/web/weather/ic-w-01-clear-sky-full.svg,Hải Phòng,-0.9549910315827075,0,1.100065337921189,0
2025-06-02 18:00:00+07:00,50.0,11.1,63.0,/dl/web/weather/ic-w-01-clear-sky-full.svg,Hải Phòng,-0.6577705376161466,0,0.14738679418513878,0
2025-06-02 19:00:00+07:00,53.0,11.1,66.0,/dl/web/weather/ic-w-12-night-rain-full.svg,Hải Phòng,-0.5767104028979936,0,0.14738679418513878,0
2025-06-02 20:00:00+07:00,56.0,5.5,70.0,/dl/web/weather/ic-w-12-night-rain-full.svg,Hải Phòng,-0.4956502681798406,0,-0.8052917495509115,0
2025-06-02 21:00:00+07:00,66.0,14.8,74.0,/dl/web/weather/ic-w-12-night-rain-full.svg,Hải Phòng,-0.22544981911933062,0,0.7768351177250294,0
2025-06-02 22:00:00+07:00,60.0,16.7,66.0,/dl/web/weather/ic-w-12-night-rain-full.svg,Hải Phòng,-0.3875700885556366,0,1.100065337921189,0
2025-06-02 23:00:00+07:00,82.0,13.0,66.0,/dl/web/weather/ic-w-12-night-rain-full.svg,Hải Phòng,0.20687089937748532,0,0.4706170143812988,0
2025-06-03 00:00:00+07:00,86.0,14.8,70.0,/dl/web/weather/ic-w-10-night-clear-sky-full.svg,Hải Phòng,0.3149510790016893,0,0.7768351177250294,0
2025-06-03 01:00:00+07:00,82.0,11.1,74.0,/dl/web/weather/ic-w-10-night-clear-sky-full.svg,Hải Phòng,0.20687089937748532,0,0.14738679418513878,0
2025-06-03 02:00:00+07:00,68.0,13.0,79.0,/dl/web/weather/ic-w-10-night-clear-sky-full.svg,Hải Phòng,-0.17140972930722864,0,0.4706170143812988,0
2025-06-03 03:00:00+07:00,64.0,9.2,79.0,/dl/web/weather/ic-w-10-night-clear-sky-full.svg,Hải Phòng,-0.2794899089314326,0,-0.17584342601102124,0
2025-06-03 04:00:00+07:00,63.0,14.8,79.0,/dl/web/weather/ic-w-10-night-clear-sky-full.svg,Hải Phòng,-0.30650995383748364,0,0.7768351177250294,0
2025-06-03 05:00:00+07:00,56.0,11.1,79.0,/dl/web/weather/ic-w-10-night-clear-sky-full.svg,Hải Phòng,-0.4956502681798406,0,0.14738679418513878,0
2025-06-03 06:00:00+07:00,53.0,11.1,74.0,/dl/web/weather/ic-w-01-clear-sky-full.svg,Hải Phòng,-0.5767104028979936,0,0.14738679418513878,0
2025-06-03 07:00:00+07:00,55.0,11.1,70.0,/dl/web/weather/ic-w-04-scattered-clouds-full.svg,Hải Phòng,-0.5226703130858916,0,0.14738679418513878,0
2025-06-03 08:00:00+07:00,50.0,5.5,70.0,/dl/web/weather/ic-w-04-scattered-clouds-full.svg,Hải Phòng,-0.6577705376161466,0,-0.8052917495509115,0
2025-06-03 09:00:00+07:00,58.0,3.7,70.0,/dl/web/weather/ic-w-04-scattered-clouds-full.svg,Hải Phòng,-0.4416101783677386,0,-1.111509852894642,0
2025-06-03 10:00:00+07:00,69.0,7.4,66.0,/dl/web/weather/ic-w-04-scattered-clouds-full.svg,Hải Phòng,-0.14438968440117764,0,-0.48206152935475155,0
2025-06-03 11:00:00+07:00,69.0,7.4,55.0,/dl/web/weather/ic-w-02-new-clouds-full.svg,Hải Phòng,-0.14438968440117764,0,-0.48206152935475155,0
2025-06-03 12:00:00+07:00,71.0,9.2,58.0,/dl/web/weather/ic-w-04-scattered-clouds-full.svg,Hải Phòng,-0.09034959458907565,0,-0.17584342601102124,0
2025-06-03 13:00:00+07:00,75.0,13.0,74.0,/dl/web/weather/ic-w-04-scattered-clouds-full.svg,Hải Phòng,0.017730585035128334,0,0.4706170143812988,0
2025-06-03 14:00:00+07:00,58.0,13.0,74.0,/dl/web/weather/ic-w-04-scattered-clouds-full.svg,Hải Phòng,-0.4416101783677386,0,0.4706170143812988,0
2025-06-03 15:00:00+07:00,60.0,5.5,70.0,/dl/web/weather/ic-w-06-rain-full.svg,Hải Phòng,-0.3875700885556366,0,-0.8052917495509115,0
2025-06-03 16:00:00+07:00,64.0,13.0,74.0,/dl/web/weather/ic-w-04-scattered-clouds-full.svg,Hải Phòng,-0.2794899089314326,0,0.4706170143812988,0
2025-06-03 17:00:00+07:00,55.0,16.7,79.0,/dl/web/weather/ic-w-02-new-clouds-full.svg,Hải Phòng,-0.5226703130858916,0,1.100065337921189,0
2025-06-03 18:00:00+07:00,56.0,13.0,79.0,/dl/web/weather/ic-w-01-clear-sky-full.svg,Hải Phòng,-0.4956502681798406,0,0.4706170143812988,0
2025-06-03 19:00:00+07:00,62.0,13.0,79.0,/dl/web/weather/ic-w-10-night-clear-sky-full.svg,Hải Phòng,-0.3335299987435346,0,0.4706170143812988,0
2025-06-03 20:00:00+07:00,64.0,11.1,83.0,/dl/web/weather/ic-w-11-night-few-clouds-full.svg,Hải Phòng,-0.2794899089314326,0,0.14738679418513878,0
2025-06-03 21:00:00+07:00,56.0,11.1,83.0,/dl/web/weather/ic-w-10-night-clear-sky-full.svg,Hải Phòng,-0.4956502681798406,0,0.14738679418513878,0
2025-06-03 22:00:00+07:00,53.0,14.8,74.0,/dl/web/weather/ic-w-10-night-clear-sky-full.svg,Hải Phòng,-0.5767104028979936,0,0.7768351177250294,0
2025-06-03 23:00:00+07:00,53.0,9.2,74.0,/dl/web/weather/ic-w-10-night-clear-sky-full.svg,Hải Phòng,-0.5767104028979936,0,-0.17584342601102124,0
2025-06-04 00:00:00+07:00,56.0,9.2,74.0,/dl/web/weather/ic-w-10-night-clear-sky-full.svg,Hải Phòng,-0.4956502681798406,0,-0.17584342601102124,0
2025-06-04 01:00:00+07:00,53.0,3.7,74.0,/dl/web/weather/ic-w-12-night-rain-full.svg,Hải Phòng,-0.5767104028979936,0,-1.111509852894642,0
2025-06-04 02:00:00+07:00,50.0,3.7,74.0,/dl/web/weather/ic-w-10-night-clear-sky-full.svg,Hải Phòng,-0.6577705376161466,0,-1.111509852894642,0
2025-06-04 03:00:00+07:00,55.0,3.7,74.0,/dl/web/weather/ic-w-10-night-clear-sky-full.svg,Hải Phòng,-0.5226703130858916,0,-1.111509852894642,0
2025-06-04 04:00:00+07:00,56.0,5.5,83.0,/dl/web/weather/ic-w-10-night-clear-sky-full.svg,Hải Phòng,-0.4956502681798406,0,-0.8052917495509115,0
2025-06-04 05:00:00+07:00,60.0,7.4,83.0,/dl/web/weather/ic-w-04-scattered-clouds-full.svg,Hải Phòng,-0.3875700885556366,0,-0.48206152935475155,0
2025-06-04 06:00:00+07:00,79.0,3.7,83.0,/dl/web/weather/ic-w-04-scattered-clouds-full.svg,Hải Phòng,0.12581076465933233,0,-1.111509852894642,0
2025-06-04 07:00:00+07:00,81.0,3.7,83.0,/dl/web/weather/ic-w-02-new-clouds-full.svg,Hải Phòng,0.1798508544714343,0,-1.111509852894642,0
2025-06-04 08:00:00+07:00,88.0,3.7,79.0,/dl/web/weather/ic-w-06-rain-full.svg,Hải Phòng,0.3689911688137913,0,-1.111509852894642,0
2025-06-04 09:00:00+07:00,86.0,5.5,74.0,/dl/web/weather/ic-w-04-scattered-clouds-full.svg,Hải Phòng,0.3149510790016893,0,-0.8052917495509115,0
2025-06-04 10:00:00+07:00,73.0,9.2,62.0,/dl/web/weather/ic-w-02-new-clouds-full.svg,Hải Phòng,-0.03630950477697366,0,-0.17584342601102124,0
2025-06-04 11:00:00+07:00,73.0,13.0,66.0,/dl/web/weather/ic-w-04-scattered-clouds-full.svg,Hải Phòng,-0.03630950477697366,0,0.4706170143812988,0
2025-06-04 12:00:00+07:00,71.0,9.2,62.0,/dl/web/weather/ic-w-01-clear-sky-full.svg,Hải Phòng,-0.09034959458907565,0,-0.17584342601102124,0
2025-06-04 13:00:00+07:00,66.0,5.5,62.0,/dl/web/weather/ic-w-04-scattered-clouds-full.svg,Hải Phòng,-0.22544981911933062,0,-0.8052917495509115,0
2025-06-04 14:00:00+07:00,62.0,5.5,58.0,/dl/web/weather/ic-w-04-scattered-clouds-full.svg,Hải Phòng,-0.3335299987435346,0,-0.8052917495509115,0
2025-06-04 15:00:00+07:00,64.0,13.0,66.0,/dl/web/weather/ic-w-04-scattered-clouds-full.svg,Hải Phòng,-0.2794899089314326,0,0.4706170143812988,0
2025-06-04 16:00:00+07:00,64.0,18.5,66.0,/dl/web/weather/ic-w-01-clear-sky-full.svg,Hải Phòng,-0.2794899089314326,0,1.4062834412649197,0
2025-06-04 17:00:00+07:00,69.0,16.7,70.0,/dl/web/weather/ic-w-01-clear-sky-full.svg,Hải Phòng,-0.14438968440117764,0,1.100065337921189,0
2025-06-04 18:00:00+07:00,73.0,16.7,66.0,/dl/web/weather/ic-w-01-clear-sky-full.svg,Hải Phòng,-0.03630950477697366,0,1.100065337921189,0
2025-06-04 19:00:00+07:00,71.0,20.4,70.0,/dl/web/weather/ic-w-10-night-clear-sky-full.svg,Hải Phòng,-0.09034959458907565,0,1.7295136614610795,0
2025-06-04 20:00:00+07:00,71.0,13.0,79.0,/dl/web/weather/ic-w-10-night-clear-sky-full.svg,Hải Phòng,-0.09034959458907565,0,0.4706170143812988,0
2025-06-04 21:00:00+07:00,71.0,13.0,79.0,/dl/web/weather/ic-w-10-night-clear-sky-full.svg,Hải Phòng,-0.09034959458907565,0,0.4706170143812988,0
2025-06-04 22:00:00+07:00,78.0,7.4,79.0,/dl/web/weather/ic-w-10-night-clear-sky-full.svg,Hải Phòng,0.09879071975328133,0,-0.48206152935475155,0
2025-06-04 23:00:00+07:00,77.0,7.4,79.0,/dl/web/weather/ic-w-10-night-clear-sky-full.svg,Hải Phòng,0.07177067484723033,0,-0.48206152935475155,0
2025-06-05 00:00:00+07:00,73.0,5.5,79.0,/dl/web/weather/ic-w-10-night-clear-sky-full.svg,Hải Phòng,-0.03630950477697366,0,-0.8052917495509115,0
2025-06-05 01:00:00+07:00,75.0,7.4,89.0,/dl/web/weather/ic-w-10-night-clear-sky-full.svg,Hải Phòng,0.017730585035128334,0,-0.48206152935475155,0
2025-06-05 02:00:00+07:00,82.0,7.4,89.0,/dl/web/weather/ic-w-10-night-clear-sky-full.svg,Hải Phòng,0.20687089937748532,0,-0.48206152935475155,0
2025-06-05 03:00:00+07:00,88.0,9.2,83.0,/dl/web/weather/ic-w-04-scattered-clouds-full.svg,Hải Phòng,0.3689911688137913,0,-0.17584342601102124,0
2025-06-05 04:00:00+07:00,92.0,9.2,89.0,/dl/web/weather/ic-w-04-scattered-clouds-full.svg,Hải Phòng,0.47707134843799526,0,-0.17584342601102124,0
2025-06-05 05:00:00+07:00,94.0,5.5,89.0,/dl/web/weather/ic-w-12-night-rain-full.svg,Hải Phòng,0.5311114382500972,0,-0.8052917495509115,0
2025-06-05 06:00:00+07:00,105.0,7.4,89.0,/dl/web/weather/ic-w-06-rain-full.svg,Hải Phòng,0.8283319322166582,0,-0.48206152935475155,0
2025-06-05 08:00:00+07:00,94.0,7.4,79.0,/dl/web/weather/ic-w-06-rain-full.svg,Hải Phòng,0.5311114382500972,0,-0.48206152935475155,0
2025-06-05 09:00:00+07:00,88.0,13.0,74.0,/dl/web/weather/ic-w-06-rain-full.svg,Hải Phòng,0.3689911688137913,0,0.4706170143812988,0
2025-06-05 10:00:00+07:00,94.0,11.1,74.0,/dl/web/weather/ic-w-04-scattered-clouds-full.svg,Hải Phòng,0.5311114382500972,0,0.14738679418513878,0
2025-06-05 11:00:00+07:00,94.0,5.5,84.0,/dl/web/weather/ic-w-04-scattered-clouds-full.svg,Hải Phòng,0.5311114382500972,0,-0.8052917495509115,0
2025-06-05 12:00:00+07:00,77.0,3.7,66.0,/dl/web/weather/ic-w-04-scattered-clouds-full.svg,Hải Phòng,0.07177067484723033,0,-1.111509852894642,0
2025-06-05 13:00:00+07:00,73.0,14.8,74.0,/dl/web/weather/ic-w-04-scattered-clouds-full.svg,Hải Phòng,-0.03630950477697366,0,0.7768351177250294,0
2025-06-05 14:00:00+07:00,68.0,16.7,70.0,/dl/web/weather/ic-w-02-new-clouds-full.svg,Hải Phòng,-0.17140972930722864,0,1.100065337921189,0
2025-06-05 15:00:00+07:00,69.0,16.7,70.0,/dl/web/weather/ic-w-01-clear-sky-full.svg,Hải Phòng,-0.14438968440117764,0,1.100065337921189,0
2025-06-05 16:00:00+07:00,69.0,22.2,70.0,/dl/web/weather/ic-w-01-clear-sky-full.svg,Hải Phòng,-0.14438968440117764,0,2.03573176480481,0
2025-06-05 17:00:00+07:00,69.0,20.4,79.0,/dl/web/weather/ic-w-01-clear-sky-full.svg,Hải Phòng,-0.14438968440117764,0,1.7295136614610795,0
2025-06-05 18:00:00+07:00,66.0,20.4,79.0,/dl/web/weather/ic-w-02-new-clouds-full.svg,Hải Phòng,-0.22544981911933062,0,1.7295136614610795,0
2025-06-05 19:00:00+07:00,60.0,16.7,79.0,/dl/web/weather/ic-w-04-scattered-clouds-full.svg,Hải Phòng,-0.3875700885556366,0,1.100065337921189,0
2025-06-05 20:00:00+07:00,66.0,18.5,84.0,/dl/web/weather/ic-w-04-scattered-clouds-full.svg,Hải Phòng,-0.22544981911933062,0,1.4062834412649197,0
2025-06-05 21:00:00+07:00,56.0,16.7,89.0,/dl/web/weather/ic-w-04-scattered-clouds-full.svg,Hải Phòng,-0.4956502681798406,0,1.100065337921189,0
2025-06-05 22:00:00+07:00,55.0,14.8,84.0,/dl/web/weather/ic-w-04-scattered-clouds-full.svg,Hải Phòng,-0.5226703130858916,0,0.7768351177250294,0
2025-06-05 23:00:00+07:00,53.0,16.7,84.0,/dl/web/weather/ic-w-04-scattered-clouds-full.svg,Hải Phòng,-0.5767104028979936,0,1.100065337921189,0
2025-06-06 00:00:00+07:00,53.0,16.7,84.0,/dl/web/weather/ic-w-04-scattered-clouds-full.svg,Hải Phòng,-0.5767104028979936,0,1.100065337921189,0
2025-06-06 02:00:00+07:00,53.0,13.0,84.0,/dl/web/weather/ic-w-04-scattered-clouds-full.svg,Hải Phòng,-0.5767104028979936,0,0.4706170143812988,0
2025-06-06 03:00:00+07:00,47.0,13.0,84.0,/dl/web/weather/ic-w-11-night-few-clouds-full.svg,Hải Phòng,-0.7388306723342996,0,0.4706170143812988,0
2025-06-06 04:00:00+07:00,44.0,13.0,89.0,/dl/web/weather/ic-w-11-night-few-clouds-full.svg,Hải Phòng,-0.8198908070524525,0,0.4706170143812988,0
2025-06-06 05:00:00+07:00,50.0,13.0,89.0,/dl/web/weather/ic-w-04-scattered-clouds-full.svg,Hải Phòng,-0.6577705376161466,0,0.4706170143812988,0
2025-06-06 06:00:00+07:00,44.0,13.0,89.0,/dl/web/weather/ic-w-04-scattered-clouds-full.svg,Hải Phòng,-0.8198908070524525,0,0.4706170143812988,0
2025-06-06 07:00:00+07:00,39.0,16.7,84.0,/dl/web/weather/ic-w-04-scattered-clouds-full.svg,Hải Phòng,-0.9549910315827075,0,1.100065337921189,0
2025-06-06 08:00:00+07:00,39.0,7.4,94.0,/dl/web/weather/ic-w-04-scattered-clouds-full.svg,Hải Phòng,-0.9549910315827075,0,-0.48206152935475155,0
2025-06-06 09:00:00+07:00,39.0,3.7,94.0,/dl/web/weather/ic-w-04-scattered-clouds-full.svg,Hải Phòng,-0.9549910315827075,0,-1.111509852894642,0
2025-06-06 10:00:00+07:00,28.0,18.5,74.0,/dl/web/weather/ic-w-02-new-clouds-full.svg,Hải Phòng,-1.2522115255492685,0,1.4062834412649197,0
2025-06-06 11:00:00+07:00,28.0,16.7,70.0,/dl/web/weather/ic-w-02-new-clouds-full.svg,Hải Phòng,-1.2522115255492685,0,1.100065337921189,0
2025-06-06 12:00:00+07:00,28.0,13.0,74.0,/dl/web/weather/ic-w-04-scattered-clouds-full.svg,Hải Phòng,-1.2522115255492685,0,0.4706170143812988,0
2025-06-06 13:00:00+07:00,28.0,16.7,79.0,/dl/web/weather/ic-w-02-new-clouds-full.svg,Hải Phòng,-1.2522115255492685,0,1.100065337921189,0
2025-06-06 14:00:00+07:00,25.0,16.7,74.0,/dl/web/weather/ic-w-02-new-clouds-full.svg,Hải Phòng,-1.3332716602674215,0,1.100065337921189,0
2025-06-06 15:00:00+07:00,22.0,18.5,74.0,/dl/web/weather/ic-w-02-new-clouds-full.svg,Hải Phòng,-1.4143317949855745,0,1.4062834412649197,0
2025-06-06 16:00:00+07:00,28.0,22.2,74.0,/dl/web/weather/ic-w-04-scattered-clouds-full.svg,Hải Phòng,-1.2522115255492685,0,2.03573176480481,0
2025-06-06 17:00:00+07:00,39.0,24.1,74.0,/dl/web/weather/ic-w-02-new-clouds-full.svg,Hải Phòng,-0.9549910315827075,0,2.3589619850009704,0
2025-06-06 18:00:00+07:00,50.0,20.4,74.0,/dl/web/weather/ic-w-02-new-clouds-full.svg,Hải Phòng,-0.6577705376161466,0,1.7295136614610795,0
2025-06-06 19:00:00+07:00,28.0,16.7,79.0,/dl/web/weather/ic-w-04-scattered-clouds-full.svg,Hải Phòng,-1.2522115255492685,0,1.100065337921189,0
2025-06-06 20:00:00+07:00,22.0,14.8,79.0,/dl/web/weather/ic-w-04-scattered-clouds-full.svg,Hải Phòng,-1.4143317949855745,0,0.7768351177250294,0
2025-06-06 21:00:00+07:00,33.0,14.8,84.0,/dl/web/weather/ic-w-11-night-few-clouds-full.svg,Hải Phòng,-1.1171113010190135,0,0.7768351177250294,0
2025-06-06 22:00:00+07:00,33.0,16.7,79.0,/dl/web/weather/ic-w-04-scattered-clouds-full.svg,Hải Phòng,-1.1171113010190135,0,1.100065337921189,0
2025-06-06 23:00:00+07:00,44.0,16.7,79.0,/dl/web/weather/ic-w-04-scattered-clouds-full.svg,Hải Phòng,-0.8198908070524525,0,1.100065337921189,0
2025-06-07 00:00:00+07:00,44.0,13.0,79.0,/dl/web/weather/ic-w-04-scattered-clouds-full.svg,Hải Phòng,-0.8198908070524525,0,0.4706170143812988,0
2025-06-07 01:00:00+07:00,33.0,14.8,84.0,/dl/web/weather/ic-w-11-night-few-clouds-full.svg,Hải Phòng,-1.1171113010190135,0,0.7768351177250294,0
2025-06-07 02:00:00+07:00,47.0,13.0,89.0,/dl/web/weather/ic-w-11-night-few-clouds-full.svg,Hải Phòng,-0.7388306723342996,0,0.4706170143812988,0
2025-06-07 03:00:00+07:00,33.0,16.7,84.0,/dl/web/weather/ic-w-04-scattered-clouds-full.svg,Hải Phòng,-1.1171113010190135,0,1.100065337921189,0
2025-06-07 04:00:00+07:00,33.0,14.8,89.0,/dl/web/weather/ic-w-04-scattered-clouds-full.svg,Hải Phòng,-1.1171113010190135,0,0.7768351177250294,0
2025-06-07 05:00:00+07:00,39.0,14.8,89.0,/dl/web/weather/ic-w-11-night-few-clouds-full.svg,Hải Phòng,-0.9549910315827075,0,0.7768351177250294,0
2025-06-07 06:00:00+07:00,44.0,11.1,84.0,/dl/web/weather/ic-w-02-new-clouds-full.svg,Hải Phòng,-0.8198908070524525,0,0.14738679418513878,0
2025-06-07 07:00:00+07:00,44.0,13.0,79.0,/dl/web/weather/ic-w-04-scattered-clouds-full.svg,Hải Phòng,-0.8198908070524525,0,0.4706170143812988,0
2025-06-07 08:00:00+07:00,44.0,13.0,79.0,/dl/web/weather/ic-w-04-scattered-clouds-full.svg,Hải Phòng,-0.8198908070524525,0,0.4706170143812988,0
2025-06-07 09:00:00+07:00,39.0,22.2,74.0,/dl/web/weather/ic-w-04-scattered-clouds-full.svg,Hải Phòng,-0.9549910315827075,0,2.03573176480481,0
2025-06-07 10:00:00+07:00,44.0,18.5,74.0,/dl/web/weather/ic-w-04-scattered-clouds-full.svg,Hải Phòng,-0.8198908070524525,0,1.4062834412649197,0
2025-06-07 11:00:00+07:00,44.0,16.7,79.0,/dl/web/weather/ic-w-04-scattered-clouds-full.svg,Hải Phòng,-0.8198908070524525,0,1.100065337921189,0
2025-06-07 12:00:00+07:00,50.0,22.2,74.0,/dl/web/weather/ic-w-04-scattered-clouds-full.svg,Hải Phòng,-0.6577705376161466,0,2.03573176480481,0
2025-06-07 13:00:00+07:00,50.0,16.7,79.0,/dl/web/weather/ic-w-04-scattered-clouds-full.svg,Hải Phòng,-0.6577705376161466,0,1.100065337921189,0
2025-06-07 14:00:00+07:00,53.0,20.4,74.0,/dl/web/weather/ic-w-04-scattered-clouds-full.svg,Hải Phòng,-0.5767104028979936,0,1.7295136614610795,0
2025-06-07 15:00:00+07:00,56.0,22.2,79.0,/dl/web/weather/ic-w-02-new-clouds-full.svg,Hải Phòng,-0.4956502681798406,0,2.03573176480481,0
2025-06-07 16:00:00+07:00,68.0,20.4,74.0,/dl/web/weather/ic-w-04-scattered-clouds-full.svg,Hải Phòng,-0.17140972930722864,0,1.7295136614610795,0
2025-06-07 17:00:00+07:00,66.0,22.2,84.0,/dl/web/weather/ic-w-02-new-clouds-full.svg,Hải Phòng,-0.22544981911933062,0,2.03573176480481,0
2025-06-07 18:00:00+07:00,60.0,22.2,79.0,/dl/web/weather/ic-w-04-scattered-clouds-full.svg,Hải Phòng,-0.3875700885556366,0,2.03573176480481,0
2025-06-07 19:00:00+07:00,58.0,14.8,84.0,/dl/web/weather/ic-w-04-scattered-clouds-full.svg,Hải Phòng,-0.4416101783677386,0,0.7768351177250294,0
2025-06-07 20:00:00+07:00,56.0,11.1,84.0,/dl/web/weather/ic-w-04-scattered-clouds-full.svg,Hải Phòng,-0.4956502681798406,0,0.14738679418513878,0
2025-06-07 21:00:00+07:00,56.0,13.0,84.0,/dl/web/weather/ic-w-04-scattered-clouds-full.svg,Hải Phòng,-0.4956502681798406,0,0.4706170143812988,0
2025-06-07 22:00:00+07:00,55.0,13.0,84.0,/dl/web/weather/ic-w-04-scattered-clouds-full.svg,Hải Phòng,-0.5226703130858916,0,0.4706170143812988,0
2025-06-07 23:00:00+07:00,56.0,13.0,84.0,/dl/web/weather/ic-w-12-night-rain-full.svg,Hải Phòng,-0.4956502681798406,0,0.4706170143812988,0
2025-06-08 00:00:00+07:00,56.0,11.1,84.0,/dl/web/weather/ic-w-04-scattered-clouds-full.svg,Hải Phòng,-0.4956502681798406,0,0.14738679418513878,0
2025-06-08 01:00:00+07:00,56.0,11.1,84.0,/dl/web/weather/ic-w-04-scattered-clouds-full.svg,Hải Phòng,-0.4956502681798406,0,0.14738679418513878,0
2025-06-08 02:00:00+07:00,58.0,13.0,89.0,/dl/web/weather/ic-w-11-night-few-clouds-full.svg,Hải Phòng,-0.4416101783677386,0,0.4706170143812988,0
2025-06-08 03:00:00+07:00,58.0,13.0,89.0,/dl/web/weather/ic-w-11-night-few-clouds-full.svg,Hải Phòng,-0.4416101783677386,0,0.4706170143812988,0
2025-06-08 04:00:00+07:00,56.0,13.0,84.0,/dl/web/weather/ic-w-04-scattered-clouds-full.svg,Hải Phòng,-0.4956502681798406,0,0.4706170143812988,0
2025-06-08 05:00:00+07:00,56.0,11.1,89.0,/dl/web/weather/ic-w-04-scattered-clouds-full.svg,Hải Phòng,-0.4956502681798406,0,0.14738679418513878,0
2025-06-08 06:00:00+07:00,60.0,9.2,89.0,/dl/web/weather/ic-w-04-scattered-clouds-full.svg,Hải Phòng,-0.3875700885556366,0,-0.17584342601102124,0
2025-06-08 07:00:00+07:00,62.0,9.2,84.0,/dl/web/weather/ic-w-01-clear-sky-full.svg,Hải Phòng,-0.3335299987435346,0,-0.17584342601102124,0
2025-06-08 08:00:00+07:00,58.0,11.1,84.0,/dl/web/weather/ic-w-04-scattered-clouds-full.svg,Hải Phòng,-0.4416101783677386,0,0.14738679418513878,0
2025-06-08 09:00:00+07:00,57.0,14.8,79.0,/dl/web/weather/ic-w-04-scattered-clouds-full.svg,Hải Phòng,-0.4686302232737896,0,0.7768351177250294,0
2025-06-08 10:00:00+07:00,58.0,16.7,74.0,/dl/web/weather/ic-w-04-scattered-clouds-full.svg,Hải Phòng,-0.4416101783677386,0,1.100065337921189,0
2025-06-08 11:00:00+07:00,58.0,16.7,70.0,/dl/web/weather/ic-w-02-new-clouds-full.svg,Hải Phòng,-0.4416101783677386,0,1.100065337921189,0
2025-06-08 12:00:00+07:00,57.0,18.5,74.0,/dl/web/weather/ic-w-04-scattered-clouds-full.svg,Hải Phòng,-0.4686302232737896,0,1.4062834412649197,0
2025-06-08 13:00:00+07:00,59.0,18.5,74.0,/dl/web/weather/ic-w-04-scattered-clouds-full.svg,Hải Phòng,-0.4145901334616876,0,1.4062834412649197,0
2025-06-08 14:00:00+07:00,57.0,20.4,74.0,/dl/web/weather/ic-w-04-scattered-clouds-full.svg,Hải Phòng,-0.4686302232737896,0,1.7295136614610795,0
2025-06-08 15:00:00+07:00,63.0,16.7,79.0,/dl/web/weather/ic-w-04-scattered-clouds-full.svg,Hải Phòng,-0.30650995383748364,0,1.100065337921189,0
2025-06-08 16:00:00+07:00,63.0,20.4,79.0,/dl/web/weather/ic-w-02-new-clouds-full.svg,Hải Phòng,-0.30650995383748364,0,1.7295136614610795,0
2025-06-08 17:00:00+07:00,65.0,24.1,74.0,/dl/web/weather/ic-w-04-scattered-clouds-full.svg,Hải Phòng,-0.25246986402538163,0,2.3589619850009704,0
2025-06-08 18:00:00+07:00,59.0,7.4,100.0,/dl/web/weather/ic-w-06-rain-full.svg,Hải Phòng,-0.4145901334616876,0,-0.48206152935475155,0
2025-06-08 19:00:00+07:00,61.0,1.8,94.0,/dl/web/weather/ic-w-11-night-few-clouds-full.svg,Hải Phòng,-0.3605500436495856,0,-1.434740073090802,0
2025-06-08 20:00:00+07:00,66.0,9.2,94.0,/dl/web/weather/ic-w-11-night-few-clouds-full.svg,Hải Phòng,-0.22544981911933062,0,-0.17584342601102124,0
2025-06-08 21:00:00+07:00,63.0,5.5,89.0,/dl/web/weather/ic-w-10-night-clear-sky-full.svg,Hải Phòng,-0.30650995383748364,0,-0.8052917495509115,0
2025-06-08 22:00:00+07:00,62.0,3.7,94.0,/dl/web/weather/ic-w-04-scattered-clouds-full.svg,Hải Phòng,-0.3335299987435346,0,-1.111509852894642,0
2025-06-08 23:00:00+07:00,65.0,3.7,94.0,/dl/web/weather/ic-w-04-scattered-clouds-full.svg,Hải Phòng,-0.25246986402538163,0,-1.111509852894642,0
2025-06-09 00:00:00+07:00,69.0,11.1,89.0,/dl/web/weather/ic-w-11-night-few-clouds-full.svg,Hải Phòng,-0.14438968440117764,0,0.14738679418513878,0
2025-06-09 01:00:00+07:00,61.0,7.4,94.0,/dl/web/weather/ic-w-04-scattered-clouds-full.svg,Hải Phòng,-0.3605500436495856,0,-0.48206152935475155,0
2025-06-09 02:00:00+07:00,66.0,3.7,94.0,/dl/web/weather/ic-w-11-night-few-clouds-full.svg,Hải Phòng,-0.22544981911933062,0,-1.111509852894642,0
2025-06-09 03:00:00+07:00,69.0,5.5,89.0,/dl/web/weather/ic-w-11-night-few-clouds-full.svg,Hải Phòng,-0.14438968440117764,0,-0.8052917495509115,0
2025-06-09 04:00:00+07:00,76.0,7.4,94.0,/dl/web/weather/ic-w-04-scattered-clouds-full.svg,Hải Phòng,0.04475062994117933,0,-0.48206152935475155,0
2025-06-09 05:00:00+07:00,82.0,9.2,94.0,/dl/web/weather/ic-w-04-scattered-clouds-full.svg,Hải Phòng,0.20687089937748532,0,-0.17584342601102124,0
2025-06-09 06:00:00+07:00,82.0,9.2,94.0,/dl/web/weather/ic-w-04-scattered-clouds-full.svg,Hải Phòng,0.20687089937748532,0,-0.17584342601102124,0
2025-06-09 07:00:00+07:00,76.0,9.2,89.0,/dl/web/weather/ic-w-04-scattered-clouds-full.svg,Hải Phòng,0.04475062994117933,0,-0.17584342601102124,0
2025-06-09 08:00:00+07:00,59.0,7.4,84.0,/dl/web/weather/ic-w-01-clear-sky-full.svg,Hải Phòng,-0.4145901334616876,0,-0.48206152935475155,0
2025-06-09 09:00:00+07:00,62.0,7.4,74.0,/dl/web/weather/ic-w-01-clear-sky-full.svg,Hải Phòng,-0.3335299987435346,0,-0.48206152935475155,0
2025-06-09 10:00:00+07:00,69.0,5.5,79.0,/dl/web/weather/ic-w-01-clear-sky-full.svg,Hải Phòng,-0.14438968440117764,0,-0.8052917495509115,0
2025-06-09 11:00:00+07:00,69.0,9.2,74.0,/dl/web/weather/ic-w-02-new-clouds-full.svg,Hải Phòng,-0.14438968440117764,0,-0.17584342601102124,0
2025-06-09 12:00:00+07:00,67.0,14.8,84.0,/dl/web/weather/ic-w-02-new-clouds-full.svg,Hải Phòng,-0.19842977421327965,0,0.7768351177250294,0
2025-06-09 13:00:00+07:00,64.0,13.0,89.0,/dl/web/weather/ic-w-06-rain-full.svg,Hải Phòng,-0.2794899089314326,0,0.4706170143812988,0
2025-06-09 14:00:00+07:00,56.0,5.5,89.0,/dl/web/weather/ic-w-06-rain-full.svg,Hải Phòng,-0.4956502681798406,0,-0.8052917495509115,0
2025-06-09 15:00:00+07:00,55.0,3.7,89.0,/dl/web/weather/ic-w-06-rain-full.svg,Hải Phòng,-0.5226703130858916,0,-1.111509852894642,0
2025-06-09 16:00:00+07:00,64.0,3.7,84.0,/dl/web/weather/ic-w-06-rain-full.svg,Hải Phòng,-0.2794899089314326,0,-1.111509852894642,0
2025-06-09 17:00:00+07:00,64.0,9.2,84.0,/dl/web/weather/ic-w-06-rain-full.svg,Hải Phòng,-0.2794899089314326,0,-0.17584342601102124,0
2025-06-09 18:00:00+07:00,57.0,9.2,79.0,/dl/web/weather/ic-w-02-new-clouds-full.svg,Hải Phòng,-0.4686302232737896,0,-0.17584342601102124,0
2025-06-09 19:00:00+07:00,59.0,9.2,84.0,/dl/web/weather/ic-w-11-night-few-clouds-full.svg,Hải Phòng,-0.4145901334616876,0,-0.17584342601102124,0
2025-06-09 20:00:00+07:00,60.0,1.8,89.0,/dl/web/weather/ic-w-04-scattered-clouds-full.svg,Hải Phòng,-0.3875700885556366,0,-1.434740073090802,0
2025-06-09 21:00:00+07:00,58.0,3.7,89.0,/dl/web/weather/ic-w-10-night-clear-sky-full.svg,Hải Phòng,-0.4416101783677386,0,-1.111509852894642,0
2025-06-09 22:00:00+07:00,62.0,3.7,89.0,/dl/web/weather/ic-w-10-night-clear-sky-full.svg,Hải Phòng,-0.3335299987435346,0,-1.111509852894642,0
2025-06-09 23:00:00+07:00,67.0,5.5,89.0,/dl/web/weather/ic-w-10-night-clear-sky-full.svg,Hải Phòng,-0.19842977421327965,0,-0.8052917495509115,0
2025-06-10 00:00:00+07:00,71.0,5.5,94.0,/dl/web/weather/ic-w-10-night-clear-sky-full.svg,Hải Phòng,-0.09034959458907565,0,-0.8052917495509115,0
2025-06-10 01:00:00+07:00,70.0,0.0,89.0,/dl/web/weather/ic-w-10-night-clear-sky-full.svg,Hải Phòng,-0.11736963949512665,0,-1.7409581764345325,0
2025-06-10 02:00:00+07:00,67.0,3.7,100.0,/dl/web/weather/ic-w-04-scattered-clouds-full.svg,Hải Phòng,-0.19842977421327965,0,-1.111509852894642,0
2025-06-10 03:00:00+07:00,69.0,5.5,94.0,/dl/web/weather/ic-w-04-scattered-clouds-full.svg,Hải Phòng,-0.14438968440117764,0,-0.8052917495509115,0
2025-06-10 04:00:00+07:00,75.0,11.1,89.0,/dl/web/weather/ic-w-12-night-rain-full.svg,Hải Phòng,0.017730585035128334,0,0.14738679418513878,0
2025-06-10 05:00:00+07:00,73.0,7.4,89.0,/dl/web/weather/ic-w-07-thunderstorms-full.svg,Hải Phòng,-0.03630950477697366,0,-0.48206152935475155,0
2025-06-10 06:00:00+07:00,69.0,3.7,89.0,/dl/web/weather/ic-w-06-rain-full.svg,Hải Phòng,-0.14438968440117764,0,-1.111509852894642,0
2025-06-10 07:00:00+07:00,69.0,11.1,94.0,/dl/web/weather/ic-w-06-rain-full.svg,Hải Phòng,-0.14438968440117764,0,0.14738679418513878,0
2025-06-10 08:00:00+07:00,71.0,11.1,94.0,/dl/web/weather/ic-w-04-scattered-clouds-full.svg,Hải Phòng,-0.09034959458907565,0,0.14738679418513878,0
2025-06-10 09:00:00+07:00,67.0,9.2,89.0,/dl/web/weather/ic-w-01-clear-sky-full.svg,Hải Phòng,-0.19842977421327965,0,-0.17584342601102124,0
2025-06-10 10:00:00+07:00,68.0,7.4,79.0,/dl/web/weather/ic-w-01-clear-sky-full.svg,Hải Phòng,-0.17140972930722864,0,-0.48206152935475155,0
2025-06-10 11:00:00+07:00,68.0,13.0,70.0,/dl/web/weather/ic-w-01-clear-sky-full.svg,Hải Phòng,-0.17140972930722864,0,0.4706170143812988,0
2025-06-10 12:00:00+07:00,69.0,11.1,66.0,/dl/web/weather/ic-w-01-clear-sky-full.svg,Hải Phòng,-0.14438968440117764,0,0.14738679418513878,0
2025-06-10 13:00:00+07:00,60.0,14.8,66.0,/dl/web/weather/ic-w-01-clear-sky-full.svg,Hải Phòng,-0.3875700885556366,0,0.7768351177250294,0
2025-06-10 14:00:00+07:00,55.0,13.0,70.0,/dl/web/weather/ic-w-06-rain-full.svg,Hải Phòng,-0.5226703130858916,0,0.4706170143812988,0
2025-06-10 15:00:00+07:00,56.0,11.1,70.0,/dl/web/weather/ic-w-02-new-clouds-full.svg,Hải Phòng,-0.4956502681798406,0,0.14738679418513878,0
2025-06-10 16:00:00+07:00,57.0,5.5,66.0,/dl/web/weather/ic-w-04-scattered-clouds-full.svg,Hải Phòng,-0.4686302232737896,0,-0.8052917495509115,0
2025-06-10 17:00:00+07:00,60.0,13.0,70.0,/dl/web/weather/ic-w-04-scattered-clouds-full.svg,Hải Phòng,-0.3875700885556366,0,0.4706170143812988,0
2025-06-10 18:00:00+07:00,56.0,14.8,70.0,/dl/web/weather/ic-w-01-clear-sky-full.svg,Hải Phòng,-0.4956502681798406,0,0.7768351177250294,0
2025-06-10 19:00:00+07:00,61.0,14.8,70.0,/dl/web/weather/ic-w-10-night-clear-sky-full.svg,Hải Phòng,-0.3605500436495856,0,0.7768351177250294,0
2025-06-10 20:00:00+07:00,60.0,9.2,74.0,/dl/web/weather/ic-w-10-night-clear-sky-full.svg,Hải Phòng,-0.3875700885556366,0,-0.17584342601102124,0
2025-06-10 21:00:00+07:00,68.0,7.4,78.0,/dl/web/weather/ic-w-10-night-clear-sky-full.svg,Hải Phòng,-0.17140972930722864,0,-0.48206152935475155,0
2025-06-10 22:00:00+07:00,70.0,5.5,78.0,/dl/web/weather/ic-w-10-night-clear-sky-full.svg,Hải Phòng,-0.11736963949512665,0,-0.8052917495509115,0
2025-06-10 23:00:00+07:00,91.0,7.4,83.0,/dl/web/weather/ic-w-10-night-clear-sky-full.svg,Hải Phòng,0.4500513035319443,0,-0.48206152935475155,0
2025-06-11 00:00:00+07:00,95.0,7.4,83.0,/dl/web/weather/ic-w-10-night-clear-sky-full.svg,Hải Phòng,0.5581314831561482,0,-0.48206152935475155,0
2025-06-11 01:00:00+07:00,97.0,7.4,89.0,/dl/web/weather/ic-w-10-night-clear-sky-full.svg,Hải Phòng,0.6121715729682503,0,-0.48206152935475155,0
2025-06-11 02:00:00+07:00,129.0,9.2,89.0,/dl/web/weather/ic-w-10-night-clear-sky-full.svg,Hải Phòng,1.4768130099618821,0,-0.17584342601102124,0
2025-06-11 03:00:00+07:00,118.0,11.1,89.0,/dl/web/weather/ic-w-10-night-clear-sky-full.svg,Hải Phòng,1.1795925159953211,0,0.14738679418513878,0
2025-06-11 04:00:00+07:00,113.0,7.4,83.0,/dl/web/weather/ic-w-10-night-clear-sky-full.svg,Hải Phòng,1.0444922914650663,0,-0.48206152935475155,0
2025-06-11 05:00:00+07:00,124.0,5.5,83.0,/dl/web/weather/ic-w-10-night-clear-sky-full.svg,Hải Phòng,1.341712785431627,0,-0.8052917495509115,0
2025-06-11 06:00:00+07:00,112.0,5.5,89.0,/dl/web/weather/ic-w-01-clear-sky-full.svg,Hải Phòng,1.0174722465590151,0,-0.8052917495509115,0
2025-06-11 07:00:00+07:00,101.0,5.5,89.0,/dl/web/weather/ic-w-01-clear-sky-full.svg,Hải Phòng,0.7202517525924542,0,-0.8052917495509115,0
2025-06-11 08:00:00+07:00,93.0,5.5,74.0,/dl/web/weather/ic-w-01-clear-sky-full.svg,Hải Phòng,0.5040913933440463,0,-0.8052917495509115,0
2025-06-11 09:00:00+07:00,83.0,9.2,62.0,/dl/web/weather/ic-w-01-clear-sky-full.svg,Hải Phòng,0.2338909442835363,0,-0.17584342601102124,0
2025-06-11 10:00:00+07:00,70.0,7.4,62.0,/dl/web/weather/ic-w-04-scattered-clouds-full.svg,Hải Phòng,-0.11736963949512665,0,-0.48206152935475155,0
2025-06-11 11:00:00+07:00,70.0,9.2,62.0,/dl/web/weather/ic-w-01-clear-sky-full.svg,Hải Phòng,-0.11736963949512665,0,-0.17584342601102124,0
2025-06-11 12:00:00+07:00,62.0,9.2,56.0,/dl/web/weather/ic-w-01-clear-sky-full.svg,Hải Phòng,-0.3335299987435346,0,-0.17584342601102124,0
2025-06-11 13:00:00+07:00,60.0,11.1,53.0,/dl/web/weather/ic-w-06-rain-full.svg,Hải Phòng,-0.3875700885556366,0,0.14738679418513878,0
2025-06-11 14:00:00+07:00,60.0,9.2,56.0,/dl/web/weather/ic-w-02-new-clouds-full.svg,Hải Phòng,-0.3875700885556366,0,-0.17584342601102124,0
2025-06-11 15:00:00+07:00,60.0,5.5,52.0,/dl/web/weather/ic-w-06-rain-full.svg,Hải Phòng,-0.3875700885556366,0,-0.8052917495509115,0
2025-06-11 16:00:00+07:00,58.0,11.1,59.0,/dl/web/weather/ic-w-06-rain-full.svg,Hải Phòng,-0.4416101783677386,0,0.14738679418513878,0
2025-06-11 17:00:00+07:00,70.0,9.2,70.0,/dl/web/weather/ic-w-06-rain-full.svg,Hải Phòng,-0.11736963949512665,0,-0.17584342601102124,0
2025-06-11 18:00:00+07:00,59.0,9.2,70.0,/dl/web/weather/ic-w-06-rain-full.svg,Hải Phòng,-0.4145901334616876,0,-0.17584342601102124,0
2025-06-11 19:00:00+07:00,63.0,9.2,79.0,/dl/web/weather/ic-w-11-night-few-clouds-full.svg,Hải Phòng,-0.30650995383748364,0,-0.17584342601102124,0
2025-06-11 20:00:00+07:00,69.0,7.4,78.0,/dl/web/weather/ic-w-10-night-clear-sky-full.svg,Hải Phòng,-0.14438968440117764,0,-0.48206152935475155,0
2025-06-11 21:00:00+07:00,68.0,7.4,79.0,/dl/web/weather/ic-w-10-night-clear-sky-full.svg,Hải Phòng,-0.17140972930722864,0,-0.48206152935475155,0
2025-06-11 22:00:00+07:00,75.0,9.2,79.0,/dl/web/weather/ic-w-10-night-clear-sky-full.svg,Hải Phòng,0.017730585035128334,0,-0.17584342601102124,0
2025-06-11 23:00:00+07:00,79.0,9.2,83.0,/dl/web/weather/ic-w-10-night-clear-sky-full.svg,Hải Phòng,0.12581076465933233,0,-0.17584342601102124,0
2025-06-12 00:00:00+07:00,99.0,9.2,83.0,/dl/web/weather/ic-w-12-night-rain-full.svg,Hải Phòng,0.6662116627803523,0,-0.17584342601102124,0
2025-06-12 01:00:00+07:00,117.0,9.2,83.0,/dl/web/weather/ic-w-12-night-rain-full.svg,Hải Phòng,1.1525724710892702,0,-0.17584342601102124,0
2025-06-12 02:00:00+07:00,97.0,11.1,83.0,/dl/web/weather/ic-w-12-night-rain-full.svg,Hải Phòng,0.6121715729682503,0,0.14738679418513878,0
2025-06-12 03:00:00+07:00,77.0,13.0,78.0,/dl/web/weather/ic-w-10-night-clear-sky-full.svg,Hải Phòng,0.07177067484723033,0,0.4706170143812988,0
2025-06-12 04:00:00+07:00,69.0,7.4,78.0,/dl/web/weather/ic-w-12-night-rain-full.svg,Hải Phòng,-0.14438968440117764,0,-0.48206152935475155,0
2025-06-12 05:00:00+07:00,69.0,13.0,78.0,/dl/web/weather/ic-w-12-night-rain-full.svg,Hải Phòng,-0.14438968440117764,0,0.4706170143812988,0
2025-06-12 06:00:00+07:00,75.0,11.1,78.0,/dl/web/weather/ic-w-01-clear-sky-full.svg,Hải Phòng,0.017730585035128334,0,0.14738679418513878,0
2025-06-12 07:00:00+07:00,79.0,11.1,78.0,/dl/web/weather/ic-w-01-clear-sky-full.svg,Hải Phòng,0.12581076465933233,0,0.14738679418513878,0
2025-06-12 08:00:00+07:00,73.0,13.0,70.0,/dl/web/weather/ic-w-02-new-clouds-full.svg,Hải Phòng,-0.03630950477697366,0,0.4706170143812988,0
2025-06-12 09:00:00+07:00,69.0,16.7,66.0,/dl/web/weather/ic-w-01-clear-sky-full.svg,Hải Phòng,-0.14438968440117764,0,1.100065337921189,0
2025-06-12 10:00:00+07:00,69.0,18.5,58.0,/dl/web/weather/ic-w-06-rain-full.svg,Hải Phòng,-0.14438968440117764,0,1.4062834412649197,0
2025-06-12 11:00:00+07:00,69.0,16.7,59.0,/dl/web/weather/ic-w-02-new-clouds-full.svg,Hải Phòng,-0.14438968440117764,0,1.100065337921189,0
2025-06-12 12:00:00+07:00,64.0,20.4,58.0,/dl/web/weather/ic-w-04-scattered-clouds-full.svg,Hải Phòng,-0.2794899089314326,0,1.7295136614610795,0
2025-06-12 13:00:00+07:00,64.0,14.8,62.0,/dl/web/weather/ic-w-04-scattered-clouds-full.svg,Hải Phòng,-0.2794899089314326,0,0.7768351177250294,0
2025-06-12 14:00:00+07:00,64.0,16.7,66.0,/dl/web/weather/ic-w-06-rain-full.svg,Hải Phòng,-0.2794899089314326,0,1.100065337921189,0
2025-06-12 15:00:00+07:00,68.0,5.5,70.0,/dl/web/weather/ic-w-06-rain-full.svg,Hải Phòng,-0.17140972930722864,0,-0.8052917495509115,0
2025-06-12 16:00:00+07:00,68.0,16.7,62.0,/dl/web/weather/ic-w-01-clear-sky-full.svg,Hải Phòng,-0.17140972930722864,0,1.100065337921189,0
2025-06-12 17:00:00+07:00,69.0,16.7,66.0,/dl/web/weather/ic-w-01-clear-sky-full.svg,Hải Phòng,-0.14438968440117764,0,1.100065337921189,0
2025-06-12 18:00:00+07:00,69.0,18.5,66.0,/dl/web/weather/ic-w-06-rain-full.svg,Hải Phòng,-0.14438968440117764,0,1.4062834412649197,0
2025-06-12 19:00:00+07:00,66.0,14.8,66.0,/dl/web/weather/ic-w-10-night-clear-sky-full.svg,Hải Phòng,-0.22544981911933062,0,0.7768351177250294,0
2025-06-12 20:00:00+07:00,71.0,13.0,70.0,/dl/web/weather/ic-w-12-night-rain-full.svg,Hải Phòng,-0.09034959458907565,0,0.4706170143812988,0
2025-06-12 21:00:00+07:00,77.0,11.1,94.0,/dl/web/weather/ic-w-11-night-few-clouds-full.svg,Hải Phòng,0.07177067484723033,0,0.14738679418513878,0
2025-06-12 22:00:00+07:00,73.0,7.4,94.0,/dl/web/weather/ic-w-10-night-clear-sky-full.svg,Hải Phòng,-0.03630950477697366,0,-0.48206152935475155,0
2025-06-12 23:00:00+07:00,71.0,11.1,94.0,/dl/web/weather/ic-w-10-night-clear-sky-full.svg,Hải Phòng,-0.09034959458907565,0,0.14738679418513878,0
2025-06-13 00:00:00+07:00,68.0,13.0,89.0,/dl/web/weather/ic-w-11-night-few-clouds-full.svg,Hải Phòng,-0.17140972930722864,0,0.4706170143812988,0
2025-06-13 01:00:00+07:00,68.0,7.4,89.0,/dl/web/weather/ic-w-10-night-clear-sky-full.svg,Hải Phòng,-0.17140972930722864,0,-0.48206152935475155,0
2025-06-13 02:00:00+07:00,60.0,14.8,89.0,/dl/web/weather/ic-w-11-night-few-clouds-full.svg,Hải Phòng,-0.3875700885556366,0,0.7768351177250294,0
2025-06-13 03:00:00+07:00,68.0,13.0,83.0,/dl/web/weather/ic-w-04-scattered-clouds-full.svg,Hải Phòng,-0.17140972930722864,0,0.4706170143812988,0
2025-06-13 04:00:00+07:00,64.0,14.8,78.0,/dl/web/weather/ic-w-12-night-rain-full.svg,Hải Phòng,-0.2794899089314326,0,0.7768351177250294,0
2025-06-13 05:00:00+07:00,58.0,9.2,94.0,/dl/web/weather/ic-w-04-scattered-clouds-full.svg,Hải Phòng,-0.4416101783677386,0,-0.17584342601102124,0
2025-06-13 06:00:00+07:00,64.0,13.0,89.0,/dl/web/weather/ic-w-02-new-clouds-full.svg,Hải Phòng,-0.2794899089314326,0,0.4706170143812988,0
2025-06-13 07:00:00+07:00,55.0,11.1,89.0,/dl/web/weather/ic-w-04-scattered-clouds-full.svg,Hải Phòng,-0.5226703130858916,0,0.14738679418513878,0
2025-06-13 08:00:00+07:00,58.0,13.0,83.0,/dl/web/weather/ic-w-01-clear-sky-full.svg,Hải Phòng,-0.4416101783677386,0,0.4706170143812988,0
2025-06-13 09:00:00+07:00,55.0,18.5,70.0,/dl/web/weather/ic-w-02-new-clouds-full.svg,Hải Phòng,-0.5226703130858916,0,1.4062834412649197,0
2025-06-13 10:00:00+07:00,39.0,14.8,66.0,/dl/web/weather/ic-w-06-rain-full.svg,Hải Phòng,-0.9549910315827075,0,0.7768351177250294,0
2025-06-13 11:00:00+07:00,39.0,16.7,62.0,/dl/web/weather/ic-w-06-rain-full.svg,Hải Phòng,-0.9549910315827075,0,1.100065337921189,0
2025-06-13 12:00:00+07:00,39.0,16.7,59.0,/dl/web/weather/ic-w-06-rain-full.svg,Hải Phòng,-0.9549910315827075,0,1.100065337921189,0
2025-06-13 13:00:00+07:00,56.0,14.8,62.0,/dl/web/weather/ic-w-04-scattered-clouds-full.svg,Hải Phòng,-0.4956502681798406,0,0.7768351177250294,0
2025-06-13 14:00:00+07:00,44.0,14.8,59.0,/dl/web/weather/ic-w-01-clear-sky-full.svg,Hải Phòng,-0.8198908070524525,0,0.7768351177250294,0
2025-06-13 15:00:00+07:00,33.0,14.8,59.0,/dl/web/weather/ic-w-01-clear-sky-full.svg,Hải Phòng,-1.1171113010190135,0,0.7768351177250294,0
2025-06-13 16:00:00+07:00,39.0,16.7,58.0,/dl/web/weather/ic-w-01-clear-sky-full.svg,Hải Phòng,-0.9549910315827075,0,1.100065337921189,0
2025-06-13 17:00:00+07:00,50.0,16.7,79.0,/dl/web/weather/ic-w-04-scattered-clouds-full.svg,Hải Phòng,-0.6577705376161466,0,1.100065337921189,0
2025-06-13 18:00:00+07:00,55.0,16.7,70.0,/dl/web/weather/ic-w-01-clear-sky-full.svg,Hải Phòng,-0.5226703130858916,0,1.100065337921189,0
2025-06-13 19:00:00+07:00,53.0,16.7,66.0,/dl/web/weather/ic-w-12-night-rain-full.svg,Hải Phòng,-0.5767104028979936,0,1.100065337921189,0
2025-06-13 20:00:00+07:00,50.0,7.4,70.0,/dl/web/weather/ic-w-10-night-clear-sky-full.svg,Hải Phòng,-0.6577705376161466,0,-0.48206152935475155,0
2025-06-13 21:00:00+07:00,55.0,11.1,70.0,/dl/web/weather/ic-w-12-night-rain-full.svg,Hải Phòng,-0.5226703130858916,0,0.14738679418513878,0
2025-06-13 22:00:00+07:00,39.0,9.2,74.0,/dl/web/weather/ic-w-12-night-rain-full.svg,Hải Phòng,-0.9549910315827075,0,-0.17584342601102124,0
2025-06-13 23:00:00+07:00,53.0,11.1,74.0,/dl/web/weather/ic-w-12-night-rain-full.svg,Hải Phòng,-0.5767104028979936,0,0.14738679418513878,0
2025-06-14 00:00:00+07:00,50.0,11.1,89.0,/dl/web/weather/ic-w-12-night-rain-full.svg,Hải Phòng,-0.6577705376161466,0,0.14738679418513878,0
2025-06-14 01:00:00+07:00,50.0,7.4,94.0,/dl/web/weather/ic-w-12-night-rain-full.svg,Hải Phòng,-0.6577705376161466,0,-0.48206152935475155,0
2025-06-14 02:00:00+07:00,64.0,11.1,89.0,/dl/web/weather/ic-w-12-night-rain-full.svg,Hải Phòng,-0.2794899089314326,0,0.14738679418513878,0
2025-06-14 03:00:00+07:00,44.0,9.2,89.0,/dl/web/weather/ic-w-12-night-rain-full.svg,Hải Phòng,-0.8198908070524525,0,-0.17584342601102124,0
2025-06-14 04:00:00+07:00,56.0,13.0,83.0,/dl/web/weather/ic-w-12-night-rain-full.svg,Hải Phòng,-0.4956502681798406,0,0.4706170143812988,0
2025-06-14 05:00:00+07:00,64.0,14.8,89.0,/dl/web/weather/ic-w-12-night-rain-full.svg,Hải Phòng,-0.2794899089314326,0,0.7768351177250294,0
2025-06-14 06:00:00+07:00,56.0,14.8,83.0,/dl/web/weather/ic-w-06-rain-full.svg,Hải Phòng,-0.4956502681798406,0,0.7768351177250294,0
2025-06-14 07:00:00+07:00,55.0,13.0,78.0,/dl/web/weather/ic-w-06-rain-full.svg,Hải Phòng,-0.5226703130858916,0,0.4706170143812988,0
2025-06-14 08:00:00+07:00,55.0,16.7,79.0,/dl/web/weather/ic-w-06-rain-full.svg,Hải Phòng,-0.5226703130858916,0,1.100065337921189,0
2025-06-14 09:00:00+07:00,55.0,20.4,66.0,/dl/web/weather/ic-w-06-rain-full.svg,Hải Phòng,-0.5226703130858916,0,1.7295136614610795,0
2025-06-14 10:00:00+07:00,55.0,18.5,66.0,/dl/web/weather/ic-w-06-rain-full.svg,Hải Phòng,-0.5226703130858916,0,1.4062834412649197,0
2025-06-14 11:00:00+07:00,55.0,16.7,62.0,/dl/web/weather/ic-w-06-rain-full.svg,Hải Phòng,-0.5226703130858916,0,1.100065337921189,0
2025-06-14 12:00:00+07:00,55.0,16.7,52.0,/dl/web/weather/ic-w-06-rain-full.svg,Hải Phòng,-0.5226703130858916,0,1.100065337921189,0
2025-06-14 13:00:00+07:00,39.0,16.7,47.0,/dl/web/weather/ic-w-06-rain-full.svg,Hải Phòng,-0.9549910315827075,0,1.100065337921189,0
2025-06-14 14:00:00+07:00,28.0,14.8,49.0,/dl/web/weather/ic-w-01-clear-sky-full.svg,Hải Phòng,-1.2522115255492685,0,0.7768351177250294,0
2025-06-14 15:00:00+07:00,28.0,14.8,44.0,/dl/web/weather/ic-w-01-clear-sky-full.svg,Hải Phòng,-1.2522115255492685,0,0.7768351177250294,0
2025-06-14 16:00:00+07:00,28.0,9.2,44.0,/dl/web/weather/ic-w-01-clear-sky-full.svg,Hải Phòng,-1.2522115255492685,0,-0.17584342601102124,0
2025-06-14 17:00:00+07:00,28.0,20.4,55.0,/dl/web/weather/ic-w-01-clear-sky-full.svg,Hải Phòng,-1.2522115255492685,0,1.7295136614610795,0
2025-06-14 18:00:00+07:00,39.0,20.4,70.0,/dl/web/weather/ic-w-01-clear-sky-full.svg,Hải Phòng,-0.9549910315827075,0,1.7295136614610795,0
2025-06-14 19:00:00+07:00,66.0,20.4,70.0,/dl/web/weather/ic-w-10-night-clear-sky-full.svg,Hải Phòng,-0.22544981911933062,0,1.7295136614610795,0
2025-06-14 20:00:00+07:00,71.0,16.7,70.0,/dl/web/weather/ic-w-10-night-clear-sky-full.svg,Hải Phòng,-0.09034959458907565,0,1.100065337921189,0
2025-06-14 21:00:00+07:00,50.0,14.8,79.0,/dl/web/weather/ic-w-10-night-clear-sky-full.svg,Hải Phòng,-0.6577705376161466,0,0.7768351177250294,0
2025-06-14 22:00:00+07:00,28.0,11.1,79.0,/dl/web/weather/ic-w-10-night-clear-sky-full.svg,Hải Phòng,-1.2522115255492685,0,0.14738679418513878,0
2025-06-14 23:00:00+07:00,28.0,11.1,84.0,/dl/web/weather/ic-w-10-night-clear-sky-full.svg,Hải Phòng,-1.2522115255492685,0,0.14738679418513878,0
2025-06-15 00:00:00+07:00,22.0,5.5,89.0,/dl/web/weather/ic-w-10-night-clear-sky-full.svg,Hải Phòng,-1.4143317949855745,0,-0.8052917495509115,0
2025-06-15 01:00:00+07:00,22.0,3.7,89.0,/dl/web/weather/ic-w-10-night-clear-sky-full.svg,Hải Phòng,-1.4143317949855745,0,-1.111509852894642,0
2025-06-15 02:00:00+07:00,22.0,5.5,89.0,/dl/web/weather/ic-w-10-night-clear-sky-full.svg,Hải Phòng,-1.4143317949855745,0,-0.8052917495509115,0
2025-06-15 03:00:00+07:00,22.0,7.4,89.0,/dl/web/weather/ic-w-10-night-clear-sky-full.svg,Hải Phòng,-1.4143317949855745,0,-0.48206152935475155,0
2025-06-15 04:00:00+07:00,22.0,7.4,89.0,/dl/web/weather/ic-w-10-night-clear-sky-full.svg,Hải Phòng,-1.4143317949855745,0,-0.48206152935475155,0
2025-06-15 05:00:00+07:00,33.0,7.4,89.0,/dl/web/weather/ic-w-11-night-few-clouds-full.svg,Hải Phòng,-1.1171113010190135,0,-0.48206152935475155,0
2025-06-15 06:00:00+07:00,28.0,7.4,89.0,/dl/web/weather/ic-w-01-clear-sky-full.svg,Hải Phòng,-1.2522115255492685,0,-0.48206152935475155,0
2025-06-15 07:00:00+07:00,33.0,9.2,84.0,/dl/web/weather/ic-w-02-new-clouds-full.svg,Hải Phòng,-1.1171113010190135,0,-0.17584342601102124,0
2025-06-15 08:00:00+07:00,39.0,5.5,84.0,/dl/web/weather/ic-w-02-new-clouds-full.svg,Hải Phòng,-0.9549910315827075,0,-0.8052917495509115,0
2025-06-15 09:00:00+07:00,50.0,5.5,79.0,/dl/web/weather/ic-w-02-new-clouds-full.svg,Hải Phòng,-0.6577705376161466,0,-0.8052917495509115,0
2025-06-15 10:00:00+07:00,56.0,5.5,66.0,/dl/web/weather/ic-w-01-clear-sky-full.svg,Hải Phòng,-0.4956502681798406,0,-0.8052917495509115,0
2025-06-15 11:00:00+07:00,56.0,9.2,66.0,/dl/web/weather/ic-w-02-new-clouds-full.svg,Hải Phòng,-0.4956502681798406,0,-0.17584342601102124,0
2025-06-15 12:00:00+07:00,55.0,16.7,70.0,/dl/web/weather/ic-w-01-clear-sky-full.svg,Hải Phòng,-0.5226703130858916,0,1.100065337921189,0
2025-06-15 13:00:00+07:00,50.0,18.5,70.0,/dl/web/weather/ic-w-02-new-clouds-full.svg,Hải Phòng,-0.6577705376161466,0,1.4062834412649197,0
2025-06-15 14:00:00+07:00,39.0,20.4,70.0,/dl/web/weather/ic-w-01-clear-sky-full.svg,Hải Phòng,-0.9549910315827075,0,1.7295136614610795,0
2025-06-15 15:00:00+07:00,39.0,20.4,66.0,/dl/web/weather/ic-w-01-clear-sky-full.svg,Hải Phòng,-0.9549910315827075,0,1.7295136614610795,0
2025-06-15 16:00:00+07:00,33.0,18.5,70.0,/dl/web/weather/ic-w-06-rain-full.svg,Hải Phòng,-1.1171113010190135,0,1.4062834412649197,0
2025-06-15 17:00:00+07:00,28.0,14.8,74.0,/dl/web/weather/ic-w-06-rain-full.svg,Hải Phòng,-1.2522115255492685,0,0.7768351177250294,0
2025-06-15 18:00:00+07:00,33.0,11.1,74.0,/dl/web/weather/ic-w-06-rain-full.svg,Hải Phòng,-1.1171113010190135,0,0.14738679418513878,0
2025-06-15 19:00:00+07:00,44.0,13.0,79.0,/dl/web/weather/ic-w-12-night-rain-full.svg,Hải Phòng,-0.8198908070524525,0,0.4706170143812988,0
2025-06-15 20:00:00+07:00,28.0,11.1,74.0,/dl/web/weather/ic-w-12-night-rain-full.svg,Hải Phòng,-1.2522115255492685,0,0.14738679418513878,0
2025-06-15 21:00:00+07:00,33.0,25.9,74.0,/dl/web/weather/ic-w-12-night-rain-full.svg,Hải Phòng,-1.1171113010190135,0,2.6651800883447003,0
2025-06-15 22:00:00+07:00,22.0,14.8,74.0,/dl/web/weather/ic-w-12-night-rain-full.svg,Hải Phòng,-1.4143317949855745,0,0.7768351177250294,0
2025-06-15 23:00:00+07:00,22.0,7.4,78.0,/dl/web/weather/ic-w-12-night-rain-full.svg,Hải Phòng,-1.4143317949855745,0,-0.48206152935475155,0
2025-06-16 00:00:00+07:00,22.0,9.2,83.0,/dl/web/weather/ic-w-10-night-clear-sky-full.svg,Hải Phòng,-1.4143317949855745,0,-0.17584342601102124,0
2025-06-16 01:00:00+07:00,39.0,3.7,78.0,/dl/web/weather/ic-w-10-night-clear-sky-full.svg,Hải Phòng,-0.9549910315827075,0,-1.111509852894642,0
2025-06-16 02:00:00+07:00,50.0,1.8,83.0,/dl/web/weather/ic-w-12-night-rain-full.svg,Hải Phòng,-0.6577705376161466,0,-1.434740073090802,0
2025-06-16 03:00:00+07:00,33.0,0.0,83.0,/dl/web/weather/ic-w-12-night-rain-full.svg,Hải Phòng,-1.1171113010190135,0,-1.7409581764345325,0
2025-06-16 04:00:00+07:00,44.0,9.2,89.0,/dl/web/weather/ic-w-12-night-rain-full.svg,Hải Phòng,-0.8198908070524525,0,-0.17584342601102124,0
2025-06-16 05:00:00+07:00,68.0,3.7,89.0,/dl/web/weather/ic-w-04-scattered-clouds-full.svg,Hải Phòng,-0.17140972930722864,0,-1.111509852894642,0
2025-06-16 06:00:00+07:00,71.0,5.5,89.0,/dl/web/weather/ic-w-06-rain-full.svg,Hải Phòng,-0.09034959458907565,0,-0.8052917495509115,0
2025-06-16 07:00:00+07:00,68.0,5.5,89.0,/dl/web/weather/ic-w-04-scattered-clouds-full.svg,Hải Phòng,-0.17140972930722864,0,-0.8052917495509115,0
2025-06-16 08:00:00+07:00,33.0,14.8,94.0,/dl/web/weather/ic-w-04-scattered-clouds-full.svg,Hải Phòng,-1.1171113010190135,0,0.7768351177250294,0
2025-06-16 09:00:00+07:00,39.0,20.4,84.0,/dl/web/weather/ic-w-04-scattered-clouds-full.svg,Hải Phòng,-0.9549910315827075,0,1.7295136614610795,0
2025-06-16 10:00:00+07:00,39.0,20.4,84.0,/dl/web/weather/ic-w-04-scattered-clouds-full.svg,Hải Phòng,-0.9549910315827075,0,1.7295136614610795,0
2025-06-16 11:00:00+07:00,44.0,18.5,79.0,/dl/web/weather/ic-w-04-scattered-clouds-full.svg,Hải Phòng,-0.8198908070524525,0,1.4062834412649197,0
2025-06-16 12:00:00+07:00,44.0,16.7,74.0,/dl/web/weather/ic-w-04-scattered-clouds-full.svg,Hải Phòng,-0.8198908070524525,0,1.100065337921189,0
2025-06-16 13:00:00+07:00,53.0,9.2,79.0,/dl/web/weather/ic-w-06-rain-full.svg,Hải Phòng,-0.5767104028979936,0,-0.17584342601102124,0
2025-06-16 14:00:00+07:00,68.0,11.1,84.0,/dl/web/weather/ic-w-06-rain-full.svg,Hải Phòng,-0.17140972930722864,0,0.14738679418513878,0
2025-06-16 15:00:00+07:00,66.0,7.4,89.0,/dl/web/weather/ic-w-06-rain-full.svg,Hải Phòng,-0.22544981911933062,0,-0.48206152935475155,0
2025-06-16 16:00:00+07:00,99.0,7.4,94.0,/dl/web/weather/ic-w-06-rain-full.svg,Hải Phòng,0.6662116627803523,0,-0.48206152935475155,0
2025-06-16 17:00:00+07:00,126.0,7.4,89.0,/dl/web/weather/ic-w-04-scattered-clouds-full.svg,Hải Phòng,1.3957528752437292,0,-0.48206152935475155,0
2025-06-16 18:00:00+07:00,84.0,13.0,89.0,/dl/web/weather/ic-w-04-scattered-clouds-full.svg,Hải Phòng,0.26091098918958733,0,0.4706170143812988,0
2025-06-16 19:00:00+07:00,57.0,9.2,89.0,/dl/web/weather/ic-w-11-night-few-clouds-full.svg,Hải Phòng,-0.4686302232737896,0,-0.17584342601102124,0
2025-06-16 20:00:00+07:00,53.0,1.8,89.0,/dl/web/weather/ic-w-10-night-clear-sky-full.svg,Hải Phòng,-0.5767104028979936,0,-1.434740073090802,0
2025-06-17 04:00:00+07:00,53.0,11.1,89.0,/dl/web/weather/ic-w-12-night-rain-full.svg,Hải Phòng,-0.5767104028979936,0,0.14738679418513878,0
2025-06-17 05:00:00+07:00,54.0,14.8,89.0,/dl/web/weather/ic-w-12-night-rain-full.svg,Hải Phòng,-0.5496903579919425,0,0.7768351177250294,0
2025-06-17 06:00:00+07:00,59.0,16.7,89.0,/dl/web/weather/ic-w-06-rain-full.svg,Hải Phòng,-0.4145901334616876,0,1.100065337921189,0
2025-06-17 07:00:00+07:00,60.0,14.8,89.0,/dl/web/weather/ic-w-06-rain-full.svg,Hải Phòng,-0.3875700885556366,0,0.7768351177250294,0
2025-06-17 08:00:00+07:00,61.0,14.8,89.0,/dl/web/weather/ic-w-06-rain-full.svg,Hải Phòng,-0.3605500436495856,0,0.7768351177250294,0
2025-06-17 09:00:00+07:00,59.0,17.5,75.0,/dl/web/weather/ic-w-04-scattered-clouds-full.svg,Hải Phòng,-0.4145901334616876,0,1.236162272740625,0
2025-06-17 10:00:00+07:00,56.0,14.5,77.0,/dl/web/weather/ic-w-04-scattered-clouds-full.svg,Hải Phòng,-0.4956502681798406,0,0.7257987671677408,0
2025-06-17 11:00:00+07:00,56.0,16.7,71.0,/dl/web/weather/ic-w-04-scattered-clouds-full.svg,Hải Phòng,-0.4956502681798406,0,1.100065337921189,0
2025-06-17 12:00:00+07:00,55.0,16.7,84.0,/dl/web/weather/ic-w-04-scattered-clouds-full.svg,Hải Phòng,-0.5226703130858916,0,1.100065337921189,0
2025-06-17 13:00:00+07:00,52.0,18.5,84.0,/dl/web/weather/ic-w-04-scattered-clouds-full.svg,Hải Phòng,-0.6037304478040446,0,1.4062834412649197,0
2025-06-17 14:00:00+07:00,52.0,20.4,79.0,/dl/web/weather/ic-w-04-scattered-clouds-full.svg,Hải Phòng,-0.6037304478040446,0,1.7295136614610795,0
2025-06-17 15:00:00+07:00,36.0,22.2,79.0,/dl/web/weather/ic-w-02-new-clouds-full.svg,Hải Phòng,-1.0360511663008605,0,2.03573176480481,0
2025-06-17 16:00:00+07:00,31.0,18.5,79.0,/dl/web/weather/ic-w-02-new-clouds-full.svg,Hải Phòng,-1.1711513908311155,0,1.4062834412649197,0
2025-06-17 17:00:00+07:00,33.0,22.2,74.0,/dl/web/weather/ic-w-01-clear-sky-full.svg,Hải Phòng,-1.1171113010190135,0,2.03573176480481,0
2025-06-17 18:00:00+07:00,33.0,16.7,84.0,/dl/web/weather/ic-w-01-clear-sky-full.svg,Hải Phòng,-1.1171113010190135,0,1.100065337921189,0
2025-06-17 19:00:00+07:00,54.0,14.8,84.0,/dl/web/weather/ic-w-12-night-rain-full.svg,Hải Phòng,-0.5496903579919425,0,0.7768351177250294,0
2025-06-17 20:00:00+07:00,76.0,11.1,89.0,/dl/web/weather/ic-w-12-night-rain-full.svg,Hải Phòng,0.04475062994117933,0,0.14738679418513878,0
2025-06-17 22:00:00+07:00,31.0,3.7,83.0,/dl/web/weather/ic-w-11-night-few-clouds-full.svg,Hải Phòng,-1.1711513908311155,0,-1.111509852894642,0
2025-06-17 23:00:00+07:00,31.0,5.5,83.0,/dl/web/weather/ic-w-10-night-clear-sky-full.svg,Hải Phòng,-1.1711513908311155,0,-0.8052917495509115,0
2025-06-18 00:00:00+07:00,33.0,11.1,78.0,/dl/web/weather/ic-w-10-night-clear-sky-full.svg,Hải Phòng,-1.1171113010190135,0,0.14738679418513878,0
2025-06-18 03:00:00+07:00,33.0,20.4,89.0,/dl/web/weather/ic-w-04-scattered-clouds-full.svg,Hải Phòng,-1.1171113010190135,0,1.7295136614610795,0
2025-06-18 06:00:00+07:00,71.0,18.5,89.0,/dl/web/weather/ic-w-04-scattered-clouds-full.svg,Hải Phòng,-0.09034959458907565,0,1.4062834412649197,0
2025-06-18 07:00:00+07:00,71.0,20.4,89.0,/dl/web/weather/ic-w-04-scattered-clouds-full.svg,Hải Phòng,-0.09034959458907565,0,1.7295136614610795,0
2025-06-18 08:00:00+07:00,73.0,18.5,89.0,/dl/web/weather/ic-w-04-scattered-clouds-full.svg,Hải Phòng,-0.03630950477697366,0,1.4062834412649197,0
2025-06-18 09:00:00+07:00,71.0,20.4,89.0,/dl/web/weather/ic-w-04-scattered-clouds-full.svg,Hải Phòng,-0.09034959458907565,0,1.7295136614610795,0
2025-06-18 10:00:00+07:00,69.0,24.1,84.0,/dl/web/weather/ic-w-04-scattered-clouds-full.svg,Hải Phòng,-0.14438968440117764,0,2.3589619850009704,0
2025-06-18 11:00:00+07:00,69.0,22.2,84.0,/dl/web/weather/ic-w-04-scattered-clouds-full.svg,Hải Phòng,-0.14438968440117764,0,2.03573176480481,0
2025-06-18 12:00:00+07:00,71.0,24.1,84.0,/dl/web/weather/ic-w-04-scattered-clouds-full.svg,Hải Phòng,-0.09034959458907565,0,2.3589619850009704,0
2025-06-18 13:00:00+07:00,73.0,24.1,79.0,/dl/web/weather/ic-w-04-scattered-clouds-full.svg,Hải Phòng,-0.03630950477697366,0,2.3589619850009704,0
2025-06-18 14:00:00+07:00,68.0,22.2,79.0,/dl/web/weather/ic-w-04-scattered-clouds-full.svg,Hải Phòng,-0.17140972930722864,0,2.03573176480481,0
2025-06-18 15:00:00+07:00,66.0,24.1,84.0,/dl/web/weather/ic-w-04-scattered-clouds-full.svg,Hải Phòng,-0.22544981911933062,0,2.3589619850009704,0
2025-06-18 16:00:00+07:00,68.0,27.8,79.0,/dl/web/weather/ic-w-04-scattered-clouds-full.svg,Hải Phòng,-0.17140972930722864,0,2.988410308540861,0
2025-06-18 17:00:00+07:00,60.0,22.2,84.0,/dl/web/weather/ic-w-04-scattered-clouds-full.svg,Hải Phòng,-0.3875700885556366,0,2.03573176480481,0
2025-06-18 18:00:00+07:00,62.0,22.2,84.0,/dl/web/weather/ic-w-04-scattered-clouds-full.svg,Hải Phòng,-0.3335299987435346,0,2.03573176480481,0
2025-06-18 19:00:00+07:00,73.0,18.5,89.0,/dl/web/weather/ic-w-04-scattered-clouds-full.svg,Hải Phòng,-0.03630950477697366,0,1.4062834412649197,0
2025-06-18 20:00:00+07:00,75.0,14.8,89.0,/dl/web/weather/ic-w-04-scattered-clouds-full.svg,Hải Phòng,0.017730585035128334,0,0.7768351177250294,0
2025-06-18 21:00:00+07:00,68.0,16.7,89.0,/dl/web/weather/ic-w-04-scattered-clouds-full.svg,Hải Phòng,-0.17140972930722864,0,1.100065337921189,0
2025-06-18 22:00:00+07:00,66.0,18.5,89.0,/dl/web/weather/ic-w-04-scattered-clouds-full.svg,Hải Phòng,-0.22544981911933062,0,1.4062834412649197,0
2025-06-18 23:00:00+07:00,64.0,16.7,89.0,/dl/web/weather/ic-w-04-scattered-clouds-full.svg,Hải Phòng,-0.2794899089314326,0,1.100065337921189,0
2025-06-19 00:00:00+07:00,66.0,22.2,89.0,/dl/web/weather/ic-w-04-scattered-clouds-full.svg,Hải Phòng,-0.22544981911933062,0,2.03573176480481,0
2025-06-19 01:00:00+07:00,66.0,22.2,89.0,/dl/web/weather/ic-w-04-scattered-clouds-full.svg,Hải Phòng,-0.22544981911933062,0,2.03573176480481,0
2025-06-19 02:00:00+07:00,66.0,25.9,89.0,/dl/web/weather/ic-w-04-scattered-clouds-full.svg,Hải Phòng,-0.22544981911933062,0,2.6651800883447003,0
2025-06-19 03:00:00+07:00,68.0,24.1,89.0,/dl/web/weather/ic-w-04-scattered-clouds-full.svg,Hải Phòng,-0.17140972930722864,0,2.3589619850009704,0
2025-06-19 04:00:00+07:00,66.0,24.1,89.0,/dl/web/weather/ic-w-04-scattered-clouds-full.svg,Hải Phòng,-0.22544981911933062,0,2.3589619850009704,0
2025-06-19 05:00:00+07:00,68.0,18.5,89.0,/dl/web/weather/ic-w-04-scattered-clouds-full.svg,Hải Phòng,-0.17140972930722864,0,1.4062834412649197,0
2025-06-19 06:00:00+07:00,68.0,20.4,89.0,/dl/web/weather/ic-w-04-scattered-clouds-full.svg,Hải Phòng,-0.17140972930722864,0,1.7295136614610795,0
2025-06-19 07:00:00+07:00,68.0,18.5,89.0,/dl/web/weather/ic-w-04-scattered-clouds-full.svg,Hải Phòng,-0.17140972930722864,0,1.4062834412649197,0
2025-06-19 08:00:00+07:00,68.0,24.1,84.0,/dl/web/weather/ic-w-04-scattered-clouds-full.svg,Hải Phòng,-0.17140972930722864,0,2.3589619850009704,0
2025-06-19 09:00:00+07:00,68.0,24.1,84.0,/dl/web/weather/ic-w-04-scattered-clouds-full.svg,Hải Phòng,-0.17140972930722864,0,2.3589619850009704,0
2025-06-19 10:00:00+07:00,66.0,18.5,84.0,/dl/web/weather/ic-w-04-scattered-clouds-full.svg,Hải Phòng,-0.22544981911933062,0,1.4062834412649197,0
2025-06-19 11:00:00+07:00,66.0,20.4,84.0,/dl/web/weather/ic-w-04-scattered-clouds-full.svg,Hải Phòng,-0.22544981911933062,0,1.7295136614610795,0
2025-06-19 12:00:00+07:00,66.0,22.2,84.0,/dl/web/weather/ic-w-04-scattered-clouds-full.svg,Hải Phòng,-0.22544981911933062,0,2.03573176480481,0
2025-06-19 13:00:00+07:00,64.0,24.1,79.0,/dl/web/weather/ic-w-04-scattered-clouds-full.svg,Hải Phòng,-0.2794899089314326,0,2.3589619850009704,0
2025-06-19 14:00:00+07:00,60.0,25.9,79.0,/dl/web/weather/ic-w-04-scattered-clouds-full.svg,Hải Phòng,-0.3875700885556366,0,2.6651800883447003,0
2025-06-19 15:00:00+07:00,56.0,24.1,84.0,/dl/web/weather/ic-w-04-scattered-clouds-full.svg,Hải Phòng,-0.4956502681798406,0,2.3589619850009704,0
2025-06-19 16:00:00+07:00,56.0,25.9,79.0,/dl/web/weather/ic-w-04-scattered-clouds-full.svg,Hải Phòng,-0.4956502681798406,0,2.6651800883447003,0
2025-06-19 17:00:00+07:00,56.0,18.5,79.0,/dl/web/weather/ic-w-04-scattered-clouds-full.svg,Hải Phòng,-0.4956502681798406,0,1.4062834412649197,0
2025-06-19 18:00:00+07:00,63.0,18.5,79.0,/dl/web/weather/ic-w-02-new-clouds-full.svg,Hải Phòng,-0.30650995383748364,0,1.4062834412649197,0
2025-06-19 19:00:00+07:00,64.0,14.8,84.0,/dl/web/weather/ic-w-04-scattered-clouds-full.svg,Hải Phòng,-0.2794899089314326,0,0.7768351177250294,0
2025-06-19 20:00:00+07:00,63.0,13.0,89.0,/dl/web/weather/ic-w-04-scattered-clouds-full.svg,Hải Phòng,-0.30650995383748364,0,0.4706170143812988,0
2025-06-19 21:00:00+07:00,66.0,11.1,84.0,/dl/web/weather/ic-w-04-scattered-clouds-full.svg,Hải Phòng,-0.22544981911933062,0,0.14738679418513878,0
2025-06-19 22:00:00+07:00,66.0,9.2,84.0,/dl/web/weather/ic-w-04-scattered-clouds-full.svg,Hải Phòng,-0.22544981911933062,0,-0.17584342601102124,0
2025-06-20 00:00:00+07:00,64.0,13.0,89.0,/dl/web/weather/ic-w-04-scattered-clouds-full.svg,Hải Phòng,-0.2794899089314326,0,0.4706170143812988,0
2025-06-20 02:00:00+07:00,66.0,22.2,89.0,/dl/web/weather/ic-w-04-scattered-clouds-full.svg,Hải Phòng,-0.22544981911933062,0,2.03573176480481,0
2025-06-20 03:00:00+07:00,64.0,24.1,89.0,/dl/web/weather/ic-w-04-scattered-clouds-full.svg,Hải Phòng,-0.2794899089314326,0,2.3589619850009704,0
2025-06-20 04:00:00+07:00,64.0,25.9,89.0,/dl/web/weather/ic-w-12-night-rain-full.svg,Hải Phòng,-0.2794899089314326,0,2.6651800883447003,0
2025-06-20 05:00:00+07:00,64.0,22.2,89.0,/dl/web/weather/ic-w-12-night-rain-full.svg,Hải Phòng,-0.2794899089314326,0,2.03573176480481,0
2025-06-20 06:00:00+07:00,64.0,20.4,89.0,/dl/web/weather/ic-w-06-rain-full.svg,Hải Phòng,-0.2794899089314326,0,1.7295136614610795,0
2025-06-20 07:00:00+07:00,62.0,20.4,89.0,/dl/web/weather/ic-w-04-scattered-clouds-full.svg,Hải Phòng,-0.3335299987435346,0,1.7295136614610795,0
2025-06-20 08:00:00+07:00,66.0,20.4,84.0,/dl/web/weather/ic-w-04-scattered-clouds-full.svg,Hải Phòng,-0.22544981911933062,0,1.7295136614610795,0
2025-06-20 09:00:00+07:00,73.0,22.4,86.0,/dl/web/weather/ic-w-04-scattered-clouds-full.svg,Hải Phòng,-0.03630950477697366,0,2.069755998509669,0
2025-06-20 10:00:00+07:00,60.0,21.7,81.0,/dl/web/weather/ic-w-04-scattered-clouds-full.svg,Hải Phòng,-0.3875700885556366,0,1.9506711805426626,0
2025-06-20 11:00:00+07:00,60.0,20.1,77.0,/dl/web/weather/ic-w-04-scattered-clouds-full.svg,Hải Phòng,-0.3875700885556366,0,1.6784773109037916,0
2025-06-20 12:00:00+07:00,60.0,19.6,76.0,/dl/web/weather/ic-w-04-scattered-clouds-full.svg,Hải Phòng,-0.3875700885556366,0,1.5934167266416441,0
2025-06-20 13:00:00+07:00,44.0,19.2,68.0,/dl/web/weather/ic-w-04-scattered-clouds-full.svg,Hải Phòng,-0.8198908070524525,0,1.525368259231926,0
2025-06-20 14:00:00+07:00,28.0,19.3,72.0,/dl/web/weather/ic-w-04-scattered-clouds-full.svg,Hải Phòng,-1.2522115255492685,0,1.5423803760843557,0
2025-06-20 15:00:00+07:00,28.0,19.8,73.0,/dl/web/weather/ic-w-04-scattered-clouds-full.svg,Hải Phòng,-1.2522115255492685,0,1.627440960346503,0
2025-06-20 16:00:00+07:00,28.0,18.5,75.0,/dl/web/weather/ic-w-04-scattered-clouds-full.svg,Hải Phòng,-1.2522115255492685,0,1.4062834412649197,0
2025-06-20 17:00:00+07:00,33.0,16.6,76.0,/dl/web/weather/ic-w-04-scattered-clouds-full.svg,Hải Phòng,-1.1171113010190135,0,1.08305322106876,0
2025-06-20 18:00:00+07:00,44.0,16.3,84.0,/dl/web/weather/ic-w-04-scattered-clouds-full.svg,Hải Phòng,-0.8198908070524525,0,1.0320168705114714,0
2025-06-20 19:00:00+07:00,60.0,14.5,86.0,/dl/web/weather/ic-w-04-scattered-clouds-full.svg,Hải Phòng,-0.3875700885556366,0,0.7257987671677408,0
2025-06-20 20:00:00+07:00,62.0,14.5,89.0,/dl/web/weather/ic-w-04-scattered-clouds-full.svg,Hải Phòng,-0.3335299987435346,0,0.7257987671677408,0
2025-06-20 21:00:00+07:00,62.0,13.5,89.0,/dl/web/weather/ic-w-04-scattered-clouds-full.svg,Hải Phòng,-0.3335299987435346,0,0.5556775986434461,0
2025-06-20 22:00:00+07:00,62.0,11.9,84.0,/dl/web/weather/ic-w-04-scattered-clouds-full.svg,Hải Phòng,-0.3335299987435346,0,0.2834837290045747,0
2025-06-20 23:00:00+07:00,66.0,13.0,84.0,/dl/web/weather/ic-w-04-scattered-clouds-full.svg,Hải Phòng,-0.22544981911933062,0,0.4706170143812988,0
2025-06-21 00:00:00+07:00,64.0,13.8,84.0,/dl/web/weather/ic-w-04-scattered-clouds-full.svg,Hải Phòng,-0.2794899089314326,0,0.6067139492007347,0
2025-06-21 02:00:00+07:00,66.0,18.5,84.0,/dl/web/weather/ic-w-04-scattered-clouds-full.svg,Hải Phòng,-0.22544981911933062,0,1.4062834412649197,0
2025-06-21 03:00:00+07:00,68.0,20.0,84.0,/dl/web/weather/ic-w-04-scattered-clouds-full.svg,Hải Phòng,-0.17140972930722864,0,1.6614651940513618,0
2025-06-21 04:00:00+07:00,69.0,20.0,85.0,/dl/web/weather/ic-w-04-scattered-clouds-full.svg,Hải Phòng,-0.14438968440117764,0,1.6614651940513618,0
2025-06-21 05:00:00+07:00,69.0,19.8,85.0,/dl/web/weather/ic-w-04-scattered-clouds-full.svg,Hải Phòng,-0.14438968440117764,0,1.627440960346503,0
2025-06-21 06:00:00+07:00,66.0,20.0,85.0,/dl/web/weather/ic-w-04-scattered-clouds-full.svg,Hải Phòng,-0.22544981911933062,0,1.6614651940513618,0
2025-06-21 07:00:00+07:00,66.0,21.2,86.0,/dl/web/weather/ic-w-04-scattered-clouds-full.svg,Hải Phòng,-0.22544981911933062,0,1.8656105962805154,0
2025-06-21 08:00:00+07:00,68.0,21.7,80.0,/dl/web/weather/ic-w-04-scattered-clouds-full.svg,Hải Phòng,-0.17140972930722864,0,1.9506711805426626,0
2025-06-21 09:00:00+07:00,69.0,22.4,83.0,/dl/web/weather/ic-w-04-scattered-clouds-full.svg,Hải Phòng,-0.14438968440117764,0,2.069755998509669,0
2025-06-21 10:00:00+07:00,64.0,23.0,83.0,/dl/web/weather/ic-w-04-scattered-clouds-full.svg,Hải Phòng,-0.2794899089314326,0,2.1718286996242457,0
2025-06-21 11:00:00+07:00,64.0,22.5,83.0,/dl/web/weather/ic-w-04-scattered-clouds-full.svg,Hải Phòng,-0.2794899089314326,0,2.0867681153620987,0
2025-06-21 12:00:00+07:00,66.0,22.5,79.0,/dl/web/weather/ic-w-04-scattered-clouds-full.svg,Hải Phòng,-0.22544981911933062,0,2.0867681153620987,0
2025-06-21 13:00:00+07:00,62.0,23.7,79.0,/dl/web/weather/ic-w-04-scattered-clouds-full.svg,Hải Phòng,-0.3335299987435346,0,2.2909135175912523,0
2025-06-21 14:00:00+07:00,60.0,22.9,78.0,/dl/web/weather/ic-w-04-scattered-clouds-full.svg,Hải Phòng,-0.3875700885556366,0,2.1548165827718164,0
2025-06-21 15:00:00+07:00,58.0,23.5,78.0,/dl/web/weather/ic-w-04-scattered-clouds-full.svg,Hải Phòng,-0.4416101783677386,0,2.256889283886393,0
2025-06-21 16:00:00+07:00,60.0,20.6,78.0,/dl/web/weather/ic-w-04-scattered-clouds-full.svg,Hải Phòng,-0.3875700885556366,0,1.7635378951659388,0
2025-06-21 17:00:00+07:00,68.0,18.5,83.0,/dl/web/weather/ic-w-04-scattered-clouds-full.svg,Hải Phòng,-0.17140972930722864,0,1.4062834412649197,0
2025-06-21 18:00:00+07:00,66.0,16.4,80.0,/dl/web/weather/ic-w-04-scattered-clouds-full.svg,Hải Phòng,-0.22544981911933062,0,1.0490289873639005,0
2025-06-21 19:00:00+07:00,64.0,12.7,83.0,/dl/web/weather/ic-w-12-night-rain-full.svg,Hải Phòng,-0.2794899089314326,0,0.41958066382401027,0
2025-06-21 20:00:00+07:00,62.0,11.6,90.0,/dl/web/weather/ic-w-04-scattered-clouds-full.svg,Hải Phòng,-0.3335299987435346,0,0.23244737844728616,0
2025-06-21 21:00:00+07:00,60.0,10.5,90.0,/dl/web/weather/ic-w-04-scattered-clouds-full.svg,Hải Phòng,-0.3875700885556366,0,0.04531409307056202,0
2025-06-21 22:00:00+07:00,60.0,11.1,89.0,/dl/web/weather/ic-w-04-scattered-clouds-full.svg,Hải Phòng,-0.3875700885556366,0,0.14738679418513878,0
2025-06-21 23:00:00+07:00,58.0,11.3,85.0,/dl/web/weather/ic-w-04-scattered-clouds-full.svg,Hải Phòng,-0.4416101783677386,0,0.1814110278899979,0
2025-06-22 00:00:00+07:00,58.0,11.9,85.0,/dl/web/weather/ic-w-04-scattered-clouds-full.svg,Hải Phòng,-0.4416101783677386,0,0.2834837290045747,0
2025-06-22 01:00:00+07:00,62.0,14.6,87.0,/dl/web/weather/ic-w-04-scattered-clouds-full.svg,Hải Phòng,-0.3335299987435346,0,0.7428108840201703,0
2025-06-22 02:00:00+07:00,62.0,14.7,87.0,/dl/web/weather/ic-w-04-scattered-clouds-full.svg,Hải Phòng,-0.3335299987435346,0,0.7598230008725997,0
2025-06-22 03:00:00+07:00,62.0,13.8,88.0,/dl/web/weather/ic-w-12-night-rain-full.svg,Hải Phòng,-0.3335299987435346,0,0.6067139492007347,0
2025-06-22 04:00:00+07:00,62.0,13.4,84.0,/dl/web/weather/ic-w-04-scattered-clouds-full.svg,Hải Phòng,-0.3335299987435346,0,0.5386654817910168,0
2025-06-22 05:00:00+07:00,62.0,13.7,84.0,/dl/web/weather/ic-w-04-scattered-clouds-full.svg,Hải Phòng,-0.3335299987435346,0,0.589701832348305,0
2025-06-22 06:00:00+07:00,64.0,13.8,84.0,/dl/web/weather/ic-w-04-scattered-clouds-full.svg,Hải Phòng,-0.2794899089314326,0,0.6067139492007347,0
2025-06-22 07:00:00+07:00,64.0,11.6,84.0,/dl/web/weather/ic-w-04-scattered-clouds-full.svg,Hải Phòng,-0.2794899089314326,0,0.23244737844728616,0
2025-06-22 08:00:00+07:00,58.0,13.4,81.0,/dl/web/weather/ic-w-04-scattered-clouds-full.svg,Hải Phòng,-0.4416101783677386,0,0.5386654817910168,0
2025-06-22 09:00:00+07:00,56.0,16.4,79.0,/dl/web/weather/ic-w-06-rain-full.svg,Hải Phòng,-0.4956502681798406,0,1.0490289873639005,0
2025-06-22 10:00:00+07:00,55.0,19.2,79.0,/dl/web/weather/ic-w-04-scattered-clouds-full.svg,Hải Phòng,-0.5226703130858916,0,1.525368259231926,0
2025-06-22 11:00:00+07:00,55.0,19.0,76.0,/dl/web/weather/ic-w-04-scattered-clouds-full.svg,Hải Phòng,-0.5226703130858916,0,1.4913440255270671,0
2025-06-22 12:00:00+07:00,55.0,20.0,74.0,/dl/web/weather/ic-w-04-scattered-clouds-full.svg,Hải Phòng,-0.5226703130858916,0,1.6614651940513618,0
2025-06-22 13:00:00+07:00,53.0,16.9,73.0,/dl/web/weather/ic-w-04-scattered-clouds-full.svg,Hải Phòng,-0.5767104028979936,0,1.134089571626048,0
2025-06-22 14:00:00+07:00,50.0,18.5,79.0,/dl/web/weather/ic-w-04-scattered-clouds-full.svg,Hải Phòng,-0.6577705376161466,0,1.4062834412649197,0
2025-06-22 15:00:00+07:00,50.0,19.8,75.0,/dl/web/weather/ic-w-04-scattered-clouds-full.svg,Hải Phòng,-0.6577705376161466,0,1.627440960346503,0
2025-06-22 16:00:00+07:00,50.0,19.2,75.0,/dl/web/weather/ic-w-04-scattered-clouds-full.svg,Hải Phòng,-0.6577705376161466,0,1.525368259231926,0
2025-06-22 17:00:00+07:00,53.0,17.5,80.0,/dl/web/weather/ic-w-04-scattered-clouds-full.svg,Hải Phòng,-0.5767104028979936,0,1.236162272740625,0
2025-06-22 18:00:00+07:00,62.0,14.6,83.0,/dl/web/weather/ic-w-04-scattered-clouds-full.svg,Hải Phòng,-0.3335299987435346,0,0.7428108840201703,0
2025-06-22 19:00:00+07:00,56.0,13.0,85.0,/dl/web/weather/ic-w-04-scattered-clouds-full.svg,Hải Phòng,-0.4956502681798406,0,0.4706170143812988,0
2025-06-22 20:00:00+07:00,55.0,12.4,88.0,/dl/web/weather/ic-w-04-scattered-clouds-full.svg,Hải Phòng,-0.5226703130858916,0,0.36854431326672205,0
2025-06-22 21:00:00+07:00,56.0,11.1,89.0,/dl/web/weather/ic-w-04-scattered-clouds-full.svg,Hải Phòng,-0.4956502681798406,0,0.14738679418513878,0
2025-06-22 22:00:00+07:00,55.0,10.0,90.0,/dl/web/weather/ic-w-04-scattered-clouds-full.svg,Hải Phòng,-0.5226703130858916,0,-0.03974649119158533,0
2025-06-22 23:00:00+07:00,53.0,9.7,90.0,/dl/web/weather/ic-w-04-scattered-clouds-full.svg,Hải Phòng,-0.5767104028979936,0,-0.09078284174887387,0
2025-06-23 00:00:00+07:00,53.0,9.8,85.0,/dl/web/weather/ic-w-04-scattered-clouds-full.svg,Hải Phòng,-0.5767104028979936,0,-0.07377072489644415,0
2025-06-23 01:00:00+07:00,50.0,10.8,88.0,/dl/web/weather/ic-w-04-scattered-clouds-full.svg,Hải Phòng,-0.6577705376161466,0,0.09635044362785056,0
2025-06-23 02:00:00+07:00,50.0,10.5,89.0,/dl/web/weather/ic-w-04-scattered-clouds-full.svg,Hải Phòng,-0.6577705376161466,0,0.04531409307056202,0
2025-06-23 03:00:00+07:00,50.0,8.2,90.0,/dl/web/weather/ic-w-04-scattered-clouds-full.svg,Hải Phòng,-0.6577705376161466,0,-0.3459645945353159,0
2025-06-23 04:00:00+07:00,50.0,8.2,90.0,/dl/web/weather/ic-w-04-scattered-clouds-full.svg,Hải Phòng,-0.6577705376161466,0,-0.3459645945353159,0
2025-06-23 05:00:00+07:00,39.0,8.5,85.0,/dl/web/weather/ic-w-04-scattered-clouds-full.svg,Hải Phòng,-0.9549910315827075,0,-0.2949282439780274,0
2025-06-23 06:00:00+07:00,28.0,7.6,86.0,/dl/web/weather/ic-w-04-scattered-clouds-full.svg,Hải Phòng,-1.2522115255492685,0,-0.4480372956498927,0
2025-06-23 07:00:00+07:00,28.0,11.3,90.0,/dl/web/weather/ic-w-04-scattered-clouds-full.svg,Hải Phòng,-1.2522115255492685,0,0.1814110278899979,0
2025-06-23 08:00:00+07:00,53.0,13.4,87.0,/dl/web/weather/ic-w-04-scattered-clouds-full.svg,Hải Phòng,-0.5767104028979936,0,0.5386654817910168,0
2025-06-23 09:00:00+07:00,50.0,15.3,82.0,/dl/web/weather/ic-w-04-scattered-clouds-full.svg,Hải Phòng,-0.6577705376161466,0,0.8618957019871768,0
2025-06-23 10:00:00+07:00,44.0,16.7,81.0,/dl/web/weather/ic-w-04-scattered-clouds-full.svg,Hải Phòng,-0.8198908070524525,0,1.100065337921189,0
2025-06-23 11:00:00+07:00,44.0,17.9,77.0,/dl/web/weather/ic-w-04-scattered-clouds-full.svg,Hải Phòng,-0.8198908070524525,0,1.3042107401503427,0
2025-06-23 12:00:00+07:00,50.0,18.3,85.0,/dl/web/weather/ic-w-04-scattered-clouds-full.svg,Hải Phòng,-0.6577705376161466,0,1.3722592075600608,0
2025-06-23 13:00:00+07:00,53.0,19.6,73.0,/dl/web/weather/ic-w-06-rain-full.svg,Hải Phòng,-0.5767104028979936,0,1.5934167266416441,0
2025-06-23 14:00:00+07:00,44.0,19.5,73.0,/dl/web/weather/ic-w-04-scattered-clouds-full.svg,Hải Phòng,-0.8198908070524525,0,1.5764046097892144,0
2025-06-23 15:00:00+07:00,44.0,19.5,73.0,/dl/web/weather/ic-w-04-scattered-clouds-full.svg,Hải Phòng,-0.8198908070524525,0,1.5764046097892144,0
2025-06-23 16:00:00+07:00,50.0,18.3,78.0,/dl/web/weather/ic-w-04-scattered-clouds-full.svg,Hải Phòng,-0.6577705376161466,0,1.3722592075600608,0
2025-06-23 17:00:00+07:00,53.0,18.2,74.0,/dl/web/weather/ic-w-04-scattered-clouds-full.svg,Hải Phòng,-0.5767104028979936,0,1.3552470907076313,0
2025-06-23 18:00:00+07:00,53.0,16.1,80.0,/dl/web/weather/ic-w-04-scattered-clouds-full.svg,Hải Phòng,-0.5767104028979936,0,0.9979926368066127,0
2025-06-23 19:00:00+07:00,55.0,14.6,82.0,/dl/web/weather/ic-w-04-scattered-clouds-full.svg,Hải Phòng,-0.5226703130858916,0,0.7428108840201703,0
2025-06-23 20:00:00+07:00,60.0,14.0,85.0,/dl/web/weather/ic-w-11-night-few-clouds-full.svg,Hải Phòng,-0.3875700885556366,0,0.6407381829055935,0
2025-06-23 21:00:00+07:00,53.0,12.9,85.0,/dl/web/weather/ic-w-04-scattered-clouds-full.svg,Hải Phòng,-0.5767104028979936,0,0.4536048975288694,0
2025-06-23 22:00:00+07:00,50.0,11.3,85.0,/dl/web/weather/ic-w-04-scattered-clouds-full.svg,Hải Phòng,-0.6577705376161466,0,0.1814110278899979,0
2025-06-23 23:00:00+07:00,44.0,11.3,89.0,/dl/web/weather/ic-w-04-scattered-clouds-full.svg,Hải Phòng,-0.8198908070524525,0,0.1814110278899979,0
2025-06-24 00:00:00+07:00,39.0,10.6,89.0,/dl/web/weather/ic-w-04-scattered-clouds-full.svg,Hải Phòng,-0.9549910315827075,0,0.062326209922991434,0
2025-06-24 01:00:00+07:00,39.0,9.8,89.0,/dl/web/weather/ic-w-04-scattered-clouds-full.svg,Hải Phòng,-0.9549910315827075,0,-0.07377072489644415,0
2025-06-24 02:00:00+07:00,39.0,10.6,85.0,/dl/web/weather/ic-w-04-scattered-clouds-full.svg,Hải Phòng,-0.9549910315827075,0,0.062326209922991434,0
2025-06-24 03:00:00+07:00,44.0,11.1,84.0,/dl/web/weather/ic-w-04-scattered-clouds-full.svg,Hải Phòng,-0.8198908070524525,0,0.14738679418513878,0
2025-06-24 04:00:00+07:00,44.0,11.4,86.0,/dl/web/weather/ic-w-04-scattered-clouds-full.svg,Hải Phòng,-0.8198908070524525,0,0.19842314474242734,0
2025-06-24 05:00:00+07:00,44.0,11.3,86.0,/dl/web/weather/ic-w-04-scattered-clouds-full.svg,Hải Phòng,-0.8198908070524525,0,0.1814110278899979,0
2025-06-24 06:00:00+07:00,44.0,11.1,86.0,/dl/web/weather/ic-w-04-scattered-clouds-full.svg,Hải Phòng,-0.8198908070524525,0,0.14738679418513878,0
2025-06-24 07:00:00+07:00,47.0,15.4,84.0,/dl/web/weather/ic-w-04-scattered-clouds-full.svg,Hải Phòng,-0.7388306723342996,0,0.8789078188396062,0
2025-06-24 08:00:00+07:00,44.0,18.5,83.0,/dl/web/weather/ic-w-04-scattered-clouds-full.svg,Hải Phòng,-0.8198908070524525,0,1.4062834412649197,0
2025-06-24 09:00:00+07:00,44.0,20.1,78.0,/dl/web/weather/ic-w-04-scattered-clouds-full.svg,Hải Phòng,-0.8198908070524525,0,1.6784773109037916,0
2025-06-24 10:00:00+07:00,44.0,21.1,72.0,/dl/web/weather/ic-w-04-scattered-clouds-full.svg,Hải Phòng,-0.8198908070524525,0,1.8485984794280863,0
2025-06-24 11:00:00+07:00,44.0,21.2,73.0,/dl/web/weather/ic-w-04-scattered-clouds-full.svg,Hải Phòng,-0.8198908070524525,0,1.8656105962805154,0
2025-06-24 12:00:00+07:00,53.0,21.4,69.0,/dl/web/weather/ic-w-04-scattered-clouds-full.svg,Hải Phòng,-0.5767104028979936,0,1.8996348299853743,0
2025-06-24 13:00:00+07:00,50.0,21.6,77.0,/dl/web/weather/ic-w-04-scattered-clouds-full.svg,Hải Phòng,-0.6577705376161466,0,1.9336590636902335,0
2025-06-24 14:00:00+07:00,39.0,21.4,72.0,/dl/web/weather/ic-w-04-scattered-clouds-full.svg,Hải Phòng,-0.9549910315827075,0,1.8996348299853743,0
2025-06-24 15:00:00+07:00,39.0,20.8,70.0,/dl/web/weather/ic-w-04-scattered-clouds-full.svg,Hải Phòng,-0.9549910315827075,0,1.7975621288707977,0
2025-06-24 16:00:00+07:00,44.0,20.8,70.0,/dl/web/weather/ic-w-04-scattered-clouds-full.svg,Hải Phòng,-0.8198908070524525,0,1.7975621288707977,0
2025-06-24 17:00:00+07:00,44.0,19.5,74.0,/dl/web/weather/ic-w-04-scattered-clouds-full.svg,Hải Phòng,-0.8198908070524525,0,1.5764046097892144,0
2025-06-24 18:00:00+07:00,39.0,15.8,80.0,/dl/web/weather/ic-w-04-scattered-clouds-full.svg,Hải Phòng,-0.9549910315827075,0,0.9469562862493242,0
2025-06-24 19:00:00+07:00,33.0,15.8,80.0,/dl/web/weather/ic-w-04-scattered-clouds-full.svg,Hải Phòng,-1.1171113010190135,0,0.9469562862493242,0
2025-06-24 20:00:00+07:00,28.0,12.9,85.0,/dl/web/weather/ic-w-04-scattered-clouds-full.svg,Hải Phòng,-1.2522115255492685,0,0.4536048975288694,0
2025-06-24 22:00:00+07:00,28.0,11.6,85.0,/dl/web/weather/ic-w-04-scattered-clouds-full.svg,Hải Phòng,-1.2522115255492685,0,0.23244737844728616,0
2025-06-25 00:00:00+07:00,39.0,10.5,85.0,/dl/web/weather/ic-w-12-night-rain-full.svg,Hải Phòng,-0.9549910315827075,0,0.04531409307056202,0
2025-06-25 02:00:00+07:00,28.0,9.0,85.0,/dl/web/weather/ic-w-10-night-clear-sky-full.svg,Hải Phòng,-1.2522115255492685,0,-0.20986765971588006,0
2025-06-25 03:00:00+07:00,28.0,8.2,89.0,/dl/web/weather/ic-w-10-night-clear-sky-full.svg,Hải Phòng,-1.2522115255492685,0,-0.3459645945353159,0
2025-06-25 04:00:00+07:00,28.0,7.7,89.0,/dl/web/weather/ic-w-10-night-clear-sky-full.svg,Hải Phòng,-1.2522115255492685,0,-0.43102517879746316,0
2025-06-25 05:00:00+07:00,28.0,7.6,89.0,/dl/web/weather/ic-w-10-night-clear-sky-full.svg,Hải Phòng,-1.2522115255492685,0,-0.4480372956498927,0
2025-06-25 06:00:00+07:00,33.0,7.4,89.0,/dl/web/weather/ic-w-01-clear-sky-full.svg,Hải Phòng,-1.1171113010190135,0,-0.48206152935475155,0
2025-06-25 07:00:00+07:00,33.0,12.9,82.0,/dl/web/weather/ic-w-02-new-clouds-full.svg,Hải Phòng,-1.1171113010190135,0,0.4536048975288694,0
2025-06-25 08:00:00+07:00,33.0,15.6,77.0,/dl/web/weather/ic-w-02-new-clouds-full.svg,Hải Phòng,-1.1171113010190135,0,0.912932052544465,0
2025-06-25 09:00:00+07:00,28.0,15.8,72.0,/dl/web/weather/ic-w-04-scattered-clouds-full.svg,Hải Phòng,-1.2522115255492685,0,0.9469562862493242,0
2025-06-25 10:00:00+07:00,22.0,16.3,69.0,/dl/web/weather/ic-w-02-new-clouds-full.svg,Hải Phòng,-1.4143317949855745,0,1.0320168705114714,0
2025-06-25 11:00:00+07:00,22.0,17.1,68.0,/dl/web/weather/ic-w-02-new-clouds-full.svg,Hải Phòng,-1.4143317949855745,0,1.1681138053309075,0
2025-06-25 12:00:00+07:00,33.0,16.7,64.0,/dl/web/weather/ic-w-02-new-clouds-full.svg,Hải Phòng,-1.1171113010190135,0,1.100065337921189,0
2025-06-25 13:00:00+07:00,22.0,17.9,61.0,/dl/web/weather/ic-w-02-new-clouds-full.svg,Hải Phòng,-1.4143317949855745,0,1.3042107401503427,0
2025-06-25 14:00:00+07:00,17.0,17.9,64.0,/dl/web/weather/ic-w-01-clear-sky-full.svg,Hải Phòng,-1.5494320195158295,0,1.3042107401503427,0
2025-06-25 15:00:00+07:00,22.0,17.7,66.0,/dl/web/weather/ic-w-04-scattered-clouds-full.svg,Hải Phòng,-1.4143317949855745,0,1.2701865064454838,0
2025-06-25 16:00:00+07:00,17.0,17.7,69.0,/dl/web/weather/ic-w-04-scattered-clouds-full.svg,Hải Phòng,-1.5494320195158295,0,1.2701865064454838,0
2025-06-25 17:00:00+07:00,22.0,17.1,73.0,/dl/web/weather/ic-w-04-scattered-clouds-full.svg,Hải Phòng,-1.4143317949855745,0,1.1681138053309075,0
2025-06-25 18:00:00+07:00,28.0,14.5,74.0,/dl/web/weather/ic-w-02-new-clouds-full.svg,Hải Phòng,-1.2522115255492685,0,0.7257987671677408,0
2025-06-25 19:00:00+07:00,39.0,10.5,80.0,/dl/web/weather/ic-w-11-night-few-clouds-full.svg,Hải Phòng,-0.9549910315827075,0,0.04531409307056202,0
2025-06-25 20:00:00+07:00,22.0,8.5,80.0,/dl/web/weather/ic-w-10-night-clear-sky-full.svg,Hải Phòng,-1.4143317949855745,0,-0.2949282439780274,0
2025-06-25 21:00:00+07:00,22.0,7.9,84.0,/dl/web/weather/ic-w-10-night-clear-sky-full.svg,Hải Phòng,-1.4143317949855745,0,-0.3970009450926042,0
2025-06-25 22:00:00+07:00,17.0,7.2,80.0,/dl/web/weather/ic-w-10-night-clear-sky-full.svg,Hải Phòng,-1.5494320195158295,0,-0.5160857630596105,0
2025-06-26 00:00:00+07:00,19.0,6.9,80.0,/dl/web/weather/ic-w-10-night-clear-sky-full.svg,Hải Phòng,-1.4953919297037275,0,-0.5671221136168989,0
2025-06-26 01:00:00+07:00,25.0,5.3,83.0,/dl/web/weather/ic-w-10-night-clear-sky-full.svg,Hải Phòng,-1.3332716602674215,0,-0.8393159832557705,0
2025-06-26 02:00:00+07:00,14.0,3.5,86.0,/dl/web/weather/ic-w-10-night-clear-sky-full.svg,Hải Phòng,-1.6304921542339825,0,-1.145534086599501,0
2025-06-26 03:00:00+07:00,19.0,3.1,84.0,/dl/web/weather/ic-w-10-night-clear-sky-full.svg,Hải Phòng,-1.4953919297037275,0,-1.2135825540092189,0
2025-06-26 04:00:00+07:00,22.0,2.1,89.0,/dl/web/weather/ic-w-10-night-clear-sky-full.svg,Hải Phòng,-1.4143317949855745,0,-1.3837037225335136,0
2025-06-26 05:00:00+07:00,25.0,5.6,93.0,/dl/web/weather/ic-w-10-night-clear-sky-full.svg,Hải Phòng,-1.3332716602674215,0,-0.7882796326984821,0
2025-06-26 06:00:00+07:00,59.0,6.0,89.0,/dl/web/weather/ic-w-06-rain-full.svg,Hải Phòng,-0.4145901334616876,0,-0.7202311652887642,0
2025-06-26 07:00:00+07:00,61.0,4.7,79.0,/dl/web/weather/ic-w-06-rain-full.svg,Hải Phòng,-0.3605500436495856,0,-0.9413886843703473,0
2025-06-26 08:00:00+07:00,54.0,6.0,73.0,/dl/web/weather/ic-w-06-rain-full.svg,Hải Phòng,-0.5496903579919425,0,-0.7202311652887642,0
2025-06-26 09:00:00+07:00,39.0,6.1,72.0,/dl/web/weather/ic-w-06-rain-full.svg,Hải Phòng,-0.9549910315827075,0,-0.7032190484363348,0
2025-06-26 10:00:00+07:00,25.0,8.7,65.0,/dl/web/weather/ic-w-06-rain-full.svg,Hải Phòng,-1.3332716602674215,0,-0.26090401027316856,0
2025-06-26 11:00:00+07:00,25.0,11.9,61.0,/dl/web/weather/ic-w-06-rain-full.svg,Hải Phòng,-1.3332716602674215,0,0.2834837290045747,0
2025-06-26 12:00:00+07:00,36.0,14.5,61.0,/dl/web/weather/ic-w-06-rain-full.svg,Hải Phòng,-1.0360511663008605,0,0.7257987671677408,0
2025-06-26 13:00:00+07:00,31.0,17.7,60.0,/dl/web/weather/ic-w-04-scattered-clouds-full.svg,Hải Phòng,-1.1711513908311155,0,1.2701865064454838,0
2025-06-26 14:00:00+07:00,25.0,20.1,58.0,/dl/web/weather/ic-w-04-scattered-clouds-full.svg,Hải Phòng,-1.3332716602674215,0,1.6784773109037916,0
2025-06-26 15:00:00+07:00,22.0,18.2,58.0,/dl/web/weather/ic-w-04-scattered-clouds-full.svg,Hải Phòng,-1.4143317949855745,0,1.3552470907076313,0
2025-06-26 16:00:00+07:00,22.0,16.4,58.0,/dl/web/weather/ic-w-04-scattered-clouds-full.svg,Hải Phòng,-1.4143317949855745,0,1.0490289873639005,0
2025-06-26 17:00:00+07:00,19.0,15.3,66.0,/dl/web/weather/ic-w-04-scattered-clouds-full.svg,Hải Phòng,-1.4953919297037275,0,0.8618957019871768,0
2025-06-26 18:00:00+07:00,31.0,14.0,71.0,/dl/web/weather/ic-w-04-scattered-clouds-full.svg,Hải Phòng,-1.1711513908311155,0,0.6407381829055935,0
2025-06-26 19:00:00+07:00,33.0,10.0,74.0,/dl/web/weather/ic-w-04-scattered-clouds-full.svg,Hải Phòng,-1.1171113010190135,0,-0.03974649119158533,0
2025-06-26 20:00:00+07:00,39.0,9.2,79.0,/dl/web/weather/ic-w-04-scattered-clouds-full.svg,Hải Phòng,-0.9549910315827075,0,-0.17584342601102124,0
2025-06-26 21:00:00+07:00,39.0,8.9,79.0,/dl/web/weather/ic-w-04-scattered-clouds-full.svg,Hải Phòng,-0.9549910315827075,0,-0.22687977656830946,0
2025-06-26 22:00:00+07:00,39.0,6.4,80.0,/dl/web/weather/ic-w-04-scattered-clouds-full.svg,Hải Phòng,-0.9549910315827075,0,-0.6521826978790463,0
2025-06-26 23:00:00+07:00,33.0,5.8,80.0,/dl/web/weather/ic-w-04-scattered-clouds-full.svg,Hải Phòng,-1.1171113010190135,0,-0.7542553989936231,0
2025-06-27 00:00:00+07:00,42.0,6.0,85.0,/dl/web/weather/ic-w-04-scattered-clouds-full.svg,Hải Phòng,-0.8739308968645545,0,-0.7202311652887642,0
2025-06-27 01:00:00+07:00,54.0,5.8,85.0,/dl/web/weather/ic-w-04-scattered-clouds-full.svg,Hải Phòng,-0.5496903579919425,0,-0.7542553989936231,0
2025-06-27 03:00:00+07:00,25.0,5.8,85.0,/dl/web/weather/ic-w-12-night-rain-full.svg,Hải Phòng,-1.3332716602674215,0,-0.7542553989936231,0
2025-06-27 04:00:00+07:00,17.0,6.3,86.0,/dl/web/weather/ic-w-12-night-rain-full.svg,Hải Phòng,-1.5494320195158295,0,-0.6691948147314758,0
2025-06-27 05:00:00+07:00,19.0,8.4,84.0,/dl/web/weather/ic-w-12-night-rain-full.svg,Hải Phòng,-1.4953919297037275,0,-0.31194036083045684,0
2025-06-27 07:00:00+07:00,25.0,11.9,87.0,/dl/web/weather/ic-w-06-rain-full.svg,Hải Phòng,-1.3332716602674215,0,0.2834837290045747,0
2025-06-27 08:00:00+07:00,33.0,12.9,93.0,/dl/web/weather/ic-w-06-rain-full.svg,Hải Phòng,-1.1171113010190135,0,0.4536048975288694,0
2025-06-27 09:00:00+07:00,42.0,12.1,92.0,/dl/web/weather/ic-w-04-scattered-clouds-full.svg,Hải Phòng,-0.8739308968645545,0,0.3175079627094335,0
2025-06-27 10:00:00+07:00,31.0,12.7,91.0,/dl/web/weather/ic-w-06-rain-full.svg,Hải Phòng,-1.1711513908311155,0,0.41958066382401027,0
2025-06-27 11:00:00+07:00,31.0,14.8,82.0,/dl/web/weather/ic-w-06-rain-full.svg,Hải Phòng,-1.1711513908311155,0,0.7768351177250294,0
2025-06-27 12:00:00+07:00,25.0,16.4,87.0,/dl/web/weather/ic-w-06-rain-full.svg,Hải Phòng,-1.3332716602674215,0,1.0490289873639005,0
2025-06-27 13:00:00+07:00,28.0,17.1,82.0,/dl/web/weather/ic-w-04-scattered-clouds-full.svg,Hải Phòng,-1.2522115255492685,0,1.1681138053309075,0
2025-06-27 14:00:00+07:00,25.0,21.2,78.0,/dl/web/weather/ic-w-04-scattered-clouds-full.svg,Hải Phòng,-1.3332716602674215,0,1.8656105962805154,0
2025-06-27 15:00:00+07:00,22.0,20.1,82.0,/dl/web/weather/ic-w-04-scattered-clouds-full.svg,Hải Phòng,-1.4143317949855745,0,1.6784773109037916,0
2025-06-27 16:00:00+07:00,33.0,20.4,78.0,/dl/web/weather/ic-w-04-scattered-clouds-full.svg,Hải Phòng,-1.1171113010190135,0,1.7295136614610795,0
2025-06-27 17:00:00+07:00,31.0,20.0,79.0,/dl/web/weather/ic-w-04-scattered-clouds-full.svg,Hải Phòng,-1.1711513908311155,0,1.6614651940513618,0
2025-06-27 18:00:00+07:00,33.0,17.5,80.0,/dl/web/weather/ic-w-04-scattered-clouds-full.svg,Hải Phòng,-1.1171113010190135,0,1.236162272740625,0
2025-06-27 19:00:00+07:00,28.0,14.0,82.0,/dl/web/weather/ic-w-04-scattered-clouds-full.svg,Hải Phòng,-1.2522115255492685,0,0.6407381829055935,0
2025-06-27 20:00:00+07:00,31.0,12.7,84.0,/dl/web/weather/ic-w-04-scattered-clouds-full.svg,Hải Phòng,-1.1711513908311155,0,0.41958066382401027,0
2025-06-27 21:00:00+07:00,42.0,12.4,84.0,/dl/web/weather/ic-w-12-night-rain-full.svg,Hải Phòng,-0.8739308968645545,0,0.36854431326672205,0
2025-06-27 22:00:00+07:00,33.0,12.4,84.0,/dl/web/weather/ic-w-04-scattered-clouds-full.svg,Hải Phòng,-1.1171113010190135,0,0.36854431326672205,0
2025-06-27 23:00:00+07:00,33.0,11.1,84.0,/dl/web/weather/ic-w-04-scattered-clouds-full.svg,Hải Phòng,-1.1171113010190135,0,0.14738679418513878,0
2025-06-28 00:00:00+07:00,36.0,11.1,84.0,/dl/web/weather/ic-w-04-scattered-clouds-full.svg,Hải Phòng,-1.0360511663008605,0,0.14738679418513878,0
2025-06-28 01:00:00+07:00,31.0,12.1,85.0,/dl/web/weather/ic-w-04-scattered-clouds-full.svg,Hải Phòng,-1.1711513908311155,0,0.3175079627094335,0
2025-06-28 02:00:00+07:00,33.0,9.8,84.0,/dl/web/weather/ic-w-04-scattered-clouds-full.svg,Hải Phòng,-1.1171113010190135,0,-0.07377072489644415,0
2025-06-28 03:00:00+07:00,36.0,9.2,84.0,/dl/web/weather/ic-w-04-scattered-clouds-full.svg,Hải Phòng,-1.0360511663008605,0,-0.17584342601102124,0
2025-06-28 04:00:00+07:00,39.0,9.2,89.0,/dl/web/weather/ic-w-04-scattered-clouds-full.svg,Hải Phòng,-0.9549910315827075,0,-0.17584342601102124,0
2025-06-28 06:00:00+07:00,31.0,10.1,84.0,/dl/web/weather/ic-w-04-scattered-clouds-full.svg,Hải Phòng,-1.1711513908311155,0,-0.022734374339155924,0
2025-06-28 07:00:00+07:00,33.0,14.3,83.0,/dl/web/weather/ic-w-06-rain-full.svg,Hải Phòng,-1.1171113010190135,0,0.6917745334628821,0
2025-06-28 08:00:00+07:00,33.0,17.9,82.0,/dl/web/weather/ic-w-04-scattered-clouds-full.svg,Hải Phòng,-1.1171113010190135,0,1.3042107401503427,0
2025-06-28 10:00:00+07:00,33.0,19.8,81.0,/dl/web/weather/ic-w-04-scattered-clouds-full.svg,Hải Phòng,-1.1171113010190135,0,1.627440960346503,0
2025-06-28 11:00:00+07:00,33.0,19.5,77.0,/dl/web/weather/ic-w-04-scattered-clouds-full.svg,Hải Phòng,-1.1171113010190135,0,1.5764046097892144,0
2025-06-28 12:00:00+07:00,28.0,20.8,74.0,/dl/web/weather/ic-w-04-scattered-clouds-full.svg,Hải Phòng,-1.2522115255492685,0,1.7975621288707977,0
2025-06-28 13:00:00+07:00,28.0,21.7,76.0,/dl/web/weather/ic-w-04-scattered-clouds-full.svg,Hải Phòng,-1.2522115255492685,0,1.9506711805426626,0
2025-06-28 14:00:00+07:00,28.0,20.6,71.0,/dl/web/weather/ic-w-04-scattered-clouds-full.svg,Hải Phòng,-1.2522115255492685,0,1.7635378951659388,0
2025-06-28 15:00:00+07:00,22.0,22.0,69.0,/dl/web/weather/ic-w-06-rain-full.svg,Hải Phòng,-1.4143317949855745,0,2.0017075310999513,0
2025-06-28 16:00:00+07:00,28.0,20.0,77.0,/dl/web/weather/ic-w-06-rain-full.svg,Hải Phòng,-1.2522115255492685,0,1.6614651940513618,0
2025-06-28 17:00:00+07:00,28.0,17.5,78.0,/dl/web/weather/ic-w-04-scattered-clouds-full.svg,Hải Phòng,-1.2522115255492685,0,1.236162272740625,0
2025-06-28 18:00:00+07:00,28.0,15.0,83.0,/dl/web/weather/ic-w-04-scattered-clouds-full.svg,Hải Phòng,-1.2522115255492685,0,0.8108593514298882,0
2025-06-28 19:00:00+07:00,28.0,14.3,83.0,/dl/web/weather/ic-w-04-scattered-clouds-full.svg,Hải Phòng,-1.2522115255492685,0,0.6917745334628821,0
2025-06-28 20:00:00+07:00,28.0,14.5,84.0,/dl/web/weather/ic-w-04-scattered-clouds-full.svg,Hải Phòng,-1.2522115255492685,0,0.7257987671677408,0
2025-06-28 21:00:00+07:00,22.0,13.7,84.0,/dl/web/weather/ic-w-04-scattered-clouds-full.svg,Hải Phòng,-1.4143317949855745,0,0.589701832348305,0
2025-06-28 22:00:00+07:00,28.0,12.4,84.0,/dl/web/weather/ic-w-04-scattered-clouds-full.svg,Hải Phòng,-1.2522115255492685,0,0.36854431326672205,0
2025-06-28 23:00:00+07:00,33.0,10.9,84.0,/dl/web/weather/ic-w-04-scattered-clouds-full.svg,Hải Phòng,-1.1171113010190135,0,0.11336256048027997,0
2025-06-29 00:00:00+07:00,39.0,9.7,85.0,/dl/web/weather/ic-w-04-scattered-clouds-full.svg,Hải Phòng,-0.9549910315827075,0,-0.09078284174887387,0
2025-06-29 01:00:00+07:00,28.0,10.8,86.0,/dl/web/weather/ic-w-04-scattered-clouds-full.svg,Hải Phòng,-1.2522115255492685,0,0.09635044362785056,0
2025-06-29 02:00:00+07:00,17.0,10.1,80.0,/dl/web/weather/ic-w-04-scattered-clouds-full.svg,Hải Phòng,-1.5494320195158295,0,-0.022734374339155924,0
2025-06-29 03:00:00+07:00,11.0,10.5,86.0,/dl/web/weather/ic-w-04-scattered-clouds-full.svg,Hải Phòng,-1.7115522889521355,0,0.04531409307056202,0
2025-06-29 04:00:00+07:00,17.0,11.1,89.0,/dl/web/weather/ic-w-04-scattered-clouds-full.svg,Hải Phòng,-1.5494320195158295,0,0.14738679418513878,0
2025-06-29 05:00:00+07:00,17.0,11.6,89.0,/dl/web/weather/ic-w-04-scattered-clouds-full.svg,Hải Phòng,-1.5494320195158295,0,0.23244737844728616,0
2025-06-29 06:00:00+07:00,22.0,13.2,89.0,/dl/web/weather/ic-w-04-scattered-clouds-full.svg,Hải Phòng,-1.4143317949855745,0,0.5046412480861576,0
2025-06-29 07:00:00+07:00,22.0,14.6,84.0,/dl/web/weather/ic-w-04-scattered-clouds-full.svg,Hải Phòng,-1.4143317949855745,0,0.7428108840201703,0
2025-06-29 08:00:00+07:00,28.0,13.0,78.0,/dl/web/weather/ic-w-06-rain-full.svg,Hải Phòng,-1.2522115255492685,0,0.4706170143812988,0
2025-06-29 09:00:00+07:00,22.0,12.4,91.0,/dl/web/weather/ic-w-06-rain-full.svg,Hải Phòng,-1.4143317949855745,0,0.36854431326672205,0
2025-06-29 10:00:00+07:00,22.0,14.6,90.0,/dl/web/weather/ic-w-06-rain-full.svg,Hải Phòng,-1.4143317949855745,0,0.7428108840201703,0
2025-06-29 11:00:00+07:00,17.0,17.1,88.0,/dl/web/weather/ic-w-06-rain-full.svg,Hải Phòng,-1.5494320195158295,0,1.1681138053309075,0
2025-06-29 12:00:00+07:00,17.0,18.0,88.0,/dl/web/weather/ic-w-06-rain-full.svg,Hải Phòng,-1.5494320195158295,0,1.3212228570027724,0
2025-06-29 13:00:00+07:00,11.0,18.0,70.0,/dl/web/weather/ic-w-04-scattered-clouds-full.svg,Hải Phòng,-1.7115522889521355,0,1.3212228570027724,0
2025-06-29 14:00:00+07:00,6.0,17.4,71.0,/dl/web/weather/ic-w-04-scattered-clouds-full.svg,Hải Phòng,-1.8466525134823903,0,1.2191501558881954,0
2025-06-29 15:00:00+07:00,6.0,17.4,77.0,/dl/web/weather/ic-w-04-scattered-clouds-full.svg,Hải Phòng,-1.8466525134823903,0,1.2191501558881954,0
2025-06-29 16:00:00+07:00,11.0,17.1,75.0,/dl/web/weather/ic-w-06-rain-full.svg,Hải Phòng,-1.7115522889521355,0,1.1681138053309075,0
2025-06-29 17:00:00+07:00,11.0,17.5,75.0,/dl/web/weather/ic-w-04-scattered-clouds-full.svg,Hải Phòng,-1.7115522889521355,0,1.236162272740625,0
2025-06-29 18:00:00+07:00,11.0,16.7,79.0,/dl/web/weather/ic-w-04-scattered-clouds-full.svg,Hải Phòng,-1.7115522889521355,0,1.100065337921189,0
2025-06-29 19:00:00+07:00,17.0,16.7,79.0,/dl/web/weather/ic-w-04-scattered-clouds-full.svg,Hải Phòng,-1.5494320195158295,0,1.100065337921189,0
2025-06-29 20:00:00+07:00,22.0,10.9,83.0,/dl/web/weather/ic-w-04-scattered-clouds-full.svg,Hải Phòng,-1.4143317949855745,0,0.11336256048027997,0
2025-06-29 21:00:00+07:00,17.0,10.8,83.0,/dl/web/weather/ic-w-04-scattered-clouds-full.svg,Hải Phòng,-1.5494320195158295,0,0.09635044362785056,0
2025-06-29 22:00:00+07:00,17.0,9.7,84.0,/dl/web/weather/ic-w-04-scattered-clouds-full.svg,Hải Phòng,-1.5494320195158295,0,-0.09078284174887387,0
2025-06-29 23:00:00+07:00,17.0,10.0,88.0,/dl/web/weather/ic-w-04-scattered-clouds-full.svg,Hải Phòng,-1.5494320195158295,0,-0.03974649119158533,0
2025-06-30 00:00:00+07:00,17.0,10.5,88.0,/dl/web/weather/ic-w-04-scattered-clouds-full.svg,Hải Phòng,-1.5494320195158295,0,0.04531409307056202,0
2025-06-30 01:00:00+07:00,22.0,8.5,93.0,/dl/web/weather/ic-w-04-scattered-clouds-full.svg,Hải Phòng,-1.4143317949855745,0,-0.2949282439780274,0
2025-06-30 02:00:00+07:00,17.0,10.0,91.0,/dl/web/weather/ic-w-04-scattered-clouds-full.svg,Hải Phòng,-1.5494320195158295,0,-0.03974649119158533,0
2025-06-30 03:00:00+07:00,17.0,9.3,85.0,/dl/web/weather/ic-w-04-scattered-clouds-full.svg,Hải Phòng,-1.5494320195158295,0,-0.1588313091585915,0
2025-06-30 04:00:00+07:00,17.0,10.3,93.0,/dl/web/weather/ic-w-04-scattered-clouds-full.svg,Hải Phòng,-1.5494320195158295,0,0.011289859365703201,0
2025-06-30 05:00:00+07:00,17.0,8.9,89.0,/dl/web/weather/ic-w-04-scattered-clouds-full.svg,Hải Phòng,-1.5494320195158295,0,-0.22687977656830946,0
2025-06-30 06:00:00+07:00,22.0,8.2,93.0,/dl/web/weather/ic-w-04-scattered-clouds-full.svg,Hải Phòng,-1.4143317949855745,0,-0.3459645945353159,0
2025-06-30 07:00:00+07:00,22.0,6.1,87.0,/dl/web/weather/ic-w-06-rain-full.svg,Hải Phòng,-1.4143317949855745,0,-0.7032190484363348,0
2025-06-30 08:00:00+07:00,28.0,6.4,86.0,/dl/web/weather/ic-w-06-rain-full.svg,Hải Phòng,-1.2522115255492685,0,-0.6521826978790463,0
2025-06-30 09:00:00+07:00,39.0,10.3,87.0,/dl/web/weather/ic-w-04-scattered-clouds-full.svg,Hải Phòng,-0.9549910315827075,0,0.011289859365703201,0
2025-06-30 10:00:00+07:00,33.0,12.1,86.0,/dl/web/weather/ic-w-04-scattered-clouds-full.svg,Hải Phòng,-1.1171113010190135,0,0.3175079627094335,0
2025-06-30 11:00:00+07:00,33.0,12.9,82.0,/dl/web/weather/ic-w-04-scattered-clouds-full.svg,Hải Phòng,-1.1171113010190135,0,0.4536048975288694,0
2025-06-30 12:00:00+07:00,53.0,15.0,85.0,/dl/web/weather/ic-w-04-scattered-clouds-full.svg,Hải Phòng,-0.5767104028979936,0,0.8108593514298882,0
2025-06-30 13:00:00+07:00,33.0,14.5,77.0,/dl/web/weather/ic-w-04-scattered-clouds-full.svg,Hải Phòng,-1.1171113010190135,0,0.7257987671677408,0
2025-06-30 14:00:00+07:00,33.0,16.4,77.0,/dl/web/weather/ic-w-04-scattered-clouds-full.svg,Hải Phòng,-1.1171113010190135,0,1.0490289873639005,0
2025-06-30 15:00:00+07:00,33.0,16.6,77.0,/dl/web/weather/ic-w-04-scattered-clouds-full.svg,Hải Phòng,-1.1171113010190135,0,1.08305322106876,0
2025-06-30 16:00:00+07:00,33.0,16.1,81.0,/dl/web/weather/ic-w-06-rain-full.svg,Hải Phòng,-1.1171113010190135,0,0.9979926368066127,0
2025-06-30 17:00:00+07:00,28.0,15.1,82.0,/dl/web/weather/ic-w-04-scattered-clouds-full.svg,Hải Phòng,-1.2522115255492685,0,0.8278714682823176,0
2025-06-30 18:00:00+07:00,22.0,13.5,83.0,/dl/web/weather/ic-w-04-scattered-clouds-full.svg,Hải Phòng,-1.4143317949855745,0,0.5556775986434461,0
2025-06-30 19:00:00+07:00,28.0,10.9,85.0,/dl/web/weather/ic-w-04-scattered-clouds-full.svg,Hải Phòng,-1.2522115255492685,0,0.11336256048027997,0
2025-06-30 20:00:00+07:00,33.0,10.0,88.0,/dl/web/weather/ic-w-04-scattered-clouds-full.svg,Hải Phòng,-1.1171113010190135,0,-0.03974649119158533,0
2025-07-01 00:00:00+07:00,33.0,10.6,89.0,/dl/web/weather/ic-w-04-scattered-clouds-full.svg,Hải Phòng,-1.1171113010190135,0,0.062326209922991434,0
2025-07-01 01:00:00+07:00,39.0,9.0,90.0,/dl/web/weather/ic-w-04-scattered-clouds-full.svg,Hải Phòng,-0.9549910315827075,0,-0.20986765971588006,0
2025-07-01 02:00:00+07:00,39.0,9.7,90.0,/dl/web/weather/ic-w-04-scattered-clouds-full.svg,Hải Phòng,-0.9549910315827075,0,-0.09078284174887387,0
2025-07-01 03:00:00+07:00,39.0,10.3,81.0,/dl/web/weather/ic-w-04-scattered-clouds-full.svg,Hải Phòng,-0.9549910315827075,0,0.011289859365703201,0
2025-07-01 04:00:00+07:00,17.0,10.3,93.0,/dl/web/weather/ic-w-12-night-rain-full.svg,Hải Phòng,-1.5494320195158295,0,0.011289859365703201,0
2025-07-01 06:00:00+07:00,6.0,10.1,98.0,/dl/web/weather/ic-w-12-night-rain-full.svg,Hải Phòng,-1.8466525134823903,0,-0.022734374339155924,0
2025-07-01 07:00:00+07:00,17.0,12.1,89.0,/dl/web/weather/ic-w-06-rain-full.svg,Hải Phòng,-1.5494320195158295,0,0.3175079627094335,0
2025-07-01 08:00:00+07:00,28.0,14.5,92.0,/dl/web/weather/ic-w-06-rain-full.svg,Hải Phòng,-1.2522115255492685,0,0.7257987671677408,0
2025-07-01 09:00:00+07:00,28.0,12.9,93.0,/dl/web/weather/ic-w-06-rain-full.svg,Hải Phòng,-1.2522115255492685,0,0.4536048975288694,0
2025-07-01 10:00:00+07:00,28.0,12.7,90.0,/dl/web/weather/ic-w-06-rain-full.svg,Hải Phòng,-1.2522115255492685,0,0.41958066382401027,0
2025-07-01 11:00:00+07:00,36.0,15.6,92.0,/dl/web/weather/ic-w-06-rain-full.svg,Hải Phòng,-1.0360511663008605,0,0.912932052544465,0
2025-07-01 12:00:00+07:00,33.0,15.6,92.0,/dl/web/weather/ic-w-06-rain-full.svg,Hải Phòng,-1.1171113010190135,0,0.912932052544465,0
2025-07-01 13:00:00+07:00,11.0,22.5,81.0,/dl/web/weather/ic-w-04-scattered-clouds-full.svg,Hải Phòng,-1.7115522889521355,0,2.0867681153620987,0
2025-07-01 14:00:00+07:00,6.0,22.5,77.0,/dl/web/weather/ic-w-06-rain-full.svg,Hải Phòng,-1.8466525134823903,0,2.0867681153620987,0
2025-07-01 15:00:00+07:00,11.0,21.4,86.0,/dl/web/weather/ic-w-06-rain-full.svg,Hải Phòng,-1.7115522889521355,0,1.8996348299853743,0
2025-07-01 16:00:00+07:00,17.0,21.6,86.0,/dl/web/weather/ic-w-06-rain-full.svg,Hải Phòng,-1.5494320195158295,0,1.9336590636902335,0
2025-07-01 17:00:00+07:00,22.0,20.8,87.0,/dl/web/weather/ic-w-06-rain-full.svg,Hải Phòng,-1.4143317949855745,0,1.7975621288707977,0
2025-07-01 18:00:00+07:00,17.0,17.1,83.0,/dl/web/weather/ic-w-04-scattered-clouds-full.svg,Hải Phòng,-1.5494320195158295,0,1.1681138053309075,0
2025-07-01 19:00:00+07:00,17.0,12.4,89.0,/dl/web/weather/ic-w-04-scattered-clouds-full.svg,Hải Phòng,-1.5494320195158295,0,0.36854431326672205,0
2025-07-01 20:00:00+07:00,11.0,12.7,89.0,/dl/web/weather/ic-w-12-night-rain-full.svg,Hải Phòng,-1.7115522889521355,0,0.41958066382401027,0
2025-07-01 21:00:00+07:00,17.0,13.2,91.0,/dl/web/weather/ic-w-04-scattered-clouds-full.svg,Hải Phòng,-1.5494320195158295,0,0.5046412480861576,0
2025-07-01 23:00:00+07:00,11.0,13.0,89.0,/dl/web/weather/ic-w-04-scattered-clouds-full.svg,Hải Phòng,-1.7115522889521355,0,0.4706170143812988,0
2025-07-02 00:00:00+07:00,22.0,11.7,89.0,/dl/web/weather/ic-w-04-scattered-clouds-full.svg,Hải Phòng,-1.4143317949855745,0,0.24945949529971556,0
2025-07-02 02:00:00+07:00,17.0,9.5,92.0,/dl/web/weather/ic-w-04-scattered-clouds-full.svg,Hải Phòng,-1.5494320195158295,0,-0.1248070754537327,0
2025-07-02 03:00:00+07:00,17.0,9.2,89.0,/dl/web/weather/ic-w-04-scattered-clouds-full.svg,Hải Phòng,-1.5494320195158295,0,-0.17584342601102124,0
2025-07-02 05:00:00+07:00,17.0,8.9,93.0,/dl/web/weather/ic-w-04-scattered-clouds-full.svg,Hải Phòng,-1.5494320195158295,0,-0.22687977656830946,0
2025-07-02 06:00:00+07:00,22.0,8.4,94.0,/dl/web/weather/ic-w-04-scattered-clouds-full.svg,Hải Phòng,-1.4143317949855745,0,-0.31194036083045684,0
2025-07-02 07:00:00+07:00,28.0,11.4,89.0,/dl/web/weather/ic-w-06-rain-full.svg,Hải Phòng,-1.2522115255492685,0,0.19842314474242734,0
2025-07-02 08:00:00+07:00,22.0,12.7,91.0,/dl/web/weather/ic-w-06-rain-full.svg,Hải Phòng,-1.4143317949855745,0,0.41958066382401027,0
2025-07-02 09:00:00+07:00,33.0,14.6,90.0,/dl/web/weather/ic-w-06-rain-full.svg,Hải Phòng,-1.1171113010190135,0,0.7428108840201703,0
2025-07-02 10:00:00+07:00,33.0,15.1,82.0,/dl/web/weather/ic-w-06-rain-full.svg,Hải Phòng,-1.1171113010190135,0,0.8278714682823176,0
2025-07-02 11:00:00+07:00,33.0,18.2,94.0,/dl/web/weather/ic-w-04-scattered-clouds-full.svg,Hải Phòng,-1.1171113010190135,0,1.3552470907076313,0
2025-07-02 12:00:00+07:00,33.0,19.2,86.0,/dl/web/weather/ic-w-06-rain-full.svg,Hải Phòng,-1.1171113010190135,0,1.525368259231926,0
2025-07-02 13:00:00+07:00,17.0,18.7,86.0,/dl/web/weather/ic-w-06-rain-full.svg,Hải Phòng,-1.5494320195158295,0,1.4403076749697785,0
2025-07-02 14:00:00+07:00,19.0,17.5,81.0,/dl/web/weather/ic-w-06-rain-full.svg,Hải Phòng,-1.4953919297037275,0,1.236162272740625,0
2025-07-02 15:00:00+07:00,39.0,17.4,83.0,/dl/web/weather/ic-w-04-scattered-clouds-full.svg,Hải Phòng,-0.9549910315827075,0,1.2191501558881954,0
2025-07-02 16:00:00+07:00,33.0,16.4,83.0,/dl/web/weather/ic-w-06-rain-full.svg,Hải Phòng,-1.1171113010190135,0,1.0490289873639005,0
2025-07-02 17:00:00+07:00,44.0,15.4,79.0,/dl/web/weather/ic-w-04-scattered-clouds-full.svg,Hải Phòng,-0.8198908070524525,0,0.8789078188396062,0
2025-07-02 20:00:00+07:00,39.0,9.5,88.0,/dl/web/weather/ic-w-10-night-clear-sky-full.svg,Hải Phòng,-0.9549910315827075,0,-0.1248070754537327,0
2025-07-02 23:00:00+07:00,44.0,8.2,89.0,/dl/web/weather/ic-w-10-night-clear-sky-full.svg,Hải Phòng,-0.8198908070524525,0,-0.3459645945353159,0
2025-07-03 02:00:00+07:00,22.0,6.6,90.0,/dl/web/weather/ic-w-10-night-clear-sky-full.svg,Hải Phòng,-1.4143317949855745,0,-0.6181584641741874,0
2025-07-03 03:00:00+07:00,22.0,6.4,90.0,/dl/web/weather/ic-w-11-night-few-clouds-full.svg,Hải Phòng,-1.4143317949855745,0,-0.6521826978790463,0
2025-07-03 04:00:00+07:00,28.0,8.4,94.0,/dl/web/weather/ic-w-04-scattered-clouds-full.svg,Hải Phòng,-1.2522115255492685,0,-0.31194036083045684,0
2025-07-03 05:00:00+07:00,28.0,9.8,94.0,/dl/web/weather/ic-w-04-scattered-clouds-full.svg,Hải Phòng,-1.2522115255492685,0,-0.07377072489644415,0
2025-07-03 06:00:00+07:00,22.0,10.0,90.0,/dl/web/weather/ic-w-04-scattered-clouds-full.svg,Hải Phòng,-1.4143317949855745,0,-0.03974649119158533,0
2025-07-03 07:00:00+07:00,17.0,10.5,91.0,/dl/web/weather/ic-w-06-rain-full.svg,Hải Phòng,-1.5494320195158295,0,0.04531409307056202,0
2025-07-03 08:00:00+07:00,28.0,7.7,89.0,/dl/web/weather/ic-w-04-scattered-clouds-full.svg,Hải Phòng,-1.2522115255492685,0,-0.43102517879746316,0
2025-07-03 09:00:00+07:00,22.0,10.0,88.0,/dl/web/weather/ic-w-04-scattered-clouds-full.svg,Hải Phòng,-1.4143317949855745,0,-0.03974649119158533,0
2025-07-03 10:00:00+07:00,17.0,12.6,96.0,/dl/web/weather/ic-w-06-rain-full.svg,Hải Phòng,-1.5494320195158295,0,0.40256854697158084,0
2025-07-03 11:00:00+07:00,17.0,14.6,90.0,/dl/web/weather/ic-w-06-rain-full.svg,Hải Phòng,-1.5494320195158295,0,0.7428108840201703,0
2025-07-03 12:00:00+07:00,22.0,16.4,90.0,/dl/web/weather/ic-w-04-scattered-clouds-full.svg,Hải Phòng,-1.4143317949855745,0,1.0490289873639005,0
2025-07-03 13:00:00+07:00,28.0,17.9,74.0,/dl/web/weather/ic-w-04-scattered-clouds-full.svg,Hải Phòng,-1.2522115255492685,0,1.3042107401503427,0
2025-07-03 14:00:00+07:00,11.0,19.3,74.0,/dl/web/weather/ic-w-04-scattered-clouds-full.svg,Hải Phòng,-1.7115522889521355,0,1.5423803760843557,0
2025-07-03 15:00:00+07:00,11.0,19.8,78.0,/dl/web/weather/ic-w-06-rain-full.svg,Hải Phòng,-1.7115522889521355,0,1.627440960346503,0
2025-07-03 16:00:00+07:00,28.0,19.8,86.0,/dl/web/weather/ic-w-06-rain-full.svg,Hải Phòng,-1.2522115255492685,0,1.627440960346503,0
2025-07-03 17:00:00+07:00,11.0,18.3,86.0,/dl/web/weather/ic-w-04-scattered-clouds-full.svg,Hải Phòng,-1.7115522889521355,0,1.3722592075600608,0
2025-07-03 18:00:00+07:00,11.0,15.3,87.0,/dl/web/weather/ic-w-06-rain-full.svg,Hải Phòng,-1.7115522889521355,0,0.8618957019871768,0
2025-07-03 19:00:00+07:00,28.0,12.4,86.0,/dl/web/weather/ic-w-04-scattered-clouds-full.svg,Hải Phòng,-1.2522115255492685,0,0.36854431326672205,0
2025-07-03 21:00:00+07:00,22.0,8.4,89.0,/dl/web/weather/ic-w-04-scattered-clouds-full.svg,Hải Phòng,-1.4143317949855745,0,-0.31194036083045684,0
2025-07-03 22:00:00+07:00,22.0,6.8,93.0,/dl/web/weather/ic-w-04-scattered-clouds-full.svg,Hải Phòng,-1.4143317949855745,0,-0.5841342304693284,0
2025-07-03 23:00:00+07:00,22.0,6.4,87.0,/dl/web/weather/ic-w-04-scattered-clouds-full.svg,Hải Phòng,-1.4143317949855745,0,-0.6521826978790463,0
2025-07-04 00:00:00+07:00,50.0,6.3,87.0,/dl/web/weather/ic-w-04-scattered-clouds-full.svg,Hải Phòng,-0.6577705376161466,0,-0.6691948147314758,0
2025-07-04 01:00:00+07:00,50.0,5.5,87.0,/dl/web/weather/ic-w-04-scattered-clouds-full.svg,Hải Phòng,-0.6577705376161466,0,-0.8052917495509115,0
2025-07-04 04:00:00+07:00,99.0,6.3,93.0,/dl/web/weather/ic-w-04-scattered-clouds-full.svg,Hải Phòng,0.6662116627803523,0,-0.6691948147314758,0
2025-07-04 05:00:00+07:00,96.0,6.3,90.0,/dl/web/weather/ic-w-04-scattered-clouds-full.svg,Hải Phòng,0.5851515280621993,0,-0.6691948147314758,0
2025-07-04 06:00:00+07:00,84.0,5.8,93.0,/dl/web/weather/ic-w-04-scattered-clouds-full.svg,Hải Phòng,0.26091098918958733,0,-0.7542553989936231,0
2025-07-04 07:00:00+07:00,97.0,5.0,87.0,/dl/web/weather/ic-w-04-scattered-clouds-full.svg,Hải Phòng,0.6121715729682503,0,-0.8903523338130589,0
2025-07-04 08:00:00+07:00,92.0,4.5,82.0,/dl/web/weather/ic-w-04-scattered-clouds-full.svg,Hải Phòng,0.47707134843799526,0,-0.9754129180752062,0
2025-07-04 09:00:00+07:00,86.0,2.6,82.0,/dl/web/weather/ic-w-04-scattered-clouds-full.svg,Hải Phòng,0.3149510790016893,0,-1.2986431382713663,0
2025-07-04 10:00:00+07:00,84.0,8.0,73.0,/dl/web/weather/ic-w-04-scattered-clouds-full.svg,Hải Phòng,0.26091098918958733,0,-0.37998882824017477,0
2025-07-04 11:00:00+07:00,84.0,12.7,75.0,/dl/web/weather/ic-w-04-scattered-clouds-full.svg,Hải Phòng,0.26091098918958733,0,0.41958066382401027,0
2025-07-04 12:00:00+07:00,39.0,8.9,76.0,/dl/web/weather/ic-w-04-scattered-clouds-full.svg,Hải Phòng,-0.9549910315827075,0,-0.22687977656830946,0
2025-07-04 13:00:00+07:00,33.0,10.8,74.0,/dl/web/weather/ic-w-04-scattered-clouds-full.svg,Hải Phòng,-1.1171113010190135,0,0.09635044362785056,0
2025-07-04 14:00:00+07:00,28.0,13.4,67.0,/dl/web/weather/ic-w-04-scattered-clouds-full.svg,Hải Phòng,-1.2522115255492685,0,0.5386654817910168,0
2025-07-04 15:00:00+07:00,33.0,15.0,66.0,/dl/web/weather/ic-w-04-scattered-clouds-full.svg,Hải Phòng,-1.1171113010190135,0,0.8108593514298882,0
2025-07-04 16:00:00+07:00,39.0,16.1,69.0,/dl/web/weather/ic-w-04-scattered-clouds-full.svg,Hải Phòng,-0.9549910315827075,0,0.9979926368066127,0
2025-07-04 17:00:00+07:00,28.0,16.4,69.0,/dl/web/weather/ic-w-06-rain-full.svg,Hải Phòng,-1.2522115255492685,0,1.0490289873639005,0
2025-07-04 18:00:00+07:00,22.0,13.8,75.0,/dl/web/weather/ic-w-04-scattered-clouds-full.svg,Hải Phòng,-1.4143317949855745,0,0.6067139492007347,0
2025-07-04 19:00:00+07:00,33.0,8.0,81.0,/dl/web/weather/ic-w-04-scattered-clouds-full.svg,Hải Phòng,-1.1171113010190135,0,-0.37998882824017477,0
2025-07-04 20:00:00+07:00,33.0,8.7,86.0,/dl/web/weather/ic-w-04-scattered-clouds-full.svg,Hải Phòng,-1.1171113010190135,0,-0.26090401027316856,0
2025-07-04 21:00:00+07:00,33.0,8.2,85.0,/dl/web/weather/ic-w-04-scattered-clouds-full.svg,Hải Phòng,-1.1171113010190135,0,-0.3459645945353159,0
2025-07-04 22:00:00+07:00,39.0,6.9,85.0,/dl/web/weather/ic-w-04-scattered-clouds-full.svg,Hải Phòng,-0.9549910315827075,0,-0.5671221136168989,0
2025-07-04 23:00:00+07:00,44.0,6.3,89.0,/dl/web/weather/ic-w-04-scattered-clouds-full.svg,Hải Phòng,-0.8198908070524525,0,-0.6691948147314758,0
2025-07-05 00:00:00+07:00,44.0,5.1,89.0,/dl/web/weather/ic-w-04-scattered-clouds-full.svg,Hải Phòng,-0.8198908070524525,0,-0.8733402169606295,0
2025-07-05 01:00:00+07:00,50.0,3.4,89.0,/dl/web/weather/ic-w-04-scattered-clouds-full.svg,Hải Phòng,-0.6577705376161466,0,-1.1625462034519305,0
2025-07-05 02:00:00+07:00,56.0,2.7,89.0,/dl/web/weather/ic-w-04-scattered-clouds-full.svg,Hải Phòng,-0.4956502681798406,0,-1.2816310214189368,0
2025-07-05 03:00:00+07:00,44.0,4.2,93.0,/dl/web/weather/ic-w-04-scattered-clouds-full.svg,Hải Phòng,-0.8198908070524525,0,-1.0264492686324946,0
2025-07-05 04:00:00+07:00,55.0,5.3,89.0,/dl/web/weather/ic-w-04-scattered-clouds-full.svg,Hải Phòng,-0.5226703130858916,0,-0.8393159832557705,0
2025-07-05 05:00:00+07:00,60.0,5.0,93.0,/dl/web/weather/ic-w-04-scattered-clouds-full.svg,Hải Phòng,-0.3875700885556366,0,-0.8903523338130589,0
2025-07-05 06:00:00+07:00,71.0,6.3,93.0,/dl/web/weather/ic-w-04-scattered-clouds-full.svg,Hải Phòng,-0.09034959458907565,0,-0.6691948147314758,0
2025-07-05 07:00:00+07:00,69.0,5.0,87.0,/dl/web/weather/ic-w-04-scattered-clouds-full.svg,Hải Phòng,-0.14438968440117764,0,-0.8903523338130589,0
2025-07-05 08:00:00+07:00,79.0,4.3,83.0,/dl/web/weather/ic-w-04-scattered-clouds-full.svg,Hải Phòng,0.12581076465933233,0,-1.0094371517800653,0
2025-07-05 09:00:00+07:00,86.0,1.8,70.0,/dl/web/weather/ic-w-04-scattered-clouds-full.svg,Hải Phòng,0.3149510790016893,0,-1.434740073090802,0
2025-07-05 10:00:00+07:00,82.0,1.1,62.0,/dl/web/weather/ic-w-04-scattered-clouds-full.svg,Hải Phòng,0.20687089937748532,0,-1.5538248910578083,0
2025-07-05 11:00:00+07:00,82.0,5.0,65.0,/dl/web/weather/ic-w-04-scattered-clouds-full.svg,Hải Phòng,0.20687089937748532,0,-0.8903523338130589,0
2025-07-05 12:00:00+07:00,73.0,9.5,64.0,/dl/web/weather/ic-w-04-scattered-clouds-full.svg,Hải Phòng,-0.03630950477697366,0,-0.1248070754537327,0
2025-07-05 13:00:00+07:00,64.0,12.7,61.0,/dl/web/weather/ic-w-04-scattered-clouds-full.svg,Hải Phòng,-0.2794899089314326,0,0.41958066382401027,0
2025-07-05 14:00:00+07:00,64.0,15.1,64.0,/dl/web/weather/ic-w-04-scattered-clouds-full.svg,Hải Phòng,-0.2794899089314326,0,0.8278714682823176,0
2025-07-05 15:00:00+07:00,60.0,15.0,64.0,/dl/web/weather/ic-w-04-scattered-clouds-full.svg,Hải Phòng,-0.3875700885556366,0,0.8108593514298882,0
2025-07-05 16:00:00+07:00,60.0,16.6,68.0,/dl/web/weather/ic-w-04-scattered-clouds-full.svg,Hải Phòng,-0.3875700885556366,0,1.08305322106876,0
2025-07-05 17:00:00+07:00,50.0,15.0,66.0,/dl/web/weather/ic-w-04-scattered-clouds-full.svg,Hải Phòng,-0.6577705376161466,0,0.8108593514298882,0
2025-07-05 18:00:00+07:00,42.0,11.9,73.0,/dl/web/weather/ic-w-04-scattered-clouds-full.svg,Hải Phòng,-0.8739308968645545,0,0.2834837290045747,0
2025-07-05 19:00:00+07:00,47.0,9.5,78.0,/dl/web/weather/ic-w-12-night-rain-full.svg,Hải Phòng,-0.7388306723342996,0,-0.1248070754537327,0
2025-07-05 20:00:00+07:00,28.0,8.9,76.0,/dl/web/weather/ic-w-10-night-clear-sky-full.svg,Hải Phòng,-1.2522115255492685,0,-0.22687977656830946,0
2025-07-05 21:00:00+07:00,33.0,8.0,76.0,/dl/web/weather/ic-w-12-night-rain-full.svg,Hải Phòng,-1.1171113010190135,0,-0.37998882824017477,0
2025-07-05 22:00:00+07:00,33.0,7.1,84.0,/dl/web/weather/ic-w-11-night-few-clouds-full.svg,Hải Phòng,-1.1171113010190135,0,-0.53309787991204,0
2025-07-05 23:00:00+07:00,39.0,5.3,84.0,/dl/web/weather/ic-w-11-night-few-clouds-full.svg,Hải Phòng,-0.9549910315827075,0,-0.8393159832557705,0
2025-07-06 00:00:00+07:00,39.0,5.1,84.0,/dl/web/weather/ic-w-11-night-few-clouds-full.svg,Hải Phòng,-0.9549910315827075,0,-0.8733402169606295,0
2025-07-06 01:00:00+07:00,39.0,0.8,88.0,/dl/web/weather/ic-w-10-night-clear-sky-full.svg,Hải Phòng,-0.9549910315827075,0,-1.6048612416150967,0
2025-07-06 02:00:00+07:00,50.0,0.5,88.0,/dl/web/weather/ic-w-10-night-clear-sky-full.svg,Hải Phòng,-0.6577705376161466,0,-1.655897592172385,0
2025-07-06 03:00:00+07:00,44.0,1.6,88.0,/dl/web/weather/ic-w-10-night-clear-sky-full.svg,Hải Phòng,-0.8198908070524525,0,-1.468764306795661,0
2025-07-06 04:00:00+07:00,44.0,3.7,93.0,/dl/web/weather/ic-w-11-night-few-clouds-full.svg,Hải Phòng,-0.8198908070524525,0,-1.111509852894642,0
2025-07-06 05:00:00+07:00,50.0,4.0,89.0,/dl/web/weather/ic-w-04-scattered-clouds-full.svg,Hải Phòng,-0.6577705376161466,0,-1.0604735023373537,0
2025-07-06 06:00:00+07:00,60.0,3.7,92.0,/dl/web/weather/ic-w-04-scattered-clouds-full.svg,Hải Phòng,-0.3875700885556366,0,-1.111509852894642,0
2025-07-06 07:00:00+07:00,68.0,3.9,87.0,/dl/web/weather/ic-w-04-scattered-clouds-full.svg,Hải Phòng,-0.17140972930722864,0,-1.077485619189783,0
2025-07-06 08:00:00+07:00,56.0,3.9,81.0,/dl/web/weather/ic-w-04-scattered-clouds-full.svg,Hải Phòng,-0.4956502681798406,0,-1.077485619189783,0
2025-07-06 09:00:00+07:00,55.0,2.7,75.0,/dl/web/weather/ic-w-04-scattered-clouds-full.svg,Hải Phòng,-0.5226703130858916,0,-1.2816310214189368,0
2025-07-06 10:00:00+07:00,44.0,5.0,63.0,/dl/web/weather/ic-w-04-scattered-clouds-full.svg,Hải Phòng,-0.8198908070524525,0,-0.8903523338130589,0
2025-07-06 11:00:00+07:00,50.0,5.6,59.0,/dl/web/weather/ic-w-04-scattered-clouds-full.svg,Hải Phòng,-0.6577705376161466,0,-0.7882796326984821,0
2025-07-06 12:00:00+07:00,50.0,6.9,57.0,/dl/web/weather/ic-w-04-scattered-clouds-full.svg,Hải Phòng,-0.6577705376161466,0,-0.5671221136168989,0
2025-07-06 13:00:00+07:00,58.0,11.6,55.0,/dl/web/weather/ic-w-04-scattered-clouds-full.svg,Hải Phòng,-0.4416101783677386,0,0.23244737844728616,0
2025-07-06 14:00:00+07:00,62.0,13.5,52.0,/dl/web/weather/ic-w-04-scattered-clouds-full.svg,Hải Phòng,-0.3335299987435346,0,0.5556775986434461,0
2025-07-06 15:00:00+07:00,62.0,15.4,61.0,/dl/web/weather/ic-w-04-scattered-clouds-full.svg,Hải Phòng,-0.3335299987435346,0,0.8789078188396062,0
2025-07-06 16:00:00+07:00,64.0,16.4,71.0,/dl/web/weather/ic-w-04-scattered-clouds-full.svg,Hải Phòng,-0.2794899089314326,0,1.0490289873639005,0
2025-07-06 17:00:00+07:00,39.0,15.4,65.0,/dl/web/weather/ic-w-04-scattered-clouds-full.svg,Hải Phòng,-0.9549910315827075,0,0.8789078188396062,0
2025-07-06 18:00:00+07:00,14.0,13.5,67.0,/dl/web/weather/ic-w-06-rain-full.svg,Hải Phòng,-1.6304921542339825,0,0.5556775986434461,0
2025-07-06 19:00:00+07:00,11.0,10.3,79.0,/dl/web/weather/ic-w-04-scattered-clouds-full.svg,Hải Phòng,-1.7115522889521355,0,0.011289859365703201,0
2025-07-06 20:00:00+07:00,17.0,7.6,79.0,/dl/web/weather/ic-w-04-scattered-clouds-full.svg,Hải Phòng,-1.5494320195158295,0,-0.4480372956498927,0
2025-07-06 21:00:00+07:00,17.0,6.1,80.0,/dl/web/weather/ic-w-04-scattered-clouds-full.svg,Hải Phòng,-1.5494320195158295,0,-0.7032190484363348,0
2025-07-06 22:00:00+07:00,17.0,6.1,83.0,/dl/web/weather/ic-w-04-scattered-clouds-full.svg,Hải Phòng,-1.5494320195158295,0,-0.7032190484363348,0
2025-07-06 23:00:00+07:00,17.0,5.0,84.0,/dl/web/weather/ic-w-04-scattered-clouds-full.svg,Hải Phòng,-1.5494320195158295,0,-0.8903523338130589,0
2025-07-07 00:00:00+07:00,17.0,4.3,88.0,/dl/web/weather/ic-w-04-scattered-clouds-full.svg,Hải Phòng,-1.5494320195158295,0,-1.0094371517800653,0
2025-07-07 01:00:00+07:00,17.0,4.3,87.0,/dl/web/weather/ic-w-04-scattered-clouds-full.svg,Hải Phòng,-1.5494320195158295,0,-1.0094371517800653,0
2025-07-07 02:00:00+07:00,17.0,2.1,93.0,/dl/web/weather/ic-w-04-scattered-clouds-full.svg,Hải Phòng,-1.5494320195158295,0,-1.3837037225335136,0
2025-07-07 03:00:00+07:00,22.0,2.1,93.0,/dl/web/weather/ic-w-04-scattered-clouds-full.svg,Hải Phòng,-1.4143317949855745,0,-1.3837037225335136,0
2025-07-07 04:00:00+07:00,33.0,3.7,89.0,/dl/web/weather/ic-w-12-night-rain-full.svg,Hải Phòng,-1.1171113010190135,0,-1.111509852894642,0
2025-07-07 05:00:00+07:00,28.0,4.0,89.0,/dl/web/weather/ic-w-12-night-rain-full.svg,Hải Phòng,-1.2522115255492685,0,-1.0604735023373537,0
2025-07-07 06:00:00+07:00,39.0,4.3,91.0,/dl/web/weather/ic-w-06-rain-full.svg,Hải Phòng,-0.9549910315827075,0,-1.0094371517800653,0
2025-07-07 07:00:00+07:00,44.0,4.7,82.0,/dl/web/weather/ic-w-06-rain-full.svg,Hải Phòng,-0.8198908070524525,0,-0.9413886843703473,0
2025-07-07 08:00:00+07:00,53.0,2.1,78.0,/dl/web/weather/ic-w-06-rain-full.svg,Hải Phòng,-0.5767104028979936,0,-1.3837037225335136,0
2025-07-07 09:00:00+07:00,28.0,4.7,67.0,/dl/web/weather/ic-w-06-rain-full.svg,Hải Phòng,-1.2522115255492685,0,-0.9413886843703473,0
2025-07-07 10:00:00+07:00,22.0,6.9,66.0,/dl/web/weather/ic-w-04-scattered-clouds-full.svg,Hải Phòng,-1.4143317949855745,0,-0.5671221136168989,0
2025-07-07 11:00:00+07:00,25.0,9.0,59.0,/dl/web/weather/ic-w-04-scattered-clouds-full.svg,Hải Phòng,-1.3332716602674215,0,-0.20986765971588006,0
2025-07-07 12:00:00+07:00,22.0,11.4,60.0,/dl/web/weather/ic-w-04-scattered-clouds-full.svg,Hải Phòng,-1.4143317949855745,0,0.19842314474242734,0
2025-07-07 13:00:00+07:00,22.0,12.2,64.0,/dl/web/weather/ic-w-04-scattered-clouds-full.svg,Hải Phòng,-1.4143317949855745,0,0.3345200795618629,0
2025-07-07 14:00:00+07:00,22.0,14.5,63.0,/dl/web/weather/ic-w-04-scattered-clouds-full.svg,Hải Phòng,-1.4143317949855745,0,0.7257987671677408,0
2025-07-07 15:00:00+07:00,11.0,13.5,64.0,/dl/web/weather/ic-w-04-scattered-clouds-full.svg,Hải Phòng,-1.7115522889521355,0,0.5556775986434461,0
2025-07-07 16:00:00+07:00,17.0,14.6,65.0,/dl/web/weather/ic-w-04-scattered-clouds-full.svg,Hải Phòng,-1.5494320195158295,0,0.7428108840201703,0
2025-07-07 17:00:00+07:00,17.0,16.3,70.0,/dl/web/weather/ic-w-04-scattered-clouds-full.svg,Hải Phòng,-1.5494320195158295,0,1.0320168705114714,0
2025-07-07 18:00:00+07:00,17.0,14.2,75.0,/dl/web/weather/ic-w-04-scattered-clouds-full.svg,Hải Phòng,-1.5494320195158295,0,0.6747624166104523,0
2025-07-07 19:00:00+07:00,39.0,8.5,77.0,/dl/web/weather/ic-w-04-scattered-clouds-full.svg,Hải Phòng,-0.9549910315827075,0,-0.2949282439780274,0
2025-07-07 20:00:00+07:00,55.0,7.1,80.0,/dl/web/weather/ic-w-11-night-few-clouds-full.svg,Hải Phòng,-0.5226703130858916,0,-0.53309787991204,0
2025-07-07 21:00:00+07:00,44.0,6.8,82.0,/dl/web/weather/ic-w-04-scattered-clouds-full.svg,Hải Phòng,-0.8198908070524525,0,-0.5841342304693284,0
2025-07-08 00:00:00+07:00,22.0,5.8,86.0,/dl/web/weather/ic-w-04-scattered-clouds-full.svg,Hải Phòng,-1.4143317949855745,0,-0.7542553989936231,0
2025-07-08 01:00:00+07:00,22.0,6.4,89.0,/dl/web/weather/ic-w-04-scattered-clouds-full.svg,Hải Phòng,-1.4143317949855745,0,-0.6521826978790463,0
2025-07-08 02:00:00+07:00,22.0,4.7,86.0,/dl/web/weather/ic-w-04-scattered-clouds-full.svg,Hải Phòng,-1.4143317949855745,0,-0.9413886843703473,0
2025-07-08 03:00:00+07:00,22.0,5.3,86.0,/dl/web/weather/ic-w-04-scattered-clouds-full.svg,Hải Phòng,-1.4143317949855745,0,-0.8393159832557705,0
2025-07-08 05:00:00+07:00,50.0,6.6,87.0,/dl/web/weather/ic-w-04-scattered-clouds-full.svg,Hải Phòng,-0.6577705376161466,0,-0.6181584641741874,0
2025-07-08 06:00:00+07:00,50.0,7.2,92.0,/dl/web/weather/ic-w-04-scattered-clouds-full.svg,Hải Phòng,-0.6577705376161466,0,-0.5160857630596105,0
2025-07-08 07:00:00+07:00,44.0,8.0,82.0,/dl/web/weather/ic-w-04-scattered-clouds-full.svg,Hải Phòng,-0.8198908070524525,0,-0.37998882824017477,0
2025-07-08 08:00:00+07:00,53.0,6.4,76.0,/dl/web/weather/ic-w-04-scattered-clouds-full.svg,Hải Phòng,-0.5767104028979936,0,-0.6521826978790463,0
2025-07-08 09:00:00+07:00,62.0,5.8,77.0,/dl/web/weather/ic-w-04-scattered-clouds-full.svg,Hải Phòng,-0.3335299987435346,0,-0.7542553989936231,0
2025-07-08 10:00:00+07:00,69.0,6.9,69.0,/dl/web/weather/ic-w-04-scattered-clouds-full.svg,Hải Phòng,-0.14438968440117764,0,-0.5671221136168989,0
2025-07-08 11:00:00+07:00,69.0,8.5,68.0,/dl/web/weather/ic-w-04-scattered-clouds-full.svg,Hải Phòng,-0.14438968440117764,0,-0.2949282439780274,0
2025-07-08 12:00:00+07:00,64.0,8.7,64.0,/dl/web/weather/ic-w-04-scattered-clouds-full.svg,Hải Phòng,-0.2794899089314326,0,-0.26090401027316856,0
2025-07-08 13:00:00+07:00,64.0,9.7,60.0,/dl/web/weather/ic-w-04-scattered-clouds-full.svg,Hải Phòng,-0.2794899089314326,0,-0.09078284174887387,0
2025-07-08 14:00:00+07:00,58.0,7.9,62.0,/dl/web/weather/ic-w-04-scattered-clouds-full.svg,Hải Phòng,-0.4416101783677386,0,-0.3970009450926042,0
2025-07-08 15:00:00+07:00,58.0,9.8,70.0,/dl/web/weather/ic-w-04-scattered-clouds-full.svg,Hải Phòng,-0.4416101783677386,0,-0.07377072489644415,0
2025-07-08 16:00:00+07:00,58.0,10.9,78.0,/dl/web/weather/ic-w-04-scattered-clouds-full.svg,Hải Phòng,-0.4416101783677386,0,0.11336256048027997,0
2025-07-08 17:00:00+07:00,50.0,11.6,70.0,/dl/web/weather/ic-w-04-scattered-clouds-full.svg,Hải Phòng,-0.6577705376161466,0,0.23244737844728616,0
2025-07-08 18:00:00+07:00,50.0,10.9,72.0,/dl/web/weather/ic-w-04-scattered-clouds-full.svg,Hải Phòng,-0.6577705376161466,0,0.11336256048027997,0
2025-07-08 19:00:00+07:00,55.0,10.5,76.0,/dl/web/weather/ic-w-04-scattered-clouds-full.svg,Hải Phòng,-0.5226703130858916,0,0.04531409307056202,0
2025-07-08 21:00:00+07:00,50.0,8.9,85.0,/dl/web/weather/ic-w-11-night-few-clouds-full.svg,Hải Phòng,-0.6577705376161466,0,-0.22687977656830946,0
2025-07-08 22:00:00+07:00,50.0,8.4,86.0,/dl/web/weather/ic-w-11-night-few-clouds-full.svg,Hải Phòng,-0.6577705376161466,0,-0.31194036083045684,0
2025-07-08 23:00:00+07:00,44.0,9.3,86.0,/dl/web/weather/ic-w-11-night-few-clouds-full.svg,Hải Phòng,-0.8198908070524525,0,-0.1588313091585915,0
2025-07-09 00:00:00+07:00,44.0,8.9,86.0,/dl/web/weather/ic-w-11-night-few-clouds-full.svg,Hải Phòng,-0.8198908070524525,0,-0.22687977656830946,0
2025-07-09 01:00:00+07:00,53.0,8.9,87.0,/dl/web/weather/ic-w-11-night-few-clouds-full.svg,Hải Phòng,-0.5767104028979936,0,-0.22687977656830946,0
2025-07-09 02:00:00+07:00,33.0,8.5,88.0,/dl/web/weather/ic-w-04-scattered-clouds-full.svg,Hải Phòng,-1.1171113010190135,0,-0.2949282439780274,0
2025-07-09 03:00:00+07:00,33.0,8.2,89.0,/dl/web/weather/ic-w-04-scattered-clouds-full.svg,Hải Phòng,-1.1171113010190135,0,-0.3459645945353159,0
2025-07-09 04:00:00+07:00,33.0,7.4,90.0,/dl/web/weather/ic-w-04-scattered-clouds-full.svg,Hải Phòng,-1.1171113010190135,0,-0.48206152935475155,0
2025-07-09 05:00:00+07:00,44.0,7.4,90.0,/dl/web/weather/ic-w-04-scattered-clouds-full.svg,Hải Phòng,-0.8198908070524525,0,-0.48206152935475155,0
2025-07-09 06:00:00+07:00,55.0,6.6,89.0,/dl/web/weather/ic-w-04-scattered-clouds-full.svg,Hải Phòng,-0.5226703130858916,0,-0.6181584641741874,0
2025-07-09 07:00:00+07:00,50.0,7.7,87.0,/dl/web/weather/ic-w-04-scattered-clouds-full.svg,Hải Phòng,-0.6577705376161466,0,-0.43102517879746316,0
2025-07-09 08:00:00+07:00,58.0,5.8,74.0,/dl/web/weather/ic-w-04-scattered-clouds-full.svg,Hải Phòng,-0.4416101783677386,0,-0.7542553989936231,0
2025-07-09 09:00:00+07:00,58.0,3.5,69.0,/dl/web/weather/ic-w-04-scattered-clouds-full.svg,Hải Phòng,-0.4416101783677386,0,-1.145534086599501,0
2025-07-09 10:00:00+07:00,64.0,4.0,66.0,/dl/web/weather/ic-w-04-scattered-clouds-full.svg,Hải Phòng,-0.2794899089314326,0,-1.0604735023373537,0
2025-07-09 11:00:00+07:00,66.0,2.3,62.0,/dl/web/weather/ic-w-04-scattered-clouds-full.svg,Hải Phòng,-0.22544981911933062,0,-1.3496794888286547,0
2025-07-09 12:00:00+07:00,66.0,2.4,58.0,/dl/web/weather/ic-w-04-scattered-clouds-full.svg,Hải Phòng,-0.22544981911933062,0,-1.3326673719762252,0
2025-07-09 13:00:00+07:00,66.0,4.2,55.0,/dl/web/weather/ic-w-04-scattered-clouds-full.svg,Hải Phòng,-0.22544981911933062,0,-1.0264492686324946,0
2025-07-09 14:00:00+07:00,61.0,5.8,52.0,/dl/web/weather/ic-w-06-rain-full.svg,Hải Phòng,-0.3605500436495856,0,-0.7542553989936231,0
2025-07-09 15:00:00+07:00,57.0,5.5,72.0,/dl/web/weather/ic-w-06-rain-full.svg,Hải Phòng,-0.4686302232737896,0,-0.8052917495509115,0
2025-07-09 16:00:00+07:00,66.0,5.4,72.0,/dl/web/weather/ic-w-06-rain-full.svg,Hải Phòng,-0.22544981911933062,0,-0.822303866403341,0
2025-07-09 17:00:00+07:00,65.0,10.3,82.0,/dl/web/weather/ic-w-04-scattered-clouds-full.svg,Hải Phòng,-0.25246986402538163,0,0.011289859365703201,0
2025-07-09 18:00:00+07:00,84.0,11.3,75.0,/dl/web/weather/ic-w-04-scattered-clouds-full.svg,Hải Phòng,0.26091098918958733,0,0.1814110278899979,0
2025-07-09 19:00:00+07:00,71.0,8.2,78.0,/dl/web/weather/ic-w-04-scattered-clouds-full.svg,Hải Phòng,-0.09034959458907565,0,-0.3459645945353159,0
2025-07-09 21:00:00+07:00,75.0,6.8,79.0,/dl/web/weather/ic-w-04-scattered-clouds-full.svg,Hải Phòng,0.017730585035128334,0,-0.5841342304693284,0
2025-07-09 22:00:00+07:00,70.0,6.9,79.0,/dl/web/weather/ic-w-04-scattered-clouds-full.svg,Hải Phòng,-0.11736963949512665,0,-0.5671221136168989,0
2025-07-09 23:00:00+07:00,69.0,8.0,83.0,/dl/web/weather/ic-w-04-scattered-clouds-full.svg,Hải Phòng,-0.14438968440117764,0,-0.37998882824017477,0
2025-07-10 00:00:00+07:00,72.0,8.9,84.0,/dl/web/weather/ic-w-04-scattered-clouds-full.svg,Hải Phòng,-0.06332954968302465,0,-0.22687977656830946,0
2025-07-10 01:00:00+07:00,74.0,5.3,84.0,/dl/web/weather/ic-w-04-scattered-clouds-full.svg,Hải Phòng,-0.00928945987092266,0,-0.8393159832557705,0
2025-07-10 02:00:00+07:00,69.0,10.3,85.0,/dl/web/weather/ic-w-04-scattered-clouds-full.svg,Hải Phòng,-0.14438968440117764,0,0.011289859365703201,0
2025-07-10 03:00:00+07:00,69.0,14.0,89.0,/dl/web/weather/ic-w-04-scattered-clouds-full.svg,Hải Phòng,-0.14438968440117764,0,0.6407381829055935,0
2025-07-10 04:00:00+07:00,74.0,11.7,93.0,/dl/web/weather/ic-w-04-scattered-clouds-full.svg,Hải Phòng,-0.00928945987092266,0,0.24945949529971556,0
2025-07-10 06:00:00+07:00,66.0,10.9,87.0,/dl/web/weather/ic-w-04-scattered-clouds-full.svg,Hải Phòng,-0.22544981911933062,0,0.11336256048027997,0
2025-07-10 07:00:00+07:00,71.0,11.9,86.0,/dl/web/weather/ic-w-06-rain-full.svg,Hải Phòng,-0.09034959458907565,0,0.2834837290045747,0
2025-07-10 08:00:00+07:00,96.0,13.5,87.0,/dl/web/weather/ic-w-06-rain-full.svg,Hải Phòng,0.5851515280621993,0,0.5556775986434461,0
2025-07-10 09:00:00+07:00,106.0,14.5,82.0,/dl/web/weather/ic-w-04-scattered-clouds-full.svg,Hải Phòng,0.8553519771227093,0,0.7257987671677408,0
2025-07-10 10:00:00+07:00,113.0,17.1,79.0,/dl/web/weather/ic-w-06-rain-full.svg,Hải Phòng,1.0444922914650663,0,1.1681138053309075,0
2025-07-10 11:00:00+07:00,113.0,16.3,80.0,/dl/web/weather/ic-w-04-scattered-clouds-full.svg,Hải Phòng,1.0444922914650663,0,1.0320168705114714,0
2025-07-10 12:00:00+07:00,113.0,14.3,68.0,/dl/web/weather/ic-w-04-scattered-clouds-full.svg,Hải Phòng,1.0444922914650663,0,0.6917745334628821,0
2025-07-10 13:00:00+07:00,95.0,13.4,62.0,/dl/web/weather/ic-w-04-scattered-clouds-full.svg,Hải Phòng,0.5581314831561482,0,0.5386654817910168,0
2025-07-10 14:00:00+07:00,82.0,12.1,61.0,/dl/web/weather/ic-w-04-scattered-clouds-full.svg,Hải Phòng,0.20687089937748532,0,0.3175079627094335,0
2025-07-10 15:00:00+07:00,81.0,8.9,58.0,/dl/web/weather/ic-w-04-scattered-clouds-full.svg,Hải Phòng,0.1798508544714343,0,-0.22687977656830946,0
2025-07-10 16:00:00+07:00,60.0,8.4,60.0,/dl/web/weather/ic-w-04-scattered-clouds-full.svg,Hải Phòng,-0.3875700885556366,0,-0.31194036083045684,0
2025-07-10 17:00:00+07:00,54.0,7.2,72.0,/dl/web/weather/ic-w-06-rain-full.svg,Hải Phòng,-0.5496903579919425,0,-0.5160857630596105,0
2025-07-10 18:00:00+07:00,58.0,7.4,76.0,/dl/web/weather/ic-w-04-scattered-clouds-full.svg,Hải Phòng,-0.4416101783677386,0,-0.48206152935475155,0
2025-07-10 19:00:00+07:00,61.0,4.3,80.0,/dl/web/weather/ic-w-04-scattered-clouds-full.svg,Hải Phòng,-0.3605500436495856,0,-1.0094371517800653,0
2025-07-10 21:00:00+07:00,72.0,1.1,80.0,/dl/web/weather/ic-w-04-scattered-clouds-full.svg,Hải Phòng,-0.06332954968302465,0,-1.5538248910578083,0
2025-07-11 00:00:00+07:00,84.0,7.6,82.0,/dl/web/weather/ic-w-12-night-rain-full.svg,Hải Phòng,0.26091098918958733,0,-0.4480372956498927,0
2025-07-11 01:00:00+07:00,105.0,7.2,86.0,/dl/web/weather/ic-w-12-night-rain-full.svg,Hải Phòng,0.8283319322166582,0,-0.5160857630596105,0
2025-07-11 02:00:00+07:00,68.0,7.4,92.0,/dl/web/weather/ic-w-12-night-rain-full.svg,Hải Phòng,-0.17140972930722864,0,-0.48206152935475155,0
2025-07-11 03:00:00+07:00,54.0,7.2,92.0,/dl/web/weather/ic-w-12-night-rain-full.svg,Hải Phòng,-0.5496903579919425,0,-0.5160857630596105,0
2025-07-11 04:00:00+07:00,54.0,8.4,98.0,/dl/web/weather/ic-w-12-night-rain-full.svg,Hải Phòng,-0.5496903579919425,0,-0.31194036083045684,0
2025-07-11 05:00:00+07:00,55.0,8.2,98.0,/dl/web/weather/ic-w-12-night-rain-full.svg,Hải Phòng,-0.5226703130858916,0,-0.3459645945353159,0
2025-07-11 06:00:00+07:00,62.0,2.4,98.0,/dl/web/weather/ic-w-04-scattered-clouds-full.svg,Hải Phòng,-0.3335299987435346,0,-1.3326673719762252,0
2025-07-11 07:00:00+07:00,82.0,4.7,93.0,/dl/web/weather/ic-w-04-scattered-clouds-full.svg,Hải Phòng,0.20687089937748532,0,-0.9413886843703473,0
2025-07-11 08:00:00+07:00,78.0,9.8,93.0,/dl/web/weather/ic-w-04-scattered-clouds-full.svg,Hải Phòng,0.09879071975328133,0,-0.07377072489644415,0
2025-07-11 09:00:00+07:00,81.0,13.2,87.0,/dl/web/weather/ic-w-04-scattered-clouds-full.svg,Hải Phòng,0.1798508544714343,0,0.5046412480861576,0
2025-07-11 10:00:00+07:00,73.0,12.4,76.0,/dl/web/weather/ic-w-04-scattered-clouds-full.svg,Hải Phòng,-0.03630950477697366,0,0.36854431326672205,0
2025-07-11 11:00:00+07:00,73.0,12.7,81.0,/dl/web/weather/ic-w-04-scattered-clouds-full.svg,Hải Phòng,-0.03630950477697366,0,0.41958066382401027,0
2025-07-11 12:00:00+07:00,68.0,12.7,76.0,/dl/web/weather/ic-w-04-scattered-clouds-full.svg,Hải Phòng,-0.17140972930722864,0,0.41958066382401027,0
2025-07-11 13:00:00+07:00,67.0,8.5,79.0,/dl/web/weather/ic-w-04-scattered-clouds-full.svg,Hải Phòng,-0.19842977421327965,0,-0.2949282439780274,0
2025-07-11 14:00:00+07:00,66.0,7.9,69.0,/dl/web/weather/ic-w-04-scattered-clouds-full.svg,Hải Phòng,-0.22544981911933062,0,-0.3970009450926042,0
2025-07-11 15:00:00+07:00,70.0,5.5,66.0,/dl/web/weather/ic-w-04-scattered-clouds-full.svg,Hải Phòng,-0.11736963949512665,0,-0.8052917495509115,0
2025-07-11 16:00:00+07:00,69.0,2.3,65.0,/dl/web/weather/ic-w-04-scattered-clouds-full.svg,Hải Phòng,-0.14438968440117764,0,-1.3496794888286547,0
2025-07-11 17:00:00+07:00,68.0,4.2,68.0,/dl/web/weather/ic-w-04-scattered-clouds-full.svg,Hải Phòng,-0.17140972930722864,0,-1.0264492686324946,0
2025-07-11 18:00:00+07:00,63.0,8.9,78.0,/dl/web/weather/ic-w-06-rain-full.svg,Hải Phòng,-0.30650995383748364,0,-0.22687977656830946,0
2025-07-11 19:00:00+07:00,64.0,9.2,84.0,/dl/web/weather/ic-w-04-scattered-clouds-full.svg,Hải Phòng,-0.2794899089314326,0,-0.17584342601102124,0
2025-07-11 20:00:00+07:00,77.0,7.4,84.0,/dl/web/weather/ic-w-12-night-rain-full.svg,Hải Phòng,0.07177067484723033,0,-0.48206152935475155,0
2025-07-11 21:00:00+07:00,77.0,8.0,84.0,/dl/web/weather/ic-w-04-scattered-clouds-full.svg,Hải Phòng,0.07177067484723033,0,-0.37998882824017477,0
2025-07-11 23:00:00+07:00,69.0,2.3,84.0,/dl/web/weather/ic-w-04-scattered-clouds-full.svg,Hải Phòng,-0.14438968440117764,0,-1.3496794888286547,0
2025-07-12 00:00:00+07:00,62.0,3.9,90.0,/dl/web/weather/ic-w-04-scattered-clouds-full.svg,Hải Phòng,-0.3335299987435346,0,-1.077485619189783,0
2025-07-12 01:00:00+07:00,60.0,1.6,87.0,/dl/web/weather/ic-w-04-scattered-clouds-full.svg,Hải Phòng,-0.3875700885556366,0,-1.468764306795661,0
2025-07-12 02:00:00+07:00,75.0,4.8,89.0,/dl/web/weather/ic-w-04-scattered-clouds-full.svg,Hải Phòng,0.017730585035128334,0,-0.9243765675179179,0
2025-07-12 03:00:00+07:00,96.0,4.5,91.0,/dl/web/weather/ic-w-04-scattered-clouds-full.svg,Hải Phòng,0.5851515280621993,0,-0.9754129180752062,0
2025-07-12 04:00:00+07:00,70.0,4.0,93.0,/dl/web/weather/ic-w-04-scattered-clouds-full.svg,Hải Phòng,-0.11736963949512665,0,-1.0604735023373537,0
2025-07-12 05:00:00+07:00,58.0,6.0,93.0,/dl/web/weather/ic-w-12-night-rain-full.svg,Hải Phòng,-0.4416101783677386,0,-0.7202311652887642,0
2025-07-12 06:00:00+07:00,81.0,3.2,93.0,/dl/web/weather/ic-w-06-rain-full.svg,Hải Phòng,0.1798508544714343,0,-1.1965704371567893,0
2025-07-12 07:00:00+07:00,108.0,5.1,91.0,/dl/web/weather/ic-w-06-rain-full.svg,Hải Phòng,0.9093920669348112,0,-0.8733402169606295,0
2025-07-12 08:00:00+07:00,113.0,6.3,91.0,/dl/web/weather/ic-w-04-scattered-clouds-full.svg,Hải Phòng,1.0444922914650663,0,-0.6691948147314758,0
2025-07-12 09:00:00+07:00,131.0,6.3,87.0,/dl/web/weather/ic-w-04-scattered-clouds-full.svg,Hải Phòng,1.5308530997739842,0,-0.6691948147314758,0
2025-07-12 10:00:00+07:00,101.0,5.3,77.0,/dl/web/weather/ic-w-04-scattered-clouds-full.svg,Hải Phòng,0.7202517525924542,0,-0.8393159832557705,0
2025-07-12 11:00:00+07:00,101.0,6.4,69.0,/dl/web/weather/ic-w-04-scattered-clouds-full.svg,Hải Phòng,0.7202517525924542,0,-0.6521826978790463,0
2025-07-12 12:00:00+07:00,84.0,9.3,66.0,/dl/web/weather/ic-w-04-scattered-clouds-full.svg,Hải Phòng,0.26091098918958733,0,-0.1588313091585915,0
2025-07-12 13:00:00+07:00,80.0,12.6,70.0,/dl/web/weather/ic-w-04-scattered-clouds-full.svg,Hải Phòng,0.1528308095653833,0,0.40256854697158084,0
2025-07-12 14:00:00+07:00,76.0,14.0,65.0,/dl/web/weather/ic-w-04-scattered-clouds-full.svg,Hải Phòng,0.04475062994117933,0,0.6407381829055935,0
2025-07-12 15:00:00+07:00,75.0,15.1,76.0,/dl/web/weather/ic-w-04-scattered-clouds-full.svg,Hải Phòng,0.017730585035128334,0,0.8278714682823176,0
2025-07-12 16:00:00+07:00,82.0,12.9,76.0,/dl/web/weather/ic-w-04-scattered-clouds-full.svg,Hải Phòng,0.20687089937748532,0,0.4536048975288694,0
2025-07-12 17:00:00+07:00,91.0,10.1,77.0,/dl/web/weather/ic-w-04-scattered-clouds-full.svg,Hải Phòng,0.4500513035319443,0,-0.022734374339155924,0
2025-07-12 18:00:00+07:00,74.0,10.1,77.0,/dl/web/weather/ic-w-04-scattered-clouds-full.svg,Hải Phòng,-0.00928945987092266,0,-0.022734374339155924,0
2025-07-12 19:00:00+07:00,58.0,5.8,80.0,/dl/web/weather/ic-w-04-scattered-clouds-full.svg,Hải Phòng,-0.4416101783677386,0,-0.7542553989936231,0
2025-07-12 20:00:00+07:00,39.0,3.1,81.0,/dl/web/weather/ic-w-04-scattered-clouds-full.svg,Hải Phòng,-0.9549910315827075,0,-1.2135825540092189,0
2025-07-12 21:00:00+07:00,53.0,2.4,84.0,/dl/web/weather/ic-w-04-scattered-clouds-full.svg,Hải Phòng,-0.5767104028979936,0,-1.3326673719762252,0
2025-07-12 22:00:00+07:00,53.0,2.7,84.0,/dl/web/weather/ic-w-04-scattered-clouds-full.svg,Hải Phòng,-0.5767104028979936,0,-1.2816310214189368,0
2025-07-12 23:00:00+07:00,71.0,1.9,88.0,/dl/web/weather/ic-w-04-scattered-clouds-full.svg,Hải Phòng,-0.09034959458907565,0,-1.4177279562383724,0
2025-07-13 00:00:00+07:00,77.0,3.1,89.0,/dl/web/weather/ic-w-04-scattered-clouds-full.svg,Hải Phòng,0.07177067484723033,0,-1.2135825540092189,0
2025-07-13 01:00:00+07:00,85.0,6.0,92.0,/dl/web/weather/ic-w-04-scattered-clouds-full.svg,Hải Phòng,0.2879310340956383,0,-0.7202311652887642,0
2025-07-13 02:00:00+07:00,92.0,5.0,93.0,/dl/web/weather/ic-w-04-scattered-clouds-full.svg,Hải Phòng,0.47707134843799526,0,-0.8903523338130589,0
2025-07-13 03:00:00+07:00,101.0,5.3,94.0,/dl/web/weather/ic-w-04-scattered-clouds-full.svg,Hải Phòng,0.7202517525924542,0,-0.8393159832557705,0
2025-07-13 04:00:00+07:00,118.0,5.8,94.0,/dl/web/weather/ic-w-04-scattered-clouds-full.svg,Hải Phòng,1.1795925159953211,0,-0.7542553989936231,0
2025-07-13 05:00:00+07:00,110.0,5.1,93.0,/dl/web/weather/ic-w-04-scattered-clouds-full.svg,Hải Phòng,0.9634321567469132,0,-0.8733402169606295,0
2025-07-13 06:00:00+07:00,110.0,3.7,92.0,/dl/web/weather/ic-w-04-scattered-clouds-full.svg,Hải Phòng,0.9634321567469132,0,-1.111509852894642,0
2025-07-13 07:00:00+07:00,137.0,3.0,90.0,/dl/web/weather/ic-w-04-scattered-clouds-full.svg,Hải Phòng,1.6929733692102902,0,-1.2305946708616484,0
2025-07-13 08:00:00+07:00,127.0,1.4,84.0,/dl/web/weather/ic-w-04-scattered-clouds-full.svg,Hải Phòng,1.42277292014978,0,-1.50278854050052,0
2025-07-13 09:00:00+07:00,134.0,4.2,83.0,/dl/web/weather/ic-w-04-scattered-clouds-full.svg,Hải Phòng,1.6119132344921372,0,-1.0264492686324946,0
2025-07-13 10:00:00+07:00,135.0,4.5,82.0,/dl/web/weather/ic-w-04-scattered-clouds-full.svg,Hải Phòng,1.6389332793981881,0,-0.9754129180752062,0
2025-07-13 11:00:00+07:00,134.0,3.7,78.0,/dl/web/weather/ic-w-04-scattered-clouds-full.svg,Hải Phòng,1.6119132344921372,0,-1.111509852894642,0
2025-07-13 12:00:00+07:00,129.0,5.6,70.0,/dl/web/weather/ic-w-04-scattered-clouds-full.svg,Hải Phòng,1.4768130099618821,0,-0.7882796326984821,0
2025-07-13 13:00:00+07:00,112.0,7.9,67.0,/dl/web/weather/ic-w-04-scattered-clouds-full.svg,Hải Phòng,1.0174722465590151,0,-0.3970009450926042,0
2025-07-13 14:00:00+07:00,118.0,13.7,72.0,/dl/web/weather/ic-w-04-scattered-clouds-full.svg,Hải Phòng,1.1795925159953211,0,0.589701832348305,0
2025-07-13 15:00:00+07:00,133.0,11.9,73.0,/dl/web/weather/ic-w-04-scattered-clouds-full.svg,Hải Phòng,1.584893189586086,0,0.2834837290045747,0
2025-07-13 16:00:00+07:00,131.0,12.6,82.0,/dl/web/weather/ic-w-04-scattered-clouds-full.svg,Hải Phòng,1.5308530997739842,0,0.40256854697158084,0
2025-07-13 17:00:00+07:00,118.0,10.5,78.0,/dl/web/weather/ic-w-04-scattered-clouds-full.svg,Hải Phòng,1.1795925159953211,0,0.04531409307056202,0
2025-07-13 18:00:00+07:00,113.0,8.0,82.0,/dl/web/weather/ic-w-04-scattered-clouds-full.svg,Hải Phòng,1.0444922914650663,0,-0.37998882824017477,0
2025-07-13 19:00:00+07:00,88.0,6.0,81.0,/dl/web/weather/ic-w-04-scattered-clouds-full.svg,Hải Phòng,0.3689911688137913,0,-0.7202311652887642,0
2025-07-13 20:00:00+07:00,84.0,5.1,84.0,/dl/web/weather/ic-w-04-scattered-clouds-full.svg,Hải Phòng,0.26091098918958733,0,-0.8733402169606295,0
2025-07-13 21:00:00+07:00,98.0,4.2,81.0,/dl/web/weather/ic-w-04-scattered-clouds-full.svg,Hải Phòng,0.6391916178743012,0,-1.0264492686324946,0
2025-07-13 22:00:00+07:00,116.0,5.6,84.0,/dl/web/weather/ic-w-04-scattered-clouds-full.svg,Hải Phòng,1.1255524261832193,0,-0.7882796326984821,0
2025-07-13 23:00:00+07:00,113.0,5.3,84.0,/dl/web/weather/ic-w-04-scattered-clouds-full.svg,Hải Phòng,1.0444922914650663,0,-0.8393159832557705,0
2025-07-14 00:00:00+07:00,96.0,5.0,88.0,/dl/web/weather/ic-w-04-scattered-clouds-full.svg,Hải Phòng,0.5851515280621993,0,-0.8903523338130589,0
2025-07-14 01:00:00+07:00,96.0,2.4,87.0,/dl/web/weather/ic-w-04-scattered-clouds-full.svg,Hải Phòng,0.5851515280621993,0,-1.3326673719762252,0
2025-07-14 02:00:00+07:00,124.0,1.4,92.0,/dl/web/weather/ic-w-04-scattered-clouds-full.svg,Hải Phòng,1.341712785431627,0,-1.50278854050052,0
2025-07-14 03:00:00+07:00,122.0,1.6,93.0,/dl/web/weather/ic-w-04-scattered-clouds-full.svg,Hải Phòng,1.2876726956195252,0,-1.468764306795661,0
2025-07-14 04:00:00+07:00,128.0,0.3,89.0,/dl/web/weather/ic-w-04-scattered-clouds-full.svg,Hải Phòng,1.4497929650558312,0,-1.689921825877244,0
2025-07-14 05:00:00+07:00,143.0,0.5,89.0,/dl/web/weather/ic-w-04-scattered-clouds-full.svg,Hải Phòng,1.8550936386465962,0,-1.655897592172385,0
2025-07-14 06:00:00+07:00,124.0,1.4,89.0,/dl/web/weather/ic-w-04-scattered-clouds-full.svg,Hải Phòng,1.341712785431627,0,-1.50278854050052,0
2025-07-14 07:00:00+07:00,121.0,2.9,88.0,/dl/web/weather/ic-w-04-scattered-clouds-full.svg,Hải Phòng,1.260652650713474,0,-1.2476067877140777,0
2025-07-14 08:00:00+07:00,87.0,3.9,82.0,/dl/web/weather/ic-w-04-scattered-clouds-full.svg,Hải Phòng,0.3419711239077403,0,-1.077485619189783,0
2025-07-14 09:00:00+07:00,76.0,5.1,73.0,/dl/web/weather/ic-w-04-scattered-clouds-full.svg,Hải Phòng,0.04475062994117933,0,-0.8733402169606295,0
2025-07-14 10:00:00+07:00,71.0,6.6,66.0,/dl/web/weather/ic-w-04-scattered-clouds-full.svg,Hải Phòng,-0.09034959458907565,0,-0.6181584641741874,0
2025-07-14 11:00:00+07:00,66.0,8.4,69.0,/dl/web/weather/ic-w-04-scattered-clouds-full.svg,Hải Phòng,-0.22544981911933062,0,-0.31194036083045684,0
2025-07-14 12:00:00+07:00,65.0,11.6,70.0,/dl/web/weather/ic-w-04-scattered-clouds-full.svg,Hải Phòng,-0.25246986402538163,0,0.23244737844728616,0
2025-07-14 13:00:00+07:00,61.0,12.1,67.0,/dl/web/weather/ic-w-04-scattered-clouds-full.svg,Hải Phòng,-0.3605500436495856,0,0.3175079627094335,0
2025-07-14 14:00:00+07:00,55.0,13.0,65.0,/dl/web/weather/ic-w-04-scattered-clouds-full.svg,Hải Phòng,-0.5226703130858916,0,0.4706170143812988,0
2025-07-14 15:00:00+07:00,50.0,15.4,69.0,/dl/web/weather/ic-w-04-scattered-clouds-full.svg,Hải Phòng,-0.6577705376161466,0,0.8789078188396062,0
2025-07-14 16:00:00+07:00,52.0,15.6,72.0,/dl/web/weather/ic-w-04-scattered-clouds-full.svg,Hải Phòng,-0.6037304478040446,0,0.912932052544465,0
2025-07-14 17:00:00+07:00,50.0,13.8,73.0,/dl/web/weather/ic-w-04-scattered-clouds-full.svg,Hải Phòng,-0.6577705376161466,0,0.6067139492007347,0
2025-07-14 18:00:00+07:00,44.0,10.6,79.0,/dl/web/weather/ic-w-04-scattered-clouds-full.svg,Hải Phòng,-0.8198908070524525,0,0.062326209922991434,0
2025-07-14 19:00:00+07:00,42.0,9.2,75.0,/dl/web/weather/ic-w-04-scattered-clouds-full.svg,Hải Phòng,-0.8739308968645545,0,-0.17584342601102124,0
2025-07-14 20:00:00+07:00,50.0,9.2,81.0,/dl/web/weather/ic-w-04-scattered-clouds-full.svg,Hải Phòng,-0.6577705376161466,0,-0.17584342601102124,0
2025-07-14 21:00:00+07:00,47.0,8.5,84.0,/dl/web/weather/ic-w-04-scattered-clouds-full.svg,Hải Phòng,-0.7388306723342996,0,-0.2949282439780274,0
2025-07-14 22:00:00+07:00,52.0,8.9,84.0,/dl/web/weather/ic-w-04-scattered-clouds-full.svg,Hải Phòng,-0.6037304478040446,0,-0.22687977656830946,0
2025-07-14 23:00:00+07:00,47.0,8.2,85.0,/dl/web/weather/ic-w-04-scattered-clouds-full.svg,Hải Phòng,-0.7388306723342996,0,-0.3459645945353159,0
2025-07-15 00:00:00+07:00,47.0,7.6,85.0,/dl/web/weather/ic-w-04-scattered-clouds-full.svg,Hải Phòng,-0.7388306723342996,0,-0.4480372956498927,0
2025-07-15 01:00:00+07:00,54.0,3.2,86.0,/dl/web/weather/ic-w-04-scattered-clouds-full.svg,Hải Phòng,-0.5496903579919425,0,-1.1965704371567893,0
2025-07-15 02:00:00+07:00,56.0,2.3,92.0,/dl/web/weather/ic-w-04-scattered-clouds-full.svg,Hải Phòng,-0.4956502681798406,0,-1.3496794888286547,0
2025-07-15 04:00:00+07:00,42.0,2.4,94.0,/dl/web/weather/ic-w-04-scattered-clouds-full.svg,Hải Phòng,-0.8739308968645545,0,-1.3326673719762252,0
2025-07-15 05:00:00+07:00,36.0,3.2,89.0,/dl/web/weather/ic-w-12-night-rain-full.svg,Hải Phòng,-1.0360511663008605,0,-1.1965704371567893,0
2025-07-15 06:00:00+07:00,39.0,3.1,89.0,/dl/web/weather/ic-w-06-rain-full.svg,Hải Phòng,-0.9549910315827075,0,-1.2135825540092189,0
2025-07-15 07:00:00+07:00,33.0,2.3,87.0,/dl/web/weather/ic-w-06-rain-full.svg,Hải Phòng,-1.1171113010190135,0,-1.3496794888286547,0
2025-07-15 08:00:00+07:00,53.0,5.3,87.0,/dl/web/weather/ic-w-04-scattered-clouds-full.svg,Hải Phòng,-0.5767104028979936,0,-0.8393159832557705,0
2025-07-15 09:00:00+07:00,54.0,9.0,73.0,/dl/web/weather/ic-w-04-scattered-clouds-full.svg,Hải Phòng,-0.5496903579919425,0,-0.20986765971588006,0
2025-07-15 10:00:00+07:00,28.0,10.6,69.0,/dl/web/weather/ic-w-04-scattered-clouds-full.svg,Hải Phòng,-1.2522115255492685,0,0.062326209922991434,0
2025-07-15 11:00:00+07:00,36.0,11.3,68.0,/dl/web/weather/ic-w-04-scattered-clouds-full.svg,Hải Phòng,-1.0360511663008605,0,0.1814110278899979,0
2025-07-15 12:00:00+07:00,28.0,12.7,65.0,/dl/web/weather/ic-w-04-scattered-clouds-full.svg,Hải Phòng,-1.2522115255492685,0,0.41958066382401027,0
2025-07-15 13:00:00+07:00,28.0,13.7,63.0,/dl/web/weather/ic-w-04-scattered-clouds-full.svg,Hải Phòng,-1.2522115255492685,0,0.589701832348305,0
2025-07-15 14:00:00+07:00,22.0,15.4,63.0,/dl/web/weather/ic-w-04-scattered-clouds-full.svg,Hải Phòng,-1.4143317949855745,0,0.8789078188396062,0
2025-07-15 15:00:00+07:00,31.0,14.3,62.0,/dl/web/weather/ic-w-04-scattered-clouds-full.svg,Hải Phòng,-1.1711513908311155,0,0.6917745334628821,0
2025-07-15 16:00:00+07:00,33.0,13.5,72.0,/dl/web/weather/ic-w-04-scattered-clouds-full.svg,Hải Phòng,-1.1171113010190135,0,0.5556775986434461,0
2025-07-15 17:00:00+07:00,33.0,13.8,77.0,/dl/web/weather/ic-w-04-scattered-clouds-full.svg,Hải Phòng,-1.1171113010190135,0,0.6067139492007347,0
2025-07-15 18:00:00+07:00,36.0,13.2,79.0,/dl/web/weather/ic-w-04-scattered-clouds-full.svg,Hải Phòng,-1.0360511663008605,0,0.5046412480861576,0
2025-07-15 19:00:00+07:00,39.0,10.5,81.0,/dl/web/weather/ic-w-04-scattered-clouds-full.svg,Hải Phòng,-0.9549910315827075,0,0.04531409307056202,0
2025-07-15 21:00:00+07:00,42.0,9.0,84.0,/dl/web/weather/ic-w-12-night-rain-full.svg,Hải Phòng,-0.8739308968645545,0,-0.20986765971588006,0
2025-07-15 22:00:00+07:00,39.0,8.7,85.0,/dl/web/weather/ic-w-04-scattered-clouds-full.svg,Hải Phòng,-0.9549910315827075,0,-0.26090401027316856,0
2025-07-16 00:00:00+07:00,42.0,8.7,85.0,/dl/web/weather/ic-w-04-scattered-clouds-full.svg,Hải Phòng,-0.8739308968645545,0,-0.26090401027316856,0
2025-07-16 01:00:00+07:00,50.0,9.2,86.0,/dl/web/weather/ic-w-04-scattered-clouds-full.svg,Hải Phòng,-0.6577705376161466,0,-0.17584342601102124,0
2025-07-16 02:00:00+07:00,33.0,9.0,86.0,/dl/web/weather/ic-w-04-scattered-clouds-full.svg,Hải Phòng,-1.1171113010190135,0,-0.20986765971588006,0
2025-07-16 03:00:00+07:00,22.0,9.0,86.0,/dl/web/weather/ic-w-04-scattered-clouds-full.svg,Hải Phòng,-1.4143317949855745,0,-0.20986765971588006,0
2025-07-16 04:00:00+07:00,36.0,8.2,88.0,/dl/web/weather/ic-w-04-scattered-clouds-full.svg,Hải Phòng,-1.0360511663008605,0,-0.3459645945353159,0
2025-07-16 05:00:00+07:00,55.0,8.5,89.0,/dl/web/weather/ic-w-04-scattered-clouds-full.svg,Hải Phòng,-0.5226703130858916,0,-0.2949282439780274,0
2025-07-16 06:00:00+07:00,55.0,8.2,89.0,/dl/web/weather/ic-w-04-scattered-clouds-full.svg,Hải Phòng,-0.5226703130858916,0,-0.3459645945353159,0
2025-07-16 07:00:00+07:00,47.0,9.5,86.0,/dl/web/weather/ic-w-04-scattered-clouds-full.svg,Hải Phòng,-0.7388306723342996,0,-0.1248070754537327,0
2025-07-16 08:00:00+07:00,33.0,9.5,77.0,/dl/web/weather/ic-w-04-scattered-clouds-full.svg,Hải Phòng,-1.1171113010190135,0,-0.1248070754537327,0
2025-07-16 09:00:00+07:00,39.0,9.8,69.0,/dl/web/weather/ic-w-04-scattered-clouds-full.svg,Hải Phòng,-0.9549910315827075,0,-0.07377072489644415,0
2025-07-16 10:00:00+07:00,42.0,11.9,69.0,/dl/web/weather/ic-w-04-scattered-clouds-full.svg,Hải Phòng,-0.8739308968645545,0,0.2834837290045747,0
2025-07-16 11:00:00+07:00,33.0,14.6,61.0,/dl/web/weather/ic-w-04-scattered-clouds-full.svg,Hải Phòng,-1.1171113010190135,0,0.7428108840201703,0
2025-07-16 12:00:00+07:00,39.0,15.9,64.0,/dl/web/weather/ic-w-04-scattered-clouds-full.svg,Hải Phòng,-0.9549910315827075,0,0.9639684031017536,0
2025-07-16 13:00:00+07:00,33.0,16.9,62.0,/dl/web/weather/ic-w-04-scattered-clouds-full.svg,Hải Phòng,-1.1171113010190135,0,1.134089571626048,0
2025-07-16 14:00:00+07:00,28.0,15.9,63.0,/dl/web/weather/ic-w-04-scattered-clouds-full.svg,Hải Phòng,-1.2522115255492685,0,0.9639684031017536,0
2025-07-16 16:00:00+07:00,33.0,14.8,62.0,/dl/web/weather/ic-w-04-scattered-clouds-full.svg,Hải Phòng,-1.1171113010190135,0,0.7768351177250294,0
2025-07-16 17:00:00+07:00,28.0,14.3,66.0,/dl/web/weather/ic-w-04-scattered-clouds-full.svg,Hải Phòng,-1.2522115255492685,0,0.6917745334628821,0
2025-07-16 18:00:00+07:00,28.0,12.1,74.0,/dl/web/weather/ic-w-04-scattered-clouds-full.svg,Hải Phòng,-1.2522115255492685,0,0.3175079627094335,0
2025-07-16 19:00:00+07:00,36.0,8.9,80.0,/dl/web/weather/ic-w-04-scattered-clouds-full.svg,Hải Phòng,-1.0360511663008605,0,-0.22687977656830946,0
2025-07-16 20:00:00+07:00,28.0,8.2,83.0,/dl/web/weather/ic-w-11-night-few-clouds-full.svg,Hải Phòng,-1.2522115255492685,0,-0.3459645945353159,0
2025-07-16 21:00:00+07:00,22.0,8.2,84.0,/dl/web/weather/ic-w-11-night-few-clouds-full.svg,Hải Phòng,-1.4143317949855745,0,-0.3459645945353159,0
2025-07-16 22:00:00+07:00,25.0,9.0,85.0,/dl/web/weather/ic-w-11-night-few-clouds-full.svg,Hải Phòng,-1.3332716602674215,0,-0.20986765971588006,0
2025-07-16 23:00:00+07:00,22.0,8.7,86.0,/dl/web/weather/ic-w-11-night-few-clouds-full.svg,Hải Phòng,-1.4143317949855745,0,-0.26090401027316856,0
2025-07-17 00:00:00+07:00,22.0,8.5,87.0,/dl/web/weather/ic-w-11-night-few-clouds-full.svg,Hải Phòng,-1.4143317949855745,0,-0.2949282439780274,0
2025-07-17 01:00:00+07:00,17.0,7.4,87.0,/dl/web/weather/ic-w-04-scattered-clouds-full.svg,Hải Phòng,-1.5494320195158295,0,-0.48206152935475155,0
2025-07-17 03:00:00+07:00,14.0,7.7,87.0,/dl/web/weather/ic-weather-scattered-clouds.svg,Hải Phòng,-1.6304921542339825,0,-0.43102517879746316,0
2025-07-17 04:00:00+07:00,11.0,8.7,86.0,/dl/web/weather/ic-weather-04n.svg,Hải Phòng,-1.7115522889521355,0,-0.26090401027316856,0
2025-07-17 05:00:00+07:00,14.0,9.3,86.0,/dl/web/weather/ic-weather-03n.svg,Hải Phòng,-1.6304921542339825,0,-0.1588313091585915,0
2025-07-17 06:00:00+07:00,19.0,9.3,86.0,/dl/web/weather/ic-weather-03d.svg,Hải Phòng,-1.4953919297037275,0,-0.1588313091585915,0
2025-07-17 07:00:00+07:00,31.0,10.3,78.0,/dl/web/weather/ic-weather-03d.svg,Hải Phòng,-1.1711513908311155,0,0.011289859365703201,0
2025-07-17 08:00:00+07:00,25.0,10.9,70.0,/dl/web/weather/ic-weather-04d.svg,Hải Phòng,-1.3332716602674215,0,0.11336256048027997,0
2025-07-17 09:00:00+07:00,22.0,11.3,64.0,/dl/web/weather/ic-weather-03d.svg,Hải Phòng,-1.4143317949855745,0,0.1814110278899979,0
2025-07-17 10:00:00+07:00,19.0,12.4,60.0,/dl/web/weather/ic-weather-03d.svg,Hải Phòng,-1.4953919297037275,0,0.36854431326672205,0
2025-07-17 11:00:00+07:00,19.0,14.3,61.0,/dl/web/weather/ic-weather-03d.svg,Hải Phòng,-1.4953919297037275,0,0.6917745334628821,0
2025-07-17 12:00:00+07:00,19.0,14.6,60.0,/dl/web/weather/ic-weather-03d.svg,Hải Phòng,-1.4953919297037275,0,0.7428108840201703,0
2025-07-17 13:00:00+07:00,17.0,13.4,55.0,/dl/web/weather/ic-weather-03d.svg,Hải Phòng,-1.5494320195158295,0,0.5386654817910168,0
2025-07-17 14:00:00+07:00,22.0,12.9,58.0,/dl/web/weather/ic-weather-01d.svg,Hải Phòng,-1.4143317949855745,0,0.4536048975288694,0
2025-07-17 15:00:00+07:00,19.0,14.6,58.0,/dl/web/weather/ic-weather-01d.svg,Hải Phòng,-1.4953919297037275,0,0.7428108840201703,0
2025-07-17 16:00:00+07:00,19.0,15.8,62.0,/dl/web/weather/ic-weather-01d.svg,Hải Phòng,-1.4953919297037275,0,0.9469562862493242,0
2025-07-17 17:00:00+07:00,17.0,16.3,66.0,/dl/web/weather/ic-weather-03d.svg,Hải Phòng,-1.5494320195158295,0,1.0320168705114714,0
2025-07-17 18:00:00+07:00,17.0,13.7,69.0,/dl/web/weather/ic-weather-03d.svg,Hải Phòng,-1.5494320195158295,0,0.589701832348305,0
2025-07-17 19:00:00+07:00,28.0,11.7,74.0,/dl/web/weather/ic-weather-03n.svg,Hải Phòng,-1.2522115255492685,0,0.24945949529971556,0
2025-07-17 20:00:00+07:00,36.0,10.3,72.0,/dl/web/weather/ic-weather-04n.svg,Hải Phòng,-1.0360511663008605,0,0.011289859365703201,0
2025-07-17 21:00:00+07:00,36.0,7.7,77.0,/dl/web/weather/ic-weather-04n.svg,Hải Phòng,-1.0360511663008605,0,-0.43102517879746316,0
2025-07-17 22:00:00+07:00,33.0,6.6,80.0,/dl/web/weather/ic-weather-04n.svg,Hải Phòng,-1.1171113010190135,0,-0.6181584641741874,0
2025-07-17 23:00:00+07:00,42.0,7.9,81.0,/dl/web/weather/ic-weather-04n.svg,Hải Phòng,-0.8739308968645545,0,-0.3970009450926042,0
2025-07-18 00:00:00+07:00,31.0,7.2,78.0,/dl/web/weather/ic-weather-04n.svg,Hải Phòng,-1.1711513908311155,0,-0.5160857630596105,0
2025-07-18 01:00:00+07:00,33.0,5.0,81.0,/dl/web/weather/ic-weather-04n.svg,Hải Phòng,-1.1171113010190135,0,-0.8903523338130589,0
2025-07-18 02:00:00+07:00,25.0,5.0,84.0,/dl/web/weather/ic-weather-04n.svg,Hải Phòng,-1.3332716602674215,0,-0.8903523338130589,0
2025-07-18 03:00:00+07:00,22.0,5.0,83.0,/dl/web/weather/ic-weather-04n.svg,Hải Phòng,-1.4143317949855745,0,-0.8903523338130589,0
2025-07-18 04:00:00+07:00,28.0,6.1,83.0,/dl/web/weather/ic-weather-04n.svg,Hải Phòng,-1.2522115255492685,0,-0.7032190484363348,0
2025-07-18 05:00:00+07:00,25.0,5.0,83.0,/dl/web/weather/ic-weather-04n.svg,Hải Phòng,-1.3332716602674215,0,-0.8903523338130589,0
2025-07-18 06:00:00+07:00,25.0,5.1,83.0,/dl/web/weather/ic-weather-04d.svg,Hải Phòng,-1.3332716602674215,0,-0.8733402169606295,0
2025-07-18 07:00:00+07:00,39.0,3.9,77.0,/dl/web/weather/ic-weather-04d.svg,Hải Phòng,-0.9549910315827075,0,-1.077485619189783,0
2025-07-18 08:00:00+07:00,50.0,2.4,75.0,/dl/web/weather/ic-weather-04d.svg,Hải Phòng,-0.6577705376161466,0,-1.3326673719762252,0
2025-07-18 09:00:00+07:00,53.0,1.3,67.0,/dl/web/weather/ic-weather-04d.svg,Hải Phòng,-0.5767104028979936,0,-1.5198006573529492,0
2025-07-18 10:00:00+07:00,54.0,4.3,71.0,/dl/web/weather/ic-weather-04d.svg,Hải Phòng,-0.5496903579919425,0,-1.0094371517800653,0
2025-07-18 11:00:00+07:00,56.0,4.2,67.0,/dl/web/weather/ic-weather-04d.svg,Hải Phòng,-0.4956502681798406,0,-1.0264492686324946,0
2025-07-18 12:00:00+07:00,55.0,6.6,64.0,/dl/web/weather/ic-weather-04d.svg,Hải Phòng,-0.5226703130858916,0,-0.6181584641741874,0
2025-07-18 13:00:00+07:00,58.0,6.0,60.0,/dl/web/weather/ic-weather-04d.svg,Hải Phòng,-0.4416101783677386,0,-0.7202311652887642,0
2025-07-18 14:00:00+07:00,54.0,5.5,70.0,/dl/web/weather/ic-weather-04d.svg,Hải Phòng,-0.5496903579919425,0,-0.8052917495509115,0
2025-07-18 15:00:00+07:00,56.0,7.4,63.0,/dl/web/weather/ic-weather-04d.svg,Hải Phòng,-0.4956502681798406,0,-0.48206152935475155,0
2025-07-18 16:00:00+07:00,55.0,9.8,64.0,/dl/web/weather/ic-weather-04d.svg,Hải Phòng,-0.5226703130858916,0,-0.07377072489644415,0
2025-07-18 17:00:00+07:00,55.0,9.8,64.0,/dl/web/weather/ic-weather-04d.svg,Hải Phòng,-0.5226703130858916,0,-0.07377072489644415,0
2025-07-18 18:00:00+07:00,73.0,12.7,75.0,/dl/web/weather/ic-weather-04d.svg,Hải Phòng,-0.03630950477697366,0,0.41958066382401027,0
2025-07-18 19:00:00+07:00,57.0,8.2,76.0,/dl/web/weather/ic-weather-04n.svg,Hải Phòng,-0.4686302232737896,0,-0.3459645945353159,0
2025-07-18 20:00:00+07:00,90.0,7.9,77.0,/dl/web/weather/ic-weather-04n.svg,Hải Phòng,0.4230312586258933,0,-0.3970009450926042,0
2025-07-18 21:00:00+07:00,44.0,7.4,80.0,/dl/web/weather/ic-weather-04n.svg,Hải Phòng,-0.8198908070524525,0,-0.48206152935475155,0
2025-07-18 22:00:00+07:00,44.0,6.0,81.0,/dl/web/weather/ic-weather-04n.svg,Hải Phòng,-0.8198908070524525,0,-0.7202311652887642,0
2025-07-18 23:00:00+07:00,39.0,4.2,80.0,/dl/web/weather/ic-weather-04n.svg,Hải Phòng,-0.9549910315827075,0,-1.0264492686324946,0
2025-07-19 00:00:00+07:00,31.0,4.0,80.0,/dl/web/weather/ic-weather-04n.svg,Hải Phòng,-1.1711513908311155,0,-1.0604735023373537,0
2025-07-19 01:00:00+07:00,39.0,1.3,80.0,/dl/web/weather/ic-weather-04n.svg,Hải Phòng,-0.9549910315827075,0,-1.5198006573529492,0
2025-07-19 03:00:00+07:00,28.0,1.0,82.0,/dl/web/weather/ic-weather-04n.svg,Hải Phòng,-1.2522115255492685,0,-1.5708370079102378,0
2025-07-19 04:00:00+07:00,33.0,3.1,82.0,/dl/web/weather/ic-weather-04n.svg,Hải Phòng,-1.1171113010190135,0,-1.2135825540092189,0
2025-07-19 05:00:00+07:00,39.0,5.6,82.0,/dl/web/weather/ic-weather-04n.svg,Hải Phòng,-0.9549910315827075,0,-0.7882796326984821,0
2025-07-19 06:00:00+07:00,50.0,5.8,82.0,/dl/web/weather/ic-weather-04d.svg,Hải Phòng,-0.6577705376161466,0,-0.7542553989936231,0
2025-07-19 07:00:00+07:00,53.0,3.7,73.0,/dl/web/weather/ic-weather-04d.svg,Hải Phòng,-0.5767104028979936,0,-1.111509852894642,0
2025-07-19 08:00:00+07:00,61.0,6.1,63.0,/dl/web/weather/ic-weather-04d.svg,Hải Phòng,-0.3605500436495856,0,-0.7032190484363348,0
2025-07-19 09:00:00+07:00,69.0,8.5,57.0,/dl/web/weather/ic-weather-04d.svg,Hải Phòng,-0.14438968440117764,0,-0.2949282439780274,0
2025-07-19 10:00:00+07:00,70.0,11.1,53.0,/dl/web/weather/ic-weather-10d.svg,Hải Phòng,-0.11736963949512665,0,0.14738679418513878,0
2025-07-19 11:00:00+07:00,70.0,11.9,51.0,/dl/web/weather/ic-weather-10d.svg,Hải Phòng,-0.11736963949512665,0,0.2834837290045747,0
2025-07-19 12:00:00+07:00,68.0,11.4,49.0,/dl/web/weather/ic-weather-10d.svg,Hải Phòng,-0.17140972930722864,0,0.19842314474242734,0
2025-07-19 13:00:00+07:00,71.0,3.7,47.0,/dl/web/weather/ic-weather-10d.svg,Hải Phòng,-0.09034959458907565,0,-1.111509852894642,0
2025-07-19 14:00:00+07:00,71.0,12.4,58.0,/dl/web/weather/ic-weather-10d.svg,Hải Phòng,-0.09034959458907565,0,0.36854431326672205,0
2025-07-19 15:00:00+07:00,72.0,15.4,67.0,/dl/web/weather/ic-weather-10d.svg,Hải Phòng,-0.06332954968302465,0,0.8789078188396062,0
2025-07-19 16:00:00+07:00,87.0,19.6,90.0,/dl/web/weather/ic-weather-10d.svg,Hải Phòng,0.3419711239077403,0,1.5934167266416441,0
2025-07-19 17:00:00+07:00,65.0,8.4,97.0,/dl/web/weather/ic-weather-10d.svg,Hải Phòng,-0.25246986402538163,0,-0.31194036083045684,0
2025-07-19 18:00:00+07:00,55.0,11.1,92.0,/dl/web/weather/ic-weather-10d.svg,Hải Phòng,-0.5226703130858916,0,0.14738679418513878,0
2025-07-19 19:00:00+07:00,64.0,4.8,90.0,/dl/web/weather/ic-weather-10n.svg,Hải Phòng,-0.2794899089314326,0,-0.9243765675179179,0
2025-07-19 20:00:00+07:00,58.0,7.9,94.0,/dl/web/weather/ic-weather-04n.svg,Hải Phòng,-0.4416101783677386,0,-0.3970009450926042,0
2025-07-19 21:00:00+07:00,60.0,7.8,94.0,/dl/web/weather/ic-weather-04n.svg,Hải Phòng,-0.3875700885556366,0,-0.41401306194503373,0
2025-07-19 22:00:00+07:00,57.0,8.2,89.0,/dl/web/weather/ic-weather-04n.svg,Hải Phòng,-0.4686302232737896,0,-0.3459645945353159,0
2025-07-19 23:00:00+07:00,63.0,7.2,90.0,/dl/web/weather/ic-weather-04n.svg,Hải Phòng,-0.30650995383748364,0,-0.5160857630596105,0
2025-07-20 00:00:00+07:00,79.0,15.1,94.0,/dl/web/weather/ic-weather-10n.svg,Hải Phòng,0.12581076465933233,0,0.8278714682823176,0
2025-07-20 01:00:00+07:00,79.0,12.2,95.0,/dl/web/weather/ic-weather-04n.svg,Hải Phòng,0.12581076465933233,0,0.3345200795618629,0
2025-07-20 02:00:00+07:00,69.0,14.6,90.0,/dl/web/weather/ic-weather-04n.svg,Hải Phòng,-0.14438968440117764,0,0.7428108840201703,0
2025-07-20 03:00:00+07:00,78.0,14.6,94.0,/dl/web/weather/ic-weather-04n.svg,Hải Phòng,0.09879071975328133,0,0.7428108840201703,0
2025-07-20 04:00:00+07:00,74.0,11.9,90.0,/dl/web/weather/ic-weather-10n.svg,Hải Phòng,-0.00928945987092266,0,0.2834837290045747,0
2025-07-20 05:00:00+07:00,71.0,13.2,90.0,/dl/web/weather/ic-weather-04n.svg,Hải Phòng,-0.09034959458907565,0,0.5046412480861576,0
2025-07-20 06:00:00+07:00,69.0,12.6,90.0,/dl/web/weather/ic-weather-04d.svg,Hải Phòng,-0.14438968440117764,0,0.40256854697158084,0
2025-07-20 07:00:00+07:00,77.0,9.3,93.0,/dl/web/weather/ic-weather-04d.svg,Hải Phòng,0.07177067484723033,0,-0.1588313091585915,0
2025-07-20 08:00:00+07:00,92.0,9.5,88.0,/dl/web/weather/ic-weather-04d.svg,Hải Phòng,0.47707134843799526,0,-0.1248070754537327,0
2025-07-20 09:00:00+07:00,96.0,7.9,89.0,/dl/web/weather/ic-weather-04d.svg,Hải Phòng,0.5851515280621993,0,-0.3970009450926042,0
2025-07-20 10:00:00+07:00,89.0,8.9,86.0,/dl/web/weather/ic-weather-04d.svg,Hải Phòng,0.39601121371984227,0,-0.22687977656830946,0
2025-07-20 11:00:00+07:00,86.0,11.7,81.0,/dl/web/weather/ic-weather-10d.svg,Hải Phòng,0.3149510790016893,0,0.24945949529971556,0
2025-07-20 12:00:00+07:00,88.0,12.1,86.0,/dl/web/weather/ic-weather-10d.svg,Hải Phòng,0.3689911688137913,0,0.3175079627094335,0
2025-07-20 13:00:00+07:00,91.0,12.4,81.0,/dl/web/weather/ic-weather-04d.svg,Hải Phòng,0.4500513035319443,0,0.36854431326672205,0
2025-07-20 14:00:00+07:00,91.0,15.4,81.0,/dl/web/weather/ic-weather-04d.svg,Hải Phòng,0.4500513035319443,0,0.8789078188396062,0
2025-07-20 15:00:00+07:00,88.0,10.5,78.0,/dl/web/weather/ic-weather-04d.svg,Hải Phòng,0.3689911688137913,0,0.04531409307056202,0
2025-07-20 16:00:00+07:00,85.0,7.9,82.0,/dl/web/weather/ic-weather-04d.svg,Hải Phòng,0.2879310340956383,0,-0.3970009450926042,0
2025-07-20 17:00:00+07:00,90.0,8.2,87.0,/dl/web/weather/ic-weather-10d.svg,Hải Phòng,0.4230312586258933,0,-0.3459645945353159,0
2025-07-20 18:00:00+07:00,102.0,8.4,94.0,/dl/web/weather/ic-weather-10d.svg,Hải Phòng,0.7472717974985053,0,-0.31194036083045684,0
2025-07-20 19:00:00+07:00,105.0,8.5,94.0,/dl/web/weather/ic-weather-10n.svg,Hải Phòng,0.8283319322166582,0,-0.2949282439780274,0
2025-07-20 20:00:00+07:00,105.0,8.9,93.0,/dl/web/weather/ic-weather-10n.svg,Hải Phòng,0.8283319322166582,0,-0.22687977656830946,0
2025-07-20 21:00:00+07:00,39.0,11.3,93.0,/dl/web/weather/ic-weather-10n.svg,Hải Phòng,-0.9549910315827075,0,0.1814110278899979,0
2025-07-20 22:00:00+07:00,47.0,11.9,93.0,/dl/web/weather/ic-weather-10n.svg,Hải Phòng,-0.7388306723342996,0,0.2834837290045747,0
2025-07-20 23:00:00+07:00,55.0,17.5,93.0,/dl/web/weather/ic-weather-10n.svg,Hải Phòng,-0.5226703130858916,0,1.236162272740625,0
2025-07-21 00:00:00+07:00,62.0,15.8,94.0,/dl/web/weather/ic-weather-10n.svg,Hải Phòng,-0.3335299987435346,0,0.9469562862493242,0
2025-07-21 01:00:00+07:00,78.0,12.6,94.0,/dl/web/weather/ic-weather-10n.svg,Hải Phòng,0.09879071975328133,0,0.40256854697158084,0
2025-07-21 02:00:00+07:00,89.0,13.0,94.0,/dl/web/weather/ic-weather-10n.svg,Hải Phòng,0.39601121371984227,0,0.4706170143812988,0
2025-07-21 03:00:00+07:00,97.0,13.8,94.0,/dl/web/weather/ic-weather-10n.svg,Hải Phòng,0.6121715729682503,0,0.6067139492007347,0
2025-07-21 04:00:00+07:00,105.0,13.4,94.0,/dl/web/weather/ic-weather-10n.svg,Hải Phòng,0.8283319322166582,0,0.5386654817910168,0
2025-07-21 05:00:00+07:00,99.0,12.7,94.0,/dl/web/weather/ic-weather-10n.svg,Hải Phòng,0.6662116627803523,0,0.41958066382401027,0
2025-07-21 06:00:00+07:00,97.0,12.9,99.0,/dl/web/weather/ic-weather-10d.svg,Hải Phòng,0.6121715729682503,0,0.4536048975288694,0
2025-07-21 07:00:00+07:00,94.0,14.0,94.0,/dl/web/weather/ic-weather-10d.svg,Hải Phòng,0.5311114382500972,0,0.6407381829055935,0
2025-07-21 08:00:00+07:00,123.0,15.8,94.0,/dl/web/weather/ic-weather-10d.svg,Hải Phòng,1.3146927405255762,0,0.9469562862493242,0
2025-07-21 09:00:00+07:00,111.0,18.8,94.0,/dl/web/weather/ic-weather-10d.svg,Hải Phòng,0.9904522016529642,0,1.4573197918222083,0
2025-07-21 10:00:00+07:00,86.0,18.7,94.0,/dl/web/weather/ic-weather-10d.svg,Hải Phòng,0.3149510790016893,0,1.4403076749697785,0
2025-07-21 11:00:00+07:00,97.0,20.4,98.0,/dl/web/weather/ic-weather-10d.svg,Hải Phòng,0.6121715729682503,0,1.7295136614610795,0
2025-07-21 12:00:00+07:00,96.0,19.6,99.0,/dl/web/weather/ic-weather-10d.svg,Hải Phòng,0.5851515280621993,0,1.5934167266416441,0
2025-07-21 13:00:00+07:00,92.0,26.4,96.0,/dl/web/weather/ic-weather-10d.svg,Hải Phòng,0.47707134843799526,0,2.750240672606848,0
2025-07-21 14:00:00+07:00,86.0,29.3,94.0,/dl/web/weather/ic-weather-10d.svg,Hải Phòng,0.3149510790016893,0,3.243592061327303,-1
2025-07-21 15:00:00+07:00,73.0,29.2,94.0,/dl/web/weather/ic-weather-10d.svg,Hải Phòng,-0.03630950477697366,0,3.226579944474873,-1
2025-07-21 16:00:00+07:00,69.0,26.7,94.0,/dl/web/weather/ic-weather-10d.svg,Hải Phòng,-0.14438968440117764,0,2.801277023164136,0
2025-07-21 17:00:00+07:00,73.0,25.6,95.0,/dl/web/weather/ic-weather-10d.svg,Hải Phòng,-0.03630950477697366,0,2.6141437377874124,0
2025-07-21 18:00:00+07:00,73.0,32.7,94.0,/dl/web/weather/ic-weather-10d.svg,Hải Phòng,-0.03630950477697366,0,3.8220040343099053,-1
2025-07-21 19:00:00+07:00,71.0,33.8,95.0,/dl/web/weather/ic-weather-10n.svg,Hải Phòng,-0.09034959458907565,0,4.009137319686628,-1
2025-07-21 20:00:00+07:00,69.0,26.2,95.0,/dl/web/weather/ic-weather-10n.svg,Hải Phòng,-0.14438968440117764,0,2.7162164389019887,0
2025-07-21 21:00:00+07:00,71.0,31.9,95.0,/dl/web/weather/ic-weather-10n.svg,Hải Phòng,-0.09034959458907565,0,3.6859070994904686,-1
2025-07-21 22:00:00+07:00,62.0,33.5,94.0,/dl/web/weather/ic-weather-10n.svg,Hải Phòng,-0.3335299987435346,0,3.9581009691293403,-1
2025-07-21 23:00:00+07:00,53.0,29.8,94.0,/dl/web/weather/ic-weather-10n.svg,Hải Phòng,-0.5767104028979936,0,3.3286526455894503,-1
2025-07-22 00:00:00+07:00,53.0,27.5,95.0,/dl/web/weather/ic-weather-10n.svg,Hải Phòng,-0.5767104028979936,0,2.937373957983572,0
2025-07-22 01:00:00+07:00,50.0,29.9,96.0,/dl/web/weather/ic-weather-10n.svg,Hải Phòng,-0.6577705376161466,0,3.345664762441879,-1
2025-07-22 02:00:00+07:00,36.0,30.9,93.0,/dl/web/weather/ic-weather-10n.svg,Hải Phòng,-1.0360511663008605,0,3.515785930966174,-1
2025-07-22 03:00:00+07:00,14.0,33.2,92.0,/dl/web/weather/ic-weather-10n.svg,Hải Phòng,-1.6304921542339825,0,3.9070646185720523,-1
2025-07-22 04:00:00+07:00,6.0,32.0,90.0,/dl/web/weather/ic-weather-10n.svg,Hải Phòng,-1.8466525134823903,0,3.7029192163428983,-1
2025-07-22 05:00:00+07:00,17.0,28.2,90.0,/dl/web/weather/ic-weather-10n.svg,Hải Phòng,-1.5494320195158295,0,3.0564587759505786,-1
2025-07-22 06:00:00+07:00,14.0,21.1,89.0,/dl/web/weather/ic-weather-04d.svg,Hải Phòng,-1.6304921542339825,0,1.8485984794280863,0
2025-07-22 07:00:00+07:00,11.0,6.9,94.0,/dl/web/weather/ic-weather-04d.svg,Hải Phòng,-1.7115522889521355,0,-0.5671221136168989,0
2025-07-22 08:00:00+07:00,28.0,13.7,94.0,/dl/web/weather/ic-weather-04d.svg,Hải Phòng,-1.2522115255492685,0,0.589701832348305,0
2025-07-22 09:00:00+07:00,50.0,29.6,90.0,/dl/web/weather/ic-weather-04d.svg,Hải Phòng,-0.6577705376161466,0,3.294628411884591,-1
2025-07-22 10:00:00+07:00,50.0,31.9,89.0,/dl/web/weather/ic-weather-04d.svg,Hải Phòng,-0.6577705376161466,0,3.6859070994904686,-1
2025-07-22 11:00:00+07:00,44.0,27.2,84.0,/dl/web/weather/ic-weather-04d.svg,Hải Phòng,-0.8198908070524525,0,2.8863376074262836,0
2025-07-22 12:00:00+07:00,53.0,30.1,88.0,/dl/web/weather/ic-weather-04d.svg,Hải Phòng,-0.5767104028979936,0,3.3796889961467387,-1
2025-07-22 13:00:00+07:00,50.0,27.7,91.0,/dl/web/weather/ic-weather-04d.svg,Hải Phòng,-0.6577705376161466,0,2.971398191688431,0
2025-07-22 14:00:00+07:00,42.0,25.6,91.0,/dl/web/weather/ic-weather-04d.svg,Hải Phòng,-0.8739308968645545,0,2.6141437377874124,0
2025-07-22 15:00:00+07:00,39.0,23.0,88.0,/dl/web/weather/ic-weather-04d.svg,Hải Phòng,-0.9549910315827075,0,2.1718286996242457,0
2025-07-22 16:00:00+07:00,22.0,14.5,89.0,/dl/web/weather/ic-weather-04d.svg,Hải Phòng,-1.4143317949855745,0,0.7257987671677408,0
2025-07-22 17:00:00+07:00,11.0,15.6,80.0,/dl/web/weather/ic-weather-04d.svg,Hải Phòng,-1.7115522889521355,0,0.912932052544465,0
2025-07-22 18:00:00+07:00,22.0,15.1,80.0,/dl/web/weather/ic-weather-04d.svg,Hải Phòng,-1.4143317949855745,0,0.8278714682823176,0
2025-07-22 21:00:00+07:00,33.0,27.5,85.0,/dl/web/weather/ic-weather-04n.svg,Hải Phòng,-1.1171113010190135,0,2.937373957983572,0
2025-07-22 22:00:00+07:00,39.0,26.7,80.0,/dl/web/weather/ic-weather-04n.svg,Hải Phòng,-0.9549910315827075,0,2.801277023164136,0
2025-07-22 23:00:00+07:00,44.0,23.0,80.0,/dl/web/weather/ic-weather-04n.svg,Hải Phòng,-0.8198908070524525,0,2.1718286996242457,0
2025-07-23 00:00:00+07:00,39.0,20.0,86.0,/dl/web/weather/ic-weather-04n.svg,Hải Phòng,-0.9549910315827075,0,1.6614651940513618,0
2025-07-23 01:00:00+07:00,39.0,11.9,85.0,/dl/web/weather/ic-weather-04n.svg,Hải Phòng,-0.9549910315827075,0,0.2834837290045747,0
2025-07-23 02:00:00+07:00,44.0,11.3,88.0,/dl/web/weather/ic-weather-04n.svg,Hải Phòng,-0.8198908070524525,0,0.1814110278899979,0
2025-07-23 03:00:00+07:00,39.0,10.3,89.0,/dl/web/weather/ic-weather-04n.svg,Hải Phòng,-0.9549910315827075,0,0.011289859365703201,0
2025-07-23 04:00:00+07:00,39.0,10.6,89.0,/dl/web/weather/ic-weather-04n.svg,Hải Phòng,-0.9549910315827075,0,0.062326209922991434,0
2025-07-23 05:00:00+07:00,39.0,9.7,89.0,/dl/web/weather/ic-weather-04n.svg,Hải Phòng,-0.9549910315827075,0,-0.09078284174887387,0
2025-07-23 06:00:00+07:00,28.0,7.6,89.0,/dl/web/weather/ic-weather-04d.svg,Hải Phòng,-1.2522115255492685,0,-0.4480372956498927,0
2025-07-23 07:00:00+07:00,28.0,7.9,87.0,/dl/web/weather/ic-weather-04d.svg,Hải Phòng,-1.2522115255492685,0,-0.3970009450926042,0
2025-07-23 08:00:00+07:00,22.0,9.2,82.0,/dl/web/weather/ic-weather-04d.svg,Hải Phòng,-1.4143317949855745,0,-0.17584342601102124,0
2025-07-23 09:00:00+07:00,22.0,10.3,78.0,/dl/web/weather/ic-weather-04d.svg,Hải Phòng,-1.4143317949855745,0,0.011289859365703201,0
2025-07-23 10:00:00+07:00,22.0,11.9,73.0,/dl/web/weather/ic-weather-04d.svg,Hải Phòng,-1.4143317949855745,0,0.2834837290045747,0
2025-07-23 11:00:00+07:00,22.0,14.5,72.0,/dl/web/weather/ic-weather-04d.svg,Hải Phòng,-1.4143317949855745,0,0.7257987671677408,0
2025-07-23 12:00:00+07:00,22.0,16.1,69.0,/dl/web/weather/ic-weather-04d.svg,Hải Phòng,-1.4143317949855745,0,0.9979926368066127,0
2025-07-23 13:00:00+07:00,22.0,15.8,68.0,/dl/web/weather/ic-weather-04d.svg,Hải Phòng,-1.4143317949855745,0,0.9469562862493242,0
2025-07-23 14:00:00+07:00,17.0,18.0,66.0,/dl/web/weather/ic-weather-04d.svg,Hải Phòng,-1.5494320195158295,0,1.3212228570027724,0
2025-07-23 15:00:00+07:00,17.0,18.5,67.0,/dl/web/weather/ic-weather-04d.svg,Hải Phòng,-1.5494320195158295,0,1.4062834412649197,0
2025-07-23 16:00:00+07:00,17.0,17.1,69.0,/dl/web/weather/ic-weather-04d.svg,Hải Phòng,-1.5494320195158295,0,1.1681138053309075,0
2025-07-23 17:00:00+07:00,28.0,15.0,75.0,/dl/web/weather/ic-weather-04d.svg,Hải Phòng,-1.2522115255492685,0,0.8108593514298882,0
2025-07-23 18:00:00+07:00,17.0,12.6,80.0,/dl/web/weather/ic-weather-04d.svg,Hải Phòng,-1.5494320195158295,0,0.40256854697158084,0
2025-07-23 19:00:00+07:00,22.0,10.1,83.0,/dl/web/weather/ic-weather-04n.svg,Hải Phòng,-1.4143317949855745,0,-0.022734374339155924,0
2025-07-23 20:00:00+07:00,19.0,10.6,84.0,/dl/web/weather/ic-weather-10n.svg,Hải Phòng,-1.4953919297037275,0,0.062326209922991434,0
2025-07-23 22:00:00+07:00,22.0,10.3,84.0,/dl/web/weather/ic-weather-10n.svg,Hải Phòng,-1.4143317949855745,0,0.011289859365703201,0
2025-07-23 23:00:00+07:00,22.0,9.8,85.0,/dl/web/weather/ic-weather-04n.svg,Hải Phòng,-1.4143317949855745,0,-0.07377072489644415,0
2025-07-24 00:00:00+07:00,22.0,10.3,85.0,/dl/web/weather/ic-weather-04n.svg,Hải Phòng,-1.4143317949855745,0,0.011289859365703201,0
2025-07-24 01:00:00+07:00,33.0,10.6,86.0,/dl/web/weather/ic-weather-04n.svg,Hải Phòng,-1.1171113010190135,0,0.062326209922991434,0
2025-07-24 02:00:00+07:00,33.0,10.8,85.0,/dl/web/weather/ic-weather-04n.svg,Hải Phòng,-1.1171113010190135,0,0.09635044362785056,0
2025-07-24 03:00:00+07:00,22.0,10.6,89.0,/dl/web/weather/ic-weather-04n.svg,Hải Phòng,-1.4143317949855745,0,0.062326209922991434,0
2025-07-24 04:00:00+07:00,28.0,10.3,89.0,/dl/web/weather/ic-weather-04n.svg,Hải Phòng,-1.2522115255492685,0,0.011289859365703201,0
2025-07-24 05:00:00+07:00,33.0,9.3,89.0,/dl/web/weather/ic-weather-04n.svg,Hải Phòng,-1.1171113010190135,0,-0.1588313091585915,0
2025-07-24 06:00:00+07:00,28.0,9.7,85.0,/dl/web/weather/ic-weather-04d.svg,Hải Phòng,-1.2522115255492685,0,-0.09078284174887387,0
2025-07-24 07:00:00+07:00,22.0,8.2,93.0,/dl/web/weather/ic-weather-10d.svg,Hải Phòng,-1.4143317949855745,0,-0.3459645945353159,0
2025-07-24 08:00:00+07:00,11.0,7.9,88.0,/dl/web/weather/ic-weather-04d.svg,Hải Phòng,-1.7115522889521355,0,-0.3970009450926042,0
2025-07-24 09:00:00+07:00,22.0,10.0,91.0,/dl/web/weather/ic-weather-04d.svg,Hải Phòng,-1.4143317949855745,0,-0.03974649119158533,0
2025-07-24 10:00:00+07:00,17.0,11.3,91.0,/dl/web/weather/ic-weather-04d.svg,Hải Phòng,-1.5494320195158295,0,0.1814110278899979,0
2025-07-24 11:00:00+07:00,25.0,12.7,83.0,/dl/web/weather/ic-weather-04d.svg,Hải Phòng,-1.3332716602674215,0,0.41958066382401027,0
2025-07-24 12:00:00+07:00,22.0,12.2,79.0,/dl/web/weather/ic-weather-04d.svg,Hải Phòng,-1.4143317949855745,0,0.3345200795618629,0
2025-07-24 13:00:00+07:00,28.0,14.6,78.0,/dl/web/weather/ic-weather-04d.svg,Hải Phòng,-1.2522115255492685,0,0.7428108840201703,0
2025-07-24 14:00:00+07:00,33.0,13.8,79.0,/dl/web/weather/ic-weather-10d.svg,Hải Phòng,-1.1171113010190135,0,0.6067139492007347,0
2025-07-24 15:00:00+07:00,28.0,13.8,79.0,/dl/web/weather/ic-weather-10d.svg,Hải Phòng,-1.2522115255492685,0,0.6067139492007347,0
2025-07-24 16:00:00+07:00,22.0,10.0,80.0,/dl/web/weather/ic-weather-10d.svg,Hải Phòng,-1.4143317949855745,0,-0.03974649119158533,0
2025-07-24 17:00:00+07:00,17.0,7.6,84.0,/dl/web/weather/ic-weather-10d.svg,Hải Phòng,-1.5494320195158295,0,-0.4480372956498927,0
2025-07-24 18:00:00+07:00,28.0,8.4,84.0,/dl/web/weather/ic-weather-04d.svg,Hải Phòng,-1.2522115255492685,0,-0.31194036083045684,0
2025-07-24 19:00:00+07:00,22.0,9.3,89.0,/dl/web/weather/ic-weather-04n.svg,Hải Phòng,-1.4143317949855745,0,-0.1588313091585915,0
2025-07-24 20:00:00+07:00,17.0,7.6,90.0,/dl/web/weather/ic-weather-04n.svg,Hải Phòng,-1.5494320195158295,0,-0.4480372956498927,0
2025-07-24 21:00:00+07:00,17.0,6.9,84.0,/dl/web/weather/ic-weather-04n.svg,Hải Phòng,-1.5494320195158295,0,-0.5671221136168989,0
2025-07-24 22:00:00+07:00,17.0,6.9,84.0,/dl/web/weather/ic-weather-04n.svg,Hải Phòng,-1.5494320195158295,0,-0.5671221136168989,0
2025-07-24 23:00:00+07:00,22.0,4.8,93.0,/dl/web/weather/ic-weather-04n.svg,Hải Phòng,-1.4143317949855745,0,-0.9243765675179179,0
2025-07-25 00:00:00+07:00,22.0,5.1,94.0,/dl/web/weather/ic-weather-04n.svg,Hải Phòng,-1.4143317949855745,0,-0.8733402169606295,0
2025-07-25 01:00:00+07:00,28.0,6.1,94.0,/dl/web/weather/ic-weather-04n.svg,Hải Phòng,-1.2522115255492685,0,-0.7032190484363348,0
2025-07-25 02:00:00+07:00,33.0,5.1,94.0,/dl/web/weather/ic-weather-03n.svg,Hải Phòng,-1.1171113010190135,0,-0.8733402169606295,0
2025-07-25 03:00:00+07:00,39.0,5.3,90.0,/dl/web/weather/ic-weather-04n.svg,Hải Phòng,-0.9549910315827075,0,-0.8393159832557705,0
2025-07-25 04:00:00+07:00,39.0,5.3,90.0,/dl/web/weather/ic-weather-04n.svg,Hải Phòng,-0.9549910315827075,0,-0.8393159832557705,0
2025-07-25 05:00:00+07:00,33.0,6.1,94.0,/dl/web/weather/ic-weather-04n.svg,Hải Phòng,-1.1171113010190135,0,-0.7032190484363348,0
2025-07-25 06:00:00+07:00,39.0,5.5,93.0,/dl/web/weather/ic-weather-04d.svg,Hải Phòng,-0.9549910315827075,0,-0.8052917495509115,0
2025-07-25 07:00:00+07:00,39.0,5.1,88.0,/dl/web/weather/ic-weather-04d.svg,Hải Phòng,-0.9549910315827075,0,-0.8733402169606295,0
2025-07-25 08:00:00+07:00,50.0,4.2,80.0,/dl/web/weather/ic-weather-04d.svg,Hải Phòng,-0.6577705376161466,0,-1.0264492686324946,0
2025-07-25 09:00:00+07:00,50.0,3.5,78.0,/dl/web/weather/ic-weather-04d.svg,Hải Phòng,-0.6577705376161466,0,-1.145534086599501,0
2025-07-25 10:00:00+07:00,33.0,2.6,72.0,/dl/web/weather/ic-weather-04d.svg,Hải Phòng,-1.1171113010190135,0,-1.2986431382713663,0
2025-07-25 11:00:00+07:00,36.0,5.0,70.0,/dl/web/weather/ic-weather-04d.svg,Hải Phòng,-1.0360511663008605,0,-0.8903523338130589,0
2025-07-25 12:00:00+07:00,33.0,8.7,70.0,/dl/web/weather/ic-weather-10d.svg,Hải Phòng,-1.1171113010190135,0,-0.26090401027316856,0
2025-07-25 13:00:00+07:00,44.0,7.1,69.0,/dl/web/weather/ic-weather-04d.svg,Hải Phòng,-0.8198908070524525,0,-0.53309787991204,0
2025-07-25 14:00:00+07:00,31.0,10.3,75.0,/dl/web/weather/ic-weather-10d.svg,Hải Phòng,-1.1711513908311155,0,0.011289859365703201,0
2025-07-25 15:00:00+07:00,17.0,10.1,80.0,/dl/web/weather/ic-weather-10d.svg,Hải Phòng,-1.5494320195158295,0,-0.022734374339155924,0
2025-07-25 16:00:00+07:00,31.0,9.2,83.0,/dl/web/weather/ic-weather-10d.svg,Hải Phòng,-1.1711513908311155,0,-0.17584342601102124,0
2025-07-25 17:00:00+07:00,62.0,8.5,84.0,/dl/web/weather/ic-weather-10d.svg,Hải Phòng,-0.3335299987435346,0,-0.2949282439780274,0
2025-07-25 18:00:00+07:00,56.0,6.0,85.0,/dl/web/weather/ic-weather-10d.svg,Hải Phòng,-0.4956502681798406,0,-0.7202311652887642,0
2025-07-25 19:00:00+07:00,59.0,6.4,88.0,/dl/web/weather/ic-weather-04n.svg,Hải Phòng,-0.4145901334616876,0,-0.6521826978790463,0
2025-07-25 20:00:00+07:00,71.0,5.8,89.0,/dl/web/weather/ic-weather-04n.svg,Hải Phòng,-0.09034959458907565,0,-0.7542553989936231,0
2025-07-25 21:00:00+07:00,69.0,4.5,93.0,/dl/web/weather/ic-weather-04n.svg,Hải Phòng,-0.14438968440117764,0,-0.9754129180752062,0
2025-07-25 22:00:00+07:00,76.0,2.3,93.0,/dl/web/weather/ic-weather-04n.svg,Hải Phòng,0.04475062994117933,0,-1.3496794888286547,0
2025-07-25 23:00:00+07:00,83.0,3.4,98.0,/dl/web/weather/ic-weather-04n.svg,Hải Phòng,0.2338909442835363,0,-1.1625462034519305,0
2025-07-26 00:00:00+07:00,82.0,5.1,93.0,/dl/web/weather/ic-weather-04n.svg,Hải Phòng,0.20687089937748532,0,-0.8733402169606295,0
2025-07-26 01:00:00+07:00,82.0,5.5,93.0,/dl/web/weather/ic-weather-04n.svg,Hải Phòng,0.20687089937748532,0,-0.8052917495509115,0
2025-07-26 02:00:00+07:00,80.0,5.8,94.0,/dl/web/weather/ic-weather-02n.svg,Hải Phòng,0.1528308095653833,0,-0.7542553989936231,0
2025-07-26 03:00:00+07:00,89.0,6.0,94.0,/dl/web/weather/ic-weather-02n.svg,Hải Phòng,0.39601121371984227,0,-0.7202311652887642,0
2025-07-26 04:00:00+07:00,95.0,6.4,94.0,/dl/web/weather/ic-weather-02n.svg,Hải Phòng,0.5581314831561482,0,-0.6521826978790463,0
2025-07-26 05:00:00+07:00,93.0,6.8,99.0,/dl/web/weather/ic-weather-02n.svg,Hải Phòng,0.5040913933440463,0,-0.5841342304693284,0
2025-07-26 06:00:00+07:00,85.0,6.6,94.0,/dl/web/weather/ic-weather-02d.svg,Hải Phòng,0.2879310340956383,0,-0.6181584641741874,0
2025-07-26 07:00:00+07:00,88.0,4.5,94.0,/dl/web/weather/ic-weather-02d.svg,Hải Phòng,0.3689911688137913,0,-0.9754129180752062,0
2025-07-26 08:00:00+07:00,111.0,3.5,87.0,/dl/web/weather/ic-weather-04d.svg,Hải Phòng,0.9904522016529642,0,-1.145534086599501,0
2025-07-26 09:00:00+07:00,102.0,2.1,82.0,/dl/web/weather/ic-weather-04d.svg,Hải Phòng,0.7472717974985053,0,-1.3837037225335136,0
2025-07-26 10:00:00+07:00,92.0,4.0,71.0,/dl/web/weather/ic-weather-04d.svg,Hải Phòng,0.47707134843799526,0,-1.0604735023373537,0
2025-07-26 11:00:00+07:00,83.0,2.9,65.0,/dl/web/weather/ic-weather-04d.svg,Hải Phòng,0.2338909442835363,0,-1.2476067877140777,0
2025-07-26 12:00:00+07:00,83.0,5.1,64.0,/dl/web/weather/ic-weather-04d.svg,Hải Phòng,0.2338909442835363,0,-0.8733402169606295,0
2025-07-26 13:00:00+07:00,86.0,10.6,60.0,/dl/web/weather/ic-weather-04d.svg,Hải Phòng,0.3149510790016893,0,0.062326209922991434,0
2025-07-26 14:00:00+07:00,84.0,13.8,60.0,/dl/web/weather/ic-weather-04d.svg,Hải Phòng,0.26091098918958733,0,0.6067139492007347,0
2025-07-26 15:00:00+07:00,84.0,16.6,62.0,/dl/web/weather/ic-weather-04d.svg,Hải Phòng,0.26091098918958733,0,1.08305322106876,0
2025-07-26 16:00:00+07:00,96.0,15.9,67.0,/dl/web/weather/ic-weather-04d.svg,Hải Phòng,0.5851515280621993,0,0.9639684031017536,0
2025-07-26 17:00:00+07:00,93.0,14.5,69.0,/dl/web/weather/ic-weather-03d.svg,Hải Phòng,0.5040913933440463,0,0.7257987671677408,0
2025-07-26 18:00:00+07:00,93.0,9.5,78.0,/dl/web/weather/ic-weather-10d.svg,Hải Phòng,0.5040913933440463,0,-0.1248070754537327,0
2025-07-26 19:00:00+07:00,93.0,7.6,82.0,/dl/web/weather/ic-weather-10n.svg,Hải Phòng,0.5040913933440463,0,-0.4480372956498927,0
2025-07-26 20:00:00+07:00,93.0,7.1,85.0,/dl/web/weather/ic-weather-10n.svg,Hải Phòng,0.5040913933440463,0,-0.53309787991204,0
2025-07-26 21:00:00+07:00,93.0,6.8,86.0,/dl/web/weather/ic-weather-02n.svg,Hải Phòng,0.5040913933440463,0,-0.5841342304693284,0
2025-07-26 22:00:00+07:00,93.0,6.1,86.0,/dl/web/weather/ic-weather-03n.svg,Hải Phòng,0.5040913933440463,0,-0.7032190484363348,0
2025-07-26 23:00:00+07:00,82.0,6.8,86.0,/dl/web/weather/ic-weather-03n.svg,Hải Phòng,0.20687089937748532,0,-0.5841342304693284,0
2025-07-27 00:00:00+07:00,87.0,6.8,86.0,/dl/web/weather/ic-weather-03n.svg,Hải Phòng,0.3419711239077403,0,-0.5841342304693284,0
2025-07-27 01:00:00+07:00,91.0,5.1,89.0,/dl/web/weather/ic-weather-03n.svg,Hải Phòng,0.4500513035319443,0,-0.8733402169606295,0
2025-07-27 02:00:00+07:00,95.0,3.2,89.0,/dl/web/weather/ic-weather-03n.svg,Hải Phòng,0.5581314831561482,0,-1.1965704371567893,0
2025-07-27 03:00:00+07:00,103.0,5.6,89.0,/dl/web/weather/ic-weather-03n.svg,Hải Phòng,0.7742918424045563,0,-0.7882796326984821,0
2025-07-27 04:00:00+07:00,108.0,6.4,93.0,/dl/web/weather/ic-weather-03n.svg,Hải Phòng,0.9093920669348112,0,-0.6521826978790463,0
2025-07-27 05:00:00+07:00,107.0,5.0,93.0,/dl/web/weather/ic-weather-03n.svg,Hải Phòng,0.8823720220287602,0,-0.8903523338130589,0
2025-07-27 06:00:00+07:00,115.0,5.1,89.0,/dl/web/weather/ic-weather-03d.svg,Hải Phòng,1.0985323812771681,0,-0.8733402169606295,0
2025-07-27 07:00:00+07:00,126.0,5.5,88.0,/dl/web/weather/ic-weather-02d.svg,Hải Phòng,1.3957528752437292,0,-0.8052917495509115,0
2025-07-27 08:00:00+07:00,105.0,5.3,82.0,/dl/web/weather/ic-weather-04d.svg,Hải Phòng,0.8283319322166582,0,-0.8393159832557705,0
2025-07-27 09:00:00+07:00,72.0,5.3,73.0,/dl/web/weather/ic-weather-04d.svg,Hải Phòng,-0.06332954968302465,0,-0.8393159832557705,0
2025-07-27 10:00:00+07:00,66.0,1.9,67.0,/dl/web/weather/ic-weather-04d.svg,Hải Phòng,-0.22544981911933062,0,-1.4177279562383724,0
2025-07-27 11:00:00+07:00,77.0,5.0,58.0,/dl/web/weather/ic-weather-04d.svg,Hải Phòng,0.07177067484723033,0,-0.8903523338130589,0
2025-07-27 12:00:00+07:00,77.0,10.0,55.0,/dl/web/weather/ic-weather-04d.svg,Hải Phòng,0.07177067484723033,0,-0.03974649119158533,0
2025-07-27 13:00:00+07:00,77.0,14.0,54.0,/dl/web/weather/ic-weather-03d.svg,Hải Phòng,0.07177067484723033,0,0.6407381829055935,0
2025-07-27 14:00:00+07:00,69.0,17.9,56.0,/dl/web/weather/ic-weather-01d.svg,Hải Phòng,-0.14438968440117764,0,1.3042107401503427,0
2025-07-27 15:00:00+07:00,55.0,20.0,61.0,/dl/web/weather/ic-weather-01d.svg,Hải Phòng,-0.5226703130858916,0,1.6614651940513618,0
2025-07-27 16:00:00+07:00,55.0,16.1,63.0,/dl/web/weather/ic-weather-01d.svg,Hải Phòng,-0.5226703130858916,0,0.9979926368066127,0
2025-07-27 17:00:00+07:00,57.0,13.0,68.0,/dl/web/weather/ic-weather-01d.svg,Hải Phòng,-0.4686302232737896,0,0.4706170143812988,0
2025-07-27 18:00:00+07:00,55.0,10.1,77.0,/dl/web/weather/ic-weather-01d.svg,Hải Phòng,-0.5226703130858916,0,-0.022734374339155924,0
2025-07-27 19:00:00+07:00,55.0,8.0,83.0,/dl/web/weather/ic-weather-01n.svg,Hải Phòng,-0.5226703130858916,0,-0.37998882824017477,0
2025-07-27 20:00:00+07:00,54.0,8.4,81.0,/dl/web/weather/ic-weather-01n.svg,Hải Phòng,-0.5496903579919425,0,-0.31194036083045684,0
2025-07-27 21:00:00+07:00,36.0,7.7,80.0,/dl/web/weather/ic-weather-02n.svg,Hải Phòng,-1.0360511663008605,0,-0.43102517879746316,0
2025-07-27 22:00:00+07:00,25.0,6.0,80.0,/dl/web/weather/ic-weather-02n.svg,Hải Phòng,-1.3332716602674215,0,-0.7202311652887642,0
2025-07-27 23:00:00+07:00,17.0,5.8,83.0,/dl/web/weather/ic-weather-02n.svg,Hải Phòng,-1.5494320195158295,0,-0.7542553989936231,0
2025-07-28 00:00:00+07:00,14.0,3.1,85.0,/dl/web/weather/ic-weather-02n.svg,Hải Phòng,-1.6304921542339825,0,-1.2135825540092189,0
2025-07-28 01:00:00+07:00,36.0,0.5,87.0,/dl/web/weather/ic-weather-02n.svg,Hải Phòng,-1.0360511663008605,0,-1.655897592172385,0
2025-07-28 02:00:00+07:00,56.0,4.3,90.0,/dl/web/weather/ic-weather-02n.svg,Hải Phòng,-0.4956502681798406,0,-1.0094371517800653,0
2025-07-28 03:00:00+07:00,56.0,3.4,90.0,/dl/web/weather/ic-weather-03n.svg,Hải Phòng,-0.4956502681798406,0,-1.1625462034519305,0
2025-07-28 04:00:00+07:00,84.0,3.5,90.0,/dl/web/weather/ic-weather-03n.svg,Hải Phòng,0.26091098918958733,0,-1.145534086599501,0
2025-07-28 05:00:00+07:00,61.0,4.0,94.0,/dl/web/weather/ic-weather-03n.svg,Hải Phòng,-0.3605500436495856,0,-1.0604735023373537,0
2025-07-28 06:00:00+07:00,60.0,3.5,94.0,/dl/web/weather/ic-weather-03d.svg,Hải Phòng,-0.3875700885556366,0,-1.145534086599501,0
2025-07-28 07:00:00+07:00,63.0,3.4,88.0,/dl/web/weather/ic-weather-03d.svg,Hải Phòng,-0.30650995383748364,0,-1.1625462034519305,0
2025-07-28 08:00:00+07:00,83.0,1.4,77.0,/dl/web/weather/ic-weather-04d.svg,Hải Phòng,0.2338909442835363,0,-1.50278854050052,0
2025-07-28 09:00:00+07:00,71.0,0.2,74.0,/dl/web/weather/ic-weather-04d.svg,Hải Phòng,-0.09034959458907565,0,-1.7069339427296737,0
2025-07-28 10:00:00+07:00,76.0,2.7,66.0,/dl/web/weather/ic-weather-04d.svg,Hải Phòng,0.04475062994117933,0,-1.2816310214189368,0
2025-07-28 11:00:00+07:00,79.0,4.5,62.0,/dl/web/weather/ic-weather-04d.svg,Hải Phòng,0.12581076465933233,0,-0.9754129180752062,0
2025-07-28 12:00:00+07:00,79.0,5.1,64.0,/dl/web/weather/ic-weather-04d.svg,Hải Phòng,0.12581076465933233,0,-0.8733402169606295,0
2025-07-28 13:00:00+07:00,90.0,4.5,64.0,/dl/web/weather/ic-weather-04d.svg,Hải Phòng,0.4230312586258933,0,-0.9754129180752062,0
2025-07-28 14:00:00+07:00,73.0,1.9,60.0,/dl/web/weather/ic-weather-04d.svg,Hải Phòng,-0.03630950477697366,0,-1.4177279562383724,0
2025-07-28 15:00:00+07:00,69.0,1.0,59.0,/dl/web/weather/ic-weather-04d.svg,Hải Phòng,-0.14438968440117764,0,-1.5708370079102378,0
2025-07-28 16:00:00+07:00,69.0,3.1,63.0,/dl/web/weather/ic-weather-04d.svg,Hải Phòng,-0.14438968440117764,0,-1.2135825540092189,0
2025-07-28 17:00:00+07:00,62.0,8.5,70.0,/dl/web/weather/ic-weather-04d.svg,Hải Phòng,-0.3335299987435346,0,-0.2949282439780274,0
2025-07-28 18:00:00+07:00,55.0,11.6,80.0,/dl/web/weather/ic-weather-04d.svg,Hải Phòng,-0.5226703130858916,0,0.23244737844728616,0
2025-07-28 19:00:00+07:00,74.0,11.5,80.0,/dl/web/weather/ic-weather-04d.svg,Hải Phòng,-0.00928945987092266,0,0.21543526159485674,0
2025-07-28 20:00:00+07:00,58.0,9.8,83.0,/dl/web/weather/ic-weather-04n.svg,Hải Phòng,-0.4416101783677386,0,-0.07377072489644415,0
2025-07-28 21:00:00+07:00,58.0,10.0,85.0,/dl/web/weather/ic-weather-10n.svg,Hải Phòng,-0.4416101783677386,0,-0.03974649119158533,0
2025-07-28 22:00:00+07:00,71.0,6.4,86.0,/dl/web/weather/ic-weather-04n.svg,Hải Phòng,-0.09034959458907565,0,-0.6521826978790463,0
2025-07-28 23:00:00+07:00,69.0,4.7,85.0,/dl/web/weather/ic-weather-04n.svg,Hải Phòng,-0.14438968440117764,0,-0.9413886843703473,0
2025-07-29 00:00:00+07:00,76.0,0.8,87.0,/dl/web/weather/ic-weather-04n.svg,Hải Phòng,0.04475062994117933,0,-1.6048612416150967,0
2025-07-29 01:00:00+07:00,79.0,3.7,87.0,/dl/web/weather/ic-weather-03n.svg,Hải Phòng,0.12581076465933233,0,-1.111509852894642,0
2025-07-29 02:00:00+07:00,71.0,3.1,85.0,/dl/web/weather/ic-weather-01n.svg,Hải Phòng,-0.09034959458907565,0,-1.2135825540092189,0
2025-07-29 03:00:00+07:00,56.0,4.7,88.0,/dl/web/weather/ic-weather-02n.svg,Hải Phòng,-0.4956502681798406,0,-0.9413886843703473,0
2025-07-29 04:00:00+07:00,55.0,2.6,85.0,/dl/web/weather/ic-weather-03n.svg,Hải Phòng,-0.5226703130858916,0,-1.2986431382713663,0
2025-07-29 05:00:00+07:00,57.0,2.6,85.0,/dl/web/weather/ic-weather-04n.svg,Hải Phòng,-0.4686302232737896,0,-1.2986431382713663,0
2025-07-29 06:00:00+07:00,65.0,1.1,86.0,/dl/web/weather/ic-weather-04d.svg,Hải Phòng,-0.25246986402538163,0,-1.5538248910578083,0
2025-07-29 07:00:00+07:00,65.0,1.4,83.0,/dl/web/weather/ic-weather-04d.svg,Hải Phòng,-0.25246986402538163,0,-1.50278854050052,0
2025-07-29 08:00:00+07:00,68.0,3.4,74.0,/dl/web/weather/ic-weather-03d.svg,Hải Phòng,-0.17140972930722864,0,-1.1625462034519305,0
2025-07-29 09:00:00+07:00,74.0,5.5,68.0,/dl/web/weather/ic-weather-04d.svg,Hải Phòng,-0.00928945987092266,0,-0.8052917495509115,0
2025-07-29 10:00:00+07:00,76.0,6.6,64.0,/dl/web/weather/ic-weather-04d.svg,Hải Phòng,0.04475062994117933,0,-0.6181584641741874,0
2025-07-29 11:00:00+07:00,75.0,7.2,61.0,/dl/web/weather/ic-weather-04d.svg,Hải Phòng,0.017730585035128334,0,-0.5160857630596105,0
2025-07-29 12:00:00+07:00,75.0,7.4,59.0,/dl/web/weather/ic-weather-04d.svg,Hải Phòng,0.017730585035128334,0,-0.48206152935475155,0
2025-07-29 13:00:00+07:00,76.0,8.0,57.0,/dl/web/weather/ic-weather-04d.svg,Hải Phòng,0.04475062994117933,0,-0.37998882824017477,0
2025-07-29 14:00:00+07:00,73.0,10.9,60.0,/dl/web/weather/ic-weather-04d.svg,Hải Phòng,-0.03630950477697366,0,0.11336256048027997,0
2025-07-29 15:00:00+07:00,76.0,13.0,63.0,/dl/web/weather/ic-weather-04d.svg,Hải Phòng,0.04475062994117933,0,0.4706170143812988,0
2025-07-29 16:00:00+07:00,77.0,14.5,66.0,/dl/web/weather/ic-weather-04d.svg,Hải Phòng,0.07177067484723033,0,0.7257987671677408,0
2025-07-29 17:00:00+07:00,72.0,14.5,74.0,/dl/web/weather/ic-weather-04d.svg,Hải Phòng,-0.06332954968302465,0,0.7257987671677408,0
2025-07-29 18:00:00+07:00,71.0,11.1,82.0,/dl/web/weather/ic-weather-10d.svg,Hải Phòng,-0.09034959458907565,0,0.14738679418513878,0
2025-07-29 19:00:00+07:00,96.0,8.5,84.0,/dl/web/weather/ic-weather-04n.svg,Hải Phòng,0.5851515280621993,0,-0.2949282439780274,0
2025-07-29 20:00:00+07:00,72.0,8.4,83.0,/dl/web/weather/ic-weather-04n.svg,Hải Phòng,-0.06332954968302465,0,-0.31194036083045684,0
2025-07-29 21:00:00+07:00,72.0,7.6,83.0,/dl/web/weather/ic-weather-04n.svg,Hải Phòng,-0.06332954968302465,0,-0.4480372956498927,0
2025-07-29 22:00:00+07:00,56.0,5.5,83.0,/dl/web/weather/ic-weather-04n.svg,Hải Phòng,-0.4956502681798406,0,-0.8052917495509115,0
2025-07-29 23:00:00+07:00,56.0,4.0,84.0,/dl/web/weather/ic-weather-04n.svg,Hải Phòng,-0.4956502681798406,0,-1.0604735023373537,0
2025-07-30 00:00:00+07:00,56.0,5.0,85.0,/dl/web/weather/ic-weather-04n.svg,Hải Phòng,-0.4956502681798406,0,-0.8903523338130589,0
2025-07-30 01:00:00+07:00,56.0,6.4,85.0,/dl/web/weather/ic-weather-04n.svg,Hải Phòng,-0.4956502681798406,0,-0.6521826978790463,0
2025-07-30 02:00:00+07:00,28.0,4.0,89.0,/dl/web/weather/ic-weather-04n.svg,Hải Phòng,-1.2522115255492685,0,-1.0604735023373537,0
2025-07-30 03:00:00+07:00,22.0,6.3,89.0,/dl/web/weather/ic-weather-04n.svg,Hải Phòng,-1.4143317949855745,0,-0.6691948147314758,0
2025-07-30 04:00:00+07:00,22.0,5.3,89.0,/dl/web/weather/ic-weather-04n.svg,Hải Phòng,-1.4143317949855745,0,-0.8393159832557705,0
2025-07-30 05:00:00+07:00,44.0,4.7,89.0,/dl/web/weather/ic-weather-04n.svg,Hải Phòng,-0.8198908070524525,0,-0.9413886843703473,0
2025-07-30 06:00:00+07:00,39.0,4.7,88.0,/dl/web/weather/ic-weather-04d.svg,Hải Phòng,-0.9549910315827075,0,-0.9413886843703473,0
2025-07-30 07:00:00+07:00,22.0,3.1,83.0,/dl/web/weather/ic-weather-04d.svg,Hải Phòng,-1.4143317949855745,0,-1.2135825540092189,0
2025-07-30 08:00:00+07:00,42.0,2.7,78.0,/dl/web/weather/ic-weather-04d.svg,Hải Phòng,-0.8739308968645545,0,-1.2816310214189368,0
2025-07-30 09:00:00+07:00,47.0,2.4,70.0,/dl/web/weather/ic-weather-04d.svg,Hải Phòng,-0.7388306723342996,0,-1.3326673719762252,0
2025-07-30 10:00:00+07:00,47.0,4.3,64.0,/dl/web/weather/ic-weather-04d.svg,Hải Phòng,-0.7388306723342996,0,-1.0094371517800653,0
2025-07-30 11:00:00+07:00,50.0,6.9,61.0,/dl/web/weather/ic-weather-04d.svg,Hải Phòng,-0.6577705376161466,0,-0.5671221136168989,0
2025-07-30 12:00:00+07:00,50.0,8.2,59.0,/dl/web/weather/ic-weather-04d.svg,Hải Phòng,-0.6577705376161466,0,-0.3459645945353159,0
2025-07-30 13:00:00+07:00,33.0,7.7,57.0,/dl/web/weather/ic-weather-04d.svg,Hải Phòng,-1.1171113010190135,0,-0.43102517879746316,0
2025-07-30 14:00:00+07:00,25.0,6.9,55.0,/dl/web/weather/ic-weather-04d.svg,Hải Phòng,-1.3332716602674215,0,-0.5671221136168989,0
2025-07-30 15:00:00+07:00,28.0,7.7,57.0,/dl/web/weather/ic-weather-04d.svg,Hải Phòng,-1.2522115255492685,0,-0.43102517879746316,0
2025-07-30 16:00:00+07:00,53.0,10.3,65.0,/dl/web/weather/ic-weather-04d.svg,Hải Phòng,-0.5767104028979936,0,0.011289859365703201,0
2025-07-30 17:00:00+07:00,57.0,11.7,72.0,/dl/web/weather/ic-weather-04d.svg,Hải Phòng,-0.4686302232737896,0,0.24945949529971556,0
2025-07-30 18:00:00+07:00,61.0,12.1,79.0,/dl/web/weather/ic-weather-04d.svg,Hải Phòng,-0.3605500436495856,0,0.3175079627094335,0
2025-07-30 19:00:00+07:00,73.0,9.7,83.0,/dl/web/weather/ic-weather-04n.svg,Hải Phòng,-0.03630950477697366,0,-0.09078284174887387,0
2025-07-30 20:00:00+07:00,77.0,7.4,82.0,/dl/web/weather/ic-weather-10n.svg,Hải Phòng,0.07177067484723033,0,-0.48206152935475155,0
2025-07-30 21:00:00+07:00,65.0,7.6,81.0,/dl/web/weather/ic-weather-10n.svg,Hải Phòng,-0.25246986402538163,0,-0.4480372956498927,0
2025-07-30 22:00:00+07:00,68.0,6.8,87.0,/dl/web/weather/ic-weather-10n.svg,Hải Phòng,-0.17140972930722864,0,-0.5841342304693284,0
2025-07-30 23:00:00+07:00,60.0,6.0,88.0,/dl/web/weather/ic-weather-10n.svg,Hải Phòng,-0.3875700885556366,0,-0.7202311652887642,0
2025-07-31 00:00:00+07:00,63.0,5.8,88.0,/dl/web/weather/ic-weather-10n.svg,Hải Phòng,-0.30650995383748364,0,-0.7542553989936231,0
2025-07-31 01:00:00+07:00,55.0,5.0,87.0,/dl/web/weather/ic-weather-10n.svg,Hải Phòng,-0.5226703130858916,0,-0.8903523338130589,0
2025-07-31 02:00:00+07:00,59.0,5.0,88.0,/dl/web/weather/ic-weather-04n.svg,Hải Phòng,-0.4145901334616876,0,-0.8903523338130589,0
2025-07-31 03:00:00+07:00,62.0,5.0,88.0,/dl/web/weather/ic-weather-04n.svg,Hải Phòng,-0.3335299987435346,0,-0.8903523338130589,0
2025-07-31 04:00:00+07:00,73.0,2.7,88.0,/dl/web/weather/ic-weather-04n.svg,Hải Phòng,-0.03630950477697366,0,-1.2816310214189368,0
2025-07-31 05:00:00+07:00,72.0,2.9,89.0,/dl/web/weather/ic-weather-04n.svg,Hải Phòng,-0.06332954968302465,0,-1.2476067877140777,0
2025-07-31 06:00:00+07:00,75.0,2.6,93.0,/dl/web/weather/ic-weather-04d.svg,Hải Phòng,0.017730585035128334,0,-1.2986431382713663,0
2025-07-31 07:00:00+07:00,81.0,1.4,88.0,/dl/web/weather/ic-weather-04d.svg,Hải Phòng,0.1798508544714343,0,-1.50278854050052,0
2025-07-31 08:00:00+07:00,101.0,3.0,82.0,/dl/web/weather/ic-weather-04d.svg,Hải Phòng,0.7202517525924542,0,-1.2305946708616484,0
2025-07-31 09:00:00+07:00,102.0,6.1,77.0,/dl/web/weather/ic-weather-04d.svg,Hải Phòng,0.7472717974985053,0,-0.7032190484363348,0
2025-07-31 10:00:00+07:00,87.0,8.4,76.0,/dl/web/weather/ic-weather-04d.svg,Hải Phòng,0.3419711239077403,0,-0.31194036083045684,0
2025-07-31 11:00:00+07:00,75.0,11.3,75.0,/dl/web/weather/ic-weather-04d.svg,Hải Phòng,0.017730585035128334,0,0.1814110278899979,0
2025-07-31 12:00:00+07:00,75.0,11.9,71.0,/dl/web/weather/ic-weather-04d.svg,Hải Phòng,0.017730585035128334,0,0.2834837290045747,0
2025-07-31 13:00:00+07:00,80.0,10.6,64.0,/dl/web/weather/ic-weather-04d.svg,Hải Phòng,0.1528308095653833,0,0.062326209922991434,0
2025-07-31 14:00:00+07:00,91.0,11.1,67.0,/dl/web/weather/ic-weather-04d.svg,Hải Phòng,0.4500513035319443,0,0.14738679418513878,0
2025-07-31 15:00:00+07:00,101.0,10.8,64.0,/dl/web/weather/ic-weather-04d.svg,Hải Phòng,0.7202517525924542,0,0.09635044362785056,0
2025-07-31 16:00:00+07:00,108.0,9.7,66.0,/dl/web/weather/ic-weather-04d.svg,Hải Phòng,0.9093920669348112,0,-0.09078284174887387,0
2025-07-31 17:00:00+07:00,124.0,10.9,69.0,/dl/web/weather/ic-weather-04d.svg,Hải Phòng,1.341712785431627,0,0.11336256048027997,0
2025-07-31 18:00:00+07:00,105.0,13.7,79.0,/dl/web/weather/ic-weather-04d.svg,Hải Phòng,0.8283319322166582,0,0.589701832348305,0
2025-07-31 19:00:00+07:00,127.0,13.7,85.0,/dl/web/weather/ic-weather-04n.svg,Hải Phòng,1.42277292014978,0,0.589701832348305,0
2025-07-31 20:00:00+07:00,82.0,10.5,94.0,/dl/web/weather/ic-weather-04n.svg,Hải Phòng,0.20687089937748532,0,0.04531409307056202,0
2025-07-31 21:00:00+07:00,87.0,3.2,91.0,/dl/web/weather/ic-weather-04n.svg,Hải Phòng,0.3419711239077403,0,-1.1965704371567893,0
2025-07-31 22:00:00+07:00,84.0,5.8,92.0,/dl/web/weather/ic-weather-04n.svg,Hải Phòng,0.26091098918958733,0,-0.7542553989936231,0
2025-07-31 23:00:00+07:00,124.0,9.2,90.0,/dl/web/weather/ic-weather-04n.svg,Hải Phòng,1.341712785431627,0,-0.17584342601102124,0
2025-08-01 00:00:00+07:00,110.0,9.5,81.0,/dl/web/weather/ic-weather-10n.svg,Hải Phòng,0.9634321567469132,0,-0.1248070754537327,0
2025-08-01 01:00:00+07:00,81.0,5.0,86.0,/dl/web/weather/ic-weather-04n.svg,Hải Phòng,0.1798508544714343,0,-0.8903523338130589,0
2025-08-01 02:00:00+07:00,81.0,4.7,84.0,/dl/web/weather/ic-weather-10n.svg,Hải Phòng,0.1798508544714343,0,-0.9413886843703473,0
2025-08-01 03:00:00+07:00,81.0,3.2,89.0,/dl/web/weather/ic-weather-10n.svg,Hải Phòng,0.1798508544714343,0,-1.1965704371567893,0
2025-08-01 04:00:00+07:00,81.0,4.8,93.0,/dl/web/weather/ic-weather-10n.svg,Hải Phòng,0.1798508544714343,0,-0.9243765675179179,0
2025-08-01 05:00:00+07:00,60.0,6.6,89.0,/dl/web/weather/ic-weather-10n.svg,Hải Phòng,-0.3875700885556366,0,-0.6181584641741874,0
2025-08-01 06:00:00+07:00,44.0,8.7,93.0,/dl/web/weather/ic-weather-04d.svg,Hải Phòng,-0.8198908070524525,0,-0.26090401027316856,0
2025-08-01 07:00:00+07:00,66.0,10.3,92.0,/dl/web/weather/ic-weather-04d.svg,Hải Phòng,-0.22544981911933062,0,0.011289859365703201,0
2025-08-01 08:00:00+07:00,85.0,11.3,89.0,/dl/web/weather/ic-weather-10d.svg,Hải Phòng,0.2879310340956383,0,0.1814110278899979,0
2025-08-01 09:00:00+07:00,91.0,13.0,83.0,/dl/web/weather/ic-weather-04d.svg,Hải Phòng,0.4500513035319443,0,0.4706170143812988,0
2025-08-01 10:00:00+07:00,84.0,14.5,84.0,/dl/web/weather/ic-weather-04d.svg,Hải Phòng,0.26091098918958733,0,0.7257987671677408,0
2025-08-01 11:00:00+07:00,71.0,15.3,75.0,/dl/web/weather/ic-weather-04d.svg,Hải Phòng,-0.09034959458907565,0,0.8618957019871768,0
2025-08-01 12:00:00+07:00,72.0,13.2,67.0,/dl/web/weather/ic-weather-04d.svg,Hải Phòng,-0.06332954968302465,0,0.5046412480861576,0
2025-08-01 13:00:00+07:00,72.0,11.7,74.0,/dl/web/weather/ic-weather-04d.svg,Hải Phòng,-0.06332954968302465,0,0.24945949529971556,0
2025-08-13 15:00:00+07:00,28.0,28.0,28.0,/dl/web/weather/ic-weather-10d.svg,Hải Phòng,-1.2522115255492685,0,3.0224345422457195,-1
2025-08-13 16:00:00+07:00,33.0,33.0,33.0,/dl/web/weather/ic-weather-10d.svg,Hải Phòng,-1.1171113010190135,0,3.8730403848671933,-1
2025-08-13 17:00:00+07:00,28.0,28.0,28.0,/dl/web/weather/ic-weather-04d.svg,Hải Phòng,-1.2522115255492685,0,3.0224345422457195,-1
2025-08-13 18:00:00+07:00,22.0,22.0,22.0,/dl/web/weather/ic-weather-04d.svg,Hải Phòng,-1.4143317949855745,0,2.0017075310999513,0
2025-08-13 19:00:00+07:00,39.0,39.0,39.0,/dl/web/weather/ic-weather-04n.svg,Hải Phòng,-0.9549910315827075,0,4.8937673960129615,-1
2025-08-13 20:00:00+07:00,53.0,53.0,53.0,/dl/web/weather/ic-weather-04n.svg,Hải Phòng,-0.5767104028979936,0,7.275463755353087,-1
2025-08-13 21:00:00+07:00,53.0,53.0,53.0,/dl/web/weather/ic-weather-04n.svg,Hải Phòng,-0.5767104028979936,0,7.275463755353087,-1
2025-08-13 22:00:00+07:00,44.0,44.0,44.0,/dl/web/weather/ic-weather-04n.svg,Hải Phòng,-0.8198908070524525,0,5.744373238634435,-1
2025-08-13 23:00:00+07:00,53.0,53.0,53.0,/dl/web/weather/ic-weather-04n.svg,Hải Phòng,-0.5767104028979936,0,7.275463755353087,-1
2025-08-14 00:00:00+07:00,50.0,50.0,50.0,/dl/web/weather/ic-weather-04n.svg,Hải Phòng,-0.6577705376161466,0,6.765100249780203,-1
2025-08-14 01:00:00+07:00,52.0,52.0,52.0,/dl/web/weather/ic-weather-04n.svg,Hải Phòng,-0.6037304478040446,0,7.105342586828793,-1
2025-08-14 02:00:00+07:00,52.0,52.0,52.0,/dl/web/weather/ic-weather-04n.svg,Hải Phòng,-0.6037304478040446,0,7.105342586828793,-1
2025-08-14 03:00:00+07:00,42.0,42.0,42.0,/dl/web/weather/ic-weather-03n.svg,Hải Phòng,-0.8739308968645545,0,5.404130901585845,-1
2025-08-14 04:00:00+07:00,53.0,53.0,53.0,/dl/web/weather/ic-weather-10n.svg,Hải Phòng,-0.5767104028979936,0,7.275463755353087,-1
2025-08-14 05:00:00+07:00,62.0,62.0,62.0,/dl/web/weather/ic-weather-10n.svg,Hải Phòng,-0.3335299987435346,0,8.80655427207174,-1
2025-08-14 06:00:00+07:00,69.0,69.0,69.0,/dl/web/weather/ic-weather-10d.svg,Hải Phòng,-0.14438968440117764,0,9.997402451741802,-1
2025-08-14 07:00:00+07:00,44.0,44.0,44.0,/dl/web/weather/ic-weather-04d.svg,Hải Phòng,-0.8198908070524525,0,5.744373238634435,-1
2025-08-14 09:00:00+07:00,58.0,58.0,58.0,/dl/web/weather/ic-weather-10d.svg,Hải Phòng,-0.4416101783677386,0,8.126069597974562,-1
2025-08-14 10:00:00+07:00,69.0,69.0,69.0,/dl/web/weather/ic-weather-04d.svg,Hải Phòng,-0.14438968440117764,0,9.997402451741802,-1
2025-08-14 11:00:00+07:00,67.0,67.0,67.0,/dl/web/weather/ic-weather-04d.svg,Hải Phòng,-0.19842977421327965,0,9.657160114693214,-1
2025-08-14 12:00:00+07:00,64.0,64.0,64.0,/dl/web/weather/ic-weather-10d.svg,Hải Phòng,-0.2794899089314326,0,9.14679660912033,-1
2025-08-14 13:00:00+07:00,74.0,74.0,74.0,/dl/web/weather/ic-weather-04d.svg,Hải Phòng,-0.00928945987092266,0,10.848008294363277,-1
2025-08-14 14:00:00+07:00,78.0,33.36,64.0,/dl/web/weather/ic-weather-04d.svg,Hải Phòng,0.09879071975328133,0,3.934284005535939,-1
2025-08-14 15:00:00+07:00,78.0,6.5,64.0,/dl/web/weather/ic-weather-04d.svg,Hải Phòng,0.09879071975328133,0,-0.6351705810266168,0
2025-08-14 16:00:00+07:00,79.0,8.6,62.0,/dl/web/weather/ic-weather-04d.svg,Hải Phòng,0.12581076465933233,0,-0.277916127125598,0
2025-08-14 17:00:00+07:00,86.0,8.3,67.0,/dl/web/weather/ic-weather-04d.svg,Hải Phòng,0.3149510790016893,0,-0.3289524776828862,0
2025-08-14 18:00:00+07:00,88.0,10.5,75.0,/dl/web/weather/ic-weather-04d.svg,Hải Phòng,0.3689911688137913,0,0.04531409307056202,0
2025-08-14 19:00:00+07:00,99.0,5.7,75.0,/dl/web/weather/ic-weather-04n.svg,Hải Phòng,0.6662116627803523,0,-0.7712675158460526,0
2025-08-14 20:00:00+07:00,74.0,5.4,77.0,/dl/web/weather/ic-weather-10n.svg,Hải Phòng,-0.00928945987092266,0,-0.822303866403341,0
2025-08-14 21:00:00+07:00,74.0,5.3,79.0,/dl/web/weather/ic-weather-10n.svg,Hải Phòng,-0.00928945987092266,0,-0.8393159832557705,0
2025-08-14 22:00:00+07:00,69.0,5.4,82.0,/dl/web/weather/ic-weather-10n.svg,Hải Phòng,-0.14438968440117764,0,-0.822303866403341,0
2025-08-14 23:00:00+07:00,69.0,5.7,83.0,/dl/web/weather/ic-weather-04n.svg,Hải Phòng,-0.14438968440117764,0,-0.7712675158460526,0
2025-08-15 00:00:00+07:00,68.0,5.6,84.0,/dl/web/weather/ic-weather-04n.svg,Hải Phòng,-0.17140972930722864,0,-0.7882796326984821,0
2025-08-15 01:00:00+07:00,55.0,6.5,84.0,/dl/web/weather/ic-weather-04n.svg,Hải Phòng,-0.5226703130858916,0,-0.6351705810266168,0
2025-08-15 02:00:00+07:00,81.0,6.0,85.0,/dl/web/weather/ic-weather-04n.svg,Hải Phòng,0.1798508544714343,0,-0.7202311652887642,0
2025-08-15 03:00:00+07:00,56.0,6.4,86.0,/dl/web/weather/ic-weather-10n.svg,Hải Phòng,-0.4956502681798406,0,-0.6521826978790463,0
2025-08-15 04:00:00+07:00,58.0,6.7,97.0,/dl/web/weather/ic-weather-10n.svg,Hải Phòng,-0.4416101783677386,0,-0.6011463473217579,0
2025-08-15 05:00:00+07:00,31.0,6.8,97.0,/dl/web/weather/ic-weather-10n.svg,Hải Phòng,-1.1711513908311155,0,-0.5841342304693284,0
2025-08-15 06:00:00+07:00,11.0,7.1,89.0,/dl/web/weather/ic-weather-10d.svg,Hải Phòng,-1.7115522889521355,0,-0.53309787991204,0
2025-08-15 07:00:00+07:00,25.0,8.0,90.0,/dl/web/weather/ic-weather-10d.svg,Hải Phòng,-1.3332716602674215,0,-0.37998882824017477,0
2025-08-15 09:00:00+07:00,39.0,8.1,92.0,/dl/web/weather/ic-weather-10d.svg,Hải Phòng,-0.9549910315827075,0,-0.36297671138774534,0
2025-08-15 10:00:00+07:00,31.0,9.1,92.0,/dl/web/weather/ic-weather-04d.svg,Hải Phòng,-1.1711513908311155,0,-0.19285554286345064,0
2025-08-15 11:00:00+07:00,31.0,9.4,82.0,/dl/web/weather/ic-weather-10d.svg,Hải Phòng,-1.1711513908311155,0,-0.1418191923061621,0
2025-08-15 12:00:00+07:00,22.0,10.0,87.0,/dl/web/weather/ic-weather-10d.svg,Hải Phòng,-1.4143317949855745,0,-0.03974649119158533,0
2025-08-15 13:00:00+07:00,22.0,7.6,84.0,/dl/web/weather/ic-weather-04d.svg,Hải Phòng,-1.4143317949855745,0,-0.4480372956498927,0
2025-08-15 14:00:00+07:00,33.0,7.5,85.0,/dl/web/weather/ic-weather-10d.svg,Hải Phòng,-1.1171113010190135,0,-0.4650494125023221,0
2025-08-15 15:00:00+07:00,44.0,7.2,84.0,/dl/web/weather/ic-weather-10d.svg,Hải Phòng,-0.8198908070524525,0,-0.5160857630596105,0
2025-08-15 16:00:00+07:00,31.0,7.6,86.0,/dl/web/weather/ic-weather-04d.svg,Hải Phòng,-1.1711513908311155,0,-0.4480372956498927,0
2025-08-15 17:00:00+07:00,17.0,7.1,84.0,/dl/web/weather/ic-weather-10d.svg,Hải Phòng,-1.5494320195158295,0,-0.53309787991204,0
2025-08-15 18:00:00+07:00,17.0,4.6,86.0,/dl/web/weather/ic-weather-04d.svg,Hải Phòng,-1.5494320195158295,0,-0.9584008012227768,0
2025-08-15 19:00:00+07:00,31.0,4.9,86.0,/dl/web/weather/ic-weather-04n.svg,Hải Phòng,-1.1711513908311155,0,-0.9073644506654883,0
2025-08-15 20:00:00+07:00,42.0,4.5,88.0,/dl/web/weather/ic-weather-04n.svg,Hải Phòng,-0.8739308968645545,0,-0.9754129180752062,0
2025-08-15 21:00:00+07:00,42.0,3.3,84.0,/dl/web/weather/ic-weather-04n.svg,Hải Phòng,-0.8739308968645545,0,-1.17955832030436,0
2025-08-15 22:00:00+07:00,33.0,3.4,89.0,/dl/web/weather/ic-weather-04n.svg,Hải Phòng,-1.1171113010190135,0,-1.1625462034519305,0
2025-08-15 23:00:00+07:00,44.0,4.3,89.0,/dl/web/weather/ic-weather-04n.svg,Hải Phòng,-0.8198908070524525,0,-1.0094371517800653,0
2025-08-16 00:00:00+07:00,31.0,4.6,89.0,/dl/web/weather/ic-weather-04n.svg,Hải Phòng,-1.1711513908311155,0,-0.9584008012227768,0
2025-08-16 01:00:00+07:00,50.0,6.2,91.0,/dl/web/weather/ic-weather-04n.svg,Hải Phòng,-0.6577705376161466,0,-0.6862069315839052,0
2025-08-16 02:00:00+07:00,50.0,4.1,92.0,/dl/web/weather/ic-weather-10n.svg,Hải Phòng,-0.6577705376161466,0,-1.0434613854849242,0
2025-08-16 03:00:00+07:00,58.0,4.4,95.0,/dl/web/weather/ic-weather-10n.svg,Hải Phòng,-0.4416101783677386,0,-0.9924250349276357,0
2025-08-16 04:00:00+07:00,54.0,3.9,92.0,/dl/web/weather/ic-weather-10n.svg,Hải Phòng,-0.5496903579919425,0,-1.077485619189783,0
2025-08-16 05:00:00+07:00,47.0,4.9,94.0,/dl/web/weather/ic-weather-10n.svg,Hải Phòng,-0.7388306723342996,0,-0.9073644506654883,0
2025-08-16 06:00:00+07:00,39.0,6.0,90.0,/dl/web/weather/ic-weather-10d.svg,Hải Phòng,-0.9549910315827075,0,-0.7202311652887642,0
2025-08-16 07:00:00+07:00,36.0,5.4,92.0,/dl/web/weather/ic-weather-10d.svg,Hải Phòng,-1.0360511663008605,0,-0.822303866403341,0
2025-08-16 09:00:00+07:00,28.0,5.5,88.0,/dl/web/weather/ic-weather-10d.svg,Hải Phòng,-1.2522115255492685,0,-0.8052917495509115,0
2025-08-16 10:00:00+07:00,17.0,7.0,93.0,/dl/web/weather/ic-weather-10d.svg,Hải Phòng,-1.5494320195158295,0,-0.5501099967644695,0
2025-08-16 11:00:00+07:00,22.0,7.9,91.0,/dl/web/weather/ic-weather-04d.svg,Hải Phòng,-1.4143317949855745,0,-0.3970009450926042,0
2025-08-16 12:00:00+07:00,22.0,9.5,86.0,/dl/web/weather/ic-weather-10d.svg,Hải Phòng,-1.4143317949855745,0,-0.1248070754537327,0
2025-08-16 13:00:00+07:00,11.0,10.6,91.0,/dl/web/weather/ic-weather-10d.svg,Hải Phòng,-1.7115522889521355,0,0.062326209922991434,0
2025-08-16 14:00:00+07:00,17.0,9.6,87.0,/dl/web/weather/ic-weather-10d.svg,Hải Phòng,-1.5494320195158295,0,-0.10779495860130328,0
2025-08-16 15:00:00+07:00,28.0,9.3,96.0,/dl/web/weather/ic-weather-10d.svg,Hải Phòng,-1.2522115255492685,0,-0.1588313091585915,0
2025-08-16 16:00:00+07:00,14.0,6.8,92.0,/dl/web/weather/ic-weather-10d.svg,Hải Phòng,-1.6304921542339825,0,-0.5841342304693284,0
2025-08-16 17:00:00+07:00,14.0,6.6,92.0,/dl/web/weather/ic-weather-04d.svg,Hải Phòng,-1.6304921542339825,0,-0.6181584641741874,0
2025-08-16 18:00:00+07:00,28.0,7.4,88.0,/dl/web/weather/ic-weather-10d.svg,Hải Phòng,-1.2522115255492685,0,-0.48206152935475155,0
2025-08-16 19:00:00+07:00,17.0,7.9,89.0,/dl/web/weather/ic-weather-04n.svg,Hải Phòng,-1.5494320195158295,0,-0.3970009450926042,0
2025-08-16 20:00:00+07:00,14.0,8.1,90.0,/dl/web/weather/ic-weather-04n.svg,Hải Phòng,-1.6304921542339825,0,-0.36297671138774534,0
2025-08-16 21:00:00+07:00,19.0,5.5,98.0,/dl/web/weather/ic-weather-04n.svg,Hải Phòng,-1.4953919297037275,0,-0.8052917495509115,0
2025-08-16 22:00:00+07:00,19.0,4.9,93.0,/dl/web/weather/ic-weather-04n.svg,Hải Phòng,-1.4953919297037275,0,-0.9073644506654883,0
2025-08-16 23:00:00+07:00,36.0,4.5,98.0,/dl/web/weather/ic-weather-04n.svg,Hải Phòng,-1.0360511663008605,0,-0.9754129180752062,0
2025-08-17 01:00:00+07:00,81.0,5.1,92.0,/dl/web/weather/ic-weather-04n.svg,Hải Phòng,0.1798508544714343,0,-0.8733402169606295,0
2025-08-17 02:00:00+07:00,75.0,3.8,93.0,/dl/web/weather/ic-weather-04n.svg,Hải Phòng,0.017730585035128334,0,-1.0944977360422126,0
2025-08-17 03:00:00+07:00,66.0,2.7,93.0,/dl/web/weather/ic-weather-04n.svg,Hải Phòng,-0.22544981911933062,0,-1.2816310214189368,0
2025-08-17 04:00:00+07:00,61.0,3.2,93.0,/dl/web/weather/ic-weather-04n.svg,Hải Phòng,-0.3605500436495856,0,-1.1965704371567893,0
2025-08-17 05:00:00+07:00,62.0,4.0,93.0,/dl/web/weather/ic-weather-10n.svg,Hải Phòng,-0.3335299987435346,0,-1.0604735023373537,0
2025-08-17 06:00:00+07:00,58.0,4.6,93.0,/dl/web/weather/ic-weather-10d.svg,Hải Phòng,-0.4416101783677386,0,-0.9584008012227768,0
2025-08-17 07:00:00+07:00,73.0,5.8,91.0,/dl/web/weather/ic-weather-10d.svg,Hải Phòng,-0.03630950477697366,0,-0.7542553989936231,0
2025-08-17 09:00:00+07:00,65.0,5.2,82.0,/dl/web/weather/ic-weather-04d.svg,Hải Phòng,-0.25246986402538163,0,-0.8563281001081999,0
2025-08-17 10:00:00+07:00,58.0,5.8,78.0,/dl/web/weather/ic-weather-04d.svg,Hải Phòng,-0.4416101783677386,0,-0.7542553989936231,0
2025-08-17 11:00:00+07:00,44.0,7.7,72.0,/dl/web/weather/ic-weather-04d.svg,Hải Phòng,-0.8198908070524525,0,-0.43102517879746316,0
2025-08-17 12:00:00+07:00,44.0,9.4,68.0,/dl/web/weather/ic-weather-04d.svg,Hải Phòng,-0.8198908070524525,0,-0.1418191923061621,0
2025-08-17 13:00:00+07:00,28.0,6.1,65.0,/dl/web/weather/ic-weather-04d.svg,Hải Phòng,-1.2522115255492685,0,-0.7032190484363348,0
2025-08-17 14:00:00+07:00,31.0,5.3,65.0,/dl/web/weather/ic-weather-04d.svg,Hải Phòng,-1.1711513908311155,0,-0.8393159832557705,0
2025-08-17 15:00:00+07:00,44.0,3.9,69.0,/dl/web/weather/ic-weather-04d.svg,Hải Phòng,-0.8198908070524525,0,-1.077485619189783,0
2025-08-17 16:00:00+07:00,44.0,4.2,73.0,/dl/web/weather/ic-weather-04d.svg,Hải Phòng,-0.8198908070524525,0,-1.0264492686324946,0
2025-08-17 17:00:00+07:00,33.0,4.4,80.0,/dl/web/weather/ic-weather-04d.svg,Hải Phòng,-1.1171113010190135,0,-0.9924250349276357,0
2025-08-17 18:00:00+07:00,53.0,4.6,84.0,/dl/web/weather/ic-weather-04d.svg,Hải Phòng,-0.5767104028979936,0,-0.9584008012227768,0
2025-08-17 20:00:00+07:00,75.0,1.0,83.0,/dl/web/weather/ic-weather-10n.svg,Hải Phòng,0.017730585035128334,0,-1.5708370079102378,0
2025-08-17 21:00:00+07:00,75.0,2.1,93.0,/dl/web/weather/ic-weather-10n.svg,Hải Phòng,0.017730585035128334,0,-1.3837037225335136,0
2025-08-17 22:00:00+07:00,31.0,2.3,98.0,/dl/web/weather/ic-weather-10n.svg,Hải Phòng,-1.1711513908311155,0,-1.3496794888286547,0
2025-08-17 23:00:00+07:00,35.0,3.5,91.0,/dl/web/weather/ic-weather-10n.svg,Hải Phòng,-1.0630712112069116,0,-1.145534086599501,0
2025-08-18 00:00:00+07:00,31.0,3.6,93.0,/dl/web/weather/ic-weather-10n.svg,Hải Phòng,-1.1711513908311155,0,-1.1285219697470716,0
2025-08-18 01:00:00+07:00,44.5,3.1,98.0,/dl/web/weather/ic-weather-10n.svg,Hải Phòng,-0.8063807845994271,0,-1.2135825540092189,0
2025-08-18 02:00:00+07:00,39.0,4.9,96.0,/dl/web/weather/ic-weather-10n.svg,Hải Phòng,-0.9549910315827075,0,-0.9073644506654883,0
2025-08-18 03:00:00+07:00,61.0,4.3,99.0,/dl/web/weather/ic-weather-10n.svg,Hải Phòng,-0.3605500436495856,0,-1.0094371517800653,0
2025-08-18 04:00:00+07:00,76.0,5.0,94.0,/dl/web/weather/ic-weather-10n.svg,Hải Phòng,0.04475062994117933,0,-0.8903523338130589,0
2025-08-18 05:00:00+07:00,91.0,4.8,97.0,/dl/web/weather/ic-weather-04n.svg,Hải Phòng,0.4500513035319443,0,-0.9243765675179179,0
2025-08-18 06:00:00+07:00,139.0,5.5,96.0,/dl/web/weather/ic-weather-04d.svg,Hải Phòng,1.747013459022392,0,-0.8052917495509115,0
2025-08-18 07:00:00+07:00,147.0,6.1,93.0,/dl/web/weather/ic-weather-04d.svg,Hải Phòng,1.9631738182708,0,-0.7032190484363348,0
2025-08-18 09:00:00+07:00,82.0,5.8,84.0,/dl/web/weather/ic-weather-04d.svg,Hải Phòng,0.20687089937748532,0,-0.7542553989936231,0
2025-08-18 10:00:00+07:00,66.0,9.2,79.0,/dl/web/weather/ic-weather-10d.svg,Hải Phòng,-0.22544981911933062,0,-0.17584342601102124,0
2025-08-18 11:00:00+07:00,61.0,11.0,74.0,/dl/web/weather/ic-weather-10d.svg,Hải Phòng,-0.3605500436495856,0,0.13037467733270938,0
2025-08-18 12:00:00+07:00,59.0,10.0,77.0,/dl/web/weather/ic-weather-10d.svg,Hải Phòng,-0.4145901334616876,0,-0.03974649119158533,0
2025-08-18 13:00:00+07:00,57.0,4.4,77.0,/dl/web/weather/ic-weather-10d.svg,Hải Phòng,-0.4686302232737896,0,-0.9924250349276357,0
2025-08-18 14:00:00+07:00,60.0,3.0,84.0,/dl/web/weather/ic-weather-10d.svg,Hải Phòng,-0.3875700885556366,0,-1.2305946708616484,0
2025-08-18 15:00:00+07:00,60.0,2.4,89.0,/dl/web/weather/ic-weather-10d.svg,Hải Phòng,-0.3875700885556366,0,-1.3326673719762252,0
2025-08-18 16:00:00+07:00,60.5,3.4,92.0,/dl/web/weather/ic-weather-10d.svg,Hải Phòng,-0.3740600661026111,0,-1.1625462034519305,0
2025-08-18 17:00:00+07:00,66.0,4.7,90.0,/dl/web/weather/ic-weather-10d.svg,Hải Phòng,-0.22544981911933062,0,-0.9413886843703473,0
2025-08-18 18:00:00+07:00,74.0,4.6,99.0,/dl/web/weather/ic-weather-10d.svg,Hải Phòng,-0.00928945987092266,0,-0.9584008012227768,0
2025-08-18 19:00:00+07:00,59.83,4.3,98.0,/dl/web/weather/ic-weather-10n.svg,Hải Phòng,-0.39216349618966534,0,-1.0094371517800653,0
2025-08-18 20:00:00+07:00,55.0,3.9,97.0,/dl/web/weather/ic-weather-10n.svg,Hải Phòng,-0.5226703130858916,0,-1.077485619189783,0
2025-08-18 21:00:00+07:00,39.0,4.5,99.0,/dl/web/weather/ic-weather-10n.svg,Hải Phòng,-0.9549910315827075,0,-0.9754129180752062,0
2025-08-18 22:00:00+07:00,39.0,5.7,98.0,/dl/web/weather/ic-weather-10n.svg,Hải Phòng,-0.9549910315827075,0,-0.7712675158460526,0
2025-08-18 23:00:00+07:00,54.0,4.3,94.0,/dl/web/weather/ic-weather-10n.svg,Hải Phòng,-0.5496903579919425,0,-1.0094371517800653,0
2025-08-19 00:00:00+07:00,57.0,5.1,99.0,/dl/web/weather/ic-weather-10n.svg,Hải Phòng,-0.4686302232737896,0,-0.8733402169606295,0
2025-08-19 01:00:00+07:00,58.0,11.2,98.0,/dl/web/weather/ic-weather-10n.svg,Hải Phòng,-0.4416101783677386,0,0.1643989110375682,0
2025-08-19 02:00:00+07:00,53.0,12.3,97.0,/dl/web/weather/ic-weather-10n.svg,Hải Phòng,-0.5767104028979936,0,0.3515321964142926,0
2025-08-19 03:00:00+07:00,54.0,12.9,100.0,/dl/web/weather/ic-weather-10n.svg,Hải Phòng,-0.5496903579919425,0,0.4536048975288694,0
2025-08-19 04:00:00+07:00,58.0,13.0,100.0,/dl/web/weather/ic-weather-10n.svg,Hải Phòng,-0.4416101783677386,0,0.4706170143812988,0
2025-08-19 05:00:00+07:00,71.0,13.2,100.0,/dl/web/weather/ic-weather-10n.svg,Hải Phòng,-0.09034959458907565,0,0.5046412480861576,0
2025-08-19 06:00:00+07:00,70.0,12.3,100.0,/dl/web/weather/ic-weather-10d.svg,Hải Phòng,-0.11736963949512665,0,0.3515321964142926,0
2025-08-19 09:00:00+07:00,67.0,10.5,96.0,/dl/web/weather/ic-weather-10d.svg,Hải Phòng,-0.19842977421327965,0,0.04531409307056202,0
2025-08-19 10:00:00+07:00,44.0,9.7,93.0,/dl/web/weather/ic-weather-04d.svg,Hải Phòng,-0.8198908070524525,0,-0.09078284174887387,0
2025-08-19 11:00:00+07:00,36.0,8.9,94.0,/dl/web/weather/ic-weather-04d.svg,Hải Phòng,-1.0360511663008605,0,-0.22687977656830946,0
2025-08-19 12:00:00+07:00,22.0,6.1,90.0,/dl/web/weather/ic-weather-04d.svg,Hải Phòng,-1.4143317949855745,0,-0.7032190484363348,0
2025-08-19 13:00:00+07:00,33.0,5.5,87.0,/dl/web/weather/ic-weather-04d.svg,Hải Phòng,-1.1171113010190135,0,-0.8052917495509115,0
2025-08-19 14:00:00+07:00,50.0,3.0,84.0,/dl/web/weather/ic-weather-04d.svg,Hải Phòng,-0.6577705376161466,0,-1.2305946708616484,0
2025-08-19 15:00:00+07:00,63.0,2.6,81.0,/dl/web/weather/ic-weather-04d.svg,Hải Phòng,-0.30650995383748364,0,-1.2986431382713663,0
2025-08-19 16:00:00+07:00,66.0,1.8,80.0,/dl/web/weather/ic-weather-04d.svg,Hải Phòng,-0.22544981911933062,0,-1.434740073090802,0
2025-08-19 17:00:00+07:00,68.0,2.2,80.0,/dl/web/weather/ic-weather-04d.svg,Hải Phòng,-0.17140972930722864,0,-1.3666916056810843,0
2025-08-19 18:00:00+07:00,69.0,3.8,81.0,/dl/web/weather/ic-weather-10d.svg,Hải Phòng,-0.14438968440117764,0,-1.0944977360422126,0
2025-08-19 20:00:00+07:00,52.0,3.6,85.0,/dl/web/weather/ic-weather-04n.svg,Hải Phòng,-0.6037304478040446,0,-1.1285219697470716,0
2025-08-19 21:00:00+07:00,33.0,2.9,89.0,/dl/web/weather/ic-weather-04n.svg,Hải Phòng,-1.1171113010190135,0,-1.2476067877140777,0
2025-08-19 22:00:00+07:00,25.0,3.5,91.0,/dl/web/weather/ic-weather-04n.svg,Hải Phòng,-1.3332716602674215,0,-1.145534086599501,0
2025-08-19 23:00:00+07:00,22.0,3.0,91.0,/dl/web/weather/ic-weather-04n.svg,Hải Phòng,-1.4143317949855745,0,-1.2305946708616484,0
2025-08-20 00:00:00+07:00,31.0,3.0,91.0,/dl/web/weather/ic-weather-04n.svg,Hải Phòng,-1.1711513908311155,0,-1.2305946708616484,0
2025-08-20 01:00:00+07:00,36.0,3.2,89.0,/dl/web/weather/ic-weather-04n.svg,Hải Phòng,-1.0360511663008605,0,-1.1965704371567893,0
2025-08-20 02:00:00+07:00,39.0,2.6,91.0,/dl/web/weather/ic-weather-04n.svg,Hải Phòng,-0.9549910315827075,0,-1.2986431382713663,0
2025-08-20 03:00:00+07:00,39.0,4.2,93.0,/dl/web/weather/ic-weather-04n.svg,Hải Phòng,-0.9549910315827075,0,-1.0264492686324946,0
2025-08-20 04:00:00+07:00,33.0,5.7,90.0,/dl/web/weather/ic-weather-04n.svg,Hải Phòng,-1.1171113010190135,0,-0.7712675158460526,0
2025-08-20 05:00:00+07:00,22.0,6.0,90.0,/dl/web/weather/ic-weather-04n.svg,Hải Phòng,-1.4143317949855745,0,-0.7202311652887642,0
2025-08-20 06:00:00+07:00,25.0,6.2,94.0,/dl/web/weather/ic-weather-04d.svg,Hải Phòng,-1.3332716602674215,0,-0.6862069315839052,0
2025-08-20 08:00:00+07:00,33.0,11.7,85.0,/dl/web/weather/ic-weather-04d.svg,Hải Phòng,-1.1171113010190135,0,0.24945949529971556,0
2025-08-20 10:00:00+07:00,31.0,10.4,84.0,/dl/web/weather/ic-weather-04d.svg,Hải Phòng,-1.1711513908311155,0,0.028301976218132612,0
2025-08-20 11:00:00+07:00,33.0,8.8,84.0,/dl/web/weather/ic-weather-04d.svg,Hải Phòng,-1.1171113010190135,0,-0.24389189342073886,0
2025-08-20 12:00:00+07:00,28.0,8.0,84.0,/dl/web/weather/ic-weather-04d.svg,Hải Phòng,-1.2522115255492685,0,-0.37998882824017477,0
2025-08-20 13:00:00+07:00,28.0,8.9,80.0,/dl/web/weather/ic-weather-04d.svg,Hải Phòng,-1.2522115255492685,0,-0.22687977656830946,0
2025-08-20 14:00:00+07:00,28.0,9.6,81.0,/dl/web/weather/ic-weather-04d.svg,Hải Phòng,-1.2522115255492685,0,-0.10779495860130328,0
2025-08-20 15:00:00+07:00,33.0,9.6,85.0,/dl/web/weather/ic-weather-04d.svg,Hải Phòng,-1.1171113010190135,0,-0.10779495860130328,0
2025-08-20 16:00:00+07:00,33.0,8.8,86.0,/dl/web/weather/ic-weather-04d.svg,Hải Phòng,-1.1171113010190135,0,-0.24389189342073886,0
2025-08-20 17:00:00+07:00,44.0,9.1,87.0,/dl/web/weather/ic-weather-04d.svg,Hải Phòng,-0.8198908070524525,0,-0.19285554286345064,0
2025-08-20 18:00:00+07:00,42.0,9.0,88.0,/dl/web/weather/ic-weather-04d.svg,Hải Phòng,-0.8739308968645545,0,-0.20986765971588006,0
2025-08-20 19:00:00+07:00,50.0,9.0,88.0,/dl/web/weather/ic-weather-04n.svg,Hải Phòng,-0.6577705376161466,0,-0.20986765971588006,0
2025-08-20 20:00:00+07:00,50.0,7.8,90.0,/dl/web/weather/ic-weather-04n.svg,Hải Phòng,-0.6577705376161466,0,-0.41401306194503373,0
2025-08-20 21:00:00+07:00,52.0,6.7,91.0,/dl/web/weather/ic-weather-04n.svg,Hải Phòng,-0.6037304478040446,0,-0.6011463473217579,0
2025-08-20 22:00:00+07:00,53.0,6.2,92.0,/dl/web/weather/ic-weather-04n.svg,Hải Phòng,-0.5767104028979936,0,-0.6862069315839052,0
2025-08-20 23:00:00+07:00,61.0,6.4,92.0,/dl/web/weather/ic-weather-04n.svg,Hải Phòng,-0.3605500436495856,0,-0.6521826978790463,0
2025-08-21 00:00:00+07:00,64.0,7.0,91.0,/dl/web/weather/ic-weather-04n.svg,Hải Phòng,-0.2794899089314326,0,-0.5501099967644695,0
2025-08-21 01:00:00+07:00,61.0,7.2,91.0,/dl/web/weather/ic-weather-04n.svg,Hải Phòng,-0.3605500436495856,0,-0.5160857630596105,0
2025-08-21 02:00:00+07:00,61.0,15.3,91.0,/dl/web/weather/ic-weather-04n.svg,Hải Phòng,-0.3605500436495856,0,0.8618957019871768,0
2025-08-21 03:00:00+07:00,60.0,11.7,90.0,/dl/web/weather/ic-weather-04n.svg,Hải Phòng,-0.3875700885556366,0,0.24945949529971556,0
2025-08-21 04:00:00+07:00,61.0,14.6,90.0,/dl/web/weather/ic-weather-04n.svg,Hải Phòng,-0.3605500436495856,0,0.7428108840201703,0
2025-08-21 05:00:00+07:00,64.0,9.5,90.0,/dl/web/weather/ic-weather-10n.svg,Hải Phòng,-0.2794899089314326,0,-0.1248070754537327,0
2025-08-21 06:00:00+07:00,66.0,10.8,93.0,/dl/web/weather/ic-weather-10d.svg,Hải Phòng,-0.22544981911933062,0,0.09635044362785056,0
2025-08-21 08:00:00+07:00,64.0,13.0,88.0,/dl/web/weather/ic-weather-10d.svg,Hải Phòng,-0.2794899089314326,0,0.4706170143812988,0
2025-08-21 10:00:00+07:00,75.0,12.9,85.0,/dl/web/weather/ic-weather-10d.svg,Hải Phòng,0.017730585035128334,0,0.4536048975288694,0
2025-08-21 11:00:00+07:00,63.0,12.6,85.0,/dl/web/weather/ic-weather-10d.svg,Hải Phòng,-0.30650995383748364,0,0.40256854697158084,0
2025-08-21 12:00:00+07:00,61.0,12.1,89.0,/dl/web/weather/ic-weather-10d.svg,Hải Phòng,-0.3605500436495856,0,0.3175079627094335,0
2025-08-21 13:00:00+07:00,57.0,11.1,88.0,/dl/web/weather/ic-weather-04d.svg,Hải Phòng,-0.4686302232737896,0,0.14738679418513878,0
2025-08-21 14:00:00+07:00,56.0,10.9,83.0,/dl/web/weather/ic-weather-04d.svg,Hải Phòng,-0.4956502681798406,0,0.11336256048027997,0
2025-08-21 15:00:00+07:00,57.0,10.8,80.0,/dl/web/weather/ic-weather-04d.svg,Hải Phòng,-0.4686302232737896,0,0.09635044362785056,0
2025-08-21 16:00:00+07:00,67.0,10.8,88.0,/dl/web/weather/ic-weather-04d.svg,Hải Phòng,-0.19842977421327965,0,0.09635044362785056,0
2025-08-21 17:00:00+07:00,55.0,10.8,85.0,/dl/web/weather/ic-weather-04d.svg,Hải Phòng,-0.5226703130858916,0,0.09635044362785056,0
2025-08-21 18:00:00+07:00,57.0,9.9,89.0,/dl/web/weather/ic-weather-04d.svg,Hải Phòng,-0.4686302232737896,0,-0.056758608044014745,0
2025-08-21 19:00:00+07:00,62.0,7.3,90.0,/dl/web/weather/ic-weather-04n.svg,Hải Phòng,-0.3335299987435346,0,-0.4990736462071811,0
2025-08-21 20:00:00+07:00,55.0,7.3,86.0,/dl/web/weather/ic-weather-04n.svg,Hải Phòng,-0.5226703130858916,0,-0.4990736462071811,0
2025-08-21 21:00:00+07:00,55.0,7.3,88.0,/dl/web/weather/ic-weather-04n.svg,Hải Phòng,-0.5226703130858916,0,-0.4990736462071811,0
2025-08-21 22:00:00+07:00,56.0,7.8,89.0,/dl/web/weather/ic-weather-04n.svg,Hải Phòng,-0.4956502681798406,0,-0.41401306194503373,0
2025-08-21 23:00:00+07:00,59.0,7.9,89.0,/dl/web/weather/ic-weather-04n.svg,Hải Phòng,-0.4145901334616876,0,-0.3970009450926042,0
2025-08-22 00:00:00+07:00,55.0,7.7,89.0,/dl/web/weather/ic-weather-04n.svg,Hải Phòng,-0.5226703130858916,0,-0.43102517879746316,0
2025-08-22 01:00:00+07:00,54.0,8.6,93.0,/dl/web/weather/ic-weather-04n.svg,Hải Phòng,-0.5496903579919425,0,-0.277916127125598,0
2025-08-22 02:00:00+07:00,50.0,11.3,89.0,/dl/web/weather/ic-weather-04n.svg,Hải Phòng,-0.6577705376161466,0,0.1814110278899979,0
2025-08-22 03:00:00+07:00,44.0,10.3,89.0,/dl/web/weather/ic-weather-04n.svg,Hải Phòng,-0.8198908070524525,0,0.011289859365703201,0
2025-08-22 04:00:00+07:00,50.0,9.1,89.0,/dl/web/weather/ic-weather-04n.svg,Hải Phòng,-0.6577705376161466,0,-0.19285554286345064,0
2025-08-22 05:00:00+07:00,53.0,7.6,90.0,/dl/web/weather/ic-weather-04n.svg,Hải Phòng,-0.5767104028979936,0,-0.4480372956498927,0
2025-08-22 06:00:00+07:00,55.0,6.9,91.0,/dl/web/weather/ic-weather-04d.svg,Hải Phòng,-0.5226703130858916,0,-0.5671221136168989,0
2025-08-22 08:00:00+07:00,42.0,7.4,89.0,/dl/web/weather/ic-weather-04d.svg,Hải Phòng,-0.8739308968645545,0,-0.48206152935475155,0
2025-08-22 10:00:00+07:00,22.0,8.9,82.0,/dl/web/weather/ic-weather-04d.svg,Hải Phòng,-1.4143317949855745,0,-0.22687977656830946,0
2025-08-22 11:00:00+07:00,28.0,9.8,77.0,/dl/web/weather/ic-weather-04d.svg,Hải Phòng,-1.2522115255492685,0,-0.07377072489644415,0
2025-08-22 12:00:00+07:00,25.0,9.8,76.0,/dl/web/weather/ic-weather-04d.svg,Hải Phòng,-1.3332716602674215,0,-0.07377072489644415,0
2025-08-22 13:00:00+07:00,22.0,17.8,77.0,/dl/web/weather/ic-weather-04d.svg,Hải Phòng,-1.4143317949855745,0,1.2871986232979136,0
2025-08-22 14:00:00+07:00,22.0,10.4,77.0,/dl/web/weather/ic-weather-04d.svg,Hải Phòng,-1.4143317949855745,0,0.028301976218132612,0
2025-08-22 15:00:00+07:00,22.0,10.2,78.0,/dl/web/weather/ic-weather-04d.svg,Hải Phòng,-1.4143317949855745,0,-0.005722257486726512,0
2025-08-22 16:00:00+07:00,22.0,8.5,83.0,/dl/web/weather/ic-weather-04d.svg,Hải Phòng,-1.4143317949855745,0,-0.2949282439780274,0
2025-08-22 17:00:00+07:00,44.0,7.3,81.0,/dl/web/weather/ic-weather-04d.svg,Hải Phòng,-0.8198908070524525,0,-0.4990736462071811,0
2025-08-22 18:00:00+07:00,25.0,7.2,84.0,/dl/web/weather/ic-weather-04d.svg,Hải Phòng,-1.3332716602674215,0,-0.5160857630596105,0
2025-08-22 19:00:00+07:00,33.0,6.6,84.0,/dl/web/weather/ic-weather-04n.svg,Hải Phòng,-1.1171113010190135,0,-0.6181584641741874,0
2025-08-22 20:00:00+07:00,31.0,6.6,81.0,/dl/web/weather/ic-weather-04n.svg,Hải Phòng,-1.1711513908311155,0,-0.6181584641741874,0
2025-08-22 21:00:00+07:00,28.0,6.7,83.0,/dl/web/weather/ic-weather-04n.svg,Hải Phòng,-1.2522115255492685,0,-0.6011463473217579,0
2025-08-22 22:00:00+07:00,22.0,6.5,85.0,/dl/web/weather/ic-weather-04n.svg,Hải Phòng,-1.4143317949855745,0,-0.6351705810266168,0
2025-08-22 23:00:00+07:00,17.0,6.2,83.0,/dl/web/weather/ic-weather-04n.svg,Hải Phòng,-1.5494320195158295,0,-0.6862069315839052,0
2025-08-23 00:00:00+07:00,19.0,5.8,89.0,/dl/web/weather/ic-weather-04n.svg,Hải Phòng,-1.4953919297037275,0,-0.7542553989936231,0
2025-08-23 01:00:00+07:00,25.0,4.9,90.0,/dl/web/weather/ic-weather-04n.svg,Hải Phòng,-1.3332716602674215,0,-0.9073644506654883,0
2025-08-23 02:00:00+07:00,28.0,4.2,93.0,/dl/web/weather/ic-weather-04n.svg,Hải Phòng,-1.2522115255492685,0,-1.0264492686324946,0
2025-08-23 03:00:00+07:00,28.0,3.7,93.0,/dl/web/weather/ic-weather-04n.svg,Hải Phòng,-1.2522115255492685,0,-1.111509852894642,0
2025-08-23 04:00:00+07:00,39.0,3.5,91.0,/dl/web/weather/ic-weather-04n.svg,Hải Phòng,-0.9549910315827075,0,-1.145534086599501,0
2025-08-23 05:00:00+07:00,39.0,3.6,93.0,/dl/web/weather/ic-weather-10n.svg,Hải Phòng,-0.9549910315827075,0,-1.1285219697470716,0
2025-08-23 06:00:00+07:00,25.0,3.6,88.0,/dl/web/weather/ic-weather-04d.svg,Hải Phòng,-1.3332716602674215,0,-1.1285219697470716,0
2025-08-23 08:00:00+07:00,22.0,5.5,80.0,/dl/web/weather/ic-weather-04d.svg,Hải Phòng,-1.4143317949855745,0,-0.8052917495509115,0
2025-08-23 10:00:00+07:00,33.0,5.4,77.0,/dl/web/weather/ic-weather-04d.svg,Hải Phòng,-1.1171113010190135,0,-0.822303866403341,0
2025-08-23 11:00:00+07:00,25.0,5.9,71.0,/dl/web/weather/ic-weather-04d.svg,Hải Phòng,-1.3332716602674215,0,-0.7372432821411936,0
2025-08-23 12:00:00+07:00,31.0,5.7,68.0,/dl/web/weather/ic-weather-04d.svg,Hải Phòng,-1.1711513908311155,0,-0.7712675158460526,0
2025-08-23 13:00:00+07:00,22.0,9.0,64.0,/dl/web/weather/ic-weather-04d.svg,Hải Phòng,-1.4143317949855745,0,-0.20986765971588006,0
2025-08-23 14:00:00+07:00,22.0,8.1,59.0,/dl/web/weather/ic-weather-04d.svg,Hải Phòng,-1.4143317949855745,0,-0.36297671138774534,0
2025-08-23 15:00:00+07:00,33.0,7.0,60.0,/dl/web/weather/ic-weather-04d.svg,Hải Phòng,-1.1171113010190135,0,-0.5501099967644695,0
2025-08-23 16:00:00+07:00,25.0,6.4,69.0,/dl/web/weather/ic-weather-04d.svg,Hải Phòng,-1.3332716602674215,0,-0.6521826978790463,0
2025-08-23 17:00:00+07:00,19.0,5.3,67.0,/dl/web/weather/ic-weather-04d.svg,Hải Phòng,-1.4953919297037275,0,-0.8393159832557705,0
2025-08-23 18:00:00+07:00,22.0,5.5,73.0,/dl/web/weather/ic-weather-04d.svg,Hải Phòng,-1.4143317949855745,0,-0.8052917495509115,0
2025-08-23 19:00:00+07:00,64.0,5.0,82.0,/dl/web/weather/ic-weather-04n.svg,Hải Phòng,-0.2794899089314326,0,-0.8903523338130589,0
2025-08-23 20:00:00+07:00,44.0,3.9,84.0,/dl/web/weather/ic-weather-04n.svg,Hải Phòng,-0.8198908070524525,0,-1.077485619189783,0
2025-08-23 21:00:00+07:00,53.0,3.4,85.0,/dl/web/weather/ic-weather-04n.svg,Hải Phòng,-0.5767104028979936,0,-1.1625462034519305,0
2025-08-23 22:00:00+07:00,39.0,2.6,84.0,/dl/web/weather/ic-weather-04n.svg,Hải Phòng,-0.9549910315827075,0,-1.2986431382713663,0
2025-08-23 23:00:00+07:00,47.0,2.4,88.0,/dl/web/weather/ic-weather-04n.svg,Hải Phòng,-0.7388306723342996,0,-1.3326673719762252,0
2025-08-24 00:00:00+07:00,55.0,2.6,89.0,/dl/web/weather/ic-weather-04n.svg,Hải Phòng,-0.5226703130858916,0,-1.2986431382713663,0
2025-08-24 01:00:00+07:00,67.0,1.9,86.0,/dl/web/weather/ic-weather-04n.svg,Hải Phòng,-0.19842977421327965,0,-1.4177279562383724,0
2025-08-24 02:00:00+07:00,81.0,3.0,90.0,/dl/web/weather/ic-weather-10n.svg,Hải Phòng,0.1798508544714343,0,-1.2305946708616484,0
2025-08-24 03:00:00+07:00,91.0,4.8,91.0,/dl/web/weather/ic-weather-03n.svg,Hải Phòng,0.4500513035319443,0,-0.9243765675179179,0
2025-08-24 04:00:00+07:00,123.0,4.7,90.0,/dl/web/weather/ic-weather-10n.svg,Hải Phòng,1.3146927405255762,0,-0.9413886843703473,0
2025-08-24 05:00:00+07:00,110.0,5.5,90.0,/dl/web/weather/ic-weather-10n.svg,Hải Phòng,0.9634321567469132,0,-0.8052917495509115,0
2025-08-24 06:00:00+07:00,128.0,4.7,96.0,/dl/web/weather/ic-weather-10d.svg,Hải Phòng,1.4497929650558312,0,-0.9413886843703473,0
2025-08-24 09:00:00+07:00,124.0,2.1,90.0,/dl/web/weather/ic-weather-04d.svg,Hải Phòng,1.341712785431627,0,-1.3837037225335136,0
2025-08-24 10:00:00+07:00,82.0,2.1,78.0,/dl/web/weather/ic-weather-04d.svg,Hải Phòng,0.20687089937748532,0,-1.3837037225335136,0
2025-08-24 11:00:00+07:00,63.0,6.2,68.0,/dl/web/weather/ic-weather-10d.svg,Hải Phòng,-0.30650995383748364,0,-0.6862069315839052,0
2025-08-24 12:00:00+07:00,57.0,6.7,62.0,/dl/web/weather/ic-weather-04d.svg,Hải Phòng,-0.4686302232737896,0,-0.6011463473217579,0
2025-08-24 13:00:00+07:00,39.0,7.6,64.0,/dl/web/weather/ic-weather-03d.svg,Hải Phòng,-0.9549910315827075,0,-0.4480372956498927,0
2025-08-24 14:00:00+07:00,42.0,8.8,58.0,/dl/web/weather/ic-weather-10d.svg,Hải Phòng,-0.8739308968645545,0,-0.24389189342073886,0
2025-08-24 15:00:00+07:00,54.0,10.1,63.0,/dl/web/weather/ic-weather-04d.svg,Hải Phòng,-0.5496903579919425,0,-0.022734374339155924,0
2025-08-24 16:00:00+07:00,58.0,12.6,68.0,/dl/web/weather/ic-weather-03d.svg,Hải Phòng,-0.4416101783677386,0,0.40256854697158084,0
2025-08-24 17:00:00+07:00,56.0,12.9,75.0,/dl/web/weather/ic-weather-10d.svg,Hải Phòng,-0.4956502681798406,0,0.4536048975288694,0
2025-08-24 18:00:00+07:00,14.0,9.9,74.0,/dl/web/weather/ic-weather-04d.svg,Hải Phòng,-1.6304921542339825,0,-0.056758608044014745,0
2025-08-24 19:00:00+07:00,28.0,9.5,75.0,/dl/web/weather/ic-weather-04n.svg,Hải Phòng,-1.2522115255492685,0,-0.1248070754537327,0
2025-08-24 20:00:00+07:00,39.0,9.3,79.0,/dl/web/weather/ic-weather-04n.svg,Hải Phòng,-0.9549910315827075,0,-0.1588313091585915,0
2025-08-24 21:00:00+07:00,33.0,7.5,81.0,/dl/web/weather/ic-weather-04n.svg,Hải Phòng,-1.1171113010190135,0,-0.4650494125023221,0
2025-08-24 22:00:00+07:00,28.0,6.5,79.0,/dl/web/weather/ic-weather-04n.svg,Hải Phòng,-1.2522115255492685,0,-0.6351705810266168,0
2025-08-24 23:00:00+07:00,22.0,6.3,79.0,/dl/web/weather/ic-weather-04n.svg,Hải Phòng,-1.4143317949855745,0,-0.6691948147314758,0
2025-08-25 00:00:00+07:00,22.0,5.2,83.0,/dl/web/weather/ic-weather-10n.svg,Hải Phòng,-1.4143317949855745,0,-0.8563281001081999,0
2025-08-25 01:00:00+07:00,22.0,6.2,79.0,/dl/web/weather/ic-weather-10n.svg,Hải Phòng,-1.4143317949855745,0,-0.6862069315839052,0
2025-08-25 02:00:00+07:00,19.0,7.1,86.0,/dl/web/weather/ic-weather-10n.svg,Hải Phòng,-1.4953919297037275,0,-0.53309787991204,0
2025-08-25 03:00:00+07:00,22.0,9.0,72.0,/dl/web/weather/ic-weather-10n.svg,Hải Phòng,-1.4143317949855745,0,-0.20986765971588006,0
2025-08-25 04:00:00+07:00,22.0,9.9,76.0,/dl/web/weather/ic-weather-10n.svg,Hải Phòng,-1.4143317949855745,0,-0.056758608044014745,0
2025-08-25 05:00:00+07:00,36.0,13.5,81.0,/dl/web/weather/ic-weather-10n.svg,Hải Phòng,-1.0360511663008605,0,0.5556775986434461,0
2025-08-25 06:00:00+07:00,25.0,14.2,85.0,/dl/web/weather/ic-weather-10d.svg,Hải Phòng,-1.3332716602674215,0,0.6747624166104523,0
2025-08-25 09:00:00+07:00,19.0,9.7,90.0,/dl/web/weather/ic-weather-10d.svg,Hải Phòng,-1.4953919297037275,0,-0.09078284174887387,0
2025-08-25 10:00:00+07:00,22.0,11.7,93.0,/dl/web/weather/ic-weather-10d.svg,Hải Phòng,-1.4143317949855745,0,0.24945949529971556,0
2025-08-25 11:00:00+07:00,31.0,14.0,86.0,/dl/web/weather/ic-weather-10d.svg,Hải Phòng,-1.1711513908311155,0,0.6407381829055935,0
2025-08-25 12:00:00+07:00,31.0,17.0,93.0,/dl/web/weather/ic-weather-10d.svg,Hải Phòng,-1.1711513908311155,0,1.1511016884784777,0
2025-08-25 13:00:00+07:00,22.0,14.9,95.0,/dl/web/weather/ic-weather-10d.svg,Hải Phòng,-1.4143317949855745,0,0.7938472345774589,0
2025-08-25 14:00:00+07:00,28.0,17.5,93.0,/dl/web/weather/ic-weather-10d.svg,Hải Phòng,-1.2522115255492685,0,1.236162272740625,0
2025-08-25 15:00:00+07:00,52.0,18.7,92.0,/dl/web/weather/ic-weather-10d.svg,Hải Phòng,-0.6037304478040446,0,1.4403076749697785,0
2025-08-25 16:00:00+07:00,33.0,20.1,88.0,/dl/web/weather/ic-weather-04d.svg,Hải Phòng,-1.1171113010190135,0,1.6784773109037916,0
2025-08-25 17:00:00+07:00,33.0,19.9,93.0,/dl/web/weather/ic-weather-04d.svg,Hải Phòng,-1.1171113010190135,0,1.644453077198932,0
2025-08-25 18:00:00+07:00,44.0,20.4,89.0,/dl/web/weather/ic-weather-04d.svg,Hải Phòng,-0.8198908070524525,0,1.7295136614610795,0
2025-08-25 19:00:00+07:00,39.0,20.0,89.0,/dl/web/weather/ic-weather-10n.svg,Hải Phòng,-0.9549910315827075,0,1.6614651940513618,0
2025-08-25 20:00:00+07:00,36.0,20.9,90.0,/dl/web/weather/ic-weather-04n.svg,Hải Phòng,-1.0360511663008605,0,1.8145742457232268,0
2025-08-25 21:00:00+07:00,39.0,21.6,93.0,/dl/web/weather/ic-weather-10n.svg,Hải Phòng,-0.9549910315827075,0,1.9336590636902335,0
2025-08-25 22:00:00+07:00,36.0,20.4,93.0,/dl/web/weather/ic-weather-10n.svg,Hải Phòng,-1.0360511663008605,0,1.7295136614610795,0
2025-08-25 23:00:00+07:00,50.0,19.4,89.0,/dl/web/weather/ic-weather-04n.svg,Hải Phòng,-0.6577705376161466,0,1.5593924929367848,0
2025-08-26 00:00:00+07:00,47.0,18.2,85.0,/dl/web/weather/ic-weather-04n.svg,Hải Phòng,-0.7388306723342996,0,1.3552470907076313,0
2025-08-26 01:00:00+07:00,47.0,26.0,85.0,/dl/web/weather/ic-weather-04n.svg,Hải Phòng,-0.7388306723342996,0,2.68219220519713,0
2025-08-26 02:00:00+07:00,47.0,15.9,91.0,/dl/web/weather/ic-weather-04n.svg,Hải Phòng,-0.7388306723342996,0,0.9639684031017536,0
2025-08-26 03:00:00+07:00,52.0,15.3,91.0,/dl/web/weather/ic-weather-10n.svg,Hải Phòng,-0.6037304478040446,0,0.8618957019871768,0
2025-08-26 04:00:00+07:00,54.0,15.2,89.0,/dl/web/weather/ic-weather-10n.svg,Hải Phòng,-0.5496903579919425,0,0.844883585134747,0
2025-08-26 05:00:00+07:00,55.0,14.3,86.0,/dl/web/weather/ic-weather-10n.svg,Hải Phòng,-0.5226703130858916,0,0.6917745334628821,0
2025-08-26 06:00:00+07:00,54.0,13.5,91.0,/dl/web/weather/ic-weather-10d.svg,Hải Phòng,-0.5496903579919425,0,0.5556775986434461,0
2025-08-26 09:00:00+07:00,54.0,11.0,91.0,/dl/web/weather/ic-weather-10d.svg,Hải Phòng,-0.5496903579919425,0,0.13037467733270938,0
2025-08-26 10:00:00+07:00,55.0,12.2,87.0,/dl/web/weather/ic-weather-10d.svg,Hải Phòng,-0.5226703130858916,0,0.3345200795618629,0
2025-08-26 11:00:00+07:00,53.0,9.7,90.0,/dl/web/weather/ic-weather-10d.svg,Hải Phòng,-0.5767104028979936,0,-0.09078284174887387,0
2025-08-26 12:00:00+07:00,44.0,6.8,90.0,/dl/web/weather/ic-weather-10d.svg,Hải Phòng,-0.8198908070524525,0,-0.5841342304693284,0
2025-08-26 13:00:00+07:00,47.0,5.4,89.0,/dl/web/weather/ic-weather-04d.svg,Hải Phòng,-0.7388306723342996,0,-0.822303866403341,0
2025-08-26 14:00:00+07:00,52.0,6.2,91.0,/dl/web/weather/ic-weather-04d.svg,Hải Phòng,-0.6037304478040446,0,-0.6862069315839052,0
2025-08-26 15:00:00+07:00,50.0,7.4,86.0,/dl/web/weather/ic-weather-04d.svg,Hải Phòng,-0.6577705376161466,0,-0.48206152935475155,0
2025-08-26 16:00:00+07:00,42.0,6.6,83.0,/dl/web/weather/ic-weather-04d.svg,Hải Phòng,-0.8739308968645545,0,-0.6181584641741874,0
2025-08-26 17:00:00+07:00,44.0,6.0,81.0,/dl/web/weather/ic-weather-04d.svg,Hải Phòng,-0.8198908070524525,0,-0.7202311652887642,0
2025-08-26 18:00:00+07:00,50.0,6.2,83.0,/dl/web/weather/ic-weather-04d.svg,Hải Phòng,-0.6577705376161466,0,-0.6862069315839052,0
2025-08-26 19:00:00+07:00,52.0,7.6,90.0,/dl/web/weather/ic-weather-04n.svg,Hải Phòng,-0.6037304478040446,0,-0.4480372956498927,0
2025-08-26 20:00:00+07:00,54.0,6.8,91.0,/dl/web/weather/ic-weather-04n.svg,Hải Phòng,-0.5496903579919425,0,-0.5841342304693284,0
2025-08-26 21:00:00+07:00,53.0,6.3,91.0,/dl/web/weather/ic-weather-04n.svg,Hải Phòng,-0.5767104028979936,0,-0.6691948147314758,0
2025-08-26 22:00:00+07:00,47.0,6.2,91.0,/dl/web/weather/ic-weather-04n.svg,Hải Phòng,-0.7388306723342996,0,-0.6862069315839052,0
2025-08-26 23:00:00+07:00,47.0,5.4,91.0,/dl/web/weather/ic-weather-04n.svg,Hải Phòng,-0.7388306723342996,0,-0.822303866403341,0
2025-08-27 00:00:00+07:00,53.0,5.6,94.0,/dl/web/weather/ic-weather-04n.svg,Hải Phòng,-0.5767104028979936,0,-0.7882796326984821,0
2025-08-27 01:00:00+07:00,55.0,4.9,93.0,/dl/web/weather/ic-weather-04n.svg,Hải Phòng,-0.5226703130858916,0,-0.9073644506654883,0
2025-08-27 02:00:00+07:00,44.0,4.0,95.0,/dl/web/weather/ic-weather-04n.svg,Hải Phòng,-0.8198908070524525,0,-1.0604735023373537,0
2025-08-27 03:00:00+07:00,44.0,4.2,89.0,/dl/web/weather/ic-weather-10n.svg,Hải Phòng,-0.8198908070524525,0,-1.0264492686324946,0
2025-08-27 04:00:00+07:00,53.0,4.2,94.0,/dl/web/weather/ic-weather-10n.svg,Hải Phòng,-0.5767104028979936,0,-1.0264492686324946,0
2025-08-27 05:00:00+07:00,33.0,3.5,95.0,/dl/web/weather/ic-weather-10n.svg,Hải Phòng,-1.1171113010190135,0,-1.145534086599501,0
2025-08-27 06:00:00+07:00,25.0,4.5,94.0,/dl/web/weather/ic-weather-10d.svg,Hải Phòng,-1.3332716602674215,0,-0.9754129180752062,0
2025-08-27 08:00:00+07:00,17.0,4.5,92.0,/dl/web/weather/ic-weather-10d.svg,Hải Phòng,-1.5494320195158295,0,-0.9754129180752062,0
2025-08-27 10:00:00+07:00,22.0,3.3,99.0,/dl/web/weather/ic-weather-10d.svg,Hải Phòng,-1.4143317949855745,0,-1.17955832030436,0
2025-08-27 11:00:00+07:00,28.0,1.0,95.0,/dl/web/weather/ic-weather-10d.svg,Hải Phòng,-1.2522115255492685,0,-1.5708370079102378,0
2025-08-27 12:00:00+07:00,31.0,2.7,98.0,/dl/web/weather/ic-weather-10d.svg,Hải Phòng,-1.1711513908311155,0,-1.2816310214189368,0
2025-08-27 13:00:00+07:00,25.0,2.3,97.0,/dl/web/weather/ic-weather-10d.svg,Hải Phòng,-1.3332716602674215,0,-1.3496794888286547,0
2025-08-27 14:00:00+07:00,22.0,3.4,94.0,/dl/web/weather/ic-weather-04d.svg,Hải Phòng,-1.4143317949855745,0,-1.1625462034519305,0
2025-08-27 15:00:00+07:00,22.0,2.0,85.0,/dl/web/weather/ic-weather-04d.svg,Hải Phòng,-1.4143317949855745,0,-1.4007158393859431,0
2025-08-27 16:00:00+07:00,17.0,0.5,94.0,/dl/web/weather/ic-weather-04d.svg,Hải Phòng,-1.5494320195158295,0,-1.655897592172385,0
2025-08-27 17:00:00+07:00,17.0,0.7,82.0,/dl/web/weather/ic-weather-04d.svg,Hải Phòng,-1.5494320195158295,0,-1.6218733584675262,0
2025-08-27 18:00:00+07:00,31.0,0.4,81.0,/dl/web/weather/ic-weather-04d.svg,Hải Phòng,-1.1711513908311155,0,-1.6729097090248146,0
2025-08-27 19:00:00+07:00,33.0,4.3,84.0,/dl/web/weather/ic-weather-04n.svg,Hải Phòng,-1.1171113010190135,0,-1.0094371517800653,0
2025-08-27 20:00:00+07:00,39.0,4.7,89.0,/dl/web/weather/ic-weather-04n.svg,Hải Phòng,-0.9549910315827075,0,-0.9413886843703473,0
2025-08-27 21:00:00+07:00,42.0,3.8,89.0,/dl/web/weather/ic-weather-04n.svg,Hải Phòng,-0.8739308968645545,0,-1.0944977360422126,0
2025-08-27 22:00:00+07:00,52.0,3.4,90.0,/dl/web/weather/ic-weather-04n.svg,Hải Phòng,-0.6037304478040446,0,-1.1625462034519305,0
2025-08-27 23:00:00+07:00,57.0,3.2,90.0,/dl/web/weather/ic-weather-04n.svg,Hải Phòng,-0.4686302232737896,0,-1.1965704371567893,0
2025-08-28 00:00:00+07:00,61.0,3.4,90.0,/dl/web/weather/ic-weather-04n.svg,Hải Phòng,-0.3605500436495856,0,-1.1625462034519305,0
2025-08-28 01:00:00+07:00,57.0,3.3,93.0,/dl/web/weather/ic-weather-04n.svg,Hải Phòng,-0.4686302232737896,0,-1.17955832030436,0
2025-08-28 02:00:00+07:00,57.0,3.7,97.0,/dl/web/weather/ic-weather-04n.svg,Hải Phòng,-0.4686302232737896,0,-1.111509852894642,0
2025-08-28 03:00:00+07:00,60.0,3.0,99.0,/dl/web/weather/ic-weather-04n.svg,Hải Phòng,-0.3875700885556366,0,-1.2305946708616484,0
2025-08-28 04:00:00+07:00,61.0,3.1,94.0,/dl/web/weather/ic-weather-04n.svg,Hải Phòng,-0.3605500436495856,0,-1.2135825540092189,0
2025-08-28 05:00:00+07:00,76.0,3.5,94.0,/dl/web/weather/ic-weather-03n.svg,Hải Phòng,0.04475062994117933,0,-1.145534086599501,0
2025-08-28 06:00:00+07:00,91.0,3.9,94.0,/dl/web/weather/ic-weather-03d.svg,Hải Phòng,0.4500513035319443,0,-1.077485619189783,0
2025-08-28 08:00:00+07:00,107.0,3.4,88.0,/dl/web/weather/ic-weather-02d.svg,Hải Phòng,0.8823720220287602,0,-1.1625462034519305,0
2025-08-28 11:00:00+07:00,44.0,5.8,65.0,/dl/web/weather/ic-weather-02d.svg,Hải Phòng,-0.8198908070524525,0,-0.7542553989936231,0
2025-08-28 12:00:00+07:00,28.0,8.0,62.0,/dl/web/weather/ic-weather-02d.svg,Hải Phòng,-1.2522115255492685,0,-0.37998882824017477,0
2025-08-28 13:00:00+07:00,33.0,11.4,63.0,/dl/web/weather/ic-weather-02d.svg,Hải Phòng,-1.1171113010190135,0,0.19842314474242734,0
2025-08-28 14:00:00+07:00,39.0,12.5,60.0,/dl/web/weather/ic-weather-01d.svg,Hải Phòng,-0.9549910315827075,0,0.38555643011915147,0
2025-08-28 15:00:00+07:00,33.0,13.5,63.0,/dl/web/weather/ic-weather-01d.svg,Hải Phòng,-1.1171113010190135,0,0.5556775986434461,0
2025-08-28 16:00:00+07:00,33.0,12.3,68.0,/dl/web/weather/ic-weather-01d.svg,Hải Phòng,-1.1171113010190135,0,0.3515321964142926,0
2025-08-28 17:00:00+07:00,33.0,9.9,77.0,/dl/web/weather/ic-weather-01d.svg,Hải Phòng,-1.1171113010190135,0,-0.056758608044014745,0
2025-08-28 18:00:00+07:00,47.0,7.9,76.0,/dl/web/weather/ic-weather-01d.svg,Hải Phòng,-0.7388306723342996,0,-0.3970009450926042,0
2025-08-28 19:00:00+07:00,42.0,7.1,79.0,/dl/web/weather/ic-weather-01n.svg,Hải Phòng,-0.8739308968645545,0,-0.53309787991204,0
2025-08-28 20:00:00+07:00,44.0,5.2,83.0,/dl/web/weather/ic-weather-01n.svg,Hải Phòng,-0.8198908070524525,0,-0.8563281001081999,0
2025-08-28 21:00:00+07:00,44.0,7.1,80.0,/dl/web/weather/ic-weather-01n.svg,Hải Phòng,-0.8198908070524525,0,-0.53309787991204,0
2025-08-28 22:00:00+07:00,53.0,4.0,88.0,/dl/web/weather/ic-weather-01n.svg,Hải Phòng,-0.5767104028979936,0,-1.0604735023373537,0
2025-08-28 23:00:00+07:00,54.0,3.6,88.0,/dl/web/weather/ic-weather-03n.svg,Hải Phòng,-0.5496903579919425,0,-1.1285219697470716,0
2025-08-29 00:00:00+07:00,68.0,4.1,88.0,/dl/web/weather/ic-weather-03n.svg,Hải Phòng,-0.17140972930722864,0,-1.0434613854849242,0
2025-08-29 01:00:00+07:00,76.0,3.4,91.0,/dl/web/weather/ic-weather-04n.svg,Hải Phòng,0.04475062994117933,0,-1.1625462034519305,0
2025-08-29 02:00:00+07:00,76.0,3.7,90.0,/dl/web/weather/ic-weather-04n.svg,Hải Phòng,0.04475062994117933,0,-1.111509852894642,0
2025-08-29 03:00:00+07:00,71.0,3.8,93.0,/dl/web/weather/ic-weather-04n.svg,Hải Phòng,-0.09034959458907565,0,-1.0944977360422126,0
2025-08-29 04:00:00+07:00,86.0,4.4,90.0,/dl/web/weather/ic-weather-04n.svg,Hải Phòng,0.3149510790016893,0,-0.9924250349276357,0
2025-08-29 05:00:00+07:00,69.0,5.2,93.0,/dl/web/weather/ic-weather-04n.svg,Hải Phòng,-0.14438968440117764,0,-0.8563281001081999,0
2025-08-29 06:00:00+07:00,66.0,4.9,93.0,/dl/web/weather/ic-weather-10d.svg,Hải Phòng,-0.22544981911933062,0,-0.9073644506654883,0
2025-08-29 08:00:00+07:00,87.0,4.5,87.0,/dl/web/weather/ic-weather-03d.svg,Hải Phòng,0.3419711239077403,0,-0.9754129180752062,0
2025-08-29 10:00:00+07:00,69.0,8.2,79.0,/dl/web/weather/ic-weather-04d.svg,Hải Phòng,-0.14438968440117764,0,-0.3459645945353159,0
2025-08-29 11:00:00+07:00,61.0,8.5,75.0,/dl/web/weather/ic-weather-04d.svg,Hải Phòng,-0.3605500436495856,0,-0.2949282439780274,0
2025-08-29 12:00:00+07:00,56.0,6.5,73.0,/dl/web/weather/ic-weather-10d.svg,Hải Phòng,-0.4956502681798406,0,-0.6351705810266168,0
2025-08-29 13:00:00+07:00,33.0,5.8,78.0,/dl/web/weather/ic-weather-10d.svg,Hải Phòng,-1.1171113010190135,0,-0.7542553989936231,0
2025-08-29 14:00:00+07:00,36.0,4.0,89.0,/dl/web/weather/ic-weather-10d.svg,Hải Phòng,-1.0360511663008605,0,-1.0604735023373537,0
2025-08-29 15:00:00+07:00,39.0,3.3,90.0,/dl/web/weather/ic-weather-10d.svg,Hải Phòng,-0.9549910315827075,0,-1.17955832030436,0
2025-08-29 16:00:00+07:00,22.0,4.8,93.0,/dl/web/weather/ic-weather-10d.svg,Hải Phòng,-1.4143317949855745,0,-0.9243765675179179,0
2025-08-29 17:00:00+07:00,31.0,4.5,81.0,/dl/web/weather/ic-weather-04d.svg,Hải Phòng,-1.1711513908311155,0,-0.9754129180752062,0
2025-08-29 18:00:00+07:00,36.0,4.8,81.0,/dl/web/weather/ic-weather-04d.svg,Hải Phòng,-1.0360511663008605,0,-0.9243765675179179,0
2025-08-29 19:00:00+07:00,44.0,5.0,82.0,/dl/web/weather/ic-weather-04n.svg,Hải Phòng,-0.8198908070524525,0,-0.8903523338130589,0
2025-08-29 20:00:00+07:00,44.0,5.5,87.0,/dl/web/weather/ic-weather-04n.svg,Hải Phòng,-0.8198908070524525,0,-0.8052917495509115,0
2025-08-29 21:00:00+07:00,55.0,4.3,92.0,/dl/web/weather/ic-weather-10n.svg,Hải Phòng,-0.5226703130858916,0,-1.0094371517800653,0
2025-08-29 22:00:00+07:00,54.0,4.8,90.0,/dl/web/weather/ic-weather-10n.svg,Hải Phòng,-0.5496903579919425,0,-0.9243765675179179,0
2025-08-29 23:00:00+07:00,55.0,4.0,92.0,/dl/web/weather/ic-weather-10n.svg,Hải Phòng,-0.5226703130858916,0,-1.0604735023373537,0
2025-08-30 00:00:00+07:00,58.0,4.5,93.0,/dl/web/weather/ic-weather-04n.svg,Hải Phòng,-0.4416101783677386,0,-0.9754129180752062,0
2025-08-30 01:00:00+07:00,63.0,6.6,94.0,/dl/web/weather/ic-weather-04n.svg,Hải Phòng,-0.30650995383748364,0,-0.6181584641741874,0
2025-08-30 02:00:00+07:00,71.0,5.1,94.0,/dl/web/weather/ic-weather-10n.svg,Hải Phòng,-0.09034959458907565,0,-0.8733402169606295,0
2025-08-30 03:00:00+07:00,78.0,5.1,94.0,/dl/web/weather/ic-weather-10n.svg,Hải Phòng,0.09879071975328133,0,-0.8733402169606295,0
2025-08-30 04:00:00+07:00,76.0,4.9,94.0,/dl/web/weather/ic-weather-10n.svg,Hải Phòng,0.04475062994117933,0,-0.9073644506654883,0
2025-08-30 05:00:00+07:00,70.0,4.9,90.0,/dl/web/weather/ic-weather-10n.svg,Hải Phòng,-0.11736963949512665,0,-0.9073644506654883,0
2025-08-30 06:00:00+07:00,73.0,6.1,88.0,/dl/web/weather/ic-weather-04d.svg,Hải Phòng,-0.03630950477697366,0,-0.7032190484363348,0
2025-08-30 08:00:00+07:00,57.0,7.4,82.0,/dl/web/weather/ic-weather-04d.svg,Hải Phòng,-0.4686302232737896,0,-0.48206152935475155,0
2025-08-30 10:00:00+07:00,48.0,12.4,75.0,/dl/web/weather/ic-weather-03d.svg,Hải Phòng,-0.7118106274282485,0,0.36854431326672205,0
2025-08-30 11:00:00+07:00,47.0,14.0,66.0,/dl/web/weather/ic-weather-10d.svg,Hải Phòng,-0.7388306723342996,0,0.6407381829055935,0
2025-08-30 12:00:00+07:00,52.0,15.7,66.0,/dl/web/weather/ic-weather-04d.svg,Hải Phòng,-0.6037304478040446,0,0.9299441693968944,0
2025-08-30 13:00:00+07:00,50.0,17.8,68.0,/dl/web/weather/ic-weather-04d.svg,Hải Phòng,-0.6577705376161466,0,1.2871986232979136,0
2025-08-30 14:00:00+07:00,33.0,14.8,72.0,/dl/web/weather/ic-weather-04d.svg,Hải Phòng,-1.1171113010190135,0,0.7768351177250294,0
2025-08-30 15:00:00+07:00,22.0,14.7,72.0,/dl/web/weather/ic-weather-04d.svg,Hải Phòng,-1.4143317949855745,0,0.7598230008725997,0
2025-08-30 16:00:00+07:00,17.0,14.4,72.0,/dl/web/weather/ic-weather-04d.svg,Hải Phòng,-1.5494320195158295,0,0.7087866503153115,0
2025-08-30 17:00:00+07:00,17.0,12.7,77.0,/dl/web/weather/ic-weather-04d.svg,Hải Phòng,-1.5494320195158295,0,0.41958066382401027,0
2025-08-30 18:00:00+07:00,22.0,11.5,86.0,/dl/web/weather/ic-weather-04d.svg,Hải Phòng,-1.4143317949855745,0,0.21543526159485674,0
2025-08-30 19:00:00+07:00,19.0,11.2,87.0,/dl/web/weather/ic-weather-04n.svg,Hải Phòng,-1.4953919297037275,0,0.1643989110375682,0
2025-08-30 20:00:00+07:00,31.0,9.3,83.0,/dl/web/weather/ic-weather-04n.svg,Hải Phòng,-1.1711513908311155,0,-0.1588313091585915,0
2025-08-30 21:00:00+07:00,39.0,8.3,81.0,/dl/web/weather/ic-weather-04n.svg,Hải Phòng,-0.9549910315827075,0,-0.3289524776828862,0
2025-08-30 22:00:00+07:00,25.0,7.2,81.0,/dl/web/weather/ic-weather-04n.svg,Hải Phòng,-1.3332716602674215,0,-0.5160857630596105,0
2025-08-30 23:00:00+07:00,31.0,6.7,84.0,/dl/web/weather/ic-weather-04n.svg,Hải Phòng,-1.1711513908311155,0,-0.6011463473217579,0
2025-08-31 00:00:00+07:00,22.0,6.9,92.0,/dl/web/weather/ic-weather-04n.svg,Hải Phòng,-1.4143317949855745,0,-0.5671221136168989,0
2025-08-31 01:00:00+07:00,25.0,6.0,88.0,/dl/web/weather/ic-weather-04n.svg,Hải Phòng,-1.3332716602674215,0,-0.7202311652887642,0
2025-08-31 02:00:00+07:00,53.0,5.5,90.0,/dl/web/weather/ic-weather-04n.svg,Hải Phòng,-0.5767104028979936,0,-0.8052917495509115,0
2025-08-31 03:00:00+07:00,31.0,5.2,95.0,/dl/web/weather/ic-weather-04n.svg,Hải Phòng,-1.1711513908311155,0,-0.8563281001081999,0
2025-08-31 04:00:00+07:00,42.0,4.8,90.0,/dl/web/weather/ic-weather-04n.svg,Hải Phòng,-0.8739308968645545,0,-0.9243765675179179,0
2025-08-31 05:00:00+07:00,50.0,3.4,94.0,/dl/web/weather/ic-weather-04n.svg,Hải Phòng,-0.6577705376161466,0,-1.1625462034519305,0
2025-08-31 06:00:00+07:00,52.0,2.7,94.0,/dl/web/weather/ic-weather-04d.svg,Hải Phòng,-0.6037304478040446,0,-1.2816310214189368,0
2025-08-31 09:00:00+07:00,55.0,4.0,91.0,/dl/web/weather/ic-weather-04d.svg,Hải Phòng,-0.5226703130858916,0,-1.0604735023373537,0
2025-08-31 10:00:00+07:00,47.0,8.0,79.0,/dl/web/weather/ic-weather-04d.svg,Hải Phòng,-0.7388306723342996,0,-0.37998882824017477,0
2025-08-31 11:00:00+07:00,53.0,9.4,82.0,/dl/web/weather/ic-weather-04d.svg,Hải Phòng,-0.5767104028979936,0,-0.1418191923061621,0
2025-08-31 12:00:00+07:00,50.0,10.0,73.0,/dl/web/weather/ic-weather-04d.svg,Hải Phòng,-0.6577705376161466,0,-0.03974649119158533,0
2025-08-31 13:00:00+07:00,55.0,11.3,74.0,/dl/web/weather/ic-weather-04d.svg,Hải Phòng,-0.5226703130858916,0,0.1814110278899979,0
2025-08-31 14:00:00+07:00,58.0,12.6,77.0,/dl/web/weather/ic-weather-04d.svg,Hải Phòng,-0.4416101783677386,0,0.40256854697158084,0
2025-08-31 15:00:00+07:00,54.0,12.2,71.0,/dl/web/weather/ic-weather-10d.svg,Hải Phòng,-0.5496903579919425,0,0.3345200795618629,0
2025-08-31 16:00:00+07:00,44.0,9.8,71.0,/dl/web/weather/ic-weather-10d.svg,Hải Phòng,-0.8198908070524525,0,-0.07377072489644415,0
2025-08-31 17:00:00+07:00,39.0,8.6,75.0,/dl/web/weather/ic-weather-10d.svg,Hải Phòng,-0.9549910315827075,0,-0.277916127125598,0
2025-08-31 18:00:00+07:00,53.0,6.6,73.0,/dl/web/weather/ic-weather-04d.svg,Hải Phòng,-0.5767104028979936,0,-0.6181584641741874,0
2025-08-31 19:00:00+07:00,47.0,6.1,77.0,/dl/web/weather/ic-weather-04n.svg,Hải Phòng,-0.7388306723342996,0,-0.7032190484363348,0
2025-08-31 20:00:00+07:00,36.0,5.6,82.0,/dl/web/weather/ic-weather-04n.svg,Hải Phòng,-1.0360511663008605,0,-0.7882796326984821,0
2025-08-31 21:00:00+07:00,42.0,5.0,84.0,/dl/web/weather/ic-weather-04n.svg,Hải Phòng,-0.8739308968645545,0,-0.8903523338130589,0
2025-08-31 22:00:00+07:00,54.0,5.1,84.0,/dl/web/weather/ic-weather-04n.svg,Hải Phòng,-0.5496903579919425,0,-0.8733402169606295,0
2025-08-31 23:00:00+07:00,55.0,4.6,89.0,/dl/web/weather/ic-weather-04n.svg,Hải Phòng,-0.5226703130858916,0,-0.9584008012227768,0
2025-09-01 00:00:00+07:00,47.0,4.5,85.0,/dl/web/weather/ic-weather-04n.svg,Hải Phòng,-0.7388306723342996,0,-0.9754129180752062,0
2025-09-01 01:00:00+07:00,39.0,4.5,89.0,/dl/web/weather/ic-weather-04n.svg,Hải Phòng,-0.9549910315827075,0,-0.9754129180752062,0
2025-09-01 02:00:00+07:00,42.0,4.7,90.0,/dl/web/weather/ic-weather-04n.svg,Hải Phòng,-0.8739308968645545,0,-0.9413886843703473,0
2025-09-01 03:00:00+07:00,53.0,4.7,90.0,/dl/web/weather/ic-weather-04n.svg,Hải Phòng,-0.5767104028979936,0,-0.9413886843703473,0
2025-09-01 04:00:00+07:00,56.0,4.2,93.0,/dl/web/weather/ic-weather-04n.svg,Hải Phòng,-0.4956502681798406,0,-1.0264492686324946,0
2025-09-01 05:00:00+07:00,64.0,4.0,90.0,/dl/web/weather/ic-weather-04n.svg,Hải Phòng,-0.2794899089314326,0,-1.0604735023373537,0
2025-09-01 06:00:00+07:00,59.0,3.6,92.0,/dl/web/weather/ic-weather-10d.svg,Hải Phòng,-0.4145901334616876,0,-1.1285219697470716,0
2025-09-01 09:00:00+07:00,33.0,3.8,92.0,/dl/web/weather/ic-weather-04d.svg,Hải Phòng,-1.1171113010190135,0,-1.0944977360422126,0
2025-09-01 10:00:00+07:00,19.0,5.8,70.0,/dl/web/weather/ic-weather-04d.svg,Hải Phòng,-1.4953919297037275,0,-0.7542553989936231,0
2025-09-01 11:00:00+07:00,19.0,6.9,69.0,/dl/web/weather/ic-weather-04d.svg,Hải Phòng,-1.4953919297037275,0,-0.5671221136168989,0
2025-09-01 12:00:00+07:00,17.0,9.6,73.0,/dl/web/weather/ic-weather-04d.svg,Hải Phòng,-1.5494320195158295,0,-0.10779495860130328,0
2025-09-01 13:00:00+07:00,11.0,10.1,70.0,/dl/web/weather/ic-weather-04d.svg,Hải Phòng,-1.7115522889521355,0,-0.022734374339155924,0
2025-09-01 14:00:00+07:00,11.0,10.6,67.0,/dl/web/weather/ic-weather-04d.svg,Hải Phòng,-1.7115522889521355,0,0.062326209922991434,0
2025-09-01 15:00:00+07:00,11.0,10.4,69.0,/dl/web/weather/ic-weather-04d.svg,Hải Phòng,-1.7115522889521355,0,0.028301976218132612,0
2025-09-01 16:00:00+07:00,8.0,9.6,72.0,/dl/web/weather/ic-weather-10d.svg,Hải Phòng,-1.7926124236702885,0,-0.10779495860130328,0
2025-09-01 17:00:00+07:00,6.0,14.0,76.0,/dl/web/weather/ic-weather-04d.svg,Hải Phòng,-1.8466525134823903,0,0.6407381829055935,0
2025-09-01 18:00:00+07:00,17.0,7.4,81.0,/dl/web/weather/ic-weather-04d.svg,Hải Phòng,-1.5494320195158295,0,-0.48206152935475155,0
2025-09-01 19:00:00+07:00,17.0,5.8,82.0,/dl/web/weather/ic-weather-04n.svg,Hải Phòng,-1.5494320195158295,0,-0.7542553989936231,0
2025-09-01 20:00:00+07:00,28.0,5.3,88.0,/dl/web/weather/ic-weather-04n.svg,Hải Phòng,-1.2522115255492685,0,-0.8393159832557705,0
2025-09-01 21:00:00+07:00,17.0,4.7,85.0,/dl/web/weather/ic-weather-04n.svg,Hải Phòng,-1.5494320195158295,0,-0.9413886843703473,0
2025-09-01 22:00:00+07:00,14.0,4.1,88.0,/dl/web/weather/ic-weather-04n.svg,Hải Phòng,-1.6304921542339825,0,-1.0434613854849242,0
2025-09-01 23:00:00+07:00,19.0,3.4,88.0,/dl/web/weather/ic-weather-04n.svg,Hải Phòng,-1.4953919297037275,0,-1.1625462034519305,0
2025-09-02 00:00:00+07:00,19.0,3.1,88.0,/dl/web/weather/ic-weather-04n.svg,Hải Phòng,-1.4953919297037275,0,-1.2135825540092189,0
2025-09-02 01:00:00+07:00,25.0,2.4,85.0,/dl/web/weather/ic-weather-04n.svg,Hải Phòng,-1.3332716602674215,0,-1.3326673719762252,0
2025-09-02 02:00:00+07:00,22.0,2.8,90.0,/dl/web/weather/ic-weather-04n.svg,Hải Phòng,-1.4143317949855745,0,-1.2646189045665073,0
2025-09-02 03:00:00+07:00,44.0,3.0,90.0,/dl/web/weather/ic-weather-04n.svg,Hải Phòng,-0.8198908070524525,0,-1.2305946708616484,0
2025-09-02 04:00:00+07:00,42.0,3.3,90.0,/dl/web/weather/ic-weather-10n.svg,Hải Phòng,-0.8739308968645545,0,-1.17955832030436,0
2025-09-02 05:00:00+07:00,44.0,3.4,89.0,/dl/web/weather/ic-weather-04n.svg,Hải Phòng,-0.8198908070524525,0,-1.1625462034519305,0
2025-09-02 06:00:00+07:00,33.0,3.3,91.0,/dl/web/weather/ic-weather-04d.svg,Hải Phòng,-1.1171113010190135,0,-1.17955832030436,0
2025-09-02 08:00:00+07:00,33.0,2.8,82.0,/dl/web/weather/ic-weather-04d.svg,Hải Phòng,-1.1171113010190135,0,-1.2646189045665073,0
2025-09-02 10:00:00+07:00,17.0,2.2,73.0,/dl/web/weather/ic-weather-04d.svg,Hải Phòng,-1.5494320195158295,0,-1.3666916056810843,0
2025-09-02 11:00:00+07:00,14.0,4.1,69.0,/dl/web/weather/ic-weather-04d.svg,Hải Phòng,-1.6304921542339825,0,-1.0434613854849242,0
2025-09-02 12:00:00+07:00,17.0,4.9,68.0,/dl/web/weather/ic-weather-04d.svg,Hải Phòng,-1.5494320195158295,0,-0.9073644506654883,0
2025-09-02 13:00:00+07:00,17.0,5.9,70.0,/dl/web/weather/ic-weather-04d.svg,Hải Phòng,-1.5494320195158295,0,-0.7372432821411936,0
2025-09-02 14:00:00+07:00,17.0,6.6,70.0,/dl/web/weather/ic-weather-04d.svg,Hải Phòng,-1.5494320195158295,0,-0.6181584641741874,0
2025-09-02 15:00:00+07:00,17.0,7.2,69.0,/dl/web/weather/ic-weather-04d.svg,Hải Phòng,-1.5494320195158295,0,-0.5160857630596105,0
2025-09-02 16:00:00+07:00,17.0,7.8,78.0,/dl/web/weather/ic-weather-04d.svg,Hải Phòng,-1.5494320195158295,0,-0.41401306194503373,0
2025-09-02 17:00:00+07:00,17.0,6.8,79.0,/dl/web/weather/ic-weather-04d.svg,Hải Phòng,-1.5494320195158295,0,-0.5841342304693284,0
2025-09-02 18:00:00+07:00,17.0,5.4,80.0,/dl/web/weather/ic-weather-04d.svg,Hải Phòng,-1.5494320195158295,0,-0.822303866403341,0
2025-09-02 19:00:00+07:00,17.0,5.0,84.0,/dl/web/weather/ic-weather-04n.svg,Hải Phòng,-1.5494320195158295,0,-0.8903523338130589,0
2025-09-02 20:00:00+07:00,55.0,4.5,80.0,/dl/web/weather/ic-weather-01n.svg,Hải Phòng,-0.5226703130858916,0,-0.9754129180752062,0
2025-09-02 21:00:00+07:00,62.0,4.5,80.0,/dl/web/weather/ic-weather-01n.svg,Hải Phòng,-0.3335299987435346,0,-0.9754129180752062,0
2025-09-02 22:00:00+07:00,67.0,2.2,88.0,/dl/web/weather/ic-weather-01n.svg,Hải Phòng,-0.19842977421327965,0,-1.3666916056810843,0
2025-09-02 23:00:00+07:00,36.0,4.1,89.0,/dl/web/weather/ic-weather-01n.svg,Hải Phòng,-1.0360511663008605,0,-1.0434613854849242,0
2025-09-03 00:00:00+07:00,39.0,3.5,89.0,/dl/web/weather/ic-weather-02n.svg,Hải Phòng,-0.9549910315827075,0,-1.145534086599501,0
2025-09-03 01:00:00+07:00,36.0,2.0,91.0,/dl/web/weather/ic-weather-03n.svg,Hải Phòng,-1.0360511663008605,0,-1.4007158393859431,0
2025-09-03 02:00:00+07:00,19.0,2.0,89.0,/dl/web/weather/ic-weather-04n.svg,Hải Phòng,-1.4953919297037275,0,-1.4007158393859431,0
2025-09-03 03:00:00+07:00,17.0,1.6,91.0,/dl/web/weather/ic-weather-04n.svg,Hải Phòng,-1.5494320195158295,0,-1.468764306795661,0
2025-09-03 04:00:00+07:00,22.0,0.9,90.0,/dl/web/weather/ic-weather-04n.svg,Hải Phòng,-1.4143317949855745,0,-1.5878491247626672,0
2025-09-03 05:00:00+07:00,44.0,1.7,93.0,/dl/web/weather/ic-weather-04n.svg,Hải Phòng,-0.8198908070524525,0,-1.4517521899432315,0
2025-09-03 06:00:00+07:00,39.0,1.9,94.0,/dl/web/weather/ic-weather-04d.svg,Hải Phòng,-0.9549910315827075,0,-1.4177279562383724,0
2025-09-03 08:00:00+07:00,33.0,0.7,80.0,/dl/web/weather/ic-weather-01d.svg,Hải Phòng,-1.1171113010190135,0,-1.6218733584675262,0
2025-09-03 09:00:00+07:00,33.0,3.0,81.0,/dl/web/weather/ic-weather-01d.svg,Hải Phòng,-1.1171113010190135,0,-1.2305946708616484,0
2025-09-03 10:00:00+07:00,33.0,4.9,63.0,/dl/web/weather/ic-weather-01d.svg,Hải Phòng,-1.1171113010190135,0,-0.9073644506654883,0
2025-09-03 11:00:00+07:00,31.0,5.8,66.0,/dl/web/weather/ic-weather-02d.svg,Hải Phòng,-1.1711513908311155,0,-0.7542553989936231,0
2025-09-03 12:00:00+07:00,39.0,6.9,62.0,/dl/web/weather/ic-weather-02d.svg,Hải Phòng,-0.9549910315827075,0,-0.5671221136168989,0
2025-09-03 13:00:00+07:00,33.0,7.6,65.0,/dl/web/weather/ic-weather-03d.svg,Hải Phòng,-1.1171113010190135,0,-0.4480372956498927,0
2025-09-03 14:00:00+07:00,22.0,8.9,64.0,/dl/web/weather/ic-weather-04d.svg,Hải Phòng,-1.4143317949855745,0,-0.22687977656830946,0
2025-09-03 15:00:00+07:00,42.0,8.9,64.0,/dl/web/weather/ic-weather-04d.svg,Hải Phòng,-0.8739308968645545,0,-0.22687977656830946,0
2025-09-03 16:00:00+07:00,28.0,9.2,71.0,/dl/web/weather/ic-weather-04d.svg,Hải Phòng,-1.2522115255492685,0,-0.17584342601102124,0
2025-09-03 17:00:00+07:00,50.0,8.4,71.0,/dl/web/weather/ic-weather-03d.svg,Hải Phòng,-0.6577705376161466,0,-0.31194036083045684,0
2025-09-03 18:00:00+07:00,33.0,6.2,79.0,/dl/web/weather/ic-weather-03d.svg,Hải Phòng,-1.1171113010190135,0,-0.6862069315839052,0
2025-09-03 19:00:00+07:00,50.0,4.6,78.0,/dl/web/weather/ic-weather-03n.svg,Hải Phòng,-0.6577705376161466,0,-0.9584008012227768,0
2025-09-03 20:00:00+07:00,17.0,4.1,79.0,/dl/web/weather/ic-weather-02n.svg,Hải Phòng,-1.5494320195158295,0,-1.0434613854849242,0
2025-09-03 21:00:00+07:00,39.0,3.4,76.0,/dl/web/weather/ic-weather-02n.svg,Hải Phòng,-0.9549910315827075,0,-1.1625462034519305,0
2025-09-03 22:00:00+07:00,33.0,3.0,76.0,/dl/web/weather/ic-weather-01n.svg,Hải Phòng,-1.1171113010190135,0,-1.2305946708616484,0
2025-09-03 23:00:00+07:00,44.0,3.1,85.0,/dl/web/weather/ic-weather-01n.svg,Hải Phòng,-0.8198908070524525,0,-1.2135825540092189,0
2025-09-04 00:00:00+07:00,36.0,1.9,85.0,/dl/web/weather/ic-weather-01n.svg,Hải Phòng,-1.0360511663008605,0,-1.4177279562383724,0
2025-09-04 01:00:00+07:00,54.0,1.2,85.0,/dl/web/weather/ic-weather-02n.svg,Hải Phòng,-0.5496903579919425,0,-1.536812774205379,0
2025-09-04 02:00:00+07:00,28.0,1.8,86.0,/dl/web/weather/ic-weather-02n.svg,Hải Phòng,-1.2522115255492685,0,-1.434740073090802,0
2025-09-04 03:00:00+07:00,53.0,1.2,87.0,/dl/web/weather/ic-weather-03n.svg,Hải Phòng,-0.5767104028979936,0,-1.536812774205379,0
2025-09-04 04:00:00+07:00,36.0,0.7,89.0,/dl/web/weather/ic-weather-03n.svg,Hải Phòng,-1.0360511663008605,0,-1.6218733584675262,0
2025-09-04 05:00:00+07:00,39.0,0.4,90.0,/dl/web/weather/ic-weather-04n.svg,Hải Phòng,-0.9549910315827075,0,-1.6729097090248146,0
2025-09-04 06:00:00+07:00,50.0,0.5,89.0,/dl/web/weather/ic-weather-03d.svg,Hải Phòng,-0.6577705376161466,0,-1.655897592172385,0
2025-09-04 08:00:00+07:00,55.0,2.4,85.0,/dl/web/weather/ic-weather-02d.svg,Hải Phòng,-0.5226703130858916,0,-1.3326673719762252,0
2025-09-04 09:00:00+07:00,53.0,4.7,82.0,/dl/web/weather/ic-weather-02d.svg,Hải Phòng,-0.5767104028979936,0,-0.9413886843703473,0
2025-09-04 10:00:00+07:00,33.0,5.4,73.0,/dl/web/weather/ic-weather-02d.svg,Hải Phòng,-1.1171113010190135,0,-0.822303866403341,0
2025-09-04 11:00:00+07:00,31.0,5.6,61.0,/dl/web/weather/ic-weather-03d.svg,Hải Phòng,-1.1711513908311155,0,-0.7882796326984821,0
2025-09-04 12:00:00+07:00,31.0,5.7,65.0,/dl/web/weather/ic-weather-03d.svg,Hải Phòng,-1.1711513908311155,0,-0.7712675158460526,0
2025-09-04 13:00:00+07:00,25.0,6.7,64.0,/dl/web/weather/ic-weather-03d.svg,Hải Phòng,-1.3332716602674215,0,-0.6011463473217579,0
2025-09-04 14:00:00+07:00,31.0,6.5,62.0,/dl/web/weather/ic-weather-04d.svg,Hải Phòng,-1.1711513908311155,0,-0.6351705810266168,0
2025-09-04 15:00:00+07:00,36.0,11.9,65.0,/dl/web/weather/ic-weather-04d.svg,Hải Phòng,-1.0360511663008605,0,0.2834837290045747,0
2025-09-04 16:00:00+07:00,31.0,8.9,63.0,/dl/web/weather/ic-weather-03d.svg,Hải Phòng,-1.1711513908311155,0,-0.22687977656830946,0
2025-09-04 17:00:00+07:00,33.0,8.1,71.0,/dl/web/weather/ic-weather-03d.svg,Hải Phòng,-1.1171113010190135,0,-0.36297671138774534,0
2025-09-04 18:00:00+07:00,33.0,6.2,76.0,/dl/web/weather/ic-weather-03d.svg,Hải Phòng,-1.1171113010190135,0,-0.6862069315839052,0
2025-09-04 19:00:00+07:00,57.0,5.9,78.0,/dl/web/weather/ic-weather-03n.svg,Hải Phòng,-0.4686302232737896,0,-0.7372432821411936,0
2025-09-04 20:00:00+07:00,39.0,4.9,75.0,/dl/web/weather/ic-weather-03n.svg,Hải Phòng,-0.9549910315827075,0,-0.9073644506654883,0
2025-09-04 21:00:00+07:00,52.0,4.4,80.0,/dl/web/weather/ic-weather-03n.svg,Hải Phòng,-0.6037304478040446,0,-0.9924250349276357,0
2025-09-04 22:00:00+07:00,52.0,4.5,81.0,/dl/web/weather/ic-weather-02n.svg,Hải Phòng,-0.6037304478040446,0,-0.9754129180752062,0
2025-09-04 23:00:00+07:00,50.0,4.4,80.0,/dl/web/weather/ic-weather-02n.svg,Hải Phòng,-0.6577705376161466,0,-0.9924250349276357,0
2025-09-05 00:00:00+07:00,33.0,3.9,82.0,/dl/web/weather/ic-weather-02n.svg,Hải Phòng,-1.1171113010190135,0,-1.077485619189783,0
2025-09-05 01:00:00+07:00,53.0,2.6,85.0,/dl/web/weather/ic-weather-02n.svg,Hải Phòng,-0.5767104028979936,0,-1.2986431382713663,0
2025-09-05 02:00:00+07:00,59.0,2.6,84.0,/dl/web/weather/ic-weather-04n.svg,Hải Phòng,-0.4145901334616876,0,-1.2986431382713663,0
2025-09-05 03:00:00+07:00,33.0,1.8,86.0,/dl/web/weather/ic-weather-04n.svg,Hải Phòng,-1.1171113010190135,0,-1.434740073090802,0
2025-09-05 04:00:00+07:00,44.0,1.4,85.0,/dl/web/weather/ic-weather-04n.svg,Hải Phòng,-0.8198908070524525,0,-1.50278854050052,0
2025-09-05 05:00:00+07:00,39.0,2.8,86.0,/dl/web/weather/ic-weather-04n.svg,Hải Phòng,-0.9549910315827075,0,-1.2646189045665073,0
2025-09-05 06:00:00+07:00,54.0,2.1,91.0,/dl/web/weather/ic-weather-04d.svg,Hải Phòng,-0.5496903579919425,0,-1.3837037225335136,0
2025-09-05 08:00:00+07:00,52.0,1.5,84.0,/dl/web/weather/ic-weather-04d.svg,Hải Phòng,-0.6037304478040446,0,-1.4857764236480904,0
2025-09-05 10:00:00+07:00,55.0,4.6,73.0,/dl/web/weather/ic-weather-04d.svg,Hải Phòng,-0.5226703130858916,0,-0.9584008012227768,0
2025-09-05 11:00:00+07:00,61.0,5.8,69.0,/dl/web/weather/ic-weather-04d.svg,Hải Phòng,-0.3605500436495856,0,-0.7542553989936231,0
2025-09-05 12:00:00+07:00,56.0,6.6,65.0,/dl/web/weather/ic-weather-04d.svg,Hải Phòng,-0.4956502681798406,0,-0.6181584641741874,0
2025-09-05 13:00:00+07:00,55.0,7.4,62.0,/dl/web/weather/ic-weather-04d.svg,Hải Phòng,-0.5226703130858916,0,-0.48206152935475155,0
2025-09-05 14:00:00+07:00,53.0,7.5,65.0,/dl/web/weather/ic-weather-04d.svg,Hải Phòng,-0.5767104028979936,0,-0.4650494125023221,0
2025-09-05 15:00:00+07:00,33.0,8.0,68.0,/dl/web/weather/ic-weather-04d.svg,Hải Phòng,-1.1171113010190135,0,-0.37998882824017477,0
2025-09-05 16:00:00+07:00,42.0,8.1,69.0,/dl/web/weather/ic-weather-04d.svg,Hải Phòng,-0.8739308968645545,0,-0.36297671138774534,0
2025-09-05 17:00:00+07:00,33.0,8.0,71.0,/dl/web/weather/ic-weather-04d.svg,Hải Phòng,-1.1171113010190135,0,-0.37998882824017477,0
2025-09-05 18:00:00+07:00,44.0,6.4,76.0,/dl/web/weather/ic-weather-04d.svg,Hải Phòng,-0.8198908070524525,0,-0.6521826978790463,0
2025-09-05 19:00:00+07:00,47.0,6.0,76.0,/dl/web/weather/ic-weather-04n.svg,Hải Phòng,-0.7388306723342996,0,-0.7202311652887642,0
2025-09-05 20:00:00+07:00,53.0,6.2,76.0,/dl/web/weather/ic-weather-04n.svg,Hải Phòng,-0.5767104028979936,0,-0.6862069315839052,0
2025-09-05 21:00:00+07:00,28.0,6.2,80.0,/dl/web/weather/ic-weather-04n.svg,Hải Phòng,-1.2522115255492685,0,-0.6862069315839052,0
2025-09-05 22:00:00+07:00,28.0,5.9,82.0,/dl/web/weather/ic-weather-04n.svg,Hải Phòng,-1.2522115255492685,0,-0.7372432821411936,0
2025-09-05 23:00:00+07:00,28.0,5.1,82.0,/dl/web/weather/ic-weather-04n.svg,Hải Phòng,-1.2522115255492685,0,-0.8733402169606295,0
2025-09-06 00:00:00+07:00,28.0,5.2,83.0,/dl/web/weather/ic-weather-04n.svg,Hải Phòng,-1.2522115255492685,0,-0.8563281001081999,0
2025-09-06 01:00:00+07:00,25.0,4.1,86.0,/dl/web/weather/ic-weather-04n.svg,Hải Phòng,-1.3332716602674215,0,-1.0434613854849242,0
2025-09-06 02:00:00+07:00,19.0,2.6,86.0,/dl/web/weather/ic-weather-03n.svg,Hải Phòng,-1.4953919297037275,0,-1.2986431382713663,0
2025-09-06 03:00:00+07:00,25.0,1.8,87.0,/dl/web/weather/ic-weather-04n.svg,Hải Phòng,-1.3332716602674215,0,-1.434740073090802,0
2025-09-06 04:00:00+07:00,28.0,2.9,87.0,/dl/web/weather/ic-weather-04n.svg,Hải Phòng,-1.2522115255492685,0,-1.2476067877140777,0
2025-09-06 05:00:00+07:00,36.0,3.0,85.0,/dl/web/weather/ic-weather-04n.svg,Hải Phòng,-1.0360511663008605,0,-1.2305946708616484,0
2025-09-06 06:00:00+07:00,33.0,3.3,91.0,/dl/web/weather/ic-weather-04d.svg,Hải Phòng,-1.1171113010190135,0,-1.17955832030436,0
2025-09-06 08:00:00+07:00,44.0,1.2,77.0,/dl/web/weather/ic-weather-03d.svg,Hải Phòng,-0.8198908070524525,0,-1.536812774205379,0
2025-09-06 09:00:00+07:00,44.0,2.4,69.0,/dl/web/weather/ic-weather-03d.svg,Hải Phòng,-0.8198908070524525,0,-1.3326673719762252,0
2025-09-06 10:00:00+07:00,36.0,3.6,66.0,/dl/web/weather/ic-weather-03d.svg,Hải Phòng,-1.0360511663008605,0,-1.1285219697470716,0
2025-09-06 11:00:00+07:00,50.0,5.6,62.0,/dl/web/weather/ic-weather-03d.svg,Hải Phòng,-0.6577705376161466,0,-0.7882796326984821,0
2025-09-06 12:00:00+07:00,39.0,8.1,61.0,/dl/web/weather/ic-weather-04d.svg,Hải Phòng,-0.9549910315827075,0,-0.36297671138774534,0
2025-09-06 13:00:00+07:00,25.0,9.1,61.0,/dl/web/weather/ic-weather-04d.svg,Hải Phòng,-1.3332716602674215,0,-0.19285554286345064,0
2025-09-06 14:00:00+07:00,33.0,8.5,65.0,/dl/web/weather/ic-weather-04d.svg,Hải Phòng,-1.1171113010190135,0,-0.2949282439780274,0
2025-09-06 15:00:00+07:00,44.0,8.5,66.0,/dl/web/weather/ic-weather-04d.svg,Hải Phòng,-0.8198908070524525,0,-0.2949282439780274,0
2025-09-06 16:00:00+07:00,44.0,8.7,70.0,/dl/web/weather/ic-weather-10d.svg,Hải Phòng,-0.8198908070524525,0,-0.26090401027316856,0
2025-09-06 17:00:00+07:00,42.0,7.2,73.0,/dl/web/weather/ic-weather-10d.svg,Hải Phòng,-0.8739308968645545,0,-0.5160857630596105,0
2025-09-06 18:00:00+07:00,86.0,6.3,78.0,/dl/web/weather/ic-weather-04d.svg,Hải Phòng,0.3149510790016893,0,-0.6691948147314758,0
2025-09-06 19:00:00+07:00,31.0,6.2,80.0,/dl/web/weather/ic-weather-04n.svg,Hải Phòng,-1.1711513908311155,0,-0.6862069315839052,0
2025-09-06 20:00:00+07:00,22.0,5.7,82.0,/dl/web/weather/ic-weather-01n.svg,Hải Phòng,-1.4143317949855745,0,-0.7712675158460526,0
2025-09-06 21:00:00+07:00,22.0,5.6,81.0,/dl/web/weather/ic-weather-01n.svg,Hải Phòng,-1.4143317949855745,0,-0.7882796326984821,0
2025-09-06 22:00:00+07:00,22.0,5.3,84.0,/dl/web/weather/ic-weather-01n.svg,Hải Phòng,-1.4143317949855745,0,-0.8393159832557705,0
2025-09-06 23:00:00+07:00,31.0,4.8,82.0,/dl/web/weather/ic-weather-01n.svg,Hải Phòng,-1.1711513908311155,0,-0.9243765675179179,0
2025-09-07 00:00:00+07:00,28.0,4.1,84.0,/dl/web/weather/ic-weather-01n.svg,Hải Phòng,-1.2522115255492685,0,-1.0434613854849242,0
2025-09-07 01:00:00+07:00,28.0,1.3,84.0,/dl/web/weather/ic-weather-01n.svg,Hải Phòng,-1.2522115255492685,0,-1.5198006573529492,0
2025-09-07 02:00:00+07:00,36.0,1.1,88.0,/dl/web/weather/ic-weather-02n.svg,Hải Phòng,-1.0360511663008605,0,-1.5538248910578083,0
2025-09-07 03:00:00+07:00,39.0,1.5,84.0,/dl/web/weather/ic-weather-02n.svg,Hải Phòng,-0.9549910315827075,0,-1.4857764236480904,0
2025-09-07 04:00:00+07:00,56.0,3.0,91.0,/dl/web/weather/ic-weather-02n.svg,Hải Phòng,-0.4956502681798406,0,-1.2305946708616484,0
2025-09-07 05:00:00+07:00,58.0,3.2,92.0,/dl/web/weather/ic-weather-03n.svg,Hải Phòng,-0.4416101783677386,0,-1.1965704371567893,0
2025-09-07 06:00:00+07:00,71.0,3.6,93.0,/dl/web/weather/ic-weather-03d.svg,Hải Phòng,-0.09034959458907565,0,-1.1285219697470716,0
2025-09-07 08:00:00+07:00,75.0,3.7,78.0,/dl/web/weather/ic-weather-04d.svg,Hải Phòng,0.017730585035128334,0,-1.111509852894642,0
2025-09-07 10:00:00+07:00,72.0,5.1,62.0,/dl/web/weather/ic-weather-03d.svg,Hải Phòng,-0.06332954968302465,0,-0.8733402169606295,0
2025-09-07 11:00:00+07:00,60.0,4.2,55.0,/dl/web/weather/ic-weather-03d.svg,Hải Phòng,-0.3875700885556366,0,-1.0264492686324946,0
2025-09-07 12:00:00+07:00,55.0,3.0,52.0,/dl/web/weather/ic-weather-03d.svg,Hải Phòng,-0.5226703130858916,0,-1.2305946708616484,0
2025-09-07 13:00:00+07:00,56.0,3.0,51.0,/dl/web/weather/ic-weather-10d.svg,Hải Phòng,-0.4956502681798406,0,-1.2305946708616484,0
2025-09-07 14:00:00+07:00,63.0,4.3,52.0,/dl/web/weather/ic-weather-10d.svg,Hải Phòng,-0.30650995383748364,0,-1.0094371517800653,0
2025-09-07 15:00:00+07:00,60.0,5.3,49.0,/dl/web/weather/ic-weather-02d.svg,Hải Phòng,-0.3875700885556366,0,-0.8393159832557705,0
2025-09-07 16:00:00+07:00,57.0,5.4,52.0,/dl/web/weather/ic-weather-02d.svg,Hải Phòng,-0.4686302232737896,0,-0.822303866403341,0
2025-09-07 17:00:00+07:00,55.0,5.3,60.0,/dl/web/weather/ic-weather-02d.svg,Hải Phòng,-0.5226703130858916,0,-0.8393159832557705,0
2025-09-07 18:00:00+07:00,56.0,5.5,67.0,/dl/web/weather/ic-weather-02d.svg,Hải Phòng,-0.4956502681798406,0,-0.8052917495509115,0
2025-09-07 19:00:00+07:00,59.0,4.7,70.0,/dl/web/weather/ic-weather-10n.svg,Hải Phòng,-0.4145901334616876,0,-0.9413886843703473,0
2025-09-07 20:00:00+07:00,55.0,3.7,76.0,/dl/web/weather/ic-weather-01n.svg,Hải Phòng,-0.5226703130858916,0,-1.111509852894642,0
2025-09-07 21:00:00+07:00,56.0,3.0,77.0,/dl/web/weather/ic-weather-01n.svg,Hải Phòng,-0.4956502681798406,0,-1.2305946708616484,0
2025-09-07 22:00:00+07:00,57.0,4.8,77.0,/dl/web/weather/ic-weather-03n.svg,Hải Phòng,-0.4686302232737896,0,-0.9243765675179179,0
2025-09-07 23:00:00+07:00,53.0,2.1,77.0,/dl/web/weather/ic-weather-03n.svg,Hải Phòng,-0.5767104028979936,0,-1.3837037225335136,0
2025-09-08 00:00:00+07:00,50.0,2.7,78.0,/dl/web/weather/ic-weather-03n.svg,Hải Phòng,-0.6577705376161466,0,-1.2816310214189368,0
2025-09-08 01:00:00+07:00,63.0,4.5,80.0,/dl/web/weather/ic-weather-02n.svg,Hải Phòng,-0.30650995383748364,0,-0.9754129180752062,0
2025-09-08 02:00:00+07:00,85.0,3.1,85.0,/dl/web/weather/ic-weather-03n.svg,Hải Phòng,0.2879310340956383,0,-1.2135825540092189,0
2025-09-08 03:00:00+07:00,66.0,2.6,85.0,/dl/web/weather/ic-weather-03n.svg,Hải Phòng,-0.22544981911933062,0,-1.2986431382713663,0
2025-09-08 04:00:00+07:00,59.0,2.4,85.0,/dl/web/weather/ic-weather-03n.svg,Hải Phòng,-0.4145901334616876,0,-1.3326673719762252,0
2025-09-08 05:00:00+07:00,60.0,3.1,88.0,/dl/web/weather/ic-weather-03n.svg,Hải Phòng,-0.3875700885556366,0,-1.2135825540092189,0
2025-09-08 06:00:00+07:00,68.0,2.3,88.0,/dl/web/weather/ic-weather-03d.svg,Hải Phòng,-0.17140972930722864,0,-1.3496794888286547,0
2025-09-08 08:00:00+07:00,74.0,3.8,78.0,/dl/web/weather/ic-weather-10d.svg,Hải Phòng,-0.00928945987092266,0,-1.0944977360422126,0
2025-09-08 10:00:00+07:00,74.0,6.3,65.0,/dl/web/weather/ic-weather-10d.svg,Hải Phòng,-0.00928945987092266,0,-0.6691948147314758,0
2025-09-08 11:00:00+07:00,91.0,6.2,54.0,/dl/web/weather/ic-weather-10d.svg,Hải Phòng,0.4500513035319443,0,-0.6862069315839052,0
2025-09-08 12:00:00+07:00,95.0,5.1,54.0,/dl/web/weather/ic-weather-10d.svg,Hải Phòng,0.5581314831561482,0,-0.8733402169606295,0
2025-09-08 13:00:00+07:00,101.0,5.1,53.0,/dl/web/weather/ic-weather-03d.svg,Hải Phòng,0.7202517525924542,0,-0.8733402169606295,0
2025-09-08 14:00:00+07:00,113.0,4.3,54.0,/dl/web/weather/ic-weather-04d.svg,Hải Phòng,1.0444922914650663,0,-1.0094371517800653,0
2025-09-08 15:00:00+07:00,115.0,6.8,67.0,/dl/web/weather/ic-weather-04d.svg,Hải Phòng,1.0985323812771681,0,-0.5841342304693284,0
2025-09-08 16:00:00+07:00,147.0,6.9,76.0,/dl/web/weather/ic-weather-10d.svg,Hải Phòng,1.9631738182708,0,-0.5671221136168989,0
2025-09-08 17:00:00+07:00,139.0,7.3,75.0,/dl/web/weather/ic-weather-10d.svg,Hải Phòng,1.747013459022392,0,-0.4990736462071811,0
2025-09-08 18:00:00+07:00,111.0,7.4,84.0,/dl/web/weather/ic-weather-04d.svg,Hải Phòng,0.9904522016529642,0,-0.48206152935475155,0
2025-09-08 19:00:00+07:00,113.0,6.8,84.0,/dl/web/weather/ic-weather-04n.svg,Hải Phòng,1.0444922914650663,0,-0.5841342304693284,0
2025-09-08 20:00:00+07:00,111.0,6.8,84.0,/dl/web/weather/ic-weather-04n.svg,Hải Phòng,0.9904522016529642,0,-0.5841342304693284,0
2025-09-08 21:00:00+07:00,96.0,5.9,89.0,/dl/web/weather/ic-weather-04n.svg,Hải Phòng,0.5851515280621993,0,-0.7372432821411936,0
2025-09-08 22:00:00+07:00,94.0,5.3,84.0,/dl/web/weather/ic-weather-04n.svg,Hải Phòng,0.5311114382500972,0,-0.8393159832557705,0
2025-09-08 23:00:00+07:00,69.0,4.6,83.0,/dl/web/weather/ic-weather-04n.svg,Hải Phòng,-0.14438968440117764,0,-0.9584008012227768,0
2025-09-09 00:00:00+07:00,56.0,2.6,82.0,/dl/web/weather/ic-weather-10n.svg,Hải Phòng,-0.4956502681798406,0,-1.2986431382713663,0
2025-09-09 01:00:00+07:00,56.0,1.6,88.0,/dl/web/weather/ic-weather-04n.svg,Hải Phòng,-0.4956502681798406,0,-1.468764306795661,0
2025-09-09 02:00:00+07:00,39.0,1.5,90.0,/dl/web/weather/ic-weather-04n.svg,Hải Phòng,-0.9549910315827075,0,-1.4857764236480904,0
2025-09-09 03:00:00+07:00,17.0,2.2,91.0,/dl/web/weather/ic-weather-04n.svg,Hải Phòng,-1.5494320195158295,0,-1.3666916056810843,0
2025-09-09 04:00:00+07:00,31.0,3.7,93.0,/dl/web/weather/ic-weather-04n.svg,Hải Phòng,-1.1711513908311155,0,-1.111509852894642,0
2025-09-09 05:00:00+07:00,42.0,4.7,93.0,/dl/web/weather/ic-weather-04n.svg,Hải Phòng,-0.8739308968645545,0,-0.9413886843703473,0
2025-09-09 06:00:00+07:00,47.0,5.0,92.0,/dl/web/weather/ic-weather-04d.svg,Hải Phòng,-0.7388306723342996,0,-0.8903523338130589,0
2025-09-09 08:00:00+07:00,55.0,5.9,86.0,/dl/web/weather/ic-weather-04d.svg,Hải Phòng,-0.5226703130858916,0,-0.7372432821411936,0
2025-09-09 10:00:00+07:00,55.0,8.4,74.0,/dl/web/weather/ic-weather-04d.svg,Hải Phòng,-0.5226703130858916,0,-0.31194036083045684,0
2025-09-09 11:00:00+07:00,25.0,8.9,67.0,/dl/web/weather/ic-weather-04d.svg,Hải Phòng,-1.3332716602674215,0,-0.22687977656830946,0
2025-09-09 12:00:00+07:00,22.0,9.8,66.0,/dl/web/weather/ic-weather-04d.svg,Hải Phòng,-1.4143317949855745,0,-0.07377072489644415,0
2025-09-09 13:00:00+07:00,14.0,8.9,71.0,/dl/web/weather/ic-weather-04d.svg,Hải Phòng,-1.6304921542339825,0,-0.22687977656830946,0
2025-09-09 14:00:00+07:00,36.0,9.1,78.0,/dl/web/weather/ic-weather-04d.svg,Hải Phòng,-1.0360511663008605,0,-0.19285554286345064,0
2025-09-09 15:00:00+07:00,33.0,9.7,87.0,/dl/web/weather/ic-weather-04d.svg,Hải Phòng,-1.1171113010190135,0,-0.09078284174887387,0
2025-09-09 16:00:00+07:00,50.0,8.8,89.0,/dl/web/weather/ic-weather-10d.svg,Hải Phòng,-0.6577705376161466,0,-0.24389189342073886,0
2025-09-09 17:00:00+07:00,55.0,6.3,89.0,/dl/web/weather/ic-weather-10d.svg,Hải Phòng,-0.5226703130858916,0,-0.6691948147314758,0
2025-09-09 18:00:00+07:00,55.0,5.6,93.0,/dl/web/weather/ic-weather-04d.svg,Hải Phòng,-0.5226703130858916,0,-0.7882796326984821,0
2025-09-09 19:00:00+07:00,47.0,5.1,92.0,/dl/web/weather/ic-weather-04n.svg,Hải Phòng,-0.7388306723342996,0,-0.8733402169606295,0
2025-09-09 20:00:00+07:00,53.0,5.8,91.0,/dl/web/weather/ic-weather-04n.svg,Hải Phòng,-0.5767104028979936,0,-0.7542553989936231,0
2025-09-09 21:00:00+07:00,60.0,5.5,92.0,/dl/web/weather/ic-weather-04n.svg,Hải Phòng,-0.3875700885556366,0,-0.8052917495509115,0
2025-09-09 22:00:00+07:00,50.0,5.6,93.0,/dl/web/weather/ic-weather-04n.svg,Hải Phòng,-0.6577705376161466,0,-0.7882796326984821,0
2025-09-09 23:00:00+07:00,47.0,5.4,90.0,/dl/web/weather/ic-weather-04n.svg,Hải Phòng,-0.7388306723342996,0,-0.822303866403341,0
2025-09-10 00:00:00+07:00,52.0,4.6,89.0,/dl/web/weather/ic-weather-04n.svg,Hải Phòng,-0.6037304478040446,0,-0.9584008012227768,0
2025-09-10 01:00:00+07:00,50.0,5.9,92.0,/dl/web/weather/ic-weather-04n.svg,Hải Phòng,-0.6577705376161466,0,-0.7372432821411936,0
2025-09-10 02:00:00+07:00,50.0,5.7,92.0,/dl/web/weather/ic-weather-04n.svg,Hải Phòng,-0.6577705376161466,0,-0.7712675158460526,0
2025-09-10 03:00:00+07:00,56.0,4.4,89.0,/dl/web/weather/ic-weather-04n.svg,Hải Phòng,-0.4956502681798406,0,-0.9924250349276357,0
2025-09-10 04:00:00+07:00,33.0,5.1,86.0,/dl/web/weather/ic-weather-10n.svg,Hải Phòng,-1.1171113010190135,0,-0.8733402169606295,0
2025-09-10 05:00:00+07:00,28.0,5.0,90.0,/dl/web/weather/ic-weather-10n.svg,Hải Phòng,-1.2522115255492685,0,-0.8903523338130589,0
2025-09-10 06:00:00+07:00,25.0,3.8,90.0,/dl/web/weather/ic-weather-10d.svg,Hải Phòng,-1.3332716602674215,0,-1.0944977360422126,0
2025-09-10 09:00:00+07:00,33.0,7.0,85.0,/dl/web/weather/ic-weather-04d.svg,Hải Phòng,-1.1171113010190135,0,-0.5501099967644695,0
2025-09-10 10:00:00+07:00,39.0,6.7,80.0,/dl/web/weather/ic-weather-04d.svg,Hải Phòng,-0.9549910315827075,0,-0.6011463473217579,0
2025-09-10 11:00:00+07:00,33.0,7.4,85.0,/dl/web/weather/ic-weather-04d.svg,Hải Phòng,-1.1171113010190135,0,-0.48206152935475155,0
2025-09-10 12:00:00+07:00,33.0,8.0,82.0,/dl/web/weather/ic-weather-04d.svg,Hải Phòng,-1.1171113010190135,0,-0.37998882824017477,0
2025-09-10 13:00:00+07:00,36.0,8.4,79.0,/dl/web/weather/ic-weather-04d.svg,Hải Phòng,-1.0360511663008605,0,-0.31194036083045684,0
2025-09-10 14:00:00+07:00,50.0,6.4,79.0,/dl/web/weather/ic-weather-04d.svg,Hải Phòng,-0.6577705376161466,0,-0.6521826978790463,0
2025-09-10 15:00:00+07:00,59.0,8.0,75.0,/dl/web/weather/ic-weather-04d.svg,Hải Phòng,-0.4145901334616876,0,-0.37998882824017477,0
2025-09-10 16:00:00+07:00,67.0,9.2,71.0,/dl/web/weather/ic-weather-10d.svg,Hải Phòng,-0.19842977421327965,0,-0.17584342601102124,0
2025-09-10 17:00:00+07:00,57.0,9.8,75.0,/dl/web/weather/ic-weather-04d.svg,Hải Phòng,-0.4686302232737896,0,-0.07377072489644415,0
2025-09-10 18:00:00+07:00,33.0,8.2,80.0,/dl/web/weather/ic-weather-04d.svg,Hải Phòng,-1.1171113010190135,0,-0.3459645945353159,0
2025-09-10 19:00:00+07:00,44.0,7.2,81.0,/dl/web/weather/ic-weather-04n.svg,Hải Phòng,-0.8198908070524525,0,-0.5160857630596105,0
2025-09-10 20:00:00+07:00,36.0,7.5,84.0,/dl/web/weather/ic-weather-04n.svg,Hải Phòng,-1.0360511663008605,0,-0.4650494125023221,0
2025-09-10 21:00:00+07:00,39.0,6.9,84.0,/dl/web/weather/ic-weather-04n.svg,Hải Phòng,-0.9549910315827075,0,-0.5671221136168989,0
2025-09-10 22:00:00+07:00,25.0,6.2,84.0,/dl/web/weather/ic-weather-04n.svg,Hải Phòng,-1.3332716602674215,0,-0.6862069315839052,0
2025-09-10 23:00:00+07:00,25.0,6.0,84.0,/dl/web/weather/ic-weather-04n.svg,Hải Phòng,-1.3332716602674215,0,-0.7202311652887642,0
2025-09-11 00:00:00+07:00,19.0,5.4,85.0,/dl/web/weather/ic-weather-04n.svg,Hải Phòng,-1.4953919297037275,0,-0.822303866403341,0
2025-09-11 01:00:00+07:00,14.0,9.0,85.0,/dl/web/weather/ic-weather-04n.svg,Hải Phòng,-1.6304921542339825,0,-0.20986765971588006,0
2025-09-11 02:00:00+07:00,36.0,5.0,85.0,/dl/web/weather/ic-weather-04n.svg,Hải Phòng,-1.0360511663008605,0,-0.8903523338130589,0
2025-09-11 03:00:00+07:00,19.0,4.7,86.0,/dl/web/weather/ic-weather-04n.svg,Hải Phòng,-1.4953919297037275,0,-0.9413886843703473,0
2025-09-11 04:00:00+07:00,17.0,8.1,88.0,/dl/web/weather/ic-weather-04n.svg,Hải Phòng,-1.5494320195158295,0,-0.36297671138774534,0
2025-09-11 05:00:00+07:00,19.0,5.5,92.0,/dl/web/weather/ic-weather-04n.svg,Hải Phòng,-1.4953919297037275,0,-0.8052917495509115,0
2025-09-11 06:00:00+07:00,28.0,5.8,91.0,/dl/web/weather/ic-weather-04d.svg,Hải Phòng,-1.2522115255492685,0,-0.7542553989936231,0
2025-09-11 08:00:00+07:00,39.0,10.0,87.0,/dl/web/weather/ic-weather-04d.svg,Hải Phòng,-0.9549910315827075,0,-0.03974649119158533,0
2025-09-11 10:00:00+07:00,47.0,11.4,84.0,/dl/web/weather/ic-weather-04d.svg,Hải Phòng,-0.7388306723342996,0,0.19842314474242734,0
2025-09-11 11:00:00+07:00,53.0,11.7,79.0,/dl/web/weather/ic-weather-10d.svg,Hải Phòng,-0.5767104028979936,0,0.24945949529971556,0
2025-09-11 12:00:00+07:00,44.0,12.3,78.0,/dl/web/weather/ic-weather-10d.svg,Hải Phòng,-0.8198908070524525,0,0.3515321964142926,0
2025-09-11 13:00:00+07:00,36.0,11.3,79.0,/dl/web/weather/ic-weather-10d.svg,Hải Phòng,-1.0360511663008605,0,0.1814110278899979,0
2025-09-11 14:00:00+07:00,39.0,12.2,80.0,/dl/web/weather/ic-weather-10d.svg,Hải Phòng,-0.9549910315827075,0,0.3345200795618629,0
2025-09-11 15:00:00+07:00,52.0,12.6,80.0,/dl/web/weather/ic-weather-10d.svg,Hải Phòng,-0.6037304478040446,0,0.40256854697158084,0
2025-09-11 16:00:00+07:00,55.0,11.4,79.0,/dl/web/weather/ic-weather-04d.svg,Hải Phòng,-0.5226703130858916,0,0.19842314474242734,0
2025-09-11 17:00:00+07:00,52.0,10.2,79.0,/dl/web/weather/ic-weather-10d.svg,Hải Phòng,-0.6037304478040446,0,-0.005722257486726512,0
2025-09-11 18:00:00+07:00,55.0,8.3,85.0,/dl/web/weather/ic-weather-04d.svg,Hải Phòng,-0.5226703130858916,0,-0.3289524776828862,0
2025-09-11 19:00:00+07:00,52.0,7.1,85.0,/dl/web/weather/ic-weather-10n.svg,Hải Phòng,-0.6037304478040446,0,-0.53309787991204,0
2025-09-11 20:00:00+07:00,54.0,7.0,85.0,/dl/web/weather/ic-weather-10n.svg,Hải Phòng,-0.5496903579919425,0,-0.5501099967644695,0
2025-09-11 21:00:00+07:00,44.0,7.6,85.0,/dl/web/weather/ic-weather-03n.svg,Hải Phòng,-0.8198908070524525,0,-0.4480372956498927,0
2025-09-11 22:00:00+07:00,44.0,7.7,85.0,/dl/web/weather/ic-weather-04n.svg,Hải Phòng,-0.8198908070524525,0,-0.43102517879746316,0
2025-09-11 23:00:00+07:00,39.0,9.1,86.0,/dl/web/weather/ic-weather-04n.svg,Hải Phòng,-0.9549910315827075,0,-0.19285554286345064,0
2025-09-12 00:00:00+07:00,31.0,8.5,87.0,/dl/web/weather/ic-weather-04n.svg,Hải Phòng,-1.1711513908311155,0,-0.2949282439780274,0
2025-09-12 01:00:00+07:00,36.0,7.2,86.0,/dl/web/weather/ic-weather-04n.svg,Hải Phòng,-1.0360511663008605,0,-0.5160857630596105,0
2025-09-12 02:00:00+07:00,39.0,6.5,87.0,/dl/web/weather/ic-weather-04n.svg,Hải Phòng,-0.9549910315827075,0,-0.6351705810266168,0
2025-09-12 03:00:00+07:00,39.0,6.1,89.0,/dl/web/weather/ic-weather-04n.svg,Hải Phòng,-0.9549910315827075,0,-0.7032190484363348,0
2025-09-12 04:00:00+07:00,31.0,6.0,89.0,/dl/web/weather/ic-weather-04n.svg,Hải Phòng,-1.1711513908311155,0,-0.7202311652887642,0
2025-09-12 05:00:00+07:00,33.0,5.1,90.0,/dl/web/weather/ic-weather-10n.svg,Hải Phòng,-1.1171113010190135,0,-0.8733402169606295,0
2025-09-12 06:00:00+07:00,36.0,5.3,95.0,/dl/web/weather/ic-weather-04d.svg,Hải Phòng,-1.0360511663008605,0,-0.8393159832557705,0
2025-09-12 08:00:00+07:00,42.0,8.9,88.0,/dl/web/weather/ic-weather-10d.svg,Hải Phòng,-0.8739308968645545,0,-0.22687977656830946,0
2025-09-12 09:00:00+07:00,47.0,10.2,88.0,/dl/web/weather/ic-weather-04d.svg,Hải Phòng,-0.7388306723342996,0,-0.005722257486726512,0
2025-09-12 10:00:00+07:00,47.0,11.1,77.0,/dl/web/weather/ic-weather-04d.svg,Hải Phòng,-0.7388306723342996,0,0.14738679418513878,0
2025-09-12 11:00:00+07:00,28.0,11.8,77.0,/dl/web/weather/ic-weather-04d.svg,Hải Phòng,-1.2522115255492685,0,0.26647161215214527,0
2025-09-12 12:00:00+07:00,25.0,12.2,74.0,/dl/web/weather/ic-weather-04d.svg,Hải Phòng,-1.3332716602674215,0,0.3345200795618629,0
2025-09-12 13:00:00+07:00,17.0,12.4,67.0,/dl/web/weather/ic-weather-04d.svg,Hải Phòng,-1.5494320195158295,0,0.36854431326672205,0
2025-09-12 14:00:00+07:00,22.0,12.8,68.0,/dl/web/weather/ic-weather-04d.svg,Hải Phòng,-1.4143317949855745,0,0.43659278067644,0
2025-09-12 15:00:00+07:00,22.0,12.6,71.0,/dl/web/weather/ic-weather-03d.svg,Hải Phòng,-1.4143317949855745,0,0.40256854697158084,0
2025-09-12 16:00:00+07:00,36.0,11.7,74.0,/dl/web/weather/ic-weather-03d.svg,Hải Phòng,-1.0360511663008605,0,0.24945949529971556,0
2025-09-12 17:00:00+07:00,33.0,10.8,75.0,/dl/web/weather/ic-weather-03d.svg,Hải Phòng,-1.1171113010190135,0,0.09635044362785056,0
2025-09-12 18:00:00+07:00,39.0,8.4,78.0,/dl/web/weather/ic-weather-02d.svg,Hải Phòng,-0.9549910315827075,0,-0.31194036083045684,0
2025-09-12 19:00:00+07:00,33.0,6.3,79.0,/dl/web/weather/ic-weather-02n.svg,Hải Phòng,-1.1171113010190135,0,-0.6691948147314758,0
2025-09-12 20:00:00+07:00,36.0,5.5,81.0,/dl/web/weather/ic-weather-01n.svg,Hải Phòng,-1.0360511663008605,0,-0.8052917495509115,0
2025-09-12 21:00:00+07:00,31.0,5.5,83.0,/dl/web/weather/ic-weather-01n.svg,Hải Phòng,-1.1711513908311155,0,-0.8052917495509115,0
2025-09-12 22:00:00+07:00,33.0,4.3,84.0,/dl/web/weather/ic-weather-01n.svg,Hải Phòng,-1.1171113010190135,0,-1.0094371517800653,0
2025-09-12 23:00:00+07:00,33.0,3.8,84.0,/dl/web/weather/ic-weather-01n.svg,Hải Phòng,-1.1171113010190135,0,-1.0944977360422126,0
2025-09-13 00:00:00+07:00,28.0,3.0,87.0,/dl/web/weather/ic-weather-01n.svg,Hải Phòng,-1.2522115255492685,0,-1.2305946708616484,0
2025-09-13 01:00:00+07:00,39.0,2.6,84.0,/dl/web/weather/ic-weather-02n.svg,Hải Phòng,-0.9549910315827075,0,-1.2986431382713663,0
2025-09-13 02:00:00+07:00,50.0,3.1,83.0,/dl/web/weather/ic-weather-04n.svg,Hải Phòng,-0.6577705376161466,0,-1.2135825540092189,0
2025-09-13 03:00:00+07:00,53.0,2.9,83.0,/dl/web/weather/ic-weather-04n.svg,Hải Phòng,-0.5767104028979936,0,-1.2476067877140777,0
2025-09-13 04:00:00+07:00,50.0,2.5,88.0,/dl/web/weather/ic-weather-04n.svg,Hải Phòng,-0.6577705376161466,0,-1.3156552551237957,0
2025-09-13 05:00:00+07:00,50.0,3.2,93.0,/dl/web/weather/ic-weather-03n.svg,Hải Phòng,-0.6577705376161466,0,-1.1965704371567893,0
2025-09-13 06:00:00+07:00,50.0,3.8,91.0,/dl/web/weather/ic-weather-03d.svg,Hải Phòng,-0.6577705376161466,0,-1.0944977360422126,0
2025-09-13 08:00:00+07:00,39.0,3.1,82.0,/dl/web/weather/ic-weather-04d.svg,Hải Phòng,-0.9549910315827075,0,-1.2135825540092189,0
2025-09-13 09:00:00+07:00,33.0,3.4,77.0,/dl/web/weather/ic-weather-04d.svg,Hải Phòng,-1.1171113010190135,0,-1.1625462034519305,0
2025-09-13 10:00:00+07:00,36.0,3.0,71.0,/dl/web/weather/ic-weather-04d.svg,Hải Phòng,-1.0360511663008605,0,-1.2305946708616484,0
2025-09-13 11:00:00+07:00,31.0,3.7,70.0,/dl/web/weather/ic-weather-04d.svg,Hải Phòng,-1.1711513908311155,0,-1.111509852894642,0
2025-09-13 12:00:00+07:00,25.0,5.1,66.0,/dl/web/weather/ic-weather-04d.svg,Hải Phòng,-1.3332716602674215,0,-0.8733402169606295,0
2025-09-13 13:00:00+07:00,22.0,7.8,65.0,/dl/web/weather/ic-weather-04d.svg,Hải Phòng,-1.4143317949855745,0,-0.41401306194503373,0
2025-09-13 14:00:00+07:00,25.0,9.3,66.0,/dl/web/weather/ic-weather-10d.svg,Hải Phòng,-1.3332716602674215,0,-0.1588313091585915,0
2025-09-13 15:00:00+07:00,28.0,10.0,65.0,/dl/web/weather/ic-weather-04d.svg,Hải Phòng,-1.2522115255492685,0,-0.03974649119158533,0
2025-09-13 16:00:00+07:00,31.0,9.5,68.0,/dl/web/weather/ic-weather-10d.svg,Hải Phòng,-1.1711513908311155,0,-0.1248070754537327,0
2025-09-13 17:00:00+07:00,39.0,8.6,68.0,/dl/web/weather/ic-weather-04d.svg,Hải Phòng,-0.9549910315827075,0,-0.277916127125598,0
2025-09-13 18:00:00+07:00,50.0,7.0,75.0,/dl/web/weather/ic-weather-04n.svg,Hải Phòng,-0.6577705376161466,0,-0.5501099967644695,0
2025-09-13 19:00:00+07:00,25.0,6.7,78.0,/dl/web/weather/ic-weather-04n.svg,Hải Phòng,-1.3332716602674215,0,-0.6011463473217579,0
2025-09-13 20:00:00+07:00,28.0,6.8,80.0,/dl/web/weather/ic-weather-04n.svg,Hải Phòng,-1.2522115255492685,0,-0.5841342304693284,0
2025-09-13 21:00:00+07:00,22.0,6.3,80.0,/dl/web/weather/ic-weather-04n.svg,Hải Phòng,-1.4143317949855745,0,-0.6691948147314758,0
2025-09-13 22:00:00+07:00,28.0,5.7,80.0,/dl/web/weather/ic-weather-04n.svg,Hải Phòng,-1.2522115255492685,0,-0.7712675158460526,0
2025-09-13 23:00:00+07:00,47.0,7.7,85.0,/dl/web/weather/ic-weather-04n.svg,Hải Phòng,-0.7388306723342996,0,-0.43102517879746316,0
2025-09-14 00:00:00+07:00,44.0,4.2,84.0,/dl/web/weather/ic-weather-04n.svg,Hải Phòng,-0.8198908070524525,0,-1.0264492686324946,0
2025-09-14 01:00:00+07:00,53.0,2.6,84.0,/dl/web/weather/ic-weather-04n.svg,Hải Phòng,-0.5767104028979936,0,-1.2986431382713663,0
2025-09-14 02:00:00+07:00,55.0,2.0,85.0,/dl/web/weather/ic-weather-04n.svg,Hải Phòng,-0.5226703130858916,0,-1.4007158393859431,0
2025-09-14 03:00:00+07:00,36.0,1.7,88.0,/dl/web/weather/ic-weather-04n.svg,Hải Phòng,-1.0360511663008605,0,-1.4517521899432315,0
2025-09-14 04:00:00+07:00,44.0,1.9,93.0,/dl/web/weather/ic-weather-04n.svg,Hải Phòng,-0.8198908070524525,0,-1.4177279562383724,0
2025-09-14 05:00:00+07:00,47.0,2.8,93.0,/dl/web/weather/ic-weather-04n.svg,Hải Phòng,-0.7388306723342996,0,-1.2646189045665073,0
2025-09-14 06:00:00+07:00,60.0,2.6,89.0,/dl/web/weather/ic-weather-04d.svg,Hải Phòng,-0.3875700885556366,0,-1.2986431382713663,0
2025-09-14 08:00:00+07:00,42.0,4.5,88.0,/dl/web/weather/ic-weather-04d.svg,Hải Phòng,-0.8739308968645545,0,-0.9754129180752062,0
2025-09-14 10:00:00+07:00,47.0,4.1,71.0,/dl/web/weather/ic-weather-04d.svg,Hải Phòng,-0.7388306723342996,0,-1.0434613854849242,0
2025-09-14 11:00:00+07:00,36.0,4.2,70.0,/dl/web/weather/ic-weather-04d.svg,Hải Phòng,-1.0360511663008605,0,-1.0264492686324946,0
2025-09-14 12:00:00+07:00,31.0,4.7,66.0,/dl/web/weather/ic-weather-04d.svg,Hải Phòng,-1.1711513908311155,0,-0.9413886843703473,0
2025-09-14 13:00:00+07:00,25.0,7.1,66.0,/dl/web/weather/ic-weather-04d.svg,Hải Phòng,-1.3332716602674215,0,-0.53309787991204,0
2025-09-14 14:00:00+07:00,31.0,7.8,65.0,/dl/web/weather/ic-weather-04d.svg,Hải Phòng,-1.1711513908311155,0,-0.41401306194503373,0
2025-09-14 15:00:00+07:00,31.0,7.4,66.0,/dl/web/weather/ic-weather-04d.svg,Hải Phòng,-1.1711513908311155,0,-0.48206152935475155,0
2025-09-14 16:00:00+07:00,33.0,7.2,69.0,/dl/web/weather/ic-weather-04d.svg,Hải Phòng,-1.1171113010190135,0,-0.5160857630596105,0
2025-09-14 17:00:00+07:00,39.0,7.9,75.0,/dl/web/weather/ic-weather-04d.svg,Hải Phòng,-0.9549910315827075,0,-0.3970009450926042,0
2025-09-14 18:00:00+07:00,25.0,6.3,79.0,/dl/web/weather/ic-weather-10n.svg,Hải Phòng,-1.3332716602674215,0,-0.6691948147314758,0
2025-09-14 19:00:00+07:00,28.0,5.5,79.0,/dl/web/weather/ic-weather-04n.svg,Hải Phòng,-1.2522115255492685,0,-0.8052917495509115,0
2025-09-14 20:00:00+07:00,31.0,5.6,82.0,/dl/web/weather/ic-weather-04n.svg,Hải Phòng,-1.1711513908311155,0,-0.7882796326984821,0
2025-09-14 21:00:00+07:00,31.0,5.9,82.0,/dl/web/weather/ic-weather-04n.svg,Hải Phòng,-1.1711513908311155,0,-0.7372432821411936,0
2025-09-14 22:00:00+07:00,28.0,5.6,85.0,/dl/web/weather/ic-weather-04n.svg,Hải Phòng,-1.2522115255492685,0,-0.7882796326984821,0
2025-09-14 23:00:00+07:00,31.0,4.8,82.0,/dl/web/weather/ic-weather-04n.svg,Hải Phòng,-1.1711513908311155,0,-0.9243765675179179,0
2025-09-15 00:00:00+07:00,31.0,3.7,85.0,/dl/web/weather/ic-weather-04n.svg,Hải Phòng,-1.1711513908311155,0,-1.111509852894642,0
2025-09-15 01:00:00+07:00,31.0,2.9,88.0,/dl/web/weather/ic-weather-04n.svg,Hải Phòng,-1.1711513908311155,0,-1.2476067877140777,0
2025-09-15 02:00:00+07:00,25.0,3.8,89.0,/dl/web/weather/ic-weather-04n.svg,Hải Phòng,-1.3332716602674215,0,-1.0944977360422126,0
2025-09-15 03:00:00+07:00,22.0,3.5,87.0,/dl/web/weather/ic-weather-04n.svg,Hải Phòng,-1.4143317949855745,0,-1.145534086599501,0
2025-09-15 04:00:00+07:00,22.0,3.0,84.0,/dl/web/weather/ic-weather-04n.svg,Hải Phòng,-1.4143317949855745,0,-1.2305946708616484,0
2025-09-15 05:00:00+07:00,19.0,2.3,88.0,/dl/web/weather/ic-weather-04n.svg,Hải Phòng,-1.4953919297037275,0,-1.3496794888286547,0
2025-09-15 06:00:00+07:00,22.0,2.2,93.0,/dl/web/weather/ic-weather-04d.svg,Hải Phòng,-1.4143317949855745,0,-1.3666916056810843,0
2025-09-15 08:00:00+07:00,33.0,3.4,84.0,/dl/web/weather/ic-weather-04d.svg,Hải Phòng,-1.1171113010190135,0,-1.1625462034519305,0
2025-09-15 10:00:00+07:00,60.0,11.8,80.0,/dl/web/weather/ic-weather-04d.svg,Hải Phòng,-0.3875700885556366,0,0.26647161215214527,0
2025-09-15 11:00:00+07:00,47.0,10.2,83.0,/dl/web/weather/ic-weather-10d.svg,Hải Phòng,-0.7388306723342996,0,-0.005722257486726512,0
2025-09-15 12:00:00+07:00,39.0,10.9,75.0,/dl/web/weather/ic-weather-04d.svg,Hải Phòng,-0.9549910315827075,0,0.11336256048027997,0
2025-09-15 13:00:00+07:00,22.0,11.8,75.0,/dl/web/weather/ic-weather-10d.svg,Hải Phòng,-1.4143317949855745,0,0.26647161215214527,0
2025-09-15 14:00:00+07:00,19.0,12.3,79.0,/dl/web/weather/ic-weather-10d.svg,Hải Phòng,-1.4953919297037275,0,0.3515321964142926,0
2025-09-15 15:00:00+07:00,17.0,12.0,80.0,/dl/web/weather/ic-weather-04d.svg,Hải Phòng,-1.5494320195158295,0,0.3004958458570041,0
2025-09-15 16:00:00+07:00,19.0,10.5,74.0,/dl/web/weather/ic-weather-04d.svg,Hải Phòng,-1.4953919297037275,0,0.04531409307056202,0
2025-09-15 17:00:00+07:00,25.0,8.9,78.0,/dl/web/weather/ic-weather-04d.svg,Hải Phòng,-1.3332716602674215,0,-0.22687977656830946,0
2025-09-15 18:00:00+07:00,53.0,7.7,82.0,/dl/web/weather/ic-weather-03n.svg,Hải Phòng,-0.5767104028979936,0,-0.43102517879746316,0
2025-09-15 19:00:00+07:00,54.0,6.2,83.0,/dl/web/weather/ic-weather-03n.svg,Hải Phòng,-0.5496903579919425,0,-0.6862069315839052,0
2025-09-15 20:00:00+07:00,36.0,6.0,88.0,/dl/web/weather/ic-weather-02n.svg,Hải Phòng,-1.0360511663008605,0,-0.7202311652887642,0
2025-09-15 21:00:00+07:00,42.0,5.2,88.0,/dl/web/weather/ic-weather-02n.svg,Hải Phòng,-0.8739308968645545,0,-0.8563281001081999,0
2025-09-15 22:00:00+07:00,50.0,4.4,86.0,/dl/web/weather/ic-weather-02n.svg,Hải Phòng,-0.6577705376161466,0,-0.9924250349276357,0
2025-09-15 23:00:00+07:00,53.0,4.2,87.0,/dl/web/weather/ic-weather-01n.svg,Hải Phòng,-0.5767104028979936,0,-1.0264492686324946,0
2025-09-16 00:00:00+07:00,39.0,4.4,89.0,/dl/web/weather/ic-weather-01n.svg,Hải Phòng,-0.9549910315827075,0,-0.9924250349276357,0
2025-09-16 01:00:00+07:00,42.0,2.9,89.0,/dl/web/weather/ic-weather-03n.svg,Hải Phòng,-0.8739308968645545,0,-1.2476067877140777,0
2025-09-16 02:00:00+07:00,39.0,5.7,89.0,/dl/web/weather/ic-weather-04n.svg,Hải Phòng,-0.9549910315827075,0,-0.7712675158460526,0
2025-09-16 03:00:00+07:00,39.0,4.1,89.0,/dl/web/weather/ic-weather-04n.svg,Hải Phòng,-0.9549910315827075,0,-1.0434613854849242,0
2025-09-16 04:00:00+07:00,39.0,4.4,90.0,/dl/web/weather/ic-weather-04n.svg,Hải Phòng,-0.9549910315827075,0,-0.9924250349276357,0
2025-09-16 05:00:00+07:00,54.0,4.3,92.0,/dl/web/weather/ic-weather-04n.svg,Hải Phòng,-0.5496903579919425,0,-1.0094371517800653,0
2025-09-16 06:00:00+07:00,58.0,3.7,94.0,/dl/web/weather/ic-weather-04d.svg,Hải Phòng,-0.4416101783677386,0,-1.111509852894642,0
2025-09-16 08:00:00+07:00,69.0,3.1,81.0,/dl/web/weather/ic-weather-01d.svg,Hải Phòng,-0.14438968440117764,0,-1.2135825540092189,0
2025-09-16 10:00:00+07:00,42.5,1.45,70.5,/dl/web/weather/ic-weather-10d.svg,Hải Phòng,-0.860420874411529,0,-1.4942824820743053,0
2025-09-16 11:00:00+07:00,31.0,2.5,64.0,/dl/web/weather/ic-weather-03d.svg,Hải Phòng,-1.1711513908311155,0,-1.3156552551237957,0
2025-09-16 12:00:00+07:00,28.0,4.4,59.0,/dl/web/weather/ic-weather-03d.svg,Hải Phòng,-1.2522115255492685,0,-0.9924250349276357,0
2025-09-16 13:00:00+07:00,42.0,4.8,55.0,/dl/web/weather/ic-weather-03d.svg,Hải Phòng,-0.8739308968645545,0,-0.9243765675179179,0
2025-09-16 14:00:00+07:00,57.0,5.5,66.0,/dl/web/weather/ic-weather-10d.svg,Hải Phòng,-0.4686302232737896,0,-0.8052917495509115,0
2025-09-16 15:00:00+07:00,52.0,8.4,66.0,/dl/web/weather/ic-weather-10d.svg,Hải Phòng,-0.6037304478040446,0,-0.31194036083045684,0
2025-09-16 16:00:00+07:00,55.0,9.1,75.0,/dl/web/weather/ic-weather-10d.svg,Hải Phòng,-0.5226703130858916,0,-0.19285554286345064,0
2025-09-16 17:00:00+07:00,65.0,7.5,91.0,/dl/web/weather/ic-weather-10d.svg,Hải Phòng,-0.25246986402538163,0,-0.4650494125023221,0
2025-09-16 18:00:00+07:00,66.0,11.2,87.0,/dl/web/weather/ic-weather-03n.svg,Hải Phòng,-0.22544981911933062,0,0.1643989110375682,0
2025-09-16 19:00:00+07:00,66.0,6.2,80.0,/dl/web/weather/ic-weather-03n.svg,Hải Phòng,-0.22544981911933062,0,-0.6862069315839052,0
2025-09-16 20:00:00+07:00,77.0,5.7,84.0,/dl/web/weather/ic-weather-01n.svg,Hải Phòng,0.07177067484723033,0,-0.7712675158460526,0
2025-09-16 21:00:00+07:00,76.0,5.1,83.0,/dl/web/weather/ic-weather-03n.svg,Hải Phòng,0.04475062994117933,0,-0.8733402169606295,0
2025-09-16 22:00:00+07:00,67.0,5.1,84.0,/dl/web/weather/ic-weather-02n.svg,Hải Phòng,-0.19842977421327965,0,-0.8733402169606295,0
2025-09-16 23:00:00+07:00,68.0,5.5,86.0,/dl/web/weather/ic-weather-02n.svg,Hải Phòng,-0.17140972930722864,0,-0.8052917495509115,0
2025-09-17 00:00:00+07:00,66.0,5.2,89.0,/dl/web/weather/ic-weather-02n.svg,Hải Phòng,-0.22544981911933062,0,-0.8563281001081999,0
2025-09-17 01:00:00+07:00,64.0,4.5,89.0,/dl/web/weather/ic-weather-02n.svg,Hải Phòng,-0.2794899089314326,0,-0.9754129180752062,0
2025-09-17 02:00:00+07:00,52.0,5.4,89.0,/dl/web/weather/ic-weather-04n.svg,Hải Phòng,-0.6037304478040446,0,-0.822303866403341,0
2025-09-17 03:00:00+07:00,39.0,5.5,86.0,/dl/web/weather/ic-weather-04n.svg,Hải Phòng,-0.9549910315827075,0,-0.8052917495509115,0
2025-09-17 04:00:00+07:00,39.0,5.3,89.0,/dl/web/weather/ic-weather-04n.svg,Hải Phòng,-0.9549910315827075,0,-0.8393159832557705,0
2025-09-17 05:00:00+07:00,42.0,5.4,90.0,/dl/web/weather/ic-weather-04n.svg,Hải Phòng,-0.8739308968645545,0,-0.822303866403341,0
2025-09-17 06:00:00+07:00,44.0,5.8,90.0,/dl/web/weather/ic-weather-04d.svg,Hải Phòng,-0.8198908070524525,0,-0.7542553989936231,0
2025-09-17 08:00:00+07:00,47.0,4.0,84.0,/dl/web/weather/ic-weather-04d.svg,Hải Phòng,-0.7388306723342996,0,-1.0604735023373537,0
2025-09-17 10:00:00+07:00,44.5,6.4,82.0,/dl/web/weather/ic-weather-04d.svg,Hải Phòng,-0.8063807845994271,0,-0.6521826978790463,0
2025-09-17 11:00:00+07:00,47.0,6.6,79.0,/dl/web/weather/ic-weather-04d.svg,Hải Phòng,-0.7388306723342996,0,-0.6181584641741874,0
2025-09-17 12:00:00+07:00,50.0,7.3,74.0,/dl/web/weather/ic-weather-04d.svg,Hải Phòng,-0.6577705376161466,0,-0.4990736462071811,0
2025-09-17 13:00:00+07:00,39.0,8.3,78.0,/dl/web/weather/ic-weather-04d.svg,Hải Phòng,-0.9549910315827075,0,-0.3289524776828862,0
2025-09-17 14:00:00+07:00,42.0,9.1,78.0,/dl/web/weather/ic-weather-04d.svg,Hải Phòng,-0.8739308968645545,0,-0.19285554286345064,0
2025-09-17 15:00:00+07:00,17.0,8.4,77.0,/dl/web/weather/ic-weather-04d.svg,Hải Phòng,-1.5494320195158295,0,-0.31194036083045684,0
2025-09-17 16:00:00+07:00,17.0,8.3,70.0,/dl/web/weather/ic-weather-04d.svg,Hải Phòng,-1.5494320195158295,0,-0.3289524776828862,0
2025-09-17 17:00:00+07:00,36.0,8.9,76.0,/dl/web/weather/ic-weather-10d.svg,Hải Phòng,-1.0360511663008605,0,-0.22687977656830946,0
2025-09-17 18:00:00+07:00,44.0,8.7,80.0,/dl/web/weather/ic-weather-04n.svg,Hải Phòng,-0.8198908070524525,0,-0.26090401027316856,0
2025-09-17 19:00:00+07:00,28.0,6.3,82.0,/dl/web/weather/ic-weather-04n.svg,Hải Phòng,-1.2522115255492685,0,-0.6691948147314758,0
2025-09-17 20:00:00+07:00,36.0,5.3,80.0,/dl/web/weather/ic-weather-03n.svg,Hải Phòng,-1.0360511663008605,0,-0.8393159832557705,0
2025-09-17 21:00:00+07:00,44.0,4.9,80.0,/dl/web/weather/ic-weather-04n.svg,Hải Phòng,-0.8198908070524525,0,-0.9073644506654883,0
2025-09-17 22:00:00+07:00,44.0,4.6,90.0,/dl/web/weather/ic-weather-04n.svg,Hải Phòng,-0.8198908070524525,0,-0.9584008012227768,0
2025-09-17 23:00:00+07:00,42.0,4.1,90.0,/dl/web/weather/ic-weather-04n.svg,Hải Phòng,-0.8739308968645545,0,-1.0434613854849242,0
2025-09-18 00:00:00+07:00,47.0,4.3,91.0,/dl/web/weather/ic-weather-04n.svg,Hải Phòng,-0.7388306723342996,0,-1.0094371517800653,0
2025-09-18 01:00:00+07:00,52.0,4.7,91.0,/dl/web/weather/ic-weather-04n.svg,Hải Phòng,-0.6037304478040446,0,-0.9413886843703473,0
2025-09-18 02:00:00+07:00,59.0,4.8,90.0,/dl/web/weather/ic-weather-04n.svg,Hải Phòng,-0.4145901334616876,0,-0.9243765675179179,0
2025-09-18 03:00:00+07:00,50.0,4.4,92.0,/dl/web/weather/ic-weather-10n.svg,Hải Phòng,-0.6577705376161466,0,-0.9924250349276357,0
2025-09-18 04:00:00+07:00,39.0,3.9,90.0,/dl/web/weather/ic-weather-10n.svg,Hải Phòng,-0.9549910315827075,0,-1.077485619189783,0
2025-09-18 05:00:00+07:00,36.0,3.8,90.0,/dl/web/weather/ic-weather-10n.svg,Hải Phòng,-1.0360511663008605,0,-1.0944977360422126,0
2025-09-18 06:00:00+07:00,42.0,3.6,90.0,/dl/web/weather/ic-weather-10d.svg,Hải Phòng,-0.8739308968645545,0,-1.1285219697470716,0
2025-09-18 08:00:00+07:00,39.0,2.9,83.0,/dl/web/weather/ic-weather-04d.svg,Hải Phòng,-0.9549910315827075,0,-1.2476067877140777,0
2025-09-18 10:00:00+07:00,39.0,2.3,78.0,/dl/web/weather/ic-weather-04d.svg,Hải Phòng,-0.9549910315827075,0,-1.3496794888286547,0
2025-09-18 11:00:00+07:00,33.0,3.7,72.0,/dl/web/weather/ic-weather-04d.svg,Hải Phòng,-1.1171113010190135,0,-1.111509852894642,0
2025-09-18 12:00:00+07:00,33.0,3.1,65.0,/dl/web/weather/ic-weather-04d.svg,Hải Phòng,-1.1171113010190135,0,-1.2135825540092189,0
2025-09-18 13:00:00+07:00,39.0,3.0,71.0,/dl/web/weather/ic-weather-04d.svg,Hải Phòng,-0.9549910315827075,0,-1.2305946708616484,0
2025-09-18 14:00:00+07:00,31.0,1.5,69.0,/dl/web/weather/ic-weather-04d.svg,Hải Phòng,-1.1711513908311155,0,-1.4857764236480904,0
2025-09-18 15:00:00+07:00,36.0,3.9,71.0,/dl/web/weather/ic-weather-04d.svg,Hải Phòng,-1.0360511663008605,0,-1.077485619189783,0
2025-09-18 16:00:00+07:00,52.0,5.3,66.0,/dl/web/weather/ic-weather-04d.svg,Hải Phòng,-0.6037304478040446,0,-0.8393159832557705,0
2025-09-18 17:00:00+07:00,44.0,4.1,76.0,/dl/web/weather/ic-weather-04d.svg,Hải Phòng,-0.8198908070524525,0,-1.0434613854849242,0
2025-09-18 18:00:00+07:00,59.0,4.2,77.0,/dl/web/weather/ic-weather-04n.svg,Hải Phòng,-0.4145901334616876,0,-1.0264492686324946,0
2025-09-18 19:00:00+07:00,50.0,3.3,79.0,/dl/web/weather/ic-weather-04n.svg,Hải Phòng,-0.6577705376161466,0,-1.17955832030436,0
2025-09-18 20:00:00+07:00,42.0,3.4,83.0,/dl/web/weather/ic-weather-04n.svg,Hải Phòng,-0.8739308968645545,0,-1.1625462034519305,0
2025-09-18 21:00:00+07:00,47.0,3.1,82.0,/dl/web/weather/ic-weather-04n.svg,Hải Phòng,-0.7388306723342996,0,-1.2135825540092189,0
2025-09-18 22:00:00+07:00,55.0,3.1,84.0,/dl/web/weather/ic-weather-04n.svg,Hải Phòng,-0.5226703130858916,0,-1.2135825540092189,0
2025-09-18 23:00:00+07:00,39.0,3.4,84.0,/dl/web/weather/ic-weather-04n.svg,Hải Phòng,-0.9549910315827075,0,-1.1625462034519305,0
2025-09-19 00:00:00+07:00,55.0,3.7,88.0,/dl/web/weather/ic-weather-04n.svg,Hải Phòng,-0.5226703130858916,0,-1.111509852894642,0
2025-09-19 01:00:00+07:00,53.0,3.5,84.0,/dl/web/weather/ic-weather-04n.svg,Hải Phòng,-0.5767104028979936,0,-1.145534086599501,0
2025-09-19 02:00:00+07:00,44.0,4.4,82.0,/dl/web/weather/ic-weather-04n.svg,Hải Phòng,-0.8198908070524525,0,-0.9924250349276357,0
2025-09-19 03:00:00+07:00,36.0,4.1,94.0,/dl/web/weather/ic-weather-04n.svg,Hải Phòng,-1.0360511663008605,0,-1.0434613854849242,0
2025-09-19 04:00:00+07:00,42.0,4.0,94.0,/dl/web/weather/ic-weather-04n.svg,Hải Phòng,-0.8739308968645545,0,-1.0604735023373537,0
2025-09-19 05:00:00+07:00,47.0,4.3,94.0,/dl/web/weather/ic-weather-04n.svg,Hải Phòng,-0.7388306723342996,0,-1.0094371517800653,0
2025-09-19 06:00:00+07:00,42.0,3.7,90.0,/dl/web/weather/ic-weather-04d.svg,Hải Phòng,-0.8739308968645545,0,-1.111509852894642,0
2025-09-19 08:00:00+07:00,50.0,3.8,83.0,/dl/web/weather/ic-weather-03d.svg,Hải Phòng,-0.6577705376161466,0,-1.0944977360422126,0
2025-09-19 10:00:00+07:00,33.0,2.1,69.0,/dl/web/weather/ic-weather-04d.svg,Hải Phòng,-1.1171113010190135,0,-1.3837037225335136,0
2025-09-19 11:00:00+07:00,25.0,3.9,61.0,/dl/web/weather/ic-weather-04d.svg,Hải Phòng,-1.3332716602674215,0,-1.077485619189783,0
2025-09-19 12:00:00+07:00,25.0,7.1,58.0,/dl/web/weather/ic-weather-04d.svg,Hải Phòng,-1.3332716602674215,0,-0.53309787991204,0
2025-09-19 13:00:00+07:00,22.0,7.7,63.0,/dl/web/weather/ic-weather-04d.svg,Hải Phòng,-1.4143317949855745,0,-0.43102517879746316,0
2025-09-19 14:00:00+07:00,28.0,9.1,58.0,/dl/web/weather/ic-weather-03d.svg,Hải Phòng,-1.2522115255492685,0,-0.19285554286345064,0
2025-09-19 15:00:00+07:00,19.0,8.8,63.0,/dl/web/weather/ic-weather-02d.svg,Hải Phòng,-1.4953919297037275,0,-0.24389189342073886,0
2025-09-19 16:00:00+07:00,37.5,9.75,63.0,/dl/web/weather/ic-weather-02d.svg,Hải Phòng,-0.995521098941784,0,-0.08227678332265902,0
2025-09-19 17:00:00+07:00,25.0,5.5,71.0,/dl/web/weather/ic-weather-02d.svg,Hải Phòng,-1.3332716602674215,0,-0.8052917495509115,0
2025-09-19 18:00:00+07:00,47.0,7.1,80.0,/dl/web/weather/ic-weather-02n.svg,Hải Phòng,-0.7388306723342996,0,-0.53309787991204,0
2025-09-19 19:00:00+07:00,44.0,4.4,82.0,/dl/web/weather/ic-weather-02n.svg,Hải Phòng,-0.8198908070524525,0,-0.9924250349276357,0
2025-09-19 20:00:00+07:00,50.0,2.7,81.0,/dl/web/weather/ic-weather-01n.svg,Hải Phòng,-0.6577705376161466,0,-1.2816310214189368,0
2025-09-19 21:00:00+07:00,47.0,1.3,80.0,/dl/web/weather/ic-weather-01n.svg,Hải Phòng,-0.7388306723342996,0,-1.5198006573529492,0
2025-09-19 22:00:00+07:00,36.0,1.3,86.0,/dl/web/weather/ic-weather-01n.svg,Hải Phòng,-1.0360511663008605,0,-1.5198006573529492,0
2025-09-19 23:00:00+07:00,42.0,1.1,87.0,/dl/web/weather/ic-weather-01n.svg,Hải Phòng,-0.8739308968645545,0,-1.5538248910578083,0
2025-09-20 00:00:00+07:00,44.0,1.1,89.0,/dl/web/weather/ic-weather-01n.svg,Hải Phòng,-0.8198908070524525,0,-1.5538248910578083,0
2025-09-20 01:00:00+07:00,54.0,2.1,89.0,/dl/web/weather/ic-weather-01n.svg,Hải Phòng,-0.5496903579919425,0,-1.3837037225335136,0
2025-09-20 02:00:00+07:00,55.0,3.0,89.0,/dl/web/weather/ic-weather-02n.svg,Hải Phòng,-0.5226703130858916,0,-1.2305946708616484,0
2025-09-20 03:00:00+07:00,59.0,3.2,93.0,/dl/web/weather/ic-weather-03n.svg,Hải Phòng,-0.4145901334616876,0,-1.1965704371567893,0
2025-09-20 04:00:00+07:00,68.0,2.2,86.0,/dl/web/weather/ic-weather-03n.svg,Hải Phòng,-0.17140972930722864,0,-1.3666916056810843,0
2025-09-20 05:00:00+07:00,81.0,3.6,89.0,/dl/web/weather/ic-weather-03n.svg,Hải Phòng,0.1798508544714343,0,-1.1285219697470716,0
2025-09-20 06:00:00+07:00,77.0,3.9,89.0,/dl/web/weather/ic-weather-04d.svg,Hải Phòng,0.07177067484723033,0,-1.077485619189783,0
2025-09-20 08:00:00+07:00,88.0,3.1,83.0,/dl/web/weather/ic-weather-01d.svg,Hải Phòng,0.3689911688137913,0,-1.2135825540092189,0
2025-09-20 09:00:00+07:00,82.0,4.5,67.0,/dl/web/weather/ic-weather-01d.svg,Hải Phòng,0.20687089937748532,0,-0.9754129180752062,0
2025-09-20 10:00:00+07:00,66.0,5.3,62.0,/dl/web/weather/ic-weather-01d.svg,Hải Phòng,-0.22544981911933062,0,-0.8393159832557705,0
2025-09-20 11:00:00+07:00,61.0,4.8,58.0,/dl/web/weather/ic-weather-01d.svg,Hải Phòng,-0.3605500436495856,0,-0.9243765675179179,0
2025-09-20 12:00:00+07:00,59.0,4.6,55.0,/dl/web/weather/ic-weather-01d.svg,Hải Phòng,-0.4145901334616876,0,-0.9584008012227768,0
2025-09-20 13:00:00+07:00,63.0,3.8,53.0,/dl/web/weather/ic-weather-03d.svg,Hải Phòng,-0.30650995383748364,0,-1.0944977360422126,0
2025-09-20 14:00:00+07:00,66.0,4.8,52.0,/dl/web/weather/ic-weather-04d.svg,Hải Phòng,-0.22544981911933062,0,-0.9243765675179179,0
2025-09-20 15:00:00+07:00,70.0,5.7,61.0,/dl/web/weather/ic-weather-04d.svg,Hải Phòng,-0.11736963949512665,0,-0.7712675158460526,0
2025-09-20 16:00:00+07:00,74.0,6.3,65.0,/dl/web/weather/ic-weather-04d.svg,Hải Phòng,-0.00928945987092266,0,-0.6691948147314758,0
2025-09-20 17:00:00+07:00,78.0,7.3,69.0,/dl/web/weather/ic-weather-04d.svg,Hải Phòng,0.09879071975328133,0,-0.4990736462071811,0
2025-09-20 18:00:00+07:00,82.0,6.6,80.0,/dl/web/weather/ic-weather-04n.svg,Hải Phòng,0.20687089937748532,0,-0.6181584641741874,0
2025-09-20 19:00:00+07:00,86.0,5.3,81.0,/dl/web/weather/ic-weather-04n.svg,Hải Phòng,0.3149510790016893,0,-0.8393159832557705,0
2025-09-20 20:00:00+07:00,85.0,4.9,82.0,/dl/web/weather/ic-weather-01n.svg,Hải Phòng,0.2879310340956383,0,-0.9073644506654883,0
2025-09-20 21:00:00+07:00,67.0,4.0,83.0,/dl/web/weather/ic-weather-01n.svg,Hải Phòng,-0.19842977421327965,0,-1.0604735023373537,0
2025-09-20 22:00:00+07:00,64.0,3.4,84.0,/dl/web/weather/ic-weather-02n.svg,Hải Phòng,-0.2794899089314326,0,-1.1625462034519305,0
2025-09-20 23:00:00+07:00,61.0,2.6,82.0,/dl/web/weather/ic-weather-02n.svg,Hải Phòng,-0.3605500436495856,0,-1.2986431382713663,0
2025-09-21 00:00:00+07:00,56.0,1.4,88.0,/dl/web/weather/ic-weather-03n.svg,Hải Phòng,-0.4956502681798406,0,-1.50278854050052,0
2025-09-21 01:00:00+07:00,59.0,0.7,85.0,/dl/web/weather/ic-weather-02n.svg,Hải Phòng,-0.4145901334616876,0,-1.6218733584675262,0
2025-09-21 02:00:00+07:00,75.0,0.5,89.0,/dl/web/weather/ic-weather-03n.svg,Hải Phòng,0.017730585035128334,0,-1.655897592172385,0
2025-09-21 03:00:00+07:00,64.0,0.7,89.0,/dl/web/weather/ic-weather-04n.svg,Hải Phòng,-0.2794899089314326,0,-1.6218733584675262,0
2025-09-21 04:00:00+07:00,56.0,2.0,89.0,/dl/web/weather/ic-weather-04n.svg,Hải Phòng,-0.4956502681798406,0,-1.4007158393859431,0
2025-09-21 05:00:00+07:00,59.0,2.4,86.0,/dl/web/weather/ic-weather-04n.svg,Hải Phòng,-0.4145901334616876,0,-1.3326673719762252,0
2025-09-21 06:00:00+07:00,64.0,2.9,86.0,/dl/web/weather/ic-weather-04d.svg,Hải Phòng,-0.2794899089314326,0,-1.2476067877140777,0
2025-09-21 09:00:00+07:00,69.0,3.1,78.0,/dl/web/weather/ic-weather-03d.svg,Hải Phòng,-0.14438968440117764,0,-1.2135825540092189,0
2025-09-21 10:00:00+07:00,72.0,1.3,61.0,/dl/web/weather/ic-weather-03d.svg,Hải Phòng,-0.06332954968302465,0,-1.5198006573529492,0
2025-09-21 11:00:00+07:00,82.0,1.4,62.0,/dl/web/weather/ic-weather-03d.svg,Hải Phòng,0.20687089937748532,0,-1.50278854050052,0
2025-09-21 12:00:00+07:00,87.0,4.9,64.0,/dl/web/weather/ic-weather-03d.svg,Hải Phòng,0.3419711239077403,0,-0.9073644506654883,0
2025-09-21 13:00:00+07:00,73.0,8.9,67.0,/dl/web/weather/ic-weather-10d.svg,Hải Phòng,-0.03630950477697366,0,-0.22687977656830946,0
2025-09-21 14:00:00+07:00,75.0,9.9,67.0,/dl/web/weather/ic-weather-10d.svg,Hải Phòng,0.017730585035128334,0,-0.056758608044014745,0
2025-09-21 15:00:00+07:00,67.0,10.6,80.0,/dl/web/weather/ic-weather-10d.svg,Hải Phòng,-0.19842977421327965,0,0.062326209922991434,0
2025-09-21 16:00:00+07:00,74.0,11.0,82.0,/dl/web/weather/ic-weather-10d.svg,Hải Phòng,-0.00928945987092266,0,0.13037467733270938,0
2025-09-21 17:00:00+07:00,66.0,9.5,85.0,/dl/web/weather/ic-weather-02d.svg,Hải Phòng,-0.22544981911933062,0,-0.1248070754537327,0
2025-09-21 18:00:00+07:00,75.0,7.7,92.0,/dl/web/weather/ic-weather-02n.svg,Hải Phòng,0.017730585035128334,0,-0.43102517879746316,0
2025-09-21 19:00:00+07:00,77.0,6.4,89.0,/dl/web/weather/ic-weather-03n.svg,Hải Phòng,0.07177067484723033,0,-0.6521826978790463,0
2025-09-21 20:00:00+07:00,80.0,6.0,86.0,/dl/web/weather/ic-weather-04n.svg,Hải Phòng,0.1528308095653833,0,-0.7202311652887642,0
2025-09-21 21:00:00+07:00,81.0,6.0,88.0,/dl/web/weather/ic-weather-04n.svg,Hải Phòng,0.1798508544714343,0,-0.7202311652887642,0
2025-09-21 22:00:00+07:00,82.0,5.7,86.0,/dl/web/weather/ic-weather-04n.svg,Hải Phòng,0.20687089937748532,0,-0.7712675158460526,0
2025-09-21 23:00:00+07:00,81.0,6.5,90.0,/dl/web/weather/ic-weather-04n.svg,Hải Phòng,0.1798508544714343,0,-0.6351705810266168,0
2025-09-22 00:00:00+07:00,84.0,7.4,90.0,/dl/web/weather/ic-weather-10n.svg,Hải Phòng,0.26091098918958733,0,-0.48206152935475155,0
2025-09-22 01:00:00+07:00,74.0,7.5,89.0,/dl/web/weather/ic-weather-04n.svg,Hải Phòng,-0.00928945987092266,0,-0.4650494125023221,0
2025-09-22 02:00:00+07:00,74.0,7.3,89.0,/dl/web/weather/ic-weather-04n.svg,Hải Phòng,-0.00928945987092266,0,-0.4990736462071811,0
2025-09-22 03:00:00+07:00,81.0,6.2,90.0,/dl/web/weather/ic-weather-04n.svg,Hải Phòng,0.1798508544714343,0,-0.6862069315839052,0
2025-09-22 04:00:00+07:00,82.0,5.7,90.0,/dl/web/weather/ic-weather-04n.svg,Hải Phòng,0.20687089937748532,0,-0.7712675158460526,0
2025-09-22 05:00:00+07:00,74.0,5.7,89.0,/dl/web/weather/ic-weather-04n.svg,Hải Phòng,-0.00928945987092266,0,-0.7712675158460526,0
2025-09-22 06:00:00+07:00,44.0,4.4,93.0,/dl/web/weather/ic-weather-04d.svg,Hải Phòng,-0.8198908070524525,0,-0.9924250349276357,0
2025-09-22 09:00:00+07:00,56.0,3.2,92.0,/dl/web/weather/ic-weather-04d.svg,Hải Phòng,-0.4956502681798406,0,-1.1965704371567893,0
2025-09-22 10:00:00+07:00,64.0,1.5,86.0,/dl/web/weather/ic-weather-10d.svg,Hải Phòng,-0.2794899089314326,0,-1.4857764236480904,0
2025-09-22 11:00:00+07:00,65.0,2.5,90.0,/dl/web/weather/ic-weather-10d.svg,Hải Phòng,-0.25246986402538163,0,-1.3156552551237957,0
2025-09-22 12:00:00+07:00,72.0,1.9,90.0,/dl/web/weather/ic-weather-10d.svg,Hải Phòng,-0.06332954968302465,0,-1.4177279562383724,0
2025-09-22 13:00:00+07:00,53.0,1.8,84.0,/dl/web/weather/ic-weather-10d.svg,Hải Phòng,-0.5767104028979936,0,-1.434740073090802,0
2025-09-22 14:00:00+07:00,36.0,4.7,80.0,/dl/web/weather/ic-weather-10d.svg,Hải Phòng,-1.0360511663008605,0,-0.9413886843703473,0
2025-09-22 15:00:00+07:00,53.0,6.7,78.0,/dl/web/weather/ic-weather-04d.svg,Hải Phòng,-0.5767104028979936,0,-0.6011463473217579,0
2025-09-22 16:00:00+07:00,55.0,7.7,79.0,/dl/web/weather/ic-weather-04d.svg,Hải Phòng,-0.5226703130858916,0,-0.43102517879746316,0
2025-09-22 17:00:00+07:00,55.0,7.0,79.0,/dl/web/weather/ic-weather-04d.svg,Hải Phòng,-0.5226703130858916,0,-0.5501099967644695,0
2025-09-22 18:00:00+07:00,53.0,6.3,80.0,/dl/web/weather/ic-weather-04n.svg,Hải Phòng,-0.5767104028979936,0,-0.6691948147314758,0
2025-09-22 19:00:00+07:00,57.0,5.8,86.0,/dl/web/weather/ic-weather-04n.svg,Hải Phòng,-0.4686302232737896,0,-0.7542553989936231,0
2025-09-22 20:00:00+07:00,57.0,8.0,85.0,/dl/web/weather/ic-weather-04n.svg,Hải Phòng,-0.4686302232737896,0,-0.37998882824017477,0
2025-09-22 21:00:00+07:00,64.0,5.2,84.0,/dl/web/weather/ic-weather-04n.svg,Hải Phòng,-0.2794899089314326,0,-0.8563281001081999,0
2025-09-22 22:00:00+07:00,75.0,5.2,85.0,/dl/web/weather/ic-weather-04n.svg,Hải Phòng,0.017730585035128334,0,-0.8563281001081999,0
2025-09-22 23:00:00+07:00,75.0,4.8,90.0,/dl/web/weather/ic-weather-04n.svg,Hải Phòng,0.017730585035128334,0,-0.9243765675179179,0
2025-09-23 00:00:00+07:00,75.0,4.0,93.0,/dl/web/weather/ic-weather-04n.svg,Hải Phòng,0.017730585035128334,0,-1.0604735023373537,0
2025-09-23 01:00:00+07:00,69.0,3.9,93.0,/dl/web/weather/ic-weather-04n.svg,Hải Phòng,-0.14438968440117764,0,-1.077485619189783,0
2025-09-23 02:00:00+07:00,74.0,4.1,96.0,/dl/web/weather/ic-weather-04n.svg,Hải Phòng,-0.00928945987092266,0,-1.0434613854849242,0
2025-09-23 03:00:00+07:00,80.0,4.6,94.0,/dl/web/weather/ic-weather-04n.svg,Hải Phòng,0.1528308095653833,0,-0.9584008012227768,0
2025-09-23 04:00:00+07:00,88.0,5.2,96.0,/dl/web/weather/ic-weather-04n.svg,Hải Phòng,0.3689911688137913,0,-0.8563281001081999,0
2025-09-23 05:00:00+07:00,92.0,5.1,94.0,/dl/web/weather/ic-weather-04n.svg,Hải Phòng,0.47707134843799526,0,-0.8733402169606295,0
2025-09-23 06:00:00+07:00,129.0,4.3,94.0,/dl/web/weather/ic-weather-04d.svg,Hải Phòng,1.4768130099618821,0,-1.0094371517800653,0
2025-09-23 08:00:00+07:00,98.0,4.4,83.0,/dl/web/weather/ic-weather-03d.svg,Hải Phòng,0.6391916178743012,0,-0.9924250349276357,0
2025-09-23 10:00:00+07:00,85.0,4.4,71.0,/dl/web/weather/ic-weather-03d.svg,Hải Phòng,0.2879310340956383,0,-0.9924250349276357,0
2025-09-23 11:00:00+07:00,69.0,4.4,62.0,/dl/web/weather/ic-weather-02d.svg,Hải Phòng,-0.14438968440117764,0,-0.9924250349276357,0
2025-09-23 12:00:00+07:00,80.0,4.2,65.0,/dl/web/weather/ic-weather-02d.svg,Hải Phòng,0.1528308095653833,0,-1.0264492686324946,0
2025-09-23 13:00:00+07:00,80.0,1.9,62.0,/dl/web/weather/ic-weather-03d.svg,Hải Phòng,0.1528308095653833,0,-1.4177279562383724,0
2025-09-23 14:00:00+07:00,71.0,3.9,65.0,/dl/web/weather/ic-weather-03d.svg,Hải Phòng,-0.09034959458907565,0,-1.077485619189783,0
2025-09-23 15:00:00+07:00,75.0,3.7,64.0,/dl/web/weather/ic-weather-03d.svg,Hải Phòng,0.017730585035128334,0,-1.111509852894642,0
2025-09-23 16:00:00+07:00,78.0,3.6,72.0,/dl/web/weather/ic-weather-03d.svg,Hải Phòng,0.09879071975328133,0,-1.1285219697470716,0
2025-09-23 17:00:00+07:00,82.0,2.0,83.0,/dl/web/weather/ic-weather-03d.svg,Hải Phòng,0.20687089937748532,0,-1.4007158393859431,0
2025-09-23 18:00:00+07:00,73.0,2.8,82.0,/dl/web/weather/ic-weather-03n.svg,Hải Phòng,-0.03630950477697366,0,-1.2646189045665073,0
2025-09-23 19:00:00+07:00,79.0,3.4,88.0,/dl/web/weather/ic-weather-03n.svg,Hải Phòng,0.12581076465933233,0,-1.1625462034519305,0
2025-09-23 20:00:00+07:00,83.0,3.6,84.0,/dl/web/weather/ic-weather-02n.svg,Hải Phòng,0.2338909442835363,0,-1.1285219697470716,0
2025-09-23 21:00:00+07:00,105.0,4.2,88.0,/dl/web/weather/ic-weather-02n.svg,Hải Phòng,0.8283319322166582,0,-1.0264492686324946,0
2025-09-23 22:00:00+07:00,112.0,4.9,88.0,/dl/web/weather/ic-weather-03n.svg,Hải Phòng,1.0174722465590151,0,-0.9073644506654883,0
2025-09-23 23:00:00+07:00,113.0,5.5,84.0,/dl/web/weather/ic-weather-04n.svg,Hải Phòng,1.0444922914650663,0,-0.8052917495509115,0
2025-09-24 00:00:00+07:00,138.0,5.7,89.0,/dl/web/weather/ic-weather-04n.svg,Hải Phòng,1.719993414116341,0,-0.7712675158460526,0
2025-09-24 01:00:00+07:00,140.0,6.6,90.0,/dl/web/weather/ic-weather-04n.svg,Hải Phòng,1.7740335039284432,0,-0.6181584641741874,0
2025-09-24 02:00:00+07:00,119.0,7.3,89.0,/dl/web/weather/ic-weather-04n.svg,Hải Phòng,1.2066125609013723,0,-0.4990736462071811,0
2025-09-24 03:00:00+07:00,97.0,8.0,84.0,/dl/web/weather/ic-weather-04n.svg,Hải Phòng,0.6121715729682503,0,-0.37998882824017477,0
2025-09-24 04:00:00+07:00,85.0,9.0,89.0,/dl/web/weather/ic-weather-04n.svg,Hải Phòng,0.2879310340956383,0,-0.20986765971588006,0
2025-09-24 05:00:00+07:00,78.0,8.1,88.0,/dl/web/weather/ic-weather-04n.svg,Hải Phòng,0.09879071975328133,0,-0.36297671138774534,0
2025-09-24 06:00:00+07:00,75.0,6.8,89.0,/dl/web/weather/ic-weather-04d.svg,Hải Phòng,0.017730585035128334,0,-0.5841342304693284,0
2025-09-24 08:00:00+07:00,69.0,11.0,71.0,/dl/web/weather/ic-weather-04d.svg,Hải Phòng,-0.14438968440117764,0,0.13037467733270938,0
2025-09-24 10:00:00+07:00,59.0,16.7,56.0,/dl/web/weather/ic-weather-04d.svg,Hải Phòng,-0.4145901334616876,0,1.100065337921189,0
2025-09-24 11:00:00+07:00,55.0,17.5,56.0,/dl/web/weather/ic-weather-04d.svg,Hải Phòng,-0.5226703130858916,0,1.236162272740625,0
2025-09-24 12:00:00+07:00,53.0,17.5,55.0,/dl/web/weather/ic-weather-04d.svg,Hải Phòng,-0.5767104028979936,0,1.236162272740625,0
2025-09-24 13:00:00+07:00,47.0,17.6,53.0,/dl/web/weather/ic-weather-04d.svg,Hải Phòng,-0.7388306723342996,0,1.2531743895930547,0
2025-09-24 14:00:00+07:00,39.0,16.5,53.0,/dl/web/weather/ic-weather-04d.svg,Hải Phòng,-0.9549910315827075,0,1.0660411042163302,0
2025-09-24 15:00:00+07:00,47.0,15.2,55.0,/dl/web/weather/ic-weather-04d.svg,Hải Phòng,-0.7388306723342996,0,0.844883585134747,0
2025-09-24 16:00:00+07:00,50.0,12.1,53.0,/dl/web/weather/ic-weather-04d.svg,Hải Phòng,-0.6577705376161466,0,0.3175079627094335,0
2025-09-24 17:00:00+07:00,56.0,9.5,55.0,/dl/web/weather/ic-weather-04d.svg,Hải Phòng,-0.4956502681798406,0,-0.1248070754537327,0
2025-09-24 18:00:00+07:00,64.0,12.3,63.0,/dl/web/weather/ic-weather-04n.svg,Hải Phòng,-0.2794899089314326,0,0.3515321964142926,0
2025-09-24 19:00:00+07:00,57.0,9.4,62.0,/dl/web/weather/ic-weather-04n.svg,Hải Phòng,-0.4686302232737896,0,-0.1418191923061621,0
2025-09-24 20:00:00+07:00,55.0,10.7,61.0,/dl/web/weather/ic-weather-04n.svg,Hải Phòng,-0.5226703130858916,0,0.07933832677542084,0
2025-09-24 21:00:00+07:00,55.0,11.2,63.0,/dl/web/weather/ic-weather-10n.svg,Hải Phòng,-0.5226703130858916,0,0.1643989110375682,0
2025-09-24 22:00:00+07:00,60.0,12.8,63.0,/dl/web/weather/ic-weather-10n.svg,Hải Phòng,-0.3875700885556366,0,0.43659278067644,0
2025-09-24 23:00:00+07:00,57.0,11.5,63.0,/dl/web/weather/ic-weather-10n.svg,Hải Phòng,-0.4686302232737896,0,0.21543526159485674,0
2025-09-25 00:00:00+07:00,60.0,11.6,63.0,/dl/web/weather/ic-weather-10n.svg,Hải Phòng,-0.3875700885556366,0,0.23244737844728616,0
2025-09-25 01:00:00+07:00,62.0,12.9,65.0,/dl/web/weather/ic-weather-04n.svg,Hải Phòng,-0.3335299987435346,0,0.4536048975288694,0
2025-09-25 02:00:00+07:00,65.0,13.0,81.0,/dl/web/weather/ic-weather-04n.svg,Hải Phòng,-0.25246986402538163,0,0.4706170143812988,0
2025-09-25 03:00:00+07:00,56.0,14.8,79.0,/dl/web/weather/ic-weather-04n.svg,Hải Phòng,-0.4956502681798406,0,0.7768351177250294,0
2025-09-25 04:00:00+07:00,58.0,12.3,77.0,/dl/web/weather/ic-weather-10n.svg,Hải Phòng,-0.4416101783677386,0,0.3515321964142926,0
2025-09-25 05:00:00+07:00,55.0,13.4,87.0,/dl/web/weather/ic-weather-04n.svg,Hải Phòng,-0.5226703130858916,0,0.5386654817910168,0
2025-09-25 06:00:00+07:00,50.0,13.9,92.0,/dl/web/weather/ic-weather-10d.svg,Hải Phòng,-0.6577705376161466,0,0.6237260660531642,0
2025-09-25 08:00:00+07:00,55.0,13.0,94.0,/dl/web/weather/ic-weather-04d.svg,Hải Phòng,-0.5226703130858916,0,0.4706170143812988,0
2025-09-25 10:00:00+07:00,55.0,15.3,94.0,/dl/web/weather/ic-weather-04d.svg,Hải Phòng,-0.5226703130858916,0,0.8618957019871768,0
2025-09-25 11:00:00+07:00,52.0,15.5,85.0,/dl/web/weather/ic-weather-04d.svg,Hải Phòng,-0.6037304478040446,0,0.8959199356920357,0
2025-09-25 12:00:00+07:00,54.0,14.2,85.0,/dl/web/weather/ic-weather-04d.svg,Hải Phòng,-0.5496903579919425,0,0.6747624166104523,0
2025-09-25 13:00:00+07:00,57.0,9.4,88.0,/dl/web/weather/ic-weather-04d.svg,Hải Phòng,-0.4686302232737896,0,-0.1418191923061621,0
2025-09-25 14:00:00+07:00,61.0,7.7,90.0,/dl/web/weather/ic-weather-04d.svg,Hải Phòng,-0.3605500436495856,0,-0.43102517879746316,0
2025-09-25 15:00:00+07:00,56.0,6.9,84.0,/dl/web/weather/ic-weather-04d.svg,Hải Phòng,-0.4956502681798406,0,-0.5671221136168989,0
2025-09-25 16:00:00+07:00,52.0,5.7,87.0,/dl/web/weather/ic-weather-04d.svg,Hải Phòng,-0.6037304478040446,0,-0.7712675158460526,0
2025-09-25 17:00:00+07:00,55.0,5.9,87.0,/dl/web/weather/ic-weather-04d.svg,Hải Phòng,-0.5226703130858916,0,-0.7372432821411936,0
2025-09-25 18:00:00+07:00,58.0,5.0,89.0,/dl/web/weather/ic-weather-04n.svg,Hải Phòng,-0.4416101783677386,0,-0.8903523338130589,0
2025-09-25 19:00:00+07:00,63.0,5.0,89.0,/dl/web/weather/ic-weather-04n.svg,Hải Phòng,-0.30650995383748364,0,-0.8903523338130589,0
2025-09-25 20:00:00+07:00,54.0,3.8,89.0,/dl/web/weather/ic-weather-04n.svg,Hải Phòng,-0.5496903579919425,0,-1.0944977360422126,0
2025-09-25 21:00:00+07:00,33.0,3.5,89.0,/dl/web/weather/ic-weather-04n.svg,Hải Phòng,-1.1171113010190135,0,-1.145534086599501,0
2025-09-25 22:00:00+07:00,33.0,3.9,95.0,/dl/web/weather/ic-weather-10n.svg,Hải Phòng,-1.1171113010190135,0,-1.077485619189783,0
2025-09-25 23:00:00+07:00,33.0,3.8,92.0,/dl/web/weather/ic-weather-04n.svg,Hải Phòng,-1.1171113010190135,0,-1.0944977360422126,0
2025-09-26 00:00:00+07:00,58.0,3.8,92.0,/dl/web/weather/ic-weather-04n.svg,Hải Phòng,-0.4416101783677386,0,-1.0944977360422126,0
2025-09-26 01:00:00+07:00,60.0,3.2,92.0,/dl/web/weather/ic-weather-04n.svg,Hải Phòng,-0.3875700885556366,0,-1.1965704371567893,0
2025-09-26 02:00:00+07:00,61.0,2.9,93.0,/dl/web/weather/ic-weather-04n.svg,Hải Phòng,-0.3605500436495856,0,-1.2476067877140777,0
2025-09-26 03:00:00+07:00,58.0,2.9,94.0,/dl/web/weather/ic-weather-04n.svg,Hải Phòng,-0.4416101783677386,0,-1.2476067877140777,0
2025-09-26 04:00:00+07:00,66.0,3.9,94.0,/dl/web/weather/ic-weather-04n.svg,Hải Phòng,-0.22544981911933062,0,-1.077485619189783,0
2025-09-26 05:00:00+07:00,79.0,7.3,94.0,/dl/web/weather/ic-weather-04n.svg,Hải Phòng,0.12581076465933233,0,-0.4990736462071811,0
2025-09-26 06:00:00+07:00,80.0,4.7,97.0,/dl/web/weather/ic-weather-10d.svg,Hải Phòng,0.1528308095653833,0,-0.9413886843703473,0
2025-09-26 08:00:00+07:00,74.0,4.0,92.0,/dl/web/weather/ic-weather-04d.svg,Hải Phòng,-0.00928945987092266,0,-1.0604735023373537,0
2025-09-26 10:00:00+07:00,70.0,11.2,87.0,/dl/web/weather/ic-weather-04d.svg,Hải Phòng,-0.11736963949512665,0,0.1643989110375682,0
2025-09-26 11:00:00+07:00,55.0,11.4,82.0,/dl/web/weather/ic-weather-04d.svg,Hải Phòng,-0.5226703130858916,0,0.19842314474242734,0
2025-09-26 12:00:00+07:00,50.0,9.2,84.0,/dl/web/weather/ic-weather-10d.svg,Hải Phòng,-0.6577705376161466,0,-0.17584342601102124,0
2025-09-26 13:00:00+07:00,53.0,13.1,82.0,/dl/web/weather/ic-weather-10d.svg,Hải Phòng,-0.5767104028979936,0,0.4876291312337282,0
