timestamp,aqi,wind_speed,humidity,weather_icon,city,zscore_aqi,zscore_flag_aqi,zscore_wind,zscore_flag_wind
2025-01-21 19:00:00+07:00,87.0,5.5,73.0,/dl/web/weather/ic-w-04-scattered-clouds-full.svg,Huế,1.6399334630054954,0,-0.5122895230032712,0
2025-01-21 20:00:00+07:00,87.0,7.4,78.0,/dl/web/weather/ic-w-04-scattered-clouds-full.svg,Huế,1.6399334630054954,0,-0.19546827060794705,0
2025-01-21 21:00:00+07:00,91.0,7.4,78.0,/dl/web/weather/ic-w-04-scattered-clouds-full.svg,Huế,1.8477655020969233,0,-0.19546827060794705,0
2025-01-21 22:00:00+07:00,91.0,5.5,78.0,/dl/web/weather/ic-w-04-scattered-clouds-full.svg,Huế,1.8477655020969233,0,-0.5122895230032712,0
2025-01-21 23:00:00+07:00,89.0,5.5,78.0,/dl/web/weather/ic-w-04-scattered-clouds-full.svg,Huế,1.7438494825512094,0,-0.5122895230032712,0
2025-01-22 00:00:00+07:00,87.0,3.7,78.0,/dl/web/weather/ic-w-04-scattered-clouds-full.svg,Huế,1.6399334630054954,0,-0.8124359726409468,0
2025-01-22 01:00:00+07:00,87.0,4.2,89.0,/dl/web/weather/ic-w-04-scattered-clouds-full.svg,Huế,1.6399334630054954,0,-0.7290619588527036,0
2025-01-22 02:00:00+07:00,88.0,1.8,77.0,/dl/web/weather/ic-w-04-scattered-clouds-full.svg,Huế,1.6918914727783523,0,-1.1292572250362711,0
2025-01-22 03:00:00+07:00,96.0,1.8,77.0,/dl/web/weather/ic-w-09-mist-full.svg,Huế,2.1075555509612083,0,-1.1292572250362711,0
2025-01-22 04:00:00+07:00,105.0,3.7,88.0,/dl/web/weather/ic-w-09-mist-full.svg,Huế,2.5751776389169208,0,-0.8124359726409468,0
2025-01-22 05:00:00+07:00,106.0,1.8,94.0,/dl/web/weather/ic-w-09-mist-full.svg,Huế,2.627135648689778,0,-1.1292572250362711,0
2025-01-22 06:00:00+07:00,112.0,3.7,94.0,/dl/web/weather/ic-w-09-mist-full.svg,Huế,2.93888370732692,0,-0.8124359726409468,0
2025-01-22 07:00:00+07:00,116.0,3.7,94.0,/dl/web/weather/ic-w-09-mist-full.svg,Huế,3.1467157464183475,-1,-0.8124359726409468,0
2025-01-22 09:00:00+07:00,101.0,5.5,78.0,/dl/web/weather/ic-w-04-scattered-clouds-full.svg,Huế,2.367345599825493,0,-0.5122895230032712,0
2025-01-22 11:00:00+07:00,92.0,3.7,60.0,/dl/web/weather/ic-w-04-scattered-clouds-full.svg,Huế,1.8997235118697804,0,-0.8124359726409468,0
2025-01-22 12:00:00+07:00,78.0,7.4,60.0,/dl/web/weather/ic-w-04-scattered-clouds-full.svg,Huế,1.1723113750497827,0,-0.19546827060794705,0
2025-01-22 13:00:00+07:00,70.0,7.4,60.0,/dl/web/weather/ic-w-04-scattered-clouds-full.svg,Huế,0.7566472968669268,0,-0.19546827060794705,0
2025-01-22 14:00:00+07:00,64.0,9.2,61.0,/dl/web/weather/ic-w-04-scattered-clouds-full.svg,Huế,0.44489923822978494,0,0.10467817902972831,0
2025-01-22 15:00:00+07:00,59.0,14.8,64.0,/dl/web/weather/ic-w-04-scattered-clouds-full.svg,Huế,0.18510918936550008,0,1.0384671334580524,0
2025-01-22 16:00:00+07:00,57.0,14.8,64.0,/dl/web/weather/ic-w-04-scattered-clouds-full.svg,Huế,0.08119316981978612,0,1.0384671334580524,0
2025-01-22 17:00:00+07:00,55.0,14.8,64.0,/dl/web/weather/ic-w-04-scattered-clouds-full.svg,Huế,-0.022722849725927835,0,1.0384671334580524,0
2025-01-22 18:00:00+07:00,56.0,6.1,82.0,/dl/web/weather/ic-w-04-scattered-clouds-full.svg,Huế,0.02923516004692914,0,-0.4122407064573795,0
2025-01-22 19:00:00+07:00,59.0,9.2,73.0,/dl/web/weather/ic-w-11-night-few-clouds-full.svg,Huế,0.18510918936550008,0,0.10467817902972831,0
2025-01-22 20:00:00+07:00,61.0,1.8,88.0,/dl/web/weather/ic-w-11-night-few-clouds-full.svg,Huế,0.289025208911214,0,-1.1292572250362711,0
2025-01-22 21:00:00+07:00,65.0,1.8,88.0,/dl/web/weather/ic-w-11-night-few-clouds-full.svg,Huế,0.4968572480026419,0,-1.1292572250362711,0
2025-01-22 22:00:00+07:00,84.0,0.0,88.0,/dl/web/weather/ic-w-11-night-few-clouds-full.svg,Huế,1.4840594336869244,0,-1.4294036746739465,0
2025-01-22 23:00:00+07:00,98.0,0.0,83.0,/dl/web/weather/ic-w-11-night-few-clouds-full.svg,Huế,2.211471570506922,0,-1.4294036746739465,0
2025-01-23 00:00:00+07:00,107.0,3.7,88.0,/dl/web/weather/ic-w-11-night-few-clouds-full.svg,Huế,2.679093658462635,0,-0.8124359726409468,0
2025-01-23 01:00:00+07:00,94.0,3.7,94.0,/dl/web/weather/ic-w-04-scattered-clouds-full.svg,Huế,2.0036395314154944,0,-0.8124359726409468,0
2025-01-23 02:00:00+07:00,88.0,3.7,94.0,/dl/web/weather/ic-w-09-mist-full.svg,Huế,1.6918914727783523,0,-0.8124359726409468,0
2025-01-23 03:00:00+07:00,78.0,0.0,94.0,/dl/web/weather/ic-w-09-mist-full.svg,Huế,1.1723113750497827,0,-1.4294036746739465,0
2025-01-23 04:00:00+07:00,74.0,3.7,94.0,/dl/web/weather/ic-w-09-mist-full.svg,Huế,0.9644793359583547,0,-0.8124359726409468,0
2025-01-23 05:00:00+07:00,71.0,3.7,94.0,/dl/web/weather/ic-w-09-mist-full.svg,Huế,0.8086053066397838,0,-0.8124359726409468,0
2025-01-23 06:00:00+07:00,70.0,3.7,94.0,/dl/web/weather/ic-w-09-mist-full.svg,Huế,0.7566472968669268,0,-0.8124359726409468,0
2025-01-23 07:00:00+07:00,68.0,3.7,94.0,/dl/web/weather/ic-w-09-mist-full.svg,Huế,0.6527312773212128,0,-0.8124359726409468,0
2025-01-23 08:00:00+07:00,75.0,3.7,88.0,/dl/web/weather/ic-w-09-mist-full.svg,Huế,1.0164373457312117,0,-0.8124359726409468,0
2025-01-23 10:00:00+07:00,79.0,7.4,83.0,/dl/web/weather/ic-w-04-scattered-clouds-full.svg,Huế,1.2242693848226396,0,-0.19546827060794705,0
2025-01-23 11:00:00+07:00,78.0,9.2,68.0,/dl/web/weather/ic-w-02-new-clouds-full.svg,Huế,1.1723113750497827,0,0.10467817902972831,0
2025-01-23 12:00:00+07:00,67.0,5.5,53.0,/dl/web/weather/ic-w-02-new-clouds-full.svg,Huế,0.6007732675483559,0,-0.5122895230032712,0
2025-01-23 13:00:00+07:00,59.0,5.5,53.0,/dl/web/weather/ic-w-02-new-clouds-full.svg,Huế,0.18510918936550008,0,-0.5122895230032712,0
2025-01-23 14:00:00+07:00,56.0,7.4,53.0,/dl/web/weather/ic-w-02-new-clouds-full.svg,Huế,0.02923516004692914,0,-0.19546827060794705,0
2025-01-23 15:00:00+07:00,57.0,13.0,57.0,/dl/web/weather/ic-w-02-new-clouds-full.svg,Huế,0.08119316981978612,0,0.7383206838203767,0
2025-01-23 16:00:00+07:00,56.0,14.8,61.0,/dl/web/weather/ic-w-02-new-clouds-full.svg,Huế,0.02923516004692914,0,1.0384671334580524,0
2025-01-23 17:00:00+07:00,55.0,13.0,57.0,/dl/web/weather/ic-w-02-new-clouds-full.svg,Huế,-0.022722849725927835,0,0.7383206838203767,0
2025-01-23 18:00:00+07:00,56.0,13.0,64.0,/dl/web/weather/ic-w-02-new-clouds-full.svg,Huế,0.02923516004692914,0,0.7383206838203767,0
2025-01-23 19:00:00+07:00,60.0,9.2,78.0,/dl/web/weather/ic-w-11-night-few-clouds-full.svg,Huế,0.23706719913835705,0,0.10467817902972831,0
2025-01-23 20:00:00+07:00,61.0,1.8,83.0,/dl/web/weather/ic-w-11-night-few-clouds-full.svg,Huế,0.289025208911214,0,-1.1292572250362711,0
2025-01-23 21:00:00+07:00,62.0,1.8,83.0,/dl/web/weather/ic-w-11-night-few-clouds-full.svg,Huế,0.340983218684071,0,-1.1292572250362711,0
2025-01-23 22:00:00+07:00,69.0,1.8,88.0,/dl/web/weather/ic-w-11-night-few-clouds-full.svg,Huế,0.7046892870940699,0,-1.1292572250362711,0
2025-01-23 23:00:00+07:00,89.0,3.7,94.0,/dl/web/weather/ic-w-11-night-few-clouds-full.svg,Huế,1.7438494825512094,0,-0.8124359726409468,0
2025-01-24 00:00:00+07:00,89.0,1.8,88.0,/dl/web/weather/ic-w-11-night-few-clouds-full.svg,Huế,1.7438494825512094,0,-1.1292572250362711,0
2025-01-24 01:00:00+07:00,89.0,1.8,94.0,/dl/web/weather/ic-w-11-night-few-clouds-full.svg,Huế,1.7438494825512094,0,-1.1292572250362711,0
2025-01-24 02:00:00+07:00,89.0,1.8,94.0,/dl/web/weather/ic-w-04-scattered-clouds-full.svg,Huế,1.7438494825512094,0,-1.1292572250362711,0
2025-01-24 03:00:00+07:00,89.0,5.5,94.0,/dl/web/weather/ic-w-09-mist-full.svg,Huế,1.7438494825512094,0,-0.5122895230032712,0
2025-01-24 04:00:00+07:00,89.0,5.5,94.0,/dl/web/weather/ic-w-09-mist-full.svg,Huế,1.7438494825512094,0,-0.5122895230032712,0
2025-01-24 05:00:00+07:00,89.0,7.4,100.0,/dl/web/weather/ic-w-09-mist-full.svg,Huế,1.7438494825512094,0,-0.19546827060794705,0
2025-01-24 06:00:00+07:00,89.0,3.7,100.0,/dl/web/weather/ic-w-09-mist-full.svg,Huế,1.7438494825512094,0,-0.8124359726409468,0
2025-01-24 07:00:00+07:00,22.0,1.8,94.0,/dl/web/weather/ic-w-09-mist-full.svg,Huế,-1.737337172230208,0,-1.1292572250362711,0
2025-01-24 08:00:00+07:00,64.0,3.7,94.0,/dl/web/weather/ic-w-09-mist-full.svg,Huế,0.44489923822978494,0,-0.8124359726409468,0
2025-01-24 09:00:00+07:00,60.0,3.7,83.0,/dl/web/weather/ic-w-04-scattered-clouds-full.svg,Huế,0.23706719913835705,0,-0.8124359726409468,0
2025-01-24 10:00:00+07:00,60.0,3.7,83.0,/dl/web/weather/ic-w-04-scattered-clouds-full.svg,Huế,0.23706719913835705,0,-0.8124359726409468,0
2025-01-24 11:00:00+07:00,59.0,5.5,73.0,/dl/web/weather/ic-w-04-scattered-clouds-full.svg,Huế,0.18510918936550008,0,-0.5122895230032712,0
2025-01-24 12:00:00+07:00,64.0,5.5,69.0,/dl/web/weather/ic-w-04-scattered-clouds-full.svg,Huế,0.44489923822978494,0,-0.5122895230032712,0
2025-01-24 13:00:00+07:00,69.0,7.4,65.0,/dl/web/weather/ic-w-02-new-clouds-full.svg,Huế,0.7046892870940699,0,-0.19546827060794705,0
2025-01-24 14:00:00+07:00,68.0,5.5,57.0,/dl/web/weather/ic-w-02-new-clouds-full.svg,Huế,0.6527312773212128,0,-0.5122895230032712,0
2025-01-24 15:00:00+07:00,67.0,11.1,61.0,/dl/web/weather/ic-w-02-new-clouds-full.svg,Huế,0.6007732675483559,0,0.42149943142505253,0
2025-01-24 16:00:00+07:00,63.0,16.7,69.0,/dl/web/weather/ic-w-02-new-clouds-full.svg,Huế,0.39294122845692797,0,1.3552883858533764,0
2025-01-24 17:00:00+07:00,60.0,18.5,73.0,/dl/web/weather/ic-w-02-new-clouds-full.svg,Huế,0.23706719913835705,0,1.655434835491052,0
2025-01-24 18:00:00+07:00,72.0,14.8,73.0,/dl/web/weather/ic-w-02-new-clouds-full.svg,Huế,0.8605633164126407,0,1.0384671334580524,0
2025-01-24 19:00:00+07:00,71.0,9.2,83.0,/dl/web/weather/ic-w-11-night-few-clouds-full.svg,Huế,0.8086053066397838,0,0.10467817902972831,0
2025-01-24 20:00:00+07:00,69.0,1.8,88.0,/dl/web/weather/ic-w-11-night-few-clouds-full.svg,Huế,0.7046892870940699,0,-1.1292572250362711,0
2025-01-24 21:00:00+07:00,71.0,1.8,88.0,/dl/web/weather/ic-w-11-night-few-clouds-full.svg,Huế,0.8086053066397838,0,-1.1292572250362711,0
2025-01-24 22:00:00+07:00,69.0,3.7,88.0,/dl/web/weather/ic-w-11-night-few-clouds-full.svg,Huế,0.7046892870940699,0,-0.8124359726409468,0
2025-01-24 23:00:00+07:00,86.0,3.7,94.0,/dl/web/weather/ic-w-11-night-few-clouds-full.svg,Huế,1.5879754532326384,0,-0.8124359726409468,0
2025-01-25 00:00:00+07:00,106.0,3.7,94.0,/dl/web/weather/ic-w-11-night-few-clouds-full.svg,Huế,2.627135648689778,0,-0.8124359726409468,0
2025-01-25 01:00:00+07:00,111.0,1.8,94.0,/dl/web/weather/ic-w-11-night-few-clouds-full.svg,Huế,2.8869256975540627,0,-1.1292572250362711,0
2025-01-25 02:00:00+07:00,108.0,3.7,94.0,/dl/web/weather/ic-w-11-night-few-clouds-full.svg,Huế,2.7310516682354917,0,-0.8124359726409468,0
2025-01-25 03:00:00+07:00,112.0,3.7,94.0,/dl/web/weather/ic-w-11-night-few-clouds-full.svg,Huế,2.93888370732692,0,-0.8124359726409468,0
2025-01-25 04:00:00+07:00,94.0,3.7,100.0,/dl/web/weather/ic-w-11-night-few-clouds-full.svg,Huế,2.0036395314154944,0,-0.8124359726409468,0
2025-01-25 05:00:00+07:00,95.0,3.7,94.0,/dl/web/weather/ic-w-11-night-few-clouds-full.svg,Huế,2.055597541188351,0,-0.8124359726409468,0
2025-01-25 06:00:00+07:00,95.0,3.7,100.0,/dl/web/weather/ic-w-09-mist-full.svg,Huế,2.055597541188351,0,-0.8124359726409468,0
2025-01-25 07:00:00+07:00,96.0,1.8,94.0,/dl/web/weather/ic-w-09-mist-full.svg,Huế,2.1075555509612083,0,-1.1292572250362711,0
2025-01-25 08:00:00+07:00,87.0,3.7,94.0,/dl/web/weather/ic-w-09-mist-full.svg,Huế,1.6399334630054954,0,-0.8124359726409468,0
2025-01-25 09:00:00+07:00,87.0,1.8,94.0,/dl/web/weather/ic-w-09-mist-full.svg,Huế,1.6399334630054954,0,-1.1292572250362711,0
2025-01-25 10:00:00+07:00,87.0,1.8,94.0,/dl/web/weather/ic-w-09-mist-full.svg,Huế,1.6399334630054954,0,-1.1292572250362711,0
2025-01-25 11:00:00+07:00,83.0,7.4,100.0,/dl/web/weather/ic-w-09-mist-full.svg,Huế,1.4321014239140675,0,-0.19546827060794705,0
2025-01-25 12:00:00+07:00,85.0,8.2,59.0,/dl/web/weather/ic-w-02-new-clouds-full.svg,Huế,1.5360174434597815,0,-0.062069848546758094,0
2025-01-25 13:00:00+07:00,93.0,3.7,88.0,/dl/web/weather/ic-w-09-mist-full.svg,Huế,1.9516815216426373,0,-0.8124359726409468,0
2025-01-25 14:00:00+07:00,96.0,7.4,83.0,/dl/web/weather/ic-w-04-scattered-clouds-full.svg,Huế,2.1075555509612083,0,-0.19546827060794705,0
2025-01-25 15:00:00+07:00,94.0,9.2,73.0,/dl/web/weather/ic-w-04-scattered-clouds-full.svg,Huế,2.0036395314154944,0,0.10467817902972831,0
2025-01-25 16:00:00+07:00,90.0,13.0,69.0,/dl/web/weather/ic-w-02-new-clouds-full.svg,Huế,1.7958074923240663,0,0.7383206838203767,0
2025-01-25 17:00:00+07:00,77.0,13.0,69.0,/dl/web/weather/ic-w-02-new-clouds-full.svg,Huế,1.1203533652769258,0,0.7383206838203767,0
2025-01-25 18:00:00+07:00,68.0,16.7,73.0,/dl/web/weather/ic-w-02-new-clouds-full.svg,Huế,0.6527312773212128,0,1.3552883858533764,0
2025-01-25 19:00:00+07:00,61.0,13.0,78.0,/dl/web/weather/ic-w-11-night-few-clouds-full.svg,Huế,0.289025208911214,0,0.7383206838203767,0
2025-01-25 20:00:00+07:00,59.0,9.2,83.0,/dl/web/weather/ic-w-11-night-few-clouds-full.svg,Huế,0.18510918936550008,0,0.10467817902972831,0
2025-01-25 21:00:00+07:00,59.0,5.5,83.0,/dl/web/weather/ic-w-11-night-few-clouds-full.svg,Huế,0.18510918936550008,0,-0.5122895230032712,0
2025-01-25 22:00:00+07:00,58.0,9.2,88.0,/dl/web/weather/ic-w-04-scattered-clouds-full.svg,Huế,0.13315117959264308,0,0.10467817902972831,0
2025-01-25 23:00:00+07:00,58.0,7.4,88.0,/dl/web/weather/ic-w-04-scattered-clouds-full.svg,Huế,0.13315117959264308,0,-0.19546827060794705,0
2025-01-26 00:00:00+07:00,68.0,3.7,88.0,/dl/web/weather/ic-w-04-scattered-clouds-full.svg,Huế,0.6527312773212128,0,-0.8124359726409468,0
2025-01-26 01:00:00+07:00,66.0,1.8,88.0,/dl/web/weather/ic-w-04-scattered-clouds-full.svg,Huế,0.5488152577754989,0,-1.1292572250362711,0
2025-01-26 02:00:00+07:00,69.0,3.7,94.0,/dl/web/weather/ic-w-04-scattered-clouds-full.svg,Huế,0.7046892870940699,0,-0.8124359726409468,0
2025-01-26 03:00:00+07:00,69.0,3.7,88.0,/dl/web/weather/ic-w-04-scattered-clouds-full.svg,Huế,0.7046892870940699,0,-0.8124359726409468,0
2025-01-26 04:00:00+07:00,65.0,1.8,94.0,/dl/web/weather/ic-w-04-scattered-clouds-full.svg,Huế,0.4968572480026419,0,-1.1292572250362711,0
2025-01-26 05:00:00+07:00,61.0,1.8,88.0,/dl/web/weather/ic-w-04-scattered-clouds-full.svg,Huế,0.289025208911214,0,-1.1292572250362711,0
2025-01-26 06:00:00+07:00,60.0,1.8,94.0,/dl/web/weather/ic-w-04-scattered-clouds-full.svg,Huế,0.23706719913835705,0,-1.1292572250362711,0
2025-01-26 07:00:00+07:00,60.0,3.7,100.0,/dl/web/weather/ic-w-09-mist-full.svg,Huế,0.23706719913835705,0,-0.8124359726409468,0
2025-01-26 08:00:00+07:00,75.0,3.7,94.0,/dl/web/weather/ic-w-09-mist-full.svg,Huế,1.0164373457312117,0,-0.8124359726409468,0
2025-01-26 09:00:00+07:00,78.0,3.7,88.0,/dl/web/weather/ic-w-09-mist-full.svg,Huế,1.1723113750497827,0,-0.8124359726409468,0
2025-01-26 10:00:00+07:00,78.0,3.7,88.0,/dl/web/weather/ic-w-09-mist-full.svg,Huế,1.1723113750497827,0,-0.8124359726409468,0
2025-01-26 11:00:00+07:00,71.0,3.7,73.0,/dl/web/weather/ic-w-04-scattered-clouds-full.svg,Huế,0.8086053066397838,0,-0.8124359726409468,0
2025-01-26 12:00:00+07:00,64.0,9.2,73.0,/dl/web/weather/ic-w-04-scattered-clouds-full.svg,Huế,0.44489923822978494,0,0.10467817902972831,0
2025-01-26 13:00:00+07:00,59.0,13.0,65.0,/dl/web/weather/ic-w-04-scattered-clouds-full.svg,Huế,0.18510918936550008,0,0.7383206838203767,0
2025-01-26 14:00:00+07:00,57.0,14.8,65.0,/dl/web/weather/ic-w-04-scattered-clouds-full.svg,Huế,0.08119316981978612,0,1.0384671334580524,0
2025-01-26 15:00:00+07:00,54.0,13.0,69.0,/dl/web/weather/ic-w-04-scattered-clouds-full.svg,Huế,-0.07468085949878481,0,0.7383206838203767,0
2025-01-26 16:00:00+07:00,56.0,13.0,73.0,/dl/web/weather/ic-w-04-scattered-clouds-full.svg,Huế,0.02923516004692914,0,0.7383206838203767,0
2025-01-26 17:00:00+07:00,53.0,14.8,88.0,/dl/web/weather/ic-w-04-scattered-clouds-full.svg,Huế,-0.12663886927164178,0,1.0384671334580524,0
2025-01-26 18:00:00+07:00,43.0,20.4,88.0,/dl/web/weather/ic-w-04-scattered-clouds-full.svg,Huế,-0.6462189670002115,0,1.972256087886376,0
2025-01-26 19:00:00+07:00,38.0,22.2,100.0,/dl/web/weather/ic-w-09-mist-full.svg,Huế,-0.9060090158644964,0,2.2724025375240515,0
2025-01-26 20:00:00+07:00,31.0,24.1,94.0,/dl/web/weather/ic-w-12-night-rain-full.svg,Huế,-1.2697150842744953,0,2.589223789919376,0
2025-01-26 21:00:00+07:00,24.0,27.8,94.0,/dl/web/weather/ic-w-12-night-rain-full.svg,Huế,-1.6334211526844942,0,3.206191491952376,-1
2025-01-26 22:00:00+07:00,24.0,27.8,100.0,/dl/web/weather/ic-w-12-night-rain-full.svg,Huế,-1.6334211526844942,0,3.206191491952376,-1
2025-01-26 23:00:00+07:00,24.0,24.1,94.0,/dl/web/weather/ic-w-12-night-rain-full.svg,Huế,-1.6334211526844942,0,2.589223789919376,0
2025-01-27 00:00:00+07:00,24.0,20.4,100.0,/dl/web/weather/ic-w-12-night-rain-full.svg,Huế,-1.6334211526844942,0,1.972256087886376,0
2025-01-27 01:00:00+07:00,25.0,22.2,94.0,/dl/web/weather/ic-w-09-mist-full.svg,Huế,-1.581463142911637,0,2.2724025375240515,0
2025-01-27 02:00:00+07:00,63.0,20.4,94.0,/dl/web/weather/ic-w-09-mist-full.svg,Huế,0.39294122845692797,0,1.972256087886376,0
2025-01-27 03:00:00+07:00,67.0,16.7,94.0,/dl/web/weather/ic-w-04-scattered-clouds-full.svg,Huế,0.6007732675483559,0,1.3552883858533764,0
2025-01-27 04:00:00+07:00,113.0,20.4,94.0,/dl/web/weather/ic-w-04-scattered-clouds-full.svg,Huế,2.990841717099777,0,1.972256087886376,0
2025-01-27 05:00:00+07:00,76.0,14.8,94.0,/dl/web/weather/ic-w-09-mist-full.svg,Huế,1.0683953555040686,0,1.0384671334580524,0
2025-01-27 06:00:00+07:00,91.0,18.5,94.0,/dl/web/weather/ic-w-09-mist-full.svg,Huế,1.8477655020969233,0,1.655434835491052,0
2025-01-27 07:00:00+07:00,92.0,9.2,100.0,/dl/web/weather/ic-w-09-mist-full.svg,Huế,1.8997235118697804,0,0.10467817902972831,0
2025-01-27 08:00:00+07:00,102.0,14.8,100.0,/dl/web/weather/ic-w-06-rain-full.svg,Huế,2.4193036095983502,0,1.0384671334580524,0
2025-01-27 09:00:00+07:00,71.0,16.7,100.0,/dl/web/weather/ic-w-06-rain-full.svg,Huế,0.8086053066397838,0,1.3552883858533764,0
2025-01-27 10:00:00+07:00,71.0,16.7,100.0,/dl/web/weather/ic-w-06-rain-full.svg,Huế,0.8086053066397838,0,1.3552883858533764,0
2025-01-27 11:00:00+07:00,56.0,13.0,100.0,/dl/web/weather/ic-w-06-rain-full.svg,Huế,0.02923516004692914,0,0.7383206838203767,0
2025-01-27 12:00:00+07:00,49.0,20.4,100.0,/dl/web/weather/ic-w-06-rain-full.svg,Huế,-0.3344709083630697,0,1.972256087886376,0
2025-01-27 13:00:00+07:00,52.0,24.1,94.0,/dl/web/weather/ic-w-09-mist-full.svg,Huế,-0.17859687904449875,0,2.589223789919376,0
2025-01-27 14:00:00+07:00,53.0,20.4,94.0,/dl/web/weather/ic-w-09-mist-full.svg,Huế,-0.12663886927164178,0,1.972256087886376,0
2025-01-27 15:00:00+07:00,70.0,18.5,94.0,/dl/web/weather/ic-w-09-mist-full.svg,Huế,0.7566472968669268,0,1.655434835491052,0
2025-01-27 16:00:00+07:00,60.0,18.5,94.0,/dl/web/weather/ic-w-09-mist-full.svg,Huế,0.23706719913835705,0,1.655434835491052,0
2025-01-27 17:00:00+07:00,66.0,16.7,94.0,/dl/web/weather/ic-w-09-mist-full.svg,Huế,0.5488152577754989,0,1.3552883858533764,0
2025-01-27 18:00:00+07:00,60.0,16.7,94.0,/dl/web/weather/ic-w-04-scattered-clouds-full.svg,Huế,0.23706719913835705,0,1.3552883858533764,0
2025-01-27 19:00:00+07:00,58.0,13.0,94.0,/dl/web/weather/ic-w-09-mist-full.svg,Huế,0.13315117959264308,0,0.7383206838203767,0
2025-01-27 20:00:00+07:00,58.0,11.1,88.0,/dl/web/weather/ic-w-04-scattered-clouds-full.svg,Huế,0.13315117959264308,0,0.42149943142505253,0
2025-01-27 21:00:00+07:00,58.0,11.1,88.0,/dl/web/weather/ic-w-04-scattered-clouds-full.svg,Huế,0.13315117959264308,0,0.42149943142505253,0
2025-01-27 22:00:00+07:00,57.0,7.4,94.0,/dl/web/weather/ic-w-04-scattered-clouds-full.svg,Huế,0.08119316981978612,0,-0.19546827060794705,0
2025-01-27 23:00:00+07:00,57.0,7.4,88.0,/dl/web/weather/ic-w-04-scattered-clouds-full.svg,Huế,0.08119316981978612,0,-0.19546827060794705,0
2025-01-28 00:00:00+07:00,57.0,5.5,88.0,/dl/web/weather/ic-w-04-scattered-clouds-full.svg,Huế,0.08119316981978612,0,-0.5122895230032712,0
2025-01-28 01:00:00+07:00,55.0,11.1,88.0,/dl/web/weather/ic-w-04-scattered-clouds-full.svg,Huế,-0.022722849725927835,0,0.42149943142505253,0
2025-01-28 02:00:00+07:00,55.0,9.2,88.0,/dl/web/weather/ic-w-04-scattered-clouds-full.svg,Huế,-0.022722849725927835,0,0.10467817902972831,0
2025-01-28 03:00:00+07:00,55.0,14.8,94.0,/dl/web/weather/ic-w-04-scattered-clouds-full.svg,Huế,-0.022722849725927835,0,1.0384671334580524,0
2025-01-28 04:00:00+07:00,54.0,11.1,88.0,/dl/web/weather/ic-w-04-scattered-clouds-full.svg,Huế,-0.07468085949878481,0,0.42149943142505253,0
2025-01-28 05:00:00+07:00,55.0,9.2,88.0,/dl/web/weather/ic-w-04-scattered-clouds-full.svg,Huế,-0.022722849725927835,0,0.10467817902972831,0
2025-01-28 06:00:00+07:00,54.0,7.4,82.0,/dl/web/weather/ic-w-04-scattered-clouds-full.svg,Huế,-0.07468085949878481,0,-0.19546827060794705,0
2025-01-28 07:00:00+07:00,54.0,9.2,82.0,/dl/web/weather/ic-w-04-scattered-clouds-full.svg,Huế,-0.07468085949878481,0,0.10467817902972831,0
2025-01-28 08:00:00+07:00,53.0,7.4,82.0,/dl/web/weather/ic-w-04-scattered-clouds-full.svg,Huế,-0.12663886927164178,0,-0.19546827060794705,0
2025-01-28 09:00:00+07:00,54.0,13.0,82.0,/dl/web/weather/ic-w-04-scattered-clouds-full.svg,Huế,-0.07468085949878481,0,0.7383206838203767,0
2025-01-28 10:00:00+07:00,54.0,13.0,82.0,/dl/web/weather/ic-w-04-scattered-clouds-full.svg,Huế,-0.07468085949878481,0,0.7383206838203767,0
2025-01-28 11:00:00+07:00,54.0,11.1,94.0,/dl/web/weather/ic-w-09-mist-full.svg,Huế,-0.07468085949878481,0,0.42149943142505253,0
2025-01-28 12:00:00+07:00,55.0,11.1,94.0,/dl/web/weather/ic-w-09-mist-full.svg,Huế,-0.022722849725927835,0,0.42149943142505253,0
2025-01-28 13:00:00+07:00,56.0,14.8,88.0,/dl/web/weather/ic-w-04-scattered-clouds-full.svg,Huế,0.02923516004692914,0,1.0384671334580524,0
2025-01-28 14:00:00+07:00,60.0,11.1,77.0,/dl/web/weather/ic-w-04-scattered-clouds-full.svg,Huế,0.23706719913835705,0,0.42149943142505253,0
2025-01-28 15:00:00+07:00,63.0,9.2,82.0,/dl/web/weather/ic-w-09-mist-full.svg,Huế,0.39294122845692797,0,0.10467817902972831,0
2025-01-28 16:00:00+07:00,61.0,13.0,82.0,/dl/web/weather/ic-w-09-mist-full.svg,Huế,0.289025208911214,0,0.7383206838203767,0
2025-01-28 17:00:00+07:00,61.0,11.1,88.0,/dl/web/weather/ic-w-04-scattered-clouds-full.svg,Huế,0.289025208911214,0,0.42149943142505253,0
2025-01-28 18:00:00+07:00,61.0,11.1,88.0,/dl/web/weather/ic-w-04-scattered-clouds-full.svg,Huế,0.289025208911214,0,0.42149943142505253,0
2025-01-28 19:00:00+07:00,63.0,11.1,94.0,/dl/web/weather/ic-w-04-scattered-clouds-full.svg,Huế,0.39294122845692797,0,0.42149943142505253,0
2025-01-28 20:00:00+07:00,64.0,9.2,94.0,/dl/web/weather/ic-w-04-scattered-clouds-full.svg,Huế,0.44489923822978494,0,0.10467817902972831,0
2025-01-28 21:00:00+07:00,65.0,9.2,94.0,/dl/web/weather/ic-w-04-scattered-clouds-full.svg,Huế,0.4968572480026419,0,0.10467817902972831,0
2025-01-28 22:00:00+07:00,65.0,9.2,94.0,/dl/web/weather/ic-w-12-night-rain-full.svg,Huế,0.4968572480026419,0,0.10467817902972831,0
2025-01-28 23:00:00+07:00,65.0,9.2,94.0,/dl/web/weather/ic-w-09-mist-full.svg,Huế,0.4968572480026419,0,0.10467817902972831,0
2025-01-29 00:00:00+07:00,65.0,7.4,94.0,/dl/web/weather/ic-w-12-night-rain-full.svg,Huế,0.4968572480026419,0,-0.19546827060794705,0
2025-01-29 01:00:00+07:00,65.0,7.4,94.0,/dl/web/weather/ic-w-09-mist-full.svg,Huế,0.4968572480026419,0,-0.19546827060794705,0
2025-01-29 02:00:00+07:00,65.0,9.2,94.0,/dl/web/weather/ic-w-04-scattered-clouds-full.svg,Huế,0.4968572480026419,0,0.10467817902972831,0
2025-01-29 03:00:00+07:00,65.0,9.2,94.0,/dl/web/weather/ic-w-12-night-rain-full.svg,Huế,0.4968572480026419,0,0.10467817902972831,0
2025-01-29 04:00:00+07:00,65.0,9.2,94.0,/dl/web/weather/ic-w-04-scattered-clouds-full.svg,Huế,0.4968572480026419,0,0.10467817902972831,0
2025-01-29 05:00:00+07:00,109.0,11.1,94.0,/dl/web/weather/ic-w-12-night-rain-full.svg,Huế,2.783009678008349,0,0.42149943142505253,0
2025-01-29 06:00:00+07:00,87.0,14.8,94.0,/dl/web/weather/ic-w-12-night-rain-full.svg,Huế,1.6399334630054954,0,1.0384671334580524,0
2025-01-29 07:00:00+07:00,78.0,11.1,94.0,/dl/web/weather/ic-w-06-rain-full.svg,Huế,1.1723113750497827,0,0.42149943142505253,0
2025-01-29 08:00:00+07:00,74.0,11.1,94.0,/dl/web/weather/ic-w-04-scattered-clouds-full.svg,Huế,0.9644793359583547,0,0.42149943142505253,0
2025-01-29 09:00:00+07:00,71.0,9.2,88.0,/dl/web/weather/ic-w-09-mist-full.svg,Huế,0.8086053066397838,0,0.10467817902972831,0
2025-01-29 10:00:00+07:00,71.0,9.2,88.0,/dl/web/weather/ic-w-09-mist-full.svg,Huế,0.8086053066397838,0,0.10467817902972831,0
2025-01-29 11:00:00+07:00,69.0,13.0,94.0,/dl/web/weather/ic-w-04-scattered-clouds-full.svg,Huế,0.7046892870940699,0,0.7383206838203767,0
2025-01-29 12:00:00+07:00,67.0,16.7,82.0,/dl/web/weather/ic-w-04-scattered-clouds-full.svg,Huế,0.6007732675483559,0,1.3552883858533764,0
2025-01-29 13:00:00+07:00,67.0,13.0,88.0,/dl/web/weather/ic-w-04-scattered-clouds-full.svg,Huế,0.6007732675483559,0,0.7383206838203767,0
2025-01-29 14:00:00+07:00,66.0,14.8,73.0,/dl/web/weather/ic-w-04-scattered-clouds-full.svg,Huế,0.5488152577754989,0,1.0384671334580524,0
2025-01-29 15:00:00+07:00,67.0,14.8,73.0,/dl/web/weather/ic-w-04-scattered-clouds-full.svg,Huế,0.6007732675483559,0,1.0384671334580524,0
2025-01-29 16:00:00+07:00,66.0,14.8,73.0,/dl/web/weather/ic-w-04-scattered-clouds-full.svg,Huế,0.5488152577754989,0,1.0384671334580524,0
2025-01-29 17:00:00+07:00,72.0,16.7,77.0,/dl/web/weather/ic-w-04-scattered-clouds-full.svg,Huế,0.8605633164126407,0,1.3552883858533764,0
2025-01-29 18:00:00+07:00,85.0,20.4,82.0,/dl/web/weather/ic-w-09-mist-full.svg,Huế,1.5360174434597815,0,1.972256087886376,0
2025-01-29 19:00:00+07:00,100.0,16.7,82.0,/dl/web/weather/ic-w-09-mist-full.svg,Huế,2.315387590052636,0,1.3552883858533764,0
2025-01-29 20:00:00+07:00,110.0,11.1,82.0,/dl/web/weather/ic-w-04-scattered-clouds-full.svg,Huế,2.834967687781206,0,0.42149943142505253,0
2025-01-29 21:00:00+07:00,138.0,11.1,82.0,/dl/web/weather/ic-w-04-scattered-clouds-full.svg,Huế,4.2897919614212014,-1,0.42149943142505253,0
2025-01-29 22:00:00+07:00,127.0,9.2,82.0,/dl/web/weather/ic-w-04-scattered-clouds-full.svg,Huế,3.7182538539197743,-1,0.10467817902972831,0
2025-01-29 23:00:00+07:00,117.0,7.4,82.0,/dl/web/weather/ic-w-04-scattered-clouds-full.svg,Huế,3.1986737561912046,-1,-0.19546827060794705,0
2025-01-30 00:00:00+07:00,128.0,3.7,82.0,/dl/web/weather/ic-w-04-scattered-clouds-full.svg,Huế,3.7702118636926314,-1,-0.8124359726409468,0
2025-01-30 01:00:00+07:00,126.0,3.7,88.0,/dl/web/weather/ic-w-04-scattered-clouds-full.svg,Huế,3.6662958441469176,-1,-0.8124359726409468,0
2025-01-30 02:00:00+07:00,117.0,7.4,88.0,/dl/web/weather/ic-w-09-mist-full.svg,Huế,3.1986737561912046,-1,-0.19546827060794705,0
2025-01-30 03:00:00+07:00,114.0,3.7,88.0,/dl/web/weather/ic-w-09-mist-full.svg,Huế,3.0427997268726337,-1,-0.8124359726409468,0
2025-01-30 04:00:00+07:00,110.0,5.5,88.0,/dl/web/weather/ic-w-09-mist-full.svg,Huế,2.834967687781206,0,-0.5122895230032712,0
2025-01-30 05:00:00+07:00,103.0,5.5,88.0,/dl/web/weather/ic-w-09-mist-full.svg,Huế,2.471261619371207,0,-0.5122895230032712,0
2025-01-30 06:00:00+07:00,100.0,5.5,94.0,/dl/web/weather/ic-w-09-mist-full.svg,Huế,2.315387590052636,0,-0.5122895230032712,0
2025-01-30 07:00:00+07:00,98.0,5.5,94.0,/dl/web/weather/ic-w-09-mist-full.svg,Huế,2.211471570506922,0,-0.5122895230032712,0
2025-01-30 08:00:00+07:00,104.0,7.4,94.0,/dl/web/weather/ic-w-04-scattered-clouds-full.svg,Huế,2.523219629144064,0,-0.19546827060794705,0
2025-01-30 09:00:00+07:00,98.0,7.4,82.0,/dl/web/weather/ic-w-04-scattered-clouds-full.svg,Huế,2.211471570506922,0,-0.19546827060794705,0
2025-01-30 10:00:00+07:00,98.0,7.4,82.0,/dl/web/weather/ic-w-04-scattered-clouds-full.svg,Huế,2.211471570506922,0,-0.19546827060794705,0
2025-01-30 11:00:00+07:00,98.0,9.2,73.0,/dl/web/weather/ic-w-04-scattered-clouds-full.svg,Huế,2.211471570506922,0,0.10467817902972831,0
2025-01-30 12:00:00+07:00,89.0,9.2,73.0,/dl/web/weather/ic-w-04-scattered-clouds-full.svg,Huế,1.7438494825512094,0,0.10467817902972831,0
2025-01-30 13:00:00+07:00,86.0,11.1,68.0,/dl/web/weather/ic-w-02-new-clouds-full.svg,Huế,1.5879754532326384,0,0.42149943142505253,0
2025-01-30 14:00:00+07:00,79.0,9.2,64.0,/dl/web/weather/ic-w-02-new-clouds-full.svg,Huế,1.2242693848226396,0,0.10467817902972831,0
2025-01-30 15:00:00+07:00,74.0,7.4,60.0,/dl/web/weather/ic-w-02-new-clouds-full.svg,Huế,0.9644793359583547,0,-0.19546827060794705,0
2025-01-30 16:00:00+07:00,67.0,13.0,64.0,/dl/web/weather/ic-w-02-new-clouds-full.svg,Huế,0.6007732675483559,0,0.7383206838203767,0
2025-01-30 17:00:00+07:00,68.0,16.7,68.0,/dl/web/weather/ic-w-02-new-clouds-full.svg,Huế,0.6527312773212128,0,1.3552883858533764,0
2025-01-30 18:00:00+07:00,68.0,16.7,73.0,/dl/web/weather/ic-w-02-new-clouds-full.svg,Huế,0.6527312773212128,0,1.3552883858533764,0
2025-01-30 19:00:00+07:00,69.0,18.5,78.0,/dl/web/weather/ic-w-11-night-few-clouds-full.svg,Huế,0.7046892870940699,0,1.655434835491052,0
2025-01-30 20:00:00+07:00,68.0,9.2,83.0,/dl/web/weather/ic-w-11-night-few-clouds-full.svg,Huế,0.6527312773212128,0,0.10467817902972831,0
2025-01-30 21:00:00+07:00,71.0,9.2,83.0,/dl/web/weather/ic-w-11-night-few-clouds-full.svg,Huế,0.8086053066397838,0,0.10467817902972831,0
2025-01-30 22:00:00+07:00,76.0,3.7,88.0,/dl/web/weather/ic-w-11-night-few-clouds-full.svg,Huế,1.0683953555040686,0,-0.8124359726409468,0
2025-01-30 23:00:00+07:00,86.0,1.8,83.0,/dl/web/weather/ic-w-11-night-few-clouds-full.svg,Huế,1.5879754532326384,0,-1.1292572250362711,0
2025-01-31 00:00:00+07:00,83.0,1.8,94.0,/dl/web/weather/ic-w-11-night-few-clouds-full.svg,Huế,1.4321014239140675,0,-1.1292572250362711,0
2025-01-31 01:00:00+07:00,80.0,1.8,94.0,/dl/web/weather/ic-w-09-mist-full.svg,Huế,1.2762273945954965,0,-1.1292572250362711,0
2025-01-31 02:00:00+07:00,74.0,3.7,94.0,/dl/web/weather/ic-w-09-mist-full.svg,Huế,0.9644793359583547,0,-0.8124359726409468,0
2025-01-31 03:00:00+07:00,68.0,1.8,94.0,/dl/web/weather/ic-w-09-mist-full.svg,Huế,0.6527312773212128,0,-1.1292572250362711,0
2025-01-31 04:00:00+07:00,62.0,1.8,94.0,/dl/web/weather/ic-w-09-mist-full.svg,Huế,0.340983218684071,0,-1.1292572250362711,0
2025-01-31 05:00:00+07:00,56.0,3.7,94.0,/dl/web/weather/ic-w-09-mist-full.svg,Huế,0.02923516004692914,0,-0.8124359726409468,0
2025-01-31 06:00:00+07:00,55.0,1.8,94.0,/dl/web/weather/ic-w-09-mist-full.svg,Huế,-0.022722849725927835,0,-1.1292572250362711,0
2025-01-31 07:00:00+07:00,57.0,7.4,94.0,/dl/web/weather/ic-w-09-mist-full.svg,Huế,0.08119316981978612,0,-0.19546827060794705,0
2025-01-31 08:00:00+07:00,54.0,3.7,94.0,/dl/web/weather/ic-w-02-new-clouds-full.svg,Huế,-0.07468085949878481,0,-0.8124359726409468,0
2025-01-31 09:00:00+07:00,55.0,3.7,83.0,/dl/web/weather/ic-w-02-new-clouds-full.svg,Huế,-0.022722849725927835,0,-0.8124359726409468,0
2025-01-31 10:00:00+07:00,55.0,3.7,83.0,/dl/web/weather/ic-w-02-new-clouds-full.svg,Huế,-0.022722849725927835,0,-0.8124359726409468,0
2025-01-31 11:00:00+07:00,53.0,3.7,73.0,/dl/web/weather/ic-w-02-new-clouds-full.svg,Huế,-0.12663886927164178,0,-0.8124359726409468,0
2025-01-31 12:00:00+07:00,52.0,3.7,64.0,/dl/web/weather/ic-w-02-new-clouds-full.svg,Huế,-0.17859687904449875,0,-0.8124359726409468,0
2025-01-31 13:00:00+07:00,52.0,5.5,53.0,/dl/web/weather/ic-w-02-new-clouds-full.svg,Huế,-0.17859687904449875,0,-0.5122895230032712,0
2025-01-31 14:00:00+07:00,51.0,9.2,61.0,/dl/web/weather/ic-w-02-new-clouds-full.svg,Huế,-0.23055488881735575,0,0.10467817902972831,0
2025-01-31 15:00:00+07:00,52.0,13.0,61.0,/dl/web/weather/ic-w-02-new-clouds-full.svg,Huế,-0.17859687904449875,0,0.7383206838203767,0
2025-01-31 16:00:00+07:00,49.0,14.8,65.0,/dl/web/weather/ic-w-02-new-clouds-full.svg,Huế,-0.3344709083630697,0,1.0384671334580524,0
2025-01-31 17:00:00+07:00,49.0,14.8,73.0,/dl/web/weather/ic-w-02-new-clouds-full.svg,Huế,-0.3344709083630697,0,1.0384671334580524,0
2025-01-31 18:00:00+07:00,52.0,14.8,69.0,/dl/web/weather/ic-w-02-new-clouds-full.svg,Huế,-0.17859687904449875,0,1.0384671334580524,0
2025-01-31 19:00:00+07:00,52.0,14.8,73.0,/dl/web/weather/ic-w-11-night-few-clouds-full.svg,Huế,-0.17859687904449875,0,1.0384671334580524,0
2025-01-31 20:00:00+07:00,52.0,3.7,88.0,/dl/web/weather/ic-w-11-night-few-clouds-full.svg,Huế,-0.17859687904449875,0,-0.8124359726409468,0
2025-01-31 21:00:00+07:00,51.0,3.7,88.0,/dl/web/weather/ic-w-11-night-few-clouds-full.svg,Huế,-0.23055488881735575,0,-0.8124359726409468,0
2025-01-31 22:00:00+07:00,53.0,5.5,94.0,/dl/web/weather/ic-w-11-night-few-clouds-full.svg,Huế,-0.12663886927164178,0,-0.5122895230032712,0
2025-01-31 23:00:00+07:00,57.0,3.7,100.0,/dl/web/weather/ic-w-11-night-few-clouds-full.svg,Huế,0.08119316981978612,0,-0.8124359726409468,0
2025-02-01 00:00:00+07:00,60.0,1.8,94.0,/dl/web/weather/ic-w-11-night-few-clouds-full.svg,Huế,0.23706719913835705,0,-1.1292572250362711,0
2025-02-01 01:00:00+07:00,57.0,1.8,100.0,/dl/web/weather/ic-w-11-night-few-clouds-full.svg,Huế,0.08119316981978612,0,-1.1292572250362711,0
2025-02-01 02:00:00+07:00,53.0,3.7,94.0,/dl/web/weather/ic-w-11-night-few-clouds-full.svg,Huế,-0.12663886927164178,0,-0.8124359726409468,0
2025-02-01 03:00:00+07:00,48.0,3.7,94.0,/dl/web/weather/ic-w-09-mist-full.svg,Huế,-0.38642891813592667,0,-0.8124359726409468,0
2025-02-01 04:00:00+07:00,42.0,1.8,100.0,/dl/web/weather/ic-w-09-mist-full.svg,Huế,-0.6981769767730686,0,-1.1292572250362711,0
2025-02-01 05:00:00+07:00,39.0,5.5,94.0,/dl/web/weather/ic-w-09-mist-full.svg,Huế,-0.8540510060916394,0,-0.5122895230032712,0
2025-02-01 06:00:00+07:00,38.0,3.7,94.0,/dl/web/weather/ic-w-09-mist-full.svg,Huế,-0.9060090158644964,0,-0.8124359726409468,0
2025-02-01 07:00:00+07:00,38.0,7.4,94.0,/dl/web/weather/ic-w-09-mist-full.svg,Huế,-0.9060090158644964,0,-0.19546827060794705,0
2025-02-01 08:00:00+07:00,42.0,5.5,88.0,/dl/web/weather/ic-w-02-new-clouds-full.svg,Huế,-0.6981769767730686,0,-0.5122895230032712,0
2025-02-01 09:00:00+07:00,42.0,3.7,78.0,/dl/web/weather/ic-w-02-new-clouds-full.svg,Huế,-0.6981769767730686,0,-0.8124359726409468,0
2025-02-01 10:00:00+07:00,42.0,3.7,68.0,/dl/web/weather/ic-w-02-new-clouds-full.svg,Huế,-0.6981769767730686,0,-0.8124359726409468,0
2025-02-01 11:00:00+07:00,44.0,3.7,68.0,/dl/web/weather/ic-w-02-new-clouds-full.svg,Huế,-0.5942609572273546,0,-0.8124359726409468,0
2025-02-01 12:00:00+07:00,48.0,5.5,64.0,/dl/web/weather/ic-w-02-new-clouds-full.svg,Huế,-0.38642891813592667,0,-0.5122895230032712,0
2025-02-01 13:00:00+07:00,50.0,5.5,61.0,/dl/web/weather/ic-w-02-new-clouds-full.svg,Huế,-0.2825128985902127,0,-0.5122895230032712,0
2025-02-01 14:00:00+07:00,54.0,7.4,61.0,/dl/web/weather/ic-w-02-new-clouds-full.svg,Huế,-0.07468085949878481,0,-0.19546827060794705,0
2025-02-01 15:00:00+07:00,53.0,9.2,61.0,/dl/web/weather/ic-w-02-new-clouds-full.svg,Huế,-0.12663886927164178,0,0.10467817902972831,0
2025-02-01 16:00:00+07:00,52.0,14.8,57.0,/dl/web/weather/ic-w-02-new-clouds-full.svg,Huế,-0.17859687904449875,0,1.0384671334580524,0
2025-02-01 17:00:00+07:00,52.0,13.0,61.0,/dl/web/weather/ic-w-02-new-clouds-full.svg,Huế,-0.17859687904449875,0,0.7383206838203767,0
2025-02-01 18:00:00+07:00,52.0,13.0,65.0,/dl/web/weather/ic-w-02-new-clouds-full.svg,Huế,-0.17859687904449875,0,0.7383206838203767,0
2025-02-01 19:00:00+07:00,52.0,7.4,73.0,/dl/web/weather/ic-w-11-night-few-clouds-full.svg,Huế,-0.17859687904449875,0,-0.19546827060794705,0
2025-02-01 20:00:00+07:00,52.0,7.4,83.0,/dl/web/weather/ic-w-11-night-few-clouds-full.svg,Huế,-0.17859687904449875,0,-0.19546827060794705,0
2025-02-01 21:00:00+07:00,52.0,5.5,88.0,/dl/web/weather/ic-w-11-night-few-clouds-full.svg,Huế,-0.17859687904449875,0,-0.5122895230032712,0
2025-02-01 22:00:00+07:00,54.0,5.5,88.0,/dl/web/weather/ic-w-11-night-few-clouds-full.svg,Huế,-0.07468085949878481,0,-0.5122895230032712,0
2025-02-01 23:00:00+07:00,59.0,3.7,88.0,/dl/web/weather/ic-w-11-night-few-clouds-full.svg,Huế,0.18510918936550008,0,-0.8124359726409468,0
2025-02-02 00:00:00+07:00,59.0,9.2,94.0,/dl/web/weather/ic-w-11-night-few-clouds-full.svg,Huế,0.18510918936550008,0,0.10467817902972831,0
2025-02-02 01:00:00+07:00,58.0,7.4,88.0,/dl/web/weather/ic-w-11-night-few-clouds-full.svg,Huế,0.13315117959264308,0,-0.19546827060794705,0
2025-02-02 02:00:00+07:00,55.0,5.5,88.0,/dl/web/weather/ic-w-11-night-few-clouds-full.svg,Huế,-0.022722849725927835,0,-0.5122895230032712,0
2025-02-02 03:00:00+07:00,54.0,5.5,88.0,/dl/web/weather/ic-w-11-night-few-clouds-full.svg,Huế,-0.07468085949878481,0,-0.5122895230032712,0
2025-02-02 04:00:00+07:00,53.0,9.2,94.0,/dl/web/weather/ic-w-11-night-few-clouds-full.svg,Huế,-0.12663886927164178,0,0.10467817902972831,0
2025-02-02 05:00:00+07:00,48.0,5.5,88.0,/dl/web/weather/ic-w-11-night-few-clouds-full.svg,Huế,-0.38642891813592667,0,-0.5122895230032712,0
2025-02-02 06:00:00+07:00,44.0,1.8,94.0,/dl/web/weather/ic-w-11-night-few-clouds-full.svg,Huế,-0.5942609572273546,0,-1.1292572250362711,0
2025-02-02 07:00:00+07:00,46.0,3.7,94.0,/dl/web/weather/ic-w-02-new-clouds-full.svg,Huế,-0.4903449376816406,0,-0.8124359726409468,0
2025-02-02 08:00:00+07:00,55.0,5.5,88.0,/dl/web/weather/ic-w-02-new-clouds-full.svg,Huế,-0.022722849725927835,0,-0.5122895230032712,0
2025-02-02 09:00:00+07:00,55.0,4.0,78.0,/dl/web/weather/ic-w-02-new-clouds-full.svg,Huế,-0.022722849725927835,0,-0.762411564368001,0
2025-02-02 10:00:00+07:00,55.0,4.0,78.0,/dl/web/weather/ic-w-02-new-clouds-full.svg,Huế,-0.022722849725927835,0,-0.762411564368001,0
2025-02-02 11:00:00+07:00,55.0,5.5,78.0,/dl/web/weather/ic-w-02-new-clouds-full.svg,Huế,-0.022722849725927835,0,-0.5122895230032712,0
2025-02-02 12:00:00+07:00,59.0,14.8,69.0,/dl/web/weather/ic-w-02-new-clouds-full.svg,Huế,0.18510918936550008,0,1.0384671334580524,0
2025-02-02 13:00:00+07:00,59.0,20.4,73.0,/dl/web/weather/ic-w-02-new-clouds-full.svg,Huế,0.18510918936550008,0,1.972256087886376,0
2025-02-02 14:00:00+07:00,59.0,18.5,73.0,/dl/web/weather/ic-w-04-scattered-clouds-full.svg,Huế,0.18510918936550008,0,1.655434835491052,0
2025-02-02 15:00:00+07:00,58.0,14.8,73.0,/dl/web/weather/ic-w-04-scattered-clouds-full.svg,Huế,0.13315117959264308,0,1.0384671334580524,0
2025-02-02 16:00:00+07:00,57.0,13.0,78.0,/dl/web/weather/ic-w-04-scattered-clouds-full.svg,Huế,0.08119316981978612,0,0.7383206838203767,0
2025-02-02 17:00:00+07:00,56.0,11.1,78.0,/dl/web/weather/ic-w-04-scattered-clouds-full.svg,Huế,0.02923516004692914,0,0.42149943142505253,0
2025-02-02 18:00:00+07:00,55.0,11.1,78.0,/dl/web/weather/ic-w-04-scattered-clouds-full.svg,Huế,-0.022722849725927835,0,0.42149943142505253,0
2025-02-02 19:00:00+07:00,53.0,7.4,83.0,/dl/web/weather/ic-w-04-scattered-clouds-full.svg,Huế,-0.12663886927164178,0,-0.19546827060794705,0
2025-02-02 20:00:00+07:00,52.0,9.2,83.0,/dl/web/weather/ic-w-04-scattered-clouds-full.svg,Huế,-0.17859687904449875,0,0.10467817902972831,0
2025-02-02 21:00:00+07:00,51.0,7.4,83.0,/dl/web/weather/ic-w-04-scattered-clouds-full.svg,Huế,-0.23055488881735575,0,-0.19546827060794705,0
2025-02-02 22:00:00+07:00,48.0,7.4,83.0,/dl/web/weather/ic-w-04-scattered-clouds-full.svg,Huế,-0.38642891813592667,0,-0.19546827060794705,0
2025-02-02 23:00:00+07:00,43.0,7.4,88.0,/dl/web/weather/ic-w-04-scattered-clouds-full.svg,Huế,-0.6462189670002115,0,-0.19546827060794705,0
2025-02-03 00:00:00+07:00,41.0,5.5,88.0,/dl/web/weather/ic-w-04-scattered-clouds-full.svg,Huế,-0.7501349865459255,0,-0.5122895230032712,0
2025-02-03 01:00:00+07:00,38.0,1.8,88.0,/dl/web/weather/ic-w-04-scattered-clouds-full.svg,Huế,-0.9060090158644964,0,-1.1292572250362711,0
2025-02-03 02:00:00+07:00,35.0,1.8,88.0,/dl/web/weather/ic-w-04-scattered-clouds-full.svg,Huế,-1.0618830451830674,0,-1.1292572250362711,0
2025-02-03 03:00:00+07:00,33.0,3.7,94.0,/dl/web/weather/ic-w-04-scattered-clouds-full.svg,Huế,-1.1657990647287813,0,-0.8124359726409468,0
2025-02-03 04:00:00+07:00,33.0,3.7,94.0,/dl/web/weather/ic-w-04-scattered-clouds-full.svg,Huế,-1.1657990647287813,0,-0.8124359726409468,0
2025-02-03 05:00:00+07:00,32.0,1.8,88.0,/dl/web/weather/ic-w-04-scattered-clouds-full.svg,Huế,-1.2177570745016384,0,-1.1292572250362711,0
2025-02-03 06:00:00+07:00,32.0,3.7,88.0,/dl/web/weather/ic-w-04-scattered-clouds-full.svg,Huế,-1.2177570745016384,0,-0.8124359726409468,0
2025-02-03 07:00:00+07:00,38.0,3.7,94.0,/dl/web/weather/ic-w-04-scattered-clouds-full.svg,Huế,-0.9060090158644964,0,-0.8124359726409468,0
2025-02-03 08:00:00+07:00,44.0,3.7,94.0,/dl/web/weather/ic-w-09-mist-full.svg,Huế,-0.5942609572273546,0,-0.8124359726409468,0
2025-02-03 09:00:00+07:00,51.0,3.7,83.0,/dl/web/weather/ic-w-04-scattered-clouds-full.svg,Huế,-0.23055488881735575,0,-0.8124359726409468,0
2025-02-03 10:00:00+07:00,51.0,3.7,83.0,/dl/web/weather/ic-w-04-scattered-clouds-full.svg,Huế,-0.23055488881735575,0,-0.8124359726409468,0
2025-02-03 11:00:00+07:00,51.0,7.4,78.0,/dl/web/weather/ic-w-04-scattered-clouds-full.svg,Huế,-0.23055488881735575,0,-0.19546827060794705,0
2025-02-03 12:00:00+07:00,49.0,5.5,69.0,/dl/web/weather/ic-w-04-scattered-clouds-full.svg,Huế,-0.3344709083630697,0,-0.5122895230032712,0
2025-02-03 13:00:00+07:00,39.0,11.1,69.0,/dl/web/weather/ic-w-04-scattered-clouds-full.svg,Huế,-0.8540510060916394,0,0.42149943142505253,0
2025-02-03 14:00:00+07:00,32.0,11.1,65.0,/dl/web/weather/ic-w-04-scattered-clouds-full.svg,Huế,-1.2177570745016384,0,0.42149943142505253,0
2025-02-03 15:00:00+07:00,29.0,13.0,65.0,/dl/web/weather/ic-w-04-scattered-clouds-full.svg,Huế,-1.3736311038202091,0,0.7383206838203767,0
2025-02-03 16:00:00+07:00,27.0,13.0,69.0,/dl/web/weather/ic-w-04-scattered-clouds-full.svg,Huế,-1.4775471233659232,0,0.7383206838203767,0
2025-02-03 17:00:00+07:00,27.0,13.0,73.0,/dl/web/weather/ic-w-04-scattered-clouds-full.svg,Huế,-1.4775471233659232,0,0.7383206838203767,0
2025-02-03 18:00:00+07:00,28.0,13.0,78.0,/dl/web/weather/ic-w-04-scattered-clouds-full.svg,Huế,-1.4255891135930663,0,0.7383206838203767,0
2025-02-03 19:00:00+07:00,27.0,13.0,83.0,/dl/web/weather/ic-w-04-scattered-clouds-full.svg,Huế,-1.4775471233659232,0,0.7383206838203767,0
2025-02-03 20:00:00+07:00,38.0,16.7,88.0,/dl/web/weather/ic-w-04-scattered-clouds-full.svg,Huế,-0.9060090158644964,0,1.3552883858533764,0
2025-02-03 21:00:00+07:00,53.0,16.7,88.0,/dl/web/weather/ic-w-04-scattered-clouds-full.svg,Huế,-0.12663886927164178,0,1.3552883858533764,0
2025-02-03 22:00:00+07:00,55.0,11.1,94.0,/dl/web/weather/ic-w-04-scattered-clouds-full.svg,Huế,-0.022722849725927835,0,0.42149943142505253,0
2025-02-03 23:00:00+07:00,55.0,16.7,88.0,/dl/web/weather/ic-w-04-scattered-clouds-full.svg,Huế,-0.022722849725927835,0,1.3552883858533764,0
2025-02-04 00:00:00+07:00,54.0,14.8,88.0,/dl/web/weather/ic-w-04-scattered-clouds-full.svg,Huế,-0.07468085949878481,0,1.0384671334580524,0
2025-02-04 01:00:00+07:00,53.0,16.7,83.0,/dl/web/weather/ic-w-04-scattered-clouds-full.svg,Huế,-0.12663886927164178,0,1.3552883858533764,0
2025-02-04 02:00:00+07:00,52.0,14.8,94.0,/dl/web/weather/ic-w-09-mist-full.svg,Huế,-0.17859687904449875,0,1.0384671334580524,0
2025-02-04 03:00:00+07:00,51.0,13.0,94.0,/dl/web/weather/ic-w-09-mist-full.svg,Huế,-0.23055488881735575,0,0.7383206838203767,0
2025-02-04 04:00:00+07:00,43.0,14.8,100.0,/dl/web/weather/ic-w-09-mist-full.svg,Huế,-0.6462189670002115,0,1.0384671334580524,0
2025-02-04 05:00:00+07:00,43.0,14.8,100.0,/dl/web/weather/ic-w-09-mist-full.svg,Huế,-0.6462189670002115,0,1.0384671334580524,0
2025-02-04 06:00:00+07:00,43.0,13.0,94.0,/dl/web/weather/ic-w-09-mist-full.svg,Huế,-0.6462189670002115,0,0.7383206838203767,0
2025-02-04 07:00:00+07:00,26.0,14.8,100.0,/dl/web/weather/ic-w-09-mist-full.svg,Huế,-1.5295051331387801,0,1.0384671334580524,0
2025-02-04 08:00:00+07:00,26.0,13.0,100.0,/dl/web/weather/ic-w-09-mist-full.svg,Huế,-1.5295051331387801,0,0.7383206838203767,0
2025-02-04 09:00:00+07:00,26.0,14.8,100.0,/dl/web/weather/ic-w-09-mist-full.svg,Huế,-1.5295051331387801,0,1.0384671334580524,0
2025-02-04 10:00:00+07:00,26.0,14.8,100.0,/dl/web/weather/ic-w-09-mist-full.svg,Huế,-1.5295051331387801,0,1.0384671334580524,0
2025-02-04 11:00:00+07:00,26.0,13.0,100.0,/dl/web/weather/ic-w-09-mist-full.svg,Huế,-1.5295051331387801,0,0.7383206838203767,0
2025-02-04 12:00:00+07:00,26.0,14.8,100.0,/dl/web/weather/ic-w-09-mist-full.svg,Huế,-1.5295051331387801,0,1.0384671334580524,0
2025-02-04 13:00:00+07:00,26.0,18.5,100.0,/dl/web/weather/ic-w-09-mist-full.svg,Huế,-1.5295051331387801,0,1.655434835491052,0
2025-02-04 14:00:00+07:00,26.0,20.4,100.0,/dl/web/weather/ic-w-09-mist-full.svg,Huế,-1.5295051331387801,0,1.972256087886376,0
2025-02-04 15:00:00+07:00,26.0,20.4,94.0,/dl/web/weather/ic-w-09-mist-full.svg,Huế,-1.5295051331387801,0,1.972256087886376,0
2025-02-04 16:00:00+07:00,26.0,16.7,94.0,/dl/web/weather/ic-w-09-mist-full.svg,Huế,-1.5295051331387801,0,1.3552883858533764,0
2025-02-04 17:00:00+07:00,26.0,14.8,94.0,/dl/web/weather/ic-w-09-mist-full.svg,Huế,-1.5295051331387801,0,1.0384671334580524,0
2025-02-04 18:00:00+07:00,26.0,14.8,94.0,/dl/web/weather/ic-w-09-mist-full.svg,Huế,-1.5295051331387801,0,1.0384671334580524,0
2025-02-04 19:00:00+07:00,26.0,13.0,100.0,/dl/web/weather/ic-w-09-mist-full.svg,Huế,-1.5295051331387801,0,0.7383206838203767,0
2025-02-04 20:00:00+07:00,26.0,13.0,94.0,/dl/web/weather/ic-w-09-mist-full.svg,Huế,-1.5295051331387801,0,0.7383206838203767,0
2025-02-04 21:00:00+07:00,26.0,13.0,94.0,/dl/web/weather/ic-w-09-mist-full.svg,Huế,-1.5295051331387801,0,0.7383206838203767,0
2025-02-04 22:00:00+07:00,26.0,11.1,94.0,/dl/web/weather/ic-w-09-mist-full.svg,Huế,-1.5295051331387801,0,0.42149943142505253,0
2025-02-04 23:00:00+07:00,26.0,13.0,94.0,/dl/web/weather/ic-w-04-scattered-clouds-full.svg,Huế,-1.5295051331387801,0,0.7383206838203767,0
2025-02-05 00:00:00+07:00,26.0,11.1,94.0,/dl/web/weather/ic-w-04-scattered-clouds-full.svg,Huế,-1.5295051331387801,0,0.42149943142505253,0
2025-02-05 01:00:00+07:00,26.0,11.1,94.0,/dl/web/weather/ic-w-04-scattered-clouds-full.svg,Huế,-1.5295051331387801,0,0.42149943142505253,0
2025-02-05 02:00:00+07:00,26.0,7.4,94.0,/dl/web/weather/ic-w-04-scattered-clouds-full.svg,Huế,-1.5295051331387801,0,-0.19546827060794705,0
2025-02-05 03:00:00+07:00,26.0,7.4,94.0,/dl/web/weather/ic-w-04-scattered-clouds-full.svg,Huế,-1.5295051331387801,0,-0.19546827060794705,0
2025-02-05 04:00:00+07:00,26.0,7.4,94.0,/dl/web/weather/ic-w-04-scattered-clouds-full.svg,Huế,-1.5295051331387801,0,-0.19546827060794705,0
2025-02-05 05:00:00+07:00,31.0,11.1,100.0,/dl/web/weather/ic-w-04-scattered-clouds-full.svg,Huế,-1.2697150842744953,0,0.42149943142505253,0
2025-02-05 06:00:00+07:00,37.0,9.2,100.0,/dl/web/weather/ic-w-04-scattered-clouds-full.svg,Huế,-0.9579670256373534,0,0.10467817902972831,0
2025-02-05 07:00:00+07:00,39.0,9.2,100.0,/dl/web/weather/ic-w-04-scattered-clouds-full.svg,Huế,-0.8540510060916394,0,0.10467817902972831,0
2025-02-05 08:00:00+07:00,42.0,7.4,94.0,/dl/web/weather/ic-w-04-scattered-clouds-full.svg,Huế,-0.6981769767730686,0,-0.19546827060794705,0
2025-02-05 09:00:00+07:00,39.0,9.2,88.0,/dl/web/weather/ic-w-04-scattered-clouds-full.svg,Huế,-0.8540510060916394,0,0.10467817902972831,0
2025-02-05 10:00:00+07:00,39.0,5.5,83.0,/dl/web/weather/ic-w-04-scattered-clouds-full.svg,Huế,-0.8540510060916394,0,-0.5122895230032712,0
2025-02-05 11:00:00+07:00,35.0,5.5,83.0,/dl/web/weather/ic-w-04-scattered-clouds-full.svg,Huế,-1.0618830451830674,0,-0.5122895230032712,0
2025-02-05 12:00:00+07:00,31.0,5.5,73.0,/dl/web/weather/ic-w-04-scattered-clouds-full.svg,Huế,-1.2697150842744953,0,-0.5122895230032712,0
2025-02-05 13:00:00+07:00,28.0,5.5,73.0,/dl/web/weather/ic-w-02-new-clouds-full.svg,Huế,-1.4255891135930663,0,-0.5122895230032712,0
2025-02-05 14:00:00+07:00,29.0,9.2,69.0,/dl/web/weather/ic-w-02-new-clouds-full.svg,Huế,-1.3736311038202091,0,0.10467817902972831,0
2025-02-05 15:00:00+07:00,33.0,14.8,69.0,/dl/web/weather/ic-w-02-new-clouds-full.svg,Huế,-1.1657990647287813,0,1.0384671334580524,0
2025-02-05 16:00:00+07:00,36.0,16.7,73.0,/dl/web/weather/ic-w-02-new-clouds-full.svg,Huế,-1.0099250354102103,0,1.3552883858533764,0
2025-02-05 17:00:00+07:00,38.0,11.1,78.0,/dl/web/weather/ic-w-02-new-clouds-full.svg,Huế,-0.9060090158644964,0,0.42149943142505253,0
2025-02-05 18:00:00+07:00,43.0,11.1,78.0,/dl/web/weather/ic-w-04-scattered-clouds-full.svg,Huế,-0.6462189670002115,0,0.42149943142505253,0
2025-02-05 19:00:00+07:00,42.0,9.2,83.0,/dl/web/weather/ic-w-04-scattered-clouds-full.svg,Huế,-0.6981769767730686,0,0.10467817902972831,0
2025-02-05 20:00:00+07:00,46.0,7.4,88.0,/dl/web/weather/ic-w-04-scattered-clouds-full.svg,Huế,-0.4903449376816406,0,-0.19546827060794705,0
2025-02-05 21:00:00+07:00,50.0,7.4,88.0,/dl/web/weather/ic-w-04-scattered-clouds-full.svg,Huế,-0.2825128985902127,0,-0.19546827060794705,0
2025-02-05 22:00:00+07:00,53.0,5.5,88.0,/dl/web/weather/ic-w-04-scattered-clouds-full.svg,Huế,-0.12663886927164178,0,-0.5122895230032712,0
2025-02-05 23:00:00+07:00,54.0,5.5,88.0,/dl/web/weather/ic-w-04-scattered-clouds-full.svg,Huế,-0.07468085949878481,0,-0.5122895230032712,0
2025-02-06 00:00:00+07:00,55.0,5.5,88.0,/dl/web/weather/ic-w-04-scattered-clouds-full.svg,Huế,-0.022722849725927835,0,-0.5122895230032712,0
2025-02-06 01:00:00+07:00,58.0,5.5,94.0,/dl/web/weather/ic-w-04-scattered-clouds-full.svg,Huế,0.13315117959264308,0,-0.5122895230032712,0
2025-02-06 02:00:00+07:00,61.0,7.4,94.0,/dl/web/weather/ic-w-04-scattered-clouds-full.svg,Huế,0.289025208911214,0,-0.19546827060794705,0
2025-02-06 03:00:00+07:00,62.0,7.4,94.0,/dl/web/weather/ic-w-04-scattered-clouds-full.svg,Huế,0.340983218684071,0,-0.19546827060794705,0
2025-02-06 04:00:00+07:00,63.0,5.5,94.0,/dl/web/weather/ic-w-04-scattered-clouds-full.svg,Huế,0.39294122845692797,0,-0.5122895230032712,0
2025-02-06 05:00:00+07:00,64.0,5.5,88.0,/dl/web/weather/ic-w-04-scattered-clouds-full.svg,Huế,0.44489923822978494,0,-0.5122895230032712,0
2025-02-06 06:00:00+07:00,65.0,3.7,94.0,/dl/web/weather/ic-w-04-scattered-clouds-full.svg,Huế,0.4968572480026419,0,-0.8124359726409468,0
2025-02-06 07:00:00+07:00,67.0,3.7,100.0,/dl/web/weather/ic-w-09-mist-full.svg,Huế,0.6007732675483559,0,-0.8124359726409468,0
2025-02-06 08:00:00+07:00,76.0,5.5,94.0,/dl/web/weather/ic-w-09-mist-full.svg,Huế,1.0683953555040686,0,-0.5122895230032712,0
2025-02-06 09:00:00+07:00,78.0,5.5,88.0,/dl/web/weather/ic-w-09-mist-full.svg,Huế,1.1723113750497827,0,-0.5122895230032712,0
2025-02-06 10:00:00+07:00,78.0,5.5,88.0,/dl/web/weather/ic-w-09-mist-full.svg,Huế,1.1723113750497827,0,-0.5122895230032712,0
2025-02-06 11:00:00+07:00,84.0,3.7,83.0,/dl/web/weather/ic-w-04-scattered-clouds-full.svg,Huế,1.4840594336869244,0,-0.8124359726409468,0
2025-02-06 12:00:00+07:00,79.0,7.4,78.0,/dl/web/weather/ic-w-04-scattered-clouds-full.svg,Huế,1.2242693848226396,0,-0.19546827060794705,0
2025-02-06 13:00:00+07:00,70.0,16.7,65.0,/dl/web/weather/ic-w-04-scattered-clouds-full.svg,Huế,0.7566472968669268,0,1.3552883858533764,0
2025-02-06 14:00:00+07:00,63.0,20.4,65.0,/dl/web/weather/ic-w-04-scattered-clouds-full.svg,Huế,0.39294122845692797,0,1.972256087886376,0
2025-02-06 15:00:00+07:00,59.0,20.4,65.0,/dl/web/weather/ic-w-02-new-clouds-full.svg,Huế,0.18510918936550008,0,1.972256087886376,0
2025-02-06 16:00:00+07:00,58.0,20.4,65.0,/dl/web/weather/ic-w-02-new-clouds-full.svg,Huế,0.13315117959264308,0,1.972256087886376,0
2025-02-06 17:00:00+07:00,57.0,24.1,69.0,/dl/web/weather/ic-w-02-new-clouds-full.svg,Huế,0.08119316981978612,0,2.589223789919376,0
2025-02-06 18:00:00+07:00,58.0,20.4,69.0,/dl/web/weather/ic-w-02-new-clouds-full.svg,Huế,0.13315117959264308,0,1.972256087886376,0
2025-02-06 19:00:00+07:00,59.0,18.5,73.0,/dl/web/weather/ic-w-11-night-few-clouds-full.svg,Huế,0.18510918936550008,0,1.655434835491052,0
2025-02-06 20:00:00+07:00,59.0,9.2,83.0,/dl/web/weather/ic-w-11-night-few-clouds-full.svg,Huế,0.18510918936550008,0,0.10467817902972831,0
2025-02-06 21:00:00+07:00,58.0,9.2,83.0,/dl/web/weather/ic-w-11-night-few-clouds-full.svg,Huế,0.13315117959264308,0,0.10467817902972831,0
2025-02-06 22:00:00+07:00,60.0,7.4,88.0,/dl/web/weather/ic-w-11-night-few-clouds-full.svg,Huế,0.23706719913835705,0,-0.19546827060794705,0
2025-02-06 23:00:00+07:00,62.0,9.2,88.0,/dl/web/weather/ic-w-11-night-few-clouds-full.svg,Huế,0.340983218684071,0,0.10467817902972831,0
2025-02-07 00:00:00+07:00,67.0,1.8,88.0,/dl/web/weather/ic-w-11-night-few-clouds-full.svg,Huế,0.6007732675483559,0,-1.1292572250362711,0
2025-02-07 01:00:00+07:00,69.0,3.7,88.0,/dl/web/weather/ic-w-11-night-few-clouds-full.svg,Huế,0.7046892870940699,0,-0.8124359726409468,0
2025-02-07 02:00:00+07:00,70.0,7.4,94.0,/dl/web/weather/ic-w-09-mist-full.svg,Huế,0.7566472968669268,0,-0.19546827060794705,0
2025-02-07 03:00:00+07:00,66.0,1.8,94.0,/dl/web/weather/ic-w-09-mist-full.svg,Huế,0.5488152577754989,0,-1.1292572250362711,0
2025-02-07 04:00:00+07:00,64.0,3.7,94.0,/dl/web/weather/ic-w-04-scattered-clouds-full.svg,Huế,0.44489923822978494,0,-0.8124359726409468,0
2025-02-07 05:00:00+07:00,66.0,5.5,94.0,/dl/web/weather/ic-w-04-scattered-clouds-full.svg,Huế,0.5488152577754989,0,-0.5122895230032712,0
2025-02-07 06:00:00+07:00,66.0,5.5,94.0,/dl/web/weather/ic-w-09-mist-full.svg,Huế,0.5488152577754989,0,-0.5122895230032712,0
2025-02-07 07:00:00+07:00,66.0,5.5,88.0,/dl/web/weather/ic-w-09-mist-full.svg,Huế,0.5488152577754989,0,-0.5122895230032712,0
2025-02-07 08:00:00+07:00,66.0,1.8,83.0,/dl/web/weather/ic-w-02-new-clouds-full.svg,Huế,0.5488152577754989,0,-1.1292572250362711,0
2025-02-07 09:00:00+07:00,66.0,3.7,88.0,/dl/web/weather/ic-w-04-scattered-clouds-full.svg,Huế,0.5488152577754989,0,-0.8124359726409468,0
2025-02-07 10:00:00+07:00,66.0,3.7,83.0,/dl/web/weather/ic-w-04-scattered-clouds-full.svg,Huế,0.5488152577754989,0,-0.8124359726409468,0
2025-02-07 11:00:00+07:00,65.0,3.7,83.0,/dl/web/weather/ic-w-04-scattered-clouds-full.svg,Huế,0.4968572480026419,0,-0.8124359726409468,0
2025-02-07 12:00:00+07:00,65.0,7.4,73.0,/dl/web/weather/ic-w-04-scattered-clouds-full.svg,Huế,0.4968572480026419,0,-0.19546827060794705,0
2025-02-07 13:00:00+07:00,62.0,11.1,83.0,/dl/web/weather/ic-w-04-scattered-clouds-full.svg,Huế,0.340983218684071,0,0.42149943142505253,0
2025-02-07 14:00:00+07:00,57.0,9.2,83.0,/dl/web/weather/ic-w-04-scattered-clouds-full.svg,Huế,0.08119316981978612,0,0.10467817902972831,0
2025-02-07 15:00:00+07:00,52.0,7.4,88.0,/dl/web/weather/ic-w-04-scattered-clouds-full.svg,Huế,-0.17859687904449875,0,-0.19546827060794705,0
2025-02-07 16:00:00+07:00,49.0,7.4,83.0,/dl/web/weather/ic-w-04-scattered-clouds-full.svg,Huế,-0.3344709083630697,0,-0.19546827060794705,0
2025-02-07 17:00:00+07:00,53.0,9.2,78.0,/dl/web/weather/ic-w-04-scattered-clouds-full.svg,Huế,-0.12663886927164178,0,0.10467817902972831,0
2025-02-07 18:00:00+07:00,54.0,9.2,83.0,/dl/web/weather/ic-w-04-scattered-clouds-full.svg,Huế,-0.07468085949878481,0,0.10467817902972831,0
2025-02-07 19:00:00+07:00,55.0,11.1,88.0,/dl/web/weather/ic-w-04-scattered-clouds-full.svg,Huế,-0.022722849725927835,0,0.42149943142505253,0
2025-02-07 20:00:00+07:00,57.0,7.4,94.0,/dl/web/weather/ic-w-04-scattered-clouds-full.svg,Huế,0.08119316981978612,0,-0.19546827060794705,0
2025-02-07 21:00:00+07:00,59.0,7.4,94.0,/dl/web/weather/ic-w-04-scattered-clouds-full.svg,Huế,0.18510918936550008,0,-0.19546827060794705,0
2025-02-07 22:00:00+07:00,55.0,7.4,94.0,/dl/web/weather/ic-w-04-scattered-clouds-full.svg,Huế,-0.022722849725927835,0,-0.19546827060794705,0
2025-02-07 23:00:00+07:00,55.0,22.2,94.0,/dl/web/weather/ic-w-04-scattered-clouds-full.svg,Huế,-0.022722849725927835,0,2.2724025375240515,0
2025-02-08 00:00:00+07:00,26.0,9.0,94.0,/dl/web/weather/ic-w-12-night-rain-full.svg,Huế,-1.5295051331387801,0,0.07132857351443116,0
2025-02-08 01:00:00+07:00,26.0,9.0,94.0,/dl/web/weather/ic-w-12-night-rain-full.svg,Huế,-1.5295051331387801,0,0.07132857351443116,0
2025-02-08 02:00:00+07:00,26.0,20.4,94.0,/dl/web/weather/ic-w-12-night-rain-full.svg,Huế,-1.5295051331387801,0,1.972256087886376,0
2025-02-08 03:00:00+07:00,26.0,20.4,94.0,/dl/web/weather/ic-w-12-night-rain-full.svg,Huế,-1.5295051331387801,0,1.972256087886376,0
2025-02-08 04:00:00+07:00,26.0,16.7,94.0,/dl/web/weather/ic-w-12-night-rain-full.svg,Huế,-1.5295051331387801,0,1.3552883858533764,0
2025-02-08 05:00:00+07:00,26.0,9.2,94.0,/dl/web/weather/ic-w-09-mist-full.svg,Huế,-1.5295051331387801,0,0.10467817902972831,0
2025-02-08 06:00:00+07:00,26.0,9.2,94.0,/dl/web/weather/ic-w-09-mist-full.svg,Huế,-1.5295051331387801,0,0.10467817902972831,0
2025-02-08 07:00:00+07:00,26.0,3.7,100.0,/dl/web/weather/ic-w-09-mist-full.svg,Huế,-1.5295051331387801,0,-0.8124359726409468,0
2025-02-08 08:00:00+07:00,37.0,3.7,100.0,/dl/web/weather/ic-w-09-mist-full.svg,Huế,-0.9579670256373534,0,-0.8124359726409468,0
2025-02-08 09:00:00+07:00,48.0,1.8,94.0,/dl/web/weather/ic-w-09-mist-full.svg,Huế,-0.38642891813592667,0,-1.1292572250362711,0
2025-02-08 10:00:00+07:00,48.0,1.8,94.0,/dl/web/weather/ic-w-09-mist-full.svg,Huế,-0.38642891813592667,0,-1.1292572250362711,0
2025-02-08 11:00:00+07:00,52.0,11.1,94.0,/dl/web/weather/ic-w-09-mist-full.svg,Huế,-0.17859687904449875,0,0.42149943142505253,0
2025-02-08 12:00:00+07:00,51.0,20.4,83.0,/dl/web/weather/ic-w-04-scattered-clouds-full.svg,Huế,-0.23055488881735575,0,1.972256087886376,0
2025-02-08 13:00:00+07:00,48.0,20.4,83.0,/dl/web/weather/ic-w-04-scattered-clouds-full.svg,Huế,-0.38642891813592667,0,1.972256087886376,0
2025-02-08 14:00:00+07:00,44.0,18.5,83.0,/dl/web/weather/ic-w-04-scattered-clouds-full.svg,Huế,-0.5942609572273546,0,1.655434835491052,0
2025-02-08 15:00:00+07:00,43.0,20.4,83.0,/dl/web/weather/ic-w-04-scattered-clouds-full.svg,Huế,-0.6462189670002115,0,1.972256087886376,0
2025-02-08 16:00:00+07:00,45.0,20.4,78.0,/dl/web/weather/ic-w-04-scattered-clouds-full.svg,Huế,-0.5423029474544976,0,1.972256087886376,0
2025-02-08 17:00:00+07:00,46.0,18.5,78.0,/dl/web/weather/ic-w-04-scattered-clouds-full.svg,Huế,-0.4903449376816406,0,1.655434835491052,0
2025-02-08 18:00:00+07:00,48.0,16.7,83.0,/dl/web/weather/ic-w-04-scattered-clouds-full.svg,Huế,-0.38642891813592667,0,1.3552883858533764,0
2025-02-08 19:00:00+07:00,49.0,9.2,88.0,/dl/web/weather/ic-w-04-scattered-clouds-full.svg,Huế,-0.3344709083630697,0,0.10467817902972831,0
2025-02-08 20:00:00+07:00,49.0,13.0,88.0,/dl/web/weather/ic-w-04-scattered-clouds-full.svg,Huế,-0.3344709083630697,0,0.7383206838203767,0
2025-02-08 21:00:00+07:00,52.0,13.0,83.0,/dl/web/weather/ic-w-04-scattered-clouds-full.svg,Huế,-0.17859687904449875,0,0.7383206838203767,0
2025-02-08 22:00:00+07:00,52.0,14.8,88.0,/dl/web/weather/ic-w-04-scattered-clouds-full.svg,Huế,-0.17859687904449875,0,1.0384671334580524,0
2025-02-08 23:00:00+07:00,52.0,16.7,83.0,/dl/web/weather/ic-w-04-scattered-clouds-full.svg,Huế,-0.17859687904449875,0,1.3552883858533764,0
2025-02-09 00:00:00+07:00,52.0,14.8,83.0,/dl/web/weather/ic-w-04-scattered-clouds-full.svg,Huế,-0.17859687904449875,0,1.0384671334580524,0
2025-02-09 01:00:00+07:00,52.0,11.1,83.0,/dl/web/weather/ic-w-04-scattered-clouds-full.svg,Huế,-0.17859687904449875,0,0.42149943142505253,0
2025-02-09 02:00:00+07:00,52.0,14.8,83.0,/dl/web/weather/ic-w-04-scattered-clouds-full.svg,Huế,-0.17859687904449875,0,1.0384671334580524,0
2025-02-09 03:00:00+07:00,51.0,13.0,83.0,/dl/web/weather/ic-w-04-scattered-clouds-full.svg,Huế,-0.23055488881735575,0,0.7383206838203767,0
2025-02-09 04:00:00+07:00,48.0,14.8,83.0,/dl/web/weather/ic-w-04-scattered-clouds-full.svg,Huế,-0.38642891813592667,0,1.0384671334580524,0
2025-02-09 05:00:00+07:00,43.0,16.7,94.0,/dl/web/weather/ic-w-04-scattered-clouds-full.svg,Huế,-0.6462189670002115,0,1.3552883858533764,0
2025-02-09 06:00:00+07:00,41.0,16.7,88.0,/dl/web/weather/ic-w-04-scattered-clouds-full.svg,Huế,-0.7501349865459255,0,1.3552883858533764,0
2025-02-09 07:00:00+07:00,39.0,16.7,83.0,/dl/web/weather/ic-w-04-scattered-clouds-full.svg,Huế,-0.8540510060916394,0,1.3552883858533764,0
2025-02-09 08:00:00+07:00,41.0,20.4,83.0,/dl/web/weather/ic-w-04-scattered-clouds-full.svg,Huế,-0.7501349865459255,0,1.972256087886376,0
2025-02-09 09:00:00+07:00,42.0,20.4,78.0,/dl/web/weather/ic-w-04-scattered-clouds-full.svg,Huế,-0.6981769767730686,0,1.972256087886376,0
2025-02-09 10:00:00+07:00,42.0,18.5,78.0,/dl/web/weather/ic-w-04-scattered-clouds-full.svg,Huế,-0.6981769767730686,0,1.655434835491052,0
2025-02-09 11:00:00+07:00,46.0,18.5,78.0,/dl/web/weather/ic-w-04-scattered-clouds-full.svg,Huế,-0.4903449376816406,0,1.655434835491052,0
2025-02-09 12:00:00+07:00,53.0,18.5,78.0,/dl/web/weather/ic-w-04-scattered-clouds-full.svg,Huế,-0.12663886927164178,0,1.655434835491052,0
2025-02-09 13:00:00+07:00,55.0,22.2,73.0,/dl/web/weather/ic-w-04-scattered-clouds-full.svg,Huế,-0.022722849725927835,0,2.2724025375240515,0
2025-02-09 14:00:00+07:00,55.0,18.5,73.0,/dl/web/weather/ic-w-04-scattered-clouds-full.svg,Huế,-0.022722849725927835,0,1.655434835491052,0
2025-02-09 15:00:00+07:00,56.0,16.7,73.0,/dl/web/weather/ic-w-04-scattered-clouds-full.svg,Huế,0.02923516004692914,0,1.3552883858533764,0
2025-02-09 16:00:00+07:00,59.0,16.7,73.0,/dl/web/weather/ic-w-04-scattered-clouds-full.svg,Huế,0.18510918936550008,0,1.3552883858533764,0
2025-02-09 17:00:00+07:00,62.0,14.8,73.0,/dl/web/weather/ic-w-04-scattered-clouds-full.svg,Huế,0.340983218684071,0,1.0384671334580524,0
2025-02-09 18:00:00+07:00,63.0,14.8,73.0,/dl/web/weather/ic-w-04-scattered-clouds-full.svg,Huế,0.39294122845692797,0,1.0384671334580524,0
2025-02-09 19:00:00+07:00,64.0,9.2,77.0,/dl/web/weather/ic-w-04-scattered-clouds-full.svg,Huế,0.44489923822978494,0,0.10467817902972831,0
2025-02-09 20:00:00+07:00,61.0,3.7,83.0,/dl/web/weather/ic-w-04-scattered-clouds-full.svg,Huế,0.289025208911214,0,-0.8124359726409468,0
2025-02-09 21:00:00+07:00,67.0,3.7,88.0,/dl/web/weather/ic-w-04-scattered-clouds-full.svg,Huế,0.6007732675483559,0,-0.8124359726409468,0
2025-02-09 22:00:00+07:00,60.0,5.5,88.0,/dl/web/weather/ic-w-04-scattered-clouds-full.svg,Huế,0.23706719913835705,0,-0.5122895230032712,0
2025-02-09 23:00:00+07:00,55.0,13.0,88.0,/dl/web/weather/ic-w-04-scattered-clouds-full.svg,Huế,-0.022722849725927835,0,0.7383206838203767,0
2025-02-10 00:00:00+07:00,56.0,14.8,94.0,/dl/web/weather/ic-w-04-scattered-clouds-full.svg,Huế,0.02923516004692914,0,1.0384671334580524,0
2025-02-10 01:00:00+07:00,54.0,16.7,88.0,/dl/web/weather/ic-w-04-scattered-clouds-full.svg,Huế,-0.07468085949878481,0,1.3552883858533764,0
2025-02-10 02:00:00+07:00,52.0,14.8,88.0,/dl/web/weather/ic-w-04-scattered-clouds-full.svg,Huế,-0.17859687904449875,0,1.0384671334580524,0
2025-02-10 03:00:00+07:00,48.0,13.0,88.0,/dl/web/weather/ic-w-09-mist-full.svg,Huế,-0.38642891813592667,0,0.7383206838203767,0
2025-02-10 04:00:00+07:00,48.0,13.0,94.0,/dl/web/weather/ic-w-04-scattered-clouds-full.svg,Huế,-0.38642891813592667,0,0.7383206838203767,0
2025-02-10 05:00:00+07:00,49.0,13.0,94.0,/dl/web/weather/ic-w-04-scattered-clouds-full.svg,Huế,-0.3344709083630697,0,0.7383206838203767,0
2025-02-10 06:00:00+07:00,47.0,13.0,94.0,/dl/web/weather/ic-w-04-scattered-clouds-full.svg,Huế,-0.43838692790878364,0,0.7383206838203767,0
2025-02-10 07:00:00+07:00,42.0,11.1,94.0,/dl/web/weather/ic-w-04-scattered-clouds-full.svg,Huế,-0.6981769767730686,0,0.42149943142505253,0
2025-02-10 08:00:00+07:00,39.0,13.0,94.0,/dl/web/weather/ic-w-04-scattered-clouds-full.svg,Huế,-0.8540510060916394,0,0.7383206838203767,0
2025-02-10 09:00:00+07:00,38.0,16.7,88.0,/dl/web/weather/ic-w-04-scattered-clouds-full.svg,Huế,-0.9060090158644964,0,1.3552883858533764,0
2025-02-10 10:00:00+07:00,38.0,16.7,88.0,/dl/web/weather/ic-w-04-scattered-clouds-full.svg,Huế,-0.9060090158644964,0,1.3552883858533764,0
2025-02-10 11:00:00+07:00,42.0,14.8,94.0,/dl/web/weather/ic-w-09-mist-full.svg,Huế,-0.6981769767730686,0,1.0384671334580524,0
2025-02-10 12:00:00+07:00,44.0,14.8,94.0,/dl/web/weather/ic-w-09-mist-full.svg,Huế,-0.5942609572273546,0,1.0384671334580524,0
2025-02-10 13:00:00+07:00,51.0,11.1,94.0,/dl/web/weather/ic-w-09-mist-full.svg,Huế,-0.23055488881735575,0,0.42149943142505253,0
2025-02-10 14:00:00+07:00,57.0,13.0,94.0,/dl/web/weather/ic-w-09-mist-full.svg,Huế,0.08119316981978612,0,0.7383206838203767,0
2025-02-10 15:00:00+07:00,66.0,9.2,94.0,/dl/web/weather/ic-w-09-mist-full.svg,Huế,0.5488152577754989,0,0.10467817902972831,0
2025-02-10 16:00:00+07:00,80.0,9.2,94.0,/dl/web/weather/ic-w-09-mist-full.svg,Huế,1.2762273945954965,0,0.10467817902972831,0
2025-02-10 17:00:00+07:00,86.0,9.2,100.0,/dl/web/weather/ic-w-09-mist-full.svg,Huế,1.5879754532326384,0,0.10467817902972831,0
2025-02-10 18:00:00+07:00,89.0,9.2,88.0,/dl/web/weather/ic-w-09-mist-full.svg,Huế,1.7438494825512094,0,0.10467817902972831,0
2025-02-10 19:00:00+07:00,91.0,5.5,88.0,/dl/web/weather/ic-w-09-mist-full.svg,Huế,1.8477655020969233,0,-0.5122895230032712,0
2025-02-10 20:00:00+07:00,93.0,7.4,94.0,/dl/web/weather/ic-w-09-mist-full.svg,Huế,1.9516815216426373,0,-0.19546827060794705,0
2025-02-10 21:00:00+07:00,94.0,7.4,94.0,/dl/web/weather/ic-w-09-mist-full.svg,Huế,2.0036395314154944,0,-0.19546827060794705,0
2025-02-10 22:00:00+07:00,98.0,9.2,88.0,/dl/web/weather/ic-w-04-scattered-clouds-full.svg,Huế,2.211471570506922,0,0.10467817902972831,0
2025-02-10 23:00:00+07:00,97.0,5.5,88.0,/dl/web/weather/ic-w-04-scattered-clouds-full.svg,Huế,2.159513560734065,0,-0.5122895230032712,0
2025-02-11 00:00:00+07:00,94.0,7.4,94.0,/dl/web/weather/ic-w-04-scattered-clouds-full.svg,Huế,2.0036395314154944,0,-0.19546827060794705,0
2025-02-11 01:00:00+07:00,90.0,5.5,94.0,/dl/web/weather/ic-w-09-mist-full.svg,Huế,1.7958074923240663,0,-0.5122895230032712,0
2025-02-11 02:00:00+07:00,88.0,7.4,88.0,/dl/web/weather/ic-w-09-mist-full.svg,Huế,1.6918914727783523,0,-0.19546827060794705,0
2025-02-11 03:00:00+07:00,89.0,9.2,88.0,/dl/web/weather/ic-w-09-mist-full.svg,Huế,1.7438494825512094,0,0.10467817902972831,0
2025-02-11 04:00:00+07:00,89.0,7.4,94.0,/dl/web/weather/ic-w-09-mist-full.svg,Huế,1.7438494825512094,0,-0.19546827060794705,0
2025-02-11 05:00:00+07:00,89.0,7.4,88.0,/dl/web/weather/ic-w-09-mist-full.svg,Huế,1.7438494825512094,0,-0.19546827060794705,0
2025-02-11 06:00:00+07:00,90.0,7.4,94.0,/dl/web/weather/ic-w-09-mist-full.svg,Huế,1.7958074923240663,0,-0.19546827060794705,0
2025-02-11 07:00:00+07:00,90.0,3.7,94.0,/dl/web/weather/ic-w-09-mist-full.svg,Huế,1.7958074923240663,0,-0.8124359726409468,0
2025-02-11 08:00:00+07:00,95.0,5.5,94.0,/dl/web/weather/ic-w-09-mist-full.svg,Huế,2.055597541188351,0,-0.5122895230032712,0
2025-02-11 09:00:00+07:00,99.0,7.4,83.0,/dl/web/weather/ic-w-04-scattered-clouds-full.svg,Huế,2.2634295802797793,0,-0.19546827060794705,0
2025-02-11 10:00:00+07:00,99.0,3.7,78.0,/dl/web/weather/ic-w-04-scattered-clouds-full.svg,Huế,2.2634295802797793,0,-0.8124359726409468,0
2025-02-11 11:00:00+07:00,99.0,3.7,78.0,/dl/web/weather/ic-w-04-scattered-clouds-full.svg,Huế,2.2634295802797793,0,-0.8124359726409468,0
2025-02-11 12:00:00+07:00,95.0,9.2,83.0,/dl/web/weather/ic-w-04-scattered-clouds-full.svg,Huế,2.055597541188351,0,0.10467817902972831,0
2025-02-11 13:00:00+07:00,92.0,9.2,78.0,/dl/web/weather/ic-w-04-scattered-clouds-full.svg,Huế,1.8997235118697804,0,0.10467817902972831,0
2025-02-11 14:00:00+07:00,89.0,11.1,78.0,/dl/web/weather/ic-w-04-scattered-clouds-full.svg,Huế,1.7438494825512094,0,0.42149943142505253,0
2025-02-11 15:00:00+07:00,84.0,7.4,83.0,/dl/web/weather/ic-w-04-scattered-clouds-full.svg,Huế,1.4840594336869244,0,-0.19546827060794705,0
2025-02-11 16:00:00+07:00,78.0,7.4,78.0,/dl/web/weather/ic-w-04-scattered-clouds-full.svg,Huế,1.1723113750497827,0,-0.19546827060794705,0
2025-02-11 17:00:00+07:00,77.0,9.2,78.0,/dl/web/weather/ic-w-04-scattered-clouds-full.svg,Huế,1.1203533652769258,0,0.10467817902972831,0
2025-02-11 18:00:00+07:00,76.0,9.2,78.0,/dl/web/weather/ic-w-04-scattered-clouds-full.svg,Huế,1.0683953555040686,0,0.10467817902972831,0
2025-02-11 19:00:00+07:00,74.0,7.4,83.0,/dl/web/weather/ic-w-04-scattered-clouds-full.svg,Huế,0.9644793359583547,0,-0.19546827060794705,0
2025-02-11 20:00:00+07:00,76.0,3.7,94.0,/dl/web/weather/ic-w-04-scattered-clouds-full.svg,Huế,1.0683953555040686,0,-0.8124359726409468,0
2025-02-11 21:00:00+07:00,79.0,3.7,94.0,/dl/web/weather/ic-w-04-scattered-clouds-full.svg,Huế,1.2242693848226396,0,-0.8124359726409468,0
2025-02-11 22:00:00+07:00,80.0,3.7,94.0,/dl/web/weather/ic-w-04-scattered-clouds-full.svg,Huế,1.2762273945954965,0,-0.8124359726409468,0
2025-02-11 23:00:00+07:00,80.0,1.8,94.0,/dl/web/weather/ic-w-04-scattered-clouds-full.svg,Huế,1.2762273945954965,0,-1.1292572250362711,0
2025-02-12 00:00:00+07:00,84.0,1.8,94.0,/dl/web/weather/ic-w-04-scattered-clouds-full.svg,Huế,1.4840594336869244,0,-1.1292572250362711,0
2025-02-12 02:00:00+07:00,91.0,3.7,94.0,/dl/web/weather/ic-w-09-mist-full.svg,Huế,1.8477655020969233,0,-0.8124359726409468,0
2025-02-12 03:00:00+07:00,91.0,1.8,94.0,/dl/web/weather/ic-w-09-mist-full.svg,Huế,1.8477655020969233,0,-1.1292572250362711,0
2025-02-12 04:00:00+07:00,86.0,1.8,94.0,/dl/web/weather/ic-w-09-mist-full.svg,Huế,1.5879754532326384,0,-1.1292572250362711,0
2025-02-12 05:00:00+07:00,83.0,1.8,94.0,/dl/web/weather/ic-w-09-mist-full.svg,Huế,1.4321014239140675,0,-1.1292572250362711,0
2025-02-12 06:00:00+07:00,81.0,1.8,94.0,/dl/web/weather/ic-w-09-mist-full.svg,Huế,1.3281854043683536,0,-1.1292572250362711,0
2025-02-12 07:00:00+07:00,82.0,3.7,94.0,/dl/web/weather/ic-w-09-mist-full.svg,Huế,1.3801434141412106,0,-0.8124359726409468,0
2025-02-12 08:00:00+07:00,85.0,5.5,100.0,/dl/web/weather/ic-w-09-mist-full.svg,Huế,1.5360174434597815,0,-0.5122895230032712,0
2025-02-12 09:00:00+07:00,82.0,5.5,94.0,/dl/web/weather/ic-w-09-mist-full.svg,Huế,1.3801434141412106,0,-0.5122895230032712,0
2025-02-12 10:00:00+07:00,82.0,5.5,94.0,/dl/web/weather/ic-w-09-mist-full.svg,Huế,1.3801434141412106,0,-0.5122895230032712,0
2025-02-12 11:00:00+07:00,83.0,5.5,94.0,/dl/web/weather/ic-w-09-mist-full.svg,Huế,1.4321014239140675,0,-0.5122895230032712,0
2025-02-12 12:00:00+07:00,82.0,7.4,88.0,/dl/web/weather/ic-w-04-scattered-clouds-full.svg,Huế,1.3801434141412106,0,-0.19546827060794705,0
2025-02-12 13:00:00+07:00,68.0,9.2,83.0,/dl/web/weather/ic-w-04-scattered-clouds-full.svg,Huế,0.6527312773212128,0,0.10467817902972831,0
2025-02-12 14:00:00+07:00,60.0,11.1,83.0,/dl/web/weather/ic-w-04-scattered-clouds-full.svg,Huế,0.23706719913835705,0,0.42149943142505253,0
2025-02-12 15:00:00+07:00,53.0,11.1,88.0,/dl/web/weather/ic-w-04-scattered-clouds-full.svg,Huế,-0.12663886927164178,0,0.42149943142505253,0
2025-02-12 16:00:00+07:00,52.0,13.0,83.0,/dl/web/weather/ic-w-04-scattered-clouds-full.svg,Huế,-0.17859687904449875,0,0.7383206838203767,0
2025-02-12 17:00:00+07:00,54.0,13.0,94.0,/dl/web/weather/ic-w-04-scattered-clouds-full.svg,Huế,-0.07468085949878481,0,0.7383206838203767,0
2025-02-12 18:00:00+07:00,53.0,7.4,94.0,/dl/web/weather/ic-w-09-mist-full.svg,Huế,-0.12663886927164178,0,-0.19546827060794705,0
2025-02-12 19:00:00+07:00,53.0,7.4,100.0,/dl/web/weather/ic-w-09-mist-full.svg,Huế,-0.12663886927164178,0,-0.19546827060794705,0
2025-02-12 20:00:00+07:00,53.0,3.7,100.0,/dl/web/weather/ic-w-09-mist-full.svg,Huế,-0.12663886927164178,0,-0.8124359726409468,0
2025-02-12 21:00:00+07:00,55.0,3.7,100.0,/dl/web/weather/ic-w-09-mist-full.svg,Huế,-0.022722849725927835,0,-0.8124359726409468,0
2025-02-12 22:00:00+07:00,53.0,3.7,100.0,/dl/web/weather/ic-w-04-scattered-clouds-full.svg,Huế,-0.12663886927164178,0,-0.8124359726409468,0
2025-02-12 23:00:00+07:00,53.0,3.7,94.0,/dl/web/weather/ic-w-09-mist-full.svg,Huế,-0.12663886927164178,0,-0.8124359726409468,0
2025-02-13 00:00:00+07:00,53.0,3.7,94.0,/dl/web/weather/ic-w-09-mist-full.svg,Huế,-0.12663886927164178,0,-0.8124359726409468,0
2025-02-13 01:00:00+07:00,53.0,3.7,94.0,/dl/web/weather/ic-w-09-mist-full.svg,Huế,-0.12663886927164178,0,-0.8124359726409468,0
2025-02-13 02:00:00+07:00,52.0,5.5,100.0,/dl/web/weather/ic-w-09-mist-full.svg,Huế,-0.17859687904449875,0,-0.5122895230032712,0
2025-02-13 03:00:00+07:00,34.0,3.7,100.0,/dl/web/weather/ic-w-09-mist-full.svg,Huế,-1.1138410549559243,0,-0.8124359726409468,0
2025-02-13 04:00:00+07:00,27.0,3.7,100.0,/dl/web/weather/ic-w-09-mist-full.svg,Huế,-1.4775471233659232,0,-0.8124359726409468,0
2025-02-13 05:00:00+07:00,27.0,3.7,100.0,/dl/web/weather/ic-w-09-mist-full.svg,Huế,-1.4775471233659232,0,-0.8124359726409468,0
2025-02-13 06:00:00+07:00,27.0,9.2,94.0,/dl/web/weather/ic-w-09-mist-full.svg,Huế,-1.4775471233659232,0,0.10467817902972831,0
2025-02-13 08:00:00+07:00,30.0,9.2,94.0,/dl/web/weather/ic-w-09-mist-full.svg,Huế,-1.3216730940473522,0,0.10467817902972831,0
2025-02-13 09:00:00+07:00,29.0,9.2,94.0,/dl/web/weather/ic-w-09-mist-full.svg,Huế,-1.3736311038202091,0,0.10467817902972831,0
2025-02-13 10:00:00+07:00,29.0,9.2,94.0,/dl/web/weather/ic-w-09-mist-full.svg,Huế,-1.3736311038202091,0,0.10467817902972831,0
2025-02-13 11:00:00+07:00,27.0,9.2,100.0,/dl/web/weather/ic-w-09-mist-full.svg,Huế,-1.4775471233659232,0,0.10467817902972831,0
2025-02-13 12:00:00+07:00,27.0,11.1,100.0,/dl/web/weather/ic-w-09-mist-full.svg,Huế,-1.4775471233659232,0,0.42149943142505253,0
2025-02-13 13:00:00+07:00,27.0,11.1,94.0,/dl/web/weather/ic-w-09-mist-full.svg,Huế,-1.4775471233659232,0,0.42149943142505253,0
2025-02-13 14:00:00+07:00,31.0,13.0,100.0,/dl/web/weather/ic-w-09-mist-full.svg,Huế,-1.2697150842744953,0,0.7383206838203767,0
2025-02-13 15:00:00+07:00,27.0,9.2,94.0,/dl/web/weather/ic-w-04-scattered-clouds-full.svg,Huế,-1.4775471233659232,0,0.10467817902972831,0
2025-02-13 16:00:00+07:00,27.0,16.7,88.0,/dl/web/weather/ic-w-04-scattered-clouds-full.svg,Huế,-1.4775471233659232,0,1.3552883858533764,0
2025-02-13 17:00:00+07:00,27.0,13.0,88.0,/dl/web/weather/ic-w-04-scattered-clouds-full.svg,Huế,-1.4775471233659232,0,0.7383206838203767,0
2025-02-13 18:00:00+07:00,27.0,9.2,88.0,/dl/web/weather/ic-w-04-scattered-clouds-full.svg,Huế,-1.4775471233659232,0,0.10467817902972831,0
2025-02-13 19:00:00+07:00,27.0,7.4,88.0,/dl/web/weather/ic-w-04-scattered-clouds-full.svg,Huế,-1.4775471233659232,0,-0.19546827060794705,0
2025-02-13 20:00:00+07:00,36.0,3.7,88.0,/dl/web/weather/ic-w-04-scattered-clouds-full.svg,Huế,-1.0099250354102103,0,-0.8124359726409468,0
2025-02-13 21:00:00+07:00,41.0,3.7,88.0,/dl/web/weather/ic-w-04-scattered-clouds-full.svg,Huế,-0.7501349865459255,0,-0.8124359726409468,0
2025-02-13 22:00:00+07:00,48.0,1.8,88.0,/dl/web/weather/ic-w-09-mist-full.svg,Huế,-0.38642891813592667,0,-1.1292572250362711,0
2025-02-13 23:00:00+07:00,49.0,3.7,94.0,/dl/web/weather/ic-w-09-mist-full.svg,Huế,-0.3344709083630697,0,-0.8124359726409468,0
2025-02-14 00:00:00+07:00,53.0,5.5,94.0,/dl/web/weather/ic-w-09-mist-full.svg,Huế,-0.12663886927164178,0,-0.5122895230032712,0
2025-02-14 01:00:00+07:00,56.0,7.4,94.0,/dl/web/weather/ic-w-09-mist-full.svg,Huế,0.02923516004692914,0,-0.19546827060794705,0
2025-02-14 02:00:00+07:00,52.0,9.2,100.0,/dl/web/weather/ic-w-09-mist-full.svg,Huế,-0.17859687904449875,0,0.10467817902972831,0
2025-02-14 03:00:00+07:00,37.0,7.4,100.0,/dl/web/weather/ic-w-09-mist-full.svg,Huế,-0.9579670256373534,0,-0.19546827060794705,0
2025-02-14 04:00:00+07:00,27.0,5.5,100.0,/dl/web/weather/ic-w-09-mist-full.svg,Huế,-1.4775471233659232,0,-0.5122895230032712,0
2025-02-14 05:00:00+07:00,27.0,5.5,100.0,/dl/web/weather/ic-w-09-mist-full.svg,Huế,-1.4775471233659232,0,-0.5122895230032712,0
2025-02-14 06:00:00+07:00,27.0,5.5,100.0,/dl/web/weather/ic-w-04-scattered-clouds-full.svg,Huế,-1.4775471233659232,0,-0.5122895230032712,0
2025-02-14 07:00:00+07:00,29.0,1.8,100.0,/dl/web/weather/ic-w-09-mist-full.svg,Huế,-1.3736311038202091,0,-1.1292572250362711,0
2025-02-14 08:00:00+07:00,43.0,1.8,94.0,/dl/web/weather/ic-w-09-mist-full.svg,Huế,-0.6462189670002115,0,-1.1292572250362711,0
2025-02-14 09:00:00+07:00,46.0,1.8,100.0,/dl/web/weather/ic-w-04-scattered-clouds-full.svg,Huế,-0.4903449376816406,0,-1.1292572250362711,0
2025-02-14 10:00:00+07:00,46.0,3.7,94.0,/dl/web/weather/ic-w-04-scattered-clouds-full.svg,Huế,-0.4903449376816406,0,-0.8124359726409468,0
2025-02-14 11:00:00+07:00,54.0,3.7,94.0,/dl/web/weather/ic-w-04-scattered-clouds-full.svg,Huế,-0.07468085949878481,0,-0.8124359726409468,0
2025-02-14 12:00:00+07:00,57.0,3.7,94.0,/dl/web/weather/ic-w-09-mist-full.svg,Huế,0.08119316981978612,0,-0.8124359726409468,0
2025-02-14 13:00:00+07:00,46.0,5.5,88.0,/dl/web/weather/ic-w-09-mist-full.svg,Huế,-0.4903449376816406,0,-0.5122895230032712,0
2025-02-14 14:00:00+07:00,27.0,11.1,94.0,/dl/web/weather/ic-w-09-mist-full.svg,Huế,-1.4775471233659232,0,0.42149943142505253,0
2025-02-14 15:00:00+07:00,27.0,16.7,94.0,/dl/web/weather/ic-w-04-scattered-clouds-full.svg,Huế,-1.4775471233659232,0,1.3552883858533764,0
2025-02-14 16:00:00+07:00,27.0,14.8,83.0,/dl/web/weather/ic-w-04-scattered-clouds-full.svg,Huế,-1.4775471233659232,0,1.0384671334580524,0
2025-02-14 17:00:00+07:00,27.0,14.8,83.0,/dl/web/weather/ic-w-04-scattered-clouds-full.svg,Huế,-1.4775471233659232,0,1.0384671334580524,0
2025-02-14 18:00:00+07:00,27.0,14.8,88.0,/dl/web/weather/ic-w-04-scattered-clouds-full.svg,Huế,-1.4775471233659232,0,1.0384671334580524,0
2025-02-14 19:00:00+07:00,27.0,11.1,88.0,/dl/web/weather/ic-w-04-scattered-clouds-full.svg,Huế,-1.4775471233659232,0,0.42149943142505253,0
2025-02-14 20:00:00+07:00,33.0,9.2,94.0,/dl/web/weather/ic-w-04-scattered-clouds-full.svg,Huế,-1.1657990647287813,0,0.10467817902972831,0
2025-02-14 21:00:00+07:00,32.0,9.2,94.0,/dl/web/weather/ic-w-04-scattered-clouds-full.svg,Huế,-1.2177570745016384,0,0.10467817902972831,0
2025-02-14 22:00:00+07:00,32.0,9.2,94.0,/dl/web/weather/ic-w-04-scattered-clouds-full.svg,Huế,-1.2177570745016384,0,0.10467817902972831,0
2025-02-14 23:00:00+07:00,33.0,3.7,94.0,/dl/web/weather/ic-w-04-scattered-clouds-full.svg,Huế,-1.1657990647287813,0,-0.8124359726409468,0
2025-02-15 00:00:00+07:00,33.0,3.7,100.0,/dl/web/weather/ic-w-04-scattered-clouds-full.svg,Huế,-1.1657990647287813,0,-0.8124359726409468,0
2025-02-15 01:00:00+07:00,30.0,7.4,94.0,/dl/web/weather/ic-w-04-scattered-clouds-full.svg,Huế,-1.3216730940473522,0,-0.19546827060794705,0
2025-02-15 02:00:00+07:00,27.0,9.2,100.0,/dl/web/weather/ic-w-04-scattered-clouds-full.svg,Huế,-1.4775471233659232,0,0.10467817902972831,0
2025-02-15 03:00:00+07:00,27.0,1.8,100.0,/dl/web/weather/ic-w-04-scattered-clouds-full.svg,Huế,-1.4775471233659232,0,-1.1292572250362711,0
2025-02-15 04:00:00+07:00,27.0,3.7,100.0,/dl/web/weather/ic-w-04-scattered-clouds-full.svg,Huế,-1.4775471233659232,0,-0.8124359726409468,0
2025-02-15 05:00:00+07:00,27.0,5.5,94.0,/dl/web/weather/ic-w-04-scattered-clouds-full.svg,Huế,-1.4775471233659232,0,-0.5122895230032712,0
2025-02-15 06:00:00+07:00,27.0,3.7,100.0,/dl/web/weather/ic-w-04-scattered-clouds-full.svg,Huế,-1.4775471233659232,0,-0.8124359726409468,0
2025-02-15 07:00:00+07:00,27.0,3.7,94.0,/dl/web/weather/ic-w-04-scattered-clouds-full.svg,Huế,-1.4775471233659232,0,-0.8124359726409468,0
2025-02-15 08:00:00+07:00,35.0,3.7,100.0,/dl/web/weather/ic-w-04-scattered-clouds-full.svg,Huế,-1.0618830451830674,0,-0.8124359726409468,0
2025-02-15 09:00:00+07:00,29.0,5.5,88.0,/dl/web/weather/ic-w-04-scattered-clouds-full.svg,Huế,-1.3736311038202091,0,-0.5122895230032712,0
2025-02-15 10:00:00+07:00,29.0,1.8,73.0,/dl/web/weather/ic-w-04-scattered-clouds-full.svg,Huế,-1.3736311038202091,0,-1.1292572250362711,0
2025-02-15 11:00:00+07:00,27.0,1.8,73.0,/dl/web/weather/ic-w-04-scattered-clouds-full.svg,Huế,-1.4775471233659232,0,-1.1292572250362711,0
2025-02-15 12:00:00+07:00,27.0,7.4,73.0,/dl/web/weather/ic-w-04-scattered-clouds-full.svg,Huế,-1.4775471233659232,0,-0.19546827060794705,0
2025-02-15 13:00:00+07:00,27.0,9.2,73.0,/dl/web/weather/ic-w-04-scattered-clouds-full.svg,Huế,-1.4775471233659232,0,0.10467817902972831,0
2025-02-15 14:00:00+07:00,27.0,13.0,78.0,/dl/web/weather/ic-w-04-scattered-clouds-full.svg,Huế,-1.4775471233659232,0,0.7383206838203767,0
2025-02-15 15:00:00+07:00,27.0,18.5,73.0,/dl/web/weather/ic-w-04-scattered-clouds-full.svg,Huế,-1.4775471233659232,0,1.655434835491052,0
2025-02-15 16:00:00+07:00,27.0,18.5,73.0,/dl/web/weather/ic-w-02-new-clouds-full.svg,Huế,-1.4775471233659232,0,1.655434835491052,0
2025-02-15 17:00:00+07:00,27.0,20.4,73.0,/dl/web/weather/ic-w-02-new-clouds-full.svg,Huế,-1.4775471233659232,0,1.972256087886376,0
2025-02-15 18:00:00+07:00,27.0,18.5,78.0,/dl/web/weather/ic-w-04-scattered-clouds-full.svg,Huế,-1.4775471233659232,0,1.655434835491052,0
2025-02-15 19:00:00+07:00,27.0,16.7,83.0,/dl/web/weather/ic-w-04-scattered-clouds-full.svg,Huế,-1.4775471233659232,0,1.3552883858533764,0
2025-02-15 20:00:00+07:00,27.0,11.1,88.0,/dl/web/weather/ic-w-04-scattered-clouds-full.svg,Huế,-1.4775471233659232,0,0.42149943142505253,0
2025-02-15 21:00:00+07:00,27.0,11.1,88.0,/dl/web/weather/ic-w-04-scattered-clouds-full.svg,Huế,-1.4775471233659232,0,0.42149943142505253,0
2025-02-15 22:00:00+07:00,27.0,7.4,88.0,/dl/web/weather/ic-w-04-scattered-clouds-full.svg,Huế,-1.4775471233659232,0,-0.19546827060794705,0
2025-02-15 23:00:00+07:00,29.0,7.4,88.0,/dl/web/weather/ic-w-04-scattered-clouds-full.svg,Huế,-1.3736311038202091,0,-0.19546827060794705,0
2025-02-16 00:00:00+07:00,30.0,7.4,94.0,/dl/web/weather/ic-w-04-scattered-clouds-full.svg,Huế,-1.3216730940473522,0,-0.19546827060794705,0
2025-02-16 01:00:00+07:00,31.0,3.7,88.0,/dl/web/weather/ic-w-04-scattered-clouds-full.svg,Huế,-1.2697150842744953,0,-0.8124359726409468,0
2025-02-16 02:00:00+07:00,31.0,3.7,94.0,/dl/web/weather/ic-w-04-scattered-clouds-full.svg,Huế,-1.2697150842744953,0,-0.8124359726409468,0
2025-02-16 03:00:00+07:00,33.0,3.7,94.0,/dl/web/weather/ic-w-04-scattered-clouds-full.svg,Huế,-1.1657990647287813,0,-0.8124359726409468,0
2025-02-16 04:00:00+07:00,33.0,3.7,100.0,/dl/web/weather/ic-w-04-scattered-clouds-full.svg,Huế,-1.1657990647287813,0,-0.8124359726409468,0
2025-02-16 05:00:00+07:00,40.0,5.5,100.0,/dl/web/weather/ic-w-09-mist-full.svg,Huế,-0.8020929963187825,0,-0.5122895230032712,0
2025-02-16 06:00:00+07:00,44.0,5.5,94.0,/dl/web/weather/ic-w-09-mist-full.svg,Huế,-0.5942609572273546,0,-0.5122895230032712,0
2025-02-16 07:00:00+07:00,43.0,3.7,100.0,/dl/web/weather/ic-w-09-mist-full.svg,Huế,-0.6462189670002115,0,-0.8124359726409468,0
2025-02-16 08:00:00+07:00,52.0,1.8,100.0,/dl/web/weather/ic-w-09-mist-full.svg,Huế,-0.17859687904449875,0,-1.1292572250362711,0
2025-02-16 09:00:00+07:00,47.0,3.7,88.0,/dl/web/weather/ic-w-04-scattered-clouds-full.svg,Huế,-0.43838692790878364,0,-0.8124359726409468,0
2025-02-16 10:00:00+07:00,47.0,7.4,78.0,/dl/web/weather/ic-w-02-new-clouds-full.svg,Huế,-0.43838692790878364,0,-0.19546827060794705,0
2025-02-16 11:00:00+07:00,43.0,7.4,78.0,/dl/web/weather/ic-w-02-new-clouds-full.svg,Huế,-0.6462189670002115,0,-0.19546827060794705,0
2025-02-16 12:00:00+07:00,39.0,16.7,69.0,/dl/web/weather/ic-w-04-scattered-clouds-full.svg,Huế,-0.8540510060916394,0,1.3552883858533764,0
2025-02-16 13:00:00+07:00,33.0,16.7,69.0,/dl/web/weather/ic-w-02-new-clouds-full.svg,Huế,-1.1657990647287813,0,1.3552883858533764,0
2025-02-16 14:00:00+07:00,31.0,22.2,74.0,/dl/web/weather/ic-w-02-new-clouds-full.svg,Huế,-1.2697150842744953,0,2.2724025375240515,0
2025-02-16 15:00:00+07:00,33.0,22.2,74.0,/dl/web/weather/ic-w-02-new-clouds-full.svg,Huế,-1.1657990647287813,0,2.2724025375240515,0
2025-02-16 16:00:00+07:00,33.0,25.9,69.0,/dl/web/weather/ic-w-02-new-clouds-full.svg,Huế,-1.1657990647287813,0,2.889370239557051,0
2025-02-16 17:00:00+07:00,33.0,27.8,69.0,/dl/web/weather/ic-w-02-new-clouds-full.svg,Huế,-1.1657990647287813,0,3.206191491952376,-1
2025-02-16 18:00:00+07:00,33.0,25.9,69.0,/dl/web/weather/ic-w-02-new-clouds-full.svg,Huế,-1.1657990647287813,0,2.889370239557051,0
2025-02-16 19:00:00+07:00,34.0,24.1,73.0,/dl/web/weather/ic-w-11-night-few-clouds-full.svg,Huế,-1.1138410549559243,0,2.589223789919376,0
2025-02-16 20:00:00+07:00,32.0,24.1,83.0,/dl/web/weather/ic-w-04-scattered-clouds-full.svg,Huế,-1.2177570745016384,0,2.589223789919376,0
2025-02-16 21:00:00+07:00,34.0,24.1,83.0,/dl/web/weather/ic-w-04-scattered-clouds-full.svg,Huế,-1.1138410549559243,0,2.589223789919376,0
2025-02-16 22:00:00+07:00,34.0,18.5,88.0,/dl/web/weather/ic-w-04-scattered-clouds-full.svg,Huế,-1.1138410549559243,0,1.655434835491052,0
2025-02-16 23:00:00+07:00,33.0,13.0,88.0,/dl/web/weather/ic-w-04-scattered-clouds-full.svg,Huế,-1.1657990647287813,0,0.7383206838203767,0
2025-02-17 00:00:00+07:00,32.0,16.7,88.0,/dl/web/weather/ic-w-04-scattered-clouds-full.svg,Huế,-1.2177570745016384,0,1.3552883858533764,0
2025-02-17 01:00:00+07:00,31.0,13.0,88.0,/dl/web/weather/ic-w-04-scattered-clouds-full.svg,Huế,-1.2697150842744953,0,0.7383206838203767,0
2025-02-17 02:00:00+07:00,30.0,11.1,94.0,/dl/web/weather/ic-w-04-scattered-clouds-full.svg,Huế,-1.3216730940473522,0,0.42149943142505253,0
2025-02-17 03:00:00+07:00,29.0,9.2,94.0,/dl/web/weather/ic-w-04-scattered-clouds-full.svg,Huế,-1.3736311038202091,0,0.10467817902972831,0
2025-02-17 04:00:00+07:00,28.0,3.7,100.0,/dl/web/weather/ic-w-04-scattered-clouds-full.svg,Huế,-1.4255891135930663,0,-0.8124359726409468,0
2025-02-17 05:00:00+07:00,29.0,5.6,94.0,/dl/web/weather/ic-w-04-scattered-clouds-full.svg,Huế,-1.3736311038202091,0,-0.4956147202456227,0
2025-02-17 06:00:00+07:00,33.0,3.7,100.0,/dl/web/weather/ic-w-04-scattered-clouds-full.svg,Huế,-1.1657990647287813,0,-0.8124359726409468,0
2025-02-17 07:00:00+07:00,48.0,3.7,94.0,/dl/web/weather/ic-w-04-scattered-clouds-full.svg,Huế,-0.38642891813592667,0,-0.8124359726409468,0
2025-02-17 08:00:00+07:00,46.0,5.5,94.0,/dl/web/weather/ic-w-04-scattered-clouds-full.svg,Huế,-0.4903449376816406,0,-0.5122895230032712,0
2025-02-17 09:00:00+07:00,38.0,3.7,88.0,/dl/web/weather/ic-w-04-scattered-clouds-full.svg,Huế,-0.9060090158644964,0,-0.8124359726409468,0
2025-02-17 10:00:00+07:00,38.0,3.7,88.0,/dl/web/weather/ic-w-04-scattered-clouds-full.svg,Huế,-0.9060090158644964,0,-0.8124359726409468,0
2025-02-17 11:00:00+07:00,36.0,16.7,78.0,/dl/web/weather/ic-w-04-scattered-clouds-full.svg,Huế,-1.0099250354102103,0,1.3552883858533764,0
2025-02-17 12:00:00+07:00,31.0,18.5,69.0,/dl/web/weather/ic-w-04-scattered-clouds-full.svg,Huế,-1.2697150842744953,0,1.655434835491052,0
2025-02-17 13:00:00+07:00,29.0,22.2,65.0,/dl/web/weather/ic-w-04-scattered-clouds-full.svg,Huế,-1.3736311038202091,0,2.2724025375240515,0
2025-02-17 14:00:00+07:00,27.0,22.2,69.0,/dl/web/weather/ic-w-04-scattered-clouds-full.svg,Huế,-1.4775471233659232,0,2.2724025375240515,0
2025-02-17 15:00:00+07:00,27.0,27.8,73.0,/dl/web/weather/ic-w-04-scattered-clouds-full.svg,Huế,-1.4775471233659232,0,3.206191491952376,-1
2025-02-17 16:00:00+07:00,27.0,25.9,69.0,/dl/web/weather/ic-w-04-scattered-clouds-full.svg,Huế,-1.4775471233659232,0,2.889370239557051,0
2025-02-17 17:00:00+07:00,27.0,27.8,73.0,/dl/web/weather/ic-w-02-new-clouds-full.svg,Huế,-1.4775471233659232,0,3.206191491952376,-1
2025-02-17 18:00:00+07:00,27.0,27.8,73.0,/dl/web/weather/ic-w-02-new-clouds-full.svg,Huế,-1.4775471233659232,0,3.206191491952376,-1
2025-02-17 19:00:00+07:00,31.0,27.8,78.0,/dl/web/weather/ic-w-11-night-few-clouds-full.svg,Huế,-1.2697150842744953,0,3.206191491952376,-1
2025-02-17 20:00:00+07:00,36.0,18.5,83.0,/dl/web/weather/ic-w-04-scattered-clouds-full.svg,Huế,-1.0099250354102103,0,1.655434835491052,0
2025-02-17 21:00:00+07:00,39.0,18.5,83.0,/dl/web/weather/ic-w-04-scattered-clouds-full.svg,Huế,-0.8540510060916394,0,1.655434835491052,0
2025-02-17 22:00:00+07:00,40.0,13.0,88.0,/dl/web/weather/ic-w-04-scattered-clouds-full.svg,Huế,-0.8020929963187825,0,0.7383206838203767,0
2025-02-17 23:00:00+07:00,39.0,14.8,88.0,/dl/web/weather/ic-w-04-scattered-clouds-full.svg,Huế,-0.8540510060916394,0,1.0384671334580524,0
2025-02-18 00:00:00+07:00,40.0,13.0,88.0,/dl/web/weather/ic-w-04-scattered-clouds-full.svg,Huế,-0.8020929963187825,0,0.7383206838203767,0
2025-02-18 01:00:00+07:00,42.0,13.0,88.0,/dl/web/weather/ic-w-04-scattered-clouds-full.svg,Huế,-0.6981769767730686,0,0.7383206838203767,0
2025-02-18 02:00:00+07:00,44.0,11.1,94.0,/dl/web/weather/ic-w-04-scattered-clouds-full.svg,Huế,-0.5942609572273546,0,0.42149943142505253,0
2025-02-18 03:00:00+07:00,46.0,11.1,88.0,/dl/web/weather/ic-w-04-scattered-clouds-full.svg,Huế,-0.4903449376816406,0,0.42149943142505253,0
2025-02-18 04:00:00+07:00,48.0,9.2,88.0,/dl/web/weather/ic-w-04-scattered-clouds-full.svg,Huế,-0.38642891813592667,0,0.10467817902972831,0
2025-02-18 05:00:00+07:00,49.0,9.2,88.0,/dl/web/weather/ic-w-04-scattered-clouds-full.svg,Huế,-0.3344709083630697,0,0.10467817902972831,0
2025-02-18 06:00:00+07:00,52.0,5.5,88.0,/dl/web/weather/ic-w-04-scattered-clouds-full.svg,Huế,-0.17859687904449875,0,-0.5122895230032712,0
2025-02-18 07:00:00+07:00,54.0,1.8,94.0,/dl/web/weather/ic-w-09-mist-full.svg,Huế,-0.07468085949878481,0,-1.1292572250362711,0
2025-02-18 08:00:00+07:00,58.0,1.8,88.0,/dl/web/weather/ic-w-04-scattered-clouds-full.svg,Huế,0.13315117959264308,0,-1.1292572250362711,0
2025-02-18 09:00:00+07:00,55.0,5.5,88.0,/dl/web/weather/ic-w-04-scattered-clouds-full.svg,Huế,-0.022722849725927835,0,-0.5122895230032712,0
2025-02-18 10:00:00+07:00,55.0,5.5,88.0,/dl/web/weather/ic-w-04-scattered-clouds-full.svg,Huế,-0.022722849725927835,0,-0.5122895230032712,0
2025-02-18 11:00:00+07:00,57.0,13.0,78.0,/dl/web/weather/ic-w-04-scattered-clouds-full.svg,Huế,0.08119316981978612,0,0.7383206838203767,0
2025-02-18 12:00:00+07:00,57.0,16.7,73.0,/dl/web/weather/ic-w-04-scattered-clouds-full.svg,Huế,0.08119316981978612,0,1.3552883858533764,0
2025-02-18 13:00:00+07:00,59.0,18.5,78.0,/dl/web/weather/ic-w-04-scattered-clouds-full.svg,Huế,0.18510918936550008,0,1.655434835491052,0
2025-02-18 14:00:00+07:00,59.0,18.5,83.0,/dl/web/weather/ic-w-04-scattered-clouds-full.svg,Huế,0.18510918936550008,0,1.655434835491052,0
2025-02-18 15:00:00+07:00,60.0,20.4,83.0,/dl/web/weather/ic-w-04-scattered-clouds-full.svg,Huế,0.23706719913835705,0,1.972256087886376,0
2025-02-18 16:00:00+07:00,63.0,20.4,83.0,/dl/web/weather/ic-w-04-scattered-clouds-full.svg,Huế,0.39294122845692797,0,1.972256087886376,0
2025-02-18 17:00:00+07:00,64.0,18.5,83.0,/dl/web/weather/ic-w-04-scattered-clouds-full.svg,Huế,0.44489923822978494,0,1.655434835491052,0
2025-02-18 18:00:00+07:00,63.0,18.5,83.0,/dl/web/weather/ic-w-04-scattered-clouds-full.svg,Huế,0.39294122845692797,0,1.655434835491052,0
2025-02-18 19:00:00+07:00,63.0,18.5,88.0,/dl/web/weather/ic-w-04-scattered-clouds-full.svg,Huế,0.39294122845692797,0,1.655434835491052,0
2025-02-18 20:00:00+07:00,64.0,14.8,88.0,/dl/web/weather/ic-w-04-scattered-clouds-full.svg,Huế,0.44489923822978494,0,1.0384671334580524,0
2025-02-18 21:00:00+07:00,65.0,14.8,88.0,/dl/web/weather/ic-w-04-scattered-clouds-full.svg,Huế,0.4968572480026419,0,1.0384671334580524,0
2025-02-18 22:00:00+07:00,64.0,18.5,83.0,/dl/web/weather/ic-w-04-scattered-clouds-full.svg,Huế,0.44489923822978494,0,1.655434835491052,0
2025-02-18 23:00:00+07:00,64.0,14.8,88.0,/dl/web/weather/ic-w-04-scattered-clouds-full.svg,Huế,0.44489923822978494,0,1.0384671334580524,0
2025-02-19 00:00:00+07:00,64.0,13.0,83.0,/dl/web/weather/ic-w-04-scattered-clouds-full.svg,Huế,0.44489923822978494,0,0.7383206838203767,0
2025-02-19 01:00:00+07:00,63.0,5.1,94.0,/dl/web/weather/ic-w-04-scattered-clouds-full.svg,Huế,0.39294122845692797,0,-0.5789887340338659,0
2025-02-19 02:00:00+07:00,63.0,14.8,83.0,/dl/web/weather/ic-w-04-scattered-clouds-full.svg,Huế,0.39294122845692797,0,1.0384671334580524,0
2025-02-19 03:00:00+07:00,63.0,3.7,88.0,/dl/web/weather/ic-w-04-scattered-clouds-full.svg,Huế,0.39294122845692797,0,-0.8124359726409468,0
2025-02-19 04:00:00+07:00,63.0,5.5,88.0,/dl/web/weather/ic-w-04-scattered-clouds-full.svg,Huế,0.39294122845692797,0,-0.5122895230032712,0
2025-02-19 05:00:00+07:00,64.0,5.5,94.0,/dl/web/weather/ic-w-04-scattered-clouds-full.svg,Huế,0.44489923822978494,0,-0.5122895230032712,0
2025-02-19 06:00:00+07:00,64.0,5.5,88.0,/dl/web/weather/ic-w-04-scattered-clouds-full.svg,Huế,0.44489923822978494,0,-0.5122895230032712,0
2025-02-19 07:00:00+07:00,69.0,3.7,100.0,/dl/web/weather/ic-w-04-scattered-clouds-full.svg,Huế,0.7046892870940699,0,-0.8124359726409468,0
2025-02-19 08:00:00+07:00,77.0,5.5,88.0,/dl/web/weather/ic-w-04-scattered-clouds-full.svg,Huế,1.1203533652769258,0,-0.5122895230032712,0
2025-02-19 10:00:00+07:00,76.0,13.0,88.0,/dl/web/weather/ic-w-04-scattered-clouds-full.svg,Huế,1.0683953555040686,0,0.7383206838203767,0
2025-02-19 11:00:00+07:00,73.0,22.2,78.0,/dl/web/weather/ic-w-04-scattered-clouds-full.svg,Huế,0.9125213261854977,0,2.2724025375240515,0
2025-02-19 12:00:00+07:00,74.0,20.4,78.0,/dl/web/weather/ic-w-04-scattered-clouds-full.svg,Huế,0.9644793359583547,0,1.972256087886376,0
2025-02-19 13:00:00+07:00,74.0,22.2,73.0,/dl/web/weather/ic-w-04-scattered-clouds-full.svg,Huế,0.9644793359583547,0,2.2724025375240515,0
2025-02-19 14:00:00+07:00,72.0,24.1,73.0,/dl/web/weather/ic-w-04-scattered-clouds-full.svg,Huế,0.8605633164126407,0,2.589223789919376,0
2025-02-19 15:00:00+07:00,70.0,25.9,73.0,/dl/web/weather/ic-w-04-scattered-clouds-full.svg,Huế,0.7566472968669268,0,2.889370239557051,0
2025-02-19 16:00:00+07:00,70.0,24.1,69.0,/dl/web/weather/ic-w-04-scattered-clouds-full.svg,Huế,0.7566472968669268,0,2.589223789919376,0
2025-02-19 17:00:00+07:00,68.0,24.1,73.0,/dl/web/weather/ic-w-04-scattered-clouds-full.svg,Huế,0.6527312773212128,0,2.589223789919376,0
2025-02-19 18:00:00+07:00,68.0,18.5,83.0,/dl/web/weather/ic-w-04-scattered-clouds-full.svg,Huế,0.6527312773212128,0,1.655434835491052,0
2025-02-19 19:00:00+07:00,63.0,18.5,83.0,/dl/web/weather/ic-w-04-scattered-clouds-full.svg,Huế,0.39294122845692797,0,1.655434835491052,0
2025-02-19 20:00:00+07:00,62.0,13.0,88.0,/dl/web/weather/ic-w-04-scattered-clouds-full.svg,Huế,0.340983218684071,0,0.7383206838203767,0
2025-02-19 21:00:00+07:00,63.0,13.0,88.0,/dl/web/weather/ic-w-04-scattered-clouds-full.svg,Huế,0.39294122845692797,0,0.7383206838203767,0
2025-02-19 22:00:00+07:00,61.0,11.1,88.0,/dl/web/weather/ic-w-04-scattered-clouds-full.svg,Huế,0.289025208911214,0,0.42149943142505253,0
2025-02-19 23:00:00+07:00,60.0,13.0,88.0,/dl/web/weather/ic-w-04-scattered-clouds-full.svg,Huế,0.23706719913835705,0,0.7383206838203767,0
2025-02-20 00:00:00+07:00,60.0,14.8,94.0,/dl/web/weather/ic-w-04-scattered-clouds-full.svg,Huế,0.23706719913835705,0,1.0384671334580524,0
2025-02-20 01:00:00+07:00,60.0,9.2,94.0,/dl/web/weather/ic-w-04-scattered-clouds-full.svg,Huế,0.23706719913835705,0,0.10467817902972831,0
2025-02-20 02:00:00+07:00,60.0,11.1,94.0,/dl/web/weather/ic-w-04-scattered-clouds-full.svg,Huế,0.23706719913835705,0,0.42149943142505253,0
2025-02-20 03:00:00+07:00,60.0,7.4,94.0,/dl/web/weather/ic-w-04-scattered-clouds-full.svg,Huế,0.23706719913835705,0,-0.19546827060794705,0
2025-02-20 04:00:00+07:00,60.0,11.1,94.0,/dl/web/weather/ic-w-04-scattered-clouds-full.svg,Huế,0.23706719913835705,0,0.42149943142505253,0
2025-02-20 05:00:00+07:00,60.0,7.4,94.0,/dl/web/weather/ic-w-04-scattered-clouds-full.svg,Huế,0.23706719913835705,0,-0.19546827060794705,0
2025-02-20 06:00:00+07:00,60.0,7.4,94.0,/dl/web/weather/ic-w-04-scattered-clouds-full.svg,Huế,0.23706719913835705,0,-0.19546827060794705,0
2025-02-20 07:00:00+07:00,61.0,3.7,94.0,/dl/web/weather/ic-w-09-mist-full.svg,Huế,0.289025208911214,0,-0.8124359726409468,0
2025-02-20 08:00:00+07:00,64.0,5.5,100.0,/dl/web/weather/ic-w-09-mist-full.svg,Huế,0.44489923822978494,0,-0.5122895230032712,0
2025-02-20 09:00:00+07:00,64.0,1.8,94.0,/dl/web/weather/ic-w-04-scattered-clouds-full.svg,Huế,0.44489923822978494,0,-1.1292572250362711,0
2025-02-20 10:00:00+07:00,64.0,18.5,83.0,/dl/web/weather/ic-w-04-scattered-clouds-full.svg,Huế,0.44489923822978494,0,1.655434835491052,0
2025-02-20 11:00:00+07:00,63.0,18.5,83.0,/dl/web/weather/ic-w-04-scattered-clouds-full.svg,Huế,0.39294122845692797,0,1.655434835491052,0
2025-02-20 12:00:00+07:00,62.0,20.4,83.0,/dl/web/weather/ic-w-04-scattered-clouds-full.svg,Huế,0.340983218684071,0,1.972256087886376,0
2025-02-20 13:00:00+07:00,62.0,22.2,83.0,/dl/web/weather/ic-w-04-scattered-clouds-full.svg,Huế,0.340983218684071,0,2.2724025375240515,0
2025-02-20 14:00:00+07:00,64.0,20.4,83.0,/dl/web/weather/ic-w-04-scattered-clouds-full.svg,Huế,0.44489923822978494,0,1.972256087886376,0
2025-02-20 15:00:00+07:00,65.0,20.4,83.0,/dl/web/weather/ic-w-04-scattered-clouds-full.svg,Huế,0.4968572480026419,0,1.972256087886376,0
2025-02-20 16:00:00+07:00,64.0,18.5,88.0,/dl/web/weather/ic-w-04-scattered-clouds-full.svg,Huế,0.44489923822978494,0,1.655434835491052,0
2025-02-20 17:00:00+07:00,61.0,13.0,83.0,/dl/web/weather/ic-w-04-scattered-clouds-full.svg,Huế,0.289025208911214,0,0.7383206838203767,0
2025-02-20 18:00:00+07:00,59.0,18.5,83.0,/dl/web/weather/ic-w-04-scattered-clouds-full.svg,Huế,0.18510918936550008,0,1.655434835491052,0
2025-02-20 19:00:00+07:00,59.0,14.8,88.0,/dl/web/weather/ic-w-09-mist-full.svg,Huế,0.18510918936550008,0,1.0384671334580524,0
2025-02-20 20:00:00+07:00,60.0,13.0,88.0,/dl/web/weather/ic-w-04-scattered-clouds-full.svg,Huế,0.23706719913835705,0,0.7383206838203767,0
2025-02-20 21:00:00+07:00,59.0,13.0,88.0,/dl/web/weather/ic-w-04-scattered-clouds-full.svg,Huế,0.18510918936550008,0,0.7383206838203767,0
2025-02-20 22:00:00+07:00,58.0,13.0,88.0,/dl/web/weather/ic-w-04-scattered-clouds-full.svg,Huế,0.13315117959264308,0,0.7383206838203767,0
2025-02-20 23:00:00+07:00,58.0,9.2,94.0,/dl/web/weather/ic-w-04-scattered-clouds-full.svg,Huế,0.13315117959264308,0,0.10467817902972831,0
2025-02-21 00:00:00+07:00,58.0,9.2,88.0,/dl/web/weather/ic-w-04-scattered-clouds-full.svg,Huế,0.13315117959264308,0,0.10467817902972831,0
2025-02-21 01:00:00+07:00,58.0,9.2,94.0,/dl/web/weather/ic-w-04-scattered-clouds-full.svg,Huế,0.13315117959264308,0,0.10467817902972831,0
2025-02-21 02:00:00+07:00,58.0,7.4,88.0,/dl/web/weather/ic-w-04-scattered-clouds-full.svg,Huế,0.13315117959264308,0,-0.19546827060794705,0
2025-02-21 03:00:00+07:00,58.0,7.4,94.0,/dl/web/weather/ic-w-04-scattered-clouds-full.svg,Huế,0.13315117959264308,0,-0.19546827060794705,0
2025-02-21 04:00:00+07:00,58.0,1.8,94.0,/dl/web/weather/ic-w-04-scattered-clouds-full.svg,Huế,0.13315117959264308,0,-1.1292572250362711,0
2025-02-21 05:00:00+07:00,58.0,5.5,94.0,/dl/web/weather/ic-w-04-scattered-clouds-full.svg,Huế,0.13315117959264308,0,-0.5122895230032712,0
2025-02-21 06:00:00+07:00,58.0,7.4,94.0,/dl/web/weather/ic-w-04-scattered-clouds-full.svg,Huế,0.13315117959264308,0,-0.19546827060794705,0
2025-02-21 07:00:00+07:00,58.0,13.0,88.0,/dl/web/weather/ic-w-04-scattered-clouds-full.svg,Huế,0.13315117959264308,0,0.7383206838203767,0
2025-02-21 08:00:00+07:00,58.0,14.8,88.0,/dl/web/weather/ic-w-04-scattered-clouds-full.svg,Huế,0.13315117959264308,0,1.0384671334580524,0
2025-02-21 09:00:00+07:00,58.0,16.7,88.0,/dl/web/weather/ic-w-04-scattered-clouds-full.svg,Huế,0.13315117959264308,0,1.3552883858533764,0
2025-02-21 10:00:00+07:00,58.0,20.4,88.0,/dl/web/weather/ic-w-04-scattered-clouds-full.svg,Huế,0.13315117959264308,0,1.972256087886376,0
2025-02-21 11:00:00+07:00,58.0,20.4,88.0,/dl/web/weather/ic-w-04-scattered-clouds-full.svg,Huế,0.13315117959264308,0,1.972256087886376,0
2025-02-21 12:00:00+07:00,57.0,20.4,83.0,/dl/web/weather/ic-w-04-scattered-clouds-full.svg,Huế,0.08119316981978612,0,1.972256087886376,0
2025-02-21 13:00:00+07:00,61.0,20.4,83.0,/dl/web/weather/ic-w-04-scattered-clouds-full.svg,Huế,0.289025208911214,0,1.972256087886376,0
2025-02-21 14:00:00+07:00,62.0,20.4,83.0,/dl/web/weather/ic-w-04-scattered-clouds-full.svg,Huế,0.340983218684071,0,1.972256087886376,0
2025-02-21 15:00:00+07:00,62.0,20.4,78.0,/dl/web/weather/ic-w-04-scattered-clouds-full.svg,Huế,0.340983218684071,0,1.972256087886376,0
2025-02-21 16:00:00+07:00,63.0,20.4,78.0,/dl/web/weather/ic-w-04-scattered-clouds-full.svg,Huế,0.39294122845692797,0,1.972256087886376,0
2025-02-21 17:00:00+07:00,63.0,16.7,83.0,/dl/web/weather/ic-w-04-scattered-clouds-full.svg,Huế,0.39294122845692797,0,1.3552883858533764,0
2025-02-21 18:00:00+07:00,60.0,16.7,83.0,/dl/web/weather/ic-w-04-scattered-clouds-full.svg,Huế,0.23706719913835705,0,1.3552883858533764,0
2025-02-21 19:00:00+07:00,59.0,13.0,88.0,/dl/web/weather/ic-w-09-mist-full.svg,Huế,0.18510918936550008,0,0.7383206838203767,0
2025-02-21 21:00:00+07:00,58.0,11.1,94.0,/dl/web/weather/ic-w-04-scattered-clouds-full.svg,Huế,0.13315117959264308,0,0.42149943142505253,0
2025-02-21 22:00:00+07:00,57.0,11.1,94.0,/dl/web/weather/ic-w-04-scattered-clouds-full.svg,Huế,0.08119316981978612,0,0.42149943142505253,0
2025-02-22 00:00:00+07:00,56.0,11.1,94.0,/dl/web/weather/ic-w-04-scattered-clouds-full.svg,Huế,0.02923516004692914,0,0.42149943142505253,0
2025-02-22 01:00:00+07:00,56.0,9.2,88.0,/dl/web/weather/ic-w-04-scattered-clouds-full.svg,Huế,0.02923516004692914,0,0.10467817902972831,0
2025-02-22 02:00:00+07:00,55.0,11.1,88.0,/dl/web/weather/ic-w-04-scattered-clouds-full.svg,Huế,-0.022722849725927835,0,0.42149943142505253,0
2025-02-22 03:00:00+07:00,55.0,13.0,88.0,/dl/web/weather/ic-w-04-scattered-clouds-full.svg,Huế,-0.022722849725927835,0,0.7383206838203767,0
2025-02-22 04:00:00+07:00,54.0,13.0,88.0,/dl/web/weather/ic-w-04-scattered-clouds-full.svg,Huế,-0.07468085949878481,0,0.7383206838203767,0
2025-02-22 05:00:00+07:00,54.0,14.8,94.0,/dl/web/weather/ic-w-04-scattered-clouds-full.svg,Huế,-0.07468085949878481,0,1.0384671334580524,0
2025-02-22 06:00:00+07:00,54.0,16.7,88.0,/dl/web/weather/ic-w-04-scattered-clouds-full.svg,Huế,-0.07468085949878481,0,1.3552883858533764,0
2025-02-22 07:00:00+07:00,54.0,16.7,88.0,/dl/web/weather/ic-w-04-scattered-clouds-full.svg,Huế,-0.07468085949878481,0,1.3552883858533764,0
2025-02-22 08:00:00+07:00,55.0,18.5,88.0,/dl/web/weather/ic-w-04-scattered-clouds-full.svg,Huế,-0.022722849725927835,0,1.655434835491052,0
2025-02-22 09:00:00+07:00,55.0,18.5,88.0,/dl/web/weather/ic-w-04-scattered-clouds-full.svg,Huế,-0.022722849725927835,0,1.655434835491052,0
2025-02-22 10:00:00+07:00,55.0,18.5,88.0,/dl/web/weather/ic-w-04-scattered-clouds-full.svg,Huế,-0.022722849725927835,0,1.655434835491052,0
2025-02-22 11:00:00+07:00,55.0,18.5,88.0,/dl/web/weather/ic-w-04-scattered-clouds-full.svg,Huế,-0.022722849725927835,0,1.655434835491052,0
2025-02-22 12:00:00+07:00,57.0,18.5,88.0,/dl/web/weather/ic-w-04-scattered-clouds-full.svg,Huế,0.08119316981978612,0,1.655434835491052,0
2025-02-22 13:00:00+07:00,60.0,22.2,83.0,/dl/web/weather/ic-w-04-scattered-clouds-full.svg,Huế,0.23706719913835705,0,2.2724025375240515,0
2025-02-22 14:00:00+07:00,60.0,24.1,78.0,/dl/web/weather/ic-w-04-scattered-clouds-full.svg,Huế,0.23706719913835705,0,2.589223789919376,0
2025-02-22 15:00:00+07:00,56.0,25.9,78.0,/dl/web/weather/ic-w-04-scattered-clouds-full.svg,Huế,0.02923516004692914,0,2.889370239557051,0
2025-02-22 16:00:00+07:00,55.0,11.3,94.0,/dl/web/weather/ic-w-04-scattered-clouds-full.svg,Huế,-0.022722849725927835,0,0.45484903694035,0
2025-02-22 17:00:00+07:00,55.0,20.4,83.0,/dl/web/weather/ic-w-04-scattered-clouds-full.svg,Huế,-0.022722849725927835,0,1.972256087886376,0
2025-02-22 18:00:00+07:00,55.0,22.2,83.0,/dl/web/weather/ic-w-04-scattered-clouds-full.svg,Huế,-0.022722849725927835,0,2.2724025375240515,0
2025-02-22 19:00:00+07:00,55.0,16.7,83.0,/dl/web/weather/ic-w-04-scattered-clouds-full.svg,Huế,-0.022722849725927835,0,1.3552883858533764,0
2025-02-22 20:00:00+07:00,57.0,14.8,94.0,/dl/web/weather/ic-w-04-scattered-clouds-full.svg,Huế,0.08119316981978612,0,1.0384671334580524,0
2025-02-22 21:00:00+07:00,59.0,14.8,94.0,/dl/web/weather/ic-w-04-scattered-clouds-full.svg,Huế,0.18510918936550008,0,1.0384671334580524,0
2025-02-22 22:00:00+07:00,59.0,9.8,96.0,/dl/web/weather/ic-w-04-scattered-clouds-full.svg,Huế,0.18510918936550008,0,0.2047269955756204,0
2025-02-22 23:00:00+07:00,59.0,13.0,94.0,/dl/web/weather/ic-w-04-scattered-clouds-full.svg,Huế,0.18510918936550008,0,0.7383206838203767,0
2025-02-23 00:00:00+07:00,59.0,14.8,94.0,/dl/web/weather/ic-w-04-scattered-clouds-full.svg,Huế,0.18510918936550008,0,1.0384671334580524,0
2025-02-23 01:00:00+07:00,57.0,9.2,96.0,/dl/web/weather/ic-w-04-scattered-clouds-full.svg,Huế,0.08119316981978612,0,0.10467817902972831,0
2025-02-23 02:00:00+07:00,56.0,11.1,88.0,/dl/web/weather/ic-w-04-scattered-clouds-full.svg,Huế,0.02923516004692914,0,0.42149943142505253,0
2025-02-23 03:00:00+07:00,56.0,13.0,88.0,/dl/web/weather/ic-w-04-scattered-clouds-full.svg,Huế,0.02923516004692914,0,0.7383206838203767,0
2025-02-23 04:00:00+07:00,55.0,13.0,88.0,/dl/web/weather/ic-w-04-scattered-clouds-full.svg,Huế,-0.022722849725927835,0,0.7383206838203767,0
2025-02-23 05:00:00+07:00,54.0,11.1,88.0,/dl/web/weather/ic-w-04-scattered-clouds-full.svg,Huế,-0.07468085949878481,0,0.42149943142505253,0
2025-02-23 06:00:00+07:00,53.0,13.0,88.0,/dl/web/weather/ic-w-04-scattered-clouds-full.svg,Huế,-0.12663886927164178,0,0.7383206838203767,0
2025-02-23 07:00:00+07:00,53.0,13.0,88.0,/dl/web/weather/ic-w-04-scattered-clouds-full.svg,Huế,-0.12663886927164178,0,0.7383206838203767,0
2025-02-23 08:00:00+07:00,53.0,13.0,88.0,/dl/web/weather/ic-w-04-scattered-clouds-full.svg,Huế,-0.12663886927164178,0,0.7383206838203767,0
2025-02-23 09:00:00+07:00,53.0,16.7,88.0,/dl/web/weather/ic-w-04-scattered-clouds-full.svg,Huế,-0.12663886927164178,0,1.3552883858533764,0
2025-02-23 10:00:00+07:00,53.0,22.2,78.0,/dl/web/weather/ic-w-04-scattered-clouds-full.svg,Huế,-0.12663886927164178,0,2.2724025375240515,0
2025-02-23 11:00:00+07:00,53.0,22.2,78.0,/dl/web/weather/ic-w-04-scattered-clouds-full.svg,Huế,-0.12663886927164178,0,2.2724025375240515,0
2025-02-23 12:00:00+07:00,58.0,20.4,78.0,/dl/web/weather/ic-w-04-scattered-clouds-full.svg,Huế,0.13315117959264308,0,1.972256087886376,0
2025-02-23 13:00:00+07:00,60.0,22.2,78.0,/dl/web/weather/ic-w-04-scattered-clouds-full.svg,Huế,0.23706719913835705,0,2.2724025375240515,0
2025-02-23 14:00:00+07:00,59.0,22.2,88.0,/dl/web/weather/ic-w-04-scattered-clouds-full.svg,Huế,0.18510918936550008,0,2.2724025375240515,0
2025-02-23 15:00:00+07:00,57.0,22.2,83.0,/dl/web/weather/ic-w-04-scattered-clouds-full.svg,Huế,0.08119316981978612,0,2.2724025375240515,0
2025-02-23 16:00:00+07:00,53.0,22.2,83.0,/dl/web/weather/ic-w-04-scattered-clouds-full.svg,Huế,-0.12663886927164178,0,2.2724025375240515,0
2025-02-23 17:00:00+07:00,51.0,20.4,83.0,/dl/web/weather/ic-w-04-scattered-clouds-full.svg,Huế,-0.23055488881735575,0,1.972256087886376,0
2025-02-23 18:00:00+07:00,51.0,24.1,83.0,/dl/web/weather/ic-w-04-scattered-clouds-full.svg,Huế,-0.23055488881735575,0,2.589223789919376,0
2025-02-23 19:00:00+07:00,49.0,20.4,88.0,/dl/web/weather/ic-w-04-scattered-clouds-full.svg,Huế,-0.3344709083630697,0,1.972256087886376,0
2025-02-23 20:00:00+07:00,54.0,18.5,88.0,/dl/web/weather/ic-w-04-scattered-clouds-full.svg,Huế,-0.07468085949878481,0,1.655434835491052,0
2025-02-23 21:00:00+07:00,52.0,18.5,88.0,/dl/web/weather/ic-w-04-scattered-clouds-full.svg,Huế,-0.17859687904449875,0,1.655434835491052,0
2025-02-23 22:00:00+07:00,52.0,13.0,88.0,/dl/web/weather/ic-w-04-scattered-clouds-full.svg,Huế,-0.17859687904449875,0,0.7383206838203767,0
2025-02-23 23:00:00+07:00,51.0,16.6,95.0,/dl/web/weather/ic-w-04-scattered-clouds-full.svg,Huế,-0.23055488881735575,0,1.3386135830957282,0
2025-02-24 00:00:00+07:00,51.0,18.5,88.0,/dl/web/weather/ic-w-04-scattered-clouds-full.svg,Huế,-0.23055488881735575,0,1.655434835491052,0
2025-02-24 01:00:00+07:00,50.0,18.3,95.0,/dl/web/weather/ic-w-04-scattered-clouds-full.svg,Huế,-0.2825128985902127,0,1.6220852299757549,0
2025-02-24 02:00:00+07:00,49.0,20.4,88.0,/dl/web/weather/ic-w-04-scattered-clouds-full.svg,Huế,-0.3344709083630697,0,1.972256087886376,0
2025-02-24 03:00:00+07:00,48.0,22.2,94.0,/dl/web/weather/ic-w-04-scattered-clouds-full.svg,Huế,-0.38642891813592667,0,2.2724025375240515,0
2025-02-24 04:00:00+07:00,48.0,18.5,83.0,/dl/web/weather/ic-w-04-scattered-clouds-full.svg,Huế,-0.38642891813592667,0,1.655434835491052,0
2025-02-24 05:00:00+07:00,47.0,18.5,88.0,/dl/web/weather/ic-w-04-scattered-clouds-full.svg,Huế,-0.43838692790878364,0,1.655434835491052,0
2025-02-24 06:00:00+07:00,47.0,20.4,88.0,/dl/web/weather/ic-w-04-scattered-clouds-full.svg,Huế,-0.43838692790878364,0,1.972256087886376,0
2025-02-24 07:00:00+07:00,44.0,22.2,88.0,/dl/web/weather/ic-w-04-scattered-clouds-full.svg,Huế,-0.5942609572273546,0,2.2724025375240515,0
2025-02-24 08:00:00+07:00,46.0,18.5,88.0,/dl/web/weather/ic-w-04-scattered-clouds-full.svg,Huế,-0.4903449376816406,0,1.655434835491052,0
2025-02-24 09:00:00+07:00,46.0,20.4,88.0,/dl/web/weather/ic-w-04-scattered-clouds-full.svg,Huế,-0.4903449376816406,0,1.972256087886376,0
2025-02-24 10:00:00+07:00,46.0,25.9,83.0,/dl/web/weather/ic-w-04-scattered-clouds-full.svg,Huế,-0.4903449376816406,0,2.889370239557051,0
2025-02-24 11:00:00+07:00,51.0,25.9,83.0,/dl/web/weather/ic-w-04-scattered-clouds-full.svg,Huế,-0.23055488881735575,0,2.889370239557051,0
2025-02-24 12:00:00+07:00,49.0,22.2,78.0,/dl/web/weather/ic-w-04-scattered-clouds-full.svg,Huế,-0.3344709083630697,0,2.2724025375240515,0
2025-02-24 13:00:00+07:00,48.0,22.2,78.0,/dl/web/weather/ic-w-04-scattered-clouds-full.svg,Huế,-0.38642891813592667,0,2.2724025375240515,0
2025-02-24 14:00:00+07:00,48.0,24.1,78.0,/dl/web/weather/ic-w-04-scattered-clouds-full.svg,Huế,-0.38642891813592667,0,2.589223789919376,0
2025-02-24 15:00:00+07:00,47.0,24.1,78.0,/dl/web/weather/ic-w-06-rain-full.svg,Huế,-0.43838692790878364,0,2.589223789919376,0
2025-02-24 16:00:00+07:00,45.0,16.7,83.0,/dl/web/weather/ic-w-06-rain-full.svg,Huế,-0.5423029474544976,0,1.3552883858533764,0
2025-02-24 17:00:00+07:00,44.0,16.7,88.0,/dl/web/weather/ic-w-04-scattered-clouds-full.svg,Huế,-0.5942609572273546,0,1.3552883858533764,0
2025-02-24 18:00:00+07:00,43.0,18.5,88.0,/dl/web/weather/ic-w-04-scattered-clouds-full.svg,Huế,-0.6462189670002115,0,1.655434835491052,0
2025-02-24 19:00:00+07:00,42.0,20.4,83.0,/dl/web/weather/ic-w-04-scattered-clouds-full.svg,Huế,-0.6981769767730686,0,1.972256087886376,0
2025-02-24 20:00:00+07:00,42.0,18.5,83.0,/dl/web/weather/ic-w-04-scattered-clouds-full.svg,Huế,-0.6981769767730686,0,1.655434835491052,0
2025-02-24 21:00:00+07:00,41.0,18.5,83.0,/dl/web/weather/ic-w-04-scattered-clouds-full.svg,Huế,-0.7501349865459255,0,1.655434835491052,0
2025-02-24 22:00:00+07:00,37.0,16.7,83.0,/dl/web/weather/ic-w-04-scattered-clouds-full.svg,Huế,-0.9579670256373534,0,1.3552883858533764,0
2025-02-24 23:00:00+07:00,37.0,18.5,94.0,/dl/web/weather/ic-w-04-scattered-clouds-full.svg,Huế,-0.9579670256373534,0,1.655434835491052,0
2025-02-25 00:00:00+07:00,29.0,18.5,88.0,/dl/web/weather/ic-w-04-scattered-clouds-full.svg,Huế,-1.3736311038202091,0,1.655434835491052,0
2025-02-25 01:00:00+07:00,29.0,14.8,94.0,/dl/web/weather/ic-w-09-mist-full.svg,Huế,-1.3736311038202091,0,1.0384671334580524,0
2025-02-25 02:00:00+07:00,29.0,14.8,94.0,/dl/web/weather/ic-w-09-mist-full.svg,Huế,-1.3736311038202091,0,1.0384671334580524,0
2025-02-25 03:00:00+07:00,29.0,9.2,100.0,/dl/web/weather/ic-w-09-mist-full.svg,Huế,-1.3736311038202091,0,0.10467817902972831,0
2025-02-25 04:00:00+07:00,29.0,9.2,100.0,/dl/web/weather/ic-w-09-mist-full.svg,Huế,-1.3736311038202091,0,0.10467817902972831,0
2025-02-25 05:00:00+07:00,29.0,9.2,100.0,/dl/web/weather/ic-w-09-mist-full.svg,Huế,-1.3736311038202091,0,0.10467817902972831,0
2025-02-25 06:00:00+07:00,29.0,18.5,100.0,/dl/web/weather/ic-w-09-mist-full.svg,Huế,-1.3736311038202091,0,1.655434835491052,0
2025-02-25 07:00:00+07:00,29.0,16.7,100.0,/dl/web/weather/ic-w-09-mist-full.svg,Huế,-1.3736311038202091,0,1.3552883858533764,0
2025-02-25 08:00:00+07:00,29.0,18.5,100.0,/dl/web/weather/ic-w-09-mist-full.svg,Huế,-1.3736311038202091,0,1.655434835491052,0
2025-02-25 09:00:00+07:00,29.0,16.7,94.0,/dl/web/weather/ic-w-09-mist-full.svg,Huế,-1.3736311038202091,0,1.3552883858533764,0
2025-02-25 10:00:00+07:00,29.0,13.0,94.0,/dl/web/weather/ic-w-09-mist-full.svg,Huế,-1.3736311038202091,0,0.7383206838203767,0
2025-02-25 11:00:00+07:00,29.0,13.0,94.0,/dl/web/weather/ic-w-09-mist-full.svg,Huế,-1.3736311038202091,0,0.7383206838203767,0
2025-02-25 12:00:00+07:00,29.0,16.7,94.0,/dl/web/weather/ic-w-09-mist-full.svg,Huế,-1.3736311038202091,0,1.3552883858533764,0
2025-02-25 13:00:00+07:00,29.0,14.8,94.0,/dl/web/weather/ic-w-09-mist-full.svg,Huế,-1.3736311038202091,0,1.0384671334580524,0
2025-02-25 14:00:00+07:00,30.0,13.0,94.0,/dl/web/weather/ic-w-09-mist-full.svg,Huế,-1.3216730940473522,0,0.7383206838203767,0
2025-02-25 15:00:00+07:00,30.0,13.0,88.0,/dl/web/weather/ic-w-04-scattered-clouds-full.svg,Huế,-1.3216730940473522,0,0.7383206838203767,0
2025-02-25 16:00:00+07:00,30.0,16.7,88.0,/dl/web/weather/ic-w-09-mist-full.svg,Huế,-1.3216730940473522,0,1.3552883858533764,0
2025-02-25 17:00:00+07:00,30.0,14.8,94.0,/dl/web/weather/ic-w-04-scattered-clouds-full.svg,Huế,-1.3216730940473522,0,1.0384671334580524,0
2025-02-25 18:00:00+07:00,30.0,11.1,100.0,/dl/web/weather/ic-w-09-mist-full.svg,Huế,-1.3216730940473522,0,0.42149943142505253,0
2025-02-25 19:00:00+07:00,37.0,11.1,94.0,/dl/web/weather/ic-w-09-mist-full.svg,Huế,-0.9579670256373534,0,0.42149943142505253,0
2025-02-25 20:00:00+07:00,39.0,13.0,94.0,/dl/web/weather/ic-w-04-scattered-clouds-full.svg,Huế,-0.8540510060916394,0,0.7383206838203767,0
2025-02-25 21:00:00+07:00,41.0,13.0,94.0,/dl/web/weather/ic-w-04-scattered-clouds-full.svg,Huế,-0.7501349865459255,0,0.7383206838203767,0
2025-02-25 22:00:00+07:00,45.0,11.1,94.0,/dl/web/weather/ic-w-04-scattered-clouds-full.svg,Huế,-0.5423029474544976,0,0.42149943142505253,0
2025-02-25 23:00:00+07:00,46.0,13.0,94.0,/dl/web/weather/ic-w-04-scattered-clouds-full.svg,Huế,-0.4903449376816406,0,0.7383206838203767,0
2025-02-26 00:00:00+07:00,46.0,9.2,94.0,/dl/web/weather/ic-w-09-mist-full.svg,Huế,-0.4903449376816406,0,0.10467817902972831,0
2025-02-26 01:00:00+07:00,46.0,9.2,94.0,/dl/web/weather/ic-w-04-scattered-clouds-full.svg,Huế,-0.4903449376816406,0,0.10467817902972831,0
2025-02-26 02:00:00+07:00,46.0,5.5,94.0,/dl/web/weather/ic-w-04-scattered-clouds-full.svg,Huế,-0.4903449376816406,0,-0.5122895230032712,0
2025-02-26 03:00:00+07:00,46.0,5.5,94.0,/dl/web/weather/ic-w-04-scattered-clouds-full.svg,Huế,-0.4903449376816406,0,-0.5122895230032712,0
2025-02-26 04:00:00+07:00,46.0,7.4,94.0,/dl/web/weather/ic-w-04-scattered-clouds-full.svg,Huế,-0.4903449376816406,0,-0.19546827060794705,0
2025-02-26 05:00:00+07:00,46.0,9.2,94.0,/dl/web/weather/ic-w-04-scattered-clouds-full.svg,Huế,-0.4903449376816406,0,0.10467817902972831,0
2025-02-26 06:00:00+07:00,30.0,5.5,94.0,/dl/web/weather/ic-w-09-mist-full.svg,Huế,-1.3216730940473522,0,-0.5122895230032712,0
2025-02-26 08:00:00+07:00,29.0,3.7,88.0,/dl/web/weather/ic-w-04-scattered-clouds-full.svg,Huế,-1.3736311038202091,0,-0.8124359726409468,0
2025-02-26 09:00:00+07:00,29.0,3.7,78.0,/dl/web/weather/ic-w-04-scattered-clouds-full.svg,Huế,-1.3736311038202091,0,-0.8124359726409468,0
2025-02-26 10:00:00+07:00,29.0,5.5,78.0,/dl/web/weather/ic-w-04-scattered-clouds-full.svg,Huế,-1.3736311038202091,0,-0.5122895230032712,0
2025-02-26 11:00:00+07:00,30.0,5.5,78.0,/dl/web/weather/ic-w-04-scattered-clouds-full.svg,Huế,-1.3216730940473522,0,-0.5122895230032712,0
2025-02-26 12:00:00+07:00,30.0,9.2,83.0,/dl/web/weather/ic-w-04-scattered-clouds-full.svg,Huế,-1.3216730940473522,0,0.10467817902972831,0
2025-02-26 13:00:00+07:00,30.0,7.4,78.0,/dl/web/weather/ic-w-04-scattered-clouds-full.svg,Huế,-1.3216730940473522,0,-0.19546827060794705,0
2025-02-26 14:00:00+07:00,45.0,14.8,78.0,/dl/web/weather/ic-w-04-scattered-clouds-full.svg,Huế,-0.5423029474544976,0,1.0384671334580524,0
2025-02-26 15:00:00+07:00,47.0,18.5,88.0,/dl/web/weather/ic-w-04-scattered-clouds-full.svg,Huế,-0.43838692790878364,0,1.655434835491052,0
2025-02-26 17:00:00+07:00,31.0,14.8,94.0,/dl/web/weather/ic-w-09-mist-full.svg,Huế,-1.2697150842744953,0,1.0384671334580524,0
2025-02-26 18:00:00+07:00,29.0,14.8,94.0,/dl/web/weather/ic-w-09-mist-full.svg,Huế,-1.3736311038202091,0,1.0384671334580524,0
2025-02-26 19:00:00+07:00,30.0,11.1,94.0,/dl/web/weather/ic-w-09-mist-full.svg,Huế,-1.3216730940473522,0,0.42149943142505253,0
2025-02-26 20:00:00+07:00,30.0,3.7,94.0,/dl/web/weather/ic-w-12-night-rain-full.svg,Huế,-1.3216730940473522,0,-0.8124359726409468,0
2025-02-26 21:00:00+07:00,30.0,3.7,94.0,/dl/web/weather/ic-w-12-night-rain-full.svg,Huế,-1.3216730940473522,0,-0.8124359726409468,0
2025-02-26 22:00:00+07:00,30.0,5.5,94.0,/dl/web/weather/ic-w-04-scattered-clouds-full.svg,Huế,-1.3216730940473522,0,-0.5122895230032712,0
2025-02-26 23:00:00+07:00,30.0,11.1,94.0,/dl/web/weather/ic-w-04-scattered-clouds-full.svg,Huế,-1.3216730940473522,0,0.42149943142505253,0
2025-02-27 00:00:00+07:00,31.0,11.1,94.0,/dl/web/weather/ic-w-04-scattered-clouds-full.svg,Huế,-1.2697150842744953,0,0.42149943142505253,0
2025-02-27 01:00:00+07:00,33.0,3.7,97.0,/dl/web/weather/ic-w-04-scattered-clouds-full.svg,Huế,-1.1657990647287813,0,-0.8124359726409468,0
2025-02-27 02:00:00+07:00,30.0,5.5,98.0,/dl/web/weather/ic-w-04-scattered-clouds-full.svg,Huế,-1.3216730940473522,0,-0.5122895230032712,0
2025-02-27 03:00:00+07:00,31.0,5.1,97.0,/dl/web/weather/ic-w-04-scattered-clouds-full.svg,Huế,-1.2697150842744953,0,-0.5789887340338659,0
2025-02-27 04:00:00+07:00,29.0,3.7,94.0,/dl/web/weather/ic-w-04-scattered-clouds-full.svg,Huế,-1.3736311038202091,0,-0.8124359726409468,0
2025-02-27 05:00:00+07:00,29.0,1.8,100.0,/dl/web/weather/ic-w-04-scattered-clouds-full.svg,Huế,-1.3736311038202091,0,-1.1292572250362711,0
2025-02-27 06:00:00+07:00,33.0,5.5,100.0,/dl/web/weather/ic-w-04-scattered-clouds-full.svg,Huế,-1.1657990647287813,0,-0.5122895230032712,0
2025-02-27 07:00:00+07:00,54.0,5.5,100.0,/dl/web/weather/ic-w-09-mist-full.svg,Huế,-0.07468085949878481,0,-0.5122895230032712,0
2025-02-27 08:00:00+07:00,66.0,9.2,94.0,/dl/web/weather/ic-w-04-scattered-clouds-full.svg,Huế,0.5488152577754989,0,0.10467817902972831,0
2025-02-27 09:00:00+07:00,71.0,7.4,94.0,/dl/web/weather/ic-w-04-scattered-clouds-full.svg,Huế,0.8086053066397838,0,-0.19546827060794705,0
2025-02-27 10:00:00+07:00,71.0,11.1,88.0,/dl/web/weather/ic-w-09-mist-full.svg,Huế,0.8086053066397838,0,0.42149943142505253,0
2025-02-27 11:00:00+07:00,70.0,11.1,88.0,/dl/web/weather/ic-w-09-mist-full.svg,Huế,0.7566472968669268,0,0.42149943142505253,0
2025-02-27 12:00:00+07:00,71.0,9.2,83.0,/dl/web/weather/ic-w-04-scattered-clouds-full.svg,Huế,0.8086053066397838,0,0.10467817902972831,0
2025-02-27 13:00:00+07:00,70.0,7.4,83.0,/dl/web/weather/ic-w-04-scattered-clouds-full.svg,Huế,0.7566472968669268,0,-0.19546827060794705,0
2025-02-27 14:00:00+07:00,71.0,7.6,84.0,/dl/web/weather/ic-w-04-scattered-clouds-full.svg,Huế,0.8086053066397838,0,-0.16211866509264988,0
2025-02-27 15:00:00+07:00,71.0,5.5,88.0,/dl/web/weather/ic-w-04-scattered-clouds-full.svg,Huế,0.8086053066397838,0,-0.5122895230032712,0
2025-02-27 16:00:00+07:00,72.0,3.7,88.0,/dl/web/weather/ic-w-04-scattered-clouds-full.svg,Huế,0.8605633164126407,0,-0.8124359726409468,0
2025-02-27 17:00:00+07:00,75.0,5.5,88.0,/dl/web/weather/ic-w-04-scattered-clouds-full.svg,Huế,1.0164373457312117,0,-0.5122895230032712,0
2025-02-27 18:00:00+07:00,76.0,5.5,88.0,/dl/web/weather/ic-w-09-mist-full.svg,Huế,1.0683953555040686,0,-0.5122895230032712,0
2025-02-27 19:00:00+07:00,80.0,3.7,94.0,/dl/web/weather/ic-w-09-mist-full.svg,Huế,1.2762273945954965,0,-0.8124359726409468,0
2025-02-27 20:00:00+07:00,87.0,1.8,94.0,/dl/web/weather/ic-w-09-mist-full.svg,Huế,1.6399334630054954,0,-1.1292572250362711,0
2025-02-27 21:00:00+07:00,98.0,1.8,94.0,/dl/web/weather/ic-w-09-mist-full.svg,Huế,2.211471570506922,0,-1.1292572250362711,0
2025-02-27 22:00:00+07:00,113.0,1.8,94.0,/dl/web/weather/ic-w-09-mist-full.svg,Huế,2.990841717099777,0,-1.1292572250362711,0
2025-02-27 23:00:00+07:00,119.0,3.7,100.0,/dl/web/weather/ic-w-09-mist-full.svg,Huế,3.3025897757369185,-1,-0.8124359726409468,0
2025-02-28 00:00:00+07:00,124.0,1.8,100.0,/dl/web/weather/ic-w-09-mist-full.svg,Huế,3.5623798246012037,-1,-1.1292572250362711,0
2025-02-28 01:00:00+07:00,120.0,1.8,100.0,/dl/web/weather/ic-w-09-mist-full.svg,Huế,3.3545477855097756,-1,-1.1292572250362711,0
2025-02-28 02:00:00+07:00,102.0,1.8,94.0,/dl/web/weather/ic-w-04-scattered-clouds-full.svg,Huế,2.4193036095983502,0,-1.1292572250362711,0
2025-02-28 03:00:00+07:00,87.0,1.8,88.0,/dl/web/weather/ic-w-04-scattered-clouds-full.svg,Huế,1.6399334630054954,0,-1.1292572250362711,0
2025-02-28 04:00:00+07:00,79.0,1.8,94.0,/dl/web/weather/ic-w-09-mist-full.svg,Huế,1.2242693848226396,0,-1.1292572250362711,0
2025-02-28 05:00:00+07:00,73.0,3.7,94.0,/dl/web/weather/ic-w-09-mist-full.svg,Huế,0.9125213261854977,0,-0.8124359726409468,0
2025-02-28 06:00:00+07:00,71.0,5.5,94.0,/dl/web/weather/ic-w-09-mist-full.svg,Huế,0.8086053066397838,0,-0.5122895230032712,0
2025-02-28 07:00:00+07:00,72.0,1.9,94.0,/dl/web/weather/ic-w-02-new-clouds-full.svg,Huế,0.8605633164126407,0,-1.1125824222786223,0
2025-02-28 08:00:00+07:00,82.0,1.1,86.0,/dl/web/weather/ic-w-04-scattered-clouds-full.svg,Huế,1.3801434141412106,0,-1.2459808443398115,0
2025-02-28 09:00:00+07:00,82.0,4.3,78.0,/dl/web/weather/ic-w-04-scattered-clouds-full.svg,Huế,1.3801434141412106,0,-0.712387156095055,0
2025-02-28 10:00:00+07:00,82.0,7.1,74.0,/dl/web/weather/ic-w-04-scattered-clouds-full.svg,Huế,1.3801434141412106,0,-0.2454926788808931,0
2025-02-28 11:00:00+07:00,75.0,7.1,74.0,/dl/web/weather/ic-w-04-scattered-clouds-full.svg,Huế,1.0164373457312117,0,-0.2454926788808931,0
2025-02-28 12:00:00+07:00,76.0,9.5,73.0,/dl/web/weather/ic-w-04-scattered-clouds-full.svg,Huế,1.0683953555040686,0,0.15470258730267436,0
2025-02-28 13:00:00+07:00,76.0,10.9,73.0,/dl/web/weather/ic-w-04-scattered-clouds-full.svg,Huế,1.0683953555040686,0,0.3881498259097554,0
2025-02-28 14:00:00+07:00,73.0,12.7,74.0,/dl/web/weather/ic-w-04-scattered-clouds-full.svg,Huế,0.9125213261854977,0,0.6882962755474308,0
2025-02-28 15:00:00+07:00,69.0,14.8,77.0,/dl/web/weather/ic-w-04-scattered-clouds-full.svg,Huế,0.7046892870940699,0,1.0384671334580524,0
2025-02-28 16:00:00+07:00,65.0,10.8,78.0,/dl/web/weather/ic-w-04-scattered-clouds-full.svg,Huế,0.4968572480026419,0,0.3714750231521068,0
2025-02-28 17:00:00+07:00,59.0,10.8,84.0,/dl/web/weather/ic-w-04-scattered-clouds-full.svg,Huế,0.18510918936550008,0,0.3714750231521068,0
2025-02-28 18:00:00+07:00,56.0,9.7,92.0,/dl/web/weather/ic-w-04-scattered-clouds-full.svg,Huế,0.02923516004692914,0,0.18805219281797153,0
2025-02-28 19:00:00+07:00,56.0,10.0,94.0,/dl/web/weather/ic-w-04-scattered-clouds-full.svg,Huế,0.02923516004692914,0,0.23807660109091755,0
2025-02-28 20:00:00+07:00,55.0,6.6,96.0,/dl/web/weather/ic-w-04-scattered-clouds-full.svg,Huế,-0.022722849725927835,0,-0.3288666926691363,0
2025-02-28 21:00:00+07:00,56.0,6.6,96.0,/dl/web/weather/ic-w-04-scattered-clouds-full.svg,Huế,0.02923516004692914,0,-0.3288666926691363,0
2025-02-28 22:00:00+07:00,55.0,6.8,97.0,/dl/web/weather/ic-w-04-scattered-clouds-full.svg,Huế,-0.022722849725927835,0,-0.295517087153839,0
2025-02-28 23:00:00+07:00,55.0,5.6,97.0,/dl/web/weather/ic-w-04-scattered-clouds-full.svg,Huế,-0.022722849725927835,0,-0.4956147202456227,0
2025-03-01 00:00:00+07:00,56.0,3.5,97.0,/dl/web/weather/ic-w-04-scattered-clouds-full.svg,Huế,0.02923516004692914,0,-0.8457855781562441,0
2025-03-01 01:00:00+07:00,58.0,2.7,97.0,/dl/web/weather/ic-w-04-scattered-clouds-full.svg,Huế,0.13315117959264308,0,-0.9791840002174332,0
2025-03-01 02:00:00+07:00,62.0,2.7,97.0,/dl/web/weather/ic-w-04-scattered-clouds-full.svg,Huế,0.340983218684071,0,-0.9791840002174332,0
2025-03-01 03:00:00+07:00,65.0,2.4,97.0,/dl/web/weather/ic-w-04-scattered-clouds-full.svg,Huế,0.4968572480026419,0,-1.0292084084903792,0
2025-03-01 04:00:00+07:00,69.0,2.6,97.0,/dl/web/weather/ic-w-04-scattered-clouds-full.svg,Huế,0.7046892870940699,0,-0.9958588029750819,0
2025-03-01 05:00:00+07:00,71.0,1.0,96.0,/dl/web/weather/ic-w-04-scattered-clouds-full.svg,Huế,0.8086053066397838,0,-1.2626556470974601,0
2025-03-01 06:00:00+07:00,72.0,2.4,96.0,/dl/web/weather/ic-w-04-scattered-clouds-full.svg,Huế,0.8605633164126407,0,-1.0292084084903792,0
2025-03-01 07:00:00+07:00,77.0,0.5,94.0,/dl/web/weather/ic-w-04-scattered-clouds-full.svg,Huế,1.1203533652769258,0,-1.3460296608857034,0
2025-03-01 08:00:00+07:00,67.0,0.5,87.0,/dl/web/weather/ic-w-04-scattered-clouds-full.svg,Huế,0.6007732675483559,0,-1.3460296608857034,0
2025-03-01 09:00:00+07:00,61.0,3.4,79.0,/dl/web/weather/ic-w-04-scattered-clouds-full.svg,Huế,0.289025208911214,0,-0.8624603809138927,0
2025-03-01 10:00:00+07:00,61.0,9.5,75.0,/dl/web/weather/ic-w-04-scattered-clouds-full.svg,Huế,0.289025208911214,0,0.15470258730267436,0
2025-03-01 11:00:00+07:00,57.0,9.5,75.0,/dl/web/weather/ic-w-04-scattered-clouds-full.svg,Huế,0.08119316981978612,0,0.15470258730267436,0
2025-03-01 12:00:00+07:00,61.0,8.7,73.0,/dl/web/weather/ic-w-04-scattered-clouds-full.svg,Huế,0.289025208911214,0,0.02130416524148511,0
2025-03-01 13:00:00+07:00,63.0,9.3,72.0,/dl/web/weather/ic-w-04-scattered-clouds-full.svg,Huế,0.39294122845692797,0,0.12135298178737719,0
2025-03-01 14:00:00+07:00,61.0,10.9,74.0,/dl/web/weather/ic-w-04-scattered-clouds-full.svg,Huế,0.289025208911214,0,0.3881498259097554,0
2025-03-01 15:00:00+07:00,56.0,10.5,75.0,/dl/web/weather/ic-w-04-scattered-clouds-full.svg,Huế,0.02923516004692914,0,0.32145061487916077,0
2025-03-01 16:00:00+07:00,57.0,10.0,77.0,/dl/web/weather/ic-w-04-scattered-clouds-full.svg,Huế,0.08119316981978612,0,0.23807660109091755,0
2025-03-01 17:00:00+07:00,58.0,10.0,79.0,/dl/web/weather/ic-w-04-scattered-clouds-full.svg,Huế,0.13315117959264308,0,0.23807660109091755,0
2025-03-01 18:00:00+07:00,62.0,9.0,84.0,/dl/web/weather/ic-w-04-scattered-clouds-full.svg,Huế,0.340983218684071,0,0.07132857351443116,0
2025-03-01 19:00:00+07:00,58.0,7.7,93.0,/dl/web/weather/ic-w-04-scattered-clouds-full.svg,Huế,0.13315117959264308,0,-0.14544386233500115,0
2025-03-01 20:00:00+07:00,54.0,7.6,94.0,/dl/web/weather/ic-w-04-scattered-clouds-full.svg,Huế,-0.07468085949878481,0,-0.16211866509264988,0
2025-03-01 21:00:00+07:00,52.0,7.6,94.0,/dl/web/weather/ic-w-04-scattered-clouds-full.svg,Huế,-0.17859687904449875,0,-0.16211866509264988,0
2025-03-01 22:00:00+07:00,51.0,8.2,95.0,/dl/web/weather/ic-w-04-scattered-clouds-full.svg,Huế,-0.23055488881735575,0,-0.062069848546758094,0
2025-03-01 23:00:00+07:00,52.0,6.6,94.0,/dl/web/weather/ic-w-04-scattered-clouds-full.svg,Huế,-0.17859687904449875,0,-0.3288666926691363,0
2025-03-02 00:00:00+07:00,54.0,3.7,93.0,/dl/web/weather/ic-w-04-scattered-clouds-full.svg,Huế,-0.07468085949878481,0,-0.8124359726409468,0
2025-03-02 01:00:00+07:00,54.0,2.6,93.0,/dl/web/weather/ic-w-04-scattered-clouds-full.svg,Huế,-0.07468085949878481,0,-0.9958588029750819,0
2025-03-02 02:00:00+07:00,57.0,0.8,94.0,/dl/web/weather/ic-w-04-scattered-clouds-full.svg,Huế,0.08119316981978612,0,-1.2960052526127575,0
2025-03-02 03:00:00+07:00,60.0,0.5,94.0,/dl/web/weather/ic-w-04-scattered-clouds-full.svg,Huế,0.23706719913835705,0,-1.3460296608857034,0
2025-03-02 04:00:00+07:00,64.0,1.0,94.0,/dl/web/weather/ic-w-04-scattered-clouds-full.svg,Huế,0.44489923822978494,0,-1.2626556470974601,0
2025-03-02 05:00:00+07:00,67.0,1.4,93.0,/dl/web/weather/ic-w-04-scattered-clouds-full.svg,Huế,0.6007732675483559,0,-1.1959564360668655,0
2025-03-02 06:00:00+07:00,66.0,3.9,92.0,/dl/web/weather/ic-w-04-scattered-clouds-full.svg,Huế,0.5488152577754989,0,-0.7790863671256495,0
2025-03-02 07:00:00+07:00,67.0,4.0,87.0,/dl/web/weather/ic-w-04-scattered-clouds-full.svg,Huế,0.6007732675483559,0,-0.762411564368001,0
2025-03-02 08:00:00+07:00,66.0,5.1,77.0,/dl/web/weather/ic-w-01-clear-sky-full.svg,Huế,0.5488152577754989,0,-0.5789887340338659,0
2025-03-02 09:00:00+07:00,70.0,4.5,67.0,/dl/web/weather/ic-w-04-scattered-clouds-full.svg,Huế,0.7566472968669268,0,-0.6790375505797577,0
2025-03-02 10:00:00+07:00,70.0,5.3,62.0,/dl/web/weather/ic-w-04-scattered-clouds-full.svg,Huế,0.7566472968669268,0,-0.5456391285185686,0
2025-03-02 11:00:00+07:00,73.0,5.3,62.0,/dl/web/weather/ic-w-04-scattered-clouds-full.svg,Huế,0.9125213261854977,0,-0.5456391285185686,0
2025-03-02 12:00:00+07:00,79.0,8.4,62.0,/dl/web/weather/ic-w-04-scattered-clouds-full.svg,Huế,1.2242693848226396,0,-0.02872024303146064,0
2025-03-02 13:00:00+07:00,75.0,8.9,64.0,/dl/web/weather/ic-w-04-scattered-clouds-full.svg,Huế,1.0164373457312117,0,0.05465377075678257,0
2025-03-02 14:00:00+07:00,73.0,10.0,65.0,/dl/web/weather/ic-w-04-scattered-clouds-full.svg,Huế,0.9125213261854977,0,0.23807660109091755,0
2025-03-02 15:00:00+07:00,72.0,10.3,67.0,/dl/web/weather/ic-w-04-scattered-clouds-full.svg,Huế,0.8605633164126407,0,0.2881010093638636,0
2025-03-02 16:00:00+07:00,72.0,9.2,68.0,/dl/web/weather/ic-w-04-scattered-clouds-full.svg,Huế,0.8605633164126407,0,0.10467817902972831,0
2025-03-02 17:00:00+07:00,69.0,6.9,70.0,/dl/web/weather/ic-w-04-scattered-clouds-full.svg,Huế,0.7046892870940699,0,-0.27884228439619024,0
2025-03-02 18:00:00+07:00,65.0,5.1,77.0,/dl/web/weather/ic-w-04-scattered-clouds-full.svg,Huế,0.4968572480026419,0,-0.5789887340338659,0
2025-03-02 19:00:00+07:00,69.0,7.2,81.0,/dl/web/weather/ic-w-04-scattered-clouds-full.svg,Huế,0.7046892870940699,0,-0.22881787612324436,0
2025-03-02 20:00:00+07:00,66.0,5.1,83.0,/dl/web/weather/ic-w-04-scattered-clouds-full.svg,Huế,0.5488152577754989,0,-0.5789887340338659,0
2025-03-02 21:00:00+07:00,65.0,5.1,83.0,/dl/web/weather/ic-w-04-scattered-clouds-full.svg,Huế,0.4968572480026419,0,-0.5789887340338659,0
2025-03-02 22:00:00+07:00,66.0,5.6,84.0,/dl/web/weather/ic-w-04-scattered-clouds-full.svg,Huế,0.5488152577754989,0,-0.4956147202456227,0
2025-03-02 23:00:00+07:00,69.0,5.0,86.0,/dl/web/weather/ic-w-04-scattered-clouds-full.svg,Huế,0.7046892870940699,0,-0.5956635367915145,0
2025-03-03 00:00:00+07:00,71.0,1.4,87.0,/dl/web/weather/ic-w-04-scattered-clouds-full.svg,Huế,0.8086053066397838,0,-1.1959564360668655,0
2025-03-03 01:00:00+07:00,70.0,5.3,90.0,/dl/web/weather/ic-w-04-scattered-clouds-full.svg,Huế,0.7566472968669268,0,-0.5456391285185686,0
2025-03-03 02:00:00+07:00,73.0,6.8,93.0,/dl/web/weather/ic-w-04-scattered-clouds-full.svg,Huế,0.9125213261854977,0,-0.295517087153839,0
2025-03-03 03:00:00+07:00,76.0,5.0,93.0,/dl/web/weather/ic-w-04-scattered-clouds-full.svg,Huế,1.0683953555040686,0,-0.5956635367915145,0
2025-03-03 04:00:00+07:00,88.0,2.4,93.0,/dl/web/weather/ic-w-04-scattered-clouds-full.svg,Huế,1.6918914727783523,0,-1.0292084084903792,0
2025-03-03 05:00:00+07:00,90.0,1.4,92.0,/dl/web/weather/ic-w-04-scattered-clouds-full.svg,Huế,1.7958074923240663,0,-1.1959564360668655,0
2025-03-03 06:00:00+07:00,82.0,1.8,92.0,/dl/web/weather/ic-w-04-scattered-clouds-full.svg,Huế,1.3801434141412106,0,-1.1292572250362711,0
2025-03-03 07:00:00+07:00,76.0,4.2,88.0,/dl/web/weather/ic-w-04-scattered-clouds-full.svg,Huế,1.0683953555040686,0,-0.7290619588527036,0
2025-03-03 08:00:00+07:00,71.0,4.0,75.0,/dl/web/weather/ic-w-02-new-clouds-full.svg,Huế,0.8086053066397838,0,-0.762411564368001,0
2025-03-03 09:00:00+07:00,71.0,3.2,67.0,/dl/web/weather/ic-w-02-new-clouds-full.svg,Huế,0.8086053066397838,0,-0.89580998642919,0
2025-03-03 10:00:00+07:00,71.0,4.7,63.0,/dl/web/weather/ic-w-04-scattered-clouds-full.svg,Huế,0.8086053066397838,0,-0.6456879450644604,0
2025-03-03 11:00:00+07:00,69.0,4.7,63.0,/dl/web/weather/ic-w-04-scattered-clouds-full.svg,Huế,0.7046892870940699,0,-0.6456879450644604,0
2025-03-03 12:00:00+07:00,74.0,7.6,61.0,/dl/web/weather/ic-w-04-scattered-clouds-full.svg,Huế,0.9644793359583547,0,-0.16211866509264988,0
2025-03-03 13:00:00+07:00,75.0,9.5,64.0,/dl/web/weather/ic-w-04-scattered-clouds-full.svg,Huế,1.0164373457312117,0,0.15470258730267436,0
2025-03-03 14:00:00+07:00,70.0,10.0,66.0,/dl/web/weather/ic-w-04-scattered-clouds-full.svg,Huế,0.7566472968669268,0,0.23807660109091755,0
2025-03-03 15:00:00+07:00,62.0,12.2,67.0,/dl/web/weather/ic-w-04-scattered-clouds-full.svg,Huế,0.340983218684071,0,0.6049222617591875,0
2025-03-03 16:00:00+07:00,57.0,10.8,68.0,/dl/web/weather/ic-w-04-scattered-clouds-full.svg,Huế,0.08119316981978612,0,0.3714750231521068,0
2025-03-03 17:00:00+07:00,54.0,5.6,73.0,/dl/web/weather/ic-w-04-scattered-clouds-full.svg,Huế,-0.07468085949878481,0,-0.4956147202456227,0
2025-03-03 18:00:00+07:00,54.0,6.1,84.0,/dl/web/weather/ic-w-04-scattered-clouds-full.svg,Huế,-0.07468085949878481,0,-0.4122407064573795,0
2025-03-03 19:00:00+07:00,60.0,6.9,85.0,/dl/web/weather/ic-w-04-scattered-clouds-full.svg,Huế,0.23706719913835705,0,-0.27884228439619024,0
2025-03-03 20:00:00+07:00,66.0,5.3,87.0,/dl/web/weather/ic-w-11-night-few-clouds-full.svg,Huế,0.5488152577754989,0,-0.5456391285185686,0
2025-03-03 21:00:00+07:00,73.0,5.3,87.0,/dl/web/weather/ic-w-11-night-few-clouds-full.svg,Huế,0.9125213261854977,0,-0.5456391285185686,0
2025-03-03 22:00:00+07:00,77.0,2.7,89.0,/dl/web/weather/ic-w-04-scattered-clouds-full.svg,Huế,1.1203533652769258,0,-0.9791840002174332,0
2025-03-03 23:00:00+07:00,80.0,5.1,91.0,/dl/web/weather/ic-w-04-scattered-clouds-full.svg,Huế,1.2762273945954965,0,-0.5789887340338659,0
2025-03-04 00:00:00+07:00,75.0,3.7,92.0,/dl/web/weather/ic-w-04-scattered-clouds-full.svg,Huế,1.0164373457312117,0,-0.8124359726409468,0
2025-03-04 01:00:00+07:00,70.0,1.8,94.0,/dl/web/weather/ic-w-04-scattered-clouds-full.svg,Huế,0.7566472968669268,0,-1.1292572250362711,0
2025-03-04 02:00:00+07:00,69.0,1.8,94.0,/dl/web/weather/ic-w-04-scattered-clouds-full.svg,Huế,0.7046892870940699,0,-1.1292572250362711,0
2025-03-04 03:00:00+07:00,69.0,1.8,100.0,/dl/web/weather/ic-w-09-mist-full.svg,Huế,0.7046892870940699,0,-1.1292572250362711,0
2025-03-04 04:00:00+07:00,72.0,5.5,100.0,/dl/web/weather/ic-w-09-mist-full.svg,Huế,0.8605633164126407,0,-0.5122895230032712,0
2025-03-04 05:00:00+07:00,79.0,3.7,100.0,/dl/web/weather/ic-w-09-mist-full.svg,Huế,1.2242693848226396,0,-0.8124359726409468,0
2025-03-04 06:00:00+07:00,88.0,3.7,100.0,/dl/web/weather/ic-w-09-mist-full.svg,Huế,1.6918914727783523,0,-0.8124359726409468,0
2025-03-04 07:00:00+07:00,93.0,1.8,94.0,/dl/web/weather/ic-w-09-mist-full.svg,Huế,1.9516815216426373,0,-1.1292572250362711,0
2025-03-04 08:00:00+07:00,95.0,3.7,94.0,/dl/web/weather/ic-w-09-mist-full.svg,Huế,2.055597541188351,0,-0.8124359726409468,0
2025-03-04 09:00:00+07:00,85.0,5.5,89.0,/dl/web/weather/ic-w-09-mist-full.svg,Huế,1.5360174434597815,0,-0.5122895230032712,0
2025-03-04 10:00:00+07:00,85.0,5.5,89.0,/dl/web/weather/ic-w-09-mist-full.svg,Huế,1.5360174434597815,0,-0.5122895230032712,0
2025-03-04 11:00:00+07:00,79.0,3.7,78.0,/dl/web/weather/ic-w-04-scattered-clouds-full.svg,Huế,1.2242693848226396,0,-0.8124359726409468,0
2025-03-04 12:00:00+07:00,76.0,3.7,79.0,/dl/web/weather/ic-w-02-new-clouds-full.svg,Huế,1.0683953555040686,0,-0.8124359726409468,0
2025-03-04 13:00:00+07:00,76.0,11.1,70.0,/dl/web/weather/ic-w-02-new-clouds-full.svg,Huế,1.0683953555040686,0,0.42149943142505253,0
2025-03-04 14:00:00+07:00,74.0,11.1,66.0,/dl/web/weather/ic-w-02-new-clouds-full.svg,Huế,0.9644793359583547,0,0.42149943142505253,0
2025-03-04 15:00:00+07:00,66.0,14.8,74.0,/dl/web/weather/ic-w-02-new-clouds-full.svg,Huế,0.5488152577754989,0,1.0384671334580524,0
2025-03-04 16:00:00+07:00,66.0,9.2,78.0,/dl/web/weather/ic-w-02-new-clouds-full.svg,Huế,0.5488152577754989,0,0.10467817902972831,0
2025-03-04 17:00:00+07:00,62.0,7.4,79.0,/dl/web/weather/ic-w-02-new-clouds-full.svg,Huế,0.340983218684071,0,-0.19546827060794705,0
2025-03-04 18:00:00+07:00,63.0,3.7,74.0,/dl/web/weather/ic-w-02-new-clouds-full.svg,Huế,0.39294122845692797,0,-0.8124359726409468,0
2025-03-04 19:00:00+07:00,68.0,5.5,78.0,/dl/web/weather/ic-w-11-night-few-clouds-full.svg,Huế,0.6527312773212128,0,-0.5122895230032712,0
2025-03-04 20:00:00+07:00,71.0,1.8,89.0,/dl/web/weather/ic-w-11-night-few-clouds-full.svg,Huế,0.8086053066397838,0,-1.1292572250362711,0
2025-03-04 21:00:00+07:00,76.0,1.8,89.0,/dl/web/weather/ic-w-11-night-few-clouds-full.svg,Huế,1.0683953555040686,0,-1.1292572250362711,0
2025-03-04 22:00:00+07:00,76.0,1.8,89.0,/dl/web/weather/ic-w-04-scattered-clouds-full.svg,Huế,1.0683953555040686,0,-1.1292572250362711,0
2025-03-04 23:00:00+07:00,82.0,1.8,94.0,/dl/web/weather/ic-w-11-night-few-clouds-full.svg,Huế,1.3801434141412106,0,-1.1292572250362711,0
2025-03-05 00:00:00+07:00,85.0,1.8,94.0,/dl/web/weather/ic-w-11-night-few-clouds-full.svg,Huế,1.5360174434597815,0,-1.1292572250362711,0
2025-03-05 01:00:00+07:00,89.0,3.7,94.0,/dl/web/weather/ic-w-04-scattered-clouds-full.svg,Huế,1.7438494825512094,0,-0.8124359726409468,0
2025-03-05 02:00:00+07:00,89.0,3.7,94.0,/dl/web/weather/ic-w-04-scattered-clouds-full.svg,Huế,1.7438494825512094,0,-0.8124359726409468,0
2025-03-05 03:00:00+07:00,83.0,3.7,94.0,/dl/web/weather/ic-w-09-mist-full.svg,Huế,1.4321014239140675,0,-0.8124359726409468,0
2025-03-05 04:00:00+07:00,76.0,1.8,94.0,/dl/web/weather/ic-w-09-mist-full.svg,Huế,1.0683953555040686,0,-1.1292572250362711,0
2025-03-05 05:00:00+07:00,74.0,3.7,94.0,/dl/web/weather/ic-w-09-mist-full.svg,Huế,0.9644793359583547,0,-0.8124359726409468,0
2025-03-05 06:00:00+07:00,77.0,3.7,94.0,/dl/web/weather/ic-w-09-mist-full.svg,Huế,1.1203533652769258,0,-0.8124359726409468,0
2025-03-05 07:00:00+07:00,79.0,1.8,100.0,/dl/web/weather/ic-w-09-mist-full.svg,Huế,1.2242693848226396,0,-1.1292572250362711,0
2025-03-05 08:00:00+07:00,87.0,3.7,94.0,/dl/web/weather/ic-w-09-mist-full.svg,Huế,1.6399334630054954,0,-0.8124359726409468,0
2025-03-05 09:00:00+07:00,88.0,3.7,83.0,/dl/web/weather/ic-w-04-scattered-clouds-full.svg,Huế,1.6918914727783523,0,-0.8124359726409468,0
2025-03-05 10:00:00+07:00,88.0,3.7,83.0,/dl/web/weather/ic-w-04-scattered-clouds-full.svg,Huế,1.6918914727783523,0,-0.8124359726409468,0
2025-03-05 11:00:00+07:00,84.0,3.7,74.0,/dl/web/weather/ic-w-02-new-clouds-full.svg,Huế,1.4840594336869244,0,-0.8124359726409468,0
2025-03-05 12:00:00+07:00,80.0,5.5,66.0,/dl/web/weather/ic-w-02-new-clouds-full.svg,Huế,1.2762273945954965,0,-0.5122895230032712,0
2025-03-05 13:00:00+07:00,80.0,9.2,62.0,/dl/web/weather/ic-w-02-new-clouds-full.svg,Huế,1.2762273945954965,0,0.10467817902972831,0
2025-03-05 14:00:00+07:00,79.0,13.0,66.0,/dl/web/weather/ic-w-02-new-clouds-full.svg,Huế,1.2242693848226396,0,0.7383206838203767,0
2025-03-05 15:00:00+07:00,76.0,13.0,66.0,/dl/web/weather/ic-w-02-new-clouds-full.svg,Huế,1.0683953555040686,0,0.7383206838203767,0
2025-03-05 16:00:00+07:00,69.0,11.1,66.0,/dl/web/weather/ic-w-02-new-clouds-full.svg,Huế,0.7046892870940699,0,0.42149943142505253,0
2025-03-05 17:00:00+07:00,68.0,16.7,74.0,/dl/web/weather/ic-w-02-new-clouds-full.svg,Huế,0.6527312773212128,0,1.3552883858533764,0
2025-03-05 18:00:00+07:00,89.0,11.1,70.0,/dl/web/weather/ic-w-02-new-clouds-full.svg,Huế,1.7438494825512094,0,0.42149943142505253,0
2025-03-05 19:00:00+07:00,106.0,7.4,78.0,/dl/web/weather/ic-w-11-night-few-clouds-full.svg,Huế,2.627135648689778,0,-0.19546827060794705,0
2025-03-05 20:00:00+07:00,105.0,7.4,94.0,/dl/web/weather/ic-w-04-scattered-clouds-full.svg,Huế,2.5751776389169208,0,-0.19546827060794705,0
2025-03-05 21:00:00+07:00,91.0,7.4,94.0,/dl/web/weather/ic-w-04-scattered-clouds-full.svg,Huế,1.8477655020969233,0,-0.19546827060794705,0
2025-03-05 22:00:00+07:00,79.0,5.5,94.0,/dl/web/weather/ic-w-04-scattered-clouds-full.svg,Huế,1.2242693848226396,0,-0.5122895230032712,0
2025-03-05 23:00:00+07:00,70.0,5.5,94.0,/dl/web/weather/ic-w-04-scattered-clouds-full.svg,Huế,0.7566472968669268,0,-0.5122895230032712,0
2025-03-06 00:00:00+07:00,67.0,9.2,94.0,/dl/web/weather/ic-w-04-scattered-clouds-full.svg,Huế,0.6007732675483559,0,0.10467817902972831,0
2025-03-06 01:00:00+07:00,67.0,7.4,94.0,/dl/web/weather/ic-w-04-scattered-clouds-full.svg,Huế,0.6007732675483559,0,-0.19546827060794705,0
2025-03-06 02:00:00+07:00,77.0,11.1,94.0,/dl/web/weather/ic-w-04-scattered-clouds-full.svg,Huế,1.1203533652769258,0,0.42149943142505253,0
2025-03-06 03:00:00+07:00,82.0,13.0,88.0,/dl/web/weather/ic-w-09-mist-full.svg,Huế,1.3801434141412106,0,0.7383206838203767,0
2025-03-06 04:00:00+07:00,78.0,11.1,94.0,/dl/web/weather/ic-w-09-mist-full.svg,Huế,1.1723113750497827,0,0.42149943142505253,0
2025-03-06 05:00:00+07:00,71.0,13.0,94.0,/dl/web/weather/ic-w-09-mist-full.svg,Huế,0.8086053066397838,0,0.7383206838203767,0
2025-03-06 06:00:00+07:00,66.0,9.2,94.0,/dl/web/weather/ic-w-09-mist-full.svg,Huế,0.5488152577754989,0,0.10467817902972831,0
2025-03-06 07:00:00+07:00,63.0,11.1,94.0,/dl/web/weather/ic-w-09-mist-full.svg,Huế,0.39294122845692797,0,0.42149943142505253,0
2025-03-06 08:00:00+07:00,58.0,3.7,100.0,/dl/web/weather/ic-w-09-mist-full.svg,Huế,0.13315117959264308,0,-0.8124359726409468,0
2025-03-06 09:00:00+07:00,53.0,3.7,100.0,/dl/web/weather/ic-w-09-mist-full.svg,Huế,-0.12663886927164178,0,-0.8124359726409468,0
2025-03-06 10:00:00+07:00,53.0,5.5,94.0,/dl/web/weather/ic-w-09-mist-full.svg,Huế,-0.12663886927164178,0,-0.5122895230032712,0
2025-03-06 11:00:00+07:00,51.0,5.5,94.0,/dl/web/weather/ic-w-09-mist-full.svg,Huế,-0.23055488881735575,0,-0.5122895230032712,0
2025-03-06 12:00:00+07:00,43.0,7.4,94.0,/dl/web/weather/ic-w-04-scattered-clouds-full.svg,Huế,-0.6462189670002115,0,-0.19546827060794705,0
2025-03-06 13:00:00+07:00,30.0,18.5,94.0,/dl/web/weather/ic-w-09-mist-full.svg,Huế,-1.3216730940473522,0,1.655434835491052,0
2025-03-06 14:00:00+07:00,30.0,25.9,94.0,/dl/web/weather/ic-w-09-mist-full.svg,Huế,-1.3216730940473522,0,2.889370239557051,0
2025-03-06 15:00:00+07:00,30.0,27.8,94.0,/dl/web/weather/ic-w-04-scattered-clouds-full.svg,Huế,-1.3216730940473522,0,3.206191491952376,-1
2025-03-06 16:00:00+07:00,30.0,24.1,94.0,/dl/web/weather/ic-w-09-mist-full.svg,Huế,-1.3216730940473522,0,2.589223789919376,0
2025-03-06 17:00:00+07:00,30.0,24.1,94.0,/dl/web/weather/ic-w-04-scattered-clouds-full.svg,Huế,-1.3216730940473522,0,2.589223789919376,0
2025-03-06 18:00:00+07:00,31.0,20.4,94.0,/dl/web/weather/ic-w-09-mist-full.svg,Huế,-1.2697150842744953,0,1.972256087886376,0
2025-03-06 19:00:00+07:00,31.0,22.2,100.0,/dl/web/weather/ic-w-09-mist-full.svg,Huế,-1.2697150842744953,0,2.2724025375240515,0
2025-03-06 20:00:00+07:00,30.0,16.7,94.0,/dl/web/weather/ic-w-04-scattered-clouds-full.svg,Huế,-1.3216730940473522,0,1.3552883858533764,0
2025-03-06 21:00:00+07:00,30.0,16.7,94.0,/dl/web/weather/ic-w-04-scattered-clouds-full.svg,Huế,-1.3216730940473522,0,1.3552883858533764,0
2025-03-06 22:00:00+07:00,30.0,14.8,94.0,/dl/web/weather/ic-w-09-mist-full.svg,Huế,-1.3216730940473522,0,1.0384671334580524,0
2025-03-06 23:00:00+07:00,30.0,13.0,100.0,/dl/web/weather/ic-w-09-mist-full.svg,Huế,-1.3216730940473522,0,0.7383206838203767,0
2025-03-07 00:00:00+07:00,30.0,13.0,100.0,/dl/web/weather/ic-w-09-mist-full.svg,Huế,-1.3216730940473522,0,0.7383206838203767,0
2025-03-07 01:00:00+07:00,30.0,11.1,100.0,/dl/web/weather/ic-w-09-mist-full.svg,Huế,-1.3216730940473522,0,0.42149943142505253,0
2025-03-07 02:00:00+07:00,30.0,14.8,94.0,/dl/web/weather/ic-w-09-mist-full.svg,Huế,-1.3216730940473522,0,1.0384671334580524,0
2025-03-07 03:00:00+07:00,30.0,14.8,94.0,/dl/web/weather/ic-w-09-mist-full.svg,Huế,-1.3216730940473522,0,1.0384671334580524,0
2025-03-07 04:00:00+07:00,30.0,13.0,94.0,/dl/web/weather/ic-w-09-mist-full.svg,Huế,-1.3216730940473522,0,0.7383206838203767,0
2025-03-07 05:00:00+07:00,30.0,13.0,94.0,/dl/web/weather/ic-w-09-mist-full.svg,Huế,-1.3216730940473522,0,0.7383206838203767,0
2025-03-07 06:00:00+07:00,30.0,16.7,94.0,/dl/web/weather/ic-w-04-scattered-clouds-full.svg,Huế,-1.3216730940473522,0,1.3552883858533764,0
2025-03-07 07:00:00+07:00,30.0,16.7,94.0,/dl/web/weather/ic-w-09-mist-full.svg,Huế,-1.3216730940473522,0,1.3552883858533764,0
2025-03-07 08:00:00+07:00,30.0,13.0,94.0,/dl/web/weather/ic-w-09-mist-full.svg,Huế,-1.3216730940473522,0,0.7383206838203767,0
2025-03-07 09:00:00+07:00,30.0,13.0,100.0,/dl/web/weather/ic-w-09-mist-full.svg,Huế,-1.3216730940473522,0,0.7383206838203767,0
2025-03-07 10:00:00+07:00,30.0,14.8,94.0,/dl/web/weather/ic-w-09-mist-full.svg,Huế,-1.3216730940473522,0,1.0384671334580524,0
2025-03-07 11:00:00+07:00,30.0,14.8,94.0,/dl/web/weather/ic-w-09-mist-full.svg,Huế,-1.3216730940473522,0,1.0384671334580524,0
2025-03-07 12:00:00+07:00,30.0,12.4,94.0,/dl/web/weather/ic-w-09-mist-full.svg,Huế,-1.3216730940473522,0,0.638271867274485,0
2025-03-07 13:00:00+07:00,30.0,16.7,94.0,/dl/web/weather/ic-w-09-mist-full.svg,Huế,-1.3216730940473522,0,1.3552883858533764,0
2025-03-07 14:00:00+07:00,30.0,16.7,94.0,/dl/web/weather/ic-w-09-mist-full.svg,Huế,-1.3216730940473522,0,1.3552883858533764,0
2025-03-07 15:00:00+07:00,30.0,18.5,94.0,/dl/web/weather/ic-w-09-mist-full.svg,Huế,-1.3216730940473522,0,1.655434835491052,0
2025-03-07 16:00:00+07:00,30.0,20.4,94.0,/dl/web/weather/ic-w-09-mist-full.svg,Huế,-1.3216730940473522,0,1.972256087886376,0
2025-03-07 17:00:00+07:00,30.0,22.2,94.0,/dl/web/weather/ic-w-09-mist-full.svg,Huế,-1.3216730940473522,0,2.2724025375240515,0
2025-03-07 18:00:00+07:00,30.0,16.7,94.0,/dl/web/weather/ic-w-09-mist-full.svg,Huế,-1.3216730940473522,0,1.3552883858533764,0
2025-03-07 19:00:00+07:00,30.0,16.7,94.0,/dl/web/weather/ic-w-09-mist-full.svg,Huế,-1.3216730940473522,0,1.3552883858533764,0
2025-03-07 20:00:00+07:00,30.0,16.7,100.0,/dl/web/weather/ic-w-09-mist-full.svg,Huế,-1.3216730940473522,0,1.3552883858533764,0
2025-03-07 21:00:00+07:00,30.0,16.7,100.0,/dl/web/weather/ic-w-09-mist-full.svg,Huế,-1.3216730940473522,0,1.3552883858533764,0
2025-03-07 22:00:00+07:00,30.0,11.1,100.0,/dl/web/weather/ic-w-09-mist-full.svg,Huế,-1.3216730940473522,0,0.42149943142505253,0
2025-03-07 23:00:00+07:00,30.0,11.1,100.0,/dl/web/weather/ic-w-09-mist-full.svg,Huế,-1.3216730940473522,0,0.42149943142505253,0
2025-03-08 00:00:00+07:00,30.0,9.2,100.0,/dl/web/weather/ic-w-09-mist-full.svg,Huế,-1.3216730940473522,0,0.10467817902972831,0
2025-03-08 01:00:00+07:00,30.0,11.1,100.0,/dl/web/weather/ic-w-09-mist-full.svg,Huế,-1.3216730940473522,0,0.42149943142505253,0
2025-03-08 02:00:00+07:00,29.0,11.1,94.0,/dl/web/weather/ic-w-04-scattered-clouds-full.svg,Huế,-1.3736311038202091,0,0.42149943142505253,0
2025-03-08 03:00:00+07:00,30.0,9.2,94.0,/dl/web/weather/ic-w-04-scattered-clouds-full.svg,Huế,-1.3216730940473522,0,0.10467817902972831,0
2025-03-08 05:00:00+07:00,30.0,9.2,94.0,/dl/web/weather/ic-w-04-scattered-clouds-full.svg,Huế,-1.3216730940473522,0,0.10467817902972831,0
2025-03-08 06:00:00+07:00,30.0,7.4,94.0,/dl/web/weather/ic-w-04-scattered-clouds-full.svg,Huế,-1.3216730940473522,0,-0.19546827060794705,0
2025-03-08 07:00:00+07:00,30.0,7.4,88.0,/dl/web/weather/ic-w-04-scattered-clouds-full.svg,Huế,-1.3216730940473522,0,-0.19546827060794705,0
2025-03-08 08:00:00+07:00,30.0,13.0,94.0,/dl/web/weather/ic-w-04-scattered-clouds-full.svg,Huế,-1.3216730940473522,0,0.7383206838203767,0
2025-03-08 09:00:00+07:00,31.0,13.0,94.0,/dl/web/weather/ic-w-04-scattered-clouds-full.svg,Huế,-1.2697150842744953,0,0.7383206838203767,0
2025-03-08 10:00:00+07:00,31.0,13.0,94.0,/dl/web/weather/ic-w-04-scattered-clouds-full.svg,Huế,-1.2697150842744953,0,0.7383206838203767,0
2025-03-08 11:00:00+07:00,31.0,16.7,82.0,/dl/web/weather/ic-w-04-scattered-clouds-full.svg,Huế,-1.2697150842744953,0,1.3552883858533764,0
2025-03-08 12:00:00+07:00,37.0,14.8,83.0,/dl/web/weather/ic-w-04-scattered-clouds-full.svg,Huế,-0.9579670256373534,0,1.0384671334580524,0
2025-03-08 13:00:00+07:00,51.0,16.7,83.0,/dl/web/weather/ic-w-04-scattered-clouds-full.svg,Huế,-0.23055488881735575,0,1.3552883858533764,0
2025-03-08 14:00:00+07:00,54.0,16.7,77.0,/dl/web/weather/ic-w-04-scattered-clouds-full.svg,Huế,-0.07468085949878481,0,1.3552883858533764,0
2025-03-08 15:00:00+07:00,54.0,16.7,83.0,/dl/web/weather/ic-w-04-scattered-clouds-full.svg,Huế,-0.07468085949878481,0,1.3552883858533764,0
2025-03-08 16:00:00+07:00,52.0,16.7,88.0,/dl/web/weather/ic-w-04-scattered-clouds-full.svg,Huế,-0.17859687904449875,0,1.3552883858533764,0
2025-03-08 17:00:00+07:00,48.0,13.0,82.0,/dl/web/weather/ic-w-04-scattered-clouds-full.svg,Huế,-0.38642891813592667,0,0.7383206838203767,0
2025-03-08 18:00:00+07:00,51.0,9.2,88.0,/dl/web/weather/ic-w-04-scattered-clouds-full.svg,Huế,-0.23055488881735575,0,0.10467817902972831,0
2025-03-08 19:00:00+07:00,52.0,9.2,94.0,/dl/web/weather/ic-w-04-scattered-clouds-full.svg,Huế,-0.17859687904449875,0,0.10467817902972831,0
2025-03-08 20:00:00+07:00,51.0,7.4,94.0,/dl/web/weather/ic-w-04-scattered-clouds-full.svg,Huế,-0.23055488881735575,0,-0.19546827060794705,0
2025-03-08 21:00:00+07:00,47.0,9.2,94.0,/dl/web/weather/ic-w-04-scattered-clouds-full.svg,Huế,-0.43838692790878364,0,0.10467817902972831,0
2025-03-08 22:00:00+07:00,41.0,5.5,88.0,/dl/web/weather/ic-w-04-scattered-clouds-full.svg,Huế,-0.7501349865459255,0,-0.5122895230032712,0
2025-03-08 23:00:00+07:00,33.0,7.4,88.0,/dl/web/weather/ic-w-04-scattered-clouds-full.svg,Huế,-1.1657990647287813,0,-0.19546827060794705,0
2025-03-09 00:00:00+07:00,39.0,9.2,88.0,/dl/web/weather/ic-w-04-scattered-clouds-full.svg,Huế,-0.8540510060916394,0,0.10467817902972831,0
2025-03-09 01:00:00+07:00,33.0,7.4,88.0,/dl/web/weather/ic-w-04-scattered-clouds-full.svg,Huế,-1.1657990647287813,0,-0.19546827060794705,0
2025-03-09 02:00:00+07:00,31.0,9.2,94.0,/dl/web/weather/ic-w-04-scattered-clouds-full.svg,Huế,-1.2697150842744953,0,0.10467817902972831,0
2025-03-09 03:00:00+07:00,30.0,5.5,100.0,/dl/web/weather/ic-w-09-mist-full.svg,Huế,-1.3216730940473522,0,-0.5122895230032712,0
2025-03-09 04:00:00+07:00,30.0,3.7,100.0,/dl/web/weather/ic-w-04-scattered-clouds-full.svg,Huế,-1.3216730940473522,0,-0.8124359726409468,0
2025-03-09 05:00:00+07:00,30.0,7.4,100.0,/dl/web/weather/ic-w-04-scattered-clouds-full.svg,Huế,-1.3216730940473522,0,-0.19546827060794705,0
2025-03-09 06:00:00+07:00,30.0,9.2,100.0,/dl/web/weather/ic-w-04-scattered-clouds-full.svg,Huế,-1.3216730940473522,0,0.10467817902972831,0
2025-03-09 07:00:00+07:00,30.0,7.4,100.0,/dl/web/weather/ic-w-04-scattered-clouds-full.svg,Huế,-1.3216730940473522,0,-0.19546827060794705,0
2025-03-09 08:00:00+07:00,30.0,3.7,94.0,/dl/web/weather/ic-w-04-scattered-clouds-full.svg,Huế,-1.3216730940473522,0,-0.8124359726409468,0
2025-03-09 09:00:00+07:00,33.0,5.5,94.0,/dl/web/weather/ic-w-04-scattered-clouds-full.svg,Huế,-1.1657990647287813,0,-0.5122895230032712,0
2025-03-09 10:00:00+07:00,33.0,5.5,94.0,/dl/web/weather/ic-w-04-scattered-clouds-full.svg,Huế,-1.1657990647287813,0,-0.5122895230032712,0
2025-03-09 11:00:00+07:00,39.0,11.1,88.0,/dl/web/weather/ic-w-04-scattered-clouds-full.svg,Huế,-0.8540510060916394,0,0.42149943142505253,0
2025-03-09 12:00:00+07:00,42.0,11.1,83.0,/dl/web/weather/ic-w-04-scattered-clouds-full.svg,Huế,-0.6981769767730686,0,0.42149943142505253,0
2025-03-09 13:00:00+07:00,51.0,11.1,83.0,/dl/web/weather/ic-w-04-scattered-clouds-full.svg,Huế,-0.23055488881735575,0,0.42149943142505253,0
2025-03-09 14:00:00+07:00,53.0,11.1,88.0,/dl/web/weather/ic-w-04-scattered-clouds-full.svg,Huế,-0.12663886927164178,0,0.42149943142505253,0
2025-03-09 15:00:00+07:00,55.0,13.0,83.0,/dl/web/weather/ic-w-04-scattered-clouds-full.svg,Huế,-0.022722849725927835,0,0.7383206838203767,0
2025-03-09 16:00:00+07:00,54.0,13.0,83.0,/dl/web/weather/ic-w-04-scattered-clouds-full.svg,Huế,-0.07468085949878481,0,0.7383206838203767,0
2025-03-09 17:00:00+07:00,55.0,13.0,88.0,/dl/web/weather/ic-w-04-scattered-clouds-full.svg,Huế,-0.022722849725927835,0,0.7383206838203767,0
2025-03-09 18:00:00+07:00,59.0,13.0,88.0,/dl/web/weather/ic-w-04-scattered-clouds-full.svg,Huế,0.18510918936550008,0,0.7383206838203767,0
2025-03-09 19:00:00+07:00,61.0,9.2,94.0,/dl/web/weather/ic-w-04-scattered-clouds-full.svg,Huế,0.289025208911214,0,0.10467817902972831,0
2025-03-09 20:00:00+07:00,64.0,7.4,94.0,/dl/web/weather/ic-w-04-scattered-clouds-full.svg,Huế,0.44489923822978494,0,-0.19546827060794705,0
2025-03-09 21:00:00+07:00,62.0,9.2,94.0,/dl/web/weather/ic-w-04-scattered-clouds-full.svg,Huế,0.340983218684071,0,0.10467817902972831,0
2025-03-09 22:00:00+07:00,62.0,9.2,94.0,/dl/web/weather/ic-w-04-scattered-clouds-full.svg,Huế,0.340983218684071,0,0.10467817902972831,0
2025-03-09 23:00:00+07:00,68.0,11.1,94.0,/dl/web/weather/ic-w-09-mist-full.svg,Huế,0.6527312773212128,0,0.42149943142505253,0
2025-03-10 00:00:00+07:00,67.0,9.2,100.0,/dl/web/weather/ic-w-09-mist-full.svg,Huế,0.6007732675483559,0,0.10467817902972831,0
2025-03-10 01:00:00+07:00,63.0,5.5,94.0,/dl/web/weather/ic-w-09-mist-full.svg,Huế,0.39294122845692797,0,-0.5122895230032712,0
2025-03-10 02:00:00+07:00,56.0,7.4,94.0,/dl/web/weather/ic-w-09-mist-full.svg,Huế,0.02923516004692914,0,-0.19546827060794705,0
2025-03-10 03:00:00+07:00,48.0,11.1,100.0,/dl/web/weather/ic-w-09-mist-full.svg,Huế,-0.38642891813592667,0,0.42149943142505253,0
2025-03-10 04:00:00+07:00,38.0,11.1,100.0,/dl/web/weather/ic-w-09-mist-full.svg,Huế,-0.9060090158644964,0,0.42149943142505253,0
2025-03-10 05:00:00+07:00,31.0,7.4,100.0,/dl/web/weather/ic-w-04-scattered-clouds-full.svg,Huế,-1.2697150842744953,0,-0.19546827060794705,0
2025-03-10 06:00:00+07:00,30.0,5.5,100.0,/dl/web/weather/ic-w-04-scattered-clouds-full.svg,Huế,-1.3216730940473522,0,-0.5122895230032712,0
2025-03-10 07:00:00+07:00,31.0,5.5,94.0,/dl/web/weather/ic-w-04-scattered-clouds-full.svg,Huế,-1.2697150842744953,0,-0.5122895230032712,0
2025-03-10 08:00:00+07:00,41.0,7.4,94.0,/dl/web/weather/ic-w-04-scattered-clouds-full.svg,Huế,-0.7501349865459255,0,-0.19546827060794705,0
2025-03-10 09:00:00+07:00,43.0,7.4,94.0,/dl/web/weather/ic-w-04-scattered-clouds-full.svg,Huế,-0.6462189670002115,0,-0.19546827060794705,0
2025-03-10 10:00:00+07:00,43.0,7.4,94.0,/dl/web/weather/ic-w-04-scattered-clouds-full.svg,Huế,-0.6462189670002115,0,-0.19546827060794705,0
2025-03-10 11:00:00+07:00,53.0,5.5,94.0,/dl/web/weather/ic-w-09-mist-full.svg,Huế,-0.12663886927164178,0,-0.5122895230032712,0
2025-03-10 12:00:00+07:00,57.0,7.4,94.0,/dl/web/weather/ic-w-04-scattered-clouds-full.svg,Huế,0.08119316981978612,0,-0.19546827060794705,0
2025-03-10 13:00:00+07:00,60.0,7.4,94.0,/dl/web/weather/ic-w-09-mist-full.svg,Huế,0.23706719913835705,0,-0.19546827060794705,0
2025-03-10 14:00:00+07:00,61.0,9.2,94.0,/dl/web/weather/ic-w-04-scattered-clouds-full.svg,Huế,0.289025208911214,0,0.10467817902972831,0
2025-03-10 15:00:00+07:00,58.0,9.2,94.0,/dl/web/weather/ic-w-09-mist-full.svg,Huế,0.13315117959264308,0,0.10467817902972831,0
2025-03-10 16:00:00+07:00,61.0,7.4,94.0,/dl/web/weather/ic-w-09-mist-full.svg,Huế,0.289025208911214,0,-0.19546827060794705,0
2025-03-10 17:00:00+07:00,68.0,7.4,100.0,/dl/web/weather/ic-w-09-mist-full.svg,Huế,0.6527312773212128,0,-0.19546827060794705,0
2025-03-10 18:00:00+07:00,71.0,7.4,100.0,/dl/web/weather/ic-w-09-mist-full.svg,Huế,0.8086053066397838,0,-0.19546827060794705,0
2025-03-10 19:00:00+07:00,71.0,7.4,100.0,/dl/web/weather/ic-w-09-mist-full.svg,Huế,0.8086053066397838,0,-0.19546827060794705,0
2025-03-10 20:00:00+07:00,70.0,7.4,100.0,/dl/web/weather/ic-w-09-mist-full.svg,Huế,0.7566472968669268,0,-0.19546827060794705,0
2025-03-10 21:00:00+07:00,69.0,7.4,100.0,/dl/web/weather/ic-w-09-mist-full.svg,Huế,0.7046892870940699,0,-0.19546827060794705,0
2025-03-10 22:00:00+07:00,71.0,7.4,100.0,/dl/web/weather/ic-w-09-mist-full.svg,Huế,0.8086053066397838,0,-0.19546827060794705,0
2025-03-10 23:00:00+07:00,72.0,5.5,100.0,/dl/web/weather/ic-w-09-mist-full.svg,Huế,0.8605633164126407,0,-0.5122895230032712,0
2025-03-11 00:00:00+07:00,74.0,5.5,100.0,/dl/web/weather/ic-w-09-mist-full.svg,Huế,0.9644793359583547,0,-0.5122895230032712,0
2025-03-11 01:00:00+07:00,74.0,3.7,100.0,/dl/web/weather/ic-w-12-night-rain-full.svg,Huế,0.9644793359583547,0,-0.8124359726409468,0
2025-03-11 02:00:00+07:00,70.0,1.8,100.0,/dl/web/weather/ic-w-12-night-rain-full.svg,Huế,0.7566472968669268,0,-1.1292572250362711,0
2025-03-11 03:00:00+07:00,67.0,1.8,100.0,/dl/web/weather/ic-w-09-mist-full.svg,Huế,0.6007732675483559,0,-1.1292572250362711,0
2025-03-11 04:00:00+07:00,65.0,1.8,100.0,/dl/web/weather/ic-w-09-mist-full.svg,Huế,0.4968572480026419,0,-1.1292572250362711,0
2025-03-11 05:00:00+07:00,65.0,1.8,100.0,/dl/web/weather/ic-w-09-mist-full.svg,Huế,0.4968572480026419,0,-1.1292572250362711,0
2025-03-11 06:00:00+07:00,69.0,3.7,100.0,/dl/web/weather/ic-w-09-mist-full.svg,Huế,0.7046892870940699,0,-0.8124359726409468,0
2025-03-11 07:00:00+07:00,74.0,7.4,100.0,/dl/web/weather/ic-w-09-mist-full.svg,Huế,0.9644793359583547,0,-0.19546827060794705,0
2025-03-11 08:00:00+07:00,85.0,9.2,100.0,/dl/web/weather/ic-w-06-rain-full.svg,Huế,1.5360174434597815,0,0.10467817902972831,0
2025-03-11 09:00:00+07:00,81.0,9.2,100.0,/dl/web/weather/ic-w-09-mist-full.svg,Huế,1.3281854043683536,0,0.10467817902972831,0
2025-03-11 10:00:00+07:00,81.0,7.4,94.0,/dl/web/weather/ic-w-06-rain-full.svg,Huế,1.3281854043683536,0,-0.19546827060794705,0
2025-03-11 11:00:00+07:00,74.0,7.4,94.0,/dl/web/weather/ic-w-06-rain-full.svg,Huế,0.9644793359583547,0,-0.19546827060794705,0
2025-03-11 12:00:00+07:00,66.0,5.5,94.0,/dl/web/weather/ic-w-09-mist-full.svg,Huế,0.5488152577754989,0,-0.5122895230032712,0
2025-03-11 13:00:00+07:00,60.0,5.5,94.0,/dl/web/weather/ic-w-09-mist-full.svg,Huế,0.23706719913835705,0,-0.5122895230032712,0
2025-03-11 14:00:00+07:00,56.0,5.5,88.0,/dl/web/weather/ic-w-04-scattered-clouds-full.svg,Huế,0.02923516004692914,0,-0.5122895230032712,0
2025-03-11 15:00:00+07:00,56.0,5.5,94.0,/dl/web/weather/ic-w-04-scattered-clouds-full.svg,Huế,0.02923516004692914,0,-0.5122895230032712,0
2025-03-11 16:00:00+07:00,52.0,5.5,88.0,/dl/web/weather/ic-w-04-scattered-clouds-full.svg,Huế,-0.17859687904449875,0,-0.5122895230032712,0
2025-03-11 17:00:00+07:00,51.0,7.4,94.0,/dl/web/weather/ic-w-04-scattered-clouds-full.svg,Huế,-0.23055488881735575,0,-0.19546827060794705,0
2025-03-11 18:00:00+07:00,52.0,5.5,88.0,/dl/web/weather/ic-w-04-scattered-clouds-full.svg,Huế,-0.17859687904449875,0,-0.5122895230032712,0
2025-03-11 19:00:00+07:00,56.0,3.7,94.0,/dl/web/weather/ic-w-04-scattered-clouds-full.svg,Huế,0.02923516004692914,0,-0.8124359726409468,0
2025-03-11 20:00:00+07:00,61.0,3.7,94.0,/dl/web/weather/ic-w-06-rain-full.svg,Huế,0.289025208911214,0,-0.8124359726409468,0
2025-03-11 21:00:00+07:00,64.0,3.7,94.0,/dl/web/weather/ic-w-06-rain-full.svg,Huế,0.44489923822978494,0,-0.8124359726409468,0
2025-03-11 22:00:00+07:00,65.0,3.7,94.0,/dl/web/weather/ic-w-09-mist-full.svg,Huế,0.4968572480026419,0,-0.8124359726409468,0
2025-03-11 23:00:00+07:00,66.0,1.8,94.0,/dl/web/weather/ic-w-09-mist-full.svg,Huế,0.5488152577754989,0,-1.1292572250362711,0
2025-03-12 00:00:00+07:00,68.0,3.7,94.0,/dl/web/weather/ic-w-09-mist-full.svg,Huế,0.6527312773212128,0,-0.8124359726409468,0
2025-03-12 01:00:00+07:00,73.0,3.7,94.0,/dl/web/weather/ic-w-09-mist-full.svg,Huế,0.9125213261854977,0,-0.8124359726409468,0
2025-03-12 02:00:00+07:00,75.0,1.8,100.0,/dl/web/weather/ic-w-09-mist-full.svg,Huế,1.0164373457312117,0,-1.1292572250362711,0
2025-03-12 03:00:00+07:00,74.0,1.8,100.0,/dl/web/weather/ic-w-09-mist-full.svg,Huế,0.9644793359583547,0,-1.1292572250362711,0
2025-03-12 04:00:00+07:00,69.0,1.8,94.0,/dl/web/weather/ic-w-09-mist-full.svg,Huế,0.7046892870940699,0,-1.1292572250362711,0
2025-03-12 05:00:00+07:00,66.0,9.2,94.0,/dl/web/weather/ic-w-09-mist-full.svg,Huế,0.5488152577754989,0,0.10467817902972831,0
2025-03-12 06:00:00+07:00,65.0,5.5,94.0,/dl/web/weather/ic-w-09-mist-full.svg,Huế,0.4968572480026419,0,-0.5122895230032712,0
2025-03-12 07:00:00+07:00,66.0,3.7,94.0,/dl/web/weather/ic-w-09-mist-full.svg,Huế,0.5488152577754989,0,-0.8124359726409468,0
2025-03-12 08:00:00+07:00,67.0,9.2,100.0,/dl/web/weather/ic-w-09-mist-full.svg,Huế,0.6007732675483559,0,0.10467817902972831,0
2025-03-12 09:00:00+07:00,60.0,5.5,94.0,/dl/web/weather/ic-w-04-scattered-clouds-full.svg,Huế,0.23706719913835705,0,-0.5122895230032712,0
2025-03-12 10:00:00+07:00,60.0,5.5,94.0,/dl/web/weather/ic-w-04-scattered-clouds-full.svg,Huế,0.23706719913835705,0,-0.5122895230032712,0
2025-03-12 11:00:00+07:00,60.0,5.5,83.0,/dl/web/weather/ic-w-04-scattered-clouds-full.svg,Huế,0.23706719913835705,0,-0.5122895230032712,0
2025-03-12 12:00:00+07:00,52.0,5.5,88.0,/dl/web/weather/ic-w-04-scattered-clouds-full.svg,Huế,-0.17859687904449875,0,-0.5122895230032712,0
2025-03-12 13:00:00+07:00,54.0,7.4,83.0,/dl/web/weather/ic-w-04-scattered-clouds-full.svg,Huế,-0.07468085949878481,0,-0.19546827060794705,0
2025-03-12 14:00:00+07:00,56.0,11.1,88.0,/dl/web/weather/ic-w-04-scattered-clouds-full.svg,Huế,0.02923516004692914,0,0.42149943142505253,0
2025-03-12 15:00:00+07:00,60.0,9.2,78.0,/dl/web/weather/ic-w-04-scattered-clouds-full.svg,Huế,0.23706719913835705,0,0.10467817902972831,0
2025-03-12 16:00:00+07:00,61.0,9.2,83.0,/dl/web/weather/ic-w-04-scattered-clouds-full.svg,Huế,0.289025208911214,0,0.10467817902972831,0
2025-03-12 17:00:00+07:00,64.0,5.5,88.0,/dl/web/weather/ic-w-06-rain-full.svg,Huế,0.44489923822978494,0,-0.5122895230032712,0
2025-03-12 18:00:00+07:00,66.0,11.1,83.0,/dl/web/weather/ic-w-06-rain-full.svg,Huế,0.5488152577754989,0,0.42149943142505253,0
2025-03-12 19:00:00+07:00,67.0,7.4,94.0,/dl/web/weather/ic-w-12-night-rain-full.svg,Huế,0.6007732675483559,0,-0.19546827060794705,0
2025-03-12 20:00:00+07:00,71.0,3.7,94.0,/dl/web/weather/ic-w-12-night-rain-full.svg,Huế,0.8086053066397838,0,-0.8124359726409468,0
2025-03-12 21:00:00+07:00,73.0,3.7,94.0,/dl/web/weather/ic-w-12-night-rain-full.svg,Huế,0.9125213261854977,0,-0.8124359726409468,0
2025-03-12 22:00:00+07:00,75.0,1.8,94.0,/dl/web/weather/ic-w-09-mist-full.svg,Huế,1.0164373457312117,0,-1.1292572250362711,0
2025-03-12 23:00:00+07:00,77.0,1.8,94.0,/dl/web/weather/ic-w-12-night-rain-full.svg,Huế,1.1203533652769258,0,-1.1292572250362711,0
2025-03-13 00:00:00+07:00,82.0,1.8,94.0,/dl/web/weather/ic-w-12-night-rain-full.svg,Huế,1.3801434141412106,0,-1.1292572250362711,0
2025-03-13 01:00:00+07:00,87.0,1.8,94.0,/dl/web/weather/ic-w-09-mist-full.svg,Huế,1.6399334630054954,0,-1.1292572250362711,0
2025-03-13 02:00:00+07:00,87.0,7.4,94.0,/dl/web/weather/ic-w-09-mist-full.svg,Huế,1.6399334630054954,0,-0.19546827060794705,0
2025-03-13 03:00:00+07:00,85.0,7.4,94.0,/dl/web/weather/ic-w-09-mist-full.svg,Huế,1.5360174434597815,0,-0.19546827060794705,0
2025-03-13 04:00:00+07:00,95.0,7.4,94.0,/dl/web/weather/ic-w-09-mist-full.svg,Huế,2.055597541188351,0,-0.19546827060794705,0
2025-03-13 05:00:00+07:00,91.0,5.5,100.0,/dl/web/weather/ic-w-09-mist-full.svg,Huế,1.8477655020969233,0,-0.5122895230032712,0
2025-03-13 06:00:00+07:00,80.0,5.5,100.0,/dl/web/weather/ic-w-09-mist-full.svg,Huế,1.2762273945954965,0,-0.5122895230032712,0
2025-03-13 07:00:00+07:00,79.0,7.4,100.0,/dl/web/weather/ic-w-09-mist-full.svg,Huế,1.2242693848226396,0,-0.19546827060794705,0
2025-03-13 08:00:00+07:00,89.0,3.7,94.0,/dl/web/weather/ic-w-09-mist-full.svg,Huế,1.7438494825512094,0,-0.8124359726409468,0
2025-03-13 09:00:00+07:00,81.0,9.2,94.0,/dl/web/weather/ic-w-09-mist-full.svg,Huế,1.3281854043683536,0,0.10467817902972831,0
2025-03-13 10:00:00+07:00,81.0,11.1,88.0,/dl/web/weather/ic-w-09-mist-full.svg,Huế,1.3281854043683536,0,0.42149943142505253,0
2025-03-13 11:00:00+07:00,79.0,11.1,88.0,/dl/web/weather/ic-w-09-mist-full.svg,Huế,1.2242693848226396,0,0.42149943142505253,0
2025-03-13 12:00:00+07:00,80.0,9.2,83.0,/dl/web/weather/ic-w-06-rain-full.svg,Huế,1.2762273945954965,0,0.10467817902972831,0
2025-03-13 13:00:00+07:00,80.0,11.1,78.0,/dl/web/weather/ic-w-06-rain-full.svg,Huế,1.2762273945954965,0,0.42149943142505253,0
2025-03-13 14:00:00+07:00,77.0,11.1,83.0,/dl/web/weather/ic-w-06-rain-full.svg,Huế,1.1203533652769258,0,0.42149943142505253,0
2025-03-13 15:00:00+07:00,69.0,13.0,78.0,/dl/web/weather/ic-w-04-scattered-clouds-full.svg,Huế,0.7046892870940699,0,0.7383206838203767,0
2025-03-13 16:00:00+07:00,63.0,13.0,89.0,/dl/web/weather/ic-w-04-scattered-clouds-full.svg,Huế,0.39294122845692797,0,0.7383206838203767,0
2025-03-13 17:00:00+07:00,63.0,7.4,89.0,/dl/web/weather/ic-w-04-scattered-clouds-full.svg,Huế,0.39294122845692797,0,-0.19546827060794705,0
2025-03-13 18:00:00+07:00,62.0,1.8,83.0,/dl/web/weather/ic-w-04-scattered-clouds-full.svg,Huế,0.340983218684071,0,-1.1292572250362711,0
2025-03-13 19:00:00+07:00,66.0,3.7,89.0,/dl/web/weather/ic-w-04-scattered-clouds-full.svg,Huế,0.5488152577754989,0,-0.8124359726409468,0
2025-03-13 20:00:00+07:00,70.0,5.5,88.0,/dl/web/weather/ic-w-04-scattered-clouds-full.svg,Huế,0.7566472968669268,0,-0.5122895230032712,0
2025-03-13 21:00:00+07:00,78.0,5.5,88.0,/dl/web/weather/ic-w-04-scattered-clouds-full.svg,Huế,1.1723113750497827,0,-0.5122895230032712,0
2025-03-13 22:00:00+07:00,73.0,3.7,94.0,/dl/web/weather/ic-w-04-scattered-clouds-full.svg,Huế,0.9125213261854977,0,-0.8124359726409468,0
2025-03-13 23:00:00+07:00,68.0,3.7,94.0,/dl/web/weather/ic-w-04-scattered-clouds-full.svg,Huế,0.6527312773212128,0,-0.8124359726409468,0
2025-03-14 00:00:00+07:00,62.0,3.7,94.0,/dl/web/weather/ic-w-11-night-few-clouds-full.svg,Huế,0.340983218684071,0,-0.8124359726409468,0
2025-03-14 01:00:00+07:00,68.0,3.4,93.0,/dl/web/weather/ic-w-04-scattered-clouds-full.svg,Huế,0.6527312773212128,0,-0.8624603809138927,0
2025-03-14 02:00:00+07:00,77.0,2.7,93.0,/dl/web/weather/ic-w-04-scattered-clouds-full.svg,Huế,1.1203533652769258,0,-0.9791840002174332,0
2025-03-14 03:00:00+07:00,82.0,2.7,93.0,/dl/web/weather/ic-w-04-scattered-clouds-full.svg,Huế,1.3801434141412106,0,-0.9791840002174332,0
2025-03-14 04:00:00+07:00,88.0,3.9,92.0,/dl/web/weather/ic-w-04-scattered-clouds-full.svg,Huế,1.6918914727783523,0,-0.7790863671256495,0
2025-03-14 05:00:00+07:00,88.0,4.7,93.0,/dl/web/weather/ic-w-04-scattered-clouds-full.svg,Huế,1.6918914727783523,0,-0.6456879450644604,0
2025-03-14 06:00:00+07:00,84.0,6.0,93.0,/dl/web/weather/ic-w-04-scattered-clouds-full.svg,Huế,1.4840594336869244,0,-0.4289155092150281,0
2025-03-14 07:00:00+07:00,81.0,2.9,88.0,/dl/web/weather/ic-w-04-scattered-clouds-full.svg,Huế,1.3281854043683536,0,-0.9458343947021359,0
2025-03-14 08:00:00+07:00,69.0,2.4,78.0,/dl/web/weather/ic-w-04-scattered-clouds-full.svg,Huế,0.7046892870940699,0,-1.0292084084903792,0
2025-03-14 09:00:00+07:00,63.0,1.6,69.0,/dl/web/weather/ic-w-04-scattered-clouds-full.svg,Huế,0.39294122845692797,0,-1.1626068305515684,0
2025-03-14 10:00:00+07:00,63.0,4.0,62.0,/dl/web/weather/ic-w-04-scattered-clouds-full.svg,Huế,0.39294122845692797,0,-0.762411564368001,0
2025-03-14 11:00:00+07:00,61.0,4.0,62.0,/dl/web/weather/ic-w-04-scattered-clouds-full.svg,Huế,0.289025208911214,0,-0.762411564368001,0
2025-03-14 12:00:00+07:00,58.0,8.7,61.0,/dl/web/weather/ic-w-04-scattered-clouds-full.svg,Huế,0.13315117959264308,0,0.02130416524148511,0
2025-03-14 13:00:00+07:00,61.0,12.6,64.0,/dl/web/weather/ic-w-04-scattered-clouds-full.svg,Huế,0.289025208911214,0,0.6716214727897821,0
2025-03-14 14:00:00+07:00,60.0,12.4,68.0,/dl/web/weather/ic-w-04-scattered-clouds-full.svg,Huế,0.23706719913835705,0,0.638271867274485,0
2025-03-14 15:00:00+07:00,58.0,13.4,69.0,/dl/web/weather/ic-w-02-new-clouds-full.svg,Huế,0.13315117959264308,0,0.8050198948509714,0
2025-03-14 16:00:00+07:00,56.0,13.8,71.0,/dl/web/weather/ic-w-04-scattered-clouds-full.svg,Huế,0.02923516004692914,0,0.8717191058815661,0
2025-03-14 17:00:00+07:00,57.0,12.9,71.0,/dl/web/weather/ic-w-06-rain-full.svg,Huế,0.08119316981978612,0,0.7216458810627282,0
2025-03-14 18:00:00+07:00,59.0,8.7,76.0,/dl/web/weather/ic-w-04-scattered-clouds-full.svg,Huế,0.18510918936550008,0,0.02130416524148511,0
2025-03-14 19:00:00+07:00,61.0,6.9,87.0,/dl/web/weather/ic-w-04-scattered-clouds-full.svg,Huế,0.289025208911214,0,-0.27884228439619024,0
2025-03-14 20:00:00+07:00,62.0,5.5,94.0,/dl/web/weather/ic-w-04-scattered-clouds-full.svg,Huế,0.340983218684071,0,-0.5122895230032712,0
2025-03-14 21:00:00+07:00,63.0,5.5,94.0,/dl/web/weather/ic-w-04-scattered-clouds-full.svg,Huế,0.39294122845692797,0,-0.5122895230032712,0
2025-03-14 22:00:00+07:00,64.0,1.8,94.0,/dl/web/weather/ic-w-04-scattered-clouds-full.svg,Huế,0.44489923822978494,0,-1.1292572250362711,0
2025-03-14 23:00:00+07:00,67.0,1.8,88.0,/dl/web/weather/ic-w-04-scattered-clouds-full.svg,Huế,0.6007732675483559,0,-1.1292572250362711,0
2025-03-15 00:00:00+07:00,74.0,1.8,94.0,/dl/web/weather/ic-w-04-scattered-clouds-full.svg,Huế,0.9644793359583547,0,-1.1292572250362711,0
2025-03-15 01:00:00+07:00,73.0,3.7,94.0,/dl/web/weather/ic-w-04-scattered-clouds-full.svg,Huế,0.9125213261854977,0,-0.8124359726409468,0
2025-03-15 02:00:00+07:00,70.0,5.5,88.0,/dl/web/weather/ic-w-04-scattered-clouds-full.svg,Huế,0.7566472968669268,0,-0.5122895230032712,0
2025-03-15 04:00:00+07:00,60.0,5.5,88.0,/dl/web/weather/ic-w-04-scattered-clouds-full.svg,Huế,0.23706719913835705,0,-0.5122895230032712,0
2025-03-15 05:00:00+07:00,56.0,5.5,83.0,/dl/web/weather/ic-w-04-scattered-clouds-full.svg,Huế,0.02923516004692914,0,-0.5122895230032712,0
2025-03-15 06:00:00+07:00,54.0,1.8,83.0,/dl/web/weather/ic-w-04-scattered-clouds-full.svg,Huế,-0.07468085949878481,0,-1.1292572250362711,0
2025-03-15 07:00:00+07:00,55.0,7.4,88.0,/dl/web/weather/ic-w-04-scattered-clouds-full.svg,Huế,-0.022722849725927835,0,-0.19546827060794705,0
2025-03-15 08:00:00+07:00,60.0,3.7,78.0,/dl/web/weather/ic-w-02-new-clouds-full.svg,Huế,0.23706719913835705,0,-0.8124359726409468,0
2025-03-15 09:00:00+07:00,58.0,3.7,69.0,/dl/web/weather/ic-w-02-new-clouds-full.svg,Huế,0.13315117959264308,0,-0.8124359726409468,0
2025-03-15 10:00:00+07:00,58.0,6.6,59.0,/dl/web/weather/ic-w-04-scattered-clouds-full.svg,Huế,0.13315117959264308,0,-0.3288666926691363,0
2025-03-15 11:00:00+07:00,56.0,6.6,59.0,/dl/web/weather/ic-w-04-scattered-clouds-full.svg,Huế,0.02923516004692914,0,-0.3288666926691363,0
2025-03-15 12:00:00+07:00,55.0,5.5,70.0,/dl/web/weather/ic-w-02-new-clouds-full.svg,Huế,-0.022722849725927835,0,-0.5122895230032712,0
2025-03-15 13:00:00+07:00,58.0,11.1,58.0,/dl/web/weather/ic-w-02-new-clouds-full.svg,Huế,0.13315117959264308,0,0.42149943142505253,0
2025-03-15 14:00:00+07:00,58.0,14.8,70.0,/dl/web/weather/ic-w-02-new-clouds-full.svg,Huế,0.13315117959264308,0,1.0384671334580524,0
2025-03-15 15:00:00+07:00,56.0,11.1,74.0,/dl/web/weather/ic-w-02-new-clouds-full.svg,Huế,0.02923516004692914,0,0.42149943142505253,0
2025-03-15 16:00:00+07:00,54.0,11.1,74.0,/dl/web/weather/ic-w-02-new-clouds-full.svg,Huế,-0.07468085949878481,0,0.42149943142505253,0
2025-03-15 17:00:00+07:00,56.0,11.1,76.0,/dl/web/weather/ic-w-02-new-clouds-full.svg,Huế,0.02923516004692914,0,0.42149943142505253,0
2025-03-15 18:00:00+07:00,57.0,11.1,78.0,/dl/web/weather/ic-w-02-new-clouds-full.svg,Huế,0.08119316981978612,0,0.42149943142505253,0
2025-03-15 19:00:00+07:00,65.0,9.2,83.0,/dl/web/weather/ic-w-11-night-few-clouds-full.svg,Huế,0.4968572480026419,0,0.10467817902972831,0
2025-03-15 20:00:00+07:00,68.0,1.8,88.0,/dl/web/weather/ic-w-04-scattered-clouds-full.svg,Huế,0.6527312773212128,0,-1.1292572250362711,0
2025-03-15 21:00:00+07:00,71.0,1.8,88.0,/dl/web/weather/ic-w-04-scattered-clouds-full.svg,Huế,0.8086053066397838,0,-1.1292572250362711,0
2025-03-15 22:00:00+07:00,76.0,7.4,88.0,/dl/web/weather/ic-w-04-scattered-clouds-full.svg,Huế,1.0683953555040686,0,-0.19546827060794705,0
2025-03-15 23:00:00+07:00,76.0,11.1,100.0,/dl/web/weather/ic-w-09-mist-full.svg,Huế,1.0683953555040686,0,0.42149943142505253,0
2025-03-16 00:00:00+07:00,76.0,14.8,100.0,/dl/web/weather/ic-w-09-mist-full.svg,Huế,1.0683953555040686,0,1.0384671334580524,0
2025-03-16 01:00:00+07:00,76.0,13.0,94.0,/dl/web/weather/ic-w-09-mist-full.svg,Huế,1.0683953555040686,0,0.7383206838203767,0
2025-03-16 03:00:00+07:00,76.0,9.2,94.0,/dl/web/weather/ic-w-04-scattered-clouds-full.svg,Huế,1.0683953555040686,0,0.10467817902972831,0
2025-03-16 04:00:00+07:00,76.0,9.2,94.0,/dl/web/weather/ic-w-04-scattered-clouds-full.svg,Huế,1.0683953555040686,0,0.10467817902972831,0
2025-03-16 05:00:00+07:00,63.0,13.0,94.0,/dl/web/weather/ic-w-04-scattered-clouds-full.svg,Huế,0.39294122845692797,0,0.7383206838203767,0
2025-03-16 06:00:00+07:00,72.0,11.1,94.0,/dl/web/weather/ic-w-12-night-rain-full.svg,Huế,0.8605633164126407,0,0.42149943142505253,0
2025-03-16 07:00:00+07:00,72.0,11.1,94.0,/dl/web/weather/ic-w-09-mist-full.svg,Huế,0.8605633164126407,0,0.42149943142505253,0
2025-03-16 08:00:00+07:00,73.0,14.8,94.0,/dl/web/weather/ic-w-06-rain-full.svg,Huế,0.9125213261854977,0,1.0384671334580524,0
2025-03-16 09:00:00+07:00,70.0,16.7,94.0,/dl/web/weather/ic-w-09-mist-full.svg,Huế,0.7566472968669268,0,1.3552883858533764,0
2025-03-16 10:00:00+07:00,70.0,24.1,94.0,/dl/web/weather/ic-w-04-scattered-clouds-full.svg,Huế,0.7566472968669268,0,2.589223789919376,0
2025-03-16 11:00:00+07:00,56.0,24.1,94.0,/dl/web/weather/ic-w-04-scattered-clouds-full.svg,Huế,0.02923516004692914,0,2.589223789919376,0
2025-03-16 12:00:00+07:00,43.0,27.8,94.0,/dl/web/weather/ic-w-09-mist-full.svg,Huế,-0.6462189670002115,0,3.206191491952376,-1
2025-03-16 13:00:00+07:00,31.0,25.9,100.0,/dl/web/weather/ic-w-04-scattered-clouds-full.svg,Huế,-1.2697150842744953,0,2.889370239557051,0
2025-03-16 14:00:00+07:00,31.0,24.1,94.0,/dl/web/weather/ic-w-09-mist-full.svg,Huế,-1.2697150842744953,0,2.589223789919376,0
2025-03-16 15:00:00+07:00,31.0,20.4,100.0,/dl/web/weather/ic-w-09-mist-full.svg,Huế,-1.2697150842744953,0,1.972256087886376,0
2025-03-16 16:00:00+07:00,31.0,18.5,100.0,/dl/web/weather/ic-w-09-mist-full.svg,Huế,-1.2697150842744953,0,1.655434835491052,0
2025-03-16 17:00:00+07:00,31.0,18.5,94.0,/dl/web/weather/ic-w-09-mist-full.svg,Huế,-1.2697150842744953,0,1.655434835491052,0
2025-03-16 18:00:00+07:00,31.0,13.0,94.0,/dl/web/weather/ic-w-09-mist-full.svg,Huế,-1.2697150842744953,0,0.7383206838203767,0
2025-03-16 19:00:00+07:00,31.0,13.0,100.0,/dl/web/weather/ic-w-09-mist-full.svg,Huế,-1.2697150842744953,0,0.7383206838203767,0
2025-03-16 20:00:00+07:00,31.0,11.1,100.0,/dl/web/weather/ic-w-09-mist-full.svg,Huế,-1.2697150842744953,0,0.42149943142505253,0
2025-03-16 21:00:00+07:00,31.0,11.1,100.0,/dl/web/weather/ic-w-09-mist-full.svg,Huế,-1.2697150842744953,0,0.42149943142505253,0
2025-03-16 22:00:00+07:00,41.0,11.1,94.0,/dl/web/weather/ic-w-09-mist-full.svg,Huế,-0.7501349865459255,0,0.42149943142505253,0
2025-03-16 23:00:00+07:00,51.0,9.2,94.0,/dl/web/weather/ic-w-04-scattered-clouds-full.svg,Huế,-0.23055488881735575,0,0.10467817902972831,0
2025-03-17 00:00:00+07:00,53.0,7.4,94.0,/dl/web/weather/ic-w-04-scattered-clouds-full.svg,Huế,-0.12663886927164178,0,-0.19546827060794705,0
2025-03-17 01:00:00+07:00,53.0,7.4,94.0,/dl/web/weather/ic-w-04-scattered-clouds-full.svg,Huế,-0.12663886927164178,0,-0.19546827060794705,0
2025-03-17 02:00:00+07:00,54.0,7.4,94.0,/dl/web/weather/ic-w-04-scattered-clouds-full.svg,Huế,-0.07468085949878481,0,-0.19546827060794705,0
2025-03-17 03:00:00+07:00,54.0,9.2,94.0,/dl/web/weather/ic-w-04-scattered-clouds-full.svg,Huế,-0.07468085949878481,0,0.10467817902972831,0
2025-03-17 04:00:00+07:00,53.0,9.2,94.0,/dl/web/weather/ic-w-04-scattered-clouds-full.svg,Huế,-0.12663886927164178,0,0.10467817902972831,0
2025-03-17 06:00:00+07:00,53.0,9.2,94.0,/dl/web/weather/ic-w-04-scattered-clouds-full.svg,Huế,-0.12663886927164178,0,0.10467817902972831,0
2025-03-17 07:00:00+07:00,53.0,11.1,94.0,/dl/web/weather/ic-w-09-mist-full.svg,Huế,-0.12663886927164178,0,0.42149943142505253,0
2025-03-17 08:00:00+07:00,31.0,13.0,94.0,/dl/web/weather/ic-w-09-mist-full.svg,Huế,-1.2697150842744953,0,0.7383206838203767,0
2025-03-17 09:00:00+07:00,33.0,16.7,94.0,/dl/web/weather/ic-w-04-scattered-clouds-full.svg,Huế,-1.1657990647287813,0,1.3552883858533764,0
2025-03-17 10:00:00+07:00,33.0,14.8,94.0,/dl/web/weather/ic-w-04-scattered-clouds-full.svg,Huế,-1.1657990647287813,0,1.0384671334580524,0
2025-03-17 11:00:00+07:00,34.0,14.8,94.0,/dl/web/weather/ic-w-04-scattered-clouds-full.svg,Huế,-1.1138410549559243,0,1.0384671334580524,0
2025-03-17 12:00:00+07:00,36.0,13.0,88.0,/dl/web/weather/ic-w-04-scattered-clouds-full.svg,Huế,-1.0099250354102103,0,0.7383206838203767,0
2025-03-17 13:00:00+07:00,36.0,13.0,88.0,/dl/web/weather/ic-w-04-scattered-clouds-full.svg,Huế,-1.0099250354102103,0,0.7383206838203767,0
2025-03-17 14:00:00+07:00,39.0,16.7,88.0,/dl/web/weather/ic-w-04-scattered-clouds-full.svg,Huế,-0.8540510060916394,0,1.3552883858533764,0
2025-03-17 15:00:00+07:00,38.0,16.7,94.0,/dl/web/weather/ic-w-09-mist-full.svg,Huế,-0.9060090158644964,0,1.3552883858533764,0
2025-03-17 16:00:00+07:00,33.0,20.4,94.0,/dl/web/weather/ic-w-09-mist-full.svg,Huế,-1.1657990647287813,0,1.972256087886376,0
2025-03-17 17:00:00+07:00,31.0,16.7,94.0,/dl/web/weather/ic-w-04-scattered-clouds-full.svg,Huế,-1.2697150842744953,0,1.3552883858533764,0
2025-03-17 18:00:00+07:00,32.0,13.0,94.0,/dl/web/weather/ic-w-04-scattered-clouds-full.svg,Huế,-1.2177570745016384,0,0.7383206838203767,0
2025-03-17 19:00:00+07:00,41.0,13.0,88.0,/dl/web/weather/ic-w-04-scattered-clouds-full.svg,Huế,-0.7501349865459255,0,0.7383206838203767,0
2025-03-17 20:00:00+07:00,48.0,11.1,88.0,/dl/web/weather/ic-w-04-scattered-clouds-full.svg,Huế,-0.38642891813592667,0,0.42149943142505253,0
2025-03-17 21:00:00+07:00,49.0,11.1,88.0,/dl/web/weather/ic-w-04-scattered-clouds-full.svg,Huế,-0.3344709083630697,0,0.42149943142505253,0
2025-03-17 22:00:00+07:00,48.0,11.1,88.0,/dl/web/weather/ic-w-04-scattered-clouds-full.svg,Huế,-0.38642891813592667,0,0.42149943142505253,0
2025-03-17 23:00:00+07:00,43.0,13.0,88.0,/dl/web/weather/ic-w-04-scattered-clouds-full.svg,Huế,-0.6462189670002115,0,0.7383206838203767,0
2025-03-18 00:00:00+07:00,36.0,9.2,88.0,/dl/web/weather/ic-w-04-scattered-clouds-full.svg,Huế,-1.0099250354102103,0,0.10467817902972831,0
2025-03-18 01:00:00+07:00,31.0,9.2,88.0,/dl/web/weather/ic-w-04-scattered-clouds-full.svg,Huế,-1.2697150842744953,0,0.10467817902972831,0
2025-03-18 02:00:00+07:00,31.0,13.0,100.0,/dl/web/weather/ic-w-09-mist-full.svg,Huế,-1.2697150842744953,0,0.7383206838203767,0
2025-03-18 03:00:00+07:00,31.0,11.1,100.0,/dl/web/weather/ic-w-09-mist-full.svg,Huế,-1.2697150842744953,0,0.42149943142505253,0
2025-03-18 04:00:00+07:00,31.0,11.1,94.0,/dl/web/weather/ic-w-09-mist-full.svg,Huế,-1.2697150842744953,0,0.42149943142505253,0
2025-03-18 05:00:00+07:00,30.0,13.0,77.0,/dl/web/weather/ic-w-09-mist-full.svg,Huế,-1.3216730940473522,0,0.7383206838203767,0
2025-03-18 06:00:00+07:00,31.0,14.8,94.0,/dl/web/weather/ic-w-04-scattered-clouds-full.svg,Huế,-1.2697150842744953,0,1.0384671334580524,0
2025-03-18 07:00:00+07:00,31.0,14.8,94.0,/dl/web/weather/ic-w-09-mist-full.svg,Huế,-1.2697150842744953,0,1.0384671334580524,0
2025-03-18 08:00:00+07:00,31.0,14.8,100.0,/dl/web/weather/ic-w-09-mist-full.svg,Huế,-1.2697150842744953,0,1.0384671334580524,0
2025-03-18 09:00:00+07:00,31.0,16.7,100.0,/dl/web/weather/ic-w-09-mist-full.svg,Huế,-1.2697150842744953,0,1.3552883858533764,0
2025-03-18 10:00:00+07:00,31.0,18.5,100.0,/dl/web/weather/ic-w-09-mist-full.svg,Huế,-1.2697150842744953,0,1.655434835491052,0
2025-03-18 11:00:00+07:00,31.0,18.5,100.0,/dl/web/weather/ic-w-09-mist-full.svg,Huế,-1.2697150842744953,0,1.655434835491052,0
2025-03-18 12:00:00+07:00,31.0,14.8,94.0,/dl/web/weather/ic-w-09-mist-full.svg,Huế,-1.2697150842744953,0,1.0384671334580524,0
2025-03-18 13:00:00+07:00,31.0,16.7,94.0,/dl/web/weather/ic-w-09-mist-full.svg,Huế,-1.2697150842744953,0,1.3552883858533764,0
2025-03-18 14:00:00+07:00,30.0,14.8,94.0,/dl/web/weather/ic-w-09-mist-full.svg,Huế,-1.3216730940473522,0,1.0384671334580524,0
2025-03-18 15:00:00+07:00,31.0,16.7,100.0,/dl/web/weather/ic-w-09-mist-full.svg,Huế,-1.2697150842744953,0,1.3552883858533764,0
2025-03-18 17:00:00+07:00,46.0,14.8,100.0,/dl/web/weather/ic-w-09-mist-full.svg,Huế,-0.4903449376816406,0,1.0384671334580524,0
2025-03-18 18:00:00+07:00,53.0,16.7,94.0,/dl/web/weather/ic-w-09-mist-full.svg,Huế,-0.12663886927164178,0,1.3552883858533764,0
2025-03-18 19:00:00+07:00,56.0,13.0,100.0,/dl/web/weather/ic-w-09-mist-full.svg,Huế,0.02923516004692914,0,0.7383206838203767,0
2025-03-18 20:00:00+07:00,56.0,13.0,94.0,/dl/web/weather/ic-w-09-mist-full.svg,Huế,0.02923516004692914,0,0.7383206838203767,0
2025-03-18 21:00:00+07:00,56.0,13.0,94.0,/dl/web/weather/ic-w-09-mist-full.svg,Huế,0.02923516004692914,0,0.7383206838203767,0
2025-03-18 22:00:00+07:00,55.0,14.8,94.0,/dl/web/weather/ic-w-09-mist-full.svg,Huế,-0.022722849725927835,0,1.0384671334580524,0
2025-03-18 23:00:00+07:00,54.0,9.2,100.0,/dl/web/weather/ic-w-09-mist-full.svg,Huế,-0.07468085949878481,0,0.10467817902972831,0
2025-03-19 00:00:00+07:00,51.0,14.8,100.0,/dl/web/weather/ic-w-09-mist-full.svg,Huế,-0.23055488881735575,0,1.0384671334580524,0
2025-03-19 01:00:00+07:00,53.0,16.7,100.0,/dl/web/weather/ic-w-09-mist-full.svg,Huế,-0.12663886927164178,0,1.3552883858533764,0
2025-03-19 02:00:00+07:00,53.0,14.8,100.0,/dl/web/weather/ic-w-09-mist-full.svg,Huế,-0.12663886927164178,0,1.0384671334580524,0
2025-03-19 03:00:00+07:00,54.0,16.7,94.0,/dl/web/weather/ic-w-09-mist-full.svg,Huế,-0.07468085949878481,0,1.3552883858533764,0
2025-03-19 04:00:00+07:00,58.0,16.7,94.0,/dl/web/weather/ic-w-09-mist-full.svg,Huế,0.13315117959264308,0,1.3552883858533764,0
2025-03-19 05:00:00+07:00,61.0,18.5,100.0,/dl/web/weather/ic-w-09-mist-full.svg,Huế,0.289025208911214,0,1.655434835491052,0
2025-03-19 06:00:00+07:00,62.0,18.5,100.0,/dl/web/weather/ic-w-09-mist-full.svg,Huế,0.340983218684071,0,1.655434835491052,0
2025-03-19 07:00:00+07:00,63.0,18.5,100.0,/dl/web/weather/ic-w-09-mist-full.svg,Huế,0.39294122845692797,0,1.655434835491052,0
2025-03-19 08:00:00+07:00,66.0,18.5,100.0,/dl/web/weather/ic-w-09-mist-full.svg,Huế,0.5488152577754989,0,1.655434835491052,0
2025-03-19 09:00:00+07:00,68.0,13.0,94.0,/dl/web/weather/ic-w-09-mist-full.svg,Huế,0.6527312773212128,0,0.7383206838203767,0
2025-03-19 10:00:00+07:00,68.0,16.7,94.0,/dl/web/weather/ic-w-09-mist-full.svg,Huế,0.6527312773212128,0,1.3552883858533764,0
2025-03-19 11:00:00+07:00,70.0,16.7,94.0,/dl/web/weather/ic-w-09-mist-full.svg,Huế,0.7566472968669268,0,1.3552883858533764,0
2025-03-19 12:00:00+07:00,71.0,11.1,94.0,/dl/web/weather/ic-w-09-mist-full.svg,Huế,0.8086053066397838,0,0.42149943142505253,0
2025-03-19 13:00:00+07:00,71.0,16.7,94.0,/dl/web/weather/ic-w-09-mist-full.svg,Huế,0.8086053066397838,0,1.3552883858533764,0
2025-03-19 14:00:00+07:00,70.0,11.1,94.0,/dl/web/weather/ic-w-09-mist-full.svg,Huế,0.7566472968669268,0,0.42149943142505253,0
2025-03-19 15:00:00+07:00,73.0,14.8,94.0,/dl/web/weather/ic-w-04-scattered-clouds-full.svg,Huế,0.9125213261854977,0,1.0384671334580524,0
2025-03-19 16:00:00+07:00,78.0,16.7,94.0,/dl/web/weather/ic-w-09-mist-full.svg,Huế,1.1723113750497827,0,1.3552883858533764,0
2025-03-19 17:00:00+07:00,86.0,14.8,94.0,/dl/web/weather/ic-w-09-mist-full.svg,Huế,1.5879754532326384,0,1.0384671334580524,0
2025-03-19 18:00:00+07:00,95.0,13.0,94.0,/dl/web/weather/ic-w-09-mist-full.svg,Huế,2.055597541188351,0,0.7383206838203767,0
2025-03-19 19:00:00+07:00,99.0,14.8,94.0,/dl/web/weather/ic-w-09-mist-full.svg,Huế,2.2634295802797793,0,1.0384671334580524,0
2025-03-19 20:00:00+07:00,99.0,7.4,94.0,/dl/web/weather/ic-w-04-scattered-clouds-full.svg,Huế,2.2634295802797793,0,-0.19546827060794705,0
2025-03-19 21:00:00+07:00,93.0,7.4,94.0,/dl/web/weather/ic-w-04-scattered-clouds-full.svg,Huế,1.9516815216426373,0,-0.19546827060794705,0
2025-03-19 22:00:00+07:00,87.0,7.4,94.0,/dl/web/weather/ic-w-04-scattered-clouds-full.svg,Huế,1.6399334630054954,0,-0.19546827060794705,0
2025-03-19 23:00:00+07:00,82.0,9.2,88.0,/dl/web/weather/ic-w-04-scattered-clouds-full.svg,Huế,1.3801434141412106,0,0.10467817902972831,0
2025-03-20 00:00:00+07:00,78.0,11.1,88.0,/dl/web/weather/ic-w-04-scattered-clouds-full.svg,Huế,1.1723113750497827,0,0.42149943142505253,0
2025-03-20 01:00:00+07:00,74.0,5.5,88.0,/dl/web/weather/ic-w-04-scattered-clouds-full.svg,Huế,0.9644793359583547,0,-0.5122895230032712,0
2025-03-20 02:00:00+07:00,70.0,5.5,88.0,/dl/web/weather/ic-w-04-scattered-clouds-full.svg,Huế,0.7566472968669268,0,-0.5122895230032712,0
2025-03-20 04:00:00+07:00,63.0,7.4,88.0,/dl/web/weather/ic-w-04-scattered-clouds-full.svg,Huế,0.39294122845692797,0,-0.19546827060794705,0
2025-03-20 05:00:00+07:00,63.0,5.5,94.0,/dl/web/weather/ic-w-04-scattered-clouds-full.svg,Huế,0.39294122845692797,0,-0.5122895230032712,0
2025-03-20 06:00:00+07:00,60.0,3.7,82.0,/dl/web/weather/ic-w-04-scattered-clouds-full.svg,Huế,0.23706719913835705,0,-0.8124359726409468,0
2025-03-20 07:00:00+07:00,63.0,1.8,94.0,/dl/web/weather/ic-w-04-scattered-clouds-full.svg,Huế,0.39294122845692797,0,-1.1292572250362711,0
2025-03-20 08:00:00+07:00,68.0,13.0,94.0,/dl/web/weather/ic-w-09-mist-full.svg,Huế,0.6527312773212128,0,0.7383206838203767,0
2025-03-20 09:00:00+07:00,74.0,9.2,94.0,/dl/web/weather/ic-w-09-mist-full.svg,Huế,0.9644793359583547,0,0.10467817902972831,0
2025-03-20 10:00:00+07:00,74.0,5.5,88.0,/dl/web/weather/ic-w-09-mist-full.svg,Huế,0.9644793359583547,0,-0.5122895230032712,0
2025-03-20 11:00:00+07:00,73.0,5.5,88.0,/dl/web/weather/ic-w-09-mist-full.svg,Huế,0.9125213261854977,0,-0.5122895230032712,0
2025-03-20 12:00:00+07:00,73.0,9.2,88.0,/dl/web/weather/ic-w-04-scattered-clouds-full.svg,Huế,0.9125213261854977,0,0.10467817902972831,0
2025-03-20 13:00:00+07:00,71.0,5.5,82.0,/dl/web/weather/ic-w-04-scattered-clouds-full.svg,Huế,0.8086053066397838,0,-0.5122895230032712,0
2025-03-20 14:00:00+07:00,70.0,11.1,94.0,/dl/web/weather/ic-w-09-mist-full.svg,Huế,0.7566472968669268,0,0.42149943142505253,0
2025-03-20 15:00:00+07:00,70.0,7.4,88.0,/dl/web/weather/ic-w-09-mist-full.svg,Huế,0.7566472968669268,0,-0.19546827060794705,0
2025-03-20 16:00:00+07:00,66.0,5.5,94.0,/dl/web/weather/ic-w-09-mist-full.svg,Huế,0.5488152577754989,0,-0.5122895230032712,0
2025-03-20 17:00:00+07:00,69.0,9.2,94.0,/dl/web/weather/ic-w-09-mist-full.svg,Huế,0.7046892870940699,0,0.10467817902972831,0
2025-03-20 18:00:00+07:00,70.0,7.4,94.0,/dl/web/weather/ic-w-09-mist-full.svg,Huế,0.7566472968669268,0,-0.19546827060794705,0
2025-03-20 19:00:00+07:00,70.0,7.4,94.0,/dl/web/weather/ic-w-04-scattered-clouds-full.svg,Huế,0.7566472968669268,0,-0.19546827060794705,0
2025-03-20 20:00:00+07:00,70.0,3.7,94.0,/dl/web/weather/ic-w-04-scattered-clouds-full.svg,Huế,0.7566472968669268,0,-0.8124359726409468,0
2025-03-20 21:00:00+07:00,69.0,3.7,94.0,/dl/web/weather/ic-w-04-scattered-clouds-full.svg,Huế,0.7046892870940699,0,-0.8124359726409468,0
2025-03-20 22:00:00+07:00,69.0,3.7,94.0,/dl/web/weather/ic-w-04-scattered-clouds-full.svg,Huế,0.7046892870940699,0,-0.8124359726409468,0
2025-03-20 23:00:00+07:00,66.0,5.5,94.0,/dl/web/weather/ic-w-04-scattered-clouds-full.svg,Huế,0.5488152577754989,0,-0.5122895230032712,0
2025-03-21 00:00:00+07:00,66.0,7.4,94.0,/dl/web/weather/ic-w-04-scattered-clouds-full.svg,Huế,0.5488152577754989,0,-0.19546827060794705,0
2025-03-21 01:00:00+07:00,66.0,5.5,94.0,/dl/web/weather/ic-w-04-scattered-clouds-full.svg,Huế,0.5488152577754989,0,-0.5122895230032712,0
2025-03-21 02:00:00+07:00,61.0,3.7,94.0,/dl/web/weather/ic-w-04-scattered-clouds-full.svg,Huế,0.289025208911214,0,-0.8124359726409468,0
2025-03-21 03:00:00+07:00,59.0,3.7,100.0,/dl/web/weather/ic-w-04-scattered-clouds-full.svg,Huế,0.18510918936550008,0,-0.8124359726409468,0
2025-03-21 04:00:00+07:00,57.0,5.5,94.0,/dl/web/weather/ic-w-04-scattered-clouds-full.svg,Huế,0.08119316981978612,0,-0.5122895230032712,0
2025-03-21 05:00:00+07:00,57.0,5.5,88.0,/dl/web/weather/ic-w-04-scattered-clouds-full.svg,Huế,0.08119316981978612,0,-0.5122895230032712,0
2025-03-21 06:00:00+07:00,61.0,5.5,94.0,/dl/web/weather/ic-w-04-scattered-clouds-full.svg,Huế,0.289025208911214,0,-0.5122895230032712,0
2025-03-21 08:00:00+07:00,86.0,3.7,100.0,/dl/web/weather/ic-w-09-mist-full.svg,Huế,1.5879754532326384,0,-0.8124359726409468,0
2025-03-21 09:00:00+07:00,86.0,5.5,94.0,/dl/web/weather/ic-w-09-mist-full.svg,Huế,1.5879754532326384,0,-0.5122895230032712,0
2025-03-21 10:00:00+07:00,86.0,5.5,88.0,/dl/web/weather/ic-w-04-scattered-clouds-full.svg,Huế,1.5879754532326384,0,-0.5122895230032712,0
2025-03-21 11:00:00+07:00,78.0,5.5,88.0,/dl/web/weather/ic-w-04-scattered-clouds-full.svg,Huế,1.1723113750497827,0,-0.5122895230032712,0
2025-03-21 12:00:00+07:00,76.0,7.4,83.0,/dl/web/weather/ic-w-04-scattered-clouds-full.svg,Huế,1.0683953555040686,0,-0.19546827060794705,0
2025-03-21 13:00:00+07:00,72.0,5.5,73.0,/dl/web/weather/ic-w-04-scattered-clouds-full.svg,Huế,0.8605633164126407,0,-0.5122895230032712,0
2025-03-21 14:00:00+07:00,66.0,14.8,78.0,/dl/web/weather/ic-w-04-scattered-clouds-full.svg,Huế,0.5488152577754989,0,1.0384671334580524,0
2025-03-21 15:00:00+07:00,66.0,11.1,78.0,/dl/web/weather/ic-w-04-scattered-clouds-full.svg,Huế,0.5488152577754989,0,0.42149943142505253,0
2025-03-21 16:00:00+07:00,67.0,9.2,73.0,/dl/web/weather/ic-w-04-scattered-clouds-full.svg,Huế,0.6007732675483559,0,0.10467817902972831,0
2025-03-21 17:00:00+07:00,65.0,11.1,68.0,/dl/web/weather/ic-w-04-scattered-clouds-full.svg,Huế,0.4968572480026419,0,0.42149943142505253,0
2025-03-21 18:00:00+07:00,68.0,11.1,73.0,/dl/web/weather/ic-w-04-scattered-clouds-full.svg,Huế,0.6527312773212128,0,0.42149943142505253,0
2025-03-21 19:00:00+07:00,79.0,9.2,83.0,/dl/web/weather/ic-w-04-scattered-clouds-full.svg,Huế,1.2242693848226396,0,0.10467817902972831,0
2025-03-21 20:00:00+07:00,85.0,1.8,88.0,/dl/web/weather/ic-w-04-scattered-clouds-full.svg,Huế,1.5360174434597815,0,-1.1292572250362711,0
2025-03-21 21:00:00+07:00,94.0,1.8,88.0,/dl/web/weather/ic-w-04-scattered-clouds-full.svg,Huế,2.0036395314154944,0,-1.1292572250362711,0
2025-03-21 22:00:00+07:00,104.0,1.8,88.0,/dl/web/weather/ic-w-09-mist-full.svg,Huế,2.523219629144064,0,-1.1292572250362711,0
2025-03-21 23:00:00+07:00,116.0,5.5,94.0,/dl/web/weather/ic-w-09-mist-full.svg,Huế,3.1467157464183475,-1,-0.5122895230032712,0
2025-03-22 00:00:00+07:00,120.0,3.7,94.0,/dl/web/weather/ic-w-09-mist-full.svg,Huế,3.3545477855097756,-1,-0.8124359726409468,0
2025-03-22 01:00:00+07:00,118.0,3.7,94.0,/dl/web/weather/ic-w-09-mist-full.svg,Huế,3.250631765964062,-1,-0.8124359726409468,0
2025-03-22 02:00:00+07:00,111.0,3.7,94.0,/dl/web/weather/ic-w-09-mist-full.svg,Huế,2.8869256975540627,0,-0.8124359726409468,0
2025-03-22 03:00:00+07:00,106.0,7.4,94.0,/dl/web/weather/ic-w-09-mist-full.svg,Huế,2.627135648689778,0,-0.19546827060794705,0
2025-03-22 04:00:00+07:00,99.0,1.8,100.0,/dl/web/weather/ic-w-09-mist-full.svg,Huế,2.2634295802797793,0,-1.1292572250362711,0
2025-03-22 05:00:00+07:00,97.0,1.8,94.0,/dl/web/weather/ic-w-09-mist-full.svg,Huế,2.159513560734065,0,-1.1292572250362711,0
2025-03-22 06:00:00+07:00,94.0,1.8,100.0,/dl/web/weather/ic-w-09-mist-full.svg,Huế,2.0036395314154944,0,-1.1292572250362711,0
2025-03-22 07:00:00+07:00,95.0,5.5,100.0,/dl/web/weather/ic-w-09-mist-full.svg,Huế,2.055597541188351,0,-0.5122895230032712,0
2025-03-22 08:00:00+07:00,132.0,5.5,100.0,/dl/web/weather/ic-w-09-mist-full.svg,Huế,3.9780439027840595,-1,-0.5122895230032712,0
2025-03-22 10:00:00+07:00,136.0,7.4,83.0,/dl/web/weather/ic-w-09-mist-full.svg,Huế,4.185875941875487,-1,-0.19546827060794705,0
2025-03-22 11:00:00+07:00,127.0,7.4,83.0,/dl/web/weather/ic-w-09-mist-full.svg,Huế,3.7182538539197743,-1,-0.19546827060794705,0
2025-03-22 12:00:00+07:00,111.0,9.2,83.0,/dl/web/weather/ic-w-09-mist-full.svg,Huế,2.8869256975540627,0,0.10467817902972831,0
2025-03-22 13:00:00+07:00,91.0,5.5,78.0,/dl/web/weather/ic-w-04-scattered-clouds-full.svg,Huế,1.8477655020969233,0,-0.5122895230032712,0
2025-03-22 14:00:00+07:00,75.0,7.4,73.0,/dl/web/weather/ic-w-04-scattered-clouds-full.svg,Huế,1.0164373457312117,0,-0.19546827060794705,0
2025-03-22 15:00:00+07:00,66.0,13.0,69.0,/dl/web/weather/ic-w-04-scattered-clouds-full.svg,Huế,0.5488152577754989,0,0.7383206838203767,0
2025-03-22 16:00:00+07:00,62.0,13.0,73.0,/dl/web/weather/ic-w-02-new-clouds-full.svg,Huế,0.340983218684071,0,0.7383206838203767,0
2025-03-22 17:00:00+07:00,61.0,13.0,78.0,/dl/web/weather/ic-w-04-scattered-clouds-full.svg,Huế,0.289025208911214,0,0.7383206838203767,0
2025-03-22 18:00:00+07:00,63.0,13.0,83.0,/dl/web/weather/ic-w-04-scattered-clouds-full.svg,Huế,0.39294122845692797,0,0.7383206838203767,0
2025-03-22 19:00:00+07:00,62.0,9.2,88.0,/dl/web/weather/ic-w-04-scattered-clouds-full.svg,Huế,0.340983218684071,0,0.10467817902972831,0
2025-03-22 20:00:00+07:00,63.0,7.4,88.0,/dl/web/weather/ic-w-04-scattered-clouds-full.svg,Huế,0.39294122845692797,0,-0.19546827060794705,0
2025-03-22 21:00:00+07:00,61.0,7.4,88.0,/dl/web/weather/ic-w-04-scattered-clouds-full.svg,Huế,0.289025208911214,0,-0.19546827060794705,0
2025-03-22 22:00:00+07:00,60.0,9.2,88.0,/dl/web/weather/ic-w-04-scattered-clouds-full.svg,Huế,0.23706719913835705,0,0.10467817902972831,0
2025-03-22 23:00:00+07:00,58.0,9.2,88.0,/dl/web/weather/ic-w-04-scattered-clouds-full.svg,Huế,0.13315117959264308,0,0.10467817902972831,0
2025-03-23 00:00:00+07:00,59.0,5.5,88.0,/dl/web/weather/ic-w-04-scattered-clouds-full.svg,Huế,0.18510918936550008,0,-0.5122895230032712,0
2025-03-23 01:00:00+07:00,59.0,3.7,94.0,/dl/web/weather/ic-w-04-scattered-clouds-full.svg,Huế,0.18510918936550008,0,-0.8124359726409468,0
2025-03-23 02:00:00+07:00,60.0,5.5,94.0,/dl/web/weather/ic-w-04-scattered-clouds-full.svg,Huế,0.23706719913835705,0,-0.5122895230032712,0
2025-03-23 03:00:00+07:00,60.0,3.7,94.0,/dl/web/weather/ic-w-04-scattered-clouds-full.svg,Huế,0.23706719913835705,0,-0.8124359726409468,0
2025-03-23 04:00:00+07:00,60.0,5.5,94.0,/dl/web/weather/ic-w-04-scattered-clouds-full.svg,Huế,0.23706719913835705,0,-0.5122895230032712,0
2025-03-23 05:00:00+07:00,60.0,5.5,94.0,/dl/web/weather/ic-w-04-scattered-clouds-full.svg,Huế,0.23706719913835705,0,-0.5122895230032712,0
2025-03-23 06:00:00+07:00,60.0,1.8,100.0,/dl/web/weather/ic-w-04-scattered-clouds-full.svg,Huế,0.23706719913835705,0,-1.1292572250362711,0
2025-03-23 07:00:00+07:00,63.0,3.7,100.0,/dl/web/weather/ic-w-09-mist-full.svg,Huế,0.39294122845692797,0,-0.8124359726409468,0
2025-03-23 08:00:00+07:00,74.0,3.7,100.0,/dl/web/weather/ic-w-09-mist-full.svg,Huế,0.9644793359583547,0,-0.8124359726409468,0
2025-03-23 09:00:00+07:00,74.0,5.5,100.0,/dl/web/weather/ic-w-09-mist-full.svg,Huế,0.9644793359583547,0,-0.5122895230032712,0
2025-03-23 10:00:00+07:00,71.0,5.5,78.0,/dl/web/weather/ic-w-04-scattered-clouds-full.svg,Huế,0.8086053066397838,0,-0.5122895230032712,0
2025-03-23 11:00:00+07:00,71.0,5.5,78.0,/dl/web/weather/ic-w-04-scattered-clouds-full.svg,Huế,0.8086053066397838,0,-0.5122895230032712,0
2025-03-23 12:00:00+07:00,66.0,11.1,65.0,/dl/web/weather/ic-w-02-new-clouds-full.svg,Huế,0.5488152577754989,0,0.42149943142505253,0
2025-03-23 13:00:00+07:00,61.0,13.0,65.0,/dl/web/weather/ic-w-02-new-clouds-full.svg,Huế,0.289025208911214,0,0.7383206838203767,0
2025-03-23 14:00:00+07:00,57.0,14.8,61.0,/dl/web/weather/ic-w-01-clear-sky-full.svg,Huế,0.08119316981978612,0,1.0384671334580524,0
2025-03-23 15:00:00+07:00,55.0,18.5,61.0,/dl/web/weather/ic-w-01-clear-sky-full.svg,Huế,-0.022722849725927835,0,1.655434835491052,0
2025-03-23 16:00:00+07:00,53.0,18.5,69.0,/dl/web/weather/ic-w-01-clear-sky-full.svg,Huế,-0.12663886927164178,0,1.655434835491052,0
2025-03-23 17:00:00+07:00,53.0,18.5,65.0,/dl/web/weather/ic-w-01-clear-sky-full.svg,Huế,-0.12663886927164178,0,1.655434835491052,0
2025-03-23 18:00:00+07:00,53.0,14.8,73.0,/dl/web/weather/ic-w-01-clear-sky-full.svg,Huế,-0.12663886927164178,0,1.0384671334580524,0
2025-03-23 19:00:00+07:00,54.0,13.0,88.0,/dl/web/weather/ic-w-10-night-clear-sky-full.svg,Huế,-0.07468085949878481,0,0.7383206838203767,0
2025-03-23 20:00:00+07:00,54.0,5.5,94.0,/dl/web/weather/ic-w-04-scattered-clouds-full.svg,Huế,-0.07468085949878481,0,-0.5122895230032712,0
2025-03-23 21:00:00+07:00,54.0,5.5,94.0,/dl/web/weather/ic-w-04-scattered-clouds-full.svg,Huế,-0.07468085949878481,0,-0.5122895230032712,0
2025-03-23 22:00:00+07:00,54.0,5.5,88.0,/dl/web/weather/ic-w-04-scattered-clouds-full.svg,Huế,-0.07468085949878481,0,-0.5122895230032712,0
2025-03-23 23:00:00+07:00,54.0,3.7,94.0,/dl/web/weather/ic-w-04-scattered-clouds-full.svg,Huế,-0.07468085949878481,0,-0.8124359726409468,0
2025-03-24 01:00:00+07:00,58.0,1.8,94.0,/dl/web/weather/ic-w-04-scattered-clouds-full.svg,Huế,0.13315117959264308,0,-1.1292572250362711,0
2025-03-24 02:00:00+07:00,65.0,1.8,94.0,/dl/web/weather/ic-w-04-scattered-clouds-full.svg,Huế,0.4968572480026419,0,-1.1292572250362711,0
2025-03-24 03:00:00+07:00,64.0,5.5,100.0,/dl/web/weather/ic-w-04-scattered-clouds-full.svg,Huế,0.44489923822978494,0,-0.5122895230032712,0
2025-03-24 04:00:00+07:00,61.0,3.7,94.0,/dl/web/weather/ic-w-04-scattered-clouds-full.svg,Huế,0.289025208911214,0,-0.8124359726409468,0
2025-03-24 05:00:00+07:00,63.0,5.5,100.0,/dl/web/weather/ic-w-09-mist-full.svg,Huế,0.39294122845692797,0,-0.5122895230032712,0
2025-03-24 06:00:00+07:00,65.0,7.4,94.0,/dl/web/weather/ic-w-09-mist-full.svg,Huế,0.4968572480026419,0,-0.19546827060794705,0
2025-03-24 07:00:00+07:00,69.0,5.5,94.0,/dl/web/weather/ic-w-09-mist-full.svg,Huế,0.7046892870940699,0,-0.5122895230032712,0
2025-03-24 08:00:00+07:00,68.0,7.4,94.0,/dl/web/weather/ic-w-09-mist-full.svg,Huế,0.6527312773212128,0,-0.19546827060794705,0
2025-03-24 09:00:00+07:00,68.0,5.5,88.0,/dl/web/weather/ic-w-04-scattered-clouds-full.svg,Huế,0.6527312773212128,0,-0.5122895230032712,0
2025-03-24 10:00:00+07:00,66.0,5.5,88.0,/dl/web/weather/ic-w-04-scattered-clouds-full.svg,Huế,0.5488152577754989,0,-0.5122895230032712,0
2025-03-24 11:00:00+07:00,66.0,5.5,73.0,/dl/web/weather/ic-w-04-scattered-clouds-full.svg,Huế,0.5488152577754989,0,-0.5122895230032712,0
2025-03-24 12:00:00+07:00,63.0,9.2,69.0,/dl/web/weather/ic-w-04-scattered-clouds-full.svg,Huế,0.39294122845692797,0,0.10467817902972831,0
2025-03-24 13:00:00+07:00,61.0,9.2,65.0,/dl/web/weather/ic-w-04-scattered-clouds-full.svg,Huế,0.289025208911214,0,0.10467817902972831,0
2025-03-24 14:00:00+07:00,57.0,13.0,65.0,/dl/web/weather/ic-w-04-scattered-clouds-full.svg,Huế,0.08119316981978612,0,0.7383206838203767,0
2025-03-24 15:00:00+07:00,54.0,16.7,65.0,/dl/web/weather/ic-w-02-new-clouds-full.svg,Huế,-0.07468085949878481,0,1.3552883858533764,0
2025-03-24 16:00:00+07:00,53.0,16.7,65.0,/dl/web/weather/ic-w-02-new-clouds-full.svg,Huế,-0.12663886927164178,0,1.3552883858533764,0
2025-03-24 17:00:00+07:00,52.0,16.7,73.0,/dl/web/weather/ic-w-02-new-clouds-full.svg,Huế,-0.17859687904449875,0,1.3552883858533764,0
2025-03-24 18:00:00+07:00,50.0,16.7,73.0,/dl/web/weather/ic-w-04-scattered-clouds-full.svg,Huế,-0.2825128985902127,0,1.3552883858533764,0
2025-03-24 19:00:00+07:00,52.0,16.7,78.0,/dl/web/weather/ic-w-04-scattered-clouds-full.svg,Huế,-0.17859687904449875,0,1.3552883858533764,0
2025-03-24 20:00:00+07:00,52.0,9.2,83.0,/dl/web/weather/ic-w-04-scattered-clouds-full.svg,Huế,-0.17859687904449875,0,0.10467817902972831,0
2025-03-24 21:00:00+07:00,52.0,9.2,83.0,/dl/web/weather/ic-w-04-scattered-clouds-full.svg,Huế,-0.17859687904449875,0,0.10467817902972831,0
2025-03-24 22:00:00+07:00,52.0,9.2,83.0,/dl/web/weather/ic-w-04-scattered-clouds-full.svg,Huế,-0.17859687904449875,0,0.10467817902972831,0
2025-03-24 23:00:00+07:00,52.0,7.4,83.0,/dl/web/weather/ic-w-04-scattered-clouds-full.svg,Huế,-0.17859687904449875,0,-0.19546827060794705,0
2025-03-25 00:00:00+07:00,49.0,5.5,88.0,/dl/web/weather/ic-w-04-scattered-clouds-full.svg,Huế,-0.3344709083630697,0,-0.5122895230032712,0
2025-03-25 01:00:00+07:00,49.0,3.7,94.0,/dl/web/weather/ic-w-04-scattered-clouds-full.svg,Huế,-0.3344709083630697,0,-0.8124359726409468,0
2025-03-25 02:00:00+07:00,48.0,5.5,94.0,/dl/web/weather/ic-w-09-mist-full.svg,Huế,-0.38642891813592667,0,-0.5122895230032712,0
2025-03-25 03:00:00+07:00,51.0,7.4,94.0,/dl/web/weather/ic-w-11-night-few-clouds-full.svg,Huế,-0.23055488881735575,0,-0.19546827060794705,0
2025-03-25 04:00:00+07:00,55.0,5.5,94.0,/dl/web/weather/ic-w-09-mist-full.svg,Huế,-0.022722849725927835,0,-0.5122895230032712,0
2025-03-25 05:00:00+07:00,61.0,3.7,94.0,/dl/web/weather/ic-w-09-mist-full.svg,Huế,0.289025208911214,0,-0.8124359726409468,0
2025-03-25 06:00:00+07:00,66.0,7.4,100.0,/dl/web/weather/ic-w-09-mist-full.svg,Huế,0.5488152577754989,0,-0.19546827060794705,0
2025-03-25 07:00:00+07:00,64.0,3.7,94.0,/dl/web/weather/ic-w-09-mist-full.svg,Huế,0.44489923822978494,0,-0.8124359726409468,0
2025-03-25 08:00:00+07:00,64.0,3.7,83.0,/dl/web/weather/ic-w-02-new-clouds-full.svg,Huế,0.44489923822978494,0,-0.8124359726409468,0
2025-03-25 09:00:00+07:00,64.0,3.7,83.0,/dl/web/weather/ic-w-02-new-clouds-full.svg,Huế,0.44489923822978494,0,-0.8124359726409468,0
2025-03-25 10:00:00+07:00,64.0,3.7,83.0,/dl/web/weather/ic-w-02-new-clouds-full.svg,Huế,0.44489923822978494,0,-0.8124359726409468,0
2025-03-25 11:00:00+07:00,63.0,9.2,73.0,/dl/web/weather/ic-w-02-new-clouds-full.svg,Huế,0.39294122845692797,0,0.10467817902972831,0
2025-03-25 12:00:00+07:00,68.0,9.2,73.0,/dl/web/weather/ic-w-02-new-clouds-full.svg,Huế,0.6527312773212128,0,0.10467817902972831,0
2025-03-25 13:00:00+07:00,73.0,11.1,78.0,/dl/web/weather/ic-w-02-new-clouds-full.svg,Huế,0.9125213261854977,0,0.42149943142505253,0
2025-03-25 14:00:00+07:00,70.0,13.0,73.0,/dl/web/weather/ic-w-02-new-clouds-full.svg,Huế,0.7566472968669268,0,0.7383206838203767,0
2025-03-25 15:00:00+07:00,67.0,13.0,73.0,/dl/web/weather/ic-w-02-new-clouds-full.svg,Huế,0.6007732675483559,0,0.7383206838203767,0
2025-03-25 16:00:00+07:00,64.0,11.1,74.0,/dl/web/weather/ic-w-02-new-clouds-full.svg,Huế,0.44489923822978494,0,0.42149943142505253,0
2025-03-25 17:00:00+07:00,63.0,9.2,74.0,/dl/web/weather/ic-w-02-new-clouds-full.svg,Huế,0.39294122845692797,0,0.10467817902972831,0
2025-03-25 18:00:00+07:00,62.0,9.2,69.0,/dl/web/weather/ic-w-02-new-clouds-full.svg,Huế,0.340983218684071,0,0.10467817902972831,0
2025-03-25 19:00:00+07:00,63.0,9.2,78.0,/dl/web/weather/ic-w-11-night-few-clouds-full.svg,Huế,0.39294122845692797,0,0.10467817902972831,0
2025-03-25 20:00:00+07:00,62.0,3.7,88.0,/dl/web/weather/ic-w-11-night-few-clouds-full.svg,Huế,0.340983218684071,0,-0.8124359726409468,0
2025-03-25 21:00:00+07:00,63.0,3.7,88.0,/dl/web/weather/ic-w-11-night-few-clouds-full.svg,Huế,0.39294122845692797,0,-0.8124359726409468,0
2025-03-25 22:00:00+07:00,66.0,1.8,88.0,/dl/web/weather/ic-w-04-scattered-clouds-full.svg,Huế,0.5488152577754989,0,-1.1292572250362711,0
2025-03-25 23:00:00+07:00,70.0,1.8,94.0,/dl/web/weather/ic-w-11-night-few-clouds-full.svg,Huế,0.7566472968669268,0,-1.1292572250362711,0
2025-03-26 00:00:00+07:00,85.0,1.8,94.0,/dl/web/weather/ic-w-11-night-few-clouds-full.svg,Huế,1.5360174434597815,0,-1.1292572250362711,0
2025-03-26 01:00:00+07:00,76.0,1.8,94.0,/dl/web/weather/ic-w-11-night-few-clouds-full.svg,Huế,1.0683953555040686,0,-1.1292572250362711,0
2025-03-26 02:00:00+07:00,72.0,3.7,94.0,/dl/web/weather/ic-w-09-mist-full.svg,Huế,0.8605633164126407,0,-0.8124359726409468,0
2025-03-26 03:00:00+07:00,71.0,5.5,100.0,/dl/web/weather/ic-w-09-mist-full.svg,Huế,0.8086053066397838,0,-0.5122895230032712,0
2025-03-26 04:00:00+07:00,70.0,3.7,100.0,/dl/web/weather/ic-w-09-mist-full.svg,Huế,0.7566472968669268,0,-0.8124359726409468,0
2025-03-26 05:00:00+07:00,71.0,5.5,100.0,/dl/web/weather/ic-w-09-mist-full.svg,Huế,0.8086053066397838,0,-0.5122895230032712,0
2025-03-26 06:00:00+07:00,73.0,3.7,100.0,/dl/web/weather/ic-w-09-mist-full.svg,Huế,0.9125213261854977,0,-0.8124359726409468,0
2025-03-26 07:00:00+07:00,72.0,1.8,100.0,/dl/web/weather/ic-w-09-mist-full.svg,Huế,0.8605633164126407,0,-1.1292572250362711,0
2025-03-26 08:00:00+07:00,77.0,3.7,94.0,/dl/web/weather/ic-w-09-mist-full.svg,Huế,1.1203533652769258,0,-0.8124359726409468,0
2025-03-26 09:00:00+07:00,82.0,9.2,100.0,/dl/web/weather/ic-w-09-mist-full.svg,Huế,1.3801434141412106,0,0.10467817902972831,0
2025-03-26 10:00:00+07:00,82.0,7.4,94.0,/dl/web/weather/ic-w-09-mist-full.svg,Huế,1.3801434141412106,0,-0.19546827060794705,0
2025-03-26 11:00:00+07:00,90.0,7.4,94.0,/dl/web/weather/ic-w-09-mist-full.svg,Huế,1.7958074923240663,0,-0.19546827060794705,0
2025-03-26 12:00:00+07:00,98.0,9.2,83.0,/dl/web/weather/ic-w-09-mist-full.svg,Huế,2.211471570506922,0,0.10467817902972831,0
2025-03-26 13:00:00+07:00,97.0,7.4,65.0,/dl/web/weather/ic-w-04-scattered-clouds-full.svg,Huế,2.159513560734065,0,-0.19546827060794705,0
2025-03-26 14:00:00+07:00,86.0,7.4,74.0,/dl/web/weather/ic-w-04-scattered-clouds-full.svg,Huế,1.5879754532326384,0,-0.19546827060794705,0
2025-03-26 15:00:00+07:00,77.0,11.1,73.0,/dl/web/weather/ic-w-02-new-clouds-full.svg,Huế,1.1203533652769258,0,0.42149943142505253,0
2025-03-26 16:00:00+07:00,71.0,11.1,70.0,/dl/web/weather/ic-w-02-new-clouds-full.svg,Huế,0.8086053066397838,0,0.42149943142505253,0
2025-03-26 17:00:00+07:00,69.0,9.2,71.0,/dl/web/weather/ic-w-02-new-clouds-full.svg,Huế,0.7046892870940699,0,0.10467817902972831,0
2025-03-26 18:00:00+07:00,67.0,7.4,73.0,/dl/web/weather/ic-w-02-new-clouds-full.svg,Huế,0.6007732675483559,0,-0.19546827060794705,0
2025-03-26 19:00:00+07:00,68.0,3.7,82.0,/dl/web/weather/ic-w-11-night-few-clouds-full.svg,Huế,0.6527312773212128,0,-0.8124359726409468,0
2025-03-26 20:00:00+07:00,71.0,3.7,86.0,/dl/web/weather/ic-w-04-scattered-clouds-full.svg,Huế,0.8086053066397838,0,-0.8124359726409468,0
2025-03-26 21:00:00+07:00,71.0,3.7,86.0,/dl/web/weather/ic-w-04-scattered-clouds-full.svg,Huế,0.8086053066397838,0,-0.8124359726409468,0
2025-03-26 22:00:00+07:00,73.0,1.8,90.0,/dl/web/weather/ic-w-04-scattered-clouds-full.svg,Huế,0.9125213261854977,0,-1.1292572250362711,0
2025-03-26 23:00:00+07:00,75.0,3.7,90.0,/dl/web/weather/ic-w-04-scattered-clouds-full.svg,Huế,1.0164373457312117,0,-0.8124359726409468,0
2025-03-27 00:00:00+07:00,75.0,1.8,90.0,/dl/web/weather/ic-w-11-night-few-clouds-full.svg,Huế,1.0164373457312117,0,-1.1292572250362711,0
2025-03-27 01:00:00+07:00,76.0,1.8,90.0,/dl/web/weather/ic-w-04-scattered-clouds-full.svg,Huế,1.0683953555040686,0,-1.1292572250362711,0
2025-03-27 02:00:00+07:00,81.0,1.8,86.0,/dl/web/weather/ic-w-04-scattered-clouds-full.svg,Huế,1.3281854043683536,0,-1.1292572250362711,0
2025-03-27 03:00:00+07:00,79.0,3.7,90.0,/dl/web/weather/ic-w-04-scattered-clouds-full.svg,Huế,1.2242693848226396,0,-0.8124359726409468,0
2025-03-27 04:00:00+07:00,79.0,5.5,90.0,/dl/web/weather/ic-w-04-scattered-clouds-full.svg,Huế,1.2242693848226396,0,-0.5122895230032712,0
2025-03-27 05:00:00+07:00,79.0,3.7,90.0,/dl/web/weather/ic-w-04-scattered-clouds-full.svg,Huế,1.2242693848226396,0,-0.8124359726409468,0
2025-03-27 06:00:00+07:00,80.0,1.8,94.0,/dl/web/weather/ic-w-09-mist-full.svg,Huế,1.2762273945954965,0,-1.1292572250362711,0
2025-03-27 07:00:00+07:00,87.0,3.7,81.0,/dl/web/weather/ic-w-09-mist-full.svg,Huế,1.6399334630054954,0,-0.8124359726409468,0
2025-03-27 08:00:00+07:00,106.0,3.7,81.0,/dl/web/weather/ic-w-09-mist-full.svg,Huế,2.627135648689778,0,-0.8124359726409468,0
2025-03-27 09:00:00+07:00,110.0,3.7,72.0,/dl/web/weather/ic-w-09-mist-full.svg,Huế,2.834967687781206,0,-0.8124359726409468,0
2025-03-27 10:00:00+07:00,110.0,3.7,65.0,/dl/web/weather/ic-w-02-new-clouds-full.svg,Huế,2.834967687781206,0,-0.8124359726409468,0
2025-03-27 11:00:00+07:00,117.0,3.7,65.0,/dl/web/weather/ic-w-02-new-clouds-full.svg,Huế,3.1986737561912046,-1,-0.8124359726409468,0
2025-03-27 12:00:00+07:00,123.0,7.4,63.0,/dl/web/weather/ic-w-02-new-clouds-full.svg,Huế,3.5104218148283466,-1,-0.19546827060794705,0
2025-03-27 13:00:00+07:00,115.0,11.1,70.0,/dl/web/weather/ic-w-02-new-clouds-full.svg,Huế,3.094757736645491,-1,0.42149943142505253,0
2025-03-27 14:00:00+07:00,103.0,9.2,67.0,/dl/web/weather/ic-w-02-new-clouds-full.svg,Huế,2.471261619371207,0,0.10467817902972831,0
2025-03-27 15:00:00+07:00,103.0,11.1,57.0,/dl/web/weather/ic-w-01-clear-sky-full.svg,Huế,2.471261619371207,0,0.42149943142505253,0
2025-03-27 16:00:00+07:00,97.0,13.0,65.0,/dl/web/weather/ic-w-04-scattered-clouds-full.svg,Huế,2.159513560734065,0,0.7383206838203767,0
2025-03-27 17:00:00+07:00,96.0,14.8,65.0,/dl/web/weather/ic-w-04-scattered-clouds-full.svg,Huế,2.1075555509612083,0,1.0384671334580524,0
2025-03-27 18:00:00+07:00,102.0,9.2,65.0,/dl/web/weather/ic-w-04-scattered-clouds-full.svg,Huế,2.4193036095983502,0,0.10467817902972831,0
2025-03-27 19:00:00+07:00,116.0,7.4,68.0,/dl/web/weather/ic-w-04-scattered-clouds-full.svg,Huế,3.1467157464183475,-1,-0.19546827060794705,0
2025-03-27 20:00:00+07:00,124.0,3.7,74.0,/dl/web/weather/ic-w-04-scattered-clouds-full.svg,Huế,3.5623798246012037,-1,-0.8124359726409468,0
2025-03-27 21:00:00+07:00,143.0,3.7,74.0,/dl/web/weather/ic-w-04-scattered-clouds-full.svg,Huế,4.549582010285486,-1,-0.8124359726409468,0
2025-03-27 22:00:00+07:00,153.0,1.8,81.0,/dl/web/weather/ic-w-04-scattered-clouds-full.svg,Huế,5.069162108014056,-1,-1.1292572250362711,0
2025-03-27 23:00:00+07:00,149.0,5.5,86.0,/dl/web/weather/ic-w-04-scattered-clouds-full.svg,Huế,4.861330068922628,-1,-0.5122895230032712,0
2025-03-28 00:00:00+07:00,138.0,5.5,86.0,/dl/web/weather/ic-w-04-scattered-clouds-full.svg,Huế,4.2897919614212014,-1,-0.5122895230032712,0
2025-03-28 01:00:00+07:00,129.0,1.8,78.0,/dl/web/weather/ic-w-11-night-few-clouds-full.svg,Huế,3.8221698734654885,-1,-1.1292572250362711,0
2025-03-28 02:00:00+07:00,122.0,5.5,81.0,/dl/web/weather/ic-w-11-night-few-clouds-full.svg,Huế,3.4584638050554894,-1,-0.5122895230032712,0
2025-03-28 03:00:00+07:00,118.0,5.5,81.0,/dl/web/weather/ic-w-11-night-few-clouds-full.svg,Huế,3.250631765964062,-1,-0.5122895230032712,0
2025-03-28 04:00:00+07:00,117.0,1.8,89.0,/dl/web/weather/ic-w-04-scattered-clouds-full.svg,Huế,3.1986737561912046,-1,-1.1292572250362711,0
2025-03-28 05:00:00+07:00,119.0,1.8,89.0,/dl/web/weather/ic-w-04-scattered-clouds-full.svg,Huế,3.3025897757369185,-1,-1.1292572250362711,0
2025-03-28 06:00:00+07:00,121.0,3.7,89.0,/dl/web/weather/ic-w-04-scattered-clouds-full.svg,Huế,3.4065057952826328,-1,-0.8124359726409468,0
2025-03-28 07:00:00+07:00,128.0,1.8,79.0,/dl/web/weather/ic-w-09-mist-full.svg,Huế,3.7702118636926314,-1,-1.1292572250362711,0
2025-03-28 08:00:00+07:00,147.0,3.7,78.0,/dl/web/weather/ic-w-09-mist-full.svg,Huế,4.757414049376914,-1,-0.8124359726409468,0
2025-03-28 10:00:00+07:00,153.0,3.7,64.0,/dl/web/weather/ic-w-02-new-clouds-full.svg,Huế,5.069162108014056,-1,-0.8124359726409468,0
2025-03-28 11:00:00+07:00,153.0,7.4,56.0,/dl/web/weather/ic-w-02-new-clouds-full.svg,Huế,5.069162108014056,-1,-0.19546827060794705,0
2025-03-28 12:00:00+07:00,153.0,13.0,56.0,/dl/web/weather/ic-w-02-new-clouds-full.svg,Huế,5.069162108014056,-1,0.7383206838203767,0
2025-03-28 13:00:00+07:00,152.0,9.2,62.0,/dl/web/weather/ic-w-02-new-clouds-full.svg,Huế,5.017204098241199,-1,0.10467817902972831,0
2025-03-28 14:00:00+07:00,138.0,9.2,62.0,/dl/web/weather/ic-w-02-new-clouds-full.svg,Huế,4.2897919614212014,-1,0.10467817902972831,0
2025-03-28 15:00:00+07:00,123.0,9.2,62.0,/dl/web/weather/ic-w-02-new-clouds-full.svg,Huế,3.5104218148283466,-1,0.10467817902972831,0
2025-03-28 16:00:00+07:00,118.0,9.2,67.0,/dl/web/weather/ic-w-02-new-clouds-full.svg,Huế,3.250631765964062,-1,0.10467817902972831,0
2025-03-28 17:00:00+07:00,115.0,7.4,69.0,/dl/web/weather/ic-w-04-scattered-clouds-full.svg,Huế,3.094757736645491,-1,-0.19546827060794705,0
2025-03-28 18:00:00+07:00,122.0,5.5,80.0,/dl/web/weather/ic-w-09-mist-full.svg,Huế,3.4584638050554894,-1,-0.5122895230032712,0
2025-03-28 19:00:00+07:00,140.0,3.7,80.0,/dl/web/weather/ic-w-09-mist-full.svg,Huế,4.393707980966915,-1,-0.8124359726409468,0
2025-03-28 20:00:00+07:00,153.0,3.7,83.0,/dl/web/weather/ic-w-11-night-few-clouds-full.svg,Huế,5.069162108014056,-1,-0.8124359726409468,0
2025-03-28 21:00:00+07:00,140.0,3.7,83.0,/dl/web/weather/ic-w-04-scattered-clouds-full.svg,Huế,4.393707980966915,-1,-0.8124359726409468,0
2025-03-28 22:00:00+07:00,125.0,3.7,83.0,/dl/web/weather/ic-w-04-scattered-clouds-full.svg,Huế,3.6143378343740604,-1,-0.8124359726409468,0
2025-03-28 23:00:00+07:00,125.0,3.7,89.0,/dl/web/weather/ic-w-04-scattered-clouds-full.svg,Huế,3.6143378343740604,-1,-0.8124359726409468,0
2025-03-29 00:00:00+07:00,121.0,1.8,89.0,/dl/web/weather/ic-w-04-scattered-clouds-full.svg,Huế,3.4065057952826328,-1,-1.1292572250362711,0
2025-03-29 01:00:00+07:00,111.0,3.7,89.0,/dl/web/weather/ic-w-11-night-few-clouds-full.svg,Huế,2.8869256975540627,0,-0.8124359726409468,0
2025-03-29 02:00:00+07:00,104.0,3.7,94.0,/dl/web/weather/ic-w-04-scattered-clouds-full.svg,Huế,2.523219629144064,0,-0.8124359726409468,0
2025-03-29 03:00:00+07:00,88.0,3.7,94.0,/dl/web/weather/ic-w-04-scattered-clouds-full.svg,Huế,1.6918914727783523,0,-0.8124359726409468,0
2025-03-29 04:00:00+07:00,81.0,1.8,88.0,/dl/web/weather/ic-w-04-scattered-clouds-full.svg,Huế,1.3281854043683536,0,-1.1292572250362711,0
2025-03-29 05:00:00+07:00,75.0,3.7,94.0,/dl/web/weather/ic-w-09-mist-full.svg,Huế,1.0164373457312117,0,-0.8124359726409468,0
2025-03-29 07:00:00+07:00,71.0,9.2,94.0,/dl/web/weather/ic-w-09-mist-full.svg,Huế,0.8086053066397838,0,0.10467817902972831,0
2025-03-29 08:00:00+07:00,95.0,9.2,94.0,/dl/web/weather/ic-w-09-mist-full.svg,Huế,2.055597541188351,0,0.10467817902972831,0
2025-03-29 09:00:00+07:00,98.0,14.8,94.0,/dl/web/weather/ic-w-09-mist-full.svg,Huế,2.211471570506922,0,1.0384671334580524,0
2025-03-29 10:00:00+07:00,98.0,7.4,94.0,/dl/web/weather/ic-w-09-mist-full.svg,Huế,2.211471570506922,0,-0.19546827060794705,0
2025-03-29 11:00:00+07:00,96.0,7.4,94.0,/dl/web/weather/ic-w-09-mist-full.svg,Huế,2.1075555509612083,0,-0.19546827060794705,0
2025-03-29 12:00:00+07:00,91.0,9.2,94.0,/dl/web/weather/ic-w-09-mist-full.svg,Huế,1.8477655020969233,0,0.10467817902972831,0
2025-03-29 13:00:00+07:00,85.0,11.1,83.0,/dl/web/weather/ic-w-04-scattered-clouds-full.svg,Huế,1.5360174434597815,0,0.42149943142505253,0
2025-03-29 14:00:00+07:00,79.0,14.8,83.0,/dl/web/weather/ic-w-04-scattered-clouds-full.svg,Huế,1.2242693848226396,0,1.0384671334580524,0
2025-03-29 15:00:00+07:00,63.0,22.2,83.0,/dl/web/weather/ic-w-04-scattered-clouds-full.svg,Huế,0.39294122845692797,0,2.2724025375240515,0
2025-03-29 16:00:00+07:00,53.0,24.1,89.0,/dl/web/weather/ic-w-04-scattered-clouds-full.svg,Huế,-0.12663886927164178,0,2.589223789919376,0
2025-03-29 17:00:00+07:00,51.0,24.1,94.0,/dl/web/weather/ic-w-04-scattered-clouds-full.svg,Huế,-0.23055488881735575,0,2.589223789919376,0
2025-03-29 18:00:00+07:00,52.0,25.9,94.0,/dl/web/weather/ic-w-04-scattered-clouds-full.svg,Huế,-0.17859687904449875,0,2.889370239557051,0
2025-03-29 19:00:00+07:00,53.0,20.4,94.0,/dl/web/weather/ic-w-04-scattered-clouds-full.svg,Huế,-0.12663886927164178,0,1.972256087886376,0
2025-03-29 20:00:00+07:00,55.0,20.4,94.0,/dl/web/weather/ic-w-04-scattered-clouds-full.svg,Huế,-0.022722849725927835,0,1.972256087886376,0
2025-03-29 21:00:00+07:00,55.0,14.8,94.0,/dl/web/weather/ic-w-04-scattered-clouds-full.svg,Huế,-0.022722849725927835,0,1.0384671334580524,0
2025-03-29 22:00:00+07:00,56.0,16.7,94.0,/dl/web/weather/ic-w-04-scattered-clouds-full.svg,Huế,0.02923516004692914,0,1.3552883858533764,0
2025-03-29 23:00:00+07:00,52.0,7.4,94.0,/dl/web/weather/ic-w-04-scattered-clouds-full.svg,Huế,-0.17859687904449875,0,-0.19546827060794705,0
2025-03-30 00:00:00+07:00,33.0,25.9,94.0,/dl/web/weather/ic-w-12-night-rain-full.svg,Huế,-1.1657990647287813,0,2.889370239557051,0
2025-03-30 01:00:00+07:00,33.0,22.2,94.0,/dl/web/weather/ic-w-04-scattered-clouds-full.svg,Huế,-1.1657990647287813,0,2.2724025375240515,0
2025-03-30 02:00:00+07:00,33.0,27.8,94.0,/dl/web/weather/ic-w-04-scattered-clouds-full.svg,Huế,-1.1657990647287813,0,3.206191491952376,-1
2025-03-30 03:00:00+07:00,33.0,20.4,94.0,/dl/web/weather/ic-w-04-scattered-clouds-full.svg,Huế,-1.1657990647287813,0,1.972256087886376,0
2025-03-30 04:00:00+07:00,33.0,22.2,94.0,/dl/web/weather/ic-w-04-scattered-clouds-full.svg,Huế,-1.1657990647287813,0,2.2724025375240515,0
2025-03-30 05:00:00+07:00,33.0,16.7,100.0,/dl/web/weather/ic-w-04-scattered-clouds-full.svg,Huế,-1.1657990647287813,0,1.3552883858533764,0
2025-03-30 06:00:00+07:00,33.0,13.0,100.0,/dl/web/weather/ic-w-04-scattered-clouds-full.svg,Huế,-1.1657990647287813,0,0.7383206838203767,0
2025-03-30 07:00:00+07:00,33.0,14.8,94.0,/dl/web/weather/ic-w-09-mist-full.svg,Huế,-1.1657990647287813,0,1.0384671334580524,0
2025-03-30 08:00:00+07:00,33.0,14.8,94.0,/dl/web/weather/ic-w-09-mist-full.svg,Huế,-1.1657990647287813,0,1.0384671334580524,0
2025-03-30 09:00:00+07:00,33.0,16.7,100.0,/dl/web/weather/ic-w-09-mist-full.svg,Huế,-1.1657990647287813,0,1.3552883858533764,0
2025-03-30 10:00:00+07:00,34.0,16.7,100.0,/dl/web/weather/ic-w-09-mist-full.svg,Huế,-1.1138410549559243,0,1.3552883858533764,0
2025-03-30 11:00:00+07:00,34.0,20.4,100.0,/dl/web/weather/ic-w-09-mist-full.svg,Huế,-1.1138410549559243,0,1.972256087886376,0
2025-03-30 12:00:00+07:00,33.0,18.5,100.0,/dl/web/weather/ic-w-09-mist-full.svg,Huế,-1.1657990647287813,0,1.655434835491052,0
2025-03-30 13:00:00+07:00,33.0,20.4,94.0,/dl/web/weather/ic-w-09-mist-full.svg,Huế,-1.1657990647287813,0,1.972256087886376,0
2025-03-30 14:00:00+07:00,34.0,22.2,94.0,/dl/web/weather/ic-w-09-mist-full.svg,Huế,-1.1138410549559243,0,2.2724025375240515,0
2025-03-30 15:00:00+07:00,33.0,18.5,94.0,/dl/web/weather/ic-w-09-mist-full.svg,Huế,-1.1657990647287813,0,1.655434835491052,0
2025-03-30 16:00:00+07:00,33.0,16.7,94.0,/dl/web/weather/ic-w-04-scattered-clouds-full.svg,Huế,-1.1657990647287813,0,1.3552883858533764,0
2025-03-30 17:00:00+07:00,33.0,18.5,94.0,/dl/web/weather/ic-w-09-mist-full.svg,Huế,-1.1657990647287813,0,1.655434835491052,0
2025-03-30 19:00:00+07:00,33.0,13.0,94.0,/dl/web/weather/ic-w-04-scattered-clouds-full.svg,Huế,-1.1657990647287813,0,0.7383206838203767,0
2025-03-30 20:00:00+07:00,33.0,11.1,100.0,/dl/web/weather/ic-w-09-mist-full.svg,Huế,-1.1657990647287813,0,0.42149943142505253,0
2025-03-30 21:00:00+07:00,33.0,13.0,94.0,/dl/web/weather/ic-w-09-mist-full.svg,Huế,-1.1657990647287813,0,0.7383206838203767,0
2025-03-30 22:00:00+07:00,33.0,13.0,100.0,/dl/web/weather/ic-w-09-mist-full.svg,Huế,-1.1657990647287813,0,0.7383206838203767,0
2025-03-30 23:00:00+07:00,63.0,13.0,94.0,/dl/web/weather/ic-w-04-scattered-clouds-full.svg,Huế,0.39294122845692797,0,0.7383206838203767,0
2025-03-31 00:00:00+07:00,63.0,13.0,94.0,/dl/web/weather/ic-w-09-mist-full.svg,Huế,0.39294122845692797,0,0.7383206838203767,0
2025-03-31 02:00:00+07:00,60.0,16.7,94.0,/dl/web/weather/ic-w-04-scattered-clouds-full.svg,Huế,0.23706719913835705,0,1.3552883858533764,0
2025-03-31 03:00:00+07:00,60.0,13.0,94.0,/dl/web/weather/ic-w-04-scattered-clouds-full.svg,Huế,0.23706719913835705,0,0.7383206838203767,0
2025-03-31 04:00:00+07:00,60.0,13.0,94.0,/dl/web/weather/ic-w-04-scattered-clouds-full.svg,Huế,0.23706719913835705,0,0.7383206838203767,0
2025-03-31 05:00:00+07:00,55.0,9.2,94.0,/dl/web/weather/ic-w-04-scattered-clouds-full.svg,Huế,-0.022722849725927835,0,0.10467817902972831,0
2025-03-31 06:00:00+07:00,55.0,9.2,94.0,/dl/web/weather/ic-w-04-scattered-clouds-full.svg,Huế,-0.022722849725927835,0,0.10467817902972831,0
2025-03-31 08:00:00+07:00,60.0,13.0,94.0,/dl/web/weather/ic-w-04-scattered-clouds-full.svg,Huế,0.23706719913835705,0,0.7383206838203767,0
2025-03-31 09:00:00+07:00,60.0,14.8,94.0,/dl/web/weather/ic-w-09-mist-full.svg,Huế,0.23706719913835705,0,1.0384671334580524,0
2025-03-31 10:00:00+07:00,60.0,18.5,94.0,/dl/web/weather/ic-w-09-mist-full.svg,Huế,0.23706719913835705,0,1.655434835491052,0
2025-03-31 11:00:00+07:00,59.0,16.7,100.0,/dl/web/weather/ic-w-09-mist-full.svg,Huế,0.18510918936550008,0,1.3552883858533764,0
2025-03-31 12:00:00+07:00,59.0,14.8,100.0,/dl/web/weather/ic-w-09-mist-full.svg,Huế,0.18510918936550008,0,1.0384671334580524,0
2025-03-31 13:00:00+07:00,59.0,16.7,100.0,/dl/web/weather/ic-w-09-mist-full.svg,Huế,0.18510918936550008,0,1.3552883858533764,0
2025-03-31 14:00:00+07:00,60.0,18.5,94.0,/dl/web/weather/ic-w-04-scattered-clouds-full.svg,Huế,0.23706719913835705,0,1.655434835491052,0
2025-03-31 15:00:00+07:00,60.0,18.5,94.0,/dl/web/weather/ic-w-09-mist-full.svg,Huế,0.23706719913835705,0,1.655434835491052,0
2025-03-31 16:00:00+07:00,60.0,20.4,88.0,/dl/web/weather/ic-w-04-scattered-clouds-full.svg,Huế,0.23706719913835705,0,1.972256087886376,0
2025-03-31 17:00:00+07:00,57.0,18.5,88.0,/dl/web/weather/ic-w-04-scattered-clouds-full.svg,Huế,0.08119316981978612,0,1.655434835491052,0
2025-03-31 18:00:00+07:00,57.0,18.5,94.0,/dl/web/weather/ic-w-04-scattered-clouds-full.svg,Huế,0.08119316981978612,0,1.655434835491052,0
2025-03-31 19:00:00+07:00,57.0,13.0,88.0,/dl/web/weather/ic-w-04-scattered-clouds-full.svg,Huế,0.08119316981978612,0,0.7383206838203767,0
2025-03-31 20:00:00+07:00,60.0,13.0,94.0,/dl/web/weather/ic-w-04-scattered-clouds-full.svg,Huế,0.23706719913835705,0,0.7383206838203767,0
2025-03-31 21:00:00+07:00,60.0,11.1,94.0,/dl/web/weather/ic-w-04-scattered-clouds-full.svg,Huế,0.23706719913835705,0,0.42149943142505253,0
2025-03-31 22:00:00+07:00,60.0,9.2,94.0,/dl/web/weather/ic-w-04-scattered-clouds-full.svg,Huế,0.23706719913835705,0,0.10467817902972831,0
2025-03-31 23:00:00+07:00,61.0,9.2,100.0,/dl/web/weather/ic-w-09-mist-full.svg,Huế,0.289025208911214,0,0.10467817902972831,0
2025-04-01 00:00:00+07:00,61.0,11.1,100.0,/dl/web/weather/ic-w-09-mist-full.svg,Huế,0.289025208911214,0,0.42149943142505253,0
2025-04-01 01:00:00+07:00,61.0,13.0,100.0,/dl/web/weather/ic-w-09-mist-full.svg,Huế,0.289025208911214,0,0.7383206838203767,0
2025-04-01 02:00:00+07:00,58.0,9.2,100.0,/dl/web/weather/ic-w-09-mist-full.svg,Huế,0.13315117959264308,0,0.10467817902972831,0
2025-04-01 03:00:00+07:00,58.0,13.0,94.0,/dl/web/weather/ic-w-09-mist-full.svg,Huế,0.13315117959264308,0,0.7383206838203767,0
2025-04-01 04:00:00+07:00,58.0,13.0,100.0,/dl/web/weather/ic-w-09-mist-full.svg,Huế,0.13315117959264308,0,0.7383206838203767,0
2025-04-01 05:00:00+07:00,55.0,16.7,94.0,/dl/web/weather/ic-w-09-mist-full.svg,Huế,-0.022722849725927835,0,1.3552883858533764,0
2025-04-01 06:00:00+07:00,55.0,13.0,94.0,/dl/web/weather/ic-w-09-mist-full.svg,Huế,-0.022722849725927835,0,0.7383206838203767,0
2025-04-01 07:00:00+07:00,55.0,14.8,94.0,/dl/web/weather/ic-w-09-mist-full.svg,Huế,-0.022722849725927835,0,1.0384671334580524,0
2025-04-01 08:00:00+07:00,56.0,13.0,100.0,/dl/web/weather/ic-w-09-mist-full.svg,Huế,0.02923516004692914,0,0.7383206838203767,0
2025-04-01 09:00:00+07:00,56.0,18.5,94.0,/dl/web/weather/ic-w-09-mist-full.svg,Huế,0.02923516004692914,0,1.655434835491052,0
2025-04-01 10:00:00+07:00,56.0,18.5,100.0,/dl/web/weather/ic-w-09-mist-full.svg,Huế,0.02923516004692914,0,1.655434835491052,0
2025-04-01 11:00:00+07:00,55.0,20.4,94.0,/dl/web/weather/ic-w-09-mist-full.svg,Huế,-0.022722849725927835,0,1.972256087886376,0
2025-04-01 12:00:00+07:00,55.0,20.4,94.0,/dl/web/weather/ic-w-09-mist-full.svg,Huế,-0.022722849725927835,0,1.972256087886376,0
2025-04-01 13:00:00+07:00,55.0,14.8,94.0,/dl/web/weather/ic-w-04-scattered-clouds-full.svg,Huế,-0.022722849725927835,0,1.0384671334580524,0
2025-04-01 14:00:00+07:00,56.0,14.8,88.0,/dl/web/weather/ic-w-09-mist-full.svg,Huế,0.02923516004692914,0,1.0384671334580524,0
2025-04-01 15:00:00+07:00,56.0,18.5,94.0,/dl/web/weather/ic-w-09-mist-full.svg,Huế,0.02923516004692914,0,1.655434835491052,0
2025-04-01 16:00:00+07:00,56.0,13.0,94.0,/dl/web/weather/ic-w-04-scattered-clouds-full.svg,Huế,0.02923516004692914,0,0.7383206838203767,0
2025-04-01 17:00:00+07:00,60.0,9.2,82.0,/dl/web/weather/ic-w-04-scattered-clouds-full.svg,Huế,0.23706719913835705,0,0.10467817902972831,0
2025-04-01 18:00:00+07:00,60.0,9.2,77.0,/dl/web/weather/ic-w-04-scattered-clouds-full.svg,Huế,0.23706719913835705,0,0.10467817902972831,0
2025-04-01 19:00:00+07:00,60.0,5.5,77.0,/dl/web/weather/ic-w-04-scattered-clouds-full.svg,Huế,0.23706719913835705,0,-0.5122895230032712,0
2025-04-01 20:00:00+07:00,67.0,7.4,82.0,/dl/web/weather/ic-w-04-scattered-clouds-full.svg,Huế,0.6007732675483559,0,-0.19546827060794705,0
2025-04-01 21:00:00+07:00,67.0,7.4,82.0,/dl/web/weather/ic-w-04-scattered-clouds-full.svg,Huế,0.6007732675483559,0,-0.19546827060794705,0
2025-04-01 22:00:00+07:00,67.0,7.4,82.0,/dl/web/weather/ic-w-04-scattered-clouds-full.svg,Huế,0.6007732675483559,0,-0.19546827060794705,0
2025-04-01 23:00:00+07:00,69.0,9.2,77.0,/dl/web/weather/ic-w-04-scattered-clouds-full.svg,Huế,0.7046892870940699,0,0.10467817902972831,0
2025-04-02 00:00:00+07:00,69.0,11.1,77.0,/dl/web/weather/ic-w-04-scattered-clouds-full.svg,Huế,0.7046892870940699,0,0.42149943142505253,0
2025-04-02 01:00:00+07:00,69.0,7.4,82.0,/dl/web/weather/ic-w-04-scattered-clouds-full.svg,Huế,0.7046892870940699,0,-0.19546827060794705,0
2025-04-02 02:00:00+07:00,75.0,11.1,82.0,/dl/web/weather/ic-w-04-scattered-clouds-full.svg,Huế,1.0164373457312117,0,0.42149943142505253,0
2025-04-02 03:00:00+07:00,75.0,7.4,82.0,/dl/web/weather/ic-w-04-scattered-clouds-full.svg,Huế,1.0164373457312117,0,-0.19546827060794705,0
2025-04-02 04:00:00+07:00,75.0,7.4,82.0,/dl/web/weather/ic-w-04-scattered-clouds-full.svg,Huế,1.0164373457312117,0,-0.19546827060794705,0
2025-04-02 05:00:00+07:00,73.0,7.4,82.0,/dl/web/weather/ic-w-04-scattered-clouds-full.svg,Huế,0.9125213261854977,0,-0.19546827060794705,0
2025-04-02 06:00:00+07:00,73.0,5.5,82.0,/dl/web/weather/ic-w-04-scattered-clouds-full.svg,Huế,0.9125213261854977,0,-0.5122895230032712,0
2025-04-02 07:00:00+07:00,73.0,3.7,82.0,/dl/web/weather/ic-w-04-scattered-clouds-full.svg,Huế,0.9125213261854977,0,-0.8124359726409468,0
2025-04-02 09:00:00+07:00,72.0,11.1,82.0,/dl/web/weather/ic-w-04-scattered-clouds-full.svg,Huế,0.8605633164126407,0,0.42149943142505253,0
2025-04-02 10:00:00+07:00,72.0,11.1,82.0,/dl/web/weather/ic-w-04-scattered-clouds-full.svg,Huế,0.8605633164126407,0,0.42149943142505253,0
2025-04-02 11:00:00+07:00,74.0,11.1,82.0,/dl/web/weather/ic-w-04-scattered-clouds-full.svg,Huế,0.9644793359583547,0,0.42149943142505253,0
2025-04-02 12:00:00+07:00,74.0,9.2,83.0,/dl/web/weather/ic-w-04-scattered-clouds-full.svg,Huế,0.9644793359583547,0,0.10467817902972831,0
2025-04-02 13:00:00+07:00,74.0,13.0,94.0,/dl/web/weather/ic-w-09-mist-full.svg,Huế,0.9644793359583547,0,0.7383206838203767,0
2025-04-02 14:00:00+07:00,72.0,13.0,94.0,/dl/web/weather/ic-w-09-mist-full.svg,Huế,0.8605633164126407,0,0.7383206838203767,0
2025-04-02 15:00:00+07:00,72.0,11.1,94.0,/dl/web/weather/ic-w-09-mist-full.svg,Huế,0.8605633164126407,0,0.42149943142505253,0
2025-04-02 16:00:00+07:00,72.0,13.0,88.0,/dl/web/weather/ic-w-04-scattered-clouds-full.svg,Huế,0.8605633164126407,0,0.7383206838203767,0
2025-04-02 17:00:00+07:00,80.0,11.1,88.0,/dl/web/weather/ic-w-04-scattered-clouds-full.svg,Huế,1.2762273945954965,0,0.42149943142505253,0
2025-04-02 18:00:00+07:00,80.0,7.4,83.0,/dl/web/weather/ic-w-04-scattered-clouds-full.svg,Huế,1.2762273945954965,0,-0.19546827060794705,0
2025-04-02 19:00:00+07:00,80.0,7.4,88.0,/dl/web/weather/ic-w-04-scattered-clouds-full.svg,Huế,1.2762273945954965,0,-0.19546827060794705,0
2025-04-02 20:00:00+07:00,77.0,3.7,83.0,/dl/web/weather/ic-w-04-scattered-clouds-full.svg,Huế,1.1203533652769258,0,-0.8124359726409468,0
2025-04-02 21:00:00+07:00,77.0,3.7,83.0,/dl/web/weather/ic-w-04-scattered-clouds-full.svg,Huế,1.1203533652769258,0,-0.8124359726409468,0
2025-04-02 22:00:00+07:00,77.0,5.5,83.0,/dl/web/weather/ic-w-04-scattered-clouds-full.svg,Huế,1.1203533652769258,0,-0.5122895230032712,0
2025-04-02 23:00:00+07:00,82.0,9.2,88.0,/dl/web/weather/ic-w-04-scattered-clouds-full.svg,Huế,1.3801434141412106,0,0.10467817902972831,0
2025-04-03 00:00:00+07:00,82.0,5.5,83.0,/dl/web/weather/ic-w-04-scattered-clouds-full.svg,Huế,1.3801434141412106,0,-0.5122895230032712,0
2025-04-03 01:00:00+07:00,82.0,3.7,83.0,/dl/web/weather/ic-w-04-scattered-clouds-full.svg,Huế,1.3801434141412106,0,-0.8124359726409468,0
2025-04-03 02:00:00+07:00,87.0,3.7,83.0,/dl/web/weather/ic-w-04-scattered-clouds-full.svg,Huế,1.6399334630054954,0,-0.8124359726409468,0
2025-04-03 03:00:00+07:00,87.0,3.7,88.0,/dl/web/weather/ic-w-04-scattered-clouds-full.svg,Huế,1.6399334630054954,0,-0.8124359726409468,0
2025-04-03 04:00:00+07:00,87.0,0.0,94.0,/dl/web/weather/ic-w-04-scattered-clouds-full.svg,Huế,1.6399334630054954,0,-1.4294036746739465,0
2025-04-03 05:00:00+07:00,88.0,1.8,94.0,/dl/web/weather/ic-w-04-scattered-clouds-full.svg,Huế,1.6918914727783523,0,-1.1292572250362711,0
2025-04-03 06:00:00+07:00,88.0,2.9,83.0,/dl/web/weather/ic-w-04-scattered-clouds-full.svg,Huế,1.6918914727783523,0,-0.9458343947021359,0
2025-04-03 07:00:00+07:00,88.0,2.9,84.0,/dl/web/weather/ic-w-04-scattered-clouds-full.svg,Huế,1.6918914727783523,0,-0.9458343947021359,0
2025-04-03 08:00:00+07:00,90.0,3.7,88.0,/dl/web/weather/ic-w-04-scattered-clouds-full.svg,Huế,1.7958074923240663,0,-0.8124359726409468,0
2025-04-03 09:00:00+07:00,90.0,3.7,87.0,/dl/web/weather/ic-w-04-scattered-clouds-full.svg,Huế,1.7958074923240663,0,-0.8124359726409468,0
2025-04-03 10:00:00+07:00,90.0,9.2,83.0,/dl/web/weather/ic-w-04-scattered-clouds-full.svg,Huế,1.7958074923240663,0,0.10467817902972831,0
2025-04-03 11:00:00+07:00,92.0,9.2,83.0,/dl/web/weather/ic-w-04-scattered-clouds-full.svg,Huế,1.8997235118697804,0,0.10467817902972831,0
2025-04-03 12:00:00+07:00,92.0,9.2,83.0,/dl/web/weather/ic-w-04-scattered-clouds-full.svg,Huế,1.8997235118697804,0,0.10467817902972831,0
2025-04-03 13:00:00+07:00,92.0,9.2,83.0,/dl/web/weather/ic-w-04-scattered-clouds-full.svg,Huế,1.8997235118697804,0,0.10467817902972831,0
2025-04-03 14:00:00+07:00,87.0,11.1,83.0,/dl/web/weather/ic-w-04-scattered-clouds-full.svg,Huế,1.6399334630054954,0,0.42149943142505253,0
2025-04-03 15:00:00+07:00,87.0,9.2,88.0,/dl/web/weather/ic-w-09-mist-full.svg,Huế,1.6399334630054954,0,0.10467817902972831,0
2025-04-03 16:00:00+07:00,87.0,9.2,88.0,/dl/web/weather/ic-w-09-mist-full.svg,Huế,1.6399334630054954,0,0.10467817902972831,0
2025-04-03 17:00:00+07:00,90.0,7.4,88.0,/dl/web/weather/ic-w-04-scattered-clouds-full.svg,Huế,1.7958074923240663,0,-0.19546827060794705,0
2025-04-03 18:00:00+07:00,90.0,5.5,88.0,/dl/web/weather/ic-w-04-scattered-clouds-full.svg,Huế,1.7958074923240663,0,-0.5122895230032712,0
2025-04-03 19:00:00+07:00,90.0,5.5,88.0,/dl/web/weather/ic-w-04-scattered-clouds-full.svg,Huế,1.7958074923240663,0,-0.5122895230032712,0
2025-04-03 20:00:00+07:00,91.0,3.7,94.0,/dl/web/weather/ic-w-04-scattered-clouds-full.svg,Huế,1.8477655020969233,0,-0.8124359726409468,0
2025-04-03 21:00:00+07:00,91.0,3.7,94.0,/dl/web/weather/ic-w-04-scattered-clouds-full.svg,Huế,1.8477655020969233,0,-0.8124359726409468,0
2025-04-03 22:00:00+07:00,91.0,5.5,94.0,/dl/web/weather/ic-w-09-mist-full.svg,Huế,1.8477655020969233,0,-0.5122895230032712,0
2025-04-03 23:00:00+07:00,94.0,3.7,94.0,/dl/web/weather/ic-w-09-mist-full.svg,Huế,2.0036395314154944,0,-0.8124359726409468,0
2025-04-04 00:00:00+07:00,94.0,1.8,94.0,/dl/web/weather/ic-w-09-mist-full.svg,Huế,2.0036395314154944,0,-1.1292572250362711,0
2025-04-04 02:00:00+07:00,94.0,5.5,94.0,/dl/web/weather/ic-w-09-mist-full.svg,Huế,2.0036395314154944,0,-0.5122895230032712,0
2025-04-04 03:00:00+07:00,94.0,5.5,94.0,/dl/web/weather/ic-w-09-mist-full.svg,Huế,2.0036395314154944,0,-0.5122895230032712,0
2025-04-04 04:00:00+07:00,94.0,1.8,94.0,/dl/web/weather/ic-w-09-mist-full.svg,Huế,2.0036395314154944,0,-1.1292572250362711,0
2025-04-04 05:00:00+07:00,94.0,1.8,94.0,/dl/web/weather/ic-w-09-mist-full.svg,Huế,2.0036395314154944,0,-1.1292572250362711,0
2025-04-04 06:00:00+07:00,94.0,1.8,94.0,/dl/web/weather/ic-w-09-mist-full.svg,Huế,2.0036395314154944,0,-1.1292572250362711,0
2025-04-04 07:00:00+07:00,94.0,1.8,94.0,/dl/web/weather/ic-w-09-mist-full.svg,Huế,2.0036395314154944,0,-1.1292572250362711,0
2025-04-04 08:00:00+07:00,97.0,3.7,94.0,/dl/web/weather/ic-w-09-mist-full.svg,Huế,2.159513560734065,0,-0.8124359726409468,0
2025-04-04 09:00:00+07:00,97.0,3.7,94.0,/dl/web/weather/ic-w-09-mist-full.svg,Huế,2.159513560734065,0,-0.8124359726409468,0
2025-04-04 10:00:00+07:00,97.0,10.0,83.0,/dl/web/weather/ic-w-04-scattered-clouds-full.svg,Huế,2.159513560734065,0,0.23807660109091755,0
2025-04-04 11:00:00+07:00,96.0,10.0,83.0,/dl/web/weather/ic-w-04-scattered-clouds-full.svg,Huế,2.1075555509612083,0,0.23807660109091755,0
2025-04-04 12:00:00+07:00,96.0,7.4,88.0,/dl/web/weather/ic-w-04-scattered-clouds-full.svg,Huế,2.1075555509612083,0,-0.19546827060794705,0
2025-04-04 13:00:00+07:00,96.0,13.0,83.0,/dl/web/weather/ic-w-04-scattered-clouds-full.svg,Huế,2.1075555509612083,0,0.7383206838203767,0
2025-04-04 14:00:00+07:00,89.0,16.7,78.0,/dl/web/weather/ic-w-04-scattered-clouds-full.svg,Huế,1.7438494825512094,0,1.3552883858533764,0
2025-04-04 15:00:00+07:00,89.0,18.5,73.0,/dl/web/weather/ic-w-04-scattered-clouds-full.svg,Huế,1.7438494825512094,0,1.655434835491052,0
2025-04-04 16:00:00+07:00,89.0,16.7,73.0,/dl/web/weather/ic-w-04-scattered-clouds-full.svg,Huế,1.7438494825512094,0,1.3552883858533764,0
2025-04-04 17:00:00+07:00,87.0,14.8,73.0,/dl/web/weather/ic-w-02-new-clouds-full.svg,Huế,1.6399334630054954,0,1.0384671334580524,0
2025-04-04 18:00:00+07:00,87.0,13.0,69.0,/dl/web/weather/ic-w-02-new-clouds-full.svg,Huế,1.6399334630054954,0,0.7383206838203767,0
2025-04-04 19:00:00+07:00,87.0,11.1,78.0,/dl/web/weather/ic-w-02-new-clouds-full.svg,Huế,1.6399334630054954,0,0.42149943142505253,0
2025-04-04 20:00:00+07:00,86.0,3.7,88.0,/dl/web/weather/ic-w-11-night-few-clouds-full.svg,Huế,1.5879754532326384,0,-0.8124359726409468,0
2025-04-04 21:00:00+07:00,86.0,3.7,88.0,/dl/web/weather/ic-w-11-night-few-clouds-full.svg,Huế,1.5879754532326384,0,-0.8124359726409468,0
2025-04-04 22:00:00+07:00,86.0,7.4,94.0,/dl/web/weather/ic-w-04-scattered-clouds-full.svg,Huế,1.5879754532326384,0,-0.19546827060794705,0
2025-04-04 23:00:00+07:00,96.0,11.1,94.0,/dl/web/weather/ic-w-04-scattered-clouds-full.svg,Huế,2.1075555509612083,0,0.42149943142505253,0
2025-04-05 00:00:00+07:00,96.0,9.2,94.0,/dl/web/weather/ic-w-04-scattered-clouds-full.svg,Huế,2.1075555509612083,0,0.10467817902972831,0
2025-04-05 01:00:00+07:00,96.0,5.5,94.0,/dl/web/weather/ic-w-04-scattered-clouds-full.svg,Huế,2.1075555509612083,0,-0.5122895230032712,0
2025-04-05 02:00:00+07:00,98.0,3.7,94.0,/dl/web/weather/ic-w-04-scattered-clouds-full.svg,Huế,2.211471570506922,0,-0.8124359726409468,0
2025-04-05 03:00:00+07:00,98.0,3.7,94.0,/dl/web/weather/ic-w-09-mist-full.svg,Huế,2.211471570506922,0,-0.8124359726409468,0
2025-04-05 04:00:00+07:00,98.0,1.8,94.0,/dl/web/weather/ic-w-09-mist-full.svg,Huế,2.211471570506922,0,-1.1292572250362711,0
2025-04-05 05:00:00+07:00,108.0,3.7,94.0,/dl/web/weather/ic-w-09-mist-full.svg,Huế,2.7310516682354917,0,-0.8124359726409468,0
2025-04-05 06:00:00+07:00,108.0,3.7,94.0,/dl/web/weather/ic-w-09-mist-full.svg,Huế,2.7310516682354917,0,-0.8124359726409468,0
2025-04-05 07:00:00+07:00,108.0,7.4,100.0,/dl/web/weather/ic-w-09-mist-full.svg,Huế,2.7310516682354917,0,-0.19546827060794705,0
2025-04-05 08:00:00+07:00,115.0,5.5,94.0,/dl/web/weather/ic-w-09-mist-full.svg,Huế,3.094757736645491,-1,-0.5122895230032712,0
2025-04-05 09:00:00+07:00,115.0,7.4,88.0,/dl/web/weather/ic-w-04-scattered-clouds-full.svg,Huế,3.094757736645491,-1,-0.19546827060794705,0
2025-04-05 10:00:00+07:00,115.0,3.7,94.0,/dl/web/weather/ic-w-04-scattered-clouds-full.svg,Huế,3.094757736645491,-1,-0.8124359726409468,0
2025-04-05 11:00:00+07:00,113.0,3.7,94.0,/dl/web/weather/ic-w-04-scattered-clouds-full.svg,Huế,2.990841717099777,0,-0.8124359726409468,0
2025-04-05 12:00:00+07:00,113.0,5.5,88.0,/dl/web/weather/ic-w-04-scattered-clouds-full.svg,Huế,2.990841717099777,0,-0.5122895230032712,0
2025-04-05 13:00:00+07:00,113.0,7.4,78.0,/dl/web/weather/ic-w-04-scattered-clouds-full.svg,Huế,2.990841717099777,0,-0.19546827060794705,0
2025-04-05 14:00:00+07:00,92.0,13.0,83.0,/dl/web/weather/ic-w-04-scattered-clouds-full.svg,Huế,1.8997235118697804,0,0.7383206838203767,0
2025-04-05 15:00:00+07:00,92.0,13.0,88.0,/dl/web/weather/ic-w-04-scattered-clouds-full.svg,Huế,1.8997235118697804,0,0.7383206838203767,0
2025-04-05 16:00:00+07:00,92.0,11.1,83.0,/dl/web/weather/ic-w-04-scattered-clouds-full.svg,Huế,1.8997235118697804,0,0.42149943142505253,0
2025-04-05 17:00:00+07:00,82.0,9.2,83.0,/dl/web/weather/ic-w-04-scattered-clouds-full.svg,Huế,1.3801434141412106,0,0.10467817902972831,0
2025-04-05 18:00:00+07:00,82.0,7.4,83.0,/dl/web/weather/ic-w-04-scattered-clouds-full.svg,Huế,1.3801434141412106,0,-0.19546827060794705,0
2025-04-05 19:00:00+07:00,82.0,5.5,88.0,/dl/web/weather/ic-w-04-scattered-clouds-full.svg,Huế,1.3801434141412106,0,-0.5122895230032712,0
2025-04-05 20:00:00+07:00,84.0,3.7,88.0,/dl/web/weather/ic-w-09-mist-full.svg,Huế,1.4840594336869244,0,-0.8124359726409468,0
2025-04-05 21:00:00+07:00,84.0,3.7,88.0,/dl/web/weather/ic-w-09-mist-full.svg,Huế,1.4840594336869244,0,-0.8124359726409468,0
2025-04-05 22:00:00+07:00,84.0,3.7,100.0,/dl/web/weather/ic-w-06-rain-full.svg,Huế,1.4840594336869244,0,-0.8124359726409468,0
2025-04-05 23:00:00+07:00,90.0,1.8,100.0,/dl/web/weather/ic-w-06-rain-full.svg,Huế,1.7958074923240663,0,-1.1292572250362711,0
2025-04-06 00:00:00+07:00,90.0,3.7,100.0,/dl/web/weather/ic-w-09-mist-full.svg,Huế,1.7958074923240663,0,-0.8124359726409468,0
2025-04-06 01:00:00+07:00,90.0,11.1,100.0,/dl/web/weather/ic-w-06-rain-full.svg,Huế,1.7958074923240663,0,0.42149943142505253,0
2025-04-06 03:00:00+07:00,87.0,9.2,100.0,/dl/web/weather/ic-w-04-scattered-clouds-full.svg,Huế,1.6399334630054954,0,0.10467817902972831,0
2025-04-06 04:00:00+07:00,87.0,5.5,100.0,/dl/web/weather/ic-w-04-scattered-clouds-full.svg,Huế,1.6399334630054954,0,-0.5122895230032712,0
2025-04-06 05:00:00+07:00,88.0,5.5,100.0,/dl/web/weather/ic-w-09-mist-full.svg,Huế,1.6918914727783523,0,-0.5122895230032712,0
2025-04-06 06:00:00+07:00,88.0,7.4,100.0,/dl/web/weather/ic-w-09-mist-full.svg,Huế,1.6918914727783523,0,-0.19546827060794705,0
2025-04-06 07:00:00+07:00,88.0,9.2,100.0,/dl/web/weather/ic-w-09-mist-full.svg,Huế,1.6918914727783523,0,0.10467817902972831,0
2025-04-06 08:00:00+07:00,81.0,9.2,100.0,/dl/web/weather/ic-w-06-rain-full.svg,Huế,1.3281854043683536,0,0.10467817902972831,0
2025-04-06 09:00:00+07:00,81.0,9.2,100.0,/dl/web/weather/ic-w-06-rain-full.svg,Huế,1.3281854043683536,0,0.10467817902972831,0
2025-04-06 10:00:00+07:00,81.0,7.4,94.0,/dl/web/weather/ic-w-04-scattered-clouds-full.svg,Huế,1.3281854043683536,0,-0.19546827060794705,0
2025-04-06 11:00:00+07:00,80.0,7.4,94.0,/dl/web/weather/ic-w-04-scattered-clouds-full.svg,Huế,1.2762273945954965,0,-0.19546827060794705,0
2025-04-06 12:00:00+07:00,80.0,9.2,94.0,/dl/web/weather/ic-w-04-scattered-clouds-full.svg,Huế,1.2762273945954965,0,0.10467817902972831,0
2025-04-06 13:00:00+07:00,80.0,13.0,94.0,/dl/web/weather/ic-w-06-rain-full.svg,Huế,1.2762273945954965,0,0.7383206838203767,0
2025-04-06 14:00:00+07:00,79.0,14.8,94.0,/dl/web/weather/ic-w-04-scattered-clouds-full.svg,Huế,1.2242693848226396,0,1.0384671334580524,0
2025-04-06 15:00:00+07:00,79.0,9.2,94.0,/dl/web/weather/ic-w-04-scattered-clouds-full.svg,Huế,1.2242693848226396,0,0.10467817902972831,0
2025-04-06 16:00:00+07:00,79.0,5.5,88.0,/dl/web/weather/ic-w-04-scattered-clouds-full.svg,Huế,1.2242693848226396,0,-0.5122895230032712,0
2025-04-06 17:00:00+07:00,78.0,5.5,94.0,/dl/web/weather/ic-w-04-scattered-clouds-full.svg,Huế,1.1723113750497827,0,-0.5122895230032712,0
2025-04-06 18:00:00+07:00,78.0,5.5,88.0,/dl/web/weather/ic-w-04-scattered-clouds-full.svg,Huế,1.1723113750497827,0,-0.5122895230032712,0
2025-04-06 19:00:00+07:00,78.0,7.4,88.0,/dl/web/weather/ic-w-04-scattered-clouds-full.svg,Huế,1.1723113750497827,0,-0.19546827060794705,0
2025-04-06 20:00:00+07:00,87.0,3.7,100.0,/dl/web/weather/ic-w-09-mist-full.svg,Huế,1.6399334630054954,0,-0.8124359726409468,0
2025-04-06 21:00:00+07:00,87.0,3.7,100.0,/dl/web/weather/ic-w-09-mist-full.svg,Huế,1.6399334630054954,0,-0.8124359726409468,0
2025-04-06 22:00:00+07:00,87.0,3.7,100.0,/dl/web/weather/ic-w-06-rain-full.svg,Huế,1.6399334630054954,0,-0.8124359726409468,0
2025-04-06 23:00:00+07:00,92.0,9.2,100.0,/dl/web/weather/ic-w-09-mist-full.svg,Huế,1.8997235118697804,0,0.10467817902972831,0
2025-04-07 00:00:00+07:00,92.0,1.8,94.0,/dl/web/weather/ic-w-09-mist-full.svg,Huế,1.8997235118697804,0,-1.1292572250362711,0
2025-04-07 01:00:00+07:00,92.0,5.5,100.0,/dl/web/weather/ic-w-09-mist-full.svg,Huế,1.8997235118697804,0,-0.5122895230032712,0
2025-04-07 02:00:00+07:00,86.0,3.7,100.0,/dl/web/weather/ic-w-09-mist-full.svg,Huế,1.5879754532326384,0,-0.8124359726409468,0
2025-04-07 03:00:00+07:00,86.0,3.7,100.0,/dl/web/weather/ic-w-09-mist-full.svg,Huế,1.5879754532326384,0,-0.8124359726409468,0
2025-04-07 04:00:00+07:00,86.0,7.4,94.0,/dl/web/weather/ic-w-09-mist-full.svg,Huế,1.5879754532326384,0,-0.19546827060794705,0
2025-04-07 05:00:00+07:00,92.0,7.4,94.0,/dl/web/weather/ic-w-09-mist-full.svg,Huế,1.8997235118697804,0,-0.19546827060794705,0
2025-04-07 06:00:00+07:00,92.0,7.4,94.0,/dl/web/weather/ic-w-09-mist-full.svg,Huế,1.8997235118697804,0,-0.19546827060794705,0
2025-04-07 07:00:00+07:00,92.0,9.2,100.0,/dl/web/weather/ic-w-09-mist-full.svg,Huế,1.8997235118697804,0,0.10467817902972831,0
2025-04-07 08:00:00+07:00,97.0,7.4,100.0,/dl/web/weather/ic-w-09-mist-full.svg,Huế,2.159513560734065,0,-0.19546827060794705,0
2025-04-07 09:00:00+07:00,97.0,9.2,88.0,/dl/web/weather/ic-w-04-scattered-clouds-full.svg,Huế,2.159513560734065,0,0.10467817902972831,0
2025-04-07 10:00:00+07:00,97.0,7.4,88.0,/dl/web/weather/ic-w-04-scattered-clouds-full.svg,Huế,2.159513560734065,0,-0.19546827060794705,0
2025-04-07 11:00:00+07:00,90.0,7.4,88.0,/dl/web/weather/ic-w-04-scattered-clouds-full.svg,Huế,1.7958074923240663,0,-0.19546827060794705,0
2025-04-07 12:00:00+07:00,90.0,3.7,83.0,/dl/web/weather/ic-w-04-scattered-clouds-full.svg,Huế,1.7958074923240663,0,-0.8124359726409468,0
2025-04-07 13:00:00+07:00,90.0,11.1,78.0,/dl/web/weather/ic-w-04-scattered-clouds-full.svg,Huế,1.7958074923240663,0,0.42149943142505253,0
2025-04-07 14:00:00+07:00,82.0,13.0,83.0,/dl/web/weather/ic-w-04-scattered-clouds-full.svg,Huế,1.3801434141412106,0,0.7383206838203767,0
2025-04-07 15:00:00+07:00,57.0,9.2,83.0,/dl/web/weather/ic-w-04-scattered-clouds-full.svg,Huế,0.08119316981978612,0,0.10467817902972831,0
2025-04-07 16:00:00+07:00,54.0,13.0,83.0,/dl/web/weather/ic-w-04-scattered-clouds-full.svg,Huế,-0.07468085949878481,0,0.7383206838203767,0
2025-04-07 17:00:00+07:00,53.0,9.2,88.0,/dl/web/weather/ic-w-04-scattered-clouds-full.svg,Huế,-0.12663886927164178,0,0.10467817902972831,0
2025-04-07 18:00:00+07:00,53.0,11.1,88.0,/dl/web/weather/ic-w-04-scattered-clouds-full.svg,Huế,-0.12663886927164178,0,0.42149943142505253,0
2025-04-07 19:00:00+07:00,55.0,9.2,94.0,/dl/web/weather/ic-w-09-mist-full.svg,Huế,-0.022722849725927835,0,0.10467817902972831,0
2025-04-07 20:00:00+07:00,60.0,3.7,94.0,/dl/web/weather/ic-w-04-scattered-clouds-full.svg,Huế,0.23706719913835705,0,-0.8124359726409468,0
2025-04-07 21:00:00+07:00,64.0,3.7,94.0,/dl/web/weather/ic-w-04-scattered-clouds-full.svg,Huế,0.44489923822978494,0,-0.8124359726409468,0
2025-04-07 22:00:00+07:00,64.0,3.7,100.0,/dl/web/weather/ic-w-09-mist-full.svg,Huế,0.44489923822978494,0,-0.8124359726409468,0
2025-04-07 23:00:00+07:00,61.0,7.4,100.0,/dl/web/weather/ic-w-09-mist-full.svg,Huế,0.289025208911214,0,-0.19546827060794705,0
2025-04-08 00:00:00+07:00,59.0,7.4,94.0,/dl/web/weather/ic-w-09-mist-full.svg,Huế,0.18510918936550008,0,-0.19546827060794705,0
2025-04-08 01:00:00+07:00,58.0,7.4,94.0,/dl/web/weather/ic-w-06-rain-full.svg,Huế,0.13315117959264308,0,-0.19546827060794705,0
2025-04-08 02:00:00+07:00,61.0,7.4,94.0,/dl/web/weather/ic-w-09-mist-full.svg,Huế,0.289025208911214,0,-0.19546827060794705,0
2025-04-08 03:00:00+07:00,66.0,7.4,94.0,/dl/web/weather/ic-w-06-rain-full.svg,Huế,0.5488152577754989,0,-0.19546827060794705,0
2025-04-08 04:00:00+07:00,66.0,9.2,94.0,/dl/web/weather/ic-w-06-rain-full.svg,Huế,0.5488152577754989,0,0.10467817902972831,0
2025-04-08 05:00:00+07:00,67.0,7.4,100.0,/dl/web/weather/ic-w-06-rain-full.svg,Huế,0.6007732675483559,0,-0.19546827060794705,0
2025-04-08 06:00:00+07:00,67.0,7.4,100.0,/dl/web/weather/ic-w-06-rain-full.svg,Huế,0.6007732675483559,0,-0.19546827060794705,0
2025-04-08 07:00:00+07:00,66.0,1.8,100.0,/dl/web/weather/ic-w-06-rain-full.svg,Huế,0.5488152577754989,0,-1.1292572250362711,0
2025-04-08 08:00:00+07:00,71.0,5.5,94.0,/dl/web/weather/ic-w-09-mist-full.svg,Huế,0.8086053066397838,0,-0.5122895230032712,0
2025-04-08 09:00:00+07:00,71.0,5.5,88.0,/dl/web/weather/ic-w-09-mist-full.svg,Huế,0.8086053066397838,0,-0.5122895230032712,0
2025-04-08 10:00:00+07:00,72.0,5.5,88.0,/dl/web/weather/ic-w-04-scattered-clouds-full.svg,Huế,0.8605633164126407,0,-0.5122895230032712,0
2025-04-08 11:00:00+07:00,72.0,5.5,88.0,/dl/web/weather/ic-w-04-scattered-clouds-full.svg,Huế,0.8605633164126407,0,-0.5122895230032712,0
2025-04-08 12:00:00+07:00,75.0,5.5,78.0,/dl/web/weather/ic-w-04-scattered-clouds-full.svg,Huế,1.0164373457312117,0,-0.5122895230032712,0
2025-04-08 13:00:00+07:00,71.0,14.8,89.0,/dl/web/weather/ic-w-04-scattered-clouds-full.svg,Huế,0.8086053066397838,0,1.0384671334580524,0
2025-04-08 14:00:00+07:00,68.0,13.0,83.0,/dl/web/weather/ic-w-04-scattered-clouds-full.svg,Huế,0.6527312773212128,0,0.7383206838203767,0
2025-04-08 15:00:00+07:00,65.0,13.0,78.0,/dl/web/weather/ic-w-04-scattered-clouds-full.svg,Huế,0.4968572480026419,0,0.7383206838203767,0
2025-04-08 16:00:00+07:00,60.0,13.0,78.0,/dl/web/weather/ic-w-04-scattered-clouds-full.svg,Huế,0.23706719913835705,0,0.7383206838203767,0
2025-04-08 17:00:00+07:00,58.0,16.7,74.0,/dl/web/weather/ic-w-04-scattered-clouds-full.svg,Huế,0.13315117959264308,0,1.3552883858533764,0
2025-04-08 18:00:00+07:00,58.0,16.7,78.0,/dl/web/weather/ic-w-04-scattered-clouds-full.svg,Huế,0.13315117959264308,0,1.3552883858533764,0
2025-04-08 19:00:00+07:00,58.0,13.0,88.0,/dl/web/weather/ic-w-04-scattered-clouds-full.svg,Huế,0.13315117959264308,0,0.7383206838203767,0
2025-04-08 20:00:00+07:00,60.0,7.4,88.0,/dl/web/weather/ic-w-04-scattered-clouds-full.svg,Huế,0.23706719913835705,0,-0.19546827060794705,0
2025-04-08 21:00:00+07:00,63.0,7.4,88.0,/dl/web/weather/ic-w-04-scattered-clouds-full.svg,Huế,0.39294122845692797,0,-0.19546827060794705,0
2025-04-08 22:00:00+07:00,66.0,5.5,88.0,/dl/web/weather/ic-w-04-scattered-clouds-full.svg,Huế,0.5488152577754989,0,-0.5122895230032712,0
2025-04-08 23:00:00+07:00,66.0,1.8,88.0,/dl/web/weather/ic-w-04-scattered-clouds-full.svg,Huế,0.5488152577754989,0,-1.1292572250362711,0
2025-04-09 00:00:00+07:00,70.0,3.7,94.0,/dl/web/weather/ic-w-09-mist-full.svg,Huế,0.7566472968669268,0,-0.8124359726409468,0
2025-04-09 01:00:00+07:00,74.0,3.7,94.0,/dl/web/weather/ic-w-09-mist-full.svg,Huế,0.9644793359583547,0,-0.8124359726409468,0
2025-04-09 02:00:00+07:00,76.0,5.5,100.0,/dl/web/weather/ic-w-09-mist-full.svg,Huế,1.0683953555040686,0,-0.5122895230032712,0
2025-04-09 03:00:00+07:00,78.0,9.2,100.0,/dl/web/weather/ic-w-09-mist-full.svg,Huế,1.1723113750497827,0,0.10467817902972831,0
2025-04-09 04:00:00+07:00,78.0,1.8,94.0,/dl/web/weather/ic-w-09-mist-full.svg,Huế,1.1723113750497827,0,-1.1292572250362711,0
2025-04-09 05:00:00+07:00,78.0,5.5,94.0,/dl/web/weather/ic-w-09-mist-full.svg,Huế,1.1723113750497827,0,-0.5122895230032712,0
2025-04-09 06:00:00+07:00,80.0,5.5,100.0,/dl/web/weather/ic-w-09-mist-full.svg,Huế,1.2762273945954965,0,-0.5122895230032712,0
2025-04-09 07:00:00+07:00,83.0,7.4,94.0,/dl/web/weather/ic-w-09-mist-full.svg,Huế,1.4321014239140675,0,-0.19546827060794705,0
2025-04-09 08:00:00+07:00,87.0,3.7,94.0,/dl/web/weather/ic-w-09-mist-full.svg,Huế,1.6399334630054954,0,-0.8124359726409468,0
2025-04-09 09:00:00+07:00,87.0,9.2,94.0,/dl/web/weather/ic-w-09-mist-full.svg,Huế,1.6399334630054954,0,0.10467817902972831,0
2025-04-09 10:00:00+07:00,87.0,3.7,83.0,/dl/web/weather/ic-w-04-scattered-clouds-full.svg,Huế,1.6399334630054954,0,-0.8124359726409468,0
2025-04-09 11:00:00+07:00,87.0,3.7,83.0,/dl/web/weather/ic-w-04-scattered-clouds-full.svg,Huế,1.6399334630054954,0,-0.8124359726409468,0
2025-04-09 12:00:00+07:00,96.0,7.4,78.0,/dl/web/weather/ic-w-04-scattered-clouds-full.svg,Huế,2.1075555509612083,0,-0.19546827060794705,0
2025-04-09 13:00:00+07:00,91.0,9.2,74.0,/dl/web/weather/ic-w-04-scattered-clouds-full.svg,Huế,1.8477655020969233,0,0.10467817902972831,0
2025-04-09 14:00:00+07:00,84.0,14.8,74.0,/dl/web/weather/ic-w-04-scattered-clouds-full.svg,Huế,1.4840594336869244,0,1.0384671334580524,0
2025-04-09 15:00:00+07:00,78.0,13.0,74.0,/dl/web/weather/ic-w-02-new-clouds-full.svg,Huế,1.1723113750497827,0,0.7383206838203767,0
2025-04-09 16:00:00+07:00,72.0,14.8,74.0,/dl/web/weather/ic-w-02-new-clouds-full.svg,Huế,0.8605633164126407,0,1.0384671334580524,0
2025-04-09 17:00:00+07:00,69.0,11.1,78.0,/dl/web/weather/ic-w-06-rain-full.svg,Huế,0.7046892870940699,0,0.42149943142505253,0
2025-04-09 18:00:00+07:00,66.0,9.2,83.0,/dl/web/weather/ic-w-06-rain-full.svg,Huế,0.5488152577754989,0,0.10467817902972831,0
2025-04-09 19:00:00+07:00,66.0,13.0,94.0,/dl/web/weather/ic-w-02-new-clouds-full.svg,Huế,0.5488152577754989,0,0.7383206838203767,0
2025-04-09 20:00:00+07:00,67.0,1.8,94.0,/dl/web/weather/ic-w-12-night-rain-full.svg,Huế,0.6007732675483559,0,-1.1292572250362711,0
2025-04-09 22:00:00+07:00,71.0,5.5,94.0,/dl/web/weather/ic-w-04-scattered-clouds-full.svg,Huế,0.8086053066397838,0,-0.5122895230032712,0
2025-04-09 23:00:00+07:00,76.0,5.5,94.0,/dl/web/weather/ic-w-12-night-rain-full.svg,Huế,1.0683953555040686,0,-0.5122895230032712,0
2025-04-10 00:00:00+07:00,78.0,3.7,94.0,/dl/web/weather/ic-w-04-scattered-clouds-full.svg,Huế,1.1723113750497827,0,-0.8124359726409468,0
2025-04-10 01:00:00+07:00,81.0,1.8,94.0,/dl/web/weather/ic-w-09-mist-full.svg,Huế,1.3281854043683536,0,-1.1292572250362711,0
2025-04-10 02:00:00+07:00,84.0,5.5,94.0,/dl/web/weather/ic-w-09-mist-full.svg,Huế,1.4840594336869244,0,-0.5122895230032712,0
2025-04-10 03:00:00+07:00,83.0,1.8,94.0,/dl/web/weather/ic-w-09-mist-full.svg,Huế,1.4321014239140675,0,-1.1292572250362711,0
2025-04-10 04:00:00+07:00,82.0,1.8,94.0,/dl/web/weather/ic-w-09-mist-full.svg,Huế,1.3801434141412106,0,-1.1292572250362711,0
2025-04-10 05:00:00+07:00,80.0,1.8,100.0,/dl/web/weather/ic-w-09-mist-full.svg,Huế,1.2762273945954965,0,-1.1292572250362711,0
2025-04-10 06:00:00+07:00,80.0,1.8,94.0,/dl/web/weather/ic-w-12-night-rain-full.svg,Huế,1.2762273945954965,0,-1.1292572250362711,0
2025-04-10 07:00:00+07:00,80.0,1.8,88.0,/dl/web/weather/ic-w-09-mist-full.svg,Huế,1.2762273945954965,0,-1.1292572250362711,0
2025-04-10 08:00:00+07:00,82.0,3.7,88.0,/dl/web/weather/ic-w-04-scattered-clouds-full.svg,Huế,1.3801434141412106,0,-0.8124359726409468,0
2025-04-10 09:00:00+07:00,79.0,9.2,89.0,/dl/web/weather/ic-w-06-rain-full.svg,Huế,1.2242693848226396,0,0.10467817902972831,0
2025-04-10 10:00:00+07:00,79.0,9.2,89.0,/dl/web/weather/ic-w-06-rain-full.svg,Huế,1.2242693848226396,0,0.10467817902972831,0
2025-04-10 11:00:00+07:00,79.0,9.2,89.0,/dl/web/weather/ic-w-06-rain-full.svg,Huế,1.2242693848226396,0,0.10467817902972831,0
2025-04-10 12:00:00+07:00,81.0,5.5,78.0,/dl/web/weather/ic-w-06-rain-full.svg,Huế,1.3281854043683536,0,-0.5122895230032712,0
2025-04-10 14:00:00+07:00,78.0,5.5,79.0,/dl/web/weather/ic-w-04-scattered-clouds-full.svg,Huế,1.1723113750497827,0,-0.5122895230032712,0
2025-04-10 15:00:00+07:00,79.0,13.0,78.0,/dl/web/weather/ic-w-04-scattered-clouds-full.svg,Huế,1.2242693848226396,0,0.7383206838203767,0
2025-04-10 16:00:00+07:00,80.0,7.4,78.0,/dl/web/weather/ic-w-04-scattered-clouds-full.svg,Huế,1.2762273945954965,0,-0.19546827060794705,0
2025-04-10 17:00:00+07:00,81.0,7.4,74.0,/dl/web/weather/ic-w-04-scattered-clouds-full.svg,Huế,1.3281854043683536,0,-0.19546827060794705,0
2025-04-10 18:00:00+07:00,83.0,9.2,74.0,/dl/web/weather/ic-w-04-scattered-clouds-full.svg,Huế,1.4321014239140675,0,0.10467817902972831,0
2025-04-10 19:00:00+07:00,85.0,5.5,78.0,/dl/web/weather/ic-w-04-scattered-clouds-full.svg,Huế,1.5360174434597815,0,-0.5122895230032712,0
2025-04-10 20:00:00+07:00,88.0,5.5,89.0,/dl/web/weather/ic-w-04-scattered-clouds-full.svg,Huế,1.6918914727783523,0,-0.5122895230032712,0
2025-04-10 21:00:00+07:00,98.0,5.5,89.0,/dl/web/weather/ic-w-04-scattered-clouds-full.svg,Huế,2.211471570506922,0,-0.5122895230032712,0
2025-04-10 22:00:00+07:00,96.0,3.7,94.0,/dl/web/weather/ic-w-04-scattered-clouds-full.svg,Huế,2.1075555509612083,0,-0.8124359726409468,0
2025-04-10 23:00:00+07:00,98.0,3.7,94.0,/dl/web/weather/ic-w-04-scattered-clouds-full.svg,Huế,2.211471570506922,0,-0.8124359726409468,0
2025-04-11 00:00:00+07:00,108.0,1.8,94.0,/dl/web/weather/ic-w-09-mist-full.svg,Huế,2.7310516682354917,0,-1.1292572250362711,0
2025-04-11 01:00:00+07:00,105.0,3.7,94.0,/dl/web/weather/ic-w-09-mist-full.svg,Huế,2.5751776389169208,0,-0.8124359726409468,0
2025-04-11 02:00:00+07:00,97.0,1.8,100.0,/dl/web/weather/ic-w-09-mist-full.svg,Huế,2.159513560734065,0,-1.1292572250362711,0
2025-04-11 03:00:00+07:00,92.0,1.8,94.0,/dl/web/weather/ic-w-09-mist-full.svg,Huế,1.8997235118697804,0,-1.1292572250362711,0
2025-04-11 04:00:00+07:00,88.0,3.7,88.0,/dl/web/weather/ic-w-09-mist-full.svg,Huế,1.6918914727783523,0,-0.8124359726409468,0
2025-04-11 05:00:00+07:00,82.0,1.8,88.0,/dl/web/weather/ic-w-09-mist-full.svg,Huế,1.3801434141412106,0,-1.1292572250362711,0
2025-04-11 06:00:00+07:00,76.0,5.5,94.0,/dl/web/weather/ic-w-04-scattered-clouds-full.svg,Huế,1.0683953555040686,0,-0.5122895230032712,0
2025-04-11 07:00:00+07:00,71.0,1.8,83.0,/dl/web/weather/ic-w-02-new-clouds-full.svg,Huế,0.8086053066397838,0,-1.1292572250362711,0
2025-04-11 08:00:00+07:00,65.0,3.7,74.0,/dl/web/weather/ic-w-01-clear-sky-full.svg,Huế,0.4968572480026419,0,-0.8124359726409468,0
2025-04-11 09:00:00+07:00,59.0,3.7,74.0,/dl/web/weather/ic-w-01-clear-sky-full.svg,Huế,0.18510918936550008,0,-0.8124359726409468,0
2025-04-11 10:00:00+07:00,54.0,3.7,62.0,/dl/web/weather/ic-w-01-clear-sky-full.svg,Huế,-0.07468085949878481,0,-0.8124359726409468,0
2025-04-11 11:00:00+07:00,54.0,3.7,62.0,/dl/web/weather/ic-w-01-clear-sky-full.svg,Huế,-0.07468085949878481,0,-0.8124359726409468,0
2025-04-11 12:00:00+07:00,55.0,7.4,52.0,/dl/web/weather/ic-w-01-clear-sky-full.svg,Huế,-0.022722849725927835,0,-0.19546827060794705,0
2025-04-11 13:00:00+07:00,55.0,13.0,55.0,/dl/web/weather/ic-w-02-new-clouds-full.svg,Huế,-0.022722849725927835,0,0.7383206838203767,0
2025-04-11 14:00:00+07:00,53.0,14.8,58.0,/dl/web/weather/ic-w-02-new-clouds-full.svg,Huế,-0.12663886927164178,0,1.0384671334580524,0
2025-04-11 15:00:00+07:00,54.0,13.0,62.0,/dl/web/weather/ic-w-02-new-clouds-full.svg,Huế,-0.07468085949878481,0,0.7383206838203767,0
2025-04-11 16:00:00+07:00,55.0,11.1,62.0,/dl/web/weather/ic-w-02-new-clouds-full.svg,Huế,-0.022722849725927835,0,0.42149943142505253,0
2025-04-11 17:00:00+07:00,56.0,11.1,62.0,/dl/web/weather/ic-w-02-new-clouds-full.svg,Huế,0.02923516004692914,0,0.42149943142505253,0
2025-04-11 18:00:00+07:00,58.0,9.2,62.0,/dl/web/weather/ic-w-02-new-clouds-full.svg,Huế,0.13315117959264308,0,0.10467817902972831,0
2025-04-11 19:00:00+07:00,62.0,9.2,74.0,/dl/web/weather/ic-w-02-new-clouds-full.svg,Huế,0.340983218684071,0,0.10467817902972831,0
2025-04-11 20:00:00+07:00,73.0,1.8,89.0,/dl/web/weather/ic-w-04-scattered-clouds-full.svg,Huế,0.9125213261854977,0,-1.1292572250362711,0
2025-04-11 21:00:00+07:00,85.0,1.8,89.0,/dl/web/weather/ic-w-04-scattered-clouds-full.svg,Huế,1.5360174434597815,0,-1.1292572250362711,0
2025-04-11 22:00:00+07:00,87.0,3.7,94.0,/dl/web/weather/ic-w-04-scattered-clouds-full.svg,Huế,1.6399334630054954,0,-0.8124359726409468,0
2025-04-11 23:00:00+07:00,79.0,3.7,83.0,/dl/web/weather/ic-w-04-scattered-clouds-full.svg,Huế,1.2242693848226396,0,-0.8124359726409468,0
2025-04-12 00:00:00+07:00,69.0,1.8,89.0,/dl/web/weather/ic-w-04-scattered-clouds-full.svg,Huế,0.7046892870940699,0,-1.1292572250362711,0
2025-04-12 01:00:00+07:00,64.0,5.5,94.0,/dl/web/weather/ic-w-04-scattered-clouds-full.svg,Huế,0.44489923822978494,0,-0.5122895230032712,0
2025-04-12 02:00:00+07:00,60.0,7.4,94.0,/dl/web/weather/ic-w-04-scattered-clouds-full.svg,Huế,0.23706719913835705,0,-0.19546827060794705,0
2025-04-12 03:00:00+07:00,60.0,1.8,94.0,/dl/web/weather/ic-w-04-scattered-clouds-full.svg,Huế,0.23706719913835705,0,-1.1292572250362711,0
2025-04-12 04:00:00+07:00,61.0,3.7,94.0,/dl/web/weather/ic-w-04-scattered-clouds-full.svg,Huế,0.289025208911214,0,-0.8124359726409468,0
2025-04-12 05:00:00+07:00,59.0,5.5,89.0,/dl/web/weather/ic-w-04-scattered-clouds-full.svg,Huế,0.18510918936550008,0,-0.5122895230032712,0
2025-04-12 06:00:00+07:00,55.0,5.5,89.0,/dl/web/weather/ic-w-04-scattered-clouds-full.svg,Huế,-0.022722849725927835,0,-0.5122895230032712,0
2025-04-12 07:00:00+07:00,54.0,1.8,89.0,/dl/web/weather/ic-w-04-scattered-clouds-full.svg,Huế,-0.07468085949878481,0,-1.1292572250362711,0
2025-04-12 08:00:00+07:00,54.0,7.4,70.0,/dl/web/weather/ic-w-02-new-clouds-full.svg,Huế,-0.07468085949878481,0,-0.19546827060794705,0
2025-04-12 09:00:00+07:00,52.0,3.7,55.0,/dl/web/weather/ic-w-02-new-clouds-full.svg,Huế,-0.17859687904449875,0,-0.8124359726409468,0
2025-04-12 10:00:00+07:00,52.0,5.5,52.0,/dl/web/weather/ic-w-02-new-clouds-full.svg,Huế,-0.17859687904449875,0,-0.5122895230032712,0
2025-04-12 11:00:00+07:00,48.0,5.5,52.0,/dl/web/weather/ic-w-02-new-clouds-full.svg,Huế,-0.38642891813592667,0,-0.5122895230032712,0
2025-04-12 12:00:00+07:00,46.0,9.2,44.0,/dl/web/weather/ic-w-02-new-clouds-full.svg,Huế,-0.4903449376816406,0,0.10467817902972831,0
2025-04-12 13:00:00+07:00,48.0,11.1,59.0,/dl/web/weather/ic-w-02-new-clouds-full.svg,Huế,-0.38642891813592667,0,0.42149943142505253,0
2025-04-12 14:00:00+07:00,49.0,13.0,62.0,/dl/web/weather/ic-w-02-new-clouds-full.svg,Huế,-0.3344709083630697,0,0.7383206838203767,0
2025-04-12 15:00:00+07:00,52.0,14.8,55.0,/dl/web/weather/ic-w-02-new-clouds-full.svg,Huế,-0.17859687904449875,0,1.0384671334580524,0
2025-04-12 16:00:00+07:00,48.0,14.8,52.0,/dl/web/weather/ic-w-02-new-clouds-full.svg,Huế,-0.38642891813592667,0,1.0384671334580524,0
2025-04-12 17:00:00+07:00,48.0,14.8,55.0,/dl/web/weather/ic-w-06-rain-full.svg,Huế,-0.38642891813592667,0,1.0384671334580524,0
2025-04-12 18:00:00+07:00,52.0,9.2,66.0,/dl/web/weather/ic-w-06-rain-full.svg,Huế,-0.17859687904449875,0,0.10467817902972831,0
2025-04-12 19:00:00+07:00,60.0,5.5,70.0,/dl/web/weather/ic-w-04-scattered-clouds-full.svg,Huế,0.23706719913835705,0,-0.5122895230032712,0
2025-04-12 20:00:00+07:00,65.0,3.7,79.0,/dl/web/weather/ic-w-04-scattered-clouds-full.svg,Huế,0.4968572480026419,0,-0.8124359726409468,0
2025-04-12 21:00:00+07:00,66.0,3.7,79.0,/dl/web/weather/ic-w-04-scattered-clouds-full.svg,Huế,0.5488152577754989,0,-0.8124359726409468,0
2025-04-12 22:00:00+07:00,62.0,3.7,79.0,/dl/web/weather/ic-w-12-night-rain-full.svg,Huế,0.340983218684071,0,-0.8124359726409468,0
2025-04-12 23:00:00+07:00,55.0,14.8,83.0,/dl/web/weather/ic-w-07-thunderstorms-full.svg,Huế,-0.022722849725927835,0,1.0384671334580524,0
2025-04-13 00:00:00+07:00,50.0,9.2,94.0,/dl/web/weather/ic-w-12-night-rain-full.svg,Huế,-0.2825128985902127,0,0.10467817902972831,0
2025-04-13 01:00:00+07:00,39.0,3.7,89.0,/dl/web/weather/ic-w-04-scattered-clouds-full.svg,Huế,-0.8540510060916394,0,-0.8124359726409468,0
2025-04-13 02:00:00+07:00,47.0,25.9,89.0,/dl/web/weather/ic-w-12-night-rain-full.svg,Huế,-0.43838692790878364,0,2.889370239557051,0
2025-04-13 03:00:00+07:00,47.0,24.1,94.0,/dl/web/weather/ic-w-12-night-rain-full.svg,Huế,-0.43838692790878364,0,2.589223789919376,0
2025-04-13 04:00:00+07:00,44.0,25.9,94.0,/dl/web/weather/ic-w-07-thunderstorms-full.svg,Huế,-0.5942609572273546,0,2.889370239557051,0
2025-04-13 05:00:00+07:00,36.0,18.5,100.0,/dl/web/weather/ic-w-12-night-rain-full.svg,Huế,-1.0099250354102103,0,1.655434835491052,0
2025-04-13 06:00:00+07:00,34.0,18.5,94.0,/dl/web/weather/ic-w-12-night-rain-full.svg,Huế,-1.1138410549559243,0,1.655434835491052,0
2025-04-13 07:00:00+07:00,55.0,24.1,94.0,/dl/web/weather/ic-w-06-rain-full.svg,Huế,-0.022722849725927835,0,2.589223789919376,0
2025-04-13 08:00:00+07:00,65.0,20.4,100.0,/dl/web/weather/ic-w-06-rain-full.svg,Huế,0.4968572480026419,0,1.972256087886376,0
2025-04-13 09:00:00+07:00,63.0,20.4,94.0,/dl/web/weather/ic-w-06-rain-full.svg,Huế,0.39294122845692797,0,1.972256087886376,0
2025-04-13 10:00:00+07:00,71.0,20.4,94.0,/dl/web/weather/ic-w-06-rain-full.svg,Huế,0.8086053066397838,0,1.972256087886376,0
2025-04-13 11:00:00+07:00,79.0,16.7,94.0,/dl/web/weather/ic-w-09-mist-full.svg,Huế,1.2242693848226396,0,1.3552883858533764,0
2025-04-13 12:00:00+07:00,79.0,16.7,94.0,/dl/web/weather/ic-w-09-mist-full.svg,Huế,1.2242693848226396,0,1.3552883858533764,0
2025-04-13 13:00:00+07:00,78.0,16.7,94.0,/dl/web/weather/ic-w-09-mist-full.svg,Huế,1.1723113750497827,0,1.3552883858533764,0
2025-04-13 14:00:00+07:00,77.0,14.8,94.0,/dl/web/weather/ic-w-04-scattered-clouds-full.svg,Huế,1.1203533652769258,0,1.0384671334580524,0
2025-04-13 15:00:00+07:00,75.0,18.5,94.0,/dl/web/weather/ic-w-09-mist-full.svg,Huế,1.0164373457312117,0,1.655434835491052,0
2025-04-13 16:00:00+07:00,82.0,13.0,73.0,/dl/web/weather/ic-w-04-scattered-clouds-full.svg,Huế,1.3801434141412106,0,0.7383206838203767,0
2025-04-13 17:00:00+07:00,86.0,13.0,73.0,/dl/web/weather/ic-w-04-scattered-clouds-full.svg,Huế,1.5879754532326384,0,0.7383206838203767,0
2025-04-13 18:00:00+07:00,88.0,13.0,78.0,/dl/web/weather/ic-w-04-scattered-clouds-full.svg,Huế,1.6918914727783523,0,0.7383206838203767,0
2025-04-13 19:00:00+07:00,88.0,9.2,78.0,/dl/web/weather/ic-w-04-scattered-clouds-full.svg,Huế,1.6918914727783523,0,0.10467817902972831,0
2025-04-13 20:00:00+07:00,85.0,11.1,78.0,/dl/web/weather/ic-w-04-scattered-clouds-full.svg,Huế,1.5360174434597815,0,0.42149943142505253,0
2025-04-13 21:00:00+07:00,94.0,11.1,78.0,/dl/web/weather/ic-w-04-scattered-clouds-full.svg,Huế,2.0036395314154944,0,0.42149943142505253,0
2025-04-13 22:00:00+07:00,90.0,9.2,73.0,/dl/web/weather/ic-w-04-scattered-clouds-full.svg,Huế,1.7958074923240663,0,0.10467817902972831,0
2025-04-13 23:00:00+07:00,80.0,3.7,73.0,/dl/web/weather/ic-w-04-scattered-clouds-full.svg,Huế,1.2762273945954965,0,-0.8124359726409468,0
2025-04-14 00:00:00+07:00,74.0,5.5,78.0,/dl/web/weather/ic-w-04-scattered-clouds-full.svg,Huế,0.9644793359583547,0,-0.5122895230032712,0
2025-04-14 01:00:00+07:00,70.0,5.5,83.0,/dl/web/weather/ic-w-04-scattered-clouds-full.svg,Huế,0.7566472968669268,0,-0.5122895230032712,0
2025-04-14 02:00:00+07:00,68.0,3.7,83.0,/dl/web/weather/ic-w-04-scattered-clouds-full.svg,Huế,0.6527312773212128,0,-0.8124359726409468,0
2025-04-14 03:00:00+07:00,66.0,5.5,78.0,/dl/web/weather/ic-w-04-scattered-clouds-full.svg,Huế,0.5488152577754989,0,-0.5122895230032712,0
2025-04-14 04:00:00+07:00,64.0,7.4,78.0,/dl/web/weather/ic-w-04-scattered-clouds-full.svg,Huế,0.44489923822978494,0,-0.19546827060794705,0
2025-04-14 05:00:00+07:00,64.0,7.4,83.0,/dl/web/weather/ic-w-04-scattered-clouds-full.svg,Huế,0.44489923822978494,0,-0.19546827060794705,0
2025-04-14 06:00:00+07:00,65.0,7.4,88.0,/dl/web/weather/ic-w-04-scattered-clouds-full.svg,Huế,0.4968572480026419,0,-0.19546827060794705,0
2025-04-14 07:00:00+07:00,65.0,3.7,78.0,/dl/web/weather/ic-w-04-scattered-clouds-full.svg,Huế,0.4968572480026419,0,-0.8124359726409468,0
2025-04-14 08:00:00+07:00,77.0,3.7,68.0,/dl/web/weather/ic-w-04-scattered-clouds-full.svg,Huế,1.1203533652769258,0,-0.8124359726409468,0
2025-04-14 09:00:00+07:00,85.0,7.4,60.0,/dl/web/weather/ic-w-04-scattered-clouds-full.svg,Huế,1.5360174434597815,0,-0.19546827060794705,0
2025-04-14 10:00:00+07:00,92.0,11.1,64.0,/dl/web/weather/ic-w-04-scattered-clouds-full.svg,Huế,1.8997235118697804,0,0.42149943142505253,0
2025-04-14 11:00:00+07:00,92.0,11.1,64.0,/dl/web/weather/ic-w-04-scattered-clouds-full.svg,Huế,1.8997235118697804,0,0.42149943142505253,0
2025-04-14 12:00:00+07:00,99.0,11.1,60.0,/dl/web/weather/ic-w-04-scattered-clouds-full.svg,Huế,2.2634295802797793,0,0.42149943142505253,0
2025-04-14 13:00:00+07:00,114.0,14.8,60.0,/dl/web/weather/ic-w-04-scattered-clouds-full.svg,Huế,3.0427997268726337,-1,1.0384671334580524,0
2025-04-14 14:00:00+07:00,119.0,11.1,65.0,/dl/web/weather/ic-w-04-scattered-clouds-full.svg,Huế,3.3025897757369185,-1,0.42149943142505253,0
2025-04-14 15:00:00+07:00,114.0,9.2,69.0,/dl/web/weather/ic-w-04-scattered-clouds-full.svg,Huế,3.0427997268726337,-1,0.10467817902972831,0
2025-04-14 16:00:00+07:00,111.0,11.1,61.0,/dl/web/weather/ic-w-04-scattered-clouds-full.svg,Huế,2.8869256975540627,0,0.42149943142505253,0
2025-04-14 17:00:00+07:00,121.0,14.8,65.0,/dl/web/weather/ic-w-04-scattered-clouds-full.svg,Huế,3.4065057952826328,-1,1.0384671334580524,0
2025-04-14 18:00:00+07:00,126.0,13.0,61.0,/dl/web/weather/ic-w-04-scattered-clouds-full.svg,Huế,3.6662958441469176,-1,0.7383206838203767,0
2025-04-14 19:00:00+07:00,137.0,9.2,73.0,/dl/web/weather/ic-w-04-scattered-clouds-full.svg,Huế,4.237833951648344,-1,0.10467817902972831,0
2025-04-14 20:00:00+07:00,134.0,3.7,78.0,/dl/web/weather/ic-w-11-night-few-clouds-full.svg,Huế,4.081959922329773,-1,-0.8124359726409468,0
2025-04-14 21:00:00+07:00,117.0,3.7,78.0,/dl/web/weather/ic-w-11-night-few-clouds-full.svg,Huế,3.1986737561912046,-1,-0.8124359726409468,0
2025-04-14 22:00:00+07:00,114.0,1.8,88.0,/dl/web/weather/ic-w-11-night-few-clouds-full.svg,Huế,3.0427997268726337,-1,-1.1292572250362711,0
2025-04-14 23:00:00+07:00,107.0,5.5,83.0,/dl/web/weather/ic-w-04-scattered-clouds-full.svg,Huế,2.679093658462635,0,-0.5122895230032712,0
2025-04-15 01:00:00+07:00,98.0,7.4,83.0,/dl/web/weather/ic-w-04-scattered-clouds-full.svg,Huế,2.211471570506922,0,-0.19546827060794705,0
2025-04-15 02:00:00+07:00,95.0,5.5,88.0,/dl/web/weather/ic-w-04-scattered-clouds-full.svg,Huế,2.055597541188351,0,-0.5122895230032712,0
2025-04-15 03:00:00+07:00,105.0,5.5,78.0,/dl/web/weather/ic-w-04-scattered-clouds-full.svg,Huế,2.5751776389169208,0,-0.5122895230032712,0
2025-04-15 04:00:00+07:00,86.0,5.5,83.0,/dl/web/weather/ic-w-04-scattered-clouds-full.svg,Huế,1.5879754532326384,0,-0.5122895230032712,0
2025-04-15 05:00:00+07:00,83.0,1.8,88.0,/dl/web/weather/ic-w-04-scattered-clouds-full.svg,Huế,1.4321014239140675,0,-1.1292572250362711,0
2025-04-15 06:00:00+07:00,79.0,1.8,88.0,/dl/web/weather/ic-w-04-scattered-clouds-full.svg,Huế,1.2242693848226396,0,-1.1292572250362711,0
2025-04-15 07:00:00+07:00,77.0,1.8,88.0,/dl/web/weather/ic-w-04-scattered-clouds-full.svg,Huế,1.1203533652769258,0,-1.1292572250362711,0
2025-04-15 08:00:00+07:00,82.0,1.8,68.0,/dl/web/weather/ic-w-04-scattered-clouds-full.svg,Huế,1.3801434141412106,0,-1.1292572250362711,0
2025-04-15 09:00:00+07:00,99.0,7.4,68.0,/dl/web/weather/ic-w-04-scattered-clouds-full.svg,Huế,2.2634295802797793,0,-0.19546827060794705,0
2025-04-15 10:00:00+07:00,116.0,7.4,64.0,/dl/web/weather/ic-w-02-new-clouds-full.svg,Huế,3.1467157464183475,-1,-0.19546827060794705,0
2025-04-15 11:00:00+07:00,116.0,7.4,64.0,/dl/web/weather/ic-w-02-new-clouds-full.svg,Huế,3.1467157464183475,-1,-0.19546827060794705,0
2025-04-15 12:00:00+07:00,124.0,5.5,47.0,/dl/web/weather/ic-w-02-new-clouds-full.svg,Huế,3.5623798246012037,-1,-0.5122895230032712,0
2025-04-15 13:00:00+07:00,131.0,9.2,47.0,/dl/web/weather/ic-w-02-new-clouds-full.svg,Huế,3.9260858930112024,-1,0.10467817902972831,0
2025-04-15 14:00:00+07:00,132.0,7.4,50.0,/dl/web/weather/ic-w-02-new-clouds-full.svg,Huế,3.9780439027840595,-1,-0.19546827060794705,0
2025-04-15 15:00:00+07:00,128.0,13.0,41.0,/dl/web/weather/ic-w-02-new-clouds-full.svg,Huế,3.7702118636926314,-1,0.7383206838203767,0
2025-04-15 16:00:00+07:00,121.0,11.1,47.0,/dl/web/weather/ic-w-02-new-clouds-full.svg,Huế,3.4065057952826328,-1,0.42149943142505253,0
2025-04-15 17:00:00+07:00,121.0,11.1,50.0,/dl/web/weather/ic-w-02-new-clouds-full.svg,Huế,3.4065057952826328,-1,0.42149943142505253,0
2025-04-15 18:00:00+07:00,124.0,9.2,47.0,/dl/web/weather/ic-w-02-new-clouds-full.svg,Huế,3.5623798246012037,-1,0.10467817902972831,0
2025-04-15 19:00:00+07:00,129.0,7.4,69.0,/dl/web/weather/ic-w-02-new-clouds-full.svg,Huế,3.8221698734654885,-1,-0.19546827060794705,0
2025-04-15 20:00:00+07:00,130.0,1.8,78.0,/dl/web/weather/ic-w-04-scattered-clouds-full.svg,Huế,3.8741278832383452,-1,-1.1292572250362711,0
2025-04-15 21:00:00+07:00,129.0,1.8,78.0,/dl/web/weather/ic-w-04-scattered-clouds-full.svg,Huế,3.8221698734654885,-1,-1.1292572250362711,0
2025-04-15 22:00:00+07:00,110.0,3.7,83.0,/dl/web/weather/ic-w-11-night-few-clouds-full.svg,Huế,2.834967687781206,0,-0.8124359726409468,0
2025-04-15 23:00:00+07:00,100.0,5.5,83.0,/dl/web/weather/ic-w-11-night-few-clouds-full.svg,Huế,2.315387590052636,0,-0.5122895230032712,0
2025-04-16 00:00:00+07:00,97.0,3.7,83.0,/dl/web/weather/ic-w-11-night-few-clouds-full.svg,Huế,2.159513560734065,0,-0.8124359726409468,0
2025-04-16 01:00:00+07:00,92.0,3.7,83.0,/dl/web/weather/ic-w-11-night-few-clouds-full.svg,Huế,1.8997235118697804,0,-0.8124359726409468,0
2025-04-16 02:00:00+07:00,88.0,3.7,83.0,/dl/web/weather/ic-w-11-night-few-clouds-full.svg,Huế,1.6918914727783523,0,-0.8124359726409468,0
2025-04-16 03:00:00+07:00,83.0,1.8,88.0,/dl/web/weather/ic-w-04-scattered-clouds-full.svg,Huế,1.4321014239140675,0,-1.1292572250362711,0
2025-04-16 04:00:00+07:00,80.0,3.7,83.0,/dl/web/weather/ic-w-04-scattered-clouds-full.svg,Huế,1.2762273945954965,0,-0.8124359726409468,0
2025-04-16 05:00:00+07:00,78.0,3.7,94.0,/dl/web/weather/ic-w-04-scattered-clouds-full.svg,Huế,1.1723113750497827,0,-0.8124359726409468,0
2025-04-16 06:00:00+07:00,78.0,1.8,94.0,/dl/web/weather/ic-w-04-scattered-clouds-full.svg,Huế,1.1723113750497827,0,-1.1292572250362711,0
2025-04-16 07:00:00+07:00,79.0,1.8,88.0,/dl/web/weather/ic-w-02-new-clouds-full.svg,Huế,1.2242693848226396,0,-1.1292572250362711,0
2025-04-16 08:00:00+07:00,93.0,7.4,73.0,/dl/web/weather/ic-w-02-new-clouds-full.svg,Huế,1.9516815216426373,0,-0.19546827060794705,0
2025-04-16 09:00:00+07:00,107.0,1.8,73.0,/dl/web/weather/ic-w-04-scattered-clouds-full.svg,Huế,2.679093658462635,0,-1.1292572250362711,0
2025-04-16 10:00:00+07:00,116.0,7.4,69.0,/dl/web/weather/ic-w-04-scattered-clouds-full.svg,Huế,3.1467157464183475,-1,-0.19546827060794705,0
2025-04-16 11:00:00+07:00,116.0,7.4,69.0,/dl/web/weather/ic-w-04-scattered-clouds-full.svg,Huế,3.1467157464183475,-1,-0.19546827060794705,0
2025-04-16 12:00:00+07:00,117.0,5.5,65.0,/dl/web/weather/ic-w-04-scattered-clouds-full.svg,Huế,3.1986737561912046,-1,-0.5122895230032712,0
2025-04-16 13:00:00+07:00,120.0,5.5,65.0,/dl/web/weather/ic-w-04-scattered-clouds-full.svg,Huế,3.3545477855097756,-1,-0.5122895230032712,0
2025-04-16 14:00:00+07:00,120.0,11.1,69.0,/dl/web/weather/ic-w-04-scattered-clouds-full.svg,Huế,3.3545477855097756,-1,0.42149943142505253,0
2025-04-16 15:00:00+07:00,117.0,11.1,65.0,/dl/web/weather/ic-w-04-scattered-clouds-full.svg,Huế,3.1986737561912046,-1,0.42149943142505253,0
2025-04-16 16:00:00+07:00,117.0,9.2,65.0,/dl/web/weather/ic-w-04-scattered-clouds-full.svg,Huế,3.1986737561912046,-1,0.10467817902972831,0
2025-04-16 17:00:00+07:00,116.0,14.8,69.0,/dl/web/weather/ic-w-04-scattered-clouds-full.svg,Huế,3.1467157464183475,-1,1.0384671334580524,0
2025-04-16 18:00:00+07:00,117.0,13.0,73.0,/dl/web/weather/ic-w-04-scattered-clouds-full.svg,Huế,3.1986737561912046,-1,0.7383206838203767,0
2025-04-16 19:00:00+07:00,104.0,7.4,78.0,/dl/web/weather/ic-w-04-scattered-clouds-full.svg,Huế,2.523219629144064,0,-0.19546827060794705,0
2025-04-16 20:00:00+07:00,96.0,3.7,88.0,/dl/web/weather/ic-w-04-scattered-clouds-full.svg,Huế,2.1075555509612083,0,-0.8124359726409468,0
2025-04-16 21:00:00+07:00,96.0,3.7,88.0,/dl/web/weather/ic-w-04-scattered-clouds-full.svg,Huế,2.1075555509612083,0,-0.8124359726409468,0
2025-04-16 22:00:00+07:00,86.0,1.8,88.0,/dl/web/weather/ic-w-04-scattered-clouds-full.svg,Huế,1.5879754532326384,0,-1.1292572250362711,0
2025-04-16 23:00:00+07:00,86.0,1.8,94.0,/dl/web/weather/ic-w-04-scattered-clouds-full.svg,Huế,1.5879754532326384,0,-1.1292572250362711,0
2025-04-17 00:00:00+07:00,90.0,1.8,94.0,/dl/web/weather/ic-w-04-scattered-clouds-full.svg,Huế,1.7958074923240663,0,-1.1292572250362711,0
2025-04-17 01:00:00+07:00,91.0,1.8,94.0,/dl/web/weather/ic-w-04-scattered-clouds-full.svg,Huế,1.8477655020969233,0,-1.1292572250362711,0
2025-04-17 02:00:00+07:00,88.0,1.8,83.0,/dl/web/weather/ic-w-04-scattered-clouds-full.svg,Huế,1.6918914727783523,0,-1.1292572250362711,0
2025-04-17 03:00:00+07:00,87.0,3.7,94.0,/dl/web/weather/ic-w-04-scattered-clouds-full.svg,Huế,1.6399334630054954,0,-0.8124359726409468,0
2025-04-17 04:00:00+07:00,86.0,1.8,94.0,/dl/web/weather/ic-w-04-scattered-clouds-full.svg,Huế,1.5879754532326384,0,-1.1292572250362711,0
2025-04-17 05:00:00+07:00,84.0,3.7,94.0,/dl/web/weather/ic-w-04-scattered-clouds-full.svg,Huế,1.4840594336869244,0,-0.8124359726409468,0
2025-04-17 06:00:00+07:00,85.0,5.5,94.0,/dl/web/weather/ic-w-04-scattered-clouds-full.svg,Huế,1.5360174434597815,0,-0.5122895230032712,0
2025-04-17 07:00:00+07:00,87.0,3.7,88.0,/dl/web/weather/ic-w-09-mist-full.svg,Huế,1.6399334630054954,0,-0.8124359726409468,0
2025-04-17 08:00:00+07:00,95.0,5.5,83.0,/dl/web/weather/ic-w-09-mist-full.svg,Huế,2.055597541188351,0,-0.5122895230032712,0
2025-04-17 09:00:00+07:00,99.0,5.5,74.0,/dl/web/weather/ic-w-04-scattered-clouds-full.svg,Huế,2.2634295802797793,0,-0.5122895230032712,0
2025-04-17 10:00:00+07:00,99.0,7.4,74.0,/dl/web/weather/ic-w-04-scattered-clouds-full.svg,Huế,2.2634295802797793,0,-0.19546827060794705,0
2025-04-17 11:00:00+07:00,99.0,7.4,74.0,/dl/web/weather/ic-w-04-scattered-clouds-full.svg,Huế,2.2634295802797793,0,-0.19546827060794705,0
2025-04-17 12:00:00+07:00,95.0,7.4,66.0,/dl/web/weather/ic-w-04-scattered-clouds-full.svg,Huế,2.055597541188351,0,-0.19546827060794705,0
2025-04-17 13:00:00+07:00,91.0,11.1,62.0,/dl/web/weather/ic-w-02-new-clouds-full.svg,Huế,1.8477655020969233,0,0.42149943142505253,0
2025-04-17 14:00:00+07:00,83.0,11.1,62.0,/dl/web/weather/ic-w-02-new-clouds-full.svg,Huế,1.4321014239140675,0,0.42149943142505253,0
2025-04-17 15:00:00+07:00,80.0,13.0,58.0,/dl/web/weather/ic-w-02-new-clouds-full.svg,Huế,1.2762273945954965,0,0.7383206838203767,0
2025-04-17 16:00:00+07:00,76.0,16.7,58.0,/dl/web/weather/ic-w-02-new-clouds-full.svg,Huế,1.0683953555040686,0,1.3552883858533764,0
2025-04-17 17:00:00+07:00,73.0,9.2,70.0,/dl/web/weather/ic-w-06-rain-full.svg,Huế,0.9125213261854977,0,0.10467817902972831,0
2025-04-17 18:00:00+07:00,74.0,7.4,70.0,/dl/web/weather/ic-w-04-scattered-clouds-full.svg,Huế,0.9644793359583547,0,-0.19546827060794705,0
2025-04-17 19:00:00+07:00,71.0,5.5,74.0,/dl/web/weather/ic-w-04-scattered-clouds-full.svg,Huế,0.8086053066397838,0,-0.5122895230032712,0
2025-04-17 20:00:00+07:00,65.0,5.5,74.0,/dl/web/weather/ic-w-12-night-rain-full.svg,Huế,0.4968572480026419,0,-0.5122895230032712,0
2025-04-17 21:00:00+07:00,60.0,5.5,74.0,/dl/web/weather/ic-w-12-night-rain-full.svg,Huế,0.23706719913835705,0,-0.5122895230032712,0
2025-04-17 22:00:00+07:00,56.0,5.5,66.0,/dl/web/weather/ic-w-04-scattered-clouds-full.svg,Huế,0.02923516004692914,0,-0.5122895230032712,0
2025-04-17 23:00:00+07:00,53.0,7.4,70.0,/dl/web/weather/ic-w-04-scattered-clouds-full.svg,Huế,-0.12663886927164178,0,-0.19546827060794705,0
2025-04-18 00:00:00+07:00,49.0,3.7,74.0,/dl/web/weather/ic-w-04-scattered-clouds-full.svg,Huế,-0.3344709083630697,0,-0.8124359726409468,0
2025-04-18 01:00:00+07:00,45.0,5.5,70.0,/dl/web/weather/ic-w-04-scattered-clouds-full.svg,Huế,-0.5423029474544976,0,-0.5122895230032712,0
2025-04-18 02:00:00+07:00,46.0,3.7,89.0,/dl/web/weather/ic-w-04-scattered-clouds-full.svg,Huế,-0.4903449376816406,0,-0.8124359726409468,0
2025-04-18 03:00:00+07:00,48.0,3.7,89.0,/dl/web/weather/ic-w-04-scattered-clouds-full.svg,Huế,-0.38642891813592667,0,-0.8124359726409468,0
2025-04-18 04:00:00+07:00,51.0,1.8,89.0,/dl/web/weather/ic-w-04-scattered-clouds-full.svg,Huế,-0.23055488881735575,0,-1.1292572250362711,0
2025-04-18 05:00:00+07:00,53.0,1.8,89.0,/dl/web/weather/ic-w-04-scattered-clouds-full.svg,Huế,-0.12663886927164178,0,-1.1292572250362711,0
2025-04-18 06:00:00+07:00,55.0,5.5,94.0,/dl/web/weather/ic-w-04-scattered-clouds-full.svg,Huế,-0.022722849725927835,0,-0.5122895230032712,0
2025-04-18 07:00:00+07:00,59.0,7.4,94.0,/dl/web/weather/ic-w-04-scattered-clouds-full.svg,Huế,0.18510918936550008,0,-0.19546827060794705,0
2025-04-18 08:00:00+07:00,68.0,1.8,78.0,/dl/web/weather/ic-w-04-scattered-clouds-full.svg,Huế,0.6527312773212128,0,-1.1292572250362711,0
2025-04-18 09:00:00+07:00,68.0,7.4,74.0,/dl/web/weather/ic-w-02-new-clouds-full.svg,Huế,0.6527312773212128,0,-0.19546827060794705,0
2025-04-18 10:00:00+07:00,68.0,5.5,70.0,/dl/web/weather/ic-w-02-new-clouds-full.svg,Huế,0.6527312773212128,0,-0.5122895230032712,0
2025-04-18 11:00:00+07:00,68.0,5.5,70.0,/dl/web/weather/ic-w-02-new-clouds-full.svg,Huế,0.6527312773212128,0,-0.5122895230032712,0
2025-04-18 12:00:00+07:00,57.0,11.1,62.0,/dl/web/weather/ic-w-02-new-clouds-full.svg,Huế,0.08119316981978612,0,0.42149943142505253,0
2025-04-18 13:00:00+07:00,57.0,9.2,55.0,/dl/web/weather/ic-w-02-new-clouds-full.svg,Huế,0.08119316981978612,0,0.10467817902972831,0
2025-04-18 14:00:00+07:00,57.0,13.0,55.0,/dl/web/weather/ic-w-02-new-clouds-full.svg,Huế,0.08119316981978612,0,0.7383206838203767,0
2025-04-18 15:00:00+07:00,57.0,16.7,62.0,/dl/web/weather/ic-w-02-new-clouds-full.svg,Huế,0.08119316981978612,0,1.3552883858533764,0
2025-04-18 16:00:00+07:00,57.0,18.5,58.0,/dl/web/weather/ic-w-04-scattered-clouds-full.svg,Huế,0.08119316981978612,0,1.655434835491052,0
2025-04-18 17:00:00+07:00,58.0,11.1,66.0,/dl/web/weather/ic-w-06-rain-full.svg,Huế,0.13315117959264308,0,0.42149943142505253,0
2025-04-18 19:00:00+07:00,58.0,7.4,74.0,/dl/web/weather/ic-w-06-rain-full.svg,Huế,0.13315117959264308,0,-0.19546827060794705,0
2025-04-18 20:00:00+07:00,62.0,1.8,83.0,/dl/web/weather/ic-w-04-scattered-clouds-full.svg,Huế,0.340983218684071,0,-1.1292572250362711,0
2025-04-18 21:00:00+07:00,61.0,1.8,83.0,/dl/web/weather/ic-w-04-scattered-clouds-full.svg,Huế,0.289025208911214,0,-1.1292572250362711,0
2025-04-18 22:00:00+07:00,56.0,7.4,83.0,/dl/web/weather/ic-w-04-scattered-clouds-full.svg,Huế,0.02923516004692914,0,-0.19546827060794705,0
2025-04-18 23:00:00+07:00,53.0,3.7,78.0,/dl/web/weather/ic-w-04-scattered-clouds-full.svg,Huế,-0.12663886927164178,0,-0.8124359726409468,0
2025-04-19 00:00:00+07:00,45.0,5.5,78.0,/dl/web/weather/ic-w-04-scattered-clouds-full.svg,Huế,-0.5423029474544976,0,-0.5122895230032712,0
2025-04-19 01:00:00+07:00,41.0,3.7,78.0,/dl/web/weather/ic-w-04-scattered-clouds-full.svg,Huế,-0.7501349865459255,0,-0.8124359726409468,0
2025-04-19 02:00:00+07:00,38.0,3.7,89.0,/dl/web/weather/ic-w-04-scattered-clouds-full.svg,Huế,-0.9060090158644964,0,-0.8124359726409468,0
2025-04-19 03:00:00+07:00,43.0,5.5,89.0,/dl/web/weather/ic-w-04-scattered-clouds-full.svg,Huế,-0.6462189670002115,0,-0.5122895230032712,0
2025-04-19 04:00:00+07:00,42.0,5.5,89.0,/dl/web/weather/ic-w-04-scattered-clouds-full.svg,Huế,-0.6981769767730686,0,-0.5122895230032712,0
2025-04-19 05:00:00+07:00,41.0,3.7,89.0,/dl/web/weather/ic-w-12-night-rain-full.svg,Huế,-0.7501349865459255,0,-0.8124359726409468,0
2025-04-19 06:00:00+07:00,43.0,3.7,89.0,/dl/web/weather/ic-w-04-scattered-clouds-full.svg,Huế,-0.6462189670002115,0,-0.8124359726409468,0
2025-04-19 07:00:00+07:00,44.0,1.8,83.0,/dl/web/weather/ic-w-04-scattered-clouds-full.svg,Huế,-0.5942609572273546,0,-1.1292572250362711,0
2025-04-19 08:00:00+07:00,52.0,1.8,79.0,/dl/web/weather/ic-w-02-new-clouds-full.svg,Huế,-0.17859687904449875,0,-1.1292572250362711,0
2025-04-19 09:00:00+07:00,54.0,5.5,74.0,/dl/web/weather/ic-w-02-new-clouds-full.svg,Huế,-0.07468085949878481,0,-0.5122895230032712,0
2025-04-19 10:00:00+07:00,54.0,7.4,70.0,/dl/web/weather/ic-w-02-new-clouds-full.svg,Huế,-0.07468085949878481,0,-0.19546827060794705,0
2025-04-19 11:00:00+07:00,58.0,7.4,70.0,/dl/web/weather/ic-w-02-new-clouds-full.svg,Huế,0.13315117959264308,0,-0.19546827060794705,0
2025-04-19 12:00:00+07:00,57.0,11.1,70.0,/dl/web/weather/ic-w-02-new-clouds-full.svg,Huế,0.08119316981978612,0,0.42149943142505253,0
2025-04-19 13:00:00+07:00,56.0,13.0,70.0,/dl/web/weather/ic-w-02-new-clouds-full.svg,Huế,0.02923516004692914,0,0.7383206838203767,0
2025-04-19 14:00:00+07:00,55.0,13.0,66.0,/dl/web/weather/ic-w-02-new-clouds-full.svg,Huế,-0.022722849725927835,0,0.7383206838203767,0
2025-04-19 15:00:00+07:00,54.0,14.8,70.0,/dl/web/weather/ic-w-02-new-clouds-full.svg,Huế,-0.07468085949878481,0,1.0384671334580524,0
2025-04-19 16:00:00+07:00,54.0,13.0,70.0,/dl/web/weather/ic-w-02-new-clouds-full.svg,Huế,-0.07468085949878481,0,0.7383206838203767,0
2025-04-19 17:00:00+07:00,55.0,11.1,79.0,/dl/web/weather/ic-w-06-rain-full.svg,Huế,-0.022722849725927835,0,0.42149943142505253,0
2025-04-19 18:00:00+07:00,61.0,5.5,83.0,/dl/web/weather/ic-w-06-rain-full.svg,Huế,0.289025208911214,0,-0.5122895230032712,0
2025-04-19 19:00:00+07:00,61.0,3.7,79.0,/dl/web/weather/ic-w-07-thunderstorms-full.svg,Huế,0.289025208911214,0,-0.8124359726409468,0
2025-04-19 20:00:00+07:00,71.0,7.4,70.0,/dl/web/weather/ic-w-04-scattered-clouds-full.svg,Huế,0.8086053066397838,0,-0.19546827060794705,0
2025-04-19 21:00:00+07:00,67.0,7.4,70.0,/dl/web/weather/ic-w-04-scattered-clouds-full.svg,Huế,0.6007732675483559,0,-0.19546827060794705,0
2025-04-19 22:00:00+07:00,59.0,5.5,70.0,/dl/web/weather/ic-w-12-night-rain-full.svg,Huế,0.18510918936550008,0,-0.5122895230032712,0
2025-04-19 23:00:00+07:00,56.0,1.8,74.0,/dl/web/weather/ic-w-04-scattered-clouds-full.svg,Huế,0.02923516004692914,0,-1.1292572250362711,0
2025-04-20 00:00:00+07:00,53.0,5.5,89.0,/dl/web/weather/ic-w-04-scattered-clouds-full.svg,Huế,-0.12663886927164178,0,-0.5122895230032712,0
2025-04-20 01:00:00+07:00,52.0,3.7,89.0,/dl/web/weather/ic-w-04-scattered-clouds-full.svg,Huế,-0.17859687904449875,0,-0.8124359726409468,0
2025-04-20 02:00:00+07:00,51.0,5.5,94.0,/dl/web/weather/ic-w-04-scattered-clouds-full.svg,Huế,-0.23055488881735575,0,-0.5122895230032712,0
2025-04-20 03:00:00+07:00,48.0,5.5,83.0,/dl/web/weather/ic-w-04-scattered-clouds-full.svg,Huế,-0.38642891813592667,0,-0.5122895230032712,0
2025-04-20 04:00:00+07:00,46.0,3.7,89.0,/dl/web/weather/ic-w-04-scattered-clouds-full.svg,Huế,-0.4903449376816406,0,-0.8124359726409468,0
2025-04-20 05:00:00+07:00,46.0,3.7,89.0,/dl/web/weather/ic-w-04-scattered-clouds-full.svg,Huế,-0.4903449376816406,0,-0.8124359726409468,0
2025-04-20 06:00:00+07:00,49.0,1.8,89.0,/dl/web/weather/ic-w-04-scattered-clouds-full.svg,Huế,-0.3344709083630697,0,-1.1292572250362711,0
2025-04-20 08:00:00+07:00,53.0,1.8,74.0,/dl/web/weather/ic-w-02-new-clouds-full.svg,Huế,-0.12663886927164178,0,-1.1292572250362711,0
2025-04-20 09:00:00+07:00,54.0,3.7,74.0,/dl/web/weather/ic-w-02-new-clouds-full.svg,Huế,-0.07468085949878481,0,-0.8124359726409468,0
2025-04-20 10:00:00+07:00,54.0,5.5,66.0,/dl/web/weather/ic-w-02-new-clouds-full.svg,Huế,-0.07468085949878481,0,-0.5122895230032712,0
2025-04-20 11:00:00+07:00,54.0,5.5,66.0,/dl/web/weather/ic-w-02-new-clouds-full.svg,Huế,-0.07468085949878481,0,-0.5122895230032712,0
2025-04-20 12:00:00+07:00,59.0,11.1,70.0,/dl/web/weather/ic-w-01-clear-sky-full.svg,Huế,0.18510918936550008,0,0.42149943142505253,0
2025-04-20 13:00:00+07:00,60.0,9.2,66.0,/dl/web/weather/ic-w-01-clear-sky-full.svg,Huế,0.23706719913835705,0,0.10467817902972831,0
2025-04-20 14:00:00+07:00,57.0,13.0,62.0,/dl/web/weather/ic-w-02-new-clouds-full.svg,Huế,0.08119316981978612,0,0.7383206838203767,0
2025-04-20 15:00:00+07:00,55.0,11.1,62.0,/dl/web/weather/ic-w-02-new-clouds-full.svg,Huế,-0.022722849725927835,0,0.42149943142505253,0
2025-04-20 16:00:00+07:00,53.0,11.1,58.0,/dl/web/weather/ic-w-02-new-clouds-full.svg,Huế,-0.12663886927164178,0,0.42149943142505253,0
2025-04-20 17:00:00+07:00,54.0,7.4,62.0,/dl/web/weather/ic-w-02-new-clouds-full.svg,Huế,-0.07468085949878481,0,-0.19546827060794705,0
2025-04-20 18:00:00+07:00,58.0,3.7,70.0,/dl/web/weather/ic-w-06-rain-full.svg,Huế,0.13315117959264308,0,-0.8124359726409468,0
2025-04-20 19:00:00+07:00,64.0,1.8,70.0,/dl/web/weather/ic-w-06-rain-full.svg,Huế,0.44489923822978494,0,-1.1292572250362711,0
2025-04-20 20:00:00+07:00,57.0,7.4,62.0,/dl/web/weather/ic-w-11-night-few-clouds-full.svg,Huế,0.08119316981978612,0,-0.19546827060794705,0
2025-04-20 21:00:00+07:00,53.0,7.4,62.0,/dl/web/weather/ic-w-11-night-few-clouds-full.svg,Huế,-0.12663886927164178,0,-0.19546827060794705,0
2025-04-20 22:00:00+07:00,47.0,5.5,83.0,/dl/web/weather/ic-w-11-night-few-clouds-full.svg,Huế,-0.43838692790878364,0,-0.5122895230032712,0
2025-04-20 23:00:00+07:00,41.0,7.4,78.0,/dl/web/weather/ic-w-11-night-few-clouds-full.svg,Huế,-0.7501349865459255,0,-0.19546827060794705,0
2025-04-21 00:00:00+07:00,40.0,3.7,74.0,/dl/web/weather/ic-w-11-night-few-clouds-full.svg,Huế,-0.8020929963187825,0,-0.8124359726409468,0
2025-04-21 02:00:00+07:00,42.0,11.1,74.0,/dl/web/weather/ic-w-11-night-few-clouds-full.svg,Huế,-0.6981769767730686,0,0.42149943142505253,0
2025-04-21 03:00:00+07:00,39.0,5.5,74.0,/dl/web/weather/ic-w-11-night-few-clouds-full.svg,Huế,-0.8540510060916394,0,-0.5122895230032712,0
2025-04-21 04:00:00+07:00,37.0,3.7,78.0,/dl/web/weather/ic-w-11-night-few-clouds-full.svg,Huế,-0.9579670256373534,0,-0.8124359726409468,0
2025-04-21 05:00:00+07:00,36.0,3.7,83.0,/dl/web/weather/ic-w-11-night-few-clouds-full.svg,Huế,-1.0099250354102103,0,-0.8124359726409468,0
2025-04-21 06:00:00+07:00,38.0,5.5,83.0,/dl/web/weather/ic-w-11-night-few-clouds-full.svg,Huế,-0.9060090158644964,0,-0.5122895230032712,0
2025-04-21 07:00:00+07:00,42.0,3.7,83.0,/dl/web/weather/ic-w-02-new-clouds-full.svg,Huế,-0.6981769767730686,0,-0.8124359726409468,0
2025-04-21 08:00:00+07:00,56.0,5.5,74.0,/dl/web/weather/ic-w-02-new-clouds-full.svg,Huế,0.02923516004692914,0,-0.5122895230032712,0
2025-04-21 09:00:00+07:00,56.0,3.7,66.0,/dl/web/weather/ic-w-02-new-clouds-full.svg,Huế,0.02923516004692914,0,-0.8124359726409468,0
2025-04-21 10:00:00+07:00,61.0,7.4,62.0,/dl/web/weather/ic-w-02-new-clouds-full.svg,Huế,0.289025208911214,0,-0.19546827060794705,0
2025-04-21 11:00:00+07:00,61.0,7.4,62.0,/dl/web/weather/ic-w-02-new-clouds-full.svg,Huế,0.289025208911214,0,-0.19546827060794705,0
2025-04-21 12:00:00+07:00,70.0,11.1,70.0,/dl/web/weather/ic-w-02-new-clouds-full.svg,Huế,0.7566472968669268,0,0.42149943142505253,0
2025-04-21 13:00:00+07:00,66.0,11.1,70.0,/dl/web/weather/ic-w-02-new-clouds-full.svg,Huế,0.5488152577754989,0,0.42149943142505253,0
2025-04-21 14:00:00+07:00,62.0,9.2,66.0,/dl/web/weather/ic-w-02-new-clouds-full.svg,Huế,0.340983218684071,0,0.10467817902972831,0
2025-04-21 15:00:00+07:00,60.0,11.1,62.0,/dl/web/weather/ic-w-02-new-clouds-full.svg,Huế,0.23706719913835705,0,0.42149943142505253,0
2025-04-21 16:00:00+07:00,58.0,11.1,59.0,/dl/web/weather/ic-w-02-new-clouds-full.svg,Huế,0.13315117959264308,0,0.42149943142505253,0
2025-04-21 17:00:00+07:00,57.0,9.2,55.0,/dl/web/weather/ic-w-02-new-clouds-full.svg,Huế,0.08119316981978612,0,0.10467817902972831,0
2025-04-21 18:00:00+07:00,57.0,5.5,66.0,/dl/web/weather/ic-w-02-new-clouds-full.svg,Huế,0.08119316981978612,0,-0.5122895230032712,0
2025-04-21 19:00:00+07:00,63.0,3.7,70.0,/dl/web/weather/ic-w-02-new-clouds-full.svg,Huế,0.39294122845692797,0,-0.8124359726409468,0
2025-04-21 20:00:00+07:00,63.0,9.2,74.0,/dl/web/weather/ic-w-11-night-few-clouds-full.svg,Huế,0.39294122845692797,0,0.10467817902972831,0
2025-04-21 21:00:00+07:00,65.0,9.2,74.0,/dl/web/weather/ic-w-11-night-few-clouds-full.svg,Huế,0.4968572480026419,0,0.10467817902972831,0
2025-04-21 22:00:00+07:00,64.0,7.4,70.0,/dl/web/weather/ic-w-11-night-few-clouds-full.svg,Huế,0.44489923822978494,0,-0.19546827060794705,0
2025-04-21 23:00:00+07:00,63.0,1.8,78.0,/dl/web/weather/ic-w-11-night-few-clouds-full.svg,Huế,0.39294122845692797,0,-1.1292572250362711,0
2025-04-22 00:00:00+07:00,57.0,3.7,78.0,/dl/web/weather/ic-w-11-night-few-clouds-full.svg,Huế,0.08119316981978612,0,-0.8124359726409468,0
2025-04-22 01:00:00+07:00,56.0,1.8,89.0,/dl/web/weather/ic-w-11-night-few-clouds-full.svg,Huế,0.02923516004692914,0,-1.1292572250362711,0
2025-04-22 02:00:00+07:00,53.0,3.7,89.0,/dl/web/weather/ic-w-11-night-few-clouds-full.svg,Huế,-0.12663886927164178,0,-0.8124359726409468,0
2025-04-22 03:00:00+07:00,52.0,5.5,89.0,/dl/web/weather/ic-w-11-night-few-clouds-full.svg,Huế,-0.17859687904449875,0,-0.5122895230032712,0
2025-04-22 04:00:00+07:00,52.0,1.8,89.0,/dl/web/weather/ic-w-11-night-few-clouds-full.svg,Huế,-0.17859687904449875,0,-1.1292572250362711,0
2025-04-22 05:00:00+07:00,54.0,3.7,89.0,/dl/web/weather/ic-w-11-night-few-clouds-full.svg,Huế,-0.07468085949878481,0,-0.8124359726409468,0
2025-04-22 06:00:00+07:00,55.0,3.7,89.0,/dl/web/weather/ic-w-11-night-few-clouds-full.svg,Huế,-0.022722849725927835,0,-0.8124359726409468,0
2025-04-22 07:00:00+07:00,63.0,1.8,89.0,/dl/web/weather/ic-w-02-new-clouds-full.svg,Huế,0.39294122845692797,0,-1.1292572250362711,0
2025-04-22 08:00:00+07:00,71.0,3.7,74.0,/dl/web/weather/ic-w-02-new-clouds-full.svg,Huế,0.8086053066397838,0,-0.8124359726409468,0
2025-04-22 09:00:00+07:00,64.0,3.7,70.0,/dl/web/weather/ic-w-02-new-clouds-full.svg,Huế,0.44489923822978494,0,-0.8124359726409468,0
2025-04-22 10:00:00+07:00,61.0,7.4,62.0,/dl/web/weather/ic-w-02-new-clouds-full.svg,Huế,0.289025208911214,0,-0.19546827060794705,0
2025-04-22 11:00:00+07:00,61.0,7.4,62.0,/dl/web/weather/ic-w-02-new-clouds-full.svg,Huế,0.289025208911214,0,-0.19546827060794705,0
2025-04-22 12:00:00+07:00,61.0,11.1,70.0,/dl/web/weather/ic-w-02-new-clouds-full.svg,Huế,0.289025208911214,0,0.42149943142505253,0
2025-04-22 13:00:00+07:00,61.0,11.1,62.0,/dl/web/weather/ic-w-02-new-clouds-full.svg,Huế,0.289025208911214,0,0.42149943142505253,0
2025-04-22 14:00:00+07:00,59.0,11.1,59.0,/dl/web/weather/ic-w-02-new-clouds-full.svg,Huế,0.18510918936550008,0,0.42149943142505253,0
2025-04-22 15:00:00+07:00,57.0,14.8,55.0,/dl/web/weather/ic-w-02-new-clouds-full.svg,Huế,0.08119316981978612,0,1.0384671334580524,0
2025-04-22 16:00:00+07:00,55.0,14.8,52.0,/dl/web/weather/ic-w-02-new-clouds-full.svg,Huế,-0.022722849725927835,0,1.0384671334580524,0
2025-04-22 17:00:00+07:00,56.0,3.7,55.0,/dl/web/weather/ic-w-02-new-clouds-full.svg,Huế,0.02923516004692914,0,-0.8124359726409468,0
2025-04-22 18:00:00+07:00,55.0,5.5,48.0,/dl/web/weather/ic-w-02-new-clouds-full.svg,Huế,-0.022722849725927835,0,-0.5122895230032712,0
2025-04-22 19:00:00+07:00,57.0,5.5,51.0,/dl/web/weather/ic-w-02-new-clouds-full.svg,Huế,0.08119316981978612,0,-0.5122895230032712,0
2025-04-22 20:00:00+07:00,58.0,5.5,58.0,/dl/web/weather/ic-w-11-night-few-clouds-full.svg,Huế,0.13315117959264308,0,-0.5122895230032712,0
2025-04-22 21:00:00+07:00,57.0,5.5,58.0,/dl/web/weather/ic-w-11-night-few-clouds-full.svg,Huế,0.08119316981978612,0,-0.5122895230032712,0
2025-04-22 22:00:00+07:00,55.0,5.5,69.0,/dl/web/weather/ic-w-11-night-few-clouds-full.svg,Huế,-0.022722849725927835,0,-0.5122895230032712,0
2025-04-22 23:00:00+07:00,53.0,3.7,65.0,/dl/web/weather/ic-w-11-night-few-clouds-full.svg,Huế,-0.12663886927164178,0,-0.8124359726409468,0
2025-04-23 00:00:00+07:00,52.0,7.4,61.0,/dl/web/weather/ic-w-11-night-few-clouds-full.svg,Huế,-0.17859687904449875,0,-0.19546827060794705,0
2025-04-23 01:00:00+07:00,52.0,7.4,65.0,/dl/web/weather/ic-w-11-night-few-clouds-full.svg,Huế,-0.17859687904449875,0,-0.19546827060794705,0
2025-04-23 02:00:00+07:00,48.0,5.5,65.0,/dl/web/weather/ic-w-11-night-few-clouds-full.svg,Huế,-0.38642891813592667,0,-0.5122895230032712,0
2025-04-23 03:00:00+07:00,51.0,3.7,74.0,/dl/web/weather/ic-w-11-night-few-clouds-full.svg,Huế,-0.23055488881735575,0,-0.8124359726409468,0
2025-04-23 04:00:00+07:00,53.0,3.7,65.0,/dl/web/weather/ic-w-11-night-few-clouds-full.svg,Huế,-0.12663886927164178,0,-0.8124359726409468,0
2025-04-23 05:00:00+07:00,54.0,3.7,78.0,/dl/web/weather/ic-w-11-night-few-clouds-full.svg,Huế,-0.07468085949878481,0,-0.8124359726409468,0
2025-04-23 06:00:00+07:00,56.0,7.4,74.0,/dl/web/weather/ic-w-11-night-few-clouds-full.svg,Huế,0.02923516004692914,0,-0.19546827060794705,0
2025-04-23 07:00:00+07:00,58.0,3.7,74.0,/dl/web/weather/ic-w-02-new-clouds-full.svg,Huế,0.13315117959264308,0,-0.8124359726409468,0
2025-04-23 08:00:00+07:00,64.0,3.7,65.0,/dl/web/weather/ic-w-01-clear-sky-full.svg,Huế,0.44489923822978494,0,-0.8124359726409468,0
2025-04-23 09:00:00+07:00,62.0,5.5,62.0,/dl/web/weather/ic-w-01-clear-sky-full.svg,Huế,0.340983218684071,0,-0.5122895230032712,0
2025-04-23 10:00:00+07:00,61.0,9.2,55.0,/dl/web/weather/ic-w-01-clear-sky-full.svg,Huế,0.289025208911214,0,0.10467817902972831,0
2025-04-23 11:00:00+07:00,61.0,9.2,55.0,/dl/web/weather/ic-w-01-clear-sky-full.svg,Huế,0.289025208911214,0,0.10467817902972831,0
2025-04-23 12:00:00+07:00,60.0,5.5,62.0,/dl/web/weather/ic-w-01-clear-sky-full.svg,Huế,0.23706719913835705,0,-0.5122895230032712,0
2025-04-23 13:00:00+07:00,59.0,9.2,59.0,/dl/web/weather/ic-w-01-clear-sky-full.svg,Huế,0.18510918936550008,0,0.10467817902972831,0
2025-04-23 14:00:00+07:00,58.0,14.8,55.0,/dl/web/weather/ic-w-01-clear-sky-full.svg,Huế,0.13315117959264308,0,1.0384671334580524,0
2025-04-23 15:00:00+07:00,57.0,14.8,55.0,/dl/web/weather/ic-w-01-clear-sky-full.svg,Huế,0.08119316981978612,0,1.0384671334580524,0
2025-04-23 16:00:00+07:00,55.0,13.0,55.0,/dl/web/weather/ic-w-02-new-clouds-full.svg,Huế,-0.022722849725927835,0,0.7383206838203767,0
2025-04-23 17:00:00+07:00,54.0,9.2,55.0,/dl/web/weather/ic-w-02-new-clouds-full.svg,Huế,-0.07468085949878481,0,0.10467817902972831,0
2025-04-23 18:00:00+07:00,53.0,9.2,62.0,/dl/web/weather/ic-w-06-rain-full.svg,Huế,-0.12663886927164178,0,0.10467817902972831,0
2025-04-23 19:00:00+07:00,54.0,7.4,66.0,/dl/web/weather/ic-w-06-rain-full.svg,Huế,-0.07468085949878481,0,-0.19546827060794705,0
2025-04-23 20:00:00+07:00,55.0,7.4,58.0,/dl/web/weather/ic-w-04-scattered-clouds-full.svg,Huế,-0.022722849725927835,0,-0.19546827060794705,0
2025-04-23 21:00:00+07:00,54.0,7.4,58.0,/dl/web/weather/ic-w-04-scattered-clouds-full.svg,Huế,-0.07468085949878481,0,-0.19546827060794705,0
2025-04-23 22:00:00+07:00,53.0,1.8,69.0,/dl/web/weather/ic-w-04-scattered-clouds-full.svg,Huế,-0.12663886927164178,0,-1.1292572250362711,0
2025-04-23 23:00:00+07:00,53.0,3.7,65.0,/dl/web/weather/ic-w-04-scattered-clouds-full.svg,Huế,-0.12663886927164178,0,-0.8124359726409468,0
2025-04-24 00:00:00+07:00,52.0,5.5,65.0,/dl/web/weather/ic-w-04-scattered-clouds-full.svg,Huế,-0.17859687904449875,0,-0.5122895230032712,0
2025-04-24 01:00:00+07:00,51.0,7.4,65.0,/dl/web/weather/ic-w-04-scattered-clouds-full.svg,Huế,-0.23055488881735575,0,-0.19546827060794705,0
2025-04-24 02:00:00+07:00,51.0,3.7,69.0,/dl/web/weather/ic-w-04-scattered-clouds-full.svg,Huế,-0.23055488881735575,0,-0.8124359726409468,0
2025-04-24 03:00:00+07:00,51.0,3.7,78.0,/dl/web/weather/ic-w-04-scattered-clouds-full.svg,Huế,-0.23055488881735575,0,-0.8124359726409468,0
2025-04-24 04:00:00+07:00,51.0,3.7,78.0,/dl/web/weather/ic-w-04-scattered-clouds-full.svg,Huế,-0.23055488881735575,0,-0.8124359726409468,0
2025-04-24 05:00:00+07:00,52.0,3.7,83.0,/dl/web/weather/ic-w-04-scattered-clouds-full.svg,Huế,-0.17859687904449875,0,-0.8124359726409468,0
2025-04-24 06:00:00+07:00,53.0,3.7,78.0,/dl/web/weather/ic-w-04-scattered-clouds-full.svg,Huế,-0.12663886927164178,0,-0.8124359726409468,0
2025-04-24 07:00:00+07:00,55.0,5.5,74.0,/dl/web/weather/ic-w-04-scattered-clouds-full.svg,Huế,-0.022722849725927835,0,-0.5122895230032712,0
2025-04-24 08:00:00+07:00,66.0,7.4,66.0,/dl/web/weather/ic-w-02-new-clouds-full.svg,Huế,0.5488152577754989,0,-0.19546827060794705,0
2025-04-24 09:00:00+07:00,64.0,3.7,55.0,/dl/web/weather/ic-w-02-new-clouds-full.svg,Huế,0.44489923822978494,0,-0.8124359726409468,0
2025-04-24 10:00:00+07:00,60.0,5.5,55.0,/dl/web/weather/ic-w-02-new-clouds-full.svg,Huế,0.23706719913835705,0,-0.5122895230032712,0
2025-04-24 11:00:00+07:00,60.0,5.5,55.0,/dl/web/weather/ic-w-02-new-clouds-full.svg,Huế,0.23706719913835705,0,-0.5122895230032712,0
2025-04-24 12:00:00+07:00,56.0,9.2,59.0,/dl/web/weather/ic-w-02-new-clouds-full.svg,Huế,0.02923516004692914,0,0.10467817902972831,0
2025-04-24 13:00:00+07:00,55.0,11.1,55.0,/dl/web/weather/ic-w-02-new-clouds-full.svg,Huế,-0.022722849725927835,0,0.42149943142505253,0
2025-04-24 14:00:00+07:00,56.0,16.7,55.0,/dl/web/weather/ic-w-02-new-clouds-full.svg,Huế,0.02923516004692914,0,1.3552883858533764,0
2025-04-24 15:00:00+07:00,56.0,18.5,52.0,/dl/web/weather/ic-w-02-new-clouds-full.svg,Huế,0.02923516004692914,0,1.655434835491052,0
2025-04-24 16:00:00+07:00,56.0,18.5,55.0,/dl/web/weather/ic-w-06-rain-full.svg,Huế,0.02923516004692914,0,1.655434835491052,0
2025-04-24 17:00:00+07:00,60.0,13.0,62.0,/dl/web/weather/ic-w-06-rain-full.svg,Huế,0.23706719913835705,0,0.7383206838203767,0
2025-04-24 18:00:00+07:00,64.0,5.5,66.0,/dl/web/weather/ic-w-06-rain-full.svg,Huế,0.44489923822978494,0,-0.5122895230032712,0
2025-04-24 19:00:00+07:00,68.0,7.4,66.0,/dl/web/weather/ic-w-04-scattered-clouds-full.svg,Huế,0.6527312773212128,0,-0.19546827060794705,0
2025-04-24 20:00:00+07:00,71.0,3.7,66.0,/dl/web/weather/ic-w-04-scattered-clouds-full.svg,Huế,0.8086053066397838,0,-0.8124359726409468,0
2025-04-24 21:00:00+07:00,69.0,3.7,66.0,/dl/web/weather/ic-w-04-scattered-clouds-full.svg,Huế,0.7046892870940699,0,-0.8124359726409468,0
2025-04-24 22:00:00+07:00,64.0,5.5,70.0,/dl/web/weather/ic-w-04-scattered-clouds-full.svg,Huế,0.44489923822978494,0,-0.5122895230032712,0
2025-04-24 23:00:00+07:00,58.0,7.4,66.0,/dl/web/weather/ic-w-04-scattered-clouds-full.svg,Huế,0.13315117959264308,0,-0.19546827060794705,0
2025-04-25 00:00:00+07:00,55.0,7.4,70.0,/dl/web/weather/ic-w-04-scattered-clouds-full.svg,Huế,-0.022722849725927835,0,-0.19546827060794705,0
2025-04-25 01:00:00+07:00,52.0,5.5,70.0,/dl/web/weather/ic-w-04-scattered-clouds-full.svg,Huế,-0.17859687904449875,0,-0.5122895230032712,0
2025-04-25 02:00:00+07:00,51.0,7.4,62.0,/dl/web/weather/ic-w-04-scattered-clouds-full.svg,Huế,-0.23055488881735575,0,-0.19546827060794705,0
2025-04-25 03:00:00+07:00,51.0,5.5,74.0,/dl/web/weather/ic-w-04-scattered-clouds-full.svg,Huế,-0.23055488881735575,0,-0.5122895230032712,0
2025-04-25 04:00:00+07:00,51.0,5.5,65.0,/dl/web/weather/ic-w-04-scattered-clouds-full.svg,Huế,-0.23055488881735575,0,-0.5122895230032712,0
2025-04-25 06:00:00+07:00,53.0,1.8,83.0,/dl/web/weather/ic-w-11-night-few-clouds-full.svg,Huế,-0.12663886927164178,0,-1.1292572250362711,0
2025-04-25 07:00:00+07:00,60.0,5.5,83.0,/dl/web/weather/ic-w-02-new-clouds-full.svg,Huế,0.23706719913835705,0,-0.5122895230032712,0
2025-04-25 08:00:00+07:00,66.0,5.5,74.0,/dl/web/weather/ic-w-02-new-clouds-full.svg,Huế,0.5488152577754989,0,-0.5122895230032712,0
2025-04-25 09:00:00+07:00,62.0,3.7,62.0,/dl/web/weather/ic-w-02-new-clouds-full.svg,Huế,0.340983218684071,0,-0.8124359726409468,0
2025-04-25 10:00:00+07:00,61.0,5.5,58.0,/dl/web/weather/ic-w-02-new-clouds-full.svg,Huế,0.289025208911214,0,-0.5122895230032712,0
2025-04-25 11:00:00+07:00,61.0,5.5,58.0,/dl/web/weather/ic-w-02-new-clouds-full.svg,Huế,0.289025208911214,0,-0.5122895230032712,0
2025-04-25 12:00:00+07:00,59.0,11.1,66.0,/dl/web/weather/ic-w-04-scattered-clouds-full.svg,Huế,0.18510918936550008,0,0.42149943142505253,0
2025-04-25 13:00:00+07:00,61.0,11.1,66.0,/dl/web/weather/ic-w-04-scattered-clouds-full.svg,Huế,0.289025208911214,0,0.42149943142505253,0
2025-04-25 14:00:00+07:00,62.0,20.4,74.0,/dl/web/weather/ic-w-06-rain-full.svg,Huế,0.340983218684071,0,1.972256087886376,0
2025-04-25 15:00:00+07:00,59.0,9.2,83.0,/dl/web/weather/ic-w-06-rain-full.svg,Huế,0.18510918936550008,0,0.10467817902972831,0
2025-04-25 16:00:00+07:00,58.0,13.0,83.0,/dl/web/weather/ic-w-06-rain-full.svg,Huế,0.13315117959264308,0,0.7383206838203767,0
2025-04-25 17:00:00+07:00,58.0,5.5,83.0,/dl/web/weather/ic-w-06-rain-full.svg,Huế,0.13315117959264308,0,-0.5122895230032712,0
2025-04-25 18:00:00+07:00,52.0,5.5,78.0,/dl/web/weather/ic-w-06-rain-full.svg,Huế,-0.17859687904449875,0,-0.5122895230032712,0
2025-04-25 19:00:00+07:00,51.0,7.4,78.0,/dl/web/weather/ic-w-06-rain-full.svg,Huế,-0.23055488881735575,0,-0.19546827060794705,0
2025-04-25 20:00:00+07:00,46.0,5.5,89.0,/dl/web/weather/ic-w-04-scattered-clouds-full.svg,Huế,-0.4903449376816406,0,-0.5122895230032712,0
2025-04-25 21:00:00+07:00,44.0,5.5,89.0,/dl/web/weather/ic-w-04-scattered-clouds-full.svg,Huế,-0.5942609572273546,0,-0.5122895230032712,0
2025-04-25 22:00:00+07:00,42.0,5.5,83.0,/dl/web/weather/ic-w-04-scattered-clouds-full.svg,Huế,-0.6981769767730686,0,-0.5122895230032712,0
2025-04-25 23:00:00+07:00,44.0,7.4,88.0,/dl/web/weather/ic-w-04-scattered-clouds-full.svg,Huế,-0.5942609572273546,0,-0.19546827060794705,0
2025-04-26 00:00:00+07:00,53.0,9.2,88.0,/dl/web/weather/ic-w-11-night-few-clouds-full.svg,Huế,-0.12663886927164178,0,0.10467817902972831,0
2025-04-26 01:00:00+07:00,55.0,3.7,88.0,/dl/web/weather/ic-w-11-night-few-clouds-full.svg,Huế,-0.022722849725927835,0,-0.8124359726409468,0
2025-04-26 02:00:00+07:00,55.0,9.2,94.0,/dl/web/weather/ic-w-11-night-few-clouds-full.svg,Huế,-0.022722849725927835,0,0.10467817902972831,0
2025-04-26 03:00:00+07:00,57.0,5.5,94.0,/dl/web/weather/ic-w-04-scattered-clouds-full.svg,Huế,0.08119316981978612,0,-0.5122895230032712,0
2025-04-26 04:00:00+07:00,58.0,5.5,88.0,/dl/web/weather/ic-w-04-scattered-clouds-full.svg,Huế,0.13315117959264308,0,-0.5122895230032712,0
2025-04-26 05:00:00+07:00,59.0,3.7,94.0,/dl/web/weather/ic-w-04-scattered-clouds-full.svg,Huế,0.18510918936550008,0,-0.8124359726409468,0
2025-04-26 06:00:00+07:00,58.0,5.5,94.0,/dl/web/weather/ic-w-04-scattered-clouds-full.svg,Huế,0.13315117959264308,0,-0.5122895230032712,0
2025-04-26 07:00:00+07:00,57.0,3.7,83.0,/dl/web/weather/ic-w-04-scattered-clouds-full.svg,Huế,0.08119316981978612,0,-0.8124359726409468,0
2025-04-26 08:00:00+07:00,54.0,3.7,78.0,/dl/web/weather/ic-w-04-scattered-clouds-full.svg,Huế,-0.07468085949878481,0,-0.8124359726409468,0
2025-04-26 09:00:00+07:00,57.0,1.8,74.0,/dl/web/weather/ic-w-04-scattered-clouds-full.svg,Huế,0.08119316981978612,0,-1.1292572250362711,0
2025-04-26 10:00:00+07:00,59.0,7.4,74.0,/dl/web/weather/ic-w-04-scattered-clouds-full.svg,Huế,0.18510918936550008,0,-0.19546827060794705,0
2025-04-26 11:00:00+07:00,59.0,7.4,74.0,/dl/web/weather/ic-w-04-scattered-clouds-full.svg,Huế,0.18510918936550008,0,-0.19546827060794705,0
2025-04-26 12:00:00+07:00,65.0,7.4,74.0,/dl/web/weather/ic-w-04-scattered-clouds-full.svg,Huế,0.4968572480026419,0,-0.19546827060794705,0
2025-04-26 13:00:00+07:00,64.0,11.1,74.0,/dl/web/weather/ic-w-04-scattered-clouds-full.svg,Huế,0.44489923822978494,0,0.42149943142505253,0
2025-04-26 14:00:00+07:00,61.0,13.0,70.0,/dl/web/weather/ic-w-04-scattered-clouds-full.svg,Huế,0.289025208911214,0,0.7383206838203767,0
2025-04-26 15:00:00+07:00,59.0,13.0,79.0,/dl/web/weather/ic-w-04-scattered-clouds-full.svg,Huế,0.18510918936550008,0,0.7383206838203767,0
2025-04-26 16:00:00+07:00,58.0,13.0,79.0,/dl/web/weather/ic-w-04-scattered-clouds-full.svg,Huế,0.13315117959264308,0,0.7383206838203767,0
2025-04-26 17:00:00+07:00,57.0,11.1,78.0,/dl/web/weather/ic-w-04-scattered-clouds-full.svg,Huế,0.08119316981978612,0,0.42149943142505253,0
2025-04-26 18:00:00+07:00,57.0,14.8,78.0,/dl/web/weather/ic-w-04-scattered-clouds-full.svg,Huế,0.08119316981978612,0,1.0384671334580524,0
2025-04-26 19:00:00+07:00,58.0,14.8,89.0,/dl/web/weather/ic-w-04-scattered-clouds-full.svg,Huế,0.13315117959264308,0,1.0384671334580524,0
2025-04-26 20:00:00+07:00,59.0,9.2,89.0,/dl/web/weather/ic-w-04-scattered-clouds-full.svg,Huế,0.18510918936550008,0,0.10467817902972831,0
2025-04-26 21:00:00+07:00,59.0,9.2,89.0,/dl/web/weather/ic-w-04-scattered-clouds-full.svg,Huế,0.18510918936550008,0,0.10467817902972831,0
2025-04-26 22:00:00+07:00,59.0,9.2,89.0,/dl/web/weather/ic-w-04-scattered-clouds-full.svg,Huế,0.18510918936550008,0,0.10467817902972831,0
2025-04-26 23:00:00+07:00,61.0,1.8,94.0,/dl/web/weather/ic-w-04-scattered-clouds-full.svg,Huế,0.289025208911214,0,-1.1292572250362711,0
2025-04-27 00:00:00+07:00,62.0,5.5,89.0,/dl/web/weather/ic-w-04-scattered-clouds-full.svg,Huế,0.340983218684071,0,-0.5122895230032712,0
2025-04-27 01:00:00+07:00,63.0,1.8,89.0,/dl/web/weather/ic-w-04-scattered-clouds-full.svg,Huế,0.39294122845692797,0,-1.1292572250362711,0
2025-04-27 02:00:00+07:00,66.0,3.7,89.0,/dl/web/weather/ic-w-04-scattered-clouds-full.svg,Huế,0.5488152577754989,0,-0.8124359726409468,0
2025-04-27 03:00:00+07:00,68.0,1.8,89.0,/dl/web/weather/ic-w-04-scattered-clouds-full.svg,Huế,0.6527312773212128,0,-1.1292572250362711,0
2025-04-27 04:00:00+07:00,71.0,5.5,89.0,/dl/web/weather/ic-w-04-scattered-clouds-full.svg,Huế,0.8086053066397838,0,-0.5122895230032712,0
2025-04-27 05:00:00+07:00,76.0,1.8,88.0,/dl/web/weather/ic-w-04-scattered-clouds-full.svg,Huế,1.0683953555040686,0,-1.1292572250362711,0
2025-04-27 06:00:00+07:00,77.0,1.8,88.0,/dl/web/weather/ic-w-04-scattered-clouds-full.svg,Huế,1.1203533652769258,0,-1.1292572250362711,0
2025-04-27 07:00:00+07:00,80.0,5.5,94.0,/dl/web/weather/ic-w-09-mist-full.svg,Huế,1.2762273945954965,0,-0.5122895230032712,0
2025-04-27 08:00:00+07:00,89.0,5.5,89.0,/dl/web/weather/ic-w-09-mist-full.svg,Huế,1.7438494825512094,0,-0.5122895230032712,0
2025-04-27 09:00:00+07:00,96.0,3.7,79.0,/dl/web/weather/ic-w-02-new-clouds-full.svg,Huế,2.1075555509612083,0,-0.8124359726409468,0
2025-04-27 10:00:00+07:00,86.0,3.7,70.0,/dl/web/weather/ic-w-02-new-clouds-full.svg,Huế,1.5879754532326384,0,-0.8124359726409468,0
2025-04-27 11:00:00+07:00,86.0,3.7,70.0,/dl/web/weather/ic-w-02-new-clouds-full.svg,Huế,1.5879754532326384,0,-0.8124359726409468,0
2025-04-27 12:00:00+07:00,75.0,11.1,74.0,/dl/web/weather/ic-w-02-new-clouds-full.svg,Huế,1.0164373457312117,0,0.42149943142505253,0
2025-04-27 13:00:00+07:00,74.0,13.0,74.0,/dl/web/weather/ic-w-02-new-clouds-full.svg,Huế,0.9644793359583547,0,0.7383206838203767,0
2025-04-27 14:00:00+07:00,72.0,11.1,70.0,/dl/web/weather/ic-w-04-scattered-clouds-full.svg,Huế,0.8605633164126407,0,0.42149943142505253,0
2025-04-27 15:00:00+07:00,68.0,11.1,66.0,/dl/web/weather/ic-w-02-new-clouds-full.svg,Huế,0.6527312773212128,0,0.42149943142505253,0
2025-04-27 16:00:00+07:00,66.0,11.1,66.0,/dl/web/weather/ic-w-02-new-clouds-full.svg,Huế,0.5488152577754989,0,0.42149943142505253,0
2025-04-27 17:00:00+07:00,63.0,11.1,66.0,/dl/web/weather/ic-w-02-new-clouds-full.svg,Huế,0.39294122845692797,0,0.42149943142505253,0
2025-04-27 18:00:00+07:00,61.0,11.1,66.0,/dl/web/weather/ic-w-02-new-clouds-full.svg,Huế,0.289025208911214,0,0.42149943142505253,0
2025-04-27 19:00:00+07:00,63.0,5.5,83.0,/dl/web/weather/ic-w-11-night-few-clouds-full.svg,Huế,0.39294122845692797,0,-0.5122895230032712,0
2025-04-27 20:00:00+07:00,63.0,1.8,83.0,/dl/web/weather/ic-w-11-night-few-clouds-full.svg,Huế,0.39294122845692797,0,-1.1292572250362711,0
2025-04-27 21:00:00+07:00,64.0,1.8,83.0,/dl/web/weather/ic-w-11-night-few-clouds-full.svg,Huế,0.44489923822978494,0,-1.1292572250362711,0
2025-04-27 22:00:00+07:00,65.0,1.8,83.0,/dl/web/weather/ic-w-11-night-few-clouds-full.svg,Huế,0.4968572480026419,0,-1.1292572250362711,0
2025-04-27 23:00:00+07:00,67.0,1.8,78.0,/dl/web/weather/ic-w-11-night-few-clouds-full.svg,Huế,0.6007732675483559,0,-1.1292572250362711,0
2025-04-28 00:00:00+07:00,66.0,1.8,78.0,/dl/web/weather/ic-w-11-night-few-clouds-full.svg,Huế,0.5488152577754989,0,-1.1292572250362711,0
2025-04-28 01:00:00+07:00,64.0,3.7,83.0,/dl/web/weather/ic-w-11-night-few-clouds-full.svg,Huế,0.44489923822978494,0,-0.8124359726409468,0
2025-04-28 02:00:00+07:00,62.0,3.7,78.0,/dl/web/weather/ic-w-11-night-few-clouds-full.svg,Huế,0.340983218684071,0,-0.8124359726409468,0
2025-04-28 03:00:00+07:00,60.0,5.5,78.0,/dl/web/weather/ic-w-11-night-few-clouds-full.svg,Huế,0.23706719913835705,0,-0.5122895230032712,0
2025-04-28 04:00:00+07:00,59.0,5.5,78.0,/dl/web/weather/ic-w-11-night-few-clouds-full.svg,Huế,0.18510918936550008,0,-0.5122895230032712,0
2025-04-28 05:00:00+07:00,59.0,7.4,78.0,/dl/web/weather/ic-w-12-night-rain-full.svg,Huế,0.18510918936550008,0,-0.19546827060794705,0
2025-04-28 06:00:00+07:00,58.0,0.0,89.0,/dl/web/weather/ic-w-11-night-few-clouds-full.svg,Huế,0.13315117959264308,0,-1.4294036746739465,0
2025-04-28 07:00:00+07:00,66.0,5.5,89.0,/dl/web/weather/ic-w-02-new-clouds-full.svg,Huế,0.5488152577754989,0,-0.5122895230032712,0
2025-04-28 08:00:00+07:00,80.0,9.2,83.0,/dl/web/weather/ic-w-02-new-clouds-full.svg,Huế,1.2762273945954965,0,0.10467817902972831,0
2025-04-28 09:00:00+07:00,83.0,11.1,74.0,/dl/web/weather/ic-w-02-new-clouds-full.svg,Huế,1.4321014239140675,0,0.42149943142505253,0
2025-04-28 10:00:00+07:00,82.0,7.4,74.0,/dl/web/weather/ic-w-02-new-clouds-full.svg,Huế,1.3801434141412106,0,-0.19546827060794705,0
2025-04-28 11:00:00+07:00,82.0,3.7,70.0,/dl/web/weather/ic-w-02-new-clouds-full.svg,Huế,1.3801434141412106,0,-0.8124359726409468,0
2025-04-28 12:00:00+07:00,79.0,9.2,70.0,/dl/web/weather/ic-w-02-new-clouds-full.svg,Huế,1.2242693848226396,0,0.10467817902972831,0
2025-04-28 13:00:00+07:00,76.0,9.2,66.0,/dl/web/weather/ic-w-02-new-clouds-full.svg,Huế,1.0683953555040686,0,0.10467817902972831,0
2025-04-28 14:00:00+07:00,71.0,14.8,70.0,/dl/web/weather/ic-w-02-new-clouds-full.svg,Huế,0.8086053066397838,0,1.0384671334580524,0
2025-04-28 15:00:00+07:00,66.0,14.8,70.0,/dl/web/weather/ic-w-02-new-clouds-full.svg,Huế,0.5488152577754989,0,1.0384671334580524,0
2025-04-28 16:00:00+07:00,59.0,13.0,66.0,/dl/web/weather/ic-w-02-new-clouds-full.svg,Huế,0.18510918936550008,0,0.7383206838203767,0
2025-04-28 17:00:00+07:00,55.0,9.2,70.0,/dl/web/weather/ic-w-02-new-clouds-full.svg,Huế,-0.022722849725927835,0,0.10467817902972831,0
2025-04-28 18:00:00+07:00,55.0,11.1,78.0,/dl/web/weather/ic-w-02-new-clouds-full.svg,Huế,-0.022722849725927835,0,0.42149943142505253,0
2025-04-28 19:00:00+07:00,55.0,5.5,83.0,/dl/web/weather/ic-w-11-night-few-clouds-full.svg,Huế,-0.022722849725927835,0,-0.5122895230032712,0
2025-04-28 20:00:00+07:00,53.0,11.1,89.0,/dl/web/weather/ic-w-11-night-few-clouds-full.svg,Huế,-0.12663886927164178,0,0.42149943142505253,0
2025-04-28 21:00:00+07:00,53.0,14.8,89.0,/dl/web/weather/ic-w-04-scattered-clouds-full.svg,Huế,-0.12663886927164178,0,1.0384671334580524,0
2025-04-28 22:00:00+07:00,53.0,11.1,89.0,/dl/web/weather/ic-w-04-scattered-clouds-full.svg,Huế,-0.12663886927164178,0,0.42149943142505253,0
2025-04-28 23:00:00+07:00,52.0,3.7,89.0,/dl/web/weather/ic-w-04-scattered-clouds-full.svg,Huế,-0.17859687904449875,0,-0.8124359726409468,0
2025-04-29 01:00:00+07:00,54.0,5.5,94.0,/dl/web/weather/ic-w-04-scattered-clouds-full.svg,Huế,-0.07468085949878481,0,-0.5122895230032712,0
2025-04-29 02:00:00+07:00,55.0,5.5,94.0,/dl/web/weather/ic-w-04-scattered-clouds-full.svg,Huế,-0.022722849725927835,0,-0.5122895230032712,0
2025-04-29 03:00:00+07:00,57.0,3.7,94.0,/dl/web/weather/ic-w-04-scattered-clouds-full.svg,Huế,0.08119316981978612,0,-0.8124359726409468,0
2025-04-29 04:00:00+07:00,59.0,3.7,94.0,/dl/web/weather/ic-w-04-scattered-clouds-full.svg,Huế,0.18510918936550008,0,-0.8124359726409468,0
2025-04-29 06:00:00+07:00,61.0,1.8,94.0,/dl/web/weather/ic-w-09-mist-full.svg,Huế,0.289025208911214,0,-1.1292572250362711,0
2025-04-29 07:00:00+07:00,65.0,1.8,94.0,/dl/web/weather/ic-w-04-scattered-clouds-full.svg,Huế,0.4968572480026419,0,-1.1292572250362711,0
2025-04-29 08:00:00+07:00,69.0,3.7,83.0,/dl/web/weather/ic-w-04-scattered-clouds-full.svg,Huế,0.7046892870940699,0,-0.8124359726409468,0
2025-04-29 09:00:00+07:00,65.0,3.7,74.0,/dl/web/weather/ic-w-04-scattered-clouds-full.svg,Huế,0.4968572480026419,0,-0.8124359726409468,0
2025-04-29 10:00:00+07:00,62.0,5.5,66.0,/dl/web/weather/ic-w-04-scattered-clouds-full.svg,Huế,0.340983218684071,0,-0.5122895230032712,0
2025-04-29 11:00:00+07:00,62.0,3.7,62.0,/dl/web/weather/ic-w-02-new-clouds-full.svg,Huế,0.340983218684071,0,-0.8124359726409468,0
2025-04-29 12:00:00+07:00,59.0,3.7,62.0,/dl/web/weather/ic-w-02-new-clouds-full.svg,Huế,0.18510918936550008,0,-0.8124359726409468,0
2025-04-29 13:00:00+07:00,55.0,14.8,62.0,/dl/web/weather/ic-w-02-new-clouds-full.svg,Huế,-0.022722849725927835,0,1.0384671334580524,0
2025-04-29 14:00:00+07:00,52.0,14.8,62.0,/dl/web/weather/ic-w-02-new-clouds-full.svg,Huế,-0.17859687904449875,0,1.0384671334580524,0
2025-04-29 15:00:00+07:00,44.0,14.8,66.0,/dl/web/weather/ic-w-06-rain-full.svg,Huế,-0.5942609572273546,0,1.0384671334580524,0
2025-04-29 16:00:00+07:00,42.0,14.8,74.0,/dl/web/weather/ic-w-06-rain-full.svg,Huế,-0.6981769767730686,0,1.0384671334580524,0
2025-04-29 17:00:00+07:00,38.0,13.0,78.0,/dl/web/weather/ic-w-04-scattered-clouds-full.svg,Huế,-0.9060090158644964,0,0.7383206838203767,0
2025-04-29 18:00:00+07:00,42.0,13.0,78.0,/dl/web/weather/ic-w-04-scattered-clouds-full.svg,Huế,-0.6981769767730686,0,0.7383206838203767,0
2025-04-29 19:00:00+07:00,39.0,7.4,89.0,/dl/web/weather/ic-w-04-scattered-clouds-full.svg,Huế,-0.8540510060916394,0,-0.19546827060794705,0
2025-04-29 20:00:00+07:00,42.0,7.4,89.0,/dl/web/weather/ic-w-04-scattered-clouds-full.svg,Huế,-0.6981769767730686,0,-0.19546827060794705,0
2025-04-29 21:00:00+07:00,46.0,7.4,94.0,/dl/web/weather/ic-w-04-scattered-clouds-full.svg,Huế,-0.4903449376816406,0,-0.19546827060794705,0
2025-04-29 22:00:00+07:00,47.0,3.7,94.0,/dl/web/weather/ic-w-04-scattered-clouds-full.svg,Huế,-0.43838692790878364,0,-0.8124359726409468,0
2025-04-29 23:00:00+07:00,46.0,1.8,94.0,/dl/web/weather/ic-w-04-scattered-clouds-full.svg,Huế,-0.4903449376816406,0,-1.1292572250362711,0
2025-04-30 00:00:00+07:00,44.0,1.8,94.0,/dl/web/weather/ic-w-04-scattered-clouds-full.svg,Huế,-0.5942609572273546,0,-1.1292572250362711,0
2025-04-30 01:00:00+07:00,42.0,3.7,94.0,/dl/web/weather/ic-w-04-scattered-clouds-full.svg,Huế,-0.6981769767730686,0,-0.8124359726409468,0
2025-04-30 02:00:00+07:00,41.0,1.8,94.0,/dl/web/weather/ic-w-04-scattered-clouds-full.svg,Huế,-0.7501349865459255,0,-1.1292572250362711,0
2025-04-30 03:00:00+07:00,40.0,1.8,94.0,/dl/web/weather/ic-w-04-scattered-clouds-full.svg,Huế,-0.8020929963187825,0,-1.1292572250362711,0
2025-04-30 04:00:00+07:00,43.0,3.7,100.0,/dl/web/weather/ic-w-04-scattered-clouds-full.svg,Huế,-0.6462189670002115,0,-0.8124359726409468,0
2025-04-30 05:00:00+07:00,46.0,3.7,94.0,/dl/web/weather/ic-w-04-scattered-clouds-full.svg,Huế,-0.4903449376816406,0,-0.8124359726409468,0
2025-04-30 06:00:00+07:00,54.0,1.8,100.0,/dl/web/weather/ic-w-04-scattered-clouds-full.svg,Huế,-0.07468085949878481,0,-1.1292572250362711,0
2025-04-30 07:00:00+07:00,57.0,3.7,88.0,/dl/web/weather/ic-w-02-new-clouds-full.svg,Huế,0.08119316981978612,0,-0.8124359726409468,0
2025-04-30 08:00:00+07:00,56.0,3.7,78.0,/dl/web/weather/ic-w-02-new-clouds-full.svg,Huế,0.02923516004692914,0,-0.8124359726409468,0
2025-04-30 09:00:00+07:00,53.0,3.7,70.0,/dl/web/weather/ic-w-02-new-clouds-full.svg,Huế,-0.12663886927164178,0,-0.8124359726409468,0
2025-04-30 10:00:00+07:00,52.0,7.4,74.0,/dl/web/weather/ic-w-02-new-clouds-full.svg,Huế,-0.17859687904449875,0,-0.19546827060794705,0
2025-04-30 11:00:00+07:00,52.0,5.5,62.0,/dl/web/weather/ic-w-02-new-clouds-full.svg,Huế,-0.17859687904449875,0,-0.5122895230032712,0
2025-04-30 12:00:00+07:00,48.0,14.8,62.0,/dl/web/weather/ic-w-02-new-clouds-full.svg,Huế,-0.38642891813592667,0,1.0384671334580524,0
2025-04-30 13:00:00+07:00,40.0,18.5,70.0,/dl/web/weather/ic-w-02-new-clouds-full.svg,Huế,-0.8020929963187825,0,1.655434835491052,0
2025-04-30 14:00:00+07:00,34.0,18.5,70.0,/dl/web/weather/ic-w-02-new-clouds-full.svg,Huế,-1.1138410549559243,0,1.655434835491052,0
2025-04-30 15:00:00+07:00,34.0,18.5,70.0,/dl/web/weather/ic-w-06-rain-full.svg,Huế,-1.1138410549559243,0,1.655434835491052,0
2025-04-30 16:00:00+07:00,34.0,18.5,70.0,/dl/web/weather/ic-w-06-rain-full.svg,Huế,-1.1138410549559243,0,1.655434835491052,0
2025-04-30 17:00:00+07:00,34.0,16.7,74.0,/dl/web/weather/ic-w-06-rain-full.svg,Huế,-1.1138410549559243,0,1.3552883858533764,0
2025-04-30 18:00:00+07:00,34.0,16.7,74.0,/dl/web/weather/ic-w-06-rain-full.svg,Huế,-1.1138410549559243,0,1.3552883858533764,0
2025-04-30 19:00:00+07:00,34.0,7.4,89.0,/dl/web/weather/ic-w-11-night-few-clouds-full.svg,Huế,-1.1138410549559243,0,-0.19546827060794705,0
2025-04-30 20:00:00+07:00,34.0,5.5,89.0,/dl/web/weather/ic-w-04-scattered-clouds-full.svg,Huế,-1.1138410549559243,0,-0.5122895230032712,0
2025-04-30 21:00:00+07:00,34.0,5.5,89.0,/dl/web/weather/ic-w-04-scattered-clouds-full.svg,Huế,-1.1138410549559243,0,-0.5122895230032712,0
2025-04-30 22:00:00+07:00,34.0,3.7,89.0,/dl/web/weather/ic-w-04-scattered-clouds-full.svg,Huế,-1.1138410549559243,0,-0.8124359726409468,0
2025-04-30 23:00:00+07:00,34.0,1.8,83.0,/dl/web/weather/ic-w-04-scattered-clouds-full.svg,Huế,-1.1138410549559243,0,-1.1292572250362711,0
2025-05-01 00:00:00+07:00,34.0,1.8,83.0,/dl/web/weather/ic-w-04-scattered-clouds-full.svg,Huế,-1.1138410549559243,0,-1.1292572250362711,0
2025-05-01 01:00:00+07:00,34.0,1.8,83.0,/dl/web/weather/ic-w-04-scattered-clouds-full.svg,Huế,-1.1138410549559243,0,-1.1292572250362711,0
2025-05-01 02:00:00+07:00,34.0,1.8,83.0,/dl/web/weather/ic-w-04-scattered-clouds-full.svg,Huế,-1.1138410549559243,0,-1.1292572250362711,0
2025-05-01 03:00:00+07:00,35.0,7.4,94.0,/dl/web/weather/ic-w-04-scattered-clouds-full.svg,Huế,-1.0618830451830674,0,-0.19546827060794705,0
2025-05-01 04:00:00+07:00,37.0,5.5,94.0,/dl/web/weather/ic-w-11-night-few-clouds-full.svg,Huế,-0.9579670256373534,0,-0.5122895230032712,0
2025-05-01 05:00:00+07:00,37.0,5.5,94.0,/dl/web/weather/ic-w-11-night-few-clouds-full.svg,Huế,-0.9579670256373534,0,-0.5122895230032712,0
2025-05-01 06:00:00+07:00,40.0,5.5,94.0,/dl/web/weather/ic-w-11-night-few-clouds-full.svg,Huế,-0.8020929963187825,0,-0.5122895230032712,0
2025-05-01 07:00:00+07:00,46.0,3.7,89.0,/dl/web/weather/ic-w-02-new-clouds-full.svg,Huế,-0.4903449376816406,0,-0.8124359726409468,0
2025-05-01 08:00:00+07:00,58.0,3.7,74.0,/dl/web/weather/ic-w-02-new-clouds-full.svg,Huế,0.13315117959264308,0,-0.8124359726409468,0
2025-05-01 09:00:00+07:00,63.0,5.5,66.0,/dl/web/weather/ic-w-02-new-clouds-full.svg,Huế,0.39294122845692797,0,-0.5122895230032712,0
2025-05-01 10:00:00+07:00,59.0,7.4,70.0,/dl/web/weather/ic-w-04-scattered-clouds-full.svg,Huế,0.18510918936550008,0,-0.19546827060794705,0
2025-05-01 11:00:00+07:00,59.0,11.1,66.0,/dl/web/weather/ic-w-04-scattered-clouds-full.svg,Huế,0.18510918936550008,0,0.42149943142505253,0
2025-05-01 12:00:00+07:00,55.0,11.1,66.0,/dl/web/weather/ic-w-04-scattered-clouds-full.svg,Huế,-0.022722849725927835,0,0.42149943142505253,0
2025-05-01 13:00:00+07:00,52.0,14.8,66.0,/dl/web/weather/ic-w-02-new-clouds-full.svg,Huế,-0.17859687904449875,0,1.0384671334580524,0
2025-05-01 14:00:00+07:00,46.0,16.7,66.0,/dl/web/weather/ic-w-02-new-clouds-full.svg,Huế,-0.4903449376816406,0,1.3552883858533764,0
2025-05-01 15:00:00+07:00,43.0,16.7,62.0,/dl/web/weather/ic-w-02-new-clouds-full.svg,Huế,-0.6462189670002115,0,1.3552883858533764,0
2025-05-01 16:00:00+07:00,40.0,16.7,70.0,/dl/web/weather/ic-w-02-new-clouds-full.svg,Huế,-0.8020929963187825,0,1.3552883858533764,0
2025-05-01 17:00:00+07:00,41.0,14.8,70.0,/dl/web/weather/ic-w-02-new-clouds-full.svg,Huế,-0.7501349865459255,0,1.0384671334580524,0
2025-05-01 18:00:00+07:00,46.0,11.1,79.0,/dl/web/weather/ic-w-06-rain-full.svg,Huế,-0.4903449376816406,0,0.42149943142505253,0
2025-05-01 19:00:00+07:00,49.0,7.4,83.0,/dl/web/weather/ic-w-11-night-few-clouds-full.svg,Huế,-0.3344709083630697,0,-0.19546827060794705,0
2025-05-01 20:00:00+07:00,52.0,7.4,83.0,/dl/web/weather/ic-w-04-scattered-clouds-full.svg,Huế,-0.17859687904449875,0,-0.19546827060794705,0
2025-05-01 21:00:00+07:00,51.0,5.5,89.0,/dl/web/weather/ic-w-04-scattered-clouds-full.svg,Huế,-0.23055488881735575,0,-0.5122895230032712,0
2025-05-01 22:00:00+07:00,51.0,5.5,89.0,/dl/web/weather/ic-w-04-scattered-clouds-full.svg,Huế,-0.23055488881735575,0,-0.5122895230032712,0
2025-05-01 23:00:00+07:00,51.0,3.7,89.0,/dl/web/weather/ic-w-04-scattered-clouds-full.svg,Huế,-0.23055488881735575,0,-0.8124359726409468,0
2025-05-02 00:00:00+07:00,52.0,3.7,89.0,/dl/web/weather/ic-w-04-scattered-clouds-full.svg,Huế,-0.17859687904449875,0,-0.8124359726409468,0
2025-05-02 01:00:00+07:00,56.0,1.8,94.0,/dl/web/weather/ic-w-04-scattered-clouds-full.svg,Huế,0.02923516004692914,0,-1.1292572250362711,0
2025-05-02 02:00:00+07:00,57.0,1.8,94.0,/dl/web/weather/ic-w-04-scattered-clouds-full.svg,Huế,0.08119316981978612,0,-1.1292572250362711,0
2025-05-02 03:00:00+07:00,54.0,3.7,94.0,/dl/web/weather/ic-w-04-scattered-clouds-full.svg,Huế,-0.07468085949878481,0,-0.8124359726409468,0
2025-05-02 04:00:00+07:00,55.0,5.5,94.0,/dl/web/weather/ic-w-04-scattered-clouds-full.svg,Huế,-0.022722849725927835,0,-0.5122895230032712,0
2025-05-02 05:00:00+07:00,55.0,5.5,88.0,/dl/web/weather/ic-w-04-scattered-clouds-full.svg,Huế,-0.022722849725927835,0,-0.5122895230032712,0
2025-05-02 06:00:00+07:00,54.0,5.5,88.0,/dl/web/weather/ic-w-04-scattered-clouds-full.svg,Huế,-0.07468085949878481,0,-0.5122895230032712,0
2025-05-02 07:00:00+07:00,55.0,7.4,83.0,/dl/web/weather/ic-w-02-new-clouds-full.svg,Huế,-0.022722849725927835,0,-0.19546827060794705,0
2025-05-02 08:00:00+07:00,55.0,5.5,74.0,/dl/web/weather/ic-w-02-new-clouds-full.svg,Huế,-0.022722849725927835,0,-0.5122895230032712,0
2025-05-02 09:00:00+07:00,54.0,3.7,70.0,/dl/web/weather/ic-w-02-new-clouds-full.svg,Huế,-0.07468085949878481,0,-0.8124359726409468,0
2025-05-02 10:00:00+07:00,53.0,5.5,58.0,/dl/web/weather/ic-w-02-new-clouds-full.svg,Huế,-0.12663886927164178,0,-0.5122895230032712,0
2025-05-02 11:00:00+07:00,53.0,9.2,66.0,/dl/web/weather/ic-w-04-scattered-clouds-full.svg,Huế,-0.12663886927164178,0,0.10467817902972831,0
2025-05-02 12:00:00+07:00,53.0,11.1,66.0,/dl/web/weather/ic-w-04-scattered-clouds-full.svg,Huế,-0.12663886927164178,0,0.42149943142505253,0
2025-05-02 13:00:00+07:00,53.0,11.1,66.0,/dl/web/weather/ic-w-04-scattered-clouds-full.svg,Huế,-0.12663886927164178,0,0.42149943142505253,0
2025-05-02 14:00:00+07:00,52.0,16.7,70.0,/dl/web/weather/ic-w-04-scattered-clouds-full.svg,Huế,-0.17859687904449875,0,1.3552883858533764,0
2025-05-02 15:00:00+07:00,52.0,16.7,70.0,/dl/web/weather/ic-w-04-scattered-clouds-full.svg,Huế,-0.17859687904449875,0,1.3552883858533764,0
2025-05-02 16:00:00+07:00,51.0,16.7,70.0,/dl/web/weather/ic-w-04-scattered-clouds-full.svg,Huế,-0.23055488881735575,0,1.3552883858533764,0
2025-05-02 17:00:00+07:00,48.0,16.7,74.0,/dl/web/weather/ic-w-06-rain-full.svg,Huế,-0.38642891813592667,0,1.3552883858533764,0
2025-05-02 18:00:00+07:00,49.0,11.1,78.0,/dl/web/weather/ic-w-04-scattered-clouds-full.svg,Huế,-0.3344709083630697,0,0.42149943142505253,0
2025-05-02 19:00:00+07:00,48.0,9.2,83.0,/dl/web/weather/ic-w-04-scattered-clouds-full.svg,Huế,-0.38642891813592667,0,0.10467817902972831,0
2025-05-02 20:00:00+07:00,48.0,5.5,83.0,/dl/web/weather/ic-w-04-scattered-clouds-full.svg,Huế,-0.38642891813592667,0,-0.5122895230032712,0
2025-05-02 21:00:00+07:00,48.0,7.4,78.0,/dl/web/weather/ic-w-04-scattered-clouds-full.svg,Huế,-0.38642891813592667,0,-0.19546827060794705,0
2025-05-02 22:00:00+07:00,51.0,9.2,89.0,/dl/web/weather/ic-w-04-scattered-clouds-full.svg,Huế,-0.23055488881735575,0,0.10467817902972831,0
2025-05-02 23:00:00+07:00,52.0,1.8,89.0,/dl/web/weather/ic-w-04-scattered-clouds-full.svg,Huế,-0.17859687904449875,0,-1.1292572250362711,0
2025-05-03 00:00:00+07:00,52.0,3.7,83.0,/dl/web/weather/ic-w-04-scattered-clouds-full.svg,Huế,-0.17859687904449875,0,-0.8124359726409468,0
2025-05-03 01:00:00+07:00,52.0,5.5,78.0,/dl/web/weather/ic-w-04-scattered-clouds-full.svg,Huế,-0.17859687904449875,0,-0.5122895230032712,0
2025-05-03 02:00:00+07:00,53.0,5.5,78.0,/dl/web/weather/ic-w-04-scattered-clouds-full.svg,Huế,-0.12663886927164178,0,-0.5122895230032712,0
2025-05-03 03:00:00+07:00,54.0,5.5,89.0,/dl/web/weather/ic-w-04-scattered-clouds-full.svg,Huế,-0.07468085949878481,0,-0.5122895230032712,0
2025-05-03 04:00:00+07:00,54.0,1.8,78.0,/dl/web/weather/ic-w-04-scattered-clouds-full.svg,Huế,-0.07468085949878481,0,-1.1292572250362711,0
2025-05-03 05:00:00+07:00,54.0,1.8,83.0,/dl/web/weather/ic-w-04-scattered-clouds-full.svg,Huế,-0.07468085949878481,0,-1.1292572250362711,0
2025-05-03 06:00:00+07:00,55.0,1.8,83.0,/dl/web/weather/ic-w-04-scattered-clouds-full.svg,Huế,-0.022722849725927835,0,-1.1292572250362711,0
2025-05-03 07:00:00+07:00,56.0,3.7,89.0,/dl/web/weather/ic-w-04-scattered-clouds-full.svg,Huế,0.02923516004692914,0,-0.8124359726409468,0
2025-05-03 08:00:00+07:00,62.0,3.7,74.0,/dl/web/weather/ic-w-04-scattered-clouds-full.svg,Huế,0.340983218684071,0,-0.8124359726409468,0
2025-05-03 09:00:00+07:00,63.0,9.2,78.0,/dl/web/weather/ic-w-02-new-clouds-full.svg,Huế,0.39294122845692797,0,0.10467817902972831,0
2025-05-03 10:00:00+07:00,64.0,5.5,70.0,/dl/web/weather/ic-w-02-new-clouds-full.svg,Huế,0.44489923822978494,0,-0.5122895230032712,0
2025-05-03 11:00:00+07:00,64.0,7.4,66.0,/dl/web/weather/ic-w-02-new-clouds-full.svg,Huế,0.44489923822978494,0,-0.19546827060794705,0
2025-05-03 12:00:00+07:00,63.0,9.2,62.0,/dl/web/weather/ic-w-02-new-clouds-full.svg,Huế,0.39294122845692797,0,0.10467817902972831,0
2025-05-03 13:00:00+07:00,69.0,13.0,70.0,/dl/web/weather/ic-w-02-new-clouds-full.svg,Huế,0.7046892870940699,0,0.7383206838203767,0
2025-05-03 14:00:00+07:00,69.0,13.0,66.0,/dl/web/weather/ic-w-02-new-clouds-full.svg,Huế,0.7046892870940699,0,0.7383206838203767,0
2025-05-03 15:00:00+07:00,73.0,13.0,66.0,/dl/web/weather/ic-w-02-new-clouds-full.svg,Huế,0.9125213261854977,0,0.7383206838203767,0
2025-05-03 16:00:00+07:00,68.0,14.8,66.0,/dl/web/weather/ic-w-02-new-clouds-full.svg,Huế,0.6527312773212128,0,1.0384671334580524,0
2025-05-03 17:00:00+07:00,68.0,14.8,70.0,/dl/web/weather/ic-w-02-new-clouds-full.svg,Huế,0.6527312773212128,0,1.0384671334580524,0
2025-05-03 18:00:00+07:00,61.0,14.8,70.0,/dl/web/weather/ic-w-02-new-clouds-full.svg,Huế,0.289025208911214,0,1.0384671334580524,0
2025-05-03 19:00:00+07:00,59.0,9.2,89.0,/dl/web/weather/ic-w-11-night-few-clouds-full.svg,Huế,0.18510918936550008,0,0.10467817902972831,0
2025-05-03 20:00:00+07:00,59.0,7.4,89.0,/dl/web/weather/ic-w-11-night-few-clouds-full.svg,Huế,0.18510918936550008,0,-0.19546827060794705,0
2025-05-03 21:00:00+07:00,59.0,7.4,89.0,/dl/web/weather/ic-w-11-night-few-clouds-full.svg,Huế,0.18510918936550008,0,-0.19546827060794705,0
2025-05-03 22:00:00+07:00,59.0,1.8,89.0,/dl/web/weather/ic-w-11-night-few-clouds-full.svg,Huế,0.18510918936550008,0,-1.1292572250362711,0
2025-05-03 23:00:00+07:00,59.0,1.8,89.0,/dl/web/weather/ic-w-11-night-few-clouds-full.svg,Huế,0.18510918936550008,0,-1.1292572250362711,0
2025-05-04 00:00:00+07:00,59.0,1.8,83.0,/dl/web/weather/ic-w-11-night-few-clouds-full.svg,Huế,0.18510918936550008,0,-1.1292572250362711,0
2025-05-04 01:00:00+07:00,59.0,1.8,83.0,/dl/web/weather/ic-w-11-night-few-clouds-full.svg,Huế,0.18510918936550008,0,-1.1292572250362711,0
2025-05-04 02:00:00+07:00,69.0,1.8,83.0,/dl/web/weather/ic-w-11-night-few-clouds-full.svg,Huế,0.7046892870940699,0,-1.1292572250362711,0
2025-05-04 03:00:00+07:00,69.0,5.5,83.0,/dl/web/weather/ic-w-11-night-few-clouds-full.svg,Huế,0.7046892870940699,0,-0.5122895230032712,0
2025-05-04 04:00:00+07:00,69.0,1.8,89.0,/dl/web/weather/ic-w-11-night-few-clouds-full.svg,Huế,0.7046892870940699,0,-1.1292572250362711,0
2025-05-04 05:00:00+07:00,67.0,1.8,89.0,/dl/web/weather/ic-w-11-night-few-clouds-full.svg,Huế,0.6007732675483559,0,-1.1292572250362711,0
2025-05-04 06:00:00+07:00,67.0,1.8,94.0,/dl/web/weather/ic-w-11-night-few-clouds-full.svg,Huế,0.6007732675483559,0,-1.1292572250362711,0
2025-05-04 07:00:00+07:00,67.0,3.7,83.0,/dl/web/weather/ic-w-09-mist-full.svg,Huế,0.6007732675483559,0,-0.8124359726409468,0
2025-05-04 08:00:00+07:00,73.0,5.5,79.0,/dl/web/weather/ic-w-02-new-clouds-full.svg,Huế,0.9125213261854977,0,-0.5122895230032712,0
2025-05-04 09:00:00+07:00,73.0,7.4,66.0,/dl/web/weather/ic-w-02-new-clouds-full.svg,Huế,0.9125213261854977,0,-0.19546827060794705,0
2025-05-04 10:00:00+07:00,73.0,7.4,66.0,/dl/web/weather/ic-w-02-new-clouds-full.svg,Huế,0.9125213261854977,0,-0.19546827060794705,0
2025-05-04 11:00:00+07:00,71.0,9.2,59.0,/dl/web/weather/ic-w-02-new-clouds-full.svg,Huế,0.8086053066397838,0,0.10467817902972831,0
2025-05-04 12:00:00+07:00,71.0,13.0,66.0,/dl/web/weather/ic-w-02-new-clouds-full.svg,Huế,0.8086053066397838,0,0.7383206838203767,0
2025-05-04 13:00:00+07:00,71.0,16.7,62.0,/dl/web/weather/ic-w-02-new-clouds-full.svg,Huế,0.8086053066397838,0,1.3552883858533764,0
2025-05-04 14:00:00+07:00,67.0,20.4,58.0,/dl/web/weather/ic-w-02-new-clouds-full.svg,Huế,0.6007732675483559,0,1.972256087886376,0
2025-05-04 15:00:00+07:00,67.0,20.4,58.0,/dl/web/weather/ic-w-02-new-clouds-full.svg,Huế,0.6007732675483559,0,1.972256087886376,0
2025-05-04 16:00:00+07:00,67.0,14.8,66.0,/dl/web/weather/ic-w-06-rain-full.svg,Huế,0.6007732675483559,0,1.0384671334580524,0
2025-05-04 17:00:00+07:00,64.0,9.2,78.0,/dl/web/weather/ic-w-06-rain-full.svg,Huế,0.44489923822978494,0,0.10467817902972831,0
2025-05-04 19:00:00+07:00,57.0,7.4,69.0,/dl/web/weather/ic-w-04-scattered-clouds-full.svg,Huế,0.08119316981978612,0,-0.19546827060794705,0
2025-05-04 20:00:00+07:00,57.0,9.2,74.0,/dl/web/weather/ic-w-12-night-rain-full.svg,Huế,0.08119316981978612,0,0.10467817902972831,0
2025-05-04 21:00:00+07:00,43.0,9.2,74.0,/dl/web/weather/ic-w-12-night-rain-full.svg,Huế,-0.6462189670002115,0,0.10467817902972831,0
2025-05-04 22:00:00+07:00,36.0,5.5,74.0,/dl/web/weather/ic-w-12-night-rain-full.svg,Huế,-1.0099250354102103,0,-0.5122895230032712,0
2025-05-04 23:00:00+07:00,31.0,5.5,74.0,/dl/web/weather/ic-w-12-night-rain-full.svg,Huế,-1.2697150842744953,0,-0.5122895230032712,0
2025-05-05 00:00:00+07:00,29.0,11.1,74.0,/dl/web/weather/ic-w-04-scattered-clouds-full.svg,Huế,-1.3736311038202091,0,0.42149943142505253,0
2025-05-05 01:00:00+07:00,28.0,1.8,83.0,/dl/web/weather/ic-w-04-scattered-clouds-full.svg,Huế,-1.4255891135930663,0,-1.1292572250362711,0
2025-05-05 02:00:00+07:00,28.0,3.7,83.0,/dl/web/weather/ic-w-04-scattered-clouds-full.svg,Huế,-1.4255891135930663,0,-0.8124359726409468,0
2025-05-05 03:00:00+07:00,28.0,3.7,83.0,/dl/web/weather/ic-w-04-scattered-clouds-full.svg,Huế,-1.4255891135930663,0,-0.8124359726409468,0
2025-05-05 04:00:00+07:00,29.0,1.8,78.0,/dl/web/weather/ic-w-04-scattered-clouds-full.svg,Huế,-1.3736311038202091,0,-1.1292572250362711,0
2025-05-05 05:00:00+07:00,28.0,3.7,89.0,/dl/web/weather/ic-w-04-scattered-clouds-full.svg,Huế,-1.4255891135930663,0,-0.8124359726409468,0
2025-05-05 06:00:00+07:00,28.0,5.5,83.0,/dl/web/weather/ic-w-04-scattered-clouds-full.svg,Huế,-1.4255891135930663,0,-0.5122895230032712,0
2025-05-05 07:00:00+07:00,36.0,3.7,83.0,/dl/web/weather/ic-w-04-scattered-clouds-full.svg,Huế,-1.0099250354102103,0,-0.8124359726409468,0
2025-05-05 08:00:00+07:00,43.0,5.5,74.0,/dl/web/weather/ic-w-04-scattered-clouds-full.svg,Huế,-0.6462189670002115,0,-0.5122895230032712,0
2025-05-05 09:00:00+07:00,42.0,3.7,66.0,/dl/web/weather/ic-w-02-new-clouds-full.svg,Huế,-0.6981769767730686,0,-0.8124359726409468,0
2025-05-05 10:00:00+07:00,45.0,5.5,62.0,/dl/web/weather/ic-w-02-new-clouds-full.svg,Huế,-0.5423029474544976,0,-0.5122895230032712,0
2025-05-05 11:00:00+07:00,45.0,9.2,62.0,/dl/web/weather/ic-w-02-new-clouds-full.svg,Huế,-0.5423029474544976,0,0.10467817902972831,0
2025-05-05 12:00:00+07:00,47.0,9.2,62.0,/dl/web/weather/ic-w-02-new-clouds-full.svg,Huế,-0.43838692790878364,0,0.10467817902972831,0
2025-05-05 13:00:00+07:00,44.0,14.8,52.0,/dl/web/weather/ic-w-02-new-clouds-full.svg,Huế,-0.5942609572273546,0,1.0384671334580524,0
2025-05-05 14:00:00+07:00,42.0,14.8,52.0,/dl/web/weather/ic-w-02-new-clouds-full.svg,Huế,-0.6981769767730686,0,1.0384671334580524,0
2025-05-05 15:00:00+07:00,44.0,13.0,55.0,/dl/web/weather/ic-w-02-new-clouds-full.svg,Huế,-0.5942609572273546,0,0.7383206838203767,0
2025-05-05 16:00:00+07:00,46.0,9.2,52.0,/dl/web/weather/ic-w-04-scattered-clouds-full.svg,Huế,-0.4903449376816406,0,0.10467817902972831,0
2025-05-05 17:00:00+07:00,44.0,7.4,58.0,/dl/web/weather/ic-w-04-scattered-clouds-full.svg,Huế,-0.5942609572273546,0,-0.19546827060794705,0
2025-05-05 18:00:00+07:00,48.0,7.4,58.0,/dl/web/weather/ic-w-04-scattered-clouds-full.svg,Huế,-0.38642891813592667,0,-0.19546827060794705,0
2025-05-05 19:00:00+07:00,52.0,14.8,58.0,/dl/web/weather/ic-w-04-scattered-clouds-full.svg,Huế,-0.17859687904449875,0,1.0384671334580524,0
2025-05-05 20:00:00+07:00,47.0,9.2,58.0,/dl/web/weather/ic-w-04-scattered-clouds-full.svg,Huế,-0.43838692790878364,0,0.10467817902972831,0
2025-05-05 21:00:00+07:00,43.0,7.4,58.0,/dl/web/weather/ic-w-04-scattered-clouds-full.svg,Huế,-0.6462189670002115,0,-0.19546827060794705,0
2025-05-05 22:00:00+07:00,36.0,7.4,65.0,/dl/web/weather/ic-w-04-scattered-clouds-full.svg,Huế,-1.0099250354102103,0,-0.19546827060794705,0
2025-05-05 23:00:00+07:00,34.0,1.8,69.0,/dl/web/weather/ic-w-11-night-few-clouds-full.svg,Huế,-1.1138410549559243,0,-1.1292572250362711,0
2025-05-06 00:00:00+07:00,36.0,1.8,69.0,/dl/web/weather/ic-w-11-night-few-clouds-full.svg,Huế,-1.0099250354102103,0,-1.1292572250362711,0
2025-05-06 01:00:00+07:00,36.0,5.5,69.0,/dl/web/weather/ic-w-11-night-few-clouds-full.svg,Huế,-1.0099250354102103,0,-0.5122895230032712,0
2025-05-06 02:00:00+07:00,36.0,7.4,69.0,/dl/web/weather/ic-w-11-night-few-clouds-full.svg,Huế,-1.0099250354102103,0,-0.19546827060794705,0
2025-05-06 03:00:00+07:00,36.0,3.7,69.0,/dl/web/weather/ic-w-11-night-few-clouds-full.svg,Huế,-1.0099250354102103,0,-0.8124359726409468,0
2025-05-06 04:00:00+07:00,36.0,5.5,78.0,/dl/web/weather/ic-w-11-night-few-clouds-full.svg,Huế,-1.0099250354102103,0,-0.5122895230032712,0
2025-05-06 05:00:00+07:00,34.0,3.7,78.0,/dl/web/weather/ic-w-04-scattered-clouds-full.svg,Huế,-1.1138410549559243,0,-0.8124359726409468,0
2025-05-06 06:00:00+07:00,36.0,3.7,78.0,/dl/web/weather/ic-w-04-scattered-clouds-full.svg,Huế,-1.0099250354102103,0,-0.8124359726409468,0
2025-05-06 07:00:00+07:00,36.0,3.7,83.0,/dl/web/weather/ic-w-02-new-clouds-full.svg,Huế,-1.0099250354102103,0,-0.8124359726409468,0
2025-05-06 08:00:00+07:00,48.0,5.5,66.0,/dl/web/weather/ic-w-02-new-clouds-full.svg,Huế,-0.38642891813592667,0,-0.5122895230032712,0
2025-05-06 09:00:00+07:00,43.0,1.8,58.0,/dl/web/weather/ic-w-01-clear-sky-full.svg,Huế,-0.6462189670002115,0,-1.1292572250362711,0
2025-05-06 10:00:00+07:00,43.0,3.7,55.0,/dl/web/weather/ic-w-02-new-clouds-full.svg,Huế,-0.6462189670002115,0,-0.8124359726409468,0
2025-05-06 11:00:00+07:00,43.0,5.5,52.0,/dl/web/weather/ic-w-02-new-clouds-full.svg,Huế,-0.6462189670002115,0,-0.5122895230032712,0
2025-05-06 12:00:00+07:00,43.0,9.2,49.0,/dl/web/weather/ic-w-02-new-clouds-full.svg,Huế,-0.6462189670002115,0,0.10467817902972831,0
2025-05-06 13:00:00+07:00,40.0,16.7,52.0,/dl/web/weather/ic-w-02-new-clouds-full.svg,Huế,-0.8020929963187825,0,1.3552883858533764,0
2025-05-06 14:00:00+07:00,40.0,16.7,52.0,/dl/web/weather/ic-w-02-new-clouds-full.svg,Huế,-0.8020929963187825,0,1.3552883858533764,0
2025-05-06 15:00:00+07:00,52.0,14.8,49.0,/dl/web/weather/ic-w-02-new-clouds-full.svg,Huế,-0.17859687904449875,0,1.0384671334580524,0
2025-05-06 16:00:00+07:00,51.0,13.0,52.0,/dl/web/weather/ic-w-02-new-clouds-full.svg,Huế,-0.23055488881735575,0,0.7383206838203767,0
2025-05-06 17:00:00+07:00,51.0,11.1,58.0,/dl/web/weather/ic-w-02-new-clouds-full.svg,Huế,-0.23055488881735575,0,0.42149943142505253,0
2025-05-06 18:00:00+07:00,51.0,14.8,70.0,/dl/web/weather/ic-w-02-new-clouds-full.svg,Huế,-0.23055488881735575,0,1.0384671334580524,0
2025-05-06 19:00:00+07:00,51.0,9.2,66.0,/dl/web/weather/ic-w-11-night-few-clouds-full.svg,Huế,-0.23055488881735575,0,0.10467817902972831,0
2025-05-06 20:00:00+07:00,51.0,9.2,70.0,/dl/web/weather/ic-w-11-night-few-clouds-full.svg,Huế,-0.23055488881735575,0,0.10467817902972831,0
2025-05-06 21:00:00+07:00,51.0,3.7,74.0,/dl/web/weather/ic-w-11-night-few-clouds-full.svg,Huế,-0.23055488881735575,0,-0.8124359726409468,0
2025-05-06 22:00:00+07:00,51.0,3.7,74.0,/dl/web/weather/ic-w-11-night-few-clouds-full.svg,Huế,-0.23055488881735575,0,-0.8124359726409468,0
2025-05-06 23:00:00+07:00,67.0,1.8,74.0,/dl/web/weather/ic-w-11-night-few-clouds-full.svg,Huế,0.6007732675483559,0,-1.1292572250362711,0
2025-05-07 00:00:00+07:00,67.0,7.4,79.0,/dl/web/weather/ic-w-11-night-few-clouds-full.svg,Huế,0.6007732675483559,0,-0.19546827060794705,0
2025-05-07 01:00:00+07:00,67.0,13.0,78.0,/dl/web/weather/ic-w-11-night-few-clouds-full.svg,Huế,0.6007732675483559,0,0.7383206838203767,0
2025-05-07 02:00:00+07:00,62.0,9.2,78.0,/dl/web/weather/ic-w-11-night-few-clouds-full.svg,Huế,0.340983218684071,0,0.10467817902972831,0
2025-05-07 03:00:00+07:00,62.0,9.2,74.0,/dl/web/weather/ic-w-11-night-few-clouds-full.svg,Huế,0.340983218684071,0,0.10467817902972831,0
2025-05-07 04:00:00+07:00,62.0,3.7,78.0,/dl/web/weather/ic-w-11-night-few-clouds-full.svg,Huế,0.340983218684071,0,-0.8124359726409468,0
2025-05-07 05:00:00+07:00,63.0,5.5,89.0,/dl/web/weather/ic-w-11-night-few-clouds-full.svg,Huế,0.39294122845692797,0,-0.5122895230032712,0
2025-05-07 06:00:00+07:00,63.0,3.7,78.0,/dl/web/weather/ic-w-02-new-clouds-full.svg,Huế,0.39294122845692797,0,-0.8124359726409468,0
2025-05-07 07:00:00+07:00,63.0,3.7,74.0,/dl/web/weather/ic-w-04-scattered-clouds-full.svg,Huế,0.39294122845692797,0,-0.8124359726409468,0
2025-05-07 08:00:00+07:00,65.0,1.8,74.0,/dl/web/weather/ic-w-04-scattered-clouds-full.svg,Huế,0.4968572480026419,0,-1.1292572250362711,0
2025-05-07 09:00:00+07:00,52.0,7.4,79.0,/dl/web/weather/ic-w-04-scattered-clouds-full.svg,Huế,-0.17859687904449875,0,-0.19546827060794705,0
2025-05-07 10:00:00+07:00,51.0,5.5,74.0,/dl/web/weather/ic-w-04-scattered-clouds-full.svg,Huế,-0.23055488881735575,0,-0.5122895230032712,0
2025-05-07 11:00:00+07:00,51.0,7.4,55.0,/dl/web/weather/ic-w-04-scattered-clouds-full.svg,Huế,-0.23055488881735575,0,-0.19546827060794705,0
2025-05-07 12:00:00+07:00,44.0,11.1,52.0,/dl/web/weather/ic-w-04-scattered-clouds-full.svg,Huế,-0.5942609572273546,0,0.42149943142505253,0
2025-05-07 13:00:00+07:00,43.0,9.2,56.0,/dl/web/weather/ic-w-04-scattered-clouds-full.svg,Huế,-0.6462189670002115,0,0.10467817902972831,0
2025-05-07 14:00:00+07:00,53.0,16.7,62.0,/dl/web/weather/ic-w-04-scattered-clouds-full.svg,Huế,-0.12663886927164178,0,1.3552883858533764,0
2025-05-07 15:00:00+07:00,67.0,11.1,58.0,/dl/web/weather/ic-w-04-scattered-clouds-full.svg,Huế,0.6007732675483559,0,0.42149943142505253,0
2025-05-07 16:00:00+07:00,90.0,13.0,62.0,/dl/web/weather/ic-w-04-scattered-clouds-full.svg,Huế,1.7958074923240663,0,0.7383206838203767,0
2025-05-07 17:00:00+07:00,84.0,9.2,62.0,/dl/web/weather/ic-w-04-scattered-clouds-full.svg,Huế,1.4840594336869244,0,0.10467817902972831,0
2025-05-07 18:00:00+07:00,66.0,11.1,66.0,/dl/web/weather/ic-w-06-rain-full.svg,Huế,0.5488152577754989,0,0.42149943142505253,0
2025-05-07 19:00:00+07:00,63.0,3.7,66.0,/dl/web/weather/ic-w-12-night-rain-full.svg,Huế,0.39294122845692797,0,-0.8124359726409468,0
2025-05-07 20:00:00+07:00,77.0,5.5,74.0,/dl/web/weather/ic-w-12-night-rain-full.svg,Huế,1.1203533652769258,0,-0.5122895230032712,0
2025-05-07 21:00:00+07:00,84.0,1.8,74.0,/dl/web/weather/ic-w-12-night-rain-full.svg,Huế,1.4840594336869244,0,-1.1292572250362711,0
2025-05-07 22:00:00+07:00,70.0,3.7,74.0,/dl/web/weather/ic-w-12-night-rain-full.svg,Huế,0.7566472968669268,0,-0.8124359726409468,0
2025-05-07 23:00:00+07:00,59.0,3.7,79.0,/dl/web/weather/ic-w-12-night-rain-full.svg,Huế,0.18510918936550008,0,-0.8124359726409468,0
2025-05-08 00:00:00+07:00,52.0,3.7,83.0,/dl/web/weather/ic-w-12-night-rain-full.svg,Huế,-0.17859687904449875,0,-0.8124359726409468,0
2025-05-08 01:00:00+07:00,43.0,3.7,83.0,/dl/web/weather/ic-w-12-night-rain-full.svg,Huế,-0.6462189670002115,0,-0.8124359726409468,0
2025-05-08 02:00:00+07:00,34.0,3.7,74.0,/dl/web/weather/ic-w-12-night-rain-full.svg,Huế,-1.1138410549559243,0,-0.8124359726409468,0
2025-05-08 03:00:00+07:00,36.0,3.7,89.0,/dl/web/weather/ic-w-12-night-rain-full.svg,Huế,-1.0099250354102103,0,-0.8124359726409468,0
2025-05-08 04:00:00+07:00,34.0,3.7,78.0,/dl/web/weather/ic-w-12-night-rain-full.svg,Huế,-1.1138410549559243,0,-0.8124359726409468,0
2025-05-08 05:00:00+07:00,34.0,3.7,89.0,/dl/web/weather/ic-w-12-night-rain-full.svg,Huế,-1.1138410549559243,0,-0.8124359726409468,0
2025-05-08 06:00:00+07:00,36.0,5.5,74.0,/dl/web/weather/ic-w-06-rain-full.svg,Huế,-1.0099250354102103,0,-0.5122895230032712,0
2025-05-08 07:00:00+07:00,39.0,1.8,78.0,/dl/web/weather/ic-w-06-rain-full.svg,Huế,-0.8540510060916394,0,-1.1292572250362711,0
2025-05-08 08:00:00+07:00,51.0,3.7,70.0,/dl/web/weather/ic-w-06-rain-full.svg,Huế,-0.23055488881735575,0,-0.8124359726409468,0
2025-05-08 09:00:00+07:00,48.0,3.7,62.0,/dl/web/weather/ic-w-02-new-clouds-full.svg,Huế,-0.38642891813592667,0,-0.8124359726409468,0
2025-05-08 10:00:00+07:00,48.0,5.5,52.0,/dl/web/weather/ic-w-02-new-clouds-full.svg,Huế,-0.38642891813592667,0,-0.5122895230032712,0
2025-05-08 11:00:00+07:00,48.0,5.5,52.0,/dl/web/weather/ic-w-02-new-clouds-full.svg,Huế,-0.38642891813592667,0,-0.5122895230032712,0
2025-05-08 12:00:00+07:00,46.0,5.5,52.0,/dl/web/weather/ic-w-02-new-clouds-full.svg,Huế,-0.4903449376816406,0,-0.5122895230032712,0
2025-05-08 13:00:00+07:00,53.0,16.7,55.0,/dl/web/weather/ic-w-02-new-clouds-full.svg,Huế,-0.12663886927164178,0,1.3552883858533764,0
2025-05-08 14:00:00+07:00,55.0,16.7,52.0,/dl/web/weather/ic-w-02-new-clouds-full.svg,Huế,-0.022722849725927835,0,1.3552883858533764,0
2025-05-08 15:00:00+07:00,55.0,14.8,52.0,/dl/web/weather/ic-w-02-new-clouds-full.svg,Huế,-0.022722849725927835,0,1.0384671334580524,0
2025-05-08 16:00:00+07:00,58.0,13.0,58.0,/dl/web/weather/ic-w-06-rain-full.svg,Huế,0.13315117959264308,0,0.7383206838203767,0
2025-05-08 17:00:00+07:00,62.0,7.4,58.0,/dl/web/weather/ic-w-06-rain-full.svg,Huế,0.340983218684071,0,-0.19546827060794705,0
2025-05-08 18:00:00+07:00,80.0,7.4,58.0,/dl/web/weather/ic-w-06-rain-full.svg,Huế,1.2762273945954965,0,-0.19546827060794705,0
2025-05-08 19:00:00+07:00,70.0,9.2,65.0,/dl/web/weather/ic-w-12-night-rain-full.svg,Huế,0.7566472968669268,0,0.10467817902972831,0
2025-05-08 20:00:00+07:00,58.0,9.2,58.0,/dl/web/weather/ic-w-04-scattered-clouds-full.svg,Huế,0.13315117959264308,0,0.10467817902972831,0
2025-05-08 21:00:00+07:00,52.0,7.4,70.0,/dl/web/weather/ic-w-04-scattered-clouds-full.svg,Huế,-0.17859687904449875,0,-0.19546827060794705,0
2025-05-08 22:00:00+07:00,38.0,9.2,70.0,/dl/web/weather/ic-w-04-scattered-clouds-full.svg,Huế,-0.9060090158644964,0,0.10467817902972831,0
2025-05-08 23:00:00+07:00,36.0,3.7,70.0,/dl/web/weather/ic-w-11-night-few-clouds-full.svg,Huế,-1.0099250354102103,0,-0.8124359726409468,0
2025-05-09 00:00:00+07:00,36.0,5.5,78.0,/dl/web/weather/ic-w-11-night-few-clouds-full.svg,Huế,-1.0099250354102103,0,-0.5122895230032712,0
2025-05-09 01:00:00+07:00,36.0,5.5,78.0,/dl/web/weather/ic-w-11-night-few-clouds-full.svg,Huế,-1.0099250354102103,0,-0.5122895230032712,0
2025-05-09 02:00:00+07:00,36.0,5.5,78.0,/dl/web/weather/ic-w-11-night-few-clouds-full.svg,Huế,-1.0099250354102103,0,-0.5122895230032712,0
2025-05-09 03:00:00+07:00,34.0,7.4,74.0,/dl/web/weather/ic-w-11-night-few-clouds-full.svg,Huế,-1.1138410549559243,0,-0.19546827060794705,0
2025-05-09 04:00:00+07:00,36.0,5.5,74.0,/dl/web/weather/ic-w-11-night-few-clouds-full.svg,Huế,-1.0099250354102103,0,-0.5122895230032712,0
2025-05-09 05:00:00+07:00,36.0,5.5,74.0,/dl/web/weather/ic-w-11-night-few-clouds-full.svg,Huế,-1.0099250354102103,0,-0.5122895230032712,0
2025-05-09 06:00:00+07:00,36.0,7.4,74.0,/dl/web/weather/ic-w-02-new-clouds-full.svg,Huế,-1.0099250354102103,0,-0.19546827060794705,0
2025-05-09 07:00:00+07:00,37.0,5.5,70.0,/dl/web/weather/ic-w-02-new-clouds-full.svg,Huế,-0.9579670256373534,0,-0.5122895230032712,0
2025-05-09 08:00:00+07:00,48.0,3.7,62.0,/dl/web/weather/ic-w-02-new-clouds-full.svg,Huế,-0.38642891813592667,0,-0.8124359726409468,0
2025-05-09 09:00:00+07:00,43.0,3.7,52.0,/dl/web/weather/ic-w-02-new-clouds-full.svg,Huế,-0.6462189670002115,0,-0.8124359726409468,0
2025-05-09 10:00:00+07:00,38.0,9.2,46.0,/dl/web/weather/ic-w-02-new-clouds-full.svg,Huế,-0.9060090158644964,0,0.10467817902972831,0
2025-05-09 11:00:00+07:00,38.0,5.5,41.0,/dl/web/weather/ic-w-02-new-clouds-full.svg,Huế,-0.9060090158644964,0,-0.5122895230032712,0
2025-05-09 12:00:00+07:00,37.0,5.5,44.0,/dl/web/weather/ic-w-02-new-clouds-full.svg,Huế,-0.9579670256373534,0,-0.5122895230032712,0
2025-05-09 13:00:00+07:00,47.0,13.0,44.0,/dl/web/weather/ic-w-02-new-clouds-full.svg,Huế,-0.43838692790878364,0,0.7383206838203767,0
2025-05-09 14:00:00+07:00,48.0,13.0,49.0,/dl/web/weather/ic-w-02-new-clouds-full.svg,Huế,-0.38642891813592667,0,0.7383206838203767,0
2025-05-09 15:00:00+07:00,51.0,14.8,55.0,/dl/web/weather/ic-w-02-new-clouds-full.svg,Huế,-0.23055488881735575,0,1.0384671334580524,0
2025-05-09 16:00:00+07:00,64.0,13.0,58.0,/dl/web/weather/ic-w-02-new-clouds-full.svg,Huế,0.44489923822978494,0,0.7383206838203767,0
2025-05-09 17:00:00+07:00,66.0,7.4,62.0,/dl/web/weather/ic-w-06-rain-full.svg,Huế,0.5488152577754989,0,-0.19546827060794705,0
2025-05-09 18:00:00+07:00,88.0,11.1,55.0,/dl/web/weather/ic-w-06-rain-full.svg,Huế,1.6918914727783523,0,0.42149943142505253,0
2025-05-09 19:00:00+07:00,70.0,9.2,58.0,/dl/web/weather/ic-w-12-night-rain-full.svg,Huế,0.7566472968669268,0,0.10467817902972831,0
2025-05-09 20:00:00+07:00,58.0,9.2,58.0,/dl/web/weather/ic-w-12-night-rain-full.svg,Huế,0.13315117959264308,0,0.10467817902972831,0
2025-05-09 21:00:00+07:00,54.0,7.4,62.0,/dl/web/weather/ic-w-04-scattered-clouds-full.svg,Huế,-0.07468085949878481,0,-0.19546827060794705,0
2025-05-09 22:00:00+07:00,44.0,7.4,62.0,/dl/web/weather/ic-w-04-scattered-clouds-full.svg,Huế,-0.5942609572273546,0,-0.19546827060794705,0
2025-05-09 23:00:00+07:00,39.0,7.4,61.0,/dl/web/weather/ic-w-04-scattered-clouds-full.svg,Huế,-0.8540510060916394,0,-0.19546827060794705,0
2025-05-10 00:00:00+07:00,36.0,7.4,69.0,/dl/web/weather/ic-w-04-scattered-clouds-full.svg,Huế,-1.0099250354102103,0,-0.19546827060794705,0
2025-05-10 01:00:00+07:00,36.0,7.4,69.0,/dl/web/weather/ic-w-04-scattered-clouds-full.svg,Huế,-1.0099250354102103,0,-0.19546827060794705,0
2025-05-10 02:00:00+07:00,36.0,7.4,69.0,/dl/web/weather/ic-w-04-scattered-clouds-full.svg,Huế,-1.0099250354102103,0,-0.19546827060794705,0
2025-05-10 03:00:00+07:00,36.0,14.8,78.0,/dl/web/weather/ic-w-04-scattered-clouds-full.svg,Huế,-1.0099250354102103,0,1.0384671334580524,0
2025-05-10 04:00:00+07:00,36.0,7.4,78.0,/dl/web/weather/ic-w-04-scattered-clouds-full.svg,Huế,-1.0099250354102103,0,-0.19546827060794705,0
2025-05-10 05:00:00+07:00,36.0,3.7,78.0,/dl/web/weather/ic-w-04-scattered-clouds-full.svg,Huế,-1.0099250354102103,0,-0.8124359726409468,0
2025-05-10 06:00:00+07:00,44.0,3.7,78.0,/dl/web/weather/ic-w-04-scattered-clouds-full.svg,Huế,-0.5942609572273546,0,-0.8124359726409468,0
2025-05-10 07:00:00+07:00,52.0,3.7,74.0,/dl/web/weather/ic-w-04-scattered-clouds-full.svg,Huế,-0.17859687904449875,0,-0.8124359726409468,0
2025-05-10 08:00:00+07:00,54.0,5.5,78.0,/dl/web/weather/ic-w-04-scattered-clouds-full.svg,Huế,-0.07468085949878481,0,-0.5122895230032712,0
2025-05-10 09:00:00+07:00,55.0,7.4,70.0,/dl/web/weather/ic-w-04-scattered-clouds-full.svg,Huế,-0.022722849725927835,0,-0.19546827060794705,0
2025-05-10 10:00:00+07:00,55.0,5.5,58.0,/dl/web/weather/ic-w-04-scattered-clouds-full.svg,Huế,-0.022722849725927835,0,-0.5122895230032712,0
2025-05-10 11:00:00+07:00,55.0,7.4,55.0,/dl/web/weather/ic-w-04-scattered-clouds-full.svg,Huế,-0.022722849725927835,0,-0.19546827060794705,0
2025-05-10 12:00:00+07:00,55.0,13.0,58.0,/dl/web/weather/ic-w-04-scattered-clouds-full.svg,Huế,-0.022722849725927835,0,0.7383206838203767,0
2025-05-10 13:00:00+07:00,61.0,13.0,55.0,/dl/web/weather/ic-w-06-rain-full.svg,Huế,0.289025208911214,0,0.7383206838203767,0
2025-05-10 14:00:00+07:00,61.0,13.0,55.0,/dl/web/weather/ic-w-06-rain-full.svg,Huế,0.289025208911214,0,0.7383206838203767,0
2025-05-10 15:00:00+07:00,62.0,11.1,66.0,/dl/web/weather/ic-w-06-rain-full.svg,Huế,0.340983218684071,0,0.42149943142505253,0
2025-05-10 16:00:00+07:00,56.0,22.2,69.0,/dl/web/weather/ic-w-07-thunderstorms-full.svg,Huế,0.02923516004692914,0,2.2724025375240515,0
2025-05-10 17:00:00+07:00,52.0,11.1,88.0,/dl/web/weather/ic-w-07-thunderstorms-full.svg,Huế,-0.17859687904449875,0,0.42149943142505253,0
2025-05-10 18:00:00+07:00,48.0,11.1,88.0,/dl/web/weather/ic-w-07-thunderstorms-full.svg,Huế,-0.38642891813592667,0,0.42149943142505253,0
2025-05-10 19:00:00+07:00,39.0,5.5,83.0,/dl/web/weather/ic-w-12-night-rain-full.svg,Huế,-0.8540510060916394,0,-0.5122895230032712,0
2025-05-10 20:00:00+07:00,36.0,5.5,83.0,/dl/web/weather/ic-w-12-night-rain-full.svg,Huế,-1.0099250354102103,0,-0.5122895230032712,0
2025-05-10 21:00:00+07:00,36.0,7.4,83.0,/dl/web/weather/ic-w-12-night-rain-full.svg,Huế,-1.0099250354102103,0,-0.19546827060794705,0
2025-05-10 22:00:00+07:00,36.0,5.5,89.0,/dl/web/weather/ic-w-12-night-rain-full.svg,Huế,-1.0099250354102103,0,-0.5122895230032712,0
2025-05-10 23:00:00+07:00,36.0,11.1,83.0,/dl/web/weather/ic-w-12-night-rain-full.svg,Huế,-1.0099250354102103,0,0.42149943142505253,0
2025-05-11 00:00:00+07:00,36.0,11.1,83.0,/dl/web/weather/ic-w-12-night-rain-full.svg,Huế,-1.0099250354102103,0,0.42149943142505253,0
2025-05-11 01:00:00+07:00,36.0,5.5,83.0,/dl/web/weather/ic-w-12-night-rain-full.svg,Huế,-1.0099250354102103,0,-0.5122895230032712,0
2025-05-11 02:00:00+07:00,36.0,5.5,94.0,/dl/web/weather/ic-w-04-scattered-clouds-full.svg,Huế,-1.0099250354102103,0,-0.5122895230032712,0
2025-05-11 03:00:00+07:00,36.0,5.5,94.0,/dl/web/weather/ic-w-04-scattered-clouds-full.svg,Huế,-1.0099250354102103,0,-0.5122895230032712,0
2025-05-11 04:00:00+07:00,36.0,3.7,94.0,/dl/web/weather/ic-w-04-scattered-clouds-full.svg,Huế,-1.0099250354102103,0,-0.8124359726409468,0
2025-05-11 05:00:00+07:00,36.0,5.5,88.0,/dl/web/weather/ic-w-11-night-few-clouds-full.svg,Huế,-1.0099250354102103,0,-0.5122895230032712,0
2025-05-11 06:00:00+07:00,36.0,1.8,88.0,/dl/web/weather/ic-w-04-scattered-clouds-full.svg,Huế,-1.0099250354102103,0,-1.1292572250362711,0
2025-05-11 07:00:00+07:00,37.0,5.5,88.0,/dl/web/weather/ic-w-06-rain-full.svg,Huế,-0.9579670256373534,0,-0.5122895230032712,0
2025-05-11 08:00:00+07:00,37.0,1.8,83.0,/dl/web/weather/ic-w-06-rain-full.svg,Huế,-0.9579670256373534,0,-1.1292572250362711,0
2025-05-11 09:00:00+07:00,37.0,7.4,78.0,/dl/web/weather/ic-w-06-rain-full.svg,Huế,-0.9579670256373534,0,-0.19546827060794705,0
2025-05-11 10:00:00+07:00,36.0,11.1,62.0,/dl/web/weather/ic-w-06-rain-full.svg,Huế,-1.0099250354102103,0,0.42149943142505253,0
2025-05-11 11:00:00+07:00,36.0,14.8,66.0,/dl/web/weather/ic-w-06-rain-full.svg,Huế,-1.0099250354102103,0,1.0384671334580524,0
2025-05-11 12:00:00+07:00,36.0,22.2,66.0,/dl/web/weather/ic-w-04-scattered-clouds-full.svg,Huế,-1.0099250354102103,0,2.2724025375240515,0
2025-05-11 13:00:00+07:00,36.0,33.3,66.0,/dl/web/weather/ic-w-04-scattered-clouds-full.svg,Huế,-1.0099250354102103,0,4.12330564362305,-1
2025-05-11 14:00:00+07:00,44.0,27.8,78.0,/dl/web/weather/ic-w-04-scattered-clouds-full.svg,Huế,-0.5942609572273546,0,3.206191491952376,-1
2025-05-11 15:00:00+07:00,51.0,22.2,89.0,/dl/web/weather/ic-w-06-rain-full.svg,Huế,-0.23055488881735575,0,2.2724025375240515,0
2025-05-11 16:00:00+07:00,57.0,25.9,94.0,/dl/web/weather/ic-w-06-rain-full.svg,Huế,0.08119316981978612,0,2.889370239557051,0
2025-05-11 17:00:00+07:00,60.0,24.1,94.0,/dl/web/weather/ic-w-09-mist-full.svg,Huế,0.23706719913835705,0,2.589223789919376,0
2025-05-11 18:00:00+07:00,59.0,20.4,88.0,/dl/web/weather/ic-w-04-scattered-clouds-full.svg,Huế,0.18510918936550008,0,1.972256087886376,0
2025-05-11 19:00:00+07:00,58.0,18.5,94.0,/dl/web/weather/ic-w-09-mist-full.svg,Huế,0.13315117959264308,0,1.655434835491052,0
2025-05-11 20:00:00+07:00,56.0,18.5,100.0,/dl/web/weather/ic-w-09-mist-full.svg,Huế,0.02923516004692914,0,1.655434835491052,0
2025-05-11 21:00:00+07:00,53.0,18.5,94.0,/dl/web/weather/ic-w-04-scattered-clouds-full.svg,Huế,-0.12663886927164178,0,1.655434835491052,0
2025-05-11 22:00:00+07:00,48.0,22.2,94.0,/dl/web/weather/ic-w-04-scattered-clouds-full.svg,Huế,-0.38642891813592667,0,2.2724025375240515,0
2025-05-11 23:00:00+07:00,37.0,16.7,94.0,/dl/web/weather/ic-w-04-scattered-clouds-full.svg,Huế,-0.9579670256373534,0,1.3552883858533764,0
2025-05-12 00:00:00+07:00,37.0,16.7,94.0,/dl/web/weather/ic-w-09-mist-full.svg,Huế,-0.9579670256373534,0,1.3552883858533764,0
2025-05-12 01:00:00+07:00,37.0,16.7,94.0,/dl/web/weather/ic-w-04-scattered-clouds-full.svg,Huế,-0.9579670256373534,0,1.3552883858533764,0
2025-05-12 02:00:00+07:00,37.0,16.7,94.0,/dl/web/weather/ic-w-04-scattered-clouds-full.svg,Huế,-0.9579670256373534,0,1.3552883858533764,0
2025-05-12 03:00:00+07:00,37.0,20.4,94.0,/dl/web/weather/ic-w-04-scattered-clouds-full.svg,Huế,-0.9579670256373534,0,1.972256087886376,0
2025-05-12 04:00:00+07:00,37.0,16.7,100.0,/dl/web/weather/ic-w-04-scattered-clouds-full.svg,Huế,-0.9579670256373534,0,1.3552883858533764,0
2025-05-12 05:00:00+07:00,37.0,13.0,100.0,/dl/web/weather/ic-w-04-scattered-clouds-full.svg,Huế,-0.9579670256373534,0,0.7383206838203767,0
2025-05-12 06:00:00+07:00,39.0,13.0,100.0,/dl/web/weather/ic-w-04-scattered-clouds-full.svg,Huế,-0.8540510060916394,0,0.7383206838203767,0
2025-05-12 07:00:00+07:00,53.0,9.2,100.0,/dl/web/weather/ic-w-09-mist-full.svg,Huế,-0.12663886927164178,0,0.10467817902972831,0
2025-05-12 08:00:00+07:00,61.0,9.2,100.0,/dl/web/weather/ic-w-09-mist-full.svg,Huế,0.289025208911214,0,0.10467817902972831,0
2025-05-12 09:00:00+07:00,59.0,14.8,94.0,/dl/web/weather/ic-w-04-scattered-clouds-full.svg,Huế,0.18510918936550008,0,1.0384671334580524,0
2025-05-12 10:00:00+07:00,59.0,13.0,94.0,/dl/web/weather/ic-w-09-mist-full.svg,Huế,0.18510918936550008,0,0.7383206838203767,0
2025-05-12 11:00:00+07:00,59.0,13.0,88.0,/dl/web/weather/ic-w-04-scattered-clouds-full.svg,Huế,0.18510918936550008,0,0.7383206838203767,0
2025-05-12 12:00:00+07:00,58.0,11.1,88.0,/dl/web/weather/ic-w-04-scattered-clouds-full.svg,Huế,0.13315117959264308,0,0.42149943142505253,0
2025-05-12 13:00:00+07:00,59.0,11.1,88.0,/dl/web/weather/ic-w-04-scattered-clouds-full.svg,Huế,0.18510918936550008,0,0.42149943142505253,0
2025-05-12 14:00:00+07:00,59.0,16.7,83.0,/dl/web/weather/ic-w-04-scattered-clouds-full.svg,Huế,0.18510918936550008,0,1.3552883858533764,0
2025-05-12 15:00:00+07:00,60.0,13.0,83.0,/dl/web/weather/ic-w-04-scattered-clouds-full.svg,Huế,0.23706719913835705,0,0.7383206838203767,0
2025-05-12 16:00:00+07:00,60.0,13.0,94.0,/dl/web/weather/ic-w-04-scattered-clouds-full.svg,Huế,0.23706719913835705,0,0.7383206838203767,0
2025-05-12 17:00:00+07:00,62.0,13.0,94.0,/dl/web/weather/ic-w-06-rain-full.svg,Huế,0.340983218684071,0,0.7383206838203767,0
2025-05-12 18:00:00+07:00,62.0,5.1,94.0,/dl/web/weather/ic-w-04-scattered-clouds-full.svg,Huế,0.340983218684071,0,-0.5789887340338659,0
2025-05-12 19:00:00+07:00,65.0,6.1,96.0,/dl/web/weather/ic-w-04-scattered-clouds-full.svg,Huế,0.4968572480026419,0,-0.4122407064573795,0
2025-05-12 20:00:00+07:00,69.0,6.8,96.0,/dl/web/weather/ic-w-04-scattered-clouds-full.svg,Huế,0.7046892870940699,0,-0.295517087153839,0
2025-05-12 21:00:00+07:00,72.0,4.5,95.0,/dl/web/weather/ic-w-04-scattered-clouds-full.svg,Huế,0.8605633164126407,0,-0.6790375505797577,0
2025-05-12 22:00:00+07:00,71.0,4.0,94.0,/dl/web/weather/ic-w-04-scattered-clouds-full.svg,Huế,0.8086053066397838,0,-0.762411564368001,0
2025-05-12 23:00:00+07:00,69.0,4.2,94.0,/dl/web/weather/ic-w-04-scattered-clouds-full.svg,Huế,0.7046892870940699,0,-0.7290619588527036,0
2025-05-13 00:00:00+07:00,60.0,3.9,94.0,/dl/web/weather/ic-w-04-scattered-clouds-full.svg,Huế,0.23706719913835705,0,-0.7790863671256495,0
2025-05-13 01:00:00+07:00,56.0,2.7,93.0,/dl/web/weather/ic-w-04-scattered-clouds-full.svg,Huế,0.02923516004692914,0,-0.9791840002174332,0
2025-05-13 02:00:00+07:00,54.0,2.7,93.0,/dl/web/weather/ic-w-04-scattered-clouds-full.svg,Huế,-0.07468085949878481,0,-0.9791840002174332,0
2025-05-13 03:00:00+07:00,53.0,3.9,95.0,/dl/web/weather/ic-w-04-scattered-clouds-full.svg,Huế,-0.12663886927164178,0,-0.7790863671256495,0
2025-05-13 04:00:00+07:00,55.0,3.9,95.0,/dl/web/weather/ic-w-04-scattered-clouds-full.svg,Huế,-0.022722849725927835,0,-0.7790863671256495,0
2025-05-13 05:00:00+07:00,58.0,4.2,95.0,/dl/web/weather/ic-w-04-scattered-clouds-full.svg,Huế,0.13315117959264308,0,-0.7290619588527036,0
2025-05-13 06:00:00+07:00,59.0,3.7,93.0,/dl/web/weather/ic-w-06-rain-full.svg,Huế,0.18510918936550008,0,-0.8124359726409468,0
2025-05-13 07:00:00+07:00,57.0,2.9,89.0,/dl/web/weather/ic-w-06-rain-full.svg,Huế,0.08119316981978612,0,-0.9458343947021359,0
2025-05-13 08:00:00+07:00,63.0,2.9,82.0,/dl/web/weather/ic-w-06-rain-full.svg,Huế,0.39294122845692797,0,-0.9458343947021359,0
2025-05-13 09:00:00+07:00,69.0,4.8,73.0,/dl/web/weather/ic-w-06-rain-full.svg,Huế,0.7046892870940699,0,-0.6290131423068118,0
2025-05-13 10:00:00+07:00,72.0,8.4,70.0,/dl/web/weather/ic-w-06-rain-full.svg,Huế,0.8605633164126407,0,-0.02872024303146064,0
2025-05-13 11:00:00+07:00,72.0,10.8,70.0,/dl/web/weather/ic-w-06-rain-full.svg,Huế,0.8605633164126407,0,0.3714750231521068,0
2025-05-13 12:00:00+07:00,70.0,11.6,71.0,/dl/web/weather/ic-w-04-scattered-clouds-full.svg,Huế,0.7566472968669268,0,0.5048734452132958,0
2025-05-13 13:00:00+07:00,65.0,7.9,69.0,/dl/web/weather/ic-w-04-scattered-clouds-full.svg,Huế,0.4968572480026419,0,-0.11209425681970385,0
2025-05-13 14:00:00+07:00,62.0,9.0,70.0,/dl/web/weather/ic-w-04-scattered-clouds-full.svg,Huế,0.340983218684071,0,0.07132857351443116,0
2025-05-13 15:00:00+07:00,64.0,8.7,72.0,/dl/web/weather/ic-w-06-rain-full.svg,Huế,0.44489923822978494,0,0.02130416524148511,0
2025-05-13 16:00:00+07:00,64.0,7.1,88.0,/dl/web/weather/ic-w-06-rain-full.svg,Huế,0.44489923822978494,0,-0.2454926788808931,0
2025-05-13 17:00:00+07:00,62.0,2.6,93.0,/dl/web/weather/ic-w-06-rain-full.svg,Huế,0.340983218684071,0,-0.9958588029750819,0
2025-05-13 18:00:00+07:00,58.0,2.6,93.0,/dl/web/weather/ic-w-06-rain-full.svg,Huế,0.13315117959264308,0,-0.9958588029750819,0
2025-05-13 19:00:00+07:00,59.0,3.2,95.0,/dl/web/weather/ic-w-04-scattered-clouds-full.svg,Huế,0.18510918936550008,0,-0.89580998642919,0
2025-05-13 20:00:00+07:00,63.0,2.6,93.0,/dl/web/weather/ic-w-04-scattered-clouds-full.svg,Huế,0.39294122845692797,0,-0.9958588029750819,0
2025-05-13 21:00:00+07:00,68.0,2.6,93.0,/dl/web/weather/ic-w-04-scattered-clouds-full.svg,Huế,0.6527312773212128,0,-0.9958588029750819,0
2025-05-13 22:00:00+07:00,70.0,3.5,94.0,/dl/web/weather/ic-w-04-scattered-clouds-full.svg,Huế,0.7566472968669268,0,-0.8457855781562441,0
2025-05-13 23:00:00+07:00,71.0,3.5,96.0,/dl/web/weather/ic-w-04-scattered-clouds-full.svg,Huế,0.8086053066397838,0,-0.8457855781562441,0
2025-05-14 00:00:00+07:00,74.0,3.1,96.0,/dl/web/weather/ic-w-04-scattered-clouds-full.svg,Huế,0.9644793359583547,0,-0.9124847891868387,0
2025-05-14 01:00:00+07:00,75.0,3.1,96.0,/dl/web/weather/ic-w-04-scattered-clouds-full.svg,Huế,1.0164373457312117,0,-0.9124847891868387,0
2025-05-14 02:00:00+07:00,75.0,2.6,96.0,/dl/web/weather/ic-w-04-scattered-clouds-full.svg,Huế,1.0164373457312117,0,-0.9958588029750819,0
2025-05-14 03:00:00+07:00,79.0,3.4,96.0,/dl/web/weather/ic-w-04-scattered-clouds-full.svg,Huế,1.2242693848226396,0,-0.8624603809138927,0
2025-05-14 04:00:00+07:00,87.0,3.4,96.0,/dl/web/weather/ic-w-04-scattered-clouds-full.svg,Huế,1.6399334630054954,0,-0.8624603809138927,0
2025-05-14 05:00:00+07:00,87.0,4.0,95.0,/dl/web/weather/ic-w-04-scattered-clouds-full.svg,Huế,1.6399334630054954,0,-0.762411564368001,0
2025-05-14 06:00:00+07:00,84.0,5.5,93.0,/dl/web/weather/ic-w-04-scattered-clouds-full.svg,Huế,1.4840594336869244,0,-0.5122895230032712,0
2025-05-14 07:00:00+07:00,90.0,5.0,85.0,/dl/web/weather/ic-w-04-scattered-clouds-full.svg,Huế,1.7958074923240663,0,-0.5956635367915145,0
2025-05-14 08:00:00+07:00,92.0,4.2,87.0,/dl/web/weather/ic-w-04-scattered-clouds-full.svg,Huế,1.8997235118697804,0,-0.7290619588527036,0
2025-05-14 09:00:00+07:00,88.0,1.6,85.0,/dl/web/weather/ic-w-04-scattered-clouds-full.svg,Huế,1.6918914727783523,0,-1.1626068305515684,0
2025-05-14 10:00:00+07:00,86.0,1.3,82.0,/dl/web/weather/ic-w-04-scattered-clouds-full.svg,Huế,1.5879754532326384,0,-1.2126312388245142,0
2025-05-14 11:00:00+07:00,86.0,1.8,71.0,/dl/web/weather/ic-w-04-scattered-clouds-full.svg,Huế,1.5879754532326384,0,-1.1292572250362711,0
2025-05-14 12:00:00+07:00,85.0,5.5,61.0,/dl/web/weather/ic-w-04-scattered-clouds-full.svg,Huế,1.5360174434597815,0,-0.5122895230032712,0
2025-05-14 13:00:00+07:00,78.0,8.4,67.0,/dl/web/weather/ic-w-06-rain-full.svg,Huế,1.1723113750497827,0,-0.02872024303146064,0
2025-05-14 14:00:00+07:00,80.0,6.4,74.0,/dl/web/weather/ic-w-06-rain-full.svg,Huế,1.2762273945954965,0,-0.36221629818443346,0
2025-05-14 15:00:00+07:00,88.0,6.0,80.0,/dl/web/weather/ic-w-06-rain-full.svg,Huế,1.6918914727783523,0,-0.4289155092150281,0
2025-05-14 16:00:00+07:00,77.0,5.3,84.0,/dl/web/weather/ic-w-06-rain-full.svg,Huế,1.1203533652769258,0,-0.5456391285185686,0
2025-05-14 17:00:00+07:00,66.0,4.7,86.0,/dl/web/weather/ic-w-06-rain-full.svg,Huế,0.5488152577754989,0,-0.6456879450644604,0
2025-05-14 18:00:00+07:00,65.0,2.9,87.0,/dl/web/weather/ic-w-04-scattered-clouds-full.svg,Huế,0.4968572480026419,0,-0.9458343947021359,0
2025-05-14 19:00:00+07:00,100.0,5.0,88.0,/dl/web/weather/ic-w-04-scattered-clouds-full.svg,Huế,2.315387590052636,0,-0.5956635367915145,0
2025-05-14 20:00:00+07:00,96.0,2.9,95.0,/dl/web/weather/ic-w-04-scattered-clouds-full.svg,Huế,2.1075555509612083,0,-0.9458343947021359,0
2025-05-14 21:00:00+07:00,90.0,3.5,95.0,/dl/web/weather/ic-w-04-scattered-clouds-full.svg,Huế,1.7958074923240663,0,-0.8457855781562441,0
2025-05-14 22:00:00+07:00,88.0,4.3,95.0,/dl/web/weather/ic-w-04-scattered-clouds-full.svg,Huế,1.6918914727783523,0,-0.712387156095055,0
2025-05-14 23:00:00+07:00,83.0,4.7,94.0,/dl/web/weather/ic-w-04-scattered-clouds-full.svg,Huế,1.4321014239140675,0,-0.6456879450644604,0
2025-05-15 00:00:00+07:00,76.0,3.1,93.0,/dl/web/weather/ic-w-04-scattered-clouds-full.svg,Huế,1.0683953555040686,0,-0.9124847891868387,0
2025-05-15 01:00:00+07:00,69.0,3.4,93.0,/dl/web/weather/ic-w-04-scattered-clouds-full.svg,Huế,0.7046892870940699,0,-0.8624603809138927,0
2025-05-15 02:00:00+07:00,61.0,3.1,94.0,/dl/web/weather/ic-w-04-scattered-clouds-full.svg,Huế,0.289025208911214,0,-0.9124847891868387,0
2025-05-15 03:00:00+07:00,58.0,3.1,94.0,/dl/web/weather/ic-w-04-scattered-clouds-full.svg,Huế,0.13315117959264308,0,-0.9124847891868387,0
2025-05-15 04:00:00+07:00,56.0,3.5,95.0,/dl/web/weather/ic-w-04-scattered-clouds-full.svg,Huế,0.02923516004692914,0,-0.8457855781562441,0
2025-05-15 05:00:00+07:00,52.0,3.7,95.0,/dl/web/weather/ic-w-04-scattered-clouds-full.svg,Huế,-0.17859687904449875,0,-0.8124359726409468,0
2025-05-15 06:00:00+07:00,46.0,3.7,95.0,/dl/web/weather/ic-w-04-scattered-clouds-full.svg,Huế,-0.4903449376816406,0,-0.8124359726409468,0
2025-05-15 07:00:00+07:00,46.0,3.9,89.0,/dl/web/weather/ic-w-04-scattered-clouds-full.svg,Huế,-0.4903449376816406,0,-0.7790863671256495,0
2025-05-15 08:00:00+07:00,52.0,4.5,81.0,/dl/web/weather/ic-w-04-scattered-clouds-full.svg,Huế,-0.17859687904449875,0,-0.6790375505797577,0
2025-05-15 09:00:00+07:00,59.0,4.5,76.0,/dl/web/weather/ic-w-04-scattered-clouds-full.svg,Huế,0.18510918936550008,0,-0.6790375505797577,0
2025-05-15 10:00:00+07:00,84.0,6.4,76.0,/dl/web/weather/ic-w-04-scattered-clouds-full.svg,Huế,1.4840594336869244,0,-0.36221629818443346,0
2025-05-15 11:00:00+07:00,84.0,6.9,75.0,/dl/web/weather/ic-w-06-rain-full.svg,Huế,1.4840594336869244,0,-0.27884228439619024,0
2025-05-15 12:00:00+07:00,103.0,5.5,75.0,/dl/web/weather/ic-w-06-rain-full.svg,Huế,2.471261619371207,0,-0.5122895230032712,0
2025-05-15 13:00:00+07:00,91.0,4.5,74.0,/dl/web/weather/ic-w-04-scattered-clouds-full.svg,Huế,1.8477655020969233,0,-0.6790375505797577,0
2025-05-15 14:00:00+07:00,69.0,4.5,74.0,/dl/web/weather/ic-w-04-scattered-clouds-full.svg,Huế,0.7046892870940699,0,-0.6790375505797577,0
2025-05-15 15:00:00+07:00,58.0,11.7,69.0,/dl/web/weather/ic-w-04-scattered-clouds-full.svg,Huế,0.13315117959264308,0,0.5215482479709443,0
2025-05-15 16:00:00+07:00,87.0,9.2,72.0,/dl/web/weather/ic-w-06-rain-full.svg,Huế,1.6399334630054954,0,0.10467817902972831,0
2025-05-15 17:00:00+07:00,103.0,9.2,72.0,/dl/web/weather/ic-w-06-rain-full.svg,Huế,2.471261619371207,0,0.10467817902972831,0
2025-05-15 18:00:00+07:00,122.0,6.4,86.0,/dl/web/weather/ic-w-06-rain-full.svg,Huế,3.4584638050554894,-1,-0.36221629818443346,0
2025-05-15 19:00:00+07:00,126.0,4.5,90.0,/dl/web/weather/ic-w-12-night-rain-full.svg,Huế,3.6662958441469176,-1,-0.6790375505797577,0
2025-05-15 20:00:00+07:00,141.0,4.2,91.0,/dl/web/weather/ic-w-04-scattered-clouds-full.svg,Huế,4.445665990739772,-1,-0.7290619588527036,0
2025-05-15 21:00:00+07:00,124.0,4.3,91.0,/dl/web/weather/ic-w-04-scattered-clouds-full.svg,Huế,3.5623798246012037,-1,-0.712387156095055,0
2025-05-15 22:00:00+07:00,103.0,3.4,91.0,/dl/web/weather/ic-w-04-scattered-clouds-full.svg,Huế,2.471261619371207,0,-0.8624603809138927,0
2025-05-15 23:00:00+07:00,91.0,3.1,91.0,/dl/web/weather/ic-w-04-scattered-clouds-full.svg,Huế,1.8477655020969233,0,-0.9124847891868387,0
2025-05-16 00:00:00+07:00,84.0,2.6,90.0,/dl/web/weather/ic-w-04-scattered-clouds-full.svg,Huế,1.4840594336869244,0,-0.9958588029750819,0
2025-05-16 01:00:00+07:00,76.0,4.2,90.0,/dl/web/weather/ic-w-04-scattered-clouds-full.svg,Huế,1.0683953555040686,0,-0.7290619588527036,0
2025-05-16 02:00:00+07:00,66.0,5.0,91.0,/dl/web/weather/ic-w-04-scattered-clouds-full.svg,Huế,0.5488152577754989,0,-0.5956635367915145,0
2025-05-16 03:00:00+07:00,57.0,4.7,90.0,/dl/web/weather/ic-w-04-scattered-clouds-full.svg,Huế,0.08119316981978612,0,-0.6456879450644604,0
2025-05-16 04:00:00+07:00,58.0,4.7,88.0,/dl/web/weather/ic-w-04-scattered-clouds-full.svg,Huế,0.13315117959264308,0,-0.6456879450644604,0
2025-05-16 05:00:00+07:00,54.0,4.5,87.0,/dl/web/weather/ic-w-04-scattered-clouds-full.svg,Huế,-0.07468085949878481,0,-0.6790375505797577,0
2025-05-16 06:00:00+07:00,44.0,4.3,86.0,/dl/web/weather/ic-w-04-scattered-clouds-full.svg,Huế,-0.5942609572273546,0,-0.712387156095055,0
2025-05-16 07:00:00+07:00,39.0,4.7,85.0,/dl/web/weather/ic-w-04-scattered-clouds-full.svg,Huế,-0.8540510060916394,0,-0.6456879450644604,0
2025-05-16 08:00:00+07:00,39.0,3.4,69.0,/dl/web/weather/ic-w-04-scattered-clouds-full.svg,Huế,-0.8540510060916394,0,-0.8624603809138927,0
2025-05-16 09:00:00+07:00,38.0,4.8,63.0,/dl/web/weather/ic-w-04-scattered-clouds-full.svg,Huế,-0.9060090158644964,0,-0.6290131423068118,0
2025-05-16 10:00:00+07:00,49.0,6.9,59.0,/dl/web/weather/ic-w-04-scattered-clouds-full.svg,Huế,-0.3344709083630697,0,-0.27884228439619024,0
2025-05-16 11:00:00+07:00,49.0,10.6,58.0,/dl/web/weather/ic-w-04-scattered-clouds-full.svg,Huế,-0.3344709083630697,0,0.33812541763680937,0
2025-05-16 12:00:00+07:00,60.0,11.9,60.0,/dl/web/weather/ic-w-04-scattered-clouds-full.svg,Huế,0.23706719913835705,0,0.5548978534862418,0
2025-05-16 13:00:00+07:00,65.0,13.0,63.0,/dl/web/weather/ic-w-04-scattered-clouds-full.svg,Huế,0.4968572480026419,0,0.7383206838203767,0
2025-05-16 14:00:00+07:00,72.0,15.0,65.0,/dl/web/weather/ic-w-04-scattered-clouds-full.svg,Huế,0.8605633164126407,0,1.0718167389733497,0
2025-05-16 15:00:00+07:00,61.0,14.6,67.0,/dl/web/weather/ic-w-04-scattered-clouds-full.svg,Huế,0.289025208911214,0,1.0051175279427549,0
2025-05-16 16:00:00+07:00,58.0,12.7,70.0,/dl/web/weather/ic-w-04-scattered-clouds-full.svg,Huế,0.13315117959264308,0,0.6882962755474308,0
2025-05-16 17:00:00+07:00,59.0,12.2,76.0,/dl/web/weather/ic-w-04-scattered-clouds-full.svg,Huế,0.18510918936550008,0,0.6049222617591875,0
2025-05-16 18:00:00+07:00,67.0,8.9,85.0,/dl/web/weather/ic-w-04-scattered-clouds-full.svg,Huế,0.6007732675483559,0,0.05465377075678257,0
2025-05-16 19:00:00+07:00,68.0,5.5,89.0,/dl/web/weather/ic-w-04-scattered-clouds-full.svg,Huế,0.6527312773212128,0,-0.5122895230032712,0
2025-05-16 20:00:00+07:00,61.0,4.0,90.0,/dl/web/weather/ic-w-04-scattered-clouds-full.svg,Huế,0.289025208911214,0,-0.762411564368001,0
2025-05-16 21:00:00+07:00,54.0,4.2,90.0,/dl/web/weather/ic-w-04-scattered-clouds-full.svg,Huế,-0.07468085949878481,0,-0.7290619588527036,0
2025-05-16 22:00:00+07:00,44.0,3.5,88.0,/dl/web/weather/ic-w-04-scattered-clouds-full.svg,Huế,-0.5942609572273546,0,-0.8457855781562441,0
2025-05-16 23:00:00+07:00,37.0,3.9,89.0,/dl/web/weather/ic-w-04-scattered-clouds-full.svg,Huế,-0.9579670256373534,0,-0.7790863671256495,0
2025-05-17 00:00:00+07:00,36.0,3.9,89.0,/dl/web/weather/ic-w-04-scattered-clouds-full.svg,Huế,-1.0099250354102103,0,-0.7790863671256495,0
2025-05-17 01:00:00+07:00,37.0,4.8,90.0,/dl/web/weather/ic-w-11-night-few-clouds-full.svg,Huế,-0.9579670256373534,0,-0.6290131423068118,0
2025-05-17 02:00:00+07:00,37.0,4.8,90.0,/dl/web/weather/ic-w-04-scattered-clouds-full.svg,Huế,-0.9579670256373534,0,-0.6290131423068118,0
2025-05-17 03:00:00+07:00,37.0,5.0,90.0,/dl/web/weather/ic-w-11-night-few-clouds-full.svg,Huế,-0.9579670256373534,0,-0.5956635367915145,0
2025-05-17 04:00:00+07:00,37.0,4.5,89.0,/dl/web/weather/ic-w-04-scattered-clouds-full.svg,Huế,-0.9579670256373534,0,-0.6790375505797577,0
2025-05-17 05:00:00+07:00,37.0,4.7,89.0,/dl/web/weather/ic-w-04-scattered-clouds-full.svg,Huế,-0.9579670256373534,0,-0.6456879450644604,0
2025-05-17 06:00:00+07:00,37.0,5.8,91.0,/dl/web/weather/ic-w-04-scattered-clouds-full.svg,Huế,-0.9579670256373534,0,-0.4622651147303254,0
2025-05-17 07:00:00+07:00,37.0,5.5,87.0,/dl/web/weather/ic-w-04-scattered-clouds-full.svg,Huế,-0.9579670256373534,0,-0.5122895230032712,0
2025-05-17 08:00:00+07:00,37.0,5.8,74.0,/dl/web/weather/ic-w-04-scattered-clouds-full.svg,Huế,-0.9579670256373534,0,-0.4622651147303254,0
2025-05-17 09:00:00+07:00,38.0,4.8,63.0,/dl/web/weather/ic-w-04-scattered-clouds-full.svg,Huế,-0.9060090158644964,0,-0.6290131423068118,0
2025-05-17 10:00:00+07:00,36.0,5.5,56.0,/dl/web/weather/ic-w-04-scattered-clouds-full.svg,Huế,-1.0099250354102103,0,-0.5122895230032712,0
2025-05-17 11:00:00+07:00,36.0,12.1,55.0,/dl/web/weather/ic-w-04-scattered-clouds-full.svg,Huế,-1.0099250354102103,0,0.588247459001539,0
2025-05-17 12:00:00+07:00,36.0,12.1,55.0,/dl/web/weather/ic-w-04-scattered-clouds-full.svg,Huế,-1.0099250354102103,0,0.588247459001539,0
2025-05-17 13:00:00+07:00,39.0,13.0,62.0,/dl/web/weather/ic-w-04-scattered-clouds-full.svg,Huế,-0.8540510060916394,0,0.7383206838203767,0
2025-05-17 14:00:00+07:00,47.0,13.0,64.0,/dl/web/weather/ic-w-06-rain-full.svg,Huế,-0.43838692790878364,0,0.7383206838203767,0
2025-05-17 15:00:00+07:00,54.0,13.4,64.0,/dl/web/weather/ic-w-06-rain-full.svg,Huế,-0.07468085949878481,0,0.8050198948509714,0
2025-05-17 16:00:00+07:00,52.0,12.2,67.0,/dl/web/weather/ic-w-04-scattered-clouds-full.svg,Huế,-0.17859687904449875,0,0.6049222617591875,0
2025-05-17 17:00:00+07:00,54.0,11.4,76.0,/dl/web/weather/ic-w-04-scattered-clouds-full.svg,Huế,-0.07468085949878481,0,0.4715238396979986,0
2025-05-17 18:00:00+07:00,70.0,7.9,85.0,/dl/web/weather/ic-w-04-scattered-clouds-full.svg,Huế,0.7566472968669268,0,-0.11209425681970385,0
2025-05-17 19:00:00+07:00,59.0,4.3,89.0,/dl/web/weather/ic-w-04-scattered-clouds-full.svg,Huế,0.18510918936550008,0,-0.712387156095055,0
2025-05-17 20:00:00+07:00,53.0,2.7,90.0,/dl/web/weather/ic-w-04-scattered-clouds-full.svg,Huế,-0.12663886927164178,0,-0.9791840002174332,0
2025-05-17 21:00:00+07:00,44.0,5.6,90.0,/dl/web/weather/ic-w-04-scattered-clouds-full.svg,Huế,-0.5942609572273546,0,-0.4956147202456227,0
2025-05-17 22:00:00+07:00,37.0,5.3,90.0,/dl/web/weather/ic-w-04-scattered-clouds-full.svg,Huế,-0.9579670256373534,0,-0.5456391285185686,0
2025-05-17 23:00:00+07:00,37.0,3.5,89.0,/dl/web/weather/ic-w-04-scattered-clouds-full.svg,Huế,-0.9579670256373534,0,-0.8457855781562441,0
2025-05-18 00:00:00+07:00,37.0,3.5,90.0,/dl/web/weather/ic-w-04-scattered-clouds-full.svg,Huế,-0.9579670256373534,0,-0.8457855781562441,0
2025-05-18 01:00:00+07:00,52.0,3.9,90.0,/dl/web/weather/ic-w-04-scattered-clouds-full.svg,Huế,-0.17859687904449875,0,-0.7790863671256495,0
2025-05-18 02:00:00+07:00,38.0,3.9,90.0,/dl/web/weather/ic-w-04-scattered-clouds-full.svg,Huế,-0.9060090158644964,0,-0.7790863671256495,0
2025-05-18 03:00:00+07:00,37.0,5.0,91.0,/dl/web/weather/ic-w-04-scattered-clouds-full.svg,Huế,-0.9579670256373534,0,-0.5956635367915145,0
2025-05-18 04:00:00+07:00,37.0,4.8,90.0,/dl/web/weather/ic-w-04-scattered-clouds-full.svg,Huế,-0.9579670256373534,0,-0.6290131423068118,0
2025-05-18 05:00:00+07:00,37.0,4.5,90.0,/dl/web/weather/ic-w-04-scattered-clouds-full.svg,Huế,-0.9579670256373534,0,-0.6790375505797577,0
2025-05-18 06:00:00+07:00,37.0,5.1,87.0,/dl/web/weather/ic-w-04-scattered-clouds-full.svg,Huế,-0.9579670256373534,0,-0.5789887340338659,0
2025-05-18 07:00:00+07:00,37.0,4.5,76.0,/dl/web/weather/ic-w-04-scattered-clouds-full.svg,Huế,-0.9579670256373534,0,-0.6790375505797577,0
2025-05-18 08:00:00+07:00,44.0,4.0,68.0,/dl/web/weather/ic-w-04-scattered-clouds-full.svg,Huế,-0.5942609572273546,0,-0.762411564368001,0
2025-05-18 09:00:00+07:00,44.0,3.7,60.0,/dl/web/weather/ic-w-04-scattered-clouds-full.svg,Huế,-0.5942609572273546,0,-0.8124359726409468,0
2025-05-18 10:00:00+07:00,46.0,7.7,57.0,/dl/web/weather/ic-w-04-scattered-clouds-full.svg,Huế,-0.4903449376816406,0,-0.14544386233500115,0
2025-05-18 11:00:00+07:00,46.0,12.1,58.0,/dl/web/weather/ic-w-04-scattered-clouds-full.svg,Huế,-0.4903449376816406,0,0.588247459001539,0
2025-05-18 12:00:00+07:00,55.0,14.3,59.0,/dl/web/weather/ic-w-04-scattered-clouds-full.svg,Huế,-0.022722849725927835,0,0.9550931196698093,0
2025-05-18 13:00:00+07:00,55.0,15.3,60.0,/dl/web/weather/ic-w-04-scattered-clouds-full.svg,Huế,-0.022722849725927835,0,1.1218411472462957,0
2025-05-18 14:00:00+07:00,53.0,15.8,61.0,/dl/web/weather/ic-w-04-scattered-clouds-full.svg,Huế,-0.12663886927164178,0,1.205215161034539,0
2025-05-18 15:00:00+07:00,55.0,15.8,61.0,/dl/web/weather/ic-w-04-scattered-clouds-full.svg,Huế,-0.022722849725927835,0,1.205215161034539,0
2025-05-18 16:00:00+07:00,55.0,13.0,64.0,/dl/web/weather/ic-w-04-scattered-clouds-full.svg,Huế,-0.022722849725927835,0,0.7383206838203767,0
2025-05-18 17:00:00+07:00,55.0,9.5,75.0,/dl/web/weather/ic-w-04-scattered-clouds-full.svg,Huế,-0.022722849725927835,0,0.15470258730267436,0
2025-05-18 18:00:00+07:00,55.0,6.9,82.0,/dl/web/weather/ic-w-04-scattered-clouds-full.svg,Huế,-0.022722849725927835,0,-0.27884228439619024,0
2025-05-18 19:00:00+07:00,55.0,9.5,85.0,/dl/web/weather/ic-w-04-scattered-clouds-full.svg,Huế,-0.022722849725927835,0,0.15470258730267436,0
2025-05-18 20:00:00+07:00,55.0,8.5,93.0,/dl/web/weather/ic-w-04-scattered-clouds-full.svg,Huế,-0.022722849725927835,0,-0.012045440273812056,0
2025-05-18 21:00:00+07:00,58.0,6.4,94.0,/dl/web/weather/ic-w-04-scattered-clouds-full.svg,Huế,0.13315117959264308,0,-0.36221629818443346,0
2025-05-18 22:00:00+07:00,47.0,6.9,92.0,/dl/web/weather/ic-w-04-scattered-clouds-full.svg,Huế,-0.43838692790878364,0,-0.27884228439619024,0
2025-05-18 23:00:00+07:00,37.0,6.9,92.0,/dl/web/weather/ic-w-04-scattered-clouds-full.svg,Huế,-0.9579670256373534,0,-0.27884228439619024,0
2025-05-19 00:00:00+07:00,37.0,6.1,91.0,/dl/web/weather/ic-w-04-scattered-clouds-full.svg,Huế,-0.9579670256373534,0,-0.4122407064573795,0
2025-05-19 01:00:00+07:00,37.0,5.0,91.0,/dl/web/weather/ic-w-04-scattered-clouds-full.svg,Huế,-0.9579670256373534,0,-0.5956635367915145,0
2025-05-19 02:00:00+07:00,37.0,5.3,89.0,/dl/web/weather/ic-w-04-scattered-clouds-full.svg,Huế,-0.9579670256373534,0,-0.5456391285185686,0
2025-05-19 03:00:00+07:00,37.0,5.3,89.0,/dl/web/weather/ic-w-04-scattered-clouds-full.svg,Huế,-0.9579670256373534,0,-0.5456391285185686,0
2025-05-19 04:00:00+07:00,37.0,4.8,89.0,/dl/web/weather/ic-w-04-scattered-clouds-full.svg,Huế,-0.9579670256373534,0,-0.6290131423068118,0
2025-05-19 05:00:00+07:00,37.0,4.2,89.0,/dl/web/weather/ic-w-04-scattered-clouds-full.svg,Huế,-0.9579670256373534,0,-0.7290619588527036,0
2025-05-19 06:00:00+07:00,37.0,4.2,89.0,/dl/web/weather/ic-w-04-scattered-clouds-full.svg,Huế,-0.9579670256373534,0,-0.7290619588527036,0
2025-05-19 07:00:00+07:00,37.0,3.7,83.0,/dl/web/weather/ic-w-02-new-clouds-full.svg,Huế,-0.9579670256373534,0,-0.8124359726409468,0
2025-05-19 08:00:00+07:00,44.0,3.7,70.0,/dl/web/weather/ic-w-02-new-clouds-full.svg,Huế,-0.5942609572273546,0,-0.8124359726409468,0
2025-05-19 09:00:00+07:00,48.0,3.7,66.0,/dl/web/weather/ic-w-02-new-clouds-full.svg,Huế,-0.38642891813592667,0,-0.8124359726409468,0
2025-05-19 10:00:00+07:00,49.0,5.5,62.0,/dl/web/weather/ic-w-02-new-clouds-full.svg,Huế,-0.3344709083630697,0,-0.5122895230032712,0
2025-05-19 11:00:00+07:00,49.0,11.1,62.0,/dl/web/weather/ic-w-02-new-clouds-full.svg,Huế,-0.3344709083630697,0,0.42149943142505253,0
2025-05-19 12:00:00+07:00,69.0,9.2,62.0,/dl/web/weather/ic-w-02-new-clouds-full.svg,Huế,0.7046892870940699,0,0.10467817902972831,0
2025-05-19 13:00:00+07:00,73.0,13.0,62.0,/dl/web/weather/ic-w-02-new-clouds-full.svg,Huế,0.9125213261854977,0,0.7383206838203767,0
2025-05-19 14:00:00+07:00,63.0,9.2,55.0,/dl/web/weather/ic-w-02-new-clouds-full.svg,Huế,0.39294122845692797,0,0.10467817902972831,0
2025-05-19 15:00:00+07:00,57.0,8.2,66.0,/dl/web/weather/ic-w-02-new-clouds-full.svg,Huế,0.08119316981978612,0,-0.062069848546758094,0
2025-05-19 16:00:00+07:00,53.0,13.0,62.0,/dl/web/weather/ic-w-02-new-clouds-full.svg,Huế,-0.12663886927164178,0,0.7383206838203767,0
2025-05-19 17:00:00+07:00,49.0,5.5,55.0,/dl/web/weather/ic-w-02-new-clouds-full.svg,Huế,-0.3344709083630697,0,-0.5122895230032712,0
2025-05-19 18:00:00+07:00,46.0,9.2,66.0,/dl/web/weather/ic-w-02-new-clouds-full.svg,Huế,-0.4903449376816406,0,0.10467817902972831,0
2025-05-19 19:00:00+07:00,47.0,5.5,74.0,/dl/web/weather/ic-w-11-night-few-clouds-full.svg,Huế,-0.43838692790878364,0,-0.5122895230032712,0
2025-05-19 20:00:00+07:00,48.0,5.0,84.0,/dl/web/weather/ic-w-04-scattered-clouds-full.svg,Huế,-0.38642891813592667,0,-0.5956635367915145,0
2025-05-19 21:00:00+07:00,48.0,8.0,84.0,/dl/web/weather/ic-w-04-scattered-clouds-full.svg,Huế,-0.38642891813592667,0,-0.09541945406205526,0
2025-05-19 22:00:00+07:00,52.0,8.7,85.0,/dl/web/weather/ic-w-04-scattered-clouds-full.svg,Huế,-0.17859687904449875,0,0.02130416524148511,0
2025-05-19 23:00:00+07:00,51.0,8.2,84.0,/dl/web/weather/ic-w-04-scattered-clouds-full.svg,Huế,-0.23055488881735575,0,-0.062069848546758094,0
2025-05-20 00:00:00+07:00,42.0,7.2,83.0,/dl/web/weather/ic-w-04-scattered-clouds-full.svg,Huế,-0.6981769767730686,0,-0.22881787612324436,0
2025-05-20 01:00:00+07:00,37.0,6.9,83.0,/dl/web/weather/ic-w-04-scattered-clouds-full.svg,Huế,-0.9579670256373534,0,-0.27884228439619024,0
2025-05-20 02:00:00+07:00,37.0,6.6,84.0,/dl/web/weather/ic-w-04-scattered-clouds-full.svg,Huế,-0.9579670256373534,0,-0.3288666926691363,0
2025-05-20 03:00:00+07:00,37.0,5.5,83.0,/dl/web/weather/ic-w-04-scattered-clouds-full.svg,Huế,-0.9579670256373534,0,-0.5122895230032712,0
2025-05-20 04:00:00+07:00,37.0,4.7,82.0,/dl/web/weather/ic-w-04-scattered-clouds-full.svg,Huế,-0.9579670256373534,0,-0.6456879450644604,0
2025-05-20 05:00:00+07:00,37.0,4.7,82.0,/dl/web/weather/ic-w-04-scattered-clouds-full.svg,Huế,-0.9579670256373534,0,-0.6456879450644604,0
2025-05-20 06:00:00+07:00,37.0,4.7,81.0,/dl/web/weather/ic-w-04-scattered-clouds-full.svg,Huế,-0.9579670256373534,0,-0.6456879450644604,0
2025-05-20 07:00:00+07:00,37.0,3.4,73.0,/dl/web/weather/ic-w-04-scattered-clouds-full.svg,Huế,-0.9579670256373534,0,-0.8624603809138927,0
2025-05-20 08:00:00+07:00,46.0,2.4,64.0,/dl/web/weather/ic-w-04-scattered-clouds-full.svg,Huế,-0.4903449376816406,0,-1.0292084084903792,0
2025-05-20 09:00:00+07:00,41.0,1.9,57.0,/dl/web/weather/ic-w-04-scattered-clouds-full.svg,Huế,-0.7501349865459255,0,-1.1125824222786223,0
2025-05-20 10:00:00+07:00,36.0,6.9,53.0,/dl/web/weather/ic-w-04-scattered-clouds-full.svg,Huế,-1.0099250354102103,0,-0.27884228439619024,0
2025-05-20 11:00:00+07:00,36.0,10.8,53.0,/dl/web/weather/ic-w-04-scattered-clouds-full.svg,Huế,-1.0099250354102103,0,0.3714750231521068,0
2025-05-20 12:00:00+07:00,36.0,10.8,53.0,/dl/web/weather/ic-w-04-scattered-clouds-full.svg,Huế,-1.0099250354102103,0,0.3714750231521068,0
2025-05-20 13:00:00+07:00,44.0,15.6,53.0,/dl/web/weather/ic-w-04-scattered-clouds-full.svg,Huế,-0.5942609572273546,0,1.1718655555192414,0
2025-05-20 14:00:00+07:00,40.0,15.4,53.0,/dl/web/weather/ic-w-04-scattered-clouds-full.svg,Huế,-0.8020929963187825,0,1.1385159500039443,0
2025-05-20 15:00:00+07:00,41.0,10.1,72.0,/dl/web/weather/ic-w-04-scattered-clouds-full.svg,Huế,-0.7501349865459255,0,0.25475140384856615,0
2025-05-20 16:00:00+07:00,41.0,7.9,76.0,/dl/web/weather/ic-w-04-scattered-clouds-full.svg,Huế,-0.7501349865459255,0,-0.11209425681970385,0
2025-05-20 17:00:00+07:00,42.0,6.4,82.0,/dl/web/weather/ic-w-04-scattered-clouds-full.svg,Huế,-0.6981769767730686,0,-0.36221629818443346,0
2025-05-20 18:00:00+07:00,46.0,7.7,87.0,/dl/web/weather/ic-w-04-scattered-clouds-full.svg,Huế,-0.4903449376816406,0,-0.14544386233500115,0
2025-05-20 19:00:00+07:00,46.0,10.9,92.0,/dl/web/weather/ic-w-04-scattered-clouds-full.svg,Huế,-0.4903449376816406,0,0.3881498259097554,0
2025-05-20 20:00:00+07:00,43.0,8.5,93.0,/dl/web/weather/ic-w-04-scattered-clouds-full.svg,Huế,-0.6462189670002115,0,-0.012045440273812056,0
2025-05-20 21:00:00+07:00,41.0,8.5,94.0,/dl/web/weather/ic-w-04-scattered-clouds-full.svg,Huế,-0.7501349865459255,0,-0.012045440273812056,0
2025-05-20 22:00:00+07:00,36.0,6.3,93.0,/dl/web/weather/ic-w-04-scattered-clouds-full.svg,Huế,-1.0099250354102103,0,-0.37889110094208217,0
2025-05-20 23:00:00+07:00,36.0,6.9,93.0,/dl/web/weather/ic-w-04-scattered-clouds-full.svg,Huế,-1.0099250354102103,0,-0.27884228439619024,0
2025-05-21 00:00:00+07:00,37.0,7.2,92.0,/dl/web/weather/ic-w-04-scattered-clouds-full.svg,Huế,-0.9579670256373534,0,-0.22881787612324436,0
2025-05-21 01:00:00+07:00,37.0,1.8,74.0,/dl/web/weather/ic-w-11-night-few-clouds-full.svg,Huế,-0.9579670256373534,0,-1.1292572250362711,0
2025-05-21 02:00:00+07:00,37.0,1.8,74.0,/dl/web/weather/ic-w-11-night-few-clouds-full.svg,Huế,-0.9579670256373534,0,-1.1292572250362711,0
2025-05-21 03:00:00+07:00,37.0,5.5,78.0,/dl/web/weather/ic-w-11-night-few-clouds-full.svg,Huế,-0.9579670256373534,0,-0.5122895230032712,0
2025-05-21 04:00:00+07:00,37.0,5.5,78.0,/dl/web/weather/ic-w-11-night-few-clouds-full.svg,Huế,-0.9579670256373534,0,-0.5122895230032712,0
2025-05-21 05:00:00+07:00,37.0,1.8,78.0,/dl/web/weather/ic-w-11-night-few-clouds-full.svg,Huế,-0.9579670256373534,0,-1.1292572250362711,0
2025-05-21 06:00:00+07:00,37.0,5.5,83.0,/dl/web/weather/ic-w-02-new-clouds-full.svg,Huế,-0.9579670256373534,0,-0.5122895230032712,0
2025-05-21 07:00:00+07:00,40.0,5.5,78.0,/dl/web/weather/ic-w-02-new-clouds-full.svg,Huế,-0.8020929963187825,0,-0.5122895230032712,0
2025-05-21 08:00:00+07:00,38.0,5.5,70.0,/dl/web/weather/ic-w-02-new-clouds-full.svg,Huế,-0.9060090158644964,0,-0.5122895230032712,0
2025-05-21 09:00:00+07:00,39.0,7.4,62.0,/dl/web/weather/ic-w-02-new-clouds-full.svg,Huế,-0.8540510060916394,0,-0.19546827060794705,0
2025-05-21 10:00:00+07:00,39.0,9.2,58.0,/dl/web/weather/ic-w-02-new-clouds-full.svg,Huế,-0.8540510060916394,0,0.10467817902972831,0
2025-05-21 11:00:00+07:00,39.0,9.2,52.0,/dl/web/weather/ic-w-02-new-clouds-full.svg,Huế,-0.8540510060916394,0,0.10467817902972831,0
2025-05-21 12:00:00+07:00,37.0,7.4,49.0,/dl/web/weather/ic-w-02-new-clouds-full.svg,Huế,-0.9579670256373534,0,-0.19546827060794705,0
2025-05-21 13:00:00+07:00,37.0,14.8,52.0,/dl/web/weather/ic-w-02-new-clouds-full.svg,Huế,-0.9579670256373534,0,1.0384671334580524,0
2025-05-21 14:00:00+07:00,39.0,14.8,49.0,/dl/web/weather/ic-w-02-new-clouds-full.svg,Huế,-0.8540510060916394,0,1.0384671334580524,0
2025-05-21 15:00:00+07:00,39.0,14.8,52.0,/dl/web/weather/ic-w-02-new-clouds-full.svg,Huế,-0.8540510060916394,0,1.0384671334580524,0
2025-05-21 16:00:00+07:00,41.0,11.1,49.0,/dl/web/weather/ic-w-02-new-clouds-full.svg,Huế,-0.7501349865459255,0,0.42149943142505253,0
2025-05-21 17:00:00+07:00,41.0,13.0,62.0,/dl/web/weather/ic-w-04-scattered-clouds-full.svg,Huế,-0.7501349865459255,0,0.7383206838203767,0
2025-05-21 18:00:00+07:00,43.0,9.2,70.0,/dl/web/weather/ic-w-04-scattered-clouds-full.svg,Huế,-0.6462189670002115,0,0.10467817902972831,0
2025-05-21 19:00:00+07:00,51.0,5.5,74.0,/dl/web/weather/ic-w-04-scattered-clouds-full.svg,Huế,-0.23055488881735575,0,-0.5122895230032712,0
2025-05-21 20:00:00+07:00,57.0,11.1,70.0,/dl/web/weather/ic-w-04-scattered-clouds-full.svg,Huế,0.08119316981978612,0,0.42149943142505253,0
2025-05-21 21:00:00+07:00,56.0,7.4,70.0,/dl/web/weather/ic-w-04-scattered-clouds-full.svg,Huế,0.02923516004692914,0,-0.19546827060794705,0
2025-05-21 22:00:00+07:00,56.0,1.8,74.0,/dl/web/weather/ic-w-04-scattered-clouds-full.svg,Huế,0.02923516004692914,0,-1.1292572250362711,0
2025-05-21 23:00:00+07:00,48.0,7.4,74.0,/dl/web/weather/ic-w-04-scattered-clouds-full.svg,Huế,-0.38642891813592667,0,-0.19546827060794705,0
2025-05-22 00:00:00+07:00,37.0,5.5,74.0,/dl/web/weather/ic-w-04-scattered-clouds-full.svg,Huế,-0.9579670256373534,0,-0.5122895230032712,0
2025-05-22 01:00:00+07:00,37.0,1.8,78.0,/dl/web/weather/ic-w-04-scattered-clouds-full.svg,Huế,-0.9579670256373534,0,-1.1292572250362711,0
2025-05-22 02:00:00+07:00,37.0,1.8,78.0,/dl/web/weather/ic-w-11-night-few-clouds-full.svg,Huế,-0.9579670256373534,0,-1.1292572250362711,0
2025-05-22 03:00:00+07:00,37.0,3.7,83.0,/dl/web/weather/ic-w-11-night-few-clouds-full.svg,Huế,-0.9579670256373534,0,-0.8124359726409468,0
2025-05-22 04:00:00+07:00,36.0,5.5,83.0,/dl/web/weather/ic-w-11-night-few-clouds-full.svg,Huế,-1.0099250354102103,0,-0.5122895230032712,0
2025-05-22 05:00:00+07:00,37.0,3.7,78.0,/dl/web/weather/ic-w-11-night-few-clouds-full.svg,Huế,-0.9579670256373534,0,-0.8124359726409468,0
2025-05-22 06:00:00+07:00,37.0,3.7,83.0,/dl/web/weather/ic-w-02-new-clouds-full.svg,Huế,-0.9579670256373534,0,-0.8124359726409468,0
2025-05-22 07:00:00+07:00,37.0,3.7,78.0,/dl/web/weather/ic-w-02-new-clouds-full.svg,Huế,-0.9579670256373534,0,-0.8124359726409468,0
2025-05-22 08:00:00+07:00,37.0,5.5,74.0,/dl/web/weather/ic-w-02-new-clouds-full.svg,Huế,-0.9579670256373534,0,-0.5122895230032712,0
2025-05-22 09:00:00+07:00,37.0,5.5,62.0,/dl/web/weather/ic-w-02-new-clouds-full.svg,Huế,-0.9579670256373534,0,-0.5122895230032712,0
2025-05-22 10:00:00+07:00,36.0,7.4,52.0,/dl/web/weather/ic-w-02-new-clouds-full.svg,Huế,-1.0099250354102103,0,-0.19546827060794705,0
2025-05-22 11:00:00+07:00,36.0,7.4,49.0,/dl/web/weather/ic-w-02-new-clouds-full.svg,Huế,-1.0099250354102103,0,-0.19546827060794705,0
2025-05-22 12:00:00+07:00,36.0,14.8,59.0,/dl/web/weather/ic-w-02-new-clouds-full.svg,Huế,-1.0099250354102103,0,1.0384671334580524,0
2025-05-22 13:00:00+07:00,37.0,13.0,52.0,/dl/web/weather/ic-w-02-new-clouds-full.svg,Huế,-0.9579670256373534,0,0.7383206838203767,0
2025-05-22 14:00:00+07:00,37.0,16.7,49.0,/dl/web/weather/ic-w-02-new-clouds-full.svg,Huế,-0.9579670256373534,0,1.3552883858533764,0
2025-05-22 15:00:00+07:00,40.0,20.4,55.0,/dl/web/weather/ic-w-02-new-clouds-full.svg,Huế,-0.8020929963187825,0,1.972256087886376,0
2025-05-22 16:00:00+07:00,41.0,25.9,58.0,/dl/web/weather/ic-w-02-new-clouds-full.svg,Huế,-0.7501349865459255,0,2.889370239557051,0
2025-05-22 17:00:00+07:00,41.0,20.4,66.0,/dl/web/weather/ic-w-02-new-clouds-full.svg,Huế,-0.7501349865459255,0,1.972256087886376,0
2025-05-22 18:00:00+07:00,41.0,16.7,74.0,/dl/web/weather/ic-w-02-new-clouds-full.svg,Huế,-0.7501349865459255,0,1.3552883858533764,0
2025-05-22 19:00:00+07:00,41.0,11.1,79.0,/dl/web/weather/ic-w-11-night-few-clouds-full.svg,Huế,-0.7501349865459255,0,0.42149943142505253,0
2025-05-22 20:00:00+07:00,37.0,7.4,74.0,/dl/web/weather/ic-w-11-night-few-clouds-full.svg,Huế,-0.9579670256373534,0,-0.19546827060794705,0
2025-05-22 21:00:00+07:00,36.0,3.7,74.0,/dl/web/weather/ic-w-11-night-few-clouds-full.svg,Huế,-1.0099250354102103,0,-0.8124359726409468,0
2025-05-22 22:00:00+07:00,36.0,3.7,79.0,/dl/web/weather/ic-w-11-night-few-clouds-full.svg,Huế,-1.0099250354102103,0,-0.8124359726409468,0
2025-05-22 23:00:00+07:00,37.0,7.4,78.0,/dl/web/weather/ic-w-11-night-few-clouds-full.svg,Huế,-0.9579670256373534,0,-0.19546827060794705,0
2025-05-23 00:00:00+07:00,37.0,7.4,78.0,/dl/web/weather/ic-w-11-night-few-clouds-full.svg,Huế,-0.9579670256373534,0,-0.19546827060794705,0
2025-05-23 01:00:00+07:00,37.0,1.8,78.0,/dl/web/weather/ic-w-11-night-few-clouds-full.svg,Huế,-0.9579670256373534,0,-1.1292572250362711,0
2025-05-23 02:00:00+07:00,37.0,5.5,83.0,/dl/web/weather/ic-w-11-night-few-clouds-full.svg,Huế,-0.9579670256373534,0,-0.5122895230032712,0
2025-05-23 03:00:00+07:00,37.0,5.5,83.0,/dl/web/weather/ic-w-11-night-few-clouds-full.svg,Huế,-0.9579670256373534,0,-0.5122895230032712,0
2025-05-23 04:00:00+07:00,37.0,3.7,83.0,/dl/web/weather/ic-w-11-night-few-clouds-full.svg,Huế,-0.9579670256373534,0,-0.8124359726409468,0
2025-05-23 05:00:00+07:00,37.0,3.7,94.0,/dl/web/weather/ic-w-11-night-few-clouds-full.svg,Huế,-0.9579670256373534,0,-0.8124359726409468,0
2025-05-23 06:00:00+07:00,37.0,3.7,94.0,/dl/web/weather/ic-w-02-new-clouds-full.svg,Huế,-0.9579670256373534,0,-0.8124359726409468,0
2025-05-23 07:00:00+07:00,37.0,3.7,78.0,/dl/web/weather/ic-w-01-clear-sky-full.svg,Huế,-0.9579670256373534,0,-0.8124359726409468,0
2025-05-23 08:00:00+07:00,38.0,1.8,74.0,/dl/web/weather/ic-w-01-clear-sky-full.svg,Huế,-0.9060090158644964,0,-1.1292572250362711,0
2025-05-23 09:00:00+07:00,36.0,3.7,70.0,/dl/web/weather/ic-w-01-clear-sky-full.svg,Huế,-1.0099250354102103,0,-0.8124359726409468,0
2025-05-23 10:00:00+07:00,36.0,5.5,62.0,/dl/web/weather/ic-w-02-new-clouds-full.svg,Huế,-1.0099250354102103,0,-0.5122895230032712,0
2025-05-23 11:00:00+07:00,36.0,7.4,55.0,/dl/web/weather/ic-w-02-new-clouds-full.svg,Huế,-1.0099250354102103,0,-0.19546827060794705,0
2025-05-23 12:00:00+07:00,36.0,11.1,59.0,/dl/web/weather/ic-w-02-new-clouds-full.svg,Huế,-1.0099250354102103,0,0.42149943142505253,0
2025-05-23 13:00:00+07:00,39.0,14.8,59.0,/dl/web/weather/ic-w-04-scattered-clouds-full.svg,Huế,-0.8540510060916394,0,1.0384671334580524,0
2025-05-23 14:00:00+07:00,40.0,16.7,55.0,/dl/web/weather/ic-w-04-scattered-clouds-full.svg,Huế,-0.8020929963187825,0,1.3552883858533764,0
2025-05-23 15:00:00+07:00,41.0,14.8,55.0,/dl/web/weather/ic-w-04-scattered-clouds-full.svg,Huế,-0.7501349865459255,0,1.0384671334580524,0
2025-05-23 16:00:00+07:00,41.0,13.0,59.0,/dl/web/weather/ic-w-04-scattered-clouds-full.svg,Huế,-0.7501349865459255,0,0.7383206838203767,0
2025-05-23 17:00:00+07:00,43.0,18.5,66.0,/dl/web/weather/ic-w-04-scattered-clouds-full.svg,Huế,-0.6462189670002115,0,1.655434835491052,0
2025-05-23 18:00:00+07:00,43.0,18.5,66.0,/dl/web/weather/ic-w-04-scattered-clouds-full.svg,Huế,-0.6462189670002115,0,1.655434835491052,0
2025-05-23 19:00:00+07:00,43.0,7.4,74.0,/dl/web/weather/ic-w-04-scattered-clouds-full.svg,Huế,-0.6462189670002115,0,-0.19546827060794705,0
2025-05-23 20:00:00+07:00,37.0,5.5,79.0,/dl/web/weather/ic-w-04-scattered-clouds-full.svg,Huế,-0.9579670256373534,0,-0.5122895230032712,0
2025-05-23 21:00:00+07:00,37.0,5.5,74.0,/dl/web/weather/ic-w-04-scattered-clouds-full.svg,Huế,-0.9579670256373534,0,-0.5122895230032712,0
2025-05-23 22:00:00+07:00,36.0,5.5,79.0,/dl/web/weather/ic-w-04-scattered-clouds-full.svg,Huế,-1.0099250354102103,0,-0.5122895230032712,0
2025-05-23 23:00:00+07:00,37.0,5.1,84.0,/dl/web/weather/ic-w-04-scattered-clouds-full.svg,Huế,-0.9579670256373534,0,-0.5789887340338659,0
2025-05-24 00:00:00+07:00,37.0,9.2,78.0,/dl/web/weather/ic-w-04-scattered-clouds-full.svg,Huế,-0.9579670256373534,0,0.10467817902972831,0
2025-05-24 01:00:00+07:00,37.0,5.5,83.0,/dl/web/weather/ic-w-04-scattered-clouds-full.svg,Huế,-0.9579670256373534,0,-0.5122895230032712,0
2025-05-24 02:00:00+07:00,37.0,5.5,83.0,/dl/web/weather/ic-w-04-scattered-clouds-full.svg,Huế,-0.9579670256373534,0,-0.5122895230032712,0
2025-05-24 03:00:00+07:00,37.0,3.7,89.0,/dl/web/weather/ic-w-04-scattered-clouds-full.svg,Huế,-0.9579670256373534,0,-0.8124359726409468,0
2025-05-24 04:00:00+07:00,37.0,5.5,89.0,/dl/web/weather/ic-w-04-scattered-clouds-full.svg,Huế,-0.9579670256373534,0,-0.5122895230032712,0
2025-05-24 05:00:00+07:00,37.0,9.2,94.0,/dl/web/weather/ic-w-04-scattered-clouds-full.svg,Huế,-0.9579670256373534,0,0.10467817902972831,0
2025-05-24 06:00:00+07:00,37.0,4.2,85.0,/dl/web/weather/ic-w-04-scattered-clouds-full.svg,Huế,-0.9579670256373534,0,-0.7290619588527036,0
2025-05-24 07:00:00+07:00,37.0,7.4,78.0,/dl/web/weather/ic-w-02-new-clouds-full.svg,Huế,-0.9579670256373534,0,-0.19546827060794705,0
2025-05-24 08:00:00+07:00,53.0,7.4,79.0,/dl/web/weather/ic-w-02-new-clouds-full.svg,Huế,-0.12663886927164178,0,-0.19546827060794705,0
2025-05-24 09:00:00+07:00,56.0,7.4,70.0,/dl/web/weather/ic-w-02-new-clouds-full.svg,Huế,0.02923516004692914,0,-0.19546827060794705,0
2025-05-24 10:00:00+07:00,54.0,5.5,70.0,/dl/web/weather/ic-w-02-new-clouds-full.svg,Huế,-0.07468085949878481,0,-0.5122895230032712,0
2025-05-24 11:00:00+07:00,54.0,11.1,66.0,/dl/web/weather/ic-w-02-new-clouds-full.svg,Huế,-0.07468085949878481,0,0.42149943142505253,0
2025-05-24 12:00:00+07:00,55.0,14.8,66.0,/dl/web/weather/ic-w-02-new-clouds-full.svg,Huế,-0.022722849725927835,0,1.0384671334580524,0
2025-05-24 13:00:00+07:00,52.0,16.7,59.0,/dl/web/weather/ic-w-02-new-clouds-full.svg,Huế,-0.17859687904449875,0,1.3552883858533764,0
2025-05-24 14:00:00+07:00,44.0,22.2,59.0,/dl/web/weather/ic-w-02-new-clouds-full.svg,Huế,-0.5942609572273546,0,2.2724025375240515,0
2025-05-24 15:00:00+07:00,41.0,27.8,59.0,/dl/web/weather/ic-w-02-new-clouds-full.svg,Huế,-0.7501349865459255,0,3.206191491952376,-1
2025-05-24 16:00:00+07:00,41.0,27.8,62.0,/dl/web/weather/ic-w-02-new-clouds-full.svg,Huế,-0.7501349865459255,0,3.206191491952376,-1
2025-05-24 17:00:00+07:00,43.0,33.3,70.0,/dl/web/weather/ic-w-02-new-clouds-full.svg,Huế,-0.6462189670002115,0,4.12330564362305,-1
2025-05-24 18:00:00+07:00,43.0,33.3,70.0,/dl/web/weather/ic-w-02-new-clouds-full.svg,Huế,-0.6462189670002115,0,4.12330564362305,-1
2025-05-24 19:00:00+07:00,41.0,24.1,84.0,/dl/web/weather/ic-w-11-night-few-clouds-full.svg,Huế,-0.7501349865459255,0,2.589223789919376,0
2025-05-24 20:00:00+07:00,37.0,20.4,84.0,/dl/web/weather/ic-w-11-night-few-clouds-full.svg,Huế,-0.9579670256373534,0,1.972256087886376,0
2025-05-24 21:00:00+07:00,36.0,20.4,84.0,/dl/web/weather/ic-w-11-night-few-clouds-full.svg,Huế,-1.0099250354102103,0,1.972256087886376,0
2025-05-24 22:00:00+07:00,37.0,20.4,79.0,/dl/web/weather/ic-w-11-night-few-clouds-full.svg,Huế,-0.9579670256373534,0,1.972256087886376,0
2025-05-24 23:00:00+07:00,37.0,13.0,79.0,/dl/web/weather/ic-w-11-night-few-clouds-full.svg,Huế,-0.9579670256373534,0,0.7383206838203767,0
2025-05-25 00:00:00+07:00,37.0,13.0,79.0,/dl/web/weather/ic-w-11-night-few-clouds-full.svg,Huế,-0.9579670256373534,0,0.7383206838203767,0
2025-05-25 01:00:00+07:00,37.0,7.4,83.0,/dl/web/weather/ic-w-11-night-few-clouds-full.svg,Huế,-0.9579670256373534,0,-0.19546827060794705,0
2025-05-25 02:00:00+07:00,37.0,7.4,83.0,/dl/web/weather/ic-w-11-night-few-clouds-full.svg,Huế,-0.9579670256373534,0,-0.19546827060794705,0
2025-05-25 03:00:00+07:00,37.0,1.8,89.0,/dl/web/weather/ic-w-11-night-few-clouds-full.svg,Huế,-0.9579670256373534,0,-1.1292572250362711,0
2025-05-25 04:00:00+07:00,37.0,7.4,89.0,/dl/web/weather/ic-w-11-night-few-clouds-full.svg,Huế,-0.9579670256373534,0,-0.19546827060794705,0
2025-05-25 05:00:00+07:00,37.0,7.4,89.0,/dl/web/weather/ic-w-11-night-few-clouds-full.svg,Huế,-0.9579670256373534,0,-0.19546827060794705,0
2025-05-25 06:00:00+07:00,37.0,3.7,94.0,/dl/web/weather/ic-w-02-new-clouds-full.svg,Huế,-0.9579670256373534,0,-0.8124359726409468,0
2025-05-25 07:00:00+07:00,39.0,3.7,89.0,/dl/web/weather/ic-w-02-new-clouds-full.svg,Huế,-0.8540510060916394,0,-0.8124359726409468,0
2025-05-25 08:00:00+07:00,47.0,3.7,79.0,/dl/web/weather/ic-w-02-new-clouds-full.svg,Huế,-0.43838692790878364,0,-0.8124359726409468,0
2025-05-25 09:00:00+07:00,43.0,5.5,74.0,/dl/web/weather/ic-w-02-new-clouds-full.svg,Huế,-0.6462189670002115,0,-0.5122895230032712,0
2025-05-25 10:00:00+07:00,39.0,5.5,58.0,/dl/web/weather/ic-w-04-scattered-clouds-full.svg,Huế,-0.8540510060916394,0,-0.5122895230032712,0
2025-05-25 11:00:00+07:00,39.0,14.8,66.0,/dl/web/weather/ic-w-04-scattered-clouds-full.svg,Huế,-0.8540510060916394,0,1.0384671334580524,0
2025-05-25 12:00:00+07:00,37.0,22.2,66.0,/dl/web/weather/ic-w-04-scattered-clouds-full.svg,Huế,-0.9579670256373534,0,2.2724025375240515,0
2025-05-25 13:00:00+07:00,39.0,24.1,62.0,/dl/web/weather/ic-w-06-rain-full.svg,Huế,-0.8540510060916394,0,2.589223789919376,0
2025-05-25 14:00:00+07:00,40.0,24.1,66.0,/dl/web/weather/ic-w-04-scattered-clouds-full.svg,Huế,-0.8020929963187825,0,2.589223789919376,0
2025-05-25 15:00:00+07:00,41.0,24.1,66.0,/dl/web/weather/ic-w-02-new-clouds-full.svg,Huế,-0.7501349865459255,0,2.589223789919376,0
2025-05-25 16:00:00+07:00,41.0,22.2,70.0,/dl/web/weather/ic-w-04-scattered-clouds-full.svg,Huế,-0.7501349865459255,0,2.2724025375240515,0
2025-05-25 17:00:00+07:00,43.0,22.2,70.0,/dl/web/weather/ic-w-04-scattered-clouds-full.svg,Huế,-0.6462189670002115,0,2.2724025375240515,0
2025-05-25 18:00:00+07:00,41.0,14.8,84.0,/dl/web/weather/ic-w-04-scattered-clouds-full.svg,Huế,-0.7501349865459255,0,1.0384671334580524,0
2025-05-25 19:00:00+07:00,41.0,13.0,84.0,/dl/web/weather/ic-w-04-scattered-clouds-full.svg,Huế,-0.7501349865459255,0,0.7383206838203767,0
2025-05-25 20:00:00+07:00,37.0,13.0,89.0,/dl/web/weather/ic-w-04-scattered-clouds-full.svg,Huế,-0.9579670256373534,0,0.7383206838203767,0
2025-05-25 21:00:00+07:00,41.0,14.8,89.0,/dl/web/weather/ic-w-04-scattered-clouds-full.svg,Huế,-0.7501349865459255,0,1.0384671334580524,0
2025-05-25 22:00:00+07:00,39.0,13.0,89.0,/dl/web/weather/ic-w-04-scattered-clouds-full.svg,Huế,-0.8540510060916394,0,0.7383206838203767,0
2025-05-25 23:00:00+07:00,39.0,14.8,89.0,/dl/web/weather/ic-w-12-night-rain-full.svg,Huế,-0.8540510060916394,0,1.0384671334580524,0
2025-05-26 00:00:00+07:00,37.0,11.1,94.0,/dl/web/weather/ic-w-06-rain-full.svg,Huế,-0.9579670256373534,0,0.42149943142505253,0
2025-05-26 01:00:00+07:00,37.0,13.0,94.0,/dl/web/weather/ic-w-04-scattered-clouds-full.svg,Huế,-0.9579670256373534,0,0.7383206838203767,0
2025-05-26 02:00:00+07:00,37.0,13.0,94.0,/dl/web/weather/ic-w-04-scattered-clouds-full.svg,Huế,-0.9579670256373534,0,0.7383206838203767,0
2025-05-26 03:00:00+07:00,37.0,13.0,94.0,/dl/web/weather/ic-w-04-scattered-clouds-full.svg,Huế,-0.9579670256373534,0,0.7383206838203767,0
2025-05-26 04:00:00+07:00,37.0,14.8,94.0,/dl/web/weather/ic-w-04-scattered-clouds-full.svg,Huế,-0.9579670256373534,0,1.0384671334580524,0
2025-05-26 05:00:00+07:00,37.0,13.0,88.0,/dl/web/weather/ic-w-04-scattered-clouds-full.svg,Huế,-0.9579670256373534,0,0.7383206838203767,0
2025-05-26 06:00:00+07:00,37.0,5.5,88.0,/dl/web/weather/ic-w-04-scattered-clouds-full.svg,Huế,-0.9579670256373534,0,-0.5122895230032712,0
2025-05-26 07:00:00+07:00,39.0,9.2,94.0,/dl/web/weather/ic-w-04-scattered-clouds-full.svg,Huế,-0.8540510060916394,0,0.10467817902972831,0
2025-05-26 08:00:00+07:00,39.0,11.1,94.0,/dl/web/weather/ic-w-04-scattered-clouds-full.svg,Huế,-0.8540510060916394,0,0.42149943142505253,0
2025-05-26 09:00:00+07:00,39.0,13.0,89.0,/dl/web/weather/ic-w-04-scattered-clouds-full.svg,Huế,-0.8540510060916394,0,0.7383206838203767,0
2025-05-26 10:00:00+07:00,37.0,13.0,89.0,/dl/web/weather/ic-w-04-scattered-clouds-full.svg,Huế,-0.9579670256373534,0,0.7383206838203767,0
2025-05-26 11:00:00+07:00,37.0,13.0,89.0,/dl/web/weather/ic-w-04-scattered-clouds-full.svg,Huế,-0.9579670256373534,0,0.7383206838203767,0
2025-05-26 12:00:00+07:00,37.0,13.0,78.0,/dl/web/weather/ic-w-04-scattered-clouds-full.svg,Huế,-0.9579670256373534,0,0.7383206838203767,0
2025-05-26 13:00:00+07:00,39.0,16.7,78.0,/dl/web/weather/ic-w-04-scattered-clouds-full.svg,Huế,-0.8540510060916394,0,1.3552883858533764,0
2025-05-26 14:00:00+07:00,59.0,16.7,78.0,/dl/web/weather/ic-w-04-scattered-clouds-full.svg,Huế,0.18510918936550008,0,1.3552883858533764,0
2025-05-26 15:00:00+07:00,53.0,14.8,83.0,/dl/web/weather/ic-w-06-rain-full.svg,Huế,-0.12663886927164178,0,1.0384671334580524,0
2025-05-26 17:00:00+07:00,60.0,18.5,89.0,/dl/web/weather/ic-w-04-scattered-clouds-full.svg,Huế,0.23706719913835705,0,1.655434835491052,0
2025-05-26 18:00:00+07:00,56.0,13.0,89.0,/dl/web/weather/ic-w-04-scattered-clouds-full.svg,Huế,0.02923516004692914,0,0.7383206838203767,0
2025-05-26 19:00:00+07:00,55.0,11.1,89.0,/dl/web/weather/ic-w-04-scattered-clouds-full.svg,Huế,-0.022722849725927835,0,0.42149943142505253,0
2025-05-26 20:00:00+07:00,53.0,7.4,94.0,/dl/web/weather/ic-w-12-night-rain-full.svg,Huế,-0.12663886927164178,0,-0.19546827060794705,0
2025-05-26 21:00:00+07:00,53.0,7.4,94.0,/dl/web/weather/ic-w-04-scattered-clouds-full.svg,Huế,-0.12663886927164178,0,-0.19546827060794705,0
2025-05-26 22:00:00+07:00,54.0,7.4,94.0,/dl/web/weather/ic-w-04-scattered-clouds-full.svg,Huế,-0.07468085949878481,0,-0.19546827060794705,0
2025-05-26 23:00:00+07:00,49.0,14.8,94.0,/dl/web/weather/ic-w-04-scattered-clouds-full.svg,Huế,-0.3344709083630697,0,1.0384671334580524,0
2025-05-27 00:00:00+07:00,46.0,13.0,94.0,/dl/web/weather/ic-w-12-night-rain-full.svg,Huế,-0.4903449376816406,0,0.7383206838203767,0
2025-05-27 01:00:00+07:00,48.0,9.2,100.0,/dl/web/weather/ic-w-12-night-rain-full.svg,Huế,-0.38642891813592667,0,0.10467817902972831,0
2025-05-27 02:00:00+07:00,52.0,9.2,100.0,/dl/web/weather/ic-w-12-night-rain-full.svg,Huế,-0.17859687904449875,0,0.10467817902972831,0
2025-05-27 03:00:00+07:00,52.0,5.5,100.0,/dl/web/weather/ic-w-04-scattered-clouds-full.svg,Huế,-0.17859687904449875,0,-0.5122895230032712,0
2025-05-27 04:00:00+07:00,52.0,5.5,100.0,/dl/web/weather/ic-w-04-scattered-clouds-full.svg,Huế,-0.17859687904449875,0,-0.5122895230032712,0
2025-05-27 05:00:00+07:00,56.0,7.4,88.0,/dl/web/weather/ic-w-04-scattered-clouds-full.svg,Huế,0.02923516004692914,0,-0.19546827060794705,0
2025-05-27 06:00:00+07:00,58.0,5.5,88.0,/dl/web/weather/ic-w-09-mist-full.svg,Huế,0.13315117959264308,0,-0.5122895230032712,0
2025-05-27 07:00:00+07:00,60.0,5.5,88.0,/dl/web/weather/ic-w-09-mist-full.svg,Huế,0.23706719913835705,0,-0.5122895230032712,0
2025-05-27 08:00:00+07:00,63.0,11.1,94.0,/dl/web/weather/ic-w-04-scattered-clouds-full.svg,Huế,0.39294122845692797,0,0.42149943142505253,0
2025-05-27 09:00:00+07:00,66.0,11.1,89.0,/dl/web/weather/ic-w-04-scattered-clouds-full.svg,Huế,0.5488152577754989,0,0.42149943142505253,0
2025-05-27 10:00:00+07:00,71.0,7.4,83.0,/dl/web/weather/ic-w-04-scattered-clouds-full.svg,Huế,0.8086053066397838,0,-0.19546827060794705,0
2025-05-27 11:00:00+07:00,71.0,11.1,83.0,/dl/web/weather/ic-w-04-scattered-clouds-full.svg,Huế,0.8086053066397838,0,0.42149943142505253,0
2025-05-27 12:00:00+07:00,71.0,11.1,83.0,/dl/web/weather/ic-w-04-scattered-clouds-full.svg,Huế,0.8086053066397838,0,0.42149943142505253,0
2025-05-27 13:00:00+07:00,69.0,13.0,83.0,/dl/web/weather/ic-w-04-scattered-clouds-full.svg,Huế,0.7046892870940699,0,0.7383206838203767,0
2025-05-27 14:00:00+07:00,70.0,13.0,83.0,/dl/web/weather/ic-w-04-scattered-clouds-full.svg,Huế,0.7566472968669268,0,0.7383206838203767,0
2025-05-27 15:00:00+07:00,67.0,13.0,83.0,/dl/web/weather/ic-w-04-scattered-clouds-full.svg,Huế,0.6007732675483559,0,0.7383206838203767,0
2025-05-27 16:00:00+07:00,67.0,13.0,89.0,/dl/web/weather/ic-w-04-scattered-clouds-full.svg,Huế,0.6007732675483559,0,0.7383206838203767,0
2025-05-27 17:00:00+07:00,66.0,11.1,89.0,/dl/web/weather/ic-w-06-rain-full.svg,Huế,0.5488152577754989,0,0.42149943142505253,0
2025-05-27 18:00:00+07:00,64.0,9.2,89.0,/dl/web/weather/ic-w-04-scattered-clouds-full.svg,Huế,0.44489923822978494,0,0.10467817902972831,0
2025-05-27 19:00:00+07:00,61.0,9.2,89.0,/dl/web/weather/ic-w-04-scattered-clouds-full.svg,Huế,0.289025208911214,0,0.10467817902972831,0
2025-05-27 20:00:00+07:00,62.0,7.4,89.0,/dl/web/weather/ic-w-04-scattered-clouds-full.svg,Huế,0.340983218684071,0,-0.19546827060794705,0
2025-05-27 21:00:00+07:00,62.0,3.7,89.0,/dl/web/weather/ic-w-04-scattered-clouds-full.svg,Huế,0.340983218684071,0,-0.8124359726409468,0
2025-05-27 22:00:00+07:00,58.0,3.7,89.0,/dl/web/weather/ic-w-04-scattered-clouds-full.svg,Huế,0.13315117959264308,0,-0.8124359726409468,0
2025-05-27 23:00:00+07:00,56.0,7.4,94.0,/dl/web/weather/ic-w-04-scattered-clouds-full.svg,Huế,0.02923516004692914,0,-0.19546827060794705,0
2025-05-28 00:00:00+07:00,54.0,5.5,94.0,/dl/web/weather/ic-w-04-scattered-clouds-full.svg,Huế,-0.07468085949878481,0,-0.5122895230032712,0
2025-05-28 01:00:00+07:00,55.0,5.5,94.0,/dl/web/weather/ic-w-04-scattered-clouds-full.svg,Huế,-0.022722849725927835,0,-0.5122895230032712,0
2025-05-28 02:00:00+07:00,58.0,4.8,94.0,/dl/web/weather/ic-w-04-scattered-clouds-full.svg,Huế,0.13315117959264308,0,-0.6290131423068118,0
2025-05-28 03:00:00+07:00,66.0,4.8,94.0,/dl/web/weather/ic-w-04-scattered-clouds-full.svg,Huế,0.5488152577754989,0,-0.6290131423068118,0
2025-05-28 04:00:00+07:00,73.0,7.4,94.0,/dl/web/weather/ic-w-04-scattered-clouds-full.svg,Huế,0.9125213261854977,0,-0.19546827060794705,0
2025-05-28 05:00:00+07:00,78.0,7.4,94.0,/dl/web/weather/ic-w-04-scattered-clouds-full.svg,Huế,1.1723113750497827,0,-0.19546827060794705,0
2025-05-28 06:00:00+07:00,77.0,3.7,94.0,/dl/web/weather/ic-w-04-scattered-clouds-full.svg,Huế,1.1203533652769258,0,-0.8124359726409468,0
2025-05-28 07:00:00+07:00,79.0,3.7,94.0,/dl/web/weather/ic-w-09-mist-full.svg,Huế,1.2242693848226396,0,-0.8124359726409468,0
2025-05-28 08:00:00+07:00,81.0,7.4,94.0,/dl/web/weather/ic-w-09-mist-full.svg,Huế,1.3281854043683536,0,-0.19546827060794705,0
2025-05-28 09:00:00+07:00,80.0,3.7,83.0,/dl/web/weather/ic-w-09-mist-full.svg,Huế,1.2762273945954965,0,-0.8124359726409468,0
2025-05-28 10:00:00+07:00,80.0,5.5,70.0,/dl/web/weather/ic-w-04-scattered-clouds-full.svg,Huế,1.2762273945954965,0,-0.5122895230032712,0
2025-05-28 11:00:00+07:00,80.0,7.4,66.0,/dl/web/weather/ic-w-04-scattered-clouds-full.svg,Huế,1.2762273945954965,0,-0.19546827060794705,0
2025-05-28 12:00:00+07:00,68.0,11.1,70.0,/dl/web/weather/ic-w-04-scattered-clouds-full.svg,Huế,0.6527312773212128,0,0.42149943142505253,0
2025-05-28 13:00:00+07:00,74.0,14.8,70.0,/dl/web/weather/ic-w-04-scattered-clouds-full.svg,Huế,0.9644793359583547,0,1.0384671334580524,0
2025-05-28 14:00:00+07:00,76.0,14.8,70.0,/dl/web/weather/ic-w-04-scattered-clouds-full.svg,Huế,1.0683953555040686,0,1.0384671334580524,0
2025-05-28 15:00:00+07:00,67.0,11.1,74.0,/dl/web/weather/ic-w-04-scattered-clouds-full.svg,Huế,0.6007732675483559,0,0.42149943142505253,0
2025-05-28 16:00:00+07:00,57.0,9.2,74.0,/dl/web/weather/ic-w-04-scattered-clouds-full.svg,Huế,0.08119316981978612,0,0.10467817902972831,0
2025-05-28 17:00:00+07:00,49.0,13.0,74.0,/dl/web/weather/ic-w-04-scattered-clouds-full.svg,Huế,-0.3344709083630697,0,0.7383206838203767,0
2025-05-28 18:00:00+07:00,49.0,14.8,79.0,/dl/web/weather/ic-w-04-scattered-clouds-full.svg,Huế,-0.3344709083630697,0,1.0384671334580524,0
2025-05-28 19:00:00+07:00,40.0,13.0,84.0,/dl/web/weather/ic-w-12-night-rain-full.svg,Huế,-0.8020929963187825,0,0.7383206838203767,0
2025-05-28 20:00:00+07:00,39.0,9.2,89.0,/dl/web/weather/ic-w-12-night-rain-full.svg,Huế,-0.8540510060916394,0,0.10467817902972831,0
2025-05-28 21:00:00+07:00,39.0,7.4,89.0,/dl/web/weather/ic-w-12-night-rain-full.svg,Huế,-0.8540510060916394,0,-0.19546827060794705,0
2025-05-28 22:00:00+07:00,39.0,7.4,89.0,/dl/web/weather/ic-w-12-night-rain-full.svg,Huế,-0.8540510060916394,0,-0.19546827060794705,0
2025-05-28 23:00:00+07:00,39.0,3.7,89.0,/dl/web/weather/ic-w-11-night-few-clouds-full.svg,Huế,-0.8540510060916394,0,-0.8124359726409468,0
2025-05-29 00:00:00+07:00,40.0,5.5,94.0,/dl/web/weather/ic-w-11-night-few-clouds-full.svg,Huế,-0.8020929963187825,0,-0.5122895230032712,0
2025-05-29 01:00:00+07:00,39.0,7.4,94.0,/dl/web/weather/ic-w-11-night-few-clouds-full.svg,Huế,-0.8540510060916394,0,-0.19546827060794705,0
2025-05-29 02:00:00+07:00,39.0,7.4,94.0,/dl/web/weather/ic-w-11-night-few-clouds-full.svg,Huế,-0.8540510060916394,0,-0.19546827060794705,0
2025-05-29 03:00:00+07:00,39.0,5.5,94.0,/dl/web/weather/ic-w-11-night-few-clouds-full.svg,Huế,-0.8540510060916394,0,-0.5122895230032712,0
2025-05-29 04:00:00+07:00,40.0,9.2,94.0,/dl/web/weather/ic-w-11-night-few-clouds-full.svg,Huế,-0.8020929963187825,0,0.10467817902972831,0
2025-05-29 05:00:00+07:00,41.0,3.7,94.0,/dl/web/weather/ic-w-11-night-few-clouds-full.svg,Huế,-0.7501349865459255,0,-0.8124359726409468,0
2025-05-29 06:00:00+07:00,46.0,9.2,94.0,/dl/web/weather/ic-w-02-new-clouds-full.svg,Huế,-0.4903449376816406,0,0.10467817902972831,0
2025-05-29 07:00:00+07:00,52.0,7.4,89.0,/dl/web/weather/ic-w-02-new-clouds-full.svg,Huế,-0.17859687904449875,0,-0.19546827060794705,0
2025-05-29 08:00:00+07:00,57.0,7.4,83.0,/dl/web/weather/ic-w-02-new-clouds-full.svg,Huế,0.08119316981978612,0,-0.19546827060794705,0
2025-05-29 09:00:00+07:00,61.0,5.5,84.0,/dl/web/weather/ic-w-04-scattered-clouds-full.svg,Huế,0.289025208911214,0,-0.5122895230032712,0
2025-05-29 10:00:00+07:00,61.0,7.4,79.0,/dl/web/weather/ic-w-04-scattered-clouds-full.svg,Huế,0.289025208911214,0,-0.19546827060794705,0
2025-05-29 11:00:00+07:00,61.0,9.2,66.0,/dl/web/weather/ic-w-04-scattered-clouds-full.svg,Huế,0.289025208911214,0,0.10467817902972831,0
2025-05-29 12:00:00+07:00,58.0,13.0,70.0,/dl/web/weather/ic-w-04-scattered-clouds-full.svg,Huế,0.13315117959264308,0,0.7383206838203767,0
2025-05-29 13:00:00+07:00,58.0,13.0,66.0,/dl/web/weather/ic-w-04-scattered-clouds-full.svg,Huế,0.13315117959264308,0,0.7383206838203767,0
2025-05-29 14:00:00+07:00,54.0,14.8,66.0,/dl/web/weather/ic-w-04-scattered-clouds-full.svg,Huế,-0.07468085949878481,0,1.0384671334580524,0
2025-05-29 15:00:00+07:00,48.0,5.5,70.0,/dl/web/weather/ic-w-06-rain-full.svg,Huế,-0.38642891813592667,0,-0.5122895230032712,0
2025-05-29 16:00:00+07:00,43.0,7.4,66.0,/dl/web/weather/ic-w-06-rain-full.svg,Huế,-0.6462189670002115,0,-0.19546827060794705,0
2025-05-29 17:00:00+07:00,43.0,3.7,66.0,/dl/web/weather/ic-w-06-rain-full.svg,Huế,-0.6462189670002115,0,-0.8124359726409468,0
2025-05-29 18:00:00+07:00,43.0,3.7,70.0,/dl/web/weather/ic-w-04-scattered-clouds-full.svg,Huế,-0.6462189670002115,0,-0.8124359726409468,0
2025-05-29 19:00:00+07:00,43.0,5.5,79.0,/dl/web/weather/ic-w-04-scattered-clouds-full.svg,Huế,-0.6462189670002115,0,-0.5122895230032712,0
2025-05-29 20:00:00+07:00,39.0,5.5,79.0,/dl/web/weather/ic-w-04-scattered-clouds-full.svg,Huế,-0.8540510060916394,0,-0.5122895230032712,0
2025-05-29 21:00:00+07:00,37.0,3.7,79.0,/dl/web/weather/ic-w-04-scattered-clouds-full.svg,Huế,-0.9579670256373534,0,-0.8124359726409468,0
2025-05-29 22:00:00+07:00,39.0,5.5,79.0,/dl/web/weather/ic-w-04-scattered-clouds-full.svg,Huế,-0.8540510060916394,0,-0.5122895230032712,0
2025-05-29 23:00:00+07:00,39.0,7.4,83.0,/dl/web/weather/ic-w-04-scattered-clouds-full.svg,Huế,-0.8540510060916394,0,-0.19546827060794705,0
2025-05-30 00:00:00+07:00,39.0,3.7,83.0,/dl/web/weather/ic-w-04-scattered-clouds-full.svg,Huế,-0.8540510060916394,0,-0.8124359726409468,0
2025-05-30 01:00:00+07:00,39.0,7.4,89.0,/dl/web/weather/ic-w-04-scattered-clouds-full.svg,Huế,-0.8540510060916394,0,-0.19546827060794705,0
2025-05-30 02:00:00+07:00,39.0,3.7,89.0,/dl/web/weather/ic-w-04-scattered-clouds-full.svg,Huế,-0.8540510060916394,0,-0.8124359726409468,0
2025-05-30 03:00:00+07:00,39.0,7.4,89.0,/dl/web/weather/ic-w-04-scattered-clouds-full.svg,Huế,-0.8540510060916394,0,-0.19546827060794705,0
2025-05-30 04:00:00+07:00,39.0,7.4,83.0,/dl/web/weather/ic-w-04-scattered-clouds-full.svg,Huế,-0.8540510060916394,0,-0.19546827060794705,0
2025-05-30 05:00:00+07:00,39.0,5.5,83.0,/dl/web/weather/ic-w-04-scattered-clouds-full.svg,Huế,-0.8540510060916394,0,-0.5122895230032712,0
2025-05-30 06:00:00+07:00,39.0,5.5,83.0,/dl/web/weather/ic-w-04-scattered-clouds-full.svg,Huế,-0.8540510060916394,0,-0.5122895230032712,0
2025-05-30 07:00:00+07:00,39.0,1.8,78.0,/dl/web/weather/ic-w-04-scattered-clouds-full.svg,Huế,-0.8540510060916394,0,-1.1292572250362711,0
2025-05-30 08:00:00+07:00,40.0,3.7,79.0,/dl/web/weather/ic-w-04-scattered-clouds-full.svg,Huế,-0.8020929963187825,0,-0.8124359726409468,0
2025-05-30 09:00:00+07:00,46.0,7.4,70.0,/dl/web/weather/ic-w-04-scattered-clouds-full.svg,Huế,-0.4903449376816406,0,-0.19546827060794705,0
2025-05-30 10:00:00+07:00,46.0,5.5,70.0,/dl/web/weather/ic-w-04-scattered-clouds-full.svg,Huế,-0.4903449376816406,0,-0.5122895230032712,0
2025-05-30 11:00:00+07:00,46.0,11.1,74.0,/dl/web/weather/ic-w-04-scattered-clouds-full.svg,Huế,-0.4903449376816406,0,0.42149943142505253,0
2025-05-30 12:00:00+07:00,40.0,11.1,66.0,/dl/web/weather/ic-w-04-scattered-clouds-full.svg,Huế,-0.8020929963187825,0,0.42149943142505253,0
2025-05-30 13:00:00+07:00,40.0,11.1,58.0,/dl/web/weather/ic-w-04-scattered-clouds-full.svg,Huế,-0.8020929963187825,0,0.42149943142505253,0
2025-05-30 14:00:00+07:00,40.0,4.5,52.0,/dl/web/weather/ic-w-04-scattered-clouds-full.svg,Huế,-0.8020929963187825,0,-0.6790375505797577,0
2025-05-30 15:00:00+07:00,41.0,13.0,55.0,/dl/web/weather/ic-w-02-new-clouds-full.svg,Huế,-0.7501349865459255,0,0.7383206838203767,0
2025-05-30 16:00:00+07:00,43.0,13.0,55.0,/dl/web/weather/ic-w-02-new-clouds-full.svg,Huế,-0.6462189670002115,0,0.7383206838203767,0
2025-05-30 17:00:00+07:00,43.0,11.1,62.0,/dl/web/weather/ic-w-02-new-clouds-full.svg,Huế,-0.6462189670002115,0,0.42149943142505253,0
2025-05-30 18:00:00+07:00,43.0,11.1,62.0,/dl/web/weather/ic-w-02-new-clouds-full.svg,Huế,-0.6462189670002115,0,0.42149943142505253,0
2025-05-30 19:00:00+07:00,43.0,9.2,74.0,/dl/web/weather/ic-w-11-night-few-clouds-full.svg,Huế,-0.6462189670002115,0,0.10467817902972831,0
2025-05-30 20:00:00+07:00,43.0,5.5,74.0,/dl/web/weather/ic-w-11-night-few-clouds-full.svg,Huế,-0.6462189670002115,0,-0.5122895230032712,0
2025-05-30 21:00:00+07:00,40.0,7.4,79.0,/dl/web/weather/ic-w-11-night-few-clouds-full.svg,Huế,-0.8020929963187825,0,-0.19546827060794705,0
2025-05-30 22:00:00+07:00,40.0,1.8,79.0,/dl/web/weather/ic-w-11-night-few-clouds-full.svg,Huế,-0.8020929963187825,0,-1.1292572250362711,0
2025-05-30 23:00:00+07:00,40.0,5.5,74.0,/dl/web/weather/ic-w-11-night-few-clouds-full.svg,Huế,-0.8020929963187825,0,-0.5122895230032712,0
2025-05-31 00:00:00+07:00,40.0,3.7,74.0,/dl/web/weather/ic-w-12-night-rain-full.svg,Huế,-0.8020929963187825,0,-0.8124359726409468,0
2025-05-31 01:00:00+07:00,39.0,3.7,79.0,/dl/web/weather/ic-w-11-night-few-clouds-full.svg,Huế,-0.8540510060916394,0,-0.8124359726409468,0
2025-05-31 02:00:00+07:00,39.0,3.7,79.0,/dl/web/weather/ic-w-11-night-few-clouds-full.svg,Huế,-0.8540510060916394,0,-0.8124359726409468,0
2025-05-31 03:00:00+07:00,39.0,3.7,83.0,/dl/web/weather/ic-w-12-night-rain-full.svg,Huế,-0.8540510060916394,0,-0.8124359726409468,0
2025-05-31 04:00:00+07:00,37.0,3.7,83.0,/dl/web/weather/ic-w-12-night-rain-full.svg,Huế,-0.9579670256373534,0,-0.8124359726409468,0
2025-05-31 05:00:00+07:00,39.0,1.8,83.0,/dl/web/weather/ic-w-12-night-rain-full.svg,Huế,-0.8540510060916394,0,-1.1292572250362711,0
2025-05-31 06:00:00+07:00,39.0,3.7,89.0,/dl/web/weather/ic-w-04-scattered-clouds-full.svg,Huế,-0.8540510060916394,0,-0.8124359726409468,0
2025-05-31 07:00:00+07:00,39.0,1.8,89.0,/dl/web/weather/ic-w-06-rain-full.svg,Huế,-0.8540510060916394,0,-1.1292572250362711,0
2025-05-31 08:00:00+07:00,39.0,7.4,70.0,/dl/web/weather/ic-w-02-new-clouds-full.svg,Huế,-0.8540510060916394,0,-0.19546827060794705,0
2025-05-31 09:00:00+07:00,39.0,5.5,62.0,/dl/web/weather/ic-w-02-new-clouds-full.svg,Huế,-0.8540510060916394,0,-0.5122895230032712,0
2025-05-31 10:00:00+07:00,39.0,5.5,52.0,/dl/web/weather/ic-w-02-new-clouds-full.svg,Huế,-0.8540510060916394,0,-0.5122895230032712,0
2025-05-31 11:00:00+07:00,39.0,7.4,52.0,/dl/web/weather/ic-w-02-new-clouds-full.svg,Huế,-0.8540510060916394,0,-0.19546827060794705,0
2025-05-31 12:00:00+07:00,39.0,9.2,49.0,/dl/web/weather/ic-w-02-new-clouds-full.svg,Huế,-0.8540510060916394,0,0.10467817902972831,0
2025-05-31 13:00:00+07:00,40.0,16.7,59.0,/dl/web/weather/ic-w-02-new-clouds-full.svg,Huế,-0.8020929963187825,0,1.3552883858533764,0
2025-05-31 14:00:00+07:00,41.0,14.8,62.0,/dl/web/weather/ic-w-04-scattered-clouds-full.svg,Huế,-0.7501349865459255,0,1.0384671334580524,0
2025-05-31 15:00:00+07:00,43.0,11.1,79.0,/dl/web/weather/ic-w-04-scattered-clouds-full.svg,Huế,-0.6462189670002115,0,0.42149943142505253,0
2025-05-31 16:00:00+07:00,44.0,7.4,70.0,/dl/web/weather/ic-w-04-scattered-clouds-full.svg,Huế,-0.5942609572273546,0,-0.19546827060794705,0
2025-05-31 17:00:00+07:00,44.0,16.7,52.0,/dl/web/weather/ic-w-06-rain-full.svg,Huế,-0.5942609572273546,0,1.3552883858533764,0
2025-05-31 18:00:00+07:00,44.0,16.7,52.0,/dl/web/weather/ic-w-06-rain-full.svg,Huế,-0.5942609572273546,0,1.3552883858533764,0
2025-05-31 19:00:00+07:00,44.0,5.5,55.0,/dl/web/weather/ic-w-11-night-few-clouds-full.svg,Huế,-0.5942609572273546,0,-0.5122895230032712,0
2025-05-31 20:00:00+07:00,44.0,5.5,58.0,/dl/web/weather/ic-w-11-night-few-clouds-full.svg,Huế,-0.5942609572273546,0,-0.5122895230032712,0
2025-05-31 21:00:00+07:00,36.0,3.7,55.0,/dl/web/weather/ic-w-11-night-few-clouds-full.svg,Huế,-1.0099250354102103,0,-0.8124359726409468,0
2025-05-31 22:00:00+07:00,37.0,3.7,58.0,/dl/web/weather/ic-w-11-night-few-clouds-full.svg,Huế,-0.9579670256373534,0,-0.8124359726409468,0
2025-05-31 23:00:00+07:00,37.0,7.4,66.0,/dl/web/weather/ic-w-11-night-few-clouds-full.svg,Huế,-0.9579670256373534,0,-0.19546827060794705,0
2025-06-01 00:00:00+07:00,39.0,3.7,58.0,/dl/web/weather/ic-w-11-night-few-clouds-full.svg,Huế,-0.8540510060916394,0,-0.8124359726409468,0
2025-06-01 01:00:00+07:00,39.0,1.8,65.0,/dl/web/weather/ic-w-11-night-few-clouds-full.svg,Huế,-0.8540510060916394,0,-1.1292572250362711,0
2025-06-01 02:00:00+07:00,39.0,1.8,65.0,/dl/web/weather/ic-w-11-night-few-clouds-full.svg,Huế,-0.8540510060916394,0,-1.1292572250362711,0
2025-06-01 03:00:00+07:00,39.0,1.8,65.0,/dl/web/weather/ic-w-11-night-few-clouds-full.svg,Huế,-0.8540510060916394,0,-1.1292572250362711,0
2025-06-01 04:00:00+07:00,39.0,9.2,55.0,/dl/web/weather/ic-w-11-night-few-clouds-full.svg,Huế,-0.8540510060916394,0,0.10467817902972831,0
2025-06-01 05:00:00+07:00,39.0,3.7,58.0,/dl/web/weather/ic-w-11-night-few-clouds-full.svg,Huế,-0.8540510060916394,0,-0.8124359726409468,0
2025-06-01 06:00:00+07:00,39.0,7.4,58.0,/dl/web/weather/ic-w-02-new-clouds-full.svg,Huế,-0.8540510060916394,0,-0.19546827060794705,0
2025-06-01 07:00:00+07:00,39.0,5.5,58.0,/dl/web/weather/ic-w-02-new-clouds-full.svg,Huế,-0.8540510060916394,0,-0.5122895230032712,0
2025-06-01 08:00:00+07:00,39.0,9.2,55.0,/dl/web/weather/ic-w-02-new-clouds-full.svg,Huế,-0.8540510060916394,0,0.10467817902972831,0
2025-06-01 09:00:00+07:00,39.0,11.1,52.0,/dl/web/weather/ic-w-02-new-clouds-full.svg,Huế,-0.8540510060916394,0,0.42149943142505253,0
2025-06-01 10:00:00+07:00,39.0,11.1,49.0,/dl/web/weather/ic-w-02-new-clouds-full.svg,Huế,-0.8540510060916394,0,0.42149943142505253,0
2025-06-01 11:00:00+07:00,39.0,27.8,41.0,/dl/web/weather/ic-w-02-new-clouds-full.svg,Huế,-0.8540510060916394,0,3.206191491952376,-1
2025-06-01 12:00:00+07:00,39.0,29.6,41.0,/dl/web/weather/ic-w-02-new-clouds-full.svg,Huế,-0.8540510060916394,0,3.506337941590051,-1
2025-06-01 13:00:00+07:00,39.0,29.6,44.0,/dl/web/weather/ic-w-02-new-clouds-full.svg,Huế,-0.8540510060916394,0,3.506337941590051,-1
2025-06-01 14:00:00+07:00,39.0,33.3,41.0,/dl/web/weather/ic-w-02-new-clouds-full.svg,Huế,-0.8540510060916394,0,4.12330564362305,-1
2025-06-01 15:00:00+07:00,39.0,27.8,41.0,/dl/web/weather/ic-w-02-new-clouds-full.svg,Huế,-0.8540510060916394,0,3.206191491952376,-1
2025-06-01 16:00:00+07:00,39.0,27.8,41.0,/dl/web/weather/ic-w-02-new-clouds-full.svg,Huế,-0.8540510060916394,0,3.206191491952376,-1
2025-06-01 17:00:00+07:00,56.0,20.4,38.0,/dl/web/weather/ic-w-02-new-clouds-full.svg,Huế,0.02923516004692914,0,1.972256087886376,0
2025-06-01 18:00:00+07:00,56.0,20.4,38.0,/dl/web/weather/ic-w-02-new-clouds-full.svg,Huế,0.02923516004692914,0,1.972256087886376,0
2025-06-01 19:00:00+07:00,56.0,9.2,43.0,/dl/web/weather/ic-w-11-night-few-clouds-full.svg,Huế,0.02923516004692914,0,0.10467817902972831,0
2025-06-01 20:00:00+07:00,61.0,5.5,46.0,/dl/web/weather/ic-w-11-night-few-clouds-full.svg,Huế,0.289025208911214,0,-0.5122895230032712,0
2025-06-01 21:00:00+07:00,61.0,5.5,49.0,/dl/web/weather/ic-w-11-night-few-clouds-full.svg,Huế,0.289025208911214,0,-0.5122895230032712,0
2025-06-01 22:00:00+07:00,61.0,5.5,49.0,/dl/web/weather/ic-w-11-night-few-clouds-full.svg,Huế,0.289025208911214,0,-0.5122895230032712,0
2025-06-01 23:00:00+07:00,63.0,7.4,51.0,/dl/web/weather/ic-w-11-night-few-clouds-full.svg,Huế,0.39294122845692797,0,-0.19546827060794705,0
2025-06-02 00:00:00+07:00,63.0,7.4,55.0,/dl/web/weather/ic-w-11-night-few-clouds-full.svg,Huế,0.39294122845692797,0,-0.19546827060794705,0
2025-06-02 01:00:00+07:00,63.0,7.4,62.0,/dl/web/weather/ic-w-11-night-few-clouds-full.svg,Huế,0.39294122845692797,0,-0.19546827060794705,0
2025-06-02 02:00:00+07:00,62.0,7.4,55.0,/dl/web/weather/ic-w-11-night-few-clouds-full.svg,Huế,0.340983218684071,0,-0.19546827060794705,0
2025-06-02 03:00:00+07:00,62.0,7.4,51.0,/dl/web/weather/ic-w-11-night-few-clouds-full.svg,Huế,0.340983218684071,0,-0.19546827060794705,0
2025-06-02 04:00:00+07:00,62.0,7.4,51.0,/dl/web/weather/ic-w-11-night-few-clouds-full.svg,Huế,0.340983218684071,0,-0.19546827060794705,0
2025-06-02 05:00:00+07:00,59.0,3.7,58.0,/dl/web/weather/ic-w-11-night-few-clouds-full.svg,Huế,0.18510918936550008,0,-0.8124359726409468,0
2025-06-02 06:00:00+07:00,59.0,5.5,55.0,/dl/web/weather/ic-w-02-new-clouds-full.svg,Huế,0.18510918936550008,0,-0.5122895230032712,0
2025-06-02 07:00:00+07:00,59.0,7.4,51.0,/dl/web/weather/ic-w-02-new-clouds-full.svg,Huế,0.18510918936550008,0,-0.19546827060794705,0
2025-06-02 08:00:00+07:00,59.0,9.2,49.0,/dl/web/weather/ic-w-02-new-clouds-full.svg,Huế,0.18510918936550008,0,0.10467817902972831,0
2025-06-02 09:00:00+07:00,59.0,13.0,46.0,/dl/web/weather/ic-w-02-new-clouds-full.svg,Huế,0.18510918936550008,0,0.7383206838203767,0
2025-06-02 10:00:00+07:00,39.0,24.1,44.0,/dl/web/weather/ic-w-02-new-clouds-full.svg,Huế,-0.8540510060916394,0,2.589223789919376,0
2025-06-02 11:00:00+07:00,58.0,22.2,41.0,/dl/web/weather/ic-w-02-new-clouds-full.svg,Huế,0.13315117959264308,0,2.2724025375240515,0
2025-06-02 12:00:00+07:00,21.0,22.2,37.0,/dl/web/weather/ic-w-02-new-clouds-full.svg,Huế,-1.789295182003065,0,2.2724025375240515,0
2025-06-02 13:00:00+07:00,18.0,25.9,39.0,/dl/web/weather/ic-w-02-new-clouds-full.svg,Huế,-1.945169211321636,0,2.889370239557051,0
2025-06-02 14:00:00+07:00,17.0,22.2,35.0,/dl/web/weather/ic-w-02-new-clouds-full.svg,Huế,-1.997127221094493,0,2.2724025375240515,0
2025-06-02 15:00:00+07:00,44.0,24.1,35.0,/dl/web/weather/ic-w-02-new-clouds-full.svg,Huế,-0.5942609572273546,0,2.589223789919376,0
2025-06-02 16:00:00+07:00,47.0,29.6,37.0,/dl/web/weather/ic-w-02-new-clouds-full.svg,Huế,-0.43838692790878364,0,3.506337941590051,-1
2025-06-02 17:00:00+07:00,47.0,22.2,39.0,/dl/web/weather/ic-w-02-new-clouds-full.svg,Huế,-0.43838692790878364,0,2.2724025375240515,0
2025-06-02 18:00:00+07:00,50.0,16.7,41.0,/dl/web/weather/ic-w-02-new-clouds-full.svg,Huế,-0.2825128985902127,0,1.3552883858533764,0
2025-06-02 19:00:00+07:00,49.0,11.1,43.0,/dl/web/weather/ic-w-11-night-few-clouds-full.svg,Huế,-0.3344709083630697,0,0.42149943142505253,0
2025-06-02 20:00:00+07:00,41.0,5.5,46.0,/dl/web/weather/ic-w-11-night-few-clouds-full.svg,Huế,-0.7501349865459255,0,-0.5122895230032712,0
2025-06-02 21:00:00+07:00,39.0,3.7,49.0,/dl/web/weather/ic-w-11-night-few-clouds-full.svg,Huế,-0.8540510060916394,0,-0.8124359726409468,0
2025-06-02 22:00:00+07:00,37.0,5.5,49.0,/dl/web/weather/ic-w-12-night-rain-full.svg,Huế,-0.9579670256373534,0,-0.5122895230032712,0
2025-06-02 23:00:00+07:00,40.0,5.5,51.0,/dl/web/weather/ic-w-11-night-few-clouds-full.svg,Huế,-0.8020929963187825,0,-0.5122895230032712,0
2025-06-03 00:00:00+07:00,41.0,9.2,48.0,/dl/web/weather/ic-w-11-night-few-clouds-full.svg,Huế,-0.7501349865459255,0,0.10467817902972831,0
2025-06-03 01:00:00+07:00,41.0,7.4,48.0,/dl/web/weather/ic-w-11-night-few-clouds-full.svg,Huế,-0.7501349865459255,0,-0.19546827060794705,0
2025-06-03 02:00:00+07:00,41.0,7.4,48.0,/dl/web/weather/ic-w-11-night-few-clouds-full.svg,Huế,-0.7501349865459255,0,-0.19546827060794705,0
2025-06-03 03:00:00+07:00,41.0,5.5,48.0,/dl/web/weather/ic-w-11-night-few-clouds-full.svg,Huế,-0.7501349865459255,0,-0.5122895230032712,0
2025-06-03 04:00:00+07:00,39.0,5.5,48.0,/dl/web/weather/ic-w-11-night-few-clouds-full.svg,Huế,-0.8540510060916394,0,-0.5122895230032712,0
2025-06-03 05:00:00+07:00,40.0,3.7,48.0,/dl/web/weather/ic-w-11-night-few-clouds-full.svg,Huế,-0.8020929963187825,0,-0.8124359726409468,0
2025-06-03 06:00:00+07:00,40.0,5.5,55.0,/dl/web/weather/ic-w-02-new-clouds-full.svg,Huế,-0.8020929963187825,0,-0.5122895230032712,0
2025-06-03 07:00:00+07:00,41.0,5.5,51.0,/dl/web/weather/ic-w-02-new-clouds-full.svg,Huế,-0.7501349865459255,0,-0.5122895230032712,0
2025-06-03 08:00:00+07:00,43.0,9.2,49.0,/dl/web/weather/ic-w-02-new-clouds-full.svg,Huế,-0.6462189670002115,0,0.10467817902972831,0
2025-06-03 09:00:00+07:00,40.0,18.5,46.0,/dl/web/weather/ic-w-02-new-clouds-full.svg,Huế,-0.8020929963187825,0,1.655434835491052,0
2025-06-03 10:00:00+07:00,37.0,24.1,44.0,/dl/web/weather/ic-w-02-new-clouds-full.svg,Huế,-0.9579670256373534,0,2.589223789919376,0
2025-06-03 11:00:00+07:00,37.0,16.7,44.0,/dl/web/weather/ic-w-02-new-clouds-full.svg,Huế,-0.9579670256373534,0,1.3552883858533764,0
2025-06-03 12:00:00+07:00,39.0,20.4,41.0,/dl/web/weather/ic-w-02-new-clouds-full.svg,Huế,-0.8540510060916394,0,1.972256087886376,0
2025-06-03 13:00:00+07:00,41.0,16.7,41.0,/dl/web/weather/ic-w-02-new-clouds-full.svg,Huế,-0.7501349865459255,0,1.3552883858533764,0
2025-06-03 14:00:00+07:00,43.0,16.7,62.0,/dl/web/weather/ic-w-02-new-clouds-full.svg,Huế,-0.6462189670002115,0,1.3552883858533764,0
2025-06-03 15:00:00+07:00,44.0,16.7,62.0,/dl/web/weather/ic-w-06-rain-full.svg,Huế,-0.5942609572273546,0,1.3552883858533764,0
2025-06-03 16:00:00+07:00,47.0,16.7,66.0,/dl/web/weather/ic-w-06-rain-full.svg,Huế,-0.43838692790878364,0,1.3552883858533764,0
2025-06-03 17:00:00+07:00,65.0,9.2,78.0,/dl/web/weather/ic-w-06-rain-full.svg,Huế,0.4968572480026419,0,0.10467817902972831,0
2025-06-03 18:00:00+07:00,65.0,7.4,70.0,/dl/web/weather/ic-w-04-scattered-clouds-full.svg,Huế,0.4968572480026419,0,-0.19546827060794705,0
2025-06-03 19:00:00+07:00,65.0,5.5,70.0,/dl/web/weather/ic-w-04-scattered-clouds-full.svg,Huế,0.4968572480026419,0,-0.5122895230032712,0
2025-06-03 20:00:00+07:00,65.0,5.5,66.0,/dl/web/weather/ic-w-04-scattered-clouds-full.svg,Huế,0.4968572480026419,0,-0.5122895230032712,0
2025-06-03 21:00:00+07:00,65.0,3.7,66.0,/dl/web/weather/ic-w-04-scattered-clouds-full.svg,Huế,0.4968572480026419,0,-0.8124359726409468,0
2025-06-03 22:00:00+07:00,65.0,1.8,74.0,/dl/web/weather/ic-w-04-scattered-clouds-full.svg,Huế,0.4968572480026419,0,-1.1292572250362711,0
2025-06-03 23:00:00+07:00,65.0,3.7,74.0,/dl/web/weather/ic-w-04-scattered-clouds-full.svg,Huế,0.4968572480026419,0,-0.8124359726409468,0
2025-06-04 00:00:00+07:00,65.0,7.4,78.0,/dl/web/weather/ic-w-04-scattered-clouds-full.svg,Huế,0.4968572480026419,0,-0.19546827060794705,0
2025-06-04 01:00:00+07:00,65.0,5.5,78.0,/dl/web/weather/ic-w-04-scattered-clouds-full.svg,Huế,0.4968572480026419,0,-0.5122895230032712,0
2025-06-04 02:00:00+07:00,65.0,5.5,70.0,/dl/web/weather/ic-w-04-scattered-clouds-full.svg,Huế,0.4968572480026419,0,-0.5122895230032712,0
2025-06-04 03:00:00+07:00,65.0,5.5,69.0,/dl/web/weather/ic-w-04-scattered-clouds-full.svg,Huế,0.4968572480026419,0,-0.5122895230032712,0
2025-06-04 04:00:00+07:00,65.0,5.5,65.0,/dl/web/weather/ic-w-04-scattered-clouds-full.svg,Huế,0.4968572480026419,0,-0.5122895230032712,0
2025-06-04 05:00:00+07:00,65.0,7.4,69.0,/dl/web/weather/ic-w-04-scattered-clouds-full.svg,Huế,0.4968572480026419,0,-0.19546827060794705,0
2025-06-04 06:00:00+07:00,65.0,7.4,69.0,/dl/web/weather/ic-w-04-scattered-clouds-full.svg,Huế,0.4968572480026419,0,-0.19546827060794705,0
2025-06-04 07:00:00+07:00,65.0,7.4,70.0,/dl/web/weather/ic-w-04-scattered-clouds-full.svg,Huế,0.4968572480026419,0,-0.19546827060794705,0
2025-06-04 08:00:00+07:00,65.0,3.7,58.0,/dl/web/weather/ic-w-02-new-clouds-full.svg,Huế,0.4968572480026419,0,-0.8124359726409468,0
2025-06-04 09:00:00+07:00,40.0,3.7,58.0,/dl/web/weather/ic-w-02-new-clouds-full.svg,Huế,-0.8020929963187825,0,-0.8124359726409468,0
2025-06-04 10:00:00+07:00,40.0,1.8,55.0,/dl/web/weather/ic-w-02-new-clouds-full.svg,Huế,-0.8020929963187825,0,-1.1292572250362711,0
2025-06-04 11:00:00+07:00,40.0,5.5,52.0,/dl/web/weather/ic-w-02-new-clouds-full.svg,Huế,-0.8020929963187825,0,-0.5122895230032712,0
2025-06-04 12:00:00+07:00,39.0,11.1,55.0,/dl/web/weather/ic-w-02-new-clouds-full.svg,Huế,-0.8540510060916394,0,0.42149943142505253,0
2025-06-04 13:00:00+07:00,41.0,11.1,55.0,/dl/web/weather/ic-w-02-new-clouds-full.svg,Huế,-0.7501349865459255,0,0.42149943142505253,0
2025-06-04 14:00:00+07:00,43.0,14.8,52.0,/dl/web/weather/ic-w-02-new-clouds-full.svg,Huế,-0.6462189670002115,0,1.0384671334580524,0
2025-06-04 15:00:00+07:00,44.0,14.8,52.0,/dl/web/weather/ic-w-02-new-clouds-full.svg,Huế,-0.5942609572273546,0,1.0384671334580524,0
2025-06-04 16:00:00+07:00,46.0,13.0,52.0,/dl/web/weather/ic-w-06-rain-full.svg,Huế,-0.4903449376816406,0,0.7383206838203767,0
2025-06-04 17:00:00+07:00,47.0,14.8,58.0,/dl/web/weather/ic-w-06-rain-full.svg,Huế,-0.43838692790878364,0,1.0384671334580524,0
2025-06-04 18:00:00+07:00,47.0,7.4,66.0,/dl/web/weather/ic-w-06-rain-full.svg,Huế,-0.43838692790878364,0,-0.19546827060794705,0
2025-06-04 19:00:00+07:00,47.0,7.4,66.0,/dl/web/weather/ic-w-04-scattered-clouds-full.svg,Huế,-0.43838692790878364,0,-0.19546827060794705,0
2025-06-04 20:00:00+07:00,52.0,3.7,70.0,/dl/web/weather/ic-w-04-scattered-clouds-full.svg,Huế,-0.17859687904449875,0,-0.8124359726409468,0
2025-06-04 21:00:00+07:00,52.0,14.8,74.0,/dl/web/weather/ic-w-04-scattered-clouds-full.svg,Huế,-0.17859687904449875,0,1.0384671334580524,0
2025-06-04 22:00:00+07:00,90.0,5.5,74.0,/dl/web/weather/ic-w-04-scattered-clouds-full.svg,Huế,1.7958074923240663,0,-0.5122895230032712,0
2025-06-04 23:00:00+07:00,90.0,11.1,79.0,/dl/web/weather/ic-w-04-scattered-clouds-full.svg,Huế,1.7958074923240663,0,0.42149943142505253,0
2025-06-05 00:00:00+07:00,90.0,13.0,83.0,/dl/web/weather/ic-w-04-scattered-clouds-full.svg,Huế,1.7958074923240663,0,0.7383206838203767,0
2025-06-05 01:00:00+07:00,90.0,1.8,78.0,/dl/web/weather/ic-w-04-scattered-clouds-full.svg,Huế,1.7958074923240663,0,-1.1292572250362711,0
2025-06-05 02:00:00+07:00,90.0,1.8,78.0,/dl/web/weather/ic-w-04-scattered-clouds-full.svg,Huế,1.7958074923240663,0,-1.1292572250362711,0
2025-06-05 03:00:00+07:00,90.0,9.2,83.0,/dl/web/weather/ic-w-04-scattered-clouds-full.svg,Huế,1.7958074923240663,0,0.10467817902972831,0
2025-06-05 04:00:00+07:00,90.0,9.2,83.0,/dl/web/weather/ic-w-04-scattered-clouds-full.svg,Huế,1.7958074923240663,0,0.10467817902972831,0
2025-06-05 05:00:00+07:00,90.0,3.7,83.0,/dl/web/weather/ic-w-11-night-few-clouds-full.svg,Huế,1.7958074923240663,0,-0.8124359726409468,0
2025-06-05 06:00:00+07:00,90.0,3.7,83.0,/dl/web/weather/ic-w-02-new-clouds-full.svg,Huế,1.7958074923240663,0,-0.8124359726409468,0
2025-06-05 07:00:00+07:00,90.0,1.8,78.0,/dl/web/weather/ic-w-02-new-clouds-full.svg,Huế,1.7958074923240663,0,-1.1292572250362711,0
2025-06-05 08:00:00+07:00,90.0,5.5,74.0,/dl/web/weather/ic-w-02-new-clouds-full.svg,Huế,1.7958074923240663,0,-0.5122895230032712,0
2025-06-05 09:00:00+07:00,90.0,3.7,62.0,/dl/web/weather/ic-w-02-new-clouds-full.svg,Huế,1.7958074923240663,0,-0.8124359726409468,0
2025-06-05 10:00:00+07:00,90.0,7.4,66.0,/dl/web/weather/ic-w-02-new-clouds-full.svg,Huế,1.7958074923240663,0,-0.19546827060794705,0
2025-06-05 11:00:00+07:00,90.0,9.2,58.0,/dl/web/weather/ic-w-02-new-clouds-full.svg,Huế,1.7958074923240663,0,0.10467817902972831,0
2025-06-05 12:00:00+07:00,90.0,9.2,55.0,/dl/web/weather/ic-w-02-new-clouds-full.svg,Huế,1.7958074923240663,0,0.10467817902972831,0
2025-06-05 13:00:00+07:00,90.0,16.7,66.0,/dl/web/weather/ic-w-04-scattered-clouds-full.svg,Huế,1.7958074923240663,0,1.3552883858533764,0
2025-06-05 14:00:00+07:00,90.0,11.1,62.0,/dl/web/weather/ic-w-04-scattered-clouds-full.svg,Huế,1.7958074923240663,0,0.42149943142505253,0
2025-06-05 15:00:00+07:00,90.0,14.8,66.0,/dl/web/weather/ic-w-06-rain-full.svg,Huế,1.7958074923240663,0,1.0384671334580524,0
2025-06-05 16:00:00+07:00,90.0,13.0,62.0,/dl/web/weather/ic-w-04-scattered-clouds-full.svg,Huế,1.7958074923240663,0,0.7383206838203767,0
2025-06-05 17:00:00+07:00,90.0,14.8,62.0,/dl/web/weather/ic-w-04-scattered-clouds-full.svg,Huế,1.7958074923240663,0,1.0384671334580524,0
2025-06-05 18:00:00+07:00,90.0,13.0,66.0,/dl/web/weather/ic-w-04-scattered-clouds-full.svg,Huế,1.7958074923240663,0,0.7383206838203767,0
2025-06-05 19:00:00+07:00,90.0,14.8,74.0,/dl/web/weather/ic-w-11-night-few-clouds-full.svg,Huế,1.7958074923240663,0,1.0384671334580524,0
2025-06-05 20:00:00+07:00,90.0,13.0,79.0,/dl/web/weather/ic-w-11-night-few-clouds-full.svg,Huế,1.7958074923240663,0,0.7383206838203767,0
2025-06-05 21:00:00+07:00,90.0,11.1,79.0,/dl/web/weather/ic-w-11-night-few-clouds-full.svg,Huế,1.7958074923240663,0,0.42149943142505253,0
2025-06-05 22:00:00+07:00,90.0,3.7,84.0,/dl/web/weather/ic-w-11-night-few-clouds-full.svg,Huế,1.7958074923240663,0,-0.8124359726409468,0
2025-06-05 23:00:00+07:00,90.0,3.7,84.0,/dl/web/weather/ic-w-11-night-few-clouds-full.svg,Huế,1.7958074923240663,0,-0.8124359726409468,0
2025-06-06 00:00:00+07:00,90.0,3.7,79.0,/dl/web/weather/ic-w-04-scattered-clouds-full.svg,Huế,1.7958074923240663,0,-0.8124359726409468,0
2025-06-06 02:00:00+07:00,90.0,7.4,79.0,/dl/web/weather/ic-w-04-scattered-clouds-full.svg,Huế,1.7958074923240663,0,-0.19546827060794705,0
2025-06-06 03:00:00+07:00,90.0,5.5,74.0,/dl/web/weather/ic-w-04-scattered-clouds-full.svg,Huế,1.7958074923240663,0,-0.5122895230032712,0
2025-06-06 04:00:00+07:00,90.0,5.5,74.0,/dl/web/weather/ic-w-04-scattered-clouds-full.svg,Huế,1.7958074923240663,0,-0.5122895230032712,0
2025-06-06 05:00:00+07:00,90.0,5.5,74.0,/dl/web/weather/ic-w-04-scattered-clouds-full.svg,Huế,1.7958074923240663,0,-0.5122895230032712,0
2025-06-06 06:00:00+07:00,90.0,3.7,78.0,/dl/web/weather/ic-w-04-scattered-clouds-full.svg,Huế,1.7958074923240663,0,-0.8124359726409468,0
2025-06-06 07:00:00+07:00,90.0,7.4,74.0,/dl/web/weather/ic-w-02-new-clouds-full.svg,Huế,1.7958074923240663,0,-0.19546827060794705,0
2025-06-06 08:00:00+07:00,90.0,5.5,74.0,/dl/web/weather/ic-w-02-new-clouds-full.svg,Huế,1.7958074923240663,0,-0.5122895230032712,0
2025-06-06 09:00:00+07:00,90.0,9.2,66.0,/dl/web/weather/ic-w-02-new-clouds-full.svg,Huế,1.7958074923240663,0,0.10467817902972831,0
2025-06-06 10:00:00+07:00,90.0,7.4,49.0,/dl/web/weather/ic-w-02-new-clouds-full.svg,Huế,1.7958074923240663,0,-0.19546827060794705,0
2025-06-06 11:00:00+07:00,90.0,11.1,55.0,/dl/web/weather/ic-w-02-new-clouds-full.svg,Huế,1.7958074923240663,0,0.42149943142505253,0
2025-06-06 12:00:00+07:00,90.0,13.0,59.0,/dl/web/weather/ic-w-06-rain-full.svg,Huế,1.7958074923240663,0,0.7383206838203767,0
2025-06-06 13:00:00+07:00,90.0,11.1,59.0,/dl/web/weather/ic-w-06-rain-full.svg,Huế,1.7958074923240663,0,0.42149943142505253,0
2025-06-06 14:00:00+07:00,90.0,13.0,59.0,/dl/web/weather/ic-w-02-new-clouds-full.svg,Huế,1.7958074923240663,0,0.7383206838203767,0
2025-06-06 15:00:00+07:00,90.0,14.8,62.0,/dl/web/weather/ic-w-02-new-clouds-full.svg,Huế,1.7958074923240663,0,1.0384671334580524,0
2025-06-06 16:00:00+07:00,90.0,16.7,62.0,/dl/web/weather/ic-w-02-new-clouds-full.svg,Huế,1.7958074923240663,0,1.3552883858533764,0
2025-06-06 17:00:00+07:00,90.0,14.8,58.0,/dl/web/weather/ic-w-02-new-clouds-full.svg,Huế,1.7958074923240663,0,1.0384671334580524,0
2025-06-06 18:00:00+07:00,90.0,7.4,62.0,/dl/web/weather/ic-w-02-new-clouds-full.svg,Huế,1.7958074923240663,0,-0.19546827060794705,0
2025-06-06 19:00:00+07:00,90.0,5.5,66.0,/dl/web/weather/ic-w-11-night-few-clouds-full.svg,Huế,1.7958074923240663,0,-0.5122895230032712,0
2025-06-06 20:00:00+07:00,90.0,7.4,70.0,/dl/web/weather/ic-w-11-night-few-clouds-full.svg,Huế,1.7958074923240663,0,-0.19546827060794705,0
2025-06-06 21:00:00+07:00,90.0,9.2,70.0,/dl/web/weather/ic-w-11-night-few-clouds-full.svg,Huế,1.7958074923240663,0,0.10467817902972831,0
2025-06-06 22:00:00+07:00,90.0,5.5,70.0,/dl/web/weather/ic-w-11-night-few-clouds-full.svg,Huế,1.7958074923240663,0,-0.5122895230032712,0
2025-06-06 23:00:00+07:00,62.0,5.5,66.0,/dl/web/weather/ic-w-11-night-few-clouds-full.svg,Huế,0.340983218684071,0,-0.5122895230032712,0
2025-06-07 00:00:00+07:00,62.0,7.4,66.0,/dl/web/weather/ic-w-11-night-few-clouds-full.svg,Huế,0.340983218684071,0,-0.19546827060794705,0
2025-06-07 01:00:00+07:00,62.0,5.5,66.0,/dl/web/weather/ic-w-11-night-few-clouds-full.svg,Huế,0.340983218684071,0,-0.5122895230032712,0
2025-06-07 02:00:00+07:00,61.0,5.5,66.0,/dl/web/weather/ic-w-11-night-few-clouds-full.svg,Huế,0.289025208911214,0,-0.5122895230032712,0
2025-06-07 03:00:00+07:00,61.0,3.7,78.0,/dl/web/weather/ic-w-11-night-few-clouds-full.svg,Huế,0.289025208911214,0,-0.8124359726409468,0
2025-06-07 04:00:00+07:00,61.0,3.7,78.0,/dl/web/weather/ic-w-11-night-few-clouds-full.svg,Huế,0.289025208911214,0,-0.8124359726409468,0
2025-06-07 05:00:00+07:00,61.0,3.7,78.0,/dl/web/weather/ic-w-11-night-few-clouds-full.svg,Huế,0.289025208911214,0,-0.8124359726409468,0
2025-06-07 06:00:00+07:00,61.0,3.7,78.0,/dl/web/weather/ic-w-11-night-few-clouds-full.svg,Huế,0.289025208911214,0,-0.8124359726409468,0
2025-06-07 07:00:00+07:00,61.0,5.5,74.0,/dl/web/weather/ic-w-02-new-clouds-full.svg,Huế,0.289025208911214,0,-0.5122895230032712,0
2025-06-07 08:00:00+07:00,64.0,3.7,66.0,/dl/web/weather/ic-w-02-new-clouds-full.svg,Huế,0.44489923822978494,0,-0.8124359726409468,0
2025-06-07 09:00:00+07:00,64.0,5.5,62.0,/dl/web/weather/ic-w-02-new-clouds-full.svg,Huế,0.44489923822978494,0,-0.5122895230032712,0
2025-06-07 10:00:00+07:00,64.0,7.4,59.0,/dl/web/weather/ic-w-02-new-clouds-full.svg,Huế,0.44489923822978494,0,-0.19546827060794705,0
2025-06-07 11:00:00+07:00,59.0,7.4,59.0,/dl/web/weather/ic-w-02-new-clouds-full.svg,Huế,0.18510918936550008,0,-0.19546827060794705,0
2025-06-07 12:00:00+07:00,59.0,13.0,59.0,/dl/web/weather/ic-w-02-new-clouds-full.svg,Huế,0.18510918936550008,0,0.7383206838203767,0
2025-06-07 13:00:00+07:00,59.0,13.0,52.0,/dl/web/weather/ic-w-02-new-clouds-full.svg,Huế,0.18510918936550008,0,0.7383206838203767,0
2025-06-07 14:00:00+07:00,59.0,16.7,55.0,/dl/web/weather/ic-w-02-new-clouds-full.svg,Huế,0.18510918936550008,0,1.3552883858533764,0
2025-06-07 15:00:00+07:00,59.0,16.7,55.0,/dl/web/weather/ic-w-02-new-clouds-full.svg,Huế,0.18510918936550008,0,1.3552883858533764,0
2025-06-07 16:00:00+07:00,59.0,18.5,52.0,/dl/web/weather/ic-w-02-new-clouds-full.svg,Huế,0.18510918936550008,0,1.655434835491052,0
2025-06-07 17:00:00+07:00,59.0,16.7,52.0,/dl/web/weather/ic-w-02-new-clouds-full.svg,Huế,0.18510918936550008,0,1.3552883858533764,0
2025-06-07 18:00:00+07:00,59.0,14.8,55.0,/dl/web/weather/ic-w-02-new-clouds-full.svg,Huế,0.18510918936550008,0,1.0384671334580524,0
2025-06-07 19:00:00+07:00,59.0,13.0,66.0,/dl/web/weather/ic-w-11-night-few-clouds-full.svg,Huế,0.18510918936550008,0,0.7383206838203767,0
2025-06-07 20:00:00+07:00,59.0,7.4,62.0,/dl/web/weather/ic-w-04-scattered-clouds-full.svg,Huế,0.18510918936550008,0,-0.19546827060794705,0
2025-06-07 21:00:00+07:00,59.0,7.4,62.0,/dl/web/weather/ic-w-04-scattered-clouds-full.svg,Huế,0.18510918936550008,0,-0.19546827060794705,0
2025-06-07 22:00:00+07:00,59.0,7.4,70.0,/dl/web/weather/ic-w-04-scattered-clouds-full.svg,Huế,0.18510918936550008,0,-0.19546827060794705,0
2025-06-07 23:00:00+07:00,63.0,7.4,70.0,/dl/web/weather/ic-w-04-scattered-clouds-full.svg,Huế,0.39294122845692797,0,-0.19546827060794705,0
2025-06-08 00:00:00+07:00,63.0,3.7,70.0,/dl/web/weather/ic-w-04-scattered-clouds-full.svg,Huế,0.39294122845692797,0,-0.8124359726409468,0
2025-06-08 01:00:00+07:00,63.0,3.7,70.0,/dl/web/weather/ic-w-04-scattered-clouds-full.svg,Huế,0.39294122845692797,0,-0.8124359726409468,0
2025-06-08 02:00:00+07:00,61.0,7.4,74.0,/dl/web/weather/ic-w-04-scattered-clouds-full.svg,Huế,0.289025208911214,0,-0.19546827060794705,0
2025-06-08 03:00:00+07:00,61.0,3.7,83.0,/dl/web/weather/ic-w-04-scattered-clouds-full.svg,Huế,0.289025208911214,0,-0.8124359726409468,0
2025-06-08 04:00:00+07:00,61.0,3.7,78.0,/dl/web/weather/ic-w-04-scattered-clouds-full.svg,Huế,0.289025208911214,0,-0.8124359726409468,0
2025-06-08 05:00:00+07:00,59.0,9.2,78.0,/dl/web/weather/ic-w-04-scattered-clouds-full.svg,Huế,0.18510918936550008,0,0.10467817902972831,0
2025-06-08 06:00:00+07:00,59.0,3.7,83.0,/dl/web/weather/ic-w-04-scattered-clouds-full.svg,Huế,0.18510918936550008,0,-0.8124359726409468,0
2025-06-08 07:00:00+07:00,59.0,5.5,74.0,/dl/web/weather/ic-w-02-new-clouds-full.svg,Huế,0.18510918936550008,0,-0.5122895230032712,0
2025-06-08 08:00:00+07:00,59.0,5.5,66.0,/dl/web/weather/ic-w-02-new-clouds-full.svg,Huế,0.18510918936550008,0,-0.5122895230032712,0
2025-06-08 09:00:00+07:00,59.0,5.5,62.0,/dl/web/weather/ic-w-02-new-clouds-full.svg,Huế,0.18510918936550008,0,-0.5122895230032712,0
2025-06-08 10:00:00+07:00,90.0,7.4,59.0,/dl/web/weather/ic-w-02-new-clouds-full.svg,Huế,1.7958074923240663,0,-0.19546827060794705,0
2025-06-08 11:00:00+07:00,57.0,7.4,49.0,/dl/web/weather/ic-w-02-new-clouds-full.svg,Huế,0.08119316981978612,0,-0.19546827060794705,0
2025-06-08 12:00:00+07:00,57.0,14.8,55.0,/dl/web/weather/ic-w-02-new-clouds-full.svg,Huế,0.08119316981978612,0,1.0384671334580524,0
2025-06-08 13:00:00+07:00,57.0,16.7,58.0,/dl/web/weather/ic-w-02-new-clouds-full.svg,Huế,0.08119316981978612,0,1.3552883858533764,0
2025-06-08 14:00:00+07:00,56.0,16.7,55.0,/dl/web/weather/ic-w-02-new-clouds-full.svg,Huế,0.02923516004692914,0,1.3552883858533764,0
2025-06-08 15:00:00+07:00,56.0,13.0,62.0,/dl/web/weather/ic-w-06-rain-full.svg,Huế,0.02923516004692914,0,0.7383206838203767,0
2025-06-08 16:00:00+07:00,56.0,9.2,55.0,/dl/web/weather/ic-w-06-rain-full.svg,Huế,0.02923516004692914,0,0.10467817902972831,0
2025-06-08 17:00:00+07:00,58.0,13.0,66.0,/dl/web/weather/ic-w-04-scattered-clouds-full.svg,Huế,0.13315117959264308,0,0.7383206838203767,0
2025-06-08 18:00:00+07:00,58.0,11.1,62.0,/dl/web/weather/ic-w-02-new-clouds-full.svg,Huế,0.13315117959264308,0,0.42149943142505253,0
2025-06-08 19:00:00+07:00,58.0,9.2,70.0,/dl/web/weather/ic-w-11-night-few-clouds-full.svg,Huế,0.13315117959264308,0,0.10467817902972831,0
2025-06-08 20:00:00+07:00,57.0,7.4,65.0,/dl/web/weather/ic-w-11-night-few-clouds-full.svg,Huế,0.08119316981978612,0,-0.19546827060794705,0
2025-06-08 21:00:00+07:00,57.0,7.4,65.0,/dl/web/weather/ic-w-11-night-few-clouds-full.svg,Huế,0.08119316981978612,0,-0.19546827060794705,0
2025-06-08 22:00:00+07:00,57.0,7.4,65.0,/dl/web/weather/ic-w-11-night-few-clouds-full.svg,Huế,0.08119316981978612,0,-0.19546827060794705,0
2025-06-08 23:00:00+07:00,56.0,5.5,69.0,/dl/web/weather/ic-w-11-night-few-clouds-full.svg,Huế,0.02923516004692914,0,-0.5122895230032712,0
2025-06-09 00:00:00+07:00,56.0,7.4,69.0,/dl/web/weather/ic-w-11-night-few-clouds-full.svg,Huế,0.02923516004692914,0,-0.19546827060794705,0
2025-06-09 01:00:00+07:00,56.0,5.5,74.0,/dl/web/weather/ic-w-11-night-few-clouds-full.svg,Huế,0.02923516004692914,0,-0.5122895230032712,0
2025-06-09 02:00:00+07:00,57.0,3.7,69.0,/dl/web/weather/ic-w-11-night-few-clouds-full.svg,Huế,0.08119316981978612,0,-0.8124359726409468,0
2025-06-09 03:00:00+07:00,57.0,7.4,74.0,/dl/web/weather/ic-w-11-night-few-clouds-full.svg,Huế,0.08119316981978612,0,-0.19546827060794705,0
2025-06-09 04:00:00+07:00,57.0,5.5,69.0,/dl/web/weather/ic-w-11-night-few-clouds-full.svg,Huế,0.08119316981978612,0,-0.5122895230032712,0
2025-06-09 05:00:00+07:00,56.0,5.5,69.0,/dl/web/weather/ic-w-11-night-few-clouds-full.svg,Huế,0.02923516004692914,0,-0.5122895230032712,0
2025-06-09 06:00:00+07:00,56.0,3.7,74.0,/dl/web/weather/ic-w-02-new-clouds-full.svg,Huế,0.02923516004692914,0,-0.8124359726409468,0
2025-06-09 07:00:00+07:00,56.0,1.8,65.0,/dl/web/weather/ic-w-02-new-clouds-full.svg,Huế,0.02923516004692914,0,-1.1292572250362711,0
2025-06-09 08:00:00+07:00,58.0,5.5,58.0,/dl/web/weather/ic-w-02-new-clouds-full.svg,Huế,0.13315117959264308,0,-0.5122895230032712,0
2025-06-09 09:00:00+07:00,58.0,5.5,52.0,/dl/web/weather/ic-w-02-new-clouds-full.svg,Huế,0.13315117959264308,0,-0.5122895230032712,0
2025-06-09 10:00:00+07:00,58.0,5.5,55.0,/dl/web/weather/ic-w-02-new-clouds-full.svg,Huế,0.13315117959264308,0,-0.5122895230032712,0
2025-06-09 11:00:00+07:00,58.0,7.4,49.0,/dl/web/weather/ic-w-02-new-clouds-full.svg,Huế,0.13315117959264308,0,-0.19546827060794705,0
2025-06-09 12:00:00+07:00,58.0,9.2,49.0,/dl/web/weather/ic-w-02-new-clouds-full.svg,Huế,0.13315117959264308,0,0.10467817902972831,0
2025-06-09 13:00:00+07:00,58.0,16.7,52.0,/dl/web/weather/ic-w-02-new-clouds-full.svg,Huế,0.13315117959264308,0,1.3552883858533764,0
2025-06-09 14:00:00+07:00,57.0,16.7,52.0,/dl/web/weather/ic-w-06-rain-full.svg,Huế,0.08119316981978612,0,1.3552883858533764,0
2025-06-09 15:00:00+07:00,57.0,16.7,46.0,/dl/web/weather/ic-w-02-new-clouds-full.svg,Huế,0.08119316981978612,0,1.3552883858533764,0
2025-06-09 16:00:00+07:00,57.0,14.8,52.0,/dl/web/weather/ic-w-02-new-clouds-full.svg,Huế,0.08119316981978612,0,1.0384671334580524,0
2025-06-09 17:00:00+07:00,59.0,16.7,55.0,/dl/web/weather/ic-w-02-new-clouds-full.svg,Huế,0.18510918936550008,0,1.3552883858533764,0
2025-06-09 18:00:00+07:00,59.0,7.4,55.0,/dl/web/weather/ic-w-02-new-clouds-full.svg,Huế,0.18510918936550008,0,-0.19546827060794705,0
2025-06-09 19:00:00+07:00,59.0,5.5,58.0,/dl/web/weather/ic-w-11-night-few-clouds-full.svg,Huế,0.18510918936550008,0,-0.5122895230032712,0
2025-06-09 20:00:00+07:00,62.0,5.5,66.0,/dl/web/weather/ic-w-11-night-few-clouds-full.svg,Huế,0.340983218684071,0,-0.5122895230032712,0
2025-06-09 21:00:00+07:00,62.0,3.7,66.0,/dl/web/weather/ic-w-04-scattered-clouds-full.svg,Huế,0.340983218684071,0,-0.8124359726409468,0
2025-06-09 22:00:00+07:00,62.0,5.5,70.0,/dl/web/weather/ic-w-04-scattered-clouds-full.svg,Huế,0.340983218684071,0,-0.5122895230032712,0
2025-06-09 23:00:00+07:00,66.0,7.4,74.0,/dl/web/weather/ic-w-04-scattered-clouds-full.svg,Huế,0.5488152577754989,0,-0.19546827060794705,0
2025-06-10 00:00:00+07:00,66.0,3.7,74.0,/dl/web/weather/ic-w-04-scattered-clouds-full.svg,Huế,0.5488152577754989,0,-0.8124359726409468,0
2025-06-10 01:00:00+07:00,66.0,1.8,78.0,/dl/web/weather/ic-w-04-scattered-clouds-full.svg,Huế,0.5488152577754989,0,-1.1292572250362711,0
2025-06-10 02:00:00+07:00,64.0,1.8,78.0,/dl/web/weather/ic-w-04-scattered-clouds-full.svg,Huế,0.44489923822978494,0,-1.1292572250362711,0
2025-06-10 03:00:00+07:00,64.0,7.4,78.0,/dl/web/weather/ic-w-04-scattered-clouds-full.svg,Huế,0.44489923822978494,0,-0.19546827060794705,0
2025-06-10 04:00:00+07:00,64.0,5.5,83.0,/dl/web/weather/ic-w-04-scattered-clouds-full.svg,Huế,0.44489923822978494,0,-0.5122895230032712,0
2025-06-10 05:00:00+07:00,61.0,5.5,74.0,/dl/web/weather/ic-w-04-scattered-clouds-full.svg,Huế,0.289025208911214,0,-0.5122895230032712,0
2025-06-10 06:00:00+07:00,61.0,9.2,74.0,/dl/web/weather/ic-w-04-scattered-clouds-full.svg,Huế,0.289025208911214,0,0.10467817902972831,0
2025-06-10 07:00:00+07:00,61.0,3.7,74.0,/dl/web/weather/ic-w-02-new-clouds-full.svg,Huế,0.289025208911214,0,-0.8124359726409468,0
2025-06-10 08:00:00+07:00,58.0,5.5,62.0,/dl/web/weather/ic-w-02-new-clouds-full.svg,Huế,0.13315117959264308,0,-0.5122895230032712,0
2025-06-10 09:00:00+07:00,58.0,5.5,58.0,/dl/web/weather/ic-w-02-new-clouds-full.svg,Huế,0.13315117959264308,0,-0.5122895230032712,0
2025-06-10 10:00:00+07:00,58.0,9.2,62.0,/dl/web/weather/ic-w-02-new-clouds-full.svg,Huế,0.13315117959264308,0,0.10467817902972831,0
2025-06-10 11:00:00+07:00,56.0,11.1,62.0,/dl/web/weather/ic-w-02-new-clouds-full.svg,Huế,0.02923516004692914,0,0.42149943142505253,0
2025-06-10 12:00:00+07:00,56.0,5.5,58.0,/dl/web/weather/ic-w-04-scattered-clouds-full.svg,Huế,0.02923516004692914,0,-0.5122895230032712,0
2025-06-10 13:00:00+07:00,56.0,13.0,70.0,/dl/web/weather/ic-w-06-rain-full.svg,Huế,0.02923516004692914,0,0.7383206838203767,0
2025-06-10 14:00:00+07:00,57.0,5.5,70.0,/dl/web/weather/ic-w-06-rain-full.svg,Huế,0.08119316981978612,0,-0.5122895230032712,0
2025-06-10 15:00:00+07:00,57.0,7.4,66.0,/dl/web/weather/ic-w-04-scattered-clouds-full.svg,Huế,0.08119316981978612,0,-0.19546827060794705,0
2025-06-10 16:00:00+07:00,57.0,5.5,70.0,/dl/web/weather/ic-w-06-rain-full.svg,Huế,0.08119316981978612,0,-0.5122895230032712,0
2025-06-10 17:00:00+07:00,32.0,7.4,74.0,/dl/web/weather/ic-w-04-scattered-clouds-full.svg,Huế,-1.2177570745016384,0,-0.19546827060794705,0
2025-06-10 18:00:00+07:00,34.0,9.2,74.0,/dl/web/weather/ic-w-04-scattered-clouds-full.svg,Huế,-1.1138410549559243,0,0.10467817902972831,0
2025-06-10 19:00:00+07:00,34.0,5.5,74.0,/dl/web/weather/ic-w-12-night-rain-full.svg,Huế,-1.1138410549559243,0,-0.5122895230032712,0
2025-06-10 20:00:00+07:00,41.0,9.2,74.0,/dl/web/weather/ic-w-04-scattered-clouds-full.svg,Huế,-0.7501349865459255,0,0.10467817902972831,0
2025-06-10 21:00:00+07:00,43.0,7.4,79.0,/dl/web/weather/ic-w-12-night-rain-full.svg,Huế,-0.6462189670002115,0,-0.19546827060794705,0
2025-06-10 22:00:00+07:00,43.0,3.7,83.0,/dl/web/weather/ic-w-06-rain-full.svg,Huế,-0.6462189670002115,0,-0.8124359726409468,0
2025-06-10 23:00:00+07:00,40.0,13.0,89.0,/dl/web/weather/ic-w-12-night-rain-full.svg,Huế,-0.8020929963187825,0,0.7383206838203767,0
2025-06-11 00:00:00+07:00,39.0,9.2,89.0,/dl/web/weather/ic-w-07-thunderstorms-full.svg,Huế,-0.8540510060916394,0,0.10467817902972831,0
2025-06-11 01:00:00+07:00,39.0,9.2,94.0,/dl/web/weather/ic-w-12-night-rain-full.svg,Huế,-0.8540510060916394,0,0.10467817902972831,0
2025-06-11 02:00:00+07:00,39.0,16.7,94.0,/dl/web/weather/ic-w-12-night-rain-full.svg,Huế,-0.8540510060916394,0,1.3552883858533764,0
2025-06-11 03:00:00+07:00,39.0,13.0,83.0,/dl/web/weather/ic-w-04-scattered-clouds-full.svg,Huế,-0.8540510060916394,0,0.7383206838203767,0
2025-06-11 04:00:00+07:00,40.0,13.0,88.0,/dl/web/weather/ic-w-12-night-rain-full.svg,Huế,-0.8020929963187825,0,0.7383206838203767,0
2025-06-11 05:00:00+07:00,39.0,13.0,88.0,/dl/web/weather/ic-w-12-night-rain-full.svg,Huế,-0.8540510060916394,0,0.7383206838203767,0
2025-06-11 06:00:00+07:00,39.0,9.2,94.0,/dl/web/weather/ic-w-07-thunderstorms-full.svg,Huế,-0.8540510060916394,0,0.10467817902972831,0
2025-06-11 07:00:00+07:00,39.0,14.8,88.0,/dl/web/weather/ic-w-06-rain-full.svg,Huế,-0.8540510060916394,0,1.0384671334580524,0
2025-06-11 08:00:00+07:00,40.0,22.2,89.0,/dl/web/weather/ic-w-06-rain-full.svg,Huế,-0.8020929963187825,0,2.2724025375240515,0
2025-06-11 09:00:00+07:00,52.0,14.8,83.0,/dl/web/weather/ic-w-06-rain-full.svg,Huế,-0.17859687904449875,0,1.0384671334580524,0
2025-06-11 10:00:00+07:00,52.0,16.7,83.0,/dl/web/weather/ic-w-06-rain-full.svg,Huế,-0.17859687904449875,0,1.3552883858533764,0
2025-06-11 11:00:00+07:00,52.0,24.1,78.0,/dl/web/weather/ic-w-06-rain-full.svg,Huế,-0.17859687904449875,0,2.589223789919376,0
2025-06-11 12:00:00+07:00,42.0,20.4,83.0,/dl/web/weather/ic-w-06-rain-full.svg,Huế,-0.6981769767730686,0,1.972256087886376,0
2025-06-11 13:00:00+07:00,40.0,18.5,89.0,/dl/web/weather/ic-w-06-rain-full.svg,Huế,-0.8020929963187825,0,1.655434835491052,0
2025-06-11 14:00:00+07:00,40.0,13.0,89.0,/dl/web/weather/ic-w-06-rain-full.svg,Huế,-0.8020929963187825,0,0.7383206838203767,0
2025-06-11 15:00:00+07:00,39.0,14.8,94.0,/dl/web/weather/ic-w-06-rain-full.svg,Huế,-0.8540510060916394,0,1.0384671334580524,0
2025-06-11 16:00:00+07:00,40.0,22.2,94.0,/dl/web/weather/ic-w-06-rain-full.svg,Huế,-0.8020929963187825,0,2.2724025375240515,0
2025-06-11 17:00:00+07:00,41.0,24.1,89.0,/dl/web/weather/ic-w-06-rain-full.svg,Huế,-0.7501349865459255,0,2.589223789919376,0
2025-06-11 18:00:00+07:00,52.0,24.1,89.0,/dl/web/weather/ic-w-06-rain-full.svg,Huế,-0.17859687904449875,0,2.589223789919376,0
2025-06-11 19:00:00+07:00,56.0,22.2,94.0,/dl/web/weather/ic-w-07-thunderstorms-full.svg,Huế,0.02923516004692914,0,2.2724025375240515,0
2025-06-11 20:00:00+07:00,55.0,29.6,94.0,/dl/web/weather/ic-w-07-thunderstorms-full.svg,Huế,-0.022722849725927835,0,3.506337941590051,-1
2025-06-11 21:00:00+07:00,54.0,25.9,100.0,/dl/web/weather/ic-w-07-thunderstorms-full.svg,Huế,-0.07468085949878481,0,2.889370239557051,0
2025-06-11 22:00:00+07:00,53.0,20.4,100.0,/dl/web/weather/ic-w-07-thunderstorms-full.svg,Huế,-0.12663886927164178,0,1.972256087886376,0
2025-06-11 23:00:00+07:00,51.0,25.9,94.0,/dl/web/weather/ic-w-07-thunderstorms-full.svg,Huế,-0.23055488881735575,0,2.889370239557051,0
2025-06-12 00:00:00+07:00,49.0,33.3,89.0,/dl/web/weather/ic-w-07-thunderstorms-full.svg,Huế,-0.3344709083630697,0,4.12330564362305,-1
2025-06-12 01:00:00+07:00,41.0,33.3,89.0,/dl/web/weather/ic-w-12-night-rain-full.svg,Huế,-0.7501349865459255,0,4.12330564362305,-1
2025-06-12 02:00:00+07:00,40.0,33.3,89.0,/dl/web/weather/ic-w-12-night-rain-full.svg,Huế,-0.8020929963187825,0,4.12330564362305,-1
2025-06-12 03:00:00+07:00,39.0,35.2,89.0,/dl/web/weather/ic-w-06-rain-full.svg,Huế,-0.8540510060916394,0,4.440126896018375,-1
2025-06-12 04:00:00+07:00,40.0,35.2,94.0,/dl/web/weather/ic-w-06-rain-full.svg,Huế,-0.8020929963187825,0,4.440126896018375,-1
2025-06-12 05:00:00+07:00,40.0,27.8,94.0,/dl/web/weather/ic-w-06-rain-full.svg,Huế,-0.8020929963187825,0,3.206191491952376,-1
2025-06-12 06:00:00+07:00,40.0,27.8,94.0,/dl/web/weather/ic-w-06-rain-full.svg,Huế,-0.8020929963187825,0,3.206191491952376,-1
2025-06-12 07:00:00+07:00,40.0,24.1,94.0,/dl/web/weather/ic-w-06-rain-full.svg,Huế,-0.8020929963187825,0,2.589223789919376,0
2025-06-12 08:00:00+07:00,40.0,27.8,94.0,/dl/web/weather/ic-w-06-rain-full.svg,Huế,-0.8020929963187825,0,3.206191491952376,-1
2025-06-12 09:00:00+07:00,40.0,22.2,89.0,/dl/web/weather/ic-w-06-rain-full.svg,Huế,-0.8020929963187825,0,2.2724025375240515,0
2025-06-12 10:00:00+07:00,41.0,25.9,94.0,/dl/web/weather/ic-w-06-rain-full.svg,Huế,-0.7501349865459255,0,2.889370239557051,0
2025-06-12 11:00:00+07:00,41.0,25.9,94.0,/dl/web/weather/ic-w-06-rain-full.svg,Huế,-0.7501349865459255,0,2.889370239557051,0
2025-06-12 12:00:00+07:00,43.0,18.5,94.0,/dl/web/weather/ic-w-06-rain-full.svg,Huế,-0.6462189670002115,0,1.655434835491052,0
2025-06-12 13:00:00+07:00,40.0,27.8,94.0,/dl/web/weather/ic-w-06-rain-full.svg,Huế,-0.8020929963187825,0,3.206191491952376,-1
2025-06-12 14:00:00+07:00,39.0,31.5,94.0,/dl/web/weather/ic-w-06-rain-full.svg,Huế,-0.8540510060916394,0,3.8231591939853753,-1
2025-06-12 15:00:00+07:00,40.0,38.9,94.0,/dl/web/weather/ic-w-06-rain-full.svg,Huế,-0.8020929963187825,0,5.057094598051374,-1
2025-06-12 16:00:00+07:00,40.0,33.3,94.0,/dl/web/weather/ic-w-06-rain-full.svg,Huế,-0.8020929963187825,0,4.12330564362305,-1
2025-06-12 17:00:00+07:00,39.0,33.3,100.0,/dl/web/weather/ic-w-06-rain-full.svg,Huế,-0.8540510060916394,0,4.12330564362305,-1
2025-06-12 18:00:00+07:00,40.0,35.2,94.0,/dl/web/weather/ic-w-06-rain-full.svg,Huế,-0.8020929963187825,0,4.440126896018375,-1
2025-06-12 19:00:00+07:00,40.0,22.2,100.0,/dl/web/weather/ic-w-06-rain-full.svg,Huế,-0.8020929963187825,0,2.2724025375240515,0
2025-06-12 20:00:00+07:00,41.0,29.6,100.0,/dl/web/weather/ic-w-06-rain-full.svg,Huế,-0.7501349865459255,0,3.506337941590051,-1
2025-06-12 21:00:00+07:00,41.0,27.8,100.0,/dl/web/weather/ic-w-06-rain-full.svg,Huế,-0.7501349865459255,0,3.206191491952376,-1
2025-06-12 22:00:00+07:00,43.0,24.1,100.0,/dl/web/weather/ic-w-07-thunderstorms-full.svg,Huế,-0.6462189670002115,0,2.589223789919376,0
2025-06-12 23:00:00+07:00,40.0,14.8,100.0,/dl/web/weather/ic-w-06-rain-full.svg,Huế,-0.8020929963187825,0,1.0384671334580524,0
2025-06-13 00:00:00+07:00,40.0,16.7,94.0,/dl/web/weather/ic-w-06-rain-full.svg,Huế,-0.8020929963187825,0,1.3552883858533764,0
2025-06-13 01:00:00+07:00,40.0,16.7,88.0,/dl/web/weather/ic-w-12-night-rain-full.svg,Huế,-0.8020929963187825,0,1.3552883858533764,0
2025-06-13 02:00:00+07:00,39.0,22.2,88.0,/dl/web/weather/ic-w-12-night-rain-full.svg,Huế,-0.8540510060916394,0,2.2724025375240515,0
2025-06-13 03:00:00+07:00,39.0,13.0,88.0,/dl/web/weather/ic-w-12-night-rain-full.svg,Huế,-0.8540510060916394,0,0.7383206838203767,0
2025-06-13 04:00:00+07:00,40.0,11.1,88.0,/dl/web/weather/ic-w-12-night-rain-full.svg,Huế,-0.8020929963187825,0,0.42149943142505253,0
2025-06-13 05:00:00+07:00,40.0,11.1,88.0,/dl/web/weather/ic-w-12-night-rain-full.svg,Huế,-0.8020929963187825,0,0.42149943142505253,0
2025-06-13 06:00:00+07:00,40.0,11.1,94.0,/dl/web/weather/ic-w-06-rain-full.svg,Huế,-0.8020929963187825,0,0.42149943142505253,0
2025-06-13 07:00:00+07:00,40.0,9.2,94.0,/dl/web/weather/ic-w-06-rain-full.svg,Huế,-0.8020929963187825,0,0.10467817902972831,0
2025-06-13 08:00:00+07:00,40.0,5.5,88.0,/dl/web/weather/ic-w-06-rain-full.svg,Huế,-0.8020929963187825,0,-0.5122895230032712,0
2025-06-13 09:00:00+07:00,41.0,3.7,88.0,/dl/web/weather/ic-w-06-rain-full.svg,Huế,-0.7501349865459255,0,-0.8124359726409468,0
2025-06-13 10:00:00+07:00,43.0,7.4,78.0,/dl/web/weather/ic-w-06-rain-full.svg,Huế,-0.6462189670002115,0,-0.19546827060794705,0
2025-06-13 11:00:00+07:00,43.0,7.4,89.0,/dl/web/weather/ic-w-06-rain-full.svg,Huế,-0.6462189670002115,0,-0.19546827060794705,0
2025-06-13 12:00:00+07:00,43.0,9.2,89.0,/dl/web/weather/ic-w-06-rain-full.svg,Huế,-0.6462189670002115,0,0.10467817902972831,0
2025-06-13 13:00:00+07:00,40.0,13.0,88.0,/dl/web/weather/ic-w-06-rain-full.svg,Huế,-0.8020929963187825,0,0.7383206838203767,0
2025-06-13 14:00:00+07:00,40.0,9.2,88.0,/dl/web/weather/ic-w-06-rain-full.svg,Huế,-0.8020929963187825,0,0.10467817902972831,0
2025-06-13 15:00:00+07:00,40.0,5.5,88.0,/dl/web/weather/ic-w-06-rain-full.svg,Huế,-0.8020929963187825,0,-0.5122895230032712,0
2025-06-13 16:00:00+07:00,40.0,9.2,94.0,/dl/web/weather/ic-w-06-rain-full.svg,Huế,-0.8020929963187825,0,0.10467817902972831,0
2025-06-13 17:00:00+07:00,41.0,9.2,94.0,/dl/web/weather/ic-w-06-rain-full.svg,Huế,-0.7501349865459255,0,0.10467817902972831,0
2025-06-13 18:00:00+07:00,41.0,3.1,96.0,/dl/web/weather/ic-w-06-rain-full.svg,Huế,-0.7501349865459255,0,-0.9124847891868387,0
2025-06-13 19:00:00+07:00,44.0,7.4,94.0,/dl/web/weather/ic-w-12-night-rain-full.svg,Huế,-0.5942609572273546,0,-0.19546827060794705,0
2025-06-13 20:00:00+07:00,44.0,7.4,94.0,/dl/web/weather/ic-w-12-night-rain-full.svg,Huế,-0.5942609572273546,0,-0.19546827060794705,0
2025-06-13 21:00:00+07:00,44.0,5.5,94.0,/dl/web/weather/ic-w-12-night-rain-full.svg,Huế,-0.5942609572273546,0,-0.5122895230032712,0
2025-06-13 22:00:00+07:00,46.0,1.8,94.0,/dl/web/weather/ic-w-12-night-rain-full.svg,Huế,-0.4903449376816406,0,-1.1292572250362711,0
2025-06-13 23:00:00+07:00,46.0,7.4,94.0,/dl/web/weather/ic-w-12-night-rain-full.svg,Huế,-0.4903449376816406,0,-0.19546827060794705,0
2025-06-14 00:00:00+07:00,46.0,5.5,94.0,/dl/web/weather/ic-w-12-night-rain-full.svg,Huế,-0.4903449376816406,0,-0.5122895230032712,0
2025-06-14 01:00:00+07:00,46.0,3.7,88.0,/dl/web/weather/ic-w-12-night-rain-full.svg,Huế,-0.4903449376816406,0,-0.8124359726409468,0
2025-06-14 02:00:00+07:00,43.0,1.8,94.0,/dl/web/weather/ic-w-12-night-rain-full.svg,Huế,-0.6462189670002115,0,-1.1292572250362711,0
2025-06-14 03:00:00+07:00,43.0,1.8,94.0,/dl/web/weather/ic-w-04-scattered-clouds-full.svg,Huế,-0.6462189670002115,0,-1.1292572250362711,0
2025-06-14 04:00:00+07:00,44.0,1.8,94.0,/dl/web/weather/ic-w-12-night-rain-full.svg,Huế,-0.5942609572273546,0,-1.1292572250362711,0
2025-06-14 05:00:00+07:00,43.0,5.5,94.0,/dl/web/weather/ic-w-12-night-rain-full.svg,Huế,-0.6462189670002115,0,-0.5122895230032712,0
2025-06-14 06:00:00+07:00,43.0,3.7,88.0,/dl/web/weather/ic-w-06-rain-full.svg,Huế,-0.6462189670002115,0,-0.8124359726409468,0
2025-06-14 07:00:00+07:00,48.0,5.5,88.0,/dl/web/weather/ic-w-06-rain-full.svg,Huế,-0.38642891813592667,0,-0.5122895230032712,0
2025-06-14 08:00:00+07:00,44.0,7.4,83.0,/dl/web/weather/ic-w-06-rain-full.svg,Huế,-0.5942609572273546,0,-0.19546827060794705,0
2025-06-14 09:00:00+07:00,44.0,3.7,78.0,/dl/web/weather/ic-w-06-rain-full.svg,Huế,-0.5942609572273546,0,-0.8124359726409468,0
2025-06-14 10:00:00+07:00,44.0,7.4,74.0,/dl/web/weather/ic-w-06-rain-full.svg,Huế,-0.5942609572273546,0,-0.19546827060794705,0
2025-06-14 11:00:00+07:00,44.0,7.4,70.0,/dl/web/weather/ic-w-04-scattered-clouds-full.svg,Huế,-0.5942609572273546,0,-0.19546827060794705,0
2025-06-14 12:00:00+07:00,46.0,9.2,55.0,/dl/web/weather/ic-w-04-scattered-clouds-full.svg,Huế,-0.4903449376816406,0,0.10467817902972831,0
2025-06-14 13:00:00+07:00,43.0,5.5,62.0,/dl/web/weather/ic-w-06-rain-full.svg,Huế,-0.6462189670002115,0,-0.5122895230032712,0
2025-06-14 14:00:00+07:00,41.0,5.5,55.0,/dl/web/weather/ic-w-04-scattered-clouds-full.svg,Huế,-0.7501349865459255,0,-0.5122895230032712,0
2025-06-14 15:00:00+07:00,41.0,5.5,55.0,/dl/web/weather/ic-w-04-scattered-clouds-full.svg,Huế,-0.7501349865459255,0,-0.5122895230032712,0
2025-06-14 16:00:00+07:00,41.0,11.1,55.0,/dl/web/weather/ic-w-06-rain-full.svg,Huế,-0.7501349865459255,0,0.42149943142505253,0
2025-06-14 17:00:00+07:00,41.0,9.2,62.0,/dl/web/weather/ic-w-04-scattered-clouds-full.svg,Huế,-0.7501349865459255,0,0.10467817902972831,0
2025-06-14 18:00:00+07:00,41.0,9.2,74.0,/dl/web/weather/ic-w-04-scattered-clouds-full.svg,Huế,-0.7501349865459255,0,0.10467817902972831,0
2025-06-14 19:00:00+07:00,41.0,7.4,84.0,/dl/web/weather/ic-w-04-scattered-clouds-full.svg,Huế,-0.7501349865459255,0,-0.19546827060794705,0
2025-06-14 20:00:00+07:00,43.0,9.2,84.0,/dl/web/weather/ic-w-04-scattered-clouds-full.svg,Huế,-0.6462189670002115,0,0.10467817902972831,0
2025-06-14 21:00:00+07:00,44.0,7.4,78.0,/dl/web/weather/ic-w-04-scattered-clouds-full.svg,Huế,-0.5942609572273546,0,-0.19546827060794705,0
2025-06-14 22:00:00+07:00,44.0,5.5,89.0,/dl/web/weather/ic-w-04-scattered-clouds-full.svg,Huế,-0.5942609572273546,0,-0.5122895230032712,0
2025-06-14 23:00:00+07:00,43.0,5.5,89.0,/dl/web/weather/ic-w-04-scattered-clouds-full.svg,Huế,-0.6462189670002115,0,-0.5122895230032712,0
2025-06-15 00:00:00+07:00,41.0,1.8,74.0,/dl/web/weather/ic-w-11-night-few-clouds-full.svg,Huế,-0.7501349865459255,0,-1.1292572250362711,0
2025-06-15 01:00:00+07:00,41.0,5.5,62.0,/dl/web/weather/ic-w-11-night-few-clouds-full.svg,Huế,-0.7501349865459255,0,-0.5122895230032712,0
2025-06-15 02:00:00+07:00,41.0,5.5,62.0,/dl/web/weather/ic-w-11-night-few-clouds-full.svg,Huế,-0.7501349865459255,0,-0.5122895230032712,0
2025-06-15 03:00:00+07:00,41.0,3.7,65.0,/dl/web/weather/ic-w-11-night-few-clouds-full.svg,Huế,-0.7501349865459255,0,-0.8124359726409468,0
2025-06-15 04:00:00+07:00,43.0,5.5,65.0,/dl/web/weather/ic-w-11-night-few-clouds-full.svg,Huế,-0.6462189670002115,0,-0.5122895230032712,0
2025-06-15 05:00:00+07:00,41.0,5.5,65.0,/dl/web/weather/ic-w-11-night-few-clouds-full.svg,Huế,-0.7501349865459255,0,-0.5122895230032712,0
2025-06-15 06:00:00+07:00,41.0,5.5,65.0,/dl/web/weather/ic-w-02-new-clouds-full.svg,Huế,-0.7501349865459255,0,-0.5122895230032712,0
2025-06-15 07:00:00+07:00,43.0,3.7,74.0,/dl/web/weather/ic-w-02-new-clouds-full.svg,Huế,-0.6462189670002115,0,-0.8124359726409468,0
2025-06-15 08:00:00+07:00,43.0,5.5,74.0,/dl/web/weather/ic-w-02-new-clouds-full.svg,Huế,-0.6462189670002115,0,-0.5122895230032712,0
2025-06-15 09:00:00+07:00,43.0,7.4,70.0,/dl/web/weather/ic-w-02-new-clouds-full.svg,Huế,-0.6462189670002115,0,-0.19546827060794705,0
2025-06-15 10:00:00+07:00,44.0,5.5,66.0,/dl/web/weather/ic-w-02-new-clouds-full.svg,Huế,-0.5942609572273546,0,-0.5122895230032712,0
2025-06-15 11:00:00+07:00,44.0,5.5,58.0,/dl/web/weather/ic-w-02-new-clouds-full.svg,Huế,-0.5942609572273546,0,-0.5122895230032712,0
2025-06-15 12:00:00+07:00,46.0,7.4,58.0,/dl/web/weather/ic-w-02-new-clouds-full.svg,Huế,-0.4903449376816406,0,-0.19546827060794705,0
2025-06-15 13:00:00+07:00,43.0,7.4,55.0,/dl/web/weather/ic-w-02-new-clouds-full.svg,Huế,-0.6462189670002115,0,-0.19546827060794705,0
2025-06-15 14:00:00+07:00,41.0,9.2,59.0,/dl/web/weather/ic-w-02-new-clouds-full.svg,Huế,-0.7501349865459255,0,0.10467817902972831,0
2025-06-15 15:00:00+07:00,41.0,11.1,66.0,/dl/web/weather/ic-w-02-new-clouds-full.svg,Huế,-0.7501349865459255,0,0.42149943142505253,0
2025-06-15 16:00:00+07:00,41.0,16.7,62.0,/dl/web/weather/ic-w-02-new-clouds-full.svg,Huế,-0.7501349865459255,0,1.3552883858533764,0
2025-06-15 17:00:00+07:00,41.0,14.8,66.0,/dl/web/weather/ic-w-02-new-clouds-full.svg,Huế,-0.7501349865459255,0,1.0384671334580524,0
2025-06-15 18:00:00+07:00,41.0,11.1,66.0,/dl/web/weather/ic-w-02-new-clouds-full.svg,Huế,-0.7501349865459255,0,0.42149943142505253,0
2025-06-15 19:00:00+07:00,41.0,5.5,70.0,/dl/web/weather/ic-w-11-night-few-clouds-full.svg,Huế,-0.7501349865459255,0,-0.5122895230032712,0
2025-06-15 20:00:00+07:00,41.0,7.4,74.0,/dl/web/weather/ic-w-11-night-few-clouds-full.svg,Huế,-0.7501349865459255,0,-0.19546827060794705,0
2025-06-15 21:00:00+07:00,41.0,7.4,74.0,/dl/web/weather/ic-w-11-night-few-clouds-full.svg,Huế,-0.7501349865459255,0,-0.19546827060794705,0
2025-06-15 22:00:00+07:00,44.0,3.7,84.0,/dl/web/weather/ic-w-11-night-few-clouds-full.svg,Huế,-0.5942609572273546,0,-0.8124359726409468,0
2025-06-15 23:00:00+07:00,41.0,3.7,84.0,/dl/web/weather/ic-w-11-night-few-clouds-full.svg,Huế,-0.7501349865459255,0,-0.8124359726409468,0
2025-06-16 00:00:00+07:00,41.0,5.5,89.0,/dl/web/weather/ic-w-11-night-few-clouds-full.svg,Huế,-0.7501349865459255,0,-0.5122895230032712,0
2025-06-16 01:00:00+07:00,41.0,3.7,74.0,/dl/web/weather/ic-w-11-night-few-clouds-full.svg,Huế,-0.7501349865459255,0,-0.8124359726409468,0
2025-06-16 02:00:00+07:00,41.0,1.8,83.0,/dl/web/weather/ic-w-11-night-few-clouds-full.svg,Huế,-0.7501349865459255,0,-1.1292572250362711,0
2025-06-16 03:00:00+07:00,41.0,3.7,89.0,/dl/web/weather/ic-w-11-night-few-clouds-full.svg,Huế,-0.7501349865459255,0,-0.8124359726409468,0
2025-06-16 04:00:00+07:00,43.0,5.5,83.0,/dl/web/weather/ic-w-11-night-few-clouds-full.svg,Huế,-0.6462189670002115,0,-0.5122895230032712,0
2025-06-16 05:00:00+07:00,41.0,5.5,83.0,/dl/web/weather/ic-w-11-night-few-clouds-full.svg,Huế,-0.7501349865459255,0,-0.5122895230032712,0
2025-06-16 06:00:00+07:00,41.0,7.4,83.0,/dl/web/weather/ic-w-02-new-clouds-full.svg,Huế,-0.7501349865459255,0,-0.19546827060794705,0
2025-06-16 07:00:00+07:00,43.0,3.7,78.0,/dl/web/weather/ic-w-02-new-clouds-full.svg,Huế,-0.6462189670002115,0,-0.8124359726409468,0
2025-06-16 08:00:00+07:00,41.0,5.5,70.0,/dl/web/weather/ic-w-02-new-clouds-full.svg,Huế,-0.7501349865459255,0,-0.5122895230032712,0
2025-06-16 09:00:00+07:00,43.0,3.7,55.0,/dl/web/weather/ic-w-02-new-clouds-full.svg,Huế,-0.6462189670002115,0,-0.8124359726409468,0
2025-06-16 10:00:00+07:00,44.0,5.5,52.0,/dl/web/weather/ic-w-02-new-clouds-full.svg,Huế,-0.5942609572273546,0,-0.5122895230032712,0
2025-06-16 11:00:00+07:00,44.0,9.2,52.0,/dl/web/weather/ic-w-02-new-clouds-full.svg,Huế,-0.5942609572273546,0,0.10467817902972831,0
2025-06-16 12:00:00+07:00,44.0,7.4,46.0,/dl/web/weather/ic-w-02-new-clouds-full.svg,Huế,-0.5942609572273546,0,-0.19546827060794705,0
2025-06-16 13:00:00+07:00,43.0,13.0,52.0,/dl/web/weather/ic-w-02-new-clouds-full.svg,Huế,-0.6462189670002115,0,0.7383206838203767,0
2025-06-16 14:00:00+07:00,41.0,14.8,55.0,/dl/web/weather/ic-w-02-new-clouds-full.svg,Huế,-0.7501349865459255,0,1.0384671334580524,0
2025-06-16 15:00:00+07:00,40.0,14.8,59.0,/dl/web/weather/ic-w-02-new-clouds-full.svg,Huế,-0.8020929963187825,0,1.0384671334580524,0
2025-06-16 16:00:00+07:00,40.0,13.0,59.0,/dl/web/weather/ic-w-02-new-clouds-full.svg,Huế,-0.8020929963187825,0,0.7383206838203767,0
2025-06-16 17:00:00+07:00,40.0,13.0,62.0,/dl/web/weather/ic-w-04-scattered-clouds-full.svg,Huế,-0.8020929963187825,0,0.7383206838203767,0
2025-06-16 18:00:00+07:00,41.0,13.0,70.0,/dl/web/weather/ic-w-04-scattered-clouds-full.svg,Huế,-0.7501349865459255,0,0.7383206838203767,0
2025-06-16 19:00:00+07:00,41.0,9.2,70.0,/dl/web/weather/ic-w-04-scattered-clouds-full.svg,Huế,-0.7501349865459255,0,0.10467817902972831,0
2025-06-16 20:00:00+07:00,43.0,7.4,70.0,/dl/web/weather/ic-w-04-scattered-clouds-full.svg,Huế,-0.6462189670002115,0,-0.19546827060794705,0
2025-06-17 04:00:00+07:00,41.0,1.8,89.0,/dl/web/weather/ic-w-04-scattered-clouds-full.svg,Huế,-0.7501349865459255,0,-1.1292572250362711,0
2025-06-17 05:00:00+07:00,41.0,3.7,89.0,/dl/web/weather/ic-w-04-scattered-clouds-full.svg,Huế,-0.7501349865459255,0,-0.8124359726409468,0
2025-06-17 06:00:00+07:00,41.0,5.5,94.0,/dl/web/weather/ic-w-02-new-clouds-full.svg,Huế,-0.7501349865459255,0,-0.5122895230032712,0
2025-06-17 07:00:00+07:00,41.0,5.5,89.0,/dl/web/weather/ic-w-02-new-clouds-full.svg,Huế,-0.7501349865459255,0,-0.5122895230032712,0
2025-06-17 08:00:00+07:00,43.0,1.8,79.0,/dl/web/weather/ic-w-02-new-clouds-full.svg,Huế,-0.6462189670002115,0,-1.1292572250362711,0
2025-06-17 09:00:00+07:00,43.0,3.5,65.0,/dl/web/weather/ic-w-04-scattered-clouds-full.svg,Huế,-0.6462189670002115,0,-0.8457855781562441,0
2025-06-17 10:00:00+07:00,44.0,2.8,60.0,/dl/web/weather/ic-w-04-scattered-clouds-full.svg,Huế,-0.5942609572273546,0,-0.9625091974597846,0
2025-06-17 11:00:00+07:00,44.0,9.8,61.0,/dl/web/weather/ic-w-04-scattered-clouds-full.svg,Huế,-0.5942609572273546,0,0.2047269955756204,0
2025-06-17 12:00:00+07:00,44.0,9.2,52.0,/dl/web/weather/ic-w-02-new-clouds-full.svg,Huế,-0.5942609572273546,0,0.10467817902972831,0
2025-06-17 13:00:00+07:00,41.0,16.7,62.0,/dl/web/weather/ic-w-02-new-clouds-full.svg,Huế,-0.7501349865459255,0,1.3552883858533764,0
2025-06-17 14:00:00+07:00,40.0,18.5,70.0,/dl/web/weather/ic-w-02-new-clouds-full.svg,Huế,-0.8020929963187825,0,1.655434835491052,0
2025-06-17 15:00:00+07:00,40.0,16.7,66.0,/dl/web/weather/ic-w-02-new-clouds-full.svg,Huế,-0.8020929963187825,0,1.3552883858533764,0
2025-06-17 16:00:00+07:00,40.0,18.5,66.0,/dl/web/weather/ic-w-02-new-clouds-full.svg,Huế,-0.8020929963187825,0,1.655434835491052,0
2025-06-17 17:00:00+07:00,40.0,18.5,62.0,/dl/web/weather/ic-w-02-new-clouds-full.svg,Huế,-0.8020929963187825,0,1.655434835491052,0
2025-06-17 18:00:00+07:00,40.0,13.0,70.0,/dl/web/weather/ic-w-02-new-clouds-full.svg,Huế,-0.8020929963187825,0,0.7383206838203767,0
2025-06-17 19:00:00+07:00,41.0,11.1,70.0,/dl/web/weather/ic-w-04-scattered-clouds-full.svg,Huế,-0.7501349865459255,0,0.42149943142505253,0
2025-06-17 20:00:00+07:00,43.0,6.3,90.0,/dl/web/weather/ic-w-04-scattered-clouds-full.svg,Huế,-0.6462189670002115,0,-0.37889110094208217,0
2025-06-17 23:00:00+07:00,41.0,5.5,79.0,/dl/web/weather/ic-w-04-scattered-clouds-full.svg,Huế,-0.7501349865459255,0,-0.5122895230032712,0
2025-06-18 00:00:00+07:00,41.0,7.4,78.0,/dl/web/weather/ic-w-04-scattered-clouds-full.svg,Huế,-0.7501349865459255,0,-0.19546827060794705,0
2025-06-18 03:00:00+07:00,41.0,9.2,78.0,/dl/web/weather/ic-w-04-scattered-clouds-full.svg,Huế,-0.7501349865459255,0,0.10467817902972831,0
2025-06-18 06:00:00+07:00,41.0,1.8,78.0,/dl/web/weather/ic-w-02-new-clouds-full.svg,Huế,-0.7501349865459255,0,-1.1292572250362711,0
2025-06-18 07:00:00+07:00,41.0,1.8,83.0,/dl/web/weather/ic-w-02-new-clouds-full.svg,Huế,-0.7501349865459255,0,-1.1292572250362711,0
2025-06-18 08:00:00+07:00,41.0,5.5,66.0,/dl/web/weather/ic-w-02-new-clouds-full.svg,Huế,-0.7501349865459255,0,-0.5122895230032712,0
2025-06-18 09:00:00+07:00,41.0,7.4,70.0,/dl/web/weather/ic-w-02-new-clouds-full.svg,Huế,-0.7501349865459255,0,-0.19546827060794705,0
2025-06-18 10:00:00+07:00,41.0,5.5,66.0,/dl/web/weather/ic-w-02-new-clouds-full.svg,Huế,-0.7501349865459255,0,-0.5122895230032712,0
2025-06-18 11:00:00+07:00,41.0,3.7,66.0,/dl/web/weather/ic-w-02-new-clouds-full.svg,Huế,-0.7501349865459255,0,-0.8124359726409468,0
2025-06-18 12:00:00+07:00,44.0,7.4,62.0,/dl/web/weather/ic-w-02-new-clouds-full.svg,Huế,-0.5942609572273546,0,-0.19546827060794705,0
2025-06-18 13:00:00+07:00,43.0,14.8,62.0,/dl/web/weather/ic-w-02-new-clouds-full.svg,Huế,-0.6462189670002115,0,1.0384671334580524,0
2025-06-18 14:00:00+07:00,43.0,14.8,66.0,/dl/web/weather/ic-w-02-new-clouds-full.svg,Huế,-0.6462189670002115,0,1.0384671334580524,0
2025-06-18 15:00:00+07:00,40.0,13.0,62.0,/dl/web/weather/ic-w-02-new-clouds-full.svg,Huế,-0.8020929963187825,0,0.7383206838203767,0
2025-06-18 16:00:00+07:00,41.0,9.2,58.0,/dl/web/weather/ic-w-02-new-clouds-full.svg,Huế,-0.7501349865459255,0,0.10467817902972831,0
2025-06-18 17:00:00+07:00,41.0,14.8,58.0,/dl/web/weather/ic-w-02-new-clouds-full.svg,Huế,-0.7501349865459255,0,1.0384671334580524,0
2025-06-18 18:00:00+07:00,58.0,14.8,58.0,/dl/web/weather/ic-w-02-new-clouds-full.svg,Huế,0.13315117959264308,0,1.0384671334580524,0
2025-06-18 19:00:00+07:00,52.0,7.4,66.0,/dl/web/weather/ic-w-11-night-few-clouds-full.svg,Huế,-0.17859687904449875,0,-0.19546827060794705,0
2025-06-18 20:00:00+07:00,52.0,3.7,66.0,/dl/web/weather/ic-w-11-night-few-clouds-full.svg,Huế,-0.17859687904449875,0,-0.8124359726409468,0
2025-06-18 22:00:00+07:00,48.0,5.5,70.0,/dl/web/weather/ic-w-11-night-few-clouds-full.svg,Huế,-0.38642891813592667,0,-0.5122895230032712,0
2025-06-18 23:00:00+07:00,48.0,7.4,78.0,/dl/web/weather/ic-w-11-night-few-clouds-full.svg,Huế,-0.38642891813592667,0,-0.19546827060794705,0
2025-06-19 00:00:00+07:00,41.0,5.5,83.0,/dl/web/weather/ic-w-11-night-few-clouds-full.svg,Huế,-0.7501349865459255,0,-0.5122895230032712,0
2025-06-19 01:00:00+07:00,41.0,3.7,78.0,/dl/web/weather/ic-w-11-night-few-clouds-full.svg,Huế,-0.7501349865459255,0,-0.8124359726409468,0
2025-06-19 02:00:00+07:00,41.0,3.7,83.0,/dl/web/weather/ic-w-11-night-few-clouds-full.svg,Huế,-0.7501349865459255,0,-0.8124359726409468,0
2025-06-19 03:00:00+07:00,41.0,7.4,83.0,/dl/web/weather/ic-w-11-night-few-clouds-full.svg,Huế,-0.7501349865459255,0,-0.19546827060794705,0
2025-06-19 04:00:00+07:00,41.0,7.4,83.0,/dl/web/weather/ic-w-11-night-few-clouds-full.svg,Huế,-0.7501349865459255,0,-0.19546827060794705,0
2025-06-19 05:00:00+07:00,41.0,3.7,89.0,/dl/web/weather/ic-w-11-night-few-clouds-full.svg,Huế,-0.7501349865459255,0,-0.8124359726409468,0
2025-06-19 06:00:00+07:00,41.0,5.5,89.0,/dl/web/weather/ic-w-02-new-clouds-full.svg,Huế,-0.7501349865459255,0,-0.5122895230032712,0
2025-06-19 07:00:00+07:00,41.0,1.8,74.0,/dl/web/weather/ic-w-02-new-clouds-full.svg,Huế,-0.7501349865459255,0,-1.1292572250362711,0
2025-06-19 08:00:00+07:00,69.0,5.5,70.0,/dl/web/weather/ic-w-02-new-clouds-full.svg,Huế,0.7046892870940699,0,-0.5122895230032712,0
2025-06-19 09:00:00+07:00,66.0,5.5,66.0,/dl/web/weather/ic-w-02-new-clouds-full.svg,Huế,0.5488152577754989,0,-0.5122895230032712,0
2025-06-19 10:00:00+07:00,54.0,5.5,66.0,/dl/web/weather/ic-w-02-new-clouds-full.svg,Huế,-0.07468085949878481,0,-0.5122895230032712,0
2025-06-19 11:00:00+07:00,54.0,5.5,62.0,/dl/web/weather/ic-w-02-new-clouds-full.svg,Huế,-0.07468085949878481,0,-0.5122895230032712,0
2025-06-19 12:00:00+07:00,54.0,11.1,55.0,/dl/web/weather/ic-w-02-new-clouds-full.svg,Huế,-0.07468085949878481,0,0.42149943142505253,0
2025-06-19 13:00:00+07:00,47.0,13.0,59.0,/dl/web/weather/ic-w-04-scattered-clouds-full.svg,Huế,-0.43838692790878364,0,0.7383206838203767,0
2025-06-19 14:00:00+07:00,41.0,14.8,59.0,/dl/web/weather/ic-w-02-new-clouds-full.svg,Huế,-0.7501349865459255,0,1.0384671334580524,0
2025-06-19 15:00:00+07:00,41.0,16.7,62.0,/dl/web/weather/ic-w-02-new-clouds-full.svg,Huế,-0.7501349865459255,0,1.3552883858533764,0
2025-06-19 16:00:00+07:00,40.0,20.4,58.0,/dl/web/weather/ic-w-02-new-clouds-full.svg,Huế,-0.8020929963187825,0,1.972256087886376,0
2025-06-19 17:00:00+07:00,40.0,16.7,62.0,/dl/web/weather/ic-w-02-new-clouds-full.svg,Huế,-0.8020929963187825,0,1.3552883858533764,0
2025-06-19 18:00:00+07:00,41.0,18.5,66.0,/dl/web/weather/ic-w-02-new-clouds-full.svg,Huế,-0.7501349865459255,0,1.655434835491052,0
2025-06-19 19:00:00+07:00,41.0,14.8,70.0,/dl/web/weather/ic-w-04-scattered-clouds-full.svg,Huế,-0.7501349865459255,0,1.0384671334580524,0
2025-06-19 20:00:00+07:00,43.0,13.0,62.0,/dl/web/weather/ic-w-07-thunderstorms-full.svg,Huế,-0.6462189670002115,0,0.7383206838203767,0
2025-06-19 21:00:00+07:00,43.0,16.7,83.0,/dl/web/weather/ic-w-07-thunderstorms-full.svg,Huế,-0.6462189670002115,0,1.3552883858533764,0
2025-06-19 22:00:00+07:00,43.0,9.2,89.0,/dl/web/weather/ic-w-04-scattered-clouds-full.svg,Huế,-0.6462189670002115,0,0.10467817902972831,0
2025-06-19 23:00:00+07:00,41.0,11.1,83.0,/dl/web/weather/ic-w-04-scattered-clouds-full.svg,Huế,-0.7501349865459255,0,0.42149943142505253,0
2025-06-20 00:00:00+07:00,40.0,9.2,83.0,/dl/web/weather/ic-w-04-scattered-clouds-full.svg,Huế,-0.8020929963187825,0,0.10467817902972831,0
2025-06-20 01:00:00+07:00,41.0,7.4,83.0,/dl/web/weather/ic-w-04-scattered-clouds-full.svg,Huế,-0.7501349865459255,0,-0.19546827060794705,0
2025-06-20 02:00:00+07:00,41.0,7.4,83.0,/dl/web/weather/ic-w-04-scattered-clouds-full.svg,Huế,-0.7501349865459255,0,-0.19546827060794705,0
2025-06-20 03:00:00+07:00,41.0,7.4,78.0,/dl/web/weather/ic-w-11-night-few-clouds-full.svg,Huế,-0.7501349865459255,0,-0.19546827060794705,0
2025-06-20 04:00:00+07:00,41.0,5.5,78.0,/dl/web/weather/ic-w-11-night-few-clouds-full.svg,Huế,-0.7501349865459255,0,-0.5122895230032712,0
2025-06-20 05:00:00+07:00,41.0,4.5,89.0,/dl/web/weather/ic-w-11-night-few-clouds-full.svg,Huế,-0.7501349865459255,0,-0.6790375505797577,0
2025-06-20 06:00:00+07:00,41.0,5.5,83.0,/dl/web/weather/ic-w-02-new-clouds-full.svg,Huế,-0.7501349865459255,0,-0.5122895230032712,0
2025-06-20 07:00:00+07:00,41.0,3.7,78.0,/dl/web/weather/ic-w-02-new-clouds-full.svg,Huế,-0.7501349865459255,0,-0.8124359726409468,0
2025-06-20 08:00:00+07:00,43.0,7.4,78.0,/dl/web/weather/ic-w-02-new-clouds-full.svg,Huế,-0.6462189670002115,0,-0.19546827060794705,0
2025-06-20 09:00:00+07:00,43.0,1.3,69.0,/dl/web/weather/ic-w-04-scattered-clouds-full.svg,Huế,-0.6462189670002115,0,-1.2126312388245142,0
2025-06-20 10:00:00+07:00,44.0,5.8,60.0,/dl/web/weather/ic-w-04-scattered-clouds-full.svg,Huế,-0.5942609572273546,0,-0.4622651147303254,0
2025-06-20 11:00:00+07:00,44.0,8.9,63.0,/dl/web/weather/ic-w-04-scattered-clouds-full.svg,Huế,-0.5942609572273546,0,0.05465377075678257,0
2025-06-20 12:00:00+07:00,44.0,11.9,60.0,/dl/web/weather/ic-w-04-scattered-clouds-full.svg,Huế,-0.5942609572273546,0,0.5548978534862418,0
2025-06-20 13:00:00+07:00,43.0,12.7,62.0,/dl/web/weather/ic-w-04-scattered-clouds-full.svg,Huế,-0.6462189670002115,0,0.6882962755474308,0
2025-06-20 14:00:00+07:00,41.0,14.5,58.0,/dl/web/weather/ic-w-04-scattered-clouds-full.svg,Huế,-0.7501349865459255,0,0.9884427251851065,0
2025-06-20 15:00:00+07:00,41.0,12.2,64.0,/dl/web/weather/ic-w-04-scattered-clouds-full.svg,Huế,-0.7501349865459255,0,0.6049222617591875,0
2025-06-20 16:00:00+07:00,41.0,11.1,67.0,/dl/web/weather/ic-w-04-scattered-clouds-full.svg,Huế,-0.7501349865459255,0,0.42149943142505253,0
2025-06-20 17:00:00+07:00,41.0,9.8,72.0,/dl/web/weather/ic-w-04-scattered-clouds-full.svg,Huế,-0.7501349865459255,0,0.2047269955756204,0
2025-06-20 18:00:00+07:00,41.0,9.2,80.0,/dl/web/weather/ic-w-04-scattered-clouds-full.svg,Huế,-0.7501349865459255,0,0.10467817902972831,0
2025-06-20 19:00:00+07:00,43.0,7.7,81.0,/dl/web/weather/ic-w-04-scattered-clouds-full.svg,Huế,-0.6462189670002115,0,-0.14544386233500115,0
2025-06-20 20:00:00+07:00,43.0,5.1,74.0,/dl/web/weather/ic-w-04-scattered-clouds-full.svg,Huế,-0.6462189670002115,0,-0.5789887340338659,0
2025-06-20 21:00:00+07:00,44.0,5.1,75.0,/dl/web/weather/ic-w-04-scattered-clouds-full.svg,Huế,-0.5942609572273546,0,-0.5789887340338659,0
2025-06-20 23:00:00+07:00,41.0,4.5,78.0,/dl/web/weather/ic-w-04-scattered-clouds-full.svg,Huế,-0.7501349865459255,0,-0.6790375505797577,0
2025-06-21 00:00:00+07:00,41.0,5.1,79.0,/dl/web/weather/ic-w-04-scattered-clouds-full.svg,Huế,-0.7501349865459255,0,-0.5789887340338659,0
2025-06-21 01:00:00+07:00,41.0,4.8,84.0,/dl/web/weather/ic-w-04-scattered-clouds-full.svg,Huế,-0.7501349865459255,0,-0.6290131423068118,0
2025-06-21 02:00:00+07:00,41.0,4.8,84.0,/dl/web/weather/ic-w-04-scattered-clouds-full.svg,Huế,-0.7501349865459255,0,-0.6290131423068118,0
2025-06-21 03:00:00+07:00,41.0,5.1,90.0,/dl/web/weather/ic-w-04-scattered-clouds-full.svg,Huế,-0.7501349865459255,0,-0.5789887340338659,0
2025-06-21 04:00:00+07:00,41.0,5.8,89.0,/dl/web/weather/ic-w-04-scattered-clouds-full.svg,Huế,-0.7501349865459255,0,-0.4622651147303254,0
2025-06-21 05:00:00+07:00,41.0,5.1,85.0,/dl/web/weather/ic-w-04-scattered-clouds-full.svg,Huế,-0.7501349865459255,0,-0.5789887340338659,0
2025-06-21 06:00:00+07:00,41.0,5.1,92.0,/dl/web/weather/ic-w-04-scattered-clouds-full.svg,Huế,-0.7501349865459255,0,-0.5789887340338659,0
2025-06-21 07:00:00+07:00,43.0,4.3,85.0,/dl/web/weather/ic-w-04-scattered-clouds-full.svg,Huế,-0.6462189670002115,0,-0.712387156095055,0
2025-06-21 08:00:00+07:00,57.0,2.4,74.0,/dl/web/weather/ic-w-04-scattered-clouds-full.svg,Huế,0.08119316981978612,0,-1.0292084084903792,0
2025-06-21 09:00:00+07:00,56.0,4.5,63.0,/dl/web/weather/ic-w-04-scattered-clouds-full.svg,Huế,0.02923516004692914,0,-0.6790375505797577,0
2025-06-21 10:00:00+07:00,59.0,7.2,66.0,/dl/web/weather/ic-w-04-scattered-clouds-full.svg,Huế,0.18510918936550008,0,-0.22881787612324436,0
2025-06-21 11:00:00+07:00,59.0,11.4,60.0,/dl/web/weather/ic-w-04-scattered-clouds-full.svg,Huế,0.18510918936550008,0,0.4715238396979986,0
2025-06-21 12:00:00+07:00,56.0,10.8,59.0,/dl/web/weather/ic-w-04-scattered-clouds-full.svg,Huế,0.02923516004692914,0,0.3714750231521068,0
2025-06-21 13:00:00+07:00,46.0,14.3,60.0,/dl/web/weather/ic-w-04-scattered-clouds-full.svg,Huế,-0.4903449376816406,0,0.9550931196698093,0
2025-06-21 14:00:00+07:00,41.0,12.2,64.0,/dl/web/weather/ic-w-04-scattered-clouds-full.svg,Huế,-0.7501349865459255,0,0.6049222617591875,0
2025-06-21 15:00:00+07:00,41.0,11.1,63.0,/dl/web/weather/ic-w-04-scattered-clouds-full.svg,Huế,-0.7501349865459255,0,0.42149943142505253,0
2025-06-21 16:00:00+07:00,41.0,10.6,60.0,/dl/web/weather/ic-w-04-scattered-clouds-full.svg,Huế,-0.7501349865459255,0,0.33812541763680937,0
2025-06-21 17:00:00+07:00,41.0,7.6,62.0,/dl/web/weather/ic-w-04-scattered-clouds-full.svg,Huế,-0.7501349865459255,0,-0.16211866509264988,0
2025-06-21 18:00:00+07:00,41.0,8.4,75.0,/dl/web/weather/ic-w-04-scattered-clouds-full.svg,Huế,-0.7501349865459255,0,-0.02872024303146064,0
2025-06-21 19:00:00+07:00,41.0,3.7,82.0,/dl/web/weather/ic-w-04-scattered-clouds-full.svg,Huế,-0.7501349865459255,0,-0.8124359726409468,0
2025-06-21 20:00:00+07:00,43.0,3.5,72.0,/dl/web/weather/ic-w-04-scattered-clouds-full.svg,Huế,-0.6462189670002115,0,-0.8457855781562441,0
2025-06-21 21:00:00+07:00,44.0,6.1,75.0,/dl/web/weather/ic-w-04-scattered-clouds-full.svg,Huế,-0.5942609572273546,0,-0.4122407064573795,0
2025-06-21 22:00:00+07:00,44.0,7.6,76.0,/dl/web/weather/ic-w-04-scattered-clouds-full.svg,Huế,-0.5942609572273546,0,-0.16211866509264988,0
2025-06-21 23:00:00+07:00,44.0,6.6,79.0,/dl/web/weather/ic-w-04-scattered-clouds-full.svg,Huế,-0.5942609572273546,0,-0.3288666926691363,0
2025-06-22 00:00:00+07:00,41.0,6.1,79.0,/dl/web/weather/ic-w-04-scattered-clouds-full.svg,Huế,-0.7501349865459255,0,-0.4122407064573795,0
2025-06-22 01:00:00+07:00,41.0,4.7,85.0,/dl/web/weather/ic-w-04-scattered-clouds-full.svg,Huế,-0.7501349865459255,0,-0.6456879450644604,0
2025-06-22 02:00:00+07:00,41.0,3.3,82.0,/dl/web/weather/ic-w-04-scattered-clouds-full.svg,Huế,-0.7501349865459255,0,-0.8791351836715414,0
2025-06-22 03:00:00+07:00,41.0,5.1,85.0,/dl/web/weather/ic-w-04-scattered-clouds-full.svg,Huế,-0.7501349865459255,0,-0.5789887340338659,0
2025-06-22 04:00:00+07:00,41.0,5.6,86.0,/dl/web/weather/ic-w-04-scattered-clouds-full.svg,Huế,-0.7501349865459255,0,-0.4956147202456227,0
2025-06-22 05:00:00+07:00,43.0,5.3,85.0,/dl/web/weather/ic-w-04-scattered-clouds-full.svg,Huế,-0.6462189670002115,0,-0.5456391285185686,0
2025-06-22 06:00:00+07:00,43.0,4.7,89.0,/dl/web/weather/ic-w-04-scattered-clouds-full.svg,Huế,-0.6462189670002115,0,-0.6456879450644604,0
2025-06-22 07:00:00+07:00,43.0,4.0,86.0,/dl/web/weather/ic-w-04-scattered-clouds-full.svg,Huế,-0.6462189670002115,0,-0.762411564368001,0
2025-06-22 08:00:00+07:00,43.0,3.1,71.0,/dl/web/weather/ic-w-04-scattered-clouds-full.svg,Huế,-0.6462189670002115,0,-0.9124847891868387,0
2025-06-22 09:00:00+07:00,43.0,1.6,67.0,/dl/web/weather/ic-w-04-scattered-clouds-full.svg,Huế,-0.6462189670002115,0,-1.1626068305515684,0
2025-06-22 10:00:00+07:00,43.0,7.7,63.0,/dl/web/weather/ic-w-04-scattered-clouds-full.svg,Huế,-0.6462189670002115,0,-0.14544386233500115,0
2025-06-22 11:00:00+07:00,43.0,10.5,60.0,/dl/web/weather/ic-w-04-scattered-clouds-full.svg,Huế,-0.6462189670002115,0,0.32145061487916077,0
2025-06-22 12:00:00+07:00,44.0,12.1,63.0,/dl/web/weather/ic-w-04-scattered-clouds-full.svg,Huế,-0.5942609572273546,0,0.588247459001539,0
2025-06-22 13:00:00+07:00,46.0,13.4,61.0,/dl/web/weather/ic-w-04-scattered-clouds-full.svg,Huế,-0.4903449376816406,0,0.8050198948509714,0
2025-06-22 14:00:00+07:00,43.0,14.5,60.0,/dl/web/weather/ic-w-04-scattered-clouds-full.svg,Huế,-0.6462189670002115,0,0.9884427251851065,0
2025-06-22 15:00:00+07:00,41.0,14.5,60.0,/dl/web/weather/ic-w-04-scattered-clouds-full.svg,Huế,-0.7501349865459255,0,0.9884427251851065,0
2025-06-22 16:00:00+07:00,41.0,11.1,62.0,/dl/web/weather/ic-w-04-scattered-clouds-full.svg,Huế,-0.7501349865459255,0,0.42149943142505253,0
2025-06-22 17:00:00+07:00,41.0,9.3,67.0,/dl/web/weather/ic-w-04-scattered-clouds-full.svg,Huế,-0.7501349865459255,0,0.12135298178737719,0
2025-06-22 18:00:00+07:00,41.0,8.9,78.0,/dl/web/weather/ic-w-04-scattered-clouds-full.svg,Huế,-0.7501349865459255,0,0.05465377075678257,0
2025-06-22 19:00:00+07:00,41.0,6.9,80.0,/dl/web/weather/ic-w-04-scattered-clouds-full.svg,Huế,-0.7501349865459255,0,-0.27884228439619024,0
2025-06-22 20:00:00+07:00,43.0,6.6,84.0,/dl/web/weather/ic-w-04-scattered-clouds-full.svg,Huế,-0.6462189670002115,0,-0.3288666926691363,0
2025-06-22 21:00:00+07:00,44.0,6.0,87.0,/dl/web/weather/ic-w-04-scattered-clouds-full.svg,Huế,-0.5942609572273546,0,-0.4289155092150281,0
2025-06-22 22:00:00+07:00,44.0,6.0,87.0,/dl/web/weather/ic-w-04-scattered-clouds-full.svg,Huế,-0.5942609572273546,0,-0.4289155092150281,0
2025-06-22 23:00:00+07:00,44.0,6.1,75.0,/dl/web/weather/ic-w-04-scattered-clouds-full.svg,Huế,-0.5942609572273546,0,-0.4122407064573795,0
2025-06-23 00:00:00+07:00,41.0,6.0,75.0,/dl/web/weather/ic-w-04-scattered-clouds-full.svg,Huế,-0.7501349865459255,0,-0.4289155092150281,0
2025-06-23 01:00:00+07:00,41.0,5.6,85.0,/dl/web/weather/ic-w-04-scattered-clouds-full.svg,Huế,-0.7501349865459255,0,-0.4956147202456227,0
2025-06-23 02:00:00+07:00,41.0,4.8,82.0,/dl/web/weather/ic-w-04-scattered-clouds-full.svg,Huế,-0.7501349865459255,0,-0.6290131423068118,0
2025-06-23 03:00:00+07:00,41.0,4.8,82.0,/dl/web/weather/ic-w-04-scattered-clouds-full.svg,Huế,-0.7501349865459255,0,-0.6290131423068118,0
2025-06-23 04:00:00+07:00,43.0,5.1,90.0,/dl/web/weather/ic-w-04-scattered-clouds-full.svg,Huế,-0.6462189670002115,0,-0.5789887340338659,0
2025-06-23 05:00:00+07:00,41.0,5.1,90.0,/dl/web/weather/ic-w-04-scattered-clouds-full.svg,Huế,-0.7501349865459255,0,-0.5789887340338659,0
2025-06-23 06:00:00+07:00,41.0,4.8,90.0,/dl/web/weather/ic-w-04-scattered-clouds-full.svg,Huế,-0.7501349865459255,0,-0.6290131423068118,0
2025-06-23 07:00:00+07:00,41.0,4.2,84.0,/dl/web/weather/ic-w-04-scattered-clouds-full.svg,Huế,-0.7501349865459255,0,-0.7290619588527036,0
2025-06-23 08:00:00+07:00,43.0,3.5,74.0,/dl/web/weather/ic-w-04-scattered-clouds-full.svg,Huế,-0.6462189670002115,0,-0.8457855781562441,0
2025-06-23 09:00:00+07:00,41.0,1.9,66.0,/dl/web/weather/ic-w-04-scattered-clouds-full.svg,Huế,-0.7501349865459255,0,-1.1125824222786223,0
2025-06-23 10:00:00+07:00,44.0,5.8,63.0,/dl/web/weather/ic-w-04-scattered-clouds-full.svg,Huế,-0.5942609572273546,0,-0.4622651147303254,0
2025-06-23 11:00:00+07:00,44.0,9.8,60.0,/dl/web/weather/ic-w-04-scattered-clouds-full.svg,Huế,-0.5942609572273546,0,0.2047269955756204,0
2025-06-23 12:00:00+07:00,44.0,11.6,60.0,/dl/web/weather/ic-w-04-scattered-clouds-full.svg,Huế,-0.5942609572273546,0,0.5048734452132958,0
2025-06-23 13:00:00+07:00,43.0,14.0,63.0,/dl/web/weather/ic-w-04-scattered-clouds-full.svg,Huế,-0.6462189670002115,0,0.9050687113968632,0
2025-06-23 14:00:00+07:00,43.0,12.2,64.0,/dl/web/weather/ic-w-04-scattered-clouds-full.svg,Huế,-0.6462189670002115,0,0.6049222617591875,0
2025-06-23 15:00:00+07:00,41.0,10.2,66.0,/dl/web/weather/ic-w-04-scattered-clouds-full.svg,Huế,-0.7501349865459255,0,0.27142620660621475,0
2025-06-23 16:00:00+07:00,41.0,9.5,66.0,/dl/web/weather/ic-w-04-scattered-clouds-full.svg,Huế,-0.7501349865459255,0,0.15470258730267436,0
2025-06-23 17:00:00+07:00,41.0,9.0,71.0,/dl/web/weather/ic-w-04-scattered-clouds-full.svg,Huế,-0.7501349865459255,0,0.07132857351443116,0
2025-06-23 18:00:00+07:00,41.0,7.9,75.0,/dl/web/weather/ic-w-04-scattered-clouds-full.svg,Huế,-0.7501349865459255,0,-0.11209425681970385,0
2025-06-23 19:00:00+07:00,41.0,6.4,80.0,/dl/web/weather/ic-w-04-scattered-clouds-full.svg,Huế,-0.7501349865459255,0,-0.36221629818443346,0
2025-06-23 20:00:00+07:00,41.0,5.3,78.0,/dl/web/weather/ic-w-10-night-clear-sky-full.svg,Huế,-0.7501349865459255,0,-0.5456391285185686,0
2025-06-23 21:00:00+07:00,44.0,5.6,75.0,/dl/web/weather/ic-w-04-scattered-clouds-full.svg,Huế,-0.5942609572273546,0,-0.4956147202456227,0
2025-06-23 22:00:00+07:00,44.0,4.5,79.0,/dl/web/weather/ic-w-04-scattered-clouds-full.svg,Huế,-0.5942609572273546,0,-0.6790375505797577,0
2025-06-23 23:00:00+07:00,44.0,5.5,76.0,/dl/web/weather/ic-w-04-scattered-clouds-full.svg,Huế,-0.5942609572273546,0,-0.5122895230032712,0
2025-06-24 00:00:00+07:00,41.0,5.5,86.0,/dl/web/weather/ic-w-04-scattered-clouds-full.svg,Huế,-0.7501349865459255,0,-0.5122895230032712,0
2025-06-24 01:00:00+07:00,41.0,5.3,84.0,/dl/web/weather/ic-w-04-scattered-clouds-full.svg,Huế,-0.7501349865459255,0,-0.5456391285185686,0
2025-06-24 02:00:00+07:00,41.0,5.5,82.0,/dl/web/weather/ic-w-04-scattered-clouds-full.svg,Huế,-0.7501349865459255,0,-0.5122895230032712,0
2025-06-24 03:00:00+07:00,41.0,4.3,86.0,/dl/web/weather/ic-w-04-scattered-clouds-full.svg,Huế,-0.7501349865459255,0,-0.712387156095055,0
2025-06-24 04:00:00+07:00,41.0,4.8,90.0,/dl/web/weather/ic-w-04-scattered-clouds-full.svg,Huế,-0.7501349865459255,0,-0.6290131423068118,0
2025-06-24 05:00:00+07:00,41.0,5.0,90.0,/dl/web/weather/ic-w-04-scattered-clouds-full.svg,Huế,-0.7501349865459255,0,-0.5956635367915145,0
2025-06-24 06:00:00+07:00,41.0,5.5,90.0,/dl/web/weather/ic-w-04-scattered-clouds-full.svg,Huế,-0.7501349865459255,0,-0.5122895230032712,0
2025-06-24 07:00:00+07:00,43.0,6.0,84.0,/dl/web/weather/ic-w-04-scattered-clouds-full.svg,Huế,-0.6462189670002115,0,-0.4289155092150281,0
2025-06-24 08:00:00+07:00,43.0,3.4,74.0,/dl/web/weather/ic-w-04-scattered-clouds-full.svg,Huế,-0.6462189670002115,0,-0.8624603809138927,0
2025-06-24 09:00:00+07:00,43.0,1.9,70.0,/dl/web/weather/ic-w-04-scattered-clouds-full.svg,Huế,-0.6462189670002115,0,-1.1125824222786223,0
2025-06-24 10:00:00+07:00,44.0,6.3,63.0,/dl/web/weather/ic-w-04-scattered-clouds-full.svg,Huế,-0.5942609572273546,0,-0.37889110094208217,0
2025-06-24 11:00:00+07:00,44.0,10.6,60.0,/dl/web/weather/ic-w-04-scattered-clouds-full.svg,Huế,-0.5942609572273546,0,0.33812541763680937,0
2025-06-24 12:00:00+07:00,44.0,12.1,60.0,/dl/web/weather/ic-w-04-scattered-clouds-full.svg,Huế,-0.5942609572273546,0,0.588247459001539,0
2025-06-24 13:00:00+07:00,43.0,13.0,60.0,/dl/web/weather/ic-w-04-scattered-clouds-full.svg,Huế,-0.6462189670002115,0,0.7383206838203767,0
2025-06-24 14:00:00+07:00,41.0,11.6,59.0,/dl/web/weather/ic-w-04-scattered-clouds-full.svg,Huế,-0.7501349865459255,0,0.5048734452132958,0
2025-06-24 15:00:00+07:00,41.0,9.8,59.0,/dl/web/weather/ic-w-04-scattered-clouds-full.svg,Huế,-0.7501349865459255,0,0.2047269955756204,0
2025-06-24 16:00:00+07:00,41.0,9.8,57.0,/dl/web/weather/ic-w-04-scattered-clouds-full.svg,Huế,-0.7501349865459255,0,0.2047269955756204,0
2025-06-24 17:00:00+07:00,41.0,10.1,61.0,/dl/web/weather/ic-w-04-scattered-clouds-full.svg,Huế,-0.7501349865459255,0,0.25475140384856615,0
2025-06-24 18:00:00+07:00,41.0,9.3,66.0,/dl/web/weather/ic-w-04-scattered-clouds-full.svg,Huế,-0.7501349865459255,0,0.12135298178737719,0
2025-06-24 19:00:00+07:00,43.0,9.0,81.0,/dl/web/weather/ic-w-04-scattered-clouds-full.svg,Huế,-0.6462189670002115,0,0.07132857351443116,0
2025-06-24 20:00:00+07:00,44.0,8.0,78.0,/dl/web/weather/ic-w-04-scattered-clouds-full.svg,Huế,-0.5942609572273546,0,-0.09541945406205526,0
2025-06-24 22:00:00+07:00,49.0,5.6,76.0,/dl/web/weather/ic-w-04-scattered-clouds-full.svg,Huế,-0.3344709083630697,0,-0.4956147202456227,0
2025-06-24 23:00:00+07:00,49.0,5.6,79.0,/dl/web/weather/ic-w-04-scattered-clouds-full.svg,Huế,-0.3344709083630697,0,-0.4956147202456227,0
2025-06-25 00:00:00+07:00,45.0,6.3,82.0,/dl/web/weather/ic-w-04-scattered-clouds-full.svg,Huế,-0.5423029474544976,0,-0.37889110094208217,0
2025-06-25 02:00:00+07:00,41.0,5.3,83.0,/dl/web/weather/ic-w-11-night-few-clouds-full.svg,Huế,-0.7501349865459255,0,-0.5456391285185686,0
2025-06-25 03:00:00+07:00,41.0,4.7,82.0,/dl/web/weather/ic-w-11-night-few-clouds-full.svg,Huế,-0.7501349865459255,0,-0.6456879450644604,0
2025-06-25 04:00:00+07:00,43.0,4.7,86.0,/dl/web/weather/ic-w-10-night-clear-sky-full.svg,Huế,-0.6462189670002115,0,-0.6456879450644604,0
2025-06-25 05:00:00+07:00,41.0,5.0,86.0,/dl/web/weather/ic-w-10-night-clear-sky-full.svg,Huế,-0.7501349865459255,0,-0.5956635367915145,0
2025-06-25 06:00:00+07:00,43.0,4.8,86.0,/dl/web/weather/ic-w-01-clear-sky-full.svg,Huế,-0.6462189670002115,0,-0.6290131423068118,0
2025-06-25 07:00:00+07:00,43.0,3.4,84.0,/dl/web/weather/ic-w-01-clear-sky-full.svg,Huế,-0.6462189670002115,0,-0.8624603809138927,0
2025-06-25 08:00:00+07:00,43.0,2.9,75.0,/dl/web/weather/ic-w-01-clear-sky-full.svg,Huế,-0.6462189670002115,0,-0.9458343947021359,0
2025-06-25 09:00:00+07:00,43.0,0.8,67.0,/dl/web/weather/ic-w-01-clear-sky-full.svg,Huế,-0.6462189670002115,0,-1.2960052526127575,0
2025-06-25 10:00:00+07:00,44.0,6.1,63.0,/dl/web/weather/ic-w-01-clear-sky-full.svg,Huế,-0.5942609572273546,0,-0.4122407064573795,0
2025-06-25 11:00:00+07:00,44.0,9.2,57.0,/dl/web/weather/ic-w-01-clear-sky-full.svg,Huế,-0.5942609572273546,0,0.10467817902972831,0
2025-06-25 12:00:00+07:00,44.0,11.3,62.0,/dl/web/weather/ic-w-01-clear-sky-full.svg,Huế,-0.5942609572273546,0,0.45484903694035,0
2025-06-25 13:00:00+07:00,43.0,13.5,62.0,/dl/web/weather/ic-w-01-clear-sky-full.svg,Huế,-0.6462189670002115,0,0.82169469760862,0
2025-06-25 14:00:00+07:00,41.0,15.1,59.0,/dl/web/weather/ic-w-01-clear-sky-full.svg,Huế,-0.7501349865459255,0,1.0884915417309982,0
2025-06-25 15:00:00+07:00,41.0,12.6,61.0,/dl/web/weather/ic-w-01-clear-sky-full.svg,Huế,-0.7501349865459255,0,0.6716214727897821,0
2025-06-25 16:00:00+07:00,41.0,12.6,63.0,/dl/web/weather/ic-w-01-clear-sky-full.svg,Huế,-0.7501349865459255,0,0.6716214727897821,0
2025-06-25 17:00:00+07:00,41.0,10.8,60.0,/dl/web/weather/ic-w-01-clear-sky-full.svg,Huế,-0.7501349865459255,0,0.3714750231521068,0
2025-06-25 18:00:00+07:00,41.0,8.2,71.0,/dl/web/weather/ic-w-01-clear-sky-full.svg,Huế,-0.7501349865459255,0,-0.062069848546758094,0
2025-06-25 19:00:00+07:00,41.0,6.1,77.0,/dl/web/weather/ic-w-10-night-clear-sky-full.svg,Huế,-0.7501349865459255,0,-0.4122407064573795,0
2025-06-25 20:00:00+07:00,41.0,5.1,82.0,/dl/web/weather/ic-w-04-scattered-clouds-full.svg,Huế,-0.7501349865459255,0,-0.5789887340338659,0
2025-06-25 21:00:00+07:00,43.0,4.2,78.0,/dl/web/weather/ic-w-04-scattered-clouds-full.svg,Huế,-0.6462189670002115,0,-0.7290619588527036,0
2025-06-25 22:00:00+07:00,44.0,5.0,82.0,/dl/web/weather/ic-w-04-scattered-clouds-full.svg,Huế,-0.5942609572273546,0,-0.5956635367915145,0
2025-06-26 00:00:00+07:00,41.0,6.0,82.0,/dl/web/weather/ic-w-04-scattered-clouds-full.svg,Huế,-0.7501349865459255,0,-0.4289155092150281,0
2025-06-26 01:00:00+07:00,41.0,6.1,85.0,/dl/web/weather/ic-w-04-scattered-clouds-full.svg,Huế,-0.7501349865459255,0,-0.4122407064573795,0
2025-06-26 02:00:00+07:00,41.0,6.1,85.0,/dl/web/weather/ic-w-04-scattered-clouds-full.svg,Huế,-0.7501349865459255,0,-0.4122407064573795,0
2025-06-26 03:00:00+07:00,41.0,6.0,82.0,/dl/web/weather/ic-w-04-scattered-clouds-full.svg,Huế,-0.7501349865459255,0,-0.4289155092150281,0
2025-06-26 04:00:00+07:00,43.0,5.1,79.0,/dl/web/weather/ic-w-04-scattered-clouds-full.svg,Huế,-0.6462189670002115,0,-0.5789887340338659,0
2025-06-26 05:00:00+07:00,43.0,4.3,85.0,/dl/web/weather/ic-w-04-scattered-clouds-full.svg,Huế,-0.6462189670002115,0,-0.712387156095055,0
2025-06-26 06:00:00+07:00,41.0,4.3,85.0,/dl/web/weather/ic-w-04-scattered-clouds-full.svg,Huế,-0.7501349865459255,0,-0.712387156095055,0
2025-06-26 07:00:00+07:00,43.0,3.7,81.0,/dl/web/weather/ic-w-04-scattered-clouds-full.svg,Huế,-0.6462189670002115,0,-0.8124359726409468,0
2025-06-26 08:00:00+07:00,44.0,4.8,72.0,/dl/web/weather/ic-w-04-scattered-clouds-full.svg,Huế,-0.5942609572273546,0,-0.6290131423068118,0
2025-06-26 09:00:00+07:00,44.0,3.7,67.0,/dl/web/weather/ic-w-04-scattered-clouds-full.svg,Huế,-0.5942609572273546,0,-0.8124359726409468,0
2025-06-26 10:00:00+07:00,44.0,3.5,65.0,/dl/web/weather/ic-w-04-scattered-clouds-full.svg,Huế,-0.5942609572273546,0,-0.8457855781562441,0
2025-06-26 11:00:00+07:00,44.0,9.3,59.0,/dl/web/weather/ic-w-04-scattered-clouds-full.svg,Huế,-0.5942609572273546,0,0.12135298178737719,0
2025-06-26 12:00:00+07:00,46.0,14.0,60.0,/dl/web/weather/ic-w-04-scattered-clouds-full.svg,Huế,-0.4903449376816406,0,0.9050687113968632,0
2025-06-26 13:00:00+07:00,43.0,12.7,63.0,/dl/web/weather/ic-w-04-scattered-clouds-full.svg,Huế,-0.6462189670002115,0,0.6882962755474308,0
2025-06-26 14:00:00+07:00,41.0,10.6,68.0,/dl/web/weather/ic-w-04-scattered-clouds-full.svg,Huế,-0.7501349865459255,0,0.33812541763680937,0
2025-06-26 15:00:00+07:00,41.0,9.5,70.0,/dl/web/weather/ic-w-06-rain-full.svg,Huế,-0.7501349865459255,0,0.15470258730267436,0
2025-06-26 16:00:00+07:00,41.0,9.2,79.0,/dl/web/weather/ic-w-06-rain-full.svg,Huế,-0.7501349865459255,0,0.10467817902972831,0
2025-06-26 17:00:00+07:00,41.0,8.7,77.0,/dl/web/weather/ic-w-04-scattered-clouds-full.svg,Huế,-0.7501349865459255,0,0.02130416524148511,0
2025-06-26 18:00:00+07:00,41.0,6.3,71.0,/dl/web/weather/ic-w-04-scattered-clouds-full.svg,Huế,-0.7501349865459255,0,-0.37889110094208217,0
2025-06-26 19:00:00+07:00,43.0,6.1,80.0,/dl/web/weather/ic-w-04-scattered-clouds-full.svg,Huế,-0.6462189670002115,0,-0.4122407064573795,0
2025-06-26 20:00:00+07:00,43.0,4.5,78.0,/dl/web/weather/ic-w-04-scattered-clouds-full.svg,Huế,-0.6462189670002115,0,-0.6790375505797577,0
2025-06-26 21:00:00+07:00,44.0,4.3,78.0,/dl/web/weather/ic-w-04-scattered-clouds-full.svg,Huế,-0.5942609572273546,0,-0.712387156095055,0
2025-06-26 22:00:00+07:00,44.0,6.8,79.0,/dl/web/weather/ic-w-04-scattered-clouds-full.svg,Huế,-0.5942609572273546,0,-0.295517087153839,0
2025-06-26 23:00:00+07:00,43.0,6.6,79.0,/dl/web/weather/ic-w-04-scattered-clouds-full.svg,Huế,-0.6462189670002115,0,-0.3288666926691363,0
2025-06-27 00:00:00+07:00,41.0,6.6,80.0,/dl/web/weather/ic-w-04-scattered-clouds-full.svg,Huế,-0.7501349865459255,0,-0.3288666926691363,0
2025-06-27 01:00:00+07:00,41.0,5.8,84.0,/dl/web/weather/ic-w-04-scattered-clouds-full.svg,Huế,-0.7501349865459255,0,-0.4622651147303254,0
2025-06-27 03:00:00+07:00,41.0,6.6,79.0,/dl/web/weather/ic-w-04-scattered-clouds-full.svg,Huế,-0.7501349865459255,0,-0.3288666926691363,0
2025-06-27 04:00:00+07:00,43.0,7.1,76.0,/dl/web/weather/ic-w-04-scattered-clouds-full.svg,Huế,-0.6462189670002115,0,-0.2454926788808931,0
2025-06-27 05:00:00+07:00,43.0,7.2,79.0,/dl/web/weather/ic-w-04-scattered-clouds-full.svg,Huế,-0.6462189670002115,0,-0.22881787612324436,0
2025-06-27 07:00:00+07:00,43.0,5.8,83.0,/dl/web/weather/ic-w-04-scattered-clouds-full.svg,Huế,-0.6462189670002115,0,-0.4622651147303254,0
2025-06-27 08:00:00+07:00,44.0,5.1,68.0,/dl/web/weather/ic-w-04-scattered-clouds-full.svg,Huế,-0.5942609572273546,0,-0.5789887340338659,0
2025-06-27 09:00:00+07:00,43.0,2.7,66.0,/dl/web/weather/ic-w-04-scattered-clouds-full.svg,Huế,-0.6462189670002115,0,-0.9791840002174332,0
2025-06-27 10:00:00+07:00,44.0,7.2,62.0,/dl/web/weather/ic-w-04-scattered-clouds-full.svg,Huế,-0.5942609572273546,0,-0.22881787612324436,0
2025-06-27 11:00:00+07:00,44.0,11.3,63.0,/dl/web/weather/ic-w-04-scattered-clouds-full.svg,Huế,-0.5942609572273546,0,0.45484903694035,0
2025-06-27 12:00:00+07:00,44.0,14.3,60.0,/dl/web/weather/ic-w-04-scattered-clouds-full.svg,Huế,-0.5942609572273546,0,0.9550931196698093,0
2025-06-27 13:00:00+07:00,43.0,13.8,64.0,/dl/web/weather/ic-w-06-rain-full.svg,Huế,-0.6462189670002115,0,0.8717191058815661,0
2025-06-27 14:00:00+07:00,43.0,11.4,90.0,/dl/web/weather/ic-w-06-rain-full.svg,Huế,-0.6462189670002115,0,0.4715238396979986,0
2025-06-27 15:00:00+07:00,41.0,9.0,88.0,/dl/web/weather/ic-w-06-rain-full.svg,Huế,-0.7501349865459255,0,0.07132857351443116,0
2025-06-27 16:00:00+07:00,41.0,6.6,93.0,/dl/web/weather/ic-w-06-rain-full.svg,Huế,-0.7501349865459255,0,-0.3288666926691363,0
2025-06-27 17:00:00+07:00,43.0,5.3,90.0,/dl/web/weather/ic-w-06-rain-full.svg,Huế,-0.6462189670002115,0,-0.5456391285185686,0
2025-06-27 18:00:00+07:00,44.0,4.7,86.0,/dl/web/weather/ic-w-04-scattered-clouds-full.svg,Huế,-0.5942609572273546,0,-0.6456879450644604,0
2025-06-27 19:00:00+07:00,43.0,5.0,86.0,/dl/web/weather/ic-w-04-scattered-clouds-full.svg,Huế,-0.6462189670002115,0,-0.5956635367915145,0
2025-06-27 20:00:00+07:00,43.0,5.0,90.0,/dl/web/weather/ic-w-04-scattered-clouds-full.svg,Huế,-0.6462189670002115,0,-0.5956635367915145,0
2025-06-27 21:00:00+07:00,44.0,5.5,82.0,/dl/web/weather/ic-w-04-scattered-clouds-full.svg,Huế,-0.5942609572273546,0,-0.5122895230032712,0
2025-06-27 22:00:00+07:00,44.0,6.3,90.0,/dl/web/weather/ic-w-04-scattered-clouds-full.svg,Huế,-0.5942609572273546,0,-0.37889110094208217,0
2025-06-27 23:00:00+07:00,43.0,5.6,86.0,/dl/web/weather/ic-w-04-scattered-clouds-full.svg,Huế,-0.6462189670002115,0,-0.4956147202456227,0
2025-06-28 00:00:00+07:00,43.0,6.0,86.0,/dl/web/weather/ic-w-04-scattered-clouds-full.svg,Huế,-0.6462189670002115,0,-0.4289155092150281,0
2025-06-28 01:00:00+07:00,43.0,6.3,88.0,/dl/web/weather/ic-w-04-scattered-clouds-full.svg,Huế,-0.6462189670002115,0,-0.37889110094208217,0
2025-06-28 02:00:00+07:00,43.0,5.8,90.0,/dl/web/weather/ic-w-04-scattered-clouds-full.svg,Huế,-0.6462189670002115,0,-0.4622651147303254,0
2025-06-28 03:00:00+07:00,43.0,5.0,85.0,/dl/web/weather/ic-w-04-scattered-clouds-full.svg,Huế,-0.6462189670002115,0,-0.5956635367915145,0
2025-06-28 04:00:00+07:00,43.0,6.0,82.0,/dl/web/weather/ic-w-04-scattered-clouds-full.svg,Huế,-0.6462189670002115,0,-0.4289155092150281,0
2025-06-28 06:00:00+07:00,43.0,5.8,89.0,/dl/web/weather/ic-w-04-scattered-clouds-full.svg,Huế,-0.6462189670002115,0,-0.4622651147303254,0
2025-06-28 07:00:00+07:00,43.0,4.7,89.0,/dl/web/weather/ic-w-04-scattered-clouds-full.svg,Huế,-0.6462189670002115,0,-0.6456879450644604,0
2025-06-28 08:00:00+07:00,43.0,4.5,74.0,/dl/web/weather/ic-w-04-scattered-clouds-full.svg,Huế,-0.6462189670002115,0,-0.6790375505797577,0
2025-06-28 09:00:00+07:00,43.0,2.4,71.0,/dl/web/weather/ic-w-04-scattered-clouds-full.svg,Huế,-0.6462189670002115,0,-1.0292084084903792,0
2025-06-28 10:00:00+07:00,46.0,3.9,67.0,/dl/web/weather/ic-w-04-scattered-clouds-full.svg,Huế,-0.4903449376816406,0,-0.7790863671256495,0
2025-06-28 11:00:00+07:00,46.0,8.2,64.0,/dl/web/weather/ic-w-04-scattered-clouds-full.svg,Huế,-0.4903449376816406,0,-0.062069848546758094,0
2025-06-28 12:00:00+07:00,44.0,11.3,58.0,/dl/web/weather/ic-w-04-scattered-clouds-full.svg,Huế,-0.5942609572273546,0,0.45484903694035,0
2025-06-28 13:00:00+07:00,43.0,13.0,57.0,/dl/web/weather/ic-w-06-rain-full.svg,Huế,-0.6462189670002115,0,0.7383206838203767,0
2025-06-28 14:00:00+07:00,41.0,9.0,60.0,/dl/web/weather/ic-w-04-scattered-clouds-full.svg,Huế,-0.7501349865459255,0,0.07132857351443116,0
2025-06-28 15:00:00+07:00,41.0,7.1,67.0,/dl/web/weather/ic-w-04-scattered-clouds-full.svg,Huế,-0.7501349865459255,0,-0.2454926788808931,0
2025-06-28 16:00:00+07:00,43.0,4.3,61.0,/dl/web/weather/ic-w-04-scattered-clouds-full.svg,Huế,-0.6462189670002115,0,-0.712387156095055,0
2025-06-28 17:00:00+07:00,43.0,4.2,69.0,/dl/web/weather/ic-w-04-scattered-clouds-full.svg,Huế,-0.6462189670002115,0,-0.7290619588527036,0
2025-06-28 18:00:00+07:00,43.0,4.2,71.0,/dl/web/weather/ic-w-04-scattered-clouds-full.svg,Huế,-0.6462189670002115,0,-0.7290619588527036,0
2025-06-28 19:00:00+07:00,43.0,5.0,78.0,/dl/web/weather/ic-w-12-night-rain-full.svg,Huế,-0.6462189670002115,0,-0.5956635367915145,0
2025-06-28 20:00:00+07:00,44.0,5.8,88.0,/dl/web/weather/ic-w-12-night-rain-full.svg,Huế,-0.5942609572273546,0,-0.4622651147303254,0
2025-06-28 21:00:00+07:00,44.0,5.8,88.0,/dl/web/weather/ic-w-12-night-rain-full.svg,Huế,-0.5942609572273546,0,-0.4622651147303254,0
2025-06-28 22:00:00+07:00,44.0,5.3,85.0,/dl/web/weather/ic-w-04-scattered-clouds-full.svg,Huế,-0.5942609572273546,0,-0.5456391285185686,0
2025-06-28 23:00:00+07:00,43.0,6.1,90.0,/dl/web/weather/ic-w-04-scattered-clouds-full.svg,Huế,-0.6462189670002115,0,-0.4122407064573795,0
2025-06-29 00:00:00+07:00,43.0,5.8,93.0,/dl/web/weather/ic-w-04-scattered-clouds-full.svg,Huế,-0.6462189670002115,0,-0.4622651147303254,0
2025-06-29 01:00:00+07:00,43.0,6.4,87.0,/dl/web/weather/ic-w-04-scattered-clouds-full.svg,Huế,-0.6462189670002115,0,-0.36221629818443346,0
2025-06-29 02:00:00+07:00,43.0,5.6,89.0,/dl/web/weather/ic-w-04-scattered-clouds-full.svg,Huế,-0.6462189670002115,0,-0.4956147202456227,0
2025-06-29 03:00:00+07:00,43.0,6.8,92.0,/dl/web/weather/ic-w-04-scattered-clouds-full.svg,Huế,-0.6462189670002115,0,-0.295517087153839,0
2025-06-29 04:00:00+07:00,43.0,6.6,89.0,/dl/web/weather/ic-w-04-scattered-clouds-full.svg,Huế,-0.6462189670002115,0,-0.3288666926691363,0
2025-06-29 05:00:00+07:00,43.0,6.3,88.0,/dl/web/weather/ic-w-04-scattered-clouds-full.svg,Huế,-0.6462189670002115,0,-0.37889110094208217,0
2025-06-29 06:00:00+07:00,43.0,8.2,89.0,/dl/web/weather/ic-w-04-scattered-clouds-full.svg,Huế,-0.6462189670002115,0,-0.062069848546758094,0
2025-06-29 07:00:00+07:00,43.0,7.1,83.0,/dl/web/weather/ic-w-04-scattered-clouds-full.svg,Huế,-0.6462189670002115,0,-0.2454926788808931,0
2025-06-29 08:00:00+07:00,44.0,6.0,78.0,/dl/web/weather/ic-w-04-scattered-clouds-full.svg,Huế,-0.5942609572273546,0,-0.4289155092150281,0
2025-06-29 09:00:00+07:00,44.0,4.3,68.0,/dl/web/weather/ic-w-04-scattered-clouds-full.svg,Huế,-0.5942609572273546,0,-0.712387156095055,0
2025-06-29 10:00:00+07:00,44.0,7.6,58.0,/dl/web/weather/ic-w-04-scattered-clouds-full.svg,Huế,-0.5942609572273546,0,-0.16211866509264988,0
2025-06-29 11:00:00+07:00,44.0,5.0,57.0,/dl/web/weather/ic-w-06-rain-full.svg,Huế,-0.5942609572273546,0,-0.5956635367915145,0
2025-06-29 12:00:00+07:00,46.0,1.8,56.0,/dl/web/weather/ic-w-04-scattered-clouds-full.svg,Huế,-0.4903449376816406,0,-1.1292572250362711,0
2025-06-29 13:00:00+07:00,43.0,3.7,64.0,/dl/web/weather/ic-w-04-scattered-clouds-full.svg,Huế,-0.6462189670002115,0,-0.8124359726409468,0
2025-06-29 14:00:00+07:00,43.0,6.4,64.0,/dl/web/weather/ic-w-04-scattered-clouds-full.svg,Huế,-0.6462189670002115,0,-0.36221629818443346,0
2025-06-29 15:00:00+07:00,43.0,6.9,68.0,/dl/web/weather/ic-w-04-scattered-clouds-full.svg,Huế,-0.6462189670002115,0,-0.27884228439619024,0
2025-06-29 16:00:00+07:00,43.0,9.0,69.0,/dl/web/weather/ic-w-04-scattered-clouds-full.svg,Huế,-0.6462189670002115,0,0.07132857351443116,0
2025-06-29 17:00:00+07:00,43.0,8.4,67.0,/dl/web/weather/ic-w-04-scattered-clouds-full.svg,Huế,-0.6462189670002115,0,-0.02872024303146064,0
2025-06-29 18:00:00+07:00,43.0,7.9,74.0,/dl/web/weather/ic-w-04-scattered-clouds-full.svg,Huế,-0.6462189670002115,0,-0.11209425681970385,0
2025-06-29 19:00:00+07:00,43.0,7.3,77.0,/dl/web/weather/ic-w-04-scattered-clouds-full.svg,Huế,-0.6462189670002115,0,-0.2121430733655958,0
2025-06-29 20:00:00+07:00,44.0,6.6,85.0,/dl/web/weather/ic-w-04-scattered-clouds-full.svg,Huế,-0.5942609572273546,0,-0.3288666926691363,0
2025-06-29 21:00:00+07:00,44.0,5.1,83.0,/dl/web/weather/ic-w-04-scattered-clouds-full.svg,Huế,-0.5942609572273546,0,-0.5789887340338659,0
2025-06-29 22:00:00+07:00,46.0,4.8,86.0,/dl/web/weather/ic-w-04-scattered-clouds-full.svg,Huế,-0.4903449376816406,0,-0.6290131423068118,0
2025-06-29 23:00:00+07:00,43.0,6.0,83.0,/dl/web/weather/ic-w-04-scattered-clouds-full.svg,Huế,-0.6462189670002115,0,-0.4289155092150281,0
2025-06-30 00:00:00+07:00,43.0,7.1,83.0,/dl/web/weather/ic-w-04-scattered-clouds-full.svg,Huế,-0.6462189670002115,0,-0.2454926788808931,0
2025-06-30 01:00:00+07:00,43.0,6.9,86.0,/dl/web/weather/ic-w-04-scattered-clouds-full.svg,Huế,-0.6462189670002115,0,-0.27884228439619024,0
2025-06-30 02:00:00+07:00,43.0,6.3,88.0,/dl/web/weather/ic-w-04-scattered-clouds-full.svg,Huế,-0.6462189670002115,0,-0.37889110094208217,0
2025-06-30 03:00:00+07:00,43.0,6.9,86.0,/dl/web/weather/ic-w-04-scattered-clouds-full.svg,Huế,-0.6462189670002115,0,-0.27884228439619024,0
2025-06-30 04:00:00+07:00,43.0,5.5,85.0,/dl/web/weather/ic-w-04-scattered-clouds-full.svg,Huế,-0.6462189670002115,0,-0.5122895230032712,0
2025-06-30 05:00:00+07:00,43.0,6.1,85.0,/dl/web/weather/ic-w-04-scattered-clouds-full.svg,Huế,-0.6462189670002115,0,-0.4122407064573795,0
2025-06-30 06:00:00+07:00,43.0,5.0,82.0,/dl/web/weather/ic-w-04-scattered-clouds-full.svg,Huế,-0.6462189670002115,0,-0.5956635367915145,0
2025-06-30 07:00:00+07:00,43.0,4.7,82.0,/dl/web/weather/ic-w-04-scattered-clouds-full.svg,Huế,-0.6462189670002115,0,-0.6456879450644604,0
2025-06-30 08:00:00+07:00,44.0,3.2,74.0,/dl/web/weather/ic-w-04-scattered-clouds-full.svg,Huế,-0.5942609572273546,0,-0.89580998642919,0
2025-06-30 09:00:00+07:00,44.0,2.6,69.0,/dl/web/weather/ic-w-04-scattered-clouds-full.svg,Huế,-0.5942609572273546,0,-0.9958588029750819,0
2025-06-30 10:00:00+07:00,44.0,4.3,61.0,/dl/web/weather/ic-w-04-scattered-clouds-full.svg,Huế,-0.5942609572273546,0,-0.712387156095055,0
2025-06-30 11:00:00+07:00,44.0,8.9,57.0,/dl/web/weather/ic-w-04-scattered-clouds-full.svg,Huế,-0.5942609572273546,0,0.05465377075678257,0
2025-06-30 12:00:00+07:00,46.0,14.3,58.0,/dl/web/weather/ic-w-04-scattered-clouds-full.svg,Huế,-0.4903449376816406,0,0.9550931196698093,0
2025-06-30 13:00:00+07:00,43.0,13.7,59.0,/dl/web/weather/ic-w-04-scattered-clouds-full.svg,Huế,-0.6462189670002115,0,0.8550443031239172,0
2025-06-30 14:00:00+07:00,41.0,15.9,58.0,/dl/web/weather/ic-w-04-scattered-clouds-full.svg,Huế,-0.7501349865459255,0,1.2218899637921874,0
2025-06-30 15:00:00+07:00,41.0,17.1,58.0,/dl/web/weather/ic-w-04-scattered-clouds-full.svg,Huế,-0.7501349865459255,0,1.4219875968839712,0
2025-06-30 16:00:00+07:00,41.0,14.8,60.0,/dl/web/weather/ic-w-04-scattered-clouds-full.svg,Huế,-0.7501349865459255,0,1.0384671334580524,0
2025-06-30 17:00:00+07:00,43.0,14.5,66.0,/dl/web/weather/ic-w-04-scattered-clouds-full.svg,Huế,-0.6462189670002115,0,0.9884427251851065,0
2025-06-30 18:00:00+07:00,43.0,13.0,71.0,/dl/web/weather/ic-w-04-scattered-clouds-full.svg,Huế,-0.6462189670002115,0,0.7383206838203767,0
2025-06-30 19:00:00+07:00,43.0,12.1,87.0,/dl/web/weather/ic-w-12-night-rain-full.svg,Huế,-0.6462189670002115,0,0.588247459001539,0
2025-07-01 00:00:00+07:00,43.0,6.9,83.0,/dl/web/weather/ic-w-04-scattered-clouds-full.svg,Huế,-0.6462189670002115,0,-0.27884228439619024,0
2025-07-01 01:00:00+07:00,41.0,5.3,86.0,/dl/web/weather/ic-w-04-scattered-clouds-full.svg,Huế,-0.7501349865459255,0,-0.5456391285185686,0
2025-07-01 02:00:00+07:00,43.0,6.3,85.0,/dl/web/weather/ic-w-04-scattered-clouds-full.svg,Huế,-0.6462189670002115,0,-0.37889110094208217,0
2025-07-01 03:00:00+07:00,43.0,6.4,82.0,/dl/web/weather/ic-w-04-scattered-clouds-full.svg,Huế,-0.6462189670002115,0,-0.36221629818443346,0
2025-07-01 04:00:00+07:00,43.0,4.8,82.0,/dl/web/weather/ic-w-04-scattered-clouds-full.svg,Huế,-0.6462189670002115,0,-0.6290131423068118,0
2025-07-01 05:00:00+07:00,43.0,5.5,86.0,/dl/web/weather/ic-w-04-scattered-clouds-full.svg,Huế,-0.6462189670002115,0,-0.5122895230032712,0
2025-07-01 06:00:00+07:00,43.0,6.1,86.0,/dl/web/weather/ic-w-04-scattered-clouds-full.svg,Huế,-0.6462189670002115,0,-0.4122407064573795,0
2025-07-01 07:00:00+07:00,43.0,6.0,86.0,/dl/web/weather/ic-w-04-scattered-clouds-full.svg,Huế,-0.6462189670002115,0,-0.4289155092150281,0
2025-07-01 08:00:00+07:00,43.0,4.2,79.0,/dl/web/weather/ic-w-04-scattered-clouds-full.svg,Huế,-0.6462189670002115,0,-0.7290619588527036,0
2025-07-01 09:00:00+07:00,43.0,2.4,71.0,/dl/web/weather/ic-w-04-scattered-clouds-full.svg,Huế,-0.6462189670002115,0,-1.0292084084903792,0
2025-07-01 10:00:00+07:00,44.0,2.4,67.0,/dl/web/weather/ic-w-06-rain-full.svg,Huế,-0.5942609572273546,0,-1.0292084084903792,0
2025-07-01 11:00:00+07:00,46.0,4.7,65.0,/dl/web/weather/ic-w-04-scattered-clouds-full.svg,Huế,-0.4903449376816406,0,-0.6456879450644604,0
2025-07-01 12:00:00+07:00,46.0,9.7,62.0,/dl/web/weather/ic-w-06-rain-full.svg,Huế,-0.4903449376816406,0,0.18805219281797153,0
2025-07-01 13:00:00+07:00,43.0,13.2,61.0,/dl/web/weather/ic-w-04-scattered-clouds-full.svg,Huế,-0.6462189670002115,0,0.7716702893356739,0
2025-07-01 14:00:00+07:00,41.0,10.6,65.0,/dl/web/weather/ic-w-04-scattered-clouds-full.svg,Huế,-0.7501349865459255,0,0.33812541763680937,0
2025-07-01 15:00:00+07:00,41.0,10.5,72.0,/dl/web/weather/ic-w-04-scattered-clouds-full.svg,Huế,-0.7501349865459255,0,0.32145061487916077,0
2025-07-01 16:00:00+07:00,41.0,11.3,71.0,/dl/web/weather/ic-w-04-scattered-clouds-full.svg,Huế,-0.7501349865459255,0,0.45484903694035,0
2025-07-01 17:00:00+07:00,43.0,8.0,81.0,/dl/web/weather/ic-w-04-scattered-clouds-full.svg,Huế,-0.6462189670002115,0,-0.09541945406205526,0
2025-07-01 18:00:00+07:00,43.0,6.8,81.0,/dl/web/weather/ic-w-04-scattered-clouds-full.svg,Huế,-0.6462189670002115,0,-0.295517087153839,0
2025-07-01 19:00:00+07:00,43.0,4.7,84.0,/dl/web/weather/ic-w-04-scattered-clouds-full.svg,Huế,-0.6462189670002115,0,-0.6456879450644604,0
2025-07-01 21:00:00+07:00,44.0,5.1,82.0,/dl/web/weather/ic-w-04-scattered-clouds-full.svg,Huế,-0.5942609572273546,0,-0.5789887340338659,0
2025-07-01 23:00:00+07:00,43.0,5.6,82.0,/dl/web/weather/ic-w-04-scattered-clouds-full.svg,Huế,-0.6462189670002115,0,-0.4956147202456227,0
2025-07-02 00:00:00+07:00,43.0,7.7,86.0,/dl/web/weather/ic-w-04-scattered-clouds-full.svg,Huế,-0.6462189670002115,0,-0.14544386233500115,0
2025-07-02 02:00:00+07:00,43.0,6.4,90.0,/dl/web/weather/ic-w-04-scattered-clouds-full.svg,Huế,-0.6462189670002115,0,-0.36221629818443346,0
2025-07-02 03:00:00+07:00,43.0,5.8,90.0,/dl/web/weather/ic-w-04-scattered-clouds-full.svg,Huế,-0.6462189670002115,0,-0.4622651147303254,0
2025-07-02 05:00:00+07:00,43.0,5.5,89.0,/dl/web/weather/ic-w-04-scattered-clouds-full.svg,Huế,-0.6462189670002115,0,-0.5122895230032712,0
2025-07-02 06:00:00+07:00,43.0,6.0,89.0,/dl/web/weather/ic-w-04-scattered-clouds-full.svg,Huế,-0.6462189670002115,0,-0.4289155092150281,0
2025-07-02 07:00:00+07:00,43.0,5.3,81.0,/dl/web/weather/ic-w-04-scattered-clouds-full.svg,Huế,-0.6462189670002115,0,-0.5456391285185686,0
2025-07-02 08:00:00+07:00,43.0,3.1,73.0,/dl/web/weather/ic-w-04-scattered-clouds-full.svg,Huế,-0.6462189670002115,0,-0.9124847891868387,0
2025-07-02 09:00:00+07:00,44.0,3.4,69.0,/dl/web/weather/ic-w-04-scattered-clouds-full.svg,Huế,-0.5942609572273546,0,-0.8624603809138927,0
2025-07-02 10:00:00+07:00,46.0,6.4,61.0,/dl/web/weather/ic-w-04-scattered-clouds-full.svg,Huế,-0.4903449376816406,0,-0.36221629818443346,0
2025-07-02 11:00:00+07:00,46.0,10.0,62.0,/dl/web/weather/ic-w-04-scattered-clouds-full.svg,Huế,-0.4903449376816406,0,0.23807660109091755,0
2025-07-02 12:00:00+07:00,46.0,13.0,54.0,/dl/web/weather/ic-w-04-scattered-clouds-full.svg,Huế,-0.4903449376816406,0,0.7383206838203767,0
2025-07-02 13:00:00+07:00,43.0,13.2,57.0,/dl/web/weather/ic-w-04-scattered-clouds-full.svg,Huế,-0.6462189670002115,0,0.7716702893356739,0
2025-07-02 14:00:00+07:00,41.0,11.1,57.0,/dl/web/weather/ic-w-04-scattered-clouds-full.svg,Huế,-0.7501349865459255,0,0.42149943142505253,0
2025-07-02 15:00:00+07:00,43.0,8.2,63.0,/dl/web/weather/ic-w-06-rain-full.svg,Huế,-0.6462189670002115,0,-0.062069848546758094,0
2025-07-02 16:00:00+07:00,41.0,8.0,64.0,/dl/web/weather/ic-w-06-rain-full.svg,Huế,-0.7501349865459255,0,-0.09541945406205526,0
2025-07-02 17:00:00+07:00,43.0,7.9,73.0,/dl/web/weather/ic-w-06-rain-full.svg,Huế,-0.6462189670002115,0,-0.11209425681970385,0
2025-07-02 19:00:00+07:00,43.0,5.6,88.0,/dl/web/weather/ic-w-04-scattered-clouds-full.svg,Huế,-0.6462189670002115,0,-0.4956147202456227,0
2025-07-02 20:00:00+07:00,43.0,4.8,85.0,/dl/web/weather/ic-w-04-scattered-clouds-full.svg,Huế,-0.6462189670002115,0,-0.6290131423068118,0
2025-07-02 23:00:00+07:00,43.0,8.4,86.0,/dl/web/weather/ic-w-04-scattered-clouds-full.svg,Huế,-0.6462189670002115,0,-0.02872024303146064,0
2025-07-03 02:00:00+07:00,43.0,7.1,83.0,/dl/web/weather/ic-w-04-scattered-clouds-full.svg,Huế,-0.6462189670002115,0,-0.2454926788808931,0
2025-07-03 03:00:00+07:00,43.0,5.5,90.0,/dl/web/weather/ic-w-04-scattered-clouds-full.svg,Huế,-0.6462189670002115,0,-0.5122895230032712,0
2025-07-03 04:00:00+07:00,43.0,4.8,93.0,/dl/web/weather/ic-w-12-night-rain-full.svg,Huế,-0.6462189670002115,0,-0.6290131423068118,0
2025-07-03 05:00:00+07:00,43.0,5.0,86.0,/dl/web/weather/ic-w-12-night-rain-full.svg,Huế,-0.6462189670002115,0,-0.5956635367915145,0
2025-07-03 06:00:00+07:00,43.0,4.8,89.0,/dl/web/weather/ic-w-04-scattered-clouds-full.svg,Huế,-0.6462189670002115,0,-0.6290131423068118,0
2025-07-03 07:00:00+07:00,43.0,4.0,89.0,/dl/web/weather/ic-w-04-scattered-clouds-full.svg,Huế,-0.6462189670002115,0,-0.762411564368001,0
2025-07-03 08:00:00+07:00,43.0,1.8,81.0,/dl/web/weather/ic-w-04-scattered-clouds-full.svg,Huế,-0.6462189670002115,0,-1.1292572250362711,0
2025-07-03 09:00:00+07:00,44.0,1.8,82.0,/dl/web/weather/ic-w-04-scattered-clouds-full.svg,Huế,-0.5942609572273546,0,-1.1292572250362711,0
2025-07-03 10:00:00+07:00,44.0,1.9,78.0,/dl/web/weather/ic-w-04-scattered-clouds-full.svg,Huế,-0.5942609572273546,0,-1.1125824222786223,0
2025-07-03 11:00:00+07:00,44.0,3.9,71.0,/dl/web/weather/ic-w-04-scattered-clouds-full.svg,Huế,-0.5942609572273546,0,-0.7790863671256495,0
2025-07-03 12:00:00+07:00,46.0,11.9,72.0,/dl/web/weather/ic-w-06-rain-full.svg,Huế,-0.4903449376816406,0,0.5548978534862418,0
2025-07-03 13:00:00+07:00,43.0,9.3,83.0,/dl/web/weather/ic-w-04-scattered-clouds-full.svg,Huế,-0.6462189670002115,0,0.12135298178737719,0
2025-07-03 14:00:00+07:00,43.0,11.1,73.0,/dl/web/weather/ic-w-04-scattered-clouds-full.svg,Huế,-0.6462189670002115,0,0.42149943142505253,0
2025-07-03 15:00:00+07:00,43.0,9.2,78.0,/dl/web/weather/ic-w-06-rain-full.svg,Huế,-0.6462189670002115,0,0.10467817902972831,0
2025-07-03 16:00:00+07:00,43.0,8.7,80.0,/dl/web/weather/ic-w-06-rain-full.svg,Huế,-0.6462189670002115,0,0.02130416524148511,0
2025-07-03 17:00:00+07:00,43.0,8.2,88.0,/dl/web/weather/ic-w-06-rain-full.svg,Huế,-0.6462189670002115,0,-0.062069848546758094,0
2025-07-03 18:00:00+07:00,43.0,7.1,85.0,/dl/web/weather/ic-w-06-rain-full.svg,Huế,-0.6462189670002115,0,-0.2454926788808931,0
2025-07-03 19:00:00+07:00,43.0,8.2,87.0,/dl/web/weather/ic-w-04-scattered-clouds-full.svg,Huế,-0.6462189670002115,0,-0.062069848546758094,0
2025-07-03 21:00:00+07:00,43.0,5.3,86.0,/dl/web/weather/ic-w-04-scattered-clouds-full.svg,Huế,-0.6462189670002115,0,-0.5456391285185686,0
2025-07-03 23:00:00+07:00,43.0,7.2,94.0,/dl/web/weather/ic-w-04-scattered-clouds-full.svg,Huế,-0.6462189670002115,0,-0.22881787612324436,0
2025-07-04 00:00:00+07:00,43.0,6.4,92.0,/dl/web/weather/ic-w-04-scattered-clouds-full.svg,Huế,-0.6462189670002115,0,-0.36221629818443346,0
2025-07-04 01:00:00+07:00,43.0,5.6,93.0,/dl/web/weather/ic-w-04-scattered-clouds-full.svg,Huế,-0.6462189670002115,0,-0.4956147202456227,0
2025-07-04 02:00:00+07:00,57.0,5.3,91.0,/dl/web/weather/ic-w-04-scattered-clouds-full.svg,Huế,0.08119316981978612,0,-0.5456391285185686,0
2025-07-04 03:00:00+07:00,57.0,5.3,93.0,/dl/web/weather/ic-w-04-scattered-clouds-full.svg,Huế,0.08119316981978612,0,-0.5456391285185686,0
2025-07-04 04:00:00+07:00,57.0,6.6,93.0,/dl/web/weather/ic-w-04-scattered-clouds-full.svg,Huế,0.08119316981978612,0,-0.3288666926691363,0
2025-07-04 05:00:00+07:00,53.0,4.8,89.0,/dl/web/weather/ic-w-04-scattered-clouds-full.svg,Huế,-0.12663886927164178,0,-0.6290131423068118,0
2025-07-04 06:00:00+07:00,53.0,3.7,89.0,/dl/web/weather/ic-w-04-scattered-clouds-full.svg,Huế,-0.12663886927164178,0,-0.8124359726409468,0
2025-07-04 07:00:00+07:00,53.0,2.9,88.0,/dl/web/weather/ic-w-04-scattered-clouds-full.svg,Huế,-0.12663886927164178,0,-0.9458343947021359,0
2025-07-04 08:00:00+07:00,55.0,3.1,83.0,/dl/web/weather/ic-w-04-scattered-clouds-full.svg,Huế,-0.022722849725927835,0,-0.9124847891868387,0
2025-07-04 09:00:00+07:00,55.0,2.6,69.0,/dl/web/weather/ic-w-04-scattered-clouds-full.svg,Huế,-0.022722849725927835,0,-0.9958588029750819,0
2025-07-04 10:00:00+07:00,43.0,1.0,68.0,/dl/web/weather/ic-w-04-scattered-clouds-full.svg,Huế,-0.6462189670002115,0,-1.2626556470974601,0
2025-07-04 11:00:00+07:00,53.0,3.2,62.0,/dl/web/weather/ic-w-04-scattered-clouds-full.svg,Huế,-0.12663886927164178,0,-0.89580998642919,0
2025-07-04 12:00:00+07:00,53.0,7.4,67.0,/dl/web/weather/ic-w-04-scattered-clouds-full.svg,Huế,-0.12663886927164178,0,-0.19546827060794705,0
2025-07-04 13:00:00+07:00,53.0,14.5,60.0,/dl/web/weather/ic-w-06-rain-full.svg,Huế,-0.12663886927164178,0,0.9884427251851065,0
2025-07-04 14:00:00+07:00,52.0,15.4,73.0,/dl/web/weather/ic-w-06-rain-full.svg,Huế,-0.17859687904449875,0,1.1385159500039443,0
2025-07-04 15:00:00+07:00,52.0,13.4,77.0,/dl/web/weather/ic-w-06-rain-full.svg,Huế,-0.17859687904449875,0,0.8050198948509714,0
2025-07-04 16:00:00+07:00,52.0,10.0,88.0,/dl/web/weather/ic-w-06-rain-full.svg,Huế,-0.17859687904449875,0,0.23807660109091755,0
2025-07-04 17:00:00+07:00,52.0,6.1,93.0,/dl/web/weather/ic-w-06-rain-full.svg,Huế,-0.17859687904449875,0,-0.4122407064573795,0
2025-07-04 18:00:00+07:00,52.0,5.6,89.0,/dl/web/weather/ic-w-06-rain-full.svg,Huế,-0.17859687904449875,0,-0.4956147202456227,0
2025-07-04 19:00:00+07:00,52.0,1.3,90.0,/dl/web/weather/ic-w-04-scattered-clouds-full.svg,Huế,-0.17859687904449875,0,-1.2126312388245142,0
2025-07-04 21:00:00+07:00,52.0,5.0,94.0,/dl/web/weather/ic-w-04-scattered-clouds-full.svg,Huế,-0.17859687904449875,0,-0.5956635367915145,0
2025-07-04 22:00:00+07:00,52.0,4.8,90.0,/dl/web/weather/ic-w-04-scattered-clouds-full.svg,Huế,-0.17859687904449875,0,-0.6290131423068118,0
2025-07-04 23:00:00+07:00,56.0,4.8,91.0,/dl/web/weather/ic-w-04-scattered-clouds-full.svg,Huế,0.02923516004692914,0,-0.6290131423068118,0
2025-07-05 00:00:00+07:00,56.0,6.0,91.0,/dl/web/weather/ic-w-04-scattered-clouds-full.svg,Huế,0.02923516004692914,0,-0.4289155092150281,0
2025-07-05 01:00:00+07:00,56.0,6.1,91.0,/dl/web/weather/ic-w-04-scattered-clouds-full.svg,Huế,0.02923516004692914,0,-0.4122407064573795,0
2025-07-05 02:00:00+07:00,53.0,5.3,94.0,/dl/web/weather/ic-w-04-scattered-clouds-full.svg,Huế,-0.12663886927164178,0,-0.5456391285185686,0
2025-07-05 03:00:00+07:00,53.0,6.0,94.0,/dl/web/weather/ic-w-04-scattered-clouds-full.svg,Huế,-0.12663886927164178,0,-0.4289155092150281,0
2025-07-05 04:00:00+07:00,53.0,6.4,94.0,/dl/web/weather/ic-w-04-scattered-clouds-full.svg,Huế,-0.12663886927164178,0,-0.36221629818443346,0
2025-07-05 05:00:00+07:00,52.0,6.9,90.0,/dl/web/weather/ic-w-04-scattered-clouds-full.svg,Huế,-0.17859687904449875,0,-0.27884228439619024,0
2025-07-05 06:00:00+07:00,52.0,6.4,90.0,/dl/web/weather/ic-w-04-scattered-clouds-full.svg,Huế,-0.17859687904449875,0,-0.36221629818443346,0
2025-07-05 07:00:00+07:00,52.0,5.3,89.0,/dl/web/weather/ic-w-04-scattered-clouds-full.svg,Huế,-0.17859687904449875,0,-0.5456391285185686,0
2025-07-05 08:00:00+07:00,54.0,5.1,83.0,/dl/web/weather/ic-w-04-scattered-clouds-full.svg,Huế,-0.07468085949878481,0,-0.5789887340338659,0
2025-07-05 10:00:00+07:00,54.0,4.3,71.0,/dl/web/weather/ic-w-04-scattered-clouds-full.svg,Huế,-0.07468085949878481,0,-0.712387156095055,0
2025-07-05 11:00:00+07:00,51.0,10.8,63.0,/dl/web/weather/ic-w-04-scattered-clouds-full.svg,Huế,-0.23055488881735575,0,0.3714750231521068,0
2025-07-05 12:00:00+07:00,51.0,13.0,60.0,/dl/web/weather/ic-w-04-scattered-clouds-full.svg,Huế,-0.23055488881735575,0,0.7383206838203767,0
2025-07-05 13:00:00+07:00,51.0,10.6,67.0,/dl/web/weather/ic-w-04-scattered-clouds-full.svg,Huế,-0.23055488881735575,0,0.33812541763680937,0
2025-07-05 14:00:00+07:00,48.0,11.3,63.0,/dl/web/weather/ic-w-02-new-clouds-full.svg,Huế,-0.38642891813592667,0,0.45484903694035,0
2025-07-05 15:00:00+07:00,48.0,11.1,66.0,/dl/web/weather/ic-w-04-scattered-clouds-full.svg,Huế,-0.38642891813592667,0,0.42149943142505253,0
2025-07-05 16:00:00+07:00,48.0,8.5,70.0,/dl/web/weather/ic-w-04-scattered-clouds-full.svg,Huế,-0.38642891813592667,0,-0.012045440273812056,0
2025-07-05 17:00:00+07:00,18.0,6.3,88.0,/dl/web/weather/ic-w-06-rain-full.svg,Huế,-1.945169211321636,0,-0.37889110094208217,0
2025-07-05 18:00:00+07:00,18.0,5.6,88.0,/dl/web/weather/ic-w-06-rain-full.svg,Huế,-1.945169211321636,0,-0.4956147202456227,0
2025-07-05 19:00:00+07:00,18.0,4.5,90.0,/dl/web/weather/ic-w-12-night-rain-full.svg,Huế,-1.945169211321636,0,-0.6790375505797577,0
2025-07-05 20:00:00+07:00,21.0,6.4,90.0,/dl/web/weather/ic-w-12-night-rain-full.svg,Huế,-1.789295182003065,0,-0.36221629818443346,0
2025-07-05 21:00:00+07:00,19.0,7.9,91.0,/dl/web/weather/ic-w-12-night-rain-full.svg,Huế,-1.893211201548779,0,-0.11209425681970385,0
2025-07-05 22:00:00+07:00,13.0,7.2,92.0,/dl/web/weather/ic-w-12-night-rain-full.svg,Huế,-2.204959260185921,0,-0.22881787612324436,0
2025-07-05 23:00:00+07:00,44.0,5.8,91.0,/dl/web/weather/ic-w-12-night-rain-full.svg,Huế,-0.5942609572273546,0,-0.4622651147303254,0
2025-07-06 00:00:00+07:00,43.0,4.0,91.0,/dl/web/weather/ic-w-12-night-rain-full.svg,Huế,-0.6462189670002115,0,-0.762411564368001,0
2025-07-06 01:00:00+07:00,43.0,4.2,92.0,/dl/web/weather/ic-w-12-night-rain-full.svg,Huế,-0.6462189670002115,0,-0.7290619588527036,0
2025-07-06 02:00:00+07:00,44.0,4.5,91.0,/dl/web/weather/ic-w-04-scattered-clouds-full.svg,Huế,-0.5942609572273546,0,-0.6790375505797577,0
2025-07-06 03:00:00+07:00,44.0,4.8,94.0,/dl/web/weather/ic-w-12-night-rain-full.svg,Huế,-0.5942609572273546,0,-0.6290131423068118,0
2025-07-06 04:00:00+07:00,44.0,5.0,91.0,/dl/web/weather/ic-w-04-scattered-clouds-full.svg,Huế,-0.5942609572273546,0,-0.5956635367915145,0
2025-07-06 05:00:00+07:00,44.0,5.8,91.0,/dl/web/weather/ic-w-04-scattered-clouds-full.svg,Huế,-0.5942609572273546,0,-0.4622651147303254,0
2025-07-06 06:00:00+07:00,44.0,5.8,91.0,/dl/web/weather/ic-w-04-scattered-clouds-full.svg,Huế,-0.5942609572273546,0,-0.4622651147303254,0
2025-07-06 07:00:00+07:00,44.0,4.0,90.0,/dl/web/weather/ic-w-04-scattered-clouds-full.svg,Huế,-0.5942609572273546,0,-0.762411564368001,0
2025-07-06 08:00:00+07:00,55.0,4.2,88.0,/dl/web/weather/ic-w-04-scattered-clouds-full.svg,Huế,-0.022722849725927835,0,-0.7290619588527036,0
2025-07-06 09:00:00+07:00,52.0,5.0,79.0,/dl/web/weather/ic-w-04-scattered-clouds-full.svg,Huế,-0.17859687904449875,0,-0.5956635367915145,0
2025-07-06 10:00:00+07:00,46.0,5.1,71.0,/dl/web/weather/ic-w-04-scattered-clouds-full.svg,Huế,-0.4903449376816406,0,-0.5789887340338659,0
2025-07-06 11:00:00+07:00,46.0,7.0,73.0,/dl/web/weather/ic-w-04-scattered-clouds-full.svg,Huế,-0.4903449376816406,0,-0.2621674816385417,0
2025-07-06 12:00:00+07:00,47.0,9.8,69.0,/dl/web/weather/ic-w-04-scattered-clouds-full.svg,Huế,-0.43838692790878364,0,0.2047269955756204,0
2025-07-06 13:00:00+07:00,44.0,12.7,71.0,/dl/web/weather/ic-w-04-scattered-clouds-full.svg,Huế,-0.5942609572273546,0,0.6882962755474308,0
2025-07-06 14:00:00+07:00,53.0,10.0,75.0,/dl/web/weather/ic-w-06-rain-full.svg,Huế,-0.12663886927164178,0,0.23807660109091755,0
2025-07-06 15:00:00+07:00,51.0,9.7,72.0,/dl/web/weather/ic-w-06-rain-full.svg,Huế,-0.23055488881735575,0,0.18805219281797153,0
2025-07-06 16:00:00+07:00,43.0,10.0,74.0,/dl/web/weather/ic-w-06-rain-full.svg,Huế,-0.6462189670002115,0,0.23807660109091755,0
2025-07-06 17:00:00+07:00,43.0,10.5,77.0,/dl/web/weather/ic-w-06-rain-full.svg,Huế,-0.6462189670002115,0,0.32145061487916077,0
2025-07-06 18:00:00+07:00,43.0,9.3,75.0,/dl/web/weather/ic-w-04-scattered-clouds-full.svg,Huế,-0.6462189670002115,0,0.12135298178737719,0
2025-07-06 19:00:00+07:00,43.0,9.0,84.0,/dl/web/weather/ic-w-04-scattered-clouds-full.svg,Huế,-0.6462189670002115,0,0.07132857351443116,0
2025-07-06 20:00:00+07:00,44.0,7.1,86.0,/dl/web/weather/ic-w-04-scattered-clouds-full.svg,Huế,-0.5942609572273546,0,-0.2454926788808931,0
2025-07-06 21:00:00+07:00,46.0,5.6,89.0,/dl/web/weather/ic-w-04-scattered-clouds-full.svg,Huế,-0.4903449376816406,0,-0.4956147202456227,0
2025-07-06 22:00:00+07:00,46.0,4.8,82.0,/dl/web/weather/ic-w-04-scattered-clouds-full.svg,Huế,-0.4903449376816406,0,-0.6290131423068118,0
2025-07-06 23:00:00+07:00,44.0,4.5,85.0,/dl/web/weather/ic-w-04-scattered-clouds-full.svg,Huế,-0.5942609572273546,0,-0.6790375505797577,0
2025-07-07 00:00:00+07:00,43.0,5.3,85.0,/dl/web/weather/ic-w-04-scattered-clouds-full.svg,Huế,-0.6462189670002115,0,-0.5456391285185686,0
2025-07-07 01:00:00+07:00,43.0,6.9,88.0,/dl/web/weather/ic-w-04-scattered-clouds-full.svg,Huế,-0.6462189670002115,0,-0.27884228439619024,0
2025-07-07 02:00:00+07:00,43.0,6.4,89.0,/dl/web/weather/ic-w-04-scattered-clouds-full.svg,Huế,-0.6462189670002115,0,-0.36221629818443346,0
2025-07-07 03:00:00+07:00,44.0,6.0,85.0,/dl/web/weather/ic-w-04-scattered-clouds-full.svg,Huế,-0.5942609572273546,0,-0.4289155092150281,0
2025-07-07 04:00:00+07:00,44.0,6.4,89.0,/dl/web/weather/ic-w-04-scattered-clouds-full.svg,Huế,-0.5942609572273546,0,-0.36221629818443346,0
2025-07-07 05:00:00+07:00,44.0,6.1,89.0,/dl/web/weather/ic-w-12-night-rain-full.svg,Huế,-0.5942609572273546,0,-0.4122407064573795,0
2025-07-07 06:00:00+07:00,43.0,5.8,89.0,/dl/web/weather/ic-w-06-rain-full.svg,Huế,-0.6462189670002115,0,-0.4622651147303254,0
2025-07-07 07:00:00+07:00,44.0,5.0,76.0,/dl/web/weather/ic-w-06-rain-full.svg,Huế,-0.5942609572273546,0,-0.5956635367915145,0
2025-07-07 08:00:00+07:00,44.0,3.9,77.0,/dl/web/weather/ic-w-06-rain-full.svg,Huế,-0.5942609572273546,0,-0.7790863671256495,0
2025-07-07 09:00:00+07:00,44.0,1.3,62.0,/dl/web/weather/ic-w-06-rain-full.svg,Huế,-0.5942609572273546,0,-1.2126312388245142,0
2025-07-07 10:00:00+07:00,44.0,1.8,61.0,/dl/web/weather/ic-w-06-rain-full.svg,Huế,-0.5942609572273546,0,-1.1292572250362711,0
2025-07-07 11:00:00+07:00,44.0,5.0,60.0,/dl/web/weather/ic-w-06-rain-full.svg,Huế,-0.5942609572273546,0,-0.5956635367915145,0
2025-07-07 12:00:00+07:00,44.0,10.0,57.0,/dl/web/weather/ic-w-04-scattered-clouds-full.svg,Huế,-0.5942609572273546,0,0.23807660109091755,0
2025-07-07 13:00:00+07:00,44.0,14.2,61.0,/dl/web/weather/ic-w-04-scattered-clouds-full.svg,Huế,-0.5942609572273546,0,0.9384183169121604,0
2025-07-07 14:00:00+07:00,52.0,14.2,63.0,/dl/web/weather/ic-w-04-scattered-clouds-full.svg,Huế,-0.17859687904449875,0,0.9384183169121604,0
2025-07-07 15:00:00+07:00,52.0,16.6,60.0,/dl/web/weather/ic-w-04-scattered-clouds-full.svg,Huế,-0.17859687904449875,0,1.3386135830957282,0
2025-07-07 16:00:00+07:00,52.0,16.4,65.0,/dl/web/weather/ic-w-04-scattered-clouds-full.svg,Huế,-0.17859687904449875,0,1.3052639775804304,0
2025-07-07 17:00:00+07:00,55.0,11.3,66.0,/dl/web/weather/ic-w-04-scattered-clouds-full.svg,Huế,-0.022722849725927835,0,0.45484903694035,0
2025-07-07 18:00:00+07:00,55.0,8.7,73.0,/dl/web/weather/ic-w-04-scattered-clouds-full.svg,Huế,-0.022722849725927835,0,0.02130416524148511,0
2025-07-07 19:00:00+07:00,55.0,8.7,77.0,/dl/web/weather/ic-w-04-scattered-clouds-full.svg,Huế,-0.022722849725927835,0,0.02130416524148511,0
2025-07-07 20:00:00+07:00,59.0,7.6,81.0,/dl/web/weather/ic-w-04-scattered-clouds-full.svg,Huế,0.18510918936550008,0,-0.16211866509264988,0
2025-07-07 21:00:00+07:00,59.0,4.5,81.0,/dl/web/weather/ic-w-04-scattered-clouds-full.svg,Huế,0.18510918936550008,0,-0.6790375505797577,0
2025-07-08 00:00:00+07:00,58.0,6.9,82.0,/dl/web/weather/ic-w-04-scattered-clouds-full.svg,Huế,0.13315117959264308,0,-0.27884228439619024,0
2025-07-08 01:00:00+07:00,58.0,6.8,83.0,/dl/web/weather/ic-w-04-scattered-clouds-full.svg,Huế,0.13315117959264308,0,-0.295517087153839,0
2025-07-08 03:00:00+07:00,58.0,6.6,74.0,/dl/web/weather/ic-w-04-scattered-clouds-full.svg,Huế,0.13315117959264308,0,-0.3288666926691363,0
2025-07-08 05:00:00+07:00,53.0,6.6,68.0,/dl/web/weather/ic-w-04-scattered-clouds-full.svg,Huế,-0.12663886927164178,0,-0.3288666926691363,0
2025-07-08 06:00:00+07:00,53.0,7.1,66.0,/dl/web/weather/ic-w-04-scattered-clouds-full.svg,Huế,-0.12663886927164178,0,-0.2454926788808931,0
2025-07-08 07:00:00+07:00,53.0,6.1,67.0,/dl/web/weather/ic-w-04-scattered-clouds-full.svg,Huế,-0.12663886927164178,0,-0.4122407064573795,0
2025-07-08 08:00:00+07:00,52.0,6.4,67.0,/dl/web/weather/ic-w-04-scattered-clouds-full.svg,Huế,-0.17859687904449875,0,-0.36221629818443346,0
2025-07-08 09:00:00+07:00,52.0,6.6,55.0,/dl/web/weather/ic-w-04-scattered-clouds-full.svg,Huế,-0.17859687904449875,0,-0.3288666926691363,0
2025-07-08 10:00:00+07:00,44.0,4.8,53.0,/dl/web/weather/ic-w-04-scattered-clouds-full.svg,Huế,-0.5942609572273546,0,-0.6290131423068118,0
2025-07-08 11:00:00+07:00,51.0,2.1,49.0,/dl/web/weather/ic-w-06-rain-full.svg,Huế,-0.23055488881735575,0,-1.0792328167633252,0
2025-07-08 12:00:00+07:00,51.0,9.3,50.0,/dl/web/weather/ic-w-06-rain-full.svg,Huế,-0.23055488881735575,0,0.12135298178737719,0
2025-07-08 13:00:00+07:00,51.0,11.3,50.0,/dl/web/weather/ic-w-04-scattered-clouds-full.svg,Huế,-0.23055488881735575,0,0.45484903694035,0
2025-07-08 14:00:00+07:00,47.0,15.6,49.0,/dl/web/weather/ic-w-04-scattered-clouds-full.svg,Huế,-0.43838692790878364,0,1.1718655555192414,0
2025-07-08 15:00:00+07:00,47.0,18.8,60.0,/dl/web/weather/ic-w-04-scattered-clouds-full.svg,Huế,-0.43838692790878364,0,1.7054592437639982,0
2025-07-08 16:00:00+07:00,47.0,15.8,50.0,/dl/web/weather/ic-w-04-scattered-clouds-full.svg,Huế,-0.43838692790878364,0,1.205215161034539,0
2025-07-08 17:00:00+07:00,52.0,14.0,52.0,/dl/web/weather/ic-w-04-scattered-clouds-full.svg,Huế,-0.17859687904449875,0,0.9050687113968632,0
2025-07-08 18:00:00+07:00,52.0,11.3,55.0,/dl/web/weather/ic-w-04-scattered-clouds-full.svg,Huế,-0.17859687904449875,0,0.45484903694035,0
2025-07-08 19:00:00+07:00,52.0,9.2,72.0,/dl/web/weather/ic-w-04-scattered-clouds-full.svg,Huế,-0.17859687904449875,0,0.10467817902972831,0
2025-07-08 21:00:00+07:00,55.0,5.6,67.0,/dl/web/weather/ic-w-04-scattered-clouds-full.svg,Huế,-0.022722849725927835,0,-0.4956147202456227,0
2025-07-08 22:00:00+07:00,55.0,6.3,62.0,/dl/web/weather/ic-w-04-scattered-clouds-full.svg,Huế,-0.022722849725927835,0,-0.37889110094208217,0
2025-07-08 23:00:00+07:00,57.0,7.9,64.0,/dl/web/weather/ic-w-04-scattered-clouds-full.svg,Huế,0.08119316981978612,0,-0.11209425681970385,0
2025-07-09 00:00:00+07:00,57.0,7.9,67.0,/dl/web/weather/ic-w-04-scattered-clouds-full.svg,Huế,0.08119316981978612,0,-0.11209425681970385,0
2025-07-09 01:00:00+07:00,57.0,7.1,73.0,/dl/web/weather/ic-w-04-scattered-clouds-full.svg,Huế,0.08119316981978612,0,-0.2454926788808931,0
2025-07-09 02:00:00+07:00,52.0,8.4,69.0,/dl/web/weather/ic-w-04-scattered-clouds-full.svg,Huế,-0.17859687904449875,0,-0.02872024303146064,0
2025-07-09 03:00:00+07:00,52.0,7.1,61.0,/dl/web/weather/ic-w-04-scattered-clouds-full.svg,Huế,-0.17859687904449875,0,-0.2454926788808931,0
2025-07-09 04:00:00+07:00,52.0,8.0,61.0,/dl/web/weather/ic-w-04-scattered-clouds-full.svg,Huế,-0.17859687904449875,0,-0.09541945406205526,0
2025-07-09 05:00:00+07:00,49.0,8.5,64.0,/dl/web/weather/ic-w-04-scattered-clouds-full.svg,Huế,-0.3344709083630697,0,-0.012045440273812056,0
2025-07-09 06:00:00+07:00,49.0,6.1,61.0,/dl/web/weather/ic-w-04-scattered-clouds-full.svg,Huế,-0.3344709083630697,0,-0.4122407064573795,0
2025-07-09 07:00:00+07:00,49.0,6.9,68.0,/dl/web/weather/ic-w-04-scattered-clouds-full.svg,Huế,-0.3344709083630697,0,-0.27884228439619024,0
2025-07-09 08:00:00+07:00,52.0,6.8,62.0,/dl/web/weather/ic-w-04-scattered-clouds-full.svg,Huế,-0.17859687904449875,0,-0.295517087153839,0
2025-07-09 09:00:00+07:00,52.0,5.8,60.0,/dl/web/weather/ic-w-04-scattered-clouds-full.svg,Huế,-0.17859687904449875,0,-0.4622651147303254,0
2025-07-09 10:00:00+07:00,52.0,6.3,61.0,/dl/web/weather/ic-w-04-scattered-clouds-full.svg,Huế,-0.17859687904449875,0,-0.37889110094208217,0
2025-07-09 11:00:00+07:00,48.0,6.3,62.0,/dl/web/weather/ic-w-04-scattered-clouds-full.svg,Huế,-0.38642891813592667,0,-0.37889110094208217,0
2025-07-09 12:00:00+07:00,48.0,3.5,62.0,/dl/web/weather/ic-w-04-scattered-clouds-full.svg,Huế,-0.38642891813592667,0,-0.8457855781562441,0
2025-07-09 13:00:00+07:00,48.0,12.4,62.0,/dl/web/weather/ic-w-06-rain-full.svg,Huế,-0.38642891813592667,0,0.638271867274485,0
2025-07-09 14:00:00+07:00,47.0,17.5,52.0,/dl/web/weather/ic-w-06-rain-full.svg,Huế,-0.43838692790878364,0,1.4886868079145656,0
2025-07-09 15:00:00+07:00,47.0,12.9,55.0,/dl/web/weather/ic-w-04-scattered-clouds-full.svg,Huế,-0.43838692790878364,0,0.7216458810627282,0
2025-07-09 16:00:00+07:00,47.0,9.5,57.0,/dl/web/weather/ic-w-06-rain-full.svg,Huế,-0.43838692790878364,0,0.15470258730267436,0
2025-07-09 17:00:00+07:00,51.0,6.9,57.0,/dl/web/weather/ic-w-04-scattered-clouds-full.svg,Huế,-0.23055488881735575,0,-0.27884228439619024,0
2025-07-09 18:00:00+07:00,51.0,6.1,53.0,/dl/web/weather/ic-w-04-scattered-clouds-full.svg,Huế,-0.23055488881735575,0,-0.4122407064573795,0
2025-07-09 19:00:00+07:00,51.0,6.8,60.0,/dl/web/weather/ic-w-04-scattered-clouds-full.svg,Huế,-0.23055488881735575,0,-0.295517087153839,0
2025-07-09 21:00:00+07:00,55.0,7.2,57.0,/dl/web/weather/ic-w-04-scattered-clouds-full.svg,Huế,-0.022722849725927835,0,-0.22881787612324436,0
2025-07-09 22:00:00+07:00,55.0,8.2,57.0,/dl/web/weather/ic-w-04-scattered-clouds-full.svg,Huế,-0.022722849725927835,0,-0.062069848546758094,0
2025-07-09 23:00:00+07:00,56.0,6.6,57.0,/dl/web/weather/ic-w-04-scattered-clouds-full.svg,Huế,0.02923516004692914,0,-0.3288666926691363,0
2025-07-10 00:00:00+07:00,56.0,7.1,57.0,/dl/web/weather/ic-w-04-scattered-clouds-full.svg,Huế,0.02923516004692914,0,-0.2454926788808931,0
2025-07-10 01:00:00+07:00,56.0,8.2,60.0,/dl/web/weather/ic-w-04-scattered-clouds-full.svg,Huế,0.02923516004692914,0,-0.062069848546758094,0
2025-07-10 02:00:00+07:00,48.0,6.8,71.0,/dl/web/weather/ic-w-12-night-rain-full.svg,Huế,-0.38642891813592667,0,-0.295517087153839,0
2025-07-10 03:00:00+07:00,48.0,7.1,62.0,/dl/web/weather/ic-w-04-scattered-clouds-full.svg,Huế,-0.38642891813592667,0,-0.2454926788808931,0
2025-07-10 04:00:00+07:00,48.0,6.0,68.0,/dl/web/weather/ic-w-04-scattered-clouds-full.svg,Huế,-0.38642891813592667,0,-0.4289155092150281,0
2025-07-10 06:00:00+07:00,47.0,5.6,65.0,/dl/web/weather/ic-w-04-scattered-clouds-full.svg,Huế,-0.43838692790878364,0,-0.4956147202456227,0
2025-07-10 07:00:00+07:00,47.0,4.2,76.0,/dl/web/weather/ic-w-04-scattered-clouds-full.svg,Huế,-0.43838692790878364,0,-0.7290619588527036,0
2025-07-10 08:00:00+07:00,48.0,6.4,59.0,/dl/web/weather/ic-w-04-scattered-clouds-full.svg,Huế,-0.38642891813592667,0,-0.36221629818443346,0
2025-07-10 09:00:00+07:00,48.0,8.9,57.0,/dl/web/weather/ic-w-04-scattered-clouds-full.svg,Huế,-0.38642891813592667,0,0.05465377075678257,0
2025-07-10 10:00:00+07:00,48.0,7.9,57.0,/dl/web/weather/ic-w-04-scattered-clouds-full.svg,Huế,-0.38642891813592667,0,-0.11209425681970385,0
2025-07-10 11:00:00+07:00,52.0,11.1,52.0,/dl/web/weather/ic-w-04-scattered-clouds-full.svg,Huế,-0.17859687904449875,0,0.42149943142505253,0
2025-07-10 12:00:00+07:00,52.0,10.9,49.0,/dl/web/weather/ic-w-04-scattered-clouds-full.svg,Huế,-0.17859687904449875,0,0.3881498259097554,0
2025-07-10 13:00:00+07:00,52.0,13.7,48.0,/dl/web/weather/ic-w-04-scattered-clouds-full.svg,Huế,-0.17859687904449875,0,0.8550443031239172,0
2025-07-10 14:00:00+07:00,52.0,14.3,49.0,/dl/web/weather/ic-w-04-scattered-clouds-full.svg,Huế,-0.17859687904449875,0,0.9550931196698093,0
2025-07-10 15:00:00+07:00,52.0,12.7,47.0,/dl/web/weather/ic-w-04-scattered-clouds-full.svg,Huế,-0.17859687904449875,0,0.6882962755474308,0
2025-07-10 16:00:00+07:00,52.0,11.3,48.0,/dl/web/weather/ic-w-06-rain-full.svg,Huế,-0.17859687904449875,0,0.45484903694035,0
2025-07-10 17:00:00+07:00,54.0,12.1,51.0,/dl/web/weather/ic-w-06-rain-full.svg,Huế,-0.07468085949878481,0,0.588247459001539,0
2025-07-10 18:00:00+07:00,54.0,9.3,56.0,/dl/web/weather/ic-w-06-rain-full.svg,Huế,-0.07468085949878481,0,0.12135298178737719,0
2025-07-10 19:00:00+07:00,57.0,5.3,73.0,/dl/web/weather/ic-w-12-night-rain-full.svg,Huế,0.08119316981978612,0,-0.5456391285185686,0
2025-07-10 21:00:00+07:00,61.0,5.5,76.0,/dl/web/weather/ic-w-04-scattered-clouds-full.svg,Huế,0.289025208911214,0,-0.5122895230032712,0
2025-07-11 00:00:00+07:00,57.0,7.9,64.0,/dl/web/weather/ic-w-04-scattered-clouds-full.svg,Huế,0.08119316981978612,0,-0.11209425681970385,0
2025-07-11 01:00:00+07:00,57.0,7.4,68.0,/dl/web/weather/ic-w-04-scattered-clouds-full.svg,Huế,0.08119316981978612,0,-0.19546827060794705,0
2025-07-11 02:00:00+07:00,53.0,7.1,69.0,/dl/web/weather/ic-w-04-scattered-clouds-full.svg,Huế,-0.12663886927164178,0,-0.2454926788808931,0
2025-07-11 03:00:00+07:00,53.0,6.8,72.0,/dl/web/weather/ic-w-04-scattered-clouds-full.svg,Huế,-0.12663886927164178,0,-0.295517087153839,0
2025-07-11 04:00:00+07:00,53.0,6.9,72.0,/dl/web/weather/ic-w-04-scattered-clouds-full.svg,Huế,-0.12663886927164178,0,-0.27884228439619024,0
2025-07-11 05:00:00+07:00,52.0,7.1,64.0,/dl/web/weather/ic-w-12-night-rain-full.svg,Huế,-0.17859687904449875,0,-0.2454926788808931,0
2025-07-11 06:00:00+07:00,54.0,7.2,76.0,/dl/web/weather/ic-w-06-rain-full.svg,Huế,-0.07468085949878481,0,-0.22881787612324436,0
2025-07-11 07:00:00+07:00,46.0,5.1,78.0,/dl/web/weather/ic-w-04-scattered-clouds-full.svg,Huế,-0.4903449376816406,0,-0.5789887340338659,0
2025-07-11 08:00:00+07:00,43.0,5.3,72.0,/dl/web/weather/ic-w-04-scattered-clouds-full.svg,Huế,-0.6462189670002115,0,-0.5456391285185686,0
2025-07-11 09:00:00+07:00,43.0,5.5,67.0,/dl/web/weather/ic-w-04-scattered-clouds-full.svg,Huế,-0.6462189670002115,0,-0.5122895230032712,0
2025-07-11 10:00:00+07:00,44.0,5.5,57.0,/dl/web/weather/ic-w-04-scattered-clouds-full.svg,Huế,-0.5942609572273546,0,-0.5122895230032712,0
2025-07-11 11:00:00+07:00,44.0,5.6,55.0,/dl/web/weather/ic-w-04-scattered-clouds-full.svg,Huế,-0.5942609572273546,0,-0.4956147202456227,0
2025-07-11 12:00:00+07:00,46.0,10.8,54.0,/dl/web/weather/ic-w-04-scattered-clouds-full.svg,Huế,-0.4903449376816406,0,0.3714750231521068,0
2025-07-11 13:00:00+07:00,43.0,10.3,60.0,/dl/web/weather/ic-w-04-scattered-clouds-full.svg,Huế,-0.6462189670002115,0,0.2881010093638636,0
2025-07-11 14:00:00+07:00,43.0,10.8,66.0,/dl/web/weather/ic-w-04-scattered-clouds-full.svg,Huế,-0.6462189670002115,0,0.3714750231521068,0
2025-07-11 15:00:00+07:00,43.0,10.9,75.0,/dl/web/weather/ic-w-04-scattered-clouds-full.svg,Huế,-0.6462189670002115,0,0.3881498259097554,0
2025-07-11 16:00:00+07:00,43.0,8.2,66.0,/dl/web/weather/ic-w-04-scattered-clouds-full.svg,Huế,-0.6462189670002115,0,-0.062069848546758094,0
2025-07-11 17:00:00+07:00,43.0,5.0,67.0,/dl/web/weather/ic-w-04-scattered-clouds-full.svg,Huế,-0.6462189670002115,0,-0.5956635367915145,0
2025-07-11 18:00:00+07:00,43.0,3.1,69.0,/dl/web/weather/ic-w-04-scattered-clouds-full.svg,Huế,-0.6462189670002115,0,-0.9124847891868387,0
2025-07-11 19:00:00+07:00,43.0,3.1,73.0,/dl/web/weather/ic-w-04-scattered-clouds-full.svg,Huế,-0.6462189670002115,0,-0.9124847891868387,0
2025-07-11 20:00:00+07:00,44.0,4.3,80.0,/dl/web/weather/ic-w-04-scattered-clouds-full.svg,Huế,-0.5942609572273546,0,-0.712387156095055,0
2025-07-11 21:00:00+07:00,44.0,4.3,80.0,/dl/web/weather/ic-w-04-scattered-clouds-full.svg,Huế,-0.5942609572273546,0,-0.712387156095055,0
2025-07-11 22:00:00+07:00,46.0,4.5,76.0,/dl/web/weather/ic-w-04-scattered-clouds-full.svg,Huế,-0.4903449376816406,0,-0.6790375505797577,0
2025-07-11 23:00:00+07:00,47.0,3.4,76.0,/dl/web/weather/ic-w-04-scattered-clouds-full.svg,Huế,-0.43838692790878364,0,-0.8624603809138927,0
2025-07-12 00:00:00+07:00,49.0,2.1,82.0,/dl/web/weather/ic-w-04-scattered-clouds-full.svg,Huế,-0.3344709083630697,0,-1.0792328167633252,0
2025-07-12 01:00:00+07:00,45.0,4.2,82.0,/dl/web/weather/ic-w-04-scattered-clouds-full.svg,Huế,-0.5423029474544976,0,-0.7290619588527036,0
2025-07-12 02:00:00+07:00,45.0,4.8,83.0,/dl/web/weather/ic-w-04-scattered-clouds-full.svg,Huế,-0.5423029474544976,0,-0.6290131423068118,0
2025-07-12 03:00:00+07:00,43.0,4.5,83.0,/dl/web/weather/ic-w-04-scattered-clouds-full.svg,Huế,-0.6462189670002115,0,-0.6790375505797577,0
2025-07-12 04:00:00+07:00,43.0,5.0,82.0,/dl/web/weather/ic-w-04-scattered-clouds-full.svg,Huế,-0.6462189670002115,0,-0.5956635367915145,0
2025-07-12 05:00:00+07:00,43.0,4.8,82.0,/dl/web/weather/ic-w-04-scattered-clouds-full.svg,Huế,-0.6462189670002115,0,-0.6290131423068118,0
2025-07-12 06:00:00+07:00,43.0,3.9,82.0,/dl/web/weather/ic-w-04-scattered-clouds-full.svg,Huế,-0.6462189670002115,0,-0.7790863671256495,0
2025-07-12 07:00:00+07:00,43.0,3.5,76.0,/dl/web/weather/ic-w-04-scattered-clouds-full.svg,Huế,-0.6462189670002115,0,-0.8457855781562441,0
2025-07-12 08:00:00+07:00,44.0,2.7,68.0,/dl/web/weather/ic-w-04-scattered-clouds-full.svg,Huế,-0.5942609572273546,0,-0.9791840002174332,0
2025-07-12 09:00:00+07:00,44.0,2.4,66.0,/dl/web/weather/ic-w-04-scattered-clouds-full.svg,Huế,-0.5942609572273546,0,-1.0292084084903792,0
2025-07-12 10:00:00+07:00,46.0,2.7,59.0,/dl/web/weather/ic-w-04-scattered-clouds-full.svg,Huế,-0.4903449376816406,0,-0.9791840002174332,0
2025-07-12 11:00:00+07:00,46.0,6.3,58.0,/dl/web/weather/ic-w-04-scattered-clouds-full.svg,Huế,-0.4903449376816406,0,-0.37889110094208217,0
2025-07-12 12:00:00+07:00,46.0,10.5,62.0,/dl/web/weather/ic-w-04-scattered-clouds-full.svg,Huế,-0.4903449376816406,0,0.32145061487916077,0
2025-07-12 13:00:00+07:00,43.0,12.2,64.0,/dl/web/weather/ic-w-04-scattered-clouds-full.svg,Huế,-0.6462189670002115,0,0.6049222617591875,0
2025-07-12 14:00:00+07:00,43.0,14.0,62.0,/dl/web/weather/ic-w-04-scattered-clouds-full.svg,Huế,-0.6462189670002115,0,0.9050687113968632,0
2025-07-12 15:00:00+07:00,43.0,13.7,68.0,/dl/web/weather/ic-w-04-scattered-clouds-full.svg,Huế,-0.6462189670002115,0,0.8550443031239172,0
2025-07-12 16:00:00+07:00,43.0,11.7,66.0,/dl/web/weather/ic-w-04-scattered-clouds-full.svg,Huế,-0.6462189670002115,0,0.5215482479709443,0
2025-07-12 17:00:00+07:00,43.0,9.0,77.0,/dl/web/weather/ic-w-04-scattered-clouds-full.svg,Huế,-0.6462189670002115,0,0.07132857351443116,0
2025-07-12 18:00:00+07:00,43.0,7.9,75.0,/dl/web/weather/ic-w-04-scattered-clouds-full.svg,Huế,-0.6462189670002115,0,-0.11209425681970385,0
2025-07-12 19:00:00+07:00,43.0,6.1,82.0,/dl/web/weather/ic-w-04-scattered-clouds-full.svg,Huế,-0.6462189670002115,0,-0.4122407064573795,0
2025-07-12 20:00:00+07:00,52.0,5.1,85.0,/dl/web/weather/ic-w-04-scattered-clouds-full.svg,Huế,-0.17859687904449875,0,-0.5789887340338659,0
2025-07-12 21:00:00+07:00,53.0,4.7,82.0,/dl/web/weather/ic-w-04-scattered-clouds-full.svg,Huế,-0.12663886927164178,0,-0.6456879450644604,0
2025-07-12 22:00:00+07:00,51.0,5.3,79.0,/dl/web/weather/ic-w-04-scattered-clouds-full.svg,Huế,-0.23055488881735575,0,-0.5456391285185686,0
2025-07-12 23:00:00+07:00,43.0,5.6,80.0,/dl/web/weather/ic-w-04-scattered-clouds-full.svg,Huế,-0.6462189670002115,0,-0.4956147202456227,0
2025-07-13 00:00:00+07:00,43.0,6.6,86.0,/dl/web/weather/ic-w-04-scattered-clouds-full.svg,Huế,-0.6462189670002115,0,-0.3288666926691363,0
2025-07-13 01:00:00+07:00,43.0,6.0,91.0,/dl/web/weather/ic-w-11-night-few-clouds-full.svg,Huế,-0.6462189670002115,0,-0.4289155092150281,0
2025-07-13 02:00:00+07:00,43.0,6.6,90.0,/dl/web/weather/ic-w-10-night-clear-sky-full.svg,Huế,-0.6462189670002115,0,-0.3288666926691363,0
2025-07-13 03:00:00+07:00,43.0,6.1,90.0,/dl/web/weather/ic-w-10-night-clear-sky-full.svg,Huế,-0.6462189670002115,0,-0.4122407064573795,0
2025-07-13 04:00:00+07:00,44.0,5.8,90.0,/dl/web/weather/ic-w-10-night-clear-sky-full.svg,Huế,-0.5942609572273546,0,-0.4622651147303254,0
2025-07-13 05:00:00+07:00,43.0,4.8,89.0,/dl/web/weather/ic-w-10-night-clear-sky-full.svg,Huế,-0.6462189670002115,0,-0.6290131423068118,0
2025-07-13 06:00:00+07:00,43.0,3.9,82.0,/dl/web/weather/ic-w-02-new-clouds-full.svg,Huế,-0.6462189670002115,0,-0.7790863671256495,0
2025-07-13 07:00:00+07:00,44.0,5.0,87.0,/dl/web/weather/ic-w-04-scattered-clouds-full.svg,Huế,-0.5942609572273546,0,-0.5956635367915145,0
2025-07-13 08:00:00+07:00,53.0,3.7,74.0,/dl/web/weather/ic-w-04-scattered-clouds-full.svg,Huế,-0.12663886927164178,0,-0.8124359726409468,0
2025-07-13 09:00:00+07:00,58.0,2.9,76.0,/dl/web/weather/ic-w-04-scattered-clouds-full.svg,Huế,0.13315117959264308,0,-0.9458343947021359,0
2025-07-13 10:00:00+07:00,58.0,5.3,68.0,/dl/web/weather/ic-w-04-scattered-clouds-full.svg,Huế,0.13315117959264308,0,-0.5456391285185686,0
2025-07-13 11:00:00+07:00,56.0,7.9,58.0,/dl/web/weather/ic-w-04-scattered-clouds-full.svg,Huế,0.02923516004692914,0,-0.11209425681970385,0
2025-07-13 12:00:00+07:00,56.0,12.6,61.0,/dl/web/weather/ic-w-04-scattered-clouds-full.svg,Huế,0.02923516004692914,0,0.6716214727897821,0
2025-07-13 13:00:00+07:00,56.0,15.4,58.0,/dl/web/weather/ic-w-04-scattered-clouds-full.svg,Huế,0.02923516004692914,0,1.1385159500039443,0
2025-07-13 14:00:00+07:00,48.0,15.1,60.0,/dl/web/weather/ic-w-04-scattered-clouds-full.svg,Huế,-0.38642891813592667,0,1.0884915417309982,0
2025-07-13 15:00:00+07:00,43.0,14.8,59.0,/dl/web/weather/ic-w-04-scattered-clouds-full.svg,Huế,-0.6462189670002115,0,1.0384671334580524,0
2025-07-13 16:00:00+07:00,43.0,11.7,61.0,/dl/web/weather/ic-w-04-scattered-clouds-full.svg,Huế,-0.6462189670002115,0,0.5215482479709443,0
2025-07-13 17:00:00+07:00,43.0,10.5,65.0,/dl/web/weather/ic-w-04-scattered-clouds-full.svg,Huế,-0.6462189670002115,0,0.32145061487916077,0
2025-07-13 18:00:00+07:00,43.0,8.9,71.0,/dl/web/weather/ic-w-04-scattered-clouds-full.svg,Huế,-0.6462189670002115,0,0.05465377075678257,0
2025-07-13 19:00:00+07:00,48.0,5.6,77.0,/dl/web/weather/ic-w-04-scattered-clouds-full.svg,Huế,-0.38642891813592667,0,-0.4956147202456227,0
2025-07-13 20:00:00+07:00,51.0,5.1,75.0,/dl/web/weather/ic-w-04-scattered-clouds-full.svg,Huế,-0.23055488881735575,0,-0.5789887340338659,0
2025-07-13 21:00:00+07:00,50.0,5.0,75.0,/dl/web/weather/ic-w-04-scattered-clouds-full.svg,Huế,-0.2825128985902127,0,-0.5956635367915145,0
2025-07-13 22:00:00+07:00,46.0,5.3,79.0,/dl/web/weather/ic-w-04-scattered-clouds-full.svg,Huế,-0.4903449376816406,0,-0.5456391285185686,0
2025-07-13 23:00:00+07:00,44.0,5.0,73.0,/dl/web/weather/ic-w-04-scattered-clouds-full.svg,Huế,-0.5942609572273546,0,-0.5956635367915145,0
2025-07-14 00:00:00+07:00,44.0,5.1,86.0,/dl/web/weather/ic-w-04-scattered-clouds-full.svg,Huế,-0.5942609572273546,0,-0.5789887340338659,0
2025-07-14 01:00:00+07:00,43.0,5.6,88.0,/dl/web/weather/ic-w-04-scattered-clouds-full.svg,Huế,-0.6462189670002115,0,-0.4956147202456227,0
2025-07-14 02:00:00+07:00,43.0,6.1,86.0,/dl/web/weather/ic-w-04-scattered-clouds-full.svg,Huế,-0.6462189670002115,0,-0.4122407064573795,0
2025-07-14 03:00:00+07:00,43.0,6.1,82.0,/dl/web/weather/ic-w-04-scattered-clouds-full.svg,Huế,-0.6462189670002115,0,-0.4122407064573795,0
2025-07-14 04:00:00+07:00,44.0,5.5,82.0,/dl/web/weather/ic-w-04-scattered-clouds-full.svg,Huế,-0.5942609572273546,0,-0.5122895230032712,0
2025-07-14 05:00:00+07:00,44.0,5.8,86.0,/dl/web/weather/ic-w-04-scattered-clouds-full.svg,Huế,-0.5942609572273546,0,-0.4622651147303254,0
2025-07-14 06:00:00+07:00,43.0,6.3,86.0,/dl/web/weather/ic-w-04-scattered-clouds-full.svg,Huế,-0.6462189670002115,0,-0.37889110094208217,0
2025-07-14 07:00:00+07:00,43.0,4.5,82.0,/dl/web/weather/ic-w-04-scattered-clouds-full.svg,Huế,-0.6462189670002115,0,-0.6790375505797577,0
2025-07-14 08:00:00+07:00,43.0,4.2,78.0,/dl/web/weather/ic-w-04-scattered-clouds-full.svg,Huế,-0.6462189670002115,0,-0.7290619588527036,0
2025-07-14 09:00:00+07:00,43.0,2.1,72.0,/dl/web/weather/ic-w-04-scattered-clouds-full.svg,Huế,-0.6462189670002115,0,-1.0792328167633252,0
2025-07-14 10:00:00+07:00,46.0,4.3,67.0,/dl/web/weather/ic-w-04-scattered-clouds-full.svg,Huế,-0.4903449376816406,0,-0.712387156095055,0
2025-07-14 11:00:00+07:00,46.0,8.5,61.0,/dl/web/weather/ic-w-04-scattered-clouds-full.svg,Huế,-0.4903449376816406,0,-0.012045440273812056,0
2025-07-14 12:00:00+07:00,46.0,13.0,54.0,/dl/web/weather/ic-w-04-scattered-clouds-full.svg,Huế,-0.4903449376816406,0,0.7383206838203767,0
2025-07-14 13:00:00+07:00,44.0,14.3,57.0,/dl/web/weather/ic-w-04-scattered-clouds-full.svg,Huế,-0.5942609572273546,0,0.9550931196698093,0
2025-07-14 14:00:00+07:00,44.0,13.0,61.0,/dl/web/weather/ic-w-04-scattered-clouds-full.svg,Huế,-0.5942609572273546,0,0.7383206838203767,0
2025-07-14 15:00:00+07:00,43.0,11.6,59.0,/dl/web/weather/ic-w-04-scattered-clouds-full.svg,Huế,-0.6462189670002115,0,0.5048734452132958,0
2025-07-14 16:00:00+07:00,43.0,10.5,63.0,/dl/web/weather/ic-w-04-scattered-clouds-full.svg,Huế,-0.6462189670002115,0,0.32145061487916077,0
2025-07-14 17:00:00+07:00,43.0,10.1,63.0,/dl/web/weather/ic-w-04-scattered-clouds-full.svg,Huế,-0.6462189670002115,0,0.25475140384856615,0
2025-07-14 18:00:00+07:00,43.0,9.5,63.0,/dl/web/weather/ic-w-04-scattered-clouds-full.svg,Huế,-0.6462189670002115,0,0.15470258730267436,0
2025-07-14 19:00:00+07:00,43.0,7.7,70.0,/dl/web/weather/ic-w-12-night-rain-full.svg,Huế,-0.6462189670002115,0,-0.14544386233500115,0
2025-07-14 20:00:00+07:00,44.0,4.8,79.0,/dl/web/weather/ic-w-04-scattered-clouds-full.svg,Huế,-0.5942609572273546,0,-0.6290131423068118,0
2025-07-14 21:00:00+07:00,44.0,3.7,73.0,/dl/web/weather/ic-w-04-scattered-clouds-full.svg,Huế,-0.5942609572273546,0,-0.8124359726409468,0
2025-07-14 22:00:00+07:00,46.0,4.5,73.0,/dl/web/weather/ic-w-04-scattered-clouds-full.svg,Huế,-0.4903449376816406,0,-0.6790375505797577,0
2025-07-14 23:00:00+07:00,44.0,5.1,76.0,/dl/web/weather/ic-w-04-scattered-clouds-full.svg,Huế,-0.5942609572273546,0,-0.5789887340338659,0
2025-07-15 00:00:00+07:00,44.0,6.1,76.0,/dl/web/weather/ic-w-12-night-rain-full.svg,Huế,-0.5942609572273546,0,-0.4122407064573795,0
2025-07-15 01:00:00+07:00,43.0,6.1,83.0,/dl/web/weather/ic-w-04-scattered-clouds-full.svg,Huế,-0.6462189670002115,0,-0.4122407064573795,0
2025-07-15 02:00:00+07:00,43.0,6.8,79.0,/dl/web/weather/ic-w-04-scattered-clouds-full.svg,Huế,-0.6462189670002115,0,-0.295517087153839,0
2025-07-15 04:00:00+07:00,43.0,6.1,79.0,/dl/web/weather/ic-w-04-scattered-clouds-full.svg,Huế,-0.6462189670002115,0,-0.4122407064573795,0
2025-07-15 05:00:00+07:00,43.0,6.4,79.0,/dl/web/weather/ic-w-04-scattered-clouds-full.svg,Huế,-0.6462189670002115,0,-0.36221629818443346,0
2025-07-15 06:00:00+07:00,43.0,5.8,78.0,/dl/web/weather/ic-w-06-rain-full.svg,Huế,-0.6462189670002115,0,-0.4622651147303254,0
2025-07-15 07:00:00+07:00,43.0,5.8,78.0,/dl/web/weather/ic-w-04-scattered-clouds-full.svg,Huế,-0.6462189670002115,0,-0.4622651147303254,0
2025-07-15 08:00:00+07:00,44.0,5.5,70.0,/dl/web/weather/ic-w-04-scattered-clouds-full.svg,Huế,-0.5942609572273546,0,-0.5122895230032712,0
2025-07-15 09:00:00+07:00,46.0,2.9,59.0,/dl/web/weather/ic-w-04-scattered-clouds-full.svg,Huế,-0.4903449376816406,0,-0.9458343947021359,0
2025-07-15 10:00:00+07:00,46.0,3.7,53.0,/dl/web/weather/ic-w-04-scattered-clouds-full.svg,Huế,-0.4903449376816406,0,-0.8124359726409468,0
2025-07-15 11:00:00+07:00,46.0,10.3,53.0,/dl/web/weather/ic-w-04-scattered-clouds-full.svg,Huế,-0.4903449376816406,0,0.2881010093638636,0
2025-07-15 12:00:00+07:00,46.0,15.0,55.0,/dl/web/weather/ic-w-04-scattered-clouds-full.svg,Huế,-0.4903449376816406,0,1.0718167389733497,0
2025-07-15 13:00:00+07:00,47.0,16.7,59.0,/dl/web/weather/ic-w-04-scattered-clouds-full.svg,Huế,-0.43838692790878364,0,1.3552883858533764,0
2025-07-15 14:00:00+07:00,47.0,14.0,63.0,/dl/web/weather/ic-w-04-scattered-clouds-full.svg,Huế,-0.43838692790878364,0,0.9050687113968632,0
2025-07-15 15:00:00+07:00,43.0,12.2,65.0,/dl/web/weather/ic-w-04-scattered-clouds-full.svg,Huế,-0.6462189670002115,0,0.6049222617591875,0
2025-07-15 16:00:00+07:00,43.0,10.1,64.0,/dl/web/weather/ic-w-06-rain-full.svg,Huế,-0.6462189670002115,0,0.25475140384856615,0
2025-07-15 17:00:00+07:00,43.0,8.5,76.0,/dl/web/weather/ic-w-06-rain-full.svg,Huế,-0.6462189670002115,0,-0.012045440273812056,0
2025-07-15 18:00:00+07:00,43.0,7.4,79.0,/dl/web/weather/ic-w-06-rain-full.svg,Huế,-0.6462189670002115,0,-0.19546827060794705,0
2025-07-15 19:00:00+07:00,43.0,7.1,78.0,/dl/web/weather/ic-w-12-night-rain-full.svg,Huế,-0.6462189670002115,0,-0.2454926788808931,0
2025-07-15 21:00:00+07:00,44.0,5.5,75.0,/dl/web/weather/ic-w-04-scattered-clouds-full.svg,Huế,-0.5942609572273546,0,-0.5122895230032712,0
2025-07-15 22:00:00+07:00,46.0,5.5,76.0,/dl/web/weather/ic-w-04-scattered-clouds-full.svg,Huế,-0.4903449376816406,0,-0.5122895230032712,0
2025-07-15 23:00:00+07:00,44.0,5.8,79.0,/dl/web/weather/ic-w-04-scattered-clouds-full.svg,Huế,-0.5942609572273546,0,-0.4622651147303254,0
2025-07-16 00:00:00+07:00,43.0,6.1,79.0,/dl/web/weather/ic-w-12-night-rain-full.svg,Huế,-0.6462189670002115,0,-0.4122407064573795,0
2025-07-16 01:00:00+07:00,43.0,6.8,83.0,/dl/web/weather/ic-w-04-scattered-clouds-full.svg,Huế,-0.6462189670002115,0,-0.295517087153839,0
2025-07-16 02:00:00+07:00,43.0,6.9,82.0,/dl/web/weather/ic-w-04-scattered-clouds-full.svg,Huế,-0.6462189670002115,0,-0.27884228439619024,0
2025-07-16 03:00:00+07:00,43.0,6.8,81.0,/dl/web/weather/ic-w-04-scattered-clouds-full.svg,Huế,-0.6462189670002115,0,-0.295517087153839,0
2025-07-16 04:00:00+07:00,44.0,6.4,85.0,/dl/web/weather/ic-w-04-scattered-clouds-full.svg,Huế,-0.5942609572273546,0,-0.36221629818443346,0
2025-07-16 05:00:00+07:00,43.0,6.8,81.0,/dl/web/weather/ic-w-04-scattered-clouds-full.svg,Huế,-0.6462189670002115,0,-0.295517087153839,0
2025-07-16 06:00:00+07:00,44.0,5.8,84.0,/dl/web/weather/ic-w-04-scattered-clouds-full.svg,Huế,-0.5942609572273546,0,-0.4622651147303254,0
2025-07-16 07:00:00+07:00,44.0,5.0,80.0,/dl/web/weather/ic-w-04-scattered-clouds-full.svg,Huế,-0.5942609572273546,0,-0.5956635367915145,0
2025-07-16 09:00:00+07:00,44.0,2.4,65.0,/dl/web/weather/ic-w-04-scattered-clouds-full.svg,Huế,-0.5942609572273546,0,-1.0292084084903792,0
2025-07-16 10:00:00+07:00,44.0,2.9,55.0,/dl/web/weather/ic-w-04-scattered-clouds-full.svg,Huế,-0.5942609572273546,0,-0.9458343947021359,0
2025-07-16 11:00:00+07:00,46.0,8.2,52.0,/dl/web/weather/ic-w-04-scattered-clouds-full.svg,Huế,-0.4903449376816406,0,-0.062069848546758094,0
2025-07-16 12:00:00+07:00,46.0,11.9,53.0,/dl/web/weather/ic-w-04-scattered-clouds-full.svg,Huế,-0.4903449376816406,0,0.5548978534862418,0
2025-07-16 13:00:00+07:00,46.0,14.0,55.0,/dl/web/weather/ic-w-04-scattered-clouds-full.svg,Huế,-0.4903449376816406,0,0.9050687113968632,0
2025-07-16 14:00:00+07:00,46.0,11.7,56.0,/dl/web/weather/ic-w-04-scattered-clouds-full.svg,Huế,-0.4903449376816406,0,0.5215482479709443,0
2025-07-16 15:00:00+07:00,44.0,14.3,48.0,/dl/web/weather/ic-w-04-scattered-clouds-full.svg,Huế,-0.5942609572273546,0,0.9550931196698093,0
2025-07-16 16:00:00+07:00,43.0,17.1,58.0,/dl/web/weather/ic-w-04-scattered-clouds-full.svg,Huế,-0.6462189670002115,0,1.4219875968839712,0
2025-07-16 17:00:00+07:00,43.0,19.0,64.0,/dl/web/weather/ic-w-04-scattered-clouds-full.svg,Huế,-0.6462189670002115,0,1.7388088492792952,0
2025-07-16 18:00:00+07:00,44.0,15.9,69.0,/dl/web/weather/ic-w-04-scattered-clouds-full.svg,Huế,-0.5942609572273546,0,1.2218899637921874,0
2025-07-16 19:00:00+07:00,43.0,8.2,73.0,/dl/web/weather/ic-w-04-scattered-clouds-full.svg,Huế,-0.6462189670002115,0,-0.062069848546758094,0
2025-07-16 20:00:00+07:00,43.0,2.6,73.0,/dl/web/weather/ic-w-04-scattered-clouds-full.svg,Huế,-0.6462189670002115,0,-0.9958588029750819,0
2025-07-16 21:00:00+07:00,46.0,5.5,83.0,/dl/web/weather/ic-w-04-scattered-clouds-full.svg,Huế,-0.4903449376816406,0,-0.5122895230032712,0
2025-07-16 22:00:00+07:00,46.0,7.9,81.0,/dl/web/weather/ic-w-04-scattered-clouds-full.svg,Huế,-0.4903449376816406,0,-0.11209425681970385,0
2025-07-16 23:00:00+07:00,46.0,7.2,82.0,/dl/web/weather/ic-w-04-scattered-clouds-full.svg,Huế,-0.4903449376816406,0,-0.22881787612324436,0
2025-07-17 00:00:00+07:00,44.0,6.6,85.0,/dl/web/weather/ic-w-04-scattered-clouds-full.svg,Huế,-0.5942609572273546,0,-0.3288666926691363,0
2025-07-17 01:00:00+07:00,43.0,7.2,87.0,/dl/web/weather/ic-w-04-scattered-clouds-full.svg,Huế,-0.6462189670002115,0,-0.22881787612324436,0
2025-07-17 03:00:00+07:00,43.0,6.6,78.0,/dl/web/weather/ic-weather-night-clear-sky.svg,Huế,-0.6462189670002115,0,-0.3288666926691363,0
2025-07-17 04:00:00+07:00,43.0,5.5,78.0,/dl/web/weather/ic-weather-02n.svg,Huế,-0.6462189670002115,0,-0.5122895230032712,0
2025-07-17 05:00:00+07:00,44.0,5.8,75.0,/dl/web/weather/ic-weather-03n.svg,Huế,-0.5942609572273546,0,-0.4622651147303254,0
2025-07-17 06:00:00+07:00,44.0,5.1,84.0,/dl/web/weather/ic-weather-04d.svg,Huế,-0.5942609572273546,0,-0.5789887340338659,0
2025-07-17 07:00:00+07:00,44.0,4.3,78.0,/dl/web/weather/ic-weather-04d.svg,Huế,-0.5942609572273546,0,-0.712387156095055,0
2025-07-17 08:00:00+07:00,46.0,2.1,73.0,/dl/web/weather/ic-weather-04d.svg,Huế,-0.4903449376816406,0,-1.0792328167633252,0
2025-07-17 09:00:00+07:00,44.0,1.8,54.0,/dl/web/weather/ic-weather-03d.svg,Huế,-0.5942609572273546,0,-1.1292572250362711,0
2025-07-17 10:00:00+07:00,46.0,5.5,58.0,/dl/web/weather/ic-weather-02d.svg,Huế,-0.4903449376816406,0,-0.5122895230032712,0
2025-07-17 11:00:00+07:00,46.0,9.5,51.0,/dl/web/weather/ic-weather-03d.svg,Huế,-0.4903449376816406,0,0.15470258730267436,0
2025-07-17 12:00:00+07:00,47.0,14.5,47.0,/dl/web/weather/ic-weather-02d.svg,Huế,-0.43838692790878364,0,0.9884427251851065,0
2025-07-17 13:00:00+07:00,44.0,16.6,56.0,/dl/web/weather/ic-weather-03d.svg,Huế,-0.5942609572273546,0,1.3386135830957282,0
2025-07-17 14:00:00+07:00,44.0,17.1,56.0,/dl/web/weather/ic-weather-02d.svg,Huế,-0.5942609572273546,0,1.4219875968839712,0
2025-07-17 15:00:00+07:00,43.0,16.4,56.0,/dl/web/weather/ic-weather-03d.svg,Huế,-0.6462189670002115,0,1.3052639775804304,0
2025-07-17 16:00:00+07:00,43.0,13.0,57.0,/dl/web/weather/ic-weather-04d.svg,Huế,-0.6462189670002115,0,0.7383206838203767,0
2025-07-17 17:00:00+07:00,43.0,10.0,62.0,/dl/web/weather/ic-weather-04d.svg,Huế,-0.6462189670002115,0,0.23807660109091755,0
2025-07-17 18:00:00+07:00,43.0,7.4,73.0,/dl/web/weather/ic-weather-04d.svg,Huế,-0.6462189670002115,0,-0.19546827060794705,0
2025-07-17 19:00:00+07:00,43.0,4.5,76.0,/dl/web/weather/ic-weather-03n.svg,Huế,-0.6462189670002115,0,-0.6790375505797577,0
2025-07-17 20:00:00+07:00,44.0,4.0,73.0,/dl/web/weather/ic-weather-01n.svg,Huế,-0.5942609572273546,0,-0.762411564368001,0
2025-07-17 21:00:00+07:00,46.0,5.1,76.0,/dl/web/weather/ic-weather-03n.svg,Huế,-0.4903449376816406,0,-0.5789887340338659,0
2025-07-17 22:00:00+07:00,46.0,6.0,77.0,/dl/web/weather/ic-weather-02n.svg,Huế,-0.4903449376816406,0,-0.4289155092150281,0
2025-07-17 23:00:00+07:00,46.0,6.6,77.0,/dl/web/weather/ic-weather-02n.svg,Huế,-0.4903449376816406,0,-0.3288666926691363,0
2025-07-18 00:00:00+07:00,43.0,6.6,77.0,/dl/web/weather/ic-weather-02n.svg,Huế,-0.6462189670002115,0,-0.3288666926691363,0
2025-07-18 01:00:00+07:00,43.0,6.4,80.0,/dl/web/weather/ic-weather-03n.svg,Huế,-0.6462189670002115,0,-0.36221629818443346,0
2025-07-18 02:00:00+07:00,43.0,7.7,75.0,/dl/web/weather/ic-weather-04n.svg,Huế,-0.6462189670002115,0,-0.14544386233500115,0
2025-07-18 04:00:00+07:00,44.0,5.5,80.0,/dl/web/weather/ic-weather-04n.svg,Huế,-0.5942609572273546,0,-0.5122895230032712,0
2025-07-18 05:00:00+07:00,44.0,5.0,75.0,/dl/web/weather/ic-weather-04n.svg,Huế,-0.5942609572273546,0,-0.5956635367915145,0
2025-07-18 06:00:00+07:00,44.0,4.2,78.0,/dl/web/weather/ic-weather-04d.svg,Huế,-0.5942609572273546,0,-0.7290619588527036,0
2025-07-18 07:00:00+07:00,44.0,5.0,79.0,/dl/web/weather/ic-weather-04d.svg,Huế,-0.5942609572273546,0,-0.5956635367915145,0
2025-07-18 08:00:00+07:00,44.0,4.2,62.0,/dl/web/weather/ic-weather-04d.svg,Huế,-0.5942609572273546,0,-0.7290619588527036,0
2025-07-18 09:00:00+07:00,44.0,4.5,59.0,/dl/web/weather/ic-weather-04d.svg,Huế,-0.5942609572273546,0,-0.6790375505797577,0
2025-07-18 10:00:00+07:00,46.0,2.1,52.0,/dl/web/weather/ic-weather-04d.svg,Huế,-0.4903449376816406,0,-1.0792328167633252,0
2025-07-18 11:00:00+07:00,46.0,5.1,46.0,/dl/web/weather/ic-weather-04d.svg,Huế,-0.4903449376816406,0,-0.5789887340338659,0
2025-07-18 12:00:00+07:00,46.0,9.3,48.0,/dl/web/weather/ic-weather-04d.svg,Huế,-0.4903449376816406,0,0.12135298178737719,0
2025-07-18 13:00:00+07:00,44.0,9.8,46.0,/dl/web/weather/ic-weather-04d.svg,Huế,-0.5942609572273546,0,0.2047269955756204,0
2025-07-18 14:00:00+07:00,44.0,11.6,43.0,/dl/web/weather/ic-weather-04d.svg,Huế,-0.5942609572273546,0,0.5048734452132958,0
2025-07-18 15:00:00+07:00,43.0,15.1,43.0,/dl/web/weather/ic-weather-04d.svg,Huế,-0.6462189670002115,0,1.0884915417309982,0
2025-07-18 16:00:00+07:00,44.0,20.4,45.0,/dl/web/weather/ic-weather-04d.svg,Huế,-0.5942609572273546,0,1.972256087886376,0
2025-07-18 17:00:00+07:00,43.0,19.6,47.0,/dl/web/weather/ic-weather-04d.svg,Huế,-0.6462189670002115,0,1.8388576658251874,0
2025-07-18 18:00:00+07:00,43.0,13.4,55.0,/dl/web/weather/ic-weather-04d.svg,Huế,-0.6462189670002115,0,0.8050198948509714,0
2025-07-18 19:00:00+07:00,43.0,11.1,55.0,/dl/web/weather/ic-weather-04n.svg,Huế,-0.6462189670002115,0,0.42149943142505253,0
2025-07-18 20:00:00+07:00,44.0,9.8,62.0,/dl/web/weather/ic-weather-04n.svg,Huế,-0.5942609572273546,0,0.2047269955756204,0
2025-07-18 21:00:00+07:00,46.0,7.7,54.0,/dl/web/weather/ic-weather-04n.svg,Huế,-0.4903449376816406,0,-0.14544386233500115,0
2025-07-18 22:00:00+07:00,46.0,6.4,58.0,/dl/web/weather/ic-weather-04n.svg,Huế,-0.4903449376816406,0,-0.36221629818443346,0
2025-07-18 23:00:00+07:00,44.0,6.3,64.0,/dl/web/weather/ic-weather-04n.svg,Huế,-0.5942609572273546,0,-0.37889110094208217,0
2025-07-19 00:00:00+07:00,43.0,6.1,59.0,/dl/web/weather/ic-weather-04n.svg,Huế,-0.6462189670002115,0,-0.4122407064573795,0
2025-07-19 01:00:00+07:00,43.0,6.3,70.0,/dl/web/weather/ic-weather-04n.svg,Huế,-0.6462189670002115,0,-0.37889110094208217,0
2025-07-19 02:00:00+07:00,44.0,5.6,67.0,/dl/web/weather/ic-weather-04n.svg,Huế,-0.5942609572273546,0,-0.4956147202456227,0
2025-07-19 03:00:00+07:00,43.0,5.5,64.0,/dl/web/weather/ic-weather-04n.svg,Huế,-0.6462189670002115,0,-0.5122895230032712,0
2025-07-19 04:00:00+07:00,44.0,5.8,66.0,/dl/web/weather/ic-weather-04n.svg,Huế,-0.5942609572273546,0,-0.4622651147303254,0
2025-07-19 05:00:00+07:00,43.0,6.0,61.0,/dl/web/weather/ic-weather-04n.svg,Huế,-0.6462189670002115,0,-0.4289155092150281,0
2025-07-19 06:00:00+07:00,44.0,5.5,65.0,/dl/web/weather/ic-weather-04d.svg,Huế,-0.5942609572273546,0,-0.5122895230032712,0
2025-07-19 07:00:00+07:00,44.0,4.2,61.0,/dl/web/weather/ic-weather-04d.svg,Huế,-0.5942609572273546,0,-0.7290619588527036,0
2025-07-19 08:00:00+07:00,44.0,4.5,54.0,/dl/web/weather/ic-weather-04d.svg,Huế,-0.5942609572273546,0,-0.6790375505797577,0
2025-07-19 09:00:00+07:00,46.0,5.0,49.0,/dl/web/weather/ic-weather-04d.svg,Huế,-0.4903449376816406,0,-0.5956635367915145,0
2025-07-19 10:00:00+07:00,46.0,5.1,45.0,/dl/web/weather/ic-weather-04d.svg,Huế,-0.4903449376816406,0,-0.5789887340338659,0
2025-07-19 11:00:00+07:00,46.0,5.5,45.0,/dl/web/weather/ic-weather-04d.svg,Huế,-0.4903449376816406,0,-0.5122895230032712,0
2025-07-19 12:00:00+07:00,47.0,8.2,45.0,/dl/web/weather/ic-weather-04d.svg,Huế,-0.43838692790878364,0,-0.062069848546758094,0
2025-07-19 13:00:00+07:00,47.0,11.3,46.0,/dl/web/weather/ic-weather-04d.svg,Huế,-0.43838692790878364,0,0.45484903694035,0
2025-07-19 14:00:00+07:00,43.0,12.6,47.0,/dl/web/weather/ic-weather-04d.svg,Huế,-0.6462189670002115,0,0.6716214727897821,0
2025-07-19 15:00:00+07:00,43.0,12.1,42.0,/dl/web/weather/ic-weather-10d.svg,Huế,-0.6462189670002115,0,0.588247459001539,0
2025-07-19 16:00:00+07:00,43.0,13.5,45.0,/dl/web/weather/ic-weather-10d.svg,Huế,-0.6462189670002115,0,0.82169469760862,0
2025-07-19 17:00:00+07:00,43.0,14.8,50.0,/dl/web/weather/ic-weather-04d.svg,Huế,-0.6462189670002115,0,1.0384671334580524,0
2025-07-19 18:00:00+07:00,43.0,13.5,52.0,/dl/web/weather/ic-weather-10d.svg,Huế,-0.6462189670002115,0,0.82169469760862,0
2025-07-19 19:00:00+07:00,43.0,11.1,59.0,/dl/web/weather/ic-weather-04n.svg,Huế,-0.6462189670002115,0,0.42149943142505253,0
2025-07-19 20:00:00+07:00,43.0,7.6,56.0,/dl/web/weather/ic-weather-04n.svg,Huế,-0.6462189670002115,0,-0.16211866509264988,0
2025-07-19 21:00:00+07:00,43.0,8.2,55.0,/dl/web/weather/ic-weather-04n.svg,Huế,-0.6462189670002115,0,-0.062069848546758094,0
2025-07-19 22:00:00+07:00,43.0,7.1,55.0,/dl/web/weather/ic-weather-04n.svg,Huế,-0.6462189670002115,0,-0.2454926788808931,0
2025-07-19 23:00:00+07:00,43.0,5.3,55.0,/dl/web/weather/ic-weather-04n.svg,Huế,-0.6462189670002115,0,-0.5456391285185686,0
2025-07-20 00:00:00+07:00,43.0,4.0,56.0,/dl/web/weather/ic-weather-04n.svg,Huế,-0.6462189670002115,0,-0.762411564368001,0
2025-07-20 01:00:00+07:00,43.0,6.4,64.0,/dl/web/weather/ic-weather-04n.svg,Huế,-0.6462189670002115,0,-0.36221629818443346,0
2025-07-20 02:00:00+07:00,43.0,1.3,70.0,/dl/web/weather/ic-weather-04n.svg,Huế,-0.6462189670002115,0,-1.2126312388245142,0
2025-07-20 03:00:00+07:00,43.0,5.0,75.0,/dl/web/weather/ic-weather-04n.svg,Huế,-0.6462189670002115,0,-0.5956635367915145,0
2025-07-20 04:00:00+07:00,43.0,5.5,75.0,/dl/web/weather/ic-weather-10n.svg,Huế,-0.6462189670002115,0,-0.5122895230032712,0
2025-07-20 05:00:00+07:00,44.0,6.3,75.0,/dl/web/weather/ic-weather-10n.svg,Huế,-0.5942609572273546,0,-0.37889110094208217,0
2025-07-20 06:00:00+07:00,43.0,3.4,74.0,/dl/web/weather/ic-weather-10d.svg,Huế,-0.6462189670002115,0,-0.8624603809138927,0
2025-07-20 07:00:00+07:00,43.0,6.0,82.0,/dl/web/weather/ic-weather-10d.svg,Huế,-0.6462189670002115,0,-0.4289155092150281,0
2025-07-20 08:00:00+07:00,43.0,5.3,72.0,/dl/web/weather/ic-weather-10d.svg,Huế,-0.6462189670002115,0,-0.5456391285185686,0
2025-07-20 09:00:00+07:00,44.0,8.2,68.0,/dl/web/weather/ic-weather-10d.svg,Huế,-0.5942609572273546,0,-0.062069848546758094,0
2025-07-20 10:00:00+07:00,46.0,13.7,67.0,/dl/web/weather/ic-weather-10d.svg,Huế,-0.4903449376816406,0,0.8550443031239172,0
2025-07-20 11:00:00+07:00,46.0,12.7,57.0,/dl/web/weather/ic-weather-04d.svg,Huế,-0.4903449376816406,0,0.6882962755474308,0
2025-07-20 12:00:00+07:00,46.0,11.7,53.0,/dl/web/weather/ic-weather-04d.svg,Huế,-0.4903449376816406,0,0.5215482479709443,0
2025-07-20 13:00:00+07:00,44.0,12.1,58.0,/dl/web/weather/ic-weather-04d.svg,Huế,-0.5942609572273546,0,0.588247459001539,0
2025-07-20 14:00:00+07:00,44.0,11.3,52.0,/dl/web/weather/ic-weather-10d.svg,Huế,-0.5942609572273546,0,0.45484903694035,0
2025-07-20 15:00:00+07:00,43.0,10.8,57.0,/dl/web/weather/ic-weather-10d.svg,Huế,-0.6462189670002115,0,0.3714750231521068,0
2025-07-20 16:00:00+07:00,43.0,11.3,57.0,/dl/web/weather/ic-weather-10d.svg,Huế,-0.6462189670002115,0,0.45484903694035,0
2025-07-20 17:00:00+07:00,43.0,8.7,58.0,/dl/web/weather/ic-weather-04d.svg,Huế,-0.6462189670002115,0,0.02130416524148511,0
2025-07-20 18:00:00+07:00,43.0,4.8,61.0,/dl/web/weather/ic-weather-10d.svg,Huế,-0.6462189670002115,0,-0.6290131423068118,0
2025-07-20 19:00:00+07:00,43.0,2.6,63.0,/dl/web/weather/ic-weather-04n.svg,Huế,-0.6462189670002115,0,-0.9958588029750819,0
2025-07-20 20:00:00+07:00,44.0,3.5,60.0,/dl/web/weather/ic-weather-04n.svg,Huế,-0.5942609572273546,0,-0.8457855781562441,0
2025-07-20 21:00:00+07:00,46.0,4.2,60.0,/dl/web/weather/ic-weather-04n.svg,Huế,-0.4903449376816406,0,-0.7290619588527036,0
2025-07-20 22:00:00+07:00,46.0,2.4,61.0,/dl/web/weather/ic-weather-04n.svg,Huế,-0.4903449376816406,0,-1.0292084084903792,0
2025-07-20 23:00:00+07:00,44.0,5.1,62.0,/dl/web/weather/ic-weather-04n.svg,Huế,-0.5942609572273546,0,-0.5789887340338659,0
2025-07-21 00:00:00+07:00,43.0,6.3,64.0,/dl/web/weather/ic-weather-10n.svg,Huế,-0.6462189670002115,0,-0.37889110094208217,0
2025-07-21 01:00:00+07:00,44.0,5.8,70.0,/dl/web/weather/ic-weather-10n.svg,Huế,-0.5942609572273546,0,-0.4622651147303254,0
2025-07-21 02:00:00+07:00,43.0,6.0,60.0,/dl/web/weather/ic-weather-10n.svg,Huế,-0.6462189670002115,0,-0.4289155092150281,0
2025-07-21 03:00:00+07:00,44.0,6.8,61.0,/dl/web/weather/ic-weather-10n.svg,Huế,-0.5942609572273546,0,-0.295517087153839,0
2025-07-21 04:00:00+07:00,44.0,2.7,62.0,/dl/web/weather/ic-weather-10n.svg,Huế,-0.5942609572273546,0,-0.9791840002174332,0
2025-07-21 05:00:00+07:00,44.0,3.7,63.0,/dl/web/weather/ic-weather-10n.svg,Huế,-0.5942609572273546,0,-0.8124359726409468,0
2025-07-21 06:00:00+07:00,44.0,3.5,57.0,/dl/web/weather/ic-weather-10d.svg,Huế,-0.5942609572273546,0,-0.8457855781562441,0
2025-07-21 07:00:00+07:00,44.0,4.7,64.0,/dl/web/weather/ic-weather-10d.svg,Huế,-0.5942609572273546,0,-0.6456879450644604,0
2025-07-21 08:00:00+07:00,44.0,3.2,64.0,/dl/web/weather/ic-weather-10d.svg,Huế,-0.5942609572273546,0,-0.89580998642919,0
2025-07-21 09:00:00+07:00,44.0,3.7,64.0,/dl/web/weather/ic-weather-10d.svg,Huế,-0.5942609572273546,0,-0.8124359726409468,0
2025-07-21 10:00:00+07:00,46.0,5.8,63.0,/dl/web/weather/ic-weather-10d.svg,Huế,-0.4903449376816406,0,-0.4622651147303254,0
2025-07-21 11:00:00+07:00,46.0,8.9,67.0,/dl/web/weather/ic-weather-10d.svg,Huế,-0.4903449376816406,0,0.05465377075678257,0
2025-07-21 12:00:00+07:00,46.0,10.6,55.0,/dl/web/weather/ic-weather-10d.svg,Huế,-0.4903449376816406,0,0.33812541763680937,0
2025-07-21 13:00:00+07:00,44.0,11.7,58.0,/dl/web/weather/ic-weather-10d.svg,Huế,-0.5942609572273546,0,0.5215482479709443,0
2025-07-21 14:00:00+07:00,43.0,12.6,46.0,/dl/web/weather/ic-weather-10d.svg,Huế,-0.6462189670002115,0,0.6716214727897821,0
2025-07-21 15:00:00+07:00,43.0,11.2,50.0,/dl/web/weather/ic-weather-04d.svg,Huế,-0.6462189670002115,0,0.43817423418270113,0
2025-07-21 16:00:00+07:00,43.0,10.8,53.0,/dl/web/weather/ic-weather-04d.svg,Huế,-0.6462189670002115,0,0.3714750231521068,0
2025-07-21 17:00:00+07:00,43.0,8.5,54.0,/dl/web/weather/ic-weather-04d.svg,Huế,-0.6462189670002115,0,-0.012045440273812056,0
2025-07-21 18:00:00+07:00,44.0,8.7,55.0,/dl/web/weather/ic-weather-10d.svg,Huế,-0.5942609572273546,0,0.02130416524148511,0
2025-07-21 19:00:00+07:00,44.0,9.3,55.0,/dl/web/weather/ic-weather-04n.svg,Huế,-0.5942609572273546,0,0.12135298178737719,0
2025-07-21 20:00:00+07:00,46.0,8.2,53.0,/dl/web/weather/ic-weather-04n.svg,Huế,-0.4903449376816406,0,-0.062069848546758094,0
2025-07-21 21:00:00+07:00,46.0,6.0,60.0,/dl/web/weather/ic-weather-04n.svg,Huế,-0.4903449376816406,0,-0.4289155092150281,0
2025-07-21 22:00:00+07:00,46.0,4.7,58.0,/dl/web/weather/ic-weather-04n.svg,Huế,-0.4903449376816406,0,-0.6456879450644604,0
2025-07-21 23:00:00+07:00,44.0,5.5,55.0,/dl/web/weather/ic-weather-10n.svg,Huế,-0.5942609572273546,0,-0.5122895230032712,0
2025-07-22 00:00:00+07:00,43.0,5.1,59.0,/dl/web/weather/ic-weather-10n.svg,Huế,-0.6462189670002115,0,-0.5789887340338659,0
2025-07-22 01:00:00+07:00,43.0,3.7,63.0,/dl/web/weather/ic-weather-04n.svg,Huế,-0.6462189670002115,0,-0.8124359726409468,0
2025-07-22 02:00:00+07:00,43.0,5.3,61.0,/dl/web/weather/ic-weather-04n.svg,Huế,-0.6462189670002115,0,-0.5456391285185686,0
2025-07-22 03:00:00+07:00,43.0,3.5,72.0,/dl/web/weather/ic-weather-04n.svg,Huế,-0.6462189670002115,0,-0.8457855781562441,0
2025-07-22 05:00:00+07:00,44.0,3.9,59.0,/dl/web/weather/ic-weather-04n.svg,Huế,-0.5942609572273546,0,-0.7790863671256495,0
2025-07-22 06:00:00+07:00,44.0,4.3,58.0,/dl/web/weather/ic-weather-04d.svg,Huế,-0.5942609572273546,0,-0.712387156095055,0
2025-07-22 07:00:00+07:00,46.0,5.8,55.0,/dl/web/weather/ic-weather-04d.svg,Huế,-0.4903449376816406,0,-0.4622651147303254,0
2025-07-22 08:00:00+07:00,44.0,5.0,55.0,/dl/web/weather/ic-weather-04d.svg,Huế,-0.5942609572273546,0,-0.5956635367915145,0
2025-07-22 09:00:00+07:00,44.0,10.3,56.0,/dl/web/weather/ic-weather-10d.svg,Huế,-0.5942609572273546,0,0.2881010093638636,0
2025-07-22 10:00:00+07:00,46.0,12.9,52.0,/dl/web/weather/ic-weather-04d.svg,Huế,-0.4903449376816406,0,0.7216458810627282,0
2025-07-22 11:00:00+07:00,47.0,19.2,46.0,/dl/web/weather/ic-weather-04d.svg,Huế,-0.43838692790878364,0,1.7721584547945923,0
2025-07-22 12:00:00+07:00,47.0,21.6,46.0,/dl/web/weather/ic-weather-10d.svg,Huế,-0.43838692790878364,0,2.17235372097816,0
2025-07-22 13:00:00+07:00,44.0,22.7,50.0,/dl/web/weather/ic-weather-04d.svg,Huế,-0.5942609572273546,0,2.355776551312295,0
2025-07-22 14:00:00+07:00,43.0,21.1,47.0,/dl/web/weather/ic-weather-04d.svg,Huế,-0.6462189670002115,0,2.088979707189917,0
2025-07-22 15:00:00+07:00,43.0,20.0,54.0,/dl/web/weather/ic-weather-04d.svg,Huế,-0.6462189670002115,0,1.9055568768557816,0
2025-07-22 16:00:00+07:00,44.0,15.3,55.0,/dl/web/weather/ic-weather-04d.svg,Huế,-0.5942609572273546,0,1.1218411472462957,0
2025-07-22 17:00:00+07:00,44.0,13.5,52.0,/dl/web/weather/ic-weather-04d.svg,Huế,-0.5942609572273546,0,0.82169469760862,0
2025-07-22 18:00:00+07:00,44.0,8.9,55.0,/dl/web/weather/ic-weather-04d.svg,Huế,-0.5942609572273546,0,0.05465377075678257,0
2025-07-22 19:00:00+07:00,44.0,4.8,61.0,/dl/web/weather/ic-weather-04n.svg,Huế,-0.5942609572273546,0,-0.6290131423068118,0
2025-07-22 20:00:00+07:00,47.0,3.7,54.0,/dl/web/weather/ic-weather-04n.svg,Huế,-0.43838692790878364,0,-0.8124359726409468,0
2025-07-22 21:00:00+07:00,47.0,3.7,50.0,/dl/web/weather/ic-weather-04n.svg,Huế,-0.43838692790878364,0,-0.8124359726409468,0
2025-07-22 22:00:00+07:00,47.0,3.1,57.0,/dl/web/weather/ic-weather-04n.svg,Huế,-0.43838692790878364,0,-0.9124847891868387,0
2025-07-22 23:00:00+07:00,44.0,3.9,59.0,/dl/web/weather/ic-weather-04n.svg,Huế,-0.5942609572273546,0,-0.7790863671256495,0
2025-07-23 00:00:00+07:00,43.0,5.3,73.0,/dl/web/weather/ic-weather-04n.svg,Huế,-0.6462189670002115,0,-0.5456391285185686,0
2025-07-23 01:00:00+07:00,43.0,8.9,74.0,/dl/web/weather/ic-weather-04n.svg,Huế,-0.6462189670002115,0,0.05465377075678257,0
2025-07-23 02:00:00+07:00,43.0,9.7,69.0,/dl/web/weather/ic-weather-04n.svg,Huế,-0.6462189670002115,0,0.18805219281797153,0
2025-07-23 03:00:00+07:00,44.0,7.9,69.0,/dl/web/weather/ic-weather-04n.svg,Huế,-0.5942609572273546,0,-0.11209425681970385,0
2025-07-23 04:00:00+07:00,44.0,8.0,76.0,/dl/web/weather/ic-weather-04n.svg,Huế,-0.5942609572273546,0,-0.09541945406205526,0
2025-07-23 05:00:00+07:00,44.0,8.7,74.0,/dl/web/weather/ic-weather-04n.svg,Huế,-0.5942609572273546,0,0.02130416524148511,0
2025-07-23 06:00:00+07:00,43.0,8.7,73.0,/dl/web/weather/ic-weather-04d.svg,Huế,-0.6462189670002115,0,0.02130416524148511,0
2025-07-23 07:00:00+07:00,44.0,8.4,74.0,/dl/web/weather/ic-weather-04d.svg,Huế,-0.5942609572273546,0,-0.02872024303146064,0
2025-07-23 08:00:00+07:00,44.0,7.7,62.0,/dl/web/weather/ic-weather-02d.svg,Huế,-0.5942609572273546,0,-0.14544386233500115,0
2025-07-23 09:00:00+07:00,44.0,9.3,58.0,/dl/web/weather/ic-weather-03d.svg,Huế,-0.5942609572273546,0,0.12135298178737719,0
2025-07-23 10:00:00+07:00,47.0,10.9,50.0,/dl/web/weather/ic-weather-04d.svg,Huế,-0.43838692790878364,0,0.3881498259097554,0
2025-07-23 11:00:00+07:00,47.0,12.9,44.0,/dl/web/weather/ic-weather-04d.svg,Huế,-0.43838692790878364,0,0.7216458810627282,0
2025-07-23 12:00:00+07:00,47.0,11.9,44.0,/dl/web/weather/ic-weather-04d.svg,Huế,-0.43838692790878364,0,0.5548978534862418,0
2025-07-23 13:00:00+07:00,44.0,12.1,46.0,/dl/web/weather/ic-weather-04d.svg,Huế,-0.5942609572273546,0,0.588247459001539,0
2025-07-23 14:00:00+07:00,43.0,7.7,44.0,/dl/web/weather/ic-weather-04d.svg,Huế,-0.6462189670002115,0,-0.14544386233500115,0
2025-07-23 15:00:00+07:00,43.0,5.5,45.0,/dl/web/weather/ic-weather-04d.svg,Huế,-0.6462189670002115,0,-0.5122895230032712,0
2025-07-23 16:00:00+07:00,43.0,1.0,48.0,/dl/web/weather/ic-weather-04d.svg,Huế,-0.6462189670002115,0,-1.2626556470974601,0
2025-07-23 17:00:00+07:00,43.0,2.7,52.0,/dl/web/weather/ic-weather-04d.svg,Huế,-0.6462189670002115,0,-0.9791840002174332,0
2025-07-23 18:00:00+07:00,43.0,4.5,56.0,/dl/web/weather/ic-weather-04d.svg,Huế,-0.6462189670002115,0,-0.6790375505797577,0
2025-07-23 19:00:00+07:00,43.0,6.0,64.0,/dl/web/weather/ic-weather-04n.svg,Huế,-0.6462189670002115,0,-0.4289155092150281,0
2025-07-23 20:00:00+07:00,46.0,7.9,62.0,/dl/web/weather/ic-weather-04n.svg,Huế,-0.4903449376816406,0,-0.11209425681970385,0
2025-07-23 22:00:00+07:00,47.0,2.4,65.0,/dl/web/weather/ic-weather-04n.svg,Huế,-0.43838692790878364,0,-1.0292084084903792,0
2025-07-23 23:00:00+07:00,44.0,4.2,66.0,/dl/web/weather/ic-weather-04n.svg,Huế,-0.5942609572273546,0,-0.7290619588527036,0
2025-07-24 00:00:00+07:00,43.0,5.5,74.0,/dl/web/weather/ic-weather-10n.svg,Huế,-0.6462189670002115,0,-0.5122895230032712,0
2025-07-24 01:00:00+07:00,43.0,6.9,72.0,/dl/web/weather/ic-weather-10n.svg,Huế,-0.6462189670002115,0,-0.27884228439619024,0
2025-07-24 02:00:00+07:00,43.0,7.2,78.0,/dl/web/weather/ic-weather-04n.svg,Huế,-0.6462189670002115,0,-0.22881787612324436,0
2025-07-24 03:00:00+07:00,44.0,5.8,78.0,/dl/web/weather/ic-weather-04n.svg,Huế,-0.5942609572273546,0,-0.4622651147303254,0
2025-07-24 04:00:00+07:00,44.0,4.2,75.0,/dl/web/weather/ic-weather-04n.svg,Huế,-0.5942609572273546,0,-0.7290619588527036,0
2025-07-24 05:00:00+07:00,43.0,5.1,75.0,/dl/web/weather/ic-weather-04n.svg,Huế,-0.6462189670002115,0,-0.5789887340338659,0
2025-07-24 06:00:00+07:00,44.0,5.1,75.0,/dl/web/weather/ic-weather-10d.svg,Huế,-0.5942609572273546,0,-0.5789887340338659,0
2025-07-24 07:00:00+07:00,44.0,4.9,78.0,/dl/web/weather/ic-weather-04d.svg,Huế,-0.5942609572273546,0,-0.6123383395491631,0
2025-07-24 08:00:00+07:00,46.0,4.8,76.0,/dl/web/weather/ic-weather-04d.svg,Huế,-0.4903449376816406,0,-0.6290131423068118,0
2025-07-24 09:00:00+07:00,53.0,3.7,71.0,/dl/web/weather/ic-weather-04d.svg,Huế,-0.12663886927164178,0,-0.8124359726409468,0
2025-07-24 10:00:00+07:00,51.0,3.4,71.0,/dl/web/weather/ic-weather-04d.svg,Huế,-0.23055488881735575,0,-0.8624603809138927,0
2025-07-24 11:00:00+07:00,47.0,2.4,68.0,/dl/web/weather/ic-weather-04d.svg,Huế,-0.43838692790878364,0,-1.0292084084903792,0
2025-07-24 12:00:00+07:00,47.0,2.7,60.0,/dl/web/weather/ic-weather-04d.svg,Huế,-0.43838692790878364,0,-0.9791840002174332,0
2025-07-24 13:00:00+07:00,44.0,5.5,63.0,/dl/web/weather/ic-weather-10d.svg,Huế,-0.5942609572273546,0,-0.5122895230032712,0
2025-07-24 14:00:00+07:00,43.0,3.1,60.0,/dl/web/weather/ic-weather-10d.svg,Huế,-0.6462189670002115,0,-0.9124847891868387,0
2025-07-24 15:00:00+07:00,43.0,1.1,66.0,/dl/web/weather/ic-weather-10d.svg,Huế,-0.6462189670002115,0,-1.2459808443398115,0
2025-07-24 16:00:00+07:00,44.0,3.7,62.0,/dl/web/weather/ic-weather-10d.svg,Huế,-0.5942609572273546,0,-0.8124359726409468,0
2025-07-24 17:00:00+07:00,44.0,9.0,65.0,/dl/web/weather/ic-weather-10d.svg,Huế,-0.5942609572273546,0,0.07132857351443116,0
2025-07-24 18:00:00+07:00,44.0,5.5,68.0,/dl/web/weather/ic-weather-10d.svg,Huế,-0.5942609572273546,0,-0.5122895230032712,0
2025-07-24 19:00:00+07:00,44.0,1.9,68.0,/dl/web/weather/ic-weather-04n.svg,Huế,-0.5942609572273546,0,-1.1125824222786223,0
2025-07-24 20:00:00+07:00,53.0,4.2,70.0,/dl/web/weather/ic-weather-04n.svg,Huế,-0.12663886927164178,0,-0.7290619588527036,0
2025-07-24 21:00:00+07:00,53.0,5.1,75.0,/dl/web/weather/ic-weather-04n.svg,Huế,-0.12663886927164178,0,-0.5789887340338659,0
2025-07-24 22:00:00+07:00,58.0,4.7,79.0,/dl/web/weather/ic-weather-04n.svg,Huế,0.13315117959264308,0,-0.6456879450644604,0
2025-07-24 23:00:00+07:00,58.0,4.3,79.0,/dl/web/weather/ic-weather-10n.svg,Huế,0.13315117959264308,0,-0.712387156095055,0
2025-07-25 00:00:00+07:00,54.0,3.4,79.0,/dl/web/weather/ic-weather-10n.svg,Huế,-0.07468085949878481,0,-0.8624603809138927,0
2025-07-25 01:00:00+07:00,47.0,8.2,82.0,/dl/web/weather/ic-weather-10n.svg,Huế,-0.43838692790878364,0,-0.062069848546758094,0
2025-07-25 02:00:00+07:00,44.0,5.8,82.0,/dl/web/weather/ic-weather-04n.svg,Huế,-0.5942609572273546,0,-0.4622651147303254,0
2025-07-25 03:00:00+07:00,44.0,4.5,79.0,/dl/web/weather/ic-weather-10n.svg,Huế,-0.5942609572273546,0,-0.6790375505797577,0
2025-07-25 04:00:00+07:00,44.0,3.7,83.0,/dl/web/weather/ic-weather-10n.svg,Huế,-0.5942609572273546,0,-0.8124359726409468,0
2025-07-25 05:00:00+07:00,44.0,4.7,86.0,/dl/web/weather/ic-weather-10n.svg,Huế,-0.5942609572273546,0,-0.6456879450644604,0
2025-07-25 06:00:00+07:00,44.0,4.8,91.0,/dl/web/weather/ic-weather-10d.svg,Huế,-0.5942609572273546,0,-0.6290131423068118,0
2025-07-25 07:00:00+07:00,44.0,3.5,85.0,/dl/web/weather/ic-weather-10d.svg,Huế,-0.5942609572273546,0,-0.8457855781562441,0
2025-07-25 08:00:00+07:00,44.0,3.1,82.0,/dl/web/weather/ic-weather-10d.svg,Huế,-0.5942609572273546,0,-0.9124847891868387,0
2025-07-25 09:00:00+07:00,44.0,4.8,79.0,/dl/web/weather/ic-weather-04d.svg,Huế,-0.5942609572273546,0,-0.6290131423068118,0
2025-07-25 10:00:00+07:00,46.0,0.8,72.0,/dl/web/weather/ic-weather-10d.svg,Huế,-0.4903449376816406,0,-1.2960052526127575,0
2025-07-25 11:00:00+07:00,46.0,1.8,65.0,/dl/web/weather/ic-weather-04d.svg,Huế,-0.4903449376816406,0,-1.1292572250362711,0
2025-07-25 12:00:00+07:00,46.0,3.4,63.0,/dl/web/weather/ic-weather-04d.svg,Huế,-0.4903449376816406,0,-0.8624603809138927,0
2025-07-25 13:00:00+07:00,44.0,9.3,68.0,/dl/web/weather/ic-weather-10d.svg,Huế,-0.5942609572273546,0,0.12135298178737719,0
2025-07-25 14:00:00+07:00,44.0,11.3,64.0,/dl/web/weather/ic-weather-10d.svg,Huế,-0.5942609572273546,0,0.45484903694035,0
2025-07-25 15:00:00+07:00,44.0,11.7,61.0,/dl/web/weather/ic-weather-10d.svg,Huế,-0.5942609572273546,0,0.5215482479709443,0
2025-07-25 16:00:00+07:00,44.0,10.1,69.0,/dl/web/weather/ic-weather-10d.svg,Huế,-0.5942609572273546,0,0.25475140384856615,0
2025-07-25 17:00:00+07:00,44.0,6.8,70.0,/dl/web/weather/ic-weather-10d.svg,Huế,-0.5942609572273546,0,-0.295517087153839,0
2025-07-25 18:00:00+07:00,44.0,2.7,65.0,/dl/web/weather/ic-weather-04d.svg,Huế,-0.5942609572273546,0,-0.9791840002174332,0
2025-07-25 19:00:00+07:00,44.0,5.3,72.0,/dl/web/weather/ic-weather-04n.svg,Huế,-0.5942609572273546,0,-0.5456391285185686,0
2025-07-25 20:00:00+07:00,46.0,2.4,72.0,/dl/web/weather/ic-weather-04n.svg,Huế,-0.4903449376816406,0,-1.0292084084903792,0
2025-07-25 21:00:00+07:00,46.0,4.3,69.0,/dl/web/weather/ic-weather-04n.svg,Huế,-0.4903449376816406,0,-0.712387156095055,0
2025-07-25 22:00:00+07:00,47.0,4.8,68.0,/dl/web/weather/ic-weather-04n.svg,Huế,-0.43838692790878364,0,-0.6290131423068118,0
2025-07-25 23:00:00+07:00,49.0,6.4,79.0,/dl/web/weather/ic-weather-10n.svg,Huế,-0.3344709083630697,0,-0.36221629818443346,0
2025-07-26 00:00:00+07:00,44.0,7.6,86.0,/dl/web/weather/ic-weather-10n.svg,Huế,-0.5942609572273546,0,-0.16211866509264988,0
2025-07-26 01:00:00+07:00,44.0,6.3,83.0,/dl/web/weather/ic-weather-10n.svg,Huế,-0.5942609572273546,0,-0.37889110094208217,0
2025-07-26 02:00:00+07:00,44.0,4.5,86.0,/dl/web/weather/ic-weather-10n.svg,Huế,-0.5942609572273546,0,-0.6790375505797577,0
2025-07-26 03:00:00+07:00,44.0,4.5,91.0,/dl/web/weather/ic-weather-10n.svg,Huế,-0.5942609572273546,0,-0.6790375505797577,0
2025-07-26 04:00:00+07:00,44.0,7.2,91.0,/dl/web/weather/ic-weather-04n.svg,Huế,-0.5942609572273546,0,-0.22881787612324436,0
2025-07-26 05:00:00+07:00,44.0,6.6,94.0,/dl/web/weather/ic-weather-04n.svg,Huế,-0.5942609572273546,0,-0.3288666926691363,0
2025-07-26 06:00:00+07:00,44.0,6.9,90.0,/dl/web/weather/ic-weather-04d.svg,Huế,-0.5942609572273546,0,-0.27884228439619024,0
2025-07-26 07:00:00+07:00,44.0,8.2,95.0,/dl/web/weather/ic-weather-04d.svg,Huế,-0.5942609572273546,0,-0.062069848546758094,0
2025-07-26 08:00:00+07:00,44.0,6.4,80.0,/dl/web/weather/ic-weather-04d.svg,Huế,-0.5942609572273546,0,-0.36221629818443346,0
2025-07-26 09:00:00+07:00,44.0,11.4,68.0,/dl/web/weather/ic-weather-04d.svg,Huế,-0.5942609572273546,0,0.4715238396979986,0
2025-07-26 10:00:00+07:00,47.0,10.0,66.0,/dl/web/weather/ic-weather-04d.svg,Huế,-0.43838692790878364,0,0.23807660109091755,0
2025-07-26 11:00:00+07:00,47.0,12.2,60.0,/dl/web/weather/ic-weather-04d.svg,Huế,-0.43838692790878364,0,0.6049222617591875,0
2025-07-26 12:00:00+07:00,47.0,14.8,61.0,/dl/web/weather/ic-weather-04d.svg,Huế,-0.43838692790878364,0,1.0384671334580524,0
2025-07-26 13:00:00+07:00,46.0,12.7,56.0,/dl/web/weather/ic-weather-04d.svg,Huế,-0.4903449376816406,0,0.6882962755474308,0
2025-07-26 14:00:00+07:00,44.0,13.0,57.0,/dl/web/weather/ic-weather-04d.svg,Huế,-0.5942609572273546,0,0.7383206838203767,0
2025-07-26 15:00:00+07:00,44.0,11.7,53.0,/dl/web/weather/ic-weather-04d.svg,Huế,-0.5942609572273546,0,0.5215482479709443,0
2025-07-26 16:00:00+07:00,44.0,12.7,56.0,/dl/web/weather/ic-weather-10d.svg,Huế,-0.5942609572273546,0,0.6882962755474308,0
2025-07-26 17:00:00+07:00,43.0,9.3,64.0,/dl/web/weather/ic-weather-10d.svg,Huế,-0.6462189670002115,0,0.12135298178737719,0
2025-07-26 18:00:00+07:00,44.0,4.3,72.0,/dl/web/weather/ic-weather-10d.svg,Huế,-0.5942609572273546,0,-0.712387156095055,0
2025-07-26 19:00:00+07:00,44.0,5.8,77.0,/dl/web/weather/ic-weather-10n.svg,Huế,-0.5942609572273546,0,-0.4622651147303254,0
2025-07-26 20:00:00+07:00,44.0,6.8,87.0,/dl/web/weather/ic-weather-10n.svg,Huế,-0.5942609572273546,0,-0.295517087153839,0
2025-07-26 21:00:00+07:00,46.0,5.6,83.0,/dl/web/weather/ic-weather-04n.svg,Huế,-0.4903449376816406,0,-0.4956147202456227,0
2025-07-26 22:00:00+07:00,46.0,6.9,81.0,/dl/web/weather/ic-weather-04n.svg,Huế,-0.4903449376816406,0,-0.27884228439619024,0
2025-07-26 23:00:00+07:00,46.0,6.3,85.0,/dl/web/weather/ic-weather-04n.svg,Huế,-0.4903449376816406,0,-0.37889110094208217,0
2025-07-27 00:00:00+07:00,44.0,4.9,82.0,/dl/web/weather/ic-weather-04n.svg,Huế,-0.5942609572273546,0,-0.6123383395491631,0
2025-07-27 01:00:00+07:00,44.0,6.6,84.0,/dl/web/weather/ic-weather-04n.svg,Huế,-0.5942609572273546,0,-0.3288666926691363,0
2025-07-27 02:00:00+07:00,44.0,6.8,79.0,/dl/web/weather/ic-weather-04n.svg,Huế,-0.5942609572273546,0,-0.295517087153839,0
2025-07-27 03:00:00+07:00,44.0,5.6,81.0,/dl/web/weather/ic-weather-04n.svg,Huế,-0.5942609572273546,0,-0.4956147202456227,0
2025-07-27 04:00:00+07:00,44.0,6.6,82.0,/dl/web/weather/ic-weather-04n.svg,Huế,-0.5942609572273546,0,-0.3288666926691363,0
2025-07-27 05:00:00+07:00,44.0,5.5,75.0,/dl/web/weather/ic-weather-04n.svg,Huế,-0.5942609572273546,0,-0.5122895230032712,0
2025-07-27 06:00:00+07:00,44.0,5.1,81.0,/dl/web/weather/ic-weather-04d.svg,Huế,-0.5942609572273546,0,-0.5789887340338659,0
2025-07-27 07:00:00+07:00,44.0,6.4,78.0,/dl/web/weather/ic-weather-04d.svg,Huế,-0.5942609572273546,0,-0.36221629818443346,0
2025-07-27 08:00:00+07:00,44.0,8.0,83.0,/dl/web/weather/ic-weather-04d.svg,Huế,-0.5942609572273546,0,-0.09541945406205526,0
2025-07-27 09:00:00+07:00,46.0,11.7,86.0,/dl/web/weather/ic-weather-10d.svg,Huế,-0.4903449376816406,0,0.5215482479709443,0
2025-07-27 10:00:00+07:00,46.0,10.3,87.0,/dl/web/weather/ic-weather-10d.svg,Huế,-0.4903449376816406,0,0.2881010093638636,0
2025-07-27 11:00:00+07:00,46.0,5.1,77.0,/dl/web/weather/ic-weather-10d.svg,Huế,-0.4903449376816406,0,-0.5789887340338659,0
2025-07-27 12:00:00+07:00,46.0,4.8,76.0,/dl/web/weather/ic-weather-04d.svg,Huế,-0.4903449376816406,0,-0.6290131423068118,0
2025-07-27 13:00:00+07:00,46.0,5.6,76.0,/dl/web/weather/ic-weather-04d.svg,Huế,-0.4903449376816406,0,-0.4956147202456227,0
2025-07-27 14:00:00+07:00,46.0,10.6,69.0,/dl/web/weather/ic-weather-04d.svg,Huế,-0.4903449376816406,0,0.33812541763680937,0
2025-07-27 15:00:00+07:00,46.0,8.7,69.0,/dl/web/weather/ic-weather-04d.svg,Huế,-0.4903449376816406,0,0.02130416524148511,0
2025-07-27 16:00:00+07:00,46.0,7.2,71.0,/dl/web/weather/ic-weather-10d.svg,Huế,-0.4903449376816406,0,-0.22881787612324436,0
2025-07-27 17:00:00+07:00,58.0,7.2,71.0,/dl/web/weather/ic-weather-10d.svg,Huế,0.13315117959264308,0,-0.22881787612324436,0
2025-07-27 18:00:00+07:00,58.0,6.0,69.0,/dl/web/weather/ic-weather-04d.svg,Huế,0.13315117959264308,0,-0.4289155092150281,0
2025-07-27 19:00:00+07:00,58.0,5.5,78.0,/dl/web/weather/ic-weather-04n.svg,Huế,0.13315117959264308,0,-0.5122895230032712,0
2025-07-27 20:00:00+07:00,57.0,6.1,78.0,/dl/web/weather/ic-weather-04n.svg,Huế,0.08119316981978612,0,-0.4122407064573795,0
2025-07-27 21:00:00+07:00,57.0,6.4,82.0,/dl/web/weather/ic-weather-04n.svg,Huế,0.08119316981978612,0,-0.36221629818443346,0
2025-07-27 22:00:00+07:00,57.0,5.8,82.0,/dl/web/weather/ic-weather-04n.svg,Huế,0.08119316981978612,0,-0.4622651147303254,0
2025-07-27 23:00:00+07:00,56.0,4.2,82.0,/dl/web/weather/ic-weather-04n.svg,Huế,0.02923516004692914,0,-0.7290619588527036,0
2025-07-28 00:00:00+07:00,56.0,6.1,79.0,/dl/web/weather/ic-weather-04n.svg,Huế,0.02923516004692914,0,-0.4122407064573795,0
2025-07-28 01:00:00+07:00,56.0,7.9,86.0,/dl/web/weather/ic-weather-04n.svg,Huế,0.02923516004692914,0,-0.11209425681970385,0
2025-07-28 02:00:00+07:00,53.0,8.2,80.0,/dl/web/weather/ic-weather-04n.svg,Huế,-0.12663886927164178,0,-0.062069848546758094,0
2025-07-28 03:00:00+07:00,53.0,7.9,84.0,/dl/web/weather/ic-weather-10n.svg,Huế,-0.12663886927164178,0,-0.11209425681970385,0
2025-07-28 04:00:00+07:00,53.0,7.4,88.0,/dl/web/weather/ic-weather-10n.svg,Huế,-0.12663886927164178,0,-0.19546827060794705,0
2025-07-28 05:00:00+07:00,52.0,7.2,90.0,/dl/web/weather/ic-weather-10n.svg,Huế,-0.17859687904449875,0,-0.22881787612324436,0
2025-07-28 06:00:00+07:00,52.0,5.0,91.0,/dl/web/weather/ic-weather-10d.svg,Huế,-0.17859687904449875,0,-0.5956635367915145,0
2025-07-28 07:00:00+07:00,52.0,6.6,87.0,/dl/web/weather/ic-weather-10d.svg,Huế,-0.17859687904449875,0,-0.3288666926691363,0
2025-07-28 08:00:00+07:00,53.0,7.2,82.0,/dl/web/weather/ic-weather-10d.svg,Huế,-0.12663886927164178,0,-0.22881787612324436,0
2025-07-28 09:00:00+07:00,53.0,7.6,87.0,/dl/web/weather/ic-weather-10d.svg,Huế,-0.12663886927164178,0,-0.16211866509264988,0
2025-07-28 10:00:00+07:00,46.0,7.6,83.0,/dl/web/weather/ic-weather-10d.svg,Huế,-0.4903449376816406,0,-0.16211866509264988,0
2025-07-28 11:00:00+07:00,52.0,6.6,78.0,/dl/web/weather/ic-weather-10d.svg,Huế,-0.17859687904449875,0,-0.3288666926691363,0
2025-07-28 12:00:00+07:00,52.0,7.6,75.0,/dl/web/weather/ic-weather-10d.svg,Huế,-0.17859687904449875,0,-0.16211866509264988,0
2025-07-28 13:00:00+07:00,47.0,6.0,60.0,/dl/web/weather/ic-weather-10d.svg,Huế,-0.43838692790878364,0,-0.4289155092150281,0
2025-07-28 14:00:00+07:00,47.0,5.0,72.0,/dl/web/weather/ic-weather-04d.svg,Huế,-0.43838692790878364,0,-0.5956635367915145,0
2025-07-28 15:00:00+07:00,47.0,6.0,72.0,/dl/web/weather/ic-weather-04d.svg,Huế,-0.43838692790878364,0,-0.4289155092150281,0
2025-07-28 17:00:00+07:00,50.0,7.1,70.0,/dl/web/weather/ic-weather-04d.svg,Huế,-0.2825128985902127,0,-0.2454926788808931,0
2025-07-28 18:00:00+07:00,50.0,5.8,76.0,/dl/web/weather/ic-weather-04d.svg,Huế,-0.2825128985902127,0,-0.4622651147303254,0
2025-07-28 19:00:00+07:00,50.0,3.2,76.0,/dl/web/weather/ic-weather-04n.svg,Huế,-0.2825128985902127,0,-0.89580998642919,0
2025-07-28 20:00:00+07:00,55.0,3.5,81.0,/dl/web/weather/ic-weather-04n.svg,Huế,-0.022722849725927835,0,-0.8457855781562441,0
2025-07-28 21:00:00+07:00,55.0,2.6,81.0,/dl/web/weather/ic-weather-04n.svg,Huế,-0.022722849725927835,0,-0.9958588029750819,0
2025-07-28 22:00:00+07:00,55.0,3.9,81.0,/dl/web/weather/ic-weather-04n.svg,Huế,-0.022722849725927835,0,-0.7790863671256495,0
2025-07-29 00:00:00+07:00,55.0,13.4,91.0,/dl/web/weather/ic-weather-04n.svg,Huế,-0.022722849725927835,0,0.8050198948509714,0
2025-07-29 01:00:00+07:00,55.0,8.9,91.0,/dl/web/weather/ic-weather-04n.svg,Huế,-0.022722849725927835,0,0.05465377075678257,0
2025-07-29 02:00:00+07:00,56.0,8.0,72.0,/dl/web/weather/ic-weather-04n.svg,Huế,0.02923516004692914,0,-0.09541945406205526,0
2025-07-29 03:00:00+07:00,56.0,7.4,85.0,/dl/web/weather/ic-weather-04n.svg,Huế,0.02923516004692914,0,-0.19546827060794705,0
2025-07-29 04:00:00+07:00,56.0,8.5,84.0,/dl/web/weather/ic-weather-04n.svg,Huế,0.02923516004692914,0,-0.012045440273812056,0
2025-07-29 05:00:00+07:00,52.0,6.6,84.0,/dl/web/weather/ic-weather-10n.svg,Huế,-0.17859687904449875,0,-0.3288666926691363,0
2025-07-29 06:00:00+07:00,52.0,6.1,85.0,/dl/web/weather/ic-weather-10d.svg,Huế,-0.17859687904449875,0,-0.4122407064573795,0
2025-07-29 07:00:00+07:00,52.0,6.4,86.0,/dl/web/weather/ic-weather-10d.svg,Huế,-0.17859687904449875,0,-0.36221629818443346,0
2025-07-29 08:00:00+07:00,53.0,8.0,76.0,/dl/web/weather/ic-weather-10d.svg,Huế,-0.12663886927164178,0,-0.09541945406205526,0
2025-07-29 09:00:00+07:00,53.0,7.4,81.0,/dl/web/weather/ic-weather-10d.svg,Huế,-0.12663886927164178,0,-0.19546827060794705,0
2025-07-29 10:00:00+07:00,53.0,6.4,67.0,/dl/web/weather/ic-weather-10d.svg,Huế,-0.12663886927164178,0,-0.36221629818443346,0
2025-07-29 11:00:00+07:00,52.0,6.3,69.0,/dl/web/weather/ic-weather-04d.svg,Huế,-0.17859687904449875,0,-0.37889110094208217,0
2025-07-29 12:00:00+07:00,52.0,10.1,72.0,/dl/web/weather/ic-weather-04d.svg,Huế,-0.17859687904449875,0,0.25475140384856615,0
2025-07-29 13:00:00+07:00,52.0,7.2,70.0,/dl/web/weather/ic-weather-10d.svg,Huế,-0.17859687904449875,0,-0.22881787612324436,0
2025-07-29 14:00:00+07:00,49.0,6.6,70.0,/dl/web/weather/ic-weather-10d.svg,Huế,-0.3344709083630697,0,-0.3288666926691363,0
2025-07-29 15:00:00+07:00,49.0,7.2,74.0,/dl/web/weather/ic-weather-10d.svg,Huế,-0.3344709083630697,0,-0.22881787612324436,0
2025-07-29 16:00:00+07:00,49.0,6.9,75.0,/dl/web/weather/ic-weather-04d.svg,Huế,-0.3344709083630697,0,-0.27884228439619024,0
2025-07-29 17:00:00+07:00,52.0,7.9,78.0,/dl/web/weather/ic-weather-04d.svg,Huế,-0.17859687904449875,0,-0.11209425681970385,0
2025-07-29 18:00:00+07:00,52.0,8.5,78.0,/dl/web/weather/ic-weather-10d.svg,Huế,-0.17859687904449875,0,-0.012045440273812056,0
2025-07-29 19:00:00+07:00,52.0,6.6,78.0,/dl/web/weather/ic-weather-04n.svg,Huế,-0.17859687904449875,0,-0.3288666926691363,0
2025-07-29 20:00:00+07:00,54.0,7.1,78.0,/dl/web/weather/ic-weather-04n.svg,Huế,-0.07468085949878481,0,-0.2454926788808931,0
2025-07-29 21:00:00+07:00,54.0,8.0,82.0,/dl/web/weather/ic-weather-04n.svg,Huế,-0.07468085949878481,0,-0.09541945406205526,0
2025-07-29 22:00:00+07:00,54.0,10.8,78.0,/dl/web/weather/ic-weather-04n.svg,Huế,-0.07468085949878481,0,0.3714750231521068,0
2025-07-29 23:00:00+07:00,54.0,3.2,75.0,/dl/web/weather/ic-weather-04n.svg,Huế,-0.07468085949878481,0,-0.89580998642919,0
2025-07-30 00:00:00+07:00,54.0,5.3,73.0,/dl/web/weather/ic-weather-04n.svg,Huế,-0.07468085949878481,0,-0.5456391285185686,0
2025-07-30 01:00:00+07:00,54.0,5.0,70.0,/dl/web/weather/ic-weather-04n.svg,Huế,-0.07468085949878481,0,-0.5956635367915145,0
2025-07-30 02:00:00+07:00,47.0,6.6,71.0,/dl/web/weather/ic-weather-04n.svg,Huế,-0.43838692790878364,0,-0.3288666926691363,0
2025-07-30 03:00:00+07:00,47.0,7.9,78.0,/dl/web/weather/ic-weather-04n.svg,Huế,-0.43838692790878364,0,-0.11209425681970385,0
2025-07-30 05:00:00+07:00,22.0,9.0,64.0,/dl/web/weather/ic-weather-04n.svg,Huế,-1.737337172230208,0,0.07132857351443116,0
2025-07-30 06:00:00+07:00,19.0,8.4,67.0,/dl/web/weather/ic-weather-04d.svg,Huế,-1.893211201548779,0,-0.02872024303146064,0
2025-07-30 07:00:00+07:00,14.0,5.5,71.0,/dl/web/weather/ic-weather-10d.svg,Huế,-2.153001250413064,0,-0.5122895230032712,0
2025-07-30 08:00:00+07:00,14.0,4.3,71.0,/dl/web/weather/ic-weather-04d.svg,Huế,-2.153001250413064,0,-0.712387156095055,0
2025-07-30 09:00:00+07:00,14.0,3.4,71.0,/dl/web/weather/ic-weather-10d.svg,Huế,-2.153001250413064,0,-0.8624603809138927,0
2025-07-30 10:00:00+07:00,19.0,4.8,65.0,/dl/web/weather/ic-weather-04d.svg,Huế,-1.893211201548779,0,-0.6290131423068118,0
2025-07-30 11:00:00+07:00,26.0,6.0,63.0,/dl/web/weather/ic-weather-04d.svg,Huế,-1.5295051331387801,0,-0.4289155092150281,0
2025-07-30 13:00:00+07:00,22.0,11.1,64.0,/dl/web/weather/ic-weather-04d.svg,Huế,-1.737337172230208,0,0.42149943142505253,0
2025-07-30 14:00:00+07:00,20.0,15.1,60.0,/dl/web/weather/ic-weather-04d.svg,Huế,-1.841253191775922,0,1.0884915417309982,0
2025-07-30 15:00:00+07:00,18.0,16.9,57.0,/dl/web/weather/ic-weather-04d.svg,Huế,-1.945169211321636,0,1.3886379913686735,0
2025-07-30 16:00:00+07:00,23.0,9.8,58.0,/dl/web/weather/ic-weather-04d.svg,Huế,-1.685379162457351,0,0.2047269955756204,0
2025-07-30 18:00:00+07:00,34.0,7.1,61.0,/dl/web/weather/ic-weather-04d.svg,Huế,-1.1138410549559243,0,-0.2454926788808931,0
2025-07-30 19:00:00+07:00,47.0,6.9,67.0,/dl/web/weather/ic-weather-04n.svg,Huế,-0.43838692790878364,0,-0.27884228439619024,0
2025-07-30 20:00:00+07:00,51.0,6.9,60.0,/dl/web/weather/ic-weather-04n.svg,Huế,-0.23055488881735575,0,-0.27884228439619024,0
2025-07-30 21:00:00+07:00,51.0,7.6,65.0,/dl/web/weather/ic-weather-04n.svg,Huế,-0.23055488881735575,0,-0.16211866509264988,0
2025-07-30 22:00:00+07:00,39.0,8.7,61.0,/dl/web/weather/ic-weather-04n.svg,Huế,-0.8540510060916394,0,0.02130416524148511,0
2025-07-30 23:00:00+07:00,39.0,8.4,63.0,/dl/web/weather/ic-weather-04n.svg,Huế,-0.8540510060916394,0,-0.02872024303146064,0
2025-07-31 00:00:00+07:00,38.0,7.4,63.0,/dl/web/weather/ic-weather-04n.svg,Huế,-0.9060090158644964,0,-0.19546827060794705,0
2025-07-31 01:00:00+07:00,46.0,7.1,70.0,/dl/web/weather/ic-weather-04n.svg,Huế,-0.4903449376816406,0,-0.2454926788808931,0
2025-07-31 02:00:00+07:00,46.0,6.1,64.0,/dl/web/weather/ic-weather-04n.svg,Huế,-0.4903449376816406,0,-0.4122407064573795,0
2025-07-31 03:00:00+07:00,46.0,5.0,65.0,/dl/web/weather/ic-weather-04n.svg,Huế,-0.4903449376816406,0,-0.5956635367915145,0
2025-07-31 04:00:00+07:00,44.0,6.0,64.0,/dl/web/weather/ic-weather-04n.svg,Huế,-0.5942609572273546,0,-0.4289155092150281,0
2025-07-31 05:00:00+07:00,44.0,7.4,65.0,/dl/web/weather/ic-weather-04n.svg,Huế,-0.5942609572273546,0,-0.19546827060794705,0
2025-07-31 06:00:00+07:00,46.0,7.9,73.0,/dl/web/weather/ic-weather-04d.svg,Huế,-0.4903449376816406,0,-0.11209425681970385,0
2025-07-31 07:00:00+07:00,46.0,6.9,62.0,/dl/web/weather/ic-weather-04d.svg,Huế,-0.4903449376816406,0,-0.27884228439619024,0
2025-07-31 08:00:00+07:00,52.0,7.3,56.0,/dl/web/weather/ic-weather-04d.svg,Huế,-0.17859687904449875,0,-0.2121430733655958,0
2025-07-31 09:00:00+07:00,46.0,10.1,54.0,/dl/web/weather/ic-weather-04d.svg,Huế,-0.4903449376816406,0,0.25475140384856615,0
2025-07-31 10:00:00+07:00,46.0,10.6,52.0,/dl/web/weather/ic-weather-04d.svg,Huế,-0.4903449376816406,0,0.33812541763680937,0
2025-07-31 12:00:00+07:00,46.0,9.7,48.0,/dl/web/weather/ic-weather-04d.svg,Huế,-0.4903449376816406,0,0.18805219281797153,0
2025-07-31 13:00:00+07:00,46.0,6.3,47.0,/dl/web/weather/ic-weather-04d.svg,Huế,-0.4903449376816406,0,-0.37889110094208217,0
2025-07-31 14:00:00+07:00,46.0,7.6,49.0,/dl/web/weather/ic-weather-04d.svg,Huế,-0.4903449376816406,0,-0.16211866509264988,0
2025-07-31 15:00:00+07:00,44.0,11.7,50.0,/dl/web/weather/ic-weather-04d.svg,Huế,-0.5942609572273546,0,0.5215482479709443,0
2025-07-31 16:00:00+07:00,48.0,9.0,55.0,/dl/web/weather/ic-weather-04d.svg,Huế,-0.38642891813592667,0,0.07132857351443116,0
2025-07-31 17:00:00+07:00,52.0,5.8,54.0,/dl/web/weather/ic-weather-04d.svg,Huế,-0.17859687904449875,0,-0.4622651147303254,0
2025-07-31 18:00:00+07:00,54.0,2.7,53.0,/dl/web/weather/ic-weather-04d.svg,Huế,-0.07468085949878481,0,-0.9791840002174332,0
2025-07-31 20:00:00+07:00,61.0,4.0,65.0,/dl/web/weather/ic-weather-04n.svg,Huế,0.289025208911214,0,-0.762411564368001,0
2025-07-31 21:00:00+07:00,61.0,3.4,65.0,/dl/web/weather/ic-weather-04n.svg,Huế,0.289025208911214,0,-0.8624603809138927,0
2025-07-31 22:00:00+07:00,63.0,4.0,66.0,/dl/web/weather/ic-weather-04n.svg,Huế,0.39294122845692797,0,-0.762411564368001,0
2025-07-31 23:00:00+07:00,63.0,4.8,66.0,/dl/web/weather/ic-weather-04n.svg,Huế,0.39294122845692797,0,-0.6290131423068118,0
2025-08-01 00:00:00+07:00,63.0,4.3,66.0,/dl/web/weather/ic-weather-04n.svg,Huế,0.39294122845692797,0,-0.712387156095055,0
2025-08-01 01:00:00+07:00,58.0,5.8,68.0,/dl/web/weather/ic-weather-04n.svg,Huế,0.13315117959264308,0,-0.4622651147303254,0
2025-08-01 02:00:00+07:00,55.0,7.1,64.0,/dl/web/weather/ic-weather-04n.svg,Huế,-0.022722849725927835,0,-0.2454926788808931,0
2025-08-01 03:00:00+07:00,55.0,6.4,63.0,/dl/web/weather/ic-weather-04n.svg,Huế,-0.022722849725927835,0,-0.36221629818443346,0
2025-08-01 04:00:00+07:00,54.0,6.4,62.0,/dl/web/weather/ic-weather-04n.svg,Huế,-0.07468085949878481,0,-0.36221629818443346,0
2025-08-01 05:00:00+07:00,54.0,7.1,64.0,/dl/web/weather/ic-weather-04n.svg,Huế,-0.07468085949878481,0,-0.2454926788808931,0
2025-08-01 06:00:00+07:00,54.0,7.9,64.0,/dl/web/weather/ic-weather-04d.svg,Huế,-0.07468085949878481,0,-0.11209425681970385,0
2025-08-01 07:00:00+07:00,55.0,6.8,71.0,/dl/web/weather/ic-weather-04d.svg,Huế,-0.022722849725927835,0,-0.295517087153839,0
2025-08-01 08:00:00+07:00,56.0,6.4,65.0,/dl/web/weather/ic-weather-04d.svg,Huế,0.02923516004692914,0,-0.36221629818443346,0
2025-08-01 09:00:00+07:00,54.0,7.4,51.0,/dl/web/weather/ic-weather-04d.svg,Huế,-0.07468085949878481,0,-0.19546827060794705,0
2025-08-01 10:00:00+07:00,52.0,9.2,50.0,/dl/web/weather/ic-weather-04d.svg,Huế,-0.17859687904449875,0,0.10467817902972831,0
2025-08-01 11:00:00+07:00,48.0,7.6,46.0,/dl/web/weather/ic-weather-04d.svg,Huế,-0.38642891813592667,0,-0.16211866509264988,0
2025-08-01 12:00:00+07:00,48.0,7.1,43.0,/dl/web/weather/ic-weather-04d.svg,Huế,-0.38642891813592667,0,-0.2454926788808931,0
2025-08-01 13:00:00+07:00,48.0,11.3,42.0,/dl/web/weather/ic-weather-04d.svg,Huế,-0.38642891813592667,0,0.45484903694035,0
2025-08-13 15:00:00+07:00,46.0,46.0,46.0,/dl/web/weather/ic-weather-03d.svg,Huế,-0.4903449376816406,0,6.241005593844428,-1
2025-08-13 16:00:00+07:00,47.0,47.0,47.0,/dl/web/weather/ic-weather-10d.svg,Huế,-0.43838692790878364,0,6.407753621420914,-1
2025-08-13 17:00:00+07:00,47.0,47.0,47.0,/dl/web/weather/ic-weather-10d.svg,Huế,-0.43838692790878364,0,6.407753621420914,-1
2025-08-13 18:00:00+07:00,46.0,46.0,46.0,/dl/web/weather/ic-weather-03d.svg,Huế,-0.4903449376816406,0,6.241005593844428,-1
2025-08-13 19:00:00+07:00,47.0,47.0,47.0,/dl/web/weather/ic-weather-03n.svg,Huế,-0.43838692790878364,0,6.407753621420914,-1
2025-08-13 20:00:00+07:00,47.0,47.0,47.0,/dl/web/weather/ic-weather-01n.svg,Huế,-0.43838692790878364,0,6.407753621420914,-1
2025-08-13 21:00:00+07:00,47.0,47.0,47.0,/dl/web/weather/ic-weather-01n.svg,Huế,-0.43838692790878364,0,6.407753621420914,-1
2025-08-13 22:00:00+07:00,47.0,47.0,47.0,/dl/web/weather/ic-weather-10n.svg,Huế,-0.43838692790878364,0,6.407753621420914,-1
2025-08-13 23:00:00+07:00,47.0,47.0,47.0,/dl/web/weather/ic-weather-02n.svg,Huế,-0.43838692790878364,0,6.407753621420914,-1
2025-08-14 00:00:00+07:00,46.0,46.0,46.0,/dl/web/weather/ic-weather-02n.svg,Huế,-0.4903449376816406,0,6.241005593844428,-1
2025-08-14 01:00:00+07:00,46.0,46.0,46.0,/dl/web/weather/ic-weather-03n.svg,Huế,-0.4903449376816406,0,6.241005593844428,-1
2025-08-14 02:00:00+07:00,46.0,46.0,46.0,/dl/web/weather/ic-weather-04n.svg,Huế,-0.4903449376816406,0,6.241005593844428,-1
2025-08-14 03:00:00+07:00,47.0,47.0,47.0,/dl/web/weather/ic-weather-04n.svg,Huế,-0.43838692790878364,0,6.407753621420914,-1
2025-08-14 04:00:00+07:00,47.0,47.0,47.0,/dl/web/weather/ic-weather-04n.svg,Huế,-0.43838692790878364,0,6.407753621420914,-1
2025-08-14 05:00:00+07:00,47.0,47.0,47.0,/dl/web/weather/ic-weather-04n.svg,Huế,-0.43838692790878364,0,6.407753621420914,-1
2025-08-14 06:00:00+07:00,47.0,47.0,47.0,/dl/web/weather/ic-weather-04d.svg,Huế,-0.43838692790878364,0,6.407753621420914,-1
2025-08-14 07:00:00+07:00,47.0,47.0,47.0,/dl/web/weather/ic-weather-04d.svg,Huế,-0.43838692790878364,0,6.407753621420914,-1
2025-08-14 09:00:00+07:00,47.0,47.0,47.0,/dl/web/weather/ic-weather-03d.svg,Huế,-0.43838692790878364,0,6.407753621420914,-1
2025-08-14 10:00:00+07:00,47.0,47.0,47.0,/dl/web/weather/ic-weather-03d.svg,Huế,-0.43838692790878364,0,6.407753621420914,-1
2025-08-14 11:00:00+07:00,47.0,47.0,47.0,/dl/web/weather/ic-weather-04d.svg,Huế,-0.43838692790878364,0,6.407753621420914,-1
2025-08-14 12:00:00+07:00,47.0,47.0,47.0,/dl/web/weather/ic-weather-04d.svg,Huế,-0.43838692790878364,0,6.407753621420914,-1
2025-08-14 13:00:00+07:00,47.0,47.0,47.0,/dl/web/weather/ic-weather-04d.svg,Huế,-0.43838692790878364,0,6.407753621420914,-1
2025-08-14 14:00:00+07:00,46.0,23.38,52.0,/dl/web/weather/ic-weather-04d.svg,Huế,-0.4903449376816406,0,2.469165210064306,0
2025-08-14 15:00:00+07:00,46.0,8.0,53.0,/dl/web/weather/ic-weather-04d.svg,Huế,-0.4903449376816406,0,-0.09541945406205526,0
2025-08-14 16:00:00+07:00,47.0,8.8,56.0,/dl/web/weather/ic-weather-10d.svg,Huế,-0.43838692790878364,0,0.037978967999133986,0
2025-08-14 17:00:00+07:00,47.0,7.8,61.0,/dl/web/weather/ic-weather-10d.svg,Huế,-0.43838692790878364,0,-0.12876905957735257,0
2025-08-14 18:00:00+07:00,47.0,8.9,63.0,/dl/web/weather/ic-weather-10d.svg,Huế,-0.43838692790878364,0,0.05465377075678257,0
2025-08-14 19:00:00+07:00,47.0,6.0,70.0,/dl/web/weather/ic-weather-04n.svg,Huế,-0.43838692790878364,0,-0.4289155092150281,0
2025-08-14 20:00:00+07:00,47.0,4.7,78.0,/dl/web/weather/ic-weather-04n.svg,Huế,-0.43838692790878364,0,-0.6456879450644604,0
2025-08-14 21:00:00+07:00,47.0,5.4,71.0,/dl/web/weather/ic-weather-04n.svg,Huế,-0.43838692790878364,0,-0.5289643257609199,0
2025-08-14 22:00:00+07:00,47.0,5.8,75.0,/dl/web/weather/ic-weather-04n.svg,Huế,-0.43838692790878364,0,-0.4622651147303254,0
2025-08-14 23:00:00+07:00,47.0,4.1,73.0,/dl/web/weather/ic-weather-04n.svg,Huế,-0.43838692790878364,0,-0.7457367616103523,0
2025-08-15 00:00:00+07:00,46.0,4.5,76.0,/dl/web/weather/ic-weather-04n.svg,Huế,-0.4903449376816406,0,-0.6790375505797577,0
2025-08-15 01:00:00+07:00,46.0,4.9,88.0,/dl/web/weather/ic-weather-10n.svg,Huế,-0.4903449376816406,0,-0.6123383395491631,0
2025-08-15 02:00:00+07:00,46.0,4.4,90.0,/dl/web/weather/ic-weather-10n.svg,Huế,-0.4903449376816406,0,-0.6957123533374063,0
2025-08-15 03:00:00+07:00,47.0,4.4,72.0,/dl/web/weather/ic-weather-04n.svg,Huế,-0.43838692790878364,0,-0.6957123533374063,0
2025-08-15 04:00:00+07:00,47.0,4.2,85.0,/dl/web/weather/ic-weather-10n.svg,Huế,-0.43838692790878364,0,-0.7290619588527036,0
2025-08-15 05:00:00+07:00,47.0,3.8,79.0,/dl/web/weather/ic-weather-10n.svg,Huế,-0.43838692790878364,0,-0.7957611698832983,0
2025-08-15 06:00:00+07:00,47.0,3.9,82.0,/dl/web/weather/ic-weather-04d.svg,Huế,-0.43838692790878364,0,-0.7790863671256495,0
2025-08-15 07:00:00+07:00,47.0,3.5,80.0,/dl/web/weather/ic-weather-04d.svg,Huế,-0.43838692790878364,0,-0.8457855781562441,0
2025-08-15 09:00:00+07:00,47.0,0.6,57.0,/dl/web/weather/ic-weather-04d.svg,Huế,-0.43838692790878364,0,-1.3293548581280548,0
2025-08-15 10:00:00+07:00,47.0,3.8,53.0,/dl/web/weather/ic-weather-04d.svg,Huế,-0.43838692790878364,0,-0.7957611698832983,0
2025-08-15 11:00:00+07:00,47.0,6.8,56.0,/dl/web/weather/ic-weather-04d.svg,Huế,-0.43838692790878364,0,-0.295517087153839,0
2025-08-15 12:00:00+07:00,47.0,9.3,54.0,/dl/web/weather/ic-weather-04d.svg,Huế,-0.43838692790878364,0,0.12135298178737719,0
2025-08-15 13:00:00+07:00,46.0,9.7,52.0,/dl/web/weather/ic-weather-04d.svg,Huế,-0.4903449376816406,0,0.18805219281797153,0
2025-08-15 14:00:00+07:00,46.0,10.0,51.0,/dl/web/weather/ic-weather-04d.svg,Huế,-0.4903449376816406,0,0.23807660109091755,0
2025-08-15 15:00:00+07:00,46.0,11.1,59.0,/dl/web/weather/ic-weather-04d.svg,Huế,-0.4903449376816406,0,0.42149943142505253,0
2025-08-15 16:00:00+07:00,47.0,8.1,63.0,/dl/web/weather/ic-weather-04d.svg,Huế,-0.43838692790878364,0,-0.07874465130440668,0
2025-08-15 17:00:00+07:00,47.0,6.1,70.0,/dl/web/weather/ic-weather-04d.svg,Huế,-0.43838692790878364,0,-0.4122407064573795,0
2025-08-15 18:00:00+07:00,47.0,2.9,75.0,/dl/web/weather/ic-weather-04d.svg,Huế,-0.43838692790878364,0,-0.9458343947021359,0
2025-08-15 19:00:00+07:00,47.0,3.2,83.0,/dl/web/weather/ic-weather-04n.svg,Huế,-0.43838692790878364,0,-0.89580998642919,0
2025-08-15 20:00:00+07:00,47.0,2.7,85.0,/dl/web/weather/ic-weather-04n.svg,Huế,-0.43838692790878364,0,-0.9791840002174332,0
2025-08-15 21:00:00+07:00,47.0,2.3,79.0,/dl/web/weather/ic-weather-04n.svg,Huế,-0.43838692790878364,0,-1.0458832112480279,0
2025-08-15 22:00:00+07:00,47.0,2.6,79.0,/dl/web/weather/ic-weather-04n.svg,Huế,-0.43838692790878364,0,-0.9958588029750819,0
2025-08-15 23:00:00+07:00,47.0,3.3,79.0,/dl/web/weather/ic-weather-04n.svg,Huế,-0.43838692790878364,0,-0.8791351836715414,0
2025-08-16 00:00:00+07:00,47.0,2.9,83.0,/dl/web/weather/ic-weather-04n.svg,Huế,-0.43838692790878364,0,-0.9458343947021359,0
2025-08-16 01:00:00+07:00,46.0,4.2,84.0,/dl/web/weather/ic-weather-04n.svg,Huế,-0.4903449376816406,0,-0.7290619588527036,0
2025-08-16 02:00:00+07:00,47.0,2.6,84.0,/dl/web/weather/ic-weather-04n.svg,Huế,-0.43838692790878364,0,-0.9958588029750819,0
2025-08-16 03:00:00+07:00,47.0,2.7,84.0,/dl/web/weather/ic-weather-10n.svg,Huế,-0.43838692790878364,0,-0.9791840002174332,0
2025-08-16 04:00:00+07:00,47.0,2.8,88.0,/dl/web/weather/ic-weather-04n.svg,Huế,-0.43838692790878364,0,-0.9625091974597846,0
2025-08-16 05:00:00+07:00,47.0,2.1,88.0,/dl/web/weather/ic-weather-04n.svg,Huế,-0.43838692790878364,0,-1.0792328167633252,0
2025-08-16 06:00:00+07:00,47.0,2.2,87.0,/dl/web/weather/ic-weather-04d.svg,Huế,-0.43838692790878364,0,-1.0625580140056765,0
2025-08-16 07:00:00+07:00,47.0,3.1,78.0,/dl/web/weather/ic-weather-04d.svg,Huế,-0.43838692790878364,0,-0.9124847891868387,0
2025-08-16 09:00:00+07:00,47.0,4.6,64.0,/dl/web/weather/ic-weather-04d.svg,Huế,-0.43838692790878364,0,-0.6623627478221091,0
2025-08-16 10:00:00+07:00,47.0,6.4,63.0,/dl/web/weather/ic-weather-10d.svg,Huế,-0.43838692790878364,0,-0.36221629818443346,0
2025-08-16 11:00:00+07:00,47.0,8.4,66.0,/dl/web/weather/ic-weather-10d.svg,Huế,-0.43838692790878364,0,-0.02872024303146064,0
2025-08-16 12:00:00+07:00,47.0,10.6,70.0,/dl/web/weather/ic-weather-04d.svg,Huế,-0.43838692790878364,0,0.33812541763680937,0
2025-08-16 13:00:00+07:00,47.0,11.1,69.0,/dl/web/weather/ic-weather-04d.svg,Huế,-0.43838692790878364,0,0.42149943142505253,0
2025-08-16 14:00:00+07:00,46.0,12.3,63.0,/dl/web/weather/ic-weather-04d.svg,Huế,-0.4903449376816406,0,0.6215970645168364,0
2025-08-16 15:00:00+07:00,46.0,10.6,67.0,/dl/web/weather/ic-weather-04d.svg,Huế,-0.4903449376816406,0,0.33812541763680937,0
2025-08-16 16:00:00+07:00,47.0,8.4,70.0,/dl/web/weather/ic-weather-10d.svg,Huế,-0.43838692790878364,0,-0.02872024303146064,0
2025-08-16 17:00:00+07:00,47.0,5.7,74.0,/dl/web/weather/ic-weather-04d.svg,Huế,-0.43838692790878364,0,-0.478939917487974,0
2025-08-16 18:00:00+07:00,47.0,5.2,78.0,/dl/web/weather/ic-weather-10d.svg,Huế,-0.43838692790878364,0,-0.5623139312762172,0
2025-08-16 19:00:00+07:00,47.0,2.5,90.0,/dl/web/weather/ic-weather-10n.svg,Huế,-0.43838692790878364,0,-1.0125336057327305,0
2025-08-16 20:00:00+07:00,47.0,3.6,91.0,/dl/web/weather/ic-weather-10n.svg,Huế,-0.43838692790878364,0,-0.8291107753985956,0
2025-08-16 21:00:00+07:00,47.0,4.6,94.0,/dl/web/weather/ic-weather-10n.svg,Huế,-0.43838692790878364,0,-0.6623627478221091,0
2025-08-16 22:00:00+07:00,47.0,4.4,90.0,/dl/web/weather/ic-weather-10n.svg,Huế,-0.43838692790878364,0,-0.6957123533374063,0
2025-08-16 23:00:00+07:00,47.0,3.7,94.0,/dl/web/weather/ic-weather-10n.svg,Huế,-0.43838692790878364,0,-0.8124359726409468,0
2025-08-17 00:00:00+07:00,46.0,3.5,90.0,/dl/web/weather/ic-weather-10n.svg,Huế,-0.4903449376816406,0,-0.8457855781562441,0
2025-08-17 01:00:00+07:00,46.0,4.2,92.0,/dl/web/weather/ic-weather-10n.svg,Huế,-0.4903449376816406,0,-0.7290619588527036,0
2025-08-17 02:00:00+07:00,47.0,4.9,95.0,/dl/web/weather/ic-weather-10n.svg,Huế,-0.43838692790878364,0,-0.6123383395491631,0
2025-08-17 03:00:00+07:00,47.0,4.9,95.0,/dl/web/weather/ic-weather-10n.svg,Huế,-0.43838692790878364,0,-0.6123383395491631,0
2025-08-17 04:00:00+07:00,47.0,4.3,95.0,/dl/web/weather/ic-weather-10n.svg,Huế,-0.43838692790878364,0,-0.712387156095055,0
2025-08-17 05:00:00+07:00,47.0,3.8,94.0,/dl/web/weather/ic-weather-10n.svg,Huế,-0.43838692790878364,0,-0.7957611698832983,0
2025-08-17 06:00:00+07:00,47.0,3.2,94.0,/dl/web/weather/ic-weather-10d.svg,Huế,-0.43838692790878364,0,-0.89580998642919,0
2025-08-17 07:00:00+07:00,47.0,4.5,95.0,/dl/web/weather/ic-weather-10d.svg,Huế,-0.43838692790878364,0,-0.6790375505797577,0
2025-08-17 09:00:00+07:00,49.0,2.5,90.0,/dl/web/weather/ic-weather-10d.svg,Huế,-0.3344709083630697,0,-1.0125336057327305,0
2025-08-17 10:00:00+07:00,49.0,2.1,88.0,/dl/web/weather/ic-weather-10d.svg,Huế,-0.3344709083630697,0,-1.0792328167633252,0
2025-08-17 11:00:00+07:00,49.0,4.1,91.0,/dl/web/weather/ic-weather-10d.svg,Huế,-0.3344709083630697,0,-0.7457367616103523,0
2025-08-17 12:00:00+07:00,49.0,4.6,86.0,/dl/web/weather/ic-weather-04d.svg,Huế,-0.3344709083630697,0,-0.6623627478221091,0
2025-08-17 13:00:00+07:00,49.0,4.0,84.0,/dl/web/weather/ic-weather-04d.svg,Huế,-0.3344709083630697,0,-0.762411564368001,0
2025-08-17 14:00:00+07:00,49.0,7.5,86.0,/dl/web/weather/ic-weather-04d.svg,Huế,-0.3344709083630697,0,-0.17879346785029845,0
2025-08-17 15:00:00+07:00,49.0,11.3,84.0,/dl/web/weather/ic-weather-10d.svg,Huế,-0.3344709083630697,0,0.45484903694035,0
2025-08-17 16:00:00+07:00,49.0,11.2,82.0,/dl/web/weather/ic-weather-04d.svg,Huế,-0.3344709083630697,0,0.43817423418270113,0
2025-08-17 17:00:00+07:00,28.0,2.2,81.0,/dl/web/weather/ic-weather-04d.svg,Huế,-1.4255891135930663,0,-1.0625580140056765,0
2025-08-17 18:00:00+07:00,36.0,2.2,82.0,/dl/web/weather/ic-weather-04n.svg,Huế,-1.0099250354102103,0,-1.0625580140056765,0
2025-08-17 20:00:00+07:00,33.0,3.6,89.0,/dl/web/weather/ic-weather-04n.svg,Huế,-1.1657990647287813,0,-0.8291107753985956,0
2025-08-17 21:00:00+07:00,33.0,2.0,89.0,/dl/web/weather/ic-weather-10n.svg,Huế,-1.1657990647287813,0,-1.0959076195209738,0
2025-08-17 22:00:00+07:00,33.0,2.5,89.0,/dl/web/weather/ic-weather-10n.svg,Huế,-1.1657990647287813,0,-1.0125336057327305,0
2025-08-17 23:00:00+07:00,44.0,2.8,89.0,/dl/web/weather/ic-weather-10n.svg,Huế,-0.5942609572273546,0,-0.9625091974597846,0
2025-08-18 00:00:00+07:00,44.0,3.1,90.0,/dl/web/weather/ic-weather-10n.svg,Huế,-0.5942609572273546,0,-0.9124847891868387,0
2025-08-18 01:00:00+07:00,48.0,2.5,90.0,/dl/web/weather/ic-weather-04n.svg,Huế,-0.38642891813592667,0,-1.0125336057327305,0
2025-08-18 02:00:00+07:00,52.0,2.9,89.0,/dl/web/weather/ic-weather-10n.svg,Huế,-0.17859687904449875,0,-0.9458343947021359,0
2025-08-18 03:00:00+07:00,52.0,2.1,93.0,/dl/web/weather/ic-weather-10n.svg,Huế,-0.17859687904449875,0,-1.0792328167633252,0
2025-08-18 04:00:00+07:00,52.0,2.6,89.0,/dl/web/weather/ic-weather-10n.svg,Huế,-0.17859687904449875,0,-0.9958588029750819,0
2025-08-18 05:00:00+07:00,52.0,3.0,93.0,/dl/web/weather/ic-weather-04n.svg,Huế,-0.17859687904449875,0,-0.9291595919444873,0
2025-08-18 06:00:00+07:00,52.0,2.9,89.0,/dl/web/weather/ic-weather-04d.svg,Huế,-0.17859687904449875,0,-0.9458343947021359,0
2025-08-18 07:00:00+07:00,54.0,2.3,86.0,/dl/web/weather/ic-weather-04d.svg,Huế,-0.07468085949878481,0,-1.0458832112480279,0
2025-08-18 09:00:00+07:00,54.0,2.4,68.0,/dl/web/weather/ic-weather-04d.svg,Huế,-0.07468085949878481,0,-1.0292084084903792,0
2025-08-18 10:00:00+07:00,54.5,2.1,70.0,/dl/web/weather/ic-weather-10d.svg,Huế,-0.04870185461235632,0,-1.0792328167633252,0
2025-08-18 11:00:00+07:00,55.0,3.5,65.0,/dl/web/weather/ic-weather-10d.svg,Huế,-0.022722849725927835,0,-0.8457855781562441,0
2025-08-18 12:00:00+07:00,55.0,4.9,70.0,/dl/web/weather/ic-weather-10d.svg,Huế,-0.022722849725927835,0,-0.6123383395491631,0
2025-08-18 13:00:00+07:00,55.0,7.2,65.0,/dl/web/weather/ic-weather-10d.svg,Huế,-0.022722849725927835,0,-0.22881787612324436,0
2025-08-18 14:00:00+07:00,12.0,5.1,71.0,/dl/web/weather/ic-weather-10d.svg,Huế,-2.2569172699587776,0,-0.5789887340338659,0
2025-08-18 15:00:00+07:00,12.0,4.0,83.0,/dl/web/weather/ic-weather-10d.svg,Huế,-2.2569172699587776,0,-0.762411564368001,0
2025-08-18 16:00:00+07:00,14.0,3.2,83.0,/dl/web/weather/ic-weather-10d.svg,Huế,-2.153001250413064,0,-0.89580998642919,0
2025-08-18 17:00:00+07:00,16.0,3.4,91.0,/dl/web/weather/ic-weather-10d.svg,Huế,-2.04908523086735,0,-0.8624603809138927,0
2025-08-18 18:00:00+07:00,13.0,3.2,93.0,/dl/web/weather/ic-weather-04d.svg,Huế,-2.204959260185921,0,-0.89580998642919,0
2025-08-18 19:00:00+07:00,13.67,3.0,86.0,/dl/web/weather/ic-weather-04n.svg,Huế,-2.1701473936381066,0,-0.9291595919444873,0
2025-08-18 20:00:00+07:00,19.0,2.8,87.0,/dl/web/weather/ic-weather-04n.svg,Huế,-1.893211201548779,0,-0.9625091974597846,0
2025-08-18 21:00:00+07:00,18.0,3.9,90.0,/dl/web/weather/ic-weather-04n.svg,Huế,-1.945169211321636,0,-0.7790863671256495,0
2025-08-18 22:00:00+07:00,16.0,5.9,90.0,/dl/web/weather/ic-weather-04n.svg,Huế,-2.04908523086735,0,-0.4455903119726767,0
2025-08-18 23:00:00+07:00,13.0,4.1,83.0,/dl/web/weather/ic-weather-04n.svg,Huế,-2.204959260185921,0,-0.7457367616103523,0
2025-08-19 00:00:00+07:00,47.0,4.4,91.0,/dl/web/weather/ic-weather-04n.svg,Huế,-0.43838692790878364,0,-0.6957123533374063,0
2025-08-19 01:00:00+07:00,47.0,3.6,92.0,/dl/web/weather/ic-weather-04n.svg,Huế,-0.43838692790878364,0,-0.8291107753985956,0
2025-08-19 02:00:00+07:00,49.0,3.6,92.0,/dl/web/weather/ic-weather-04n.svg,Huế,-0.3344709083630697,0,-0.8291107753985956,0
2025-08-19 03:00:00+07:00,49.0,4.0,90.0,/dl/web/weather/ic-weather-04n.svg,Huế,-0.3344709083630697,0,-0.762411564368001,0
2025-08-19 04:00:00+07:00,49.0,4.4,90.0,/dl/web/weather/ic-weather-04n.svg,Huế,-0.3344709083630697,0,-0.6957123533374063,0
2025-08-19 05:00:00+07:00,49.0,4.0,93.0,/dl/web/weather/ic-weather-04n.svg,Huế,-0.3344709083630697,0,-0.762411564368001,0
2025-08-19 06:00:00+07:00,49.0,3.7,100.0,/dl/web/weather/ic-weather-04d.svg,Huế,-0.3344709083630697,0,-0.8124359726409468,0
2025-08-19 09:00:00+07:00,49.0,2.8,77.0,/dl/web/weather/ic-weather-04d.svg,Huế,-0.3344709083630697,0,-0.9625091974597846,0
2025-08-19 10:00:00+07:00,49.0,4.5,69.0,/dl/web/weather/ic-weather-04d.svg,Huế,-0.3344709083630697,0,-0.6790375505797577,0
2025-08-19 11:00:00+07:00,49.0,6.6,65.0,/dl/web/weather/ic-weather-04d.svg,Huế,-0.3344709083630697,0,-0.3288666926691363,0
2025-08-19 12:00:00+07:00,47.0,6.8,62.0,/dl/web/weather/ic-weather-04d.svg,Huế,-0.43838692790878364,0,-0.295517087153839,0
2025-08-19 13:00:00+07:00,52.0,6.4,58.0,/dl/web/weather/ic-weather-04d.svg,Huế,-0.17859687904449875,0,-0.36221629818443346,0
2025-08-19 14:00:00+07:00,46.0,7.6,54.0,/dl/web/weather/ic-weather-04d.svg,Huế,-0.4903449376816406,0,-0.16211866509264988,0
2025-08-19 15:00:00+07:00,46.0,8.9,57.0,/dl/web/weather/ic-weather-04d.svg,Huế,-0.4903449376816406,0,0.05465377075678257,0
2025-08-19 16:00:00+07:00,46.0,7.4,59.0,/dl/web/weather/ic-weather-04d.svg,Huế,-0.4903449376816406,0,-0.19546827060794705,0
2025-08-19 17:00:00+07:00,46.0,6.2,69.0,/dl/web/weather/ic-weather-04d.svg,Huế,-0.4903449376816406,0,-0.39556590369973077,0
2025-08-19 18:00:00+07:00,46.0,5.1,78.0,/dl/web/weather/ic-weather-04d.svg,Huế,-0.4903449376816406,0,-0.5789887340338659,0
2025-08-19 19:00:00+07:00,46.0,4.3,79.0,/dl/web/weather/ic-weather-04n.svg,Huế,-0.4903449376816406,0,-0.712387156095055,0
2025-08-19 20:00:00+07:00,46.0,4.0,80.0,/dl/web/weather/ic-weather-04n.svg,Huế,-0.4903449376816406,0,-0.762411564368001,0
2025-08-19 21:00:00+07:00,46.0,3.2,80.0,/dl/web/weather/ic-weather-03n.svg,Huế,-0.4903449376816406,0,-0.89580998642919,0
2025-08-19 22:00:00+07:00,46.0,3.3,87.0,/dl/web/weather/ic-weather-03n.svg,Huế,-0.4903449376816406,0,-0.8791351836715414,0
2025-08-19 23:00:00+07:00,46.0,3.3,89.0,/dl/web/weather/ic-weather-03n.svg,Huế,-0.4903449376816406,0,-0.8791351836715414,0
2025-08-20 00:00:00+07:00,46.0,2.7,89.0,/dl/web/weather/ic-weather-04n.svg,Huế,-0.4903449376816406,0,-0.9791840002174332,0
2025-08-20 01:00:00+07:00,46.0,3.4,85.0,/dl/web/weather/ic-weather-04n.svg,Huế,-0.4903449376816406,0,-0.8624603809138927,0
2025-08-20 02:00:00+07:00,46.0,3.7,88.0,/dl/web/weather/ic-weather-04n.svg,Huế,-0.4903449376816406,0,-0.8124359726409468,0
2025-08-20 03:00:00+07:00,46.0,3.8,82.0,/dl/web/weather/ic-weather-04n.svg,Huế,-0.4903449376816406,0,-0.7957611698832983,0
2025-08-20 04:00:00+07:00,46.0,3.7,88.0,/dl/web/weather/ic-weather-04n.svg,Huế,-0.4903449376816406,0,-0.8124359726409468,0
2025-08-20 05:00:00+07:00,47.0,3.5,88.0,/dl/web/weather/ic-weather-04n.svg,Huế,-0.43838692790878364,0,-0.8457855781562441,0
2025-08-20 06:00:00+07:00,46.0,3.0,88.0,/dl/web/weather/ic-weather-04d.svg,Huế,-0.4903449376816406,0,-0.9291595919444873,0
2025-08-20 08:00:00+07:00,46.0,3.2,75.0,/dl/web/weather/ic-weather-04d.svg,Huế,-0.4903449376816406,0,-0.89580998642919,0
2025-08-20 10:00:00+07:00,46.0,4.8,61.0,/dl/web/weather/ic-weather-04d.svg,Huế,-0.4903449376816406,0,-0.6290131423068118,0
2025-08-20 11:00:00+07:00,46.0,6.3,61.0,/dl/web/weather/ic-weather-04d.svg,Huế,-0.4903449376816406,0,-0.37889110094208217,0
2025-08-20 12:00:00+07:00,46.0,9.6,58.0,/dl/web/weather/ic-weather-04d.svg,Huế,-0.4903449376816406,0,0.17137739006032293,0
2025-08-20 13:00:00+07:00,46.0,11.0,58.0,/dl/web/weather/ic-weather-04d.svg,Huế,-0.4903449376816406,0,0.404824628667404,0
2025-08-20 14:00:00+07:00,46.0,9.9,61.0,/dl/web/weather/ic-weather-04d.svg,Huế,-0.4903449376816406,0,0.22140179833326898,0
2025-08-20 15:00:00+07:00,46.0,8.1,63.0,/dl/web/weather/ic-weather-04d.svg,Huế,-0.4903449376816406,0,-0.07874465130440668,0
2025-08-20 16:00:00+07:00,46.0,7.2,65.0,/dl/web/weather/ic-weather-04d.svg,Huế,-0.4903449376816406,0,-0.22881787612324436,0
2025-08-20 17:00:00+07:00,46.0,6.0,71.0,/dl/web/weather/ic-weather-04d.svg,Huế,-0.4903449376816406,0,-0.4289155092150281,0
2025-08-20 18:00:00+07:00,46.0,4.6,79.0,/dl/web/weather/ic-weather-04d.svg,Huế,-0.4903449376816406,0,-0.6623627478221091,0
2025-08-20 19:00:00+07:00,46.0,4.1,82.0,/dl/web/weather/ic-weather-04n.svg,Huế,-0.4903449376816406,0,-0.7457367616103523,0
2025-08-20 20:00:00+07:00,46.0,3.6,88.0,/dl/web/weather/ic-weather-04n.svg,Huế,-0.4903449376816406,0,-0.8291107753985956,0
2025-08-20 21:00:00+07:00,46.0,3.5,89.0,/dl/web/weather/ic-weather-04n.svg,Huế,-0.4903449376816406,0,-0.8457855781562441,0
2025-08-20 22:00:00+07:00,44.0,3.3,91.0,/dl/web/weather/ic-weather-04n.svg,Huế,-0.5942609572273546,0,-0.8791351836715414,0
2025-08-20 23:00:00+07:00,44.0,2.9,91.0,/dl/web/weather/ic-weather-04n.svg,Huế,-0.5942609572273546,0,-0.9458343947021359,0
2025-08-21 00:00:00+07:00,44.0,2.7,91.0,/dl/web/weather/ic-weather-04n.svg,Huế,-0.5942609572273546,0,-0.9791840002174332,0
2025-08-21 01:00:00+07:00,44.0,2.7,91.0,/dl/web/weather/ic-weather-04n.svg,Huế,-0.5942609572273546,0,-0.9791840002174332,0
2025-08-21 02:00:00+07:00,46.0,3.4,90.0,/dl/web/weather/ic-weather-04n.svg,Huế,-0.4903449376816406,0,-0.8624603809138927,0
2025-08-21 03:00:00+07:00,46.0,3.3,82.0,/dl/web/weather/ic-weather-04n.svg,Huế,-0.4903449376816406,0,-0.8791351836715414,0
2025-08-21 04:00:00+07:00,46.0,4.7,83.0,/dl/web/weather/ic-weather-04n.svg,Huế,-0.4903449376816406,0,-0.6456879450644604,0
2025-08-21 05:00:00+07:00,46.0,2.8,84.0,/dl/web/weather/ic-weather-04n.svg,Huế,-0.4903449376816406,0,-0.9625091974597846,0
2025-08-21 06:00:00+07:00,46.0,3.1,86.0,/dl/web/weather/ic-weather-04d.svg,Huế,-0.4903449376816406,0,-0.9124847891868387,0
2025-08-21 08:00:00+07:00,46.0,2.0,75.0,/dl/web/weather/ic-weather-04d.svg,Huế,-0.4903449376816406,0,-1.0959076195209738,0
2025-08-21 10:00:00+07:00,46.0,4.9,61.0,/dl/web/weather/ic-weather-04d.svg,Huế,-0.4903449376816406,0,-0.6123383395491631,0
2025-08-21 11:00:00+07:00,46.0,7.2,56.0,/dl/web/weather/ic-weather-04d.svg,Huế,-0.4903449376816406,0,-0.22881787612324436,0
2025-08-21 12:00:00+07:00,46.0,7.9,60.0,/dl/web/weather/ic-weather-04d.svg,Huế,-0.4903449376816406,0,-0.11209425681970385,0
2025-08-21 13:00:00+07:00,44.0,9.7,60.0,/dl/web/weather/ic-weather-04d.svg,Huế,-0.5942609572273546,0,0.18805219281797153,0
2025-08-21 14:00:00+07:00,44.0,10.5,62.0,/dl/web/weather/ic-weather-04d.svg,Huế,-0.5942609572273546,0,0.32145061487916077,0
2025-08-21 15:00:00+07:00,46.0,10.8,60.0,/dl/web/weather/ic-weather-04d.svg,Huế,-0.4903449376816406,0,0.3714750231521068,0
2025-08-21 16:00:00+07:00,46.0,9.7,64.0,/dl/web/weather/ic-weather-04d.svg,Huế,-0.4903449376816406,0,0.18805219281797153,0
2025-08-21 17:00:00+07:00,46.0,7.5,67.0,/dl/web/weather/ic-weather-04d.svg,Huế,-0.4903449376816406,0,-0.17879346785029845,0
2025-08-21 18:00:00+07:00,46.0,6.1,63.0,/dl/web/weather/ic-weather-04d.svg,Huế,-0.4903449376816406,0,-0.4122407064573795,0
2025-08-21 19:00:00+07:00,46.0,6.8,74.0,/dl/web/weather/ic-weather-04n.svg,Huế,-0.4903449376816406,0,-0.295517087153839,0
2025-08-21 20:00:00+07:00,46.0,5.4,83.0,/dl/web/weather/ic-weather-04n.svg,Huế,-0.4903449376816406,0,-0.5289643257609199,0
2025-08-21 21:00:00+07:00,46.0,4.7,71.0,/dl/web/weather/ic-weather-04n.svg,Huế,-0.4903449376816406,0,-0.6456879450644604,0
2025-08-21 22:00:00+07:00,44.0,3.8,71.0,/dl/web/weather/ic-weather-04n.svg,Huế,-0.5942609572273546,0,-0.7957611698832983,0
2025-08-21 23:00:00+07:00,44.0,3.4,74.0,/dl/web/weather/ic-weather-04n.svg,Huế,-0.5942609572273546,0,-0.8624603809138927,0
2025-08-22 00:00:00+07:00,46.0,2.6,68.0,/dl/web/weather/ic-weather-04n.svg,Huế,-0.4903449376816406,0,-0.9958588029750819,0
2025-08-22 01:00:00+07:00,46.0,2.2,74.0,/dl/web/weather/ic-weather-04n.svg,Huế,-0.4903449376816406,0,-1.0625580140056765,0
2025-08-22 02:00:00+07:00,46.0,1.8,80.0,/dl/web/weather/ic-weather-04n.svg,Huế,-0.4903449376816406,0,-1.1292572250362711,0
2025-08-22 03:00:00+07:00,46.0,2.1,78.0,/dl/web/weather/ic-weather-04n.svg,Huế,-0.4903449376816406,0,-1.0792328167633252,0
2025-08-22 04:00:00+07:00,46.0,2.4,79.0,/dl/web/weather/ic-weather-04n.svg,Huế,-0.4903449376816406,0,-1.0292084084903792,0
2025-08-22 05:00:00+07:00,46.0,2.8,90.0,/dl/web/weather/ic-weather-04n.svg,Huế,-0.4903449376816406,0,-0.9625091974597846,0
2025-08-22 06:00:00+07:00,46.0,3.1,88.0,/dl/web/weather/ic-weather-04d.svg,Huế,-0.4903449376816406,0,-0.9124847891868387,0
2025-08-22 08:00:00+07:00,46.0,0.9,73.0,/dl/web/weather/ic-weather-04d.svg,Huế,-0.4903449376816406,0,-1.2793304498551088,0
2025-08-22 10:00:00+07:00,46.0,4.8,61.0,/dl/web/weather/ic-weather-04d.svg,Huế,-0.4903449376816406,0,-0.6290131423068118,0
2025-08-22 11:00:00+07:00,46.0,7.0,60.0,/dl/web/weather/ic-weather-04d.svg,Huế,-0.4903449376816406,0,-0.2621674816385417,0
2025-08-22 12:00:00+07:00,46.0,8.8,57.0,/dl/web/weather/ic-weather-04d.svg,Huế,-0.4903449376816406,0,0.037978967999133986,0
2025-08-22 13:00:00+07:00,44.0,16.6,58.0,/dl/web/weather/ic-weather-04d.svg,Huế,-0.5942609572273546,0,1.3386135830957282,0
2025-08-22 14:00:00+07:00,46.0,10.1,57.0,/dl/web/weather/ic-weather-04d.svg,Huế,-0.4903449376816406,0,0.25475140384856615,0
2025-08-22 15:00:00+07:00,46.0,8.2,58.0,/dl/web/weather/ic-weather-04d.svg,Huế,-0.4903449376816406,0,-0.062069848546758094,0
2025-08-22 16:00:00+07:00,46.0,7.1,60.0,/dl/web/weather/ic-weather-04d.svg,Huế,-0.4903449376816406,0,-0.2454926788808931,0
2025-08-22 17:00:00+07:00,46.0,6.7,65.0,/dl/web/weather/ic-weather-04d.svg,Huế,-0.4903449376816406,0,-0.31219188991148755,0
2025-08-22 18:00:00+07:00,46.0,5.3,69.0,/dl/web/weather/ic-weather-04d.svg,Huế,-0.4903449376816406,0,-0.5456391285185686,0
2025-08-22 19:00:00+07:00,46.0,4.3,79.0,/dl/web/weather/ic-weather-04n.svg,Huế,-0.4903449376816406,0,-0.712387156095055,0
2025-08-22 20:00:00+07:00,46.0,3.5,78.0,/dl/web/weather/ic-weather-04n.svg,Huế,-0.4903449376816406,0,-0.8457855781562441,0
2025-08-22 21:00:00+07:00,46.0,3.0,77.0,/dl/web/weather/ic-weather-04n.svg,Huế,-0.4903449376816406,0,-0.9291595919444873,0
2025-08-22 22:00:00+07:00,46.0,2.7,88.0,/dl/web/weather/ic-weather-04n.svg,Huế,-0.4903449376816406,0,-0.9791840002174332,0
2025-08-22 23:00:00+07:00,44.0,3.6,81.0,/dl/web/weather/ic-weather-04n.svg,Huế,-0.5942609572273546,0,-0.8291107753985956,0
2025-08-23 00:00:00+07:00,44.0,4.1,91.0,/dl/web/weather/ic-weather-04n.svg,Huế,-0.5942609572273546,0,-0.7457367616103523,0
2025-08-23 01:00:00+07:00,44.0,3.7,87.0,/dl/web/weather/ic-weather-04n.svg,Huế,-0.5942609572273546,0,-0.8124359726409468,0
2025-08-23 02:00:00+07:00,46.0,3.4,82.0,/dl/web/weather/ic-weather-01n.svg,Huế,-0.4903449376816406,0,-0.8624603809138927,0
2025-08-23 03:00:00+07:00,46.0,3.5,86.0,/dl/web/weather/ic-weather-02n.svg,Huế,-0.4903449376816406,0,-0.8457855781562441,0
2025-08-23 04:00:00+07:00,46.0,3.5,86.0,/dl/web/weather/ic-weather-03n.svg,Huế,-0.4903449376816406,0,-0.8457855781562441,0
2025-08-23 05:00:00+07:00,55.0,3.5,90.0,/dl/web/weather/ic-weather-04n.svg,Huế,-0.022722849725927835,0,-0.8457855781562441,0
2025-08-23 06:00:00+07:00,55.0,3.5,85.0,/dl/web/weather/ic-weather-04d.svg,Huế,-0.022722849725927835,0,-0.8457855781562441,0
2025-08-23 08:00:00+07:00,46.0,2.3,81.0,/dl/web/weather/ic-weather-04d.svg,Huế,-0.4903449376816406,0,-1.0458832112480279,0
2025-08-23 10:00:00+07:00,46.0,5.0,69.0,/dl/web/weather/ic-weather-03d.svg,Huế,-0.4903449376816406,0,-0.5956635367915145,0
2025-08-23 11:00:00+07:00,46.0,8.1,62.0,/dl/web/weather/ic-weather-03d.svg,Huế,-0.4903449376816406,0,-0.07874465130440668,0
2025-08-23 12:00:00+07:00,46.0,12.0,51.0,/dl/web/weather/ic-weather-03d.svg,Huế,-0.4903449376816406,0,0.5715726562438904,0
2025-08-23 13:00:00+07:00,44.0,10.3,63.0,/dl/web/weather/ic-weather-03d.svg,Huế,-0.5942609572273546,0,0.2881010093638636,0
2025-08-23 14:00:00+07:00,44.0,7.1,64.0,/dl/web/weather/ic-weather-03d.svg,Huế,-0.5942609572273546,0,-0.2454926788808931,0
2025-08-23 15:00:00+07:00,44.0,6.5,69.0,/dl/web/weather/ic-weather-03d.svg,Huế,-0.5942609572273546,0,-0.34554149542678486,0
2025-08-23 16:00:00+07:00,46.0,6.3,75.0,/dl/web/weather/ic-weather-03d.svg,Huế,-0.4903449376816406,0,-0.37889110094208217,0
2025-08-23 17:00:00+07:00,46.0,6.0,70.0,/dl/web/weather/ic-weather-03d.svg,Huế,-0.4903449376816406,0,-0.4289155092150281,0
2025-08-23 18:00:00+07:00,46.0,3.8,75.0,/dl/web/weather/ic-weather-03d.svg,Huế,-0.4903449376816406,0,-0.7957611698832983,0
2025-08-23 19:00:00+07:00,46.0,1.3,78.0,/dl/web/weather/ic-weather-04n.svg,Huế,-0.4903449376816406,0,-1.2126312388245142,0
2025-08-23 20:00:00+07:00,46.0,4.3,78.0,/dl/web/weather/ic-weather-04n.svg,Huế,-0.4903449376816406,0,-0.712387156095055,0
2025-08-23 21:00:00+07:00,46.0,5.8,81.0,/dl/web/weather/ic-weather-04n.svg,Huế,-0.4903449376816406,0,-0.4622651147303254,0
2025-08-23 22:00:00+07:00,46.0,4.1,87.0,/dl/web/weather/ic-weather-10n.svg,Huế,-0.4903449376816406,0,-0.7457367616103523,0
2025-08-23 23:00:00+07:00,44.0,3.6,93.0,/dl/web/weather/ic-weather-04n.svg,Huế,-0.5942609572273546,0,-0.8291107753985956,0
2025-08-24 00:00:00+07:00,44.0,4.2,94.0,/dl/web/weather/ic-weather-10n.svg,Huế,-0.5942609572273546,0,-0.7290619588527036,0
2025-08-24 01:00:00+07:00,44.0,4.4,95.0,/dl/web/weather/ic-weather-04n.svg,Huế,-0.5942609572273546,0,-0.6957123533374063,0
2025-08-24 02:00:00+07:00,44.0,4.9,86.0,/dl/web/weather/ic-weather-04n.svg,Huế,-0.5942609572273546,0,-0.6123383395491631,0
2025-08-24 03:00:00+07:00,46.0,4.0,88.0,/dl/web/weather/ic-weather-04n.svg,Huế,-0.4903449376816406,0,-0.762411564368001,0
2025-08-24 04:00:00+07:00,46.0,3.9,87.0,/dl/web/weather/ic-weather-04n.svg,Huế,-0.4903449376816406,0,-0.7790863671256495,0
2025-08-24 05:00:00+07:00,46.0,5.5,87.0,/dl/web/weather/ic-weather-04n.svg,Huế,-0.4903449376816406,0,-0.5122895230032712,0
2025-08-24 06:00:00+07:00,44.0,5.6,83.0,/dl/web/weather/ic-weather-04d.svg,Huế,-0.5942609572273546,0,-0.4956147202456227,0
2025-08-24 09:00:00+07:00,46.0,5.9,78.0,/dl/web/weather/ic-weather-10d.svg,Huế,-0.4903449376816406,0,-0.4455903119726767,0
2025-08-24 10:00:00+07:00,52.0,5.7,82.0,/dl/web/weather/ic-weather-04d.svg,Huế,-0.17859687904449875,0,-0.478939917487974,0
2025-08-24 11:00:00+07:00,53.0,7.8,84.0,/dl/web/weather/ic-weather-10d.svg,Huế,-0.12663886927164178,0,-0.12876905957735257,0
2025-08-24 12:00:00+07:00,49.0,10.3,78.0,/dl/web/weather/ic-weather-04d.svg,Huế,-0.3344709083630697,0,0.2881010093638636,0
2025-08-24 13:00:00+07:00,49.0,12.3,89.0,/dl/web/weather/ic-weather-04d.svg,Huế,-0.3344709083630697,0,0.6215970645168364,0
2025-08-24 14:00:00+07:00,44.0,14.3,85.0,/dl/web/weather/ic-weather-10d.svg,Huế,-0.5942609572273546,0,0.9550931196698093,0
2025-08-24 15:00:00+07:00,44.0,13.1,80.0,/dl/web/weather/ic-weather-10d.svg,Huế,-0.5942609572273546,0,0.7549954865780254,0
2025-08-24 16:00:00+07:00,44.0,12.4,89.0,/dl/web/weather/ic-weather-10d.svg,Huế,-0.5942609572273546,0,0.638271867274485,0
2025-08-24 17:00:00+07:00,44.0,10.9,91.0,/dl/web/weather/ic-weather-10d.svg,Huế,-0.5942609572273546,0,0.3881498259097554,0
2025-08-24 18:00:00+07:00,44.0,9.1,90.0,/dl/web/weather/ic-weather-10d.svg,Huế,-0.5942609572273546,0,0.08800337627207973,0
2025-08-24 19:00:00+07:00,44.0,12.4,91.0,/dl/web/weather/ic-weather-10n.svg,Huế,-0.5942609572273546,0,0.638271867274485,0
2025-08-24 20:00:00+07:00,44.0,7.9,89.0,/dl/web/weather/ic-weather-10n.svg,Huế,-0.5942609572273546,0,-0.11209425681970385,0
2025-08-24 21:00:00+07:00,44.0,8.8,86.0,/dl/web/weather/ic-weather-10n.svg,Huế,-0.5942609572273546,0,0.037978967999133986,0
2025-08-24 22:00:00+07:00,44.0,6.8,89.0,/dl/web/weather/ic-weather-10n.svg,Huế,-0.5942609572273546,0,-0.295517087153839,0
2025-08-24 23:00:00+07:00,44.0,6.9,83.0,/dl/web/weather/ic-weather-10n.svg,Huế,-0.5942609572273546,0,-0.27884228439619024,0
2025-08-25 00:00:00+07:00,46.0,7.3,87.0,/dl/web/weather/ic-weather-10n.svg,Huế,-0.4903449376816406,0,-0.2121430733655958,0
2025-08-25 01:00:00+07:00,46.0,5.9,93.0,/dl/web/weather/ic-weather-10n.svg,Huế,-0.4903449376816406,0,-0.4455903119726767,0
2025-08-25 02:00:00+07:00,43.0,5.5,86.0,/dl/web/weather/ic-weather-10n.svg,Huế,-0.6462189670002115,0,-0.5122895230032712,0
2025-08-25 03:00:00+07:00,44.0,4.6,86.0,/dl/web/weather/ic-weather-10n.svg,Huế,-0.5942609572273546,0,-0.6623627478221091,0
2025-08-25 04:00:00+07:00,44.0,4.7,96.0,/dl/web/weather/ic-weather-10n.svg,Huế,-0.5942609572273546,0,-0.6456879450644604,0
2025-08-25 05:00:00+07:00,44.0,7.6,96.0,/dl/web/weather/ic-weather-10n.svg,Huế,-0.5942609572273546,0,-0.16211866509264988,0
2025-08-25 06:00:00+07:00,44.0,5.0,85.0,/dl/web/weather/ic-weather-10d.svg,Huế,-0.5942609572273546,0,-0.5956635367915145,0
2025-08-25 09:00:00+07:00,44.0,6.6,90.0,/dl/web/weather/ic-weather-10d.svg,Huế,-0.5942609572273546,0,-0.3288666926691363,0
2025-08-25 10:00:00+07:00,46.0,4.8,89.0,/dl/web/weather/ic-weather-10d.svg,Huế,-0.4903449376816406,0,-0.6290131423068118,0
2025-08-25 11:00:00+07:00,46.0,4.9,84.0,/dl/web/weather/ic-weather-10d.svg,Huế,-0.4903449376816406,0,-0.6123383395491631,0
2025-08-25 12:00:00+07:00,44.0,5.0,84.0,/dl/web/weather/ic-weather-10d.svg,Huế,-0.5942609572273546,0,-0.5956635367915145,0
2025-08-25 13:00:00+07:00,44.0,6.3,81.0,/dl/web/weather/ic-weather-04d.svg,Huế,-0.5942609572273546,0,-0.37889110094208217,0
2025-08-25 14:00:00+07:00,44.0,5.1,76.0,/dl/web/weather/ic-weather-04d.svg,Huế,-0.5942609572273546,0,-0.5789887340338659,0
2025-08-25 15:00:00+07:00,44.0,6.7,75.0,/dl/web/weather/ic-weather-10d.svg,Huế,-0.5942609572273546,0,-0.31219188991148755,0
2025-08-25 16:00:00+07:00,44.0,5.4,79.0,/dl/web/weather/ic-weather-10d.svg,Huế,-0.5942609572273546,0,-0.5289643257609199,0
2025-08-25 17:00:00+07:00,44.0,5.0,75.0,/dl/web/weather/ic-weather-10d.svg,Huế,-0.5942609572273546,0,-0.5956635367915145,0
2025-08-25 18:00:00+07:00,46.0,4.5,83.0,/dl/web/weather/ic-weather-04d.svg,Huế,-0.4903449376816406,0,-0.6790375505797577,0
2025-08-25 19:00:00+07:00,46.0,3.4,78.0,/dl/web/weather/ic-weather-04n.svg,Huế,-0.4903449376816406,0,-0.8624603809138927,0
2025-08-25 20:00:00+07:00,47.0,4.1,85.0,/dl/web/weather/ic-weather-04n.svg,Huế,-0.43838692790878364,0,-0.7457367616103523,0
2025-08-25 21:00:00+07:00,46.0,4.6,86.0,/dl/web/weather/ic-weather-04n.svg,Huế,-0.4903449376816406,0,-0.6623627478221091,0
2025-08-25 22:00:00+07:00,46.0,3.9,91.0,/dl/web/weather/ic-weather-04n.svg,Huế,-0.4903449376816406,0,-0.7790863671256495,0
2025-08-25 23:00:00+07:00,46.0,4.5,83.0,/dl/web/weather/ic-weather-04n.svg,Huế,-0.4903449376816406,0,-0.6790375505797577,0
2025-08-26 00:00:00+07:00,44.0,4.3,78.0,/dl/web/weather/ic-weather-04n.svg,Huế,-0.5942609572273546,0,-0.712387156095055,0
2025-08-26 01:00:00+07:00,46.0,6.3,77.0,/dl/web/weather/ic-weather-04n.svg,Huế,-0.4903449376816406,0,-0.37889110094208217,0
2025-08-26 02:00:00+07:00,46.0,3.7,70.0,/dl/web/weather/ic-weather-04n.svg,Huế,-0.4903449376816406,0,-0.8124359726409468,0
2025-08-26 03:00:00+07:00,46.0,3.6,72.0,/dl/web/weather/ic-weather-04n.svg,Huế,-0.4903449376816406,0,-0.8291107753985956,0
2025-08-26 04:00:00+07:00,46.0,3.2,79.0,/dl/web/weather/ic-weather-04n.svg,Huế,-0.4903449376816406,0,-0.89580998642919,0
2025-08-26 05:00:00+07:00,46.0,2.4,79.0,/dl/web/weather/ic-weather-04n.svg,Huế,-0.4903449376816406,0,-1.0292084084903792,0
2025-08-26 06:00:00+07:00,46.0,4.0,74.0,/dl/web/weather/ic-weather-04d.svg,Huế,-0.4903449376816406,0,-0.762411564368001,0
2025-08-26 09:00:00+07:00,47.0,4.3,84.0,/dl/web/weather/ic-weather-04d.svg,Huế,-0.43838692790878364,0,-0.712387156095055,0
2025-08-26 10:00:00+07:00,47.0,3.8,76.0,/dl/web/weather/ic-weather-04d.svg,Huế,-0.43838692790878364,0,-0.7957611698832983,0
2025-08-26 11:00:00+07:00,47.0,4.1,70.0,/dl/web/weather/ic-weather-04d.svg,Huế,-0.43838692790878364,0,-0.7457367616103523,0
2025-08-26 12:00:00+07:00,46.0,4.2,67.0,/dl/web/weather/ic-weather-04d.svg,Huế,-0.4903449376816406,0,-0.7290619588527036,0
2025-08-26 13:00:00+07:00,44.0,1.9,65.0,/dl/web/weather/ic-weather-04d.svg,Huế,-0.5942609572273546,0,-1.1125824222786223,0
2025-08-26 14:00:00+07:00,44.0,4.4,65.0,/dl/web/weather/ic-weather-04d.svg,Huế,-0.5942609572273546,0,-0.6957123533374063,0
2025-08-26 15:00:00+07:00,46.0,5.7,66.0,/dl/web/weather/ic-weather-04d.svg,Huế,-0.4903449376816406,0,-0.478939917487974,0
2025-08-26 16:00:00+07:00,47.0,5.2,71.0,/dl/web/weather/ic-weather-04d.svg,Huế,-0.43838692790878364,0,-0.5623139312762172,0
2025-08-26 17:00:00+07:00,47.0,3.5,78.0,/dl/web/weather/ic-weather-04d.svg,Huế,-0.43838692790878364,0,-0.8457855781562441,0
2025-08-26 18:00:00+07:00,47.0,3.1,76.0,/dl/web/weather/ic-weather-04d.svg,Huế,-0.43838692790878364,0,-0.9124847891868387,0
2025-08-26 19:00:00+07:00,47.0,1.5,84.0,/dl/web/weather/ic-weather-04n.svg,Huế,-0.43838692790878364,0,-1.1792816333092169,0
2025-08-26 20:00:00+07:00,47.0,2.8,89.0,/dl/web/weather/ic-weather-04n.svg,Huế,-0.43838692790878364,0,-0.9625091974597846,0
2025-08-26 21:00:00+07:00,47.0,3.1,86.0,/dl/web/weather/ic-weather-04n.svg,Huế,-0.43838692790878364,0,-0.9124847891868387,0
2025-08-26 22:00:00+07:00,46.0,3.8,95.0,/dl/web/weather/ic-weather-10n.svg,Huế,-0.4903449376816406,0,-0.7957611698832983,0
2025-08-26 23:00:00+07:00,46.0,4.0,95.0,/dl/web/weather/ic-weather-10n.svg,Huế,-0.4903449376816406,0,-0.762411564368001,0
2025-08-27 00:00:00+07:00,46.0,4.0,95.0,/dl/web/weather/ic-weather-10n.svg,Huế,-0.4903449376816406,0,-0.762411564368001,0
2025-08-27 01:00:00+07:00,46.0,4.1,95.0,/dl/web/weather/ic-weather-10n.svg,Huế,-0.4903449376816406,0,-0.7457367616103523,0
2025-08-27 02:00:00+07:00,47.0,3.1,93.0,/dl/web/weather/ic-weather-10n.svg,Huế,-0.43838692790878364,0,-0.9124847891868387,0
2025-08-27 03:00:00+07:00,47.0,4.1,91.0,/dl/web/weather/ic-weather-10n.svg,Huế,-0.43838692790878364,0,-0.7457367616103523,0
2025-08-27 04:00:00+07:00,47.0,4.1,90.0,/dl/web/weather/ic-weather-04n.svg,Huế,-0.43838692790878364,0,-0.7457367616103523,0
2025-08-27 05:00:00+07:00,47.0,3.9,94.0,/dl/web/weather/ic-weather-04n.svg,Huế,-0.43838692790878364,0,-0.7790863671256495,0
2025-08-27 06:00:00+07:00,47.0,3.4,92.0,/dl/web/weather/ic-weather-04d.svg,Huế,-0.43838692790878364,0,-0.8624603809138927,0
2025-08-27 08:00:00+07:00,47.0,1.7,91.0,/dl/web/weather/ic-weather-04d.svg,Huế,-0.43838692790878364,0,-1.1459320277939196,0
2025-08-27 10:00:00+07:00,47.0,1.2,80.0,/dl/web/weather/ic-weather-04d.svg,Huế,-0.43838692790878364,0,-1.2293060415821628,0
2025-08-27 11:00:00+07:00,49.0,2.7,78.0,/dl/web/weather/ic-weather-04d.svg,Huế,-0.3344709083630697,0,-0.9791840002174332,0
2025-08-27 12:00:00+07:00,47.0,4.9,76.0,/dl/web/weather/ic-weather-04d.svg,Huế,-0.43838692790878364,0,-0.6123383395491631,0
2025-08-27 13:00:00+07:00,46.0,7.8,69.0,/dl/web/weather/ic-weather-04d.svg,Huế,-0.4903449376816406,0,-0.12876905957735257,0
2025-08-27 14:00:00+07:00,46.0,8.5,61.0,/dl/web/weather/ic-weather-04d.svg,Huế,-0.4903449376816406,0,-0.012045440273812056,0
2025-08-27 15:00:00+07:00,47.0,7.7,73.0,/dl/web/weather/ic-weather-10d.svg,Huế,-0.43838692790878364,0,-0.14544386233500115,0
2025-08-27 16:00:00+07:00,47.0,5.3,64.0,/dl/web/weather/ic-weather-04d.svg,Huế,-0.43838692790878364,0,-0.5456391285185686,0
2025-08-27 17:00:00+07:00,47.0,3.5,75.0,/dl/web/weather/ic-weather-04d.svg,Huế,-0.43838692790878364,0,-0.8457855781562441,0
2025-08-27 18:00:00+07:00,47.0,2.1,83.0,/dl/web/weather/ic-weather-04d.svg,Huế,-0.43838692790878364,0,-1.0792328167633252,0
2025-08-27 19:00:00+07:00,47.0,1.6,86.0,/dl/web/weather/ic-weather-04n.svg,Huế,-0.43838692790878364,0,-1.1626068305515684,0
2025-08-27 20:00:00+07:00,47.0,1.5,85.0,/dl/web/weather/ic-weather-04n.svg,Huế,-0.43838692790878364,0,-1.1792816333092169,0
2025-08-27 21:00:00+07:00,47.0,3.8,93.0,/dl/web/weather/ic-weather-04n.svg,Huế,-0.43838692790878364,0,-0.7957611698832983,0
2025-08-27 22:00:00+07:00,47.0,5.4,96.0,/dl/web/weather/ic-weather-04n.svg,Huế,-0.43838692790878364,0,-0.5289643257609199,0
2025-08-27 23:00:00+07:00,47.0,6.6,87.0,/dl/web/weather/ic-weather-04n.svg,Huế,-0.43838692790878364,0,-0.3288666926691363,0
2025-08-28 00:00:00+07:00,46.0,8.2,98.0,/dl/web/weather/ic-weather-04n.svg,Huế,-0.4903449376816406,0,-0.062069848546758094,0
2025-08-28 01:00:00+07:00,46.0,8.5,89.0,/dl/web/weather/ic-weather-04n.svg,Huế,-0.4903449376816406,0,-0.012045440273812056,0
2025-08-28 02:00:00+07:00,47.0,6.3,93.0,/dl/web/weather/ic-weather-04n.svg,Huế,-0.43838692790878364,0,-0.37889110094208217,0
2025-08-28 03:00:00+07:00,47.0,5.0,91.0,/dl/web/weather/ic-weather-04n.svg,Huế,-0.43838692790878364,0,-0.5956635367915145,0
2025-08-28 04:00:00+07:00,47.0,4.2,96.0,/dl/web/weather/ic-weather-04n.svg,Huế,-0.43838692790878364,0,-0.7290619588527036,0
2025-08-28 05:00:00+07:00,47.0,3.6,90.0,/dl/web/weather/ic-weather-04n.svg,Huế,-0.43838692790878364,0,-0.8291107753985956,0
2025-08-28 06:00:00+07:00,46.0,3.5,90.0,/dl/web/weather/ic-weather-04d.svg,Huế,-0.4903449376816406,0,-0.8457855781562441,0
2025-08-28 08:00:00+07:00,47.0,2.2,80.0,/dl/web/weather/ic-weather-04d.svg,Huế,-0.43838692790878364,0,-1.0625580140056765,0
2025-08-28 11:00:00+07:00,47.0,6.6,59.0,/dl/web/weather/ic-weather-03d.svg,Huế,-0.43838692790878364,0,-0.3288666926691363,0
2025-08-28 12:00:00+07:00,47.0,9.6,65.0,/dl/web/weather/ic-weather-03d.svg,Huế,-0.43838692790878364,0,0.17137739006032293,0
2025-08-28 13:00:00+07:00,44.0,8.1,79.0,/dl/web/weather/ic-weather-03d.svg,Huế,-0.5942609572273546,0,-0.07874465130440668,0
2025-08-28 14:00:00+07:00,44.0,7.2,69.0,/dl/web/weather/ic-weather-02d.svg,Huế,-0.5942609572273546,0,-0.22881787612324436,0
2025-08-28 15:00:00+07:00,44.0,5.9,78.0,/dl/web/weather/ic-weather-03d.svg,Huế,-0.5942609572273546,0,-0.4455903119726767,0
2025-08-28 16:00:00+07:00,47.0,4.5,69.0,/dl/web/weather/ic-weather-04d.svg,Huế,-0.43838692790878364,0,-0.6790375505797577,0
2025-08-28 17:00:00+07:00,47.0,3.6,77.0,/dl/web/weather/ic-weather-04d.svg,Huế,-0.43838692790878364,0,-0.8291107753985956,0
2025-08-28 18:00:00+07:00,47.0,3.8,81.0,/dl/web/weather/ic-weather-04d.svg,Huế,-0.43838692790878364,0,-0.7957611698832983,0
2025-08-28 19:00:00+07:00,47.0,2.1,85.0,/dl/web/weather/ic-weather-03n.svg,Huế,-0.43838692790878364,0,-1.0792328167633252,0
2025-08-28 20:00:00+07:00,47.0,3.7,84.0,/dl/web/weather/ic-weather-04n.svg,Huế,-0.43838692790878364,0,-0.8124359726409468,0
2025-08-28 21:00:00+07:00,47.0,4.5,85.0,/dl/web/weather/ic-weather-04n.svg,Huế,-0.43838692790878364,0,-0.6790375505797577,0
2025-08-28 22:00:00+07:00,47.0,4.1,90.0,/dl/web/weather/ic-weather-04n.svg,Huế,-0.43838692790878364,0,-0.7457367616103523,0
2025-08-28 23:00:00+07:00,46.0,3.9,93.0,/dl/web/weather/ic-weather-04n.svg,Huế,-0.4903449376816406,0,-0.7790863671256495,0
2025-08-29 00:00:00+07:00,46.0,4.7,90.0,/dl/web/weather/ic-weather-04n.svg,Huế,-0.4903449376816406,0,-0.6456879450644604,0
2025-08-29 01:00:00+07:00,47.0,4.5,92.0,/dl/web/weather/ic-weather-04n.svg,Huế,-0.43838692790878364,0,-0.6790375505797577,0
2025-08-29 02:00:00+07:00,47.0,4.9,95.0,/dl/web/weather/ic-weather-02n.svg,Huế,-0.43838692790878364,0,-0.6123383395491631,0
2025-08-29 03:00:00+07:00,47.0,4.0,96.0,/dl/web/weather/ic-weather-03n.svg,Huế,-0.43838692790878364,0,-0.762411564368001,0
2025-08-29 04:00:00+07:00,49.0,4.7,96.0,/dl/web/weather/ic-weather-04n.svg,Huế,-0.3344709083630697,0,-0.6456879450644604,0
2025-08-29 05:00:00+07:00,47.0,4.5,88.0,/dl/web/weather/ic-weather-04n.svg,Huế,-0.43838692790878364,0,-0.6790375505797577,0
2025-08-29 06:00:00+07:00,47.0,3.6,86.0,/dl/web/weather/ic-weather-10d.svg,Huế,-0.43838692790878364,0,-0.8291107753985956,0
2025-08-29 08:00:00+07:00,46.0,5.3,81.0,/dl/web/weather/ic-weather-10d.svg,Huế,-0.4903449376816406,0,-0.5456391285185686,0
2025-08-29 10:00:00+07:00,49.0,5.5,92.0,/dl/web/weather/ic-weather-10d.svg,Huế,-0.3344709083630697,0,-0.5122895230032712,0
2025-08-29 11:00:00+07:00,49.0,5.6,94.0,/dl/web/weather/ic-weather-10d.svg,Huế,-0.3344709083630697,0,-0.4956147202456227,0
2025-08-29 12:00:00+07:00,49.0,5.8,93.0,/dl/web/weather/ic-weather-10d.svg,Huế,-0.3344709083630697,0,-0.4622651147303254,0
2025-08-29 13:00:00+07:00,47.0,7.9,88.0,/dl/web/weather/ic-weather-10d.svg,Huế,-0.43838692790878364,0,-0.11209425681970385,0
2025-08-29 14:00:00+07:00,47.0,8.0,82.0,/dl/web/weather/ic-weather-10d.svg,Huế,-0.43838692790878364,0,-0.09541945406205526,0
2025-08-29 15:00:00+07:00,47.0,7.4,85.0,/dl/web/weather/ic-weather-10d.svg,Huế,-0.43838692790878364,0,-0.19546827060794705,0
2025-08-29 16:00:00+07:00,47.0,6.7,91.0,/dl/web/weather/ic-weather-10d.svg,Huế,-0.43838692790878364,0,-0.31219188991148755,0
2025-08-29 17:00:00+07:00,49.0,6.4,95.0,/dl/web/weather/ic-weather-10d.svg,Huế,-0.3344709083630697,0,-0.36221629818443346,0
2025-08-29 18:00:00+07:00,49.0,6.7,98.0,/dl/web/weather/ic-weather-10d.svg,Huế,-0.3344709083630697,0,-0.31219188991148755,0
2025-08-29 19:00:00+07:00,47.0,7.3,96.0,/dl/web/weather/ic-weather-10n.svg,Huế,-0.43838692790878364,0,-0.2121430733655958,0
2025-08-29 20:00:00+07:00,47.0,5.3,94.0,/dl/web/weather/ic-weather-10n.svg,Huế,-0.43838692790878364,0,-0.5456391285185686,0
2025-08-29 21:00:00+07:00,47.0,6.5,95.0,/dl/web/weather/ic-weather-10n.svg,Huế,-0.43838692790878364,0,-0.34554149542678486,0
2025-08-29 22:00:00+07:00,47.0,6.5,95.0,/dl/web/weather/ic-weather-10n.svg,Huế,-0.43838692790878364,0,-0.34554149542678486,0
2025-08-29 23:00:00+07:00,47.0,7.0,96.0,/dl/web/weather/ic-weather-10n.svg,Huế,-0.43838692790878364,0,-0.2621674816385417,0
2025-08-30 00:00:00+07:00,46.0,4.3,99.0,/dl/web/weather/ic-weather-10n.svg,Huế,-0.4903449376816406,0,-0.712387156095055,0
2025-08-30 01:00:00+07:00,46.0,10.5,99.0,/dl/web/weather/ic-weather-10n.svg,Huế,-0.4903449376816406,0,0.32145061487916077,0
2025-08-30 02:00:00+07:00,47.0,5.7,98.0,/dl/web/weather/ic-weather-10n.svg,Huế,-0.43838692790878364,0,-0.478939917487974,0
2025-08-30 03:00:00+07:00,47.0,6.6,98.0,/dl/web/weather/ic-weather-10n.svg,Huế,-0.43838692790878364,0,-0.3288666926691363,0
2025-08-30 04:00:00+07:00,49.0,3.9,99.0,/dl/web/weather/ic-weather-10n.svg,Huế,-0.3344709083630697,0,-0.7790863671256495,0
2025-08-30 05:00:00+07:00,49.0,6.6,99.0,/dl/web/weather/ic-weather-10n.svg,Huế,-0.3344709083630697,0,-0.3288666926691363,0
2025-08-30 06:00:00+07:00,47.0,6.8,100.0,/dl/web/weather/ic-weather-10d.svg,Huế,-0.43838692790878364,0,-0.295517087153839,0
2025-08-30 08:00:00+07:00,47.0,3.3,99.0,/dl/web/weather/ic-weather-10d.svg,Huế,-0.43838692790878364,0,-0.8791351836715414,0
2025-08-30 10:00:00+07:00,49.0,4.15,94.5,/dl/web/weather/ic-weather-10d.svg,Huế,-0.3344709083630697,0,-0.7373993602315279,0
2025-08-30 11:00:00+07:00,49.0,3.6,92.0,/dl/web/weather/ic-weather-04d.svg,Huế,-0.3344709083630697,0,-0.8291107753985956,0
2025-08-30 12:00:00+07:00,49.0,6.3,82.0,/dl/web/weather/ic-weather-04d.svg,Huế,-0.3344709083630697,0,-0.37889110094208217,0
2025-08-30 13:00:00+07:00,49.0,2.2,84.0,/dl/web/weather/ic-weather-04d.svg,Huế,-0.3344709083630697,0,-1.0625580140056765,0
2025-08-30 14:00:00+07:00,47.0,3.8,89.0,/dl/web/weather/ic-weather-04d.svg,Huế,-0.43838692790878364,0,-0.7957611698832983,0
2025-08-30 15:00:00+07:00,47.0,2.7,75.0,/dl/web/weather/ic-weather-04d.svg,Huế,-0.43838692790878364,0,-0.9791840002174332,0
2025-08-30 16:00:00+07:00,47.0,2.8,78.0,/dl/web/weather/ic-weather-04d.svg,Huế,-0.43838692790878364,0,-0.9625091974597846,0
2025-08-30 17:00:00+07:00,49.0,2.6,85.0,/dl/web/weather/ic-weather-04d.svg,Huế,-0.3344709083630697,0,-0.9958588029750819,0
2025-08-30 18:00:00+07:00,49.0,2.4,90.0,/dl/web/weather/ic-weather-04d.svg,Huế,-0.3344709083630697,0,-1.0292084084903792,0
2025-08-30 19:00:00+07:00,50.0,1.0,93.0,/dl/web/weather/ic-weather-04n.svg,Huế,-0.2825128985902127,0,-1.2626556470974601,0
2025-08-30 20:00:00+07:00,49.0,1.9,93.0,/dl/web/weather/ic-weather-04n.svg,Huế,-0.3344709083630697,0,-1.1125824222786223,0
2025-08-30 21:00:00+07:00,49.0,2.5,94.0,/dl/web/weather/ic-weather-04n.svg,Huế,-0.3344709083630697,0,-1.0125336057327305,0
2025-08-30 22:00:00+07:00,47.0,3.4,94.0,/dl/web/weather/ic-weather-04n.svg,Huế,-0.43838692790878364,0,-0.8624603809138927,0
2025-08-30 23:00:00+07:00,47.0,3.8,96.0,/dl/web/weather/ic-weather-04n.svg,Huế,-0.43838692790878364,0,-0.7957611698832983,0
2025-08-31 00:00:00+07:00,47.0,3.2,94.0,/dl/web/weather/ic-weather-04n.svg,Huế,-0.43838692790878364,0,-0.89580998642919,0
2025-08-31 01:00:00+07:00,49.0,3.3,94.0,/dl/web/weather/ic-weather-04n.svg,Huế,-0.3344709083630697,0,-0.8791351836715414,0
2025-08-31 02:00:00+07:00,49.0,3.0,98.0,/dl/web/weather/ic-weather-04n.svg,Huế,-0.3344709083630697,0,-0.9291595919444873,0
2025-08-31 03:00:00+07:00,49.0,2.9,98.0,/dl/web/weather/ic-weather-04n.svg,Huế,-0.3344709083630697,0,-0.9458343947021359,0
2025-08-31 04:00:00+07:00,49.0,3.2,94.0,/dl/web/weather/ic-weather-04n.svg,Huế,-0.3344709083630697,0,-0.89580998642919,0
2025-08-31 05:00:00+07:00,49.0,3.3,94.0,/dl/web/weather/ic-weather-04n.svg,Huế,-0.3344709083630697,0,-0.8791351836715414,0
2025-08-31 06:00:00+07:00,47.0,2.8,92.0,/dl/web/weather/ic-weather-04d.svg,Huế,-0.43838692790878364,0,-0.9625091974597846,0
2025-08-31 09:00:00+07:00,49.0,2.9,90.0,/dl/web/weather/ic-weather-04d.svg,Huế,-0.3344709083630697,0,-0.9458343947021359,0
2025-08-31 10:00:00+07:00,49.0,4.7,83.0,/dl/web/weather/ic-weather-04d.svg,Huế,-0.3344709083630697,0,-0.6456879450644604,0
2025-08-31 11:00:00+07:00,49.0,6.3,78.0,/dl/web/weather/ic-weather-04d.svg,Huế,-0.3344709083630697,0,-0.37889110094208217,0
2025-08-31 12:00:00+07:00,47.0,7.4,77.0,/dl/web/weather/ic-weather-04d.svg,Huế,-0.43838692790878364,0,-0.19546827060794705,0
2025-08-31 13:00:00+07:00,47.0,6.4,74.0,/dl/web/weather/ic-weather-10d.svg,Huế,-0.43838692790878364,0,-0.36221629818443346,0
2025-08-31 14:00:00+07:00,46.0,6.0,75.0,/dl/web/weather/ic-weather-04d.svg,Huế,-0.4903449376816406,0,-0.4289155092150281,0
2025-08-31 15:00:00+07:00,46.0,4.8,74.0,/dl/web/weather/ic-weather-10d.svg,Huế,-0.4903449376816406,0,-0.6290131423068118,0
2025-08-31 16:00:00+07:00,49.0,5.2,75.0,/dl/web/weather/ic-weather-10d.svg,Huế,-0.3344709083630697,0,-0.5623139312762172,0
2025-08-31 17:00:00+07:00,49.0,4.2,80.0,/dl/web/weather/ic-weather-10d.svg,Huế,-0.3344709083630697,0,-0.7290619588527036,0
2025-08-31 18:00:00+07:00,47.0,2.6,84.0,/dl/web/weather/ic-weather-04d.svg,Huế,-0.43838692790878364,0,-0.9958588029750819,0
2025-08-31 19:00:00+07:00,47.0,1.8,87.0,/dl/web/weather/ic-weather-04n.svg,Huế,-0.43838692790878364,0,-1.1292572250362711,0
2025-08-31 20:00:00+07:00,49.0,2.9,93.0,/dl/web/weather/ic-weather-03n.svg,Huế,-0.3344709083630697,0,-0.9458343947021359,0
2025-08-31 21:00:00+07:00,49.0,3.0,90.0,/dl/web/weather/ic-weather-04n.svg,Huế,-0.3344709083630697,0,-0.9291595919444873,0
2025-08-31 22:00:00+07:00,47.0,3.6,96.0,/dl/web/weather/ic-weather-04n.svg,Huế,-0.43838692790878364,0,-0.8291107753985956,0
2025-08-31 23:00:00+07:00,46.0,3.5,95.0,/dl/web/weather/ic-weather-04n.svg,Huế,-0.4903449376816406,0,-0.8457855781562441,0
2025-09-01 00:00:00+07:00,46.0,3.7,95.0,/dl/web/weather/ic-weather-04n.svg,Huế,-0.4903449376816406,0,-0.8124359726409468,0
2025-09-01 01:00:00+07:00,46.0,4.0,93.0,/dl/web/weather/ic-weather-04n.svg,Huế,-0.4903449376816406,0,-0.762411564368001,0
